# Blender 4.0.0
# www.blender.org
o Window057
v -0.616151 0.020243 0.408342
v -0.586326 0.020374 0.381451
v -0.583666 0.015358 0.379055
v -0.594431 0.015325 0.388758
v -0.595086 0.015926 0.389349
v -0.595763 0.016366 0.389923
v -0.595733 0.016273 0.389932
v -0.596684 0.016390 0.390790
v -0.596748 0.016484 0.390811
v -0.597609 0.016120 0.391587
v -0.597489 0.016024 0.391530
v -0.597758 0.014981 0.391774
v -0.597597 0.013288 0.391577
v -0.597469 0.013303 0.391509
v -0.596568 0.011060 0.390702
v -0.595311 0.008296 0.389553
v -0.595314 -0.020341 0.389556
v -0.616107 -0.020364 0.408301
v -0.616051 0.020286 0.408362
v -0.615921 -0.020419 0.408245
v -0.595170 0.008294 0.389531
v -0.596554 0.016359 0.390783
v -0.595614 0.016243 0.389936
v -0.594974 0.015898 0.389359
v -0.594197 0.015277 0.388658
v -0.586290 0.020419 0.381529
v -0.616113 0.020364 0.408307
v -0.586394 0.020277 0.381476
v -0.594452 0.015420 0.388741
v -0.583779 0.015308 0.379155
v -0.595419 0.008268 0.389613
v -0.595429 -0.020271 0.389622
v -0.595424 -0.020388 0.389654
v -0.616020 0.020386 0.408335
v -0.595161 -0.020376 0.389537
v -0.595280 -0.020419 0.389635
v -0.594325 0.015304 0.388773
v -0.583508 0.015309 0.379022
v -0.583595 0.015277 0.379100
v -0.586174 0.020382 0.381420
v -0.583525 0.015407 0.379037
v -0.615928 0.020419 0.408251
v -0.616100 -0.020256 0.408260
v -0.616144 -0.020254 0.408341
v -0.616013 -0.020386 0.408329
v -0.616101 -0.020254 -0.408259
v -0.616113 0.020364 -0.408307
v -0.586306 0.020353 -0.381433
v -0.583779 0.015308 -0.379155
v -0.594431 0.015325 -0.388758
v -0.594452 0.015421 -0.388740
v -0.595086 0.015926 -0.389339
v -0.595763 0.016366 -0.389923
v -0.595732 0.016273 -0.389932
v -0.595434 0.016403 -0.389626
v -0.596684 0.016390 -0.390791
v -0.596748 0.016487 -0.390811
v -0.597896 0.015022 -0.391846
v -0.597597 0.013288 -0.391577
v -0.597637 0.013036 -0.391612
v -0.596703 0.011017 -0.390771
v -0.595426 0.008288 -0.389620
v -0.595312 0.008296 -0.389553
v -0.595410 0.008136 -0.389604
v -0.595425 -0.020388 -0.389655
v -0.616051 0.020287 -0.408362
v -0.616142 -0.020256 -0.408342
v -0.615921 -0.020419 -0.408245
v -0.595280 -0.020419 -0.389634
v -0.595170 0.008294 -0.389531
v -0.596568 0.011060 -0.390702
v -0.597461 0.013289 -0.391504
v -0.597768 0.014983 -0.391778
v -0.597485 0.016031 -0.391526
v -0.596554 0.016359 -0.390783
v -0.595614 0.016243 -0.389936
v -0.594974 0.015898 -0.389359
v -0.594325 0.015304 -0.388773
v -0.594197 0.015277 -0.388658
v -0.583596 0.015277 -0.379100
v -0.583525 0.015407 -0.379037
v -0.586174 0.020382 -0.381420
v -0.586290 0.020419 -0.381529
v -0.615928 0.020419 -0.408251
v -0.616151 0.020243 -0.408342
v -0.586416 0.020388 -0.381533
v -0.583666 0.015358 -0.379055
v -0.595314 -0.020341 -0.389557
v -0.616020 0.020386 -0.408335
v -0.595160 -0.020376 -0.389537
v -0.583508 0.015309 -0.379021
v -0.616107 -0.020364 -0.408301
v -0.616013 -0.020386 -0.408329
v -0.616144 -0.020364 0.408263
v -0.595354 -0.020340 0.389515
v -0.597550 0.016040 0.391497
v -0.595771 0.016273 0.389893
v -0.583706 0.015358 0.379013
v -0.595748 0.016490 0.389909
v -0.616174 -0.020386 0.408179
v -0.595336 -0.020374 0.389391
v -0.597516 0.013305 0.391450
v -0.597532 0.016014 0.391370
v -0.595775 0.016243 0.389786
v -0.583669 0.015309 0.378871
v -0.595463 -0.020388 0.389615
v -0.595350 0.008296 0.389513
v -0.594469 0.015325 0.388719
v -0.583817 0.015308 0.379115
v -0.586343 0.020353 0.381394
v -0.616152 0.020364 0.408268
v -0.595441 -0.020419 0.389484
v -0.594491 0.015306 0.388626
v -0.583756 0.015277 0.378950
v -0.586277 0.020311 0.381222
v -0.616089 0.020419 0.408101
v -0.616183 -0.020243 0.408297
v -0.616206 -0.020286 0.408206
v -0.595102 0.016017 0.389326
v -0.596746 0.016484 0.390808
v -0.597896 0.015021 0.391846
v -0.596702 0.011015 0.390770
v -0.596646 0.011106 0.390668
v -0.596722 0.016390 0.390751
v -0.595124 0.015926 0.389310
v -0.596778 0.016608 0.390838
v -0.595761 0.016366 0.389920
v -0.616181 0.020386 0.408184
v -0.597817 0.014983 0.391727
v -0.596715 0.016359 0.390633
v -0.595135 0.015898 0.389209
v -0.616189 0.020243 0.408302
v -0.586455 0.020388 0.381494
v -0.616107 0.020261 0.408265
v -0.583839 0.015428 0.379172
v -0.616212 0.020286 0.408213
v -0.595326 0.008300 0.389377
v -0.594358 0.015277 0.388508
v -0.583686 0.015406 0.378885
v -0.586364 0.020404 0.381302
v -0.616082 -0.020419 0.408095
v -0.616152 0.020364 -0.408267
v -0.597519 0.013304 -0.391457
v -0.597542 0.016030 -0.391478
v -0.595771 0.016273 -0.389892
v -0.586343 0.020353 -0.381393
v -0.616181 0.020386 -0.408184
v -0.616189 0.020243 -0.408302
v -0.595353 -0.020340 -0.389515
v -0.595350 0.008295 -0.389513
v -0.594469 0.015325 -0.388718
v -0.583706 0.015358 -0.379012
v -0.586455 0.020388 -0.381492
v -0.616212 0.020287 -0.408211
v -0.595317 -0.020286 -0.389372
v -0.594358 0.015277 -0.388507
v -0.583686 0.015407 -0.378886
v -0.586450 0.020419 -0.381378
v -0.616144 -0.020364 -0.408262
v -0.616082 -0.020419 -0.408094
v -0.596715 0.016359 -0.390633
v -0.595134 0.015898 -0.389208
v -0.616174 -0.020386 -0.408178
v -0.595348 -0.020386 -0.389400
v -0.595327 0.008302 -0.389385
v -0.595775 0.016243 -0.389785
v -0.583669 0.015310 -0.378870
v -0.586327 0.020378 -0.381276
v -0.596621 0.010987 -0.390679
v -0.597813 0.014981 -0.391717
v -0.596722 0.016390 -0.390750
v -0.595114 0.015927 -0.389310
v -0.616105 0.020260 -0.408264
v -0.586395 0.020276 -0.381476
v -0.583840 0.015429 -0.379172
v -0.595761 0.016366 -0.389919
v -0.597610 0.016121 -0.391588
v -0.597595 0.013288 -0.391573
v -0.595424 0.008287 -0.389616
v -0.595430 -0.020270 -0.389622
v -0.596612 0.011057 -0.390540
v -0.595463 -0.020388 -0.389614
v -0.583817 0.015308 -0.379115
v -0.595440 -0.020419 -0.389484
v -0.594485 0.015304 -0.388623
v -0.583756 0.015277 -0.378949
v -0.616089 0.020419 -0.408101
v -0.616183 -0.020243 -0.408296
v -0.616205 -0.020287 -0.408205
v 0.616101 -0.020255 0.408260
v 0.616144 -0.020243 0.408336
v 0.616113 0.020364 0.408307
v 0.586306 0.020353 0.381433
v 0.583838 0.015428 0.379171
v 0.583779 0.015308 0.379155
v 0.595101 0.016017 0.389326
v 0.594430 0.015325 0.388758
v 0.595732 0.016273 0.389932
v 0.595763 0.016366 0.389923
v 0.596748 0.016484 0.390811
v 0.596684 0.016390 0.390790
v 0.597896 0.015021 0.391846
v 0.596702 0.011017 0.390770
v 0.595312 0.008296 0.389553
v 0.595424 -0.020388 0.389655
v 0.616044 -0.020286 0.408357
v 0.615921 -0.020419 0.408245
v 0.595280 -0.020419 0.389635
v 0.596577 0.011057 0.390705
v 0.595158 0.008296 0.389530
v 0.597461 0.013305 0.391506
v 0.597767 0.014983 0.391778
v 0.597485 0.016031 0.391526
v 0.596554 0.016359 0.390784
v 0.595614 0.016243 0.389936
v 0.595079 0.015918 0.389352
v 0.594397 0.015357 0.388839
v 0.583595 0.015277 0.379100
v 0.586116 0.020311 0.381372
v 0.586205 0.020404 0.381452
v 0.615928 0.020419 0.408251
v 0.616150 0.020254 0.408347
v 0.586416 0.020388 0.381533
v 0.583665 0.015357 0.379055
v 0.595314 -0.020341 0.389557
v 0.616020 0.020386 0.408335
v 0.595176 -0.020375 0.389541
v 0.594284 0.015287 0.388730
v 0.583508 0.015314 0.379017
v 0.616107 -0.020364 0.408301
v 0.616013 -0.020386 0.408329
v 0.616150 0.020254 -0.408347
v 0.586326 0.020374 -0.381451
v 0.583665 0.015358 -0.379055
v 0.594430 0.015325 -0.388758
v 0.595102 0.016016 -0.389328
v 0.595079 0.015917 -0.389352
v 0.595732 0.016273 -0.389932
v 0.595763 0.016366 -0.389923
v 0.595486 0.016413 -0.389672
v 0.596684 0.016390 -0.390791
v 0.597489 0.016024 -0.391530
v 0.597610 0.016121 -0.391588
v 0.597758 0.014981 -0.391774
v 0.597469 0.013319 -0.391511
v 0.597597 0.013288 -0.391577
v 0.596702 0.011017 -0.390771
v 0.596576 0.011058 -0.390705
v 0.595311 0.008296 -0.389553
v 0.597645 0.013064 -0.391619
v 0.595314 -0.020341 -0.389557
v 0.616107 -0.020364 -0.408301
v 0.615921 -0.020419 -0.408245
v 0.595159 0.008296 -0.389530
v 0.596554 0.016359 -0.390784
v 0.595614 0.016243 -0.389936
v 0.586205 0.020404 -0.381452
v 0.616113 0.020364 -0.408307
v 0.586395 0.020276 -0.381476
v 0.583840 0.015429 -0.379172
v 0.594452 0.015420 -0.388740
v 0.583779 0.015308 -0.379155
v 0.595427 0.008292 -0.389621
v 0.595429 -0.020270 -0.389622
v 0.595424 -0.020388 -0.389655
v 0.616020 0.020386 -0.408335
v 0.595176 -0.020375 -0.389541
v 0.595280 -0.020419 -0.389635
v 0.594284 0.015287 -0.388730
v 0.594398 0.015358 -0.388839
v 0.583508 0.015309 -0.379022
v 0.583595 0.015277 -0.379100
v 0.586116 0.020311 -0.381372
v 0.583525 0.015406 -0.379037
v 0.615928 0.020419 -0.408251
v 0.616144 -0.020243 -0.408336
v 0.616013 -0.020386 -0.408329
v 0.616044 -0.020286 -0.408357
v 0.616189 0.020243 0.408303
v 0.586455 0.020388 0.381493
v 0.583706 0.015358 0.379013
v 0.594469 0.015325 0.388719
v 0.595124 0.015926 0.389310
v 0.595771 0.016273 0.389893
v 0.595761 0.016366 0.389920
v 0.595748 0.016490 0.389909
v 0.596746 0.016484 0.390808
v 0.596722 0.016390 0.390751
v 0.597550 0.016040 0.391497
v 0.597609 0.016120 0.391587
v 0.596778 0.016608 0.390838
v 0.597817 0.014983 0.391727
v 0.597516 0.013305 0.391450
v 0.597597 0.013287 0.391577
v 0.596657 0.011135 0.390676
v 0.595350 0.008295 0.389513
v 0.595354 -0.020340 0.389515
v 0.616144 -0.020364 0.408263
v 0.616212 0.020287 0.408212
v 0.616082 -0.020419 0.408095
v 0.597532 0.016014 0.391370
v 0.596715 0.016359 0.390633
v 0.595775 0.016243 0.389786
v 0.595135 0.015898 0.389209
v 0.586368 0.020407 0.381298
v 0.616152 0.020364 0.408268
v 0.616106 0.020261 0.408265
v 0.586343 0.020353 0.381394
v 0.586394 0.020277 0.381476
v 0.594452 0.015420 0.388741
v 0.583817 0.015308 0.379115
v 0.595419 0.008268 0.389613
v 0.595429 -0.020271 0.389622
v 0.595463 -0.020388 0.389615
v 0.616181 0.020386 0.408185
v 0.595348 -0.020386 0.389401
v 0.595441 -0.020419 0.389485
v 0.595325 0.008300 0.389377
v 0.595317 -0.020286 0.389374
v 0.594434 0.015285 0.388578
v 0.594558 0.015357 0.388689
v 0.583669 0.015309 0.378871
v 0.583756 0.015277 0.378950
v 0.586276 0.020311 0.381222
v 0.583686 0.015407 0.378886
v 0.616089 0.020419 0.408101
v 0.616183 -0.020243 0.408297
v 0.616174 -0.020386 0.408179
v 0.616206 -0.020286 0.408207
v 0.616183 -0.020243 -0.408296
v 0.616105 0.020260 -0.408264
v 0.616103 -0.020253 -0.408262
v 0.616151 0.020364 -0.408267
v 0.586343 0.020353 -0.381393
v 0.583817 0.015308 -0.379115
v 0.594469 0.015325 -0.388718
v 0.595124 0.015926 -0.389309
v 0.595100 0.016016 -0.389324
v 0.595771 0.016273 -0.389892
v 0.595760 0.016366 -0.389919
v 0.596722 0.016390 -0.390750
v 0.596748 0.016486 -0.390811
v 0.597897 0.015022 -0.391847
v 0.597595 0.013288 -0.391574
v 0.596700 0.011017 -0.390767
v 0.595423 0.008285 -0.389615
v 0.595350 0.008301 -0.389513
v 0.595410 0.008132 -0.389604
v 0.595462 -0.020388 -0.389614
v 0.616205 -0.020286 -0.408206
v 0.616082 -0.020419 -0.408095
v 0.595440 -0.020419 -0.389484
v 0.595317 -0.020286 -0.389373
v 0.596604 0.011010 -0.390630
v 0.595325 0.008306 -0.389378
v 0.597519 0.013303 -0.391458
v 0.597813 0.014981 -0.391718
v 0.597542 0.016030 -0.391478
v 0.596714 0.016359 -0.390633
v 0.595775 0.016243 -0.389786
v 0.595135 0.015898 -0.389208
v 0.594487 0.015306 -0.388627
v 0.583756 0.015277 -0.378949
v 0.583686 0.015406 -0.378885
v 0.586276 0.020311 -0.381221
v 0.586367 0.020404 -0.381306
v 0.616088 0.020419 -0.408101
v 0.616189 0.020243 -0.408302
v 0.586455 0.020388 -0.381493
v 0.583706 0.015358 -0.379013
v 0.595354 -0.020340 -0.389515
v 0.616212 0.020287 -0.408211
v 0.616181 0.020386 -0.408184
v 0.595348 -0.020386 -0.389400
v 0.583669 0.015310 -0.378871
v 0.594357 0.015277 -0.388507
v 0.616144 -0.020364 -0.408262
v 0.616174 -0.020386 -0.408178
v -0.290247 -0.000150 0.363959
v -0.295782 -0.000150 0.368951
v -0.033566 -0.000147 0.368951
v -0.039102 -0.000147 0.363959
v -0.290246 -0.006730 0.363959
v -0.039102 -0.006728 0.363959
v -0.295782 -0.006730 0.368951
v -0.033566 -0.006728 0.368951
v -0.296666 -0.006447 0.369747
v -0.032682 -0.006444 0.369747
v -0.296666 -0.009105 0.369747
v -0.032682 -0.009102 0.369747
v -0.292809 -0.009105 0.366270
v -0.036539 -0.009102 0.366270
v -0.293119 -0.007966 0.366550
v -0.036229 -0.007963 0.366549
v -0.288642 -0.007966 0.362513
v -0.040706 -0.007963 0.362513
v -0.040373 -0.009604 0.362817
v -0.288997 -0.009597 0.362827
v -0.039765 -0.010214 0.363348
v -0.289549 -0.010198 0.363339
v -0.038576 -0.010752 0.364464
v -0.290764 -0.010752 0.364427
v -0.033068 -0.010811 0.369400
v -0.296504 -0.010725 0.369603
v -0.032754 -0.010692 0.369709
v -0.297051 -0.010813 0.370095
v -0.313677 -0.010810 0.385085
v -0.015672 -0.010807 0.385085
v -0.313936 -0.010525 0.385319
v -0.015412 -0.010522 0.385319
v -0.014327 -0.010093 0.386297
v -0.314963 -0.010123 0.386252
v -0.013407 -0.009371 0.387134
v -0.315882 -0.009446 0.387074
v -0.012580 -0.007873 0.387845
v -0.316732 -0.007950 0.387838
v -0.317107 -0.007396 0.388177
v -0.012242 -0.007394 0.388177
v -0.317107 -0.002460 0.388177
v -0.012242 -0.002457 0.388177
v -0.317417 -0.001321 0.388457
v -0.011932 -0.001318 0.388457
v -0.312940 -0.001321 0.384420
v -0.016408 -0.001318 0.384420
v -0.016063 -0.003005 0.384751
v -0.313307 -0.003006 0.384732
v -0.309393 -0.003030 0.381222
v -0.019955 -0.003027 0.381222
v -0.016042 -0.002999 -0.384743
v -0.019955 -0.003027 -0.381214
v -0.309393 -0.003030 -0.381214
v -0.313285 -0.003012 -0.384724
v -0.312940 -0.001320 -0.384412
v -0.016408 -0.001318 -0.384412
v -0.317417 -0.001321 -0.388449
v -0.011932 -0.001318 -0.388449
v -0.317107 -0.002460 -0.388169
v -0.012242 -0.002457 -0.388169
v -0.317106 -0.007396 -0.388169
v -0.012242 -0.007393 -0.388169
v -0.012589 -0.007830 -0.387876
v -0.316754 -0.007844 -0.387857
v -0.013415 -0.009399 -0.387096
v -0.315941 -0.009384 -0.387124
v -0.014226 -0.010028 -0.386380
v -0.314990 -0.010116 -0.386248
v -0.015419 -0.010536 -0.385307
v -0.313742 -0.010713 -0.385114
v -0.015671 -0.010807 -0.385077
v -0.297051 -0.010813 -0.370087
v -0.032713 -0.010704 -0.369677
v -0.296549 -0.010713 -0.369608
v -0.033068 -0.010811 -0.369391
v -0.038534 -0.010755 -0.364464
v -0.290804 -0.010755 -0.364426
v -0.039765 -0.010225 -0.363363
v -0.289580 -0.010218 -0.363346
v -0.040351 -0.009594 -0.362819
v -0.288976 -0.009606 -0.362809
v -0.288642 -0.007966 -0.362505
v -0.040706 -0.007963 -0.362505
v -0.293119 -0.007966 -0.366541
v -0.036229 -0.007963 -0.366541
v -0.292809 -0.009105 -0.366262
v -0.036539 -0.009102 -0.366262
v -0.296666 -0.009105 -0.369739
v -0.032682 -0.009102 -0.369739
v -0.296666 -0.006447 -0.369739
v -0.032682 -0.006444 -0.369739
v -0.295782 -0.006730 -0.368943
v -0.033566 -0.006728 -0.368943
v -0.290246 -0.006730 -0.363951
v -0.039102 -0.006728 -0.363951
v -0.290246 -0.000150 -0.363951
v -0.039102 -0.000147 -0.363951
v -0.295782 -0.000150 -0.368943
v -0.033566 -0.000147 -0.368943
v 0.316260 0.009340 0.363959
v 0.310724 0.009339 0.368951
v 0.572941 0.009342 0.368951
v 0.567405 0.009342 0.363959
v 0.316260 0.002759 0.363959
v 0.567405 0.002762 0.363959
v 0.310724 0.002759 0.368951
v 0.572941 0.002762 0.368951
v 0.309841 0.003042 0.369747
v 0.573824 0.003045 0.369747
v 0.309841 0.000385 0.369747
v 0.573824 0.000387 0.369747
v 0.313697 0.000385 0.366270
v 0.569968 0.000387 0.366270
v 0.313387 0.001524 0.366550
v 0.570278 0.001526 0.366549
v 0.317864 0.001524 0.362513
v 0.565801 0.001526 0.362513
v 0.317511 -0.000125 0.362831
v 0.566134 -0.000115 0.362817
v 0.316927 -0.000724 0.363358
v 0.566741 -0.000724 0.363348
v 0.315742 -0.001263 0.364427
v 0.567930 -0.001263 0.364464
v 0.310002 -0.001236 0.369603
v 0.573439 -0.001322 0.369400
v 0.309455 -0.001324 0.370095
v 0.573752 -0.001199 0.369683
v 0.292807 -0.001265 0.385103
v 0.590835 -0.001318 0.385085
v 0.591094 -0.001033 0.385319
v 0.291536 -0.000637 0.386246
v 0.592180 -0.000604 0.386297
v 0.290611 0.000064 0.387091
v 0.593099 0.000117 0.387133
v 0.289747 0.001596 0.387854
v 0.593922 0.001628 0.387858
v 0.289400 0.002093 0.388177
v 0.594265 0.002096 0.388177
v 0.289399 0.007029 0.388177
v 0.594265 0.007032 0.388177
v 0.289090 0.008169 0.388457
v 0.594575 0.008172 0.388457
v 0.293567 0.008169 0.384420
v 0.590098 0.008172 0.384420
v 0.293221 0.006477 0.384732
v 0.590443 0.006485 0.384751
v 0.297114 0.006460 0.381222
v 0.586551 0.006462 0.381222
v 0.586552 0.006462 -0.381214
v 0.293200 0.006488 -0.384743
v 0.297114 0.006460 -0.381214
v 0.590465 0.006486 -0.384724
v 0.293567 0.008169 -0.384412
v 0.590098 0.008171 -0.384412
v 0.289090 0.008169 -0.388449
v 0.594575 0.008171 -0.388449
v 0.289400 0.007029 -0.388169
v 0.594265 0.007032 -0.388169
v 0.289400 0.002093 -0.388169
v 0.594265 0.002096 -0.388169
v 0.289753 0.001645 -0.387857
v 0.593912 0.001631 -0.387862
v 0.290577 0.000084 -0.387108
v 0.593092 0.000091 -0.387097
v 0.291543 -0.000634 -0.386244
v 0.592281 -0.000539 -0.386380
v 0.292783 -0.001223 -0.385135
v 0.591088 -0.001047 -0.385307
v 0.590835 -0.001318 -0.385077
v 0.309455 -0.001324 -0.370087
v 0.574210 -0.001322 -0.370087
v 0.309958 -0.001224 -0.369608
v 0.573678 -0.001222 -0.369634
v 0.315693 -0.001268 -0.364465
v 0.567963 -0.001263 -0.364426
v 0.316923 -0.000738 -0.363363
v 0.566713 -0.000714 -0.363332
v 0.317527 -0.000116 -0.362805
v 0.566150 -0.000079 -0.362820
v 0.317864 0.001524 -0.362505
v 0.565801 0.001526 -0.362505
v 0.313387 0.001524 -0.366541
v 0.570278 0.001526 -0.366541
v 0.313698 0.000384 -0.366262
v 0.569968 0.000387 -0.366262
v 0.309841 0.000384 -0.369739
v 0.573824 0.000387 -0.369739
v 0.309841 0.003042 -0.369739
v 0.573824 0.003045 -0.369739
v 0.310724 0.002759 -0.368943
v 0.572941 0.002762 -0.368943
v 0.316260 0.002759 -0.363951
v 0.567405 0.002762 -0.363951
v 0.316260 0.009339 -0.363951
v 0.567405 0.009342 -0.363951
v 0.310724 0.009339 -0.368943
v 0.572941 0.009342 -0.368943
v -0.315831 0.009340 0.363959
v -0.310295 0.009340 0.368951
v -0.572512 0.009342 0.368951
v -0.566976 0.009342 0.363959
v -0.315831 0.002759 0.363959
v -0.566976 0.002762 0.363959
v -0.310295 0.002759 0.368951
v -0.572512 0.002762 0.368951
v -0.309412 0.003043 0.369747
v -0.573395 0.003045 0.369747
v -0.309412 0.000385 0.369747
v -0.573395 0.000387 0.369747
v -0.313269 0.000385 0.366270
v -0.569539 0.000387 0.366270
v -0.312959 0.001524 0.366550
v -0.569849 0.001526 0.366549
v -0.317435 0.001524 0.362513
v -0.565372 0.001526 0.362513
v -0.317082 -0.000125 0.362831
v -0.565705 -0.000115 0.362817
v -0.316499 -0.000724 0.363358
v -0.566324 -0.000737 0.363363
v -0.315313 -0.001263 0.364427
v -0.567515 -0.001257 0.364446
v -0.309573 -0.001236 0.369603
v -0.573010 -0.001321 0.369400
v -0.309026 -0.001324 0.370095
v -0.573324 -0.001209 0.369684
v -0.292401 -0.001320 0.385085
v -0.590406 -0.001318 0.385085
v -0.292141 -0.001036 0.385319
v -0.590665 -0.001033 0.385319
v -0.291090 -0.000625 0.386268
v -0.591731 -0.000618 0.386273
v -0.290182 0.000064 0.387091
v -0.592670 0.000117 0.387133
v -0.289347 0.001540 0.387840
v -0.593509 0.001656 0.387863
v -0.288971 0.002093 0.388177
v -0.593836 0.002096 0.388177
v -0.288971 0.007029 0.388177
v -0.593836 0.007032 0.388177
v -0.288661 0.008169 0.388457
v -0.594146 0.008172 0.388457
v -0.293138 0.008169 0.384420
v -0.589669 0.008172 0.384420
v -0.292792 0.006477 0.384732
v -0.590036 0.006490 0.384751
v -0.296685 0.006460 0.381222
v -0.586122 0.006463 0.381222
v -0.586123 0.006462 -0.381214
v -0.292771 0.006488 -0.384743
v -0.296685 0.006460 -0.381214
v -0.590015 0.006480 -0.384724
v -0.293138 0.008169 -0.384412
v -0.589669 0.008171 -0.384412
v -0.288661 0.008169 -0.388449
v -0.594146 0.008171 -0.388449
v -0.288971 0.007029 -0.388169
v -0.593836 0.007032 -0.388169
v -0.288971 0.002093 -0.388169
v -0.593836 0.002096 -0.388169
v -0.289322 0.001648 -0.387858
v -0.593482 0.001630 -0.387861
v -0.290131 0.000104 -0.387118
v -0.592645 0.000071 -0.387087
v -0.291114 -0.000638 -0.386243
v -0.591723 -0.000616 -0.386264
v -0.292378 -0.001265 -0.385095
v -0.590666 -0.001033 -0.385310
v -0.590406 -0.001318 -0.385077
v -0.309437 -0.001223 -0.369718
v -0.573781 -0.001322 -0.370087
v -0.309798 -0.001324 -0.369391
v -0.573266 -0.001209 -0.369643
v -0.315273 -0.001266 -0.364426
v -0.567518 -0.001269 -0.364473
v -0.316510 -0.000727 -0.363353
v -0.566288 -0.000713 -0.363327
v -0.317098 -0.000115 -0.362821
v -0.565723 -0.000087 -0.362805
v -0.317435 0.001524 -0.362505
v -0.565372 0.001526 -0.362505
v -0.312959 0.001524 -0.366541
v -0.569849 0.001526 -0.366541
v -0.313269 0.000384 -0.366262
v -0.569539 0.000387 -0.366262
v -0.309412 0.000384 -0.369739
v -0.573395 0.000387 -0.369739
v -0.309412 0.003042 -0.369739
v -0.573395 0.003045 -0.369739
v -0.310295 0.002759 -0.368943
v -0.572512 0.002762 -0.368943
v -0.315831 0.002759 -0.363951
v -0.566976 0.002762 -0.363951
v -0.315831 0.009339 -0.363951
v -0.566976 0.009342 -0.363951
v -0.310295 0.009339 -0.368943
v -0.572512 0.009342 -0.368943
v 0.266383 -0.000150 0.363959
v 0.271919 -0.000150 0.368951
v 0.009702 -0.000147 0.368951
v 0.015238 -0.000147 0.363959
v 0.266383 -0.006730 0.363959
v 0.015238 -0.006728 0.363959
v 0.271919 -0.006730 0.368951
v 0.009702 -0.006728 0.368951
v 0.272802 -0.006447 0.369747
v 0.008819 -0.006444 0.369747
v 0.272802 -0.009105 0.369747
v 0.008819 -0.009102 0.369747
v 0.268945 -0.009105 0.366270
v 0.012675 -0.009102 0.366270
v 0.269255 -0.007966 0.366550
v 0.012365 -0.007963 0.366549
v 0.264778 -0.007966 0.362513
v 0.016842 -0.007963 0.362513
v 0.016506 -0.009613 0.362815
v 0.265128 -0.009571 0.362828
v 0.015883 -0.010228 0.363374
v 0.265671 -0.010187 0.363318
v 0.014713 -0.010752 0.364464
v 0.266900 -0.010752 0.364427
v 0.009204 -0.010811 0.369400
v 0.272641 -0.010725 0.369603
v 0.008891 -0.010688 0.369683
v 0.273188 -0.010813 0.370095
v 0.289813 -0.010810 0.385085
v -0.008192 -0.010807 0.385085
v 0.290072 -0.010525 0.385319
v -0.008452 -0.010522 0.385319
v -0.009512 -0.010107 0.386280
v 0.291149 -0.010101 0.386284
v -0.010456 -0.009373 0.387133
v 0.292031 -0.009426 0.387090
v -0.011260 -0.007919 0.387834
v 0.292894 -0.007895 0.387853
v 0.293243 -0.007396 0.388177
v -0.011622 -0.007393 0.388177
v 0.293243 -0.002460 0.388177
v -0.011622 -0.002457 0.388177
v 0.293553 -0.001321 0.388457
v -0.011932 -0.001318 0.388457
v 0.289076 -0.001321 0.384420
v -0.007455 -0.001318 0.384420
v -0.007801 -0.003005 0.384751
v 0.289443 -0.003006 0.384732
v 0.285529 -0.003030 0.381222
v -0.003909 -0.003027 0.381222
v -0.007822 -0.003004 -0.384724
v -0.003909 -0.003027 -0.381214
v 0.285529 -0.003030 -0.381214
v 0.289421 -0.003007 -0.384744
v 0.289076 -0.001321 -0.384412
v -0.007455 -0.001318 -0.384412
v 0.293553 -0.001321 -0.388449
v -0.011932 -0.001318 -0.388449
v 0.293243 -0.002460 -0.388169
v -0.011622 -0.002457 -0.388169
v 0.293243 -0.007396 -0.388169
v -0.011622 -0.007394 -0.388169
v -0.011272 -0.007782 -0.387854
v -0.010877 -0.008825 -0.387498
v 0.292892 -0.007841 -0.387858
v 0.292066 -0.009404 -0.387109
v -0.009876 -0.009893 -0.386595
v 0.291107 -0.010124 -0.386235
v -0.008445 -0.010536 -0.385307
v 0.289878 -0.010713 -0.385114
v -0.008192 -0.010807 -0.385077
v 0.273188 -0.010813 -0.370087
v 0.008850 -0.010704 -0.369677
v 0.272695 -0.010701 -0.369623
v 0.009204 -0.010811 -0.369391
v 0.014711 -0.010743 -0.364401
v 0.266967 -0.010763 -0.364480
v 0.015916 -0.010213 -0.363353
v 0.265731 -0.010228 -0.363355
v 0.016488 -0.009594 -0.362819
v 0.265112 -0.009607 -0.362809
v 0.264778 -0.007966 -0.362505
v 0.016842 -0.007963 -0.362505
v 0.269255 -0.007966 -0.366541
v 0.012365 -0.007963 -0.366541
v 0.268945 -0.009105 -0.366262
v 0.012675 -0.009102 -0.366262
v 0.272802 -0.009105 -0.369739
v 0.008818 -0.009102 -0.369739
v 0.272802 -0.006447 -0.369739
v 0.008819 -0.006444 -0.369739
v 0.271919 -0.006730 -0.368943
v 0.009702 -0.006728 -0.368943
v 0.266383 -0.006730 -0.363951
v 0.015238 -0.006728 -0.363951
v 0.266383 -0.000150 -0.363951
v 0.015238 -0.000147 -0.363951
v 0.271919 -0.000150 -0.368943
v 0.009702 -0.000147 -0.368943
v -0.001374 -0.008312 -0.010542
v -0.001374 -0.007437 -0.010117
v -0.001374 -0.006914 -0.009323
v -0.001374 -0.006888 0.009115
v -0.001374 -0.007390 0.009937
v -0.001374 -0.008291 0.010402
v -0.001374 -0.006108 0.014562
v -0.001374 -0.006108 -0.014702
v 0.006064 -0.008210 -0.010518
v 0.006064 -0.007345 -0.010032
v 0.006064 -0.006888 -0.009226
v 0.006064 -0.007015 0.009521
v 0.006064 -0.008108 0.010356
v 0.006064 -0.006108 0.014562
v 0.006064 -0.006108 -0.014702
v -0.000909 -0.010974 0.023170
v 0.005599 -0.010974 0.020760
v -0.000909 -0.010974 0.020760
v 0.005599 -0.010974 0.023170
v -0.001374 -0.010773 0.010571
v -0.001374 -0.011177 0.011018
v -0.001374 -0.011081 0.013948
v -0.001374 -0.010649 0.014383
v -0.001374 -0.010613 -0.014561
v -0.001374 -0.011036 -0.014129
v -0.001374 -0.011072 -0.011190
v -0.001374 -0.010660 -0.010736
v 0.006064 -0.011195 0.011148
v 0.006064 -0.010780 0.010679
v 0.006064 -0.010778 0.014403
v 0.006064 -0.011196 0.013970
v 0.006064 -0.011184 -0.013985
v 0.006064 -0.010768 -0.014428
v 0.006064 -0.010747 -0.010799
v 0.006064 -0.011166 -0.011264
v -0.001374 -0.010807 -0.010571
v -0.000909 -0.010807 0.020760
v -0.000909 -0.010807 0.023170
v 0.002360 -0.011383 0.028672
v 0.002705 -0.010807 0.033804
v -0.000239 -0.010807 0.033399
v -0.002986 -0.010807 0.032170
v -0.002948 -0.010807 -0.031584
v -0.000727 -0.010807 -0.032490
v 0.002177 -0.010808 -0.033031
v 0.002288 -0.011383 -0.028151
v 0.006064 -0.010807 0.014562
v -0.001374 -0.010807 0.014562
v 0.005599 -0.010807 0.020760
v 0.005599 -0.010807 0.023170
v 0.005489 -0.010807 0.033184
v 0.007637 -0.010807 0.032113
v 0.007552 -0.010807 -0.031611
v 0.005527 -0.010808 -0.032475
v 0.006064 -0.010807 -0.010571
v -0.000239 -0.011383 0.033399
v -0.002667 -0.011383 0.032228
v -0.002986 -0.011371 0.032170
v -0.000727 -0.011383 -0.032490
v 0.002177 -0.011383 -0.033031
v 0.005527 -0.011383 -0.032475
v 0.007552 -0.011383 -0.031611
v 0.007552 -0.011371 -0.031611
v 0.005489 -0.011383 0.033184
v -0.000975 -0.011383 0.023228
v 0.005682 -0.011383 0.020709
v 0.002705 -0.011383 0.033804
v -0.002948 -0.011383 -0.031578
v 0.007637 -0.011383 0.032113
v -0.001445 -0.011383 -0.010659
v -0.001461 -0.011383 0.014636
v 0.006123 -0.011383 0.014615
v 0.006167 -0.011383 -0.010634
v 0.005672 -0.011383 0.023260
v -0.001003 -0.011383 0.020680
v 0.006064 -0.005327 -0.014702
v -0.001374 -0.010807 -0.014702
v 0.006064 -0.010807 -0.014702
v -0.001374 -0.005327 -0.014702
v -0.001374 -0.010807 0.018694
v -0.001374 -0.005327 0.018694
v 0.006064 -0.005327 0.018694
v 0.006064 -0.010807 0.018694
v 0.002310 -0.011638 -0.027913
v 0.002924 -0.010808 -0.026822
v 0.001836 -0.010807 -0.026815
v 0.004164 -0.011638 -0.028388
v 0.001302 -0.011273 -0.027536
v 0.003427 -0.011638 -0.028761
v 0.004247 -0.010807 -0.028185
v 0.001242 -0.011638 -0.029236
v 0.000600 -0.011638 -0.028622
v 0.002614 -0.011280 -0.028117
v 0.002390 -0.011638 -0.028367
v 0.003188 -0.011638 -0.027345
v 0.001836 -0.011638 -0.026815
v 0.003155 -0.011638 -0.029347
v 0.002035 -0.011638 -0.028172
v 0.000972 -0.011638 -0.027202
v 0.003390 -0.011271 -0.028746
v 0.001274 -0.011638 -0.027515
v 0.002653 -0.011638 -0.028113
v 0.003167 -0.011274 -0.027365
v 0.002924 -0.011638 -0.026822
v 0.000520 -0.010807 -0.027859
v 0.000520 -0.011638 -0.027859
v 0.000600 -0.010808 -0.028622
v 0.003750 -0.011638 -0.029051
v 0.003816 -0.011638 -0.027303
v 0.002314 -0.011270 -0.027952
v 0.004105 -0.011638 -0.027772
v 0.001242 -0.010807 -0.029236
v 0.002298 -0.011638 -0.029533
v 0.002298 -0.010807 -0.029533
v 0.003816 -0.010807 -0.027303
v 0.001523 -0.011267 -0.028913
v 0.000972 -0.010807 -0.027202
v 0.003750 -0.010807 -0.029051
v 0.002371 -0.011278 -0.028335
v 0.001495 -0.011638 -0.028941
v 0.002083 -0.011279 -0.028164
v 0.002310 -0.011638 0.028871
v 0.002924 -0.010808 0.029962
v 0.001836 -0.010807 0.029969
v 0.004164 -0.011638 0.028396
v 0.001302 -0.011273 0.029248
v 0.003427 -0.011638 0.028023
v 0.004247 -0.010807 0.028599
v 0.001242 -0.011638 0.027548
v 0.000600 -0.011638 0.028162
v 0.002614 -0.011280 0.028667
v 0.002390 -0.011638 0.028417
v 0.003188 -0.011638 0.029439
v 0.001836 -0.011638 0.029969
v 0.003155 -0.011638 0.027437
v 0.002035 -0.011638 0.028612
v 0.000972 -0.011638 0.029582
v 0.003390 -0.011271 0.028038
v 0.001274 -0.011638 0.029269
v 0.002653 -0.011638 0.028671
v 0.003167 -0.011274 0.029419
v 0.002924 -0.011638 0.029962
v 0.000520 -0.010807 0.028925
v 0.000520 -0.011638 0.028925
v 0.000600 -0.010808 0.028162
v 0.003750 -0.011638 0.027733
v 0.003816 -0.011638 0.029481
v 0.002314 -0.011270 0.028832
v 0.004105 -0.011638 0.029012
v 0.001242 -0.010807 0.027548
v 0.002298 -0.011638 0.027251
v 0.002298 -0.010807 0.027251
v 0.003816 -0.010807 0.029481
v 0.001523 -0.011267 0.027871
v 0.000972 -0.010807 0.029582
v 0.003750 -0.010807 0.027733
v 0.002371 -0.011278 0.028449
v 0.001495 -0.011638 0.027843
v 0.002083 -0.011279 0.028620
v -0.029698 -0.008312 -0.010542
v -0.029698 -0.007437 -0.010117
v -0.029698 -0.006914 -0.009323
v -0.029698 -0.006888 0.009115
v -0.029698 -0.007390 0.009937
v -0.029698 -0.008291 0.010402
v -0.029698 -0.006108 0.014562
v -0.029698 -0.006108 -0.014702
v -0.022260 -0.008210 -0.010518
v -0.022260 -0.007345 -0.010032
v -0.022260 -0.006888 -0.009226
v -0.022260 -0.007015 0.009521
v -0.022260 -0.008108 0.010356
v -0.022260 -0.006108 0.014562
v -0.022260 -0.006108 -0.014702
v -0.029233 -0.010974 0.023170
v -0.022725 -0.010974 0.020760
v -0.029233 -0.010974 0.020760
v -0.022725 -0.010974 0.023170
v -0.029698 -0.010773 0.010571
v -0.029698 -0.011177 0.011018
v -0.029698 -0.011081 0.013948
v -0.029698 -0.010649 0.014383
v -0.029698 -0.010613 -0.014561
v -0.029698 -0.011036 -0.014129
v -0.029698 -0.011072 -0.011190
v -0.029698 -0.010660 -0.010736
v -0.022260 -0.011195 0.011148
v -0.022260 -0.010780 0.010679
v -0.022260 -0.010778 0.014403
v -0.022260 -0.011196 0.013970
v -0.022260 -0.011184 -0.013985
v -0.022260 -0.010768 -0.014428
v -0.022260 -0.010747 -0.010799
v -0.022260 -0.011166 -0.011264
v -0.029698 -0.010807 -0.010571
v -0.029233 -0.010807 0.020760
v -0.029233 -0.010807 0.023170
v -0.025964 -0.011383 0.028672
v -0.025619 -0.010807 0.033804
v -0.028563 -0.010807 0.033399
v -0.031310 -0.010807 0.032170
v -0.031272 -0.010807 -0.031584
v -0.029052 -0.010807 -0.032490
v -0.026147 -0.010808 -0.033031
v -0.026037 -0.011383 -0.028151
v -0.022260 -0.010807 0.014562
v -0.029698 -0.010807 0.014562
v -0.022725 -0.010807 0.020760
v -0.022725 -0.010807 0.023170
v -0.022835 -0.010807 0.033184
v -0.020687 -0.010807 0.032113
v -0.020772 -0.010807 -0.031611
v -0.022797 -0.010808 -0.032475
v -0.022260 -0.010807 -0.010571
v -0.028563 -0.011383 0.033399
v -0.030991 -0.011383 0.032228
v -0.031310 -0.011371 0.032170
v -0.029052 -0.011383 -0.032490
v -0.026147 -0.011383 -0.033031
v -0.022797 -0.011383 -0.032475
v -0.020772 -0.011383 -0.031611
v -0.020772 -0.011371 -0.031611
v -0.022835 -0.011383 0.033184
v -0.029299 -0.011383 0.023228
v -0.022642 -0.011383 0.020709
v -0.025619 -0.011383 0.033804
v -0.031272 -0.011383 -0.031578
v -0.020687 -0.011383 0.032113
v -0.029769 -0.011383 -0.010659
v -0.029785 -0.011383 0.014636
v -0.022201 -0.011383 0.014615
v -0.022157 -0.011383 -0.010634
v -0.022652 -0.011383 0.023260
v -0.029327 -0.011383 0.020680
v -0.022260 -0.005327 -0.014702
v -0.029698 -0.010807 -0.014702
v -0.022260 -0.010807 -0.014702
v -0.029698 -0.005327 -0.014702
v -0.029698 -0.010807 0.018694
v -0.029698 -0.005327 0.018694
v -0.022260 -0.005327 0.018694
v -0.022260 -0.010807 0.018694
v -0.026014 -0.011638 -0.027913
v -0.025400 -0.010808 -0.026822
v -0.026489 -0.010807 -0.026815
v -0.024160 -0.011638 -0.028388
v -0.027022 -0.011273 -0.027536
v -0.024898 -0.011638 -0.028761
v -0.024077 -0.010807 -0.028185
v -0.027082 -0.011638 -0.029236
v -0.027725 -0.011638 -0.028622
v -0.025710 -0.011280 -0.028117
v -0.025934 -0.011638 -0.028367
v -0.025137 -0.011638 -0.027345
v -0.026489 -0.011638 -0.026815
v -0.025170 -0.011638 -0.029347
v -0.026289 -0.011638 -0.028172
v -0.027352 -0.011638 -0.027202
v -0.024934 -0.011271 -0.028746
v -0.027050 -0.011638 -0.027515
v -0.025671 -0.011638 -0.028113
v -0.025157 -0.011274 -0.027365
v -0.025400 -0.011638 -0.026822
v -0.027804 -0.010807 -0.027859
v -0.027804 -0.011638 -0.027859
v -0.027725 -0.010808 -0.028622
v -0.024574 -0.011638 -0.029051
v -0.024508 -0.011638 -0.027303
v -0.026011 -0.011270 -0.027952
v -0.024219 -0.011638 -0.027772
v -0.027082 -0.010807 -0.029236
v -0.026026 -0.011638 -0.029533
v -0.026026 -0.010807 -0.029533
v -0.024508 -0.010807 -0.027303
v -0.026801 -0.011267 -0.028913
v -0.027352 -0.010807 -0.027202
v -0.024574 -0.010807 -0.029051
v -0.025953 -0.011278 -0.028335
v -0.026829 -0.011638 -0.028941
v -0.026241 -0.011279 -0.028164
v -0.026014 -0.011638 0.028871
v -0.025400 -0.010808 0.029962
v -0.026489 -0.010807 0.029969
v -0.024160 -0.011638 0.028396
v -0.027022 -0.011273 0.029248
v -0.024898 -0.011638 0.028023
v -0.024077 -0.010807 0.028599
v -0.027082 -0.011638 0.027548
v -0.027725 -0.011638 0.028162
v -0.025710 -0.011280 0.028667
v -0.025934 -0.011638 0.028417
v -0.025137 -0.011638 0.029439
v -0.026489 -0.011638 0.029969
v -0.025170 -0.011638 0.027437
v -0.026289 -0.011638 0.028612
v -0.027352 -0.011638 0.029582
v -0.024934 -0.011271 0.028038
v -0.027050 -0.011638 0.029269
v -0.025671 -0.011638 0.028671
v -0.025157 -0.011274 0.029419
v -0.025400 -0.011638 0.029962
v -0.027804 -0.010807 0.028925
v -0.027804 -0.011638 0.028925
v -0.027725 -0.010808 0.028162
v -0.024574 -0.011638 0.027733
v -0.024508 -0.011638 0.029481
v -0.026011 -0.011270 0.028832
v -0.024219 -0.011638 0.029012
v -0.027082 -0.010807 0.027548
v -0.026026 -0.011638 0.027251
v -0.026026 -0.010807 0.027251
v -0.024508 -0.010807 0.029481
v -0.026801 -0.011267 0.027871
v -0.027352 -0.010807 0.029582
v -0.024574 -0.010807 0.027733
v -0.025953 -0.011278 0.028449
v -0.026829 -0.011638 0.027843
v -0.026241 -0.011279 0.028620
v -0.583775 0.001108 -0.010542
v -0.583775 0.001983 -0.010117
v -0.583775 0.002507 -0.009323
v -0.583775 0.002533 0.009115
v -0.583775 0.002030 0.009937
v -0.583775 0.001130 0.010402
v -0.583775 0.003312 0.014562
v -0.583775 0.003312 -0.014702
v -0.576337 0.001210 -0.010518
v -0.576337 0.002075 -0.010032
v -0.576337 0.002532 -0.009226
v -0.576337 0.002406 0.009521
v -0.576337 0.001313 0.010356
v -0.576337 0.003312 0.014562
v -0.576337 0.003312 -0.014702
v -0.583310 -0.001554 0.023170
v -0.576802 -0.001554 0.020760
v -0.583310 -0.001554 0.020760
v -0.576802 -0.001554 0.023170
v -0.583775 -0.001353 0.010571
v -0.583775 -0.001757 0.011018
v -0.583775 -0.001661 0.013948
v -0.583775 -0.001228 0.014383
v -0.583775 -0.001192 -0.014561
v -0.583775 -0.001616 -0.014129
v -0.583775 -0.001652 -0.011190
v -0.583775 -0.001240 -0.010736
v -0.576337 -0.001775 0.011148
v -0.576337 -0.001359 0.010679
v -0.576337 -0.001357 0.014403
v -0.576337 -0.001776 0.013970
v -0.576337 -0.001763 -0.013985
v -0.576337 -0.001348 -0.014428
v -0.576337 -0.001326 -0.010799
v -0.576337 -0.001745 -0.011264
v -0.583775 -0.001387 -0.010571
v -0.583310 -0.001387 0.020760
v -0.583310 -0.001387 0.023170
v -0.580042 -0.001962 0.028672
v -0.579697 -0.001387 0.033804
v -0.582641 -0.001387 0.033399
v -0.585387 -0.001387 0.032170
v -0.585350 -0.001387 -0.031584
v -0.583129 -0.001387 -0.032490
v -0.580224 -0.001387 -0.033031
v -0.580114 -0.001962 -0.028151
v -0.576337 -0.001387 0.014562
v -0.583775 -0.001387 0.014562
v -0.576802 -0.001387 0.020760
v -0.576802 -0.001387 0.023170
v -0.576913 -0.001387 0.033184
v -0.574765 -0.001387 0.032113
v -0.574849 -0.001387 -0.031611
v -0.576874 -0.001387 -0.032475
v -0.576337 -0.001387 -0.010571
v -0.582641 -0.001962 0.033399
v -0.585069 -0.001962 0.032228
v -0.585387 -0.001951 0.032170
v -0.583129 -0.001962 -0.032490
v -0.580224 -0.001962 -0.033031
v -0.576874 -0.001962 -0.032475
v -0.574849 -0.001962 -0.031611
v -0.574849 -0.001951 -0.031611
v -0.576913 -0.001962 0.033184
v -0.583376 -0.001962 0.023228
v -0.576720 -0.001962 0.020709
v -0.579697 -0.001962 0.033804
v -0.585350 -0.001962 -0.031578
v -0.574765 -0.001962 0.032113
v -0.583847 -0.001962 -0.010659
v -0.583862 -0.001962 0.014636
v -0.576279 -0.001962 0.014615
v -0.576234 -0.001962 -0.010634
v -0.576729 -0.001962 0.023260
v -0.583405 -0.001962 0.020680
v -0.576337 0.004094 -0.014702
v -0.583775 -0.001387 -0.014702
v -0.576337 -0.001387 -0.014702
v -0.583775 0.004094 -0.014702
v -0.583775 -0.001387 0.018694
v -0.583775 0.004094 0.018694
v -0.576337 0.004094 0.018694
v -0.576337 -0.001387 0.018694
v -0.580091 -0.002217 -0.027913
v -0.579477 -0.001387 -0.026822
v -0.580566 -0.001387 -0.026815
v -0.578237 -0.002217 -0.028388
v -0.581099 -0.001852 -0.027536
v -0.578975 -0.002217 -0.028761
v -0.578155 -0.001387 -0.028185
v -0.581159 -0.002217 -0.029236
v -0.581802 -0.002217 -0.028622
v -0.579787 -0.001859 -0.028117
v -0.580011 -0.002217 -0.028367
v -0.579214 -0.002217 -0.027345
v -0.580566 -0.002217 -0.026815
v -0.579247 -0.002217 -0.029347
v -0.580367 -0.002217 -0.028172
v -0.581429 -0.002217 -0.027202
v -0.579011 -0.001850 -0.028746
v -0.581127 -0.002217 -0.027515
v -0.579748 -0.002217 -0.028113
v -0.579234 -0.001853 -0.027365
v -0.579477 -0.002217 -0.026822
v -0.581881 -0.001387 -0.027859
v -0.581881 -0.002217 -0.027859
v -0.581802 -0.001387 -0.028622
v -0.578651 -0.002217 -0.029051
v -0.578585 -0.002217 -0.027303
v -0.580088 -0.001850 -0.027952
v -0.578296 -0.002217 -0.027772
v -0.581159 -0.001387 -0.029236
v -0.580104 -0.002217 -0.029533
v -0.580104 -0.001387 -0.029533
v -0.578585 -0.001387 -0.027303
v -0.580879 -0.001847 -0.028913
v -0.581429 -0.001387 -0.027202
v -0.578651 -0.001387 -0.029051
v -0.580030 -0.001858 -0.028335
v -0.580907 -0.002217 -0.028941
v -0.580319 -0.001859 -0.028164
v -0.580091 -0.002217 0.028871
v -0.579477 -0.001387 0.029962
v -0.580566 -0.001387 0.029969
v -0.578237 -0.002217 0.028396
v -0.581099 -0.001852 0.029248
v -0.578975 -0.002217 0.028023
v -0.578155 -0.001387 0.028599
v -0.581159 -0.002217 0.027548
v -0.581802 -0.002217 0.028162
v -0.579787 -0.001859 0.028667
v -0.580011 -0.002217 0.028417
v -0.579214 -0.002217 0.029439
v -0.580566 -0.002217 0.029969
v -0.579247 -0.002217 0.027437
v -0.580367 -0.002217 0.028612
v -0.581429 -0.002217 0.029582
v -0.579011 -0.001850 0.028038
v -0.581127 -0.002217 0.029269
v -0.579748 -0.002217 0.028671
v -0.579234 -0.001853 0.029419
v -0.579477 -0.002217 0.029962
v -0.581881 -0.001387 0.028925
v -0.581881 -0.002217 0.028925
v -0.581802 -0.001387 0.028162
v -0.578651 -0.002217 0.027733
v -0.578585 -0.002217 0.029481
v -0.580088 -0.001850 0.028832
v -0.578296 -0.002217 0.029012
v -0.581159 -0.001387 0.027548
v -0.580104 -0.002217 0.027251
v -0.580104 -0.001387 0.027251
v -0.578585 -0.001387 0.029481
v -0.580879 -0.001847 0.027871
v -0.581429 -0.001387 0.029582
v -0.578651 -0.001387 0.027733
v -0.580030 -0.001858 0.028449
v -0.580907 -0.002217 0.027843
v -0.580319 -0.001859 0.028620
v 0.576248 0.000923 -0.010542
v 0.576248 0.001798 -0.010117
v 0.576248 0.002321 -0.009323
v 0.576248 0.002347 0.009115
v 0.576248 0.001845 0.009937
v 0.576248 0.000945 0.010402
v 0.576248 0.003127 0.014562
v 0.576248 0.003127 -0.014702
v 0.583686 0.001025 -0.010518
v 0.583686 0.001890 -0.010032
v 0.583686 0.002347 -0.009226
v 0.583686 0.002221 0.009521
v 0.583686 0.001128 0.010356
v 0.583686 0.003127 0.014562
v 0.583686 0.003127 -0.014702
v 0.576713 -0.001739 0.023170
v 0.583221 -0.001739 0.020760
v 0.576713 -0.001739 0.020760
v 0.583221 -0.001739 0.023170
v 0.576248 -0.001538 0.010571
v 0.576248 -0.001942 0.011018
v 0.576248 -0.001846 0.013948
v 0.576248 -0.001414 0.014383
v 0.576248 -0.001377 -0.014561
v 0.576248 -0.001801 -0.014129
v 0.576248 -0.001837 -0.011190
v 0.576248 -0.001425 -0.010736
v 0.583686 -0.001960 0.011148
v 0.583686 -0.001544 0.010679
v 0.583686 -0.001543 0.014403
v 0.583686 -0.001961 0.013970
v 0.583686 -0.001949 -0.013985
v 0.583686 -0.001533 -0.014428
v 0.583686 -0.001512 -0.010799
v 0.583686 -0.001931 -0.011264
v 0.576248 -0.001572 -0.010571
v 0.576713 -0.001572 0.020760
v 0.576713 -0.001572 0.023170
v 0.579981 -0.002147 0.028672
v 0.580326 -0.001572 0.033804
v 0.577382 -0.001572 0.033399
v 0.574636 -0.001572 0.032170
v 0.574674 -0.001572 -0.031584
v 0.576894 -0.001572 -0.032490
v 0.579799 -0.001572 -0.033031
v 0.579909 -0.002147 -0.028151
v 0.583686 -0.001572 0.014562
v 0.576248 -0.001572 0.014562
v 0.583221 -0.001572 0.020760
v 0.583221 -0.001572 0.023170
v 0.583110 -0.001572 0.033184
v 0.585258 -0.001572 0.032113
v 0.585174 -0.001572 -0.031611
v 0.583149 -0.001573 -0.032475
v 0.583686 -0.001572 -0.010571
v 0.577382 -0.002147 0.033399
v 0.574954 -0.002147 0.032228
v 0.574636 -0.002136 0.032170
v 0.576894 -0.002147 -0.032490
v 0.579799 -0.002147 -0.033031
v 0.583149 -0.002147 -0.032475
v 0.585174 -0.002147 -0.031611
v 0.585174 -0.002136 -0.031611
v 0.583110 -0.002147 0.033184
v 0.576647 -0.002147 0.023228
v 0.583304 -0.002147 0.020709
v 0.580326 -0.002147 0.033804
v 0.574674 -0.002147 -0.031578
v 0.585258 -0.002147 0.032113
v 0.576176 -0.002147 -0.010659
v 0.576161 -0.002147 0.014636
v 0.583745 -0.002147 0.014615
v 0.583789 -0.002147 -0.010634
v 0.583294 -0.002147 0.023260
v 0.576619 -0.002147 0.020680
v 0.583686 0.003908 -0.014702
v 0.576248 -0.001572 -0.014702
v 0.583686 -0.001572 -0.014702
v 0.576248 0.003908 -0.014702
v 0.576248 -0.001572 0.018694
v 0.576248 0.003908 0.018694
v 0.583686 0.003908 0.018694
v 0.583686 -0.001572 0.018694
v 0.579932 -0.002403 -0.027913
v 0.580546 -0.001572 -0.026822
v 0.579457 -0.001572 -0.026815
v 0.581786 -0.002403 -0.028388
v 0.578924 -0.002038 -0.027536
v 0.581048 -0.002403 -0.028761
v 0.581869 -0.001572 -0.028185
v 0.578864 -0.002403 -0.029236
v 0.578221 -0.002403 -0.028622
v 0.580236 -0.002044 -0.028117
v 0.580012 -0.002403 -0.028367
v 0.580809 -0.002403 -0.027345
v 0.579457 -0.002403 -0.026815
v 0.580776 -0.002403 -0.029347
v 0.579656 -0.002403 -0.028172
v 0.578594 -0.002403 -0.027202
v 0.581012 -0.002036 -0.028746
v 0.578896 -0.002403 -0.027515
v 0.580275 -0.002403 -0.028113
v 0.580789 -0.002038 -0.027365
v 0.580546 -0.002403 -0.026822
v 0.578142 -0.001572 -0.027859
v 0.578142 -0.002403 -0.027859
v 0.578221 -0.001572 -0.028622
v 0.581372 -0.002403 -0.029051
v 0.581438 -0.002403 -0.027303
v 0.579935 -0.002035 -0.027952
v 0.581727 -0.002403 -0.027772
v 0.578864 -0.001572 -0.029236
v 0.579920 -0.002403 -0.029533
v 0.579920 -0.001572 -0.029533
v 0.581438 -0.001572 -0.027303
v 0.579144 -0.002032 -0.028913
v 0.578594 -0.001572 -0.027202
v 0.581372 -0.001572 -0.029051
v 0.579993 -0.002043 -0.028335
v 0.579116 -0.002403 -0.028941
v 0.579704 -0.002044 -0.028164
v 0.579932 -0.002403 0.028871
v 0.580546 -0.001572 0.029962
v 0.579457 -0.001572 0.029969
v 0.581786 -0.002403 0.028396
v 0.578924 -0.002038 0.029248
v 0.581048 -0.002403 0.028023
v 0.581869 -0.001572 0.028599
v 0.578864 -0.002403 0.027548
v 0.578221 -0.002403 0.028162
v 0.580236 -0.002044 0.028667
v 0.580012 -0.002403 0.028417
v 0.580809 -0.002403 0.029439
v 0.579457 -0.002403 0.029969
v 0.580776 -0.002403 0.027437
v 0.579656 -0.002403 0.028612
v 0.578594 -0.002403 0.029582
v 0.581012 -0.002036 0.028038
v 0.578896 -0.002403 0.029269
v 0.580275 -0.002403 0.028671
v 0.580789 -0.002038 0.029419
v 0.580546 -0.002403 0.029962
v 0.578142 -0.001572 0.028925
v 0.578142 -0.002403 0.028925
v 0.578221 -0.001572 0.028162
v 0.581372 -0.002403 0.027733
v 0.581438 -0.002403 0.029481
v 0.579935 -0.002035 0.028832
v 0.581727 -0.002403 0.029012
v 0.578864 -0.001572 0.027548
v 0.579920 -0.002403 0.027251
v 0.579920 -0.001572 0.027251
v 0.581438 -0.001572 0.029481
v 0.579144 -0.002032 0.027871
v 0.578594 -0.001572 0.029582
v 0.581372 -0.001572 0.027733
v 0.579993 -0.002043 0.028449
v 0.579116 -0.002403 0.027843
v 0.579704 -0.002044 0.028620
vn -0.0000 -0.0010 1.0000
vn -0.3959 0.6641 0.6342
vn -0.0605 -0.2876 0.9558
vn -0.5914 0.4736 -0.6526
vn -0.4380 0.6991 -0.5652
vn -0.4796 0.6314 -0.6094
vn 0.3323 -0.9061 -0.2617
vn -0.6026 -0.4924 -0.6281
vn -0.4828 -0.6917 -0.5371
vn -0.6480 -0.7415 -0.1740
vn -0.0538 -0.9972 0.0516
vn -0.5632 -0.7108 -0.4214
vn -0.3426 -0.8901 0.3005
vn -0.6807 -0.1601 -0.7148
vn -0.1858 -0.9682 0.1673
vn -0.5307 -0.5432 -0.6506
vn -0.0001 -0.7126 -0.7016
vn -0.6480 -0.1240 -0.7515
vn 0.1388 -0.9822 -0.1265
vn 0.7387 -0.0931 -0.6676
vn 0.5373 -0.6957 -0.4768
vn 0.6942 0.3367 -0.6362
vn 0.0001 0.0075 -1.0000
vn -0.0000 0.2637 -0.9646
vn 0.6063 0.4936 -0.6234
vn 0.7119 0.1177 -0.6923
vn -0.0003 0.3671 -0.9302
vn -0.3716 0.0153 -0.9283
vn 0.5222 -0.6878 -0.5042
vn -0.6024 -0.4415 -0.6650
vn -0.4857 -0.6879 -0.5394
vn -0.8654 0.0009 0.5010
vn -0.0002 0.0003 1.0000
vn -0.0002 -1.0000 0.0034
vn -0.2509 -0.0026 -0.9680
vn -0.0000 0.0371 -0.9993
vn -0.0001 -0.0037 -1.0000
vn -0.0002 -0.9991 -0.0426
vn -0.0001 -0.9514 0.3078
vn -0.0000 -0.7781 0.6281
vn -0.0002 -1.0000 0.0017
vn -0.3204 0.2528 -0.9129
vn -0.0001 0.4500 -0.8931
vn 0.0002 0.4268 -0.9043
vn -0.0001 1.0000 0.0023
vn -0.0000 1.0000 -0.0010
vn -0.0005 -0.0006 1.0000
vn -0.0001 -1.0000 -0.0011
vn 0.0001 -1.0000 0.0008
vn 0.0002 0.0370 -0.9993
vn 0.0001 0.2637 -0.9646
vn 0.0003 -0.4556 -0.8902
vn 0.0002 -0.9536 0.3012
vn 0.0001 -0.7025 0.7117
vn -0.0000 -0.7605 0.6493
vn 0.0001 -1.0000 -0.0014
vn -0.0000 -1.0000 -0.0071
vn 0.0001 0.4318 -0.9020
vn -0.0001 0.6423 0.7664
vn 0.0002 -0.4388 -0.8986
vn -0.0002 0.5718 0.8204
vn -0.0000 -1.0000 -0.0045
vn 0.0001 0.3932 -0.9194
vn -0.0000 -0.4244 0.9055
vn 0.0001 -0.7618 0.6478
vn -0.9974 0.0011 -0.0727
vn -0.9574 -0.2859 0.0413
vn 0.3043 0.3584 -0.8826
vn -0.4773 0.6412 0.6009
vn -0.5980 0.4542 0.6603
vn 0.3042 -0.9075 0.2895
vn -0.4074 0.2174 0.8870
vn -0.6027 -0.4931 0.6274
vn -0.0571 -0.9969 -0.0534
vn -0.0789 -0.9932 -0.0858
vn -0.6790 -0.1640 0.7156
vn -0.7461 -0.4772 0.4643
vn -0.5330 -0.5401 0.6513
vn 0.1084 -0.9894 0.0972
vn -0.0002 -0.4556 0.8902
vn 0.7341 -0.0921 0.6728
vn 0.5367 -0.6893 0.4867
vn -0.5556 0.0508 0.8299
vn 0.0001 0.0081 1.0000
vn 0.7618 0.0741 -0.6435
vn -0.5526 0.0815 0.8295
vn -0.0000 0.2331 0.9725
vn -0.5278 0.1073 0.8426
vn -0.0002 0.3671 0.9302
vn 0.8961 0.0246 0.4431
vn 0.5279 -0.6893 0.4963
vn -0.3612 0.0157 0.9324
vn -0.6032 -0.4387 0.6661
vn -0.4866 -0.6865 0.5403
vn -0.0002 -1.0000 -0.0016
vn -0.0000 -1.0000 0.0023
vn -0.0003 0.0370 0.9993
vn -0.2513 -0.0026 0.9679
vn -0.0001 -0.0036 1.0000
vn -0.0000 -0.9909 0.1345
vn -0.5643 -0.7134 0.4156
vn -0.0000 -0.9515 -0.3077
vn -0.0003 -0.7780 -0.6283
vn -0.4834 -0.6909 0.5376
vn -0.0001 -1.0000 -0.0018
vn -0.0000 -1.0000 0.0034
vn -0.0001 0.4499 0.8931
vn -0.3101 0.2582 0.9150
vn 0.0001 0.4287 0.9034
vn -0.0000 1.0000 -0.0025
vn -0.4797 0.6976 0.5322
vn -0.0000 1.0000 0.0009
vn 0.0001 -1.0000 0.0022
vn 0.0002 -1.0000 -0.0016
vn -0.0000 0.0371 0.9993
vn -0.0001 0.0075 1.0000
vn 0.0002 -0.7125 0.7017
vn -0.0000 -0.9536 -0.3010
vn -0.0000 1.0000 -0.0004
vn 0.0001 0.0004 -1.0000
vn 0.0002 0.6424 -0.7663
vn -0.0001 -0.7604 -0.6494
vn 0.0001 -0.4385 0.8987
vn 0.0001 0.5715 -0.8206
vn -0.0000 -0.0037 1.0000
vn -0.0002 -0.7026 -0.7116
vn 0.0001 -0.9999 -0.0106
vn -0.0001 -1.0000 0.0028
vn 0.0002 -0.4395 0.8983
vn 0.0001 0.4208 0.9072
vn -0.0001 1.0000 0.0055
vn -0.0001 -0.4275 -0.9040
vn 0.0003 -0.0007 -1.0000
vn 0.0002 -0.7613 -0.6484
vn -1.0000 -0.0005 0.0001
vn -1.0000 0.0005 -0.0002
vn -1.0000 -0.0017 -0.0001
vn 0.0018 -1.0000 -0.0000
vn -0.0007 -1.0000 -0.0000
vn 0.0014 -1.0000 0.0001
vn 0.9991 0.0414 -0.0000
vn 1.0000 -0.0007 0.0002
vn 0.9991 0.0413 -0.0001
vn 0.9568 0.2909 0.0002
vn 0.9161 0.4009 -0.0000
vn 0.9562 0.2927 -0.0001
vn 0.9162 0.4007 0.0002
vn 1.0000 0.0073 -0.0000
vn 1.0000 0.0058 0.0002
vn 0.7813 -0.6242 -0.0001
vn 0.7817 -0.6236 -0.0004
vn 0.1248 -0.9922 0.0001
vn 0.1296 -0.9916 0.0001
vn -0.2799 -0.9600 0.0001
vn -0.2801 -0.9600 -0.0001
vn -0.5891 -0.8081 0.0001
vn -0.5894 -0.8078 0.0001
vn -0.6483 -0.7614 -0.0000
vn -0.5808 -0.8140 -0.0001
vn 0.0030 -1.0000 -0.0001
vn -0.0027 -1.0000 -0.0000
vn -0.0023 -1.0000 -0.0001
vn 0.8822 0.4709 0.0001
vn 0.8850 0.4657 -0.0000
vn 0.8731 0.4875 -0.0002
vn -0.0000 1.0000 -0.0000
vn 0.0010 1.0000 -0.0001
vn -0.0022 1.0000 -0.0002
vn -0.4501 0.0003 0.8930
vn 0.5319 0.6078 0.5896
vn 0.8431 0.2182 0.4914
vn 0.5635 -0.4900 0.6651
vn 0.1361 -0.7169 0.6837
vn 0.3661 -0.7005 0.6125
vn 0.5920 -0.5982 0.5401
vn 0.6410 -0.1594 0.7509
vn 0.6792 -0.1147 0.7249
vn 0.8133 -0.2625 0.5192
vn 0.8984 0.0167 0.4389
vn 0.5983 -0.4424 0.6681
vn -1.0000 0.0006 0.0003
vn 0.4858 -0.6886 0.5383
vn -0.0032 -1.0000 0.0001
vn 0.9525 -0.0025 0.3046
vn 1.0000 -0.0049 0.0002
vn 0.4846 -0.6913 0.5360
vn 0.0030 -1.0000 0.0001
vn 0.8825 0.2667 0.3874
vn 0.8892 0.4574 -0.0000
vn 0.0051 1.0000 0.0001
vn -0.7321 0.6812 -0.0001
vn 0.6152 -0.7884 0.0002
vn 0.7162 -0.6979 -0.0000
vn 0.9731 -0.2302 -0.0001
vn -0.7316 0.6817 -0.0004
vn 0.5477 0.5700 0.6125
vn -0.8328 -0.5536 0.0001
vn -0.6086 -0.7935 0.0001
vn -0.4500 -0.0017 0.8930
vn -0.4496 -0.0006 -0.8932
vn -0.4398 0.0012 -0.8981
vn 0.5416 0.5880 -0.6008
vn 0.8431 0.2225 -0.4896
vn 0.8847 0.2723 -0.3784
vn 0.5633 -0.4889 -0.6661
vn 0.3978 -0.4622 -0.7925
vn 0.3631 -0.7008 -0.6141
vn 0.6419 -0.1632 -0.7492
vn 0.5920 -0.5431 -0.5954
vn 0.7701 0.0514 -0.6358
vn 0.8291 0.1485 -0.5390
vn 0.9036 0.0301 -0.4273
vn 0.9409 -0.0028 -0.3387
vn 0.5994 -0.4384 -0.6697
vn 0.4873 -0.6863 -0.5400
vn 0.4851 -0.6904 -0.5367
vn 0.5479 0.5695 -0.6127
vn 0.7622 0.0817 -0.6422
vn -0.0002 0.3670 -0.9302
vn -0.0001 0.0073 -1.0000
vn -0.0000 -0.9736 -0.2282
vn -0.0003 -0.7781 0.6281
vn 0.0002 1.0000 0.0002
vn 0.0004 0.0007 -1.0000
vn 0.0001 0.2909 0.9567
vn -0.0000 0.3669 0.9303
vn -0.0000 -0.9907 0.1362
vn 0.0005 -0.7783 -0.6279
vn -0.0000 0.4335 0.9011
vn -0.0002 0.0008 1.0000
vn 0.9569 -0.2874 -0.0425
vn -0.2870 0.3550 0.8897
vn 0.4774 0.6409 -0.6011
vn 0.5975 0.4548 -0.6604
vn -0.3021 -0.9065 -0.2949
vn 0.4147 0.2098 -0.8854
vn 0.6008 -0.4779 -0.6409
vn 0.0608 -0.9969 0.0491
vn 0.3248 -0.8958 0.3034
vn 0.5641 -0.7102 -0.4212
vn 0.5306 -0.5448 -0.6493
vn 0.6808 -0.1594 -0.7150
vn 0.6483 -0.1242 -0.7512
vn -0.1358 -0.9831 -0.1230
vn -0.5423 -0.6947 -0.4725
vn 0.2239 -0.9535 0.2020
vn -0.7370 -0.0936 -0.6694
vn -0.6961 0.3359 -0.6345
vn -0.6496 0.4937 -0.5782
vn -0.7305 0.1173 -0.6728
vn -0.5249 -0.6868 -0.5028
vn 0.3644 0.0156 -0.9311
vn 0.6029 -0.4422 -0.6641
vn 0.4858 -0.6877 -0.5395
vn 0.2487 -0.0024 -0.9686
vn -0.0000 -0.0038 -1.0000
vn 0.4766 -0.7013 -0.5301
vn 0.0001 -0.9999 0.0107
vn 0.2979 0.2648 -0.9172
vn 0.4607 0.7256 -0.5112
vn -0.0001 1.0000 -0.0054
vn 0.8606 -0.0016 0.5093
vn 0.7075 -0.3055 -0.6373
vn 0.8508 -0.0014 -0.5255
vn 0.5913 0.4717 0.6541
vn 0.4366 0.7009 0.5640
vn -0.1921 0.5471 -0.8147
vn 0.4680 0.6473 0.6016
vn -0.3333 -0.9066 0.2589
vn 0.6007 -0.4777 0.6411
vn 0.4773 -0.7003 0.5307
vn 0.0647 -0.9968 -0.0479
vn 0.5641 -0.7107 0.4204
vn 0.7149 -0.1448 0.6841
vn 0.2492 -0.9434 -0.2190
vn 0.5319 -0.5405 0.6519
vn 0.6806 -0.1629 0.7144
vn -0.1088 -0.9892 0.0985
vn -0.7411 -0.0803 0.6666
vn -0.5333 -0.6940 0.4837
vn 0.5528 0.0515 0.8317
vn -0.6868 0.3806 0.6192
vn 0.5556 0.0807 0.8275
vn 0.5324 0.1041 0.8400
vn 0.3538 0.0162 0.9352
vn -0.7268 0.0039 0.6869
vn -0.5241 -0.6882 0.5016
vn 0.6045 -0.4376 0.6657
vn 0.4873 -0.6854 0.5411
vn 0.2488 -0.0024 0.9685
vn 0.3323 0.2453 0.9107
vn 1.0000 0.0005 0.0001
vn 1.0000 -0.0002 0.0001
vn 1.0000 -0.0018 -0.0002
vn -0.0017 -1.0000 -0.0000
vn 0.0007 -1.0000 0.0001
vn -0.0015 -1.0000 -0.0000
vn -1.0000 -0.0002 0.0001
vn -0.9997 0.0225 -0.0000
vn -0.9971 0.0766 -0.0000
vn -0.9200 0.3918 -0.0003
vn -0.9571 0.2898 0.0001
vn -0.9567 0.2912 -0.0002
vn -0.9120 0.4103 0.0002
vn -1.0000 0.0071 -0.0002
vn -1.0000 0.0058 0.0002
vn -0.7811 -0.6243 -0.0001
vn -0.7816 -0.6237 -0.0002
vn -0.1249 -0.9922 -0.0000
vn -0.1295 -0.9916 0.0001
vn 0.2802 -0.9600 0.0002
vn 0.2802 -0.9599 -0.0002
vn 0.5883 -0.8087 -0.0000
vn 0.5883 -0.8086 0.0002
vn -0.0026 -1.0000 0.0001
vn 0.0053 -1.0000 -0.0000
vn -0.0022 -1.0000 -0.0001
vn -0.8869 0.4620 -0.0000
vn -0.8826 0.4701 0.0001
vn -0.8785 0.4778 -0.0001
vn 0.0002 1.0000 -0.0000
vn -0.0034 1.0000 -0.0000
vn 0.0017 1.0000 0.0001
vn 0.4494 -0.0011 0.8933
vn -0.5288 0.6138 0.5862
vn -0.5470 0.5720 0.6113
vn -0.8431 0.2195 0.4910
vn -0.5604 -0.4971 0.6625
vn -0.4758 -0.7046 0.5265
vn -0.1364 -0.7165 0.6841
vn -0.3660 -0.7005 0.6127
vn -0.6409 -0.1593 0.7509
vn -0.5918 -0.5986 0.5399
vn -0.8132 -0.2623 0.5196
vn -0.6792 -0.1145 0.7250
vn -0.8984 0.0171 0.4389
vn -0.5988 -0.4410 0.6686
vn -0.4859 -0.6884 0.5385
vn 1.0000 0.0007 -0.0000
vn 0.4413 0.0008 0.8974
vn -0.9426 -0.0024 0.3340
vn -1.0000 -0.0020 -0.0001
vn -0.8824 0.2668 0.3874
vn -0.8866 0.4625 -0.0000
vn 0.8329 0.5534 0.0002
vn -0.6096 -0.7927 -0.0001
vn -0.8340 -0.5518 0.0001
vn 0.6097 -0.7926 0.0001
vn 0.6665 -0.7455 -0.0000
vn -0.8795 -0.4759 -0.0001
vn -0.8788 -0.4772 -0.0000
vn -0.0035 1.0000 -0.0000
vn 0.6087 0.7934 0.0002
vn 0.7328 -0.6805 0.0001
vn 0.7314 -0.6820 0.0001
vn 0.4615 0.0004 -0.8871
vn 0.4796 -0.0014 -0.8775
vn -0.5340 0.6036 -0.5920
vn -0.5469 0.5713 -0.6119
vn -0.8427 0.2181 -0.4922
vn -0.8822 0.2663 -0.3883
vn -0.5644 -0.4891 -0.6651
vn -0.4846 -0.6913 -0.5360
vn -0.1379 -0.7160 -0.6844
vn -0.3661 -0.7004 -0.6127
vn -0.6157 -0.1262 -0.7778
vn -0.6403 -0.1635 -0.7505
vn -0.5912 -0.5450 -0.5945
vn -0.7698 0.0512 -0.6362
vn -0.7687 0.0815 -0.6344
vn -0.7852 0.1089 -0.6096
vn -0.9024 0.0166 -0.4306
vn -0.9413 -0.0027 -0.3377
vn -0.5998 -0.4379 -0.6697
vn -0.4870 -0.6866 -0.5398
vn 0.0025 -1.0000 -0.0001
vn -0.0001 -0.0007 -1.0000
vn -0.0000 0.9903 0.1388
vn -0.0000 -0.0000 -1.0000
vn -0.0000 -1.0000 -0.0000
vn -0.0178 -0.9998 0.0127
vn 0.2351 -0.9684 0.0837
vn -0.2659 -0.9628 0.0475
vn -0.0000 -0.2384 0.9712
vn -0.0000 -0.2383 0.9712
vn -0.0000 -0.1856 -0.9826
vn -0.0000 -0.1857 -0.9826
vn -0.0000 -0.1890 -0.9820
vn -0.0000 -0.6528 -0.7575
vn -0.0000 -0.8160 -0.5781
vn -0.0000 -0.8107 -0.5855
vn 0.0845 -0.9959 -0.0308
vn 0.0063 -1.0000 0.0033
vn 0.0014 -1.0000 0.0014
vn 0.0048 -1.0000 -0.0014
vn 0.0064 -1.0000 -0.0025
vn -0.0048 -1.0000 -0.0009
vn -0.0026 -1.0000 -0.0000
vn -0.0000 -0.6347 0.7727
vn -0.0000 -0.8620 0.5069
vn -0.0000 -0.8754 0.4834
vn -0.0000 -0.8217 0.5700
vn -0.0000 -0.6416 0.7670
vn -0.0000 -0.5281 0.8492
vn -0.0000 -0.4552 0.8904
vn 0.0001 -0.4791 0.8778
vn 0.0001 -0.5449 0.8385
vn -0.0000 -0.0000 1.0000
vn -0.0000 -0.0460 0.9989
vn -0.0000 -0.1873 -0.9823
vn 0.0001 -0.1819 -0.9833
vn -0.0031 1.0000 -0.0030
vn 0.0034 0.9996 0.0287
vn 0.0045 1.0000 -0.0010
vn -0.0054 1.0000 0.0013
vn -0.0059 0.9996 0.0289
vn -0.0042 1.0000 0.0027
vn 0.0024 1.0000 0.0024
vn 0.0045 1.0000 0.0007
vn -0.0000 -0.1873 0.9823
vn -0.0000 -0.1931 0.9812
vn -0.0000 -0.2383 -0.9712
vn -0.0000 -0.0773 -0.9970
vn -0.0000 -0.0254 -0.9997
vn -0.0000 -0.4686 -0.8834
vn -0.0000 -0.5643 -0.8255
vn -0.0000 -0.5575 -0.8302
vn -0.0000 -0.5700 -0.8217
vn -0.0000 -0.4653 -0.8852
vn -0.0000 -0.8185 -0.5746
vn 0.0001 -0.8590 -0.5120
vn 0.0001 -0.8711 -0.4911
vn 0.0002 -0.8440 -0.5363
vn -0.0001 -0.6486 -0.7611
vn -0.0002 -1.0000 0.0007
vn -0.0037 -1.0000 0.0001
vn -0.0028 -1.0000 0.0009
vn 0.0138 -0.9999 0.0002
vn -0.0550 -0.9983 0.0177
vn 0.0305 -0.9993 0.0230
vn -0.0000 -0.8490 0.5284
vn -0.0000 -0.6562 0.7546
vn -0.0000 -0.7722 0.6354
vn -0.0000 -0.1857 0.9826
vn -0.0000 -0.1856 0.9826
vn -0.0000 -0.1823 0.9832
vn 0.1900 -0.9724 -0.1352
vn -0.0499 -0.9986 -0.0178
vn -0.2349 -0.9684 -0.0839
vn -1.0000 -0.0000 -0.0000
vn 0.0383 -0.9992 -0.0068
vn 0.9649 -0.2627 -0.0000
vn -0.9786 -0.2057 -0.0000
vn -0.9800 -0.1991 -0.0000
vn -0.7205 -0.6935 -0.0000
vn -0.5383 -0.8428 -0.0000
vn -0.5386 -0.8426 -0.0000
vn -0.0758 -0.9970 -0.0132
vn 0.0083 -1.0000 -0.0014
vn 0.4716 -0.8818 -0.0000
vn 0.7351 -0.6780 -0.0000
vn 0.7309 -0.6825 -0.0000
vn 0.4690 -0.8832 -0.0000
vn 0.4959 -0.8684 -0.0000
vn 0.7941 -0.6078 -0.0000
vn 0.7860 -0.6182 -0.0000
vn -0.7301 -0.6833 -0.0000
vn -0.5024 -0.8647 -0.0000
vn -0.4849 -0.8745 -0.0000
vn 0.8719 -0.4897 -0.0000
vn 0.8541 -0.5201 -0.0000
vn -0.8698 -0.4934 -0.0000
vn -0.8218 -0.5698 -0.0000
vn 0.8005 -0.5994 -0.0000
vn 0.7829 -0.6222 -0.0000
vn -0.8094 -0.5873 -0.0000
vn -0.8554 -0.5180 -0.0000
vn -0.9996 -0.0282 -0.0000
vn -1.0000 -0.0001 -0.0000
vn 0.9649 -0.2625 -0.0000
vn 0.9987 -0.0510 -0.0000
vn -0.9650 -0.2623 -0.0000
vn -0.9963 -0.0857 -0.0000
vn -0.9784 -0.2068 -0.0000
vn -0.9797 -0.2005 -0.0000
vn 0.9785 -0.2065 -0.0000
vn 0.9784 -0.2065 -0.0000
vn 0.9771 -0.2128 -0.0000
vn 1.0000 -0.0000 -0.0000
vn -0.4515 -0.8923 0.0001
vn -0.0045 -1.0000 -0.0017
vn 0.4881 -0.8728 -0.0000
vn 0.7237 -0.6901 -0.0000
vn 0.5974 -0.8020 -0.0000
vn 0.9786 -0.2058 -0.0000
vn 0.9800 -0.1992 -0.0000
vn -0.9649 -0.2626 -0.0000
vn -0.9649 -0.2628 -0.0000
vn 0.1235 0.9923 -0.0000
vn -0.0271 -0.9994 0.0193
vn 0.0203 -0.9998 0.0072
vn -0.0000 -0.1859 -0.9826
vn -0.0000 -0.1823 -0.9832
vn -0.0000 -0.8177 -0.5756
vn -0.0000 -0.6586 -0.7525
vn -0.0000 -0.6569 -0.7539
vn 0.0830 -0.9961 -0.0305
vn -0.0696 -0.9975 -0.0131
vn 0.0068 -1.0000 0.0034
vn -0.0000 -0.9173 0.3983
vn 0.0012 -1.0000 0.0015
vn -0.0025 -1.0000 -0.0004
vn 0.0044 -1.0000 -0.0019
vn -0.0094 -1.0000 -0.0032
vn 0.0002 -0.8690 0.4948
vn 0.0002 -0.8335 0.5525
vn -0.0001 -0.6348 0.7727
vn 0.0001 -0.8602 0.5100
vn -0.0000 -0.8207 0.5714
vn -0.0000 -0.6373 0.7706
vn -0.0000 -0.5252 0.8510
vn -0.0000 -0.4693 0.8830
vn -0.0000 -0.4665 0.8845
vn -0.0000 -0.5540 0.8325
vn -0.0000 -0.1871 -0.9823
vn -0.0000 -0.1928 -0.9812
vn 0.0022 1.0000 -0.0026
vn -0.0032 1.0000 -0.0027
vn 0.0275 0.9996 -0.0002
vn -0.0050 1.0000 0.0010
vn 0.0286 0.9996 0.0024
vn 0.0042 1.0000 0.0030
vn 0.0050 1.0000 0.0012
vn 0.0050 1.0000 -0.0007
vn -0.0000 -0.1874 0.9823
vn -0.0000 -0.1875 0.9823
vn -0.0001 -0.1818 0.9833
vn -0.0000 -0.5612 -0.8277
vn -0.0000 -0.4695 -0.8829
vn -0.0000 -0.4672 -0.8841
vn -0.0000 -0.5706 -0.8212
vn -0.0000 -0.5639 -0.8259
vn -0.0000 -0.8192 -0.5735
vn 0.0001 -0.8590 -0.5121
vn 0.0001 -0.8701 -0.4928
vn 0.0002 -0.8418 -0.5399
vn -0.0014 -1.0000 0.0006
vn -0.0527 -0.9986 -0.0013
vn 0.0004 -1.0000 0.0040
vn -0.0054 -1.0000 0.0009
vn -0.0446 -0.9986 0.0299
vn 0.0137 -0.9999 0.0005
vn -0.0000 -0.8509 0.5253
vn -0.0000 -0.7678 0.6407
vn 0.0001 -0.4277 0.9039
vn 0.0001 -0.2790 0.9603
vn -0.0000 -0.1862 0.9825
vn -0.0000 -0.1925 0.9813
vn -0.0000 -0.2384 -0.9712
vn -0.0375 -0.9992 -0.0134
vn 0.0512 -0.9986 -0.0091
vn -0.9786 -0.2060 -0.0000
vn -0.9771 -0.2128 -0.0000
vn -0.5426 -0.8400 -0.0000
vn -0.7287 -0.6849 -0.0000
vn -0.7485 -0.6631 -0.0000
vn -0.5385 -0.8426 -0.0000
vn 0.3655 -0.9308 -0.0000
vn 0.7352 -0.6778 -0.0000
vn 0.4939 -0.8695 -0.0000
vn 0.7939 -0.6081 -0.0000
vn -0.7836 -0.6213 -0.0000
vn -0.5138 -0.8579 -0.0000
vn -0.7805 -0.6252 -0.0000
vn 0.8623 -0.5065 -0.0000
vn 0.7883 -0.6153 -0.0000
vn -0.8699 -0.4933 -0.0000
vn -0.8544 -0.5196 -0.0000
vn 0.8013 -0.5983 -0.0000
vn 0.8630 -0.5052 -0.0000
vn -0.8039 -0.5948 -0.0000
vn -0.7857 -0.6186 -0.0000
vn -0.9987 -0.0510 -0.0000
vn 0.9649 -0.2626 -0.0000
vn -0.9650 -0.2621 -0.0000
vn -0.9784 -0.2065 -0.0000
vn -0.9771 -0.2127 -0.0000
vn 0.9784 -0.2066 -0.0000
vn 0.9798 -0.2002 -0.0000
vn -0.0198 -0.9998 0.0005
vn 0.0307 -0.9995 0.0112
vn 0.5363 -0.8440 -0.0000
vn 0.5410 -0.8410 -0.0000
vn 0.7171 -0.6970 -0.0000
vn 0.7177 -0.6963 -0.0000
vn 0.9787 -0.2055 -0.0000
vn 0.9778 -0.2095 -0.0000
vn -0.9649 -0.2627 -0.0000
vn 0.0337 -0.9994 0.0120
vn -0.0203 -0.9998 0.0072
vn -0.2350 -0.9684 0.0837
vn -0.0000 -0.8170 -0.5767
vn -0.0000 -0.6600 -0.7513
vn -0.0000 -0.8142 -0.5805
vn -0.0837 -0.9960 -0.0302
vn 0.0665 -0.9975 -0.0230
vn -0.0071 -1.0000 0.0017
vn -0.0013 -1.0000 0.0013
vn -0.2591 -0.9614 0.0924
vn 0.0075 -1.0000 -0.0023
vn 0.0026 -1.0000 -0.0010
vn -0.0000 -0.8622 0.5065
vn -0.0000 -0.8741 0.4857
vn -0.0000 -0.8202 0.5721
vn -0.0000 -0.6423 0.7665
vn -0.0000 -0.5289 0.8487
vn -0.0000 -0.4535 0.8912
vn -0.0001 -0.4789 0.8779
vn -0.0001 -0.5486 0.8361
vn -0.0000 -0.5816 0.8135
vn -0.0000 -0.1872 -0.9823
vn -0.0001 -0.1814 -0.9834
vn 0.0042 1.0000 -0.0027
vn 0.0298 0.9996 -0.0022
vn 0.0050 1.0000 -0.0012
vn 0.0049 1.0000 0.0008
vn 0.0022 1.0000 0.0026
vn 0.0278 0.9996 0.0004
vn -0.0049 1.0000 -0.0008
vn -0.0000 -0.1872 0.9823
vn 0.0001 -0.1814 0.9834
vn -0.0000 -0.5620 -0.8271
vn -0.0000 -0.4673 -0.8841
vn -0.0000 -0.5277 -0.8494
vn -0.0000 -0.6373 -0.7706
vn -0.0001 -0.8378 -0.5459
vn -0.0000 -0.8493 -0.5280
vn -0.0002 -0.8692 -0.4945
vn -0.0003 -0.8345 -0.5510
vn -0.0000 -1.0000 0.0005
vn -0.0009 -1.0000 0.0005
vn 0.0055 -1.0000 0.0010
vn 0.1646 -0.9846 0.0588
vn 0.0044 -1.0000 -0.0037
vn -0.0214 -0.9997 -0.0071
vn 0.0607 -0.9981 0.0107
vn -0.0380 -0.9989 0.0265
vn -0.0000 -0.8149 0.5796
vn -0.0000 -0.8129 0.5823
vn -0.0000 -0.3490 0.9371
vn -0.0000 -0.1859 0.9826
vn -0.0000 -0.1892 0.9819
vn -0.1900 -0.9724 -0.1352
vn 0.0323 -0.9992 -0.0230
vn -0.0512 -0.9986 -0.0091
vn 0.9786 -0.2059 -0.0000
vn 0.9771 -0.2127 -0.0000
vn 0.7257 -0.6880 -0.0000
vn 0.5985 -0.8011 -0.0000
vn 0.7428 -0.6695 -0.0000
vn 0.4874 -0.8732 -0.0000
vn -0.4685 -0.8834 -0.0000
vn -0.7391 -0.6736 -0.0000
vn -0.4669 -0.8843 -0.0000
vn -0.4926 -0.8703 -0.0000
vn -0.4872 -0.8733 -0.0000
vn -0.7877 -0.6160 -0.0000
vn 0.7831 -0.6219 -0.0000
vn 0.5305 -0.8477 -0.0000
vn 0.4748 -0.8801 -0.0000
vn -0.8617 -0.5074 -0.0000
vn -0.8619 -0.5071 -0.0000
vn 0.8705 -0.4922 -0.0000
vn 0.8560 -0.5170 -0.0000
vn -0.7990 -0.6013 -0.0000
vn 0.8087 -0.5882 -0.0000
vn 0.7855 -0.6189 -0.0000
vn -0.9649 -0.2625 -0.0000
vn 0.9650 -0.2622 -0.0000
vn 0.9797 -0.2003 -0.0000
vn -0.9771 -0.2129 -0.0000
vn 0.4567 -0.8896 0.0001
vn -0.0032 -1.0000 -0.0008
vn -0.0009 -1.0000 0.0004
vn -0.5368 -0.8437 -0.0000
vn -0.5410 -0.8410 -0.0000
vn -0.7183 -0.6957 -0.0000
vn -0.9787 -0.2055 -0.0000
vn -0.9778 -0.2095 -0.0000
vn 0.2659 -0.9628 -0.0475
vn 0.2349 -0.9684 0.0839
vn 0.0271 -0.9994 0.0193
vn -0.2351 -0.9684 0.0837
vn 0.2659 -0.9628 0.0475
vn 0.0001 -0.2752 -0.9614
vn -0.0000 -0.1863 -0.9825
vn -0.0000 -0.1925 -0.9813
vn -0.0000 -0.7688 -0.6395
vn 0.0001 -0.4251 -0.9052
vn -0.0850 -0.9959 -0.0307
vn -0.0000 -0.8508 -0.5255
vn -0.0067 -1.0000 0.0035
vn 0.0757 -0.9970 -0.0130
vn -0.0068 -1.0000 -0.0026
vn -0.0048 -1.0000 -0.0037
vn 0.0001 -1.0000 0.0015
vn 0.0049 -1.0000 -0.0009
vn -0.0000 -0.8621 0.5067
vn -0.0000 -0.6348 0.7727
vn -0.0000 -0.8470 0.5316
vn -0.0000 -0.8630 0.5053
vn -0.0000 -0.6356 0.7720
vn -0.0000 -0.8498 0.5270
vn -0.0000 -0.4694 0.8830
vn -0.0000 -0.5286 0.8489
vn -0.0000 -0.5454 0.8381
vn -0.0000 -0.4666 0.8845
vn -0.0035 0.9996 0.0287
vn 0.0033 1.0000 -0.0027
vn -0.0050 1.0000 -0.0010
vn 0.0055 0.9996 0.0292
vn 0.0050 1.0000 0.0010
vn 0.0036 1.0000 0.0026
vn -0.0033 1.0000 0.0027
vn -0.0050 1.0000 0.0009
vn -0.0000 -0.1928 0.9812
vn -0.0001 -0.6009 -0.7993
vn -0.0001 -0.4637 -0.8860
vn -0.0000 -0.6304 -0.7763
vn 0.0001 -0.6019 -0.7986
vn -0.0000 -0.4796 -0.8775
vn 0.0001 -0.4210 -0.9071
vn -0.0001 -0.7832 -0.6217
vn -0.0001 -0.8593 -0.5115
vn -0.0002 -0.8690 -0.4948
vn -0.0002 -0.8438 -0.5367
vn 0.0001 -0.6485 -0.7612
vn -0.0001 -1.0000 0.0008
vn 0.0037 -1.0000 -0.0000
vn 0.0045 -1.0000 -0.0017
vn 0.0029 -1.0000 0.0010
vn -0.0156 -0.9999 -0.0022
vn -0.0068 -1.0000 -0.0024
vn -0.0265 -0.9996 0.0111
vn 0.0648 -0.9970 0.0423
vn -0.0000 -0.8164 0.5775
vn -0.0000 -0.8093 0.5874
vn -0.0000 -0.6564 0.7544
vn -0.0000 -0.1822 0.9833
vn 0.0337 -0.9994 -0.0120
vn 0.2349 -0.9684 -0.0839
vn -0.0382 -0.9992 -0.0068
vn 0.9799 -0.1994 -0.0000
vn 0.5393 -0.8421 -0.0000
vn 0.7183 -0.6957 -0.0000
vn 0.5360 -0.8442 -0.0000
vn -0.7351 -0.6780 -0.0000
vn -0.4734 -0.8808 -0.0000
vn -0.7309 -0.6825 -0.0000
vn -0.4687 -0.8834 -0.0000
vn -0.4629 -0.8864 -0.0000
vn -0.5867 -0.8098 -0.0000
vn -0.7640 -0.6452 -0.0000
vn 0.5289 -0.8487 -0.0000
vn 0.7840 -0.6207 -0.0000
vn -0.8884 -0.4590 -0.0000
vn -0.8510 -0.5252 -0.0000
vn 0.8698 -0.4934 -0.0000
vn -0.8704 -0.4924 -0.0000
vn -0.7889 -0.6145 -0.0000
vn 0.8544 -0.5196 -0.0000
vn 0.8038 -0.5949 -0.0000
vn 1.0000 -0.0001 -0.0000
vn -0.9987 -0.0510 -0.0001
vn 0.9650 -0.2623 -0.0000
vn 0.9797 -0.2005 -0.0000
vn -0.9784 -0.2066 -0.0000
vn -0.9784 -0.2067 -0.0000
vn 0.4689 -0.8832 -0.0000
vn 0.4516 -0.8922 0.0001
vn 0.5064 -0.8623 0.0001
vn 0.0026 -1.0000 -0.0000
vn -0.4873 -0.8732 -0.0000
vn -0.6020 -0.7985 -0.0000
vn -0.8873 -0.4611 -0.0000
vn -0.9531 -0.3027 -0.0000
vn 0.0334 -0.9994 0.0119
vn -0.0000 -0.6570 -0.7539
vn -0.0000 -0.5701 0.8216
vn -0.0000 -0.5626 -0.8268
vn 0.0001 -0.6596 0.7516
vn -0.0000 -0.1890 0.9820
vn -0.9772 -0.2124 -0.0000
vn -0.7323 -0.6809 -0.0000
vn 0.4938 -0.8696 -0.0000
vn -0.9770 -0.2130 -0.0000
vn -0.5046 -0.8633 0.0001
vn -0.7394 -0.6733 -0.0000
vn 0.7365 -0.6765 -0.0000
vn 0.9772 -0.2123 -0.0000
vn -0.0000 -0.1895 -0.9819
vn -0.0000 -0.5451 0.8384
vn 0.0001 -0.1814 -0.9834
vn -0.0000 -0.5515 -0.8342
vn -0.2349 -0.9684 -0.0838
vn -0.9800 -0.1992 -0.0000
vn -0.5097 -0.8604 -0.0000
vn 0.8062 -0.5916 -0.0000
vn 0.9987 -0.0509 -0.0000
vn -0.9797 -0.2004 -0.0000
vn 0.9771 -0.2129 -0.0000
vn 0.9795 -0.2014 -0.0000
vn -0.0000 -0.6597 -0.7515
vn -0.0000 -0.1931 -0.9812
vn -0.0000 -0.5512 -0.8343
vn 0.0001 -0.6344 -0.7730
vn -0.0000 -0.3446 0.9388
vn -0.7879 -0.6158 -0.0000
vn 0.7788 -0.6272 -0.0000
vn -0.8023 -0.5970 -0.0000
vn -0.9798 -0.2002 -0.0000
vn 0.5135 -0.8581 0.0001
vn 0.7391 -0.6736 -0.0000
vn -0.7203 -0.6937 -0.0000
vn -0.9795 -0.2014 -0.0000
vn -0.0334 -0.9994 0.0119
vn -0.0000 -0.9172 0.3983
vn -0.0000 -0.5440 0.8391
vn -0.0001 -0.1819 -0.9833
vn 0.0001 -0.1818 0.9833
vn -0.0001 -0.6596 0.7516
vn 0.9772 -0.2124 -0.0000
vn 0.7350 -0.6780 -0.0000
vn -0.7431 -0.6692 -0.0000
vn 0.7857 -0.6187 -0.0000
vn 0.7393 -0.6733 -0.0000
vn -0.0011 -0.2685 0.9633
vn -0.0012 -0.7489 0.6627
vn 0.0011 -0.6016 0.7988
vn -0.0066 -0.9999 0.0094
vn 0.0032 -0.9987 0.0502
vn -0.0167 -0.9998 -0.0067
vn -0.0067 -1.0000 -0.0027
vn -0.0024 -0.7202 -0.6938
vn 0.0001 -0.6477 -0.7619
vn 0.0139 -0.8530 -0.5218
vn -0.0044 -0.3287 -0.9444
vn -0.0016 -0.0369 0.9993
vn -0.0017 -0.0366 0.9993
vn -0.0033 -0.0341 0.9994
vn -0.0162 -0.9999 -0.0032
vn -0.0125 -0.9999 0.0066
vn 0.0027 -0.0970 0.9953
vn 0.0028 -0.1544 0.9880
vn 0.0075 -0.0827 0.9965
vn 0.0054 -0.1563 -0.9877
vn -0.0092 -0.9998 0.0165
vn -0.0155 -0.9999 -0.0003
vn -0.0091 -0.9998 0.0166
vn -0.0196 -0.9997 -0.0123
vn 0.0084 -0.0453 -0.9989
vn 0.0165 -0.0587 -0.9981
vn 0.0053 -0.0952 -0.9954
vn 0.0144 -0.0680 -0.9976
vn -0.0000 -0.0314 -0.9995
vn -0.0000 -0.0394 0.9992
vn 0.0094 -0.7451 -0.6669
vn 0.0094 -0.7451 -0.6668
vn -0.0137 -0.7142 0.6998
vn -0.0019 -0.7219 -0.6920
vn -0.0028 -0.7414 0.6711
vn -0.0030 -0.9995 0.0328
vn -0.2411 -0.0000 0.9705
vn 0.0369 -0.0000 0.9993
vn -0.3463 -0.0480 0.9369
vn -0.4033 -0.0661 0.9127
vn -0.3843 -0.1201 0.9154
vn -1.0000 -0.0000 -0.0006
vn -0.3789 -0.0053 -0.9254
vn -0.3778 -0.0092 -0.9259
vn -0.2273 -0.0007 -0.9738
vn -0.0523 -0.0000 -0.9986
vn -0.0521 -0.0000 -0.9986
vn 0.3366 -0.0000 -0.9416
vn 0.3926 -0.0000 -0.9197
vn 1.0000 -0.0000 -0.0013
vn 0.4460 -0.0000 0.8950
vn 0.3564 -0.0000 0.9343
vn 0.2815 -0.0000 0.9596
vn -0.0017 -0.1306 0.9914
vn -0.0000 -0.1090 0.9940
vn 0.9906 -0.1366 0.0003
vn 0.9999 -0.0103 -0.0000
vn 0.9999 -0.0107 -0.0000
vn -0.0014 -0.1089 -0.9940
vn -0.0000 -0.0909 -0.9959
vn -0.0014 -0.1090 -0.9940
vn -0.9903 -0.1391 -0.0009
vn -1.0000 -0.0041 -0.0000
vn -0.9998 -0.0215 -0.0001
vn 0.0024 -0.1283 -0.9917
vn -0.0000 -0.1017 -0.9948
vn -0.9910 -0.1341 -0.0019
vn -0.9920 -0.1260 -0.0000
vn -0.0022 -0.1126 0.9936
vn -0.0000 -0.0877 0.9961
vn 0.9935 -0.1136 -0.0000
vn -0.0357 -0.9994 0.0002
vn 0.0368 -0.0000 0.9993
vn -0.1799 -0.0000 0.9837
vn -0.2274 -0.0000 -0.9738
vn 0.3368 -0.0000 -0.9416
vn -0.0033 -0.1515 0.9885
vn 0.9888 -0.1494 0.0006
vn -0.0028 -0.1265 -0.9920
vn -0.9844 -0.1759 -0.0017
vn 0.0047 -0.1542 -0.9880
vn -0.9899 -0.1417 -0.0037
vn -0.0043 -0.1367 0.9906
vn 0.9870 -0.1603 -0.0110
vn 0.0026 -1.0000 0.0020
vn -0.0007 -0.9997 -0.0259
vn 0.0133 -0.9999 0.0015
vn -0.0217 -0.9997 -0.0143
vn -0.0042 -1.0000 -0.0065
vn 0.6498 -0.1028 0.7531
vn -0.1210 -0.9791 -0.1633
vn -0.9947 -0.0000 -0.1032
vn -0.8027 -0.0800 0.5910
vn 0.3735 -0.0622 0.9255
vn 0.0226 -0.9997 0.0128
vn 0.0020 -1.0000 0.0064
vn -0.0072 -1.0000 -0.0043
vn -0.0032 -1.0000 0.0059
vn -0.0105 -0.9999 -0.0029
vn -0.0043 -0.9999 -0.0125
vn 0.4162 -0.0079 -0.9092
vn 0.4450 -0.0000 -0.8955
vn 0.4553 0.0121 -0.8902
vn 0.0091 -1.0000 0.0028
vn 0.0045 -0.9997 -0.0255
vn -0.0078 -0.9999 -0.0110
vn -0.4042 0.0326 0.9141
vn -0.4091 -0.0000 0.9125
vn -0.3879 0.0049 0.9217
vn 0.0092 -1.0000 -0.0023
vn 0.0142 -0.9995 0.0273
vn -0.0084 -1.0000 -0.0000
vn -0.0005 -0.9999 -0.0109
vn -0.0002 -1.0000 0.0068
vn -0.0027 -1.0000 0.0079
vn -0.0076 -1.0000 0.0014
vn 0.0085 -0.9999 -0.0069
vn -0.0128 -0.9999 0.0039
vn 0.0028 -1.0000 -0.0017
vn 0.0046 -1.0000 0.0083
vn -0.2711 -0.0000 -0.9625
vn -0.2407 0.0003 -0.9706
vn -0.2431 -0.0184 -0.9698
vn -0.8242 -0.0000 0.5663
vn -0.8212 -0.0231 0.5702
vn 0.8005 -0.0149 -0.5991
vn 0.4087 0.0619 0.9106
vn 0.4744 -0.0198 0.8801
vn 0.4793 -0.0061 0.8776
vn -0.0000 -0.0042 1.0000
vn 0.0398 -0.0053 0.9992
vn 0.0072 -0.0000 1.0000
vn 0.0173 -0.9996 0.0240
vn 0.0169 -0.9996 0.0239
vn -0.4281 0.0254 0.9034
vn -0.3902 -0.0116 0.9207
vn -0.6269 -0.0781 -0.7752
vn -0.3563 -0.0963 -0.9294
vn 0.0095 -1.0000 -0.0002
vn 0.0203 -0.9997 -0.0161
vn -0.5631 -0.0203 0.8261
vn -0.8207 -0.0139 0.5712
vn 0.5434 -0.0166 -0.8393
vn 0.3028 0.1247 -0.9449
vn 0.3285 0.1410 -0.9339
vn 0.2869 0.1307 -0.9490
vn 0.8482 -0.0000 -0.5297
vn 0.8373 -0.0263 -0.5461
vn -0.6887 -0.0128 -0.7250
vn -0.6908 0.0315 -0.7224
vn -0.6905 -0.0000 -0.7233
vn 0.0005 -1.0000 -0.0077
vn -0.0230 -0.9997 0.0120
vn -0.5370 -0.1026 0.8373
vn 0.9881 -0.1212 0.0946
vn 0.9591 -0.0220 0.2824
vn 0.9313 -0.0558 0.3599
vn 0.8146 -0.0968 -0.5719
vn -0.6420 -0.0321 -0.7661
vn 0.3553 -0.0029 0.9348
vn 0.5638 -0.0928 -0.8207
vn 0.6273 -0.0056 0.7788
vn -0.8310 -0.0200 0.5559
vn 0.0033 -1.0000 -0.0001
vn 0.0069 -0.9999 0.0115
vn -0.0042 -0.9997 0.0256
vn -0.0072 -1.0000 -0.0028
vn 0.0084 -1.0000 -0.0007
vn 0.0033 -1.0000 -0.0070
vn 0.2445 0.0091 -0.9696
vn 0.1959 0.0012 -0.9806
vn 0.2122 -0.0000 -0.9772
vn 0.9088 0.0601 0.4130
vn 0.8568 -0.0164 0.5154
vn 0.8493 0.0949 0.5194
vn -0.0198 -0.9996 0.0225
vn -0.6960 -0.0106 -0.7179
vn 0.8670 0.0354 -0.4971
vn 0.8694 0.0027 -0.4940
vn -0.2471 0.0194 -0.9688
vn -0.2587 0.0021 -0.9660
vn -0.2666 -0.0341 -0.9632
vn 0.4733 -0.0083 0.8809
vn 0.4743 -0.0000 0.8804
vn 0.3885 0.0017 0.9214
vn 0.9052 0.0653 0.4199
vn 0.9431 -0.0134 0.3321
vn 0.9461 -0.0006 0.3238
vn -0.3807 -0.0216 -0.9245
vn 0.0362 0.0157 0.9992
vn -0.0010 0.0011 1.0000
vn -0.4280 0.0254 0.9034
vn 0.6273 -0.0056 0.7787
vn 0.0010 -0.6016 0.7988
vn -0.0017 -0.0367 0.9993
vn 0.0094 -0.7452 -0.6668
vn -0.0078 -0.9999 -0.0109
vn 0.8005 -0.0150 -0.5991
vn 0.3553 -0.0030 0.9348
vn 1.0000 0.0001 -0.0000
vn -1.0000 0.0001 -0.0000
vn -0.4033 -0.0662 0.9127
vn -0.3843 -0.1202 0.9154
vn -1.0000 -0.0001 -0.0006
vn 0.4460 -0.0000 0.8951
vn 0.9906 -0.1365 0.0003
vn 0.9999 -0.0102 -0.0000
vn 0.9999 -0.0108 -0.0000
vn -0.9903 -0.1390 -0.0009
vn -0.9920 -0.1259 -0.0000
vn -0.9910 -0.1342 -0.0019
vn 0.9887 -0.1496 0.0006
vn -0.9844 -0.1758 -0.0017
vn -0.9899 -0.1418 -0.0037
vn 0.9870 -0.1602 -0.0110
vn 0.3735 -0.0621 0.9255
vn 0.0020 -1.0000 0.0065
vn -0.0084 -1.0000 -0.0001
vn -0.8242 -0.0000 0.5664
vn 0.8005 -0.0152 -0.5991
vn -0.3902 -0.0116 0.9206
vn -0.6269 -0.0782 -0.7752
vn -0.5631 -0.0206 0.8261
vn -0.8207 -0.0138 0.5712
vn 0.5434 -0.0164 -0.8393
vn -0.6907 0.0315 -0.7224
vn 0.9881 -0.1213 0.0946
vn 0.9590 -0.0221 0.2824
vn 0.9313 -0.0558 0.3600
vn 0.8146 -0.0967 -0.5719
vn -0.6420 -0.0322 -0.7661
vn 0.3553 -0.0031 0.9348
vn 0.5638 -0.0929 -0.8207
vn -0.6960 -0.0106 -0.7180
vn 0.8694 0.0028 -0.4940
vn 0.4733 -0.0083 0.8808
vn 0.9052 0.0651 0.4199
vn 0.9431 -0.0136 0.3321
vn 0.9461 -0.0007 0.3239
vn -0.3807 -0.0215 -0.9245
vn -1.0000 -0.0003 -0.0000
vn -0.9903 -0.1388 -0.0009
vn -1.0000 -0.0040 -0.0000
vn -0.9920 -0.1261 -0.0000
vn 0.9935 -0.1135 -0.0000
vn 0.9888 -0.1495 0.0006
vn -0.9844 -0.1760 -0.0017
vn 0.6498 -0.1030 0.7531
vn -0.8027 -0.0802 0.5910
vn 0.8005 -0.0153 -0.5991
vn -0.6269 -0.0780 -0.7752
vn -0.3563 -0.0961 -0.9294
vn -0.5631 -0.0205 0.8261
vn -0.8207 -0.0136 0.5712
vn 0.9590 -0.0220 0.2824
vn 0.9313 -0.0557 0.3599
vn -0.6420 -0.0324 -0.7661
vn 0.5638 -0.0930 -0.8207
vn 0.9461 -0.0006 0.3239
vn -0.3807 -0.0217 -0.9245
vn -0.2070 0.9783 -0.0000
vn -0.0000 0.9736 -0.2285
vn -0.0000 0.9736 -0.2284
vn -0.0000 0.9736 0.2285
vn 0.2070 0.9783 -0.0000
vn -0.0028 -0.7414 0.6710
vt 0.144415 0.749781
vt 0.144390 0.762460
vt 0.144390 0.749779
vt 0.091097 0.387089
vt 0.091021 0.377814
vt 0.091129 0.387087
vt 0.090990 0.377793
vt 0.092532 0.377017
vt 0.092601 0.380322
vt 0.092569 0.376998
vt 0.570998 0.244071
vt 0.570995 0.244327
vt 0.570969 0.244342
vt 0.570969 0.243853
vt 0.571024 0.244057
vt 0.029705 0.380529
vt 0.029598 0.380735
vt 0.029559 0.380731
vt 0.029594 0.381023
vt 0.029627 0.380726
vt 0.029712 0.381274
vt 0.029565 0.381043
vt 0.029526 0.381052
vt 0.030027 0.381401
vt 0.029682 0.381312
vt 0.030570 0.381308
vt 0.030040 0.381358
vt 0.030565 0.381268
vt 0.031279 0.381029
vt 0.032136 0.380628
vt 0.031265 0.380987
vt 0.032127 0.380595
vt 0.041082 0.380632
vt 0.041183 0.387085
vt 0.041119 0.380630
vt 0.027896 0.387109
vt 0.015201 0.387106
vt 0.027909 0.387078
vt 0.076056 0.380604
vt 0.081884 0.387029
vt 0.081901 0.387088
vt 0.041104 0.380596
vt 0.032127 0.380550
vt 0.041115 0.380548
vt 0.106322 0.374862
vt 0.106589 0.375120
vt 0.106591 0.375160
vt 0.106140 0.374660
vt 0.106323 0.374825
vt 0.105955 0.374455
vt 0.106143 0.374625
vt 0.102944 0.371116
vt 0.105924 0.374382
vt 0.092553 0.376963
vt 0.090987 0.377746
vt 0.092538 0.376919
vt 0.055981 0.010131
vt 0.064383 0.000851
vt 0.056006 0.010142
vt 0.015191 0.000825
vt 0.076049 0.380558
vt 0.081889 0.000851
vt 0.032127 0.007389
vt 0.030564 0.006664
vt 0.029710 0.006656
vt 0.106328 0.001379
vt 0.110197 0.001008
vt 0.110375 0.373865
vt 0.110186 0.373662
vt 0.102932 0.005148
vt 0.102927 0.371058
vt 0.091010 0.010239
vt 0.144414 0.762455
vt 0.144403 0.762492
vt 0.027934 0.387098
vt 0.027940 0.387068
vt 0.076025 0.380569
vt 0.092579 0.376941
vt 0.092568 0.376914
vt 0.055972 0.010178
vt 0.027940 0.000834
vt 0.076019 0.380521
vt 0.076054 0.007322
vt 0.102906 0.005175
vt 0.102903 0.371031
vt 0.092567 0.011060
vt 0.064409 0.387058
vt 0.064409 0.000822
vt 0.144403 0.749745
vt 0.015159 0.387065
vt 0.081915 0.000822
vt 0.081910 0.387058
vt 0.144390 0.748123
vt 0.144417 0.735447
vt 0.144414 0.748127
vt 0.095766 0.377715
vt 0.095693 0.387086
vt 0.095661 0.387083
vt 0.094255 0.376910
vt 0.095790 0.377688
vt 0.094187 0.380249
vt 0.094217 0.380256
vt 0.054364 0.380564
vt 0.054352 0.380668
vt 0.054216 0.380455
vt 0.054356 0.380958
vt 0.054386 0.380979
vt 0.054241 0.381211
vt 0.053923 0.381341
vt 0.054268 0.381250
vt 0.053381 0.381246
vt 0.053911 0.381300
vt 0.053302 0.381259
vt 0.052672 0.380964
vt 0.053381 0.381204
vt 0.051821 0.380562
vt 0.052685 0.380922
vt 0.051773 0.380557
vt 0.042868 0.380562
vt 0.051823 0.380526
vt 0.042769 0.387082
vt 0.042804 0.387080
vt 0.089355 0.380604
vt 0.083527 0.387029
vt 0.089361 0.380558
vt 0.051823 0.380481
vt 0.042846 0.380526
vt 0.042835 0.380477
vt 0.097622 0.375161
vt 0.097392 0.375413
vt 0.097624 0.375121
vt 0.097891 0.374863
vt 0.098077 0.374661
vt 0.097890 0.374826
vt 0.098071 0.374626
vt 0.098260 0.374456
vt 0.101271 0.371117
vt 0.098291 0.374383
vt 0.101288 0.371060
vt 0.095799 0.377646
vt 0.094233 0.376855
vt 0.094249 0.376811
vt 0.066022 0.000851
vt 0.074398 0.010103
vt 0.074399 0.010142
vt 0.089366 0.007322
vt 0.083532 0.000851
vt 0.051823 0.007323
vt 0.053911 0.006512
vt 0.097395 0.000793
vt 0.097894 0.001380
vt 0.066021 0.387029
vt 0.000824 0.387081
vt 0.000800 0.387101
vt 0.000793 0.387071
vt 0.089385 0.380569
vt 0.094208 0.376833
vt 0.094217 0.376891
vt 0.098255 0.374423
vt 0.094218 0.376805
vt 0.065996 0.000822
vt 0.066004 0.000793
vt 0.074429 0.010137
vt 0.074433 0.010179
vt 0.000793 0.000834
vt 0.089391 0.380521
vt 0.089395 0.007354
vt 0.108590 0.001006
vt 0.108601 0.373663
vt 0.108412 0.373868
vt 0.098239 0.001763
vt 0.098274 0.001798
vt 0.101312 0.371032
vt 0.101293 0.005149
vt 0.101317 0.005176
vt 0.094248 0.010950
vt 0.065995 0.387058
vt 0.074423 0.377711
vt 0.083509 0.387087
vt 0.083500 0.387058
vt 0.013574 0.387070
vt 0.013542 0.000827
vt 0.013574 0.000836
vt 0.083505 0.000822
vt 0.111992 0.000821
vt 0.124691 0.256768
vt 0.111992 0.256764
vt 0.162610 0.006680
vt 0.169081 0.256718
vt 0.162610 0.250883
vt 0.143195 0.259139
vt 0.152144 0.503276
vt 0.143195 0.503277
vt 0.141665 0.258486
vt 0.142353 0.503637
vt 0.141665 0.503923
vt 0.142339 0.258733
vt 0.141145 0.504004
vt 0.141145 0.258399
vt 0.140817 0.258511
vt 0.140812 0.503930
vt 0.139065 0.258421
vt 0.138808 0.503576
vt 0.138808 0.258652
vt 0.138514 0.258918
vt 0.138514 0.503311
vt 0.138313 0.503129
vt 0.138313 0.259098
vt 0.138112 0.259280
vt 0.138110 0.502945
vt 0.134747 0.499912
vt 0.138070 0.259317
vt 0.138070 0.502909
vt 0.273053 0.491167
vt 0.274544 0.729461
vt 0.273032 0.730206
vt 0.151645 0.000845
vt 0.160937 0.248346
vt 0.151645 0.256723
vt 0.174094 0.840189
vt 0.173938 0.852884
vt 0.174068 0.840183
vt 0.164827 0.840151
vt 0.164807 0.840186
vt 0.274540 0.491814
vt 0.273040 0.491113
vt 0.273065 0.491087
vt 0.680750 0.243248
vt 0.681084 0.239951
vt 0.680780 0.243245
vt 0.680918 0.243470
vt 0.680948 0.243466
vt 0.681008 0.243682
vt 0.681018 0.243981
vt 0.681038 0.243682
vt 0.681046 0.243991
vt 0.140657 0.258688
vt 0.140809 0.258471
vt 0.140686 0.258706
vt 0.681084 0.244005
vt 0.680908 0.244248
vt 0.681077 0.243682
vt 0.141134 0.258361
vt 0.140785 0.258443
vt 0.141672 0.258446
vt 0.142368 0.258701
vt 0.143207 0.259065
vt 0.152141 0.259065
vt 0.143197 0.259097
vt 0.173952 0.852918
vt 0.167495 0.852894
vt 0.124676 0.000793
vt 0.124690 0.000821
vt 0.162617 0.006639
vt 0.169081 0.000845
vt 0.152162 0.259098
vt 0.152172 0.259137
vt 0.138810 0.258616
vt 0.138512 0.258884
vt 0.138310 0.259067
vt 0.138105 0.259251
vt 0.134766 0.262262
vt 0.134747 0.262314
vt 0.274560 0.491864
vt 0.274545 0.491904
vt 0.160935 0.009187
vt 0.160964 0.009247
vt 0.124721 0.000830
vt 0.162581 0.250857
vt 0.152176 0.503284
vt 0.134720 0.262338
vt 0.134720 0.499888
vt 0.274575 0.729456
vt 0.151616 0.000819
vt 0.151616 0.256749
vt 0.124714 0.000804
vt 0.162583 0.006670
vt 0.134731 0.262294
vt 0.273025 0.491142
vt 0.274575 0.491908
vt 0.151626 0.000793
vt 0.111961 0.000830
vt 0.111961 0.256756
vt 0.169110 0.256744
vt 0.111967 0.000803
vt 0.112005 0.000793
vt 0.169100 0.000793
vt 0.169110 0.000819
vt 0.659533 0.841899
vt 0.659428 0.829203
vt 0.659560 0.841893
vt 0.650196 0.841931
vt 0.650177 0.841897
vt 0.274540 0.729551
vt 0.273040 0.730243
vt 0.274560 0.729501
vt 0.681658 0.485343
vt 0.681970 0.488676
vt 0.681939 0.488674
vt 0.681799 0.488896
vt 0.681708 0.489112
vt 0.681678 0.489112
vt 0.681658 0.489011
vt 0.681696 0.489415
vt 0.681667 0.489426
vt 0.140656 0.503722
vt 0.140785 0.503964
vt 0.141134 0.504045
vt 0.141671 0.503960
vt 0.108412 0.386262
vt 0.108440 0.385328
vt 0.108440 0.386950
vt 0.683665 0.483870
vt 0.683629 0.483941
vt 0.683555 0.483157
vt 0.152141 0.503354
vt 0.143197 0.503317
vt 0.152162 0.503320
vt 0.659416 0.829165
vt 0.652892 0.829189
vt 0.652902 0.829152
vt 0.112006 0.256793
vt 0.162617 0.250924
vt 0.169100 0.256771
vt 0.142376 0.503681
vt 0.139068 0.503841
vt 0.138810 0.503613
vt 0.138512 0.503344
vt 0.138307 0.503161
vt 0.138105 0.502975
vt 0.134766 0.499964
vt 0.160935 0.248382
vt 0.151626 0.256775
vt 0.143201 0.503350
vt 0.143248 0.503346
vt 0.124714 0.256786
vt 0.124676 0.256796
vt 0.162582 0.250893
vt 0.134731 0.499932
vt 0.160971 0.248350
vt 0.111967 0.256782
vt 0.031266 0.006942
vt 0.030039 0.006567
vt 0.106594 0.001084
vt 0.106823 0.375413
vt 0.106145 0.001547
vt 0.064382 0.387029
vt 0.000834 0.000793
vt 0.042836 0.007317
vt 0.053391 0.006603
vt 0.052685 0.006881
vt 0.097629 0.001086
vt 0.108412 0.000793
vt 0.095777 0.010143
vt 0.112054 0.598730
vt 0.112024 0.611412
vt 0.112028 0.598728
vt 0.091021 0.010152
vt 0.091097 0.000793
vt 0.091129 0.000795
vt 0.092532 0.010957
vt 0.090997 0.010179
vt 0.092601 0.007621
vt 0.092571 0.007614
vt 0.574280 0.244070
vt 0.574280 0.244323
vt 0.574251 0.244056
vt 0.574307 0.243853
vt 0.029594 0.006908
vt 0.029598 0.007199
vt 0.029565 0.006888
vt 0.029526 0.006879
vt 0.029682 0.006617
vt 0.029559 0.007203
vt 0.030027 0.006527
vt 0.030570 0.006621
vt 0.031279 0.006903
vt 0.032136 0.007307
vt 0.041082 0.007305
vt 0.032127 0.007341
vt 0.041183 0.000793
vt 0.041149 0.000795
vt 0.076061 0.007277
vt 0.041104 0.007341
vt 0.041114 0.007384
vt 0.106596 0.001044
vt 0.106827 0.000793
vt 0.106327 0.001342
vt 0.102949 0.005091
vt 0.105951 0.001797
vt 0.092553 0.011011
vt 0.056006 0.377777
vt 0.055981 0.377711
vt 0.027899 0.000793
vt 0.027934 0.000804
vt 0.076030 0.007311
vt 0.092579 0.011033
vt 0.092569 0.010975
vt 0.090981 0.010211
vt 0.064400 0.387087
vt 0.015166 0.000805
vt 0.015204 0.000794
vt 0.081906 0.000793
vt 0.152152 0.735447
vt 0.152176 0.748128
vt 0.152152 0.748124
vt 0.095693 0.000793
vt 0.095766 0.010055
vt 0.095661 0.000795
vt 0.095797 0.010077
vt 0.094255 0.010852
vt 0.094187 0.007551
vt 0.094217 0.010871
vt 0.572639 0.244106
vt 0.572639 0.243852
vt 0.572665 0.243836
vt 0.572665 0.244325
vt 0.572610 0.244121
vt 0.054060 0.007543
vt 0.054244 0.007340
vt 0.054367 0.007221
vt 0.054356 0.006847
vt 0.054352 0.007134
vt 0.054323 0.007144
vt 0.054239 0.006596
vt 0.054386 0.006827
vt 0.053923 0.006469
vt 0.054269 0.006559
vt 0.053381 0.006563
vt 0.053310 0.006548
vt 0.052672 0.006841
vt 0.051822 0.007239
vt 0.051823 0.007275
vt 0.051772 0.007244
vt 0.042868 0.007237
vt 0.042769 0.000793
vt 0.042831 0.007239
vt 0.089360 0.007277
vt 0.083514 0.000793
vt 0.042846 0.007273
vt 0.097896 0.001343
vt 0.097626 0.001045
vt 0.098078 0.001549
vt 0.101275 0.005092
vt 0.098265 0.001753
vt 0.094233 0.010906
vt 0.074423 0.377749
vt 0.152178 0.735445
vt 0.152165 0.735413
vt 0.000800 0.000804
vt 0.089390 0.007311
vt 0.094208 0.010928
vt 0.094218 0.010955
vt 0.152163 0.748163
vt 0.013567 0.000807
vt 0.013529 0.000795
vt 0.126337 0.256766
vt 0.139039 0.000826
vt 0.139039 0.256767
vt 0.177195 0.250884
vt 0.170724 0.000845
vt 0.177195 0.006680
vt 0.162612 0.503263
vt 0.171558 0.259128
vt 0.171560 0.503266
vt 0.172383 0.503659
vt 0.173084 0.258480
vt 0.173084 0.503920
vt 0.172421 0.258722
vt 0.173604 0.504002
vt 0.173604 0.258394
vt 0.173932 0.258505
vt 0.173937 0.503926
vt 0.154025 0.503556
vt 0.153770 0.258401
vt 0.154025 0.258632
vt 0.154320 0.258898
vt 0.154320 0.503291
vt 0.154521 0.503109
vt 0.154521 0.259078
vt 0.158089 0.499892
vt 0.154742 0.259275
vt 0.158089 0.262294
vt 0.468334 0.728615
vt 0.469822 0.490326
vt 0.469822 0.729350
vt 0.150002 0.256723
vt 0.140685 0.009248
vt 0.150002 0.000845
vt 0.459893 0.840565
vt 0.459793 0.827869
vt 0.459919 0.840569
vt 0.469142 0.827836
vt 0.459778 0.827836
vt 0.469834 0.490272
vt 0.468338 0.490967
vt 0.469809 0.490246
vt 0.679738 0.486080
vt 0.680073 0.489415
vt 0.680036 0.489425
vt 0.679907 0.485855
vt 0.679768 0.486082
vt 0.679997 0.485641
vt 0.679936 0.485859
vt 0.680026 0.485641
vt 0.680065 0.485641
vt 0.680006 0.485339
vt 0.173940 0.258465
vt 0.174093 0.258681
vt 0.174064 0.258699
vt 0.680035 0.485328
vt 0.680073 0.485314
vt 0.173615 0.258356
vt 0.173964 0.258437
vt 0.173077 0.258440
vt 0.172383 0.258692
vt 0.171546 0.259054
vt 0.171556 0.259085
vt 0.162614 0.259050
vt 0.459906 0.840603
vt 0.466437 0.840579
vt 0.466427 0.840616
vt 0.139026 0.000798
vt 0.126337 0.000821
vt 0.126351 0.000793
vt 0.177188 0.006639
vt 0.170705 0.000793
vt 0.162594 0.259084
vt 0.162611 0.259128
vt 0.154023 0.258595
vt 0.153764 0.258361
vt 0.154321 0.258864
vt 0.154524 0.259047
vt 0.154731 0.259231
vt 0.158070 0.262242
vt 0.468318 0.491016
vt 0.468334 0.491056
vt 0.140712 0.009187
vt 0.126307 0.000830
vt 0.177224 0.006706
vt 0.177224 0.250858
vt 0.162580 0.503272
vt 0.162580 0.259119
vt 0.154725 0.502926
vt 0.154703 0.259241
vt 0.158116 0.262318
vt 0.158116 0.499868
vt 0.140656 0.248297
vt 0.140684 0.248323
vt 0.468304 0.491061
vt 0.150031 0.256749
vt 0.150031 0.000819
vt 0.459767 0.827874
vt 0.469162 0.827871
vt 0.469178 0.827847
vt 0.468301 0.490984
vt 0.162577 0.259052
vt 0.126314 0.000803
vt 0.177223 0.006670
vt 0.468292 0.491036
vt 0.139070 0.000835
vt 0.139070 0.256759
vt 0.170725 0.256718
vt 0.170695 0.000819
vt 0.139064 0.000808
vt 0.555543 0.830467
vt 0.555384 0.843161
vt 0.555519 0.830470
vt 0.555411 0.843166
vt 0.564664 0.843199
vt 0.555396 0.843199
vt 0.469834 0.729404
vt 0.468338 0.728706
vt 0.468318 0.728655
vt 0.682670 0.243987
vt 0.682983 0.240684
vt 0.682707 0.243997
vt 0.682952 0.240687
vt 0.682812 0.240462
vt 0.682721 0.240251
vt 0.682783 0.240467
vt 0.682692 0.240252
vt 0.682710 0.239952
vt 0.174094 0.503716
vt 0.173964 0.503961
vt 0.682670 0.240336
vt 0.682680 0.239941
vt 0.173615 0.504042
vt 0.173078 0.503956
vt 0.172383 0.503702
vt 0.171552 0.503340
vt 0.171558 0.503308
vt 0.112084 0.614674
vt 0.112017 0.615666
vt 0.111960 0.616373
vt 0.162614 0.503341
vt 0.162594 0.503308
vt 0.561996 0.830456
vt 0.555531 0.830432
vt 0.561986 0.830419
vt 0.126351 0.256794
vt 0.139026 0.256796
vt 0.177189 0.250924
vt 0.170705 0.256771
vt 0.154321 0.503324
vt 0.154524 0.503141
vt 0.154731 0.502955
vt 0.154766 0.502889
vt 0.158070 0.499944
vt 0.140712 0.248382
vt 0.150022 0.256775
vt 0.469842 0.729435
vt 0.469808 0.729430
vt 0.468301 0.728687
vt 0.162577 0.503339
vt 0.126314 0.256783
vt 0.177223 0.250893
vt 0.158105 0.499912
vt 0.140677 0.248350
vt 0.139064 0.256785
vt 0.092571 0.380329
vt 0.570993 0.243836
vt 0.041149 0.387083
vt 0.105960 0.374422
vt 0.064401 0.000793
vt 0.110375 0.000793
vt 0.102913 0.371080
vt 0.076025 0.007355
vt 0.105985 0.001762
vt 0.015166 0.387095
vt 0.015159 0.000835
vt 0.144392 0.735447
vt 0.095801 0.377722
vt 0.579544 0.244136
vt 0.579553 0.243865
vt 0.579577 0.243885
vt 0.128759 0.501554
vt 0.128759 0.501790
vt 0.128734 0.501774
vt 0.579577 0.244312
vt 0.054323 0.380659
vt 0.042831 0.380561
vt 0.013533 0.387110
vt 0.000838 0.387112
vt 0.144401 0.748160
vt 0.095806 0.010115
vt 0.144404 0.735413
vt 0.013567 0.387099
vt 0.173964 0.852880
vt 0.174083 0.840151
vt 0.681047 0.239941
vt 0.167505 0.852930
vt 0.139070 0.258381
vt 0.124721 0.256759
vt 0.162577 0.006709
vt 0.160991 0.009272
vt 0.160975 0.248314
vt 0.273031 0.491082
vt 0.274577 0.491831
vt 0.152178 0.259067
vt 0.160970 0.009218
vt 0.659402 0.829200
vt 0.659548 0.841931
vt 0.273065 0.730269
vt 0.681696 0.485333
vt 0.140686 0.503703
vt 0.683555 0.484488
vt 0.713250 0.484256
vt 0.713236 0.483326
vt 0.713250 0.483280
vt 0.650161 0.841920
vt 0.274577 0.729533
vt 0.152178 0.503351
vt 0.112047 0.611408
vt 0.090986 0.010145
vt 0.574307 0.244339
vt 0.574282 0.243836
vt 0.029705 0.007407
vt 0.029628 0.007208
vt 0.041119 0.007306
vt 0.105960 0.001751
vt 0.112042 0.598696
vt 0.102918 0.005126
vt 0.055975 0.377743
vt 0.112036 0.611446
vt 0.094217 0.007544
vt 0.572641 0.244342
vt 0.042804 0.000794
vt 0.066004 0.387087
vt 0.101307 0.005127
vt 0.153766 0.503821
vt 0.679897 0.485069
vt 0.150022 0.000793
vt 0.126307 0.256757
vt 0.469850 0.490302
vt 0.468304 0.728611
vt 0.158105 0.262274
vt 0.140677 0.009218
vt 0.170695 0.256744
vt 0.564683 0.843164
vt 0.174064 0.503697
vt 0.111999 0.616433
vt 0.112097 0.616977
vt 0.112097 0.614720
vt 0.171504 0.503337
vt 0.154023 0.503593
vt 0.468292 0.728635
vt 0.469849 0.729377
vt 0.178810 0.728285
vt 0.259278 0.729850
vt 0.180545 0.729849
vt 0.138709 0.736832
vt 0.140771 0.815565
vt 0.138709 0.815565
vt 0.752001 0.726306
vt 0.832469 0.724743
vt 0.830734 0.726307
vt 0.749988 0.724492
vt 0.832746 0.724493
vt 0.368270 0.815829
vt 0.369103 0.733072
vt 0.369103 0.815829
vt 0.760489 0.245937
vt 0.842037 0.247027
vt 0.761698 0.247027
vt 0.150118 0.815849
vt 0.150476 0.735413
vt 0.150476 0.815946
vt 0.277567 0.734337
vt 0.356696 0.733072
vt 0.355293 0.734337
vt 0.132425 0.817551
vt 0.132944 0.895389
vt 0.132431 0.895278
vt 0.133134 0.817255
vt 0.133134 0.895561
vt 0.022712 0.395510
vt 0.101400 0.395172
vt 0.101018 0.395514
vt 0.020613 0.393612
vt 0.103199 0.393549
vt 0.020515 0.393515
vt 0.103371 0.393395
vt 0.015159 0.388695
vt 0.108583 0.388696
vt 0.112024 0.597029
vt 0.112114 0.503525
vt 0.112114 0.597110
vt 0.276793 0.246505
vt 0.370701 0.246214
vt 0.370379 0.246506
vt 0.276452 0.246199
vt 0.370988 0.245957
vt 0.654307 0.732264
vt 0.654756 0.827352
vt 0.654285 0.827087
vt 0.654780 0.732003
vt 0.654931 0.827469
vt 0.656479 0.731896
vt 0.656479 0.827469
vt 0.656837 0.827566
vt 0.656837 0.731799
vt 0.373516 0.000793
vt 0.467880 0.002058
vt 0.374920 0.002058
vt 0.370940 0.820072
vt 0.371469 0.727003
vt 0.371469 0.820187
vt 0.564780 0.490246
vt 0.472823 0.491352
vt 0.471596 0.490252
vt 0.564786 0.731481
vt 0.563560 0.491352
vt 0.563560 0.730375
vt 0.471603 0.731475
vt 0.472823 0.730375
vt 0.273556 0.824929
vt 0.273028 0.731854
vt 0.273556 0.731969
vt 0.374920 0.243086
vt 0.469284 0.244352
vt 0.373516 0.244351
vt 0.650161 0.731799
vt 0.650519 0.827469
vt 0.650161 0.827567
vt 0.652066 0.827469
vt 0.650519 0.731895
vt 0.652066 0.731896
vt 0.652204 0.732004
vt 0.652693 0.827102
vt 0.652208 0.827358
vt 0.371007 0.488665
vt 0.276421 0.488430
vt 0.370709 0.488390
vt 0.276795 0.488093
vt 0.370319 0.488034
vt 0.148032 0.600880
vt 0.147947 0.694323
vt 0.147947 0.600801
vt 0.103371 0.625440
vt 0.015159 0.630138
vt 0.020502 0.625310
vt 0.103213 0.625289
vt 0.022327 0.623676
vt 0.101412 0.623665
vt 0.022712 0.623331
vt 0.128973 0.817021
vt 0.128774 0.895153
vt 0.128774 0.816838
vt 0.129483 0.894858
vt 0.128967 0.894963
vt 0.277567 0.961629
vt 0.356696 0.962895
vt 0.276163 0.962895
vt 0.173736 0.815946
vt 0.174094 0.735509
vt 0.174094 0.815848
vt 0.760489 0.477765
vt 0.842037 0.476675
vt 0.843246 0.477765
vt 0.126316 0.817724
vt 0.127150 0.734967
vt 0.127150 0.817724
vt 0.749988 0.956318
vt 0.832469 0.956070
vt 0.832746 0.956320
vt 0.752001 0.954504
vt 0.830734 0.954505
vt 0.137123 0.895883
vt 0.135060 0.817151
vt 0.137123 0.817151
vt 0.180546 0.958048
vt 0.261013 0.959613
vt 0.178810 0.959613
vt 0.168282 0.733826
vt 0.166222 0.505628
vt 0.168282 0.505628
vt 0.750265 0.956069
vt 0.126316 0.733381
vt 0.127148 0.501554
vt 0.127148 0.733381
vt 0.761698 0.476675
vt 0.135081 0.505514
vt 0.134720 0.735247
vt 0.134720 0.505426
vt 0.001518 0.634101
vt 0.001001 0.861491
vt 0.000998 0.634006
vt 0.000793 0.861662
vt 0.000796 0.633840
vt 0.022340 0.395160
vt 0.020613 0.625220
vt 0.127059 0.499968
vt 0.127148 0.258454
vt 0.127148 0.499896
vt 0.276166 0.488656
vt 0.276163 0.245937
vt 0.663465 0.246129
vt 0.663956 0.489067
vt 0.663451 0.489313
vt 0.112444 0.258576
vt 0.111981 0.501525
vt 0.111961 0.258816
vt 0.663309 0.246025
vt 0.663309 0.489405
vt 0.112624 0.258469
vt 0.112478 0.501755
vt 0.114169 0.258470
vt 0.112624 0.501852
vt 0.661402 0.489493
vt 0.661764 0.246024
vt 0.661764 0.489405
vt 0.114531 0.258382
vt 0.114169 0.501852
vt 0.662845 0.000896
vt 0.662312 0.242028
vt 0.662311 0.000793
vt 0.671326 0.000793
vt 0.670793 0.241916
vt 0.670793 0.000891
vt 0.467880 0.243086
vt 0.469284 0.000793
vt 0.108603 0.630151
vt 0.101028 0.623327
vt 0.929695 0.473582
vt 0.929889 0.245937
vt 0.929896 0.473749
vt 0.929175 0.473487
vt 0.929692 0.246099
vt 0.355293 0.961629
vt 0.155712 0.735141
vt 0.156074 0.505407
vt 0.156074 0.735229
vt 0.843246 0.245937
vt 0.116117 0.503525
vt 0.116949 0.735351
vt 0.116117 0.735351
vt 0.103148 0.631736
vt 0.105208 0.859933
vt 0.103148 0.859933
vt 0.259278 0.958048
vt 0.261013 0.728285
vt 0.741869 0.729847
vt 0.661402 0.728282
vt 0.743605 0.728282
vt 0.155827 0.736814
vt 0.153764 0.815547
vt 0.153764 0.736814
vt 0.928324 0.001043
vt 0.847856 0.002607
vt 0.846120 0.001042
vt 0.845843 0.000793
vt 0.366684 0.733072
vt 0.365851 0.815829
vt 0.365851 0.733072
vt 0.831536 0.492169
vt 0.749988 0.491079
vt 0.832745 0.491079
vt 0.164879 0.735412
vt 0.164521 0.815848
vt 0.164521 0.735510
vt 0.454050 0.733067
vt 0.374920 0.734333
vt 0.373516 0.733067
vt 0.129296 0.815071
vt 0.128777 0.737234
vt 0.129293 0.737129
vt 0.129486 0.736938
vt 0.556899 0.253055
vt 0.478211 0.253393
vt 0.477839 0.253043
vt 0.476112 0.251495
vt 0.476013 0.251406
vt 0.558698 0.251432
vt 0.470658 0.246578
vt 0.558870 0.251278
vt 0.169957 0.695907
vt 0.169957 0.789418
vt 0.169867 0.695989
vt 0.564487 0.246216
vt 0.470576 0.246505
vt 0.470236 0.246199
vt 0.564776 0.245952
vt 0.469947 0.245937
vt 0.555867 0.828629
vt 0.555401 0.733532
vt 0.555877 0.733272
vt 0.556025 0.733164
vt 0.557572 0.733164
vt 0.556025 0.828737
vt 0.557930 0.828834
vt 0.557572 0.828737
vt 0.274578 0.000793
vt 0.180213 0.002058
vt 0.178810 0.000793
vt 0.462412 0.733067
vt 0.461882 0.826137
vt 0.461882 0.733176
vt 0.277390 0.491357
vt 0.369347 0.490251
vt 0.368127 0.491357
vt 0.369354 0.731480
vt 0.368127 0.730380
vt 0.276163 0.731486
vt 0.277390 0.730380
vt 0.276170 0.490257
vt 0.148476 0.696023
vt 0.147948 0.789099
vt 0.147947 0.695909
vt 0.274578 0.244352
vt 0.180214 0.243086
vt 0.273174 0.243086
vt 0.262957 0.823955
vt 0.262599 0.728285
vt 0.262957 0.728381
vt 0.264504 0.823955
vt 0.264651 0.728492
vt 0.264646 0.823844
vt 0.265138 0.823584
vt 0.265137 0.728748
vt 0.470204 0.488430
vt 0.564786 0.488660
vt 0.469949 0.488656
vt 0.564484 0.488389
vt 0.470578 0.488093
vt 0.564096 0.488040
vt 0.470658 0.488021
vt 0.558870 0.483323
vt 0.476037 0.483180
vt 0.475870 0.483321
vt 0.477828 0.481547
vt 0.558712 0.483172
vt 0.556528 0.481215
vt 0.478220 0.481204
vt 0.113897 0.895371
vt 0.113699 0.817255
vt 0.113900 0.817430
vt 0.114412 0.895265
vt 0.114405 0.817539
vt 0.454050 0.962890
vt 0.374920 0.961625
vt 0.452646 0.961625
vt 0.118893 0.735030
vt 0.118535 0.815467
vt 0.118535 0.734933
vt 0.831536 0.721816
vt 0.749988 0.722906
vt 0.751197 0.721816
vt 0.176513 0.817702
vt 0.175680 0.734945
vt 0.176513 0.734945
vt 0.928324 0.232370
vt 0.845843 0.232619
vt 0.846120 0.232369
vt 0.926589 0.230805
vt 0.847856 0.230804
vt 0.138709 0.817151
vt 0.140771 0.895883
vt 0.138709 0.895882
vt 0.743605 0.959610
vt 0.663137 0.958045
vt 0.741869 0.958046
vt 0.663137 0.729847
vt 0.661402 0.959610
vt 0.174094 0.505628
vt 0.172035 0.733826
vt 0.172035 0.505628
vt 0.176511 0.501532
vt 0.175680 0.733359
vt 0.175680 0.501532
vt 0.751197 0.492169
vt 0.139070 0.735159
vt 0.138709 0.505426
vt 0.139070 0.505514
vt 0.373516 0.962890
vt 0.011135 0.861491
vt 0.011644 0.634101
vt 0.011644 0.861392
vt 0.010926 0.861652
vt 0.011124 0.634006
vt 0.128827 0.258454
vt 0.128738 0.499968
vt 0.128734 0.258381
vt 0.011644 0.631829
vt 0.011149 0.388885
vt 0.011636 0.389111
vt 0.116124 0.501520
vt 0.116612 0.258571
vt 0.116627 0.501755
vt 0.010997 0.632166
vt 0.011148 0.632070
vt 0.116774 0.258469
vt 0.116774 0.501852
vt 0.118319 0.258470
vt 0.118319 0.501852
vt 0.009452 0.388785
vt 0.009090 0.632254
vt 0.009090 0.388698
vt 0.118681 0.501940
vt 0.118681 0.258382
vt 0.666552 0.242021
vt 0.667086 0.000896
vt 0.667086 0.241924
vt 0.669204 0.242019
vt 0.668672 0.000891
vt 0.669207 0.000793
vt 0.273174 0.002058
vt 0.010997 0.388786
vt 0.564089 0.246573
vt 0.556914 0.481560
vt 0.556526 0.253391
vt 0.107315 0.631902
vt 0.107517 0.859560
vt 0.107312 0.859386
vt 0.106793 0.859292
vt 0.106793 0.632002
vt 0.452646 0.734333
vt 0.122303 0.733348
vt 0.121941 0.503613
vt 0.122303 0.503525
vt 0.124721 0.735351
vt 0.123889 0.503525
vt 0.124721 0.503526
vt 0.928601 0.000794
vt 0.926589 0.002608
vt 0.152178 0.733827
vt 0.150118 0.505630
vt 0.152178 0.505631
vt 0.553799 0.733067
vt 0.473331 0.734631
vt 0.471596 0.733067
vt 0.135060 0.815565
vt 0.137123 0.736833
vt 0.137123 0.815565
vt 0.925578 0.247752
vt 0.845109 0.246187
vt 0.927313 0.246188
vt 0.927590 0.245938
vt 0.120482 0.817690
vt 0.121316 0.734933
vt 0.121316 0.817691
vt 0.097916 0.631736
vt 0.016368 0.632826
vt 0.015159 0.631736
vt 0.142357 0.735512
vt 0.142715 0.815947
vt 0.142357 0.815851
vt 0.613986 0.650273
vt 0.693116 0.651538
vt 0.615390 0.651538
vt 0.123889 0.814958
vt 0.124412 0.737120
vt 0.124404 0.815062
vt 0.124601 0.815255
vt 0.124601 0.736936
vt 0.653175 0.007604
vt 0.574484 0.007269
vt 0.653549 0.007264
vt 0.655271 0.005711
vt 0.572685 0.005646
vt 0.655370 0.005622
vt 0.567302 0.000793
vt 0.660725 0.000794
vt 0.148037 0.599215
vt 0.147947 0.505712
vt 0.148037 0.505630
vt 0.373818 0.246206
vt 0.467734 0.246505
vt 0.374148 0.246503
vt 0.468068 0.246206
vt 0.373532 0.245949
vt 0.468361 0.245937
vt 0.455651 0.828374
vt 0.456101 0.733283
vt 0.456136 0.828636
vt 0.456275 0.733165
vt 0.456275 0.828738
vt 0.457823 0.828738
vt 0.457823 0.733165
vt 0.458181 0.733067
vt 0.458181 0.828834
vt 0.276163 0.000793
vt 0.370527 0.002058
vt 0.277567 0.002058
vt 0.659563 0.824983
vt 0.659031 0.731907
vt 0.659563 0.731799
vt 0.373516 0.490246
vt 0.465480 0.491353
vt 0.374743 0.491353
vt 0.373523 0.731476
vt 0.374743 0.730375
vt 0.466707 0.731482
vt 0.465480 0.730375
vt 0.466700 0.490252
vt 0.563648 0.733067
vt 0.564179 0.826141
vt 0.563648 0.826250
vt 0.370527 0.243086
vt 0.276163 0.244351
vt 0.277567 0.243086
vt 0.745190 0.824050
vt 0.745549 0.728379
vt 0.745549 0.823952
vt 0.747096 0.728379
vt 0.747096 0.823952
vt 0.747243 0.823841
vt 0.747237 0.728488
vt 0.747724 0.728741
vt 0.747735 0.823577
vt 0.468353 0.488652
vt 0.373825 0.488386
vt 0.468065 0.488394
vt 0.467734 0.488094
vt 0.374222 0.488025
vt 0.660725 0.242237
vt 0.572642 0.237421
vt 0.655513 0.237537
vt 0.655352 0.237398
vt 0.572755 0.237318
vt 0.653550 0.235777
vt 0.574472 0.235762
vt 0.653163 0.235419
vt 0.574859 0.235426
vt 0.363626 0.817598
vt 0.363432 0.895718
vt 0.363432 0.817415
vt 0.364138 0.895429
vt 0.364141 0.817703
vt 0.693116 0.878830
vt 0.613986 0.880096
vt 0.615390 0.878830
vt 0.162935 0.815848
vt 0.162577 0.735412
vt 0.162935 0.735509
vt 0.096707 0.862474
vt 0.015159 0.863564
vt 0.016368 0.862474
vt 0.159702 0.817706
vt 0.160535 0.734949
vt 0.160535 0.817706
vt 0.927590 0.477765
vt 0.845109 0.477513
vt 0.927313 0.477515
vt 0.846845 0.475949
vt 0.925578 0.475950
vt 0.131071 0.815669
vt 0.133134 0.736938
vt 0.133134 0.815670
vt 0.552063 0.962830
vt 0.471596 0.964395
vt 0.473331 0.962830
vt 0.552063 0.734632
vt 0.553799 0.964395
vt 0.101562 0.859933
vt 0.099502 0.631736
vt 0.101562 0.631737
vt 0.130717 0.735350
vt 0.129884 0.503525
vt 0.130717 0.503525
vt 0.096707 0.632827
vt 0.118535 0.503613
vt 0.118897 0.733348
vt 0.118535 0.733260
vt 0.694520 0.650273
vt 0.007248 0.634107
vt 0.007759 0.861490
vt 0.007248 0.861397
vt 0.007767 0.634012
vt 0.007964 0.861653
vt 0.175773 0.499947
vt 0.175680 0.258430
vt 0.175773 0.258356
vt 0.373516 0.488661
vt 0.122158 0.501514
vt 0.122670 0.258568
vt 0.122662 0.501756
vt 0.002880 0.388891
vt 0.003342 0.631835
vt 0.002845 0.632068
vt 0.122814 0.501852
vt 0.002700 0.388786
vt 0.002700 0.632166
vt 0.001155 0.388785
vt 0.001155 0.632166
vt 0.124721 0.501940
vt 0.124359 0.258470
vt 0.124721 0.258382
vt 0.000793 0.632254
vt 0.371931 0.000793
vt 0.667662 0.487066
vt 0.668194 0.245937
vt 0.668197 0.487164
vt 0.664433 0.242021
vt 0.664966 0.000890
vt 0.664966 0.241918
vt 0.122814 0.258469
vt 0.572514 0.005492
vt 0.567294 0.242241
vt 0.574855 0.007605
vt 0.005140 0.634004
vt 0.004941 0.861662
vt 0.004942 0.633840
vt 0.005662 0.861395
vt 0.005662 0.634104
vt 0.157754 0.505407
vt 0.158116 0.735139
vt 0.157754 0.735227
vt 0.160534 0.501536
vt 0.159702 0.733363
vt 0.159702 0.501536
vt 0.844832 0.477763
vt 0.844832 0.245937
vt 0.846845 0.247751
vt 0.162577 0.505628
vt 0.164636 0.733826
vt 0.162577 0.733826
vt 0.568107 0.733363
vt 0.648575 0.731799
vt 0.646840 0.733364
vt 0.113699 0.736937
vt 0.115762 0.815669
vt 0.113699 0.815669
vt 0.834608 0.491328
vt 0.915076 0.492894
vt 0.836343 0.492893
vt 0.917088 0.491080
vt 0.834330 0.491079
vt 0.364266 0.733072
vt 0.363432 0.815829
vt 0.363432 0.733072
vt 0.762710 0.001883
vt 0.844258 0.000793
vt 0.843048 0.001883
vt 0.146361 0.815946
vt 0.146003 0.735511
vt 0.146361 0.735413
vt 0.997804 0.492344
vt 0.918674 0.491079
vt 0.999207 0.491079
vt 0.118698 0.817223
vt 0.118180 0.895060
vt 0.118193 0.817333
vt 0.118893 0.817052
vt 0.118698 0.895165
vt 0.573575 0.252413
vt 0.652268 0.252745
vt 0.573960 0.252762
vt 0.654362 0.250856
vt 0.652635 0.252403
vt 0.571605 0.250636
vt 0.654460 0.250767
vt 0.571776 0.250791
vt 0.659816 0.245938
vt 0.169957 0.505628
vt 0.169867 0.599132
vt 0.169867 0.505709
vt 0.471496 0.001359
vt 0.565414 0.001059
vt 0.565082 0.001360
vt 0.470881 0.000805
vt 0.471158 0.001057
vt 0.559999 0.733274
vt 0.559532 0.828373
vt 0.559516 0.733546
vt 0.560156 0.828737
vt 0.559990 0.828624
vt 0.560156 0.733164
vt 0.561704 0.828737
vt 0.562062 0.733067
vt 0.561704 0.733164
vt 0.273174 0.247203
vt 0.178810 0.245937
vt 0.274577 0.245937
vt 0.468293 0.731136
vt 0.468822 0.824205
vt 0.468292 0.824097
vt 0.658336 0.490084
vt 0.566379 0.488977
vt 0.659563 0.488984
vt 0.567599 0.490084
vt 0.566372 0.730207
vt 0.567599 0.729107
vt 0.659556 0.730213
vt 0.658336 0.729107
vt 0.460297 0.826135
vt 0.459767 0.733067
vt 0.460297 0.733175
vt 0.178810 0.489496
vt 0.273174 0.488230
vt 0.274577 0.489496
vt 0.269103 0.727930
vt 0.268744 0.823601
vt 0.268744 0.727833
vt 0.270650 0.727930
vt 0.269103 0.823503
vt 0.270773 0.823393
vt 0.270650 0.823503
vt 0.271283 0.728297
vt 0.271101 0.823269
vt 0.270791 0.728039
vt 0.271439 0.822954
vt 0.565528 0.243353
vt 0.471171 0.243239
vt 0.565080 0.242949
vt 0.169867 0.600798
vt 0.169953 0.694242
vt 0.169867 0.694321
vt 0.571605 0.482681
vt 0.659816 0.487381
vt 0.566372 0.487392
vt 0.654473 0.482553
vt 0.571759 0.482536
vt 0.654362 0.482464
vt 0.573555 0.480923
vt 0.652636 0.480900
vt 0.573942 0.480571
vt 0.652258 0.480571
vt 0.123889 0.816841
vt 0.124085 0.894976
vt 0.123889 0.895156
vt 0.124601 0.817138
vt 0.124086 0.817034
vt 0.918674 0.720901
vt 0.997804 0.719636
vt 0.999207 0.720902
vt 0.171792 0.735412
vt 0.172150 0.815848
vt 0.171792 0.815946
vt 0.844258 0.232621
vt 0.762710 0.231530
vt 0.843048 0.231531
vt 0.167448 0.735412
vt 0.168282 0.818169
vt 0.167448 0.818169
vt 0.834608 0.722655
vt 0.917088 0.722906
vt 0.834330 0.722905
vt 0.915076 0.721091
vt 0.916812 0.722656
vt 0.155827 0.817133
vt 0.153764 0.895864
vt 0.153764 0.817133
vt 0.566372 0.963127
vt 0.646840 0.961562
vt 0.648575 0.963127
vt 0.144301 0.505630
vt 0.146361 0.733827
vt 0.144301 0.733827
vt 0.113699 0.503525
vt 0.114531 0.735351
vt 0.113699 0.735351
vt 0.154126 0.735229
vt 0.153764 0.505494
vt 0.154126 0.505406
vt 0.110798 0.846221
vt 0.110281 0.618834
vt 0.110804 0.618739
vt 0.111001 0.846388
vt 0.111006 0.618563
vt 0.159702 0.258435
vt 0.159791 0.499950
vt 0.159702 0.499878
vt 0.565709 0.000793
vt 0.470869 0.243513
vt 0.131056 0.258577
vt 0.130765 0.501642
vt 0.130586 0.258797
vt 0.007497 0.631832
vt 0.007010 0.388887
vt 0.007504 0.389125
vt 0.131099 0.501753
vt 0.131227 0.258469
vt 0.006993 0.632068
vt 0.006848 0.388786
vt 0.006848 0.632166
vt 0.005303 0.388785
vt 0.132772 0.258469
vt 0.133134 0.501939
vt 0.132772 0.501852
vt 0.004941 0.632254
vt 0.004941 0.388698
vt 0.670316 0.487164
vt 0.669783 0.246041
vt 0.670316 0.245937
vt 0.666076 0.487062
vt 0.665542 0.245937
vt 0.666076 0.246035
vt 0.180213 0.488230
vt 0.131227 0.501851
vt 0.471557 0.242887
vt 0.566393 0.245937
vt 0.930201 0.000793
vt 0.930393 0.228432
vt 0.930187 0.228603
vt 0.930403 0.000946
vt 0.930912 0.228336
vt 0.920077 0.492344
vt 0.920077 0.719636
vt 0.136761 0.735247
vt 0.137123 0.505514
vt 0.137123 0.735159
vt 0.761501 0.000793
vt 0.761501 0.232621
vt 0.132302 0.735352
vt 0.133134 0.503525
vt 0.133134 0.735352
vt 0.836343 0.721090
vt 0.140656 0.733829
vt 0.142715 0.505631
vt 0.142715 0.733829
vt 0.566372 0.731799
vt 0.568107 0.961562
vt 0.140771 0.736832
vt 0.750265 0.724742
vt 0.368270 0.733072
vt 0.150118 0.735511
vt 0.276163 0.733072
vt 0.132941 0.817446
vt 0.112024 0.503607
vt 0.654931 0.731896
vt 0.370939 0.727111
vt 0.273025 0.825038
vt 0.652699 0.732262
vt 0.129486 0.817132
vt 0.173736 0.735412
vt 0.126316 0.734967
vt 0.135060 0.895882
vt 0.166222 0.733826
vt 0.126316 0.501554
vt 0.135081 0.735159
vt 0.001518 0.861392
vt 0.127055 0.258381
vt 0.663948 0.246350
vt 0.661402 0.245937
vt 0.114531 0.501940
vt 0.662845 0.241924
vt 0.671328 0.242013
vt 0.120267 0.258455
vt 0.120361 0.258382
vt 0.120299 0.499911
vt 0.929175 0.246197
vt 0.155712 0.505494
vt 0.116949 0.503526
vt 0.105208 0.631737
vt 0.155827 0.815547
vt 0.366684 0.815829
vt 0.164879 0.815945
vt 0.128778 0.814960
vt 0.129486 0.815253
vt 0.555384 0.828359
vt 0.557930 0.733067
vt 0.462414 0.826245
vt 0.148476 0.788984
vt 0.178810 0.244351
vt 0.262599 0.824053
vt 0.264504 0.728381
vt 0.013237 0.725321
vt 0.013237 0.631804
vt 0.013323 0.631883
vt 0.113699 0.895562
vt 0.118893 0.815369
vt 0.832745 0.722907
vt 0.175680 0.817702
vt 0.928601 0.232620
vt 0.140771 0.817151
vt 0.174094 0.733826
vt 0.176511 0.733359
vt 0.138709 0.735247
vt 0.010923 0.633840
vt 0.128827 0.499896
vt 0.116117 0.258811
vt 0.009452 0.632166
vt 0.666552 0.000793
vt 0.668672 0.241916
vt 0.107512 0.631736
vt 0.121941 0.733260
vt 0.123889 0.735351
vt 0.150118 0.733827
vt 0.135060 0.736832
vt 0.120482 0.734933
vt 0.142715 0.735414
vt 0.123894 0.737231
vt 0.147947 0.599134
vt 0.455635 0.733547
vt 0.659034 0.824869
vt 0.564176 0.733181
vt 0.371931 0.244352
vt 0.745190 0.728282
vt 0.003193 0.727270
vt 0.003103 0.727351
vt 0.003103 0.633840
vt 0.363631 0.895540
vt 0.694520 0.880096
vt 0.162577 0.815945
vt 0.097916 0.863564
vt 0.159702 0.734949
vt 0.131071 0.736938
vt 0.099502 0.859933
vt 0.129885 0.735350
vt 0.118897 0.503525
vt 0.007972 0.633840
vt 0.175680 0.499873
vt 0.122173 0.258797
vt 0.003356 0.389125
vt 0.124359 0.501852
vt 0.000793 0.388698
vt 0.667662 0.246041
vt 0.664431 0.000793
vt 0.013230 0.388698
vt 0.013323 0.388771
vt 0.013306 0.630218
vt 0.005143 0.861495
vt 0.158116 0.505494
vt 0.160534 0.733363
vt 0.164637 0.505628
vt 0.115762 0.736937
vt 0.916812 0.491329
vt 0.364266 0.815829
vt 0.146003 0.815849
vt 0.118893 0.895360
vt 0.169957 0.599213
vt 0.562062 0.828834
vt 0.180213 0.247203
vt 0.468822 0.731021
vt 0.459767 0.826251
vt 0.124597 0.894864
vt 0.172150 0.735509
vt 0.168282 0.735412
vt 0.155827 0.895865
vt 0.146361 0.505631
vt 0.114531 0.503526
vt 0.153764 0.735141
vt 0.110281 0.846123
vt 0.159796 0.258361
vt 0.130413 0.501359
vt 0.005303 0.632166
vt 0.133134 0.258381
vt 0.669783 0.487066
vt 0.665542 0.487166
vt 0.110343 0.616977
vt 0.110281 0.375450
vt 0.110375 0.375523
vt 0.930912 0.001045
vt 0.136761 0.505426
vt 0.132302 0.503525
vt 0.140656 0.505630
vt 0.738763 0.486588
vt 0.738494 0.486584
vt 0.738494 0.488916
vt 0.678153 0.489399
vt 0.678152 0.489146
vt 0.675820 0.489177
vt 0.678152 0.483269
vt 0.675820 0.483396
vt 0.675821 0.483139
vt 0.709025 0.241165
vt 0.708685 0.241171
vt 0.708959 0.243498
vt 0.723825 0.241191
vt 0.725178 0.243331
vt 0.725288 0.241191
vt 0.774081 0.479351
vt 0.774764 0.480655
vt 0.775429 0.479355
vt 0.775478 0.488409
vt 0.774771 0.487221
vt 0.774081 0.488525
vt 0.760489 0.479351
vt 0.760489 0.488525
vt 0.762821 0.488525
vt 0.798619 0.486838
vt 0.799366 0.486838
vt 0.799399 0.484780
vt 0.739500 0.486949
vt 0.738767 0.488920
vt 0.739437 0.488928
vt 0.774333 0.486839
vt 0.765806 0.486808
vt 0.766051 0.479351
vt 0.765767 0.480931
vt 0.806619 0.484832
vt 0.806619 0.486872
vt 0.807375 0.486873
vt 0.675821 0.489426
vt 0.708678 0.243503
vt 0.764538 0.479509
vt 0.765425 0.480669
vt 0.775541 0.480602
vt 0.775676 0.480468
vt 0.799646 0.238226
vt 0.800474 0.238225
vt 0.800417 0.236161
vt 0.762821 0.479351
vt 0.798616 0.486579
vt 0.799398 0.484506
vt 0.798556 0.484506
vt 0.735103 0.241191
vt 0.733691 0.241191
vt 0.733757 0.243330
vt 0.764412 0.480356
vt 0.707901 0.241524
vt 0.707901 0.243520
vt 0.775618 0.488327
vt 0.775700 0.488312
vt 0.733761 0.243522
vt 0.735103 0.243522
vt 0.723825 0.243522
vt 0.774482 0.480801
vt 0.774497 0.487088
vt 0.774325 0.481058
vt 0.765393 0.487213
vt 0.764641 0.488502
vt 0.766051 0.488525
vt 0.764410 0.487501
vt 0.764492 0.488265
vt 0.739508 0.486597
vt 0.765663 0.487061
vt 0.807375 0.484832
vt 0.707770 0.243520
vt 0.800597 0.238223
vt 0.800538 0.236083
vt 0.733636 0.243520
vt 0.739565 0.488654
vt 0.799636 0.237966
vt 0.800408 0.235894
vt 0.799534 0.235894
vt 0.108597 0.377566
vt 0.108419 0.376744
vt 0.108418 0.377880
vt 0.108592 0.378370
vt 0.108412 0.378796
vt 0.157931 0.758444
vt 0.157754 0.758413
vt 0.157755 0.778415
vt 0.108430 0.383710
vt 0.108654 0.383742
vt 0.108650 0.383265
vt 0.108473 0.382653
vt 0.108648 0.382509
vt 0.108426 0.382162
vt 0.108647 0.381571
vt 0.108473 0.380684
vt 0.108651 0.380746
vt 0.108654 0.380391
vt 0.266771 0.836340
vt 0.266947 0.836340
vt 0.266947 0.816372
vt 0.108412 0.375453
vt 0.108415 0.375830
vt 0.108638 0.375488
vt 0.108593 0.375923
vt 0.746133 0.486587
vt 0.745908 0.486619
vt 0.745908 0.488951
vt 0.272268 0.846444
vt 0.272492 0.846416
vt 0.272492 0.838537
vt 0.801429 0.482893
vt 0.801428 0.480561
vt 0.801212 0.480543
vt 0.270675 0.838521
vt 0.270460 0.838537
vt 0.270460 0.846417
vt 0.805793 0.237945
vt 0.806014 0.237925
vt 0.806019 0.235884
vt 0.726065 0.483349
vt 0.725841 0.483380
vt 0.725851 0.484136
vt 0.804207 0.235849
vt 0.803992 0.235874
vt 0.803987 0.237914
vt 0.729432 0.239496
vt 0.729432 0.238741
vt 0.729212 0.238722
vt 0.159735 0.839780
vt 0.159807 0.819777
vt 0.159702 0.819811
vt 0.162967 0.839802
vt 0.163054 0.839779
vt 0.163020 0.819816
vt 0.713914 0.243522
vt 0.715632 0.243522
vt 0.715632 0.241191
vt 0.274208 0.847712
vt 0.711311 0.486601
vt 0.709593 0.486601
vt 0.709593 0.488932
vt 0.268744 0.847711
vt 0.747718 0.488919
vt 0.749014 0.488919
vt 0.749014 0.486587
vt 0.272492 0.837242
vt 0.274208 0.837242
vt 0.268744 0.837242
vt 0.270460 0.837242
vt 0.750025 0.241195
vt 0.748730 0.241195
vt 0.748730 0.243526
vt 0.160328 0.823398
vt 0.162562 0.825299
vt 0.162424 0.823388
vt 0.160185 0.825292
vt 0.162421 0.822589
vt 0.161169 0.821306
vt 0.160337 0.822599
vt 0.160190 0.833222
vt 0.160835 0.838530
vt 0.161868 0.840239
vt 0.161162 0.839106
vt 0.161286 0.840304
vt 0.160232 0.840044
vt 0.160904 0.838958
vt 0.161155 0.820473
vt 0.160838 0.819360
vt 0.161516 0.819291
vt 0.160798 0.820779
vt 0.161595 0.838293
vt 0.162576 0.833214
vt 0.161857 0.838444
vt 0.161896 0.838908
vt 0.162270 0.819449
vt 0.161909 0.820699
vt 0.161655 0.820501
vt 0.161961 0.820971
vt 0.108637 0.376989
vt 0.108589 0.378805
vt 0.157977 0.778413
vt 0.108472 0.383296
vt 0.108469 0.381367
vt 0.108477 0.380391
vt 0.266724 0.816377
vt 0.108595 0.376527
vt 0.746133 0.488974
vt 0.272277 0.838514
vt 0.801212 0.482920
vt 0.270683 0.846437
vt 0.805793 0.235861
vt 0.726065 0.484149
vt 0.804207 0.237945
vt 0.729214 0.239521
vt 0.711311 0.488932
vt 0.713914 0.241191
vt 0.747718 0.486587
vt 0.270460 0.847712
vt 0.272492 0.847711
vt 0.750025 0.243526
vt 0.144689 0.828003
vt 0.142357 0.817533
vt 0.142357 0.828003
vt 0.144689 0.817533
vt 0.714330 0.238561
vt 0.713913 0.238561
vt 0.714258 0.238868
vt 0.714298 0.239340
vt 0.714256 0.238995
vt 0.713966 0.238830
vt 0.714365 0.239031
vt 0.714758 0.239216
vt 0.615425 0.243975
vt 0.615307 0.243959
vt 0.615429 0.244212
vt 0.751173 0.239170
vt 0.751452 0.238856
vt 0.751234 0.239080
vt 0.753299 0.239065
vt 0.753046 0.239280
vt 0.753305 0.239323
vt 0.634092 0.244203
vt 0.634209 0.244205
vt 0.634088 0.243968
vt 0.756844 0.239175
vt 0.756721 0.238862
vt 0.756726 0.239181
vt 0.669389 0.488815
vt 0.669221 0.489294
vt 0.669389 0.489493
vt 0.714095 0.239350
vt 0.714278 0.239471
vt 0.714370 0.238907
vt 0.714656 0.239068
vt 0.714756 0.238918
vt 0.714590 0.238600
vt 0.751233 0.239248
vt 0.751451 0.239444
vt 0.751295 0.239163
vt 0.709827 0.483291
vt 0.709571 0.483280
vt 0.709563 0.483473
vt 0.713852 0.238857
vt 0.720594 0.483975
vt 0.720331 0.483932
vt 0.720330 0.484228
vt 0.713936 0.239148
vt 0.751015 0.239473
vt 0.709566 0.483726
vt 0.709564 0.484023
vt 0.709825 0.483758
vt 0.753289 0.238863
vt 0.753037 0.238850
vt 0.669649 0.244346
vt 0.669673 0.243930
vt 0.669649 0.243668
vt 0.632497 0.243967
vt 0.632380 0.244206
vt 0.632503 0.244202
vt 0.720594 0.483352
vt 0.720330 0.483315
vt 0.720331 0.483609
vt 0.720589 0.483616
vt 0.720581 0.484221
vt 0.669240 0.489045
vt 0.613722 0.244212
vt 0.613722 0.243970
vt 0.613604 0.244200
vt 0.758593 0.483761
vt 0.758593 0.484085
vt 0.758713 0.483760
vt 0.756844 0.239456
vt 0.756721 0.239448
vt 0.634209 0.243965
vt 0.758714 0.483491
vt 0.758593 0.483485
vt 0.799506 0.244288
vt 0.799762 0.244316
vt 0.799498 0.244094
vt 0.709827 0.484122
vt 0.709567 0.484255
vt 0.714508 0.239491
vt 0.799754 0.244031
vt 0.799503 0.243901
vt 0.632380 0.243965
vt 0.613598 0.243959
vt 0.756844 0.238850
vt 0.615307 0.244203
vt 0.753045 0.239059
vt 0.714671 0.239384
vt 0.799762 0.243763
vt 0.799500 0.243745
vt 0.751015 0.238886
vt 0.753037 0.239473
vt 0.758714 0.484076
vt 0.000000 0.000000
vt 0.775709 0.479595
vt 0.775631 0.479572
vt 0.764452 0.479528
vt 0.764544 0.480504
vt 0.775712 0.487469
vt 0.775571 0.487330
vt 0.764590 0.488389
vt 0.764549 0.487362
vt 0.707770 0.241447
vt 0.733572 0.241447
vt 0.739630 0.486599
s 1
f 44/1/1 134/2/2 43/3/3
f 27/4/4 28/5/5 134/6/2
f 2/7/6 135/8/7 28/5/5
f 4/9/8 135/8/7 30/10/9
f 5/11/10 29/12/11 4/13/8
f 7/14/12 119/15/13 5/11/10
f 119/16/13 6/17/14 99/18/15
f 8/19/16 6/17/14 7/20/12
f 11/21/17 9/22/18 8/19/16
f 99/18/15 9/22/18 126/23/19
f 11/21/17 121/24/20 10/25/21
f 13/26/22 12/27/23 14/28/24
f 14/28/24 122/29/25 13/26/22
f 31/30/26 15/31/27 16/32/28
f 16/32/28 32/33/29 31/30/26
f 18/34/30 32/33/29 33/35/31
f 1/36/32 44/37/1 19/38/33
f 33/39/31 20/40/34 18/41/30
f 17/42/35 21/43/36 35/44/37
f 16/32/28 15/31/27 21/43/36
f 7/45/12 22/46/38 8/47/16
f 5/48/10 23/49/39 7/45/12
f 4/50/8 24/51/40 5/48/10
f 30/52/9 25/53/41 4/50/8
f 3/54/42 40/55/43 41/56/44
f 2/57/6 42/58/45 26/59/46
f 206/60/47 19/38/33 44/37/1
f 36/61/48 207/62/49 20/40/34
f 210/63/50 35/44/37 21/43/36
f 211/64/51 15/31/27 14/28/24
f 213/65/52 12/27/23 11/21/17
f 215/66/53 22/46/38 23/49/39
f 217/67/54 24/68/40 37/69/55
f 218/70/56 25/53/41 39/71/57
f 219/72/58 41/56/44 40/55/43
f 134/2/2 1/73/32 27/74/4
f 30/10/9 135/8/7 3/54/42
f 33/35/31 32/33/29 17/42/35
f 27/75/4 19/38/33 34/76/59
f 17/77/35 36/61/48 33/39/31
f 3/54/42 39/78/57 30/10/9
f 3/54/42 41/56/44 38/79/60
f 2/57/6 26/59/46 40/80/43
f 19/38/33 226/81/61 34/76/59
f 35/82/37 208/83/62 36/61/48
f 229/84/63 39/71/57 38/85/60
f 41/56/44 229/86/63 38/79/60
f 226/87/61 42/58/45 34/88/59
f 44/1/1 43/3/3 18/89/30
f 45/90/64 206/60/47 44/37/1
f 20/40/34 231/91/65 45/92/64
f 85/93/66 46/94/67 173/95/68
f 174/96/69 47/97/70 173/98/68
f 175/99/71 48/100/72 174/96/69
f 50/101/73 175/99/71 51/102/74
f 55/103/75 53/104/76 52/105/77
f 56/106/78 53/104/76 57/107/79
f 57/107/79 74/108/80 56/106/78
f 58/109/81 74/108/80 177/110/82
f 59/111/83 73/112/84 58/109/81
f 58/109/81 60/113/85 59/111/83
f 61/114/86 72/115/87 59/111/83
f 62/116/88 71/117/89 61/114/86
f 61/114/86 64/118/90 62/116/88
f 59/111/83 60/113/85 61/114/86
f 180/119/91 63/120/92 64/118/90
f 92/121/93 180/119/91 46/122/67
f 65/123/94 68/124/95 69/125/96
f 70/126/97 88/127/98 90/128/99
f 71/117/89 63/120/92 70/126/97
f 56/129/78 74/130/80 75/131/100
f 75/131/100 54/132/101 56/129/78
f 52/133/77 76/134/102 77/135/103
f 77/135/103 50/136/73 52/133/77
f 49/137/104 79/138/105 80/139/106
f 82/140/107 87/141/108 81/142/109
f 84/143/110 86/144/111 83/145/112
f 268/146/113 68/124/95 253/147/114
f 254/148/115 71/117/89 70/126/97
f 72/115/87 244/149/116 73/112/84
f 242/150/117 75/131/100 74/130/80
f 256/151/118 77/135/103 76/134/102
f 83/145/112 275/152/119 84/143/110
f 63/120/92 62/116/88 64/118/90
f 66/153/120 47/154/70 89/155/121
f 69/125/96 88/156/98 65/123/94
f 80/157/106 87/141/108 49/158/104
f 50/136/73 78/159/122 79/138/105
f 81/142/109 87/141/108 91/160/123
f 89/161/121 47/162/70 84/143/110
f 83/145/112 48/163/72 82/164/107
f 266/165/124 66/153/120 89/155/121
f 90/166/99 268/146/113 267/167/125
f 270/168/126 78/169/122 77/170/103
f 78/159/122 270/171/126 269/172/127
f 91/173/123 272/174/128 271/175/129
f 78/159/122 269/172/127 79/138/105
f 91/160/123 274/176/130 81/142/109
f 84/143/110 266/177/124 89/161/121
f 82/164/107 257/178/131 83/145/112
f 92/179/93 93/180/132 68/124/95
f 93/181/132 278/182/133 277/183/134
f 277/184/134 68/124/95 93/180/132
f 118/185/135 154/186/136 189/187/137
f 112/188/138 160/189/139 184/190/140
f 137/191/141 155/192/142 165/193/143
f 102/194/144 181/195/145 143/196/146
f 137/191/141 181/195/145 123/197/147
f 102/194/144 170/198/148 129/199/149
f 103/200/150 170/198/148 144/201/151
f 103/202/150 161/203/152 130/204/153
f 104/205/154 161/203/152 166/206/155
f 104/205/154 162/207/156 131/208/157
f 113/209/158 162/207/156 185/210/159
f 186/211/160 138/212/161 156/213/162
f 115/214/163 157/215/164 168/216/165
f 116/217/166 158/218/167 187/219/168
f 132/220/169 43/221/3 134/222/2
f 133/223/170 134/222/2 28/224/5
f 135/225/7 110/226/171 28/227/5
f 108/228/172 135/229/7 29/230/11
f 125/231/173 29/230/11 119/232/13
f 119/232/13 97/233/174 125/231/173
f 124/234/175 127/235/176 120/236/177
f 120/237/177 96/238/178 124/239/175
f 126/240/19 10/241/21 120/236/177
f 120/236/177 99/242/15 126/240/19
f 121/243/20 96/238/178 10/244/21
f 13/245/22 129/199/149 121/243/20
f 122/246/25 102/194/144 13/245/22
f 31/247/26 123/197/147 122/246/25
f 32/248/29 107/249/179 31/247/26
f 94/250/180 32/251/29 43/221/3
f 118/185/135 132/252/169 136/253/181
f 106/254/182 141/255/183 112/188/138
f 137/191/141 95/256/184 101/257/185
f 123/197/147 107/249/179 137/191/141
f 124/258/175 103/202/150 130/204/153
f 130/204/153 97/259/174 124/258/175
f 125/260/173 104/205/154 131/208/157
f 131/208/157 108/261/172 125/260/173
f 109/262/186 138/212/161 114/263/187
f 115/214/163 98/264/188 139/265/189
f 116/217/166 133/266/170 140/267/190
f 128/268/191 154/186/136 136/253/181
f 164/269/192 112/188/138 184/190/140
f 101/257/185 164/270/192 155/192/142
f 105/271/193 186/211/160 167/272/194
f 138/212/161 185/210/159 156/213/162
f 139/265/189 167/273/194 157/215/164
f 128/274/191 187/219/168 147/275/195
f 136/253/181 111/276/196 128/268/191
f 112/188/138 95/277/184 106/254/182
f 114/263/187 98/278/188 109/262/186
f 108/261/172 113/209/158 138/212/161
f 140/279/190 110/226/171 115/214/163
f 139/265/189 98/264/188 105/280/193
f 128/274/191 111/281/196 116/217/166
f 100/282/197 189/187/137 163/283/198
f 141/255/183 163/284/198 160/189/139
f 118/185/135 94/285/180 117/286/199
f 94/287/180 100/288/197 141/255/183
f 173/289/68 188/290/200 148/291/201
f 173/289/68 153/292/202 174/293/69
f 175/294/71 146/295/203 152/296/204
f 175/297/71 151/298/205 51/299/74
f 172/300/206 145/301/207 176/302/208
f 176/302/208 55/303/75 172/300/206
f 172/300/206 55/303/75 51/299/74
f 176/302/208 171/304/209 57/305/79
f 57/306/79 144/201/151 177/307/82
f 57/305/79 55/303/75 176/302/208
f 58/308/81 144/201/151 170/198/148
f 170/198/148 178/309/210 58/308/81
f 169/310/211 64/311/90 60/312/85
f 60/313/85 178/314/210 169/315/211
f 180/316/91 150/317/212 149/318/213
f 159/319/214 180/320/91 182/321/215
f 154/186/136 188/322/200 189/187/137
f 182/323/215 160/189/139 159/324/214
f 165/193/143 149/318/213 150/317/212
f 181/195/145 150/317/212 169/325/211
f 169/325/211 143/196/146 181/195/145
f 144/326/151 171/327/209 161/203/152
f 161/203/152 145/328/207 166/206/155
f 166/206/155 172/329/206 162/207/156
f 162/207/156 151/330/205 185/210/159
f 156/213/162 183/331/216 186/211/160
f 168/216/165 152/296/204 146/295/203
f 187/219/168 153/332/202 142/333/217
f 179/334/218 150/317/212 64/335/90
f 154/186/136 142/336/217 148/337/201
f 184/190/140 149/338/213 164/269/192
f 164/270/192 149/318/213 155/192/142
f 186/211/160 152/339/204 167/272/194
f 185/210/159 151/330/205 156/213/162
f 142/333/217 147/275/195 187/219/168
f 158/218/167 146/340/203 153/332/202
f 189/187/137 159/341/214 163/283/198
f 163/284/198 159/324/214 160/189/139
f 210/63/50 15/31/27 209/342/219
f 211/64/51 12/27/23 212/343/220
f 214/344/221 11/345/17 22/46/38
f 215/66/53 24/51/40 216/346/222
f 221/347/223 26/59/46 42/58/45
f 278/182/133 66/153/120 232/348/224
f 254/148/115 90/128/99 267/349/125
f 245/350/225 71/117/89 248/351/226
f 244/149/116 74/108/80 73/112/84
f 256/151/118 75/131/100 255/352/227
f 270/168/126 77/170/103 237/353/228
f 272/174/128 79/138/105 269/172/127
f 273/354/229 81/142/109 274/176/130
f 222/355/230 190/356/231 307/357/232
f 309/358/233 192/359/234 307/360/232
f 194/361/235 193/362/236 309/358/233
f 197/363/237 194/361/235 310/364/238
f 216/365/222 310/366/238 196/367/239
f 196/367/239 198/368/240 216/365/222
f 201/369/241 199/370/242 200/371/243
f 200/371/243 213/65/52 201/369/241
f 291/372/244 290/373/245 200/371/243
f 200/371/243 286/374/246 291/372/244
f 202/375/247 213/65/52 290/373/245
f 294/376/248 212/343/220 202/375/247
f 203/377/249 211/64/51 294/376/248
f 312/378/250 209/342/219 203/377/249
f 313/379/251 204/380/252 312/378/250
f 230/381/253 313/379/251 190/382/231
f 205/383/254 207/62/49 208/83/62
f 210/63/50 225/384/255 227/385/256
f 209/342/219 204/380/252 210/63/50
f 201/386/241 213/387/52 214/344/221
f 214/344/221 198/388/240 201/386/241
f 195/389/257 228/390/258 218/70/56
f 219/72/58 224/391/259 229/86/63
f 221/347/223 223/392/260 220/393/261
f 222/394/230 192/395/234 226/81/61
f 208/83/62 225/396/255 205/383/254
f 218/397/56 224/391/259 195/398/257
f 220/399/261 193/362/236 219/72/58
f 226/87/61 192/400/234 221/347/223
f 206/60/47 230/401/253 191/402/262
f 230/403/253 231/91/65 207/62/49
f 232/404/224 332/405/263 276/406/264
f 258/407/265 259/408/266 331/409/267
f 233/410/268 260/411/269 259/408/266
f 235/412/270 260/411/269 262/413/271
f 237/414/228 261/415/272 235/416/270
f 238/417/273 236/418/274 237/414/228
f 261/419/272 236/420/274 240/421/275
f 241/422/276 239/423/277 238/424/273
f 242/425/117 342/426/278 241/422/276
f 242/425/117 343/427/279 243/428/280
f 246/429/281 244/149/116 245/350/225
f 250/430/282 343/427/279 246/429/281
f 245/350/225 247/431/283 246/429/281
f 263/432/284 248/351/226 249/433/285
f 348/434/286 247/431/283 263/432/284
f 249/433/285 264/435/287 348/434/286
f 252/436/288 264/435/287 265/437/289
f 265/438/289 253/147/114 252/439/288
f 251/440/290 254/148/115 267/349/125
f 249/433/285 248/351/226 254/148/115
f 238/441/273 255/352/227 241/442/276
f 237/443/228 256/151/118 238/441/273
f 262/444/271 269/172/127 235/445/270
f 234/446/291 273/354/229 274/176/130
f 233/447/268 275/152/119 257/178/131
f 331/448/267 232/404/224 258/449/265
f 262/413/271 260/411/269 234/446/291
f 265/437/289 264/435/287 251/440/290
f 258/450/265 232/348/224 266/165/124
f 251/451/290 268/146/113 265/438/289
f 234/446/291 272/452/128 262/413/271
f 234/446/291 274/176/130 271/453/129
f 276/406/264 332/405/263 252/454/288
f 252/455/288 278/182/133 276/456/264
f 372/457/292 329/458/293 350/459/294
f 352/460/295 300/461/296 317/462/297
f 353/463/298 318/464/299 355/465/300
f 354/466/301 293/467/302 356/468/303
f 295/469/304 355/465/300 318/464/299
f 357/470/305 293/467/302 292/471/306
f 357/470/305 301/472/307 358/473/308
f 359/474/309 301/475/307 302/476/310
f 359/474/309 303/477/311 360/478/312
f 361/479/313 303/477/311 304/480/314
f 363/481/315 320/482/316 323/483/317
f 364/484/318 324/485/319 365/486/320
f 367/487/321 305/488/322 326/489/323
f 327/490/324 307/491/232 190/492/231
f 280/493/325 307/491/232 306/494/326
f 308/495/327 194/496/235 309/497/233
f 282/498/328 194/499/235 311/500/329
f 283/501/330 310/502/238 282/498/328
f 284/503/331 196/504/239 283/501/330
f 196/504/239 285/505/332 286/506/246
f 288/507/333 285/505/332 284/503/331
f 289/508/334 287/509/335 288/510/333
f 286/506/246 287/511/335 291/512/244
f 289/508/334 202/513/247 290/514/245
f 294/515/248 292/471/306 293/467/302
f 293/467/302 203/516/249 294/515/248
f 312/517/250 295/469/304 296/518/336
f 296/518/336 313/519/251 312/517/250
f 298/520/337 313/521/251 314/522/338
f 327/523/324 299/524/339 279/525/340
f 314/526/338 300/461/296 298/527/337
f 297/528/341 318/464/299 319/529/342
f 296/518/336 295/469/304 318/464/299
f 288/530/333 301/475/307 289/531/334
f 284/532/331 302/476/310 288/530/333
f 283/533/330 303/477/311 284/532/331
f 282/534/328 304/480/314 283/533/330
f 311/535/329 320/482/316 282/534/328
f 281/536/343 324/485/319 325/537/344
f 280/538/325 326/489/323 305/488/322
f 372/457/292 315/539/345 299/524/339
f 352/460/295 316/540/346 374/541/347
f 319/529/342 374/542/347 316/543/346
f 362/544/348 321/545/349 320/482/316
f 363/481/315 322/546/350 375/547/351
f 365/548/320 305/488/322 366/549/352
f 364/484/318 322/550/350 325/537/344
f 373/551/353 326/489/323 315/552/345
f 307/491/232 279/553/340 306/494/326
f 309/554/233 280/493/325 308/555/327
f 311/556/329 194/496/235 281/536/343
f 314/557/338 313/519/251 297/528/341
f 306/558/326 299/524/339 315/539/345
f 297/559/341 317/462/297 314/526/338
f 281/536/343 323/560/317 311/556/329
f 281/536/343 325/537/344 322/550/350
f 350/459/294 328/561/354 378/562/355
f 351/563/160 328/564/354 300/461/296
f 327/490/324 190/492/231 298/520/337
f 298/565/337 329/458/293 327/523/324
f 332/566/263 368/567/356 330/568/357
f 331/569/267 369/570/358 333/571/359
f 334/572/360 260/573/269 370/574/361
f 260/575/269 336/576/362 335/577/363
f 261/578/272 337/579/364 336/576/362
f 339/580/365 338/581/366 340/582/367
f 340/582/367 341/583/368 339/580/365
f 358/473/308 342/584/278 243/585/280
f 240/586/275 342/587/278 340/582/367
f 358/473/308 343/588/279 357/470/305
f 357/470/305 344/589/369 356/468/303
f 356/468/303 345/590/370 354/466/301
f 354/466/301 346/591/371 347/592/372
f 348/593/286 345/594/370 250/595/282
f 347/592/372 264/596/287 371/597/373
f 264/598/287 377/599/374 349/600/375
f 368/601/356 350/459/294 330/602/357
f 351/563/160 349/603/375 377/604/374
f 371/597/373 355/465/300 347/592/372
f 339/605/365 359/474/309 360/478/312
f 360/478/312 337/606/364 339/605/365
f 336/607/362 361/479/313 362/544/348
f 376/608/376 335/609/363 336/607/362
f 370/574/361 365/486/320 334/572/360
f 369/610/358 367/487/321 333/611/359
f 368/567/356 331/569/267 333/571/359
f 369/612/358 259/613/266 334/572/360
f 260/573/269 335/614/363 370/574/361
f 264/596/287 349/615/375 371/597/373
f 333/616/359 372/457/292 368/601/356
f 371/617/373 352/460/295 374/541/347
f 370/618/361 363/481/315 375/547/351
f 334/619/360 366/549/352 369/610/358
f 332/566/263 330/568/357 377/599/374
f 377/620/374 350/459/294 378/562/355
f 44/1/1 1/73/32 134/2/2
f 27/4/4 2/7/6 28/5/5
f 2/7/6 3/54/42 135/8/7
f 4/9/8 29/621/11 135/8/7
f 5/11/10 119/15/13 29/12/11
f 7/14/12 6/622/14 119/15/13
f 8/19/16 9/22/18 6/17/14
f 11/21/17 10/25/21 9/22/18
f 126/23/19 9/22/18 10/25/21
f 99/18/15 6/17/14 9/22/18
f 11/21/17 12/27/23 121/24/20
f 13/26/22 121/24/20 12/27/23
f 14/28/24 15/31/27 122/29/25
f 31/30/26 122/29/25 15/31/27
f 16/32/28 17/42/35 32/33/29
f 18/34/30 43/623/3 32/33/29
f 33/39/31 36/61/48 20/40/34
f 17/42/35 16/32/28 21/43/36
f 8/47/16 22/46/38 11/345/17
f 7/45/12 23/49/39 22/46/38
f 5/48/10 24/51/40 23/49/39
f 4/50/8 37/624/55 24/51/40
f 30/52/9 39/71/57 25/53/41
f 3/54/42 2/7/6 40/55/43
f 2/57/6 27/625/4 42/58/45
f 206/60/47 222/394/230 19/38/33
f 36/61/48 208/83/62 207/62/49
f 210/63/50 227/385/256 35/44/37
f 211/64/51 209/342/219 15/31/27
f 213/65/52 212/343/220 12/27/23
f 215/66/53 214/344/221 22/46/38
f 217/67/54 216/626/222 24/68/40
f 218/70/56 228/390/258 25/53/41
f 219/72/58 229/86/63 41/56/44
f 27/75/4 1/36/32 19/38/33
f 17/77/35 35/82/37 36/61/48
f 3/627/42 38/85/60 39/71/57
f 4/50/8 25/53/41 37/624/55
f 34/88/59 42/58/45 27/625/4
f 19/38/33 222/394/230 226/81/61
f 35/82/37 227/628/256 208/83/62
f 37/624/55 228/390/258 217/629/54
f 229/84/63 218/70/56 39/71/57
f 37/624/55 25/53/41 228/390/258
f 220/399/261 219/72/58 40/55/43
f 226/87/61 221/347/223 42/58/45
f 40/80/43 26/59/46 220/393/261
f 18/630/30 45/90/64 44/37/1
f 18/41/30 20/40/34 45/92/64
f 45/90/64 231/631/65 206/60/47
f 20/40/34 207/62/49 231/91/65
f 85/93/66 67/632/377 46/94/67
f 174/96/69 86/633/111 47/97/70
f 175/99/71 87/141/108 48/100/72
f 50/101/73 49/158/104 175/99/71
f 52/634/77 50/635/73 51/636/74
f 52/637/77 53/638/76 54/639/101
f 52/634/77 51/636/74 55/640/75
f 56/106/78 54/641/101 53/104/76
f 57/107/79 177/110/82 74/108/80
f 57/107/79 53/104/76 55/103/75
f 58/109/81 73/112/84 74/108/80
f 59/111/83 72/115/87 73/112/84
f 61/114/86 71/117/89 72/115/87
f 62/116/88 63/120/92 71/117/89
f 61/114/86 60/113/85 64/118/90
f 180/119/91 88/127/98 63/120/92
f 92/121/93 65/642/94 180/119/91
f 67/643/377 85/644/66 66/153/120
f 65/123/94 92/179/93 68/124/95
f 70/126/97 63/120/92 88/127/98
f 75/131/100 76/134/102 54/132/101
f 52/133/77 54/132/101 76/134/102
f 77/135/103 78/159/122 50/136/73
f 49/137/104 50/136/73 79/138/105
f 82/140/107 48/100/72 87/141/108
f 84/143/110 47/162/70 86/144/111
f 268/146/113 69/125/96 68/124/95
f 254/148/115 248/351/226 71/117/89
f 72/115/87 245/350/225 244/149/116
f 242/150/117 255/352/227 75/131/100
f 256/151/118 237/443/228 77/135/103
f 83/145/112 257/178/131 275/152/119
f 173/95/68 47/645/70 85/93/66
f 174/96/69 48/100/72 86/633/111
f 49/158/104 87/141/108 175/99/71
f 65/642/94 88/127/98 180/119/91
f 66/153/120 85/644/66 47/154/70
f 69/125/96 90/166/99 88/156/98
f 80/157/106 91/160/123 87/141/108
f 83/145/112 86/144/111 48/163/72
f 266/165/124 232/348/224 66/153/120
f 90/166/99 69/125/96 268/146/113
f 91/173/123 80/139/106 272/174/128
f 82/140/107 273/354/229 257/646/131
f 91/160/123 271/453/129 274/176/130
f 84/143/110 275/152/119 266/177/124
f 67/632/377 92/647/93 46/94/67
f 67/643/377 93/181/132 92/648/93
f 93/181/132 67/643/377 278/182/133
f 277/184/134 253/147/114 68/124/95
f 118/185/135 136/253/181 154/186/136
f 112/188/138 141/255/183 160/189/139
f 137/191/141 101/257/185 155/192/142
f 102/194/144 123/197/147 181/195/145
f 137/191/141 165/193/143 181/195/145
f 102/194/144 143/196/146 170/198/148
f 103/200/150 129/199/149 170/198/148
f 103/202/150 144/326/151 161/203/152
f 104/205/154 130/204/153 161/203/152
f 104/205/154 166/206/155 162/207/156
f 113/209/158 131/208/157 162/207/156
f 186/211/160 114/263/187 138/212/161
f 115/214/163 139/265/189 157/215/164
f 116/217/166 140/267/190 158/218/167
f 132/220/169 117/649/199 43/221/3
f 133/223/170 111/650/196 134/222/2
f 135/225/7 98/264/188 110/226/171
f 108/228/172 109/651/186 135/229/7
f 125/231/173 108/228/172 29/230/11
f 119/232/13 127/235/176 97/233/174
f 119/232/13 99/242/15 127/235/176
f 124/234/175 97/233/174 127/235/176
f 120/237/177 10/244/21 96/238/178
f 120/236/177 127/235/176 99/242/15
f 121/243/20 129/199/149 96/238/178
f 13/245/22 102/194/144 129/199/149
f 122/246/25 123/197/147 102/194/144
f 31/247/26 107/249/179 123/197/147
f 32/248/29 95/256/184 107/249/179
f 94/250/180 106/652/182 32/251/29
f 118/185/135 117/286/199 132/252/169
f 106/254/182 94/287/180 141/255/183
f 137/191/141 107/249/179 95/256/184
f 129/199/149 103/200/150 96/238/178
f 124/258/175 96/653/178 103/202/150
f 130/204/153 104/205/154 97/259/174
f 125/260/173 97/259/174 104/205/154
f 131/208/157 113/209/158 108/261/172
f 109/262/186 108/261/172 138/212/161
f 115/214/163 110/226/171 98/264/188
f 116/217/166 111/281/196 133/266/170
f 128/268/191 147/654/195 154/186/136
f 164/269/192 101/655/185 112/188/138
f 105/271/193 114/263/187 186/211/160
f 138/212/161 113/209/158 185/210/159
f 140/267/190 115/656/163 168/657/165
f 139/265/189 105/280/193 167/273/194
f 128/274/191 116/217/166 187/219/168
f 140/267/190 168/657/165 158/218/167
f 134/222/2 111/650/196 132/220/169
f 28/227/5 110/226/171 133/658/170
f 109/659/186 98/264/188 135/225/7
f 106/660/182 95/256/184 32/248/29
f 136/253/181 132/252/169 111/276/196
f 112/188/138 101/655/185 95/277/184
f 114/263/187 105/271/193 98/278/188
f 140/267/190 133/266/170 110/661/171
f 100/282/197 118/185/135 189/187/137
f 141/255/183 100/288/197 163/284/198
f 117/649/199 94/250/180 43/221/3
f 118/185/135 100/282/197 94/285/180
f 173/289/68 46/662/67 188/290/200
f 173/289/68 142/663/217 153/292/202
f 175/294/71 174/664/69 146/295/203
f 175/297/71 183/665/216 151/298/205
f 51/299/74 151/298/205 172/300/206
f 176/302/208 145/301/207 171/304/209
f 57/306/79 171/666/209 144/201/151
f 58/308/81 177/307/82 144/201/151
f 170/198/148 143/196/146 178/309/210
f 58/667/81 178/314/210 60/313/85
f 169/325/211 178/309/210 143/196/146
f 169/325/211 150/317/212 179/334/218
f 169/668/211 179/669/218 64/670/90
f 180/316/91 64/335/90 150/317/212
f 159/319/214 46/662/67 180/320/91
f 154/186/136 148/337/201 188/322/200
f 182/323/215 184/190/140 160/189/139
f 165/193/143 155/192/142 149/318/213
f 181/195/145 165/193/143 150/317/212
f 161/203/152 171/327/209 145/328/207
f 166/206/155 145/328/207 172/329/206
f 162/207/156 172/329/206 151/330/205
f 156/213/162 151/330/205 183/331/216
f 168/216/165 157/215/164 152/296/204
f 187/219/168 158/218/167 153/332/202
f 148/291/201 142/663/217 173/289/68
f 153/292/202 146/671/203 174/293/69
f 175/294/71 152/296/204 183/672/216
f 180/316/91 149/318/213 182/673/215
f 154/186/136 147/654/195 142/336/217
f 184/190/140 182/323/215 149/338/213
f 186/211/160 183/331/216 152/339/204
f 157/215/164 167/273/194 152/296/204
f 158/218/167 168/657/165 146/340/203
f 46/662/67 159/319/214 188/290/200
f 189/187/137 188/322/200 159/341/214
f 210/63/50 21/43/36 15/31/27
f 211/64/51 14/28/24 12/27/23
f 214/344/221 213/387/52 11/345/17
f 215/66/53 23/49/39 24/51/40
f 221/347/223 220/393/261 26/59/46
f 278/182/133 67/643/377 66/153/120
f 254/148/115 70/126/97 90/128/99
f 245/350/225 72/115/87 71/117/89
f 244/149/116 242/425/117 74/108/80
f 256/151/118 76/134/102 75/131/100
f 272/174/128 80/139/106 79/138/105
f 273/354/229 82/140/107 81/142/109
f 222/355/230 191/674/262 190/356/231
f 309/358/233 223/675/260 192/359/234
f 194/361/235 224/391/259 193/362/236
f 197/363/237 195/398/257 194/361/235
f 216/365/222 197/676/237 310/366/238
f 196/367/239 199/677/242 198/368/240
f 196/678/239 286/374/246 199/370/242
f 201/369/241 198/679/240 199/370/242
f 200/371/243 290/373/245 213/65/52
f 200/371/243 199/370/242 286/374/246
f 202/375/247 212/343/220 213/65/52
f 294/376/248 211/64/51 212/343/220
f 203/377/249 209/342/219 211/64/51
f 312/378/250 204/380/252 209/342/219
f 313/379/251 225/384/255 204/380/252
f 230/381/253 205/680/254 313/379/251
f 206/60/47 191/402/262 222/394/230
f 205/383/254 230/403/253 207/62/49
f 210/63/50 204/380/252 225/384/255
f 214/344/221 215/66/53 198/388/240
f 216/346/222 198/388/240 215/66/53
f 216/346/222 217/629/54 197/681/237
f 195/389/257 197/681/237 228/390/258
f 219/72/58 193/362/236 224/391/259
f 221/347/223 192/400/234 223/392/260
f 307/357/232 192/682/234 222/355/230
f 309/358/233 193/362/236 223/675/260
f 195/398/257 224/391/259 194/361/235
f 205/680/254 225/384/255 313/379/251
f 208/83/62 227/628/256 225/396/255
f 217/629/54 228/390/258 197/681/237
f 218/70/56 229/84/63 224/683/259
f 220/393/261 223/392/260 193/684/236
f 191/674/262 230/685/253 190/356/231
f 206/60/47 231/631/65 230/401/253
f 232/404/224 331/448/267 332/405/263
f 258/407/265 233/410/268 259/408/266
f 233/410/268 234/446/291 260/411/269
f 235/412/270 261/686/272 260/411/269
f 237/414/228 236/418/274 261/415/272
f 238/417/273 239/687/277 236/418/274
f 240/421/275 236/420/274 239/423/277
f 241/422/276 342/426/278 239/423/277
f 242/425/117 243/428/280 342/426/278
f 240/421/275 239/423/277 342/426/278
f 242/425/117 244/149/116 343/427/279
f 246/429/281 343/427/279 244/149/116
f 245/350/225 248/351/226 247/431/283
f 263/432/284 247/431/283 248/351/226
f 348/434/286 250/430/282 247/431/283
f 246/429/281 247/431/283 250/430/282
f 249/433/285 251/440/290 264/435/287
f 252/436/288 332/688/263 264/435/287
f 232/348/224 276/456/264 278/182/133
f 265/438/289 268/146/113 253/147/114
f 251/440/290 249/433/285 254/148/115
f 241/442/276 255/352/227 242/150/117
f 238/441/273 256/151/118 255/352/227
f 235/445/270 270/171/126 237/443/228
f 262/444/271 272/174/128 269/172/127
f 234/446/291 233/410/268 273/354/229
f 233/447/268 258/689/265 275/152/119
f 249/433/285 348/434/286 263/432/284
f 251/451/290 267/167/125 268/146/113
f 235/445/270 269/172/127 270/171/126
f 234/690/291 271/175/129 272/174/128
f 257/646/131 273/354/229 233/410/268
f 266/177/124 275/152/119 258/689/265
f 252/455/288 277/183/134 278/182/133
f 252/439/288 253/147/114 277/184/134
f 372/457/292 299/524/339 329/458/293
f 352/460/295 351/563/160 300/461/296
f 353/463/298 319/529/342 318/464/299
f 354/466/301 295/469/304 293/467/302
f 295/469/304 354/466/301 355/465/300
f 357/470/305 356/468/303 293/467/302
f 357/470/305 292/471/306 301/472/307
f 359/474/309 358/691/308 301/475/307
f 359/474/309 302/476/310 303/477/311
f 361/479/313 360/478/312 303/477/311
f 361/479/313 304/480/314 321/545/349
f 363/481/315 376/608/376 320/482/316
f 364/484/318 325/537/344 324/485/319
f 367/487/321 366/549/352 305/488/322
f 327/490/324 279/553/340 307/491/232
f 280/493/325 309/554/233 307/491/232
f 308/495/327 281/536/343 194/496/235
f 282/498/328 310/502/238 194/499/235
f 283/501/330 196/504/239 310/502/238
f 284/503/331 285/505/332 196/504/239
f 288/507/333 287/511/335 285/505/332
f 289/508/334 290/514/245 287/509/335
f 291/512/244 287/511/335 290/692/245
f 286/506/246 285/505/332 287/511/335
f 289/508/334 292/471/306 202/513/247
f 294/515/248 202/513/247 292/471/306
f 293/467/302 295/469/304 203/516/249
f 312/517/250 203/516/249 295/469/304
f 296/518/336 297/528/341 313/519/251
f 298/520/337 190/492/231 313/521/251
f 327/523/324 329/458/293 299/524/339
f 314/526/338 317/462/297 300/461/296
f 297/528/341 296/518/336 318/464/299
f 289/508/334 301/472/307 292/471/306
f 288/530/333 302/476/310 301/475/307
f 284/532/331 303/477/311 302/476/310
f 283/533/330 304/480/314 303/477/311
f 282/534/328 321/545/349 304/480/314
f 311/535/329 323/483/317 320/482/316
f 281/536/343 308/495/327 324/485/319
f 280/538/325 306/693/326 326/489/323
f 372/457/292 373/694/353 315/539/345
f 352/460/295 317/462/297 316/540/346
f 319/529/342 353/463/298 374/542/347
f 321/545/349 362/544/348 361/479/313
f 363/481/315 323/483/317 322/546/350
f 376/608/376 362/544/348 320/482/316
f 365/486/320 324/485/319 305/695/322
f 364/484/318 375/696/351 322/550/350
f 373/551/353 367/487/321 326/489/323
f 306/558/326 279/525/340 299/524/339
f 297/559/341 316/540/346 317/462/297
f 297/528/341 319/529/342 316/543/346
f 282/534/328 320/482/316 321/545/349
f 281/697/343 322/546/350 323/483/317
f 305/695/322 324/485/319 308/495/327
f 315/552/345 326/489/323 306/693/326
f 308/698/327 280/538/325 305/488/322
f 350/459/294 329/458/293 328/561/354
f 351/563/160 378/699/355 328/564/354
f 298/565/337 328/561/354 329/458/293
f 298/527/337 300/461/296 328/564/354
f 332/566/263 331/569/267 368/567/356
f 331/569/267 259/700/266 369/570/358
f 334/572/360 259/613/266 260/573/269
f 260/575/269 261/578/272 336/576/362
f 261/578/272 338/581/366 337/579/364
f 339/580/365 337/579/364 338/581/366
f 340/582/367 338/581/366 240/586/275
f 261/578/272 240/586/275 338/581/366
f 340/582/367 342/587/278 341/583/368
f 358/473/308 341/701/368 342/584/278
f 358/473/308 243/585/280 343/588/279
f 357/470/305 343/588/279 344/589/369
f 250/595/282 344/702/369 343/703/279
f 356/468/303 344/589/369 345/590/370
f 354/466/301 345/590/370 346/591/371
f 348/593/286 346/704/371 345/594/370
f 250/595/282 345/594/370 344/702/369
f 347/592/372 348/705/286 264/596/287
f 264/598/287 332/566/263 377/599/374
f 368/601/356 372/457/292 350/459/294
f 351/563/160 352/460/295 349/603/375
f 371/597/373 353/463/298 355/465/300
f 347/592/372 355/465/300 354/466/301
f 358/691/308 359/474/309 341/706/368
f 339/605/365 341/706/368 359/474/309
f 360/478/312 361/479/313 337/606/364
f 336/607/362 337/606/364 361/479/313
f 376/608/376 363/481/315 335/609/363
f 370/574/361 364/484/318 365/486/320
f 369/610/358 366/549/352 367/487/321
f 346/591/371 348/705/286 347/592/372
f 333/616/359 373/694/353 372/457/292
f 371/617/373 349/603/375 352/460/295
f 374/542/347 353/463/298 371/597/373
f 370/574/361 335/614/363 363/707/315
f 362/544/348 376/608/376 336/607/362
f 334/572/360 365/486/320 366/708/352
f 370/574/361 375/696/351 364/484/318
f 333/611/359 367/487/321 373/551/353
f 377/620/374 330/602/357 350/459/294
f 378/699/355 351/563/160 377/604/374
f 380/709/378 382/710/166 379/711/166
f 382/712/379 383/713/379 379/714/379
f 384/715/380 385/716/381 383/717/380
f 385/716/381 388/718/382 387/719/383
f 387/720/379 390/721/379 389/722/379
f 389/723/166 392/724/166 391/725/166
f 391/726/384 394/727/385 393/728/384
f 395/729/166 394/730/166 396/731/166
f 396/732/386 398/733/387 395/734/388
f 398/733/389 399/735/390 400/736/391
f 399/737/390 402/738/392 400/739/391
f 402/738/392 403/740/393 404/741/394
f 404/741/394 403/740/393 405/742/395
f 405/742/395 406/743/396 404/741/394
f 406/743/396 408/744/397 407/745/398
f 407/746/399 410/747/400 409/748/400
f 410/749/400 412/750/401 409/751/400
f 411/752/402 414/753/403 412/750/401
f 413/754/404 416/755/405 414/756/403
f 415/757/406 417/758/407 416/755/405
f 417/758/408 420/759/409 419/760/409
f 421/761/385 420/759/409 422/762/385
f 421/763/166 424/764/166 423/765/166
f 423/766/410 425/767/410 426/768/411
f 425/769/412 427/770/413 426/771/414
f 429/772/415 428/773/416 425/769/412
f 430/774/417 432/775/418 431/776/419
f 426/771/414 431/776/419 432/775/418
f 433/777/420 429/778/420 434/779/421
f 433/780/166 436/781/166 435/782/166
f 436/783/422 437/784/423 435/785/422
f 439/786/379 438/787/424 440/788/379
f 441/789/425 439/786/426 440/788/427
f 441/789/425 444/790/428 442/791/429
f 444/792/428 445/793/430 446/794/431
f 447/795/432 448/796/433 446/794/431
f 449/797/434 448/798/433 447/799/432
f 450/800/435 449/801/436 451/802/437
f 450/800/435 451/802/437 452/803/438
f 452/803/438 454/804/439 455/805/440
f 456/806/441 455/805/440 454/804/439
f 458/807/442 457/808/443 456/809/441
f 458/807/444 460/810/445 459/811/446
f 460/812/166 463/813/166 462/814/166
f 462/815/422 465/816/422 464/817/422
f 466/818/166 465/819/166 467/820/166
f 466/821/408 469/822/408 468/823/408
f 469/824/447 470/825/448 468/826/449
f 470/825/448 473/827/380 472/828/380
f 474/829/408 473/830/408 475/831/408
f 474/832/166 477/833/166 476/834/166
f 476/834/166 379/711/166 474/832/166
f 475/835/450 384/836/450 382/837/450
f 471/838/451 384/715/380 473/827/380
f 388/718/382 471/838/451 469/824/447
f 467/839/450 388/840/450 469/841/450
f 464/842/166 389/723/166 391/725/166
f 392/843/452 463/844/452 394/845/452
f 462/814/166 395/729/166 460/812/166
f 396/846/453 458/847/453 397/848/454
f 397/848/455 456/849/456 399/850/457
f 401/851/458 456/806/456 454/804/439
f 453/852/459 401/851/458 454/804/439
f 405/742/395 453/852/459 451/802/437
f 406/743/396 452/803/438 404/741/394
f 447/853/460 408/854/461 449/855/462
f 410/749/463 447/795/460 411/752/464
f 411/752/464 443/856/465 413/857/466
f 414/753/467 446/794/468 412/750/469
f 415/858/470 443/859/465 441/860/471
f 416/861/472 444/862/473 414/863/467
f 418/864/474 441/860/471 440/865/475
f 417/866/476 442/867/477 416/861/472
f 419/868/478 439/869/450 417/866/479
f 436/870/480 420/871/481 438/872/481
f 421/873/482 437/874/483 419/868/478
f 435/782/166 423/765/166 433/780/166
f 424/875/484 429/876/484 425/877/485
f 426/878/486 433/879/487 423/880/488
f 434/881/166 422/882/166 436/781/166
f 420/871/481 440/865/489 438/872/481
f 446/794/468 409/751/490 412/750/469
f 450/800/435 407/745/398 448/883/491
f 455/805/440 404/741/394 452/803/438
f 457/884/492 402/738/392 455/805/440
f 459/885/493 400/886/494 457/887/492
f 460/888/495 398/889/495 459/885/496
f 396/731/166 463/813/166 461/890/166
f 464/891/497 393/892/498 462/893/497
f 465/819/166 390/894/166 467/820/166
f 387/895/489 466/896/489 468/897/489
f 470/825/448 387/719/383 468/826/449
f 472/828/380 385/716/381 470/825/448
f 379/898/489 472/899/489 474/900/489
f 475/901/166 381/902/378 477/833/166
f 481/903/166 479/904/166 480/905/499
f 483/906/379 478/907/379 481/908/379
f 484/909/500 483/910/380 485/911/501
f 487/912/382 484/909/500 485/911/501
f 489/913/379 486/914/379 487/915/379
f 491/916/166 488/917/166 489/918/166
f 493/919/385 490/920/384 491/921/385
f 493/922/166 494/923/166 492/924/166
f 496/925/502 495/926/502 497/927/503
f 499/928/504 496/925/505 497/927/506
f 500/929/507 499/930/504 501/931/508
f 503/932/509 500/929/507 501/931/508
f 505/933/510 502/934/511 503/932/509
f 507/935/512 504/936/513 505/933/514
f 508/937/515 506/938/516 507/939/517
f 509/940/518 508/941/515 510/942/519
f 511/943/520 510/942/519 512/944/521
f 513/945/522 512/946/521 514/947/523
f 516/948/524 513/945/522 514/947/523
f 518/949/409 515/950/408 516/948/408
f 518/949/409 519/951/385 517/952/409
f 520/953/166 521/954/166 519/955/166
f 524/956/525 521/957/525 522/958/526
f 525/959/527 524/960/528 526/961/529
f 526/961/529 530/962/530 527/963/531
f 528/964/532 527/963/531 530/962/530
f 529/965/533 523/966/534 525/959/527
f 532/967/535 528/968/536 530/969/537
f 534/970/166 531/971/166 532/972/166
f 535/973/423 534/974/422 536/975/424
f 536/975/424 537/976/379 535/973/423
f 537/976/538 540/977/539 539/978/540
f 541/979/541 540/977/539 542/980/542
f 544/981/543 541/982/541 542/983/542
f 543/984/544 544/981/543 546/985/545
f 543/984/544 546/985/545 545/986/546
f 547/987/56 548/988/547 545/986/548
f 551/989/549 548/988/547 549/990/550
f 553/991/551 550/992/552 551/989/549
f 554/993/553 553/991/551 555/994/554
f 556/995/555 555/996/554 557/997/556
f 558/998/557 557/997/556 559/999/558
f 561/1000/166 558/1001/166 559/1002/166
f 563/1003/422 560/1004/559 561/1005/422
f 563/1006/166 564/1007/166 562/1008/166
f 566/1009/408 565/1010/408 567/1011/408
f 568/1012/560 567/1013/447 569/1014/561
f 570/1015/380 569/1014/561 571/1016/380
f 571/1017/408 572/1018/408 570/1019/408
f 575/1020/499 572/1021/166 573/1022/166
f 478/1023/166 574/1024/166 479/904/166
f 481/1025/450 571/1026/450 483/1027/450
f 485/911/501 571/1016/380 569/1014/561
f 569/1014/561 487/912/382 485/911/501
f 487/1028/479 565/1029/450 489/1030/479
f 490/1031/166 564/1007/166 488/917/166
f 563/1032/452 493/1033/452 491/1034/452
f 494/923/166 560/1035/166 492/924/166
f 557/1036/562 495/1037/562 559/1038/563
f 555/1039/564 497/1040/565 557/1036/566
f 555/994/564 501/931/508 499/930/567
f 501/931/508 551/989/549 503/932/509
f 551/989/549 505/933/568 503/932/509
f 550/992/552 504/936/513 548/988/547
f 507/1041/569 546/1042/460 508/1043/463
f 544/981/570 510/942/464 546/985/460
f 542/983/571 510/942/464 544/981/570
f 541/982/572 509/940/573 511/943/574
f 542/1044/571 514/1045/575 512/1046/576
f 541/1047/572 513/1048/577 539/1049/578
f 538/1050/579 514/1045/575 540/1051/580
f 539/1049/578 515/1052/581 537/1053/582
f 537/1053/479 517/1054/583 535/1055/583
f 518/1056/481 534/1057/480 520/1058/584
f 533/1059/585 517/1054/583 519/1060/482
f 531/971/166 519/955/166 521/954/166
f 530/1061/586 522/1062/586 532/1063/587
f 528/1064/588 521/1065/487 523/1066/589
f 522/1067/166 534/970/166 532/972/166
f 538/1050/489 518/1056/481 516/1068/489
f 509/940/573 545/986/548 506/1069/590
f 506/1069/590 548/988/547 504/936/513
f 502/934/511 552/1070/591 500/929/507
f 500/929/507 554/993/592 498/1071/593
f 496/1072/594 554/1073/592 556/1074/595
f 496/1072/596 558/1075/596 494/1076/597
f 561/1000/166 495/1077/166 493/922/166
f 560/1078/497 490/1079/598 492/1080/598
f 489/918/166 563/1006/166 491/916/166
f 564/1081/489 486/1082/489 488/1083/489
f 486/1084/383 568/1012/560 484/909/500
f 482/1085/380 568/1012/560 570/1015/380
f 570/1086/489 478/1087/489 482/1088/489
f 480/905/499 573/1022/166 481/903/166
f 577/1089/499 579/1090/166 578/1091/166
f 579/1092/379 580/1093/379 581/1094/379
f 581/1095/380 582/1096/599 583/1097/600
f 582/1096/599 585/1098/601 583/1097/600
f 585/1099/379 586/1100/379 587/1101/379
f 586/1102/166 589/1103/166 587/1104/166
f 588/1105/384 591/1106/385 589/1107/385
f 591/1108/166 592/1109/166 593/1110/166
f 593/1111/502 594/1112/502 595/1113/503
f 597/1114/602 594/1112/603 596/1115/604
f 597/1116/602 598/1117/605 599/1118/606
f 601/1119/607 598/1117/605 600/1120/608
f 600/1120/608 603/1121/609 601/1119/607
f 603/1121/610 604/1122/56 605/1123/611
f 607/1124/612 604/1125/399 606/1126/612
f 608/1127/613 607/1128/612 606/1129/612
f 609/1130/614 610/1131/615 611/1132/616
f 611/1133/616 612/1134/617 613/1135/618
f 613/1135/618 614/1136/619 615/1137/620
f 617/1138/409 614/1136/408 616/1139/409
f 617/1138/409 618/1140/385 619/1141/385
f 619/1142/166 620/1143/166 621/1144/166
f 623/1145/410 620/1146/621 622/1147/622
f 623/1148/623 624/1149/624 625/1150/625
f 629/1151/626 625/1150/625 626/1152/627
f 627/1153/417 626/1152/627 628/1154/628
f 622/1155/629 628/1154/628 624/1149/624
f 627/1156/630 631/1157/630 629/1158/631
f 630/1159/166 633/1160/166 631/1161/166
f 633/1162/422 634/1163/423 635/1164/424
f 635/1164/424 636/1165/379 637/1166/379
f 639/1167/539 636/1165/632 638/1168/633
f 639/1167/539 640/1169/634 641/1170/635
f 641/1171/635 642/1172/636 643/1173/637
f 645/1174/638 642/1172/636 644/1175/639
f 646/1176/640 647/1177/641 648/1178/642
f 647/1177/641 650/1179/643 648/1178/642
f 649/1180/644 650/1179/645 647/1177/641
f 652/1181/646 649/1180/644 651/1182/647
f 654/1183/648 651/1182/647 653/1184/649
f 655/1185/650 654/1186/648 653/1187/649
f 658/1188/651 655/1185/650 657/1189/652
f 657/1190/166 660/1191/166 658/1192/166
f 662/1193/422 659/1194/422 661/1195/422
f 661/1196/166 664/1197/166 662/1198/166
f 664/1199/408 665/1200/408 666/1201/408
f 666/1202/653 667/1203/654 668/1204/655
f 668/1204/655 669/1205/380 670/1206/380
f 670/1207/408 671/1208/408 672/1209/408
f 671/1210/166 674/1211/166 672/1212/166
f 576/1213/166 673/1214/499 671/1210/166
f 670/1215/489 579/1216/489 581/1217/489
f 583/1097/600 670/1206/380 581/1095/380
f 585/1098/601 668/1204/655 583/1097/600
f 664/1218/489 585/1219/489 587/1220/489
f 586/1102/166 661/1196/166 588/1221/166
f 589/1222/598 660/1223/498 662/1224/498
f 590/1225/166 657/1190/166 592/1109/166
f 593/1226/656 656/1227/656 658/1228/657
f 595/1229/658 654/1230/659 656/1227/660
f 597/1116/661 652/1181/646 654/1183/659
f 601/1119/607 652/1181/646 599/1118/606
f 603/1121/609 650/1179/645 601/1119/607
f 600/1120/608 649/1180/644 647/1177/641
f 603/1121/610 648/1178/642 650/1179/643
f 645/1231/662 605/1232/663 607/1233/664
f 645/1174/662 609/1130/665 643/1173/666
f 609/1130/665 641/1171/667 643/1173/666
f 640/1234/668 608/1127/669 642/1172/670
f 641/1235/667 613/1236/671 639/1237/672
f 612/1238/673 640/1239/668 638/1240/674
f 613/1236/671 637/1241/675 639/1237/672
f 614/1242/676 638/1240/674 636/1243/677
f 616/1244/481 636/1243/489 634/1245/481
f 633/1246/678 617/1247/583 619/1248/497
f 632/1249/679 616/1244/481 634/1245/481
f 618/1250/166 630/1159/166 620/1143/166
f 631/1251/588 623/1252/588 629/1253/680
f 627/1254/586 620/1255/586 630/1256/681
f 621/1144/166 633/1160/166 619/1142/166
f 617/1247/583 637/1241/450 615/1257/450
f 606/1129/682 642/1172/670 608/1127/669
f 602/1258/683 644/1259/684 604/1122/56
f 651/1182/647 600/1120/608 598/1117/605
f 653/1184/685 598/1117/605 596/1260/686
f 594/1261/687 653/1262/685 596/1263/686
f 657/1264/688 594/1261/688 592/1265/689
f 593/1110/166 660/1191/166 591/1108/166
f 590/1266/452 661/1267/480 659/1268/480
f 662/1198/166 587/1104/166 589/1103/166
f 584/1269/450 663/1270/450 586/1271/450
f 582/1096/599 665/1272/690 584/1273/691
f 669/1205/380 582/1096/599 580/1274/380
f 580/1275/450 671/1276/450 669/1277/450
f 672/1212/166 578/1091/166 579/1090/166
f 678/1278/166 676/1279/378 675/1280/166
f 675/1281/379 680/1282/379 678/1283/379
f 681/1284/692 680/1285/380 679/1286/380
f 684/1287/693 681/1284/692 683/1288/694
f 685/1289/379 684/1290/379 683/1291/379
f 688/1292/166 685/1293/166 687/1294/166
f 690/1295/385 687/1296/384 689/1297/384
f 691/1298/166 690/1299/166 689/1300/166
f 694/1301/695 692/1302/696 691/1303/697
f 696/1304/698 693/1305/699 694/1301/695
f 698/1306/700 695/1307/701 696/1308/698
f 698/1306/700 699/1309/702 697/1310/703
f 702/1311/704 701/1312/705 700/1313/706
f 702/1311/704 704/1314/707 701/1312/705
f 705/1315/708 704/1316/709 703/1317/399
f 705/1318/708 707/1319/710 706/1320/711
f 710/1321/712 707/1319/710 708/1322/713
f 712/1323/714 709/1324/715 710/1325/712
f 712/1323/714 714/1326/716 711/1327/717
f 713/1328/408 716/1329/409 714/1326/408
f 717/1330/385 716/1329/409 715/1331/409
f 719/1332/166 718/1333/166 717/1334/166
f 719/1335/410 721/1336/410 720/1337/526
f 723/1338/718 721/1339/719 722/1340/720
f 724/1341/721 725/1342/722 721/1339/719
f 726/1343/723 728/1344/724 725/1342/722
f 727/1345/725 722/1340/720 728/1344/724
f 730/1346/535 728/1347/420 729/1348/726
f 732/1349/166 729/1350/166 731/1351/166
f 733/1352/423 732/1353/422 731/1354/422
f 735/1355/379 734/1356/424 733/1352/423
f 735/1355/727 737/1357/728 736/1358/729
f 740/1359/730 738/1360/731 739/1361/732
f 738/1360/731 740/1359/730 741/1362/733
f 741/1363/733 742/1364/734 743/1365/735
f 744/1366/736 745/1367/737 743/1368/735
f 746/1369/738 745/1370/739 744/1371/740
f 747/1372/741 746/1369/738 748/1373/742
f 747/1372/741 748/1373/742 749/1374/743
f 751/1375/744 749/1374/743 748/1373/742
f 750/1376/745 753/1377/746 752/1378/747
f 753/1379/746 754/1380/748 752/1381/747
f 756/1382/445 754/1380/445 755/1383/749
f 759/1384/166 756/1385/166 758/1386/166
f 758/1387/559 761/1388/422 759/1389/422
f 762/1390/166 761/1391/166 760/1392/166
f 762/1393/408 765/1394/408 763/1395/408
f 766/1396/750 765/1397/653 764/1398/751
f 766/1396/750 769/1399/380 767/1400/752
f 770/1401/408 769/1402/408 768/1403/408
f 773/1404/166 770/1405/166 772/1406/166
f 770/1405/166 676/1279/378 772/1406/166
f 678/1407/489 769/1408/489 771/1409/489
f 680/1285/380 767/1400/752 769/1399/380
f 767/1400/752 684/1287/693 765/1397/653
f 684/1410/489 763/1411/489 765/1412/489
f 760/1392/166 685/1293/166 762/1390/166
f 759/1413/598 688/1414/598 690/1415/598
f 758/1386/166 691/1298/166 689/1300/166
f 754/1416/495 692/1417/495 693/1418/753
f 752/1419/754 693/1418/755 695/1420/756
f 697/1310/703 752/1378/754 695/1307/756
f 749/1374/743 697/1310/703 699/1309/702
f 749/1374/743 701/1312/705 747/1372/741
f 748/1373/742 702/1311/704 700/1313/706
f 704/1421/757 743/1422/758 745/1423/759
f 743/1365/758 706/1320/760 707/1319/761
f 741/1363/762 707/1319/761 709/1424/763
f 708/1322/764 740/1425/466 710/1321/765
f 711/1426/766 738/1427/767 709/1428/763
f 740/1429/466 712/1430/768 710/1431/765
f 738/1427/767 711/1426/766 737/1432/769
f 714/1433/770 737/1432/769 711/1426/766
f 739/1434/771 713/1435/772 712/1430/768
f 735/1436/773 715/1437/481 713/1435/773
f 716/1438/583 732/1439/678 734/1440/774
f 715/1437/481 731/1441/584 717/1442/775
f 731/1351/166 719/1332/166 717/1334/166
f 725/1443/588 720/1444/588 721/1445/776
f 729/1446/777 722/1447/778 719/1448/563
f 718/1333/166 730/1449/166 732/1349/166
f 736/1450/450 716/1438/583 734/1440/774
f 742/1364/779 705/1318/780 744/1451/781
f 703/1452/782 746/1369/738 744/1371/740
f 700/1313/706 751/1375/744 748/1373/742
f 698/1306/700 753/1377/783 751/1375/744
f 696/1453/784 755/1454/785 753/1455/783
f 694/1456/786 756/1457/562 755/1454/785
f 759/1384/166 692/1458/166 757/1459/166
f 758/1460/584 687/1461/452 760/1462/584
f 686/1463/166 761/1391/166 763/1464/166
f 762/1465/450 683/1466/450 764/1467/450
f 683/1288/694 766/1396/750 764/1398/751
f 766/1396/750 679/1286/380 768/1468/380
f 768/1469/450 675/1470/450 770/1471/450
f 677/1472/378 771/1473/166 773/1404/166
f 380/709/378 381/902/378 382/710/166
f 382/712/379 384/1474/379 383/713/379
f 384/715/380 386/1475/787 385/716/381
f 385/716/381 386/1475/787 388/718/382
f 387/720/379 388/1476/379 390/721/379
f 389/723/166 390/894/166 392/724/166
f 391/726/384 392/1477/385 394/727/385
f 395/729/166 393/1478/166 394/730/166
f 396/732/386 397/1479/503 398/733/387
f 398/733/389 397/1479/788 399/735/390
f 399/737/390 401/851/458 402/738/392
f 402/738/392 401/851/458 403/740/393
f 406/743/396 405/742/395 408/744/397
f 407/746/399 408/1480/709 410/747/400
f 410/749/400 411/752/402 412/750/401
f 411/752/402 413/857/404 414/753/403
f 413/754/404 415/757/406 416/755/405
f 415/757/406 418/1481/789 417/758/407
f 417/758/408 418/1481/408 420/759/409
f 421/761/385 419/760/409 420/759/409
f 421/763/166 422/882/166 424/764/166
f 423/766/410 424/1482/526 425/767/410
f 425/769/412 428/773/416 427/770/413
f 429/772/415 430/774/417 428/773/416
f 430/774/417 429/772/415 432/775/418
f 426/771/414 427/770/413 431/776/419
f 433/777/420 432/1483/631 429/778/420
f 433/780/166 434/881/166 436/781/166
f 436/783/422 438/787/424 437/784/423
f 439/786/379 437/784/423 438/787/424
f 441/789/425 442/791/429 439/786/426
f 441/789/425 443/1484/790 444/790/428
f 444/792/428 443/856/790 445/793/430
f 445/793/430 447/795/432 446/794/431
f 450/800/435 448/883/491 449/801/436
f 451/802/437 453/852/459 452/803/438
f 452/803/438 453/852/459 454/804/439
f 456/806/441 457/884/443 455/805/440
f 458/807/442 459/811/791 457/808/443
f 458/807/444 461/1485/792 460/810/445
f 460/812/166 461/890/166 463/813/166
f 462/815/422 463/1486/422 465/816/422
f 466/818/166 464/842/166 465/819/166
f 466/821/408 467/1487/408 469/822/408
f 469/824/447 471/838/451 470/825/448
f 470/825/448 471/838/451 473/827/380
f 474/829/408 472/1488/408 473/830/408
f 474/832/166 475/901/166 477/833/166
f 476/834/166 380/709/378 379/711/166
f 475/835/450 473/1489/450 384/836/450
f 471/838/451 386/1475/787 384/715/380
f 388/718/382 386/1475/787 471/838/451
f 467/839/450 390/1490/450 388/840/450
f 464/842/166 466/818/166 389/723/166
f 392/843/452 465/1491/452 463/844/452
f 462/814/166 393/1478/166 395/729/166
f 396/846/453 461/1492/793 458/847/453
f 397/848/455 458/847/794 456/849/456
f 401/851/458 399/737/457 456/806/456
f 453/852/459 403/740/393 401/851/458
f 405/742/395 403/740/393 453/852/459
f 406/743/396 450/800/435 452/803/438
f 447/853/460 410/1493/463 408/854/461
f 411/752/464 447/795/460 445/793/795
f 411/752/464 445/793/795 443/856/465
f 414/753/467 444/792/473 446/794/468
f 415/858/470 413/1494/466 443/859/465
f 416/861/472 442/867/477 444/862/473
f 418/864/474 415/858/470 441/860/471
f 417/866/476 439/869/582 442/867/477
f 419/868/478 437/874/483 439/869/450
f 436/870/480 422/1495/480 420/871/481
f 421/873/482 435/1496/598 437/874/483
f 435/782/166 421/763/166 423/765/166
f 424/875/484 434/1497/796 429/876/484
f 426/878/486 432/1498/589 433/879/487
f 434/881/166 424/764/166 422/882/166
f 420/871/481 418/864/489 440/865/489
f 446/794/468 448/796/797 409/751/490
f 407/1499/798 409/1500/490 448/1501/797
f 450/800/435 406/743/396 407/745/398
f 455/805/440 402/738/392 404/741/394
f 457/884/492 400/739/494 402/738/392
f 459/885/493 398/889/799 400/886/494
f 460/888/495 395/1502/800 398/889/495
f 396/731/166 394/730/166 463/813/166
f 464/891/497 391/1503/498 393/892/498
f 465/819/166 392/724/166 390/894/166
f 387/895/489 389/1504/489 466/896/489
f 470/825/448 385/716/381 387/719/383
f 472/828/380 383/717/380 385/716/381
f 379/898/489 383/1505/489 472/899/489
f 475/901/166 382/710/166 381/902/378
f 481/903/166 478/1023/166 479/904/166
f 483/906/379 482/1506/379 478/907/379
f 484/909/500 482/1085/380 483/910/380
f 487/912/382 486/1084/383 484/909/500
f 489/913/379 488/1507/379 486/914/379
f 491/916/166 490/1031/166 488/917/166
f 493/919/385 492/1508/384 490/920/384
f 493/922/166 495/1077/166 494/923/166
f 496/925/502 494/1509/801 495/926/502
f 499/928/504 498/1510/604 496/925/505
f 500/929/507 498/1071/604 499/930/504
f 503/932/509 502/934/511 500/929/507
f 504/936/513 502/934/511 505/933/514
f 507/935/512 506/1069/590 504/936/513
f 509/940/518 506/1069/516 508/941/515
f 511/943/520 509/940/518 510/942/519
f 513/945/522 511/1511/520 512/946/521
f 516/948/524 515/950/802 513/945/522
f 518/949/409 517/952/409 515/950/408
f 518/949/409 520/1512/385 519/951/385
f 520/953/166 522/1067/166 521/954/166
f 524/956/525 523/1513/803 521/957/525
f 525/959/527 523/966/534 524/960/528
f 526/961/529 524/960/528 530/962/530
f 528/964/532 529/965/533 527/963/531
f 529/965/533 528/964/532 523/966/534
f 532/967/535 531/1514/421 528/968/536
f 534/970/166 533/1515/166 531/971/166
f 535/973/423 533/1516/422 534/974/422
f 536/975/424 538/1517/379 537/976/379
f 537/976/538 538/1517/804 540/977/539
f 541/979/541 539/978/540 540/977/539
f 544/981/543 543/984/544 541/982/541
f 545/1518/546 546/1519/545 547/1520/434
f 547/987/56 549/990/550 548/988/547
f 551/989/549 550/992/552 548/988/547
f 553/991/551 552/1070/591 550/992/552
f 554/993/553 552/1070/591 553/991/551
f 556/995/555 554/1521/553 555/996/554
f 558/998/557 556/995/555 557/997/556
f 561/1000/166 560/1035/166 558/1001/166
f 563/1003/422 562/1522/559 560/1004/559
f 563/1006/166 565/1523/166 564/1007/166
f 566/1009/408 564/1524/408 565/1010/408
f 568/1012/560 566/1525/805 567/1013/447
f 570/1015/380 568/1012/560 569/1014/561
f 571/1017/408 573/1526/408 572/1018/408
f 575/1020/499 574/1024/166 572/1021/166
f 478/1023/166 572/1021/166 574/1024/166
f 481/1025/450 573/1527/450 571/1026/450
f 485/911/501 483/910/380 571/1016/380
f 569/1014/561 567/1013/447 487/912/382
f 487/1028/479 567/1528/450 565/1029/450
f 490/1031/166 562/1008/166 564/1007/166
f 563/1032/452 561/1529/452 493/1033/452
f 494/923/166 558/1001/166 560/1035/166
f 557/1036/562 497/1040/806 495/1037/562
f 555/1039/564 499/1530/567 497/1040/565
f 555/994/564 553/991/551 501/931/508
f 501/931/508 553/991/551 551/989/549
f 505/933/514 551/989/549 549/990/550
f 550/992/552 502/934/511 504/936/513
f 507/1041/569 547/1531/462 546/1042/460
f 546/985/460 510/942/464 508/941/463
f 542/983/571 512/944/576 510/942/464
f 541/982/572 543/984/807 509/940/573
f 542/1044/571 540/1051/580 514/1045/575
f 541/1047/572 511/1532/574 513/1048/577
f 538/1050/579 516/1068/808 514/1045/575
f 539/1049/578 513/1048/577 515/1052/581
f 537/1053/479 515/1052/479 517/1054/583
f 518/1056/481 536/1533/809 534/1057/480
f 533/1059/585 535/1055/583 517/1054/583
f 531/971/166 533/1515/166 519/955/166
f 530/1061/586 524/1534/810 522/1062/586
f 528/1064/588 531/1535/811 521/1065/487
f 522/1067/166 520/953/166 534/970/166
f 538/1050/489 536/1533/809 518/1056/481
f 509/940/573 543/984/807 545/986/548
f 506/1069/590 545/986/548 548/988/547
f 502/934/511 550/992/552 552/1070/591
f 500/929/507 552/1070/591 554/993/592
f 496/1072/594 498/1536/593 554/1073/592
f 496/1072/596 556/1074/812 558/1075/596
f 561/1000/166 559/1002/166 495/1077/166
f 560/1078/497 562/1537/497 490/1079/598
f 489/918/166 565/1523/166 563/1006/166
f 564/1081/489 566/1538/489 486/1082/489
f 486/1084/383 566/1525/805 568/1012/560
f 482/1085/380 484/909/500 568/1012/560
f 570/1086/489 572/1539/489 478/1087/489
f 480/905/499 575/1020/499 573/1022/166
f 577/1089/499 576/1213/166 579/1090/166
f 579/1092/379 576/1540/379 580/1093/379
f 581/1095/380 580/1274/380 582/1096/599
f 582/1096/599 584/1273/691 585/1098/601
f 585/1099/379 584/1541/379 586/1100/379
f 586/1102/166 588/1221/166 589/1103/166
f 588/1105/384 590/1542/384 591/1106/385
f 591/1108/166 590/1225/166 592/1109/166
f 593/1111/502 592/1543/801 594/1112/502
f 597/1114/602 595/1113/813 594/1112/603
f 597/1116/602 596/1260/604 598/1117/605
f 601/1119/607 599/1118/606 598/1117/605
f 603/1121/610 600/1120/608 602/1258/683
f 603/1121/610 602/1258/683 604/1122/56
f 607/1124/612 605/1544/709 604/1125/399
f 608/1127/613 609/1130/614 607/1128/612
f 609/1130/614 608/1127/613 610/1131/615
f 611/1133/616 610/1545/615 612/1134/617
f 613/1135/618 612/1134/617 614/1136/619
f 617/1138/409 615/1137/408 614/1136/408
f 617/1138/409 616/1139/409 618/1140/385
f 619/1142/166 618/1250/166 620/1143/166
f 623/1145/410 621/1546/814 620/1146/621
f 623/1148/623 622/1155/629 624/1149/624
f 629/1151/626 623/1148/623 625/1150/625
f 627/1153/417 629/1151/626 626/1152/627
f 622/1155/629 627/1153/417 628/1154/628
f 627/1156/630 630/1547/421 631/1157/630
f 630/1159/166 632/1548/166 633/1160/166
f 633/1162/422 632/1549/422 634/1163/423
f 635/1164/424 634/1163/423 636/1165/379
f 639/1167/539 637/1166/815 636/1165/632
f 639/1167/539 638/1168/633 640/1169/634
f 641/1171/635 640/1234/634 642/1172/636
f 645/1174/638 643/1173/637 642/1172/636
f 646/1550/816 645/1551/638 644/1552/639
f 646/1176/640 644/1259/684 647/1177/641
f 652/1181/646 650/1179/645 649/1180/644
f 654/1183/648 652/1181/646 651/1182/647
f 655/1185/650 656/1553/817 654/1186/648
f 658/1188/651 656/1553/817 655/1185/650
f 657/1190/166 659/1554/166 660/1191/166
f 662/1193/422 660/1555/422 659/1194/422
f 661/1196/166 663/1556/166 664/1197/166
f 664/1199/408 663/1557/408 665/1200/408
f 666/1202/653 665/1272/690 667/1203/654
f 668/1204/655 667/1203/654 669/1205/380
f 670/1207/408 669/1558/408 671/1208/408
f 671/1210/166 673/1214/499 674/1211/166
f 576/1213/166 577/1089/499 673/1214/499
f 670/1215/489 672/1559/489 579/1216/489
f 583/1097/600 668/1204/655 670/1206/380
f 585/1098/601 666/1202/653 668/1204/655
f 664/1218/489 666/1560/489 585/1219/489
f 586/1102/166 663/1556/166 661/1196/166
f 589/1222/598 591/1561/598 660/1223/498
f 590/1225/166 659/1554/166 657/1190/166
f 593/1226/656 595/1229/496 656/1227/656
f 595/1229/658 597/1562/661 654/1230/659
f 597/1116/661 599/1118/606 652/1181/646
f 601/1119/607 650/1179/645 652/1181/646
f 602/1258/683 600/1120/608 647/1177/641
f 645/1231/662 646/1563/663 605/1232/663
f 645/1174/662 607/1128/664 609/1130/665
f 609/1130/665 611/1132/818 641/1171/667
f 640/1234/668 610/1131/819 608/1127/669
f 641/1235/667 611/1564/818 613/1236/671
f 612/1238/673 610/1565/819 640/1239/668
f 613/1236/671 615/1257/820 637/1241/675
f 614/1242/676 612/1238/673 638/1240/674
f 616/1244/481 614/1242/773 636/1243/489
f 633/1246/678 635/1566/583 617/1247/583
f 632/1249/679 618/1567/775 616/1244/481
f 618/1250/166 632/1548/166 630/1159/166
f 631/1251/588 621/1568/811 623/1252/588
f 627/1254/586 622/1569/821 620/1255/586
f 621/1144/166 631/1161/166 633/1160/166
f 617/1247/583 635/1566/583 637/1241/450
f 606/1129/682 644/1175/822 642/1172/670
f 606/1570/682 604/1571/823 644/1572/822
f 602/1258/683 647/1177/641 644/1259/684
f 651/1182/647 649/1180/644 600/1120/608
f 653/1184/685 651/1182/647 598/1117/605
f 594/1261/687 655/1573/824 653/1262/685
f 657/1264/688 655/1573/825 594/1261/688
f 593/1110/166 658/1192/166 660/1191/166
f 590/1266/452 588/1574/452 661/1267/480
f 662/1198/166 664/1197/166 587/1104/166
f 584/1269/450 665/1575/450 663/1270/450
f 582/1096/599 667/1203/654 665/1272/690
f 669/1205/380 667/1203/654 582/1096/599
f 580/1275/450 576/1576/450 671/1276/450
f 672/1212/166 674/1211/166 578/1091/166
f 678/1278/166 677/1472/378 676/1279/378
f 675/1281/379 679/1577/379 680/1282/379
f 681/1284/692 682/1578/826 680/1285/380
f 684/1287/693 682/1578/826 681/1284/692
f 685/1289/379 686/1579/379 684/1290/379
f 688/1292/166 686/1463/166 685/1293/166
f 690/1295/385 688/1580/385 687/1296/384
f 691/1298/166 692/1458/166 690/1299/166
f 694/1301/695 693/1305/699 692/1302/696
f 696/1304/698 695/1581/701 693/1305/699
f 698/1306/700 697/1310/703 695/1307/701
f 698/1306/700 700/1313/706 699/1309/702
f 701/1312/827 699/1309/702 700/1313/706
f 702/1311/704 703/1452/782 704/1314/707
f 705/1315/708 706/1582/711 704/1316/709
f 705/1318/708 708/1322/713 707/1319/710
f 710/1321/712 709/1424/715 707/1319/710
f 712/1323/714 711/1327/717 709/1324/715
f 712/1323/714 713/1328/828 714/1326/716
f 713/1328/408 715/1331/409 716/1329/409
f 717/1330/385 718/1583/385 716/1329/409
f 719/1332/166 720/1584/166 718/1333/166
f 719/1335/410 722/1585/829 721/1336/410
f 723/1338/718 724/1341/721 721/1339/719
f 724/1341/721 726/1343/723 725/1342/722
f 726/1343/723 727/1345/725 728/1344/724
f 727/1345/725 723/1338/718 722/1340/720
f 730/1346/535 725/1586/830 728/1347/420
f 732/1349/166 730/1449/166 729/1350/166
f 733/1352/423 734/1356/424 732/1353/422
f 735/1355/379 736/1358/379 734/1356/424
f 735/1355/727 739/1361/732 737/1357/728
f 738/1360/731 737/1357/728 739/1361/732
f 740/1425/730 742/1364/734 741/1363/733
f 743/1365/735 742/1364/734 744/1451/736
f 746/1369/738 747/1372/741 745/1370/739
f 751/1375/744 750/1376/745 749/1374/743
f 750/1376/745 751/1375/744 753/1377/746
f 753/1379/746 755/1383/831 754/1380/748
f 756/1382/445 757/1587/792 754/1380/445
f 759/1384/166 757/1459/166 756/1385/166
f 758/1387/559 760/1588/559 761/1388/422
f 762/1390/166 763/1464/166 761/1391/166
f 762/1393/408 764/1589/408 765/1394/408
f 766/1396/750 767/1400/752 765/1397/653
f 766/1396/750 768/1468/380 769/1399/380
f 770/1401/408 771/1590/408 769/1402/408
f 773/1404/166 771/1473/166 770/1405/166
f 770/1405/166 675/1280/166 676/1279/378
f 678/1407/489 680/1591/489 769/1408/489
f 680/1285/380 682/1578/826 767/1400/752
f 767/1400/752 682/1578/826 684/1287/693
f 684/1410/489 686/1592/489 763/1411/489
f 760/1392/166 687/1294/166 685/1293/166
f 759/1413/598 761/1593/598 688/1414/598
f 758/1386/166 756/1385/166 691/1298/166
f 754/1416/495 757/1594/832 692/1417/495
f 752/1419/754 754/1416/833 693/1418/755
f 697/1310/703 750/1376/745 752/1378/754
f 749/1374/743 750/1376/745 697/1310/703
f 749/1374/743 699/1309/702 701/1312/705
f 748/1373/742 746/1369/738 702/1311/704
f 704/1421/757 706/1595/760 743/1422/758
f 741/1363/762 743/1365/758 707/1319/761
f 708/1322/764 742/1364/779 740/1425/466
f 738/1427/767 741/1596/762 709/1428/763
f 740/1429/466 739/1434/771 712/1430/768
f 714/1433/770 736/1450/834 737/1432/769
f 739/1434/771 735/1436/835 713/1435/772
f 735/1436/773 733/1597/481 715/1437/481
f 716/1438/583 718/1598/678 732/1439/678
f 715/1437/481 733/1597/481 731/1441/584
f 731/1351/166 729/1350/166 719/1332/166
f 725/1443/588 730/1599/657 720/1444/588
f 729/1446/777 728/1600/485 722/1447/778
f 718/1333/166 720/1584/166 730/1449/166
f 736/1450/450 714/1433/450 716/1438/583
f 742/1364/779 708/1322/764 705/1318/780
f 744/1601/781 705/1602/780 703/1603/836
f 703/1452/782 702/1311/704 746/1369/738
f 700/1313/706 698/1306/700 751/1375/744
f 698/1306/700 696/1308/784 753/1377/783
f 696/1453/784 694/1456/786 755/1454/785
f 694/1456/786 691/1604/563 756/1457/562
f 759/1384/166 690/1299/166 692/1458/166
f 758/1460/584 689/1605/452 687/1461/452
f 686/1463/166 688/1292/166 761/1391/166
f 762/1465/450 685/1606/450 683/1466/450
f 683/1288/694 681/1284/692 766/1396/750
f 766/1396/750 681/1284/692 679/1286/380
f 768/1469/450 679/1607/450 675/1470/450
f 677/1472/378 678/1278/166 771/1473/166
f 648/1178/642 605/1123/611 646/1176/640
f 603/1121/610 605/1123/611 648/1178/642
f 451/802/437 449/801/436 408/744/397
f 405/742/395 451/802/437 408/744/397
f 747/1372/741 704/1314/707 745/1370/739
f 701/1312/705 704/1314/707 747/1372/741
f 549/990/550 547/987/56 507/935/512
f 505/933/514 549/990/550 507/935/512
f 782/1608/837 783/1609/838 775/1610/839
f 783/1611/838 784/1612/840 776/1613/841
f 784/1612/840 785/1614/842 777/1615/843
f 785/1614/844 778/1616/845 777/1615/846
f 785/1617/844 786/1618/847 778/1619/845
f 787/1620/848 796/1621/849 803/1622/850
f 780/1623/450 779/1624/450 796/1625/450
f 797/1626/450 774/1627/450 781/1628/450
f 787/1629/166 788/1630/166 781/1631/166
f 805/1632/851 808/1633/852 799/1634/851
f 807/1635/853 774/1636/854 800/1637/855
f 776/1638/450 780/1623/450 781/1628/450
f 784/1639/489 787/1640/489 785/1641/489
f 791/1642/380 790/1643/380 792/1644/380
f 782/1608/837 775/1610/839 774/1636/854
f 783/1611/838 776/1613/841 775/1645/839
f 784/1612/840 777/1615/843 776/1613/841
f 786/1618/847 779/1646/856 778/1619/845
f 803/1647/489 786/1648/489 787/1640/489
f 779/1624/450 793/1649/450 794/1650/450
f 801/1651/857 804/1652/858 795/1653/859
f 787/1629/166 781/1631/166 780/1654/166
f 805/1655/851 799/1656/851 798/1657/860
f 788/1658/861 806/1659/862 797/1660/861
f 803/1647/489 801/1661/489 786/1648/489
f 802/1662/863 793/1663/864 779/1646/856
f 774/1627/450 797/1664/450 798/1665/450
f 788/1658/861 797/1666/861 781/1667/865
f 787/1620/848 780/1668/866 796/1621/849
f 780/1623/450 778/1669/450 779/1624/450
f 775/1670/450 781/1628/450 774/1627/450
f 780/1623/450 777/1671/479 778/1669/450
f 776/1638/450 781/1628/450 775/1670/450
f 780/1623/450 776/1638/450 777/1671/479
f 782/1672/489 806/1673/489 788/1674/489
f 782/1672/489 808/1675/489 805/1676/489
f 807/1677/853 782/1608/837 774/1636/854
f 802/1662/863 779/1646/856 786/1618/847
f 788/1674/489 783/1678/489 782/1672/489
f 785/1641/489 787/1640/489 786/1648/489
f 788/1674/489 784/1639/489 783/1678/489
f 788/1674/489 787/1640/489 784/1639/489
f 791/1642/380 792/1644/380 789/1679/380
f 802/1662/867 794/1680/867 793/1663/868
f 795/1653/869 803/1681/869 796/1682/869
f 806/1659/870 798/1683/870 797/1660/870
f 799/1684/871 807/1635/871 800/1637/871
f 801/1685/857 795/1686/859 794/1687/872
f 829/1688/873 813/1689/874 814/1690/875
f 830/1691/876 814/1690/875 815/1692/877
f 831/1693/878 815/1694/878 816/1695/878
f 841/1696/879 816/1697/880 817/1698/881
f 833/1699/882 817/1698/881 818/1700/883
f 833/1701/882 818/1700/883 827/1702/884
f 835/1703/885 827/1704/884 826/1705/885
f 836/1706/886 826/1707/886 825/1708/886
f 825/1709/887 824/1710/888 842/1711/887
f 837/1712/889 824/1710/888 813/1689/874
f 846/1713/890 828/1714/891 809/1715/890
f 843/1716/892 809/1717/893 821/1718/894
f 821/1719/895 820/1720/896 845/1721/897
f 845/1722/898 820/1723/899 828/1724/900
f 838/1725/901 811/1726/902 823/1727/901
f 847/1728/903 823/1729/904 822/1730/903
f 839/1731/905 822/1732/906 810/1733/905
f 810/1734/907 811/1735/907 838/1736/907
f 841/1737/908 830/1738/908 831/1739/908
f 835/1740/886 836/1741/886 842/1742/886
f 852/1743/408 850/1744/408 851/1745/408
f 821/1718/894 809/1717/893 852/1746/489
f 855/1747/379 856/1748/379 853/1749/379
f 849/1750/450 828/1724/900 820/1723/899
f 850/1751/166 809/1752/166 828/1753/166
f 853/1754/489 821/1718/894 854/1755/489
f 855/1756/450 820/1723/899 856/1757/450
f 856/1758/166 820/1759/166 821/1760/166
f 848/1761/380 845/1762/380 839/1763/380
f 848/1761/380 844/1764/380 845/1762/380
f 847/1765/380 812/1766/380 838/1767/380
f 838/1767/380 830/1738/380 848/1761/380
f 848/1761/380 830/1738/380 844/1764/380
f 843/1768/380 841/1737/380 819/1769/380
f 834/1770/380 819/1771/380 833/1772/380
f 833/1772/380 819/1771/380 832/1773/380
f 832/1773/380 819/1774/380 841/1737/380
f 841/1737/380 843/1768/380 830/1738/380
f 830/1738/380 812/1775/380 829/1776/380
f 829/1776/380 812/1775/380 840/1777/380
f 843/1768/380 844/1764/380 830/1738/380
f 838/1767/380 812/1778/380 830/1738/380
f 845/1762/380 842/1742/380 839/1763/380
f 839/1763/380 842/1742/380 847/1765/380
f 843/1768/380 819/1779/380 846/1780/380
f 819/1781/380 835/1740/380 846/1780/380
f 835/1740/380 819/1782/380 834/1770/380
f 842/1742/380 846/1780/380 835/1740/380
f 837/1783/380 812/1784/380 842/1742/380
f 840/1777/380 812/1785/380 837/1783/380
f 842/1742/380 845/1762/380 846/1780/380
f 812/1786/380 847/1765/380 842/1742/380
f 840/1787/909 813/1689/874 829/1688/873
f 829/1688/873 814/1690/875 830/1691/876
f 830/1691/876 815/1692/877 831/1788/910
f 831/1693/878 816/1695/878 841/1789/878
f 841/1696/879 817/1698/881 832/1790/911
f 832/1790/911 817/1698/881 833/1699/882
f 833/1701/882 827/1702/884 834/1791/912
f 834/1791/912 827/1704/884 835/1703/885
f 835/1703/408 826/1705/408 836/1792/408
f 836/1706/886 825/1708/886 842/1793/886
f 842/1711/887 824/1710/888 837/1712/889
f 813/1689/874 840/1787/909 837/1794/889
f 846/1713/890 809/1715/890 843/1795/913
f 843/1716/892 821/1718/894 844/1796/914
f 821/1719/895 845/1721/897 844/1797/915
f 845/1722/898 828/1724/900 846/1798/916
f 838/1725/901 823/1727/901 847/1799/917
f 847/1728/903 822/1730/903 839/1800/918
f 839/1731/905 810/1733/905 848/1801/919
f 810/1734/920 838/1736/920 848/1802/920
f 855/1747/379 853/1749/379 854/1803/379
f 821/1718/894 852/1746/489 854/1755/489
f 852/1743/408 851/1745/408 849/1804/408
f 849/1750/450 820/1723/899 855/1756/450
f 850/1751/166 828/1753/166 851/1805/166
f 828/1724/900 849/1750/450 851/1806/450
f 852/1746/489 809/1717/893 850/1807/489
f 856/1758/166 821/1760/166 853/1808/166
f 849/1809/380 854/1810/380 852/1811/380
f 849/1809/380 855/1812/380 854/1810/380
s 0
f 874/1813/380 865/1814/921 871/1815/380
f 862/1816/922 867/1817/380 893/1818/923
f 875/1819/380 862/1816/924 882/1820/925
f 871/1821/926 894/1822/926 874/1823/926
f 883/1824/927 873/1825/927 866/1826/927
f 879/1827/928 880/1828/928 865/1829/928
f 866/1830/929 875/1831/929 876/1832/929
f 867/1833/930 873/1834/930 892/1835/930
f 869/1836/380 879/1837/380 865/1838/380
f 862/1816/931 870/1839/380 881/1840/380
f 874/1813/932 857/1841/380 868/1842/933
f 874/1813/934 877/1843/935 869/1844/380
f 894/1845/936 889/1846/936 892/1847/936
f 891/1848/937 881/1849/938 870/1850/939
f 864/1851/940 862/1816/941 893/1818/942
f 869/1852/943 859/1853/944 890/1854/945
f 886/1855/380 870/1839/380 864/1851/946
f 861/1856/947 894/1845/947 883/1824/947
f 868/1842/948 877/1843/949 874/1813/950
f 868/1842/951 882/1820/952 877/1843/953
f 893/1818/954 865/1814/955 864/1851/956
f 886/1857/957 864/1858/958 887/1859/959
f 872/1860/960 890/1861/961 879/1827/960
f 865/1862/166 874/1863/166 869/1864/166
f 894/1865/962 893/1866/962 889/1867/962
f 882/1868/963 888/1869/964 858/1870/965
f 858/1870/966 869/1852/967 877/1871/968
f 892/1847/969 883/1824/969 894/1845/969
f 892/1847/970 873/1825/970 883/1824/970
f 872/1872/944 869/1852/971 890/1854/972
f 869/1836/380 872/1873/380 879/1837/380
f 866/1874/973 873/1875/973 875/1876/973
f 857/1877/974 874/1878/974 883/1879/974
f 864/1851/975 870/1839/380 862/1816/976
f 893/1880/977 892/1835/977 889/1881/977
f 875/1831/978 868/1882/978 876/1832/978
f 876/1883/979 868/1884/979 857/1877/979
f 870/1850/980 887/1859/981 891/1848/982
f 881/1885/983 891/1886/984 860/1887/983
f 885/1888/985 864/1858/986 865/1889/987
f 882/1820/988 862/1816/989 860/1890/380
f 892/1835/990 893/1880/990 867/1833/990
f 860/1887/991 863/1891/992 884/1892/993
f 893/1866/994 894/1865/994 871/1893/994
f 873/1875/995 862/1894/995 875/1876/995
f 873/1834/996 867/1833/996 862/1895/996
f 876/1883/997 857/1877/997 883/1879/997
f 861/1896/998 874/1823/998 894/1822/998
f 878/1897/960 879/1827/960 890/1861/999
f 871/1815/380 865/1814/1000 893/1818/1001
f 862/1816/1002 881/1840/380 860/1890/380
f 882/1820/1003 868/1842/1004 875/1819/380
f 860/1890/380 884/1898/380 882/1820/1005
f 887/1859/1006 870/1850/1007 886/1857/1008
f 884/1892/1009 888/1899/1010 882/1900/1011
f 866/1826/1012 876/1901/1012 883/1824/1012
f 880/1828/987 885/1902/1013 865/1829/987
f 863/1891/1014 860/1887/1014 891/1886/1015
f 864/1858/1016 885/1888/1017 887/1859/1018
f 878/1897/928 880/1828/928 879/1827/928
f 858/1870/1019 877/1871/1020 882/1868/1021
f 888/1899/1022 884/1892/1023 863/1891/1024
f 874/1878/1025 861/1903/1025 883/1879/1025
f 869/1852/1026 858/1870/1027 859/1853/968
f 912/1813/380 903/1814/921 909/1815/380
f 900/1816/922 905/1817/380 931/1818/923
f 913/1819/380 900/1816/924 920/1820/925
f 909/1821/926 932/1822/926 912/1823/926
f 921/1824/927 911/1825/927 904/1826/927
f 917/1827/928 918/1828/928 903/1829/928
f 904/1830/929 913/1831/929 914/1832/929
f 905/1833/930 911/1834/930 930/1835/930
f 907/1836/380 917/1837/380 903/1838/380
f 900/1816/931 908/1839/380 919/1840/380
f 912/1813/932 895/1841/380 906/1842/933
f 912/1813/934 915/1843/935 907/1844/380
f 932/1845/936 927/1846/936 930/1847/936
f 929/1848/937 919/1849/938 908/1850/939
f 902/1851/940 900/1816/941 931/1818/942
f 907/1852/943 897/1853/944 928/1854/945
f 924/1855/380 908/1839/380 902/1851/946
f 899/1856/947 932/1845/947 921/1824/947
f 906/1842/948 915/1843/949 912/1813/950
f 906/1842/951 920/1820/952 915/1843/953
f 931/1818/954 903/1814/955 902/1851/956
f 924/1857/957 902/1858/958 925/1859/959
f 910/1860/960 928/1861/961 917/1827/960
f 903/1862/166 912/1863/166 907/1864/166
f 932/1865/962 931/1866/962 927/1867/962
f 920/1868/963 926/1869/964 896/1870/965
f 896/1870/966 907/1852/967 915/1871/968
f 930/1847/969 921/1824/969 932/1845/969
f 930/1847/970 911/1825/970 921/1824/970
f 910/1872/944 907/1852/1028 928/1854/972
f 907/1836/380 910/1873/380 917/1837/380
f 904/1874/973 911/1875/973 913/1876/973
f 895/1877/974 912/1878/974 921/1879/974
f 902/1851/975 908/1839/380 900/1816/976
f 931/1880/977 930/1835/977 927/1881/977
f 913/1831/978 906/1882/978 914/1832/978
f 914/1883/979 906/1884/979 895/1877/979
f 908/1850/980 925/1859/981 929/1848/982
f 919/1885/983 929/1886/984 898/1887/983
f 923/1888/985 902/1858/986 903/1889/987
f 920/1820/988 900/1816/989 898/1890/380
f 930/1835/990 931/1880/990 905/1833/990
f 898/1887/991 901/1891/992 922/1892/993
f 931/1866/994 932/1865/994 909/1893/994
f 911/1875/995 900/1894/995 913/1876/995
f 911/1834/996 905/1833/996 900/1895/996
f 914/1883/997 895/1877/997 921/1879/997
f 899/1896/1029 912/1823/1029 932/1822/1029
f 916/1897/960 917/1827/960 928/1861/999
f 909/1815/380 903/1814/1000 931/1818/1001
f 900/1816/1002 919/1840/380 898/1890/380
f 920/1820/1003 906/1842/1004 913/1819/380
f 898/1890/380 922/1898/380 920/1820/1005
f 925/1859/1006 908/1850/1007 924/1857/1008
f 922/1892/1009 926/1899/1010 920/1900/1011
f 904/1826/1012 914/1901/1012 921/1824/1012
f 918/1828/987 923/1902/1013 903/1829/987
f 901/1891/1014 898/1887/1014 929/1886/1015
f 902/1858/1016 923/1888/1017 925/1859/1018
f 916/1897/928 918/1828/928 917/1827/928
f 896/1870/1019 915/1871/1020 920/1868/1021
f 926/1899/1022 922/1892/1023 901/1891/1024
f 912/1878/1025 899/1903/1025 921/1879/1025
f 907/1852/1026 896/1870/1027 897/1853/968
s 1
f 941/1608/837 942/1609/838 934/1610/1030
f 942/1611/838 943/1612/840 935/1613/841
f 943/1612/840 944/1614/842 936/1615/843
f 944/1614/844 937/1616/845 936/1615/846
f 944/1617/844 945/1618/847 937/1619/845
f 946/1620/848 955/1621/1031 962/1622/850
f 939/1623/450 938/1624/450 955/1625/450
f 956/1626/450 933/1627/450 940/1628/450
f 946/1629/166 947/1630/166 940/1631/166
f 964/1632/851 967/1633/852 958/1634/851
f 966/1635/853 933/1636/854 959/1637/855
f 935/1638/450 939/1623/450 940/1628/450
f 943/1639/489 946/1640/489 944/1641/489
f 950/1642/380 949/1643/380 951/1644/380
f 941/1608/837 934/1610/1030 933/1636/854
f 942/1611/838 935/1613/841 934/1645/1030
f 943/1612/840 936/1615/843 935/1613/841
f 945/1618/847 938/1646/856 937/1619/845
f 962/1647/489 945/1648/489 946/1640/489
f 938/1624/450 952/1649/450 953/1650/450
f 960/1651/857 963/1652/858 954/1653/859
f 946/1629/166 940/1631/166 939/1654/166
f 964/1655/851 958/1656/851 957/1657/860
f 947/1658/861 965/1659/862 956/1660/861
f 962/1647/489 960/1661/489 945/1648/489
f 961/1662/863 952/1663/864 938/1646/856
f 933/1627/450 956/1664/450 957/1665/450
f 947/1658/861 956/1666/861 940/1667/865
f 946/1620/848 939/1668/866 955/1621/1031
f 939/1623/450 937/1669/450 938/1624/450
f 934/1670/450 940/1628/450 933/1627/450
f 939/1623/450 936/1671/479 937/1669/450
f 935/1638/450 940/1628/450 934/1670/450
f 939/1623/450 935/1638/450 936/1671/479
f 941/1672/489 965/1673/489 947/1674/489
f 941/1672/489 967/1675/489 964/1676/489
f 966/1677/853 941/1608/837 933/1636/854
f 961/1662/863 938/1646/856 945/1618/847
f 947/1674/489 942/1678/489 941/1672/489
f 944/1641/489 946/1640/489 945/1648/489
f 947/1674/489 943/1639/489 942/1678/489
f 947/1674/489 946/1640/489 943/1639/489
f 950/1642/380 951/1644/380 948/1679/380
f 961/1662/1032 953/1680/867 952/1663/867
f 954/1653/869 962/1681/869 955/1682/869
f 965/1659/870 957/1683/870 956/1660/870
f 958/1684/871 966/1635/871 959/1637/871
f 960/1685/857 954/1686/859 953/1687/872
f 988/1688/873 972/1689/874 973/1690/875
f 989/1691/876 973/1690/875 974/1692/877
f 990/1693/878 974/1694/878 975/1695/878
f 1000/1696/879 975/1697/880 976/1698/881
f 992/1699/882 976/1698/881 977/1700/883
f 992/1701/882 977/1700/883 986/1702/884
f 994/1703/885 986/1704/884 985/1705/885
f 995/1706/886 985/1707/886 984/1708/886
f 984/1709/887 983/1710/888 1001/1711/887
f 996/1712/889 983/1710/888 972/1689/874
f 1005/1713/890 987/1714/891 968/1715/890
f 1002/1716/892 968/1717/893 980/1718/894
f 980/1719/895 979/1720/896 1004/1721/897
f 1004/1722/898 979/1723/899 987/1724/900
f 997/1725/901 970/1726/902 982/1727/901
f 1006/1728/903 982/1729/904 981/1730/903
f 998/1731/905 981/1732/906 969/1733/905
f 969/1734/907 970/1735/907 997/1736/907
f 1000/1737/908 989/1738/908 990/1739/908
f 994/1740/886 995/1741/886 1001/1742/886
f 1011/1743/408 1009/1744/408 1010/1745/408
f 980/1718/894 968/1717/893 1011/1746/489
f 1014/1747/379 1015/1748/379 1012/1749/379
f 1008/1750/450 987/1724/900 979/1723/899
f 1009/1751/166 968/1752/166 987/1753/166
f 1012/1754/489 980/1718/894 1013/1755/489
f 1014/1756/450 979/1723/899 1015/1757/450
f 1015/1758/166 979/1759/166 980/1760/166
f 1007/1761/380 1004/1762/380 998/1763/380
f 1007/1761/380 1003/1764/380 1004/1762/380
f 1006/1765/380 971/1766/380 997/1767/380
f 997/1767/380 989/1738/380 1007/1761/380
f 1007/1761/380 989/1738/380 1003/1764/380
f 1002/1768/380 1000/1737/380 978/1769/380
f 993/1770/380 978/1771/380 992/1772/380
f 992/1772/380 978/1771/380 991/1773/380
f 991/1773/380 978/1774/380 1000/1737/380
f 1000/1737/380 1002/1768/380 989/1738/380
f 989/1738/380 971/1775/380 988/1776/380
f 988/1776/380 971/1775/380 999/1777/380
f 1002/1768/380 1003/1764/380 989/1738/380
f 997/1767/380 971/1778/380 989/1738/380
f 1004/1762/380 1001/1742/380 998/1763/380
f 998/1763/380 1001/1742/380 1006/1765/380
f 1002/1768/380 978/1779/380 1005/1780/380
f 978/1781/380 994/1740/380 1005/1780/380
f 994/1740/380 978/1782/380 993/1770/380
f 1001/1742/380 1005/1780/380 994/1740/380
f 996/1783/380 971/1784/380 1001/1742/380
f 999/1777/380 971/1785/380 996/1783/380
f 1001/1742/380 1004/1762/380 1005/1780/380
f 971/1786/380 1006/1765/380 1001/1742/380
f 999/1787/909 972/1689/874 988/1688/873
f 988/1688/873 973/1690/875 989/1691/876
f 989/1691/876 974/1692/877 990/1788/910
f 990/1693/878 975/1695/878 1000/1789/878
f 1000/1696/879 976/1698/881 991/1790/911
f 991/1790/911 976/1698/881 992/1699/882
f 992/1701/882 986/1702/884 993/1791/912
f 993/1791/912 986/1704/884 994/1703/885
f 994/1703/408 985/1705/408 995/1792/408
f 995/1706/886 984/1708/886 1001/1793/886
f 1001/1711/887 983/1710/888 996/1712/889
f 972/1689/874 999/1787/909 996/1794/889
f 1005/1713/890 968/1715/890 1002/1795/913
f 1002/1716/892 980/1718/894 1003/1796/914
f 980/1719/895 1004/1721/897 1003/1797/915
f 1004/1722/898 987/1724/900 1005/1798/916
f 997/1725/901 982/1727/901 1006/1799/917
f 1006/1728/903 981/1730/903 998/1800/918
f 998/1731/905 969/1733/905 1007/1801/919
f 969/1734/920 997/1736/920 1007/1802/920
f 1014/1747/379 1012/1749/379 1013/1803/379
f 980/1718/894 1011/1746/489 1013/1755/489
f 1011/1743/408 1010/1745/408 1008/1804/408
f 1008/1750/450 979/1723/899 1014/1756/450
f 1009/1751/166 987/1753/166 1010/1805/166
f 987/1724/900 1008/1750/450 1010/1806/450
f 1011/1746/489 968/1717/893 1009/1807/489
f 1015/1758/166 980/1760/166 1012/1808/166
f 1008/1809/380 1013/1810/380 1011/1811/380
f 1008/1809/380 1014/1812/380 1013/1810/380
s 0
f 1033/1813/380 1024/1814/921 1030/1815/380
f 1021/1816/922 1026/1817/380 1052/1818/923
f 1034/1819/380 1021/1816/924 1041/1820/925
f 1030/1821/926 1053/1822/926 1033/1823/926
f 1042/1824/927 1032/1825/927 1025/1826/927
f 1038/1827/928 1039/1828/928 1024/1829/928
f 1025/1830/929 1034/1831/929 1035/1832/929
f 1026/1833/930 1032/1834/930 1051/1835/930
f 1028/1836/380 1038/1837/380 1024/1838/380
f 1021/1816/931 1029/1839/380 1040/1840/380
f 1033/1813/932 1016/1841/380 1027/1842/933
f 1033/1813/934 1036/1843/935 1028/1844/380
f 1053/1845/936 1048/1846/936 1051/1847/936
f 1050/1848/937 1040/1849/938 1029/1850/939
f 1023/1851/940 1021/1816/941 1052/1818/1033
f 1028/1852/943 1018/1853/944 1049/1854/945
f 1045/1855/380 1029/1839/380 1023/1851/946
f 1020/1856/947 1053/1845/947 1042/1824/947
f 1027/1842/948 1036/1843/949 1033/1813/950
f 1027/1842/951 1041/1820/952 1036/1843/953
f 1052/1818/954 1024/1814/955 1023/1851/956
f 1045/1857/957 1023/1858/958 1046/1859/959
f 1031/1860/960 1049/1861/961 1038/1827/960
f 1024/1862/166 1033/1863/166 1028/1864/166
f 1053/1865/1034 1052/1866/1034 1048/1867/1034
f 1041/1868/963 1047/1869/964 1017/1870/965
f 1017/1870/966 1028/1852/967 1036/1871/968
f 1051/1847/969 1042/1824/969 1053/1845/969
f 1051/1847/970 1032/1825/970 1042/1824/970
f 1031/1872/944 1028/1852/971 1049/1854/972
f 1028/1836/380 1031/1873/380 1038/1837/380
f 1025/1874/973 1032/1875/973 1034/1876/973
f 1016/1877/974 1033/1878/974 1042/1879/974
f 1023/1851/975 1029/1839/380 1021/1816/976
f 1052/1880/977 1051/1835/977 1048/1881/977
f 1034/1831/978 1027/1882/978 1035/1832/978
f 1035/1883/979 1027/1884/979 1016/1877/979
f 1029/1850/980 1046/1859/981 1050/1848/982
f 1040/1885/983 1050/1886/984 1019/1887/983
f 1044/1888/985 1023/1858/986 1024/1889/987
f 1041/1820/988 1021/1816/989 1019/1890/380
f 1051/1835/990 1052/1880/990 1026/1833/990
f 1019/1887/991 1022/1891/992 1043/1892/993
f 1052/1866/994 1053/1865/994 1030/1893/994
f 1032/1875/995 1021/1894/995 1034/1876/995
f 1032/1834/1035 1026/1833/1035 1021/1895/1035
f 1035/1883/997 1016/1877/997 1042/1879/997
f 1020/1896/998 1033/1823/998 1053/1822/998
f 1037/1897/960 1038/1827/960 1049/1861/999
f 1030/1815/380 1024/1814/1000 1052/1818/1001
f 1021/1816/1002 1040/1840/380 1019/1890/380
f 1041/1820/1003 1027/1842/1004 1034/1819/380
f 1019/1890/380 1043/1898/380 1041/1820/1005
f 1046/1859/1006 1029/1850/1007 1045/1857/1008
f 1043/1892/1009 1047/1899/1010 1041/1900/1011
f 1025/1826/1012 1035/1901/1012 1042/1824/1012
f 1039/1828/987 1044/1902/1013 1024/1829/987
f 1022/1891/1014 1019/1887/1014 1050/1886/1015
f 1023/1858/1016 1044/1888/1017 1046/1859/1018
f 1037/1897/928 1039/1828/928 1038/1827/928
f 1017/1870/1019 1036/1871/1020 1041/1868/1021
f 1047/1899/1022 1043/1892/1023 1022/1891/1024
f 1033/1878/1025 1020/1903/1025 1042/1879/1025
f 1028/1852/1026 1017/1870/1027 1018/1853/968
f 1071/1813/380 1062/1814/921 1068/1815/380
f 1059/1816/922 1064/1817/380 1090/1818/923
f 1072/1819/380 1059/1816/924 1079/1820/925
f 1068/1821/926 1091/1822/926 1071/1823/926
f 1080/1824/927 1070/1825/927 1063/1826/927
f 1076/1827/928 1077/1828/928 1062/1829/928
f 1063/1830/929 1072/1831/929 1073/1832/929
f 1064/1833/930 1070/1834/930 1089/1835/930
f 1066/1836/380 1076/1837/380 1062/1838/380
f 1059/1816/931 1067/1839/380 1078/1840/380
f 1071/1813/932 1054/1841/380 1065/1842/933
f 1071/1813/934 1074/1843/935 1066/1844/380
f 1091/1845/936 1086/1846/936 1089/1847/936
f 1088/1848/937 1078/1849/938 1067/1850/939
f 1061/1851/940 1059/1816/941 1090/1818/1033
f 1066/1852/943 1056/1853/944 1087/1854/945
f 1083/1855/380 1067/1839/380 1061/1851/946
f 1058/1856/947 1091/1845/947 1080/1824/947
f 1065/1842/948 1074/1843/949 1071/1813/950
f 1065/1842/951 1079/1820/952 1074/1843/953
f 1090/1818/954 1062/1814/955 1061/1851/956
f 1083/1857/957 1061/1858/958 1084/1859/959
f 1069/1860/960 1087/1861/961 1076/1827/960
f 1062/1862/166 1071/1863/166 1066/1864/166
f 1091/1865/1034 1090/1866/1034 1086/1867/1034
f 1079/1868/963 1085/1869/964 1055/1870/965
f 1055/1870/966 1066/1852/967 1074/1871/968
f 1089/1847/969 1080/1824/969 1091/1845/969
f 1089/1847/970 1070/1825/970 1080/1824/970
f 1069/1872/944 1066/1852/1028 1087/1854/972
f 1066/1836/380 1069/1873/380 1076/1837/380
f 1063/1874/973 1070/1875/973 1072/1876/973
f 1054/1877/974 1071/1878/974 1080/1879/974
f 1061/1851/975 1067/1839/380 1059/1816/976
f 1090/1880/977 1089/1835/977 1086/1881/977
f 1072/1831/978 1065/1882/978 1073/1832/978
f 1073/1883/979 1065/1884/979 1054/1877/979
f 1067/1850/980 1084/1859/981 1088/1848/982
f 1078/1885/983 1088/1886/984 1057/1887/983
f 1082/1888/985 1061/1858/986 1062/1889/987
f 1079/1820/988 1059/1816/989 1057/1890/380
f 1089/1835/990 1090/1880/990 1064/1833/990
f 1057/1887/991 1060/1891/992 1081/1892/993
f 1090/1866/994 1091/1865/994 1068/1893/994
f 1070/1875/995 1059/1894/995 1072/1876/995
f 1070/1834/1035 1064/1833/1035 1059/1895/1035
f 1073/1883/997 1054/1877/997 1080/1879/997
f 1058/1896/1029 1071/1823/1029 1091/1822/1029
f 1075/1897/960 1076/1827/960 1087/1861/999
f 1068/1815/380 1062/1814/1000 1090/1818/1001
f 1059/1816/1002 1078/1840/380 1057/1890/380
f 1079/1820/1003 1065/1842/1004 1072/1819/380
f 1057/1890/380 1081/1898/380 1079/1820/1005
f 1084/1859/1006 1067/1850/1007 1083/1857/1008
f 1081/1892/1009 1085/1899/1010 1079/1900/1011
f 1063/1826/1012 1073/1901/1012 1080/1824/1012
f 1077/1828/987 1082/1902/1013 1062/1829/987
f 1060/1891/1014 1057/1887/1014 1088/1886/1015
f 1061/1858/1016 1082/1888/1017 1084/1859/1018
f 1075/1897/928 1077/1828/928 1076/1827/928
f 1055/1870/1019 1074/1871/1020 1079/1868/1021
f 1085/1899/1022 1081/1892/1023 1060/1891/1024
f 1071/1878/1025 1058/1903/1025 1080/1879/1025
f 1066/1852/1026 1055/1870/1027 1056/1853/968
s 1
f 1100/1608/837 1101/1609/838 1093/1610/839
f 1101/1611/838 1102/1612/840 1094/1613/841
f 1102/1612/840 1103/1614/842 1095/1615/843
f 1103/1614/844 1096/1616/845 1095/1615/846
f 1103/1617/844 1104/1618/847 1096/1619/845
f 1105/1620/848 1114/1621/1031 1121/1622/850
f 1098/1623/450 1097/1624/450 1114/1625/450
f 1115/1626/450 1092/1627/450 1099/1628/450
f 1105/1629/166 1106/1630/166 1099/1631/166
f 1123/1632/851 1126/1633/852 1117/1634/851
f 1125/1635/853 1092/1636/854 1118/1637/855
f 1094/1638/479 1098/1623/450 1099/1628/450
f 1102/1639/1036 1105/1640/489 1103/1641/773
f 1109/1642/380 1108/1643/380 1110/1644/380
f 1100/1608/837 1093/1610/839 1092/1636/854
f 1101/1611/838 1094/1613/841 1093/1645/839
f 1102/1612/840 1095/1615/843 1094/1613/841
f 1104/1618/847 1097/1646/856 1096/1619/845
f 1121/1647/489 1104/1648/489 1105/1640/489
f 1097/1624/450 1111/1649/1037 1112/1650/450
f 1119/1651/857 1122/1652/858 1113/1653/859
f 1105/1629/166 1099/1631/166 1098/1654/166
f 1123/1655/851 1117/1656/851 1116/1657/860
f 1106/1658/861 1124/1659/862 1115/1660/861
f 1121/1647/489 1119/1661/489 1104/1648/489
f 1120/1662/863 1111/1663/864 1097/1646/856
f 1092/1627/450 1115/1664/450 1116/1665/450
f 1106/1658/861 1115/1666/861 1099/1667/865
f 1105/1620/848 1098/1668/866 1114/1621/1031
f 1098/1623/450 1096/1669/450 1097/1624/450
f 1093/1670/450 1099/1628/450 1092/1627/450
f 1098/1623/450 1095/1671/479 1096/1669/450
f 1094/1638/479 1099/1628/450 1093/1670/450
f 1098/1623/450 1094/1638/479 1095/1671/479
f 1100/1672/489 1124/1673/489 1106/1674/489
f 1100/1672/489 1126/1675/489 1123/1676/489
f 1125/1677/853 1100/1608/837 1092/1636/854
f 1120/1662/863 1097/1646/856 1104/1618/847
f 1106/1674/489 1101/1678/489 1100/1672/489
f 1103/1641/773 1105/1640/489 1104/1648/489
f 1106/1674/489 1102/1639/1036 1101/1678/489
f 1106/1674/489 1105/1640/489 1102/1639/1036
f 1109/1642/380 1110/1644/380 1107/1679/380
f 1120/1662/867 1112/1680/868 1111/1663/868
f 1113/1653/869 1121/1681/869 1114/1682/869
f 1124/1659/870 1116/1683/870 1115/1660/870
f 1117/1684/871 1125/1635/871 1118/1637/871
f 1119/1685/857 1113/1686/859 1112/1687/872
f 1147/1688/873 1131/1689/874 1132/1690/875
f 1148/1691/1038 1132/1690/875 1133/1692/1039
f 1149/1693/878 1133/1694/878 1134/1695/1040
f 1159/1696/879 1134/1697/880 1135/1698/881
f 1151/1699/882 1135/1698/881 1136/1700/883
f 1151/1701/882 1136/1700/883 1145/1702/884
f 1153/1703/885 1145/1704/884 1144/1705/885
f 1154/1706/886 1144/1707/886 1143/1708/886
f 1143/1709/1041 1142/1710/888 1160/1711/1041
f 1155/1712/889 1142/1710/888 1131/1689/874
f 1164/1713/890 1146/1714/891 1127/1715/890
f 1161/1716/1042 1127/1717/1043 1139/1718/1044
f 1139/1719/895 1138/1720/896 1163/1721/897
f 1163/1722/1045 1138/1723/899 1146/1724/900
f 1156/1725/901 1129/1726/902 1141/1727/901
f 1165/1728/903 1141/1729/1046 1140/1730/1047
f 1157/1731/905 1140/1732/906 1128/1733/905
f 1128/1734/907 1129/1735/907 1156/1736/907
f 1159/1737/908 1148/1738/908 1149/1739/908
f 1153/1740/886 1154/1741/886 1160/1742/886
f 1170/1743/408 1168/1744/408 1169/1745/408
f 1139/1718/1044 1127/1717/1043 1170/1746/489
f 1173/1747/379 1174/1748/379 1171/1749/379
f 1167/1750/450 1146/1724/900 1138/1723/899
f 1168/1751/166 1127/1752/166 1146/1753/166
f 1171/1754/489 1139/1718/1044 1172/1755/489
f 1173/1756/450 1138/1723/899 1174/1757/450
f 1174/1758/166 1138/1759/166 1139/1760/166
f 1166/1761/380 1163/1762/380 1157/1763/380
f 1166/1761/380 1162/1764/380 1163/1762/380
f 1165/1765/380 1130/1766/380 1156/1767/380
f 1156/1767/380 1148/1738/380 1166/1761/380
f 1166/1761/380 1148/1738/380 1162/1764/380
f 1161/1768/380 1159/1737/380 1137/1769/380
f 1152/1770/380 1137/1771/380 1151/1772/380
f 1151/1772/380 1137/1771/380 1150/1773/380
f 1150/1773/380 1137/1774/380 1159/1737/380
f 1159/1737/380 1161/1768/380 1148/1738/380
f 1148/1738/380 1130/1775/380 1147/1776/380
f 1147/1776/380 1130/1775/380 1158/1777/380
f 1161/1768/380 1162/1764/380 1148/1738/380
f 1156/1767/380 1130/1778/380 1148/1738/380
f 1163/1762/380 1160/1742/380 1157/1763/380
f 1157/1763/380 1160/1742/380 1165/1765/380
f 1161/1768/380 1137/1779/380 1164/1780/380
f 1137/1781/380 1153/1740/380 1164/1780/380
f 1153/1740/380 1137/1782/380 1152/1770/380
f 1160/1742/380 1164/1780/380 1153/1740/380
f 1155/1783/380 1130/1784/380 1160/1742/380
f 1158/1777/380 1130/1785/380 1155/1783/380
f 1160/1742/380 1163/1762/380 1164/1780/380
f 1130/1786/380 1165/1765/380 1160/1742/380
f 1158/1787/909 1131/1689/874 1147/1688/873
f 1147/1688/873 1132/1690/875 1148/1691/1038
f 1148/1691/1038 1133/1692/1039 1149/1788/910
f 1149/1693/878 1134/1695/1040 1159/1789/1040
f 1159/1696/879 1135/1698/881 1150/1790/911
f 1150/1790/911 1135/1698/881 1151/1699/882
f 1151/1701/882 1145/1702/884 1152/1791/912
f 1152/1791/912 1145/1704/884 1153/1703/885
f 1153/1703/408 1144/1705/408 1154/1792/408
f 1154/1706/886 1143/1708/886 1160/1793/886
f 1160/1711/1041 1142/1710/888 1155/1712/889
f 1131/1689/874 1158/1787/909 1155/1794/889
f 1164/1713/890 1127/1715/890 1161/1795/913
f 1161/1716/1042 1139/1718/1044 1162/1796/1048
f 1139/1719/895 1163/1721/897 1162/1797/915
f 1163/1722/1045 1146/1724/900 1164/1798/1049
f 1156/1725/901 1141/1727/901 1165/1799/917
f 1165/1728/903 1140/1730/1047 1157/1800/1050
f 1157/1731/905 1128/1733/905 1166/1801/919
f 1128/1734/1051 1156/1736/1051 1166/1802/1051
f 1173/1747/379 1171/1749/379 1172/1803/379
f 1139/1718/1044 1170/1746/489 1172/1755/489
f 1170/1743/408 1169/1745/408 1167/1804/408
f 1167/1750/450 1138/1723/899 1173/1756/450
f 1168/1751/166 1146/1753/166 1169/1805/166
f 1146/1724/900 1167/1750/450 1169/1806/450
f 1170/1746/489 1127/1717/1043 1168/1807/489
f 1174/1758/166 1139/1760/166 1171/1808/166
f 1167/1809/380 1172/1810/380 1170/1811/380
f 1167/1809/380 1173/1812/380 1172/1810/380
s 0
f 1192/1813/380 1183/1814/921 1189/1815/380
f 1180/1816/922 1185/1817/380 1211/1818/923
f 1193/1819/380 1180/1816/924 1200/1820/925
f 1189/1821/926 1212/1822/926 1192/1823/926
f 1201/1824/927 1191/1825/927 1184/1826/927
f 1197/1827/928 1198/1828/928 1183/1829/928
f 1184/1830/929 1193/1831/929 1194/1832/929
f 1185/1833/1052 1191/1834/1052 1210/1835/1052
f 1187/1836/380 1197/1837/380 1183/1838/380
f 1180/1816/931 1188/1839/380 1199/1840/380
f 1192/1813/1053 1175/1841/380 1186/1842/933
f 1192/1813/934 1195/1843/935 1187/1844/380
f 1212/1845/936 1207/1846/936 1210/1847/936
f 1209/1848/937 1199/1849/938 1188/1850/939
f 1182/1851/940 1180/1816/941 1211/1818/942
f 1187/1852/943 1177/1853/944 1208/1854/945
f 1204/1855/380 1188/1839/380 1182/1851/946
f 1179/1856/947 1212/1845/947 1201/1824/947
f 1186/1842/1054 1195/1843/949 1192/1813/950
f 1186/1842/951 1200/1820/952 1195/1843/953
f 1211/1818/954 1183/1814/955 1182/1851/956
f 1204/1857/957 1182/1858/958 1205/1859/959
f 1190/1860/1055 1208/1861/961 1197/1827/1055
f 1183/1862/166 1192/1863/166 1187/1864/166
f 1212/1865/1056 1211/1866/1056 1207/1867/1056
f 1200/1868/963 1206/1869/964 1176/1870/965
f 1176/1870/966 1187/1852/967 1195/1871/968
f 1210/1847/969 1201/1824/969 1212/1845/969
f 1210/1847/970 1191/1825/970 1201/1824/970
f 1190/1872/944 1187/1852/971 1208/1854/1057
f 1187/1836/380 1190/1873/380 1197/1837/380
f 1184/1874/1058 1191/1875/1058 1193/1876/1058
f 1175/1877/974 1192/1878/974 1201/1879/974
f 1182/1851/975 1188/1839/380 1180/1816/976
f 1211/1880/1059 1210/1835/1059 1207/1881/1059
f 1193/1831/1060 1186/1882/1060 1194/1832/1060
f 1194/1883/1061 1186/1884/1061 1175/1877/1061
f 1188/1850/980 1205/1859/981 1209/1848/982
f 1199/1885/983 1209/1886/984 1178/1887/983
f 1203/1888/985 1182/1858/1062 1183/1889/987
f 1200/1820/988 1180/1816/989 1178/1890/380
f 1210/1835/990 1211/1880/990 1185/1833/990
f 1178/1887/1063 1181/1891/1064 1202/1892/1065
f 1211/1866/1066 1212/1865/1066 1189/1893/1066
f 1191/1875/1067 1180/1894/1067 1193/1876/1067
f 1191/1834/1068 1185/1833/1068 1180/1895/1068
f 1194/1883/1069 1175/1877/1069 1201/1879/1069
f 1179/1896/998 1192/1823/998 1212/1822/998
f 1196/1897/1055 1197/1827/1055 1208/1861/999
f 1189/1815/380 1183/1814/1000 1211/1818/1001
f 1180/1816/1002 1199/1840/380 1178/1890/380
f 1200/1820/1003 1186/1842/1004 1193/1819/380
f 1178/1890/380 1202/1898/380 1200/1820/1005
f 1205/1859/1006 1188/1850/1007 1204/1857/1008
f 1202/1892/1009 1206/1899/1010 1200/1900/1011
f 1184/1826/1012 1194/1901/1012 1201/1824/1012
f 1198/1828/987 1203/1902/1070 1183/1829/987
f 1181/1891/1014 1178/1887/1014 1209/1886/1071
f 1182/1858/1016 1203/1888/1017 1205/1859/1018
f 1196/1897/928 1198/1828/928 1197/1827/928
f 1176/1870/1072 1195/1871/1020 1200/1868/1021
f 1206/1899/1073 1202/1892/1074 1181/1891/1075
f 1192/1878/1076 1179/1903/1076 1201/1879/1076
f 1187/1852/1026 1176/1870/1027 1177/1853/968
f 1230/1813/380 1221/1814/921 1227/1815/380
f 1218/1816/922 1223/1817/380 1249/1818/923
f 1231/1819/380 1218/1816/924 1238/1820/925
f 1227/1821/926 1250/1822/926 1230/1823/926
f 1239/1824/927 1229/1825/927 1222/1826/927
f 1235/1827/928 1236/1828/928 1221/1829/928
f 1222/1830/929 1231/1831/929 1232/1832/929
f 1223/1833/1052 1229/1834/1052 1248/1835/1052
f 1225/1836/380 1235/1837/380 1221/1838/380
f 1218/1816/931 1226/1839/380 1237/1840/380
f 1230/1813/1053 1213/1841/380 1224/1842/933
f 1230/1813/934 1233/1843/935 1225/1844/380
f 1250/1845/936 1245/1846/936 1248/1847/936
f 1247/1848/937 1237/1849/938 1226/1850/939
f 1220/1851/940 1218/1816/941 1249/1818/942
f 1225/1852/943 1215/1853/944 1246/1854/945
f 1242/1855/380 1226/1839/380 1220/1851/946
f 1217/1856/947 1250/1845/947 1239/1824/947
f 1224/1842/1054 1233/1843/949 1230/1813/950
f 1224/1842/951 1238/1820/952 1233/1843/953
f 1249/1818/954 1221/1814/955 1220/1851/956
f 1242/1857/957 1220/1858/958 1243/1859/959
f 1228/1860/1055 1246/1861/961 1235/1827/1055
f 1221/1862/166 1230/1863/166 1225/1864/166
f 1250/1865/1056 1249/1866/1056 1245/1867/1056
f 1238/1868/963 1244/1869/964 1214/1870/965
f 1214/1870/966 1225/1852/967 1233/1871/968
f 1248/1847/969 1239/1824/969 1250/1845/969
f 1248/1847/970 1229/1825/970 1239/1824/970
f 1228/1872/944 1225/1852/971 1246/1854/1057
f 1225/1836/380 1228/1873/380 1235/1837/380
f 1222/1874/1058 1229/1875/1058 1231/1876/1058
f 1213/1877/974 1230/1878/974 1239/1879/974
f 1220/1851/975 1226/1839/380 1218/1816/976
f 1249/1880/1059 1248/1835/1059 1245/1881/1059
f 1231/1831/1060 1224/1882/1060 1232/1832/1060
f 1232/1883/1061 1224/1884/1061 1213/1877/1061
f 1226/1850/980 1243/1859/981 1247/1848/982
f 1237/1885/983 1247/1886/984 1216/1887/983
f 1241/1888/985 1220/1858/1062 1221/1889/987
f 1238/1820/988 1218/1816/989 1216/1890/380
f 1248/1835/990 1249/1880/990 1223/1833/990
f 1216/1887/1063 1219/1891/1064 1240/1892/1065
f 1249/1866/1066 1250/1865/1066 1227/1893/1066
f 1229/1875/1067 1218/1894/1067 1231/1876/1067
f 1229/1834/1068 1223/1833/1068 1218/1895/1068
f 1232/1883/1069 1213/1877/1069 1239/1879/1069
f 1217/1896/998 1230/1823/998 1250/1822/998
f 1234/1897/960 1235/1827/960 1246/1861/999
f 1227/1815/380 1221/1814/1000 1249/1818/1001
f 1218/1816/1002 1237/1840/380 1216/1890/380
f 1238/1820/1003 1224/1842/1004 1231/1819/380
f 1216/1890/380 1240/1898/380 1238/1820/1005
f 1243/1859/1006 1226/1850/1007 1242/1857/1008
f 1240/1892/1009 1244/1899/1010 1238/1900/1011
f 1222/1826/1012 1232/1901/1012 1239/1824/1012
f 1236/1828/987 1241/1902/1070 1221/1829/987
f 1219/1891/1014 1216/1887/1014 1247/1886/1071
f 1220/1858/1016 1241/1888/1017 1243/1859/1018
f 1234/1897/928 1236/1828/928 1235/1827/928
f 1214/1870/1072 1233/1871/1020 1238/1868/1021
f 1244/1899/1073 1240/1892/1074 1219/1891/1075
f 1230/1878/1076 1217/1903/1076 1239/1879/1076
f 1225/1852/1026 1214/1870/1027 1215/1853/968
s 1
f 1259/1608/837 1260/1609/838 1252/1610/839
f 1260/1611/838 1261/1612/840 1253/1613/841
f 1261/1612/840 1262/1614/842 1254/1615/843
f 1262/1614/844 1255/1616/845 1254/1615/846
f 1262/1617/844 1263/1618/847 1255/1619/845
f 1264/1620/848 1273/1621/1031 1280/1622/850
f 1257/1623/450 1256/1624/450 1273/1625/450
f 1274/1626/450 1251/1627/479 1258/1628/450
f 1264/1629/166 1265/1630/166 1258/1631/166
f 1282/1632/851 1285/1633/852 1276/1634/851
f 1284/1635/853 1251/1636/854 1277/1637/855
f 1253/1638/1037 1257/1623/450 1258/1628/450
f 1261/1639/489 1264/1640/489 1262/1641/1036
f 1268/1642/380 1267/1643/380 1269/1644/380
f 1259/1608/837 1252/1610/839 1251/1636/854
f 1260/1611/838 1253/1613/841 1252/1645/839
f 1261/1612/840 1254/1615/843 1253/1613/841
f 1263/1618/847 1256/1646/856 1255/1619/845
f 1280/1647/489 1263/1648/489 1264/1640/489
f 1256/1624/450 1270/1649/450 1271/1650/450
f 1278/1651/857 1281/1652/858 1272/1653/859
f 1264/1629/166 1258/1631/166 1257/1654/166
f 1282/1655/851 1276/1656/851 1275/1657/860
f 1265/1658/861 1283/1659/862 1274/1660/861
f 1280/1647/489 1278/1661/489 1263/1648/489
f 1279/1662/863 1270/1663/864 1256/1646/856
f 1251/1627/479 1274/1664/450 1275/1665/450
f 1265/1658/861 1274/1666/861 1258/1667/865
f 1264/1620/848 1257/1668/866 1273/1621/1031
f 1257/1623/450 1255/1669/450 1256/1624/450
f 1252/1670/450 1258/1628/450 1251/1627/479
f 1257/1623/450 1254/1671/1077 1255/1669/450
f 1253/1638/1037 1258/1628/450 1252/1670/450
f 1257/1623/450 1253/1638/1037 1254/1671/1077
f 1259/1672/489 1283/1673/1036 1265/1674/489
f 1259/1672/489 1285/1675/489 1282/1676/1036
f 1284/1677/853 1259/1608/837 1251/1636/854
f 1279/1662/863 1256/1646/856 1263/1618/847
f 1265/1674/489 1260/1678/489 1259/1672/489
f 1262/1641/1036 1264/1640/489 1263/1648/489
f 1265/1674/489 1261/1639/489 1260/1678/489
f 1265/1674/489 1264/1640/489 1261/1639/489
f 1268/1642/380 1269/1644/380 1266/1679/380
f 1279/1662/867 1271/1680/868 1270/1663/868
f 1272/1653/869 1280/1681/869 1273/1682/869
f 1283/1659/870 1275/1683/870 1274/1660/870
f 1276/1684/871 1284/1635/871 1277/1637/871
f 1278/1685/857 1272/1686/859 1271/1687/872
f 1306/1688/873 1290/1689/874 1291/1690/875
f 1307/1691/1038 1291/1690/875 1292/1692/1039
f 1308/1693/878 1292/1694/878 1293/1695/878
f 1318/1696/879 1293/1697/880 1294/1698/881
f 1310/1699/882 1294/1698/881 1295/1700/883
f 1310/1701/882 1295/1700/883 1304/1702/884
f 1312/1703/885 1304/1704/884 1303/1705/885
f 1313/1706/886 1303/1707/886 1302/1708/886
f 1302/1709/1041 1301/1710/888 1319/1711/1041
f 1314/1712/889 1301/1710/888 1290/1689/874
f 1323/1713/890 1305/1714/891 1286/1715/890
f 1320/1716/892 1286/1717/893 1298/1718/894
f 1298/1719/895 1297/1720/896 1322/1721/897
f 1322/1722/1078 1297/1723/1079 1305/1724/900
f 1315/1725/901 1288/1726/902 1300/1727/901
f 1324/1728/1047 1300/1729/1080 1299/1730/1047
f 1316/1731/905 1299/1732/906 1287/1733/905
f 1287/1734/1081 1288/1735/1081 1315/1736/1081
f 1318/1737/908 1307/1738/908 1308/1739/908
f 1312/1740/886 1313/1741/886 1319/1742/886
f 1329/1743/408 1327/1744/408 1328/1745/408
f 1298/1718/894 1286/1717/893 1329/1746/489
f 1332/1747/379 1333/1748/379 1330/1749/379
f 1326/1750/450 1305/1724/900 1297/1723/1079
f 1327/1751/166 1286/1752/166 1305/1753/166
f 1330/1754/489 1298/1718/894 1331/1755/489
f 1332/1756/450 1297/1723/1079 1333/1757/450
f 1333/1758/166 1297/1759/166 1298/1760/166
f 1325/1761/380 1322/1762/380 1316/1763/380
f 1325/1761/380 1321/1764/380 1322/1762/380
f 1324/1765/380 1289/1766/380 1315/1767/380
f 1315/1767/380 1307/1738/380 1325/1761/380
f 1325/1761/380 1307/1738/380 1321/1764/380
f 1320/1768/380 1318/1737/380 1296/1769/380
f 1311/1770/380 1296/1771/380 1310/1772/380
f 1310/1772/380 1296/1771/380 1309/1773/380
f 1309/1773/380 1296/1774/380 1318/1737/380
f 1318/1737/380 1320/1768/380 1307/1738/380
f 1307/1738/380 1289/1775/380 1306/1776/380
f 1306/1776/380 1289/1775/380 1317/1777/380
f 1320/1768/380 1321/1764/380 1307/1738/380
f 1315/1767/380 1289/1778/380 1307/1738/380
f 1322/1762/380 1319/1742/380 1316/1763/380
f 1316/1763/380 1319/1742/380 1324/1765/380
f 1320/1768/380 1296/1779/380 1323/1780/380
f 1296/1781/380 1312/1740/380 1323/1780/380
f 1312/1740/380 1296/1782/380 1311/1770/380
f 1319/1742/380 1323/1780/380 1312/1740/380
f 1314/1783/380 1289/1784/380 1319/1742/380
f 1317/1777/380 1289/1785/380 1314/1783/380
f 1319/1742/380 1322/1762/380 1323/1780/380
f 1289/1786/380 1324/1765/380 1319/1742/380
f 1317/1787/909 1290/1689/874 1306/1688/873
f 1306/1688/873 1291/1690/875 1307/1691/1038
f 1307/1691/1038 1292/1692/1039 1308/1788/910
f 1308/1693/878 1293/1695/878 1318/1789/878
f 1318/1696/879 1294/1698/881 1309/1790/911
f 1309/1790/911 1294/1698/881 1310/1699/882
f 1310/1701/882 1304/1702/884 1311/1791/912
f 1311/1791/912 1304/1704/884 1312/1703/885
f 1312/1703/408 1303/1705/408 1313/1792/408
f 1313/1706/886 1302/1708/886 1319/1793/886
f 1319/1711/1041 1301/1710/888 1314/1712/889
f 1290/1689/874 1317/1787/909 1314/1794/889
f 1323/1713/890 1286/1715/890 1320/1795/913
f 1320/1716/892 1298/1718/894 1321/1796/1082
f 1298/1719/895 1322/1721/897 1321/1797/915
f 1322/1722/1078 1305/1724/900 1323/1798/1083
f 1315/1725/901 1300/1727/901 1324/1799/917
f 1324/1728/1047 1299/1730/1047 1316/1800/1050
f 1316/1731/905 1287/1733/905 1325/1801/919
f 1287/1734/920 1315/1736/920 1325/1802/920
f 1332/1747/379 1330/1749/379 1331/1803/379
f 1298/1718/894 1329/1746/489 1331/1755/489
f 1329/1743/408 1328/1745/408 1326/1804/408
f 1326/1750/450 1297/1723/1079 1332/1756/450
f 1327/1751/166 1305/1753/166 1328/1805/166
f 1305/1724/900 1326/1750/450 1328/1806/450
f 1329/1746/489 1286/1717/893 1327/1807/489
f 1333/1758/166 1298/1760/166 1330/1808/166
f 1326/1809/380 1331/1810/380 1329/1811/380
f 1326/1809/380 1332/1812/380 1331/1810/380
s 0
f 1351/1813/380 1342/1814/921 1348/1815/380
f 1339/1816/922 1344/1817/380 1370/1818/923
f 1352/1819/380 1339/1816/924 1359/1820/925
f 1348/1821/1084 1371/1822/1084 1351/1823/1084
f 1360/1824/927 1350/1825/927 1343/1826/927
f 1356/1827/928 1357/1828/928 1342/1829/928
f 1343/1830/1085 1352/1831/1085 1353/1832/1085
f 1344/1833/930 1350/1834/930 1369/1835/930
f 1346/1836/380 1356/1837/380 1342/1838/380
f 1339/1816/931 1347/1839/380 1358/1840/380
f 1351/1813/1053 1334/1841/380 1345/1842/933
f 1351/1813/934 1354/1843/935 1346/1844/380
f 1371/1845/936 1366/1846/936 1369/1847/936
f 1368/1848/937 1358/1849/938 1347/1850/939
f 1341/1851/940 1339/1816/941 1370/1818/942
f 1346/1852/943 1336/1853/944 1367/1854/945
f 1363/1855/380 1347/1839/380 1341/1851/946
f 1338/1856/947 1371/1845/947 1360/1824/947
f 1345/1842/1054 1354/1843/949 1351/1813/950
f 1345/1842/951 1359/1820/952 1354/1843/953
f 1370/1818/954 1342/1814/955 1341/1851/956
f 1363/1857/957 1341/1858/958 1364/1859/959
f 1349/1860/1055 1367/1861/961 1356/1827/1055
f 1342/1862/166 1351/1863/166 1346/1864/166
f 1371/1865/1086 1370/1866/1086 1366/1867/1086
f 1359/1868/963 1365/1869/964 1335/1870/965
f 1335/1870/966 1346/1852/967 1354/1871/968
f 1369/1847/969 1360/1824/969 1371/1845/969
f 1369/1847/970 1350/1825/970 1360/1824/970
f 1349/1872/944 1346/1852/971 1367/1854/1057
f 1346/1836/380 1349/1873/380 1356/1837/380
f 1343/1874/1087 1350/1875/1087 1352/1876/1087
f 1334/1877/1088 1351/1878/1088 1360/1879/1088
f 1341/1851/975 1347/1839/380 1339/1816/976
f 1370/1880/1089 1369/1835/1089 1366/1881/1089
f 1352/1831/1090 1345/1882/1090 1353/1832/1090
f 1353/1883/1061 1345/1884/1061 1334/1877/1061
f 1347/1850/980 1364/1859/981 1368/1848/982
f 1358/1885/983 1368/1886/984 1337/1887/983
f 1362/1888/985 1341/1858/1062 1342/1889/987
f 1359/1820/988 1339/1816/989 1337/1890/380
f 1369/1835/990 1370/1880/990 1344/1833/990
f 1337/1887/991 1340/1891/1091 1361/1892/1092
f 1370/1866/994 1371/1865/994 1348/1893/994
f 1350/1875/1093 1339/1894/1093 1352/1876/1093
f 1350/1834/1035 1344/1833/1035 1339/1895/1035
f 1353/1883/1094 1334/1877/1094 1360/1879/1094
f 1338/1896/998 1351/1823/998 1371/1822/998
f 1355/1897/1055 1356/1827/1055 1367/1861/999
f 1348/1815/380 1342/1814/1000 1370/1818/1001
f 1339/1816/1002 1358/1840/380 1337/1890/380
f 1359/1820/1003 1345/1842/1004 1352/1819/380
f 1337/1890/380 1361/1898/380 1359/1820/1005
f 1364/1859/1006 1347/1850/1007 1363/1857/1008
f 1361/1892/1009 1365/1899/1010 1359/1900/1011
f 1343/1826/1012 1353/1901/1012 1360/1824/1012
f 1357/1828/987 1362/1902/1070 1342/1829/987
f 1340/1891/1014 1337/1887/1014 1368/1886/1015
f 1341/1858/1016 1362/1888/1017 1364/1859/1018
f 1355/1897/928 1357/1828/928 1356/1827/928
f 1335/1870/1072 1354/1871/1020 1359/1868/1021
f 1365/1899/1022 1361/1892/1023 1340/1891/1095
f 1351/1878/1096 1338/1903/1096 1360/1879/1096
f 1346/1852/1026 1335/1870/1027 1336/1853/968
f 1389/1813/380 1380/1814/921 1386/1815/380
f 1377/1816/922 1382/1817/380 1408/1818/923
f 1390/1819/380 1377/1816/924 1397/1820/925
f 1386/1821/1084 1409/1822/1084 1389/1823/1084
f 1398/1824/927 1388/1825/927 1381/1826/927
f 1394/1827/928 1395/1828/928 1380/1829/928
f 1381/1830/1085 1390/1831/1085 1391/1832/1085
f 1382/1833/930 1388/1834/930 1407/1835/930
f 1384/1836/380 1394/1837/380 1380/1838/380
f 1377/1816/931 1385/1839/380 1396/1840/380
f 1389/1813/1053 1372/1841/380 1383/1842/933
f 1389/1813/934 1392/1843/935 1384/1844/380
f 1409/1845/936 1404/1846/936 1407/1847/936
f 1406/1848/937 1396/1849/938 1385/1850/939
f 1379/1851/940 1377/1816/941 1408/1818/942
f 1384/1852/943 1374/1853/944 1405/1854/945
f 1401/1855/380 1385/1839/380 1379/1851/946
f 1376/1856/947 1409/1845/947 1398/1824/947
f 1383/1842/1054 1392/1843/949 1389/1813/950
f 1383/1842/951 1397/1820/952 1392/1843/953
f 1408/1818/954 1380/1814/955 1379/1851/956
f 1401/1857/957 1379/1858/958 1402/1859/959
f 1387/1860/1055 1405/1861/961 1394/1827/1055
f 1380/1862/166 1389/1863/166 1384/1864/166
f 1409/1865/1086 1408/1866/1086 1404/1867/1086
f 1397/1868/963 1403/1869/964 1373/1870/965
f 1373/1870/966 1384/1852/967 1392/1871/968
f 1407/1847/969 1398/1824/969 1409/1845/969
f 1407/1847/970 1388/1825/970 1398/1824/970
f 1387/1872/944 1384/1852/971 1405/1854/1057
f 1384/1836/380 1387/1873/380 1394/1837/380
f 1381/1874/1087 1388/1875/1087 1390/1876/1087
f 1372/1877/1088 1389/1878/1088 1398/1879/1088
f 1379/1851/975 1385/1839/380 1377/1816/976
f 1408/1880/1089 1407/1835/1089 1404/1881/1089
f 1390/1831/1090 1383/1882/1090 1391/1832/1090
f 1391/1883/1061 1383/1884/1061 1372/1877/1061
f 1385/1850/980 1402/1859/981 1406/1848/982
f 1396/1885/983 1406/1886/984 1375/1887/983
f 1400/1888/985 1379/1858/1062 1380/1889/987
f 1397/1820/988 1377/1816/989 1375/1890/380
f 1407/1835/990 1408/1880/990 1382/1833/990
f 1375/1887/991 1378/1891/1091 1399/1892/1092
f 1408/1866/994 1409/1865/994 1386/1893/994
f 1388/1875/1093 1377/1894/1093 1390/1876/1093
f 1388/1834/1035 1382/1833/1035 1377/1895/1035
f 1391/1883/1094 1372/1877/1094 1398/1879/1094
f 1376/1896/998 1389/1823/998 1409/1822/998
f 1393/1897/960 1394/1827/960 1405/1861/999
f 1386/1815/380 1380/1814/1000 1408/1818/1001
f 1377/1816/1002 1396/1840/380 1375/1890/380
f 1397/1820/1003 1383/1842/1004 1390/1819/380
f 1375/1890/380 1399/1898/380 1397/1820/1005
f 1402/1859/1006 1385/1850/1007 1401/1857/1008
f 1399/1892/1009 1403/1899/1010 1397/1900/1011
f 1381/1826/1012 1391/1901/1012 1398/1824/1012
f 1395/1828/987 1400/1902/1070 1380/1829/987
f 1378/1891/1014 1375/1887/1014 1406/1886/1015
f 1379/1858/1016 1400/1888/1017 1402/1859/1018
f 1393/1897/928 1395/1828/928 1394/1827/928
f 1373/1870/1072 1392/1871/1020 1397/1868/1021
f 1403/1899/1022 1399/1892/1023 1378/1891/1095
f 1389/1878/1096 1376/1903/1096 1398/1879/1096
f 1384/1852/1026 1373/1870/1027 1374/1853/968
s 1
f 673/1214/499 624/1149/624 628/1154/628
s 0
f 625/1904/1097 578/1904/1097 626/1904/1097
f 674/1904/1098 628/1904/1098 626/1904/1098
f 674/1904/1099 673/1904/1099 628/1904/1099
s 1
f 380/709/378 428/773/416 381/902/378
s 0
f 625/1904/1100 577/1904/1100 578/1904/1100
f 625/1904/1100 624/1904/1100 577/1904/1100
f 578/1904/1097 674/1904/1097 626/1904/1097
f 431/1904/1098 477/1904/1098 430/1904/1098
f 477/1904/1101 428/1904/1101 430/1904/1101
f 427/1904/1097 476/1904/1097 431/1904/1097
f 476/1904/1099 477/1904/1099 431/1904/1099
f 381/1904/1101 428/1904/1101 477/1904/1101
f 427/1904/1097 380/1904/1097 476/1904/1097
s 1
f 676/1279/378 724/1341/721 723/1338/718
s 0
f 727/1904/1098 726/1904/1098 773/1904/1098
f 724/1904/1097 677/1904/1097 726/1904/1097
f 723/1904/1101 727/1904/1101 772/1904/1101
f 772/1904/1099 727/1904/1099 773/1904/1099
f 723/1904/1101 772/1904/1101 676/1904/1101
f 677/1904/1097 773/1904/1097 726/1904/1097
s 1
f 527/963/531 480/905/499 526/961/529
s 0
f 529/1904/1098 575/1904/1098 527/1904/1098
f 525/1904/1097 574/1904/1097 529/1904/1097
f 574/1904/1099 575/1904/1099 529/1904/1099
f 525/1904/1097 479/1904/1097 574/1904/1097
f 479/1904/1100 526/1904/1100 480/1904/1100
f 525/1904/1100 526/1904/1100 479/1904/1100
s 1
f 794/1650/450 795/1905/450 779/1624/450
f 795/1905/450 796/1906/450 779/1624/450
f 804/1907/489 801/1661/489 803/1647/489
f 801/1661/489 802/1908/489 786/1648/489
f 798/1665/450 799/1909/450 774/1627/450
f 799/1909/450 800/1910/450 774/1627/450
f 782/1672/489 805/1911/489 806/1673/489
f 782/1672/489 807/1912/489 808/1675/489
f 802/1662/867 801/1913/1032 794/1680/867
f 795/1653/869 804/1652/869 803/1681/869
f 806/1659/870 805/1914/870 798/1683/870
f 799/1684/871 808/1915/1102 807/1635/871
f 953/1650/450 954/1905/450 938/1624/450
f 954/1905/450 955/1906/450 938/1624/450
f 963/1907/489 960/1661/489 962/1647/489
f 960/1661/489 961/1908/489 945/1648/489
f 957/1665/450 958/1909/450 933/1627/450
f 958/1909/450 959/1910/450 933/1627/450
f 941/1672/489 964/1911/489 965/1673/489
f 941/1672/489 966/1912/489 967/1675/489
f 961/1662/1032 960/1913/1032 953/1680/867
f 954/1653/869 963/1652/869 962/1681/869
f 965/1659/870 964/1914/870 957/1683/870
f 958/1684/871 967/1915/1102 966/1635/871
f 1112/1650/450 1113/1905/450 1097/1624/450
f 1113/1905/450 1114/1906/450 1097/1624/450
f 1122/1907/489 1119/1661/489 1121/1647/489
f 1119/1661/489 1120/1908/489 1104/1648/489
f 1116/1665/450 1117/1909/450 1092/1627/450
f 1117/1909/450 1118/1910/450 1092/1627/450
f 1100/1672/489 1123/1911/489 1124/1673/489
f 1100/1672/489 1125/1912/489 1126/1675/489
f 1120/1662/867 1119/1913/867 1112/1680/868
f 1113/1653/869 1122/1652/869 1121/1681/869
f 1124/1659/870 1123/1914/870 1116/1683/870
f 1117/1684/871 1126/1915/871 1125/1635/871
f 1271/1650/450 1272/1905/450 1256/1624/450
f 1272/1905/450 1273/1906/450 1256/1624/450
f 1281/1907/489 1278/1661/489 1280/1647/489
f 1278/1661/489 1279/1908/773 1263/1648/489
f 1275/1665/450 1276/1909/450 1251/1627/479
f 1276/1909/450 1277/1910/450 1251/1627/479
f 1259/1672/489 1282/1911/1036 1283/1673/1036
f 1259/1672/489 1284/1912/489 1285/1675/489
f 1279/1662/867 1278/1913/867 1271/1680/868
f 1272/1653/869 1281/1652/869 1280/1681/869
f 1283/1659/870 1282/1914/870 1275/1683/870
f 1276/1684/871 1285/1915/871 1284/1635/871
f 673/1214/499 577/1089/499 624/1149/624
f 380/709/378 427/770/413 428/773/416
f 676/1279/378 677/1472/378 724/1341/721
f 527/963/531 575/1020/499 480/905/499
