# Blender 4.0.0
# www.blender.org
o CoffeeMachine045_Lid002
v -0.062177 0.016544 -0.112238
v -0.062074 -0.074218 -0.112238
v 0.048717 0.016534 -0.112238
v 0.048619 -0.074201 -0.112238
v -0.060402 -0.084747 -0.112238
v -0.055783 -0.093802 -0.112238
v -0.048598 -0.100983 -0.112238
v -0.039538 -0.105597 -0.112238
v -0.029008 -0.107264 -0.112238
v 0.015567 -0.107262 -0.112238
v 0.026095 -0.105592 -0.112238
v 0.035153 -0.100961 -0.112238
v 0.042336 -0.093778 -0.112238
v 0.046951 -0.084719 -0.112238
v -0.062177 0.016544 -0.114346
v -0.062074 -0.074218 -0.114346
v 0.048717 0.016534 -0.114346
v 0.048619 -0.074201 -0.114346
v -0.060402 -0.084747 -0.114346
v -0.055783 -0.093802 -0.114346
v -0.048598 -0.100983 -0.114346
v -0.039538 -0.105597 -0.114346
v -0.029008 -0.107264 -0.114346
v 0.015567 -0.107262 -0.114346
v 0.026095 -0.105592 -0.114346
v 0.035153 -0.100961 -0.114346
v 0.042336 -0.093778 -0.114346
v 0.046951 -0.084719 -0.114346
v -0.052175 0.009526 -0.112238
v -0.052175 -0.073432 -0.112238
v 0.038720 0.009516 -0.112238
v 0.038720 -0.073415 -0.112238
v -0.050959 -0.081674 -0.112238
v -0.047751 -0.087962 -0.112238
v -0.042763 -0.092948 -0.112238
v -0.036471 -0.096152 -0.112238
v -0.028230 -0.097364 -0.112238
v 0.014787 -0.097362 -0.112238
v 0.023019 -0.096150 -0.112238
v 0.029310 -0.092932 -0.112238
v 0.034302 -0.087941 -0.112238
v 0.037507 -0.081650 -0.112238
v -0.052175 0.009526 -0.114346
v -0.052175 -0.073432 -0.114346
v 0.038720 0.009516 -0.114346
v 0.038720 -0.073415 -0.114346
v -0.050959 -0.081674 -0.114346
v -0.047751 -0.087962 -0.114346
v -0.042763 -0.092948 -0.114346
v -0.036471 -0.096152 -0.114346
v -0.028230 -0.097364 -0.114346
v 0.014787 -0.097362 -0.114346
v 0.023019 -0.096150 -0.114346
v 0.029310 -0.092932 -0.114346
v 0.034302 -0.087941 -0.114346
v 0.037507 -0.081650 -0.114346
v 0.036268 -0.097088 -0.112969
v 0.037492 -0.096696 -0.112969
v 0.038623 -0.096070 -0.112969
v 0.039646 -0.095227 -0.112969
v 0.040533 -0.094193 -0.112969
v 0.042297 -0.088075 -0.112969
v -0.054717 -0.093000 -0.112969
v -0.053993 -0.094193 -0.112969
v -0.053106 -0.095227 -0.112969
v -0.052083 -0.096070 -0.112969
v -0.050952 -0.096696 -0.112969
v 0.036268 0.014737 -0.112969
v 0.034398 0.014932 -0.112969
v 0.037492 0.014345 -0.112969
v 0.038623 0.013720 -0.112969
v 0.039646 0.012876 -0.112969
v 0.041257 0.010649 -0.112969
v 0.041794 0.009332 -0.112969
v -0.055757 0.005725 -0.112969
v -0.052083 0.013719 -0.112969
v -0.050952 0.014345 -0.112969
v -0.047858 0.014932 -0.112969
v -0.040607 0.014932 -0.112969
v 0.027148 0.014932 -0.112969
v -0.034448 0.014932 -0.112969
v -0.028288 0.014932 -0.112969
v -0.022129 0.014932 -0.112969
v -0.015969 0.014932 -0.112969
v -0.009810 0.014932 -0.112969
v -0.003650 0.014932 -0.112969
v 0.002509 0.014932 -0.112969
v 0.008669 0.014932 -0.112969
v 0.014829 0.014932 -0.112969
v 0.020988 0.014932 -0.112969
v -0.023693 -0.093098 -0.112969
v -0.023483 -0.094010 -0.112969
v -0.023483 -0.095513 -0.112969
v -0.023693 -0.095513 -0.112969
v -0.022911 -0.094677 -0.112969
v -0.022911 -0.095513 -0.112969
v -0.022129 -0.094921 -0.112969
v -0.022129 -0.095513 -0.112969
v -0.021347 -0.094677 -0.112969
v -0.021347 -0.095513 -0.112969
v -0.020774 -0.094010 -0.112969
v -0.020774 -0.095513 -0.112969
v -0.020565 -0.093098 -0.112969
v -0.020565 -0.095513 -0.112969
v -0.017533 -0.093098 -0.112969
v -0.017324 -0.094010 -0.112969
v -0.017324 -0.095513 -0.112969
v -0.017533 -0.095513 -0.112969
v -0.016751 -0.094677 -0.112969
v -0.016751 -0.095513 -0.112969
v -0.015969 -0.094921 -0.112969
v -0.015969 -0.095513 -0.112969
v -0.015187 -0.094677 -0.112969
v -0.015187 -0.095513 -0.112969
v -0.014615 -0.094010 -0.112969
v -0.014615 -0.095513 -0.112969
v -0.014405 -0.093098 -0.112969
v -0.014405 -0.095513 -0.112969
v -0.011374 -0.093098 -0.112969
v -0.011164 -0.094010 -0.112969
v -0.011164 -0.095513 -0.112969
v -0.011374 -0.095513 -0.112969
v -0.010592 -0.094677 -0.112969
v -0.010592 -0.095513 -0.112969
v -0.009810 -0.094921 -0.112969
v -0.009810 -0.095513 -0.112969
v -0.009028 -0.094677 -0.112969
v -0.009028 -0.095513 -0.112969
v -0.008455 -0.094010 -0.112969
v -0.008455 -0.095513 -0.112969
v -0.008246 -0.093098 -0.112969
v -0.008246 -0.095513 -0.112969
v -0.029852 -0.093098 -0.112969
v -0.029643 -0.094010 -0.112969
v -0.029643 -0.095513 -0.112969
v -0.029852 -0.095513 -0.112969
v -0.029070 -0.094677 -0.112969
v -0.029070 -0.095513 -0.112969
v -0.028288 -0.094921 -0.112969
v -0.028288 -0.095513 -0.112969
v -0.027506 -0.094677 -0.112969
v -0.027506 -0.095513 -0.112969
v -0.026934 -0.094010 -0.112969
v -0.026934 -0.095513 -0.112969
v -0.026724 -0.093098 -0.112969
v -0.026724 -0.095513 -0.112969
v -0.036012 -0.093098 -0.112969
v -0.035802 -0.094010 -0.112969
v -0.035802 -0.095513 -0.112969
v -0.036012 -0.095513 -0.112969
v -0.035230 -0.094677 -0.112969
v -0.035230 -0.095513 -0.112969
v -0.034448 -0.094921 -0.112969
v -0.034448 -0.095513 -0.112969
v -0.033666 -0.094677 -0.112969
v -0.033666 -0.095513 -0.112969
v -0.033094 -0.094010 -0.112969
v -0.033094 -0.095513 -0.112969
v -0.032884 -0.093098 -0.112969
v -0.032884 -0.095513 -0.112969
v -0.017533 -0.069425 -0.112969
v -0.017580 -0.060661 -0.112969
v -0.017392 -0.062014 -0.112969
v -0.017324 -0.068513 -0.112969
v -0.016870 -0.063189 -0.112969
v -0.016751 -0.067846 -0.112969
v -0.016075 -0.064117 -0.112969
v -0.015969 -0.067602 -0.112969
v -0.014615 -0.068513 -0.112969
v -0.013906 -0.064944 -0.112969
v -0.013416 -0.064944 -0.112969
v -0.014405 -0.069425 -0.112969
v -0.011374 -0.069425 -0.112969
v -0.011373 -0.064944 -0.112969
v -0.011164 -0.064944 -0.112969
v -0.011164 -0.068513 -0.112969
v -0.010592 -0.064944 -0.112969
v -0.010592 -0.067846 -0.112969
v -0.009810 -0.064944 -0.112969
v -0.009810 -0.067602 -0.112969
v -0.009028 -0.067846 -0.112969
v -0.009028 -0.064944 -0.112969
v -0.008455 -0.064944 -0.112969
v -0.008455 -0.068513 -0.112969
v -0.008246 -0.064944 -0.112969
v -0.008246 -0.069425 -0.112969
v -0.020565 -0.069425 -0.112969
v -0.042171 -0.093098 -0.112969
v -0.041962 -0.094010 -0.112969
v -0.041962 -0.095513 -0.112969
v -0.042171 -0.095513 -0.112969
v -0.041389 -0.094677 -0.112969
v -0.041389 -0.095513 -0.112969
v -0.040607 -0.094921 -0.112969
v -0.040607 -0.095513 -0.112969
v -0.039826 -0.094677 -0.112969
v -0.039826 -0.095513 -0.112969
v -0.039253 -0.094010 -0.112969
v -0.039253 -0.095513 -0.112969
v -0.039044 -0.093098 -0.112969
v -0.039044 -0.095513 -0.112969
v -0.048331 -0.093098 -0.112969
v -0.048121 -0.094010 -0.112969
v -0.048121 -0.095513 -0.112969
v -0.048331 -0.095513 -0.112969
v -0.047549 -0.094677 -0.112969
v -0.047549 -0.095513 -0.112969
v -0.046767 -0.094921 -0.112969
v -0.046767 -0.095513 -0.112969
v -0.045985 -0.094677 -0.112969
v -0.045985 -0.095513 -0.112969
v -0.045413 -0.094010 -0.112969
v -0.045413 -0.095513 -0.112969
v -0.045203 -0.093098 -0.112969
v -0.045203 -0.095513 -0.112969
v -0.054281 -0.086570 -0.112969
v -0.055254 -0.091682 -0.112969
v -0.053708 -0.087237 -0.112969
v -0.052927 -0.087481 -0.112969
v -0.052145 -0.087237 -0.112969
v -0.051572 -0.086570 -0.112969
v -0.051363 -0.085658 -0.112969
v -0.049728 -0.097088 -0.112969
v -0.054490 -0.085658 -0.112969
v -0.055757 -0.088075 -0.112969
v -0.020565 -0.060661 -0.112969
v -0.015066 -0.064725 -0.112969
v -0.015187 -0.067846 -0.112969
v -0.022129 -0.097283 -0.112969
v -0.015969 -0.097283 -0.112969
v -0.009810 -0.097283 -0.112969
v -0.028288 -0.097283 -0.112969
v -0.034448 -0.097283 -0.112969
v -0.040607 -0.097283 -0.112969
v -0.047858 -0.097283 -0.112969
v -0.023693 0.010748 -0.112969
v -0.023693 0.013162 -0.112969
v -0.023483 0.013162 -0.112969
v -0.023483 0.011659 -0.112969
v -0.022911 0.013162 -0.112969
v -0.022911 0.012327 -0.112969
v -0.022129 0.013162 -0.112969
v -0.022129 0.012571 -0.112969
v -0.021347 0.013162 -0.112969
v -0.021347 0.012327 -0.112969
v -0.020774 0.013162 -0.112969
v -0.020774 0.011659 -0.112969
v -0.020565 0.013162 -0.112969
v -0.020565 0.010748 -0.112969
v -0.017533 0.010748 -0.112969
v -0.017533 0.013162 -0.112969
v -0.017324 0.013162 -0.112969
v -0.017324 0.011659 -0.112969
v -0.016751 0.013162 -0.112969
v -0.016751 0.012327 -0.112969
v -0.015969 0.013162 -0.112969
v -0.015969 0.012571 -0.112969
v -0.015187 0.013162 -0.112969
v -0.015187 0.012327 -0.112969
v -0.014615 0.013162 -0.112969
v -0.014615 0.011659 -0.112969
v -0.014405 0.013162 -0.112969
v -0.014405 0.010748 -0.112969
v -0.011374 0.010748 -0.112969
v -0.011374 0.013162 -0.112969
v -0.011164 0.013162 -0.112969
v -0.011164 0.011659 -0.112969
v -0.010592 0.013162 -0.112969
v -0.010592 0.012327 -0.112969
v -0.009810 0.013162 -0.112969
v -0.009810 0.012571 -0.112969
v -0.009028 0.013162 -0.112969
v -0.009028 0.012327 -0.112969
v -0.008455 0.013162 -0.112969
v -0.008455 0.011659 -0.112969
v -0.008246 0.013162 -0.112969
v -0.008246 0.010748 -0.112969
v -0.029852 0.010748 -0.112969
v -0.029852 0.013162 -0.112969
v -0.029643 0.013162 -0.112969
v -0.029643 0.011659 -0.112969
v -0.029070 0.013162 -0.112969
v -0.029070 0.012327 -0.112969
v -0.028288 0.013162 -0.112969
v -0.028288 0.012571 -0.112969
v -0.027506 0.013162 -0.112969
v -0.027506 0.012327 -0.112969
v -0.026934 0.013162 -0.112969
v -0.026934 0.011659 -0.112969
v -0.026724 0.013162 -0.112969
v -0.026724 0.010748 -0.112969
v -0.036012 0.010748 -0.112969
v -0.036012 0.013162 -0.112969
v -0.035802 0.013162 -0.112969
v -0.035802 0.011659 -0.112969
v -0.035230 0.013162 -0.112969
v -0.035230 0.012327 -0.112969
v -0.034448 0.013162 -0.112969
v -0.034448 0.012571 -0.112969
v -0.033666 0.013162 -0.112969
v -0.033666 0.012327 -0.112969
v -0.033094 0.013162 -0.112969
v -0.033094 0.011659 -0.112969
v -0.032884 0.013162 -0.112969
v -0.032884 0.010748 -0.112969
v -0.017533 -0.014578 -0.112969
v -0.017324 -0.015490 -0.112969
v -0.017392 -0.021989 -0.112969
v -0.017580 -0.023342 -0.112969
v -0.016751 -0.016157 -0.112969
v -0.016870 -0.020814 -0.112969
v -0.015969 -0.016401 -0.112969
v -0.016075 -0.019886 -0.112969
v -0.014615 -0.015490 -0.112969
v -0.014405 -0.014578 -0.112969
v -0.013416 -0.019060 -0.112969
v -0.013906 -0.019060 -0.112969
v -0.011374 -0.014578 -0.112969
v -0.011164 -0.015490 -0.112969
v -0.011164 -0.019060 -0.112969
v -0.011374 -0.019060 -0.112969
v -0.010592 -0.016157 -0.112969
v -0.010592 -0.019060 -0.112969
v -0.009810 -0.016401 -0.112969
v -0.009810 -0.019060 -0.112969
v -0.009028 -0.016157 -0.112969
v -0.008455 -0.015490 -0.112969
v -0.008455 -0.019060 -0.112969
v -0.009028 -0.019059 -0.112969
v -0.008246 -0.014578 -0.112969
v -0.008246 -0.019060 -0.112969
v -0.020565 -0.014578 -0.112969
v -0.042171 0.010748 -0.112969
v -0.042171 0.013162 -0.112969
v -0.041962 0.013162 -0.112969
v -0.041962 0.011659 -0.112969
v -0.041389 0.013162 -0.112969
v -0.041389 0.012327 -0.112969
v -0.040607 0.013162 -0.112969
v -0.040607 0.012571 -0.112969
v -0.039826 0.013162 -0.112969
v -0.039826 0.012327 -0.112969
v -0.039253 0.013162 -0.112969
v -0.039253 0.011659 -0.112969
v -0.039044 0.013162 -0.112969
v -0.039044 0.010748 -0.112969
v -0.048331 0.010748 -0.112969
v -0.048331 0.013162 -0.112969
v -0.048121 0.013162 -0.112969
v -0.048121 0.011659 -0.112969
v -0.047549 0.013162 -0.112969
v -0.047549 0.012327 -0.112969
v -0.046767 0.013162 -0.112969
v -0.046767 0.012571 -0.112969
v -0.045985 0.013162 -0.112969
v -0.045985 0.012327 -0.112969
v -0.045413 0.013162 -0.112969
v -0.045413 0.011659 -0.112969
v -0.045203 0.013162 -0.112969
v -0.045203 0.010748 -0.112969
v -0.054490 0.003308 -0.112969
v -0.055254 0.009331 -0.112969
v -0.054717 0.010649 -0.112969
v -0.054281 0.004219 -0.112969
v -0.053993 0.011842 -0.112969
v -0.053708 0.004887 -0.112969
v -0.053106 0.012876 -0.112969
v -0.052927 0.005131 -0.112969
v -0.052145 0.004887 -0.112969
v -0.051572 0.004219 -0.112969
v -0.049728 0.014737 -0.112969
v -0.051363 0.003308 -0.112969
v -0.020565 -0.023342 -0.112969
v -0.015187 -0.016157 -0.112969
v -0.015066 -0.019278 -0.112969
v 0.010233 -0.095513 -0.112969
v 0.010023 -0.095513 -0.112969
v 0.009451 -0.095513 -0.112969
v 0.008669 -0.095513 -0.112969
v 0.007887 -0.095513 -0.112969
v 0.007315 -0.095513 -0.112969
v 0.007105 -0.095513 -0.112969
v 0.007105 -0.093098 -0.112969
v 0.004073 -0.093098 -0.112969
v 0.004073 -0.095513 -0.112969
v 0.003864 -0.095513 -0.112969
v 0.003864 -0.094010 -0.112969
v 0.003291 -0.095513 -0.112969
v 0.003291 -0.094677 -0.112969
v 0.002509 -0.095513 -0.112969
v 0.002509 -0.094921 -0.112969
v 0.001727 -0.095513 -0.112969
v 0.001727 -0.094677 -0.112969
v 0.001155 -0.095513 -0.112969
v 0.001155 -0.094010 -0.112969
v 0.000946 -0.095513 -0.112969
v 0.000946 -0.093098 -0.112969
v -0.002086 -0.093098 -0.112969
v -0.002086 -0.095513 -0.112969
v -0.002296 -0.095513 -0.112969
v -0.002296 -0.094010 -0.112969
v -0.002868 -0.095513 -0.112969
v -0.002868 -0.094677 -0.112969
v -0.003650 -0.095513 -0.112969
v -0.003650 -0.094921 -0.112969
v -0.004432 -0.095513 -0.112969
v -0.004432 -0.094677 -0.112969
v -0.005005 -0.095513 -0.112969
v -0.005005 -0.094010 -0.112969
v -0.005214 -0.095513 -0.112969
v -0.005214 -0.093098 -0.112969
v 0.016392 -0.095513 -0.112969
v 0.016183 -0.095513 -0.112969
v 0.015610 -0.095513 -0.112969
v 0.014829 -0.095513 -0.112969
v 0.014047 -0.095513 -0.112969
v 0.013474 -0.095513 -0.112969
v 0.013265 -0.095513 -0.112969
v 0.022552 -0.095513 -0.112969
v 0.022342 -0.095513 -0.112969
v 0.021770 -0.095513 -0.112969
v 0.020988 -0.095513 -0.112969
v 0.020206 -0.095513 -0.112969
v 0.019634 -0.095513 -0.112969
v 0.019424 -0.095513 -0.112969
v 0.004073 -0.069425 -0.112969
v 0.003864 -0.068513 -0.112969
v 0.003932 -0.062014 -0.112969
v 0.004120 -0.060661 -0.112969
v 0.003291 -0.067846 -0.112969
v 0.003410 -0.063189 -0.112969
v 0.002509 -0.067602 -0.112969
v 0.002615 -0.064117 -0.112969
v 0.001155 -0.068513 -0.112969
v 0.000946 -0.069425 -0.112969
v -0.000044 -0.064944 -0.112969
v 0.000446 -0.064944 -0.112969
v -0.002086 -0.069425 -0.112969
v -0.002296 -0.068513 -0.112969
v -0.002296 -0.064944 -0.112969
v -0.002086 -0.064944 -0.112969
v -0.002868 -0.067846 -0.112969
v -0.002868 -0.064944 -0.112969
v -0.003650 -0.067602 -0.112969
v -0.003650 -0.064944 -0.112969
v -0.004432 -0.067846 -0.112969
v -0.005005 -0.068513 -0.112969
v -0.005005 -0.064944 -0.112969
v -0.004432 -0.064944 -0.112969
v -0.005214 -0.069425 -0.112969
v -0.005214 -0.064944 -0.112969
v 0.007105 -0.069425 -0.112969
v 0.028711 -0.095513 -0.112969
v 0.028502 -0.095513 -0.112969
v 0.027930 -0.095513 -0.112969
v 0.027148 -0.095513 -0.112969
v 0.026366 -0.095513 -0.112969
v 0.025793 -0.095513 -0.112969
v 0.025584 -0.095513 -0.112969
v 0.034871 -0.095513 -0.112969
v 0.034662 -0.095513 -0.112969
v 0.034089 -0.095513 -0.112969
v 0.033307 -0.095513 -0.112969
v 0.032525 -0.095513 -0.112969
v 0.031953 -0.095513 -0.112969
v 0.031743 -0.095513 -0.112969
v 0.041794 -0.091682 -0.112969
v 0.041257 -0.093000 -0.112969
v 0.007105 -0.060661 -0.112969
v 0.001727 -0.067846 -0.112969
v 0.001607 -0.064725 -0.112969
v 0.008669 -0.097283 -0.112969
v 0.002509 -0.097283 -0.112969
v -0.003650 -0.097283 -0.112969
v 0.014828 -0.097283 -0.112969
v 0.020988 -0.097283 -0.112969
v 0.027148 -0.097283 -0.112969
v 0.034398 -0.097283 -0.112969
v 0.010233 0.010748 -0.112969
v 0.010023 0.011659 -0.112969
v 0.010023 0.013162 -0.112969
v 0.010233 0.013162 -0.112969
v 0.009451 0.012327 -0.112969
v 0.009451 0.013162 -0.112969
v 0.008669 0.012571 -0.112969
v 0.008669 0.013162 -0.112969
v 0.007887 0.012327 -0.112969
v 0.007887 0.013162 -0.112969
v 0.007315 0.011659 -0.112969
v 0.007315 0.013162 -0.112969
v 0.007105 0.010748 -0.112969
v 0.007105 0.013162 -0.112969
v 0.004073 0.010748 -0.112969
v 0.003864 0.011659 -0.112969
v 0.003864 0.013162 -0.112969
v 0.004073 0.013162 -0.112969
v 0.003291 0.012327 -0.112969
v 0.003291 0.013162 -0.112969
v 0.002509 0.012571 -0.112969
v 0.002509 0.013162 -0.112969
v 0.001727 0.012327 -0.112969
v 0.001727 0.013162 -0.112969
v 0.001155 0.011659 -0.112969
v 0.001155 0.013162 -0.112969
v 0.000946 0.010748 -0.112969
v 0.000946 0.013162 -0.112969
v -0.002086 0.010748 -0.112969
v -0.002296 0.011659 -0.112969
v -0.002296 0.013162 -0.112969
v -0.002086 0.013162 -0.112969
v -0.002868 0.012327 -0.112969
v -0.002868 0.013162 -0.112969
v -0.003650 0.012571 -0.112969
v -0.003650 0.013162 -0.112969
v -0.004432 0.012327 -0.112969
v -0.004432 0.013162 -0.112969
v -0.005005 0.011659 -0.112969
v -0.005005 0.013162 -0.112969
v -0.005214 0.010748 -0.112969
v -0.005214 0.013162 -0.112969
v 0.016392 0.010748 -0.112969
v 0.016183 0.011659 -0.112969
v 0.016183 0.013162 -0.112969
v 0.016392 0.013162 -0.112969
v 0.015610 0.012327 -0.112969
v 0.015610 0.013162 -0.112969
v 0.014829 0.012571 -0.112969
v 0.014829 0.013162 -0.112969
v 0.014047 0.012327 -0.112969
v 0.014047 0.013162 -0.112969
v 0.013474 0.011659 -0.112969
v 0.013474 0.013162 -0.112969
v 0.013265 0.010748 -0.112969
v 0.013265 0.013162 -0.112969
v 0.022552 0.010748 -0.112969
v 0.022342 0.011659 -0.112969
v 0.022342 0.013162 -0.112969
v 0.022552 0.013162 -0.112969
v 0.021770 0.012327 -0.112969
v 0.021770 0.013162 -0.112969
v 0.020988 0.012571 -0.112969
v 0.020988 0.013162 -0.112969
v 0.020206 0.012327 -0.112969
v 0.020206 0.013162 -0.112969
v 0.019634 0.011659 -0.112969
v 0.019634 0.013162 -0.112969
v 0.019424 0.010748 -0.112969
v 0.019424 0.013162 -0.112969
v 0.004073 -0.014578 -0.112969
v 0.004120 -0.023342 -0.112969
v 0.003932 -0.021989 -0.112969
v 0.003864 -0.015490 -0.112969
v 0.003410 -0.020814 -0.112969
v 0.003291 -0.016157 -0.112969
v 0.002615 -0.019886 -0.112969
v 0.002509 -0.016401 -0.112969
v 0.001155 -0.015490 -0.112969
v 0.000446 -0.019060 -0.112969
v -0.000044 -0.019060 -0.112969
v 0.000946 -0.014578 -0.112969
v -0.002086 -0.014578 -0.112969
v -0.002086 -0.019060 -0.112969
v -0.002296 -0.019060 -0.112969
v -0.002296 -0.015490 -0.112969
v -0.002868 -0.019059 -0.112969
v -0.002868 -0.016157 -0.112969
v -0.003650 -0.019060 -0.112969
v -0.003650 -0.016401 -0.112969
v -0.004432 -0.016157 -0.112969
v -0.004432 -0.019059 -0.112969
v -0.005005 -0.019060 -0.112969
v -0.005005 -0.015490 -0.112969
v -0.005214 -0.019060 -0.112969
v -0.005214 -0.014578 -0.112969
v 0.007105 -0.014578 -0.112969
v 0.028712 0.010748 -0.112969
v 0.028502 0.011659 -0.112969
v 0.028502 0.013162 -0.112969
v 0.028712 0.013162 -0.112969
v 0.027930 0.012327 -0.112969
v 0.027930 0.013162 -0.112969
v 0.027148 0.012571 -0.112969
v 0.027148 0.013162 -0.112969
v 0.026366 0.012327 -0.112969
v 0.026366 0.013162 -0.112969
v 0.025793 0.011659 -0.112969
v 0.025793 0.013162 -0.112969
v 0.025584 0.010748 -0.112969
v 0.025584 0.013162 -0.112969
v 0.034871 0.010748 -0.112969
v 0.034662 0.011659 -0.112969
v 0.034662 0.013162 -0.112969
v 0.034871 0.013162 -0.112969
v 0.034089 0.012327 -0.112969
v 0.034089 0.013162 -0.112969
v 0.033307 0.012571 -0.112969
v 0.033307 0.013162 -0.112969
v 0.032525 0.012327 -0.112969
v 0.032525 0.013162 -0.112969
v 0.031953 0.011659 -0.112969
v 0.031953 0.013162 -0.112969
v 0.031743 0.010748 -0.112969
v 0.031743 0.013162 -0.112969
v 0.041031 0.003308 -0.112969
v 0.040821 0.004219 -0.112969
v 0.040249 0.004887 -0.112969
v 0.040533 0.011842 -0.112969
v 0.039467 0.005131 -0.112969
v 0.038685 0.004887 -0.112969
v 0.042297 0.005724 -0.112969
v 0.007105 -0.023342 -0.112969
v 0.001607 -0.019278 -0.112969
v 0.001727 -0.016157 -0.112969
v -0.055589 -0.090255 -0.112969
v 0.042130 -0.090255 -0.112969
v 0.042130 0.007904 -0.112969
v -0.055589 0.007905 -0.112969
v 0.042297 -0.084724 -0.112969
v 0.042297 0.002373 -0.112969
v -0.055757 0.002373 -0.112969
v -0.055757 -0.084724 -0.112969
v -0.054490 0.002373 -0.112969
v -0.054490 -0.084724 -0.112969
v 0.041031 -0.084724 -0.112969
v 0.010233 -0.093098 -0.112969
v 0.010023 -0.094010 -0.112969
v 0.009451 -0.094677 -0.112969
v 0.008669 -0.094921 -0.112969
v 0.007887 -0.094677 -0.112969
v 0.007315 -0.094010 -0.112969
v 0.016392 -0.093098 -0.112969
v 0.016183 -0.094010 -0.112969
v 0.015610 -0.094677 -0.112969
v 0.014829 -0.094921 -0.112969
v 0.014047 -0.094677 -0.112969
v 0.013474 -0.094010 -0.112969
v 0.013265 -0.093098 -0.112969
v 0.022552 -0.093098 -0.112969
v 0.022342 -0.094010 -0.112969
v 0.021770 -0.094677 -0.112969
v 0.020988 -0.094921 -0.112969
v 0.020206 -0.094677 -0.112969
v 0.019634 -0.094010 -0.112969
v 0.019424 -0.093098 -0.112969
v 0.028711 -0.093098 -0.112969
v 0.028502 -0.094010 -0.112969
v 0.027930 -0.094677 -0.112969
v 0.027148 -0.094921 -0.112969
v 0.026366 -0.094677 -0.112969
v 0.025793 -0.094010 -0.112969
v 0.025584 -0.093098 -0.112969
v 0.034871 -0.093098 -0.112969
v 0.034662 -0.094010 -0.112969
v 0.034089 -0.094677 -0.112969
v 0.033307 -0.094921 -0.112969
v 0.032525 -0.094677 -0.112969
v 0.031953 -0.094010 -0.112969
v 0.031743 -0.093098 -0.112969
v 0.041031 -0.085658 -0.112969
v 0.040821 -0.086570 -0.112969
v 0.040249 -0.087237 -0.112969
v 0.039467 -0.087481 -0.112969
v 0.038685 -0.087237 -0.112969
v 0.038112 -0.086570 -0.112969
v 0.037903 -0.085658 -0.112969
v 0.038112 0.004219 -0.112969
v 0.037903 0.003308 -0.112969
v 0.041031 0.002373 -0.112969
v 0.036268 -0.097088 -0.113595
v 0.037492 -0.096696 -0.113595
v 0.038623 -0.096070 -0.113595
v 0.039646 -0.095227 -0.113595
v 0.040533 -0.094193 -0.113595
v 0.042297 -0.088075 -0.113595
v -0.054717 -0.093000 -0.113595
v -0.053993 -0.094193 -0.113595
v -0.053106 -0.095227 -0.113595
v -0.052083 -0.096070 -0.113595
v -0.050952 -0.096696 -0.113595
v 0.036268 0.014737 -0.113595
v 0.034398 0.014932 -0.113595
v 0.037492 0.014345 -0.113595
v 0.038623 0.013720 -0.113595
v 0.039646 0.012876 -0.113595
v 0.041257 0.010649 -0.113595
v 0.041794 0.009332 -0.113595
v -0.055757 0.005725 -0.113595
v -0.052083 0.013719 -0.113595
v -0.050952 0.014345 -0.113595
v -0.047858 0.014932 -0.113595
v -0.040607 0.014932 -0.113595
v 0.027148 0.014932 -0.113595
v -0.034448 0.014932 -0.113595
v -0.028288 0.014932 -0.113595
v -0.022129 0.014932 -0.113595
v -0.015969 0.014932 -0.113595
v -0.009810 0.014932 -0.113595
v -0.003650 0.014932 -0.113595
v 0.002509 0.014932 -0.113595
v 0.008669 0.014932 -0.113595
v 0.014829 0.014932 -0.113595
v 0.020988 0.014932 -0.113595
v -0.023693 -0.093098 -0.113595
v -0.023483 -0.094010 -0.113595
v -0.023483 -0.095513 -0.113595
v -0.023693 -0.095513 -0.113595
v -0.022911 -0.094677 -0.113595
v -0.022911 -0.095513 -0.113595
v -0.022129 -0.094921 -0.113595
v -0.022129 -0.095513 -0.113595
v -0.021347 -0.094677 -0.113595
v -0.021347 -0.095513 -0.113595
v -0.020774 -0.094010 -0.113595
v -0.020774 -0.095513 -0.113595
v -0.020565 -0.093098 -0.113595
v -0.020565 -0.095513 -0.113595
v -0.017533 -0.093098 -0.113595
v -0.017324 -0.094010 -0.113595
v -0.017324 -0.095513 -0.113595
v -0.017533 -0.095513 -0.113595
v -0.016751 -0.094677 -0.113595
v -0.016751 -0.095513 -0.113595
v -0.015969 -0.094921 -0.113595
v -0.015969 -0.095513 -0.113595
v -0.015187 -0.094677 -0.113595
v -0.015187 -0.095513 -0.113595
v -0.014615 -0.094010 -0.113595
v -0.014615 -0.095513 -0.113595
v -0.014405 -0.093098 -0.113595
v -0.014405 -0.095513 -0.113595
v -0.011374 -0.093098 -0.113595
v -0.011164 -0.094010 -0.113595
v -0.011164 -0.095513 -0.113595
v -0.011374 -0.095513 -0.113595
v -0.010592 -0.094677 -0.113595
v -0.010592 -0.095513 -0.113595
v -0.009810 -0.094921 -0.113595
v -0.009810 -0.095513 -0.113595
v -0.009028 -0.094677 -0.113595
v -0.009028 -0.095513 -0.113595
v -0.008455 -0.094010 -0.113595
v -0.008455 -0.095513 -0.113595
v -0.008246 -0.093098 -0.113595
v -0.008246 -0.095513 -0.113595
v -0.029852 -0.093098 -0.113595
v -0.029643 -0.094010 -0.113595
v -0.029643 -0.095513 -0.113595
v -0.029852 -0.095513 -0.113595
v -0.029070 -0.094677 -0.113595
v -0.029070 -0.095513 -0.113595
v -0.028288 -0.094921 -0.113595
v -0.028288 -0.095513 -0.113595
v -0.027506 -0.094677 -0.113595
v -0.027506 -0.095513 -0.113595
v -0.026934 -0.094010 -0.113595
v -0.026934 -0.095513 -0.113595
v -0.026724 -0.093098 -0.113595
v -0.026724 -0.095513 -0.113595
v -0.036012 -0.093098 -0.113595
v -0.035802 -0.094010 -0.113595
v -0.035802 -0.095513 -0.113595
v -0.036012 -0.095513 -0.113595
v -0.035230 -0.094677 -0.113595
v -0.035230 -0.095513 -0.113595
v -0.034448 -0.094921 -0.113595
v -0.034448 -0.095513 -0.113595
v -0.033666 -0.094677 -0.113595
v -0.033666 -0.095513 -0.113595
v -0.033094 -0.094010 -0.113595
v -0.033094 -0.095513 -0.113595
v -0.032884 -0.093098 -0.113595
v -0.032884 -0.095513 -0.113595
v -0.017533 -0.069425 -0.113595
v -0.017580 -0.060661 -0.113595
v -0.017392 -0.062014 -0.113595
v -0.017324 -0.068513 -0.113595
v -0.016870 -0.063189 -0.113595
v -0.016751 -0.067846 -0.113595
v -0.016075 -0.064117 -0.113595
v -0.015969 -0.067602 -0.113595
v -0.014615 -0.068513 -0.113595
v -0.013906 -0.064944 -0.113595
v -0.013416 -0.064944 -0.113595
v -0.014405 -0.069425 -0.113595
v -0.011374 -0.069425 -0.113595
v -0.011373 -0.064944 -0.113595
v -0.011164 -0.064944 -0.113595
v -0.011164 -0.068513 -0.113595
v -0.010592 -0.064944 -0.113595
v -0.010592 -0.067846 -0.113595
v -0.009810 -0.064944 -0.113595
v -0.009810 -0.067602 -0.113595
v -0.009028 -0.067846 -0.113595
v -0.009028 -0.064944 -0.113595
v -0.008455 -0.064944 -0.113595
v -0.008455 -0.068513 -0.113595
v -0.008246 -0.064944 -0.113595
v -0.008246 -0.069425 -0.113595
v -0.020565 -0.069425 -0.113595
v -0.042171 -0.093098 -0.113595
v -0.041962 -0.094010 -0.113595
v -0.041962 -0.095513 -0.113595
v -0.042171 -0.095513 -0.113595
v -0.041389 -0.094677 -0.113595
v -0.041389 -0.095513 -0.113595
v -0.040607 -0.094921 -0.113595
v -0.040607 -0.095513 -0.113595
v -0.039826 -0.094677 -0.113595
v -0.039826 -0.095513 -0.113595
v -0.039253 -0.094010 -0.113595
v -0.039253 -0.095513 -0.113595
v -0.039044 -0.093098 -0.113595
v -0.039044 -0.095513 -0.113595
v -0.048331 -0.093098 -0.113595
v -0.048121 -0.094010 -0.113595
v -0.048121 -0.095513 -0.113595
v -0.048331 -0.095513 -0.113595
v -0.047549 -0.094677 -0.113595
v -0.047549 -0.095513 -0.113595
v -0.046767 -0.094921 -0.113595
v -0.046767 -0.095513 -0.113595
v -0.045985 -0.094677 -0.113595
v -0.045985 -0.095513 -0.113595
v -0.045413 -0.094010 -0.113595
v -0.045413 -0.095513 -0.113595
v -0.045203 -0.093098 -0.113595
v -0.045203 -0.095513 -0.113595
v -0.054281 -0.086570 -0.113595
v -0.055254 -0.091682 -0.113595
v -0.053708 -0.087237 -0.113595
v -0.052927 -0.087481 -0.113595
v -0.052145 -0.087237 -0.113595
v -0.051572 -0.086570 -0.113595
v -0.051363 -0.085658 -0.113595
v -0.049728 -0.097088 -0.113595
v -0.054490 -0.085658 -0.113595
v -0.055757 -0.088075 -0.113595
v -0.020565 -0.060661 -0.113595
v -0.015066 -0.064725 -0.113595
v -0.015187 -0.067846 -0.113595
v -0.022129 -0.097283 -0.113595
v -0.015969 -0.097283 -0.113595
v -0.009810 -0.097283 -0.113595
v -0.028288 -0.097283 -0.113595
v -0.034448 -0.097283 -0.113595
v -0.040607 -0.097283 -0.113595
v -0.047858 -0.097283 -0.113595
v -0.023693 0.010748 -0.113595
v -0.023693 0.013162 -0.113595
v -0.023483 0.013162 -0.113595
v -0.023483 0.011659 -0.113595
v -0.022911 0.013162 -0.113595
v -0.022911 0.012327 -0.113595
v -0.022129 0.013162 -0.113595
v -0.022129 0.012571 -0.113595
v -0.021347 0.013162 -0.113595
v -0.021347 0.012327 -0.113595
v -0.020774 0.013162 -0.113595
v -0.020774 0.011659 -0.113595
v -0.020565 0.013162 -0.113595
v -0.020565 0.010748 -0.113595
v -0.017533 0.010748 -0.113595
v -0.017533 0.013162 -0.113595
v -0.017324 0.013162 -0.113595
v -0.017324 0.011659 -0.113595
v -0.016751 0.013162 -0.113595
v -0.016751 0.012327 -0.113595
v -0.015969 0.013162 -0.113595
v -0.015969 0.012571 -0.113595
v -0.015187 0.013162 -0.113595
v -0.015187 0.012327 -0.113595
v -0.014615 0.013162 -0.113595
v -0.014615 0.011659 -0.113595
v -0.014405 0.013162 -0.113595
v -0.014405 0.010748 -0.113595
v -0.011373 0.010748 -0.113595
v -0.011373 0.013162 -0.113595
v -0.011164 0.013162 -0.113595
v -0.011164 0.011659 -0.113595
v -0.010592 0.013162 -0.113595
v -0.010592 0.012327 -0.113595
v -0.009810 0.013162 -0.113595
v -0.009810 0.012571 -0.113595
v -0.009028 0.013162 -0.113595
v -0.009028 0.012327 -0.113595
v -0.008455 0.013162 -0.113595
v -0.008455 0.011659 -0.113595
v -0.008246 0.013162 -0.113595
v -0.008246 0.010748 -0.113595
v -0.029852 0.010748 -0.113595
v -0.029852 0.013162 -0.113595
v -0.029643 0.013162 -0.113595
v -0.029643 0.011659 -0.113595
v -0.029070 0.013162 -0.113595
v -0.029070 0.012327 -0.113595
v -0.028288 0.013162 -0.113595
v -0.028288 0.012571 -0.113595
v -0.027506 0.013162 -0.113595
v -0.027506 0.012327 -0.113595
v -0.026934 0.013162 -0.113595
v -0.026934 0.011659 -0.113595
v -0.026724 0.013162 -0.113595
v -0.026724 0.010748 -0.113595
v -0.036012 0.010748 -0.113595
v -0.036012 0.013162 -0.113595
v -0.035802 0.013162 -0.113595
v -0.035802 0.011659 -0.113595
v -0.035230 0.013162 -0.113595
v -0.035230 0.012327 -0.113595
v -0.034448 0.013162 -0.113595
v -0.034448 0.012571 -0.113595
v -0.033666 0.013162 -0.113595
v -0.033666 0.012327 -0.113595
v -0.033094 0.013162 -0.113595
v -0.033094 0.011659 -0.113595
v -0.032884 0.013162 -0.113595
v -0.032884 0.010748 -0.113595
v -0.017533 -0.014578 -0.113595
v -0.017324 -0.015490 -0.113595
v -0.017392 -0.021989 -0.113595
v -0.017580 -0.023342 -0.113595
v -0.016751 -0.016157 -0.113595
v -0.016870 -0.020814 -0.113595
v -0.015969 -0.016401 -0.113595
v -0.016075 -0.019886 -0.113595
v -0.014615 -0.015490 -0.113595
v -0.014405 -0.014578 -0.113595
v -0.013416 -0.019060 -0.113595
v -0.013906 -0.019060 -0.113595
v -0.011374 -0.014578 -0.113595
v -0.011164 -0.015490 -0.113595
v -0.011164 -0.019060 -0.113595
v -0.011374 -0.019060 -0.113595
v -0.010592 -0.016157 -0.113595
v -0.010592 -0.019060 -0.113595
v -0.009810 -0.016401 -0.113595
v -0.009810 -0.019060 -0.113595
v -0.009028 -0.016157 -0.113595
v -0.008455 -0.015490 -0.113595
v -0.008455 -0.019060 -0.113595
v -0.009028 -0.019059 -0.113595
v -0.008246 -0.014578 -0.113595
v -0.008246 -0.019060 -0.113595
v -0.020565 -0.014578 -0.113595
v -0.042171 0.010748 -0.113595
v -0.042171 0.013162 -0.113595
v -0.041962 0.013162 -0.113595
v -0.041962 0.011659 -0.113595
v -0.041389 0.013162 -0.113595
v -0.041389 0.012327 -0.113595
v -0.040607 0.013162 -0.113595
v -0.040607 0.012571 -0.113595
v -0.039826 0.013162 -0.113595
v -0.039826 0.012327 -0.113595
v -0.039253 0.013162 -0.113595
v -0.039253 0.011659 -0.113595
v -0.039044 0.013162 -0.113595
v -0.039044 0.010748 -0.113595
v -0.048331 0.010748 -0.113595
v -0.048331 0.013162 -0.113595
v -0.048121 0.013162 -0.113595
v -0.048121 0.011659 -0.113595
v -0.047549 0.013162 -0.113595
v -0.047549 0.012327 -0.113595
v -0.046767 0.013162 -0.113595
v -0.046767 0.012571 -0.113595
v -0.045985 0.013162 -0.113595
v -0.045985 0.012327 -0.113595
v -0.045413 0.013162 -0.113595
v -0.045413 0.011659 -0.113595
v -0.045203 0.013162 -0.113595
v -0.045203 0.010748 -0.113595
v -0.054490 0.003308 -0.113595
v -0.055254 0.009331 -0.113595
v -0.054717 0.010649 -0.113595
v -0.054281 0.004219 -0.113595
v -0.053993 0.011842 -0.113595
v -0.053708 0.004887 -0.113595
v -0.053106 0.012876 -0.113595
v -0.052927 0.005131 -0.113595
v -0.052145 0.004887 -0.113595
v -0.051572 0.004219 -0.113595
v -0.049728 0.014737 -0.113595
v -0.051363 0.003308 -0.113595
v -0.020565 -0.023342 -0.113595
v -0.015187 -0.016157 -0.113595
v -0.015066 -0.019278 -0.113595
v 0.010233 -0.095513 -0.113595
v 0.010023 -0.095513 -0.113595
v 0.009451 -0.095513 -0.113595
v 0.008669 -0.095513 -0.113595
v 0.007887 -0.095513 -0.113595
v 0.007315 -0.095513 -0.113595
v 0.007105 -0.095513 -0.113595
v 0.007105 -0.093098 -0.113595
v 0.004073 -0.093098 -0.113595
v 0.004073 -0.095513 -0.113595
v 0.003864 -0.095513 -0.113595
v 0.003864 -0.094010 -0.113595
v 0.003291 -0.095513 -0.113595
v 0.003291 -0.094677 -0.113595
v 0.002509 -0.095513 -0.113595
v 0.002509 -0.094921 -0.113595
v 0.001727 -0.095513 -0.113595
v 0.001727 -0.094677 -0.113595
v 0.001155 -0.095513 -0.113595
v 0.001155 -0.094010 -0.113595
v 0.000946 -0.095513 -0.113595
v 0.000946 -0.093098 -0.113595
v -0.002086 -0.093098 -0.113595
v -0.002086 -0.095513 -0.113595
v -0.002296 -0.095513 -0.113595
v -0.002296 -0.094010 -0.113595
v -0.002868 -0.095513 -0.113595
v -0.002868 -0.094677 -0.113595
v -0.003650 -0.095513 -0.113595
v -0.003650 -0.094921 -0.113595
v -0.004432 -0.095513 -0.113595
v -0.004432 -0.094677 -0.113595
v -0.005005 -0.095513 -0.113595
v -0.005005 -0.094010 -0.113595
v -0.005214 -0.095513 -0.113595
v -0.005214 -0.093098 -0.113595
v 0.016392 -0.095513 -0.113595
v 0.016183 -0.095513 -0.113595
v 0.015610 -0.095513 -0.113595
v 0.014829 -0.095513 -0.113595
v 0.014047 -0.095513 -0.113595
v 0.013474 -0.095513 -0.113595
v 0.013265 -0.095513 -0.113595
v 0.022552 -0.095513 -0.113595
v 0.022342 -0.095513 -0.113595
v 0.021770 -0.095513 -0.113595
v 0.020988 -0.095513 -0.113595
v 0.020206 -0.095513 -0.113595
v 0.019634 -0.095513 -0.113595
v 0.019424 -0.095513 -0.113595
v 0.004073 -0.069425 -0.113595
v 0.003864 -0.068513 -0.113595
v 0.003932 -0.062014 -0.113595
v 0.004120 -0.060661 -0.113595
v 0.003291 -0.067846 -0.113595
v 0.003410 -0.063189 -0.113595
v 0.002509 -0.067602 -0.113595
v 0.002615 -0.064117 -0.113595
v 0.001155 -0.068513 -0.113595
v 0.000946 -0.069425 -0.113595
v -0.000043 -0.064944 -0.113595
v 0.000446 -0.064944 -0.113595
v -0.002086 -0.069425 -0.113595
v -0.002296 -0.068513 -0.113595
v -0.002296 -0.064944 -0.113595
v -0.002086 -0.064944 -0.113595
v -0.002868 -0.067846 -0.113595
v -0.002868 -0.064944 -0.113595
v -0.003650 -0.067602 -0.113595
v -0.003650 -0.064944 -0.113595
v -0.004432 -0.067846 -0.113595
v -0.005005 -0.068513 -0.113595
v -0.005005 -0.064944 -0.113595
v -0.004432 -0.064944 -0.113595
v -0.005214 -0.069425 -0.113595
v -0.005214 -0.064944 -0.113595
v 0.007105 -0.069425 -0.113595
v 0.028711 -0.095513 -0.113595
v 0.028502 -0.095513 -0.113595
v 0.027930 -0.095513 -0.113595
v 0.027148 -0.095513 -0.113595
v 0.026366 -0.095513 -0.113595
v 0.025793 -0.095513 -0.113595
v 0.025584 -0.095513 -0.113595
v 0.034871 -0.095513 -0.113595
v 0.034662 -0.095513 -0.113595
v 0.034089 -0.095513 -0.113595
v 0.033307 -0.095513 -0.113595
v 0.032525 -0.095513 -0.113595
v 0.031953 -0.095513 -0.113595
v 0.031743 -0.095513 -0.113595
v 0.041794 -0.091682 -0.113595
v 0.041257 -0.093000 -0.113595
v 0.007105 -0.060661 -0.113595
v 0.001727 -0.067846 -0.113595
v 0.001607 -0.064725 -0.113595
v 0.008669 -0.097283 -0.113595
v 0.002509 -0.097283 -0.113595
v -0.003650 -0.097283 -0.113595
v 0.014829 -0.097283 -0.113595
v 0.020988 -0.097283 -0.113595
v 0.027148 -0.097283 -0.113595
v 0.034398 -0.097283 -0.113595
v 0.010233 0.010748 -0.113595
v 0.010023 0.011659 -0.113595
v 0.010023 0.013162 -0.113595
v 0.010233 0.013162 -0.113595
v 0.009451 0.012327 -0.113595
v 0.009451 0.013162 -0.113595
v 0.008669 0.012571 -0.113595
v 0.008669 0.013162 -0.113595
v 0.007887 0.012327 -0.113595
v 0.007887 0.013162 -0.113595
v 0.007315 0.011659 -0.113595
v 0.007315 0.013162 -0.113595
v 0.007105 0.010748 -0.113595
v 0.007105 0.013162 -0.113595
v 0.004073 0.010748 -0.113595
v 0.003864 0.011659 -0.113595
v 0.003864 0.013162 -0.113595
v 0.004073 0.013162 -0.113595
v 0.003291 0.012327 -0.113595
v 0.003291 0.013162 -0.113595
v 0.002509 0.012571 -0.113595
v 0.002509 0.013162 -0.113595
v 0.001727 0.012327 -0.113595
v 0.001727 0.013162 -0.113595
v 0.001155 0.011659 -0.113595
v 0.001155 0.013162 -0.113595
v 0.000946 0.010748 -0.113595
v 0.000946 0.013162 -0.113595
v -0.002086 0.010748 -0.113595
v -0.002296 0.011659 -0.113595
v -0.002296 0.013162 -0.113595
v -0.002086 0.013162 -0.113595
v -0.002868 0.012327 -0.113595
v -0.002868 0.013162 -0.113595
v -0.003650 0.012571 -0.113595
v -0.003650 0.013162 -0.113595
v -0.004432 0.012327 -0.113595
v -0.004432 0.013162 -0.113595
v -0.005005 0.011659 -0.113595
v -0.005004 0.013162 -0.113595
v -0.005214 0.010748 -0.113595
v -0.005214 0.013162 -0.113595
v 0.016392 0.010748 -0.113595
v 0.016183 0.011659 -0.113595
v 0.016183 0.013162 -0.113595
v 0.016392 0.013162 -0.113595
v 0.015610 0.012327 -0.113595
v 0.015610 0.013162 -0.113595
v 0.014829 0.012571 -0.113595
v 0.014829 0.013162 -0.113595
v 0.014047 0.012327 -0.113595
v 0.014047 0.013162 -0.113595
v 0.013474 0.011659 -0.113595
v 0.013474 0.013162 -0.113595
v 0.013265 0.010748 -0.113595
v 0.013265 0.013162 -0.113595
v 0.022552 0.010748 -0.113595
v 0.022342 0.011659 -0.113595
v 0.022342 0.013162 -0.113595
v 0.022552 0.013162 -0.113595
v 0.021770 0.012327 -0.113595
v 0.021770 0.013162 -0.113595
v 0.020988 0.012571 -0.113595
v 0.020988 0.013162 -0.113595
v 0.020206 0.012327 -0.113595
v 0.020206 0.013162 -0.113595
v 0.019634 0.011659 -0.113595
v 0.019634 0.013162 -0.113595
v 0.019424 0.010748 -0.113595
v 0.019424 0.013162 -0.113595
v 0.004073 -0.014578 -0.113595
v 0.004120 -0.023342 -0.113595
v 0.003932 -0.021989 -0.113595
v 0.003864 -0.015490 -0.113595
v 0.003410 -0.020814 -0.113595
v 0.003291 -0.016157 -0.113595
v 0.002615 -0.019886 -0.113595
v 0.002509 -0.016401 -0.113595
v 0.001155 -0.015490 -0.113595
v 0.000446 -0.019060 -0.113595
v -0.000044 -0.019060 -0.113595
v 0.000946 -0.014578 -0.113595
v -0.002086 -0.014578 -0.113595
v -0.002086 -0.019060 -0.113595
v -0.002296 -0.019060 -0.113595
v -0.002296 -0.015490 -0.113595
v -0.002868 -0.019059 -0.113595
v -0.002868 -0.016157 -0.113595
v -0.003650 -0.019060 -0.113595
v -0.003650 -0.016401 -0.113595
v -0.004432 -0.016157 -0.113595
v -0.004432 -0.019059 -0.113595
v -0.005005 -0.019060 -0.113595
v -0.005005 -0.015490 -0.113595
v -0.005214 -0.019060 -0.113595
v -0.005214 -0.014578 -0.113595
v 0.007105 -0.014578 -0.113595
v 0.028712 0.010748 -0.113595
v 0.028502 0.011659 -0.113595
v 0.028502 0.013162 -0.113595
v 0.028712 0.013162 -0.113595
v 0.027930 0.012327 -0.113595
v 0.027930 0.013162 -0.113595
v 0.027148 0.012571 -0.113595
v 0.027148 0.013162 -0.113595
v 0.026366 0.012327 -0.113595
v 0.026366 0.013162 -0.113595
v 0.025793 0.011659 -0.113595
v 0.025793 0.013162 -0.113595
v 0.025584 0.010748 -0.113595
v 0.025584 0.013162 -0.113595
v 0.034871 0.010748 -0.113595
v 0.034662 0.011659 -0.113595
v 0.034662 0.013162 -0.113595
v 0.034871 0.013162 -0.113595
v 0.034089 0.012327 -0.113595
v 0.034089 0.013162 -0.113595
v 0.033307 0.012571 -0.113595
v 0.033307 0.013162 -0.113595
v 0.032525 0.012327 -0.113595
v 0.032525 0.013162 -0.113595
v 0.031953 0.011659 -0.113595
v 0.031953 0.013162 -0.113595
v 0.031743 0.010748 -0.113595
v 0.031743 0.013162 -0.113595
v 0.041031 0.003308 -0.113595
v 0.040821 0.004219 -0.113595
v 0.040249 0.004887 -0.113595
v 0.040533 0.011842 -0.113595
v 0.039467 0.005131 -0.113595
v 0.038685 0.004887 -0.113595
v 0.042297 0.005724 -0.113595
v 0.007105 -0.023342 -0.113595
v 0.001607 -0.019278 -0.113595
v 0.001727 -0.016157 -0.113595
v -0.055589 -0.090255 -0.113595
v 0.042130 -0.090255 -0.113595
v 0.042130 0.007904 -0.113595
v -0.055589 0.007905 -0.113595
v 0.042297 -0.084724 -0.113595
v 0.042297 0.002373 -0.113595
v -0.055757 0.002373 -0.113595
v -0.055757 -0.084724 -0.113595
v -0.054490 0.002373 -0.113595
v -0.054490 -0.084724 -0.113595
v 0.041031 -0.084724 -0.113595
v 0.010233 -0.093098 -0.113595
v 0.010023 -0.094010 -0.113595
v 0.009451 -0.094677 -0.113595
v 0.008669 -0.094921 -0.113595
v 0.007887 -0.094677 -0.113595
v 0.007315 -0.094010 -0.113595
v 0.016392 -0.093098 -0.113595
v 0.016183 -0.094010 -0.113595
v 0.015610 -0.094677 -0.113595
v 0.014829 -0.094921 -0.113595
v 0.014047 -0.094677 -0.113595
v 0.013474 -0.094010 -0.113595
v 0.013265 -0.093098 -0.113595
v 0.022552 -0.093098 -0.113595
v 0.022342 -0.094010 -0.113595
v 0.021770 -0.094677 -0.113595
v 0.020988 -0.094921 -0.113595
v 0.020206 -0.094677 -0.113595
v 0.019634 -0.094010 -0.113595
v 0.019424 -0.093098 -0.113595
v 0.028711 -0.093098 -0.113595
v 0.028502 -0.094010 -0.113595
v 0.027930 -0.094677 -0.113595
v 0.027148 -0.094921 -0.113595
v 0.026366 -0.094677 -0.113595
v 0.025793 -0.094010 -0.113595
v 0.025584 -0.093098 -0.113595
v 0.034871 -0.093098 -0.113595
v 0.034662 -0.094010 -0.113595
v 0.034089 -0.094677 -0.113595
v 0.033307 -0.094921 -0.113595
v 0.032525 -0.094677 -0.113595
v 0.031953 -0.094010 -0.113595
v 0.031743 -0.093098 -0.113595
v 0.041031 -0.085658 -0.113595
v 0.040821 -0.086570 -0.113595
v 0.040249 -0.087237 -0.113595
v 0.039467 -0.087481 -0.113595
v 0.038685 -0.087237 -0.113595
v 0.038112 -0.086570 -0.113595
v 0.037903 -0.085658 -0.113595
v 0.038112 0.004219 -0.113595
v 0.037903 0.003308 -0.113595
v 0.041031 0.002373 -0.113595
vn -1.0000 -0.0011 -0.0000
vn -0.9969 -0.0792 -0.0000
vn 0.0001 1.0000 -0.0000
vn 0.9969 -0.0791 -0.0000
vn 1.0000 -0.0011 -0.0000
vn -0.9509 -0.3094 -0.0000
vn -0.8088 -0.5881 -0.0000
vn -0.5876 -0.8092 -0.0000
vn -0.3089 -0.9511 -0.0000
vn -0.0784 -0.9969 -0.0000
vn 0.0786 -0.9969 -0.0000
vn 0.3098 -0.9508 -0.0000
vn 0.5884 -0.8086 -0.0000
vn 0.8090 -0.5878 -0.0000
vn 0.9510 -0.3091 -0.0000
vn 1.0000 -0.0000 -0.0000
vn 0.9973 0.0732 -0.0000
vn -0.0001 -1.0000 -0.0000
vn -0.9973 0.0731 -0.0000
vn -1.0000 -0.0000 -0.0000
vn 0.9526 0.3042 -0.0000
vn 0.8088 0.5881 -0.0000
vn 0.5876 0.8092 -0.0000
vn 0.3036 0.9528 -0.0000
vn 0.0729 0.9973 -0.0000
vn -0.0730 0.9973 -0.0000
vn -0.3046 0.9525 -0.0000
vn -0.5884 0.8086 -0.0000
vn -0.8090 0.5878 -0.0000
vn -0.9527 0.3039 -0.0000
vn -0.0000 -0.0000 1.0000
vn -0.0000 -0.0000 -1.0000
vn 0.0001 -0.0000 1.0000
vn 0.0001 -0.0000 -1.0000
vn -0.0001 -0.0000 -1.0000
vn 0.8927 0.4506 -0.0000
vn 0.9936 0.1127 -0.0000
vn 0.5499 0.8352 -0.0000
vn -0.0000 1.0000 -0.0000
vn -0.5499 0.8352 -0.0000
vn -0.8927 0.4506 -0.0000
vn -0.9936 0.1127 -0.0000
vn 0.9936 0.1128 -0.0000
vn 0.9617 0.2742 -0.0000
vn 0.9976 0.0688 -0.0000
vn 0.9936 -0.1127 -0.0000
vn 0.8927 -0.4506 -0.0000
vn 0.8454 0.5341 -0.0000
vn 0.5499 -0.8352 -0.0000
vn 0.6460 0.7634 -0.0000
vn -0.0000 -1.0000 -0.0000
vn -0.8927 -0.4506 -0.0000
vn -0.9936 -0.1127 -0.0000
vn -0.0001 1.0000 -0.0000
vn 0.0929 0.9957 -0.0000
vn -0.5499 -0.8352 -0.0000
vn 0.5500 0.8352 -0.0000
vn 0.8927 0.4507 -0.0000
vn -0.8927 0.4507 -0.0000
vn 0.3566 0.9343 -0.0000
vn -0.8927 -0.4507 -0.0000
vn 0.9976 -0.0688 -0.0000
vn 0.9617 -0.2742 -0.0000
vn 0.8454 -0.5341 -0.0000
vn 0.6460 -0.7634 -0.0000
vn 0.0930 -0.9957 -0.0000
vn -0.0000 -1.0000 -0.0001
vn 0.3565 -0.9343 -0.0000
vn -0.9936 0.1128 -0.0000
vn -0.9976 0.0688 -0.0000
vn -0.9617 0.2742 -0.0000
vn -0.8454 0.5341 -0.0000
vn -0.6460 0.7634 -0.0000
vn -0.0929 0.9957 -0.0000
vn -0.5500 0.8352 -0.0000
vn -0.3566 0.9343 -0.0000
vn -0.9617 -0.2742 -0.0000
vn -0.9976 -0.0688 -0.0000
vn -0.8454 -0.5341 -0.0000
vn -0.6460 -0.7634 -0.0000
vn -0.0930 -0.9957 -0.0000
vn 0.0001 -1.0000 -0.0000
vn 1.0000 -0.0000 0.0001
vn -0.3565 -0.9343 -0.0000
vt 0.038032 0.431399
vt 0.038284 0.442272
vt 0.038032 0.442272
vt 0.038032 0.418115
vt 0.038284 0.431399
vt 0.038032 0.428527
vt 0.037780 0.418115
vt 0.038284 0.443533
vt 0.038032 0.443533
vt 0.038032 0.444618
vt 0.038284 0.444618
vt 0.036360 0.443849
vt 0.036108 0.442978
vt 0.036360 0.442978
vt 0.036108 0.441886
vt 0.036360 0.441886
vt 0.036108 0.440622
vt 0.036360 0.440622
vt 0.036108 0.435283
vt 0.036360 0.435283
vt 0.036108 0.434024
vt 0.036360 0.434024
vt 0.036108 0.432946
vt 0.036360 0.432946
vt 0.038032 0.432061
vt 0.037780 0.430989
vt 0.038032 0.430989
vt 0.037780 0.429791
vt 0.038032 0.429791
vt 0.037780 0.428527
vt 0.035958 0.432946
vt 0.035706 0.442462
vt 0.035706 0.432946
vt 0.036360 0.443834
vt 0.036613 0.432946
vt 0.036613 0.443834
vt 0.035706 0.434686
vt 0.035453 0.444621
vt 0.035453 0.434686
vt 0.035958 0.442462
vt 0.035706 0.443365
vt 0.035958 0.443976
vt 0.035706 0.443976
vt 0.037015 0.442775
vt 0.036763 0.442178
vt 0.037015 0.442178
vt 0.036763 0.441424
vt 0.037015 0.441424
vt 0.036763 0.440437
vt 0.037015 0.440437
vt 0.037015 0.435284
vt 0.036763 0.435284
vt 0.037015 0.434298
vt 0.036763 0.433544
vt 0.037015 0.433544
vt 0.036763 0.432946
vt 0.037015 0.432946
vt 0.035453 0.433700
vt 0.035453 0.432946
vt 0.035706 0.433700
vt 0.011224 0.422074
vt 0.012410 0.432106
vt 0.011212 0.432946
vt 0.037767 0.422074
vt 0.036582 0.432106
vt 0.036582 0.422168
vt 0.024496 0.432945
vt 0.023298 0.432104
vt 0.037780 0.432946
vt 0.024484 0.422076
vt 0.023298 0.422170
vt 0.024507 0.422076
vt 0.025693 0.432104
vt 0.012556 0.421181
vt 0.012410 0.422168
vt 0.036436 0.421181
vt 0.037567 0.420813
vt 0.011978 0.419728
vt 0.011424 0.420813
vt 0.037014 0.419728
vt 0.036052 0.420428
vt 0.013537 0.419830
vt 0.012940 0.420428
vt 0.035454 0.419830
vt 0.036153 0.418868
vt 0.013924 0.418315
vt 0.012838 0.418868
vt 0.035068 0.418315
vt 0.034700 0.419447
vt 0.015185 0.418115
vt 0.014291 0.419447
vt 0.033806 0.418115
vt 0.033713 0.419301
vt 0.020431 0.419302
vt 0.015278 0.419301
vt 0.028560 0.419302
vt 0.028467 0.418116
vt 0.020525 0.418116
vt 0.021417 0.419447
vt 0.027574 0.419447
vt 0.027206 0.418316
vt 0.022871 0.418870
vt 0.021786 0.418316
vt 0.026121 0.418870
vt 0.026820 0.419832
vt 0.022769 0.420430
vt 0.022171 0.419832
vt 0.026222 0.420430
vt 0.025260 0.419731
vt 0.024284 0.420816
vt 0.023731 0.419731
vt 0.024707 0.420816
vt 0.025839 0.421184
vt 0.023153 0.421184
vt 0.025693 0.422170
vt 0.026799 0.433448
vt 0.026799 0.433158
vt 0.026824 0.433158
vt 0.026824 0.433338
vt 0.026892 0.433158
vt 0.026892 0.433258
vt 0.026986 0.433158
vt 0.026986 0.433229
vt 0.027080 0.433158
vt 0.027080 0.433258
vt 0.027148 0.433158
vt 0.027148 0.433338
vt 0.027173 0.433158
vt 0.027173 0.433448
vt 0.027537 0.433448
vt 0.027537 0.433158
vt 0.027562 0.433158
vt 0.027562 0.433338
vt 0.027630 0.433158
vt 0.027630 0.433258
vt 0.027724 0.433158
vt 0.027724 0.433229
vt 0.027818 0.433158
vt 0.027818 0.433258
vt 0.027886 0.433158
vt 0.027886 0.433338
vt 0.027911 0.433158
vt 0.027911 0.433448
vt 0.028274 0.433448
vt 0.028274 0.433158
vt 0.028300 0.433158
vt 0.028300 0.433338
vt 0.028368 0.433158
vt 0.028368 0.433258
vt 0.028462 0.433158
vt 0.028462 0.433229
vt 0.028556 0.433158
vt 0.028556 0.433258
vt 0.028624 0.433158
vt 0.028624 0.433338
vt 0.028649 0.433158
vt 0.028649 0.433448
vt 0.026061 0.433448
vt 0.026061 0.433158
vt 0.026086 0.433158
vt 0.026086 0.433338
vt 0.026155 0.433158
vt 0.026155 0.433258
vt 0.026248 0.433158
vt 0.026248 0.433229
vt 0.026342 0.433158
vt 0.026342 0.433258
vt 0.026410 0.433158
vt 0.026410 0.433338
vt 0.026436 0.433158
vt 0.026436 0.433448
vt 0.025323 0.433448
vt 0.025323 0.433158
vt 0.025348 0.433158
vt 0.025348 0.433338
vt 0.025417 0.433158
vt 0.025417 0.433258
vt 0.025510 0.433158
vt 0.025510 0.433229
vt 0.025604 0.433158
vt 0.025604 0.433258
vt 0.025673 0.433158
vt 0.025673 0.433338
vt 0.025698 0.433158
vt 0.025698 0.433448
vt 0.027562 0.436393
vt 0.027554 0.437171
vt 0.027531 0.437333
vt 0.027630 0.436473
vt 0.027616 0.437030
vt 0.027724 0.436502
vt 0.027711 0.436919
vt 0.027886 0.436393
vt 0.027911 0.436283
vt 0.028030 0.436820
vt 0.027971 0.436820
vt 0.028300 0.436393
vt 0.028300 0.436820
vt 0.028274 0.436820
vt 0.028274 0.436283
vt 0.028368 0.436473
vt 0.028368 0.436820
vt 0.028462 0.436502
vt 0.028462 0.436820
vt 0.028556 0.436473
vt 0.028624 0.436393
vt 0.028624 0.436820
vt 0.028556 0.436820
vt 0.028649 0.436283
vt 0.028649 0.436820
vt 0.029012 0.433448
vt 0.029012 0.436283
vt 0.027537 0.436283
vt 0.027173 0.436283
vt 0.024585 0.433448
vt 0.024585 0.433158
vt 0.024610 0.433158
vt 0.024610 0.433338
vt 0.024679 0.433158
vt 0.024679 0.433258
vt 0.024773 0.433158
vt 0.024773 0.433229
vt 0.024866 0.433158
vt 0.024866 0.433258
vt 0.024935 0.433158
vt 0.024935 0.433338
vt 0.024960 0.433158
vt 0.024960 0.433448
vt 0.023847 0.433448
vt 0.023847 0.433158
vt 0.023872 0.433158
vt 0.023872 0.433338
vt 0.023941 0.433158
vt 0.023941 0.433258
vt 0.024035 0.433158
vt 0.024035 0.433229
vt 0.024128 0.433158
vt 0.024128 0.433258
vt 0.024197 0.433158
vt 0.024197 0.433338
vt 0.024222 0.433158
vt 0.024222 0.433448
vt 0.023110 0.434339
vt 0.023018 0.433617
vt 0.023082 0.433459
vt 0.023135 0.434230
vt 0.023169 0.433316
vt 0.023203 0.434150
vt 0.023275 0.433193
vt 0.023297 0.434120
vt 0.023398 0.433092
vt 0.023391 0.434150
vt 0.023533 0.433017
vt 0.023459 0.434230
vt 0.023680 0.432970
vt 0.023484 0.434339
vt 0.022958 0.434049
vt 0.022978 0.433788
vt 0.027173 0.437333
vt 0.023847 0.445887
vt 0.027818 0.436473
vt 0.027832 0.436846
vt 0.029012 0.433158
vt 0.026986 0.432946
vt 0.027724 0.432946
vt 0.028462 0.432946
vt 0.026248 0.432946
vt 0.025510 0.432946
vt 0.024773 0.432946
vt 0.023904 0.432946
vt 0.026799 0.445887
vt 0.029012 0.436820
vt 0.029200 0.432946
vt 0.026824 0.445996
vt 0.026824 0.446177
vt 0.026892 0.446076
vt 0.026892 0.446177
vt 0.026986 0.446106
vt 0.026986 0.446177
vt 0.027080 0.446076
vt 0.027080 0.446177
vt 0.027148 0.445996
vt 0.027148 0.446177
vt 0.027173 0.445887
vt 0.027173 0.446177
vt 0.027537 0.445887
vt 0.027562 0.445996
vt 0.027562 0.446177
vt 0.027630 0.446076
vt 0.027630 0.446177
vt 0.027724 0.446106
vt 0.027724 0.446177
vt 0.027818 0.446076
vt 0.027818 0.446177
vt 0.027886 0.445996
vt 0.027886 0.446177
vt 0.027911 0.445887
vt 0.027911 0.446177
vt 0.027537 0.446177
vt 0.028274 0.445887
vt 0.028300 0.445996
vt 0.028300 0.446177
vt 0.028368 0.446076
vt 0.028368 0.446177
vt 0.028462 0.446106
vt 0.028462 0.446177
vt 0.028556 0.446076
vt 0.028556 0.446177
vt 0.028624 0.445996
vt 0.028624 0.446177
vt 0.028649 0.445887
vt 0.028649 0.446177
vt 0.028274 0.446177
vt 0.026061 0.445887
vt 0.026086 0.445996
vt 0.026086 0.446177
vt 0.026155 0.446076
vt 0.026155 0.446177
vt 0.026248 0.446106
vt 0.026248 0.446177
vt 0.026342 0.446076
vt 0.026342 0.446177
vt 0.026410 0.445996
vt 0.026410 0.446177
vt 0.026436 0.445887
vt 0.026436 0.446177
vt 0.026799 0.446177
vt 0.025323 0.445887
vt 0.025348 0.445996
vt 0.025348 0.446177
vt 0.025417 0.446076
vt 0.025417 0.446177
vt 0.025510 0.446106
vt 0.025510 0.446177
vt 0.025604 0.446076
vt 0.025604 0.446177
vt 0.025673 0.445996
vt 0.025673 0.446177
vt 0.025698 0.445887
vt 0.025698 0.446177
vt 0.026061 0.446177
vt 0.027562 0.442744
vt 0.027537 0.442853
vt 0.027531 0.441804
vt 0.027554 0.441966
vt 0.027630 0.442664
vt 0.027724 0.442635
vt 0.027616 0.442106
vt 0.027886 0.442744
vt 0.027971 0.442317
vt 0.028030 0.442317
vt 0.027911 0.442853
vt 0.028274 0.442853
vt 0.028300 0.442744
vt 0.028274 0.442317
vt 0.028300 0.442317
vt 0.028368 0.442317
vt 0.028368 0.442664
vt 0.028462 0.442317
vt 0.028462 0.442635
vt 0.028556 0.442664
vt 0.028556 0.442317
vt 0.028624 0.442317
vt 0.028624 0.442744
vt 0.028649 0.442317
vt 0.028649 0.442853
vt 0.027173 0.442853
vt 0.024585 0.445887
vt 0.024610 0.445996
vt 0.024610 0.446177
vt 0.024679 0.446076
vt 0.024679 0.446177
vt 0.024773 0.446106
vt 0.024773 0.446177
vt 0.024866 0.446076
vt 0.024866 0.446177
vt 0.024935 0.445996
vt 0.024935 0.446177
vt 0.024960 0.445887
vt 0.024960 0.446177
vt 0.025323 0.446177
vt 0.023872 0.445996
vt 0.023872 0.446177
vt 0.023941 0.446076
vt 0.023941 0.446177
vt 0.024035 0.446106
vt 0.024035 0.446177
vt 0.024128 0.446076
vt 0.024128 0.446177
vt 0.024197 0.445996
vt 0.024197 0.446177
vt 0.024222 0.445887
vt 0.024222 0.446177
vt 0.024585 0.446177
vt 0.023110 0.444996
vt 0.023135 0.445105
vt 0.023082 0.445875
vt 0.023203 0.445185
vt 0.023169 0.446018
vt 0.023297 0.445214
vt 0.023275 0.446142
vt 0.023391 0.445185
vt 0.023398 0.446243
vt 0.023459 0.445105
vt 0.023533 0.446318
vt 0.023484 0.444996
vt 0.023680 0.446365
vt 0.023847 0.446177
vt 0.023018 0.445718
vt 0.022978 0.445547
vt 0.027173 0.441804
vt 0.022958 0.444884
vt 0.023110 0.444884
vt 0.027711 0.442218
vt 0.027832 0.442290
vt 0.027818 0.442664
vt 0.029012 0.445887
vt 0.029012 0.446177
vt 0.026986 0.446389
vt 0.027724 0.446389
vt 0.028462 0.446389
vt 0.026248 0.446389
vt 0.025510 0.446389
vt 0.024773 0.446389
vt 0.023904 0.446389
vt 0.029012 0.442317
vt 0.029012 0.442853
vt 0.029200 0.446389
vt 0.030863 0.433448
vt 0.030838 0.433338
vt 0.030838 0.433158
vt 0.030769 0.433258
vt 0.030769 0.433158
vt 0.030675 0.433229
vt 0.030675 0.433158
vt 0.030582 0.433258
vt 0.030582 0.433158
vt 0.030513 0.433338
vt 0.030513 0.433158
vt 0.030488 0.433448
vt 0.030488 0.433158
vt 0.030125 0.433448
vt 0.030100 0.433338
vt 0.030100 0.433158
vt 0.030031 0.433258
vt 0.030031 0.433158
vt 0.029937 0.433229
vt 0.029937 0.433158
vt 0.029844 0.433258
vt 0.029844 0.433158
vt 0.029775 0.433338
vt 0.029775 0.433158
vt 0.029750 0.433448
vt 0.029750 0.433158
vt 0.030125 0.433158
vt 0.029387 0.433448
vt 0.029362 0.433338
vt 0.029362 0.433158
vt 0.029293 0.433258
vt 0.029293 0.433158
vt 0.029200 0.433229
vt 0.029200 0.433158
vt 0.029106 0.433258
vt 0.029106 0.433158
vt 0.029037 0.433338
vt 0.029037 0.433158
vt 0.029387 0.433158
vt 0.031600 0.433448
vt 0.031575 0.433338
vt 0.031575 0.433158
vt 0.031507 0.433258
vt 0.031507 0.433158
vt 0.031413 0.433229
vt 0.031413 0.433158
vt 0.031320 0.433258
vt 0.031320 0.433158
vt 0.031251 0.433338
vt 0.031251 0.433158
vt 0.031226 0.433448
vt 0.031226 0.433158
vt 0.030863 0.433158
vt 0.032338 0.433448
vt 0.032313 0.433338
vt 0.032313 0.433158
vt 0.032245 0.433258
vt 0.032245 0.433158
vt 0.032151 0.433229
vt 0.032151 0.433158
vt 0.032057 0.433258
vt 0.032057 0.433158
vt 0.031989 0.433338
vt 0.031989 0.433158
vt 0.031964 0.433448
vt 0.031964 0.433158
vt 0.031600 0.433158
vt 0.030100 0.436393
vt 0.030125 0.436283
vt 0.030130 0.437333
vt 0.030108 0.437171
vt 0.030031 0.436473
vt 0.029937 0.436502
vt 0.030045 0.437030
vt 0.029775 0.436393
vt 0.029690 0.436820
vt 0.029632 0.436820
vt 0.029750 0.436283
vt 0.029387 0.436283
vt 0.029362 0.436393
vt 0.029387 0.436820
vt 0.029362 0.436820
vt 0.029293 0.436820
vt 0.029293 0.436473
vt 0.029200 0.436820
vt 0.029200 0.436502
vt 0.029106 0.436473
vt 0.029106 0.436820
vt 0.029037 0.436820
vt 0.029037 0.436393
vt 0.030488 0.436283
vt 0.033076 0.433448
vt 0.033051 0.433338
vt 0.033051 0.433158
vt 0.032983 0.433258
vt 0.032983 0.433158
vt 0.032889 0.433229
vt 0.032889 0.433158
vt 0.032795 0.433258
vt 0.032795 0.433158
vt 0.032727 0.433338
vt 0.032727 0.433158
vt 0.032702 0.433448
vt 0.032702 0.433158
vt 0.032338 0.433158
vt 0.033814 0.433448
vt 0.033789 0.433338
vt 0.033789 0.433158
vt 0.033720 0.433258
vt 0.033720 0.433158
vt 0.033627 0.433229
vt 0.033627 0.433158
vt 0.033533 0.433258
vt 0.033533 0.433158
vt 0.033465 0.433338
vt 0.033464 0.433158
vt 0.033439 0.433448
vt 0.033439 0.433158
vt 0.033076 0.433158
vt 0.034552 0.434339
vt 0.034527 0.434230
vt 0.034579 0.433459
vt 0.034458 0.434150
vt 0.034492 0.433317
vt 0.034365 0.434120
vt 0.034386 0.433193
vt 0.034271 0.434150
vt 0.034264 0.433092
vt 0.034202 0.434230
vt 0.034128 0.433017
vt 0.034177 0.434339
vt 0.033981 0.432970
vt 0.033814 0.433158
vt 0.034643 0.433617
vt 0.034684 0.433788
vt 0.030488 0.437333
vt 0.034177 0.444996
vt 0.033814 0.445887
vt 0.029950 0.436919
vt 0.029829 0.436846
vt 0.029844 0.436473
vt 0.030675 0.432946
vt 0.029937 0.432946
vt 0.031413 0.432946
vt 0.032151 0.432946
vt 0.032889 0.432946
vt 0.033757 0.432946
vt 0.031226 0.445887
vt 0.030863 0.445887
vt 0.030863 0.446177
vt 0.030838 0.446177
vt 0.030838 0.445996
vt 0.030769 0.446177
vt 0.030769 0.446076
vt 0.030675 0.446177
vt 0.030675 0.446106
vt 0.030582 0.446177
vt 0.030582 0.446076
vt 0.030513 0.446177
vt 0.030513 0.445996
vt 0.030488 0.446177
vt 0.030488 0.445887
vt 0.030125 0.445887
vt 0.030125 0.446177
vt 0.030100 0.446177
vt 0.030100 0.445996
vt 0.030031 0.446177
vt 0.030031 0.446076
vt 0.029937 0.446177
vt 0.029937 0.446106
vt 0.029844 0.446177
vt 0.029844 0.446076
vt 0.029775 0.446177
vt 0.029775 0.445996
vt 0.029750 0.446177
vt 0.029750 0.445887
vt 0.029387 0.445887
vt 0.029387 0.446177
vt 0.029362 0.446177
vt 0.029362 0.445996
vt 0.029293 0.446177
vt 0.029293 0.446076
vt 0.029200 0.446177
vt 0.029200 0.446106
vt 0.029106 0.446177
vt 0.029106 0.446076
vt 0.029037 0.446177
vt 0.029037 0.445996
vt 0.031600 0.445887
vt 0.031600 0.446177
vt 0.031575 0.446177
vt 0.031575 0.445996
vt 0.031507 0.446177
vt 0.031507 0.446076
vt 0.031413 0.446177
vt 0.031413 0.446106
vt 0.031320 0.446177
vt 0.031320 0.446076
vt 0.031251 0.446177
vt 0.031251 0.445996
vt 0.031226 0.446177
vt 0.032338 0.445887
vt 0.032338 0.446177
vt 0.032313 0.446177
vt 0.032313 0.445996
vt 0.032245 0.446177
vt 0.032245 0.446076
vt 0.032151 0.446177
vt 0.032151 0.446106
vt 0.032057 0.446177
vt 0.032057 0.446076
vt 0.031989 0.446177
vt 0.031989 0.445996
vt 0.031964 0.446177
vt 0.031964 0.445887
vt 0.030100 0.442744
vt 0.030108 0.441966
vt 0.030130 0.441804
vt 0.030031 0.442664
vt 0.030045 0.442106
vt 0.029937 0.442635
vt 0.029950 0.442218
vt 0.029775 0.442744
vt 0.029750 0.442853
vt 0.029632 0.442317
vt 0.029690 0.442317
vt 0.029362 0.442744
vt 0.029362 0.442317
vt 0.029387 0.442317
vt 0.029387 0.442853
vt 0.029293 0.442664
vt 0.029293 0.442317
vt 0.029200 0.442635
vt 0.029200 0.442317
vt 0.029106 0.442664
vt 0.029037 0.442744
vt 0.029037 0.442317
vt 0.029106 0.442317
vt 0.030125 0.442853
vt 0.030488 0.442853
vt 0.033076 0.445887
vt 0.033076 0.446177
vt 0.033051 0.446177
vt 0.033051 0.445996
vt 0.032983 0.446177
vt 0.032983 0.446076
vt 0.032889 0.446177
vt 0.032889 0.446106
vt 0.032795 0.446177
vt 0.032795 0.446076
vt 0.032727 0.446177
vt 0.032727 0.445996
vt 0.032702 0.446177
vt 0.032702 0.445887
vt 0.033814 0.446177
vt 0.033789 0.446177
vt 0.033789 0.445996
vt 0.033720 0.446177
vt 0.033720 0.446076
vt 0.033627 0.446177
vt 0.033627 0.446106
vt 0.033533 0.446177
vt 0.033533 0.446076
vt 0.033464 0.446177
vt 0.033465 0.445996
vt 0.033439 0.446177
vt 0.033439 0.445887
vt 0.034552 0.444996
vt 0.034643 0.445718
vt 0.034579 0.445876
vt 0.034527 0.445105
vt 0.034492 0.446018
vt 0.034458 0.445185
vt 0.034386 0.446142
vt 0.034365 0.445214
vt 0.034264 0.446243
vt 0.034271 0.445185
vt 0.034128 0.446318
vt 0.034202 0.445105
vt 0.033981 0.446365
vt 0.034704 0.445285
vt 0.034684 0.445547
vt 0.030488 0.441804
vt 0.034552 0.444884
vt 0.034704 0.444884
vt 0.029844 0.442664
vt 0.029829 0.442290
vt 0.030675 0.446389
vt 0.029937 0.446389
vt 0.031413 0.446389
vt 0.032151 0.446389
vt 0.032889 0.446389
vt 0.033757 0.446389
vt 0.022958 0.434451
vt 0.034704 0.434049
vt 0.034704 0.434451
vt 0.034552 0.434451
vt 0.022958 0.445286
vt 0.023110 0.434451
vt 0.019117 0.433448
vt 0.019092 0.433158
vt 0.019117 0.433158
vt 0.019092 0.433338
vt 0.019023 0.433158
vt 0.019023 0.433258
vt 0.018929 0.433158
vt 0.018929 0.433229
vt 0.018836 0.433158
vt 0.018836 0.433258
vt 0.018767 0.433158
vt 0.018767 0.433338
vt 0.018742 0.433158
vt 0.018742 0.433448
vt 0.018379 0.433448
vt 0.018354 0.433158
vt 0.018379 0.433158
vt 0.018354 0.433338
vt 0.018285 0.433158
vt 0.018285 0.433258
vt 0.018192 0.433158
vt 0.018192 0.433229
vt 0.018098 0.433158
vt 0.018098 0.433258
vt 0.018029 0.433158
vt 0.018029 0.433338
vt 0.018004 0.433158
vt 0.018004 0.433448
vt 0.017641 0.433448
vt 0.017616 0.433158
vt 0.017641 0.433158
vt 0.017616 0.433338
vt 0.017547 0.433158
vt 0.017547 0.433258
vt 0.017454 0.433158
vt 0.017454 0.433229
vt 0.017360 0.433158
vt 0.017360 0.433258
vt 0.017291 0.433158
vt 0.017291 0.433338
vt 0.017266 0.433158
vt 0.017266 0.433448
vt 0.019855 0.433448
vt 0.019829 0.433158
vt 0.019855 0.433158
vt 0.019829 0.433338
vt 0.019761 0.433158
vt 0.019761 0.433258
vt 0.019667 0.433158
vt 0.019667 0.433229
vt 0.019574 0.433158
vt 0.019574 0.433258
vt 0.019505 0.433158
vt 0.019505 0.433338
vt 0.019480 0.433158
vt 0.019480 0.433448
vt 0.020592 0.433448
vt 0.020567 0.433158
vt 0.020592 0.433158
vt 0.020567 0.433338
vt 0.020499 0.433158
vt 0.020499 0.433258
vt 0.020405 0.433158
vt 0.020405 0.433229
vt 0.020311 0.433158
vt 0.020311 0.433258
vt 0.020243 0.433158
vt 0.020243 0.433338
vt 0.020218 0.433158
vt 0.020218 0.433448
vt 0.018354 0.436393
vt 0.018384 0.437333
vt 0.018362 0.437171
vt 0.018285 0.436473
vt 0.018300 0.437030
vt 0.018192 0.436502
vt 0.018204 0.436919
vt 0.018029 0.436393
vt 0.017886 0.436820
vt 0.018004 0.436283
vt 0.017944 0.436820
vt 0.017616 0.436393
vt 0.017641 0.436820
vt 0.017616 0.436820
vt 0.017641 0.436283
vt 0.017547 0.436473
vt 0.017547 0.436820
vt 0.017454 0.436502
vt 0.017454 0.436820
vt 0.017360 0.436473
vt 0.017291 0.436820
vt 0.017291 0.436393
vt 0.017360 0.436820
vt 0.017266 0.436820
vt 0.017266 0.436283
vt 0.016903 0.436283
vt 0.016903 0.433448
vt 0.018742 0.436283
vt 0.018379 0.436283
vt 0.021330 0.433448
vt 0.021305 0.433158
vt 0.021330 0.433158
vt 0.021305 0.433338
vt 0.021237 0.433158
vt 0.021237 0.433258
vt 0.021143 0.433158
vt 0.021143 0.433229
vt 0.021049 0.433158
vt 0.021049 0.433258
vt 0.020981 0.433158
vt 0.020981 0.433338
vt 0.020956 0.433158
vt 0.020956 0.433448
vt 0.022068 0.433448
vt 0.022043 0.433158
vt 0.022068 0.433158
vt 0.022043 0.433338
vt 0.021974 0.433158
vt 0.021974 0.433258
vt 0.021881 0.433158
vt 0.021881 0.433229
vt 0.021787 0.433158
vt 0.021787 0.433258
vt 0.021719 0.433158
vt 0.021719 0.433338
vt 0.021694 0.433158
vt 0.021694 0.433448
vt 0.022806 0.434339
vt 0.022833 0.433459
vt 0.022897 0.433617
vt 0.022781 0.434230
vt 0.022746 0.433316
vt 0.022712 0.434150
vt 0.022640 0.433193
vt 0.022619 0.434120
vt 0.022518 0.433092
vt 0.022525 0.434150
vt 0.022382 0.433017
vt 0.022456 0.434230
vt 0.022236 0.432970
vt 0.022431 0.434339
vt 0.022938 0.433788
vt 0.018742 0.437333
vt 0.022068 0.445887
vt 0.018083 0.436846
vt 0.018098 0.436473
vt 0.016903 0.433158
vt 0.018929 0.432946
vt 0.018192 0.432946
vt 0.017454 0.432946
vt 0.019667 0.432946
vt 0.020405 0.432946
vt 0.021143 0.432946
vt 0.022012 0.432946
vt 0.019117 0.445887
vt 0.016903 0.436820
vt 0.016716 0.432946
vt 0.019092 0.446177
vt 0.019092 0.445996
vt 0.019023 0.446177
vt 0.019023 0.446076
vt 0.018929 0.446177
vt 0.018929 0.446106
vt 0.018836 0.446177
vt 0.018836 0.446076
vt 0.018767 0.446177
vt 0.018767 0.445996
vt 0.018742 0.446177
vt 0.018742 0.445887
vt 0.018379 0.445887
vt 0.018354 0.446177
vt 0.018354 0.445996
vt 0.018285 0.446177
vt 0.018285 0.446076
vt 0.018192 0.446177
vt 0.018192 0.446106
vt 0.018098 0.446177
vt 0.018098 0.446076
vt 0.018029 0.446177
vt 0.018029 0.445996
vt 0.018004 0.446177
vt 0.018004 0.445887
vt 0.018379 0.446177
vt 0.017641 0.445887
vt 0.017616 0.446177
vt 0.017616 0.445996
vt 0.017547 0.446177
vt 0.017547 0.446076
vt 0.017454 0.446177
vt 0.017454 0.446106
vt 0.017360 0.446177
vt 0.017360 0.446076
vt 0.017291 0.446177
vt 0.017292 0.445996
vt 0.017266 0.446177
vt 0.017266 0.445887
vt 0.017641 0.446177
vt 0.019855 0.445887
vt 0.019829 0.446177
vt 0.019829 0.445996
vt 0.019761 0.446177
vt 0.019761 0.446076
vt 0.019667 0.446177
vt 0.019667 0.446106
vt 0.019574 0.446177
vt 0.019574 0.446076
vt 0.019505 0.446177
vt 0.019505 0.445996
vt 0.019480 0.446177
vt 0.019480 0.445887
vt 0.019117 0.446177
vt 0.020592 0.445887
vt 0.020567 0.446177
vt 0.020567 0.445996
vt 0.020499 0.446177
vt 0.020499 0.446076
vt 0.020405 0.446177
vt 0.020405 0.446106
vt 0.020311 0.446177
vt 0.020311 0.446076
vt 0.020243 0.446177
vt 0.020243 0.445996
vt 0.020218 0.446177
vt 0.020218 0.445887
vt 0.019855 0.446177
vt 0.018354 0.442744
vt 0.018384 0.441804
vt 0.018379 0.442853
vt 0.018362 0.441966
vt 0.018285 0.442664
vt 0.018192 0.442635
vt 0.018300 0.442106
vt 0.018029 0.442744
vt 0.017886 0.442317
vt 0.017944 0.442317
vt 0.018004 0.442853
vt 0.017641 0.442853
vt 0.017616 0.442744
vt 0.017641 0.442317
vt 0.017616 0.442317
vt 0.017547 0.442664
vt 0.017547 0.442317
vt 0.017454 0.442635
vt 0.017454 0.442317
vt 0.017360 0.442664
vt 0.017291 0.442317
vt 0.017360 0.442317
vt 0.017291 0.442744
vt 0.017266 0.442317
vt 0.017266 0.442853
vt 0.018742 0.442853
vt 0.021330 0.445887
vt 0.021305 0.446177
vt 0.021305 0.445996
vt 0.021237 0.446177
vt 0.021237 0.446076
vt 0.021143 0.446177
vt 0.021143 0.446106
vt 0.021049 0.446177
vt 0.021049 0.446076
vt 0.020981 0.446177
vt 0.020981 0.445996
vt 0.020956 0.446177
vt 0.020956 0.445887
vt 0.020592 0.446177
vt 0.022043 0.446177
vt 0.022043 0.445996
vt 0.021974 0.446177
vt 0.021974 0.446076
vt 0.021881 0.446177
vt 0.021881 0.446106
vt 0.021787 0.446177
vt 0.021787 0.446076
vt 0.021719 0.446177
vt 0.021719 0.445996
vt 0.021694 0.446177
vt 0.021694 0.445887
vt 0.021330 0.446177
vt 0.022806 0.444996
vt 0.022833 0.445875
vt 0.022781 0.445105
vt 0.022746 0.446018
vt 0.022712 0.445185
vt 0.022640 0.446142
vt 0.022619 0.445214
vt 0.022518 0.446243
vt 0.022525 0.445185
vt 0.022382 0.446318
vt 0.022456 0.445105
vt 0.022236 0.446365
vt 0.022431 0.444996
vt 0.022068 0.446177
vt 0.022938 0.445547
vt 0.022897 0.445718
vt 0.018742 0.441804
vt 0.022806 0.444884
vt 0.018083 0.442290
vt 0.018204 0.442218
vt 0.018098 0.442664
vt 0.016903 0.445887
vt 0.016903 0.446177
vt 0.018929 0.446389
vt 0.018192 0.446389
vt 0.017454 0.446389
vt 0.019667 0.446389
vt 0.020405 0.446389
vt 0.021143 0.446389
vt 0.022012 0.446389
vt 0.016903 0.442317
vt 0.016903 0.442853
vt 0.016716 0.446389
vt 0.015053 0.433448
vt 0.015078 0.433158
vt 0.015078 0.433338
vt 0.015147 0.433158
vt 0.015147 0.433258
vt 0.015240 0.433158
vt 0.015240 0.433229
vt 0.015334 0.433158
vt 0.015334 0.433258
vt 0.015402 0.433158
vt 0.015402 0.433338
vt 0.015428 0.433158
vt 0.015428 0.433448
vt 0.015791 0.433448
vt 0.015816 0.433158
vt 0.015816 0.433338
vt 0.015884 0.433158
vt 0.015884 0.433258
vt 0.015978 0.433158
vt 0.015978 0.433229
vt 0.016072 0.433158
vt 0.016072 0.433258
vt 0.016140 0.433158
vt 0.016140 0.433338
vt 0.016165 0.433158
vt 0.016165 0.433448
vt 0.015791 0.433158
vt 0.016529 0.433448
vt 0.016554 0.433158
vt 0.016554 0.433338
vt 0.016622 0.433158
vt 0.016622 0.433258
vt 0.016716 0.433158
vt 0.016716 0.433229
vt 0.016810 0.433158
vt 0.016810 0.433258
vt 0.016878 0.433158
vt 0.016878 0.433338
vt 0.016529 0.433158
vt 0.014315 0.433448
vt 0.014340 0.433158
vt 0.014340 0.433338
vt 0.014409 0.433158
vt 0.014409 0.433258
vt 0.014502 0.433158
vt 0.014502 0.433229
vt 0.014596 0.433158
vt 0.014596 0.433258
vt 0.014665 0.433158
vt 0.014665 0.433338
vt 0.014690 0.433158
vt 0.014690 0.433448
vt 0.015053 0.433158
vt 0.013577 0.433448
vt 0.013602 0.433158
vt 0.013602 0.433338
vt 0.013671 0.433158
vt 0.013671 0.433258
vt 0.013764 0.433158
vt 0.013764 0.433229
vt 0.013858 0.433158
vt 0.013858 0.433258
vt 0.013927 0.433158
vt 0.013927 0.433338
vt 0.013952 0.433158
vt 0.013952 0.433448
vt 0.014315 0.433158
vt 0.015816 0.436393
vt 0.015785 0.437333
vt 0.015791 0.436283
vt 0.015808 0.437171
vt 0.015884 0.436473
vt 0.015978 0.436502
vt 0.015870 0.437030
vt 0.016140 0.436393
vt 0.016284 0.436820
vt 0.016225 0.436820
vt 0.016165 0.436283
vt 0.016529 0.436283
vt 0.016554 0.436393
vt 0.016529 0.436820
vt 0.016554 0.436820
vt 0.016622 0.436473
vt 0.016622 0.436820
vt 0.016716 0.436502
vt 0.016716 0.436820
vt 0.016810 0.436473
vt 0.016878 0.436820
vt 0.016810 0.436820
vt 0.016878 0.436393
vt 0.015428 0.436283
vt 0.012839 0.433448
vt 0.012864 0.433158
vt 0.012864 0.433338
vt 0.012933 0.433158
vt 0.012933 0.433258
vt 0.013027 0.433158
vt 0.013027 0.433229
vt 0.013120 0.433158
vt 0.013120 0.433258
vt 0.013189 0.433158
vt 0.013189 0.433338
vt 0.013214 0.433158
vt 0.013214 0.433448
vt 0.013577 0.433158
vt 0.012101 0.433448
vt 0.012127 0.433158
vt 0.012127 0.433338
vt 0.012195 0.433158
vt 0.012195 0.433258
vt 0.012289 0.433158
vt 0.012289 0.433229
vt 0.012382 0.433158
vt 0.012382 0.433258
vt 0.012451 0.433158
vt 0.012451 0.433338
vt 0.012476 0.433158
vt 0.012476 0.433448
vt 0.012839 0.433158
vt 0.011364 0.434339
vt 0.011336 0.433459
vt 0.011389 0.434230
vt 0.011423 0.433317
vt 0.011457 0.434150
vt 0.011529 0.433193
vt 0.011551 0.434120
vt 0.011652 0.433092
vt 0.011645 0.434150
vt 0.011787 0.433017
vt 0.011713 0.434230
vt 0.011934 0.432970
vt 0.011738 0.434339
vt 0.012101 0.433158
vt 0.011232 0.433788
vt 0.011272 0.433617
vt 0.015428 0.437333
vt 0.011738 0.444996
vt 0.012101 0.445887
vt 0.016086 0.436846
vt 0.015965 0.436919
vt 0.016072 0.436473
vt 0.015240 0.432946
vt 0.015978 0.432946
vt 0.014502 0.432946
vt 0.013764 0.432946
vt 0.013027 0.432946
vt 0.012158 0.432946
vt 0.014690 0.445887
vt 0.015053 0.445887
vt 0.015078 0.446177
vt 0.015053 0.446177
vt 0.015078 0.445996
vt 0.015147 0.446177
vt 0.015147 0.446076
vt 0.015240 0.446177
vt 0.015240 0.446106
vt 0.015334 0.446177
vt 0.015334 0.446076
vt 0.015402 0.446177
vt 0.015402 0.445996
vt 0.015428 0.446177
vt 0.015428 0.445887
vt 0.015791 0.445887
vt 0.015816 0.446177
vt 0.015791 0.446177
vt 0.015816 0.445996
vt 0.015884 0.446177
vt 0.015884 0.446076
vt 0.015978 0.446177
vt 0.015978 0.446106
vt 0.016072 0.446177
vt 0.016072 0.446076
vt 0.016140 0.446177
vt 0.016140 0.445996
vt 0.016165 0.446177
vt 0.016165 0.445887
vt 0.016529 0.445887
vt 0.016554 0.446177
vt 0.016529 0.446177
vt 0.016554 0.445996
vt 0.016622 0.446177
vt 0.016622 0.446076
vt 0.016716 0.446177
vt 0.016716 0.446106
vt 0.016810 0.446177
vt 0.016810 0.446076
vt 0.016878 0.446177
vt 0.016878 0.445996
vt 0.014315 0.445887
vt 0.014340 0.446177
vt 0.014315 0.446177
vt 0.014340 0.445996
vt 0.014409 0.446177
vt 0.014409 0.446076
vt 0.014502 0.446177
vt 0.014502 0.446106
vt 0.014596 0.446177
vt 0.014596 0.446076
vt 0.014665 0.446177
vt 0.014665 0.445996
vt 0.014690 0.446177
vt 0.013577 0.445887
vt 0.013602 0.446177
vt 0.013577 0.446177
vt 0.013602 0.445996
vt 0.013671 0.446177
vt 0.013671 0.446076
vt 0.013764 0.446177
vt 0.013764 0.446106
vt 0.013858 0.446177
vt 0.013858 0.446076
vt 0.013927 0.446177
vt 0.013927 0.445996
vt 0.013952 0.446177
vt 0.013952 0.445887
vt 0.015816 0.442744
vt 0.015785 0.441804
vt 0.015808 0.441966
vt 0.015884 0.442664
vt 0.015870 0.442106
vt 0.015978 0.442635
vt 0.015965 0.442218
vt 0.016140 0.442744
vt 0.016284 0.442317
vt 0.016165 0.442853
vt 0.016225 0.442317
vt 0.016554 0.442744
vt 0.016529 0.442317
vt 0.016554 0.442317
vt 0.016529 0.442853
vt 0.016622 0.442664
vt 0.016622 0.442317
vt 0.016716 0.442635
vt 0.016716 0.442317
vt 0.016810 0.442664
vt 0.016878 0.442317
vt 0.016878 0.442744
vt 0.016810 0.442317
vt 0.015428 0.442853
vt 0.015791 0.442853
vt 0.012839 0.445887
vt 0.012864 0.446177
vt 0.012839 0.446177
vt 0.012864 0.445996
vt 0.012933 0.446177
vt 0.012933 0.446076
vt 0.013027 0.446177
vt 0.013027 0.446106
vt 0.013120 0.446177
vt 0.013120 0.446076
vt 0.013189 0.446177
vt 0.013189 0.445996
vt 0.013214 0.446177
vt 0.013214 0.445887
vt 0.012127 0.446177
vt 0.012101 0.446177
vt 0.012127 0.445996
vt 0.012195 0.446177
vt 0.012195 0.446076
vt 0.012289 0.446177
vt 0.012289 0.446106
vt 0.012382 0.446177
vt 0.012382 0.446076
vt 0.012451 0.446177
vt 0.012451 0.445996
vt 0.012476 0.446177
vt 0.012476 0.445887
vt 0.011364 0.444996
vt 0.011336 0.445876
vt 0.011272 0.445718
vt 0.011389 0.445105
vt 0.011423 0.446018
vt 0.011457 0.445185
vt 0.011529 0.446142
vt 0.011551 0.445214
vt 0.011652 0.446243
vt 0.011645 0.445185
vt 0.011787 0.446318
vt 0.011713 0.445105
vt 0.011934 0.446365
vt 0.011232 0.445547
vt 0.011212 0.445285
vt 0.015428 0.441804
vt 0.011212 0.444884
vt 0.011364 0.444884
vt 0.016086 0.442290
vt 0.016072 0.442664
vt 0.015240 0.446389
vt 0.015978 0.446389
vt 0.014502 0.446389
vt 0.013764 0.446389
vt 0.013027 0.446389
vt 0.012158 0.446389
vt 0.011212 0.434451
vt 0.011212 0.434049
vt 0.011364 0.434451
vt 0.022806 0.434451
vt 0.035228 0.445163
vt 0.035303 0.445066
vt 0.035303 0.445163
vt 0.036987 0.442963
vt 0.036913 0.443031
vt 0.036913 0.442963
vt 0.036987 0.442869
vt 0.036913 0.442869
vt 0.036987 0.442775
vt 0.036913 0.442775
vt 0.037780 0.432141
vt 0.037854 0.432061
vt 0.037854 0.432141
vt 0.037780 0.432250
vt 0.037854 0.432250
vt 0.037465 0.438988
vt 0.037540 0.438891
vt 0.037540 0.438988
vt 0.037062 0.443900
vt 0.036987 0.443968
vt 0.036987 0.443900
vt 0.037062 0.443806
vt 0.036987 0.443806
vt 0.037062 0.443713
vt 0.036987 0.443713
vt 0.037240 0.436240
vt 0.037315 0.436160
vt 0.037315 0.436240
vt 0.037240 0.436350
vt 0.037315 0.436350
vt 0.037465 0.435967
vt 0.037540 0.435870
vt 0.037540 0.435967
vt 0.036838 0.443644
vt 0.036763 0.443713
vt 0.036763 0.443644
vt 0.036838 0.443550
vt 0.036763 0.443550
vt 0.036838 0.443457
vt 0.036763 0.443457
vt 0.037165 0.436438
vt 0.037240 0.436358
vt 0.037240 0.436438
vt 0.037165 0.436547
vt 0.037240 0.436547
vt 0.034854 0.445163
vt 0.034928 0.445066
vt 0.034928 0.445163
vt 0.037062 0.443644
vt 0.036987 0.443644
vt 0.037062 0.443550
vt 0.036987 0.443550
vt 0.037062 0.443457
vt 0.036987 0.443457
vt 0.038359 0.418195
vt 0.038434 0.418115
vt 0.038434 0.418195
vt 0.038359 0.418305
vt 0.038434 0.418305
vt 0.035003 0.445066
vt 0.035003 0.445163
vt 0.036987 0.443219
vt 0.036913 0.443287
vt 0.036913 0.443219
vt 0.036987 0.443125
vt 0.036913 0.443125
vt 0.036987 0.443031
vt 0.038359 0.431013
vt 0.038434 0.430933
vt 0.038434 0.431013
vt 0.038359 0.431122
vt 0.038434 0.431122
vt 0.037015 0.443122
vt 0.037090 0.442974
vt 0.037090 0.443122
vt 0.037465 0.436175
vt 0.037540 0.436063
vt 0.037540 0.436175
vt 0.037015 0.443239
vt 0.037090 0.443239
vt 0.037465 0.436063
vt 0.037390 0.441610
vt 0.037315 0.441705
vt 0.037315 0.441610
vt 0.037212 0.443900
vt 0.037137 0.443993
vt 0.037137 0.443900
vt 0.037240 0.439295
vt 0.037315 0.439185
vt 0.037315 0.439295
vt 0.037390 0.441291
vt 0.037315 0.441350
vt 0.037315 0.441291
vt 0.037240 0.439185
vt 0.037465 0.435870
vt 0.037540 0.433154
vt 0.037390 0.441021
vt 0.037315 0.441047
vt 0.037315 0.441021
vt 0.037465 0.433154
vt 0.037540 0.433043
vt 0.037390 0.440953
vt 0.037315 0.440953
vt 0.037465 0.433043
vt 0.037540 0.432946
vt 0.037390 0.440859
vt 0.037315 0.440859
vt 0.036333 0.443849
vt 0.036258 0.443942
vt 0.036258 0.443849
vt 0.037165 0.439572
vt 0.037240 0.439493
vt 0.037240 0.439572
vt 0.037390 0.440697
vt 0.037315 0.440766
vt 0.037315 0.440697
vt 0.037165 0.439493
vt 0.037240 0.439383
vt 0.037390 0.440672
vt 0.037315 0.440672
vt 0.037390 0.441047
vt 0.037390 0.439080
vt 0.037465 0.436365
vt 0.037465 0.439080
vt 0.037165 0.439383
vt 0.037465 0.438891
vt 0.037780 0.435086
vt 0.037854 0.435086
vt 0.035078 0.445163
vt 0.035153 0.445066
vt 0.035153 0.445163
vt 0.037062 0.443968
vt 0.037137 0.443806
vt 0.037137 0.443713
vt 0.037929 0.432061
vt 0.037929 0.432141
vt 0.037929 0.432250
vt 0.035378 0.445066
vt 0.035378 0.445163
vt 0.036913 0.443713
vt 0.036913 0.443644
vt 0.036913 0.443550
vt 0.036913 0.443457
vt 0.038004 0.432061
vt 0.038004 0.432141
vt 0.038004 0.432250
vt 0.036613 0.443457
vt 0.036688 0.443359
vt 0.036688 0.443457
vt 0.036688 0.443713
vt 0.036688 0.443644
vt 0.036688 0.443550
vt 0.035958 0.433026
vt 0.036033 0.432946
vt 0.036033 0.433026
vt 0.035958 0.433135
vt 0.036033 0.433135
vt 0.037780 0.436136
vt 0.037854 0.436136
vt 0.035303 0.445066
vt 0.035378 0.433154
vt 0.035958 0.443793
vt 0.036033 0.443793
vt 0.037212 0.443993
vt 0.037137 0.444087
vt 0.037390 0.441489
vt 0.037315 0.441489
vt 0.037240 0.439375
vt 0.037315 0.439375
vt 0.037390 0.441350
vt 0.036333 0.443942
vt 0.036258 0.444037
vt 0.037390 0.440766
vt 0.035228 0.445066
vt 0.035303 0.433154
vt 0.038359 0.430744
vt 0.038434 0.430744
vt 0.037390 0.440309
vt 0.037315 0.440309
vt 0.035228 0.433154
vt 0.035303 0.433043
vt 0.035228 0.433043
vt 0.035303 0.432946
vt 0.037240 0.442974
vt 0.037165 0.443067
vt 0.037165 0.442974
vt 0.037240 0.443067
vt 0.037165 0.443161
vt 0.037780 0.444879
vt 0.037854 0.444799
vt 0.037854 0.444879
vt 0.037780 0.444799
vt 0.037854 0.444690
vt 0.037315 0.433154
vt 0.037390 0.433043
vt 0.037390 0.433154
vt 0.037315 0.433043
vt 0.037390 0.432946
vt 0.036987 0.444062
vt 0.037062 0.444062
vt 0.036987 0.444156
vt 0.037090 0.443182
vt 0.037165 0.443103
vt 0.037165 0.443182
vt 0.037090 0.443103
vt 0.037165 0.442993
vt 0.037315 0.436368
vt 0.037390 0.436257
vt 0.037390 0.436368
vt 0.037315 0.436257
vt 0.037390 0.436160
vt 0.037165 0.443239
vt 0.037090 0.443332
vt 0.037165 0.443332
vt 0.037090 0.443426
vt 0.037090 0.436358
vt 0.037165 0.436278
vt 0.037165 0.436358
vt 0.037090 0.436278
vt 0.037165 0.436169
vt 0.034854 0.433154
vt 0.034928 0.433043
vt 0.034928 0.433154
vt 0.034854 0.433043
vt 0.034928 0.432946
vt 0.037240 0.442787
vt 0.037165 0.442880
vt 0.037165 0.442787
vt 0.037240 0.442880
vt 0.038359 0.430933
vt 0.038434 0.430853
vt 0.038359 0.430853
vt 0.035003 0.433043
vt 0.035003 0.433154
vt 0.035003 0.432946
vt 0.036183 0.443942
vt 0.036183 0.443849
vt 0.036183 0.444037
vt 0.038359 0.443751
vt 0.038434 0.443671
vt 0.038434 0.443751
vt 0.038359 0.443671
vt 0.038434 0.443562
vt 0.037315 0.436157
vt 0.037390 0.436059
vt 0.037390 0.436157
vt 0.037015 0.438693
vt 0.037090 0.438531
vt 0.037090 0.438693
vt 0.036913 0.443968
vt 0.036913 0.443900
vt 0.037015 0.438531
vt 0.037090 0.438378
vt 0.036913 0.443806
vt 0.037015 0.438378
vt 0.037090 0.438245
vt 0.037390 0.441963
vt 0.037315 0.442022
vt 0.037315 0.441963
vt 0.037090 0.439960
vt 0.037165 0.439850
vt 0.037165 0.439960
vt 0.037315 0.439274
vt 0.037390 0.439274
vt 0.037090 0.442993
vt 0.037315 0.439371
vt 0.037390 0.439371
vt 0.037390 0.442267
vt 0.037315 0.442292
vt 0.037315 0.442267
vt 0.036838 0.443287
vt 0.036838 0.443219
vt 0.037390 0.442292
vt 0.037315 0.442361
vt 0.036838 0.443125
vt 0.037390 0.442361
vt 0.037315 0.442454
vt 0.037390 0.442548
vt 0.037315 0.442616
vt 0.037315 0.442548
vt 0.037090 0.433026
vt 0.037165 0.432946
vt 0.037165 0.433026
vt 0.037390 0.442616
vt 0.037315 0.442641
vt 0.037090 0.433135
vt 0.037165 0.433135
vt 0.037390 0.442022
vt 0.037780 0.444690
vt 0.037854 0.441656
vt 0.037315 0.436059
vt 0.035078 0.433154
vt 0.035153 0.433043
vt 0.035153 0.433154
vt 0.035078 0.433043
vt 0.035153 0.432946
vt 0.036838 0.444062
vt 0.036838 0.443968
vt 0.036913 0.444062
vt 0.036838 0.444156
vt 0.037929 0.444799
vt 0.037929 0.444879
vt 0.037929 0.444690
vt 0.035378 0.433043
vt 0.035378 0.432946
vt 0.036688 0.443968
vt 0.036613 0.444062
vt 0.036613 0.443968
vt 0.036688 0.444062
vt 0.036613 0.444156
vt 0.038004 0.444799
vt 0.038004 0.444879
vt 0.038004 0.444690
vt 0.036613 0.433154
vt 0.036688 0.433043
vt 0.036688 0.433154
vt 0.036613 0.433043
vt 0.036688 0.432946
vt 0.036913 0.444156
vt 0.035958 0.443982
vt 0.036033 0.443902
vt 0.036033 0.443982
vt 0.035958 0.443902
vt 0.037780 0.441656
vt 0.037854 0.440606
vt 0.035078 0.445066
vt 0.036613 0.433262
vt 0.036688 0.433262
vt 0.037390 0.441705
vt 0.037315 0.441825
vt 0.037390 0.441825
vt 0.037090 0.439850
vt 0.037165 0.439770
vt 0.037390 0.442454
vt 0.036838 0.443031
vt 0.034854 0.445066
vt 0.038359 0.443562
vt 0.037015 0.442974
vt 0.037780 0.440606
vt 0.037390 0.442641
vt 0.037315 0.443005
vt 0.038509 0.431122
vt 0.038584 0.431013
vt 0.038584 0.431122
vt 0.038509 0.431013
vt 0.038584 0.430933
vt 0.036613 0.443806
vt 0.036613 0.443713
vt 0.036688 0.443806
vt 0.036613 0.443900
vt 0.036688 0.443900
vt 0.037165 0.439762
vt 0.037240 0.439652
vt 0.037240 0.439762
vt 0.037165 0.439652
vt 0.036763 0.443806
vt 0.036763 0.443900
vt 0.037390 0.442199
vt 0.037465 0.442101
vt 0.037465 0.442199
vt 0.037240 0.433135
vt 0.037315 0.433026
vt 0.037315 0.433135
vt 0.037240 0.433026
vt 0.037315 0.432946
vt 0.036838 0.443713
vt 0.037390 0.439178
vt 0.037465 0.439178
vt 0.038284 0.418305
vt 0.038284 0.418195
vt 0.038359 0.418115
vt 0.036838 0.442869
vt 0.036838 0.442775
vt 0.036838 0.442963
vt 0.035153 0.445163
vt 0.038509 0.418195
vt 0.038509 0.418305
vt 0.038509 0.418115
vt 0.036838 0.443806
vt 0.036838 0.443900
vt 0.036763 0.443968
vt 0.035378 0.445163
vt 0.035453 0.445066
vt 0.035453 0.445163
vt 0.037165 0.442707
vt 0.037240 0.442597
vt 0.037240 0.442707
vt 0.037015 0.433360
vt 0.037090 0.433198
vt 0.037090 0.433360
vt 0.037015 0.433198
vt 0.037090 0.433057
vt 0.037212 0.443806
vt 0.037137 0.443900
vt 0.037137 0.443806
vt 0.037015 0.433057
vt 0.037090 0.432946
vt 0.037390 0.439631
vt 0.037315 0.439689
vt 0.037315 0.439631
vt 0.037390 0.439386
vt 0.037465 0.439274
vt 0.037465 0.439386
vt 0.037240 0.435971
vt 0.037315 0.435971
vt 0.037390 0.442101
vt 0.037240 0.436080
vt 0.037315 0.436080
vt 0.037390 0.439934
vt 0.037315 0.439959
vt 0.037315 0.439934
vt 0.037240 0.436160
vt 0.037390 0.439959
vt 0.037315 0.440028
vt 0.036585 0.443927
vt 0.036510 0.444021
vt 0.036510 0.443927
vt 0.037390 0.440028
vt 0.037315 0.440121
vt 0.037390 0.440215
vt 0.037315 0.440284
vt 0.037315 0.440215
vt 0.037390 0.436253
vt 0.037465 0.436157
vt 0.037465 0.436253
vt 0.037390 0.440284
vt 0.037390 0.436365
vt 0.037390 0.439689
vt 0.035078 0.442351
vt 0.037165 0.442597
vt 0.038509 0.430933
vt 0.034779 0.445163
vt 0.034854 0.445066
vt 0.038584 0.418195
vt 0.038584 0.418305
vt 0.038584 0.418115
vt 0.036763 0.442869
vt 0.036763 0.442775
vt 0.036763 0.442963
vt 0.036763 0.443031
vt 0.034704 0.445163
vt 0.034779 0.445066
vt 0.036108 0.433026
vt 0.036108 0.433135
vt 0.036613 0.443550
vt 0.036613 0.443644
vt 0.036763 0.443359
vt 0.035003 0.442351
vt 0.035078 0.441345
vt 0.038509 0.430744
vt 0.038584 0.430744
vt 0.036763 0.433154
vt 0.037315 0.439492
vt 0.037315 0.439371
vt 0.037212 0.443713
vt 0.037390 0.439492
vt 0.037390 0.439274
vt 0.037390 0.440121
vt 0.036585 0.443834
vt 0.036510 0.443834
vt 0.038509 0.443562
vt 0.038584 0.443562
vt 0.035153 0.445066
vt 0.035228 0.433154
vt 0.038509 0.443671
vt 0.038584 0.443671
vt 0.038509 0.443751
vt 0.038584 0.443751
vt 0.036435 0.443927
vt 0.036360 0.444021
vt 0.036360 0.443927
vt 0.036435 0.443834
vt 0.035078 0.432946
vt 0.035078 0.433043
vt 0.035003 0.433154
vt 0.035078 0.433154
vt 0.037240 0.436169
vt 0.037240 0.436278
vt 0.036435 0.444021
vt 0.037465 0.432946
vt 0.037390 0.433154
vt 0.037465 0.433154
vt 0.037090 0.439691
vt 0.037165 0.439581
vt 0.037165 0.439691
vt 0.037090 0.439770
vt 0.037212 0.443550
vt 0.037137 0.443644
vt 0.037137 0.443550
vt 0.037212 0.443457
vt 0.037137 0.443457
vt 0.037240 0.439471
vt 0.037315 0.439375
vt 0.037315 0.439471
vt 0.037240 0.439583
vt 0.037315 0.439583
vt 0.038284 0.430853
vt 0.038284 0.430933
vt 0.036108 0.444037
vt 0.036108 0.443942
vt 0.036108 0.443849
vt 0.035228 0.432946
vt 0.035153 0.433154
vt 0.038509 0.430853
vt 0.036763 0.444156
vt 0.036763 0.444062
vt 0.035453 0.433043
vt 0.035378 0.433154
vt 0.035453 0.433154
vt 0.037015 0.437993
vt 0.037090 0.437831
vt 0.037090 0.437993
vt 0.037165 0.433136
vt 0.037240 0.433026
vt 0.037240 0.433136
vt 0.037015 0.438134
vt 0.037090 0.438134
vt 0.037240 0.432946
vt 0.037015 0.438245
vt 0.037465 0.436059
vt 0.037390 0.443624
vt 0.037315 0.443683
vt 0.037315 0.443624
vt 0.037090 0.439581
vt 0.037390 0.443354
vt 0.037315 0.443379
vt 0.037315 0.443354
vt 0.037090 0.436547
vt 0.037165 0.436438
vt 0.037390 0.443286
vt 0.037315 0.443286
vt 0.037090 0.436438
vt 0.037390 0.443192
vt 0.037315 0.443192
vt 0.036763 0.443125
vt 0.036763 0.443287
vt 0.036763 0.443219
vt 0.037390 0.443030
vt 0.037315 0.443098
vt 0.037315 0.443030
vt 0.037240 0.442585
vt 0.037315 0.442488
vt 0.037315 0.442585
vt 0.037390 0.443005
vt 0.037390 0.443379
vt 0.037090 0.436169
vt 0.037240 0.442488
vt 0.035003 0.436059
vt 0.035078 0.436059
vt 0.038509 0.443671
vt 0.036688 0.444156
vt 0.034779 0.433043
vt 0.034854 0.432946
vt 0.034854 0.433043
vt 0.034779 0.433154
vt 0.034854 0.433154
vt 0.038584 0.430853
vt 0.037015 0.443427
vt 0.037015 0.443332
vt 0.034704 0.433043
vt 0.034779 0.432946
vt 0.034704 0.433154
vt 0.034779 0.433154
vt 0.036108 0.443793
vt 0.036108 0.443902
vt 0.036033 0.443982
vt 0.036108 0.443982
vt 0.037240 0.443332
vt 0.037165 0.443427
vt 0.037240 0.443239
vt 0.036763 0.432946
vt 0.036763 0.433043
vt 0.035003 0.437065
vt 0.035078 0.437065
vt 0.034704 0.445066
vt 0.036108 0.443681
vt 0.037137 0.443550
vt 0.037390 0.443822
vt 0.037315 0.443944
vt 0.037315 0.443822
vt 0.037390 0.443683
vt 0.037390 0.443098
vt 0.038284 0.430744
vt 0.035378 0.445066
vt 0.037015 0.437831
vt 0.035003 0.441345
vt 0.036613 0.443359
vt 0.036688 0.443252
vt 0.036613 0.443252
vt 0.036033 0.443681
vt 0.036108 0.433247
vt 0.036033 0.433247
vt 0.037780 0.432061
vt 0.036987 0.443287
vt 0.037137 0.443968
vt 0.037212 0.444087
vt 0.036333 0.444037
vt 0.037240 0.443161
vt 0.037315 0.432946
vt 0.037062 0.444156
vt 0.037315 0.436160
vt 0.037165 0.443426
vt 0.034854 0.432946
vt 0.036987 0.443968
vt 0.035078 0.432946
vt 0.038284 0.418115
vt 0.037212 0.443900
vt 0.036585 0.444021
vt 0.037212 0.443644
vt 0.037090 0.443427
vt 0.034704 0.432946
vt 0.037240 0.443427
vt 0.037390 0.443944
vt 0.035706 0.444621
vt 0.035958 0.443365
vt 0.036763 0.442775
vt 0.036763 0.434298
s 1
f 1/1/1 16/2/2 2/3/2
f 3/4/3 15/5/3 1/1/3
f 4/6/4 17/7/5 3/4/5
f 2/3/2 19/8/6 5/9/6
f 6/10/7 19/8/6 20/11/7
f 6/12/7 21/13/8 7/14/8
f 7/14/8 22/15/9 8/16/9
f 8/16/9 23/17/10 9/18/10
f 9/18/10 24/19/11 10/20/11
f 10/20/11 25/21/12 11/22/12
f 11/22/12 26/23/13 12/24/13
f 12/25/13 27/26/14 13/27/14
f 13/27/14 28/28/15 14/29/15
f 14/29/15 18/30/4 4/6/4
f 29/31/16 44/32/17 43/33/16
f 31/34/18 43/35/18 45/36/18
f 32/37/19 45/38/20 46/39/19
f 30/40/17 47/41/21 44/32/17
f 47/41/21 34/42/22 48/43/22
f 48/44/22 35/45/23 49/46/23
f 49/46/23 36/47/24 50/48/24
f 50/48/24 37/49/25 51/50/25
f 37/49/25 52/51/26 51/50/25
f 38/52/26 53/53/27 52/51/26
f 53/53/27 40/54/28 54/55/28
f 54/55/28 41/56/29 55/57/29
f 41/33/29 56/58/30 55/59/29
f 42/60/30 46/39/19 56/58/30
f 2/61/31 29/62/31 1/63/31
f 16/64/32 43/65/32 44/66/32
f 3/67/31 29/62/31 31/68/31
f 17/67/32 43/65/32 15/69/32
f 4/70/31 31/68/31 32/71/31
f 18/72/32 45/73/32 17/67/32
f 2/61/31 33/74/31 30/75/31
f 16/64/32 47/76/32 19/77/32
f 6/78/31 33/74/31 5/79/31
f 20/80/32 47/76/32 48/81/32
f 6/78/31 35/82/31 34/83/31
f 20/80/32 49/84/32 21/85/32
f 8/86/31 35/82/31 7/87/31
f 22/88/32 49/84/32 50/89/32
f 9/90/31 36/91/31 8/86/31
f 23/92/32 50/89/32 51/93/32
f 9/90/31 38/94/31 37/95/31
f 23/92/32 52/96/32 24/97/32
f 10/98/31 39/99/31 38/94/31
f 24/97/32 53/100/32 25/101/32
f 12/102/31 39/99/31 11/103/31
f 26/104/32 53/100/32 54/105/32
f 12/102/31 41/106/31 40/107/31
f 26/104/32 55/108/32 27/109/32
f 14/110/31 41/106/31 13/111/31
f 28/112/32 55/108/32 56/113/32
f 4/70/31 42/114/31 14/110/31
f 18/72/32 56/113/32 46/115/32
f 91/116/31 94/117/31 93/118/31
f 92/119/31 93/118/31 96/120/31
f 95/121/31 96/120/31 98/122/31
f 97/123/31 98/122/31 100/124/31
f 99/125/31 100/124/31 102/126/31
f 102/126/31 101/127/31 99/125/31
f 104/128/31 103/129/31 101/127/31
f 105/130/31 108/131/31 107/132/31
f 106/133/31 107/132/31 110/134/31
f 109/135/31 110/134/31 112/136/31
f 111/137/31 112/136/31 114/138/31
f 113/139/31 114/138/31 116/140/31
f 116/140/31 115/141/31 113/139/31
f 118/142/31 117/143/31 115/141/31
f 105/130/31 103/129/31 104/128/31
f 119/144/31 122/145/31 121/146/31
f 120/147/31 121/146/31 124/148/31
f 123/149/31 124/148/31 126/150/31
f 125/151/31 126/150/31 128/152/31
f 127/153/31 128/152/31 130/154/31
f 130/154/31 129/155/31 127/153/31
f 132/156/31 131/157/31 129/155/31
f 119/144/31 117/143/31 118/142/31
f 133/158/31 136/159/31 135/160/31
f 134/161/31 135/160/31 138/162/31
f 137/163/31 138/162/31 140/164/31
f 139/165/31 140/164/31 142/166/31
f 141/167/31 142/166/31 144/168/31
f 144/168/31 143/169/31 141/167/31
f 146/170/31 145/171/31 143/169/31
f 91/116/31 145/171/31 146/170/31
f 147/172/31 150/173/31 149/174/31
f 148/175/31 149/174/31 152/176/31
f 151/177/31 152/176/31 154/178/31
f 153/179/31 154/178/31 156/180/31
f 155/181/31 156/180/31 158/182/31
f 158/182/31 157/183/31 155/181/31
f 160/184/31 159/185/31 157/183/31
f 133/158/31 159/185/31 160/184/31
f 164/186/31 163/187/31 162/188/31
f 166/189/31 165/190/31 163/187/31
f 168/191/31 167/192/31 165/190/31
f 169/193/31 172/194/31 171/195/31
f 171/195/31 170/196/31 169/193/31
f 172/194/31 117/143/31 119/144/31
f 176/197/31 175/198/31 174/199/31
f 174/199/31 173/200/31 176/197/31
f 178/201/31 177/202/31 175/198/31
f 180/203/31 179/204/31 177/202/31
f 181/205/31 184/206/31 183/207/31
f 183/207/31 182/208/31 181/205/31
f 184/206/31 186/209/31 185/210/31
f 131/157/31 411/211/31 450/212/31
f 105/130/31 161/213/31 187/214/31
f 188/215/31 191/216/31 190/217/31
f 189/218/31 190/217/31 193/219/31
f 192/220/31 193/219/31 195/221/31
f 194/222/31 195/221/31 197/223/31
f 196/224/31 197/223/31 199/225/31
f 199/225/31 198/226/31 196/224/31
f 201/227/31 200/228/31 198/226/31
f 147/172/31 200/228/31 201/227/31
f 202/229/31 205/230/31 204/231/31
f 203/232/31 204/231/31 207/233/31
f 206/234/31 207/233/31 209/235/31
f 208/236/31 209/235/31 211/237/31
f 210/238/31 211/237/31 213/239/31
f 213/239/31 212/240/31 210/238/31
f 215/241/31 214/242/31 212/240/31
f 188/215/31 214/242/31 215/241/31
f 224/243/31 217/244/31 63/245/31
f 216/246/31 63/245/31 64/247/31
f 218/248/31 64/247/31 65/249/31
f 219/250/31 65/249/31 66/251/31
f 220/252/31 66/251/31 67/253/31
f 67/253/31 221/254/31 220/252/31
f 223/255/31 222/256/31 221/254/31
f 223/255/31 205/230/31 202/229/31
f 224/243/31 225/257/31 614/258/31
f 161/213/31 162/188/31 226/259/31
f 222/256/31 202/229/31 347/260/31
f 168/191/31 228/261/31 227/262/31
f 227/262/31 167/192/31 168/191/31
f 182/208/31 179/204/31 180/203/31
f 132/156/31 410/263/31 411/211/31
f 93/118/31 94/117/31 229/264/31
f 98/122/31 96/120/31 229/264/31
f 102/126/31 100/124/31 229/264/31
f 107/132/31 108/131/31 230/265/31
f 112/136/31 110/134/31 230/265/31
f 116/140/31 114/138/31 230/265/31
f 108/131/31 104/128/31 229/264/31
f 121/146/31 122/145/31 231/266/31
f 126/150/31 124/148/31 231/266/31
f 130/154/31 128/152/31 231/266/31
f 122/145/31 118/142/31 230/265/31
f 135/160/31 136/159/31 232/267/31
f 140/164/31 138/162/31 232/267/31
f 144/168/31 142/166/31 232/267/31
f 94/117/31 146/170/31 232/267/31
f 149/174/31 150/173/31 233/268/31
f 154/178/31 152/176/31 233/268/31
f 158/182/31 156/180/31 233/268/31
f 136/159/31 160/184/31 233/268/31
f 190/217/31 191/216/31 234/269/31
f 195/221/31 193/219/31 234/269/31
f 199/225/31 197/223/31 234/269/31
f 150/173/31 201/227/31 234/269/31
f 204/231/31 205/230/31 235/270/31
f 207/233/31 204/231/31 235/270/31
f 209/235/31 207/233/31 235/270/31
f 213/239/31 211/237/31 235/270/31
f 191/216/31 215/241/31 235/270/31
f 145/171/31 91/116/31 236/271/31
f 450/212/31 451/272/31 185/210/31
f 132/156/31 231/266/31 474/273/31
f 236/271/31 239/274/31 238/275/31
f 239/274/31 241/276/31 240/277/31
f 241/276/31 243/278/31 242/279/31
f 243/278/31 245/280/31 244/281/31
f 245/280/31 247/282/31 246/283/31
f 246/283/31 244/281/31 245/280/31
f 247/282/31 249/284/31 248/285/31
f 250/286/31 253/287/31 252/288/31
f 253/287/31 255/289/31 254/290/31
f 255/289/31 257/291/31 256/292/31
f 257/291/31 259/293/31 258/294/31
f 259/293/31 261/295/31 260/296/31
f 260/296/31 258/294/31 259/293/31
f 261/295/31 263/297/31 262/298/31
f 250/286/31 251/299/31 248/285/31
f 264/300/31 267/301/31 266/302/31
f 267/301/31 269/303/31 268/304/31
f 269/303/31 271/305/31 270/306/31
f 271/305/31 273/307/31 272/308/31
f 273/307/31 275/309/31 274/310/31
f 274/310/31 272/308/31 273/307/31
f 275/309/31 277/311/31 276/312/31
f 264/300/31 265/313/31 262/298/31
f 278/314/31 281/315/31 280/316/31
f 281/315/31 283/317/31 282/318/31
f 283/317/31 285/319/31 284/320/31
f 285/319/31 287/321/31 286/322/31
f 287/321/31 289/323/31 288/324/31
f 288/324/31 286/322/31 287/321/31
f 289/323/31 291/325/31 290/326/31
f 236/271/31 237/327/31 290/326/31
f 292/328/31 295/329/31 294/330/31
f 295/329/31 297/331/31 296/332/31
f 297/331/31 299/333/31 298/334/31
f 299/333/31 301/335/31 300/336/31
f 301/335/31 303/337/31 302/338/31
f 302/338/31 300/336/31 301/335/31
f 303/337/31 305/339/31 304/340/31
f 278/314/31 279/341/31 304/340/31
f 307/342/31 306/343/31 309/344/31
f 309/344/31 308/345/31 307/342/31
f 310/346/31 307/342/31 308/345/31
f 312/347/31 310/346/31 311/348/31
f 314/349/31 317/350/31 316/351/31
f 316/351/31 315/352/31 314/349/31
f 315/352/31 318/353/31 264/300/31
f 319/354/31 318/353/31 321/355/31
f 321/355/31 320/356/31 319/354/31
f 320/356/31 323/357/31 322/358/31
f 323/357/31 325/359/31 324/360/31
f 326/361/31 329/362/31 328/363/31
f 328/363/31 327/364/31 326/361/31
f 331/365/31 330/366/31 327/364/31
f 321/355/31 318/353/31 315/352/31
f 250/286/31 249/284/31 332/367/31
f 333/368/31 336/369/31 335/370/31
f 336/369/31 338/371/31 337/372/31
f 338/371/31 340/373/31 339/374/31
f 340/373/31 342/375/31 341/376/31
f 342/375/31 344/377/31 343/378/31
f 343/378/31 341/376/31 342/375/31
f 344/377/31 346/379/31 345/380/31
f 292/328/31 293/381/31 345/380/31
f 347/260/31 350/382/31 349/383/31
f 350/382/31 352/384/31 351/385/31
f 352/384/31 354/386/31 353/387/31
f 354/386/31 356/388/31 355/389/31
f 356/388/31 358/390/31 357/391/31
f 357/391/31 355/389/31 356/388/31
f 358/390/31 360/392/31 359/393/31
f 333/368/31 334/394/31 359/393/31
f 361/395/31 364/396/31 363/397/31
f 364/396/31 366/398/31 365/399/31
f 366/398/31 368/400/31 367/401/31
f 368/400/31 369/402/31 76/403/31
f 369/402/31 370/404/31 77/405/31
f 77/405/31 76/403/31 369/402/31
f 370/404/31 372/406/31 371/407/31
f 347/260/31 348/408/31 371/407/31
f 361/395/31 362/409/31 617/410/31
f 306/343/31 332/367/31 373/411/31
f 200/228/31 147/172/31 292/328/31
f 214/242/31 188/215/31 333/368/31
f 620/412/31 622/413/31 361/395/31
f 312/347/31 313/414/31 375/415/31
f 375/415/31 374/416/31 312/347/31
f 324/360/31 325/359/31 329/362/31
f 519/417/31 520/418/31 276/312/31
f 238/275/31 83/419/31 237/327/31
f 242/279/31 83/419/31 240/277/31
f 246/283/31 83/419/31 244/281/31
f 252/288/31 84/420/31 251/299/31
f 256/292/31 84/420/31 254/290/31
f 260/296/31 84/420/31 258/294/31
f 251/299/31 84/420/31 83/419/31
f 266/302/31 85/421/31 265/313/31
f 270/306/31 85/421/31 268/304/31
f 274/310/31 85/421/31 272/308/31
f 265/313/31 85/421/31 84/420/31
f 280/316/31 82/422/31 279/341/31
f 284/320/31 82/422/31 282/318/31
f 288/324/31 82/422/31 286/322/31
f 237/327/31 83/419/31 82/422/31
f 294/330/31 81/423/31 293/381/31
f 298/334/31 81/423/31 296/332/31
f 302/338/31 81/423/31 300/336/31
f 279/341/31 82/422/31 81/423/31
f 335/370/31 79/424/31 334/394/31
f 339/374/31 79/424/31 337/372/31
f 343/378/31 79/424/31 341/376/31
f 293/381/31 81/423/31 79/424/31
f 349/383/31 78/425/31 348/408/31
f 351/385/31 78/425/31 349/383/31
f 353/387/31 78/425/31 351/385/31
f 357/391/31 78/425/31 355/389/31
f 334/394/31 79/424/31 78/425/31
f 159/185/31 133/158/31 278/314/31
f 226/259/31 162/188/31 309/344/31
f 573/426/31 574/427/31 330/366/31
f 520/418/31 86/428/31 85/421/31
f 625/429/31 626/430/31 377/431/31
f 626/430/31 627/432/31 378/433/31
f 627/432/31 628/434/31 379/435/31
f 628/434/31 629/436/31 380/437/31
f 629/436/31 630/438/31 381/439/31
f 381/439/31 380/437/31 629/436/31
f 630/438/31 383/440/31 382/441/31
f 384/442/31 387/443/31 386/444/31
f 387/443/31 389/445/31 388/446/31
f 389/445/31 391/447/31 390/448/31
f 391/447/31 393/449/31 392/450/31
f 393/449/31 395/451/31 394/452/31
f 394/452/31 392/450/31 393/449/31
f 395/451/31 397/453/31 396/454/31
f 384/442/31 385/455/31 382/441/31
f 398/456/31 401/457/31 400/458/31
f 401/457/31 403/459/31 402/460/31
f 403/459/31 405/461/31 404/462/31
f 405/461/31 407/463/31 406/464/31
f 407/463/31 409/465/31 408/466/31
f 408/466/31 406/464/31 407/463/31
f 409/465/31 411/211/31 410/263/31
f 398/456/31 399/467/31 396/454/31
f 631/468/31 632/469/31 413/470/31
f 632/469/31 633/471/31 414/472/31
f 633/471/31 634/473/31 415/474/31
f 634/473/31 635/475/31 416/476/31
f 635/475/31 636/477/31 417/478/31
f 417/478/31 416/476/31 635/475/31
f 636/477/31 637/479/31 418/480/31
f 625/429/31 376/481/31 418/480/31
f 638/482/31 639/483/31 420/484/31
f 639/483/31 640/485/31 421/486/31
f 640/485/31 641/487/31 422/488/31
f 641/487/31 642/489/31 423/490/31
f 642/489/31 643/491/31 424/492/31
f 424/492/31 423/490/31 642/489/31
f 643/491/31 644/493/31 425/494/31
f 631/468/31 412/495/31 425/494/31
f 427/496/31 426/497/31 429/498/31
f 429/498/31 428/499/31 427/496/31
f 430/500/31 427/496/31 428/499/31
f 432/501/31 430/500/31 431/502/31
f 434/503/31 437/504/31 436/505/31
f 436/505/31 435/506/31 434/503/31
f 435/506/31 438/507/31 398/456/31
f 439/508/31 438/507/31 441/509/31
f 441/509/31 440/510/31 439/508/31
f 440/510/31 443/511/31 442/512/31
f 443/511/31 445/513/31 444/514/31
f 446/515/31 449/516/31 448/517/31
f 448/517/31 447/518/31 446/515/31
f 441/509/31 438/507/31 435/506/31
f 384/442/31 383/440/31 452/519/31
f 645/520/31 646/521/31 454/522/31
f 646/521/31 647/523/31 455/524/31
f 647/523/31 648/525/31 456/526/31
f 648/525/31 649/527/31 457/528/31
f 649/527/31 650/529/31 458/530/31
f 458/530/31 457/528/31 649/527/31
f 650/529/31 651/531/31 459/532/31
f 638/482/31 419/533/31 459/532/31
f 652/534/31 653/535/31 461/536/31
f 653/535/31 654/537/31 462/538/31
f 654/537/31 655/539/31 463/540/31
f 655/539/31 656/541/31 464/542/31
f 656/541/31 657/543/31 465/544/31
f 465/544/31 464/542/31 656/541/31
f 657/543/31 658/545/31 466/546/31
f 645/520/31 453/547/31 466/546/31
f 659/548/31 660/549/31 468/550/31
f 660/549/31 661/551/31 61/552/31
f 661/551/31 662/553/31 60/554/31
f 662/553/31 663/555/31 59/556/31
f 663/555/31 664/557/31 58/558/31
f 58/558/31 59/556/31 663/555/31
f 664/557/31 665/559/31 57/560/31
f 652/534/31 460/561/31 57/560/31
f 659/548/31 467/562/31 615/563/31
f 426/497/31 452/519/31 469/564/31
f 667/565/31 590/566/31 652/534/31
f 432/501/31 433/567/31 471/568/31
f 471/568/31 470/569/31 432/501/31
f 444/514/31 445/513/31 449/516/31
f 377/431/31 472/570/31 376/481/31
f 378/433/31 472/570/31 377/431/31
f 380/437/31 472/570/31 379/435/31
f 381/439/31 472/570/31 380/437/31
f 386/444/31 473/571/31 385/455/31
f 390/448/31 473/571/31 388/446/31
f 394/452/31 473/571/31 392/450/31
f 385/455/31 473/571/31 472/570/31
f 400/458/31 474/273/31 399/467/31
f 404/462/31 474/273/31 402/460/31
f 408/466/31 474/273/31 406/464/31
f 399/467/31 474/273/31 473/571/31
f 413/470/31 475/572/31 412/495/31
f 415/474/31 475/572/31 414/472/31
f 417/478/31 475/572/31 416/476/31
f 376/481/31 472/570/31 475/572/31
f 420/484/31 476/573/31 419/533/31
f 422/488/31 476/573/31 421/486/31
f 424/492/31 476/573/31 423/490/31
f 412/495/31 475/572/31 476/573/31
f 454/522/31 477/574/31 453/547/31
f 456/526/31 477/574/31 455/524/31
f 458/530/31 477/574/31 457/528/31
f 419/533/31 476/573/31 477/574/31
f 461/536/31 478/575/31 460/561/31
f 462/538/31 478/575/31 461/536/31
f 464/542/31 478/575/31 463/540/31
f 465/544/31 478/575/31 464/542/31
f 453/547/31 477/574/31 478/575/31
f 533/576/31 479/577/31 625/429/31
f 479/577/31 482/578/31 481/579/31
f 480/580/31 481/579/31 484/581/31
f 483/582/31 484/581/31 486/583/31
f 485/584/31 486/583/31 488/585/31
f 487/586/31 488/585/31 490/587/31
f 490/587/31 489/588/31 487/586/31
f 492/589/31 491/590/31 489/588/31
f 493/591/31 496/592/31 495/593/31
f 494/594/31 495/593/31 498/595/31
f 497/596/31 498/595/31 500/597/31
f 499/598/31 500/597/31 502/599/31
f 501/600/31 502/599/31 504/601/31
f 504/601/31 503/602/31 501/600/31
f 506/603/31 505/604/31 503/602/31
f 493/591/31 491/590/31 492/589/31
f 507/605/31 510/606/31 509/607/31
f 508/608/31 509/607/31 512/609/31
f 511/610/31 512/609/31 514/611/31
f 513/612/31 514/611/31 516/613/31
f 515/614/31 516/613/31 518/615/31
f 518/615/31 517/616/31 515/614/31
f 507/605/31 505/604/31 506/603/31
f 521/617/31 524/618/31 523/619/31
f 522/620/31 523/619/31 526/621/31
f 525/622/31 526/621/31 528/623/31
f 527/624/31 528/623/31 530/625/31
f 529/626/31 530/625/31 532/627/31
f 532/627/31 531/628/31 529/626/31
f 534/629/31 533/576/31 531/628/31
f 479/577/31 533/576/31 534/629/31
f 535/630/31 538/631/31 537/632/31
f 536/633/31 537/632/31 540/634/31
f 539/635/31 540/634/31 542/636/31
f 541/637/31 542/636/31 544/638/31
f 543/639/31 544/638/31 546/640/31
f 546/640/31 545/641/31 543/639/31
f 548/642/31 547/643/31 545/641/31
f 521/617/31 547/643/31 548/642/31
f 552/644/31 551/645/33 550/646/31
f 554/647/31 553/648/31 551/645/33
f 556/649/31 555/650/31 553/648/31
f 557/651/31 560/652/31 559/653/31
f 559/653/31 558/654/31 557/651/31
f 560/652/31 505/604/31 507/605/31
f 564/655/31 563/656/31 562/657/31
f 562/657/31 561/658/31 564/655/31
f 566/659/31 565/660/31 563/656/31
f 568/661/31 567/662/31 565/660/31
f 569/663/31 572/664/31 571/665/31
f 571/665/31 570/666/31 569/663/31
f 519/417/31 277/311/31 330/366/31
f 493/591/31 549/667/31 575/668/31
f 576/669/31 579/670/31 578/671/31
f 577/672/31 578/671/31 581/673/31
f 580/674/31 581/673/31 583/675/31
f 582/676/31 583/675/31 585/677/31
f 584/678/31 585/677/31 587/679/31
f 587/679/31 586/680/31 584/678/31
f 589/681/31 588/682/31 586/680/31
f 535/630/31 588/682/31 589/681/31
f 590/566/31 593/683/31 592/684/31
f 591/685/31 592/684/31 595/686/31
f 594/687/31 595/686/31 597/688/31
f 596/689/31 597/688/31 599/690/31
f 598/691/31 599/690/31 601/692/31
f 601/692/31 600/693/31 598/691/31
f 603/694/31 602/695/31 600/693/31
f 576/669/31 602/695/31 603/694/31
f 604/696/31 74/697/31 73/698/31
f 605/699/31 73/698/31 607/700/31
f 606/701/31 607/700/31 72/702/31
f 608/703/31 72/702/31 71/704/31
f 609/705/31 71/704/31 70/706/31
f 70/706/31 666/707/31 609/705/31
f 68/708/31 667/565/31 666/707/31
f 68/708/31 593/683/31 590/566/31
f 604/696/31 610/709/31 616/710/31
f 549/667/31 550/646/31 611/711/31
f 588/682/31 535/630/31 638/482/31
f 602/695/31 576/669/31 645/520/31
f 604/696/31 668/712/31 619/713/31
f 556/649/31 613/714/31 612/715/31
f 612/715/31 555/650/31 556/649/31
f 570/666/31 567/662/31 568/661/31
f 481/579/31 482/578/31 88/716/31
f 486/583/31 484/581/31 88/716/31
f 490/587/31 488/585/31 88/716/31
f 495/593/31 496/592/31 87/717/31
f 500/597/31 498/595/31 87/717/31
f 504/601/31 502/599/31 87/717/31
f 496/592/31 492/589/31 88/716/31
f 509/607/31 510/606/31 86/428/31
f 514/611/31 512/609/31 86/428/31
f 518/615/31 516/613/31 86/428/31
f 510/606/31 506/603/31 87/717/31
f 523/619/31 524/618/31 89/718/31
f 528/623/31 526/621/31 89/718/31
f 532/627/31 530/625/31 89/718/31
f 482/578/31 534/629/31 89/718/31
f 537/632/31 538/631/31 90/719/31
f 542/636/31 540/634/31 90/719/31
f 546/640/31 544/638/31 90/719/31
f 524/618/31 548/642/31 90/719/31
f 578/671/31 579/670/31 80/720/31
f 583/675/31 581/673/31 80/720/31
f 587/679/31 585/677/31 80/720/31
f 538/631/31 589/681/31 80/720/31
f 592/684/31 593/683/31 69/721/31
f 595/686/31 592/684/31 69/721/31
f 597/688/31 595/686/31 69/721/31
f 601/692/31 599/690/31 69/721/31
f 579/670/31 603/694/31 69/721/31
f 547/643/31 521/617/31 631/468/31
f 611/711/31 550/646/31 429/498/31
f 621/722/31 225/257/31 224/243/31
f 659/548/31 62/723/31 618/724/31
f 622/413/31 620/412/31 621/722/31
f 619/713/31 668/712/31 624/725/31
f 93/118/31 92/119/31 91/116/31
f 96/120/31 95/121/31 92/119/31
f 98/122/31 97/123/31 95/121/31
f 100/124/31 99/125/31 97/123/31
f 102/126/31 104/128/31 101/127/31
f 107/132/31 106/133/31 105/130/31
f 110/134/31 109/135/31 106/133/31
f 112/136/31 111/137/31 109/135/31
f 114/138/31 113/139/31 111/137/31
f 116/140/31 118/142/31 115/141/31
f 104/128/31 108/131/31 105/130/31
f 121/146/31 120/147/31 119/144/31
f 124/148/31 123/149/31 120/147/31
f 126/150/31 125/151/31 123/149/31
f 128/152/31 127/153/31 125/151/31
f 130/154/31 132/156/31 129/155/31
f 118/142/31 122/145/31 119/144/31
f 135/160/31 134/161/31 133/158/31
f 138/162/31 137/163/31 134/161/31
f 140/164/31 139/165/31 137/163/31
f 142/166/31 141/167/31 139/165/31
f 144/168/31 146/170/31 143/169/31
f 146/170/31 94/117/31 91/116/31
f 149/174/31 148/175/31 147/172/31
f 152/176/31 151/177/31 148/175/31
f 154/178/31 153/179/31 151/177/31
f 156/180/31 155/181/31 153/179/31
f 158/182/31 160/184/31 157/183/31
f 160/184/31 136/159/31 133/158/31
f 162/188/31 161/213/31 164/186/31
f 163/187/31 164/186/31 166/189/31
f 165/190/31 166/189/31 168/191/31
f 172/194/31 174/199/31 171/195/31
f 170/196/31 228/261/31 169/193/31
f 119/144/31 173/200/31 172/194/31
f 176/197/31 178/201/31 175/198/31
f 174/199/31 172/194/31 173/200/31
f 177/202/31 178/201/31 180/203/31
f 184/206/31 185/210/31 183/207/31
f 182/208/31 180/203/31 181/205/31
f 186/209/31 450/212/31 185/210/31
f 450/212/31 186/209/31 131/157/31
f 187/214/31 103/129/31 105/130/31
f 190/217/31 189/218/31 188/215/31
f 193/219/31 192/220/31 189/218/31
f 195/221/31 194/222/31 192/220/31
f 197/223/31 196/224/31 194/222/31
f 199/225/31 201/227/31 198/226/31
f 201/227/31 150/173/31 147/172/31
f 204/231/31 203/232/31 202/229/31
f 207/233/31 206/234/31 203/232/31
f 209/235/31 208/236/31 206/234/31
f 211/237/31 210/238/31 208/236/31
f 213/239/31 215/241/31 212/240/31
f 215/241/31 191/216/31 188/215/31
f 63/245/31 216/246/31 224/243/31
f 64/247/31 218/248/31 216/246/31
f 65/249/31 219/250/31 218/248/31
f 66/251/31 220/252/31 219/250/31
f 67/253/31 223/255/31 221/254/31
f 223/255/31 202/229/31 222/256/31
f 614/258/31 217/244/31 224/243/31
f 226/259/31 187/214/31 161/213/31
f 347/260/31 372/406/31 222/256/31
f 228/261/31 170/196/31 227/262/31
f 411/211/31 131/157/31 132/156/31
f 229/264/31 96/120/31 93/118/31
f 229/264/31 100/124/31 98/122/31
f 229/264/31 104/128/31 102/126/31
f 230/265/31 110/134/31 107/132/31
f 230/265/31 114/138/31 112/136/31
f 230/265/31 118/142/31 116/140/31
f 229/264/31 230/265/31 108/131/31
f 231/266/31 124/148/31 121/146/31
f 231/266/31 128/152/31 126/150/31
f 231/266/31 132/156/31 130/154/31
f 230/265/31 231/266/31 122/145/31
f 232/267/31 138/162/31 135/160/31
f 232/267/31 142/166/31 140/164/31
f 232/267/31 146/170/31 144/168/31
f 232/267/31 229/264/31 94/117/31
f 233/268/31 152/176/31 149/174/31
f 233/268/31 156/180/31 154/178/31
f 233/268/31 160/184/31 158/182/31
f 233/268/31 232/267/31 136/159/31
f 234/269/31 193/219/31 190/217/31
f 234/269/31 197/223/31 195/221/31
f 234/269/31 201/227/31 199/225/31
f 234/269/31 233/268/31 150/173/31
f 205/230/31 223/255/31 235/270/31
f 235/270/31 211/237/31 209/235/31
f 235/270/31 215/241/31 213/239/31
f 235/270/31 234/269/31 191/216/31
f 236/271/31 291/325/31 145/171/31
f 450/212/31 447/518/31 451/272/31
f 474/273/31 410/263/31 132/156/31
f 238/275/31 237/327/31 236/271/31
f 240/277/31 238/275/31 239/274/31
f 242/279/31 240/277/31 241/276/31
f 244/281/31 242/279/31 243/278/31
f 247/282/31 248/285/31 246/283/31
f 252/288/31 251/299/31 250/286/31
f 254/290/31 252/288/31 253/287/31
f 256/292/31 254/290/31 255/289/31
f 258/294/31 256/292/31 257/291/31
f 261/295/31 262/298/31 260/296/31
f 248/285/31 249/284/31 250/286/31
f 266/302/31 265/313/31 264/300/31
f 268/304/31 266/302/31 267/301/31
f 270/306/31 268/304/31 269/303/31
f 272/308/31 270/306/31 271/305/31
f 275/309/31 276/312/31 274/310/31
f 277/311/31 519/417/31 276/312/31
f 262/298/31 263/297/31 264/300/31
f 280/316/31 279/341/31 278/314/31
f 282/318/31 280/316/31 281/315/31
f 284/320/31 282/318/31 283/317/31
f 286/322/31 284/320/31 285/319/31
f 289/323/31 290/326/31 288/324/31
f 290/326/31 291/325/31 236/271/31
f 294/330/31 293/381/31 292/328/31
f 296/332/31 294/330/31 295/329/31
f 298/334/31 296/332/31 297/331/31
f 300/336/31 298/334/31 299/333/31
f 303/337/31 304/340/31 302/338/31
f 304/340/31 305/339/31 278/314/31
f 306/343/31 373/411/31 309/344/31
f 308/345/31 311/348/31 310/346/31
f 311/348/31 313/414/31 312/347/31
f 314/349/31 374/416/31 317/350/31
f 264/300/31 263/297/31 315/352/31
f 320/356/31 322/358/31 319/354/31
f 323/357/31 324/360/31 322/358/31
f 328/363/31 331/365/31 327/364/31
f 331/365/31 573/426/31 330/366/31
f 315/352/31 316/351/31 321/355/31
f 332/367/31 306/343/31 250/286/31
f 335/370/31 334/394/31 333/368/31
f 337/372/31 335/370/31 336/369/31
f 339/374/31 337/372/31 338/371/31
f 341/376/31 339/374/31 340/373/31
f 344/377/31 345/380/31 343/378/31
f 345/380/31 346/379/31 292/328/31
f 349/383/31 348/408/31 347/260/31
f 351/385/31 349/383/31 350/382/31
f 353/387/31 351/385/31 352/384/31
f 355/389/31 353/387/31 354/386/31
f 358/390/31 359/393/31 357/391/31
f 359/393/31 360/392/31 333/368/31
f 363/397/31 362/409/31 361/395/31
f 365/399/31 363/397/31 364/396/31
f 367/401/31 365/399/31 366/398/31
f 76/403/31 367/401/31 368/400/31
f 370/404/31 371/407/31 77/405/31
f 372/406/31 347/260/31 371/407/31
f 617/410/31 75/726/31 361/395/31
f 292/328/31 346/379/31 200/228/31
f 333/368/31 360/392/31 214/242/31
f 361/395/31 75/726/31 620/412/31
f 375/415/31 317/350/31 374/416/31
f 329/362/31 326/361/31 324/360/31
f 519/417/31 517/616/31 520/418/31
f 238/275/31 240/277/31 83/419/31
f 242/279/31 244/281/31 83/419/31
f 246/283/31 248/285/31 83/419/31
f 252/288/31 254/290/31 84/420/31
f 256/292/31 258/294/31 84/420/31
f 260/296/31 262/298/31 84/420/31
f 83/419/31 248/285/31 251/299/31
f 266/302/31 268/304/31 85/421/31
f 270/306/31 272/308/31 85/421/31
f 274/310/31 276/312/31 85/421/31
f 84/420/31 262/298/31 265/313/31
f 280/316/31 282/318/31 82/422/31
f 284/320/31 286/322/31 82/422/31
f 288/324/31 290/326/31 82/422/31
f 82/422/31 290/326/31 237/327/31
f 294/330/31 296/332/31 81/423/31
f 298/334/31 300/336/31 81/423/31
f 302/338/31 304/340/31 81/423/31
f 81/423/31 304/340/31 279/341/31
f 335/370/31 337/372/31 79/424/31
f 339/374/31 341/376/31 79/424/31
f 343/378/31 345/380/31 79/424/31
f 79/424/31 345/380/31 293/381/31
f 78/425/31 371/407/31 348/408/31
f 353/387/31 355/389/31 78/425/31
f 357/391/31 359/393/31 78/425/31
f 78/425/31 359/393/31 334/394/31
f 278/314/31 305/339/31 159/185/31
f 309/344/31 373/411/31 226/259/31
f 573/426/31 572/664/31 574/427/31
f 85/421/31 276/312/31 520/418/31
f 377/431/31 376/481/31 625/429/31
f 378/433/31 377/431/31 626/430/31
f 379/435/31 378/433/31 627/432/31
f 380/437/31 379/435/31 628/434/31
f 630/438/31 382/441/31 381/439/31
f 386/444/31 385/455/31 384/442/31
f 388/446/31 386/444/31 387/443/31
f 390/448/31 388/446/31 389/445/31
f 392/450/31 390/448/31 391/447/31
f 395/451/31 396/454/31 394/452/31
f 382/441/31 383/440/31 384/442/31
f 400/458/31 399/467/31 398/456/31
f 402/460/31 400/458/31 401/457/31
f 404/462/31 402/460/31 403/459/31
f 406/464/31 404/462/31 405/461/31
f 409/465/31 410/263/31 408/466/31
f 396/454/31 397/453/31 398/456/31
f 413/470/31 412/495/31 631/468/31
f 414/472/31 413/470/31 632/469/31
f 415/474/31 414/472/31 633/471/31
f 416/476/31 415/474/31 634/473/31
f 636/477/31 418/480/31 417/478/31
f 418/480/31 637/479/31 625/429/31
f 420/484/31 419/533/31 638/482/31
f 421/486/31 420/484/31 639/483/31
f 422/488/31 421/486/31 640/485/31
f 423/490/31 422/488/31 641/487/31
f 643/491/31 425/494/31 424/492/31
f 425/494/31 644/493/31 631/468/31
f 426/497/31 469/564/31 429/498/31
f 428/499/31 431/502/31 430/500/31
f 431/502/31 433/567/31 432/501/31
f 434/503/31 470/569/31 437/504/31
f 398/456/31 397/453/31 435/506/31
f 440/510/31 442/512/31 439/508/31
f 443/511/31 444/514/31 442/512/31
f 448/517/31 451/272/31 447/518/31
f 435/506/31 436/505/31 441/509/31
f 452/519/31 426/497/31 384/442/31
f 454/522/31 453/547/31 645/520/31
f 455/524/31 454/522/31 646/521/31
f 456/526/31 455/524/31 647/523/31
f 457/528/31 456/526/31 648/525/31
f 650/529/31 459/532/31 458/530/31
f 459/532/31 651/531/31 638/482/31
f 461/536/31 460/561/31 652/534/31
f 462/538/31 461/536/31 653/535/31
f 463/540/31 462/538/31 654/537/31
f 464/542/31 463/540/31 655/539/31
f 657/543/31 466/546/31 465/544/31
f 466/546/31 658/545/31 645/520/31
f 468/550/31 467/562/31 659/548/31
f 61/552/31 468/550/31 660/549/31
f 60/554/31 61/552/31 661/551/31
f 59/556/31 60/554/31 662/553/31
f 664/557/31 57/560/31 58/558/31
f 665/559/31 652/534/31 57/560/31
f 615/563/31 62/723/31 659/548/31
f 652/534/31 665/559/31 667/565/31
f 471/568/31 437/504/31 470/569/31
f 449/516/31 446/515/31 444/514/31
f 378/433/31 379/435/31 472/570/31
f 381/439/31 382/441/31 472/570/31
f 386/444/31 388/446/31 473/571/31
f 390/448/31 392/450/31 473/571/31
f 394/452/31 396/454/31 473/571/31
f 472/570/31 382/441/31 385/455/31
f 400/458/31 402/460/31 474/273/31
f 404/462/31 406/464/31 474/273/31
f 408/466/31 410/263/31 474/273/31
f 473/571/31 396/454/31 399/467/31
f 413/470/31 414/472/31 475/572/31
f 415/474/31 416/476/31 475/572/31
f 417/478/31 418/480/31 475/572/31
f 475/572/31 418/480/31 376/481/31
f 420/484/31 421/486/31 476/573/31
f 422/488/31 423/490/31 476/573/31
f 424/492/31 425/494/31 476/573/31
f 476/573/31 425/494/31 412/495/31
f 454/522/31 455/524/31 477/574/31
f 456/526/31 457/528/31 477/574/31
f 458/530/31 459/532/31 477/574/31
f 477/574/31 459/532/31 419/533/31
f 478/575/31 57/560/31 460/561/31
f 462/538/31 463/540/31 478/575/31
f 465/544/31 466/546/31 478/575/31
f 478/575/31 466/546/31 453/547/31
f 625/429/31 637/479/31 533/576/31
f 481/579/31 480/580/31 479/577/31
f 484/581/31 483/582/31 480/580/31
f 486/583/31 485/584/31 483/582/31
f 488/585/31 487/586/31 485/584/31
f 490/587/31 492/589/31 489/588/31
f 495/593/31 494/594/31 493/591/31
f 498/595/31 497/596/31 494/594/31
f 500/597/31 499/598/31 497/596/31
f 502/599/31 501/600/31 499/598/31
f 504/601/31 506/603/31 503/602/31
f 492/589/31 496/592/31 493/591/31
f 509/607/31 508/608/31 507/605/31
f 512/609/31 511/610/31 508/608/31
f 514/611/31 513/612/31 511/610/31
f 516/613/31 515/614/31 513/612/31
f 518/615/31 520/418/31 517/616/31
f 506/603/31 510/606/31 507/605/31
f 523/619/31 522/620/31 521/617/31
f 526/621/31 525/622/31 522/620/31
f 528/623/31 527/624/31 525/622/31
f 530/625/31 529/626/31 527/624/31
f 532/627/31 534/629/31 531/628/31
f 534/629/31 482/578/31 479/577/31
f 537/632/31 536/633/31 535/630/31
f 540/634/31 539/635/31 536/633/31
f 542/636/31 541/637/31 539/635/31
f 544/638/31 543/639/31 541/637/31
f 546/640/31 548/642/31 545/641/31
f 548/642/31 524/618/31 521/617/31
f 550/646/31 549/667/31 552/644/31
f 551/645/33 552/644/31 554/647/31
f 553/648/31 554/647/31 556/649/31
f 560/652/31 562/657/31 559/653/31
f 558/654/31 613/714/31 557/651/31
f 507/605/31 561/658/31 560/652/31
f 564/655/31 566/659/31 563/656/31
f 562/657/31 560/652/31 561/658/31
f 565/660/31 566/659/31 568/661/31
f 572/664/31 573/426/31 571/665/31
f 570/666/31 568/661/31 569/663/31
f 330/366/31 574/427/31 519/417/31
f 575/668/31 491/590/31 493/591/31
f 578/671/31 577/672/31 576/669/31
f 581/673/31 580/674/31 577/672/31
f 583/675/31 582/676/31 580/674/31
f 585/677/31 584/678/31 582/676/31
f 587/679/31 589/681/31 586/680/31
f 589/681/31 538/631/31 535/630/31
f 592/684/31 591/685/31 590/566/31
f 595/686/31 594/687/31 591/685/31
f 597/688/31 596/689/31 594/687/31
f 599/690/31 598/691/31 596/689/31
f 601/692/31 603/694/31 600/693/31
f 603/694/31 579/670/31 576/669/31
f 73/698/31 605/699/31 604/696/31
f 607/700/31 606/701/31 605/699/31
f 72/702/31 608/703/31 606/701/31
f 71/704/31 609/705/31 608/703/31
f 70/706/31 68/708/31 666/707/31
f 68/708/31 590/566/31 667/565/31
f 616/710/31 74/697/31 604/696/31
f 611/711/31 575/668/31 549/667/31
f 638/482/31 651/531/31 588/682/31
f 645/520/31 658/545/31 602/695/31
f 619/713/31 610/709/31 604/696/31
f 613/714/31 558/654/31 612/715/31
f 88/716/31 484/581/31 481/579/31
f 88/716/31 488/585/31 486/583/31
f 88/716/31 492/589/31 490/587/31
f 87/717/31 498/595/31 495/593/31
f 87/717/31 502/599/31 500/597/31
f 87/717/31 506/603/31 504/601/31
f 88/716/31 87/717/31 496/592/31
f 86/428/31 512/609/31 509/607/31
f 86/428/31 516/613/31 514/611/31
f 86/428/31 520/418/31 518/615/31
f 87/717/31 86/428/31 510/606/31
f 89/718/31 526/621/31 523/619/31
f 89/718/31 530/625/31 528/623/31
f 89/718/31 534/629/31 532/627/31
f 89/718/31 88/716/31 482/578/31
f 90/719/31 540/634/31 537/632/31
f 90/719/31 544/638/31 542/636/31
f 90/719/31 548/642/31 546/640/31
f 90/719/31 89/718/31 524/618/31
f 80/720/31 581/673/31 578/671/31
f 80/720/31 585/677/31 583/675/31
f 80/720/31 589/681/31 587/679/31
f 80/720/31 90/719/31 538/631/31
f 593/683/31 68/708/31 69/721/31
f 69/721/31 599/690/31 597/688/31
f 69/721/31 603/694/31 601/692/31
f 69/721/31 80/720/31 579/670/31
f 631/468/31 644/493/31 547/643/31
f 429/498/31 469/564/31 611/711/31
f 224/243/31 623/727/31 621/722/31
f 618/724/31 624/725/31 659/548/31
f 621/722/31 623/727/31 622/413/31
f 624/725/31 618/724/31 619/713/31
f 703/728/32 705/729/32 706/730/32
f 704/731/32 708/732/32 705/729/32
f 707/733/32 710/734/32 708/732/32
f 709/735/32 712/736/32 710/734/32
f 711/737/32 714/738/32 712/736/32
f 714/738/32 711/737/32 713/739/32
f 716/740/32 713/739/32 715/741/32
f 717/742/32 719/743/32 720/744/32
f 718/745/32 722/746/32 719/743/32
f 721/747/32 724/748/32 722/746/32
f 723/749/32 726/750/32 724/748/32
f 725/751/32 728/752/32 726/750/32
f 728/752/32 725/751/32 727/753/32
f 730/754/32 727/753/32 729/755/32
f 717/742/32 716/740/32 715/741/32
f 731/756/32 733/757/32 734/758/32
f 732/759/32 736/760/32 733/757/32
f 735/761/32 738/762/32 736/760/32
f 737/763/32 740/764/32 738/762/32
f 739/765/32 742/766/32 740/764/32
f 742/766/32 739/765/32 741/767/32
f 744/768/32 741/767/32 743/769/32
f 731/756/32 730/754/32 729/755/32
f 745/770/32 747/771/32 748/772/32
f 746/773/32 750/774/32 747/771/32
f 749/775/32 752/776/32 750/774/32
f 751/777/32 754/778/32 752/776/32
f 753/779/32 756/780/32 754/778/32
f 756/780/32 753/779/32 755/781/32
f 758/782/32 755/781/32 757/783/32
f 703/728/32 758/782/32 757/783/32
f 759/784/32 761/785/32 762/786/32
f 760/787/32 764/788/32 761/785/32
f 763/789/32 766/790/32 764/788/32
f 765/791/32 768/792/32 766/790/32
f 767/793/32 770/794/32 768/792/32
f 770/794/32 767/793/32 769/795/32
f 772/796/32 769/795/32 771/797/32
f 745/770/32 772/796/32 771/797/32
f 776/798/32 774/799/32 775/800/32
f 778/801/32 775/800/32 777/802/32
f 780/803/32 777/802/32 779/804/32
f 781/805/32 783/806/32 784/807/32
f 783/806/32 781/805/32 782/808/32
f 784/807/32 731/756/32 729/755/32
f 788/809/32 786/810/32 787/811/32
f 786/810/32 788/809/32 785/812/32
f 790/813/32 787/811/32 789/814/32
f 792/815/32 789/814/32 791/816/32
f 793/817/32 795/818/32 796/819/32
f 795/818/32 793/817/32 794/820/32
f 796/819/32 797/821/32 798/822/32
f 743/769/32 1062/823/32 1023/824/32
f 717/742/32 799/825/32 773/826/32
f 800/827/32 802/828/32 803/829/32
f 801/830/32 805/831/32 802/828/32
f 804/832/32 807/833/32 805/831/32
f 806/834/32 809/835/32 807/833/32
f 808/836/32 811/837/32 809/835/32
f 811/837/32 808/836/32 810/838/32
f 813/839/32 810/838/32 812/840/32
f 759/784/32 813/839/32 812/840/32
f 814/841/32 816/842/32 817/843/32
f 815/844/32 819/845/32 816/842/32
f 818/846/32 821/847/32 819/845/32
f 820/848/32 823/849/32 821/847/32
f 822/850/32 825/851/32 823/849/32
f 825/851/32 822/850/32 824/852/32
f 827/853/32 824/852/32 826/854/32
f 800/827/32 827/853/32 826/854/32
f 836/855/32 675/856/32 829/857/32
f 828/858/32 676/859/32 675/856/32
f 830/860/32 677/861/32 676/859/32
f 831/862/32 678/863/32 677/861/32
f 832/864/32 679/865/32 678/863/32
f 679/865/32 832/864/32 833/866/32
f 835/867/32 833/866/32 834/868/32
f 835/867/32 814/841/32 817/843/32
f 836/855/32 1226/869/32 837/257/32
f 773/826/32 838/870/32 774/799/32
f 834/868/32 959/871/32 814/841/32
f 780/803/32 839/872/32 840/873/32
f 839/872/32 780/803/32 779/804/32
f 794/820/32 792/815/32 791/816/32
f 744/768/32 1023/824/32 1022/874/32
f 705/729/32 841/875/32 706/730/32
f 710/734/32 841/875/32 708/732/32
f 714/738/32 841/875/32 712/736/32
f 719/743/32 842/876/32 720/744/32
f 724/748/32 842/876/32 722/746/32
f 728/752/32 842/876/32 726/750/32
f 720/744/32 841/875/32 716/740/32
f 733/757/32 843/877/32 734/758/32
f 738/762/32 843/877/32 736/760/32
f 742/766/32 843/877/32 740/764/32
f 734/758/32 842/876/32 730/754/32
f 747/771/32 844/878/32 748/772/32
f 752/776/32 844/878/32 750/774/32
f 756/780/32 844/878/32 754/778/32
f 706/730/32 844/878/32 758/782/32
f 761/785/32 845/879/32 762/786/32
f 766/790/32 845/879/32 764/788/32
f 770/794/32 845/879/32 768/792/32
f 748/772/32 845/879/32 772/796/32
f 802/828/32 846/880/32 803/829/32
f 807/833/32 846/880/32 805/831/32
f 811/837/32 846/880/32 809/835/32
f 762/786/32 846/880/32 813/839/32
f 816/842/32 847/881/32 817/843/32
f 819/845/32 847/881/32 816/842/32
f 821/847/32 847/881/32 819/845/32
f 825/851/32 847/881/32 823/849/32
f 803/829/32 847/881/32 827/853/32
f 757/783/32 848/882/32 703/728/32
f 1062/823/32 797/821/32 1063/883/32
f 744/768/32 1086/884/32 843/877/32
f 848/882/32 850/885/32 851/886/32
f 851/886/32 852/887/32 853/888/32
f 853/888/32 854/889/32 855/890/32
f 855/890/32 856/891/32 857/892/32
f 857/892/32 858/893/32 859/894/32
f 858/893/32 857/892/32 856/891/32
f 859/894/32 860/895/32 861/896/32
f 862/897/32 864/898/32 865/899/32
f 865/899/32 866/900/32 867/901/32
f 867/901/32 868/902/32 869/903/32
f 869/903/32 870/904/32 871/905/32
f 871/905/32 872/906/32 873/907/32
f 872/906/32 871/905/32 870/904/32
f 873/907/32 874/908/32 875/909/32
f 862/897/32 860/895/32 863/910/32
f 876/911/32 878/912/32 879/913/32
f 879/913/32 880/914/32 881/915/32
f 881/915/32 882/916/32 883/917/32
f 883/917/32 884/918/32 885/919/32
f 885/919/32 886/920/32 887/921/32
f 886/920/32 885/919/32 884/918/32
f 887/921/32 888/922/32 889/923/32
f 876/911/32 874/908/32 877/924/32
f 890/925/32 892/926/32 893/927/32
f 893/927/32 894/928/32 895/929/32
f 895/929/32 896/930/32 897/931/32
f 897/931/32 898/932/32 899/933/32
f 899/933/32 900/934/32 901/935/32
f 900/934/32 899/933/32 898/932/32
f 901/935/32 902/936/32 903/937/32
f 848/882/32 902/936/32 849/938/32
f 904/939/32 906/940/32 907/941/32
f 907/941/32 908/942/32 909/943/32
f 909/943/32 910/944/32 911/945/32
f 911/945/32 912/946/32 913/947/32
f 913/947/32 914/948/32 915/949/32
f 914/948/32 913/947/32 912/946/32
f 915/949/32 916/950/32 917/951/32
f 890/925/32 916/950/32 891/952/32
f 919/953/32 921/954/32 918/955/32
f 921/954/32 919/953/32 920/956/32
f 922/957/32 920/956/32 919/953/32
f 924/958/32 923/959/32 922/957/32
f 926/960/32 928/961/32 929/962/32
f 928/961/32 926/960/32 927/963/32
f 927/963/32 876/911/32 930/964/32
f 931/965/32 933/966/32 930/964/32
f 933/966/32 931/965/32 932/967/32
f 932/967/32 934/968/32 935/969/32
f 935/969/32 936/970/32 937/971/32
f 938/972/32 940/973/32 941/974/32
f 940/973/32 938/972/32 939/975/32
f 943/976/32 939/975/32 942/977/32
f 933/966/32 927/963/32 930/964/32
f 862/897/32 944/978/32 861/896/32
f 945/979/32 947/980/32 948/981/32
f 948/981/32 949/982/32 950/983/32
f 950/983/32 951/984/32 952/985/32
f 952/985/32 953/986/32 954/987/32
f 954/987/32 955/988/32 956/989/32
f 955/988/32 954/987/32 953/986/32
f 956/989/32 957/990/32 958/991/32
f 904/939/32 957/990/32 905/992/32
f 959/871/32 961/993/32 962/994/32
f 962/994/32 963/995/32 964/996/32
f 964/996/32 965/997/32 966/998/32
f 966/998/32 967/999/32 968/1000/32
f 968/1000/32 969/1001/32 970/1002/32
f 969/1001/32 968/1000/32 967/999/32
f 970/1002/32 971/1003/32 972/1004/32
f 945/979/32 971/1003/32 946/1005/32
f 973/1006/32 975/1007/32 976/1008/32
f 976/1008/32 977/1009/32 978/1010/32
f 978/1010/32 979/1011/32 980/1012/32
f 980/1012/32 688/1013/32 981/1014/32
f 981/1014/32 689/1015/32 982/1016/32
f 689/1015/32 981/1014/32 688/1013/32
f 982/1016/32 983/1017/32 984/1018/32
f 959/871/32 983/1017/32 960/1019/32
f 973/1006/32 1229/1020/32 974/1021/32
f 918/955/32 985/1022/32 944/978/32
f 812/840/32 904/939/32 759/784/32
f 826/854/32 945/979/32 800/827/32
f 1232/412/32 973/1006/32 1234/1023/32
f 924/958/32 987/1024/32 925/1025/32
f 987/1024/32 924/958/32 986/1026/32
f 936/970/32 941/974/32 937/971/32
f 1131/1027/32 888/922/32 1132/1028/32
f 850/885/32 849/938/32 695/1029/32
f 854/889/32 852/887/32 695/1029/32
f 858/893/32 856/891/32 695/1029/32
f 864/898/32 863/910/32 696/1030/32
f 868/902/32 866/900/32 696/1030/32
f 872/906/32 870/904/32 696/1030/32
f 863/910/32 695/1029/32 696/1030/32
f 878/912/32 877/924/32 697/1031/32
f 882/916/32 880/914/32 697/1031/32
f 886/920/32 884/918/32 697/1031/32
f 877/924/32 696/1030/32 697/1031/32
f 892/926/32 891/952/32 694/1032/32
f 896/930/32 894/928/32 694/1032/32
f 900/934/32 898/932/32 694/1032/32
f 849/938/32 694/1032/32 695/1029/32
f 906/940/32 905/992/32 693/1033/32
f 910/944/32 908/942/32 693/1033/32
f 914/948/32 912/946/32 693/1033/32
f 891/952/32 693/1033/32 694/1032/32
f 947/980/32 946/1005/32 691/1034/32
f 951/984/32 949/982/32 691/1034/32
f 955/988/32 953/986/32 691/1034/32
f 905/992/32 691/1034/32 693/1033/32
f 961/993/32 960/1019/32 690/1035/32
f 963/995/32 961/993/32 690/1035/32
f 965/997/32 963/995/32 690/1035/32
f 969/1001/32 967/999/32 690/1035/32
f 946/1005/32 690/1035/32 691/1034/32
f 771/797/32 890/925/32 745/770/32
f 838/870/32 921/954/32 774/799/32
f 1185/1036/32 942/977/32 1186/1037/32
f 1132/1028/32 697/1031/32 698/1038/32
f 1237/1039/32 989/1040/32 1238/1041/32
f 1238/1041/32 990/1042/32 1239/1043/32
f 1239/1043/32 991/1044/32 1240/1045/32
f 1240/1045/32 992/1046/32 1241/1047/32
f 1241/1047/32 993/1048/32 1242/1049/32
f 993/1048/32 1241/1047/32 992/1046/32
f 1242/1049/32 994/1050/32 995/1051/32
f 996/1052/32 998/1053/32 999/1054/32
f 999/1054/32 1000/1055/32 1001/1056/32
f 1001/1056/32 1002/1057/32 1003/1058/32
f 1003/1058/32 1004/1059/32 1005/1060/32
f 1005/1060/32 1006/1061/32 1007/1062/32
f 1006/1061/32 1005/1060/32 1004/1059/32
f 1007/1062/32 1008/1063/32 1009/1064/32
f 996/1052/32 994/1050/32 997/1065/32
f 1010/1066/32 1012/1067/32 1013/1068/32
f 1013/1068/32 1014/1069/32 1015/1070/32
f 1015/1070/32 1016/1071/32 1017/1072/32
f 1017/1072/32 1018/1073/32 1019/1074/32
f 1019/1074/32 1020/1075/32 1021/1076/32
f 1020/1075/32 1019/1074/32 1018/1073/32
f 1021/1076/32 1022/874/32 1023/824/32
f 1010/1066/32 1008/1063/32 1011/1077/32
f 1243/1078/32 1025/1079/32 1244/1080/34
f 1244/1080/34 1026/1081/32 1245/1082/32
f 1245/1082/32 1027/1083/32 1246/1084/32
f 1246/1084/32 1028/1085/32 1247/1086/32
f 1247/1086/32 1029/1087/32 1248/1088/32
f 1029/1087/32 1247/1086/32 1028/1085/32
f 1248/1088/32 1030/1089/32 1249/1090/32
f 1237/1039/32 1030/1089/32 988/1091/32
f 1250/1092/32 1032/1093/32 1251/1094/32
f 1251/1094/32 1033/1095/32 1252/1096/32
f 1252/1096/32 1034/1097/32 1253/1098/32
f 1253/1098/32 1035/1099/32 1254/1100/32
f 1254/1100/32 1036/1101/32 1255/1102/32
f 1036/1101/32 1254/1100/32 1035/1099/32
f 1255/1102/32 1037/1103/32 1256/1104/32
f 1243/1078/32 1037/1103/32 1024/1105/32
f 1039/1106/32 1041/1107/32 1038/1108/32
f 1041/1107/32 1039/1106/32 1040/1109/35
f 1042/1110/32 1040/1109/35 1039/1106/32
f 1044/1111/32 1043/1112/32 1042/1110/32
f 1046/1113/32 1048/1114/32 1049/1115/32
f 1048/1114/32 1046/1113/32 1047/1116/32
f 1047/1116/32 1010/1066/32 1050/1117/32
f 1051/1118/32 1053/1119/32 1050/1117/32
f 1053/1119/32 1051/1118/32 1052/1120/32
f 1052/1120/32 1054/1121/32 1055/1122/32
f 1055/1122/32 1056/1123/32 1057/1124/32
f 1058/1125/32 1060/1126/32 1061/1127/32
f 1060/1126/32 1058/1125/32 1059/1128/32
f 1053/1119/32 1047/1116/32 1050/1117/32
f 996/1052/32 1064/1129/32 995/1051/32
f 1257/1130/32 1066/1131/32 1258/1132/32
f 1258/1132/32 1067/1133/32 1259/1134/32
f 1259/1134/32 1068/1135/32 1260/1136/32
f 1260/1136/32 1069/1137/32 1261/1138/32
f 1261/1138/32 1070/1139/32 1262/1140/32
f 1070/1139/32 1261/1138/32 1069/1137/32
f 1262/1140/32 1071/1141/32 1263/1142/32
f 1250/1092/32 1071/1141/32 1031/1143/32
f 1264/1144/32 1073/1145/32 1265/1146/32
f 1265/1146/32 1074/1147/32 1266/1148/32
f 1266/1148/32 1075/1149/32 1267/1150/32
f 1267/1150/32 1076/1151/32 1268/1152/32
f 1268/1152/32 1077/1153/32 1269/1154/32
f 1077/1153/32 1268/1152/32 1076/1151/32
f 1269/1154/32 1078/1155/32 1270/1156/32
f 1257/1130/32 1078/1155/32 1065/1157/32
f 1271/1158/32 1080/1159/32 1272/1160/32
f 1272/1160/32 673/1161/32 1273/1162/32
f 1273/1162/32 672/1163/32 1274/1164/32
f 1274/1164/32 671/1165/32 1275/1166/32
f 1275/1166/32 670/1167/32 1276/1168/32
f 670/1167/32 1275/1166/32 671/1165/32
f 1276/1168/32 669/1169/32 1277/1170/32
f 1264/1144/32 669/1169/32 1072/1171/32
f 1271/1158/32 1227/1172/32 1079/1173/32
f 1038/1108/32 1081/1174/32 1064/1129/32
f 1279/1175/32 1264/1144/32 1202/1176/32
f 1044/1111/32 1083/1177/32 1045/1178/32
f 1083/1177/32 1044/1111/32 1082/1179/32
f 1056/1123/32 1061/1127/32 1057/1124/32
f 989/1040/32 988/1091/32 1084/1180/32
f 990/1042/32 989/1040/32 1084/1180/32
f 992/1046/32 991/1044/32 1084/1180/32
f 993/1048/32 992/1046/32 1084/1180/32
f 998/1053/32 997/1065/32 1085/1181/32
f 1002/1057/32 1000/1055/32 1085/1181/32
f 1006/1061/32 1004/1059/32 1085/1181/32
f 997/1065/32 1084/1180/32 1085/1181/32
f 1012/1067/32 1011/1077/32 1086/884/32
f 1016/1071/32 1014/1069/32 1086/884/32
f 1020/1075/32 1018/1073/32 1086/884/32
f 1011/1077/32 1085/1181/32 1086/884/32
f 1025/1079/32 1024/1105/32 1087/1182/32
f 1027/1083/32 1026/1081/32 1087/1182/32
f 1029/1087/32 1028/1085/32 1087/1182/32
f 988/1091/32 1087/1182/32 1084/1180/32
f 1032/1093/32 1031/1143/32 1088/1183/32
f 1034/1097/32 1033/1095/32 1088/1183/32
f 1036/1101/32 1035/1099/32 1088/1183/32
f 1024/1105/32 1088/1183/32 1087/1182/32
f 1066/1131/32 1065/1157/32 1089/1184/32
f 1068/1135/32 1067/1133/32 1089/1184/32
f 1070/1139/32 1069/1137/32 1089/1184/32
f 1031/1143/32 1089/1184/32 1088/1183/32
f 1073/1145/32 1072/1171/32 1090/1185/32
f 1074/1147/32 1073/1145/32 1090/1185/32
f 1076/1151/32 1075/1149/32 1090/1185/32
f 1077/1153/32 1076/1151/32 1090/1185/32
f 1065/1157/32 1090/1185/32 1089/1184/32
f 1145/1186/32 1237/1039/32 1091/1187/32
f 1091/1187/32 1093/1188/32 1094/1189/32
f 1092/1190/32 1096/1191/32 1093/1188/32
f 1095/1192/32 1098/1193/32 1096/1191/32
f 1097/1194/32 1100/1195/32 1098/1193/32
f 1099/1196/32 1102/1197/32 1100/1195/32
f 1102/1197/32 1099/1196/32 1101/1198/32
f 1104/1199/32 1101/1198/32 1103/1200/32
f 1105/1201/32 1107/1202/32 1108/1203/32
f 1106/1204/32 1110/1205/32 1107/1202/32
f 1109/1206/32 1112/1207/32 1110/1205/32
f 1111/1208/32 1114/1209/32 1112/1207/32
f 1113/1210/32 1116/1211/32 1114/1209/32
f 1116/1211/32 1113/1210/32 1115/1212/32
f 1118/1213/32 1115/1212/32 1117/1214/32
f 1105/1201/32 1104/1199/32 1103/1200/32
f 1119/1215/32 1121/1216/32 1122/1217/32
f 1120/1218/32 1124/1219/32 1121/1216/32
f 1123/1220/32 1126/1221/32 1124/1219/32
f 1125/1222/32 1128/1223/32 1126/1221/32
f 1127/1224/32 1130/1225/32 1128/1223/32
f 1130/1225/32 1127/1224/32 1129/1226/32
f 1119/1215/32 1118/1213/32 1117/1214/32
f 1133/1227/32 1135/1228/32 1136/1229/32
f 1134/1230/32 1138/1231/32 1135/1228/32
f 1137/1232/32 1140/1233/32 1138/1231/32
f 1139/1234/32 1142/1235/32 1140/1233/32
f 1141/1236/32 1144/1237/32 1142/1235/32
f 1144/1237/32 1141/1236/32 1143/1238/32
f 1146/1239/32 1143/1238/32 1145/1186/32
f 1091/1187/32 1146/1239/32 1145/1186/32
f 1147/1240/32 1149/1241/32 1150/1242/32
f 1148/1243/32 1152/1244/32 1149/1241/32
f 1151/1245/32 1154/1246/32 1152/1244/32
f 1153/1247/32 1156/1248/32 1154/1246/32
f 1155/1249/32 1158/1250/32 1156/1248/32
f 1158/1250/32 1155/1249/32 1157/1251/32
f 1160/1252/32 1157/1251/32 1159/1253/32
f 1133/1227/32 1160/1252/32 1159/1253/32
f 1164/1254/32 1162/1255/32 1163/1256/35
f 1166/1257/32 1163/1256/35 1165/1258/32
f 1168/1259/32 1165/1258/32 1167/1260/32
f 1169/1261/32 1171/1262/32 1172/1263/32
f 1171/1262/32 1169/1261/32 1170/1264/32
f 1172/1263/32 1119/1215/32 1117/1214/32
f 1176/1265/32 1174/1266/32 1175/1267/32
f 1174/1266/32 1176/1265/32 1173/1268/32
f 1178/1269/32 1175/1267/32 1177/1270/32
f 1180/1271/32 1177/1270/32 1179/1272/32
f 1181/1273/32 1183/1274/32 1184/1275/32
f 1183/1274/32 1181/1273/32 1182/1276/32
f 1131/1027/32 942/977/32 889/923/32
f 1105/1201/32 1187/1277/32 1161/1278/32
f 1188/1279/32 1190/1280/32 1191/1281/32
f 1189/1282/32 1193/1283/32 1190/1280/32
f 1192/1284/32 1195/1285/32 1193/1283/32
f 1194/1286/32 1197/1287/32 1195/1285/32
f 1196/1288/32 1199/1289/32 1197/1287/32
f 1199/1289/32 1196/1288/32 1198/1290/32
f 1201/1291/32 1198/1290/32 1200/1292/32
f 1147/1240/32 1201/1291/32 1200/1292/32
f 1202/1176/32 1204/1293/32 1205/1294/32
f 1203/1295/32 1207/1296/32 1204/1293/32
f 1206/1297/32 1209/1298/32 1207/1296/32
f 1208/1299/32 1211/1300/32 1209/1298/32
f 1210/1301/32 1213/1302/32 1211/1300/32
f 1213/1302/32 1210/1301/32 1212/1303/32
f 1215/1304/32 1212/1303/32 1214/1305/32
f 1188/1279/32 1215/1304/32 1214/1305/32
f 1216/1306/32 685/1307/32 686/1308/32
f 1217/1309/32 1219/1310/32 685/1307/32
f 1218/1311/32 684/1312/32 1219/1310/32
f 1220/1313/32 683/1314/32 684/1312/32
f 1221/1315/32 682/1316/32 683/1314/32
f 682/1316/32 1221/1315/32 1278/1317/32
f 680/1318/32 1278/1317/32 1279/1175/32
f 680/1318/32 1202/1176/32 1205/1294/32
f 1216/1306/32 1228/1319/32 1222/1320/32
f 1161/1278/32 1223/1321/32 1162/1255/32
f 1200/1292/32 1250/1092/32 1147/1240/32
f 1214/1305/32 1257/1130/32 1188/1279/32
f 1216/1306/32 1231/1322/32 1280/1323/32
f 1168/1259/32 1224/1324/32 1225/1325/32
f 1224/1324/32 1168/1259/32 1167/1260/32
f 1182/1276/32 1180/1271/32 1179/1272/32
f 1093/1188/32 700/1326/32 1094/1189/32
f 1098/1193/32 700/1326/32 1096/1191/32
f 1102/1197/32 700/1326/32 1100/1195/32
f 1107/1202/32 699/1327/32 1108/1203/32
f 1112/1207/32 699/1327/32 1110/1205/32
f 1116/1211/32 699/1327/32 1114/1209/32
f 1108/1203/32 700/1326/32 1104/1199/32
f 1121/1216/32 698/1038/32 1122/1217/32
f 1126/1221/32 698/1038/32 1124/1219/32
f 1130/1225/32 698/1038/32 1128/1223/32
f 1122/1217/32 699/1327/32 1118/1213/32
f 1135/1228/32 701/1328/32 1136/1229/32
f 1140/1233/32 701/1328/32 1138/1231/32
f 1144/1237/32 701/1328/32 1142/1235/32
f 1094/1189/32 701/1328/32 1146/1239/32
f 1149/1241/32 702/1329/32 1150/1242/32
f 1154/1246/32 702/1329/32 1152/1244/32
f 1158/1250/32 702/1329/32 1156/1248/32
f 1136/1229/32 702/1329/32 1160/1252/32
f 1190/1280/32 692/1330/32 1191/1281/32
f 1195/1285/32 692/1330/32 1193/1283/32
f 1199/1289/32 692/1330/32 1197/1287/32
f 1150/1242/32 692/1330/32 1201/1291/32
f 1204/1293/32 681/1331/32 1205/1294/32
f 1207/1296/32 681/1331/32 1204/1293/32
f 1209/1298/32 681/1331/32 1207/1296/32
f 1213/1302/32 681/1331/32 1211/1300/32
f 1191/1281/32 681/1331/32 1215/1304/32
f 1159/1253/32 1243/1078/32 1133/1227/32
f 1223/1321/32 1041/1107/32 1162/1255/32
f 1233/722/32 836/855/32 837/257/32
f 1271/1158/32 1230/1332/32 674/1333/32
f 1234/1023/32 1233/722/32 1232/412/32
f 1231/1322/32 1236/1334/32 1280/1323/32
f 705/729/32 703/728/32 704/731/32
f 708/732/32 704/731/32 707/733/32
f 710/734/32 707/733/32 709/735/32
f 712/736/32 709/735/32 711/737/32
f 714/738/32 713/739/32 716/740/32
f 719/743/32 717/742/32 718/745/32
f 722/746/32 718/745/32 721/747/32
f 724/748/32 721/747/32 723/749/32
f 726/750/32 723/749/32 725/751/32
f 728/752/32 727/753/32 730/754/32
f 716/740/32 717/742/32 720/744/32
f 733/757/32 731/756/32 732/759/32
f 736/760/32 732/759/32 735/761/32
f 738/762/32 735/761/32 737/763/32
f 740/764/32 737/763/32 739/765/32
f 742/766/32 741/767/32 744/768/32
f 730/754/32 731/756/32 734/758/32
f 747/771/32 745/770/32 746/773/32
f 750/774/32 746/773/32 749/775/32
f 752/776/32 749/775/32 751/777/32
f 754/778/32 751/777/32 753/779/32
f 756/780/32 755/781/32 758/782/32
f 758/782/32 703/728/32 706/730/32
f 761/785/32 759/784/32 760/787/32
f 764/788/32 760/787/32 763/789/32
f 766/790/32 763/789/32 765/791/32
f 768/792/32 765/791/32 767/793/32
f 770/794/32 769/795/32 772/796/32
f 772/796/32 745/770/32 748/772/32
f 774/799/32 776/798/32 773/826/32
f 775/800/32 778/801/32 776/798/32
f 777/802/32 780/803/32 778/801/32
f 784/807/32 783/806/32 786/810/32
f 782/808/32 781/805/32 840/873/32
f 731/756/32 784/807/32 785/812/32
f 788/809/32 787/811/32 790/813/32
f 786/810/32 785/812/32 784/807/32
f 789/814/32 792/815/32 790/813/32
f 796/819/32 795/818/32 797/821/32
f 794/820/32 793/817/32 792/815/32
f 798/822/32 797/821/32 1062/823/32
f 1062/823/32 743/769/32 798/822/32
f 799/825/32 717/742/32 715/741/32
f 802/828/32 800/827/32 801/830/32
f 805/831/32 801/830/32 804/832/32
f 807/833/32 804/832/32 806/834/32
f 809/835/32 806/834/32 808/836/32
f 811/837/32 810/838/32 813/839/32
f 813/839/32 759/784/32 762/786/32
f 816/842/32 814/841/32 815/844/32
f 819/845/32 815/844/32 818/846/32
f 821/847/32 818/846/32 820/848/32
f 823/849/32 820/848/32 822/850/32
f 825/851/32 824/852/32 827/853/32
f 827/853/32 800/827/32 803/829/32
f 675/856/32 836/855/32 828/858/32
f 676/859/32 828/858/32 830/860/32
f 677/861/32 830/860/32 831/862/32
f 678/863/32 831/862/32 832/864/32
f 679/865/32 833/866/32 835/867/32
f 835/867/32 834/868/32 814/841/32
f 1226/869/32 836/855/32 829/857/32
f 838/870/32 773/826/32 799/825/32
f 959/871/32 834/868/32 984/1018/32
f 840/873/32 839/872/32 782/808/32
f 1023/824/32 744/768/32 743/769/32
f 841/875/32 705/729/32 708/732/32
f 841/875/32 710/734/32 712/736/32
f 841/875/32 714/738/32 716/740/32
f 842/876/32 719/743/32 722/746/32
f 842/876/32 724/748/32 726/750/32
f 842/876/32 728/752/32 730/754/32
f 841/875/32 720/744/32 842/876/32
f 843/877/32 733/757/32 736/760/32
f 843/877/32 738/762/32 740/764/32
f 843/877/32 742/766/32 744/768/32
f 842/876/32 734/758/32 843/877/32
f 844/878/32 747/771/32 750/774/32
f 844/878/32 752/776/32 754/778/32
f 844/878/32 756/780/32 758/782/32
f 844/878/32 706/730/32 841/875/32
f 845/879/32 761/785/32 764/788/32
f 845/879/32 766/790/32 768/792/32
f 845/879/32 770/794/32 772/796/32
f 845/879/32 748/772/32 844/878/32
f 846/880/32 802/828/32 805/831/32
f 846/880/32 807/833/32 809/835/32
f 846/880/32 811/837/32 813/839/32
f 846/880/32 762/786/32 845/879/32
f 817/843/32 847/881/32 835/867/32
f 847/881/32 821/847/32 823/849/32
f 847/881/32 825/851/32 827/853/32
f 847/881/32 803/829/32 846/880/32
f 848/882/32 757/783/32 903/937/32
f 1062/823/32 1063/883/32 1059/1128/32
f 1086/884/32 744/768/32 1022/874/32
f 850/885/32 848/882/32 849/938/32
f 852/887/32 851/886/32 850/885/32
f 854/889/32 853/888/32 852/887/32
f 856/891/32 855/890/32 854/889/32
f 859/894/32 858/893/32 860/895/32
f 864/898/32 862/897/32 863/910/32
f 866/900/32 865/899/32 864/898/32
f 868/902/32 867/901/32 866/900/32
f 870/904/32 869/903/32 868/902/32
f 873/907/32 872/906/32 874/908/32
f 860/895/32 862/897/32 861/896/32
f 878/912/32 876/911/32 877/924/32
f 880/914/32 879/913/32 878/912/32
f 882/916/32 881/915/32 880/914/32
f 884/918/32 883/917/32 882/916/32
f 887/921/32 886/920/32 888/922/32
f 889/923/32 888/922/32 1131/1027/32
f 874/908/32 876/911/32 875/909/32
f 892/926/32 890/925/32 891/952/32
f 894/928/32 893/927/32 892/926/32
f 896/930/32 895/929/32 894/928/32
f 898/932/32 897/931/32 896/930/32
f 901/935/32 900/934/32 902/936/32
f 902/936/32 848/882/32 903/937/32
f 906/940/32 904/939/32 905/992/32
f 908/942/32 907/941/32 906/940/32
f 910/944/32 909/943/32 908/942/32
f 912/946/32 911/945/32 910/944/32
f 915/949/32 914/948/32 916/950/32
f 916/950/32 890/925/32 917/951/32
f 918/955/32 921/954/32 985/1022/32
f 920/956/32 922/957/32 923/959/32
f 923/959/32 924/958/32 925/1025/32
f 926/960/32 929/962/32 986/1026/32
f 876/911/32 927/963/32 875/909/32
f 932/967/32 931/965/32 934/968/32
f 935/969/32 934/968/32 936/970/32
f 940/973/32 939/975/32 943/976/32
f 943/976/32 942/977/32 1185/1036/32
f 927/963/32 933/966/32 928/961/32
f 944/978/32 862/897/32 918/955/32
f 947/980/32 945/979/32 946/1005/32
f 949/982/32 948/981/32 947/980/32
f 951/984/32 950/983/32 949/982/32
f 953/986/32 952/985/32 951/984/32
f 956/989/32 955/988/32 957/990/32
f 957/990/32 904/939/32 958/991/32
f 961/993/32 959/871/32 960/1019/32
f 963/995/32 962/994/32 961/993/32
f 965/997/32 964/996/32 963/995/32
f 967/999/32 966/998/32 965/997/32
f 970/1002/32 969/1001/32 971/1003/32
f 971/1003/32 945/979/32 972/1004/32
f 975/1007/32 973/1006/32 974/1021/32
f 977/1009/32 976/1008/32 975/1007/32
f 979/1011/32 978/1010/32 977/1009/32
f 688/1013/32 980/1012/32 979/1011/32
f 982/1016/32 689/1015/32 983/1017/32
f 984/1018/32 983/1017/32 959/871/32
f 1229/1020/32 973/1006/32 687/726/32
f 904/939/32 812/840/32 958/991/32
f 945/979/32 826/854/32 972/1004/32
f 973/1006/32 1232/412/32 687/726/32
f 987/1024/32 986/1026/32 929/962/32
f 941/974/32 936/970/32 938/972/32
f 1131/1027/32 1132/1028/32 1129/1226/32
f 850/885/32 695/1029/32 852/887/32
f 854/889/32 695/1029/32 856/891/32
f 858/893/32 695/1029/32 860/895/32
f 864/898/32 696/1030/32 866/900/32
f 868/902/32 696/1030/32 870/904/32
f 872/906/32 696/1030/32 874/908/32
f 695/1029/32 863/910/32 860/895/32
f 878/912/32 697/1031/32 880/914/32
f 882/916/32 697/1031/32 884/918/32
f 886/920/32 697/1031/32 888/922/32
f 696/1030/32 877/924/32 874/908/32
f 892/926/32 694/1032/32 894/928/32
f 896/930/32 694/1032/32 898/932/32
f 900/934/32 694/1032/32 902/936/32
f 694/1032/32 849/938/32 902/936/32
f 906/940/32 693/1033/32 908/942/32
f 910/944/32 693/1033/32 912/946/32
f 914/948/32 693/1033/32 916/950/32
f 693/1033/32 891/952/32 916/950/32
f 947/980/32 691/1034/32 949/982/32
f 951/984/32 691/1034/32 953/986/32
f 955/988/32 691/1034/32 957/990/32
f 691/1034/32 905/992/32 957/990/32
f 690/1035/32 960/1019/32 983/1017/32
f 965/997/32 690/1035/32 967/999/32
f 969/1001/32 690/1035/32 971/1003/32
f 690/1035/32 946/1005/32 971/1003/32
f 890/925/32 771/797/32 917/951/32
f 921/954/32 838/870/32 985/1022/32
f 1185/1036/32 1186/1037/32 1184/1275/32
f 697/1031/32 1132/1028/32 888/922/32
f 989/1040/32 1237/1039/32 988/1091/32
f 990/1042/32 1238/1041/32 989/1040/32
f 991/1044/32 1239/1043/32 990/1042/32
f 992/1046/32 1240/1045/32 991/1044/32
f 1242/1049/32 993/1048/32 994/1050/32
f 998/1053/32 996/1052/32 997/1065/32
f 1000/1055/32 999/1054/32 998/1053/32
f 1002/1057/32 1001/1056/32 1000/1055/32
f 1004/1059/32 1003/1058/32 1002/1057/32
f 1007/1062/32 1006/1061/32 1008/1063/32
f 994/1050/32 996/1052/32 995/1051/32
f 1012/1067/32 1010/1066/32 1011/1077/32
f 1014/1069/32 1013/1068/32 1012/1067/32
f 1016/1071/32 1015/1070/32 1014/1069/32
f 1018/1073/32 1017/1072/32 1016/1071/32
f 1021/1076/32 1020/1075/32 1022/874/32
f 1008/1063/32 1010/1066/32 1009/1064/32
f 1025/1079/32 1243/1078/32 1024/1105/32
f 1026/1081/32 1244/1080/34 1025/1079/32
f 1027/1083/32 1245/1082/32 1026/1081/32
f 1028/1085/32 1246/1084/32 1027/1083/32
f 1248/1088/32 1029/1087/32 1030/1089/32
f 1030/1089/32 1237/1039/32 1249/1090/32
f 1032/1093/32 1250/1092/32 1031/1143/32
f 1033/1095/32 1251/1094/32 1032/1093/32
f 1034/1097/32 1252/1096/32 1033/1095/32
f 1035/1099/32 1253/1098/32 1034/1097/32
f 1255/1102/32 1036/1101/32 1037/1103/32
f 1037/1103/32 1243/1078/32 1256/1104/32
f 1038/1108/32 1041/1107/32 1081/1174/32
f 1040/1109/35 1042/1110/32 1043/1112/32
f 1043/1112/32 1044/1111/32 1045/1178/32
f 1046/1113/32 1049/1115/32 1082/1179/32
f 1010/1066/32 1047/1116/32 1009/1064/32
f 1052/1120/32 1051/1118/32 1054/1121/32
f 1055/1122/32 1054/1121/32 1056/1123/32
f 1060/1126/32 1059/1128/32 1063/883/32
f 1047/1116/32 1053/1119/32 1048/1114/32
f 1064/1129/32 996/1052/32 1038/1108/32
f 1066/1131/32 1257/1130/32 1065/1157/32
f 1067/1133/32 1258/1132/32 1066/1131/32
f 1068/1135/32 1259/1134/32 1067/1133/32
f 1069/1137/32 1260/1136/32 1068/1135/32
f 1262/1140/32 1070/1139/32 1071/1141/32
f 1071/1141/32 1250/1092/32 1263/1142/32
f 1073/1145/32 1264/1144/32 1072/1171/32
f 1074/1147/32 1265/1146/32 1073/1145/32
f 1075/1149/32 1266/1148/32 1074/1147/32
f 1076/1151/32 1267/1150/32 1075/1149/32
f 1269/1154/32 1077/1153/32 1078/1155/32
f 1078/1155/32 1257/1130/32 1270/1156/32
f 1080/1159/32 1271/1158/32 1079/1173/32
f 673/1161/32 1272/1160/32 1080/1159/32
f 672/1163/32 1273/1162/32 673/1161/32
f 671/1165/32 1274/1164/32 672/1163/32
f 1276/1168/32 670/1167/32 669/1169/32
f 1277/1170/32 669/1169/32 1264/1144/32
f 1227/1172/32 1271/1158/32 674/1333/32
f 1264/1144/32 1279/1175/32 1277/1170/32
f 1083/1177/32 1082/1179/32 1049/1115/32
f 1061/1127/32 1056/1123/32 1058/1125/32
f 990/1042/32 1084/1180/32 991/1044/32
f 993/1048/32 1084/1180/32 994/1050/32
f 998/1053/32 1085/1181/32 1000/1055/32
f 1002/1057/32 1085/1181/32 1004/1059/32
f 1006/1061/32 1085/1181/32 1008/1063/32
f 1084/1180/32 997/1065/32 994/1050/32
f 1012/1067/32 1086/884/32 1014/1069/32
f 1016/1071/32 1086/884/32 1018/1073/32
f 1020/1075/32 1086/884/32 1022/874/32
f 1085/1181/32 1011/1077/32 1008/1063/32
f 1025/1079/32 1087/1182/32 1026/1081/32
f 1027/1083/32 1087/1182/32 1028/1085/32
f 1029/1087/32 1087/1182/32 1030/1089/32
f 1087/1182/32 988/1091/32 1030/1089/32
f 1032/1093/32 1088/1183/32 1033/1095/32
f 1034/1097/32 1088/1183/32 1035/1099/32
f 1036/1101/32 1088/1183/32 1037/1103/32
f 1088/1183/32 1024/1105/32 1037/1103/32
f 1066/1131/32 1089/1184/32 1067/1133/32
f 1068/1135/32 1089/1184/32 1069/1137/32
f 1070/1139/32 1089/1184/32 1071/1141/32
f 1089/1184/32 1031/1143/32 1071/1141/32
f 1090/1185/32 1072/1171/32 669/1169/32
f 1074/1147/32 1090/1185/32 1075/1149/32
f 1077/1153/32 1090/1185/32 1078/1155/32
f 1090/1185/32 1065/1157/32 1078/1155/32
f 1237/1039/32 1145/1186/32 1249/1090/32
f 1093/1188/32 1091/1187/32 1092/1190/32
f 1096/1191/32 1092/1190/32 1095/1192/32
f 1098/1193/32 1095/1192/32 1097/1194/32
f 1100/1195/32 1097/1194/32 1099/1196/32
f 1102/1197/32 1101/1198/32 1104/1199/32
f 1107/1202/32 1105/1201/32 1106/1204/32
f 1110/1205/32 1106/1204/32 1109/1206/32
f 1112/1207/32 1109/1206/32 1111/1208/32
f 1114/1209/32 1111/1208/32 1113/1210/32
f 1116/1211/32 1115/1212/32 1118/1213/32
f 1104/1199/32 1105/1201/32 1108/1203/32
f 1121/1216/32 1119/1215/32 1120/1218/32
f 1124/1219/32 1120/1218/32 1123/1220/32
f 1126/1221/32 1123/1220/32 1125/1222/32
f 1128/1223/32 1125/1222/32 1127/1224/32
f 1130/1225/32 1129/1226/32 1132/1028/32
f 1118/1213/32 1119/1215/32 1122/1217/32
f 1135/1228/32 1133/1227/32 1134/1230/32
f 1138/1231/32 1134/1230/32 1137/1232/32
f 1140/1233/32 1137/1232/32 1139/1234/32
f 1142/1235/32 1139/1234/32 1141/1236/32
f 1144/1237/32 1143/1238/32 1146/1239/32
f 1146/1239/32 1091/1187/32 1094/1189/32
f 1149/1241/32 1147/1240/32 1148/1243/32
f 1152/1244/32 1148/1243/32 1151/1245/32
f 1154/1246/32 1151/1245/32 1153/1247/32
f 1156/1248/32 1153/1247/32 1155/1249/32
f 1158/1250/32 1157/1251/32 1160/1252/32
f 1160/1252/32 1133/1227/32 1136/1229/32
f 1162/1255/32 1164/1254/32 1161/1278/32
f 1163/1256/35 1166/1257/32 1164/1254/32
f 1165/1258/32 1168/1259/32 1166/1257/32
f 1172/1263/32 1171/1262/32 1174/1266/32
f 1170/1264/32 1169/1261/32 1225/1325/32
f 1119/1215/32 1172/1263/32 1173/1268/32
f 1176/1265/32 1175/1267/32 1178/1269/32
f 1174/1266/32 1173/1268/32 1172/1263/32
f 1177/1270/32 1180/1271/32 1178/1269/32
f 1184/1275/32 1183/1274/32 1185/1036/32
f 1182/1276/32 1181/1273/32 1180/1271/32
f 942/977/32 1131/1027/32 1186/1037/32
f 1187/1277/32 1105/1201/32 1103/1200/32
f 1190/1280/32 1188/1279/32 1189/1282/32
f 1193/1283/32 1189/1282/32 1192/1284/32
f 1195/1285/32 1192/1284/32 1194/1286/32
f 1197/1287/32 1194/1286/32 1196/1288/32
f 1199/1289/32 1198/1290/32 1201/1291/32
f 1201/1291/32 1147/1240/32 1150/1242/32
f 1204/1293/32 1202/1176/32 1203/1295/32
f 1207/1296/32 1203/1295/32 1206/1297/32
f 1209/1298/32 1206/1297/32 1208/1299/32
f 1211/1300/32 1208/1299/32 1210/1301/32
f 1213/1302/32 1212/1303/32 1215/1304/32
f 1215/1304/32 1188/1279/32 1191/1281/32
f 685/1307/32 1216/1306/32 1217/1309/32
f 1219/1310/32 1217/1309/32 1218/1311/32
f 684/1312/32 1218/1311/32 1220/1313/32
f 683/1314/32 1220/1313/32 1221/1315/32
f 682/1316/32 1278/1317/32 680/1318/32
f 680/1318/32 1279/1175/32 1202/1176/32
f 1228/1319/32 1216/1306/32 686/1308/32
f 1223/1321/32 1161/1278/32 1187/1277/32
f 1250/1092/32 1200/1292/32 1263/1142/32
f 1257/1130/32 1214/1305/32 1270/1156/32
f 1231/1322/32 1216/1306/32 1222/1320/32
f 1225/1325/32 1224/1324/32 1170/1264/32
f 700/1326/32 1093/1188/32 1096/1191/32
f 700/1326/32 1098/1193/32 1100/1195/32
f 700/1326/32 1102/1197/32 1104/1199/32
f 699/1327/32 1107/1202/32 1110/1205/32
f 699/1327/32 1112/1207/32 1114/1209/32
f 699/1327/32 1116/1211/32 1118/1213/32
f 700/1326/32 1108/1203/32 699/1327/32
f 698/1038/32 1121/1216/32 1124/1219/32
f 698/1038/32 1126/1221/32 1128/1223/32
f 698/1038/32 1130/1225/32 1132/1028/32
f 699/1327/32 1122/1217/32 698/1038/32
f 701/1328/32 1135/1228/32 1138/1231/32
f 701/1328/32 1140/1233/32 1142/1235/32
f 701/1328/32 1144/1237/32 1146/1239/32
f 701/1328/32 1094/1189/32 700/1326/32
f 702/1329/32 1149/1241/32 1152/1244/32
f 702/1329/32 1154/1246/32 1156/1248/32
f 702/1329/32 1158/1250/32 1160/1252/32
f 702/1329/32 1136/1229/32 701/1328/32
f 692/1330/32 1190/1280/32 1193/1283/32
f 692/1330/32 1195/1285/32 1197/1287/32
f 692/1330/32 1199/1289/32 1201/1291/32
f 692/1330/32 1150/1242/32 702/1329/32
f 1205/1294/32 681/1331/32 680/1318/32
f 681/1331/32 1209/1298/32 1211/1300/32
f 681/1331/32 1213/1302/32 1215/1304/32
f 681/1331/32 1191/1281/32 692/1330/32
f 1243/1078/32 1159/1253/32 1256/1104/32
f 1041/1107/32 1223/1321/32 1081/1174/32
f 836/855/32 1233/722/32 1235/1335/32
f 1230/1332/32 1271/1158/32 1236/1334/32
f 1233/722/32 1234/1023/32 1235/1335/32
f 1236/1334/32 1231/1322/32 1230/1332/32
f 704/1336/36 91/1337/37 92/1338/36
f 707/1339/38 92/1340/36 95/1341/38
f 709/1342/39 95/1341/38 97/1343/39
f 711/1344/40 97/1343/39 99/1345/40
f 713/1346/41 99/1347/40 101/1348/41
f 715/1349/42 101/1348/41 103/1350/42
f 718/1351/36 105/1352/43 106/1353/36
f 721/1354/38 106/1355/36 109/1356/38
f 723/1357/39 109/1356/38 111/1358/39
f 725/1359/40 111/1358/39 113/1360/40
f 727/1361/41 113/1362/40 115/1363/41
f 729/1364/42 115/1363/41 117/1365/42
f 732/1366/36 119/1367/37 120/1368/36
f 735/1369/38 120/1370/36 123/1371/38
f 737/1372/39 123/1371/38 125/1373/39
f 739/1374/40 125/1373/39 127/1375/40
f 741/1376/41 127/1377/40 129/1378/41
f 743/1379/42 129/1378/41 131/1380/42
f 746/1381/36 133/1382/37 134/1383/36
f 749/1384/38 134/1360/36 137/1385/38
f 751/1386/39 137/1385/38 139/1387/39
f 753/1388/40 139/1387/39 141/1389/40
f 755/1390/41 141/1391/40 143/1392/41
f 757/1393/42 143/1392/41 145/1394/42
f 760/1383/36 147/1395/37 148/1396/36
f 763/1397/38 148/1398/36 151/1399/38
f 765/1400/39 151/1399/38 153/1401/39
f 767/1402/40 153/1401/39 155/1340/40
f 769/1403/41 155/1404/40 157/1405/41
f 771/1406/42 157/1405/41 159/1407/42
f 775/1408/44 162/1409/45 163/1410/44
f 773/1411/46 164/1412/47 161/1413/46
f 777/1414/48 163/1410/44 165/1415/48
f 776/1416/47 166/1368/49 164/1412/47
f 779/1417/50 165/1418/48 167/1419/50
f 778/1420/49 168/1421/51 166/1422/49
f 781/1423/52 172/1424/53 169/1425/52
f 783/1426/54 170/1427/55 171/1428/54
f 784/1429/53 117/1365/42 172/1424/53
f 731/1430/37 173/1431/46 119/1367/37
f 787/1432/39 174/1433/39 175/1434/39
f 785/1435/46 176/1436/47 173/1431/46
f 789/1437/39 175/1434/39 177/1438/39
f 788/1439/47 178/1440/49 176/1436/47
f 791/1441/39 177/1438/39 179/1442/39
f 790/1443/49 180/1444/51 178/1445/49
f 793/1446/56 184/1447/52 181/1448/56
f 795/1449/39 182/1450/39 183/1451/39
f 796/1452/52 186/1453/53 184/1447/52
f 797/1454/39 183/1451/39 185/1455/39
f 786/1456/39 171/1428/54 174/1433/39
f 1023/1457/37 450/1458/46 411/1459/37
f 798/1460/53 131/1380/42 186/1453/53
f 717/1461/43 161/1413/46 105/1352/43
f 799/1462/20 103/1350/42 187/1463/20
f 801/1464/36 188/1465/43 189/1466/36
f 804/1422/57 189/1467/36 192/1354/38
f 806/1468/39 192/1354/38 194/1357/39
f 808/1469/40 194/1357/39 196/1359/40
f 810/1348/41 196/1470/40 198/1471/41
f 812/1350/42 198/1471/41 200/1472/42
f 815/1338/36 202/1473/37 203/1474/36
f 818/1385/38 203/1475/36 206/1476/38
f 820/1387/39 206/1476/38 208/1477/39
f 822/1389/40 208/1477/39 210/1478/40
f 824/1471/41 210/1479/40 212/1480/41
f 826/1472/42 212/1480/41 214/1481/42
f 828/1482/58 224/1483/37 216/1484/58
f 830/1371/38 216/1485/58 218/1486/38
f 831/1373/39 218/1486/38 219/1487/39
f 832/1375/40 219/1487/39 220/1484/40
f 833/1488/59 220/1489/40 221/1490/59
f 834/1491/42 221/1490/59 222/1492/42
f 838/1493/20 187/1463/20 226/1494/20
f 814/1495/37 347/1496/46 202/1473/37
f 984/1497/53 222/1492/42 372/1498/53
f 780/1499/51 228/1500/56 168/1421/51
f 839/1501/60 167/1419/50 227/1502/60
f 840/1503/56 169/1425/52 228/1504/56
f 782/1505/55 227/1502/60 170/1427/55
f 792/1506/51 181/1507/56 180/1444/51
f 794/1508/39 179/1442/39 182/1450/39
f 703/1509/37 236/1510/46 91/1337/37
f 903/1511/53 145/1394/42 291/1512/53
f 1063/1513/39 185/1455/39 451/1514/39
f 848/1515/46 239/1516/47 236/1510/46
f 851/1517/47 241/1518/49 239/1516/47
f 853/1519/49 243/1520/51 241/1521/49
f 855/1522/51 245/1523/56 243/1520/51
f 857/1524/56 247/1525/52 245/1526/56
f 859/1527/61 249/1528/53 247/1525/52
f 862/1529/46 253/1530/47 250/1531/46
f 865/1532/47 255/1533/49 253/1530/47
f 867/1467/49 257/1534/51 255/1355/49
f 869/1535/51 259/1536/56 257/1534/51
f 871/1537/56 261/1538/52 259/1539/56
f 873/1540/52 263/1541/53 261/1538/52
f 876/1542/46 267/1543/47 264/1544/46
f 879/1545/47 269/1546/49 267/1543/47
f 881/1547/49 271/1548/51 269/1415/49
f 883/1549/51 273/1550/56 271/1548/51
f 885/1551/56 275/1552/52 273/1553/56
f 887/1554/52 277/1555/53 275/1552/52
f 890/1556/46 281/1557/47 278/1558/46
f 893/1559/47 283/1560/49 281/1557/47
f 895/1561/49 285/1562/51 283/1563/49
f 897/1564/51 287/1521/56 285/1562/51
f 899/1565/56 289/1566/52 287/1404/56
f 901/1567/61 291/1512/53 289/1566/52
f 904/1558/46 295/1568/47 292/1569/46
f 907/1557/47 297/1570/49 295/1568/47
f 909/1445/49 299/1571/51 297/1572/49
f 911/1444/51 301/1573/56 299/1571/51
f 913/1574/56 303/1575/52 301/1576/56
f 915/1577/61 305/1578/53 303/1575/52
f 919/1579/36 306/1580/37 307/1581/36
f 921/1582/62 308/1583/63 309/1584/62
f 922/1356/38 307/1585/36 310/1586/38
f 920/1587/63 311/1588/64 308/1583/63
f 924/1358/39 310/1586/38 312/1589/39
f 923/1590/64 313/1591/65 311/1588/64
f 929/1592/66 316/1593/51 317/1594/66
f 927/1595/42 314/1596/41 315/1597/42
f 930/1598/37 264/1544/46 318/1599/37
f 875/1600/53 315/1597/42 263/1541/53
f 931/1601/36 318/1599/37 319/1602/36
f 933/1603/51 320/1604/51 321/1605/51
f 934/1399/38 319/1606/36 322/1607/38
f 932/1608/51 323/1609/51 320/1604/51
f 936/1401/39 322/1607/38 324/1610/39
f 935/1611/67 325/1612/51 323/1609/51
f 941/1613/51 328/1614/18 329/1615/51
f 939/1616/41 326/1617/40 327/1618/41
f 940/1619/18 331/1620/51 328/1614/18
f 942/1621/42 327/1618/41 330/1622/42
f 928/1623/51 321/1605/51 316/1593/51
f 861/1624/53 332/1625/20 249/1528/53
f 918/1626/37 250/1531/46 306/1580/37
f 945/1627/46 336/1628/47 333/1629/46
f 948/1630/47 338/1631/49 336/1628/47
f 950/1585/49 340/1632/51 338/1633/49
f 952/1634/51 342/1635/56 340/1632/51
f 954/1526/56 344/1636/52 342/1637/56
f 956/1525/52 346/1638/53 344/1636/52
f 959/1510/46 350/1639/47 347/1496/46
f 962/1516/47 352/1640/49 350/1639/47
f 964/1641/49 354/1642/51 352/1643/49
f 966/1644/51 356/1645/56 354/1642/51
f 968/1637/56 358/1646/52 356/1647/56
f 970/1636/61 360/1648/53 358/1646/52
f 973/1649/46 364/1650/47 361/1651/46
f 976/1652/47 366/1653/49 364/1650/47
f 978/1355/49 368/1634/51 366/1585/49
f 980/1534/51 369/1654/56 368/1634/51
f 981/1655/56 370/1656/52 369/1657/56
f 982/1658/52 372/1498/53 370/1656/52
f 944/1659/20 373/1660/20 332/1625/20
f 759/1382/37 292/1569/46 147/1395/37
f 958/1528/53 200/1472/42 346/1638/53
f 800/1661/43 333/1629/46 188/1465/43
f 972/1638/53 214/1481/42 360/1648/53
f 1234/1662/16 361/1651/46 622/1663/16
f 925/1664/65 375/1665/68 313/1418/65
f 986/1360/40 312/1589/39 374/1475/40
f 987/1666/68 317/1594/66 375/1665/68
f 926/1667/41 374/1668/40 314/1596/41
f 937/1669/51 329/1615/51 325/1612/51
f 938/1340/40 324/1610/39 326/1670/40
f 745/1671/37 278/1558/46 133/1382/37
f 917/1672/53 159/1407/42 305/1578/53
f 774/1673/45 309/1584/62 162/1409/45
f 985/1674/20 226/1494/20 373/1660/20
f 943/1675/51 573/1676/51 331/1620/51
f 1237/1677/42 626/1678/41 625/1679/42
f 1238/1680/41 627/1681/40 626/1678/41
f 1239/1485/40 628/1682/39 627/1683/40
f 1240/1684/39 629/1685/38 628/1682/39
f 1241/1686/38 630/1643/36 629/1685/38
f 1242/1396/36 383/1661/37 630/1464/36
f 996/1687/42 387/1688/41 384/1689/42
f 999/1690/41 389/1448/40 387/1688/41
f 1001/1370/40 391/1684/39 389/1485/40
f 1003/1691/39 393/1686/57 391/1684/39
f 1005/1692/38 395/1641/36 393/1686/57
f 1007/1693/36 397/1694/37 395/1695/36
f 1010/1696/42 401/1697/41 398/1698/42
f 1013/1699/41 403/1700/40 401/1697/41
f 1015/1478/40 405/1372/39 403/1374/40
f 1017/1477/39 407/1369/38 405/1372/39
f 1019/1476/38 409/1701/36 407/1369/38
f 1021/1702/36 411/1459/37 409/1703/36
f 1243/1704/42 632/1390/41 631/1393/42
f 1244/1705/41 633/1706/40 632/1390/41
f 1245/1345/40 634/1707/39 633/1708/40
f 1246/1343/39 635/1709/38 634/1707/39
f 1247/1341/38 636/1670/36 635/1709/38
f 1248/1710/36 637/1509/37 636/1336/36
f 1250/1394/69 639/1711/41 638/1712/69
f 1251/1392/41 640/1713/40 639/1711/41
f 1252/1701/40 641/1691/39 640/1370/40
f 1253/1714/39 642/1692/38 641/1691/39
f 1254/1715/38 643/1716/36 642/1692/38
f 1255/1717/36 644/1718/37 643/1719/36
f 1039/1720/52 426/1721/53 427/1722/52
f 1041/1723/70 428/1724/71 429/1725/70
f 1042/1563/56 427/1722/52 430/1561/56
f 1040/1726/71 431/1727/72 428/1724/71
f 1044/1728/51 430/1729/56 432/1730/51
f 1043/1731/72 433/1732/73 431/1727/72
f 1049/1733/74 436/1734/3 437/1735/74
f 1047/1736/46 434/1737/47 435/1738/46
f 1050/1739/53 398/1698/42 438/1740/53
f 1009/1741/37 435/1738/46 397/1694/37
f 1051/1742/52 438/1740/53 439/1743/52
f 1053/1744/39 440/1745/39 441/1746/39
f 1054/1747/56 439/1743/52 442/1362/56
f 1052/1748/39 443/1749/39 440/1745/39
f 1056/1750/51 442/1751/56 444/1752/51
f 1055/1753/39 445/1754/39 443/1749/39
f 1061/1755/39 448/1756/39 449/1757/39
f 1059/1758/47 446/1759/49 447/1760/47
f 1060/1761/39 451/1514/39 448/1756/39
f 1062/1762/46 447/1760/47 450/1458/46
f 1048/1763/3 441/1746/39 436/1734/3
f 995/1395/37 452/1764/16 383/1661/37
f 1038/1765/53 384/1689/42 426/1721/53
f 1257/1407/42 646/1680/41 645/1677/42
f 1258/1405/41 647/1766/40 646/1680/41
f 1259/1475/40 648/1714/39 647/1701/40
f 1260/1589/39 649/1715/38 648/1714/39
f 1261/1586/38 650/1633/36 649/1715/38
f 1262/1767/36 651/1768/37 650/1381/36
f 1264/1712/42 653/1769/41 652/1770/42
f 1265/1711/41 654/1771/40 653/1769/41
f 1266/1708/75 655/1772/39 654/1773/40
f 1267/1707/39 656/1774/38 655/1772/39
f 1268/1709/38 657/1775/36 656/1774/38
f 1269/1776/36 658/1777/37 657/1767/36
f 1271/1492/42 660/1778/41 659/1779/42
f 1272/1490/41 661/23/40 660/1778/41
f 1273/1484/40 662/1780/39 661/1482/40
f 1274/1487/39 663/1781/38 662/1780/39
f 1275/1486/38 664/1683/58 663/1781/38
f 1276/1484/58 665/1782/37 664/1375/58
f 1064/1783/16 469/1784/16 452/1764/16
f 1202/1785/53 652/1770/42 590/1786/53
f 1277/1483/37 667/1787/46 665/1782/37
f 1045/1602/73 471/1788/76 433/1789/73
f 1082/1790/49 432/1730/51 470/1469/49
f 1083/1791/76 437/1735/74 471/1788/76
f 1046/1792/47 470/1703/49 434/1737/47
f 1057/1793/39 449/1757/39 445/1754/39
f 1058/1794/49 444/1752/51 446/1795/49
f 1091/1796/53 625/1679/42 479/1797/53
f 1249/1798/37 533/1799/46 637/1509/37
f 1092/1800/52 479/1797/53 480/1801/52
f 1095/1802/56 480/1801/52 483/1803/56
f 1097/1804/51 483/1805/56 485/1806/51
f 1099/1807/49 485/1806/51 487/34/49
f 1101/1568/47 487/1808/49 489/1809/47
f 1103/1810/46 489/1809/47 491/1811/46
f 1106/1552/52 493/1812/53 494/1813/52
f 1109/1553/56 494/1813/52 497/1377/56
f 1111/1752/51 497/1814/56 499/1804/51
f 1113/1795/49 499/1804/51 501/1807/49
f 1115/1530/47 501/1815/49 503/1439/47
f 1117/1816/46 503/1439/47 505/1817/46
f 1120/1818/61 507/1819/53 508/1820/52
f 1123/1821/56 508/1820/52 511/1668/56
f 1125/1822/51 511/1823/56 513/1824/51
f 1127/1825/49 513/1824/51 515/1826/49
f 1129/1827/47 515/1828/49 517/1829/47
f 1131/1830/46 517/1829/47 519/1831/46
f 1134/1832/52 521/1511/53 522/1567/52
f 1137/1833/56 522/1567/52 525/1565/56
f 1139/1571/51 525/1834/56 527/1835/51
f 1141/1572/49 527/1835/51 529/1836/49
f 1143/1628/47 529/1837/49 531/1517/47
f 1145/1838/46 531/1517/47 533/1799/46
f 1148/1566/61 535/1785/53 536/1839/52
f 1151/1404/56 536/1839/52 539/1766/56
f 1153/1632/51 539/1840/56 541/1841/51
f 1155/1633/49 541/1841/51 543/1716/49
f 1157/1639/47 543/59/49 545/1842/47
f 1159/1843/46 545/1842/47 547/1844/46
f 1163/1845/77 550/1846/78 551/1847/77
f 1161/1848/42 552/1849/41 549/1850/42
f 1165/1851/79 551/1847/77 553/1852/79
f 1164/1618/41 554/1853/40 552/1849/41
f 1167/1854/80 553/1852/79 555/1591/80
f 1166/1826/40 556/1386/39 554/1388/40
f 1169/1581/36 560/1855/37 557/1759/36
f 1171/1856/51 558/1857/81 559/1858/51
f 1172/1580/37 505/1817/46 560/1855/37
f 1119/1859/53 561/1379/42 507/1819/53
f 1175/1860/18 562/1861/51 563/1862/18
f 1173/1863/42 564/1864/41 561/1379/42
f 1177/1865/51 563/1862/18 565/1866/51
f 1176/1867/41 566/1553/40 564/1864/41
f 1179/1868/51 565/1866/51 567/1869/51
f 1178/1670/40 568/1870/39 566/1775/40
f 1181/1607/38 572/1871/36 569/1872/38
f 1183/1873/82 570/1874/51 571/1875/82
f 1184/1876/36 574/1877/37 572/1878/36
f 1185/1879/51 571/1875/82 573/1676/51
f 1174/1880/51 559/1858/51 562/1861/51
f 889/1881/53 330/1622/42 277/1555/53
f 1186/1882/37 519/1831/46 574/1877/37
f 1105/1555/53 549/1850/42 493/1812/53
f 1187/1883/16 491/1811/46 575/1884/16
f 1189/1575/52 576/1796/53 577/1885/61
f 1192/1576/56 577/1885/61 580/1802/56
f 1194/1841/51 580/1886/56 582/1644/51
f 1196/1716/49 582/1644/51 584/1641/49
f 1198/1887/47 584/1888/49 586/1889/47
f 1200/1890/46 586/1889/47 588/1891/46
f 1203/1839/52 590/1786/53 591/1892/52
f 1206/1766/56 591/1892/52 594/1681/56
f 1208/1548/51 594/1893/56 596/1894/51
f 1210/1415/49 596/1894/51 598/1414/49
f 1212/1895/47 598/1896/49 600/1887/47
f 1214/1897/46 600/1887/47 602/1898/46
f 1217/1656/52 604/1899/53 605/1900/52
f 1218/1901/56 605/1900/52 606/1902/56
f 1220/1903/51 606/1904/56 608/1549/51
f 1221/1905/49 608/1549/51 609/1547/49
f 1278/1650/47 609/1906/49 666/1907/47
f 1279/1651/46 666/1907/47 667/1787/46
f 1223/1908/83 575/1884/16 611/1909/83
f 1147/1512/53 638/1712/69 535/1785/53
f 1263/1777/37 588/1891/46 651/1768/37
f 1188/1578/53 645/1677/42 576/1796/53
f 1270/1910/37 602/1898/46 658/1777/37
f 1216/1498/53 668/1911/20 604/1899/53
f 1168/1912/39 613/1384/38 556/1386/39
f 1224/1913/84 555/1914/80 612/1915/84
f 1225/1823/38 557/1359/36 613/1384/38
f 1170/1916/81 612/1915/84 558/1857/81
f 1180/1610/39 569/1872/38 568/1870/39
f 1182/1917/51 567/1869/51 570/1874/51
f 1133/1918/53 631/1393/42 521/1511/53
f 1256/1919/37 547/1844/46 644/1718/37
f 1162/1920/78 429/1725/70 550/1846/78
f 1081/1921/16 611/1909/83 469/1784/16
f 836/1922/37 623/1923/16 224/1483/37
f 1235/1924/16 622/1663/16 623/1923/16
f 1280/1925/20 624/1926/20 668/1911/20
f 1236/1927/20 659/1779/42 624/1926/20
f 704/1336/36 703/1509/37 91/1337/37
f 707/1339/38 704/1402/36 92/1340/36
f 709/1342/39 707/1339/38 95/1341/38
f 711/1344/40 709/1342/39 97/1343/39
f 713/1346/41 711/1928/40 99/1347/40
f 715/1349/42 713/1346/41 101/1348/41
f 718/1351/36 717/1461/43 105/1352/43
f 721/1354/38 718/1467/36 106/1355/36
f 723/1357/39 721/1354/38 109/1356/38
f 725/1359/40 723/1357/39 111/1358/39
f 727/1361/41 725/1747/40 113/1362/40
f 729/1364/42 727/1361/41 115/1363/41
f 732/1366/36 731/1430/37 119/1367/37
f 735/1369/38 732/1701/36 120/1370/36
f 737/1372/39 735/1369/38 123/1371/38
f 739/1374/40 737/1372/39 125/1373/39
f 741/1376/41 739/1553/40 127/1377/40
f 743/1379/42 741/1376/41 129/1378/41
f 746/1381/36 745/1671/37 133/1382/37
f 749/1384/38 746/1359/36 134/1360/36
f 751/1386/39 749/1384/38 137/1385/38
f 753/1388/40 751/1386/39 139/1387/39
f 755/1390/41 753/1706/40 141/1391/40
f 757/1393/42 755/1390/41 143/1392/41
f 760/1383/36 759/1382/37 147/1395/37
f 763/1397/38 760/1929/36 148/1398/36
f 765/1400/39 763/1397/38 151/1399/38
f 767/1402/40 765/1400/39 153/1401/39
f 769/1403/41 767/1565/40 155/1404/40
f 771/1406/42 769/1403/41 157/1405/41
f 775/1408/44 774/1673/45 162/1409/45
f 773/1411/46 776/1416/47 164/1412/47
f 777/1414/48 775/1408/44 163/1410/44
f 776/1416/47 778/1366/49 166/1368/49
f 779/1417/50 777/1664/48 165/1418/48
f 778/1420/49 780/1499/51 168/1421/51
f 781/1423/52 784/1429/53 172/1424/53
f 783/1426/54 782/1505/55 170/1427/55
f 784/1429/53 729/1364/42 117/1365/42
f 731/1430/37 785/1435/46 173/1431/46
f 787/1432/39 786/1456/39 174/1433/39
f 785/1435/46 788/1439/47 176/1436/47
f 789/1437/39 787/1432/39 175/1434/39
f 788/1439/47 790/1815/49 178/1440/49
f 791/1441/39 789/1437/39 177/1438/39
f 790/1443/49 792/1506/51 180/1444/51
f 793/1446/56 796/1452/52 184/1447/52
f 795/1449/39 794/1508/39 182/1450/39
f 796/1452/52 798/1460/53 186/1453/53
f 797/1454/39 795/1449/39 183/1451/39
f 786/1456/39 783/1426/54 171/1428/54
f 1023/1457/37 1062/1762/46 450/1458/46
f 798/1460/53 743/1379/42 131/1380/42
f 717/1461/43 773/1411/46 161/1413/46
f 799/1462/20 715/1349/42 103/1350/42
f 801/1464/36 800/1661/43 188/1465/43
f 804/1422/57 801/1930/36 189/1467/36
f 806/1468/39 804/1422/57 192/1354/38
f 808/1469/40 806/1468/39 194/1357/39
f 810/1348/41 808/1347/40 196/1470/40
f 812/1350/42 810/1348/41 198/1471/41
f 815/1338/36 814/1495/37 202/1473/37
f 818/1385/38 815/1360/36 203/1475/36
f 820/1387/39 818/1385/38 206/1476/38
f 822/1389/40 820/1387/39 208/1477/39
f 824/1471/41 822/1470/40 210/1479/40
f 826/1472/42 824/1471/41 212/1480/41
f 828/1482/58 836/1922/37 224/1483/37
f 830/1371/38 828/1370/58 216/1485/58
f 831/1373/39 830/1371/38 218/1486/38
f 832/1375/40 831/1373/39 219/1487/39
f 833/1488/59 832/31/40 220/1489/40
f 834/1491/42 833/1488/59 221/1490/59
f 838/1493/20 799/1462/20 187/1463/20
f 814/1495/37 959/1510/46 347/1496/46
f 984/1497/53 834/1491/42 222/1492/42
f 780/1499/51 840/1931/56 228/1500/56
f 839/1501/60 779/1417/50 167/1419/50
f 840/1503/56 781/1423/52 169/1425/52
f 782/1505/55 839/1501/60 227/1502/60
f 792/1506/51 793/1932/56 181/1507/56
f 794/1508/39 791/1441/39 179/1442/39
f 703/1509/37 848/1515/46 236/1510/46
f 903/1511/53 757/1393/42 145/1394/42
f 1063/1513/39 797/1454/39 185/1455/39
f 848/1515/46 851/1517/47 239/1516/47
f 851/1517/47 853/1837/49 241/1518/49
f 853/1519/49 855/1522/51 243/1520/51
f 855/1522/51 857/1933/56 245/1523/56
f 857/1524/56 859/1527/61 247/1525/52
f 859/1527/61 861/1624/53 249/1528/53
f 862/1529/46 865/1532/47 253/1530/47
f 865/1532/47 867/1934/49 255/1533/49
f 867/1467/49 869/1535/51 257/1534/51
f 869/1535/51 871/1935/56 259/1536/56
f 871/1537/56 873/1540/52 261/1538/52
f 873/1540/52 875/1600/53 263/1541/53
f 876/1542/46 879/1545/47 267/1543/47
f 879/1545/47 881/1936/49 269/1546/49
f 881/1547/49 883/1549/51 271/1548/51
f 883/1549/51 885/1937/56 273/1550/56
f 885/1551/56 887/1554/52 275/1552/52
f 887/1554/52 889/1881/53 277/1555/53
f 890/1556/46 893/1559/47 281/1557/47
f 893/1559/47 895/1938/49 283/1560/49
f 895/1561/49 897/1564/51 285/1562/51
f 897/1564/51 899/1519/56 287/1521/56
f 899/1565/56 901/1567/61 289/1566/52
f 901/1567/61 903/1511/53 291/1512/53
f 904/1558/46 907/1557/47 295/1568/47
f 907/1557/47 909/1560/49 297/1570/49
f 909/1445/49 911/1444/51 299/1571/51
f 911/1444/51 913/1507/56 301/1573/56
f 913/1574/56 915/1577/61 303/1575/52
f 915/1577/61 917/1672/53 305/1578/53
f 919/1579/36 918/1626/37 306/1580/37
f 921/1582/62 920/1587/63 308/1583/63
f 922/1356/38 919/1939/36 307/1585/36
f 920/1587/63 923/1590/64 311/1588/64
f 924/1358/39 922/1356/38 310/1586/38
f 923/1590/64 925/1854/65 313/1591/65
f 929/1592/66 928/1623/51 316/1593/51
f 927/1595/42 926/1667/41 314/1596/41
f 930/1598/37 876/1542/46 264/1544/46
f 875/1600/53 927/1595/42 315/1597/42
f 931/1601/36 930/1598/37 318/1599/37
f 933/1603/51 932/1608/51 320/1604/51
f 934/1399/38 931/1398/36 319/1606/36
f 932/1608/51 935/1611/67 323/1609/51
f 936/1401/39 934/1399/38 322/1607/38
f 935/1611/67 937/1669/51 325/1612/51
f 941/1613/51 940/1619/18 328/1614/18
f 939/1616/41 938/1732/40 326/1617/40
f 940/1619/18 943/1675/51 331/1620/51
f 942/1621/42 939/1616/41 327/1618/41
f 928/1623/51 933/1603/51 321/1605/51
f 861/1624/53 944/1659/20 332/1625/20
f 918/1626/37 862/1529/46 250/1531/46
f 945/1627/46 948/1630/47 336/1628/47
f 948/1630/47 950/1940/49 338/1631/49
f 950/1585/49 952/1634/51 340/1632/51
f 952/1634/51 954/1654/56 342/1635/56
f 954/1526/56 956/1525/52 344/1636/52
f 956/1525/52 958/1528/53 346/1638/53
f 959/1510/46 962/1516/47 350/1639/47
f 962/1516/47 964/1518/49 352/1640/49
f 964/1641/49 966/1644/51 354/1642/51
f 966/1644/51 968/1886/56 356/1645/56
f 968/1637/56 970/1636/61 358/1646/52
f 970/1636/61 972/1638/53 360/1648/53
f 973/1649/46 976/1652/47 364/1650/47
f 976/1652/47 978/35/49 366/1653/49
f 978/1355/49 980/1534/51 368/1634/51
f 980/1534/51 981/1536/56 369/1654/56
f 981/1655/56 982/1658/52 370/1656/52
f 982/1658/52 984/1497/53 372/1498/53
f 944/1659/20 985/1674/20 373/1660/20
f 759/1382/37 904/1558/46 292/1569/46
f 958/1528/53 812/1350/42 200/1472/42
f 800/1661/43 945/1627/46 333/1629/46
f 972/1638/53 826/1472/42 214/1481/42
f 1234/1662/16 973/1649/46 361/1651/46
f 925/1664/65 987/1666/68 375/1665/68
f 986/1360/40 924/1358/39 312/1589/39
f 987/1666/68 929/1592/66 317/1594/66
f 926/1667/41 986/1821/40 374/1668/40
f 937/1669/51 941/1613/51 329/1615/51
f 938/1340/40 936/1401/39 324/1610/39
f 745/1671/37 890/1556/46 278/1558/46
f 917/1672/53 771/1406/42 159/1407/42
f 774/1673/45 921/1582/62 309/1584/62
f 985/1674/20 838/1493/20 226/1494/20
f 943/1675/51 1185/1879/51 573/1676/51
f 1237/1677/42 1238/1680/41 626/1678/41
f 1238/1680/41 1239/1766/40 627/1681/40
f 1239/1485/40 1240/1684/39 628/1682/39
f 1240/1684/39 1241/1686/38 629/1685/38
f 1241/1686/38 1242/1641/36 630/1643/36
f 1242/1396/36 995/1395/37 383/1661/37
f 996/1687/42 999/1690/41 387/1688/41
f 999/1690/41 1001/1446/40 389/1448/40
f 1001/1370/40 1003/1691/39 391/1684/39
f 1003/1691/39 1005/1692/38 393/1686/57
f 1005/1692/38 1007/1716/36 395/1641/36
f 1007/1693/36 1009/1741/37 397/1694/37
f 1010/1696/42 1013/1699/41 401/1697/41
f 1013/1699/41 1015/1853/40 403/1700/40
f 1015/1478/40 1017/1477/39 405/1372/39
f 1017/1477/39 1019/1476/38 407/1369/38
f 1019/1476/38 1021/1475/36 409/1701/36
f 1021/1702/36 1023/1457/37 411/1459/37
f 1243/1704/42 1244/1705/41 632/1390/41
f 1244/1705/41 1245/1941/40 633/1706/40
f 1245/1345/40 1246/1343/39 634/1707/39
f 1246/1343/39 1247/1341/38 635/1709/38
f 1247/1341/38 1248/1340/36 636/1670/36
f 1248/1710/36 1249/1798/37 637/1509/37
f 1250/1394/69 1251/1392/41 639/1711/41
f 1251/1392/41 1252/1391/40 640/1713/40
f 1252/1701/40 1253/1714/39 641/1691/39
f 1253/1714/39 1254/1715/38 642/1692/38
f 1254/1715/38 1255/1633/36 643/1716/36
f 1255/1717/36 1256/1919/37 644/1718/37
f 1039/1720/52 1038/1765/53 426/1721/53
f 1041/1723/70 1040/1726/71 428/1724/71
f 1042/1563/56 1039/1720/52 427/1722/52
f 1040/1726/71 1043/1731/72 431/1727/72
f 1044/1728/51 1042/1942/56 430/1729/56
f 1043/1731/72 1045/57/73 433/1732/73
f 1049/1733/74 1048/1763/3 436/1734/3
f 1047/1736/46 1046/1792/47 434/1737/47
f 1050/1739/53 1010/1696/42 398/1698/42
f 1009/1741/37 1047/1736/46 435/1738/46
f 1051/1742/52 1050/1739/53 438/1740/53
f 1053/1744/39 1052/1748/39 440/1745/39
f 1054/1747/56 1051/1742/52 439/1743/52
f 1052/1748/39 1055/1753/39 443/1749/39
f 1056/1750/51 1054/1943/56 442/1751/56
f 1055/1753/39 1057/1793/39 445/1754/39
f 1061/1755/39 1060/1761/39 448/1756/39
f 1059/1758/47 1058/1581/49 446/1759/49
f 1060/1761/39 1063/1513/39 451/1514/39
f 1062/1762/46 1059/1758/47 447/1760/47
f 1048/1763/3 1053/1744/39 441/1746/39
f 995/1395/37 1064/1783/16 452/1764/16
f 1038/1765/53 996/1687/42 384/1689/42
f 1257/1407/42 1258/1405/41 646/1680/41
f 1258/1405/41 1259/1404/40 647/1766/40
f 1259/1475/40 1260/1589/39 648/1714/39
f 1260/1589/39 1261/1586/38 649/1715/38
f 1261/1586/38 1262/1585/36 650/1633/36
f 1262/1767/36 1263/1777/37 651/1768/37
f 1264/1712/42 1265/1711/41 653/1769/41
f 1265/1711/41 1266/1713/75 654/1771/40
f 1266/1708/75 1267/1707/39 655/1772/39
f 1267/1707/39 1268/1709/38 656/1774/38
f 1268/1709/38 1269/1670/36 657/1775/36
f 1269/1776/36 1270/1910/37 658/1777/37
f 1271/1492/42 1272/1490/41 660/1778/41
f 1272/1490/41 1273/1489/40 661/23/40
f 1273/1484/40 1274/1487/39 662/1780/39
f 1274/1487/39 1275/1486/38 663/1781/38
f 1275/1486/38 1276/1485/58 664/1683/58
f 1276/1484/58 1277/1483/37 665/1782/37
f 1064/1783/16 1081/1921/16 469/1784/16
f 1202/1785/53 1264/1712/42 652/1770/42
f 1277/1483/37 1279/1651/46 667/1787/46
f 1045/1602/73 1083/1791/76 471/1788/76
f 1082/1790/49 1044/1728/51 432/1730/51
f 1083/1791/76 1049/1733/74 437/1735/74
f 1046/1792/47 1082/1702/49 470/1703/49
f 1057/1793/39 1061/1755/39 449/1757/39
f 1058/1794/49 1056/1750/51 444/1752/51
f 1091/1796/53 1237/1677/42 625/1679/42
f 1249/1798/37 1145/1838/46 533/1799/46
f 1092/1800/52 1091/1796/53 479/1797/53
f 1095/1802/56 1092/1800/52 480/1801/52
f 1097/1804/51 1095/1814/56 483/1805/56
f 1099/1807/49 1097/1804/51 485/1806/51
f 1101/1568/47 1099/1570/49 487/1808/49
f 1103/1810/46 1101/1568/47 489/1809/47
f 1106/1552/52 1105/1555/53 493/1812/53
f 1109/1553/56 1106/1552/52 494/1813/52
f 1111/1752/51 1109/1751/56 497/1814/56
f 1113/1795/49 1111/1752/51 499/1804/51
f 1115/1530/47 1113/1533/49 501/1815/49
f 1117/1816/46 1115/1530/47 503/1439/47
f 1120/1818/61 1119/1859/53 507/1819/53
f 1123/1821/56 1120/1818/61 508/1820/52
f 1125/1822/51 1123/1944/56 511/1823/56
f 1127/1825/49 1125/1822/51 513/1824/51
f 1129/1827/47 1127/1503/49 515/1828/49
f 1131/1830/46 1129/1827/47 517/1829/47
f 1134/1832/52 1133/1918/53 521/1511/53
f 1137/1833/56 1134/1832/52 522/1567/52
f 1139/1571/51 1137/1573/56 525/1834/56
f 1141/1572/49 1139/1571/51 527/1835/51
f 1143/1628/47 1141/1631/49 529/1837/49
f 1145/1838/46 1143/1628/47 531/1517/47
f 1148/1566/61 1147/1512/53 535/1785/53
f 1151/1404/56 1148/1566/61 536/1839/52
f 1153/1632/51 1151/1635/56 539/1840/56
f 1155/1633/49 1153/1632/51 541/1841/51
f 1157/1639/47 1155/1640/49 543/59/49
f 1159/1843/46 1157/1639/47 545/1842/47
f 1163/1845/77 1162/1920/78 550/1846/78
f 1161/1848/42 1164/1618/41 552/1849/41
f 1165/1851/79 1163/1845/77 551/1847/77
f 1164/1618/41 1166/1617/40 554/1853/40
f 1167/1854/80 1165/1851/79 553/1852/79
f 1166/1826/40 1168/1912/39 556/1386/39
f 1169/1581/36 1172/1580/37 560/1855/37
f 1171/1856/51 1170/1916/81 558/1857/81
f 1172/1580/37 1117/1816/46 505/1817/46
f 1119/1859/53 1173/1863/42 561/1379/42
f 1175/1860/18 1174/1880/51 562/1861/51
f 1173/1863/42 1176/1867/41 564/1864/41
f 1177/1865/51 1175/1860/18 563/1862/18
f 1176/1867/41 1178/1551/40 566/1553/40
f 1179/1868/51 1177/1865/51 565/1866/51
f 1178/1670/40 1180/1610/39 568/1870/39
f 1181/1607/38 1184/1606/36 572/1871/36
f 1183/1873/82 1182/1917/51 570/1874/51
f 1184/1876/36 1186/1882/37 574/1877/37
f 1185/1879/51 1183/1873/82 571/1875/82
f 1174/1880/51 1171/1856/51 559/1858/51
f 889/1881/53 942/1621/42 330/1622/42
f 1186/1882/37 1131/1830/46 519/1831/46
f 1105/1555/53 1161/1848/42 549/1850/42
f 1187/1883/16 1103/1810/46 491/1811/46
f 1189/1575/52 1188/1578/53 576/1796/53
f 1192/1576/56 1189/1575/52 577/1885/61
f 1194/1841/51 1192/1840/56 580/1886/56
f 1196/1716/49 1194/1841/51 582/1644/51
f 1198/1887/47 1196/1896/49 584/1888/49
f 1200/1890/46 1198/1887/47 586/1889/47
f 1203/1839/52 1202/1785/53 590/1786/53
f 1206/1766/56 1203/1839/52 591/1892/52
f 1208/1548/51 1206/1945/56 594/1893/56
f 1210/1415/49 1208/1548/51 596/1894/51
f 1212/1895/47 1210/1946/49 598/1896/49
f 1214/1897/46 1212/1895/47 600/1887/47
f 1217/1656/52 1216/1498/53 604/1899/53
f 1218/1901/56 1217/1656/52 605/1900/52
f 1220/1903/51 1218/1947/56 606/1904/56
f 1221/1905/49 1220/1903/51 608/1549/51
f 1278/1650/47 1221/1653/49 609/1906/49
f 1279/1651/46 1278/1650/47 666/1907/47
f 1223/1908/83 1187/1883/16 575/1884/16
f 1147/1512/53 1250/1394/69 638/1712/69
f 1263/1777/37 1200/1890/46 588/1891/46
f 1188/1578/53 1257/1407/42 645/1677/42
f 1270/1910/37 1214/1897/46 602/1898/46
f 1216/1498/53 1280/1925/20 668/1911/20
f 1168/1912/39 1225/1823/38 613/1384/38
f 1224/1913/84 1167/1948/80 555/1914/80
f 1225/1823/38 1169/1469/36 557/1359/36
f 1170/1916/81 1224/1913/84 612/1915/84
f 1180/1610/39 1181/1607/38 569/1872/38
f 1182/1917/51 1179/1868/51 567/1869/51
f 1133/1918/53 1243/1704/42 631/1393/42
f 1256/1919/37 1159/1843/46 547/1844/46
f 1162/1920/78 1041/1723/70 429/1725/70
f 1081/1921/16 1223/1908/83 611/1909/83
f 836/1922/37 1235/1924/16 623/1923/16
f 1235/1924/16 1234/1662/16 622/1663/16
f 1280/1925/20 1236/1927/20 624/1926/20
f 1236/1927/20 1271/1492/42 659/1779/42
f 1/1/1 15/5/1 16/2/2
f 3/4/3 17/1941/3 15/5/3
f 4/6/4 18/30/4 17/7/5
f 2/3/2 16/2/2 19/8/6
f 6/10/7 5/9/6 19/8/6
f 6/12/7 20/1836/7 21/13/8
f 7/14/8 21/13/8 22/15/9
f 8/16/9 22/15/9 23/17/10
f 9/18/10 23/17/10 24/19/11
f 10/20/11 24/19/11 25/21/12
f 11/22/12 25/21/12 26/23/13
f 12/25/13 26/1928/13 27/26/14
f 13/27/14 27/26/14 28/28/15
f 14/29/15 28/28/15 18/30/4
f 29/31/16 30/40/17 44/32/17
f 31/34/18 29/24/18 43/35/18
f 32/37/19 31/1949/20 45/38/20
f 30/40/17 33/1950/21 47/41/21
f 47/41/21 33/1950/21 34/42/22
f 48/44/22 34/1951/22 35/45/23
f 49/46/23 35/45/23 36/47/24
f 50/48/24 36/47/24 37/49/25
f 37/49/25 38/52/26 52/51/26
f 38/52/26 39/1952/27 53/53/27
f 53/53/27 39/1952/27 40/54/28
f 54/55/28 40/54/28 41/56/29
f 41/33/29 42/60/30 56/58/30
f 42/60/30 32/37/19 46/39/19
f 2/61/31 30/75/31 29/62/31
f 16/64/32 15/69/32 43/65/32
f 3/67/31 1/63/31 29/62/31
f 17/67/32 45/73/32 43/65/32
f 4/70/31 3/67/31 31/68/31
f 18/72/32 46/115/32 45/73/32
f 2/61/31 5/79/31 33/74/31
f 16/64/32 44/66/32 47/76/32
f 6/78/31 34/83/31 33/74/31
f 20/80/32 19/77/32 47/76/32
f 6/78/31 7/87/31 35/82/31
f 20/80/32 48/81/32 49/84/32
f 8/86/31 36/91/31 35/82/31
f 22/88/32 21/85/32 49/84/32
f 9/90/31 37/95/31 36/91/31
f 23/92/32 22/88/32 50/89/32
f 9/90/31 10/98/31 38/94/31
f 23/92/32 51/93/32 52/96/32
f 10/98/31 11/103/31 39/99/31
f 24/97/32 52/96/32 53/100/32
f 12/102/31 40/107/31 39/99/31
f 26/104/32 25/101/32 53/100/32
f 12/102/31 13/111/31 41/106/31
f 26/104/32 54/105/32 55/108/32
f 14/110/31 42/114/31 41/106/31
f 28/112/32 27/109/32 55/108/32
f 4/70/31 32/71/31 42/114/31
f 18/72/32 28/112/32 56/113/32
