# Blender 4.0.2
# www.blender.org
o Stool009_Prop
v 0.22910600 -0.24816700 -0.40850550
v 0.22708500 -0.21719000 -0.40858050
v 0.20166400 -0.24717600 -0.40850550
v 0.19963800 -0.21619600 -0.40858050
v 0.22540700 -0.18046000 0.33807650
v 0.22374500 -0.15525900 0.31692950
v 0.19588100 -0.15440100 0.31692950
v 0.19756800 -0.17960400 0.33807650
v 0.21291900 0.16628700 0.40225150
v 0.18805900 0.15080100 0.39939250
v 0.21285500 0.16730300 0.37579350
v 0.18798800 0.15180700 0.37286650
v -0.03866500 0.18501200 0.37840150
v 0.03650000 0.18495600 0.40512650
v 0.19157500 0.10893000 0.39232050
v 0.22452900 -0.11380200 0.35782250
v 0.21908300 0.11588800 0.39362950
v 0.21848900 0.11869200 0.36739750
v 0.19590500 -0.10154700 0.33420750
v 0.24384100 -0.09519300 0.36003550
v 0.21326000 0.16706800 0.38905950
v 0.21915100 0.11884700 0.38069650
v 0.22445900 -0.10919000 0.34573550
v 0.24360500 -0.09203400 0.34880850
v 0.23861300 0.10242000 0.37887550
v 0.19531700 -0.06965800 0.36445950
v 0.19253000 0.05057100 0.38326350
v 0.21949800 0.05855100 0.35834150
v 0.22232400 -0.06292000 0.34001450
v 0.19482000 -0.06289400 0.34001450
v 0.19106000 0.11828400 0.36729350
v 0.23925000 0.08640200 0.38890750
v 0.24285600 -0.06392600 0.36521850
v 0.24262000 -0.06066000 0.35341750
v 0.22327300 -0.06610600 0.35182550
v 0.21978400 0.09632100 0.37671550
v 0.23743000 0.06130800 0.37185750
v 0.14274500 0.20674900 0.38280150
v 0.13738100 0.18404600 0.37798250
v 0.22459800 -0.17777600 0.14993050
v 0.19864700 -0.20605200 0.17746950
v 0.18990900 0.19741800 0.38115450
v 0.17353400 0.17619700 0.37663950
v 0.18286700 0.24755800 -0.40921050
v 0.20088600 0.24349600 -0.40922150
v 0.16399800 0.21095600 0.30500850
v 0.18824800 0.20547100 0.30363850
v 0.20299400 0.24028900 -0.35556950
v 0.00027200 0.20824100 0.40866150
v -0.22376500 -0.09100100 0.36148650
v -0.22902100 0.09081300 0.38993950
v -0.23916600 -0.09712900 0.35996250
v -0.22878000 -0.09852400 0.34762750
v -0.23398200 0.10523700 0.37895450
v -0.24279800 -0.06346800 0.36521850
v -0.22322000 -0.06568500 0.35182550
v -0.23871900 0.08901900 0.37651250
v -0.24255600 -0.06020300 0.35341750
v -0.24384200 -0.09473400 0.36003550
v -0.22456500 -0.11337800 0.35782250
v -0.21868600 0.11630000 0.39362950
v -0.23855300 0.09952400 0.39074350
v -0.22448600 -0.10876700 0.34573550
v -0.24360000 -0.09157500 0.34880850
v -0.23824100 0.10287000 0.37887550
v -0.21874900 0.11926000 0.38069650
v -0.19684300 -0.17643500 0.14938550
v -0.22675300 -0.20675200 0.17574450
v -0.19527000 -0.06929000 0.36445950
v -0.22226500 -0.06250100 0.34001450
v -0.19476000 -0.06252700 0.34001450
v -0.18752300 0.15216100 0.37286650
v -0.17302300 0.17652300 0.37663950
v -0.18222100 0.24790200 -0.40921050
v -0.20024800 0.24387400 -0.40922250
v -0.21242700 0.16668900 0.40225150
v -0.18759600 0.15115500 0.39939250
v -0.22556900 -0.18003500 0.33807650
v -0.19652600 -0.10911600 0.35829350
v -0.19772800 -0.17923100 0.33807650
v -0.21236100 0.16770400 0.37579350
v -0.19065900 0.11860200 0.36728750
v -0.19599400 -0.15403100 0.31692950
v -0.22349400 -0.10094500 0.33424150
v -0.22386000 -0.15483700 0.31692950
v -0.13685500 0.18430500 0.37798250
v -0.19986800 -0.21582000 -0.40858050
v -0.22731700 -0.21676100 -0.40858050
v -0.22939600 -0.24773500 -0.40850550
v -0.20195100 -0.24679600 -0.40850550
v -0.18935800 0.19777600 0.38115450
v -0.21276600 0.16747000 0.38905950
v -0.14217700 0.20701800 0.38280150
v 0.00028500 0.20792600 0.38320950
v -0.16342200 0.21126500 0.30500850
v -0.18768200 0.20582600 0.30363850
v 0.21293200 -0.21305100 -0.36876250
v 0.21529300 -0.24503400 -0.35888450
v 0.19305500 0.17505000 0.37660650
v 0.20400200 0.13655000 0.39746850
v 0.21090800 -0.14903400 0.35201750
v 0.20969800 -0.13072200 0.32859350
v 0.24289700 -0.09195600 0.36114550
v 0.22531100 -0.09977400 0.36012850
v 0.22108600 0.10408900 0.39198050
v 0.23813400 0.09585400 0.39074550
v 0.24263800 -0.08847700 0.34875650
v 0.20037200 -0.21262400 -0.36840450
v 0.22791800 -0.24552300 -0.36009250
v 0.18340200 0.16642200 0.37487350
v 0.20217600 0.18372300 0.40594150
v 0.22355900 -0.14918200 0.35198850
v 0.19825600 -0.14876500 0.35197850
v 0.21598300 0.14253800 0.37103550
v 0.19704500 -0.13051400 0.32863250
v 0.22235600 -0.13099200 0.32863250
v 0.21002400 -0.16690900 0.28813450
v 0.21325400 -0.21508500 -0.39706450
v 0.21199200 -0.19632300 0.30819050
v 0.21537900 -0.24761900 -0.39640350
v 0.19728700 -0.16650100 0.28816850
v 0.20053400 -0.21467400 -0.39705350
v 0.22597900 -0.21560000 -0.39705350
v 0.22276800 -0.16741600 0.28816850
v 0.22471600 -0.19673000 0.30815650
v 0.22809500 -0.24802700 -0.39639450
v 0.20265500 -0.24710300 -0.39639450
v 0.19926000 -0.19581700 0.30815650
v 0.20264900 0.18373800 0.37844050
v 0.18307900 0.16640700 0.40244750
v 0.21532300 -0.24674400 -0.41001350
v 0.19312900 0.00240900 0.37464350
v 0.20352600 0.18496700 0.40457750
v 0.22507800 -0.14821400 0.35066750
v 0.19033200 0.13215600 0.39509350
v 0.24124500 0.00198200 0.37453550
v 0.18173900 0.16517400 0.40071050
v 0.21770600 0.14132400 0.39671950
v 0.19663200 -0.14770900 0.35066150
v 0.23933200 0.09571200 0.38923050
v 0.22574300 -0.10519300 0.35784550
v 0.22060000 0.11035100 0.39140350
v 0.07361900 0.18448700 0.40395050
v 0.20260200 -0.24627000 -0.40991350
v 0.22804200 -0.24719300 -0.40991350
v 0.22616700 -0.19513000 0.30702950
v 0.22950400 -0.24629200 -0.39643150
v 0.19758300 -0.19411400 0.30702950
v 0.20100600 -0.24526700 -0.39643150
v 0.18173600 0.16527000 0.37628150
v 0.21749400 0.14429800 0.37296150
v 0.19555600 -0.13151700 0.32994950
v 0.21343500 -0.21783100 -0.41001850
v 0.19266800 0.00868500 0.35208550
v 0.20357600 0.18504300 0.38041550
v 0.22399700 -0.13237300 0.32996550
v 0.19009800 0.13513900 0.37140350
v 0.22084900 0.00788200 0.35184150
v 0.07343700 0.18445900 0.37966350
v 0.07634400 0.20794300 0.38451250
v 0.22615700 -0.21829200 -0.40992250
v 0.20071300 -0.21736600 -0.40992250
v 0.19582700 -0.16838400 0.28879950
v 0.19910700 -0.21656700 -0.39665350
v 0.22447200 -0.16930600 0.28936450
v 0.22765100 -0.21758400 -0.39671850
v 0.16259600 0.21740200 0.01286950
v 0.18418700 0.20039400 0.00990050
v 0.17029100 0.22738800 -0.39533550
v 0.14979200 0.18667100 0.36966050
v 0.17207900 0.23772400 -0.39524050
v 0.15090700 0.19699700 0.37187550
v 0.17468000 0.24769900 -0.39513550
v 0.15377500 0.20696300 0.37406450
v 0.20746700 0.24026200 -0.39519350
v 0.19010600 0.19887100 0.37268950
v 0.20060700 0.23047600 -0.39529550
v 0.18323300 0.18912500 0.37056050
v 0.19289100 0.22091700 -0.39538550
v 0.17549400 0.17963900 0.36848650
v 0.07552400 0.20669900 0.38262850
v -0.24036900 -0.01782800 0.37284550
v -0.22291800 -0.02397000 0.35864650
v -0.23915100 0.02206500 0.36578050
v -0.23777400 0.09630300 0.39074550
v -0.24262600 -0.08801900 0.34875650
v -0.22023300 0.10744900 0.37878950
v -0.05872500 0.19653000 0.38033750
v -0.18291000 0.16676800 0.37487350
v -0.20165100 0.18410400 0.40594150
v -0.21597900 0.13827000 0.39768550
v -0.22366200 -0.14876000 0.35198850
v -0.19835800 -0.14839100 0.35197850
v -0.21548800 0.14428200 0.37127750
v -0.19133700 0.13447700 0.36949650
v -0.19711300 -0.13014200 0.32863250
v -0.22242400 -0.13057200 0.32863250
v -0.19743600 -0.09880000 0.36023050
v -0.07270100 0.18613600 0.37813950
v -0.06737700 0.18612400 0.40572050
v -0.08953800 0.20663500 0.41010750
v -0.19742300 -0.16612800 0.28816850
v -0.20076100 -0.21429600 -0.39705350
v -0.22620800 -0.21517400 -0.39705350
v -0.22290500 -0.16699600 0.28816850
v -0.22490900 -0.19630600 0.30815650
v -0.22838500 -0.24759600 -0.39639450
v -0.20294300 -0.24672100 -0.39639450
v -0.19945100 -0.19544100 0.30815650
v -0.20212400 0.18412000 0.37844050
v -0.18258700 0.16675200 0.40244750
v -0.19294600 0.00277300 0.37464350
v -0.20299900 0.18535000 0.40457750
v -0.22517900 -0.14778900 0.35066750
v -0.18990400 0.13251400 0.39509350
v -0.23965700 -0.09704700 0.35888450
v -0.24106300 0.00243700 0.37453550
v -0.18125000 0.16551700 0.40071050
v -0.21726100 0.14173400 0.39671950
v -0.19673200 -0.14733800 0.35066150
v -0.24408500 -0.09067600 0.35983150
v -0.23897400 0.09616300 0.38923050
v -0.22576300 -0.10476800 0.35784550
v -0.23749500 0.10112900 0.38998950
v -0.22021300 0.11076700 0.39140350
v -0.07309300 0.18462500 0.40395050
v -0.20288800 -0.24588700 -0.40991350
v -0.22833000 -0.24676300 -0.40991350
v -0.22635700 -0.19470300 0.30702950
v -0.22979100 -0.24585900 -0.39643150
v -0.19777100 -0.19374100 0.30702950
v -0.20129000 -0.24488800 -0.39643150
v -0.18124600 0.16561200 0.37628150
v -0.22774800 -0.21515300 -0.37018650
v -0.19544500 -0.09384100 0.33635750
v -0.22639000 -0.21786500 -0.40992250
v -0.20094400 -0.21698800 -0.40992250
v -0.16037600 0.20736800 0.01089150
v -0.18363000 0.20074100 0.00990050
v -0.16968300 0.22770800 -0.39533550
v -0.14926100 0.18695300 0.36966050
v -0.17403500 0.24802700 -0.39513550
v -0.15320600 0.20725300 0.37406450
v -0.20683500 0.24065300 -0.39519350
v -0.18955300 0.19922900 0.37268950
v -0.19229600 0.22128000 -0.39538550
v -0.17497700 0.17997000 0.36848650
v -0.07456200 0.20683900 0.38262850
v 0.22810700 -0.24844100 -0.40901650
v 0.20140200 -0.24614000 -0.40901950
v 0.20064300 -0.21599200 -0.40906950
v 0.22737400 -0.21844100 -0.40908650
v 0.19881000 -0.18003000 0.33840550
v 0.22720300 -0.21611300 -0.39699650
v 0.19937100 -0.21510700 -0.39699650
v 0.20142900 -0.24658500 -0.39635450
v 0.22590300 -0.19632900 0.30785550
v 0.19560000 -0.15612600 0.31746550
v 0.22250400 -0.15483200 0.31660050
v 0.21325200 0.16657700 0.40115750
v 0.19702700 -0.14846900 0.35162650
v 0.22477300 -0.14863200 0.35168950
v 0.22358500 -0.13128800 0.32898450
v 0.19585200 -0.13076800 0.32898450
v 0.21170700 0.16652100 0.37526050
v 0.21177400 0.16547500 0.40254350
v 0.18764100 0.15150500 0.37409450
v -0.01188400 0.18603200 0.37813750
v -0.03646200 0.18470300 0.40395150
v 0.20321400 0.18467500 0.40567350
v 0.20332300 0.18485500 0.37903650
v 0.18211200 0.16560400 0.37516250
v 0.18205000 0.16545800 0.40188650
v 0.19068300 0.13216300 0.39622550
v 0.21940000 0.10524200 0.39218250
v 0.21738000 0.14079700 0.39777950
v 0.21868800 0.11127000 0.36623650
v 0.21713300 0.14429200 0.37175350
v 0.19577000 -0.09410200 0.33530050
v 0.19045500 0.13539900 0.37012650
v 0.21783200 0.11086100 0.39308550
v 0.19770200 -0.10931100 0.35870950
v 0.22490800 -0.11760100 0.35607750
v 0.19227100 0.11721900 0.36672050
v 0.22219800 -0.09655000 0.33454550
v 0.19114500 0.11105900 0.39148250
v 0.19558800 -0.10182200 0.33525850
v 0.23906800 0.09553300 0.39030150
v 0.24400800 -0.09513000 0.35919250
v 0.22063400 0.10928400 0.39237850
v 0.22569500 -0.10457100 0.35901850
v 0.22386000 -0.10191300 0.33526750
v 0.20355800 0.18504600 0.39240550
v 0.21764500 0.14259500 0.38476350
v 0.22545700 -0.10116500 0.34728150
v 0.22426300 -0.09667300 0.34715350
v 0.19349100 0.00212500 0.37570250
v 0.22424800 -0.10245100 0.35973350
v 0.22047000 0.00874800 0.35084550
v 0.19301200 0.00877300 0.35084550
v 0.24097200 0.00170400 0.37559550
v 0.24381900 -0.09127500 0.36087050
v 0.24075300 0.00491300 0.36359650
v 0.23887000 0.09864300 0.37808050
v 0.22140200 0.00553200 0.36284350
v 0.21958500 0.10860700 0.37863150
v 0.19742800 -0.09919700 0.36022650
v 0.19352400 0.03868600 0.35495650
v 0.19217200 0.05050700 0.38214350
v 0.23931900 0.03089300 0.38060650
v 0.24312700 -0.06356600 0.36418650
v 0.19447200 -0.06288700 0.34124650
v 0.24228300 -0.07938400 0.35012250
v 0.22135200 0.05733300 0.37118550
v 0.21952600 0.08009200 0.36272150
v 0.22180100 0.10818300 0.39218250
v 0.23789400 0.09999400 0.39100450
v 0.23928400 -0.09752400 0.35996950
v 0.22657700 -0.09996200 0.34749450
v 0.24274600 -0.09255100 0.34849650
v 0.23408800 0.10493000 0.37897250
v 0.22045100 0.11239300 0.38002650
v 0.24247500 -0.08254200 0.36267850
v 0.22303500 -0.02369800 0.35875350
v 0.23792800 0.09848200 0.37763150
v 0.22688800 -0.10338400 0.35807650
v 0.23482100 0.10221900 0.39020250
v 0.07602800 0.20761800 0.40985850
v 0.07646900 0.20767600 0.38319750
v 0.07416300 0.18483900 0.37838250
v 0.07367600 0.18481600 0.40512850
v 0.07564400 0.20794200 0.40868950
v 0.12849600 0.18597700 0.37788850
v 0.21540900 -0.24802400 -0.40908950
v 0.20270400 -0.24751900 -0.40901650
v 0.21334500 -0.21642100 -0.40913850
v 0.22605100 -0.21691700 -0.40906950
v 0.21151700 -0.18046700 0.33844250
v 0.22421900 -0.18081700 0.33840550
v 0.20978500 -0.15439400 0.31656350
v 0.19707200 -0.15404400 0.31660050
v 0.18912500 0.15261900 0.37257550
v 0.20129100 0.15581800 0.40080450
v 0.18919700 0.15158200 0.39992350
v 0.02483600 0.18598000 0.40568050
v 0.20466500 0.11042900 0.39301950
v 0.19275500 0.11013800 0.39292250
v 0.20980900 -0.10895100 0.35881250
v 0.22303200 -0.10973000 0.35868550
v 0.20515500 0.11681000 0.36661850
v 0.21727200 0.11891400 0.36702350
v 0.21026700 -0.09628400 0.33453950
v 0.20615300 0.05769700 0.38481950
v 0.19365300 0.05541800 0.38442250
v 0.20792500 -0.02573100 0.37178750
v 0.22357900 -0.09111800 0.36153450
v 0.20567800 0.06448200 0.35877450
v 0.21818800 0.06474900 0.35886650
v 0.20742300 -0.01880700 0.34623650
v 0.19703700 -0.09540800 0.33470650
v 0.12557100 0.19632700 0.38010050
v 0.13189200 0.20640200 0.38237050
v 0.22708800 -0.21422100 -0.37034850
v 0.22401500 -0.16789800 0.28846950
v 0.19609800 -0.16690300 0.28846950
v 0.20117000 -0.24344800 -0.35135350
v 0.19801300 -0.19533500 0.30785550
v 0.22654100 -0.20717900 0.17575850
v 0.22925600 -0.24758800 -0.39635450
v 0.22938800 -0.24423200 -0.36711650
v 0.21067600 -0.17678800 0.14917450
v 0.19887400 -0.21360600 -0.35716050
v 0.21257500 -0.20708400 0.17755850
v 0.22501900 -0.17894400 0.15235250
v 0.19820500 -0.20465500 0.17832450
v 0.19787800 -0.17637300 0.14920850
v 0.22535000 -0.20750200 0.17747350
v 0.18586300 0.18474800 0.37810850
v 0.18967600 0.19671300 0.38245950
v 0.17754300 0.17554300 0.37613250
v 0.19349300 0.19431600 0.38022150
v 0.22922900 -0.24714400 -0.40901950
v 0.19714900 -0.17852100 0.33717550
v 0.22568100 -0.17939700 0.33717550
v 0.18772300 0.15059800 0.39822950
v 0.21926200 0.11926500 0.39293350
v 0.19623900 -0.11742300 0.35606450
v 0.23893400 0.09980800 0.38983150
v 0.19495400 -0.06937000 0.36341750
v 0.23954400 0.08532600 0.38764250
v 0.23975400 -0.09745200 0.35889450
v 0.22175800 0.10890200 0.39117950
v 0.22681100 -0.20600700 0.17350650
v 0.20075800 -0.24236600 -0.35501550
v 0.19951600 -0.21729300 -0.40906650
v 0.21322300 0.16748100 0.37709850
v 0.19081500 0.11387700 0.36775550
v 0.19643900 -0.17827500 0.14727550
v 0.22751900 -0.21557600 -0.37013650
v 0.17390600 0.22718100 -0.40955550
v 0.17654600 0.23738900 -0.40955950
v 0.17977200 0.24731600 -0.40948650
v 0.20301400 0.24204400 -0.40950150
v 0.19679400 0.23224500 -0.40957350
v 0.18994200 0.22258900 -0.40956850
v 0.15977500 0.20694100 0.37407750
v 0.18601400 0.20112100 0.37309450
v 0.17036900 0.22731600 0.01479050
v 0.17984800 0.24765400 -0.39511050
v 0.19464300 0.22179900 0.01464650
v 0.20347500 0.24233500 -0.39515150
v 0.15465500 0.19072500 0.29849050
v 0.15627700 0.20105200 0.30179750
v 0.16509600 0.22742300 0.01371350
v 0.15872800 0.21100900 0.30504650
v 0.19233900 0.20335100 0.30312050
v 0.18552600 0.19358900 0.29994750
v 0.17783600 0.18406200 0.29683350
v -0.23834900 0.01715700 0.37841450
v -0.22505600 0.00846400 0.37707350
v -0.22391900 -0.01865200 0.35950250
v -0.23874000 -0.00732400 0.36119150
v -0.24178000 -0.09188500 0.36113950
v -0.22528500 -0.09930000 0.36013750
v -0.23755000 0.10042500 0.39100350
v -0.23668500 0.09680800 0.39086150
v -0.23873800 -0.09391600 0.34824250
v -0.22633900 -0.09511400 0.34776050
v -0.24151700 -0.08844600 0.34865750
v -0.22406300 0.11027800 0.37968750
v -0.23645000 0.10003900 0.37777250
v -0.22132600 0.10749100 0.37885750
v -0.24283000 -0.09078100 0.36128450
v -0.24079000 0.00215800 0.37559550
v -0.22121300 0.00594900 0.36284350
v -0.22106100 0.05803300 0.37122950
v -0.23756200 0.09893100 0.37763050
v -0.24056500 0.00536700 0.36359650
v -0.24298000 -0.09539200 0.36017950
v -0.22423900 -0.10167900 0.35979450
v -0.22571300 -0.10414500 0.35901850
v -0.22024900 0.10969900 0.39237850
v -0.21860700 0.10665400 0.39234350
v -0.23871000 0.09598400 0.39030050
v -0.22546900 -0.10074000 0.34728150
v -0.24355900 -0.08744100 0.34920750
v -0.23730000 0.10358200 0.37873250
v -0.23850500 0.09909300 0.37808050
v -0.21920200 0.10902100 0.37863150
v -0.22006100 0.11280800 0.38002650
v -0.19938900 -0.21233300 -0.36321750
v -0.19803200 -0.17600100 0.14919150
v -0.20059600 -0.21224500 -0.36839850
v -0.22605900 -0.21317800 -0.36919750
v -0.22350900 -0.17687300 0.14931250
v -0.22556300 -0.20707900 0.17744450
v -0.22820200 -0.24508300 -0.35995550
v -0.20273200 -0.24400200 -0.35704150
v -0.20010700 -0.20619600 0.17749250
v -0.19330900 0.00249000 0.37570250
v -0.22027500 0.00916300 0.35084550
v -0.19702200 -0.09459400 0.33477350
v -0.19281700 0.00913700 0.35084550
v -0.19328500 0.03851900 0.35487650
v -0.18865800 0.15297600 0.37257550
v -0.18162100 0.16594700 0.37516250
v -0.17703400 0.17587800 0.37613250
v -0.17912700 0.24765400 -0.40948650
v -0.20237900 0.24242600 -0.40950150
v -0.21128300 0.16587400 0.40254350
v -0.20268700 0.18505800 0.40567350
v -0.18873300 0.15193800 0.39992350
v -0.19025500 0.13252200 0.39622550
v -0.21741600 0.11102500 0.39304950
v -0.21693600 0.14120700 0.39777950
v -0.22438100 -0.18039400 0.33840550
v -0.22487500 -0.14820800 0.35168950
v -0.19772900 -0.10881100 0.35872850
v -0.19712900 -0.14809700 0.35162650
v -0.19897100 -0.17965500 0.33840550
v -0.21121500 0.16692000 0.37526050
v -0.21668200 0.14470100 0.37175350
v -0.19187700 0.11758200 0.36671950
v -0.19002100 0.13575800 0.37012650
v -0.19718400 -0.15367200 0.31660050
v -0.19592000 -0.13039900 0.32898450
v -0.22365400 -0.13086600 0.32898450
v -0.22261700 -0.15441300 0.31660050
v -0.19628900 -0.10033200 0.35960150
v -0.22331100 -0.09337400 0.33535250
v -0.12796700 0.18621800 0.37788850
v -0.07363600 0.18497800 0.37838250
v -0.07315000 0.18495400 0.40512850
v -0.07545800 0.20776100 0.40985850
v -0.01009700 0.20696700 0.41011550
v -0.19623400 -0.16653300 0.28846950
v -0.20087200 -0.21561400 -0.40906950
v -0.19959800 -0.21473100 -0.39699650
v -0.22743200 -0.21568400 -0.39699650
v -0.22628100 -0.21649000 -0.40906950
v -0.22415300 -0.16747600 0.28846950
v -0.22609500 -0.19590300 0.30785550
v -0.22839800 -0.24801100 -0.40901650
v -0.22954500 -0.24715500 -0.39635450
v -0.20171600 -0.24620400 -0.39635450
v -0.20299300 -0.24713600 -0.40901650
v -0.19820300 -0.19496200 0.30785550
v -0.17329900 0.22750900 -0.40955550
v -0.18934300 0.22294700 -0.40956850
v -0.20279600 0.18523800 0.37903650
v -0.19294800 0.19468000 0.38022150
v -0.18155900 0.16580100 0.40188650
v -0.19490600 -0.06900200 0.36341750
v -0.19189900 0.05086000 0.38214150
v -0.20303100 0.18542900 0.39240550
v -0.21275900 0.16697800 0.40115750
v -0.22495100 -0.11717600 0.35607750
v -0.22584000 -0.17897100 0.33717550
v -0.19084200 0.10889700 0.39112550
v -0.18726100 0.15095200 0.39822950
v -0.20108900 -0.24262400 -0.36418950
v -0.19842700 -0.20446300 0.17563850
v -0.23921700 0.08515400 0.38755150
v -0.24306900 -0.06310800 0.36418650
v -0.21885900 0.11967800 0.39293350
v -0.21705200 0.14476300 0.37307950
v -0.19730700 -0.17814900 0.33717550
v -0.19628200 -0.11705300 0.35606450
v -0.23455300 0.10261500 0.39018150
v -0.24400900 -0.09467000 0.35919250
v -0.23856800 0.10025800 0.38983150
v -0.07507300 0.20808400 0.40868950
v -0.20168800 -0.24576000 -0.40901950
v -0.22951700 -0.24671100 -0.40901950
v -0.18719400 0.15187200 0.37396250
v -0.21844000 0.11925800 0.36860050
v -0.19560300 -0.10150000 0.33524650
v -0.22517900 -0.17852800 0.15220150
v -0.19098500 0.08169700 0.36302450
v -0.18912600 0.19707000 0.38245950
v -0.22431600 -0.15615500 0.31797450
v -0.22264700 -0.06317800 0.34102750
v -0.07589900 0.20782000 0.38319750
v 0.00029400 0.20824100 0.38449850
v -0.19974800 -0.21691700 -0.40906650
v -0.16848400 0.22593600 -0.35808050
v -0.15411700 0.19101600 0.29849050
v -0.16976200 0.22763700 0.01479050
v -0.16447500 0.22768200 0.01477150
v -0.15815200 0.21130800 0.30504650
v -0.20646500 0.23858200 -0.35591350
v -0.19177700 0.20371300 0.30312050
v -0.19176600 0.21916200 -0.35551450
v -0.17731000 0.18439700 0.29683350
v -0.17920300 0.24799300 -0.39511050
v -0.13132400 0.20665000 0.38237050
v -0.15920600 0.20724200 0.37407750
v -0.20283900 0.24271800 -0.39515150
v -0.18545600 0.20147100 0.37309450
v 0.00124500 0.20695900 0.38264950
v 0.22886300 -0.24833600 -0.40879950
v 0.20153000 -0.24683200 -0.40880050
v 0.19988500 -0.21606700 -0.40886150
v 0.22722000 -0.21757500 -0.40886050
v 0.19797000 -0.17987500 0.33829550
v 0.22718300 -0.21699100 -0.40793250
v 0.19951500 -0.21599100 -0.40793250
v 0.19916600 -0.21270700 -0.36320450
v 0.20156000 -0.24728100 -0.40782550
v 0.22566700 -0.18996300 0.32668950
v 0.22617300 -0.20195100 0.25702050
v 0.19567900 -0.15483000 0.31729450
v 0.22400400 -0.15570100 0.31729450
v 0.22419800 -0.15655100 0.31800350
v 0.22334400 -0.15498700 0.31671050
v 0.21314200 0.16646900 0.40181650
v 0.19729600 -0.16524400 0.34617850
v 0.19679300 -0.13182300 0.35504850
v 0.22508000 -0.16594700 0.34617850
v 0.22456000 -0.13073000 0.35530150
v 0.22365100 -0.14416500 0.32426150
v 0.22354300 -0.11853400 0.33177750
v 0.19584800 -0.14346100 0.32426150
v 0.19587900 -0.11819900 0.33177750
v 0.21248200 0.16704000 0.37548250
v 0.21254700 0.16600400 0.40248950
v 0.18776700 0.15162600 0.37330150
v 0.20869200 0.17643600 0.40411450
v 0.19669800 0.19122700 0.40694250
v 0.20866600 0.17684300 0.37754750
v 0.19716000 0.19154200 0.38024150
v 0.18543300 0.15913000 0.37409850
v 0.17821800 0.17121600 0.37602350
v 0.18546200 0.15873300 0.40074150
v 0.17794000 0.17101300 0.40283350
v 0.19649700 -0.10947200 0.35829450
v 0.19627700 -0.10068100 0.35960450
v 0.19115500 0.12335700 0.39473150
v 0.18972400 0.14162800 0.39783250
v 0.21929200 0.11090500 0.39299650
v 0.21836800 0.12785600 0.39558450
v 0.21568800 0.15400700 0.40007150
v 0.21792100 0.13331800 0.36987150
v 0.21556000 0.15603600 0.37379450
v 0.19083900 0.12780700 0.36886850
v 0.18958300 0.14364800 0.37150050
v 0.21840600 0.11774800 0.39415650
v 0.19688100 -0.10941200 0.35856350
v 0.22480800 -0.11666500 0.35688550
v 0.19145100 0.11756900 0.36690950
v 0.22309300 -0.10113000 0.33401650
v 0.19126200 0.11145400 0.39226850
v 0.19568700 -0.10163800 0.33463450
v 0.19557800 -0.10842300 0.33515350
v 0.23891000 0.09907800 0.39075450
v 0.24394100 -0.09521100 0.35974350
v 0.21982700 0.11137000 0.39276450
v 0.22499900 -0.10739900 0.35865050
v 0.22674400 -0.10327800 0.35919650
v 0.24366700 -0.09166400 0.34873550
v 0.24357700 -0.08803600 0.34918750
v 0.20904200 0.17694300 0.39087250
v 0.19702300 0.19155400 0.39366650
v 0.21600200 0.15524400 0.38696350
v 0.21855900 0.13024600 0.38264050
v 0.22481100 -0.10365500 0.34681250
v 0.23838600 0.10267400 0.37878050
v 0.23771000 0.10311600 0.37873150
v 0.22443000 -0.10309200 0.34632550
v 0.19442100 -0.03700100 0.36958050
v 0.22439000 -0.10709200 0.35897750
v 0.22140700 -0.03031500 0.34494750
v 0.22331300 -0.09380700 0.33535150
v 0.22348000 -0.10135600 0.33424250
v 0.19393300 -0.03028900 0.34494750
v 0.19222900 0.04794700 0.35674250
v 0.24016000 0.03756800 0.38124750
v 0.24193100 -0.03406700 0.36994450
v 0.24390800 -0.09489000 0.36020250
v 0.24170200 -0.03082700 0.35805350
v 0.23994900 0.04074500 0.36913950
v 0.23905600 0.08904600 0.37658550
v 0.23872600 0.10210800 0.37870250
v 0.22234800 -0.03351500 0.35684350
v 0.22061700 0.04468900 0.36884250
v 0.21941500 0.11418800 0.37962250
v 0.19521100 -0.05282200 0.36736750
v 0.22131400 -0.04167300 0.34296550
v 0.19230000 0.05030800 0.38277450
v 0.23720800 0.08672500 0.38940850
v 0.24304300 -0.06376100 0.36480250
v 0.19460000 -0.06301100 0.34043650
v 0.24119000 -0.07994600 0.35000150
v 0.22242900 0.05729000 0.37122150
v 0.21938900 0.08067600 0.36211250
v 0.23858100 0.09961500 0.39082650
v 0.24298100 -0.09584900 0.36017950
v 0.24364100 -0.09543800 0.36012550
v 0.24340000 -0.09221100 0.34865950
v 0.22156200 0.11130600 0.37989250
v 0.21971700 0.11443500 0.38024650
v 0.24128400 -0.08178100 0.36285350
v 0.22634000 0.04483400 0.38282250
v 0.22160900 0.06853500 0.38651250
v 0.22400800 -0.01792000 0.35968050
v 0.23856400 0.09826800 0.37773750
v 0.23451900 0.10207200 0.39085850
v 0.22599700 -0.08489600 0.34935450
v 0.10921800 0.20711900 0.40982050
v 0.03381800 0.20787800 0.40986050
v 0.11098200 0.20734900 0.38309450
v 0.03909200 0.20785500 0.38321950
v 0.10735400 0.18459700 0.37827850
v 0.03796500 0.18494100 0.37840450
v 0.10540500 0.18447800 0.40509950
v 0.10905200 0.20744700 0.40865150
v 0.13103000 0.18498900 0.37784150
v 0.13890400 0.20665500 0.38346850
v 0.20193000 -0.24736200 -0.40879950
v 0.22682200 -0.21704500 -0.40886150
v 0.22504100 -0.18071000 0.33829550
v 0.19624800 -0.15415000 0.31671050
v 0.18835700 0.15209100 0.37262850
v 0.18842900 0.15106400 0.39970450
v -0.03498800 0.18537600 0.40544250
v 0.13516100 0.20690600 0.38256750
v 0.22425000 -0.17297600 0.22590650
v 0.22385700 -0.16266900 0.30630850
v 0.19668800 -0.17680700 0.14937550
v 0.19633100 -0.17196500 0.22590650
v 0.19595700 -0.16171900 0.30630850
v 0.19827900 -0.20094300 0.25702050
v 0.19779300 -0.18901500 0.32668950
v 0.22912800 -0.24545700 -0.36556250
v 0.22922400 -0.24827900 -0.40782550
v 0.22486000 -0.17825600 0.15088450
v 0.19837900 -0.20550400 0.17753450
v 0.19704700 -0.17648900 0.14949150
v 0.22617500 -0.20738800 0.17719750
v 0.18973900 0.19690900 0.38173450
v 0.17604400 0.17535200 0.37620950
v 0.19280700 0.19557700 0.38055750
v 0.22919400 -0.24783000 -0.40880050
v 0.19730800 -0.17916300 0.33771150
v 0.22560800 -0.18003200 0.33771150
v 0.18783600 0.15065500 0.39891250
v 0.21921500 0.11823600 0.39347150
v 0.23888200 0.09959400 0.39039050
v 0.19508100 -0.06954100 0.36403750
v 0.23946700 0.08452200 0.38816450
v 0.21867300 0.12398500 0.37033850
v 0.21873100 0.11846600 0.36782050
v 0.19955700 -0.21836000 -0.40913450
v 0.19955200 -0.21657500 -0.40886050
v 0.21308000 0.16744900 0.37627350
v 0.03784000 0.18460700 0.37964550
v -0.03684500 0.18480100 0.37882950
v 0.19077600 0.11474300 0.36870550
v 0.19131700 0.08133900 0.36302450
v 0.22256100 -0.06303700 0.34043650
v 0.13320000 0.18365200 0.37861650
v 0.19609600 -0.17369300 0.22065450
v 0.22746500 -0.21644300 -0.39431450
v 0.17315700 0.17546800 0.37721950
v 0.17443600 0.22626400 -0.40944150
v 0.18117600 0.24769200 -0.40936850
v 0.20230100 0.24292400 -0.40938150
v 0.18868600 0.22217600 -0.40945350
v 0.15463100 0.20640100 0.38217050
v 0.16226400 0.20825900 0.35089450
v 0.18691800 0.19956700 0.38098550
v 0.18649500 0.20277600 0.35001850
v 0.16688900 0.21874300 0.17301050
v 0.17866400 0.24580400 -0.35600450
v 0.18130700 0.24799900 -0.40884350
v 0.19117100 0.21325600 0.17189150
v 0.20254700 0.24321500 -0.40885750
v 0.16992700 0.22442500 -0.35599950
v 0.15553900 0.18964000 0.29823350
v 0.16056300 0.21135100 0.30512950
v 0.20601700 0.23920300 -0.35544550
v 0.19126200 0.20439400 0.30338650
v 0.17617000 0.18370400 0.29674050
v -0.22675800 -0.10285500 0.35919350
v -0.23687800 0.08670900 0.38933650
v -0.24117700 -0.07924200 0.35003950
v -0.24206000 -0.05170300 0.36734850
v -0.24120800 -0.08079800 0.36293850
v -0.24181700 -0.03361100 0.36994450
v -0.23991100 0.03802100 0.38124650
v -0.23859000 0.08671400 0.38916350
v -0.22295900 -0.04701400 0.35496650
v -0.22035400 0.04510500 0.36884250
v -0.22223300 -0.03309600 0.35684350
v -0.21972900 0.09771300 0.37714150
v -0.23969400 0.04119800 0.36913950
v -0.24158200 -0.03037100 0.35805350
v -0.24279500 -0.07596800 0.35070850
v -0.24364300 -0.09497900 0.36012550
v -0.24390800 -0.09443000 0.36020250
v -0.24381300 -0.09084900 0.36086650
v -0.22451500 -0.10652800 0.35898450
v -0.22502300 -0.10697400 0.35865050
v -0.22143000 0.10858200 0.39218550
v -0.21943900 0.11178400 0.39276450
v -0.21890400 0.11131800 0.39299650
v -0.23890700 0.08690700 0.38891750
v -0.23821500 0.10006500 0.39082650
v -0.22660000 -0.09950500 0.34749250
v -0.22482800 -0.10323100 0.34681250
v -0.22426600 -0.09614500 0.34716850
v -0.22444600 -0.10266800 0.34632550
v -0.24366100 -0.09120400 0.34873550
v -0.24339600 -0.09175200 0.34865950
v -0.24275600 -0.09209700 0.34850650
v -0.23801400 0.10312300 0.37878050
v -0.23835500 0.10255800 0.37870250
v -0.21902100 0.11460200 0.37962250
v -0.21942700 0.09652300 0.37668150
v -0.21932300 0.11484900 0.38024650
v -0.22122400 0.11168400 0.37988950
v -0.22475500 -0.17735300 0.14991750
v -0.22435100 -0.17705000 0.14947850
v -0.22941300 -0.24502600 -0.36558550
v -0.19885700 -0.20567600 0.17748450
v -0.19926400 -0.20600500 0.17754650
v -0.19263100 0.05148700 0.38361950
v -0.19225700 0.05090100 0.38325850
v -0.19431300 -0.03663400 0.36958050
v -0.21878400 0.06115600 0.35840050
v -0.22128600 -0.02989800 0.34494750
v -0.21920800 0.05898400 0.35834450
v -0.19457500 -0.04417600 0.34252750
v -0.19196100 0.04831000 0.35674250
v -0.19381100 -0.02992400 0.34494750
v -0.19105100 0.11791900 0.36690850
v -0.18789100 0.15244500 0.37262850
v -0.17771700 0.17155200 0.37602350
v -0.18495500 0.15947900 0.37409850
v -0.17553500 0.17568300 0.37620950
v -0.18053000 0.24803300 -0.40936850
v -0.20166500 0.24330500 -0.40938150
v -0.21205600 0.16640400 0.40248950
v -0.19615900 0.19159700 0.40694250
v -0.20818100 0.17682900 0.40411450
v -0.18796500 0.15141900 0.39970350
v -0.18927900 0.14198500 0.39783250
v -0.19074400 0.12371700 0.39473150
v -0.19156600 0.10976400 0.39266950
v -0.21521900 0.15441300 0.40007150
v -0.21794900 0.12826700 0.39558450
v -0.22520300 -0.18028600 0.33829550
v -0.22462800 -0.13030600 0.35530150
v -0.22521500 -0.16552200 0.34617850
v -0.22398000 -0.10811300 0.35880650
v -0.19686400 -0.13145100 0.35504850
v -0.19743000 -0.16487200 0.34617850
v -0.19813100 -0.17950200 0.33829550
v -0.21198800 0.16744000 0.37548250
v -0.21508700 0.15644200 0.37379450
v -0.21749100 0.13372900 0.36987150
v -0.21769100 0.11934100 0.36716150
v -0.18913300 0.14400500 0.37150050
v -0.19042000 0.12816700 0.36886850
v -0.19636100 -0.15378000 0.31671050
v -0.19592300 -0.11782900 0.33177750
v -0.19594000 -0.14309100 0.32426150
v -0.19629300 -0.09909800 0.33423950
v -0.22358800 -0.11811200 0.33177750
v -0.22374500 -0.14374300 0.32426150
v -0.22345800 -0.15456600 0.31671050
v -0.19119100 0.10931300 0.39232350
v -0.21830000 0.11166400 0.36623350
v -0.21808600 0.11911700 0.36739950
v -0.19576800 -0.09369600 0.33530650
v -0.19591800 -0.10116600 0.33420950
v -0.13050300 0.18523600 0.37784150
v -0.10682700 0.18479900 0.37827850
v -0.03743800 0.18502200 0.40512550
v -0.10487900 0.18467600 0.40509950
v -0.03852200 0.20792800 0.40985850
v -0.10864900 0.20732500 0.40982050
v 0.03498700 0.20754100 0.41008750
v -0.19608400 -0.16134900 0.30630850
v -0.19647700 -0.17159500 0.22590650
v -0.20011400 -0.21569000 -0.40886150
v -0.19974400 -0.21561400 -0.40793250
v -0.22731300 -0.21378600 -0.37026950
v -0.22741400 -0.21656300 -0.40793250
v -0.22705300 -0.21661700 -0.40886150
v -0.22398600 -0.16224700 0.30630850
v -0.22439800 -0.17255300 0.22590650
v -0.22637600 -0.20152500 0.25702050
v -0.22584600 -0.18953800 0.32668950
v -0.22915400 -0.24790400 -0.40879950
v -0.22951400 -0.24784700 -0.40782550
v -0.20145000 -0.24305600 -0.35118550
v -0.20184800 -0.24690100 -0.40782550
v -0.20221900 -0.24698000 -0.40879950
v -0.19797100 -0.18864200 0.32668950
v -0.19848000 -0.20056900 0.25702050
v -0.17383100 0.22659300 -0.40944250
v -0.18808800 0.22253100 -0.40945350
v -0.19662000 0.19191300 0.38024050
v -0.20815400 0.17723600 0.37754750
v -0.19225900 0.19594000 0.38055750
v -0.17743900 0.17134800 0.40283350
v -0.18498400 0.15908200 0.40074150
v -0.22695500 -0.20628100 0.17480250
v -0.19503300 -0.06917300 0.36403750
v -0.19648300 0.19192500 0.39366650
v -0.20853000 0.17733700 0.39087250
v -0.21264900 0.16687000 0.40181650
v -0.22485000 -0.11624100 0.35688550
v -0.22577000 -0.17960600 0.33771150
v -0.18737300 0.15100900 0.39891250
v -0.24298400 -0.06330300 0.36480250
v -0.21881300 0.11864900 0.39347150
v -0.21813500 0.13065800 0.38264050
v -0.21553100 0.15565100 0.38696350
v -0.19746700 -0.17879000 0.33771150
v -0.19628900 -0.10910900 0.35786150
v -0.24394200 -0.09475100 0.35974350
v -0.23851600 0.10004400 0.39039050
v -0.03854700 0.20824000 0.40870350
v -0.20181800 -0.24645200 -0.40880050
v -0.22948300 -0.24739800 -0.40880050
v -0.19664900 -0.17697200 0.14932750
v -0.17264700 0.17579400 0.37721950
v -0.18716000 0.15181000 0.37487750
v -0.18730300 0.15198000 0.37330150
v -0.21826100 0.12439700 0.37033850
v -0.21258600 0.16785100 0.37627250
v -0.21273700 0.16784500 0.37704750
v -0.19558600 -0.10181900 0.33617450
v -0.19571500 -0.15564800 0.31761150
v -0.19579300 -0.15446100 0.31729450
v -0.22528300 -0.17949800 0.15389750
v -0.19157700 0.05598400 0.35835450
v -0.19440700 -0.06234200 0.34127050
v -0.19454000 -0.06264400 0.34043650
v -0.18918900 0.19726700 0.38173450
v -0.22411900 -0.15527800 0.31729450
v -0.22399400 -0.11962000 0.33269550
v -0.22373500 -0.10122200 0.33463250
v -0.19050200 0.11537000 0.36725450
v -0.22250200 -0.06261800 0.34043650
v -0.21919800 0.08042100 0.36270850
v -0.21905800 0.08109000 0.36211250
v -0.13267500 0.18390300 0.37861650
v -0.13833600 0.20691700 0.38346850
v -0.03852200 0.20792800 0.38321950
v -0.11041300 0.20755800 0.38309450
v 0.00028500 0.20812700 0.38369650
v -0.22760800 -0.21800900 -0.40908350
v -0.22745200 -0.21714600 -0.40886050
v -0.19978200 -0.21619800 -0.40886050
v -0.19979100 -0.21798300 -0.40913450
v -0.15500300 0.18993300 0.29823350
v -0.16629800 0.21905700 0.17301050
v -0.17446500 0.24649400 -0.35507550
v -0.15998600 0.21165300 0.30512950
v -0.19409300 0.22221500 0.01354750
v -0.19059000 0.21361600 0.17189150
v -0.19069800 0.20475400 0.30338650
v -0.17564500 0.18403600 0.29674050
v -0.18066100 0.24834100 -0.40884350
v -0.17798900 0.24614200 -0.35596350
v -0.13459200 0.20716000 0.38256750
v -0.16169200 0.20856400 0.35089450
v -0.15406300 0.20669200 0.38217050
v -0.20191000 0.24359600 -0.40885750
v -0.20239400 0.24069900 -0.35625150
v -0.18593400 0.20312700 0.35001850
v -0.18636300 0.19991900 0.38098550
v 0.00028500 0.20812700 0.40941550
v 0.19702400 0.16799000 0.37536350
v 0.18912300 0.18066500 0.37754150
v 0.19705200 0.16757500 0.40288750
v 0.18846900 0.17975500 0.40509050
v 0.21121400 -0.16597100 0.34655750
v 0.21064100 -0.13222500 0.35545050
v 0.19864700 0.14322300 0.37102150
v 0.20972600 -0.14343700 0.32388350
v 0.20969500 -0.11813100 0.33137550
v 0.23140300 0.01578100 0.37827350
v 0.23119200 -0.00603600 0.36148550
v 0.21002900 -0.09921700 0.36027350
v 0.23702800 0.09990800 0.39127350
v 0.24177000 -0.09243400 0.34824650
v 0.23696600 0.08925000 0.37614550
v 0.23832600 0.02852500 0.38027350
v 0.22173200 0.00545700 0.36309950
v 0.23937300 0.02143500 0.36575250
v 0.23997300 0.02352200 0.36620850
v 0.24073300 -0.03085100 0.35765450
v 0.23888900 -0.00673100 0.36135350
v 0.24290100 -0.09548800 0.36049350
v 0.24180500 -0.09226400 0.36115150
v 0.22564600 -0.10373100 0.35939550
v 0.22067800 0.10841800 0.39251750
v 0.23830800 0.08628700 0.38929850
v 0.23875800 0.09560100 0.39057550
v 0.23804100 0.09943600 0.39116450
v 0.23702400 0.09634800 0.39086050
v 0.22540800 -0.10022900 0.34714650
v 0.22524200 -0.09547800 0.34772150
v 0.22637300 -0.09554200 0.34776150
v 0.24326600 -0.08825300 0.34891350
v 0.24278700 -0.09200800 0.34834350
v 0.24150700 -0.08893300 0.34865250
v 0.23769000 0.10274400 0.37840350
v 0.23684000 0.09951600 0.37776050
v 0.22061100 0.10703200 0.37878950
v 0.21992900 0.10814200 0.37883650
v 0.22049300 0.11167500 0.37964050
v 0.22171100 0.10709900 0.37886250
v 0.06118700 0.19551400 0.38014050
v 0.09775600 0.19636100 0.38026350
v 0.22335300 -0.17729500 0.14930750
v 0.22875300 -0.24566800 -0.36406650
v 0.19989600 -0.20657500 0.17747250
v 0.19387600 0.00205600 0.37596050
v 0.19514600 -0.01811500 0.37294050
v 0.22008500 0.00881700 0.35058750
v 0.21959500 -0.00663400 0.34812550
v 0.18606900 0.16109600 0.37399950
v 0.18258700 0.16586400 0.37491650
v 0.18021500 0.17166500 0.37566850
v 0.20759100 0.17553600 0.40439150
v 0.20286600 0.18435400 0.40590650
v 0.19574400 0.19024800 0.40720450
v 0.19089400 0.14224100 0.39833750
v 0.19106400 0.13229100 0.39651750
v 0.19203200 0.13053200 0.39635050
v 0.21640700 0.13823000 0.39774550
v 0.21698600 0.14068300 0.39803750
v 0.21451600 0.15333000 0.40038350
v 0.22389000 -0.16625700 0.34651950
v 0.22439100 -0.14892400 0.35190350
v 0.22327600 -0.13211400 0.35545350
v 0.19801600 -0.13204800 0.35541050
v 0.19742200 -0.14865900 0.35186050
v 0.19853200 -0.16561000 0.34651950
v 0.21438200 0.15542100 0.37328850
v 0.21674900 0.14416400 0.37146150
v 0.21671700 0.13309600 0.36942550
v 0.19176500 0.13434100 0.36953150
v 0.19083200 0.13559400 0.36987850
v 0.19074900 0.14432400 0.37118950
v 0.19704000 -0.14315000 0.32392050
v 0.19622300 -0.13059100 0.32875050
v 0.19707300 -0.11800100 0.33141550
v 0.22232100 -0.11830800 0.33141550
v 0.22319000 -0.13109800 0.32875050
v 0.22241600 -0.14379800 0.32392050
v 0.22352400 -0.10272900 0.35972450
v 0.19664900 -0.10030900 0.35992550
v 0.21747700 0.11137300 0.36584450
v 0.22291600 -0.09331900 0.33516150
v 0.10441100 0.18598800 0.37806650
v 0.06753300 0.18599000 0.37814750
v 0.06735600 0.18522900 0.40544850
v 0.09496600 0.18579500 0.40570350
v 0.09589600 0.20636900 0.41010050
v 0.07598000 0.20727700 0.41009150
v 0.20987700 -0.16172200 0.30595650
v 0.21025800 -0.17197000 0.22536950
v 0.21331900 -0.21602400 -0.40816150
v 0.21176200 -0.18996000 0.32704150
v 0.21226100 -0.20194700 0.25755750
v 0.21542600 -0.24827900 -0.40806250
v 0.19646300 -0.16662000 0.28826850
v 0.19714700 -0.16133300 0.30599150
v 0.19752000 -0.17155600 0.22542350
v 0.20061100 -0.21560800 -0.40812350
v 0.19972300 -0.21480300 -0.39702150
v 0.22681000 -0.21578500 -0.39702150
v 0.22603300 -0.21653300 -0.40812350
v 0.22583300 -0.21360900 -0.36926050
v 0.22261200 -0.16220600 0.30599150
v 0.22361000 -0.16759100 0.28826850
v 0.22300300 -0.17248500 0.22542350
v 0.22553900 -0.19661100 0.30805650
v 0.22447900 -0.19034900 0.32700650
v 0.22498700 -0.20236000 0.25750350
v 0.22813100 -0.24868900 -0.40802350
v 0.22890600 -0.24789400 -0.39636750
v 0.20182300 -0.24691500 -0.39636750
v 0.20271300 -0.24776600 -0.40802350
v 0.20245000 -0.24437700 -0.35693750
v 0.19903900 -0.18947800 0.32700650
v 0.19841800 -0.19564200 0.30805650
v 0.19952700 -0.20143300 0.25750350
v 0.20316300 0.18446000 0.37869950
v 0.20756400 0.17595500 0.37699550
v 0.19766400 0.18988900 0.37954150
v 0.18239400 0.16577800 0.40220650
v 0.18655400 0.15962000 0.40129150
v 0.17888900 0.17199700 0.40340150
v 0.21537500 -0.24752200 -0.40970550
v 0.19405800 -0.03671500 0.36853050
v 0.19325500 0.00224000 0.37527350
v 0.19699000 0.19152100 0.40584650
v 0.20342200 0.18486800 0.40523950
v 0.20901700 0.17672700 0.40301850
v 0.22490300 -0.13147600 0.35408050
v 0.22498900 -0.14846500 0.35127550
v 0.22536300 -0.16502700 0.34524450
v 0.19079900 0.12345600 0.39361750
v 0.19045200 0.13212200 0.39576150
v 0.18938000 0.14151400 0.39668350
v 0.23957700 -0.09756500 0.35953150
v 0.20089800 -0.24283200 -0.35052650
v 0.24043300 0.03780100 0.38017050
v 0.24115900 0.00181600 0.37516550
v 0.24220300 -0.03374400 0.36889950
v 0.18513700 0.15847700 0.39956950
v 0.18184300 0.16526800 0.40140050
v 0.17764800 0.17071600 0.40165550
v 0.21602300 0.15429400 0.39897850
v 0.21760400 0.14105000 0.39735550
v 0.21866800 0.12910800 0.39461750
v 0.19688900 -0.16430800 0.34524450
v 0.19677700 -0.14816000 0.35123550
v 0.19641000 -0.13123900 0.35405750
v 0.19129600 0.10468300 0.39053150
v 0.19141800 0.10483800 0.39122950
v 0.19611900 -0.10879700 0.35731550
v 0.19594400 -0.10156300 0.35836850
v 0.24409100 -0.09110800 0.35983250
v 0.24400900 -0.09133200 0.36043050
v 0.24415400 -0.09462100 0.35927250
v 0.23915600 0.09928100 0.38976650
v 0.23924900 0.09557500 0.38986650
v 0.24372000 -0.09551500 0.35914650
v 0.24298400 -0.09598300 0.35910650
v 0.22572800 -0.10504500 0.35851150
v 0.22514200 -0.10938400 0.35725150
v 0.23786200 0.10068700 0.38997650
v 0.23790500 0.10036600 0.39060650
v 0.23860100 0.10020500 0.38989650
v 0.21983600 0.11341300 0.39192850
v 0.22061200 0.10990900 0.39201250
v 0.10531700 0.18413900 0.40392150
v 0.07363800 0.18459700 0.40464150
v 0.03793700 0.18463000 0.40394850
v 0.20266400 -0.24703300 -0.40961450
v 0.20177800 -0.24620500 -0.40961550
v 0.22886100 -0.24718400 -0.40961550
v 0.22808200 -0.24795600 -0.40961450
v 0.22593400 -0.18881200 0.32582150
v 0.22610100 -0.19584600 0.30752050
v 0.22643600 -0.20072900 0.25569450
v 0.22944500 -0.24707000 -0.39638550
v 0.22944900 -0.24709100 -0.40802850
v 0.19784800 -0.19969800 0.25569450
v 0.19774800 -0.19483800 0.30752050
v 0.19736700 -0.18784300 0.32582150
v 0.20117400 -0.24607400 -0.40802850
v 0.20117000 -0.24605200 -0.39638550
v 0.19889600 -0.21461600 -0.35519250
v 0.17766400 0.17075100 0.37720050
v 0.18185100 0.16540100 0.37560950
v 0.18169800 0.16522300 0.37720350
v 0.21826100 0.13365700 0.37113750
v 0.21736500 0.14433300 0.37221650
v 0.19556200 -0.11852500 0.33293650
v 0.19564200 -0.13107000 0.32937550
v 0.19556300 -0.14438200 0.32519550
v 0.19555800 -0.13212900 0.33073350
v 0.21338300 -0.21700800 -0.40972450
v 0.21350500 -0.21893200 -0.41011550
v 0.22623600 -0.19865100 -0.14011750
v 0.19187800 0.04828400 0.35805150
v 0.19279200 0.00865900 0.35127450
v 0.20903500 0.17708300 0.37894450
v 0.20344800 0.18502900 0.37953150
v 0.19702200 0.19158400 0.38147250
v 0.22408000 -0.14525600 0.32528150
v 0.22383400 -0.13159800 0.32937550
v 0.18925000 0.14336100 0.37259550
v 0.19023100 0.13524600 0.37056450
v 0.22178800 -0.03112100 0.34594250
v 0.22070600 0.00863200 0.35127450
v 0.19544500 -0.09421500 0.33635750
v 0.19554800 -0.09408900 0.33573750
v 0.22368600 -0.09426300 0.33638150
v 0.21905400 0.11114900 0.36736350
v 0.21892700 0.11106100 0.36665650
v 0.07399400 0.18459900 0.37882650
v 0.10567200 0.18414300 0.37946150
v 0.11004600 0.20744500 0.38426250
v 0.07639600 0.20785100 0.38369150
v 0.22609400 -0.21748600 -0.40963850
v 0.22697700 -0.21831600 -0.40963650
v 0.22623000 -0.21938800 -0.41001750
v 0.19989100 -0.21733400 -0.40963750
v 0.20067200 -0.21656100 -0.40963850
v 0.20077900 -0.21846300 -0.41001750
v 0.19568600 -0.16334100 0.30659450
v 0.19589900 -0.16738700 0.28880450
v 0.19918100 -0.21563000 -0.39700450
v 0.22470500 -0.17436300 0.22762050
v 0.22427700 -0.16839700 0.28880450
v 0.22759100 -0.21835800 -0.40811850
v 0.16092000 0.20702200 0.01175450
v 0.16175200 0.20576700 0.01456550
v 0.15751000 0.19850200 0.16768350
v 0.15914400 0.20883400 0.17038650
v 0.16161000 0.21879600 0.17304150
v 0.19876300 0.21965000 0.01463650
v 0.19767800 0.22068400 0.01505150
v 0.19526500 0.21113400 0.17146750
v 0.19192400 0.21000500 0.00863250
v 0.18843000 0.20136700 0.16887550
v 0.18071800 0.19183600 0.16632950
v 0.17169900 0.22777400 -0.40902450
v 0.17114300 0.22632100 -0.39532750
v 0.16903300 0.22547600 -0.35534150
v 0.15096100 0.18559600 0.36950550
v 0.14263300 0.18599000 0.37756750
v 0.15294200 0.18803400 0.34672550
v 0.17376900 0.23806300 -0.40900850
v 0.17068500 0.23571100 -0.35418950
v 0.14226700 0.19632400 0.37980050
v 0.15455600 0.19835800 0.34884150
v 0.17648900 0.24803900 -0.39511750
v 0.17658000 0.24801700 -0.40895050
v 0.17325600 0.24581800 -0.35497650
v 0.14642000 0.20633000 0.38204550
v 0.15587300 0.20732400 0.37414050
v 0.15699800 0.20831200 0.35091950
v 0.20618000 0.24130300 -0.40896950
v 0.20641800 0.24128800 -0.39516950
v 0.20709000 0.23815700 -0.35539050
v 0.18905800 0.19995900 0.37289250
v 0.19102500 0.19692900 0.38040250
v 0.19058300 0.20065600 0.34968750
v 0.19953900 0.23151700 -0.40902750
v 0.20025300 0.22847700 -0.35541650
v 0.18391200 0.18721700 0.37824550
v 0.18378300 0.19089600 0.34765850
v 0.19125400 0.22055700 -0.39537250
v 0.19211100 0.22192900 -0.40904150
v 0.19235600 0.21876900 -0.35485550
v 0.17597100 0.17784400 0.37619050
v 0.17383800 0.17931500 0.36844550
v 0.17610700 0.18137200 0.34566550
v 0.00013400 0.19840000 0.40834050
v 0.07957700 0.19611800 0.40792950
v 0.10714600 0.20653600 0.38255050
v 0.07605700 0.20782300 0.40942450
v 0.03911500 0.20816700 0.40870450
v -0.23117700 -0.03059900 0.35762950
v -0.23698100 0.06269300 0.37199750
v -0.22151900 0.09784500 0.37734950
v -0.24006600 0.01692600 0.37819850
v -0.22154300 0.00587500 0.36309950
v -0.24061300 -0.03039700 0.35765550
v -0.24349400 -0.09087400 0.36112450
v -0.24304400 -0.09496400 0.36047550
v -0.22566300 -0.10330500 0.35939550
v -0.22015300 0.10476100 0.39202250
v -0.22029500 0.10883300 0.39251750
v -0.23752400 0.09994900 0.39120150
v -0.23839900 0.09605100 0.39057550
v -0.23794500 0.08582500 0.38916450
v -0.22524400 -0.09504100 0.34772350
v -0.22458800 -0.09556000 0.34751850
v -0.22541800 -0.09980400 0.34714650
v -0.24278200 -0.09155000 0.34834350
v -0.24325400 -0.08779400 0.34891350
v -0.24225200 -0.07890000 0.35012650
v -0.23820100 0.09872000 0.37773850
v -0.23746200 0.10312200 0.37842050
v -0.22010400 0.11209000 0.37964050
v -0.21954600 0.10855700 0.37883650
v -0.00389300 0.19483500 0.37995950
v -0.22690200 -0.21335100 -0.36890550
v -0.20187300 -0.24362400 -0.35439650
v -0.19500200 -0.01775800 0.37293850
v -0.19369400 0.00242100 0.37596050
v -0.19338000 0.05533400 0.38435250
v -0.22294100 -0.04175600 0.36921450
v -0.21943200 -0.00631800 0.34811050
v -0.21989000 0.00923200 0.35058750
v -0.21789100 0.06489900 0.35882650
v -0.19273700 0.02861100 0.35351250
v -0.17971200 0.17200400 0.37566850
v -0.18209600 0.16620800 0.37491650
v -0.18604400 0.16038100 0.37382250
v -0.19520700 0.19061700 0.40720450
v -0.20234000 0.18473600 0.40590650
v -0.20708200 0.17592700 0.40439150
v -0.19162800 0.13077000 0.39633150
v -0.19063600 0.13265100 0.39651750
v -0.19044800 0.14260000 0.39833750
v -0.21404800 0.15373500 0.40038350
v -0.21654200 0.14109200 0.39803750
v -0.22334700 -0.13169300 0.35545350
v -0.22449400 -0.14850100 0.35190350
v -0.22402500 -0.16583400 0.34651950
v -0.19866600 -0.16523600 0.34651950
v -0.19752400 -0.14828600 0.35186050
v -0.19808700 -0.13167400 0.35541050
v -0.21628800 0.13350500 0.36942550
v -0.21629900 0.14457200 0.37146150
v -0.21391100 0.15582500 0.37328850
v -0.19029800 0.14468300 0.37118950
v -0.19039800 0.13595400 0.36987850
v -0.19711700 -0.11762900 0.33141550
v -0.19629100 -0.13022100 0.32875050
v -0.19713100 -0.14277900 0.32392050
v -0.22250900 -0.14337800 0.32392050
v -0.22325900 -0.13067700 0.32875050
v -0.22231800 -0.11799300 0.33139250
v -0.19238400 0.11037600 0.39290450
v -0.22306600 -0.10449500 0.35939250
v -0.21708900 0.11178600 0.36584550
v -0.21791000 0.11186800 0.36599250
v -0.21694700 0.11869800 0.36692850
v -0.22214600 -0.09496800 0.33471750
v -0.07338200 0.18537800 0.37815250
v -0.10388200 0.18618400 0.37806650
v -0.10483900 0.18579600 0.40567650
v -0.07321200 0.18532000 0.40544850
v -0.07541100 0.20742000 0.41009150
v -0.19766500 -0.17118300 0.22542350
v -0.19727300 -0.16096100 0.30599150
v -0.19659900 -0.16624900 0.28826850
v -0.19995000 -0.21442600 -0.39702150
v -0.20083900 -0.21522900 -0.40812350
v -0.22626300 -0.21610600 -0.40812350
v -0.22703900 -0.21535700 -0.39702150
v -0.22315000 -0.17206400 0.22542350
v -0.22374800 -0.16717000 0.28826850
v -0.22273900 -0.16178600 0.30599150
v -0.22519000 -0.20193600 0.25750350
v -0.22466000 -0.18992500 0.32700650
v -0.22573100 -0.19618600 0.30805650
v -0.22919500 -0.24746200 -0.39636750
v -0.22842200 -0.24825800 -0.40802350
v -0.20300200 -0.24738300 -0.40802350
v -0.20211000 -0.24653400 -0.39636750
v -0.19972900 -0.20105700 0.25750350
v -0.19860800 -0.19526700 0.30805650
v -0.19921800 -0.18910200 0.32700650
v -0.19712700 0.19026100 0.37954150
v -0.20705400 0.17634600 0.37699550
v -0.20263700 0.18484300 0.37869950
v -0.17838600 0.17233400 0.40340150
v -0.18607500 0.15997100 0.40129150
v -0.18190300 0.16612100 0.40220650
v -0.22961400 -0.24470600 -0.36853450
v -0.22700400 -0.20537800 0.17666650
v -0.19307200 0.00260400 0.37527350
v -0.19394900 -0.03634900 0.36853050
v -0.20850600 0.17712100 0.40301850
v -0.20289500 0.18525200 0.40523950
v -0.19645000 0.19189200 0.40584650
v -0.22549600 -0.16460200 0.34524450
v -0.22509100 -0.14804100 0.35127450
v -0.22497300 -0.13105200 0.35408050
v -0.18893500 0.14187000 0.39668350
v -0.19002400 0.13248100 0.39576150
v -0.19038800 0.12381500 0.39361750
v -0.22929900 -0.10188700 0.35887850
v -0.19977500 -0.22410200 -0.10179650
v -0.24208800 -0.03328700 0.36889950
v -0.24097700 0.00227000 0.37516550
v -0.24018400 0.03825400 0.38017050
v -0.17714800 0.17105000 0.40165550
v -0.18135300 0.16561000 0.40140050
v -0.18466000 0.15882600 0.39956950
v -0.21824600 0.12952000 0.39461750
v -0.21715900 0.14146000 0.39735550
v -0.21555400 0.15470100 0.39897850
v -0.19647900 -0.13086800 0.35405750
v -0.19687800 -0.14778800 0.35123550
v -0.19702000 -0.16393700 0.34524450
v -0.22347700 0.10826100 0.39101150
v -0.19595300 -0.10108000 0.35838550
v -0.19606300 -0.10054600 0.35913150
v -0.19614500 -0.10842700 0.35731550
v -0.24415400 -0.09416100 0.35927250
v -0.23889100 0.09602600 0.38986650
v -0.23879000 0.09973100 0.38976650
v -0.24301300 -0.09551000 0.35909950
v -0.24301200 -0.09554000 0.35973250
v -0.24372100 -0.09505600 0.35914750
v -0.22516900 -0.10895900 0.35725250
v -0.22574800 -0.10461900 0.35851150
v -0.22689900 -0.10296100 0.35808550
v -0.23823400 0.10065400 0.38989650
v -0.22138800 0.10930000 0.39116450
v -0.22022600 0.11032500 0.39201250
v -0.21944300 0.11382700 0.39192850
v -0.07311200 0.18473500 0.40464150
v -0.10479100 0.18433800 0.40392150
v -0.20206400 -0.24582400 -0.40961550
v -0.20295200 -0.24665100 -0.40961450
v -0.22837200 -0.24752600 -0.40961450
v -0.22914900 -0.24675200 -0.40961550
v -0.22663600 -0.20030200 0.25569450
v -0.22629200 -0.19541900 0.30752050
v -0.22611100 -0.18838600 0.32582150
v -0.22973700 -0.24665800 -0.40802850
v -0.22973300 -0.24663700 -0.39638550
v -0.22967100 -0.24379500 -0.36719850
v -0.19754300 -0.18747100 0.32582150
v -0.19793700 -0.19446500 0.30752050
v -0.19804600 -0.19932500 0.25569450
v -0.20145600 -0.24567200 -0.39638550
v -0.20146000 -0.24569400 -0.40802850
v -0.19663700 -0.17906900 0.14536150
v -0.19917400 -0.21259900 -0.35939750
v -0.19659700 -0.17790200 0.14730550
v -0.18120800 0.16556500 0.37720350
v -0.18463300 0.15918800 0.37519650
v -0.18136100 0.16574400 0.37560950
v -0.17716300 0.17108600 0.37720050
v -0.21546000 0.15651600 0.37507950
v -0.21691400 0.14474200 0.37221650
v -0.19561800 -0.13121500 0.33004550
v -0.19565000 -0.14420100 0.32523950
v -0.19571100 -0.13070100 0.32937550
v -0.22785700 -0.21627000 -0.37042550
v -0.19246700 0.00933600 0.35212350
v -0.19346100 -0.02976300 0.34620850
v -0.19259700 0.00902200 0.35127450
v -0.20306800 0.18539500 0.38038250
v -0.19646300 0.19196200 0.38147750
v -0.20292000 0.18541300 0.37953150
v -0.22407600 -0.13154700 0.33015750
v -0.22390400 -0.13117600 0.32937550
v -0.18966500 0.13552800 0.37139350
v -0.19007100 0.12798200 0.37011850
v -0.18979800 0.13560500 0.37056450
v -0.18880200 0.14371800 0.37259550
v -0.22065100 0.00854800 0.35188550
v -0.21980300 0.04740600 0.35773950
v -0.22051200 0.00904900 0.35127450
v -0.19542400 -0.09404600 0.33717850
v -0.19042300 0.11415600 0.36774550
v -0.22368700 -0.09382600 0.33639550
v -0.22355600 -0.09370900 0.33574050
v -0.21866600 0.11160700 0.36737450
v -0.07305600 0.18459700 0.37965250
v -0.10514700 0.18434200 0.37946150
v -0.07346700 0.18473900 0.37882650
v -0.07590400 0.20808400 0.38448050
v -0.03858800 0.20825100 0.38458750
v -0.07582600 0.20799500 0.38369150
v -0.22646500 -0.21896100 -0.41001750
v -0.22721100 -0.21788800 -0.40963650
v -0.22632600 -0.21705900 -0.40963850
v -0.20101200 -0.21808400 -0.41001750
v -0.20090300 -0.21618200 -0.40963850
v -0.20012300 -0.21695700 -0.40963750
v -0.19596500 -0.16800200 0.28892650
v -0.19620800 -0.17305900 0.22660650
v -0.19603600 -0.16701700 0.28880450
v -0.19933800 -0.21620700 -0.39676450
v -0.19951000 -0.21698400 -0.40812450
v -0.19940900 -0.21525400 -0.39700450
v -0.19909800 -0.21321700 -0.35694550
v -0.22461100 -0.16886800 0.28937150
v -0.22443800 -0.16357400 0.30727150
v -0.22441700 -0.16797400 0.28880450
v -0.22788300 -0.21716200 -0.39679650
v -0.22769400 -0.21601300 -0.39430950
v -0.15695700 0.19879900 0.16768350
v -0.16101900 0.21910000 0.17304150
v -0.16630600 0.22800700 0.01519050
v -0.19468800 0.21150200 0.17146750
v -0.19803800 0.21966600 0.02136750
v -0.18017700 0.19217600 0.16632950
v -0.18195800 0.20038000 0.00984550
v -0.17053800 0.22664300 -0.39532750
v -0.17109100 0.22809700 -0.40902450
v -0.15240900 0.18832200 0.34672550
v -0.14210400 0.18625800 0.37756750
v -0.15043200 0.18588000 0.36950550
v -0.17261400 0.24614400 -0.35497650
v -0.17593400 0.24834900 -0.40895050
v -0.17584300 0.24837200 -0.39511750
v -0.15642700 0.20860800 0.35091950
v -0.15530300 0.20761700 0.37414050
v -0.14585300 0.20660500 0.38204550
v -0.20578400 0.24167700 -0.39516950
v -0.20554700 0.24169100 -0.40896950
v -0.19002600 0.20101500 0.34968750
v -0.19047500 0.19728800 0.38040250
v -0.18850200 0.20031500 0.37289250
v -0.19151400 0.22229100 -0.40904150
v -0.19065900 0.22091700 -0.39537250
v -0.17558600 0.18170400 0.34566550
v -0.17332100 0.17964300 0.36844550
v -0.17545700 0.17817500 0.37619050
v -0.05867200 0.19756600 0.40818250
v -0.10657900 0.20673800 0.38255050
v -0.10847900 0.20765300 0.40865250
v -0.07548700 0.20796600 0.40942450
v 0.22320400 -0.02111500 0.37251650
v 0.22651900 -0.10294600 0.35949650
v 0.21949500 0.09446100 0.39053250
v 0.22141700 0.11096300 0.37957650
v 0.23976600 -0.02810500 0.37133550
v 0.24213600 -0.05205000 0.36736650
v 0.24027600 0.01646300 0.37819750
v 0.22304800 -0.04738600 0.35497450
v 0.22094600 0.04456900 0.36909450
v 0.24137300 -0.03079800 0.35779350
v 0.24363300 -0.09509300 0.36040450
v 0.24350000 -0.09134400 0.36112250
v 0.22491900 -0.10535900 0.35918750
v 0.22180400 0.10760500 0.39238350
v 0.21989000 0.10966100 0.39274750
v 0.23893100 0.08627200 0.38916450
v 0.23864000 0.09914200 0.39100050
v 0.22651500 -0.09938300 0.34730850
v 0.22476200 -0.10165100 0.34681450
v 0.22458900 -0.09602100 0.34751450
v 0.24283500 -0.07657500 0.35068550
v 0.24338300 -0.09174200 0.34849550
v 0.23843700 0.10231900 0.37849150
v 0.22190800 0.09737000 0.37734250
v 0.22009200 0.09722000 0.37712950
v 0.21980000 0.11291300 0.37970650
v 0.19955000 -0.21262500 -0.36654450
v 0.22419500 -0.17747400 0.14946250
v 0.19905400 -0.20638400 0.17750350
v 0.19290200 0.05129700 0.38364650
v 0.21907400 0.06097700 0.35843550
v 0.19466400 -0.04432700 0.34256050
v 0.19296800 0.02826600 0.35351550
v 0.18579300 0.15943800 0.37386450
v 0.17906700 0.17130100 0.37573750
v 0.20832900 0.17612800 0.40434950
v 0.19637300 0.19090100 0.40717550
v 0.19010100 0.14182900 0.39813550
v 0.19153800 0.12341100 0.39501350
v 0.21792700 0.12803200 0.39587850
v 0.21531200 0.15376400 0.40031350
v 0.22471200 -0.16616400 0.34640550
v 0.22414000 -0.13132900 0.35545950
v 0.19718500 -0.13196800 0.35529050
v 0.19769500 -0.16547800 0.34640550
v 0.21518000 0.15583400 0.37349250
v 0.21753600 0.13326300 0.36958950
v 0.19121700 0.12795400 0.36861450
v 0.18995700 0.14389100 0.37125850
v 0.19621700 -0.14324300 0.32403450
v 0.19625100 -0.11806200 0.33153650
v 0.22315200 -0.11838900 0.33153650
v 0.22325300 -0.14393100 0.32403450
v 0.19195200 0.10937700 0.39266550
v 0.21868000 0.11176400 0.39319550
v 0.22395700 -0.11201500 0.35828350
v 0.21809400 0.11891100 0.36715850
v 0.21829900 0.11145100 0.36599250
v 0.19628300 -0.09947200 0.33423950
v 0.10618400 0.18511300 0.37805750
v 0.06734600 0.18525700 0.37816450
v 0.10550300 0.18485400 0.40541950
v 0.10914000 0.20677400 0.41005250
v 0.19669600 -0.17167700 0.22558450
v 0.19632300 -0.16144800 0.30609750
v 0.19983200 -0.21571900 -0.40800950
v 0.22667700 -0.21378300 -0.36896650
v 0.22682900 -0.21669800 -0.40800950
v 0.22345400 -0.16237400 0.30609750
v 0.22384600 -0.17266300 0.22558450
v 0.22580900 -0.20223900 0.25734250
v 0.22530100 -0.19023400 0.32690050
v 0.22890800 -0.24856200 -0.40790450
v 0.20159100 -0.24399900 -0.35432450
v 0.20191500 -0.24758500 -0.40790450
v 0.19819700 -0.18931000 0.32690050
v 0.19868500 -0.20125500 0.25734250
v 0.19758700 0.19090900 0.37985250
v 0.20830300 0.17654300 0.37723050
v 0.17826300 0.17134200 0.40315350
v 0.18582200 0.15903200 0.40105850
v 0.22674400 -0.20671400 0.17472850
v 0.19418500 -0.03688500 0.36915550
v 0.19689300 0.19142300 0.40650850
v 0.20890900 0.17662500 0.40368050
v 0.22480000 -0.13103800 0.35480550
v 0.22528500 -0.16557600 0.34580050
v 0.19092100 0.12337300 0.39427750
v 0.18949600 0.14152900 0.39736050
v 0.24034700 0.03765000 0.38080950
v 0.24211700 -0.03392600 0.36952250
v 0.18524600 0.15855800 0.40025750
v 0.17774500 0.17081500 0.40234650
v 0.21591300 0.15417600 0.39963550
v 0.21858800 0.12839300 0.39519650
v 0.19704100 -0.16486300 0.34580050
v 0.19654800 -0.13158500 0.35464750
v 0.22178700 0.10858400 0.39178650
v 0.19626000 -0.10941800 0.35787050
v 0.19605000 -0.10089200 0.35913550
v 0.24407500 -0.09475900 0.35984150
v 0.23908300 0.09911100 0.39035750
v 0.24368200 -0.09556700 0.35972750
v 0.24299600 -0.09600700 0.35973650
v 0.22683500 -0.10343400 0.35873750
v 0.22508300 -0.10873100 0.35800850
v 0.23858200 0.09994600 0.39047550
v 0.21982200 0.11260500 0.39249250
v 0.10534600 0.18425200 0.40461250
v 0.03794600 0.18473700 0.40463850
v 0.20187100 -0.24692300 -0.40934050
v 0.22886400 -0.24790000 -0.40934150
v 0.22586500 -0.18950000 0.32633750
v 0.22637000 -0.20145900 0.25648350
v 0.22932900 -0.24513400 -0.36846250
v 0.22939500 -0.24781600 -0.40790650
v 0.19801400 -0.20043600 0.25648350
v 0.19753000 -0.18853800 0.32633750
v 0.20132600 -0.24680500 -0.40790650
v 0.19649300 -0.17734800 0.14925450
v 0.17761600 0.17067500 0.37813150
v 0.17780800 0.17098300 0.37650450
v 0.18521800 0.15894100 0.37453350
v 0.18510000 0.15881900 0.37530350
v 0.21815500 0.13330100 0.37032550
v 0.21578900 0.15613400 0.37426650
v 0.21593800 0.15605800 0.37503150
v 0.19566500 -0.11843200 0.33217950
v 0.19564200 -0.14383200 0.32463950
v 0.19557400 -0.14513500 0.32595450
v 0.22512600 -0.17997100 0.15371850
v 0.19186000 0.05561300 0.35835350
v 0.19371300 -0.03040500 0.34537250
v 0.19359200 -0.03053600 0.34615550
v 0.20888400 0.17701800 0.37803050
v 0.19702000 0.19167300 0.38076550
v 0.19702300 0.19155400 0.38240450
v 0.22390600 -0.14454700 0.32463950
v 0.22378800 -0.11877200 0.33217950
v 0.22394800 -0.11956000 0.33280750
v 0.18921800 0.14326900 0.37350350
v 0.18935900 0.14347900 0.37193750
v 0.19061600 0.12767000 0.36930650
v 0.19049000 0.12758000 0.37011950
v 0.22164400 -0.03043100 0.34537250
v 0.21992800 0.04780700 0.35717550
v 0.22006600 0.04727000 0.35778850
v 0.19541300 -0.09405700 0.33729750
v 0.19556400 -0.10159600 0.33614550
v 0.19089500 0.11509500 0.36726750
v 0.22372000 -0.10162000 0.33463450
v 0.22355600 -0.09411600 0.33574250
v 0.22269900 -0.06334500 0.34107150
v 0.21885100 0.11869900 0.36859550
v 0.03794600 0.18472800 0.37883950
v 0.10676900 0.18429200 0.37875150
v 0.10530700 0.18409300 0.38039750
v 0.11062300 0.20743800 0.38361350
v 0.03910600 0.20805800 0.38370550
v 0.03869900 0.20818100 0.38463150
v 0.22688500 -0.21755800 -0.40937650
v 0.22706100 -0.21939600 -0.40972350
v 0.19994500 -0.21841400 -0.40972350
v 0.19988800 -0.21657900 -0.40937650
v 0.19575700 -0.16218400 0.30665950
v 0.19613300 -0.17245900 0.22644350
v 0.19609300 -0.17419300 0.22830950
v 0.19895200 -0.21298400 -0.35954050
v 0.19934200 -0.21646600 -0.40800650
v 0.19927800 -0.21735500 -0.40811950
v 0.22451400 -0.17348500 0.22644450
v 0.22411900 -0.16314800 0.30666050
v 0.22431300 -0.16405100 0.30725850
v 0.22741600 -0.21748000 -0.40800650
v 0.22762400 -0.21666600 -0.37027650
v 0.15839300 0.19741700 0.16747350
v 0.16344800 0.21913800 0.17311050
v 0.16691400 0.22769300 0.01518750
v 0.19418700 0.21217800 0.17168550
v 0.17904800 0.19147800 0.16625450
v 0.18251700 0.20004100 0.00974750
v 0.17245400 0.22677100 -0.40896350
v 0.15382600 0.18694900 0.34656150
v 0.14465900 0.18494100 0.37746150
v 0.17510600 0.24616200 -0.35502550
v 0.17825600 0.24835300 -0.40888550
v 0.14931600 0.20674900 0.38217850
v 0.15883100 0.20865300 0.35097250
v 0.20522400 0.24226900 -0.40890250
v 0.18950600 0.20169900 0.34985750
v 0.19006000 0.19815100 0.38068150
v 0.19067500 0.21844300 -0.35557250
v 0.19060700 0.22156500 -0.40897850
v 0.17433600 0.17762000 0.37621250
v 0.17444200 0.18101500 0.34560650
v 0.00807900 0.20758900 0.38289250
v 0.10692200 0.20716400 0.38280350
v 0.03910600 0.20805700 0.40942550
v 0.10926500 0.20732700 0.40938650
v -0.22921900 0.04979200 0.38353650
v -0.24202100 -0.09542200 0.36045350
v -0.22116300 0.10816500 0.39240350
v -0.22635300 -0.09902900 0.34729650
v -0.23643800 0.10362000 0.37845150
v -0.22128500 0.06023500 0.38515750
v -0.22227300 0.05259100 0.37043950
v -0.22068400 0.04498500 0.36909450
v -0.24125200 -0.03034300 0.35779350
v -0.23975100 0.02385100 0.36618750
v -0.24363400 -0.09463400 0.36040450
v -0.22676900 -0.10240900 0.35951050
v -0.21950500 0.11007500 0.39274750
v -0.23827400 0.09959200 0.39100050
v -0.22592000 -0.08380700 0.34945350
v -0.22477500 -0.10122700 0.34681450
v -0.24178800 -0.09196400 0.34824850
v -0.24337700 -0.09128300 0.34849550
v -0.23662200 0.08988100 0.37617450
v -0.23806600 0.10276900 0.37849150
v -0.22119200 0.11129600 0.37956450
v -0.21940800 0.11332700 0.37970650
v -0.19719300 -0.17610100 0.14979050
v -0.22637300 -0.20695800 0.17737250
v -0.19514200 -0.05274100 0.36732250
v -0.22121900 -0.04143000 0.34293850
v -0.17856500 0.17163800 0.37573750
v -0.18531300 0.15978800 0.37386450
v -0.19583500 0.19127000 0.40717550
v -0.20781900 0.17652000 0.40434950
v -0.19112700 0.12377200 0.39501350
v -0.18965600 0.14218700 0.39813550
v -0.21484300 0.15416900 0.40031350
v -0.21750700 0.12844200 0.39587850
v -0.22421000 -0.13090700 0.35545950
v -0.22484700 -0.16574000 0.34640550
v -0.19782900 -0.16510500 0.34640550
v -0.19725600 -0.13159600 0.35528950
v -0.21710600 0.13367300 0.36958950
v -0.21470800 0.15624000 0.37349250
v -0.18950700 0.14424900 0.37125850
v -0.19079700 0.12831400 0.36861450
v -0.19629600 -0.11769200 0.33153650
v -0.19630900 -0.14287300 0.32403450
v -0.22334600 -0.14351000 0.32403450
v -0.22319700 -0.11796800 0.33153650
v -0.21814200 0.11565900 0.39374250
v -0.21887400 0.09504200 0.39055850
v -0.19690900 -0.10903400 0.35856450
v -0.19665900 -0.09993000 0.35992650
v -0.22310500 -0.10069100 0.33401850
v -0.22291300 -0.09288100 0.33516450
v -0.02433000 0.18535100 0.37816750
v -0.10565700 0.18531300 0.37805750
v -0.10497600 0.18505200 0.40541950
v -0.03850000 0.20759000 0.41009150
v -0.10857200 0.20697900 0.41005250
v -0.19684200 -0.17130600 0.22558450
v -0.19644900 -0.16107700 0.30609650
v -0.19977500 -0.21223800 -0.36642150
v -0.20006100 -0.21534100 -0.40800950
v -0.22706000 -0.21627000 -0.40800950
v -0.22399300 -0.17224100 0.22558450
v -0.22358200 -0.16195300 0.30609750
v -0.22601200 -0.20181300 0.25734250
v -0.22548200 -0.18980900 0.32690050
v -0.22904700 -0.24523600 -0.36413950
v -0.22919900 -0.24813000 -0.40790450
v -0.20220400 -0.24720400 -0.40790450
v -0.19888600 -0.20088000 0.25734250
v -0.19837500 -0.18893600 0.32690050
v -0.19704800 0.19128100 0.37985250
v -0.20779200 0.17693500 0.37723050
v -0.17776200 0.17167800 0.40315350
v -0.18534300 0.15938200 0.40105850
v -0.19202500 0.05074500 0.38278550
v -0.19407600 -0.03651900 0.36915550
v -0.20839800 0.17701900 0.40368050
v -0.19635300 0.19179400 0.40650850
v -0.22541900 -0.16515100 0.34580050
v -0.22486900 -0.13061400 0.35480550
v -0.18905100 0.14188600 0.39736050
v -0.19051000 0.12373300 0.39427750
v -0.19858800 -0.20513300 0.17749050
v -0.24200300 -0.03347000 0.36952250
v -0.24009800 0.03810300 0.38080950
v -0.17724500 0.17115000 0.40234650
v -0.18476800 0.15890700 0.40025750
v -0.21816800 0.12880500 0.39519650
v -0.21544400 0.15458200 0.39963550
v -0.19661800 -0.13121400 0.35464750
v -0.19717300 -0.16449100 0.34580050
v -0.23755000 0.10080600 0.39060150
v -0.19096200 0.10904700 0.39182350
v -0.24407500 -0.09429900 0.35984150
v -0.24400300 -0.09087800 0.36042950
v -0.23912800 0.08505600 0.38817750
v -0.23871800 0.09956200 0.39035750
v -0.24368400 -0.09510700 0.35972750
v -0.22511000 -0.10830600 0.35800850
v -0.22687700 -0.10298400 0.35873350
v -0.23821500 0.10039600 0.39047550
v -0.22140000 0.10901300 0.39177950
v -0.21943100 0.11301900 0.39249250
v -0.03655400 0.18481000 0.40463850
v -0.10482100 0.18445000 0.40461250
v -0.20215900 -0.24654200 -0.40934150
v -0.22915300 -0.24746800 -0.40934150
v -0.22657200 -0.20103200 0.25648350
v -0.22604400 -0.18907300 0.32633750
v -0.22968400 -0.24738300 -0.40790650
v -0.19770700 -0.18816500 0.32633750
v -0.19821400 -0.20006200 0.25648350
v -0.20117700 -0.24244700 -0.35043750
v -0.20161300 -0.24642500 -0.40790650
v -0.17711500 0.17100900 0.37813150
v -0.18459800 0.15914400 0.37611450
v -0.18474000 0.15929000 0.37453350
v -0.17730700 0.17131800 0.37650450
v -0.21783100 0.13406900 0.37114250
v -0.21531600 0.15654100 0.37426650
v -0.21772500 0.13371300 0.37032550
v -0.19560900 -0.11834400 0.33289750
v -0.19573500 -0.14346300 0.32463950
v -0.19571000 -0.11806300 0.33217950
v -0.22501800 -0.17783900 0.15075850
v -0.22642600 -0.19813200 -0.13879950
v -0.19160900 0.04864400 0.35805150
v -0.19359200 -0.03004000 0.34537250
v -0.20853200 0.17744500 0.37888250
v -0.19648000 0.19204500 0.38076550
v -0.20837200 0.17741100 0.37803050
v -0.22418600 -0.14479100 0.32538750
v -0.22383400 -0.11835000 0.33217950
v -0.22400000 -0.14412400 0.32463950
v -0.18876900 0.14362600 0.37350350
v -0.19019700 0.12802900 0.36930650
v -0.18891100 0.14383600 0.37193750
v -0.22166500 -0.03056300 0.34597150
v -0.21966000 0.04822200 0.35717650
v -0.22152300 -0.03001400 0.34537250
v -0.19569900 -0.10125000 0.33463950
v -0.19554600 -0.09370800 0.33574050
v -0.19037300 0.11547900 0.36877950
v -0.22386500 -0.10123300 0.33527350
v -0.21832900 0.11887900 0.36782050
v -0.21853900 0.11146400 0.36665550
v -0.03860700 0.18467400 0.37964650
v -0.10478100 0.18429100 0.38039750
v -0.10624300 0.18449300 0.37875150
v -0.10905100 0.20766500 0.38431850
v -0.03853600 0.20813100 0.38370550
v -0.11005300 0.20764600 0.38361350
v -0.22729600 -0.21896800 -0.40972350
v -0.22711600 -0.21713000 -0.40937650
v -0.20017900 -0.21803600 -0.40972350
v -0.20011800 -0.21620200 -0.40937650
v -0.19581700 -0.16299200 0.30656850
v -0.19628000 -0.17208900 0.22644350
v -0.19588500 -0.16181500 0.30666050
v -0.19916000 -0.21468000 -0.36147150
v -0.19957200 -0.21609000 -0.40800650
v -0.22485600 -0.17395200 0.22745150
v -0.22424800 -0.16272500 0.30666050
v -0.22466300 -0.17306100 0.22644350
v -0.22782500 -0.21793100 -0.40811750
v -0.22764800 -0.21705000 -0.40800650
v -0.15784300 0.19771500 0.16747350
v -0.16118600 0.20607400 0.01452850
v -0.16285700 0.21944500 0.17311050
v -0.19360900 0.21254400 0.17168550
v -0.19709200 0.22107300 0.01472250
v -0.17850900 0.19181600 0.16625450
v -0.19006400 0.21877400 -0.35506950
v -0.16932100 0.22473800 -0.35585750
v -0.17184800 0.22709500 -0.40896350
v -0.15329500 0.18723800 0.34656150
v -0.14413200 0.18521300 0.37746150
v -0.17761000 0.24868900 -0.40888550
v -0.15825900 0.20895200 0.35097250
v -0.14874800 0.20703000 0.38217850
v -0.20538900 0.23959200 -0.35546950
v -0.20458900 0.24265500 -0.40890250
v -0.18894700 0.20205600 0.34985750
v -0.18950800 0.19850900 0.38068150
v -0.19001100 0.22192400 -0.40897850
v -0.17392200 0.18134300 0.34560650
v -0.17382300 0.17794800 0.37621250
v -0.06213300 0.20757200 0.38290450
v -0.10883800 0.20734400 0.38278550
v -0.03853600 0.20813000 0.40942550
v -0.10869500 0.20753200 0.40938650
v 0.17339600 0.19612200 0.19869950
v 0.20181300 -0.20062300 0.23694350
v 0.17576500 0.19887000 0.23694350
v -0.17291600 0.19644500 0.23988050
v 0.19839700 -0.20182000 0.19869950
v 0.17576500 0.19887000 0.20163650
v 0.19840100 -0.19787000 0.23988050
v 0.17339600 0.19612200 0.23988050
v 0.20180900 -0.20457400 0.20163650
v 0.20167200 -0.20446400 0.20057950
v 0.20126300 -0.20413400 0.19975650
v 0.20058100 -0.20358300 0.19916950
v 0.19962500 -0.20281200 0.19881750
v 0.17424900 0.19711200 0.19881650
v 0.17538600 0.19843100 0.19975650
v 0.17567000 0.19876000 0.20057950
v 0.19962900 -0.19886100 0.23976350
v 0.17567000 0.19876000 0.23800150
v 0.17538600 0.19843100 0.23882350
v 0.17491200 0.19788100 0.23941050
v 0.17424900 0.19711200 0.23976350
v 0.17491200 0.19788100 0.19916950
v -0.17442900 0.19820600 0.23941050
v -0.17490100 0.19875700 0.23882350
v 0.20167600 -0.20051300 0.23800150
v 0.20058500 -0.19963200 0.23941050
v -0.19867800 -0.20145100 0.19869950
v -0.17291600 0.19644500 0.19869950
v -0.19867400 -0.19750000 0.23988050
v -0.20209400 -0.20419800 0.20163650
v -0.17528000 0.19919700 0.23694350
v -0.20209100 -0.20024700 0.23694350
v -0.17528000 0.19919700 0.20163650
v -0.19990800 -0.20244000 0.19881750
v -0.17376700 0.19743500 0.19881650
v -0.19990400 -0.19848900 0.23976350
v -0.17376700 0.19743500 0.23976350
v -0.20086400 -0.20320900 0.19916950
v -0.20154800 -0.20375900 0.19975650
v -0.20195800 -0.20408800 0.20057950
v -0.17442900 0.19820600 0.19916950
v -0.17490100 0.19875700 0.19975650
v -0.17518500 0.19908700 0.20057950
v -0.20086100 -0.19925800 0.23941050
v -0.20154400 -0.19980800 0.23882350
v -0.20195400 -0.20013700 0.23800150
v -0.17518500 0.19908700 0.23800150
v 0.20126700 -0.20018300 0.23882350
v 0.21535000 -0.22210600 -0.07644550
v 0.19829600 -0.19658500 -0.07938250
v 0.21535400 -0.21810300 -0.04113750
v 0.20082500 -0.19380000 -0.04113750
v -0.21095900 -0.21891700 -0.07938250
v -0.19727400 -0.19621200 -0.03820050
v 0.21193900 -0.21931600 -0.07938250
v 0.20082500 -0.19380000 -0.07644550
v 0.21194200 -0.21531300 -0.03820050
v 0.19829600 -0.19658500 -0.03820150
v 0.21521400 -0.22199400 -0.07750250
v 0.21480400 -0.22166000 -0.07832450
v 0.21412200 -0.22110200 -0.07891250
v 0.21316700 -0.22032100 -0.07926450
v 0.19920700 -0.19558200 -0.07926450
v 0.19991500 -0.19480300 -0.07891250
v 0.20042000 -0.19424600 -0.07832450
v 0.20072400 -0.19391200 -0.07750250
v 0.21521700 -0.21799100 -0.04008050
v 0.21480800 -0.21765600 -0.03925850
v 0.21412600 -0.21709900 -0.03867050
v 0.21317100 -0.21631700 -0.03831850
v 0.20072400 -0.19391200 -0.04008050
v 0.20042000 -0.19424600 -0.03925850
v 0.19991500 -0.19480300 -0.03867050
v 0.19920700 -0.19558200 -0.03831850
v -0.21218900 -0.21991900 -0.07926450
v -0.21314600 -0.22069900 -0.07891250
v -0.21382900 -0.22125500 -0.07832450
v -0.21423900 -0.22158900 -0.07750250
v -0.19818200 -0.19520800 -0.03831850
v -0.19888900 -0.19442700 -0.03867050
v -0.19939400 -0.19386900 -0.03925850
v -0.19727400 -0.19621200 -0.07938250
v -0.21095500 -0.21491400 -0.03820050
v -0.21437600 -0.22170100 -0.07644550
v -0.19979800 -0.19342300 -0.04113750
v -0.19979800 -0.19342300 -0.07644550
v -0.21437200 -0.21769800 -0.04113750
v -0.19818200 -0.19520800 -0.07926450
v -0.21218500 -0.21591600 -0.03831850
v -0.19888900 -0.19442700 -0.07891250
v -0.19939400 -0.19386900 -0.07832450
v -0.19969700 -0.19353400 -0.07750250
v -0.21314200 -0.21669600 -0.03867050
v -0.21382600 -0.21725200 -0.03925850
v -0.21423600 -0.21758600 -0.04008050
v -0.19969700 -0.19353400 -0.04008050
v -0.18531400 0.19732900 0.40805450
v -0.19157000 0.19476900 0.40756350
v -0.18859500 0.19630800 0.40786150
v -0.17518900 0.17346000 0.40319550
v -0.16929600 0.17643900 0.40370550
v -0.17244900 0.17528400 0.40350750
v -0.19188500 0.19510400 0.38718950
v -0.18568200 0.19765300 0.38342350
v -0.18912700 0.19706700 0.38250950
v -0.19183500 0.19514700 0.38263350
v -0.18892700 0.19663900 0.38447950
v -0.18443700 0.19633800 0.40831450
v -0.19070500 0.19376200 0.40781950
v -0.18773400 0.19531000 0.40811950
v -0.17605700 0.17448900 0.40377050
v -0.17009400 0.17746100 0.40427750
v -0.17329000 0.17630500 0.40408050
v -0.19183800 0.19506900 0.40646850
v -0.18562200 0.19761700 0.40695650
v -0.18887300 0.19660300 0.40676550
v -0.17491700 0.17315300 0.40201650
v -0.16907800 0.17612400 0.40252650
v -0.17219600 0.17497600 0.40232950
v -0.16911400 0.17617900 0.37806150
v -0.17493100 0.17320100 0.37755750
v -0.17263800 0.17577600 0.37726550
v -0.16921700 0.17619800 0.37800150
v -0.17221900 0.17502800 0.37786650
v -0.19127000 0.19443600 0.40779550
v -0.18499700 0.19700400 0.40828850
v -0.18829400 0.19597800 0.40809450
v -0.16956100 0.17678300 0.40402650
v -0.17549000 0.17380200 0.40351750
v -0.17273700 0.17562500 0.40382850
v -0.18551600 0.19752200 0.40761950
v -0.19174900 0.19496900 0.40713050
v -0.18878000 0.19650500 0.40742750
v -0.17500800 0.17325500 0.40270750
v -0.16914700 0.17623000 0.40321750
v -0.17227900 0.17507900 0.40302050
v -0.17488600 0.17311100 0.37849250
v -0.16905900 0.17607900 0.37900250
v -0.17216900 0.17493300 0.37880550
v 0.13967500 0.20571500 0.40961850
v 0.13383900 0.20635300 0.40972750
v 0.13676900 0.20612800 0.40969050
v 0.12820600 0.18390700 0.40502350
v 0.13401400 0.18326300 0.40491650
v 0.13113000 0.18368800 0.40498850
v 0.19173200 0.19467200 0.40761550
v 0.18633900 0.19688900 0.40803850
v 0.18917000 0.19600300 0.40787250
v 0.17028100 0.17602400 0.40368950
v 0.17535300 0.17345000 0.40325050
v 0.17299700 0.17502500 0.40351950
v -0.13351600 0.18351000 0.40491550
v -0.12767600 0.18414900 0.40502350
v -0.13061100 0.18393300 0.40498750
v -0.13322400 0.20660700 0.40972750
v -0.13911500 0.20597700 0.40961850
v -0.13619000 0.20638600 0.40969050
v -0.13337700 0.20696000 0.38497750
v -0.13930700 0.20632500 0.38496150
v -0.13635700 0.20673800 0.38500650
v 0.13301100 0.20530300 0.40997950
v 0.13920700 0.20396900 0.40972750
v 0.13665100 0.20587000 0.40994950
v 0.13343900 0.20537400 0.40997750
v 0.13619600 0.20487300 0.40990150
v 0.13438400 0.20671200 0.38423150
v 0.14032300 0.20606700 0.38412850
v 0.13885900 0.20665400 0.38349050
v 0.13451700 0.20670900 0.38416150
v 0.13737300 0.20648500 0.38419950
v 0.13391800 0.18291500 0.40373750
v 0.12806800 0.18356500 0.40384550
v 0.13101100 0.18334400 0.40380950
v 0.12713300 0.19572200 0.40797350
v 0.13303800 0.19390500 0.40758050
v 0.13010700 0.19494800 0.40779550
v 0.13421000 0.18439500 0.40549550
v 0.12843100 0.18502800 0.40559950
v 0.13134200 0.18481400 0.40556550
v 0.17866900 0.18702000 0.40644250
v 0.18348600 0.18401800 0.40587750
v 0.18116800 0.18567300 0.40618650
v 0.17005700 0.17571100 0.40251050
v 0.17508200 0.17314400 0.40207150
v 0.17274200 0.17471700 0.40234050
v 0.18548900 0.19593900 0.40829650
v 0.19086800 0.19366900 0.40787150
v 0.18831700 0.19501900 0.40812950
v 0.17622000 0.17447600 0.40382450
v 0.17108400 0.17704400 0.40426150
v 0.17383900 0.17604300 0.40409150
v 0.13393800 0.20666700 0.40862350
v 0.13979000 0.20602600 0.40852150
v 0.13687400 0.20644100 0.40859250
v 0.18664400 0.19717700 0.40694050
v 0.19200000 0.19497200 0.40651950
v 0.18944800 0.19629800 0.40677550
v 0.13448200 0.18291000 0.37926350
v 0.12856800 0.18357000 0.37937450
v 0.12868200 0.18358800 0.37929250
v 0.13315400 0.18364700 0.37863750
v 0.13154200 0.18334600 0.37933750
v 0.17509700 0.17319200 0.37761150
v 0.17009200 0.17576600 0.37804550
v 0.17018300 0.17578200 0.37799350
v 0.17314700 0.17545000 0.37726550
v 0.17276500 0.17477000 0.37787750
v -0.12789600 0.18527400 0.40559950
v -0.13372600 0.18463900 0.40549350
v -0.13082600 0.18506100 0.40556450
v -0.13864400 0.20492300 0.40987050
v -0.13284000 0.20567700 0.40997750
v -0.13574700 0.20536800 0.40994250
v -0.13341300 0.18316400 0.40373750
v -0.12754000 0.18380600 0.40384550
v -0.13049100 0.18358900 0.40380950
v -0.13923400 0.20628800 0.40852150
v -0.13333000 0.20692000 0.40862350
v -0.13629800 0.20669800 0.40859150
v -0.12804100 0.18381200 0.37937450
v -0.13397500 0.18316000 0.37926350
v -0.13263000 0.18389800 0.37863750
v -0.12815800 0.18383000 0.37929250
v -0.13102200 0.18359300 0.37933750
v -0.13977600 0.20632700 0.38412850
v -0.13377200 0.20696600 0.38423750
v -0.13394900 0.20696200 0.38416150
v -0.13829100 0.20691600 0.38349150
v -0.13679900 0.20674300 0.38420150
v 0.13956000 0.20536700 0.40985050
v 0.13372400 0.20600600 0.40995950
v 0.13634200 0.20525300 0.40996650
v 0.13949900 0.20533700 0.40985250
v 0.13665500 0.20578100 0.40992350
v 0.13986200 0.20606300 0.38507750
v 0.13398800 0.20670500 0.38508050
v 0.13693500 0.20647900 0.38512150
v 0.12811900 0.18367900 0.40453550
v 0.13394400 0.18303200 0.40442850
v 0.13105000 0.18345900 0.40450050
v 0.13413900 0.18364500 0.40523750
v 0.12834700 0.18428700 0.40534350
v 0.13126400 0.18406900 0.40530850
v 0.18670500 0.19721300 0.38339850
v 0.19204900 0.19500600 0.38663950
v 0.19204000 0.19501300 0.38300650
v 0.18967600 0.19670900 0.38250950
v 0.18950300 0.19633300 0.38430350
v 0.17012800 0.17581600 0.40320150
v 0.17517300 0.17324600 0.40276250
v 0.17282600 0.17482000 0.40303150
v 0.18602200 0.19656500 0.40827250
v 0.19143300 0.19434000 0.40784750
v 0.18886800 0.19567400 0.40810550
v 0.17565400 0.17379100 0.40357150
v 0.17054900 0.17636800 0.40401050
v 0.17328600 0.17536500 0.40384050
v 0.13974800 0.20592300 0.40918450
v 0.13390700 0.20656200 0.40929350
v 0.13683900 0.20633700 0.40925650
v 0.19191100 0.19487200 0.40718150
v 0.18654000 0.19708200 0.40760350
v 0.18935500 0.19620000 0.40743850
v 0.12803800 0.18351900 0.38032150
v 0.13392400 0.18286500 0.38021250
v 0.13099800 0.18329600 0.38028550
v 0.17003700 0.17566700 0.37898650
v 0.17505100 0.17310100 0.37854750
v 0.17271400 0.17467500 0.37881650
v -0.12781500 0.18452900 0.40534350
v -0.13364800 0.18389100 0.40523650
v -0.13074600 0.18431400 0.40530850
v -0.13900000 0.20562900 0.40985050
v -0.13310100 0.20626000 0.40995950
v -0.13607400 0.20603800 0.40992350
v -0.13344200 0.18328000 0.40442750
v -0.12759000 0.18392000 0.40453550
v -0.13053100 0.18370400 0.40450050
v -0.13329700 0.20681500 0.40929350
v -0.13918900 0.20618500 0.40918450
v -0.13626100 0.20659400 0.40925650
v -0.13341700 0.18311400 0.38021250
v -0.12751000 0.18376000 0.38032150
v -0.13047800 0.18354200 0.38028550
vn 0.0040 -0.9450 -0.3271
vn 0.0161 -0.9994 -0.0293
vn 0.0149 -0.9897 -0.1424
vn 0.0014 -0.1551 0.9879
vn 0.0269 -0.1551 0.9875
vn 0.0191 -0.1550 0.9877
vn 0.0164 0.1523 -0.9882
vn -0.0031 0.1520 -0.9884
vn 0.0002 0.1509 -0.9886
vn 0.0225 0.1469 -0.9889
vn -0.4407 -0.8766 0.1931
vn -0.7946 -0.5364 0.2844
vn -0.7841 -0.6080 0.1245
vn -0.9523 0.0218 -0.3045
vn -0.7439 0.0787 -0.6637
vn -0.9514 0.0189 -0.3073
vn 0.1510 -0.3504 0.9244
vn 0.2258 -0.5985 0.7686
vn 0.2210 -0.3859 0.8957
vn 1.0000 -0.0046 -0.0064
vn 0.9900 -0.1395 0.0193
vn 1.0000 -0.0032 -0.0063
vn 0.1407 0.1176 0.9830
vn 0.3828 0.5023 0.7754
vn 0.3375 0.5185 0.7856
vn 0.0150 -0.1349 0.9907
vn 0.1441 0.0929 0.9852
vn -0.9949 -0.0400 0.0922
vn -0.9998 -0.0203 -0.0059
vn -0.9946 -0.0341 0.0984
vn 0.1141 -0.0950 -0.9889
vn 0.2632 -0.2865 -0.9212
vn 0.2739 -0.2435 -0.9304
vn -0.4453 0.8708 -0.2085
vn -0.7591 0.5731 -0.3087
vn -0.7792 0.6063 -0.1590
vn 0.9799 0.1943 -0.0459
vn 0.8477 0.4762 -0.2338
vn 0.9820 0.1652 -0.0919
vn -0.6235 -0.0016 -0.7818
vn -0.1268 0.1244 -0.9841
vn -0.4611 -0.0305 -0.8868
vn 0.1775 0.3814 -0.9072
vn 0.2618 0.6233 -0.7369
vn 0.3659 0.6088 -0.7039
vn -0.9407 -0.0769 0.3304
vn -0.7353 -0.1121 0.6684
vn -0.7419 -0.1211 0.6594
vn 0.0634 -0.9957 0.0672
vn -0.0362 -0.9969 0.0695
vn 0.0658 -0.9954 0.0702
vn 0.1276 -0.1522 0.9801
vn 0.1201 -0.1518 0.9811
vn 0.4328 -0.1281 0.8924
vn 0.8032 -0.0666 0.5919
vn 0.8164 -0.0676 0.5736
vn 0.4199 -0.1317 0.8980
vn 0.8119 -0.0707 0.5796
vn 0.8122 -0.0734 0.5787
vn 0.4398 -0.1289 0.8888
vn 0.0178 -0.1515 0.9883
vn 0.2732 -0.9597 -0.0662
vn 0.0248 -0.9977 -0.0635
vn 0.0427 -0.9962 -0.0761
vn 0.5911 0.1370 -0.7949
vn 0.4339 0.1492 -0.8885
vn 0.5971 0.1400 -0.7899
vn 0.4151 0.1469 -0.8978
vn 0.6263 0.1317 -0.7684
vn 0.1307 0.1541 -0.9794
vn 0.6310 0.1283 -0.7651
vn 0.4481 0.1429 -0.8825
vn 0.4266 0.1447 -0.8928
vn 0.8662 0.4928 -0.0826
vn 0.9510 0.3091 0.0103
vn 0.9407 0.3290 -0.0821
vn 0.1296 0.1490 -0.9803
vn 0.0183 0.1525 -0.9881
vn 0.1295 0.1678 -0.9773
vn 0.1214 0.1546 -0.9805
vn 0.4039 0.1482 -0.9027
vn 0.6435 0.1285 -0.7546
vn 0.6778 0.1243 -0.7247
vn 0.6636 0.1312 -0.7365
vn 0.4532 0.1556 -0.8777
vn 0.4203 0.1509 -0.8948
vn 0.6586 0.1360 -0.7401
vn 0.4173 0.1529 -0.8958
vn 0.1191 0.1557 -0.9806
vn 0.1157 0.1519 -0.9816
vn 0.0137 0.1531 -0.9881
vn 0.0158 0.1483 -0.9888
vn 0.6351 0.6357 0.4388
vn 0.4703 0.7260 0.5017
vn 0.5450 0.5708 -0.6142
vn 0.5148 0.3734 -0.7717
vn 0.9923 -0.0341 0.1194
vn 0.9988 0.0082 -0.0480
vn 0.9939 -0.0287 0.1064
vn -0.9496 -0.2812 0.1389
vn -0.9448 -0.3222 0.0592
vn 0.1283 -0.1775 0.9757
vn 0.4900 -0.3294 0.8071
vn 0.4248 -0.1392 0.8945
vn 0.7949 -0.0786 0.6016
vn -0.0118 -0.0973 0.9952
vn 0.0262 -0.2573 0.9660
vn 0.0174 -0.2653 0.9640
vn 0.0267 -0.1667 0.9857
vn 0.0058 -0.1559 0.9878
vn 0.0612 -0.1628 0.9848
vn 0.2365 -0.1715 0.9564
vn 0.3992 -0.1765 0.8997
vn 0.2670 -0.1974 0.9433
vn 0.4506 -0.3211 0.8330
vn 0.2018 -0.2685 0.9419
vn 0.2793 -0.5113 0.8128
vn -0.5165 0.6567 0.5495
vn -0.5214 0.1620 0.8378
vn -0.5908 0.2358 0.7716
vn -0.9944 -0.0553 0.0905
vn -0.9457 -0.0788 0.3153
vn -0.9443 -0.0920 0.3159
vn 0.2591 -0.0906 0.9616
vn 0.4421 -0.0541 0.8953
vn 0.3535 -0.1298 0.9264
vn 0.0336 -0.1411 0.9894
vn 0.2811 -0.0549 0.9581
vn 0.5904 0.2352 0.7721
vn 0.0598 -0.1284 0.9899
vn 0.1218 -0.1493 0.9813
vn -0.9990 0.0033 0.0450
vn -0.9939 0.0586 -0.0937
vn -0.9945 0.0811 -0.0667
vn -0.0658 0.2137 -0.9747
vn -0.3181 0.2675 -0.9095
vn -0.2773 0.3145 -0.9079
vn 0.9999 -0.0125 0.0089
vn 0.9938 0.1040 -0.0404
vn 0.9997 -0.0109 0.0214
vn -0.0000 -0.0000 -1.0000
vn -0.0823 0.0037 -0.9966
vn -0.0017 0.0010 -1.0000
vn 0.8012 -0.5982 -0.0148
vn 0.8192 -0.5733 -0.0120
vn 0.8195 -0.5729 -0.0116
vn 0.7890 -0.2286 0.5703
vn 0.9720 -0.1328 0.1939
vn 0.9645 -0.0853 0.2499
vn 0.0323 -0.1272 0.9914
vn 0.2479 0.1096 0.9626
vn 0.2653 0.0139 -0.9641
vn 0.5235 -0.0730 -0.8489
vn -0.3172 0.9346 0.1608
vn -0.1638 0.9787 0.1237
vn -0.2859 0.9514 0.1147
vn 0.7908 0.0408 -0.6107
vn 0.7920 0.0450 -0.6088
vn 0.8189 0.0590 -0.5709
vn 0.6210 0.1197 -0.7746
vn 0.5892 0.0596 -0.8058
vn 0.4109 0.1379 -0.9012
vn 0.1146 0.1410 -0.9834
vn 0.0223 0.1310 -0.9911
vn 0.9455 0.0809 -0.3155
vn 0.9930 0.0392 -0.1117
vn 0.9435 0.0683 -0.3242
vn 0.6030 0.1324 -0.7867
vn 0.4023 0.1304 -0.9062
vn -0.6800 -0.2296 -0.6964
vn 0.7386 0.1227 -0.6629
vn 0.9375 0.0617 -0.3425
vn 0.9379 0.0651 -0.3407
vn 0.8321 0.3760 0.4077
vn 0.6313 0.7324 0.2549
vn 0.8990 0.4055 0.1653
vn -0.0248 0.1292 -0.9913
vn -0.2130 -0.0753 -0.9741
vn 0.0251 0.1291 -0.9913
vn 0.2134 -0.0726 -0.9743
vn 0.0289 0.1712 -0.9848
vn 0.0915 0.1877 -0.9780
vn 0.7292 0.5015 -0.4657
vn 0.6936 0.2969 -0.6563
vn 0.6492 0.1525 -0.7452
vn 0.0638 0.9954 -0.0714
vn 0.1643 0.9843 -0.0650
vn 0.0661 0.9955 -0.0673
vn 0.0411 -0.1770 0.9834
vn 0.0317 0.1528 -0.9877
vn 0.0162 0.1528 -0.9881
vn 0.1242 0.1646 -0.9785
vn 0.4408 0.1604 -0.8832
vn 0.6460 0.1255 -0.7529
vn 0.6462 0.1472 -0.7488
vn 0.9510 0.1241 -0.2832
vn 0.9397 0.2179 -0.2635
vn 0.6290 0.2302 -0.7425
vn 0.5702 0.3925 -0.7217
vn 0.2992 0.3122 -0.9017
vn 0.3130 0.5553 -0.7705
vn 0.0353 0.1723 -0.9844
vn 0.9949 0.1013 0.0027
vn 0.9778 0.1935 -0.0799
vn 0.9842 0.1769 0.0088
vn -0.0656 0.9953 -0.0711
vn -0.1598 0.9847 -0.0699
vn -0.1606 0.9848 -0.0657
vn -0.6511 0.7571 -0.0531
vn -0.8232 0.5659 -0.0444
vn -0.8210 0.5694 -0.0420
vn 0.6511 -0.7569 0.0565
vn 0.8205 -0.5700 0.0429
vn 0.6439 -0.7633 0.0525
vn -0.7464 -0.1186 0.6549
vn -0.3720 -0.1492 0.9162
vn -0.7460 -0.1157 0.6558
vn -0.3676 -0.1513 0.9176
vn -0.0828 -0.1545 0.9845
vn -0.0883 -0.1560 0.9838
vn -0.3795 -0.1535 0.9124
vn -0.0792 -0.1543 0.9848
vn -0.7342 -0.1231 0.6677
vn 0.3767 0.1458 -0.9148
vn 0.7395 0.1127 -0.6636
vn 0.7467 0.1165 -0.6549
vn 0.0754 0.1505 -0.9857
vn 0.3745 0.1437 -0.9160
vn 0.3638 0.1493 -0.9194
vn 0.0889 0.1470 -0.9851
vn 0.0005 0.1493 -0.9888
vn -0.0825 0.1451 -0.9860
vn -0.0841 0.1466 -0.9856
vn -0.7477 0.0811 -0.6591
vn -0.3777 0.1284 -0.9170
vn -0.7468 0.0829 -0.6598
vn -0.3943 0.1290 -0.9099
vn -0.7620 0.0874 -0.6416
vn -0.3822 0.1356 -0.9141
vn 0.0001 0.1483 -0.9889
vn 0.0798 -0.1737 0.9816
vn 0.3623 -0.1437 0.9209
vn 0.0776 -0.1474 0.9860
vn -0.8017 -0.5975 -0.0164
vn -0.8021 -0.5970 -0.0119
vn -0.8020 -0.5972 -0.0103
vn -0.9916 -0.0636 0.1129
vn -1.0000 0.0006 -0.0070
vn -0.9918 -0.0920 0.0886
vn 0.9968 0.0753 -0.0253
vn 0.9859 0.1394 0.0921
vn -0.3255 0.0195 -0.9453
vn -0.0692 0.1458 -0.9869
vn -0.3448 0.0618 -0.9366
vn -0.2654 0.0027 -0.9641
vn -0.0556 0.1385 -0.9888
vn -0.2979 -0.0978 -0.9496
vn -0.1234 -0.0307 -0.9919
vn -0.1971 -0.0047 -0.9804
vn -0.0202 -0.1482 0.9888
vn -0.0326 -0.1266 0.9914
vn -0.1279 -0.1273 0.9836
vn 0.1972 -0.0051 -0.9804
vn 0.5886 -0.2258 -0.7763
vn 0.2658 0.0025 -0.9640
vn 0.0223 0.1238 -0.9921
vn 0.0446 0.1337 -0.9900
vn 0.0236 0.9545 0.2972
vn 0.0501 0.8974 0.4384
vn 0.0543 0.9520 0.3012
vn 0.0717 0.5587 -0.8263
vn 0.1375 0.1102 -0.9844
vn -0.0539 0.2216 -0.9736
vn 0.1754 0.7999 -0.5739
vn 0.1752 0.5127 -0.8405
vn -0.3299 -0.0009 0.9440
vn -0.7136 0.1051 0.6926
vn -0.3617 -0.0552 0.9307
vn -0.2922 0.0570 0.9547
vn -0.6593 0.2225 0.7182
vn -0.3651 0.1945 -0.9104
vn -0.7475 0.1531 -0.6464
vn -0.7369 0.1892 -0.6490
vn -0.0645 -0.1361 0.9886
vn -0.0734 -0.1451 0.9867
vn -0.8395 -0.5341 0.1000
vn -0.8447 -0.4077 0.3468
vn -0.7678 -0.5333 0.3551
vn 0.0327 -0.9981 -0.0530
vn 0.2739 -0.9602 -0.0547
vn 0.2759 -0.9595 -0.0568
vn -0.9925 0.0454 -0.1137
vn -0.9986 0.0307 -0.0440
vn -0.9927 0.0411 -0.1132
vn 0.9761 -0.1837 0.1161
vn 0.8144 -0.3562 0.4581
vn 0.8259 -0.4877 0.2828
vn 0.0589 -0.2224 0.9732
vn 0.1877 -0.3925 0.9004
vn 0.0524 -0.2336 0.9709
vn -0.9978 0.0656 -0.0068
vn -0.9985 0.0476 -0.0279
vn -0.9967 0.0772 -0.0253
vn 0.3472 -0.2066 0.9147
vn 0.6811 -0.2887 0.6728
vn 0.3191 -0.2401 0.9168
vn -0.1837 0.9819 0.0462
vn -0.0349 0.9983 0.0473
vn -0.1820 0.9824 0.0424
vn 0.9535 -0.2993 0.0356
vn 0.7820 -0.6221 0.0383
vn 0.9441 -0.3293 0.0174
vn -0.0770 -0.1711 0.9822
vn -0.3476 -0.2060 0.9148
vn -0.3647 -0.1857 0.9124
vn -0.7483 -0.1401 0.6484
vn -0.3734 -0.1565 0.9144
vn -0.3817 -0.1687 0.9088
vn -0.0802 -0.1624 0.9835
vn -0.0014 -0.0890 0.9960
vn -0.0005 -0.0779 0.9970
vn -0.0029 -0.0029 1.0000
vn -0.7559 0.0498 -0.6527
vn -0.3864 0.1361 -0.9122
vn -0.7614 0.0783 -0.6435
vn -0.7976 -0.6029 -0.0177
vn -0.7983 -0.5996 -0.0559
vn -0.7971 -0.6036 -0.0169
vn 0.5172 -0.1130 0.8484
vn 0.2293 -0.1461 0.9623
vn -0.8464 0.3811 -0.3719
vn -0.4865 0.7405 -0.4636
vn -0.5496 0.4789 -0.6846
vn 0.3350 -0.1369 0.9322
vn 0.0182 -0.1563 0.9875
vn 0.3701 -0.1211 0.9211
vn 0.0826 -0.1624 0.9833
vn -0.7430 0.0158 0.6691
vn -0.3780 -0.0962 0.9208
vn -0.0805 -0.1531 0.9849
vn -0.0827 -0.1588 0.9838
vn -0.9997 -0.0250 -0.0079
vn -0.9941 -0.0443 0.0993
vn -0.9973 -0.0176 -0.0714
vn 0.0846 -0.1585 0.9837
vn 0.9999 0.0012 -0.0106
vn 0.9625 0.2264 -0.1493
vn 0.9779 0.2076 -0.0260
vn -0.3915 -0.2222 0.8929
vn -0.7895 -0.2271 0.5702
vn -0.4046 -0.3598 0.8407
vn 0.1652 0.9828 0.0824
vn 0.2459 0.9101 0.3337
vn 0.2478 0.9646 0.0901
vn -0.0857 -0.2545 0.9633
vn -0.0796 -0.3975 0.9141
vn 0.7165 -0.1061 0.6895
vn 0.1741 -0.1508 0.9731
vn 0.3380 -0.1583 0.9277
vn 0.0294 -0.1472 0.9887
vn 0.0829 -0.1792 0.9803
vn -0.0815 -0.1795 0.9804
vn -0.7551 -0.1403 0.6404
vn 0.3912 -0.2229 0.8929
vn 0.0872 -0.2544 0.9631
vn 0.0829 0.1519 -0.9849
vn 0.0816 0.1490 -0.9855
vn 0.1617 -0.9832 0.0842
vn 0.0655 -0.9939 0.0886
vn 0.6493 0.7581 0.0615
vn 0.3978 0.8775 0.2677
vn 0.3926 0.9039 0.1700
vn -0.9899 0.1183 -0.0786
vn -0.9913 0.0899 0.0963
vn -0.9838 0.1790 0.0093
vn 0.3449 0.0612 -0.9366
vn 0.6751 -0.1705 -0.7177
vn 0.7155 -0.0764 -0.6944
vn -0.1816 -0.1955 -0.9637
vn 0.0015 0.0424 -0.9991
vn -0.0068 -0.1894 -0.9819
vn 0.3769 -0.2444 0.8934
vn 0.7612 -0.2705 0.5894
vn 0.7421 -0.1819 0.6451
vn 0.0850 -0.2565 0.9628
vn 0.4013 -0.3769 0.8348
vn -0.0009 -0.1547 0.9880
vn -0.0018 -0.1546 0.9880
vn -0.0356 0.9980 0.0517
vn -0.1843 0.9815 0.0515
vn -0.0348 0.9978 0.0557
vn -0.9913 -0.1312 0.0117
vn -0.8916 -0.4215 -0.1653
vn -0.8955 -0.4405 -0.0634
vn 0.3617 0.1947 -0.9117
vn 0.0807 0.1862 -0.9792
vn 0.3486 0.2225 -0.9105
vn 0.9094 0.0764 -0.4087
vn 0.7997 0.2882 -0.5268
vn 0.8716 0.2958 -0.3908
vn -0.1794 -0.5823 -0.7929
vn 0.7847 -0.4050 0.4693
vn 0.0843 0.1756 -0.9808
vn 0.3737 0.1756 -0.9108
vn 0.0832 0.1710 -0.9818
vn 0.3862 0.1354 -0.9124
vn 0.7560 0.0484 -0.6528
vn 0.7616 0.0769 -0.6435
vn -0.3871 0.6067 -0.6943
vn -0.5483 0.5743 -0.6080
vn -0.3169 0.6106 -0.7258
vn -0.3791 0.1200 -0.9175
vn -0.0769 0.1587 -0.9843
vn -0.5141 0.8577 0.0023
vn -0.6471 0.7604 0.0550
vn -0.6385 0.7696 0.0030
vn 0.0745 0.1528 -0.9854
vn 0.3675 0.0971 -0.9249
vn 0.3801 0.1191 -0.9173
vn 0.7432 -0.0004 -0.6691
vn -0.3673 0.0978 -0.9250
vn -0.0761 0.1528 -0.9853
vn 0.0064 0.1891 -0.9819
vn 0.4580 0.6210 -0.6361
vn 0.8134 0.2632 -0.5187
vn 0.8446 0.3720 -0.3849
vn 0.9916 -0.0459 0.1209
vn 0.9994 0.0082 -0.0339
vn 0.1300 0.9893 -0.0655
vn 0.0362 0.9969 -0.0704
vn 0.0364 0.9971 -0.0663
vn -0.9997 -0.0090 0.0214
vn -0.9935 0.1064 -0.0411
vn -0.3767 0.1667 -0.9112
vn -0.7576 0.0904 -0.6464
vn -0.3604 0.1302 -0.9237
vn -0.0790 0.1795 -0.9806
vn 0.9733 0.1031 -0.2052
vn -0.9999 0.0034 -0.0103
vn -0.9904 -0.1383 0.0040
vn -0.9989 -0.0473 -0.0020
vn -0.9409 -0.0790 0.3293
vn 0.7989 -0.6013 -0.0134
vn 0.8170 -0.5765 -0.0164
vn 0.0823 0.1776 -0.9807
vn 0.3614 0.1384 -0.9221
vn 0.3681 0.1656 -0.9149
vn 0.9176 -0.3761 -0.1290
vn 0.8011 -0.4228 -0.4235
vn 0.8491 -0.5058 -0.1525
vn -0.4599 0.6220 -0.6337
vn -0.7809 0.2870 -0.5549
vn -0.4170 0.4097 -0.8114
vn 0.9899 0.1162 -0.0816
vn 0.9197 0.2299 -0.3183
vn -0.9998 -0.0082 0.0194
vn -0.9916 -0.0442 0.1215
vn -0.9923 -0.0321 0.1198
vn -0.1008 0.4489 -0.8879
vn -0.3840 0.2582 -0.8865
vn -0.0871 0.2788 -0.9564
vn -0.1689 0.0510 -0.9843
vn 0.1773 -0.1958 -0.9645
vn -0.1671 -0.1753 -0.9702
vn 0.3474 -0.1927 -0.9177
vn 0.1673 0.0294 -0.9855
vn 0.3311 0.0202 -0.9434
vn 0.0165 -0.1505 0.9885
vn 0.0973 -0.1392 0.9855
vn -0.6817 -0.2874 0.6728
vn -0.7212 -0.2140 0.6589
vn 0.3200 -0.1409 0.9369
vn 0.0263 -0.1535 0.9878
vn 0.9478 -0.2143 0.2362
vn -0.7348 -0.1263 0.6664
vn -0.3693 -0.1504 0.9171
vn -0.3629 -0.1431 0.9208
vn -0.0794 -0.1472 0.9859
vn 0.0013 0.1569 -0.9876
vn 0.0832 0.1632 -0.9831
vn 0.3649 -0.1864 0.9122
vn 0.7207 -0.2153 0.6589
vn 0.9943 -0.0675 -0.0822
vn 0.9395 -0.0863 -0.3315
vn 0.9847 -0.1295 -0.1170
vn 0.7491 0.1157 -0.6523
vn 0.3757 0.1487 -0.9147
vn 0.0007 0.1464 -0.9892
vn -0.7553 0.0778 -0.6508
vn 0.3670 0.1490 -0.9182
vn 0.7518 0.1208 -0.6482
vn 0.7390 0.1185 -0.6632
vn -0.0094 -0.4100 -0.9120
vn -0.0180 -0.1258 -0.9919
vn -0.0655 -0.3297 -0.9418
vn -0.0042 -0.5145 -0.8575
vn -0.0067 -0.2095 -0.9778
vn -0.0123 0.1139 -0.9934
vn -0.0010 -0.0232 -0.9997
vn -0.0034 0.1072 -0.9942
vn -0.0006 -0.5681 -0.8230
vn -0.0005 -0.5540 -0.8325
vn -0.0020 -0.4872 -0.8733
vn -0.0011 0.0911 -0.9958
vn -0.0001 -0.0419 -0.9991
vn -0.0001 0.0793 -0.9968
vn -0.0066 -0.8083 0.5887
vn -0.0019 -0.5036 0.8639
vn -0.0011 -0.8254 0.5646
vn -0.0007 -0.2673 0.9636
vn -0.0003 -0.5179 0.8555
vn -0.9451 0.1045 -0.3097
vn -0.7500 0.1314 -0.6482
vn -0.9454 0.0824 -0.3153
vn -0.0112 -0.1967 0.9804
vn -0.0621 -0.2235 0.9727
vn -0.0114 -0.1904 0.9816
vn -0.0128 -0.7950 0.6065
vn -0.0076 -0.4991 0.8665
vn 0.9943 -0.0572 0.0904
vn 0.9444 -0.0740 0.3204
vn 0.9946 -0.0387 0.0964
vn 0.0455 -0.9840 -0.1722
vn 0.0154 -0.9159 -0.4012
vn 0.0357 -0.1086 0.9935
vn -0.0273 -0.2586 0.9656
vn -0.0078 -0.2013 0.9795
vn -0.0000 0.0106 0.9999
vn -0.0002 -0.0753 0.9972
vn 0.0034 0.0066 1.0000
vn 0.0063 0.5626 0.8267
vn 0.0013 0.7700 0.6381
vn 0.0033 0.5663 0.8242
vn 0.0003 0.0260 0.9997
vn 0.0001 -0.0808 0.9967
vn -0.4465 0.8813 -0.1549
vn -0.7853 0.6177 -0.0413
vn -0.7947 0.5978 -0.1053
vn 0.6503 0.7492 -0.1255
vn 0.8218 0.5680 -0.0456
vn 0.6513 0.7566 -0.0575
vn -0.8722 0.3583 -0.3330
vn -0.5888 0.4437 -0.6756
vn -0.6615 0.3416 -0.6676
vn 0.7712 0.6365 0.0043
vn 0.8836 0.4553 0.1093
vn 0.8786 0.4775 0.0080
vn -0.5331 0.8435 0.0655
vn -0.2797 0.9582 0.0605
vn -0.5305 0.8456 0.0598
vn -0.0812 -0.6363 0.7672
vn 0.1264 -0.8665 0.4830
vn 0.1144 -0.6392 0.7605
vn -0.1515 0.0798 0.9852
vn -0.3886 0.5063 0.7698
vn -0.3419 0.3503 0.8720
vn 0.0009 0.9946 -0.1035
vn -0.9848 -0.1278 -0.1173
vn -0.9189 -0.1869 -0.3473
vn -0.9397 -0.0845 -0.3315
vn -0.9945 -0.0652 -0.0819
vn -0.9497 -0.0211 -0.3123
vn -0.6702 0.7130 -0.2062
vn -0.7874 0.5192 -0.3324
vn -0.8118 0.5578 -0.1727
vn -0.5210 0.8476 0.1005
vn 0.9536 0.0365 -0.2987
vn 0.7639 0.1168 -0.6346
vn 0.7579 0.0890 -0.6463
vn -0.9691 0.2460 -0.0157
vn -0.9747 0.2139 -0.0652
vn -0.9789 0.2036 -0.0170
vn -0.6584 0.7505 -0.0572
vn -0.8228 0.5660 -0.0507
vn -0.1596 0.9842 -0.0773
vn 0.4435 0.8937 -0.0676
vn 0.7896 0.6123 -0.0396
vn 0.7904 0.6107 -0.0473
vn 0.9940 -0.0462 0.0993
vn 0.9996 -0.0276 -0.0100
vn 0.9972 -0.0194 -0.0717
vn 0.7594 -0.5639 -0.3246
vn 0.8894 -0.3093 -0.3365
vn 0.8072 -0.5369 -0.2454
vn -0.1304 0.9634 -0.2344
vn -0.4418 0.8945 -0.0676
vn -0.7893 0.6122 -0.0473
vn -0.1265 0.9890 -0.0764
vn 0.1327 0.9887 -0.0694
vn 0.0363 0.9963 -0.0776
vn -0.4678 0.8009 -0.3738
vn -0.1301 0.8960 -0.4246
vn -0.1203 0.6945 -0.7094
vn -0.9423 0.1717 0.2873
vn -0.8086 -0.0562 0.5856
vn -0.8052 0.1405 0.5761
vn 0.4403 0.8957 -0.0619
vn 0.7838 0.6199 -0.0375
vn 0.4384 0.8969 -0.0581
vn 0.9935 0.0519 -0.1015
vn 0.1264 -0.1238 0.9842
vn -0.1276 0.9760 -0.1765
vn -0.4385 0.8966 -0.0619
vn 0.8223 -0.5667 0.0520
vn 0.6578 -0.7495 0.0749
vn 0.0055 0.8501 -0.5267
vn 0.0199 0.9971 -0.0739
vn 0.0124 0.9305 -0.3660
vn 0.3652 -0.1671 0.9158
vn 0.7340 -0.1279 0.6670
vn -0.1670 -0.9636 0.2088
vn -0.0653 -0.9939 0.0887
vn -0.0675 -0.9733 0.2194
vn -0.6832 -0.6271 0.3741
vn -0.8151 -0.3547 0.4580
vn -0.8269 -0.4862 0.2827
vn 0.0660 -0.1342 0.9887
vn 0.2509 0.1154 0.9611
vn 0.0556 -0.1252 0.9906
vn 0.9380 0.1508 -0.3120
vn 0.7126 0.2473 -0.6565
vn 0.3937 -0.7336 0.5539
vn 0.6711 -0.7289 0.1351
vn 0.6156 -0.6167 0.4906
vn -0.0203 0.9967 0.0788
vn -0.0085 0.9984 -0.0568
vn -0.0173 0.9998 -0.0036
vn -0.0046 -0.2541 0.9672
vn 0.6829 -0.7231 -0.1038
vn 0.8203 -0.5659 -0.0834
vn -0.1651 0.9849 0.0522
vn 0.0427 0.9986 0.0307
vn -0.1637 0.9854 0.0470
vn 0.0432 -0.9524 0.3017
vn 0.0113 -0.7949 0.6066
vn 0.0331 -0.7873 0.6157
vn 0.3758 0.1620 -0.9124
vn 0.8240 -0.5653 0.0373
vn 0.8230 -0.5663 0.0432
vn 0.1594 -0.9852 0.0631
vn 0.1556 -0.9854 0.0688
vn -0.4476 -0.8922 0.0602
vn -0.7876 -0.6153 0.0334
vn -0.4423 -0.8953 0.0539
vn -0.1339 -0.9886 0.0682
vn -0.1302 -0.9896 0.0617
vn -0.4530 -0.8870 -0.0890
vn -0.7734 -0.5916 -0.2276
vn -0.5058 -0.7816 -0.3650
vn 0.4677 -0.8727 0.1402
vn 0.4191 -0.8923 -0.1679
vn 0.4755 -0.8647 -0.1617
vn -0.0350 -0.9977 -0.0577
vn -0.2777 -0.9590 -0.0568
vn -0.0345 -0.9980 -0.0530
vn -0.0345 -0.7872 0.6158
vn -0.0184 -0.4874 0.8730
vn 0.7936 -0.5379 0.2844
vn 0.4329 -0.5846 0.6862
vn 0.4479 -0.7830 0.4316
vn 0.0011 -0.0998 0.9950
vn 0.0101 -0.0205 0.9997
vn -0.2784 0.9588 0.0559
vn -0.1665 0.9845 0.0549
vn 0.1265 -0.9683 0.2155
vn 0.4502 0.8464 0.2846
vn 0.4957 0.8236 0.2755
vn -0.0218 0.9546 0.2972
vn -0.0481 0.8974 0.4385
vn -0.0197 0.9013 0.4327
vn 0.7830 -0.6094 0.1245
vn 0.4413 -0.8940 0.0774
vn 0.7850 -0.6175 0.0489
vn 0.4391 -0.8774 0.1931
vn 0.1276 -0.9880 0.0870
vn -0.5849 0.4585 0.6690
vn -0.4805 0.0986 0.8714
vn -0.0182 -0.2164 -0.9761
vn -0.1718 -0.1100 -0.9790
vn 0.0649 -0.2300 -0.9710
vn 0.0130 0.1795 -0.9837
vn 0.0750 0.1996 -0.9770
vn 0.5905 0.6721 -0.4469
vn 0.6607 0.7170 -0.2222
vn 0.4447 0.5327 -0.7200
vn 0.5829 0.5623 -0.5866
vn 0.2961 0.3769 -0.8777
vn 0.1527 0.2693 -0.9509
vn 0.0935 0.2447 -0.9651
vn 0.0703 0.2263 -0.9715
vn -0.5265 0.8485 0.0524
vn -0.2766 0.9595 0.0535
vn 0.4442 -0.1095 0.8892
vn -0.0009 -0.9264 0.3766
vn -0.0009 -0.9263 0.3768
vn 0.9952 -0.0149 -0.0962
vn 0.9515 0.0170 -0.3073
vn -0.1266 0.9895 -0.0702
vn -0.4368 0.8977 -0.0581
vn 0.1334 -0.9861 -0.0986
vn 0.5044 -0.7825 -0.3650
vn 0.4514 -0.8879 -0.0890
vn -0.9728 0.1080 -0.2048
vn -0.9990 0.0207 -0.0390
vn 0.0062 -0.4945 0.8691
vn 0.0902 -0.4669 0.8797
vn 0.0571 -0.4785 0.8762
vn 0.2573 -0.3177 0.9126
vn 0.4840 -0.5494 0.6811
vn 0.2245 -0.3571 0.9067
vn -0.6465 0.7557 0.1047
vn 0.0050 0.9971 0.0764
vn 0.0071 0.7609 0.6488
vn 0.0097 0.9558 0.2937
vn 0.0853 -0.0568 -0.9947
vn 0.1646 -0.2152 -0.9626
vn 0.2885 -0.2789 0.9160
vn 0.0710 -0.1865 0.9799
vn 0.0672 -0.1967 0.9781
vn -0.9115 -0.1665 -0.3761
vn -0.8363 -0.0305 -0.5474
vn -0.8410 -0.1753 -0.5118
vn 0.3777 -0.0969 0.9208
vn 0.0821 -0.1526 0.9849
vn -0.9621 -0.0182 0.2722
vn -0.9985 0.0207 0.0504
vn -0.0817 -0.1734 0.9815
vn -0.3655 -0.1664 0.9158
vn 0.9416 -0.0772 0.3277
vn 0.9408 -0.0808 0.3292
vn -0.9403 0.3296 -0.0846
vn -0.7941 0.5037 -0.3400
vn -0.9431 0.1009 -0.3169
vn -0.9508 0.1479 -0.2723
vn -0.9625 0.2589 -0.0806
vn -0.9665 0.2196 -0.1330
vn -0.9477 0.2979 -0.1146
vn -0.2461 0.9650 0.0902
vn -0.1586 0.9863 0.0460
vn -0.2120 0.9757 0.0558
vn -0.9944 -0.0371 0.0989
vn -0.9425 -0.0683 0.3271
vn -0.9944 -0.0333 0.0999
vn 0.0330 -0.9978 -0.0577
vn 0.2774 -0.9588 -0.0609
vn 0.7801 -0.6254 -0.0161
vn 0.8009 -0.5987 -0.0126
vn 0.8012 -0.5982 -0.0151
vn -0.0772 0.9017 -0.4255
vn 0.0217 0.7014 -0.7125
vn 0.0307 0.9027 -0.4291
vn 0.9922 0.0445 -0.1169
vn 0.9983 0.0370 -0.0440
vn 0.9983 0.0350 -0.0463
vn -0.9866 0.1622 -0.0196
vn -0.7776 0.6193 0.1084
vn -0.8431 0.3869 0.3736
vn -0.7481 0.5438 0.3802
vn 0.9412 -0.0607 0.3324
vn 0.8188 -0.1074 0.5639
vn -0.9455 -0.0508 0.3216
vn -0.7171 -0.1051 0.6890
vn 0.9454 -0.0526 0.3217
vn 0.9984 -0.0158 0.0537
vn 0.9548 -0.0619 0.2907
vn 0.9983 -0.0046 0.0589
vn -0.3758 0.1642 -0.9120
vn -0.3733 0.1764 -0.9108
vn -0.9993 -0.0020 0.0364
vn -0.9646 -0.0835 0.2500
vn -0.9549 -0.0601 0.2907
vn -0.9986 0.0019 0.0525
vn -0.7397 -0.1207 0.6620
vn 0.1651 -0.9639 0.2088
vn 0.0678 -0.9733 0.2193
vn -0.9794 0.1963 -0.0464
vn -0.8468 0.4778 -0.2338
vn -0.8292 0.5486 -0.1068
vn 0.9919 -0.0934 0.0858
vn 0.9442 -0.0938 0.3159
vn -0.8600 -0.3991 -0.3180
vn -0.5712 -0.5193 -0.6356
vn 0.9400 0.0743 -0.3329
vn 0.9290 -0.1866 0.3197
vn 0.7398 -0.1691 0.6513
vn 0.9404 -0.1277 0.3151
vn 0.9842 -0.1557 0.0849
vn -0.7400 -0.1677 0.6513
vn -0.0234 0.1228 -0.9922
vn -0.0457 0.1326 -0.9901
vn 0.8198 -0.0729 0.5680
vn 0.9654 -0.0225 0.2597
vn -0.9462 -0.3233 0.0127
vn -0.7842 -0.6156 -0.0779
vn 0.9987 0.0130 0.0487
vn 0.9647 -0.0212 0.2624
vn -0.8827 0.4570 0.1093
vn -0.9059 0.2296 0.3557
vn 0.0636 -0.2084 0.9760
vn -0.9983 0.0266 0.0517
vn -0.9632 -0.0128 0.2684
vn -0.9985 0.0227 0.0507
vn -0.8120 -0.0692 0.5796
vn -0.9640 -0.0162 0.2654
vn -0.9524 0.0358 -0.3027
vn -0.9496 0.0230 -0.3127
vn 0.4366 -0.8978 0.0583
vn 0.7668 -0.5348 0.3550
vn 0.6245 -0.3775 0.6837
vn 0.8440 -0.4092 0.3468
vn 0.9132 -0.3963 0.0949
vn 0.8992 -0.2845 0.3324
vn 0.9614 -0.2604 0.0884
vn 0.2838 0.5245 -0.8027
vn 0.1005 0.8233 -0.5587
vn 0.2239 0.8234 -0.5214
vn 0.9640 -0.0180 0.2654
vn 0.9985 0.0208 0.0507
vn 0.9986 0.0168 0.0496
vn 0.0470 -0.9953 0.0848
vn 0.0445 -0.9983 -0.0378
vn -0.0086 -0.1813 0.9834
vn 0.0760 -0.1444 0.9866
vn 0.0025 -0.5037 0.8639
vn 0.0040 -0.8032 0.5958
vn 0.1647 0.9689 -0.1849
vn 0.0767 0.9017 -0.4256
vn 0.1797 0.8859 -0.4276
vn -0.9139 -0.3947 0.0945
vn -0.8483 -0.5285 -0.0314
vn -0.9197 -0.3786 -0.1037
vn -0.9514 0.2893 0.1058
vn -0.9353 0.1099 0.3364
vn -0.2756 -0.9597 -0.0547
vn -0.0334 -0.9981 -0.0526
vn 0.8822 -0.0218 0.4703
vn 0.9440 0.0186 0.3293
vn 0.9439 0.0086 0.3300
vn 0.9952 0.0582 0.0782
vn 0.9943 0.0548 0.0918
vn 1.0000 -0.0016 -0.0066
vn 0.9422 0.0403 0.3325
vn 0.9913 0.0884 0.0973
vn -0.7490 0.1170 -0.6521
vn -0.9435 0.0699 -0.3240
vn -0.0782 -0.1788 0.9808
vn -0.0063 -0.1737 0.9848
vn -0.0738 -0.1862 0.9797
vn 1.0000 -0.0079 0.0051
vn 0.9966 0.0828 -0.0008
vn 1.0000 -0.0056 0.0053
vn 0.9915 -0.0652 0.1128
vn 0.9366 -0.1022 0.3351
vn 0.9415 -0.1472 0.3032
vn 0.7815 0.2854 -0.5548
vn 0.4611 0.6211 -0.6337
vn 0.4178 0.4089 -0.8114
vn -0.9374 -0.0668 0.3417
vn -0.9940 -0.0273 0.1063
vn 0.9356 -0.0739 0.3453
vn -0.8015 -0.5977 -0.0162
vn -0.7998 -0.6002 -0.0141
vn -0.7994 -0.6006 -0.0134
vn 0.9426 -0.0699 0.3266
vn 0.7461 -0.1200 0.6549
vn 0.9425 -0.0733 0.3261
vn -0.9470 -0.0662 0.3144
vn 0.0003 -0.2677 0.9635
vn 0.0003 -0.2079 0.9781
vn 0.9490 -0.2829 0.1389
vn 0.9442 -0.3240 0.0592
vn -0.9936 -0.0351 0.1077
vn -1.0000 -0.0024 -0.0066
vn -1.0000 -0.0012 -0.0060
vn -0.9943 -0.0406 0.0986
vn -0.7507 -0.6591 -0.0460
vn -0.6539 -0.7076 -0.2680
vn -0.7490 -0.6243 -0.2217
vn 0.0105 0.0895 -0.9959
vn 0.0719 0.1536 -0.9855
vn 0.0343 0.1765 -0.9837
vn -0.6251 -0.3763 0.6838
vn -0.5595 -0.4637 0.6869
vn -0.9578 -0.1681 0.2333
vn -0.7343 -0.1265 0.6669
vn 0.6605 0.7118 0.2388
vn 0.0746 -0.1709 0.9825
vn -0.0147 -0.1564 0.9876
vn 0.0854 -0.1577 0.9838
vn -0.9988 0.0387 -0.0308
vn -0.9727 0.2103 0.0978
vn -0.9839 0.1787 0.0070
vn -0.9427 -0.0715 0.3260
vn -0.9942 -0.0409 0.0991
vn -0.9418 -0.0754 0.3277
vn 0.1570 -0.8818 -0.4448
vn -0.1451 -0.5737 -0.8061
vn 0.1747 -0.5826 -0.7937
vn -0.7468 -0.0384 0.6639
vn -0.3697 -0.1206 0.9213
vn -0.9983 0.0284 0.0507
vn 0.9656 -0.0061 0.2599
vn 0.9985 0.0112 0.0529
vn 0.9984 0.0266 0.0507
vn -0.8430 0.5291 0.0972
vn -0.8497 0.4968 0.1767
vn 0.7349 -0.1136 0.6686
vn -0.1827 -0.8594 0.4775
vn 0.9530 0.0228 -0.3021
vn 0.7477 0.0797 -0.6592
vn 0.7469 0.0815 -0.6599
vn -0.1675 0.9841 0.0594
vn -0.4398 -0.1141 0.8908
vn -0.8121 -0.0718 0.5791
vn -0.4381 -0.1275 0.8898
vn -0.0199 0.2191 -0.9755
vn -0.0113 0.2156 -0.9764
vn 0.9924 0.1217 -0.0179
vn 0.9584 0.2602 -0.1170
vn 0.9923 0.0473 -0.1141
vn -0.6939 0.7186 0.0475
vn -0.5334 0.8453 0.0309
vn -0.6981 0.7158 0.0176
vn 0.5781 -0.7715 -0.2657
vn 0.4558 -0.8443 -0.2817
vn 0.9462 -0.1355 0.2938
vn 0.9967 -0.0734 0.0359
vn 0.8534 -0.3396 0.3954
vn 0.8285 -0.2090 0.5195
vn 0.9468 -0.3210 -0.0247
vn -0.6586 0.7136 0.2388
vn -0.6014 0.7826 0.1606
vn 0.4197 0.7514 0.5092
vn 0.5135 0.6544 0.5551
vn 0.5875 0.4586 0.6668
vn 0.8206 0.4458 0.3576
vn -0.6335 0.6372 0.4388
vn 0.9944 -0.0353 0.0997
vn -0.6912 0.2805 -0.6660
vn -0.7038 0.1728 -0.6890
vn -0.6621 0.2704 -0.6989
vn 0.7751 -0.6315 -0.0185
vn 0.7966 -0.6043 -0.0176
vn 0.9988 0.0369 -0.0308
vn 0.9731 0.2084 0.0979
vn 0.9364 0.1253 0.3278
vn 0.8393 -0.0050 0.5437
vn 0.8320 0.1380 0.5373
vn 0.0030 -0.1514 0.9885
vn -0.0190 -0.1371 0.9904
vn 0.7336 -0.1245 0.6681
vn 0.7346 -0.1277 0.6664
vn -0.9857 0.1413 0.0921
vn -0.9951 0.0601 0.0783
vn -0.3964 0.8781 0.2678
vn -0.6580 0.7517 0.0439
vn 0.7302 -0.5898 -0.3448
vn 0.7479 -0.6258 -0.2216
vn -0.0080 0.9040 0.4274
vn -0.0020 0.9571 0.2897
vn -0.0093 0.9561 0.2930
vn -0.4139 -0.8632 -0.2892
vn -0.4788 -0.8630 -0.1612
vn -0.4595 -0.8424 -0.2814
vn -0.0029 -0.9603 0.2790
vn 0.0002 -0.9606 0.2780
vn -0.0069 -0.9580 0.2868
vn -0.1306 -0.9678 0.2153
vn -0.0297 -0.8725 0.4877
vn -0.1305 -0.8660 0.4827
vn -0.0315 0.9993 0.0186
vn 0.1656 0.9851 0.0470
vn 0.1510 0.9599 -0.2362
vn -0.6692 -0.6535 0.3538
vn -0.6129 -0.7839 0.0995
vn -0.7365 -0.6689 0.1011
vn -0.9509 0.3052 -0.0521
vn -0.8145 0.5268 -0.2430
vn 0.9419 0.1689 0.2902
vn -0.9921 0.0465 -0.1163
vn -0.9983 0.0389 -0.0441
vn -0.9922 0.0494 -0.1142
vn 0.0005 -0.9970 0.0775
vn -0.0025 -0.9970 0.0772
vn -0.8900 -0.3077 -0.3364
vn -0.7605 -0.5624 -0.3245
vn -0.8082 -0.5354 -0.2454
vn -0.4690 0.7266 0.5021
vn -0.9225 -0.0502 -0.3828
vn -0.8281 -0.3033 -0.4715
vn -0.3413 -0.1687 -0.9247
vn -0.3105 -0.5750 -0.7569
vn -0.9045 0.1609 -0.3950
vn -0.8166 0.1987 -0.5419
vn -0.3339 0.0584 -0.9408
vn -0.0769 -0.8683 0.4900
vn -0.1829 -0.6244 0.7594
vn -0.9764 -0.1819 0.1161
vn -0.8194 -0.5590 0.1269
vn -0.9723 -0.1309 0.1938
vn -0.0015 -0.1518 0.9884
vn 0.9824 -0.1832 0.0351
vn 0.9766 -0.2140 0.0193
vn 0.9998 -0.0072 0.0201
vn -0.7826 0.6213 -0.0375
vn -0.2427 -0.3902 0.8882
vn -0.6184 -0.6158 0.4882
vn -0.3891 -0.7334 0.5575
vn 0.9775 -0.2104 0.0140
vn 1.0000 -0.0060 -0.0001
vn 0.9773 -0.2110 0.0187
vn 0.9676 -0.2307 -0.1029
vn -0.1025 0.2550 0.9615
vn -0.1123 0.5255 0.8434
vn -0.1671 0.4636 0.8701
vn -0.9779 -0.2085 0.0140
vn -0.8213 -0.5644 -0.0834
vn -0.8250 -0.5638 0.0373
vn -0.6726 -0.7274 0.1358
vn -0.6805 -0.7210 -0.1307
vn -0.2954 0.3775 -0.8776
vn -0.5818 0.5634 -0.5865
vn -0.9901 -0.1384 0.0217
vn -0.9445 -0.3280 0.0178
vn -0.9541 -0.2975 0.0356
vn -0.9903 -0.1376 0.0193
vn 0.9912 -0.1227 0.0505
vn -0.0079 0.9970 0.0775
vn -0.9357 -0.3389 -0.0976
vn 0.9456 -0.3251 0.0127
vn 0.7830 -0.6171 -0.0779
vn 0.9351 -0.3407 -0.0976
vn 0.9827 -0.1451 -0.1148
vn 0.8592 -0.4007 -0.3180
vn 0.9112 -0.1682 -0.3760
vn 0.9905 -0.1377 -0.0007
vn -0.7895 -0.6125 0.0390
vn -0.9472 -0.3201 0.0179
vn -0.9907 -0.1358 -0.0007
vn 0.7352 -0.6703 0.1012
vn 0.6278 -0.7767 -0.0512
vn 0.6115 -0.7849 0.0997
vn -0.5109 0.7785 0.3646
vn -0.5838 0.6089 0.5370
vn -0.4771 0.7061 0.5232
vn -0.0198 -0.6394 0.7687
vn -0.1179 -0.6389 0.7602
vn 0.4014 -0.6230 0.6714
vn 0.2363 -0.7930 -0.5615
vn 0.1958 -0.8972 -0.3958
vn 0.0903 -0.8138 -0.5742
vn -0.5890 -0.2247 -0.7763
vn -0.6755 -0.1692 -0.7177
vn 0.5876 -0.3987 -0.7041
vn 0.2306 -0.3137 -0.9211
vn 0.3201 -0.4813 -0.8160
vn 0.6014 -0.3896 -0.6975
vn 0.6593 -0.7142 -0.2349
vn 0.7494 -0.6605 -0.0460
vn 0.0638 0.9949 -0.0779
vn 0.1711 0.9598 -0.2226
vn 0.0716 0.9683 -0.2393
vn 0.9943 -0.0390 0.0989
vn 0.9822 0.1386 -0.1269
vn 0.9931 -0.0158 -0.1164
vn -0.0994 -0.4024 0.9100
vn -0.0875 -0.2564 0.9626
vn 0.5702 -0.5204 -0.6356
vn -0.8502 -0.5038 -0.1530
vn 0.3417 0.4966 0.7979
vn -0.9914 -0.1209 0.0505
vn -0.0058 -0.2705 0.9627
vn -0.0023 -0.2639 0.9646
vn 0.0041 0.1087 -0.9941
vn 0.0007 0.2746 -0.9616
vn 0.0005 0.0969 -0.9953
vn -0.9387 0.1517 -0.3097
vn -0.7121 0.2487 -0.6566
vn -0.0363 -0.9971 0.0671
vn -0.1300 -0.9893 0.0662
vn -0.9988 0.0086 -0.0480
vn -0.9999 -0.0027 0.0130
vn -0.9960 0.0049 -0.0887
vn 0.0198 0.1811 -0.9833
vn 0.1639 -0.1084 -0.9805
vn 0.7094 0.7047 -0.0114
vn 0.5351 0.8442 0.0310
vn 0.6994 0.7146 0.0177
vn -0.4381 -0.8970 0.0584
vn -0.7861 -0.6162 0.0489
vn -0.7832 -0.6206 0.0383
vn -0.9933 0.0395 -0.1090
vn -0.9983 -0.0027 0.0588
vn -0.9799 0.1344 -0.1473
vn -0.6257 0.7398 0.2472
vn -0.8321 0.3770 0.4067
vn -0.8986 0.4064 0.1655
vn -0.9995 -0.0166 0.0251
vn 0.9482 0.3171 -0.0177
vn 0.9887 0.1495 -0.0058
vn 0.9453 0.3254 -0.0200
vn -0.7554 0.0835 -0.6499
vn -0.9527 0.0293 -0.3024
vn -0.9530 0.0247 -0.3018
vn -0.9974 -0.0084 -0.0711
vn 0.9522 0.0198 -0.3047
vn 0.7442 0.0772 -0.6635
vn -0.8720 -0.4603 0.1668
vn -0.6079 -0.7517 -0.2557
vn 0.7429 0.0144 0.6692
vn 0.3617 -0.0559 0.9306
vn -0.7268 0.6837 0.0657
vn -0.6282 0.7706 0.1071
vn -0.5458 0.8329 0.0915
vn 0.1261 -0.9898 0.0663
vn 0.4991 0.5739 0.6493
vn 0.3322 0.6589 0.6749
vn 0.3381 0.6553 0.6755
vn -0.4020 -0.3761 0.8348
vn -0.9816 0.1672 -0.0919
vn 0.9621 -0.0202 0.2719
vn 0.9910 -0.1332 0.0117
vn 0.9986 0.0190 0.0502
vn 0.0368 0.9980 0.0514
vn 0.7670 0.6392 -0.0550
vn 0.6418 0.7668 0.0118
vn -0.8127 0.4119 -0.4122
vn -0.9591 0.2038 -0.1966
vn -0.9199 0.2304 -0.3174
vn -0.3755 0.1495 -0.9147
vn 0.9919 0.0303 -0.1234
vn 0.9928 0.0254 -0.1174
vn -0.7830 0.1775 -0.5962
vn -0.9583 0.0547 -0.2806
vn -0.7637 0.1182 -0.6346
vn 0.0004 0.4117 0.9113
vn -0.1633 0.2793 0.9462
vn -0.1213 0.3151 0.9413
vn -0.9893 -0.1434 -0.0262
vn -0.9655 -0.2412 -0.0980
vn -0.9701 0.2427 -0.0087
vn -0.9794 0.2017 -0.0084
vn -0.9710 0.2391 -0.0043
vn 0.0013 -0.9972 -0.0747
vn 0.0056 -0.9968 0.0797
vn 0.0045 -0.9963 -0.0856
vn -0.0360 -0.9950 -0.0931
vn 0.1095 -0.8839 -0.4546
vn 0.0740 -0.9921 -0.1011
vn -0.9529 0.0158 -0.3028
vn -0.9547 0.0273 -0.2962
vn -0.9969 -0.0246 -0.0747
vn -0.9960 -0.0035 -0.0897
vn 0.9497 -0.0226 -0.3125
vn 0.2924 0.0566 0.9546
vn 0.6596 0.2212 0.7183
vn 0.5873 0.3431 0.7330
vn 0.1140 -0.7727 0.6244
vn 0.2404 -0.9193 0.3116
vn 0.1515 -0.9389 0.3090
vn -0.9427 0.0714 -0.3260
vn -0.7517 0.1184 -0.6489
vn -0.9417 0.0756 -0.3279
vn 0.9925 0.0436 -0.1139
vn 0.9411 0.0780 -0.3291
vn 0.9417 0.0738 -0.3284
vn 0.9928 0.0394 -0.1132
vn 0.9423 0.0709 -0.3271
vn 0.9475 0.0615 -0.3138
vn 0.9476 0.0640 -0.3131
vn -0.9758 -0.2125 0.0515
vn -0.8233 -0.5652 0.0520
vn -0.8356 0.5052 0.2159
vn -0.7551 0.4658 0.4612
vn -0.8364 0.5056 0.2117
vn 0.9928 0.0343 -0.1144
vn 0.9632 -0.0146 0.2684
vn 0.9984 0.0247 0.0517
vn 0.9942 -0.0427 0.0992
vn 0.9999 -0.0135 -0.0000
vn -0.6674 -0.6359 -0.3876
vn -0.7313 -0.5884 -0.3449
vn -0.9999 -0.0122 -0.0025
vn -0.9368 -0.1004 0.3351
vn -0.9357 -0.0722 0.3454
vn -0.9975 -0.0057 -0.0707
vn 0.0272 -0.1562 0.9874
vn 0.0022 -0.1550 0.9879
vn 0.9974 -0.0103 -0.0711
vn -0.8717 -0.4555 -0.1806
vn -0.9475 -0.3187 -0.0249
vn -0.6613 -0.7388 -0.1294
vn -0.0020 0.9977 -0.0676
vn -0.0067 0.9744 -0.2245
vn 0.9987 -0.0090 -0.0507
vn 0.9986 0.0209 -0.0493
vn 0.9966 -0.0545 -0.0623
vn 0.9986 0.0357 -0.0379
vn -0.0037 -0.1695 0.9855
vn 0.9988 0.0222 -0.0435
vn 0.9931 0.0329 -0.1128
vn -0.0816 0.1713 -0.9818
vn -0.4976 -0.2666 -0.8254
vn -0.0024 -0.9545 -0.2983
vn 0.0014 -0.8949 -0.4463
vn -0.0021 -0.8978 -0.4405
vn 0.0755 -0.1784 0.9811
vn -0.0025 -0.9972 -0.0743
vn -0.0005 -0.9538 -0.3004
vn -0.0192 -0.8288 -0.5593
vn -0.0922 -0.8136 -0.5741
vn -0.0172 -0.9158 -0.4012
vn -0.0167 -0.9897 -0.1424
vn -0.0463 -0.9982 -0.0377
vn -0.0180 -0.9994 -0.0292
vn -0.0067 -0.8793 -0.4763
vn -0.0059 -0.9452 -0.3264
vn -0.9929 0.0413 -0.1117
vn -0.9473 0.0633 -0.3140
vn -0.9930 0.0347 -0.1127
vn 0.1334 0.9896 0.0532
vn -0.0949 0.9886 0.1168
vn 0.0719 0.9973 -0.0122
vn 0.9946 0.0791 -0.0667
vn 0.9993 -0.0039 0.0364
vn 0.0496 0.9934 0.1029
vn 0.0932 0.9463 0.3094
vn 0.0163 0.9849 0.1726
vn -0.0187 0.9970 -0.0754
vn -0.0040 0.8518 -0.5239
vn -0.0106 0.9288 -0.3704
vn 0.1767 0.9504 0.2558
vn 0.0086 0.9748 -0.2229
vn 0.0200 0.9998 0.0022
vn 0.0010 0.9647 -0.2634
vn -0.0009 0.8155 -0.5788
vn -0.0017 0.9651 -0.2620
vn 0.8439 0.5277 0.0972
vn 0.9842 0.1770 0.0070
vn -0.4309 -0.1414 0.8913
vn -0.8134 -0.2355 0.5319
vn -0.5030 -0.3330 0.7975
vn 0.8532 0.0652 -0.5175
vn 0.9224 -0.0520 -0.3828
vn 0.8507 -0.0593 -0.5224
vn -0.4505 0.8491 0.2758
vn -0.4843 0.8567 0.1776
vn -0.4933 0.8242 0.2780
vn 0.0077 0.2140 -0.9768
vn -0.1710 0.0295 -0.9848
vn -0.1597 0.1978 -0.9672
vn -0.9921 -0.0915 0.0859
vn -0.9407 -0.1259 0.3152
vn 0.6051 0.7798 0.1603
vn -0.1475 0.8232 -0.5482
vn -0.1615 0.5278 -0.8339
vn -0.1676 0.2173 -0.9616
vn 0.8162 0.1975 -0.5429
vn 0.9046 0.1590 -0.3956
vn -0.9640 0.2563 -0.0713
vn -0.9659 0.2307 -0.1173
vn -0.7701 0.6379 0.0044
vn 0.9796 0.2000 -0.0178
vn 0.9757 0.2079 -0.0686
vn 0.9797 0.1998 -0.0154
vn 0.8017 0.1398 0.5812
vn 0.4800 0.0961 0.8720
vn 0.3173 0.1937 -0.9283
vn 0.1332 0.5184 -0.8447
vn -0.8018 -0.4216 -0.4235
vn 0.9899 -0.1418 0.0040
vn 0.9987 -0.0500 -0.0023
vn 0.8363 -0.0321 -0.5473
vn 0.9196 -0.0422 -0.3906
vn 0.7556 0.0762 -0.6506
vn 0.9497 0.0212 -0.3126
vn -0.9999 -0.0107 0.0093
vn -0.9921 0.1244 -0.0178
vn -0.8208 0.5694 -0.0450
vn -0.9767 0.2136 -0.0189
vn -0.9772 0.2115 -0.0201
vn -0.9996 0.0292 -0.0068
vn -1.0000 0.0028 -0.0052
vn -0.9198 -0.0404 -0.3902
vn -0.9830 -0.1433 -0.1149
vn -0.9914 0.0159 -0.1296
vn -0.9996 0.0274 -0.0072
vn -0.9765 0.2147 -0.0204
vn -0.9774 0.2097 -0.0261
vn -0.9620 0.2284 -0.1495
vn -0.8711 0.2974 -0.3908
vn 0.3932 0.2578 -0.8826
vn 0.7833 0.1760 -0.5962
vn 0.0659 0.9819 -0.1778
vn 0.1615 0.9842 -0.0724
vn -0.9082 -0.4075 0.0961
vn -0.8224 -0.5689 0.0074
vn -0.9094 0.0780 -0.4085
vn 0.9913 0.1315 -0.0057
vn 0.9880 0.1545 -0.0056
vn 0.7864 0.6163 -0.0413
vn 0.9451 0.3264 -0.0171
vn -0.9468 0.3213 -0.0195
vn 0.9473 0.3198 -0.0194
vn 0.9516 0.3030 -0.0522
vn -0.9576 0.2631 -0.1170
vn -0.5866 0.3441 0.7331
vn 0.9651 0.0749 -0.2510
vn 0.9588 0.0539 -0.2788
vn 0.9938 0.0581 -0.0945
vn 0.9595 0.2021 -0.1961
vn 0.9504 0.1463 -0.2746
vn 0.9333 0.3307 -0.1401
vn 0.7602 0.5717 -0.3086
vn 0.7803 0.6049 -0.1591
vn 0.9998 0.0065 -0.0195
vn 0.9914 0.1305 -0.0113
vn -0.0362 -0.9974 0.0625
vn 0.0639 -0.9960 0.0629
vn -0.0474 -0.9839 -0.1721
vn -0.3211 -0.4808 -0.8159
vn -0.1064 -0.3615 -0.9263
vn 0.0483 0.9983 0.0320
vn 0.8303 0.5471 -0.1068
vn 0.6762 0.6690 -0.3086
vn 0.1317 0.5386 0.8322
vn 0.1314 0.5375 0.8330
vn 0.2143 0.9751 0.0562
vn 0.4693 0.8000 -0.3738
vn 0.7958 0.5963 -0.1053
vn 0.4482 0.8804 -0.1549
vn 0.0051 -0.9580 0.2868
vn 0.0159 -0.9965 0.0824
vn -0.0737 -0.9921 -0.1012
vn -0.2394 -0.8802 -0.4097
vn -0.1084 -0.8839 -0.4550
vn -0.6283 0.6819 0.3746
vn -0.2941 -0.2785 -0.9143
vn -0.2413 -0.0479 -0.9693
vn 0.7778 -0.6238 -0.0761
vn 0.7902 -0.6052 -0.0962
vn 0.7775 -0.6242 -0.0761
vn -0.6634 -0.7260 0.1812
vn 0.7777 -0.6214 -0.0952
vn 0.7797 -0.6234 -0.0586
vn 0.7757 -0.6229 -0.1009
vn 0.6690 -0.6828 -0.2936
vn 0.6419 -0.6671 -0.3782
vn -0.0257 0.1057 -0.9941
vn 0.4400 -0.7705 -0.4612
vn -0.0524 0.4426 -0.8952
vn 0.0334 0.9993 0.0186
vn -0.1491 0.9602 -0.2363
vn 0.1977 0.9803 -0.0029
vn -0.9793 0.2020 -0.0110
vn 0.0537 0.8220 0.5669
vn 0.0544 0.8165 0.5748
vn -0.0356 0.9961 0.0809
vn 0.0967 0.9884 0.1168
vn 0.1656 0.9784 0.1237
vn -0.0203 0.3716 -0.9282
vn -0.0169 0.4563 -0.8896
vn -0.0201 0.4267 -0.9042
vn -0.8594 0.4456 -0.2509
vn -0.7881 0.4153 -0.4544
vn -0.7863 0.4145 -0.4583
vn -0.7671 0.6391 -0.0548
vn -0.7265 0.6397 -0.2509
vn 0.0374 0.9960 0.0809
vn 0.1856 0.9818 0.0415
vn 0.0328 0.9979 0.0550
vn 0.1833 0.7925 -0.5817
vn 0.2807 0.9251 -0.2557
vn 0.0561 0.1078 0.9926
vn 0.3455 0.4134 0.8424
vn 0.0925 0.2052 0.9743
vn 0.2676 0.7842 -0.5599
vn 0.1811 -0.8597 0.4776
vn 0.0776 -0.8683 0.4899
vn 0.2228 0.2881 -0.9313
vn 0.1730 0.0336 -0.9843
vn -0.7081 0.7060 -0.0115
vn -0.9987 0.0149 0.0487
vn -0.9654 -0.0205 0.2601
vn -0.9985 0.0129 0.0527
vn -0.2798 0.9574 0.0712
vn -0.5290 0.8456 0.0721
vn -0.6984 0.7124 0.0686
vn -0.7010 0.7105 0.0620
vn 0.1728 0.0509 -0.9836
vn 0.3505 0.4554 0.8184
vn 0.4128 0.3820 0.8268
vn 0.3549 0.4207 -0.8349
vn 0.3836 0.4304 -0.8171
vn 0.4038 -0.3606 0.8408
vn 0.8130 -0.2371 0.5319
vn -0.9931 -0.0139 -0.1164
vn -0.9819 0.1402 -0.1270
vn 0.0737 -0.4613 -0.8842
vn -0.0015 -0.1458 0.9893
vn -0.1372 0.1069 -0.9848
vn -0.1672 -0.2086 -0.9636
vn -0.1723 0.0310 -0.9846
vn 0.0429 0.0477 -0.9979
vn 0.0996 0.1362 -0.9857
vn -0.1684 0.9837 0.0629
vn 0.0367 0.9978 0.0557
vn 0.1233 -0.0309 -0.9919
vn 0.1137 -0.1446 -0.9829
vn 0.9986 0.0288 -0.0441
vn 0.9985 0.0330 -0.0441
vn -0.2133 -0.9753 -0.0572
vn 0.0321 -0.9978 -0.0581
vn 0.0340 -0.9972 -0.0660
vn -0.1914 -0.9706 -0.1462
vn 0.0452 -0.9885 -0.1446
vn -0.2736 -0.9538 -0.1243
vn -0.0446 -0.9961 -0.0761
vn -0.2751 -0.9591 -0.0662
vn 0.0012 0.5388 -0.8424
vn 0.0003 0.8219 -0.5696
vn 0.0028 0.8144 -0.5803
vn 0.0019 0.6125 -0.7905
vn -0.0004 0.2705 -0.9627
vn 0.0192 0.9987 0.0465
vn -0.0097 0.3106 -0.9505
vn 0.0008 0.9524 0.3050
vn 0.0057 0.9552 0.2958
vn -0.1633 0.9831 0.0823
vn -0.2443 0.9104 0.3339
vn -0.1624 0.9373 0.3083
vn -0.2133 -0.9757 -0.0511
vn 0.0098 0.9969 0.0775
vn 0.1262 -0.9901 0.0618
vn 0.4406 -0.8961 0.0539
vn -0.9933 0.0542 -0.1019
vn 0.6563 0.7518 -0.0635
vn 0.8128 0.5563 -0.1727
vn 0.6714 0.7118 -0.2062
vn -0.9028 0.0605 0.4258
vn -0.9354 0.0625 0.3479
vn 0.0008 -0.1547 0.9880
vn -0.0259 -0.1545 0.9876
vn -0.0001 -0.1545 0.9880
vn -0.0024 -0.1553 0.9879
vn 0.0050 0.1526 -0.9883
vn -0.0150 0.1487 -0.9888
vn -0.0131 0.1532 -0.9881
vn -0.0209 0.1520 -0.9882
vn -0.0153 0.1525 -0.9882
vn -0.0180 0.1522 -0.9882
vn -0.0640 0.9954 -0.0714
vn -0.1597 0.9845 -0.0724
vn -0.6478 0.7598 -0.0551
vn -0.0695 -0.1974 0.9778
vn -0.2579 -0.3172 0.9126
vn -0.2889 -0.2784 0.9160
vn 0.0010 0.1509 -0.9885
vn -0.1971 -0.3047 -0.9318
vn -0.1419 -0.0523 -0.9885
vn -0.1859 -0.2764 -0.9429
vn -0.1154 -0.0965 -0.9886
vn -0.0222 0.1309 -0.9912
vn 0.9974 -0.0162 -0.0704
vn 0.9975 -0.0127 -0.0693
vn 0.3824 0.1349 -0.9141
vn 0.0808 0.1527 -0.9850
vn -0.2937 0.5973 -0.7463
vn -0.2613 0.6253 -0.7353
vn -0.2417 0.5884 -0.7716
vn -0.1245 -0.1629 0.9788
vn -0.1121 -0.1521 0.9820
vn -0.1186 -0.1488 0.9817
vn -0.4224 -0.1310 0.8969
vn -0.8198 -0.0714 0.5682
vn -0.4234 -0.1280 0.8969
vn -0.8168 -0.0660 0.5732
vn 0.0014 -0.1541 0.9881
vn -0.1301 0.1543 -0.9794
vn -0.1314 0.1519 -0.9796
vn -0.4474 0.1438 -0.8827
vn -0.6307 0.1295 -0.7652
vn -0.4263 0.1455 -0.8928
vn 0.7779 -0.6282 -0.0157
vn 0.7796 -0.6259 -0.0184
vn -0.4146 0.1477 -0.8979
vn -0.4344 0.1500 -0.8882
vn -0.5914 0.1380 -0.7945
vn -0.5973 0.1412 -0.7895
vn -0.1286 0.1685 -0.9773
vn -0.1205 0.1548 -0.9806
vn -0.1155 0.1517 -0.9816
vn -0.4198 0.1517 -0.8948
vn -0.6578 0.1372 -0.7406
vn -0.6206 0.1388 -0.7718
vn -0.6628 0.1325 -0.7370
vn -0.4028 0.1490 -0.9031
vn -0.1185 0.1559 -0.9806
vn -0.4165 0.1538 -0.8960
vn -0.6436 0.1297 -0.7543
vn -0.4529 0.1564 -0.8777
vn -0.1416 -0.4082 0.9019
vn -0.0345 -0.1749 0.9840
vn -0.7945 -0.0780 0.6022
vn 0.8082 -0.4484 0.3818
vn -0.5159 0.3728 -0.7713
vn -0.1158 0.1865 -0.9756
vn -0.7425 -0.1805 0.6450
vn 0.4608 -0.0312 -0.8870
vn 0.6797 -0.2309 -0.6962
vn 0.4983 -0.2664 -0.8251
vn -0.3743 -0.3889 0.8418
vn -0.3080 -0.5291 0.7907
vn -0.5149 -0.3154 0.7971
vn -0.0288 -0.1665 0.9856
vn -0.1446 -0.3700 0.9177
vn -0.0658 -0.1695 0.9833
vn -0.2419 -0.1715 0.9550
vn -0.0547 -0.1645 0.9849
vn -0.4850 -0.5484 0.6812
vn -0.1373 -0.0010 0.9905
vn -0.3285 0.5080 0.7963
vn -0.0149 -0.1509 0.9884
vn -0.0392 -0.1433 0.9889
vn 0.9771 0.2122 -0.0181
vn -0.2752 -0.0556 0.9598
vn -0.4291 -0.0448 0.9022
vn -0.2631 -0.0916 0.9604
vn -0.0661 -0.2103 0.9754
vn -0.2667 0.0160 -0.9636
vn -0.2582 -0.2334 -0.9375
vn -0.1159 0.1410 -0.9832
vn -0.4131 0.1386 -0.9001
vn -0.6216 0.1212 -0.7739
vn -0.7919 0.0465 -0.6089
vn -0.7907 0.0423 -0.6107
vn -0.8187 0.0606 -0.5710
vn -0.5238 -0.0720 -0.8488
vn -0.5892 0.0607 -0.8057
vn -0.2654 -0.2921 -0.9188
vn -0.4052 0.1302 -0.9049
vn -0.6023 0.1357 -0.7866
vn -0.0053 -0.1558 0.9878
vn 0.1269 0.1245 -0.9841
vn 0.6233 -0.0029 -0.7819
vn -0.2664 0.6256 -0.7332
vn -0.0318 0.1725 -0.9845
vn -0.7283 0.5027 -0.4657
vn -0.0328 -0.1514 0.9879
vn -0.6931 0.2982 -0.6563
vn -0.2548 -0.9476 -0.1926
vn -0.0580 -0.9730 -0.2234
vn -0.2414 -0.9327 -0.2679
vn -0.0158 0.1527 -0.9881
vn -0.1235 0.1648 -0.9786
vn -0.3231 0.5728 -0.7533
vn -0.4189 0.4664 -0.7791
vn -0.5688 0.3938 -0.7221
vn -0.3197 -0.2395 0.9168
vn -0.9393 0.2196 -0.2635
vn -0.9508 0.1259 -0.2832
vn -0.6286 0.2314 -0.7425
vn -0.6460 0.1484 -0.7488
vn -0.4403 0.1613 -0.8833
vn -0.1890 0.1818 -0.9650
vn -0.6461 0.1266 -0.7527
vn 0.6566 0.7525 -0.0521
vn 0.8244 0.5643 -0.0444
vn 0.6593 0.7497 -0.0572
vn 0.8233 0.5660 -0.0414
vn -0.8256 -0.5627 0.0431
vn -0.6562 -0.7525 0.0563
vn -0.6406 -0.7661 0.0527
vn 0.3787 -0.1543 0.9126
vn 0.3673 -0.1520 0.9176
vn 0.0874 -0.1563 0.9838
vn 0.3717 -0.1500 0.9162
vn 0.7461 -0.1171 0.6554
vn 0.0816 -0.1547 0.9846
vn -0.3632 0.1500 -0.9195
vn -0.7459 0.1166 -0.6558
vn -0.3764 0.1465 -0.9148
vn -0.0830 0.1475 -0.9856
vn -0.0731 0.1507 -0.9859
vn -0.7386 0.1142 -0.6644
vn -0.3739 0.1444 -0.9162
vn -0.0792 0.1491 -0.9856
vn 0.3945 0.1283 -0.9099
vn 0.7623 0.0859 -0.6414
vn 0.7554 0.0821 -0.6501
vn 0.3783 0.1277 -0.9168
vn 0.0820 0.1465 -0.9858
vn 0.0815 0.1450 -0.9861
vn 0.2978 -0.0984 -0.9495
vn -0.9974 -0.0147 -0.0700
vn -0.7157 -0.0751 -0.6944
vn 0.5587 -0.4648 0.6869
vn 0.7282 0.6374 -0.2519
vn 0.7964 0.5014 -0.3381
vn -0.0706 0.5587 -0.8264
vn 0.0558 0.2188 -0.9742
vn -0.1742 0.5129 -0.8406
vn -0.1738 0.8003 -0.5739
vn -0.6022 -0.3886 -0.6974
vn 0.0893 0.2786 -0.9562
vn 0.3844 0.2574 -0.8865
vn -0.9986 0.0379 -0.0379
vn -0.9985 0.0404 -0.0366
vn 0.1819 -0.6247 0.7594
vn 0.0824 -0.6362 0.7671
vn 0.7468 -0.0398 0.6639
vn 0.3299 -0.0015 0.9440
vn -0.0789 0.1858 -0.9794
vn -0.0812 0.1773 -0.9808
vn -0.0688 0.2256 -0.9718
vn -0.0449 -0.9523 0.3017
vn 0.0777 -0.1546 0.9849
vn 0.3838 -0.1755 0.9066
vn -0.9418 -0.1455 0.3032
vn 0.5536 -0.7566 0.3479
vn 0.6679 -0.6547 0.3538
vn -0.8196 0.4477 0.3576
vn 0.0009 0.9281 0.3725
vn 0.0009 0.9281 0.3724
vn -0.0802 -0.1622 0.9835
vn -0.2119 -0.1426 0.9668
vn -0.5178 -0.1114 0.8482
vn -0.3444 -0.1281 0.9300
vn -0.3353 -0.1361 0.9322
vn -0.1120 -0.1524 0.9819
vn -0.3386 -0.1581 0.9276
vn 0.0777 0.1793 -0.9807
vn 0.9933 0.0745 -0.0879
vn 0.9453 0.1027 -0.3097
vn -0.7855 -0.4035 0.4692
vn -0.4341 -0.5837 0.6862
vn -0.1261 0.9899 -0.0655
vn -0.4445 0.8937 -0.0607
vn 0.0594 0.1394 -0.9884
vn 0.3198 0.0189 -0.9473
vn -0.8090 -0.4469 0.3818
vn -0.3774 -0.2436 0.8934
vn 0.7478 0.1517 -0.6464
vn 0.7354 0.1070 -0.6692
vn -0.7787 -0.6228 -0.0758
vn -0.7764 -0.6280 -0.0524
vn -0.7760 -0.6287 -0.0508
vn 0.1341 -0.0651 -0.9888
vn 0.3185 0.2669 -0.9096
vn 0.7373 0.1878 -0.6490
vn -0.0034 0.2958 -0.9552
vn -0.7617 -0.2691 0.5894
vn 0.0757 0.1587 -0.9844
vn 0.4228 0.4084 -0.8090
vn 0.3770 0.1660 -0.9112
vn -0.3926 0.2585 -0.8826
vn 0.3607 0.1296 -0.9237
vn -0.9966 0.0818 -0.0013
vn -1.0000 -0.0040 -0.0001
vn -1.0000 -0.0060 0.0051
vn 0.8307 0.0775 -0.5513
vn -0.4221 0.4092 -0.8090
vn -0.0845 0.6995 -0.7096
vn -0.4568 0.6219 -0.6361
vn -0.8129 0.2647 -0.5187
vn -0.0833 0.4528 -0.8877
vn -0.0935 0.0269 -0.9953
vn 0.7531 0.1871 -0.6307
vn 0.1237 0.6941 -0.7092
vn 0.1035 0.4487 -0.8877
vn 0.6775 -0.7237 -0.1315
vn 0.8711 -0.4619 0.1668
vn 0.3721 -0.1552 0.9151
vn 0.7502 -0.1225 0.6498
vn 0.3690 -0.1512 0.9170
vn 0.7419 -0.1224 0.6592
vn -0.0807 0.1523 -0.9850
vn 0.7319 0.5446 -0.4095
vn 0.7884 0.5177 -0.3324
vn -0.0847 0.1610 -0.9833
vn 0.0054 0.2823 -0.9593
vn 0.0117 0.4545 -0.8907
vn -0.3569 0.1396 -0.9237
vn -0.7387 0.1200 -0.6633
vn -0.3666 0.1496 -0.9183
vn -0.0785 0.1796 -0.9806
vn -0.7514 0.1222 -0.6484
vn 0.0018 -0.4988 -0.8667
vn -0.0001 -0.5652 -0.8250
vn 0.0027 -0.4985 -0.8669
vn 0.0018 -0.0188 -0.9998
vn 0.0178 -0.1258 -0.9919
vn 0.0086 -0.4101 -0.9120
vn 0.0649 -0.3298 -0.9418
vn 0.0122 0.1188 -0.9928
vn 0.0063 -0.2095 -0.9778
vn -0.0003 -0.2065 0.9784
vn -0.0579 -0.4783 0.8763
vn -0.1819 -0.7568 0.6278
vn -0.0911 -0.4667 0.8797
vn 0.9800 0.1988 -0.0101
vn 0.9798 0.1997 -0.0110
vn 0.9800 0.1987 -0.0100
vn 0.8568 0.5123 0.0583
vn 0.8492 0.5110 0.1331
vn 0.8489 0.5110 0.1350
vn 0.0021 -0.2680 0.9634
vn 0.0014 -0.8118 0.5839
vn -0.0011 0.5676 0.8233
vn -0.0016 0.7637 0.6456
vn -0.2773 0.9596 0.0479
vn -0.5247 0.8512 0.0148
vn -0.0002 0.0283 0.9996
vn -0.0001 0.0226 0.9997
vn 0.1643 0.9370 0.3084
vn 0.2220 0.8495 0.4786
vn 0.0146 -0.9555 0.2948
vn -0.0459 -0.9580 -0.2831
vn -0.0661 0.9818 -0.1778
vn -0.1629 0.9692 -0.1849
vn 0.0193 0.5343 -0.8451
vn 0.1517 0.8228 -0.5477
vn 0.1658 0.5276 -0.8332
vn -0.6748 0.6703 -0.3087
vn -0.1781 0.8863 -0.4276
vn 0.8239 0.5644 -0.0507
vn 0.1614 0.9839 -0.0773
vn 0.0645 0.9954 -0.0711
vn 0.1599 0.9847 -0.0699
vn -0.0718 0.9683 -0.2392
vn -0.2224 0.8238 -0.5214
vn -0.1693 0.9601 -0.2225
vn -0.2800 -0.9579 -0.0629
vn -0.0359 -0.9972 -0.0660
vn -0.2758 -0.9583 -0.0745
vn -0.0640 0.9949 -0.0779
vn -0.7884 0.6138 -0.0396
vn 0.0255 0.1140 -0.9932
vn 0.0103 0.3061 -0.9520
vn -0.0526 0.9954 0.0800
vn 0.4469 0.8699 -0.2086
vn 0.4880 0.7396 -0.4636
vn 0.5473 0.8319 0.0915
vn 0.2816 0.9569 0.0712
vn 0.2877 0.9508 0.1147
vn 0.9624 -0.0112 0.2712
vn 0.8155 0.5253 -0.2430
vn -0.0324 -0.8943 -0.4464
vn -0.1375 -0.9856 -0.0985
vn -0.1615 -0.8812 -0.4443
vn -0.5294 0.8466 0.0556
vn 0.1339 0.8955 -0.4245
vn 0.1315 0.9755 -0.1765
vn -0.6591 -0.7483 0.0749
vn -0.1680 0.9834 0.0687
vn 0.8183 -0.5606 0.1269
vn 0.6622 -0.7271 0.1812
vn -0.9748 0.2088 -0.0788
vn -0.9789 0.1481 -0.1409
vn 0.6820 -0.6284 0.3741
vn 0.2106 -0.9765 -0.0467
vn 0.2113 -0.9761 -0.0511
vn -0.1613 -0.9849 0.0630
vn -0.0676 -0.9952 0.0702
vn -0.1617 -0.9844 0.0688
vn -0.6843 -0.7218 -0.1038
vn 0.2377 -0.8807 -0.4097
vn 0.1729 -0.9815 -0.0818
vn 0.8476 -0.5297 -0.0321
vn 0.8385 -0.5357 0.1000
vn 0.7864 -0.6168 0.0334
vn 0.4462 -0.8929 0.0602
vn 0.1300 -0.9892 0.0682
vn 0.7723 -0.5931 -0.2276
vn 0.1670 0.9846 0.0522
vn -0.0408 0.9987 0.0307
vn -0.0949 0.2441 -0.9651
vn -0.0098 0.0844 -0.9964
vn 0.1565 0.1977 -0.9677
vn -0.4494 -0.7822 0.4315
vn -0.2252 -0.3567 0.9067
vn -0.4028 -0.6226 0.6710
vn 0.5285 0.8474 0.0519
vn 0.6959 0.7165 0.0481
vn 0.0178 -0.2164 -0.9761
vn 0.1708 -0.1093 -0.9792
vn 0.1102 -0.1853 -0.9765
vn -0.6593 0.7182 -0.2223
vn -0.5892 0.6732 -0.4468
vn -0.4437 0.5336 -0.7200
vn -0.1512 0.2717 -0.9504
vn 0.2778 0.3140 -0.9079
vn 0.6622 0.3404 -0.6676
vn 0.5897 0.4426 -0.6755
vn 0.0101 0.9984 -0.0553
vn 0.0039 0.9658 -0.2592
vn 0.0037 0.9979 -0.0651
vn 0.0673 0.2142 -0.9745
vn -0.3482 0.2232 -0.9105
vn 0.0223 0.9967 0.0786
vn -0.5551 -0.7557 0.3474
vn -0.9368 0.0667 -0.3435
vn -0.7528 0.1885 -0.6307
vn -0.9640 0.0777 -0.2544
vn -0.9777 -0.2090 0.0187
vn -0.8204 -0.5702 0.0431
vn 0.8749 -0.3157 -0.3672
vn 0.0673 0.1469 -0.9869
vn -0.0736 0.1995 -0.9771
vn 0.9905 0.0646 0.1211
vn 0.9933 0.0647 0.0958
vn 0.9063 0.2278 0.3559
vn 0.8438 0.3852 0.3737
vn 0.7491 0.5424 0.3803
vn 0.9519 0.2875 0.1058
vn -0.9820 0.1604 0.0995
vn -0.9976 -0.0111 -0.0689
vn -0.0133 0.5562 0.8310
vn -0.0057 0.5625 0.8268
vn -0.0145 0.5559 0.8311
vn -0.3477 -0.1921 -0.9177
vn 0.6479 0.7545 0.1048
vn 0.6295 0.6807 0.3746
vn 0.8743 0.3553 -0.3308
vn -0.9413 -0.0589 0.3324
vn -0.8190 -0.1058 0.5640
vn -0.9985 -0.0139 0.0537
vn 0.1802 -0.9094 -0.3749
vn 0.2724 -0.9605 -0.0573
vn 0.2488 -0.8945 -0.3714
vn -0.8998 -0.2828 0.3323
vn -0.9294 -0.1848 0.3196
vn -0.9620 -0.2585 0.0879
vn -0.9845 -0.1536 0.0846
vn -0.0324 0.0493 -0.9983
vn -0.9964 0.0848 -0.0008
vn 0.7502 0.1300 -0.6483
vn 0.9987 0.0249 -0.0441
vn -0.4057 -0.8998 0.1607
vn -0.5434 -0.7604 0.3558
vn -0.3758 -0.8590 0.3477
vn -0.4216 -0.8891 -0.1780
vn -0.4697 -0.8717 0.1394
vn 0.9886 -0.1504 0.0057
vn 0.9902 -0.1395 0.0049
vn 0.9483 -0.3169 0.0175
vn 0.1306 0.9890 -0.0702
vn 0.1805 -0.7572 0.6278
vn -0.0805 0.2815 -0.9562
vn -0.9986 0.0187 0.0496
vn 0.2134 -0.9747 -0.0665
vn 0.2091 -0.9768 -0.0462
vn 0.0502 0.9986 0.0155
vn 0.5851 0.6079 0.5368
vn 0.5123 0.7779 0.3639
vn 0.4786 0.7058 0.5223
vn -0.9440 0.0204 0.3293
vn -0.8823 -0.0202 0.4702
vn -0.9439 0.0104 0.3300
vn -0.9942 0.0574 0.0913
vn -0.9421 0.0421 0.3326
vn 0.9355 0.1081 0.3364
vn 0.7138 0.1038 0.6926
vn -0.9982 0.0368 -0.0463
vn -0.9917 0.0335 -0.1243
vn -0.9985 0.0225 -0.0496
vn 0.9372 -0.0683 0.3421
vn -0.0448 -0.1173 0.9921
vn -0.9482 -0.2125 0.2362
vn -0.4429 -0.8932 0.0774
vn -0.9399 0.0762 -0.3329
vn -0.4489 0.8448 0.2914
vn 0.9407 -0.0785 0.3301
vn 0.9936 -0.0376 0.1067
vn 0.8909 -0.4231 -0.1653
vn -0.8777 0.4791 0.0078
vn 0.9575 -0.1699 0.2333
vn -0.9680 -0.2290 -0.1029
vn 0.8086 -0.0578 0.5855
vn 0.9662 -0.2562 -0.0303
vn -0.9656 -0.0043 0.2599
vn -0.7914 -0.6037 -0.0962
vn -0.7792 -0.6222 -0.0758
vn 0.1861 0.9812 0.0515
vn 0.5504 0.4779 -0.6846
vn 0.1871 0.9821 0.0195
vn 0.0368 0.9982 0.0472
vn 0.1838 0.9820 0.0424
vn -0.9869 0.1608 -0.0133
vn 0.9997 -0.0225 -0.0051
vn 0.6016 -0.7564 -0.2566
vn -0.5769 -0.7716 -0.2680
vn -0.9968 -0.0715 0.0359
vn -0.9987 -0.0070 -0.0508
vn 0.9850 -0.1464 -0.0909
vn -0.9465 -0.1337 0.2938
vn -0.8289 -0.2074 0.5195
vn -0.8536 -0.3386 0.3959
vn -0.7412 -0.4787 0.4706
vn -0.5187 -0.8167 0.2528
vn 0.9932 0.0396 -0.1094
vn 0.9417 0.0982 -0.3217
vn 0.8472 0.3797 -0.3717
vn 0.9788 0.2038 -0.0181
vn 0.9739 0.2159 -0.0702
vn 0.9791 0.2028 -0.0178
vn -0.9772 0.1972 -0.0790
vn -0.6992 0.7128 0.0559
vn -0.9952 -0.0097 -0.0974
vn -0.9362 0.1270 0.3278
vn -0.8393 -0.0034 0.5437
vn -0.8318 0.1396 0.5372
vn 0.8474 0.5244 0.0830
vn 0.9890 -0.1455 -0.0269
vn -0.2811 0.9575 0.0645
vn -0.2420 -0.9188 0.3118
vn -0.1153 -0.7723 0.6247
vn -0.1532 -0.9386 0.3092
vn -0.2656 -0.9600 0.0881
vn -0.1675 -0.9820 0.0872
vn -0.0164 -0.9554 0.2947
vn -0.0178 -0.9964 0.0824
vn -0.9793 0.2017 -0.0182
vn -0.9698 0.2435 -0.0154
vn 0.3095 -0.5757 -0.7569
vn -0.1837 0.9821 0.0415
vn -0.0309 0.9980 0.0550
vn -0.8762 -0.3150 -0.3647
vn -0.0595 -0.9959 0.0674
vn -0.8539 0.0668 -0.5162
vn -0.9772 -0.2110 0.0218
vn 0.9754 -0.2145 0.0515
vn -1.0000 -0.0058 0.0049
vn -0.9771 -0.2119 0.0195
vn 0.0302 0.8332 -0.5522
vn 0.1343 0.9629 -0.2342
vn -0.5884 -0.3976 -0.7040
vn -0.2312 -0.3133 -0.9211
vn -0.9932 0.0759 -0.0883
vn 0.9899 -0.1402 0.0217
vn 0.0007 0.7254 0.6883
vn 0.7882 -0.6142 0.0390
vn 0.9188 -0.3937 -0.0297
vn -0.9648 -0.0194 0.2624
vn 0.8407 -0.1769 -0.5117
vn -0.9625 -0.0094 0.2713
vn 0.0009 0.9263 -0.3767
vn 0.0009 0.9264 -0.3766
vn -0.1684 -0.9832 -0.0709
vn -0.2741 -0.9600 -0.0569
vn 0.6586 0.7515 0.0392
vn 0.9997 0.0247 -0.0067
vn 0.9988 -0.0498 -0.0014
vn 0.9997 0.0237 -0.0067
vn -0.0213 -0.5911 -0.8064
vn -0.8657 0.4933 -0.0849
vn -0.0023 -0.1604 0.9870
vn -0.0019 -0.1540 0.9881
vn 0.0838 0.6994 -0.7098
vn -0.1354 0.5184 -0.8443
vn 0.9990 0.0016 0.0449
vn 0.9986 0.0001 0.0523
vn -0.9504 0.3110 0.0102
vn -0.9967 -0.0524 -0.0623
vn -0.9408 0.0796 -0.3296
vn -0.8440 0.3736 -0.3849
vn 0.9807 0.1314 -0.1447
vn -0.6681 0.3775 -0.6412
vn 0.9962 0.0041 -0.0868
vn -0.9885 0.1514 -0.0058
vn -0.9476 0.3189 -0.0177
vn -0.9447 0.3273 -0.0200
vn -0.0354 0.1860 -0.9819
vn -0.0348 0.1719 -0.9845
vn -0.1140 -0.1444 -0.9829
vn 0.9527 0.0275 -0.3026
vn -0.0554 -0.1263 0.9904
vn -0.2084 0.1625 0.9645
vn -0.2506 0.1159 0.9611
vn -0.6258 0.7795 -0.0271
vn -0.5889 0.7943 0.1491
vn -0.3664 0.1651 -0.9157
vn -0.3918 0.9042 0.1699
vn -0.5533 0.8316 0.0481
vn -0.3950 0.9079 0.1405
vn -0.9928 0.0279 -0.1161
vn 0.4460 0.8930 -0.0607
vn 0.9959 -0.0051 -0.0907
vn 0.9968 -0.0267 -0.0748
vn 0.9530 0.0141 -0.3027
vn 0.9628 -0.2398 -0.1243
vn 0.9548 0.0255 -0.2962
vn 0.7281 0.6824 0.0657
vn 0.5306 0.8446 0.0721
vn 0.7819 -0.6231 -0.0168
vn -0.9871 0.1595 -0.0126
vn 0.8202 -0.5571 -0.1300
vn 0.7931 -0.5693 -0.2166
vn 0.8021 -0.5855 -0.1175
vn -0.9472 0.0664 -0.3136
vn -0.9929 0.0373 -0.1128
vn -0.6293 -0.7755 -0.0517
vn 0.2801 0.9583 0.0561
vn 0.2783 0.9590 0.0535
vn -0.9987 0.0362 -0.0367
vn 0.0155 0.5561 0.8310
vn 0.0333 0.5236 0.8513
vn 0.0386 0.5474 0.8360
vn -0.0902 -0.1313 0.9872
vn 0.0810 -0.3975 0.9140
vn -0.9987 0.0316 -0.0403
vn -0.9988 0.0240 -0.0434
vn 0.6557 -0.7535 0.0490
vn -0.1819 -0.9090 -0.3749
vn 0.7549 -0.1417 0.6404
vn 0.0176 -0.8288 -0.5593
vn 0.0051 -0.8793 -0.4763
vn 0.0870 -0.8875 -0.4525
vn -0.1752 0.9492 0.2615
vn -0.4518 0.8740 0.1788
vn 0.1698 0.9831 0.0687
vn -0.0915 0.9466 0.3091
vn -0.0145 0.9849 0.1727
vn 0.3917 0.9104 0.1333
vn 0.5516 0.8330 0.0427
vn 0.3273 0.2200 -0.9189
vn 0.3340 0.0578 -0.9408
vn 0.9914 0.0139 -0.1300
vn 0.7823 -0.6139 -0.1054
vn 0.0823 0.4527 -0.8879
vn -0.8305 0.0791 -0.5514
vn -0.3311 0.0208 -0.9434
vn -0.3170 0.1943 -0.9283
vn 0.1304 0.9885 -0.0764
vn -0.7309 0.5460 -0.4095
vn -0.7991 0.2897 -0.5268
vn -0.1016 0.8233 -0.5584
vn -0.2829 0.5250 -0.8027
vn 0.0322 -0.9981 -0.0521
vn -0.2122 -0.9761 -0.0466
vn -0.2103 -0.9765 -0.0471
vn 0.8213 -0.5703 -0.0143
vn -0.1887 -0.3925 0.9002
vn 1.0000 0.0007 -0.0046
vn 0.9778 0.2084 -0.0199
vn -0.0000 -0.0000 1.0000
vn -0.0754 0.0049 0.9971
vn -0.0002 -0.0000 1.0000
vn -0.7355 0.1083 -0.6688
vn 0.9769 0.2128 -0.0204
vn -0.9445 0.3281 -0.0171
vn -0.9877 0.1565 -0.0056
vn 0.7440 -0.1492 0.6514
vn -0.9910 0.1335 -0.0057
vn -0.9911 0.1326 -0.0114
vn -0.9327 0.3324 -0.1401
vn 0.1057 -0.3617 -0.9263
vn -0.1307 0.5389 0.8322
vn -0.3369 0.6560 0.6754
vn -0.1305 0.5378 0.8329
vn 0.7759 -0.6288 -0.0510
vn 0.7693 -0.6366 -0.0535
vn 0.7792 -0.6249 -0.0489
vn -0.0108 0.0250 0.9996
vn 0.7729 -0.6326 -0.0498
vn 0.2936 -0.2791 -0.9143
vn 0.2456 -0.0478 -0.9682
vn -0.0462 0.9984 0.0332
vn -0.0479 0.9987 0.0168
vn 0.3139 0.3371 0.8876
vn 0.2089 0.1626 0.9643
vn 0.1475 -0.5738 -0.8056
vn 0.3409 -0.1693 -0.9247
vn 0.0537 -0.0910 -0.9944
vn 0.1705 -0.1753 -0.9696
vn 0.0533 0.4425 -0.8952
vn 0.1853 0.9816 0.0468
vn -0.1849 0.9814 0.0523
vn -0.0341 0.9977 0.0578
vn -0.1957 0.9807 -0.0029
vn -0.0521 0.8223 0.5667
vn -0.0173 0.9988 0.0467
vn 0.0211 0.3624 -0.9318
vn 0.0177 0.4564 -0.8896
vn -0.1315 0.9899 0.0532
vn -0.0700 0.9975 -0.0122
vn 0.1427 0.9884 -0.0514
vn -0.1818 0.7928 -0.5818
vn -0.2790 0.9256 -0.2557
vn -0.3447 0.4140 0.8425
vn -0.0559 0.1079 0.9926
vn -0.0921 0.2054 0.9743
vn -0.2661 0.7846 -0.5600
vn -0.2222 0.2885 -0.9313
vn 0.5263 0.8502 0.0148
vn 0.2791 0.9591 0.0478
vn -0.3270 0.2206 -0.9189
vn 0.1716 0.2172 -0.9609
vn -0.3495 0.4560 0.8185
vn 0.3190 0.9340 0.1608
vn 0.6297 0.7694 0.1071
vn -0.3512 0.4185 -0.8376
vn -0.3829 0.4311 -0.8170
vn -0.4611 0.5284 -0.7129
vn 0.7902 0.6100 0.0596
vn 0.4045 -0.9029 0.1457
vn 0.6576 -0.7421 -0.1301
vn -0.0746 -0.4612 -0.8842
vn -0.0670 -0.2276 -0.9715
vn 0.2295 -0.9698 -0.0829
vn -0.0267 -0.9976 -0.0634
vn -0.0647 0.9957 -0.0670
vn 0.0363 0.9968 -0.0715
vn 0.1896 -0.9709 -0.1462
vn -0.0470 -0.9884 -0.1446
vn 0.2718 -0.9543 -0.1245
vn -0.0010 0.5532 -0.8331
vn -0.0000 0.2902 -0.9570
vn 0.1666 -0.9835 -0.0710
vn 0.2640 -0.9605 0.0882
vn 0.0004 0.6190 -0.7854
vn 0.0028 0.2901 -0.9570
vn 0.0022 0.1796 -0.9837
vn 0.0009 0.9972 0.0752
vn 0.0214 0.9012 0.4328
vn -0.9903 -0.1387 0.0046
vn -0.0009 -0.9936 0.1127
vn -0.0009 -0.9941 0.1089
vn -0.0009 -0.9940 0.1089
vn 0.0551 -0.0499 -0.9972
vn 0.0369 -0.0440 -0.9983
vn 0.0002 -0.0000 -1.0000
vn 0.1273 0.0081 -0.9918
vn 0.0605 0.0661 0.9960
vn 0.0651 0.0622 0.9959
vn 0.1272 0.0081 0.9918
vn 0.1004 0.0064 0.9949
vn 0.0001 0.1179 0.9930
vn 0.0001 0.1179 -0.9930
vn -0.0649 0.0623 -0.9959
vn -0.0605 0.0661 -0.9960
vn -0.0001 -0.1178 0.9930
vn -0.0488 -0.0577 0.9971
vn -0.0553 -0.0496 0.9972
vn 0.3623 0.0230 -0.9318
vn 0.4431 0.0283 -0.8960
vn -0.6716 0.0445 -0.7396
vn -0.7547 0.0497 -0.6542
vn -0.7548 0.0497 -0.6540
vn -0.9904 0.0658 -0.1212
vn -0.9932 0.0660 -0.0957
vn 0.4432 0.0284 0.8960
vn 0.3626 0.0234 0.9317
vn 0.7547 0.0483 -0.6543
vn 0.6717 0.0432 -0.7396
vn 0.7549 0.0483 -0.6541
vn -0.9027 0.0599 -0.4260
vn -0.9356 0.0619 -0.3477
vn -0.9356 0.0619 -0.3476
vn -0.9904 0.0665 0.1211
vn -0.9932 0.0666 0.0958
vn 0.0009 0.9281 -0.3724
vn 0.0009 0.9280 -0.3725
vn 0.0004 0.4161 0.9093
vn 0.0007 0.7299 0.6835
vn 0.0007 0.7299 0.6836
vn 0.9916 -0.0939 0.0886
vn 0.0009 0.9946 0.1035
vn -0.0004 -0.4161 0.9093
vn 0.9979 0.0645 -0.0069
vn 0.9979 0.0650 -0.0004
vn 0.9979 0.0651 -0.0000
vn -0.0362 -0.9955 0.0871
vn -0.1316 -0.9875 0.0869
vn -0.0001 -0.1179 -0.9930
vn -0.1272 0.0083 -0.9918
vn -0.1003 0.0065 -0.9949
vn -0.1003 0.0066 0.9949
vn -0.1273 0.0083 0.9918
vn -0.0004 -0.4161 -0.9093
vn -0.0007 -0.7299 -0.6835
vn -0.0009 -0.9946 0.1035
vn -0.0009 -0.9942 0.1075
vn -0.4431 0.0292 -0.8960
vn -0.3623 0.0237 -0.9318
vn 0.0004 0.4161 -0.9093
vn 0.9357 0.0601 -0.3478
vn 0.9028 0.0582 -0.4260
vn 0.9357 0.0602 -0.3476
vn -0.3625 0.0241 0.9317
vn -0.4431 0.0292 0.8960
vn 0.6719 0.0436 0.7394
vn 0.7545 0.0487 0.6545
vn 0.7547 0.0487 0.6543
vn 0.9029 0.0588 0.4257
vn 0.9355 0.0607 0.3479
vn 0.9356 0.0607 0.3478
vn 0.9933 0.0641 -0.0957
vn 0.9906 0.0639 -0.1211
vn -0.0007 -0.7300 0.6835
vn -0.0007 -0.7299 0.6835
vn -0.0009 -0.9280 -0.3725
vn -0.0009 -0.9281 -0.3724
vn -0.0009 -0.9945 0.1048
vn -0.0009 -0.9945 0.1049
vn -0.6718 0.0449 0.7394
vn -0.7544 0.0502 0.6545
vn -0.6717 0.0449 0.7394
vn 0.0009 1.0000 -0.0000
vn -0.0009 -0.9938 0.1112
vn -0.0604 -0.0428 -0.9973
vn -0.0001 -0.1163 -0.9932
vn 0.1835 0.1101 -0.9768
vn 0.0793 0.0447 -0.9958
vn 0.0713 0.0520 0.9961
vn 0.2062 0.1389 0.9686
vn -0.0435 0.0772 0.9961
vn -0.0201 0.0575 0.9981
vn 0.0001 0.1163 0.9932
vn 0.0001 0.1163 -0.9932
vn -0.0352 0.0847 -0.9958
vn -0.0475 0.0736 -0.9962
vn -0.0001 -0.1163 0.9932
vn -0.1117 0.0206 0.9935
vn -0.0636 -0.0389 0.9972
vn -0.0004 -0.4116 -0.9114
vn -0.0004 -0.4116 -0.9113
vn -0.0007 -0.7255 -0.6883
vn -0.0009 -0.9280 0.3725
vn -0.0009 -0.9946 -0.1035
vn 0.5384 0.3039 -0.7860
vn 0.2941 0.1589 -0.9425
vn 0.7642 0.4128 -0.4955
vn 0.5660 0.2970 -0.7690
vn -0.8868 0.4572 -0.0678
vn -0.8802 0.4562 -0.1307
vn -0.8800 0.4562 -0.1322
vn 0.2702 0.1820 0.9455
vn 0.5688 0.3626 0.7382
vn 0.5305 0.3381 0.7773
vn 0.7643 0.4697 0.4418
vn -0.9370 0.0622 -0.3437
vn -0.8559 0.5139 0.0582
vn -0.8482 0.5126 0.1331
vn -0.8560 0.5139 0.0565
vn -0.1755 0.2686 -0.9471
vn 0.0004 0.4117 -0.9113
vn -0.1347 0.3037 -0.9432
vn 0.0007 0.7255 -0.6882
vn 0.0007 0.7254 -0.6883
vn 0.0009 0.9945 -0.1049
vn 0.0009 0.9945 -0.1048
vn -0.6431 -0.6659 -0.3782
vn -0.4415 -0.7697 -0.4612
vn -0.4280 -0.7810 -0.4548
vn 0.0009 0.9264 0.3766
vn 0.0009 0.9264 0.3767
vn 0.2815 0.9576 0.0605
vn 0.5305 0.8458 0.0562
vn -0.0004 -0.4116 0.9113
vn -0.0004 -0.4116 0.9114
vn -0.0007 -0.7254 0.6883
vn -0.0009 -0.9263 -0.3767
vn 0.4878 0.8547 0.1775
vn 0.8731 0.4870 -0.0240
vn 0.8763 0.4809 -0.0296
vn 0.8583 0.5131 -0.0000
vn -0.0792 0.0449 -0.9959
vn -0.2059 0.1393 0.9686
vn -0.0041 0.0030 1.0000
vn -0.2938 0.1594 -0.9425
vn -0.5379 0.3049 -0.7860
vn -0.5655 0.2981 -0.7690
vn -0.7634 0.4143 -0.4956
vn 0.7889 0.4138 -0.4543
vn 0.8602 0.4440 -0.2508
vn 0.7871 0.4130 -0.4582
vn -0.7807 -0.6222 -0.0578
vn -0.7794 -0.6243 -0.0528
vn -0.7794 -0.6243 -0.0526
vn -0.5681 0.3636 0.7382
vn -0.2699 0.1825 0.9455
vn -0.7635 0.4712 0.4417
vn -0.5298 0.3391 0.7773
vn 0.8365 0.5037 0.2158
vn 0.7560 0.4644 0.4612
vn 0.7537 0.4632 0.4663
vn -0.1635 -0.9829 0.0842
vn 0.5225 0.8467 0.1003
vn 0.9991 0.0247 -0.0355
vn 0.3764 -0.8654 0.3308
vn 0.5284 -0.8089 0.2579
vn 0.0793 0.2814 -0.9563
vn 0.9987 0.0297 -0.0404
vn -0.7382 0.1241 -0.6630
vn 0.9942 -0.0428 0.0990
vn -0.2204 0.8499 0.4787
vn 0.7518 0.1169 -0.6489
vn 0.6211 0.1376 -0.7716
vn 0.5190 0.1611 0.8394
vn 0.3324 0.6146 -0.7154
vn -0.0021 0.9971 0.0758
vn 0.1588 -0.9850 0.0679
vn -0.1370 0.1436 -0.9801
vn -0.6679 -0.4697 0.5773
vn -0.8001 -0.5678 -0.1932
vn -0.7996 -0.5855 -0.1334
vn -0.8047 -0.5849 -0.1019
vn -0.1288 0.9892 -0.0694
vn 0.7991 -0.5979 -0.0630
vn 0.0010 0.9975 -0.0705
vn -0.0349 -0.9757 0.2161
vn 0.0966 -0.4026 0.9103
vn -0.0828 0.1522 -0.9849
vn -0.0075 -0.9968 0.0797
vn 0.1683 0.9842 0.0549
vn 0.8028 -0.5859 -0.1103
vn 0.8192 -0.5694 -0.0680
vn -0.0053 -0.2106 0.9776
vn -0.0186 -0.2684 0.9631
vn 0.6670 -0.4711 0.5773
vn 0.9986 0.0385 -0.0366
vn 0.0007 0.7299 -0.6836
vn 0.0007 0.7299 -0.6835
vn 0.0001 0.2096 -0.9778
vn -0.1853 0.9825 0.0195
vn -0.0475 -0.0041 -0.9989
vn -0.0781 0.0113 -0.9969
vn -0.0387 -0.0085 -0.9992
vn -0.9988 -0.0498 -0.0027
vn 0.2115 -0.9757 -0.0572
vn -0.0340 -0.9977 -0.0581
vn 0.2121 -0.9760 -0.0498
vn 0.1867 0.9810 0.0523
vn 0.0359 0.9977 0.0578
vn -0.6549 0.7530 -0.0635
vn 0.0352 0.9829 -0.1806
vn -0.0492 0.1826 -0.9820
vn 0.7005 0.7115 0.0558
vn 0.6991 0.7131 0.0526
vn -0.1106 -0.1851 -0.9765
vn 0.4111 0.3787 0.8292
vn 0.0451 -0.1168 0.9921
vn 0.8213 -0.5705 -0.0080
vn -0.9988 0.0320 -0.0368
vn 0.9072 -0.4093 0.0976
vn 0.8225 -0.5683 0.0227
vn 0.8506 0.4952 0.1766
vn 0.9980 0.0632 -0.0077
vn -0.0637 -0.9960 0.0630
vn -0.1748 -0.9812 -0.0818
vn 0.8698 -0.4591 -0.1809
vn 0.7414 -0.4796 0.4694
vn -0.0102 -0.3999 0.9165
vn -0.2792 -0.9583 -0.0609
vn 0.9986 0.0458 -0.0274
vn 0.8275 -0.3050 -0.4715
vn -0.9983 0.0164 -0.0557
vn 0.9968 0.0800 -0.0012
vn 0.6273 0.7783 -0.0270
vn -0.6260 0.1329 -0.7684
vn 0.0546 0.9953 0.0800
vn -0.0053 0.5626 0.8267
vn -0.0205 -0.7829 -0.6218
vn -0.2385 -0.7910 -0.5634
vn -0.2502 -0.8943 -0.3709
vn -0.0488 -0.9952 0.0847
vn -0.9987 0.0267 -0.0441
vn 0.7762 -0.5985 -0.1982
vn 0.6669 -0.6368 -0.3870
vn 0.6659 -0.6363 -0.3895
vn -0.7784 -0.6258 -0.0491
vn -0.7761 -0.6285 -0.0509
vn 0.0054 -0.2664 0.9639
vn 0.7796 -0.6236 -0.0578
vn 0.7783 -0.6257 -0.0528
vn -0.0022 -0.1720 0.9851
vn 0.5164 0.8564 0.0013
vn 0.9173 -0.1880 -0.3510
vn -0.9978 0.0669 -0.0004
vn -0.9978 0.0664 -0.0069
vn -0.9978 0.0670 -0.0000
vn -0.9990 0.0265 -0.0355
vn -0.9984 0.0349 -0.0441
vn 0.2782 -0.9585 -0.0629
vn 0.9750 0.2084 -0.0770
vn 0.9689 0.2157 -0.1212
vn 0.9989 0.0302 -0.0368
vn 0.9990 0.0261 -0.0368
vn 0.0561 -0.9731 -0.2234
vn 0.2530 -0.9481 -0.1926
vn 0.2396 -0.9332 -0.2679
vn -0.4530 0.8731 0.1804
vn -0.0539 -0.0909 -0.9944
vn -0.8015 -0.5978 -0.0165
vn -0.8021 -0.5970 -0.0136
vn 0.6998 0.7111 0.0686
vn 0.5347 0.8425 0.0655
vn 0.1053 0.8467 -0.5215
vn -0.8754 0.4826 -0.0296
vn -0.8721 0.4887 -0.0240
vn -0.8573 0.5147 -0.0000
vn -0.7808 -0.6221 -0.0586
vn -0.7789 -0.6199 -0.0952
vn -0.7769 -0.6215 -0.1009
vn -0.6490 0.7504 -0.1255
vn -0.1409 0.9887 -0.0514
vn -0.0063 -0.9964 -0.0846
vn 0.0558 0.1068 0.9927
vn 0.0354 0.9720 -0.2322
vn 0.3718 0.2639 0.8900
vn 0.4621 0.5276 -0.7129
vn -0.0013 -0.2089 0.9779
vn -0.2739 -0.9543 -0.1195
vn -0.0001 -0.2103 0.9776
vn -0.1974 -0.8965 -0.3966
vn 0.0012 0.2130 -0.9771
vn -0.0000 0.2110 -0.9775
vn 0.0028 0.8252 -0.5648
vn -0.0325 -0.1555 0.9873
vn -0.2285 -0.6018 0.7653
vn -0.8035 -0.0651 0.5918
vn -0.6775 0.1256 -0.7248
vn -0.4347 -0.1684 0.8847
vn -0.3277 -0.1390 0.9345
vn 0.5336 -0.7631 0.3646
vn -0.0318 0.1529 -0.9877
vn -0.6488 0.1537 -0.7453
vn -0.1530 -0.9859 0.0675
vn 0.9702 0.2175 -0.1065
vn 0.9646 0.2311 -0.1272
vn -0.9853 -0.1446 -0.0909
vn -0.2313 -0.9693 -0.0829
vn -0.0007 0.2116 -0.9774
vn -0.0196 -0.0976 0.9950
vn -0.0322 0.0117 0.9994
vn -0.7997 -0.5922 -0.0995
vn -0.8017 -0.5939 -0.0673
vn -0.8047 -0.5816 -0.1191
vn 0.8947 -0.4422 -0.0634
vn -0.6569 -0.7524 0.0490
vn -0.4130 -0.8628 -0.2915
vn -0.0326 0.5485 0.8355
vn -0.0376 0.5471 0.8362
vn -0.4105 0.3794 0.8292
vn -0.4121 0.3828 0.8268
vn 0.7788 0.6178 0.1085
vn -0.7431 0.0010 -0.6691
vn -0.6703 -0.6815 -0.2936
vn 0.5957 0.7894 0.1480
vn 0.6400 0.7684 0.0026
vn 0.9987 0.0343 -0.0367
vn 0.0009 0.9945 0.1048
vn 0.9823 0.1586 0.0995
vn 0.9975 -0.0076 -0.0708
vn 0.1609 0.9861 0.0412
vn -0.9863 0.1639 -0.0211
vn -0.9989 0.0280 -0.0368
vn -0.8507 -0.0576 -0.5224
vn -1.0000 -0.0032 0.0050
vn 0.8134 0.4104 -0.4122
vn -0.1305 -0.9638 -0.2326
vn 0.0189 -0.0951 0.9953
vn 0.0340 0.0110 0.9994
vn 0.0323 -0.0395 0.9987
vn 0.8811 0.4546 -0.1307
vn 0.8876 0.4555 -0.0678
vn 0.8809 0.4545 -0.1321
vn -0.2153 -0.9743 -0.0667
vn -0.4980 0.5749 0.6492
vn -0.3309 0.6596 0.6748
vn -0.0009 -0.9945 -0.1048
vn 0.7812 -0.6163 -0.0996
vn 0.7768 -0.6271 -0.0569
vn 0.9798 0.1998 -0.0111
vn -0.3712 0.2646 0.8900
vn 0.0190 -0.7829 -0.6218
vn -0.0483 0.9926 0.1111
vn 0.1382 0.1388 -0.9806
vn 0.7198 0.2765 -0.6368
vn 0.7228 0.2743 -0.6343
vn 0.7176 0.2780 -0.6386
vn 0.0443 -0.9578 -0.2840
vn -0.0904 0.9495 0.3004
vn 0.7783 -0.6257 -0.0526
vn 0.1702 0.9834 0.0629
vn -0.9768 0.1856 -0.1070
vn -0.9836 0.1707 -0.0586
vn 0.1693 0.9838 0.0594
vn 0.2829 0.9570 0.0645
vn 0.5321 0.8446 0.0598
vn 0.7023 0.7092 0.0620
vn -0.6908 0.7210 0.0543
vn 0.4543 0.8724 0.1803
vn -0.1037 0.8469 -0.5216
vn -0.0529 0.8168 0.5745
vn 0.0209 0.4267 -0.9042
vn -0.0556 0.1068 0.9927
vn 0.2721 -0.9548 -0.1193
vn 0.0143 0.5564 0.8308
vn 0.2740 -0.9588 -0.0745
vn -0.0010 0.8197 -0.5728
vn -0.9831 0.1685 -0.0713
vn -0.0046 -0.0256 -0.9997
vn -0.3846 0.9188 0.0891
vn 0.3116 -0.4838 -0.8178
vn 0.3181 -0.4787 -0.8183
vn 0.0398 -0.2439 0.9690
vn -0.0326 -0.1057 0.9939
vn -0.1577 0.2132 0.9642
vn -0.2458 0.3989 0.8834
vn 0.1400 -0.4277 0.8930
vn 0.2933 -0.6959 0.6555
vn -0.3866 0.9172 0.0967
vn -0.3488 0.7885 0.5065
vn -0.3813 0.8544 0.3531
vn 0.4014 -0.8529 0.3338
vn 0.4439 -0.8910 0.0953
vn 0.4580 -0.8872 -0.0556
vn 0.4655 -0.8778 -0.1130
vn -0.3130 0.3368 0.8880
vn 0.0116 -0.1299 0.9915
vn 0.0311 -0.0518 0.9982
vn 0.0996 0.9693 0.2250
vn 0.0922 0.9492 0.3010
vn -0.1018 -0.9362 -0.3363
vn -0.0888 -0.8873 -0.4525
vn -0.3303 -0.5223 -0.7862
vn -0.4121 -0.7089 -0.5724
vn 0.1002 -0.9362 -0.3370
vn -0.0983 0.9683 0.2296
vn 0.0522 0.3162 0.9473
vn 0.0259 0.0461 0.9986
vn 0.3844 0.9189 0.0887
vn 0.1678 0.4633 0.8702
vn 0.1580 0.2131 0.9642
vn 0.2466 0.3989 0.8832
vn 0.1028 0.2547 0.9615
vn 0.0325 -0.1041 0.9940
vn -0.0101 -0.2000 0.9797
vn -0.0748 -0.7794 0.6221
vn -0.0382 -0.4815 0.8756
vn -0.0121 -0.2687 0.9632
vn -0.1407 -0.4275 0.8930
vn -0.2944 -0.6953 0.6556
vn -0.0411 -0.2455 0.9685
vn -0.0541 -0.2351 0.9705
vn 0.1105 0.5261 0.8432
vn 0.0771 0.5366 0.8403
vn 0.0002 -0.2114 0.9774
vn 0.3881 0.9166 0.0965
vn 0.3502 0.7883 0.5059
vn 0.3827 0.8540 0.3526
vn -0.4028 -0.8522 0.3339
vn -0.4454 -0.8902 0.0953
vn -0.4595 -0.8864 -0.0557
vn 0.1042 0.9942 0.0276
vn 0.1102 0.9906 0.0813
vn -0.1055 -0.9930 -0.0535
vn -0.1080 -0.9904 0.0865
vn -0.0989 -0.9466 0.3069
vn 0.1033 0.8902 0.4437
vn 0.1096 0.9460 0.3050
vn 0.1573 0.8800 0.4482
vn -0.4671 -0.8769 -0.1131
vn 0.0175 -0.4869 0.8733
vn 0.0735 -0.7797 0.6218
vn 0.0375 -0.4815 0.8757
vn -0.1093 0.5265 0.8431
vn -0.0758 0.5367 0.8404
vn -0.0704 0.5382 0.8399
vn -0.0221 0.0175 0.9996
vn -0.0055 -0.0937 0.9956
vn 0.0115 -0.2654 0.9641
vn 0.0973 -0.9468 0.3068
vn 0.1657 -0.9823 0.0872
vn 0.1063 -0.9906 0.0865
vn -0.1080 0.9908 0.0812
vn -0.1015 0.9944 0.0305
vn -0.0523 0.9521 0.3012
vn -0.1011 0.8904 0.4439
vn -0.1075 0.9463 0.3050
vn -0.1554 0.8803 0.4482
vn 0.1038 -0.9931 -0.0536
vn 0.1133 0.5251 0.8434
vn 0.2734 -0.9603 -0.0564
vn -0.7328 0.2175 -0.6448
vn -0.7890 0.6115 0.0596
vn -0.7528 0.4646 0.4663
vn -0.9546 0.2704 -0.1250
vn 0.7912 -0.6040 -0.0961
vn 0.4265 -0.7818 -0.4548
vn -0.8601 0.4459 -0.2478
vn -0.2139 -0.9756 -0.0498
vn -0.9355 0.0625 0.3478
vn 0.8569 0.5123 0.0566
vn -0.7923 -0.6025 -0.0961
vn 0.9761 0.2096 -0.0569
vn -0.7050 0.3396 -0.6227
vn -0.8453 0.5278 0.0834
vn 0.8086 -0.5405 -0.2324
vn -0.1833 0.0479 -0.9819
vn 0.1286 -0.9640 -0.2326
vn -0.6715 0.0445 -0.7397
vn 0.6716 0.0432 -0.7396
vn -0.9027 0.0599 -0.4261
vn -0.9932 0.0666 0.0957
vn 0.9979 0.0644 -0.0073
vn 0.9028 0.0582 -0.4261
vn 0.6718 0.0436 0.7395
vn 0.9029 0.0588 0.4258
vn 0.9906 0.0639 -0.1212
vn -0.7546 0.0502 0.6543
vn -0.8869 0.4572 -0.0665
vn -0.8480 0.5126 0.1350
vn 0.8885 0.4559 -0.0518
vn 0.8610 0.4442 -0.2478
vn 0.8374 0.5040 0.2116
vn -0.2752 -0.9597 -0.0564
vn -0.7886 -0.5674 -0.2370
vn 0.8219 -0.5571 -0.1188
vn -0.9978 0.0663 -0.0073
vn 0.9690 0.2148 -0.1223
vn -0.8876 0.4576 -0.0518
vn 0.8877 0.4555 -0.0665
vn 0.7250 0.2728 -0.6324
vn 0.0046 0.0256 0.9997
vn 0.3863 -0.4360 -0.8128
vt 0.385653 0.734215
vt 0.386289 0.748758
vt 0.385883 0.748928
vt 0.156247 0.718939
vt 0.152144 0.739306
vt 0.153232 0.715705
vt 0.367426 0.730313
vt 0.371225 0.726278
vt 0.368853 0.758419
vt 0.367122 0.699282
vt 0.309561 0.607774
vt 0.318557 0.608067
vt 0.309508 0.607962
vt 0.181818 0.734786
vt 0.188017 0.747942
vt 0.187845 0.748039
vt 0.343192 0.594768
vt 0.344035 0.588835
vt 0.344500 0.587158
vt 0.313048 0.786583
vt 0.309288 0.799790
vt 0.304545 0.786763
vt 0.153668 0.684764
vt 0.153268 0.684696
vt 0.160753 0.681385
vt 0.161075 0.683081
vt 0.160749 0.681647
vt 0.144763 0.680097
vt 0.154347 0.675960
vt 0.145957 0.682682
vt 0.375962 0.761379
vt 0.376413 0.761456
vt 0.368902 0.764474
vt 0.402675 0.805374
vt 0.402878 0.805493
vt 0.402690 0.805538
vt 0.304411 0.786398
vt 0.312797 0.785984
vt 0.312897 0.786221
vt 0.150504 0.761101
vt 0.150984 0.759754
vt 0.150636 0.761107
vt 0.150046 0.597233
vt 0.151016 0.591338
vt 0.151517 0.589664
vt 0.184074 0.766212
vt 0.185461 0.769750
vt 0.183842 0.766176
vt 0.274452 0.595259
vt 0.133798 0.599960
vt 0.133434 0.594049
vt 0.151032 0.758819
vt 0.152544 0.712795
vt 0.151219 0.746433
vt 0.150893 0.751221
vt 0.151336 0.739108
vt 0.152108 0.718636
vt 0.151797 0.724595
vt 0.152632 0.690223
vt 0.152779 0.690307
vt 0.153704 0.690362
vt 0.176799 0.779926
vt 0.179519 0.788659
vt 0.176182 0.788359
vt 0.366913 0.737395
vt 0.367254 0.743058
vt 0.367357 0.750632
vt 0.366609 0.721594
vt 0.366456 0.721533
vt 0.367257 0.733450
vt 0.366074 0.705625
vt 0.365815 0.684310
vt 0.366227 0.705704
vt 0.384835 0.650677
vt 0.388109 0.656075
vt 0.382888 0.654532
vt 0.366419 0.700533
vt 0.373592 0.699996
vt 0.374094 0.683828
vt 0.374816 0.715118
vt 0.375090 0.714285
vt 0.374622 0.687703
vt 0.375055 0.707322
vt 0.375444 0.721873
vt 0.374385 0.683931
vt 0.375747 0.736344
vt 0.376339 0.748498
vt 0.376449 0.754930
vt 0.375450 0.736351
vt 0.376195 0.756056
vt 0.375591 0.729284
vt 0.375663 0.756210
vt 0.152950 0.684663
vt 0.153265 0.684498
vt 0.151369 0.589342
vt 0.151538 0.589318
vt 0.337444 0.778491
vt 0.329558 0.770819
vt 0.339961 0.772866
vt 0.217836 0.800401
vt 0.208886 0.799619
vt 0.217924 0.800152
vt 0.150862 0.762634
vt 0.150518 0.763879
vt 0.150578 0.762370
vt 0.150433 0.762313
vt 0.328195 0.642540
vt 0.342789 0.653552
vt 0.325902 0.650635
vt 0.159033 0.765814
vt 0.160013 0.761867
vt 0.159940 0.766555
vt 0.159450 0.768808
vt 0.159168 0.768901
vt 0.159206 0.768098
vt 0.158846 0.767744
vt 0.158869 0.767431
vt 0.158313 0.767194
vt 0.158469 0.767100
vt 0.366583 0.681164
vt 0.366075 0.681313
vt 0.366054 0.680930
vt 0.142380 0.675078
vt 0.144389 0.680011
vt 0.142099 0.675188
vt 0.161914 0.680314
vt 0.161665 0.680090
vt 0.162013 0.678275
vt 0.161877 0.682645
vt 0.161636 0.680812
vt 0.161290 0.680930
vt 0.161269 0.681313
vt 0.153071 0.690316
vt 0.374326 0.682297
vt 0.197771 0.791794
vt 0.204206 0.781159
vt 0.208778 0.785112
vt 0.167389 0.650943
vt 0.165101 0.654546
vt 0.167046 0.650720
vt 0.309172 0.800209
vt 0.312968 0.787060
vt 0.318201 0.799666
vt 0.151723 0.588188
vt 0.375620 0.587923
vt 0.320637 0.622822
vt 0.283545 0.605273
vt 0.322450 0.618852
vt 0.329875 0.792290
vt 0.324479 0.797296
vt 0.329752 0.792090
vt 0.153670 0.686228
vt 0.153201 0.684957
vt 0.368363 0.764557
vt 0.368386 0.764969
vt 0.138959 0.786655
vt 0.141136 0.774045
vt 0.142253 0.786235
vt 0.337364 0.765677
vt 0.337512 0.765971
vt 0.336384 0.768194
vt 0.367832 0.763054
vt 0.368064 0.765122
vt 0.367910 0.765677
vt 0.368087 0.765971
vt 0.367980 0.762819
vt 0.368277 0.762612
vt 0.368806 0.762635
vt 0.373007 0.674253
vt 0.371861 0.677457
vt 0.371624 0.677260
vt 0.376797 0.759618
vt 0.376652 0.759677
vt 0.150533 0.761267
vt 0.329127 0.770568
vt 0.332387 0.763728
vt 0.329276 0.770715
vt 0.382660 0.680623
vt 0.382165 0.680962
vt 0.382444 0.680367
vt 0.151495 0.759932
vt 0.150913 0.761203
vt 0.375836 0.759937
vt 0.376431 0.761203
vt 0.373614 0.683352
vt 0.373979 0.682109
vt 0.375806 0.682297
vt 0.375987 0.682298
vt 0.375873 0.682410
vt 0.374460 0.682410
vt 0.374528 0.683808
vt 0.236409 0.791742
vt 0.256260 0.791527
vt 0.256401 0.791910
vt 0.151341 0.762820
vt 0.373802 0.687281
vt 0.366522 0.684506
vt 0.366035 0.680343
vt 0.365727 0.679877
vt 0.365669 0.684644
vt 0.365567 0.679657
vt 0.377704 0.677405
vt 0.378008 0.677371
vt 0.377590 0.677954
vt 0.377670 0.678211
vt 0.377415 0.678471
vt 0.365665 0.677954
vt 0.365988 0.678471
vt 0.149929 0.597656
vt 0.149862 0.597162
vt 0.366411 0.678775
vt 0.366537 0.680353
vt 0.383325 0.665954
vt 0.380638 0.659110
vt 0.385788 0.660845
vt 0.392138 0.606853
vt 0.391666 0.607239
vt 0.256338 0.608416
vt 0.390827 0.607416
vt 0.256406 0.608585
vt 0.132408 0.593658
vt 0.274055 0.594705
vt 0.274395 0.594876
vt 0.173849 0.724447
vt 0.174138 0.704516
vt 0.174310 0.704780
vt 0.173670 0.724506
vt 0.173790 0.702858
vt 0.173056 0.732707
vt 0.173013 0.746779
vt 0.171970 0.765617
vt 0.173400 0.740329
vt 0.365843 0.718751
vt 0.365558 0.698560
vt 0.366022 0.718809
vt 0.365640 0.725016
vt 0.365360 0.697542
vt 0.366450 0.739275
vt 0.366851 0.761572
vt 0.359974 0.729965
vt 0.355142 0.761118
vt 0.353565 0.706598
vt 0.353714 0.734689
vt 0.354073 0.740364
vt 0.354140 0.747942
vt 0.353269 0.718809
vt 0.353255 0.710853
vt 0.352306 0.674286
vt 0.352491 0.674543
vt 0.359128 0.696102
vt 0.355655 0.778987
vt 0.355116 0.769753
vt 0.355498 0.769677
vt 0.204894 0.618852
vt 0.351233 0.782444
vt 0.172234 0.630248
vt 0.197690 0.791501
vt 0.208678 0.784751
vt 0.202925 0.796606
vt 0.378728 0.675553
vt 0.383037 0.679130
vt 0.349850 0.657594
vt 0.351401 0.660335
vt 0.351044 0.660565
vt 0.348359 0.654992
vt 0.349963 0.657331
vt 0.346327 0.652851
vt 0.345316 0.651121
vt 0.346721 0.652783
vt 0.373723 0.690404
vt 0.373679 0.686230
vt 0.374187 0.686427
vt 0.180622 0.652783
vt 0.179206 0.655130
vt 0.178985 0.654992
vt 0.180090 0.652620
vt 0.178607 0.654750
vt 0.125532 0.649357
vt 0.125494 0.637943
vt 0.125660 0.637912
vt 0.347667 0.565669
vt 0.357812 0.568044
vt 0.347016 0.565821
vt 0.348151 0.615191
vt 0.357481 0.567679
vt 0.348176 0.615976
vt 0.360310 0.653974
vt 0.362446 0.657903
vt 0.362273 0.658051
vt 0.357769 0.650668
vt 0.360478 0.653817
vt 0.163109 0.663779
vt 0.162560 0.668193
vt 0.162931 0.663758
vt 0.357449 0.650939
vt 0.359967 0.654230
vt 0.134327 0.658212
vt 0.135307 0.660963
vt 0.134011 0.658251
vt 0.280009 0.784609
vt 0.190008 0.778754
vt 0.281875 0.774961
vt 0.181533 0.734946
vt 0.169870 0.721533
vt 0.174318 0.719064
vt 0.318348 0.800016
vt 0.324590 0.797519
vt 0.318448 0.800252
vt 0.346638 0.655628
vt 0.345294 0.655018
vt 0.345558 0.654756
vt 0.146413 0.670944
vt 0.152575 0.672200
vt 0.148616 0.675553
vt 0.351859 0.667807
vt 0.350906 0.664150
vt 0.351078 0.664074
vt 0.243120 0.623431
vt 0.334555 0.618793
vt 0.334584 0.619653
vt 0.295412 0.798846
vt 0.274623 0.796281
vt 0.274689 0.796050
vt 0.174606 0.672392
vt 0.175485 0.667807
vt 0.175033 0.671664
vt 0.174987 0.675247
vt 0.174621 0.680937
vt 0.174809 0.675255
vt 0.174248 0.680644
vt 0.325499 0.642229
vt 0.305388 0.641867
vt 0.314229 0.641677
vt 0.352026 0.667352
vt 0.352383 0.670334
vt 0.352208 0.670425
vt 0.335720 0.573185
vt 0.179558 0.789420
vt 0.189434 0.789172
vt 0.162350 0.673426
vt 0.162328 0.677547
vt 0.402995 0.762802
vt 0.402932 0.762577
vt 0.403124 0.762761
vt 0.162555 0.673386
vt 0.162621 0.680348
vt 0.162998 0.668271
vt 0.163304 0.669281
vt 0.363737 0.662857
vt 0.363563 0.662988
vt 0.361914 0.658281
vt 0.363193 0.663180
vt 0.192910 0.760830
vt 0.178466 0.753342
vt 0.187551 0.748206
vt 0.164151 0.663180
vt 0.127471 0.763169
vt 0.124694 0.762399
vt 0.127587 0.762765
vt 0.367912 0.785728
vt 0.368239 0.792290
vt 0.368068 0.792408
vt 0.126063 0.635179
vt 0.127519 0.613463
vt 0.127800 0.613414
vt 0.367526 0.785847
vt 0.367687 0.792460
vt 0.159361 0.778405
vt 0.159683 0.770819
vt 0.159556 0.778678
vt 0.160131 0.769895
vt 0.159957 0.779010
vt 0.367387 0.779010
vt 0.368089 0.785580
vt 0.159432 0.785728
vt 0.159818 0.785847
vt 0.364585 0.677034
vt 0.364947 0.695994
vt 0.295421 0.595050
vt 0.295447 0.595431
vt 0.139686 0.608592
vt 0.138942 0.611977
vt 0.138646 0.612006
vt 0.148971 0.663914
vt 0.138899 0.667850
vt 0.141555 0.660845
vt 0.176299 0.660565
vt 0.177660 0.657751
vt 0.176471 0.660712
vt 0.357835 0.774900
vt 0.362887 0.763301
vt 0.363743 0.775089
vt 0.355386 0.785621
vt 0.355335 0.792003
vt 0.355203 0.785515
vt 0.355774 0.785679
vt 0.355521 0.792128
vt 0.159585 0.706907
vt 0.167133 0.735799
vt 0.242713 0.622590
vt 0.203593 0.625050
vt 0.203535 0.624197
vt 0.183270 0.763550
vt 0.187577 0.761267
vt 0.183366 0.763757
vt 0.364235 0.663779
vt 0.363130 0.659218
vt 0.363501 0.659066
vt 0.170954 0.762680
vt 0.170782 0.762357
vt 0.170938 0.762389
vt 0.357864 0.775243
vt 0.330028 0.792128
vt 0.324688 0.797167
vt 0.329955 0.792003
vt 0.364113 0.663981
vt 0.364605 0.668185
vt 0.364224 0.668237
vt 0.174960 0.670334
vt 0.175318 0.667352
vt 0.175136 0.670425
vt 0.151528 0.810345
vt 0.151369 0.810601
vt 0.151332 0.810268
vt 0.352201 0.667241
vt 0.352613 0.667733
vt 0.136793 0.789210
vt 0.139684 0.791351
vt 0.134314 0.791351
vt 0.175185 0.663691
vt 0.175553 0.663883
vt 0.175143 0.667241
vt 0.175726 0.664014
vt 0.351791 0.663883
vt 0.352159 0.663691
vt 0.358103 0.664016
vt 0.318276 0.783958
vt 0.322867 0.780287
vt 0.318343 0.784089
vt 0.334002 0.785083
vt 0.326817 0.775913
vt 0.256478 0.596200
vt 0.392278 0.600943
vt 0.256453 0.602118
vt 0.209143 0.799666
vt 0.214382 0.787045
vt 0.354829 0.770352
vt 0.354659 0.763658
vt 0.354814 0.762785
vt 0.355211 0.770312
vt 0.322990 0.780487
vt 0.399871 0.763162
vt 0.392249 0.776830
vt 0.389014 0.765051
vt 0.178213 0.753485
vt 0.280890 0.608937
vt 0.191753 0.573230
vt 0.366937 0.770432
vt 0.367286 0.763449
vt 0.367323 0.770480
vt 0.381023 0.657998
vt 0.381979 0.655267
vt 0.382260 0.655399
vt 0.209164 0.784302
vt 0.204557 0.780574
vt 0.204629 0.780449
vt 0.378323 0.663896
vt 0.380297 0.659027
vt 0.200286 0.776221
vt 0.193342 0.785083
vt 0.189899 0.778491
vt 0.160351 0.780380
vt 0.159997 0.775548
vt 0.160385 0.775490
vt 0.158547 0.763495
vt 0.169509 0.774900
vt 0.157693 0.775281
vt 0.169891 0.774892
vt 0.170368 0.763113
vt 0.170755 0.763112
vt 0.161445 0.687208
vt 0.162198 0.679973
vt 0.176437 0.664150
vt 0.175660 0.667858
vt 0.159383 0.771520
vt 0.160026 0.766420
vt 0.324579 0.796939
vt 0.172510 0.766176
vt 0.172969 0.753583
vt 0.172337 0.766054
vt 0.172407 0.769750
vt 0.172228 0.769755
vt 0.171845 0.769728
vt 0.358699 0.674883
vt 0.364489 0.673973
vt 0.352310 0.671664
vt 0.351684 0.667858
vt 0.376538 0.667624
vt 0.377772 0.664134
vt 0.378049 0.664259
vt 0.365147 0.677123
vt 0.364967 0.677018
vt 0.361004 0.761475
vt 0.354595 0.760629
vt 0.367201 0.760270
vt 0.366915 0.747942
vt 0.367387 0.760498
vt 0.313409 0.647467
vt 0.324405 0.647242
vt 0.327355 0.647655
vt 0.297994 0.647390
vt 0.312866 0.647224
vt 0.323228 0.646830
vt 0.294828 0.647192
vt 0.312042 0.646855
vt 0.281182 0.647363
vt 0.252249 0.647187
vt 0.294914 0.646874
vt 0.258030 0.646899
vt 0.397273 0.665876
vt 0.397459 0.668811
vt 0.397283 0.683142
vt 0.252260 0.650019
vt 0.280044 0.650278
vt 0.232512 0.650310
vt 0.151481 0.668252
vt 0.154493 0.674104
vt 0.154336 0.674252
vt 0.178573 0.650813
vt 0.180705 0.655628
vt 0.176251 0.652525
vt 0.397223 0.651139
vt 0.397409 0.651094
vt 0.384964 0.675078
vt 0.382434 0.681134
vt 0.382110 0.681119
vt 0.385779 0.759561
vt 0.385587 0.749437
vt 0.199149 0.642817
vt 0.184332 0.653592
vt 0.180814 0.649609
vt 0.228516 0.641482
vt 0.219266 0.641902
vt 0.213115 0.641677
vt 0.248098 0.641223
vt 0.247555 0.641393
vt 0.268494 0.641668
vt 0.223189 0.803857
vt 0.236451 0.804157
vt 0.223137 0.804045
vt 0.223078 0.791249
vt 0.236335 0.791190
vt 0.236383 0.791359
vt 0.144826 0.654462
vt 0.143156 0.650629
vt 0.145055 0.654470
vt 0.391706 0.648842
vt 0.395402 0.653569
vt 0.390074 0.652098
vt 0.172044 0.788670
vt 0.204536 0.788624
vt 0.204716 0.790026
vt 0.324692 0.804145
vt 0.318642 0.792455
vt 0.324783 0.792344
vt 0.366472 0.681594
vt 0.374087 0.684701
vt 0.374073 0.684928
vt 0.150157 0.602648
vt 0.150490 0.600036
vt 0.149295 0.664259
vt 0.148008 0.660839
vt 0.149571 0.664134
vt 0.150800 0.667627
vt 0.151149 0.667466
vt 0.402562 0.607108
vt 0.402764 0.607198
vt 0.402575 0.607256
vt 0.128299 0.789199
vt 0.136793 0.789210
vt 0.332379 0.763736
vt 0.329164 0.770437
vt 0.332202 0.763653
vt 0.334584 0.570024
vt 0.345766 0.570819
vt 0.335568 0.574327
vt 0.399693 0.607323
vt 0.399664 0.607159
vt 0.399777 0.594578
vt 0.392817 0.594447
vt 0.399809 0.594396
vt 0.348878 0.753342
vt 0.334366 0.760979
vt 0.339784 0.748201
vt 0.120731 0.775838
vt 0.120791 0.775623
vt 0.120826 0.775786
vt 0.402685 0.805004
vt 0.402932 0.805371
vt 0.399777 0.805365
vt 0.399809 0.805547
vt 0.399763 0.804979
vt 0.392469 0.595029
vt 0.399706 0.600875
vt 0.214715 0.803782
vt 0.214741 0.803391
vt 0.209164 0.803728
vt 0.209194 0.803338
vt 0.146686 0.685003
vt 0.147134 0.686513
vt 0.146522 0.685063
vt 0.236496 0.595974
vt 0.256376 0.595621
vt 0.256459 0.595809
vt 0.373315 0.674443
vt 0.153156 0.686427
vt 0.223213 0.803466
vt 0.236496 0.803969
vt 0.295373 0.594880
vt 0.137038 0.664589
vt 0.136879 0.648726
vt 0.137118 0.648559
vt 0.355269 0.778939
vt 0.355087 0.778851
vt 0.309449 0.804766
vt 0.295447 0.804512
vt 0.309479 0.804384
vt 0.208835 0.800391
vt 0.202754 0.797519
vt 0.208896 0.800252
vt 0.169895 0.650939
vt 0.172593 0.648041
vt 0.172885 0.648321
vt 0.377999 0.663793
vt 0.380077 0.659015
vt 0.344323 0.587121
vt 0.344163 0.586795
vt 0.344353 0.586814
vt 0.125843 0.750597
vt 0.136454 0.735207
vt 0.136564 0.750758
vt 0.165694 0.785793
vt 0.120932 0.775992
vt 0.120986 0.775877
vt 0.334834 0.782767
vt 0.344516 0.781790
vt 0.344559 0.783350
vt 0.396883 0.759352
vt 0.397223 0.748804
vt 0.397125 0.759392
vt 0.364872 0.673990
vt 0.123981 0.593428
vt 0.132053 0.593487
vt 0.123941 0.593591
vt 0.135076 0.606273
vt 0.124096 0.606353
vt 0.124054 0.606170
vt 0.134368 0.605875
vt 0.124025 0.605784
vt 0.406299 0.775589
vt 0.406404 0.775377
vt 0.406500 0.775436
vt 0.344108 0.587115
vt 0.343574 0.588618
vt 0.343837 0.587122
vt 0.318802 0.616939
vt 0.281884 0.624982
vt 0.279985 0.615333
vt 0.397125 0.640549
vt 0.397311 0.640484
vt 0.318557 0.799862
vt 0.324752 0.797307
vt 0.318615 0.800010
vt 0.202028 0.642286
vt 0.201829 0.642252
vt 0.243817 0.790259
vt 0.242858 0.778957
vt 0.309584 0.792561
vt 0.318615 0.792064
vt 0.146388 0.590997
vt 0.146436 0.589564
vt 0.146669 0.589586
vt 0.125532 0.750586
vt 0.125493 0.761978
vt 0.125365 0.750565
vt 0.309508 0.791981
vt 0.295534 0.792295
vt 0.295489 0.792107
vt 0.309561 0.792169
vt 0.295554 0.792687
vt 0.374393 0.684843
vt 0.374421 0.685063
vt 0.351167 0.576470
vt 0.344300 0.574349
vt 0.351750 0.576287
vt 0.355063 0.654136
vt 0.361883 0.654741
vt 0.174252 0.643039
vt 0.172228 0.644711
vt 0.172029 0.644935
vt 0.140479 0.608329
vt 0.141554 0.605663
vt 0.141749 0.605737
vt 0.353411 0.643535
vt 0.355314 0.644935
vt 0.355350 0.645332
vt 0.357907 0.647534
vt 0.357668 0.647811
vt 0.335486 0.795509
vt 0.335553 0.794110
vt 0.152866 0.686515
vt 0.376520 0.802604
vt 0.376853 0.799950
vt 0.334019 0.760795
vt 0.339499 0.748039
vt 0.236516 0.803577
vt 0.256455 0.804134
vt 0.120993 0.794187
vt 0.120844 0.793823
vt 0.121045 0.793816
vt 0.204354 0.780487
vt 0.204174 0.780783
vt 0.397409 0.748849
vt 0.325902 0.650635
vt 0.342542 0.653811
vt 0.325865 0.650922
vt 0.348269 0.658126
vt 0.346198 0.655981
vt 0.346348 0.655878
vt 0.128949 0.791336
vt 0.128299 0.789196
vt 0.125742 0.681938
vt 0.125293 0.664793
vt 0.125460 0.664780
vt 0.354928 0.572193
vt 0.352758 0.576601
vt 0.349864 0.660852
vt 0.351435 0.663879
vt 0.164928 0.654470
vt 0.166878 0.650629
vt 0.350204 0.660630
vt 0.357278 0.774904
vt 0.356589 0.763112
vt 0.357452 0.774892
vt 0.163781 0.662988
vt 0.165429 0.658281
vt 0.182374 0.762290
vt 0.182614 0.762137
vt 0.171689 0.778987
vt 0.172075 0.778940
vt 0.355244 0.740231
vt 0.349131 0.753485
vt 0.144477 0.654526
vt 0.142922 0.650609
vt 0.200818 0.775830
vt 0.204435 0.780779
vt 0.151107 0.634026
vt 0.143282 0.641469
vt 0.141139 0.637494
vt 0.127782 0.786310
vt 0.136445 0.764782
vt 0.138152 0.786326
vt 0.165040 0.724207
vt 0.155803 0.704835
vt 0.156058 0.704679
vt 0.318802 0.783004
vt 0.319811 0.773408
vt 0.370741 0.618301
vt 0.353150 0.634179
vt 0.372745 0.641023
vt 0.214641 0.608379
vt 0.209160 0.602513
vt 0.214701 0.602467
vt 0.333993 0.760854
vt 0.344157 0.750632
vt 0.338492 0.763054
vt 0.337079 0.578619
vt 0.130282 0.650257
vt 0.131662 0.653687
vt 0.130002 0.650374
vt 0.338056 0.778405
vt 0.340416 0.772627
vt 0.341167 0.771520
vt 0.189543 0.778480
vt 0.192994 0.785580
vt 0.189288 0.778405
vt 0.337801 0.778480
vt 0.339949 0.772931
vt 0.334187 0.785462
vt 0.337429 0.778583
vt 0.162472 0.673983
vt 0.162739 0.668185
vt 0.203026 0.796966
vt 0.197591 0.792090
vt 0.193157 0.785462
vt 0.193396 0.785287
vt 0.144662 0.681087
vt 0.141900 0.675247
vt 0.309449 0.595178
vt 0.309479 0.595559
vt 0.222932 0.786398
vt 0.214547 0.785984
vt 0.223023 0.786155
vt 0.386642 0.671560
vt 0.385245 0.675188
vt 0.406438 0.775212
vt 0.406586 0.775215
vt 0.333759 0.760673
vt 0.388749 0.667847
vt 0.387142 0.671685
vt 0.386933 0.671650
vt 0.388448 0.667776
vt 0.175210 0.671685
vt 0.347254 0.652620
vt 0.348737 0.654750
vt 0.369372 0.710042
vt 0.377966 0.690934
vt 0.378518 0.690223
vt 0.403193 0.775693
vt 0.406243 0.775466
vt 0.403248 0.775921
vt 0.368926 0.709821
vt 0.369189 0.709958
vt 0.131941 0.653569
vt 0.133682 0.657777
vt 0.348587 0.657887
vt 0.177436 0.750951
vt 0.171583 0.739000
vt 0.171836 0.738852
vt 0.164698 0.724595
vt 0.164874 0.724499
vt 0.193780 0.760629
vt 0.194968 0.763744
vt 0.193586 0.760673
vt 0.274600 0.792469
vt 0.274623 0.792280
vt 0.393332 0.658251
vt 0.392271 0.660943
vt 0.392036 0.660963
vt 0.391724 0.660919
vt 0.390510 0.664157
vt 0.390202 0.664104
vt 0.170432 0.762128
vt 0.170784 0.762174
vt 0.362469 0.724499
vt 0.355507 0.738852
vt 0.362211 0.724356
vt 0.396565 0.759328
vt 0.386190 0.759314
vt 0.172268 0.657436
vt 0.167376 0.654230
vt 0.397457 0.734097
vt 0.397273 0.734067
vt 0.214641 0.791564
vt 0.214608 0.791181
vt 0.135620 0.660919
vt 0.144683 0.655523
vt 0.146274 0.658013
vt 0.133961 0.657656
vt 0.136096 0.662736
vt 0.189973 0.621188
vt 0.189377 0.611551
vt 0.386354 0.673426
vt 0.384287 0.677262
vt 0.386247 0.673155
vt 0.384171 0.676765
vt 0.386076 0.672786
vt 0.318668 0.784755
vt 0.388693 0.668038
vt 0.388445 0.667850
vt 0.155886 0.677130
vt 0.155722 0.677264
vt 0.175117 0.667656
vt 0.170411 0.662201
vt 0.175909 0.663879
vt 0.131803 0.776825
vt 0.271674 0.783653
vt 0.273620 0.795997
vt 0.329654 0.791501
vt 0.334202 0.785339
vt 0.329833 0.791799
vt 0.322787 0.780574
vt 0.318180 0.784302
vt 0.322714 0.780449
vt 0.185643 0.769678
vt 0.187383 0.772866
vt 0.337813 0.778851
vt 0.334338 0.785515
vt 0.337664 0.778705
vt 0.318864 0.783779
vt 0.242129 0.605856
vt 0.280065 0.785386
vt 0.155555 0.704780
vt 0.371555 0.704805
vt 0.362737 0.724447
vt 0.362561 0.724350
vt 0.145632 0.682695
vt 0.295087 0.650035
vt 0.291019 0.645866
vt 0.318458 0.799619
vt 0.309508 0.800401
vt 0.309420 0.800152
vt 0.185813 0.769353
vt 0.214296 0.786583
vt 0.222808 0.786738
vt 0.184483 0.766413
vt 0.143630 0.653321
vt 0.143562 0.652196
vt 0.144031 0.653182
vt 0.346012 0.651031
vt 0.349872 0.647352
vt 0.351388 0.649016
vt 0.135073 0.660943
vt 0.133774 0.658225
vt 0.183036 0.763673
vt 0.172257 0.778851
vt 0.146761 0.589241
vt 0.352741 0.672442
vt 0.364727 0.680447
vt 0.353098 0.680695
vt 0.152154 0.683808
vt 0.146927 0.684864
vt 0.151470 0.682410
vt 0.164782 0.724350
vt 0.172355 0.740088
vt 0.172100 0.740231
vt 0.169461 0.775488
vt 0.157674 0.775624
vt 0.169480 0.775243
vt 0.364529 0.668193
vt 0.364346 0.668271
vt 0.147585 0.686315
vt 0.380023 0.686445
vt 0.377822 0.690530
vt 0.379759 0.686315
vt 0.151357 0.682298
vt 0.146836 0.684648
vt 0.354937 0.769756
vt 0.318509 0.804653
vt 0.352741 0.718906
vt 0.345352 0.734689
vt 0.352565 0.718809
vt 0.203607 0.777344
vt 0.374477 0.686515
vt 0.374712 0.690201
vt 0.374565 0.690310
vt 0.329619 0.642657
vt 0.321865 0.642697
vt 0.304455 0.787258
vt 0.312786 0.786618
vt 0.339780 0.748210
vt 0.345323 0.569300
vt 0.345450 0.569733
vt 0.341848 0.769392
vt 0.341437 0.769583
vt 0.342505 0.767888
vt 0.342288 0.768901
vt 0.342194 0.767875
vt 0.146761 0.684488
vt 0.151369 0.682180
vt 0.146118 0.591136
vt 0.145177 0.597070
vt 0.144940 0.597057
vt 0.380923 0.684843
vt 0.380729 0.684802
vt 0.380808 0.684663
vt 0.146536 0.684663
vt 0.371284 0.704683
vt 0.142074 0.646782
vt 0.139869 0.642657
vt 0.189598 0.610777
vt 0.190587 0.577381
vt 0.375190 0.683808
vt 0.380417 0.684864
vt 0.383190 0.679536
vt 0.384079 0.678275
vt 0.383164 0.680090
vt 0.382747 0.680930
vt 0.160757 0.681165
vt 0.161300 0.680623
vt 0.369561 0.688590
vt 0.366030 0.682951
vt 0.355417 0.740328
vt 0.349303 0.753583
vt 0.144307 0.679130
vt 0.143173 0.676765
vt 0.138942 0.787966
vt 0.139987 0.791350
vt 0.383033 0.653005
vt 0.383312 0.653182
vt 0.125293 0.735150
vt 0.125436 0.718002
vt 0.125460 0.735163
vt 0.152790 0.762196
vt 0.343839 0.812834
vt 0.150926 0.761454
vt 0.397043 0.682470
vt 0.397043 0.717071
vt 0.397032 0.665893
vt 0.309584 0.607382
vt 0.318602 0.601579
vt 0.318642 0.607488
vt 0.347975 0.617332
vt 0.344559 0.616593
vt 0.348006 0.615915
vt 0.394404 0.617536
vt 0.394558 0.618774
vt 0.394088 0.617581
vt 0.223048 0.786815
vt 0.214656 0.786375
vt 0.223137 0.786566
vt 0.380657 0.685003
vt 0.193346 0.760857
vt 0.183187 0.750632
vt 0.187562 0.748200
vt 0.396726 0.717028
vt 0.396726 0.682474
vt 0.406553 0.775623
vt 0.406612 0.775838
vt 0.406518 0.775786
vt 0.374394 0.684663
vt 0.374085 0.684501
vt 0.157142 0.775318
vt 0.157311 0.775618
vt 0.157158 0.775623
vt 0.157313 0.775297
vt 0.403152 0.763154
vt 0.403280 0.763065
vt 0.158161 0.763517
vt 0.318542 0.804271
vt 0.324657 0.804527
vt 0.208996 0.800016
vt 0.217950 0.800811
vt 0.202864 0.797296
vt 0.166128 0.765626
vt 0.295294 0.799269
vt 0.274055 0.796636
vt 0.273847 0.796374
vt 0.295180 0.798908
vt 0.256380 0.804322
vt 0.344509 0.812851
vt 0.344353 0.813129
vt 0.344322 0.812820
vt 0.124034 0.776113
vt 0.132053 0.777445
vt 0.123981 0.776335
vt 0.124114 0.775781
vt 0.131355 0.777114
vt 0.121020 0.775676
vt 0.349720 0.645734
vt 0.328414 0.642065
vt 0.349867 0.645570
vt 0.403310 0.776113
vt 0.406358 0.775877
vt 0.403363 0.776335
vt 0.344163 0.813148
vt 0.343913 0.813165
vt 0.169437 0.647534
vt 0.169363 0.647405
vt 0.295489 0.799096
vt 0.232045 0.798482
vt 0.252643 0.796051
vt 0.231932 0.798846
vt 0.218055 0.799790
vt 0.318313 0.799267
vt 0.125772 0.735170
vt 0.406208 0.775259
vt 0.124151 0.775693
vt 0.121100 0.775465
vt 0.121136 0.775259
vt 0.121191 0.774941
vt 0.120906 0.775212
vt 0.120932 0.774904
vt 0.124232 0.775358
vt 0.391448 0.777534
vt 0.391166 0.777329
vt 0.403112 0.775358
vt 0.394088 0.655974
vt 0.384121 0.652470
vt 0.394496 0.655123
vt 0.352854 0.646467
vt 0.354901 0.647876
vt 0.352771 0.646601
vt 0.324749 0.601697
vt 0.324783 0.607599
vt 0.345154 0.655127
vt 0.345294 0.655018
vt 0.384270 0.778681
vt 0.383878 0.780274
vt 0.385455 0.761713
vt 0.348138 0.655130
vt 0.349684 0.657751
vt 0.181207 0.653005
vt 0.183194 0.650813
vt 0.183369 0.651188
vt 0.179327 0.655267
vt 0.181016 0.652851
vt 0.383720 0.652326
vt 0.383714 0.653321
vt 0.399656 0.793160
vt 0.402562 0.792835
vt 0.402578 0.793196
vt 0.362304 0.724207
vt 0.124444 0.763182
vt 0.121074 0.775361
vt 0.171434 0.792197
vt 0.171570 0.785680
vt 0.169848 0.775215
vt 0.145084 0.655399
vt 0.149553 0.663758
vt 0.151679 0.668193
vt 0.209031 0.799267
vt 0.214794 0.650440
vt 0.204146 0.650381
vt 0.219689 0.650116
vt 0.215302 0.646855
vt 0.228911 0.638610
vt 0.229784 0.646871
vt 0.149344 0.663793
vt 0.147267 0.659015
vt 0.274521 0.601169
vt 0.274558 0.607082
vt 0.197805 0.770800
vt 0.195537 0.766679
vt 0.194720 0.763891
vt 0.353217 0.651287
vt 0.356203 0.572537
vt 0.178518 0.568392
vt 0.182021 0.569300
vt 0.181894 0.569733
vt 0.274589 0.607474
vt 0.295489 0.607836
vt 0.274619 0.607663
vt 0.200587 0.776127
vt 0.189914 0.778583
vt 0.208891 0.784313
vt 0.145179 0.680962
vt 0.144684 0.680623
vt 0.144900 0.680367
vt 0.203929 0.781189
vt 0.194838 0.772362
vt 0.134422 0.764479
vt 0.128175 0.763281
vt 0.167552 0.702882
vt 0.165941 0.699816
vt 0.154582 0.674286
vt 0.174779 0.718809
vt 0.174603 0.718906
vt 0.167084 0.703139
vt 0.345526 0.734786
vt 0.339326 0.747942
vt 0.183431 0.763915
vt 0.183132 0.763854
vt 0.150628 0.761325
vt 0.163606 0.662857
vt 0.165070 0.658051
vt 0.141554 0.647405
vt 0.142697 0.640752
vt 0.139259 0.641964
vt 0.142479 0.640314
vt 0.274564 0.792861
vt 0.387357 0.644715
vt 0.388206 0.642328
vt 0.388402 0.642610
vt 0.171823 0.792128
vt 0.214447 0.786221
vt 0.344971 0.762288
vt 0.344073 0.763550
vt 0.344736 0.762125
vt 0.242712 0.777353
vt 0.386425 0.647467
vt 0.387658 0.644833
vt 0.388065 0.644952
vt 0.209099 0.784442
vt 0.208991 0.784670
vt 0.147047 0.659027
vt 0.162377 0.677016
vt 0.162289 0.674104
vt 0.332656 0.763901
vt 0.329577 0.771008
vt 0.200896 0.775446
vt 0.198031 0.770582
vt 0.198180 0.770437
vt 0.151489 0.807743
vt 0.151156 0.805131
vt 0.151489 0.807743
vt 0.148906 0.664401
vt 0.147672 0.660978
vt 0.243120 0.601935
vt 0.205444 0.619770
vt 0.203593 0.615722
vt 0.376020 0.667352
vt 0.377600 0.664014
vt 0.386011 0.717468
vt 0.396714 0.734041
vt 0.386008 0.734075
vt 0.120924 0.599852
vt 0.120664 0.593962
vt 0.120887 0.593951
vt 0.152598 0.670533
vt 0.154974 0.675633
vt 0.152266 0.670696
vt 0.154907 0.676203
vt 0.376195 0.667466
vt 0.374569 0.670425
vt 0.169575 0.650668
vt 0.166866 0.653817
vt 0.169413 0.650506
vt 0.397001 0.762103
vt 0.395389 0.778649
vt 0.396759 0.762069
vt 0.174603 0.718906
vt 0.181992 0.734689
vt 0.345814 0.734948
vt 0.339499 0.748039
vt 0.353034 0.719069
vt 0.352741 0.718906
vt 0.361751 0.698560
vt 0.366027 0.689615
vt 0.359969 0.702980
vt 0.218040 0.800568
vt 0.231971 0.799512
vt 0.150877 0.802636
vt 0.376920 0.799798
vt 0.150517 0.799966
vt 0.360258 0.703138
vt 0.355760 0.739000
vt 0.349907 0.750951
vt 0.342882 0.766367
vt 0.332945 0.764133
vt 0.362646 0.724595
vt 0.143466 0.651188
vt 0.144311 0.653005
vt 0.194294 0.763899
vt 0.193142 0.785339
vt 0.189531 0.778851
vt 0.189680 0.778705
vt 0.161029 0.689771
vt 0.151529 0.759027
vt 0.160480 0.732166
vt 0.360260 0.703139
vt 0.189331 0.764969
vt 0.185150 0.767875
vt 0.184826 0.767139
vt 0.136371 0.718005
vt 0.136799 0.735321
vt 0.339778 0.761101
vt 0.340410 0.759618
vt 0.169026 0.669963
vt 0.374313 0.684644
vt 0.366320 0.689774
vt 0.371461 0.677123
vt 0.163119 0.668237
vt 0.388968 0.667858
vt 0.385670 0.682470
vt 0.385504 0.718051
vt 0.385504 0.682462
vt 0.352227 0.667655
vt 0.385988 0.682745
vt 0.385670 0.717206
vt 0.325413 0.647895
vt 0.313138 0.647650
vt 0.385883 0.651015
vt 0.386191 0.640627
vt 0.386289 0.651185
vt 0.297915 0.647541
vt 0.155462 0.677417
vt 0.161316 0.689615
vt 0.161021 0.689775
vt 0.141139 0.771259
vt 0.137632 0.771656
vt 0.137588 0.769188
vt 0.318566 0.785111
vt 0.324318 0.796966
vt 0.136721 0.637628
vt 0.137032 0.635591
vt 0.137315 0.633807
vt 0.136879 0.751217
vt 0.137038 0.735354
vt 0.137118 0.751384
vt 0.136810 0.634932
vt 0.136799 0.664622
vt 0.136645 0.649155
vt 0.136773 0.699971
vt 0.137012 0.717995
vt 0.136773 0.718002
vt 0.376765 0.762365
vt 0.376953 0.763770
vt 0.376825 0.763879
vt 0.369183 0.763517
vt 0.370202 0.775318
vt 0.370031 0.775297
vt 0.146397 0.808993
vt 0.146669 0.810358
vt 0.362854 0.762840
vt 0.356976 0.763113
vt 0.356945 0.762655
vt 0.140702 0.671560
vt 0.140411 0.671650
vt 0.380583 0.684488
vt 0.375975 0.682180
vt 0.150858 0.764054
vt 0.158244 0.762761
vt 0.158631 0.762510
vt 0.158611 0.762714
vt 0.158581 0.763037
vt 0.369144 0.763065
vt 0.369322 0.763156
vt 0.344561 0.566599
vt 0.349222 0.569775
vt 0.139684 0.644834
vt 0.135638 0.648842
vt 0.134314 0.646230
vt 0.356499 0.627143
vt 0.371992 0.642143
vt 0.352438 0.635310
vt 0.152792 0.685074
vt 0.152923 0.685063
vt 0.170781 0.762660
vt 0.170418 0.762332
vt 0.145364 0.655267
vt 0.132689 0.776504
vt 0.136683 0.764827
vt 0.170066 0.774904
vt 0.170935 0.763128
vt 0.333570 0.760614
vt 0.333761 0.760668
vt 0.218172 0.800209
vt 0.222890 0.787254
vt 0.236335 0.784785
vt 0.256500 0.782275
vt 0.236257 0.785029
vt 0.257113 0.782538
vt 0.237879 0.785195
vt 0.403160 0.763128
vt 0.406152 0.774941
vt 0.402785 0.762768
vt 0.389400 0.764518
vt 0.399693 0.762544
vt 0.389930 0.764095
vt 0.390827 0.763736
vt 0.399757 0.762765
vt 0.402650 0.762399
vt 0.402764 0.762247
vt 0.402880 0.762389
vt 0.172522 0.775344
vt 0.172688 0.770437
vt 0.172695 0.775446
vt 0.223108 0.791631
vt 0.184839 0.767887
vt 0.184548 0.767220
vt 0.403017 0.762680
vt 0.291122 0.785945
vt 0.271444 0.783146
vt 0.290893 0.785202
vt 0.271153 0.782756
vt 0.270967 0.782491
vt 0.236375 0.785453
vt 0.236451 0.785202
vt 0.290969 0.785453
vt 0.304295 0.786815
vt 0.214558 0.786618
vt 0.131493 0.653817
vt 0.129833 0.650505
vt 0.326585 0.775618
vt 0.329313 0.770582
vt 0.323127 0.781142
vt 0.318353 0.784670
vt 0.322909 0.780779
vt 0.124577 0.762817
vt 0.124466 0.762657
vt 0.124654 0.762616
vt 0.127535 0.762959
vt 0.323207 0.780845
vt 0.127356 0.763582
vt 0.123963 0.599874
vt 0.123918 0.593968
vt 0.385587 0.650506
vt 0.385779 0.640381
vt 0.386191 0.759314
vt 0.343975 0.651188
vt 0.136695 0.637708
vt 0.136721 0.637628
vt 0.223023 0.791079
vt 0.214547 0.791011
vt 0.175677 0.642610
vt 0.136810 0.634932
vt 0.138173 0.613398
vt 0.214715 0.596161
vt 0.223137 0.595898
vt 0.223189 0.596086
vt 0.397032 0.734050
vt 0.396664 0.748763
vt 0.120887 0.805993
vt 0.120731 0.806332
vt 0.120664 0.805981
vt 0.354992 0.647744
vt 0.357930 0.650505
vt 0.343626 0.574562
vt 0.343275 0.574134
vt 0.180209 0.575645
vt 0.176902 0.574134
vt 0.180333 0.575193
vt 0.318448 0.804822
vt 0.309394 0.804935
vt 0.371792 0.642583
vt 0.381671 0.646030
vt 0.381866 0.645593
vt 0.329794 0.646782
vt 0.194226 0.645593
vt 0.196609 0.647213
vt 0.193682 0.646030
vt 0.124192 0.763156
vt 0.346311 0.565421
vt 0.347975 0.782611
vt 0.348006 0.784028
vt 0.348032 0.781832
vt 0.244518 0.606126
vt 0.137588 0.630755
vt 0.137632 0.628287
vt 0.141063 0.627710
vt 0.141136 0.625898
vt 0.331544 0.638671
vt 0.326314 0.638491
vt 0.332888 0.638508
vt 0.150877 0.597307
vt 0.376920 0.600145
vt 0.376654 0.597643
vt 0.140934 0.647463
vt 0.139987 0.644715
vt 0.141315 0.647387
vt 0.141063 0.772233
vt 0.151107 0.772755
vt 0.151043 0.773606
vt 0.348632 0.606820
vt 0.348572 0.606048
vt 0.191987 0.638652
vt 0.175598 0.642328
vt 0.176988 0.641400
vt 0.348740 0.606162
vt 0.348695 0.604805
vt 0.318509 0.595291
vt 0.318542 0.595672
vt 0.358839 0.567987
vt 0.359283 0.568392
vt 0.348826 0.568392
vt 0.158418 0.709821
vt 0.149362 0.690901
vt 0.149638 0.690783
vt 0.142479 0.787648
vt 0.152155 0.786457
vt 0.152353 0.787856
vt 0.152551 0.637116
vt 0.172044 0.629824
vt 0.368797 0.763495
vt 0.175528 0.641964
vt 0.139527 0.611380
vt 0.139618 0.610551
vt 0.139915 0.610232
vt 0.140202 0.671685
vt 0.159275 0.792408
vt 0.150391 0.763770
vt 0.406270 0.775361
vt 0.402900 0.763183
vt 0.195144 0.763658
vt 0.352059 0.576759
vt 0.166000 0.769579
vt 0.326448 0.775446
vt 0.169532 0.568044
vt 0.174586 0.576601
vt 0.168060 0.568392
vt 0.345281 0.650064
vt 0.348965 0.646323
vt 0.170860 0.776005
vt 0.203535 0.775746
vt 0.182028 0.651121
vt 0.182822 0.650161
vt 0.357474 0.721533
vt 0.350218 0.737395
vt 0.370741 0.781642
vt 0.351167 0.781670
vt 0.370672 0.780869
vt 0.380521 0.781358
vt 0.380464 0.780589
vt 0.344547 0.574745
vt 0.137192 0.696351
vt 0.137012 0.699971
vt 0.137012 0.681948
vt 0.137275 0.650445
vt 0.298617 0.638611
vt 0.267292 0.638295
vt 0.313199 0.638422
vt 0.137400 0.637329
vt 0.324796 0.638684
vt 0.125436 0.699971
vt 0.125269 0.684398
vt 0.125436 0.681942
vt 0.126063 0.764769
vt 0.127501 0.786261
vt 0.125783 0.764748
vt 0.125772 0.664773
vt 0.124025 0.794160
vt 0.124054 0.793773
vt 0.154030 0.674439
vt 0.399664 0.792784
vt 0.402575 0.792687
vt 0.368228 0.797650
vt 0.367846 0.797708
vt 0.370358 0.705322
vt 0.374780 0.722556
vt 0.368189 0.724575
vt 0.367296 0.740327
vt 0.156276 0.736430
vt 0.151666 0.756154
vt 0.152681 0.727884
vt 0.160481 0.699421
vt 0.159789 0.730633
vt 0.153935 0.699941
vt 0.236409 0.608202
vt 0.236383 0.608584
vt 0.236335 0.608754
vt 0.177140 0.660630
vt 0.179075 0.658126
vt 0.177480 0.660852
vt 0.158549 0.758437
vt 0.158549 0.764242
vt 0.157420 0.764069
vt 0.151371 0.761375
vt 0.158552 0.762640
vt 0.345815 0.734949
vt 0.353033 0.719068
vt 0.174852 0.674548
vt 0.174467 0.674669
vt 0.150061 0.802787
vt 0.151041 0.808730
vt 0.150125 0.804123
vt 0.376469 0.762342
vt 0.375359 0.732749
vt 0.374281 0.690685
vt 0.375236 0.718632
vt 0.375154 0.710042
vt 0.375547 0.724595
vt 0.376126 0.746478
vt 0.376008 0.739108
vt 0.366028 0.701067
vt 0.160078 0.733731
vt 0.160927 0.700418
vt 0.161530 0.684278
vt 0.161270 0.705625
vt 0.161116 0.705704
vt 0.280065 0.614557
vt 0.318864 0.616164
vt 0.160734 0.721594
vt 0.160089 0.743078
vt 0.160431 0.737395
vt 0.159987 0.750632
vt 0.153250 0.683828
vt 0.152529 0.715045
vt 0.151149 0.756045
vt 0.151597 0.736344
vt 0.151004 0.748498
vt 0.151443 0.736385
vt 0.151900 0.721873
vt 0.152253 0.714335
vt 0.151894 0.736351
vt 0.150897 0.754869
vt 0.152718 0.687897
vt 0.152959 0.683930
vt 0.344443 0.812378
vt 0.376551 0.764027
vt 0.375981 0.762828
vt 0.376911 0.762326
vt 0.344517 0.763879
vt 0.344342 0.763879
vt 0.344452 0.763770
vt 0.153018 0.682297
vt 0.153298 0.682139
vt 0.172141 0.785515
vt 0.376707 0.761107
vt 0.376811 0.761267
vt 0.376716 0.761325
vt 0.368475 0.767431
vt 0.369031 0.767194
vt 0.368498 0.767744
vt 0.368297 0.765812
vt 0.368985 0.767056
vt 0.367915 0.768744
vt 0.367481 0.766490
vt 0.181146 0.655981
vt 0.179234 0.658225
vt 0.366598 0.681388
vt 0.365545 0.687141
vt 0.365137 0.682497
vt 0.270863 0.782277
vt 0.291009 0.784785
vt 0.365708 0.680812
vt 0.365678 0.680090
vt 0.365430 0.680314
vt 0.178757 0.657887
vt 0.158981 0.764557
vt 0.158432 0.764470
vt 0.159067 0.762607
vt 0.159364 0.762804
vt 0.159514 0.763012
vt 0.189832 0.765971
vt 0.189980 0.765677
vt 0.190960 0.768194
vt 0.158958 0.764969
vt 0.159280 0.765122
vt 0.159257 0.765971
vt 0.159434 0.765677
vt 0.150692 0.759676
vt 0.150549 0.759562
vt 0.367940 0.762571
vt 0.376360 0.759754
vt 0.376839 0.761101
vt 0.151453 0.809872
vt 0.153753 0.683342
vt 0.151538 0.682297
vt 0.367335 0.768024
vt 0.152884 0.682410
vt 0.381671 0.629982
vt 0.383688 0.619122
vt 0.385100 0.632908
vt 0.160841 0.684499
vt 0.161309 0.680343
vt 0.149867 0.802807
vt 0.149929 0.802287
vt 0.149674 0.802267
vt 0.176265 0.664074
vt 0.149336 0.677371
vt 0.149640 0.677405
vt 0.149754 0.677954
vt 0.161679 0.677954
vt 0.161777 0.679657
vt 0.161617 0.679877
vt 0.149674 0.678211
vt 0.149929 0.678471
vt 0.161356 0.678471
vt 0.161673 0.684731
vt 0.390831 0.792527
vt 0.391634 0.792704
vt 0.256403 0.791359
vt 0.132047 0.806457
vt 0.132389 0.806285
vt 0.274441 0.805066
vt 0.354334 0.746896
vt 0.354374 0.753583
vt 0.353944 0.740328
vt 0.353674 0.724506
vt 0.353495 0.724447
vt 0.354287 0.732712
vt 0.353207 0.704586
vt 0.353034 0.704793
vt 0.353557 0.703040
vt 0.160892 0.739346
vt 0.161322 0.718809
vt 0.161501 0.718751
vt 0.160507 0.761099
vt 0.161703 0.725056
vt 0.161786 0.698552
vt 0.161982 0.697638
vt 0.162395 0.696100
vt 0.174089 0.710860
vt 0.175038 0.674303
vt 0.174455 0.702882
vt 0.174075 0.718809
vt 0.173268 0.740452
vt 0.173630 0.734689
vt 0.173204 0.747942
vt 0.173774 0.706814
vt 0.172204 0.760938
vt 0.181507 0.734961
vt 0.350873 0.660712
vt 0.348109 0.658225
vt 0.349697 0.660943
vt 0.386029 0.647388
vt 0.384422 0.650609
vt 0.179676 0.565669
vt 0.180328 0.565821
vt 0.169863 0.567679
vt 0.348151 0.784752
vt 0.348176 0.783967
vt 0.348017 0.655267
vt 0.366959 0.775490
vt 0.367346 0.775548
vt 0.186908 0.759562
vt 0.181840 0.748498
vt 0.324657 0.595416
vt 0.324692 0.595798
vt 0.162815 0.668193
vt 0.167034 0.653974
vt 0.164213 0.659218
vt 0.163486 0.663881
vt 0.169676 0.647811
vt 0.396883 0.640590
vt 0.397125 0.640549
vt 0.355373 0.765607
vt 0.352535 0.675255
vt 0.197510 0.791799
vt 0.394812 0.781370
vt 0.394642 0.782498
vt 0.394404 0.782408
vt 0.146615 0.684802
vt 0.150823 0.802519
vt 0.150490 0.799907
vt 0.364052 0.669429
vt 0.365070 0.678562
vt 0.364994 0.673426
vt 0.365331 0.678275
vt 0.364789 0.673386
vt 0.367634 0.769403
vt 0.367983 0.778405
vt 0.367788 0.778678
vt 0.329950 0.792408
vt 0.172133 0.770312
vt 0.376177 0.668376
vt 0.375863 0.668252
vt 0.197316 0.792128
vt 0.202656 0.797167
vt 0.202591 0.797307
vt 0.171689 0.797307
vt 0.171299 0.797384
vt 0.256476 0.803743
vt 0.392398 0.805304
vt 0.177154 0.657338
vt 0.177494 0.657593
vt 0.183002 0.763879
vt 0.182892 0.763770
vt 0.171957 0.785622
vt 0.197468 0.792290
vt 0.364783 0.668194
vt 0.332243 0.763571
vt 0.333624 0.760498
vt 0.347011 0.575193
vt 0.337371 0.579023
vt 0.368874 0.764211
vt 0.362243 0.654546
vt 0.364412 0.663758
vt 0.363677 0.659015
vt 0.313303 0.638657
vt 0.172008 0.792003
vt 0.174725 0.667824
vt 0.231855 0.799096
vt 0.172520 0.780169
vt 0.172691 0.780287
vt 0.172514 0.770352
vt 0.172685 0.763653
vt 0.354821 0.775344
vt 0.354656 0.770437
vt 0.172530 0.762783
vt 0.393127 0.764933
vt 0.403230 0.775781
vt 0.395562 0.776822
vt 0.204551 0.608819
vt 0.209104 0.608417
vt 0.209068 0.608800
vt 0.354649 0.775446
vt 0.354824 0.780169
vt 0.354653 0.780287
vt 0.355206 0.780116
vt 0.345522 0.570023
vt 0.367530 0.775655
vt 0.367381 0.780449
vt 0.204629 0.596262
vt 0.209194 0.596605
vt 0.204664 0.596651
vt 0.343913 0.763915
vt 0.344212 0.763854
vt 0.344163 0.764003
vt 0.367505 0.770568
vt 0.352723 0.680927
vt 0.352549 0.681078
vt 0.355007 0.766051
vt 0.354834 0.766184
vt 0.162196 0.677130
vt 0.162759 0.677033
vt 0.124464 0.762389
vt 0.124524 0.762174
vt 0.124580 0.762247
vt 0.162843 0.674227
vt 0.172749 0.760614
vt 0.361080 0.775376
vt 0.361098 0.780228
vt 0.160058 0.763442
vt 0.159957 0.760494
vt 0.160143 0.760263
vt 0.160407 0.770475
vt 0.160429 0.747942
vt 0.229468 0.647194
vt 0.245592 0.647363
vt 0.229350 0.647390
vt 0.202939 0.647241
vt 0.213935 0.647467
vt 0.199989 0.647655
vt 0.204116 0.646830
vt 0.214478 0.647224
vt 0.263550 0.646206
vt 0.397189 0.637794
vt 0.395611 0.621005
vt 0.395793 0.620880
vt 0.319993 0.623971
vt 0.284486 0.602026
vt 0.323751 0.615722
vt 0.377187 0.797295
vt 0.312486 0.650154
vt 0.297797 0.650317
vt 0.397466 0.716344
vt 0.397283 0.717482
vt 0.281685 0.641395
vt 0.281695 0.641226
vt 0.345195 0.794326
vt 0.348695 0.795139
vt 0.345323 0.795693
vt 0.298828 0.641482
vt 0.128426 0.637045
vt 0.172958 0.645303
vt 0.172920 0.645181
vt 0.396565 0.759328
vt 0.396982 0.748777
vt 0.396883 0.759352
vt 0.385455 0.638230
vt 0.385745 0.640328
vt 0.352565 0.718809
vt 0.223108 0.608312
vt 0.223078 0.608694
vt 0.362829 0.762511
vt 0.368713 0.762510
vt 0.368733 0.762714
vt 0.214608 0.608762
vt 0.223023 0.608864
vt 0.214547 0.608932
vt 0.399693 0.792620
vt 0.392136 0.793090
vt 0.402764 0.792745
vt 0.402820 0.792859
vt 0.402578 0.606747
vt 0.402820 0.607084
vt 0.352245 0.627857
vt 0.370672 0.619074
vt 0.371792 0.628652
vt 0.399657 0.606783
vt 0.392796 0.805496
vt 0.197550 0.646782
vt 0.202548 0.638684
vt 0.125943 0.762039
vt 0.402675 0.594569
vt 0.402878 0.594450
vt 0.402932 0.594573
vt 0.142479 0.612294
vt 0.152155 0.613486
vt 0.142253 0.613708
vt 0.152775 0.670425
vt 0.236451 0.595786
vt 0.350156 0.751104
vt 0.146761 0.810702
vt 0.146437 0.810385
vt 0.209164 0.596215
vt 0.214656 0.595973
vt 0.120693 0.599860
vt 0.120993 0.605756
vt 0.120770 0.605760
vt 0.243654 0.791649
vt 0.214741 0.596552
vt 0.223213 0.596477
vt 0.295373 0.805063
vt 0.295421 0.804894
vt 0.151124 0.775201
vt 0.309394 0.595008
vt 0.153199 0.638008
vt 0.145478 0.645593
vt 0.204639 0.602545
vt 0.318448 0.595121
vt 0.123981 0.806515
vt 0.123941 0.806352
vt 0.133470 0.805894
vt 0.406412 0.775992
vt 0.120731 0.593611
vt 0.120932 0.593590
vt 0.382661 0.655523
vt 0.393017 0.658212
vt 0.124096 0.793590
vt 0.135058 0.793670
vt 0.134341 0.794068
vt 0.121045 0.775589
vt 0.120940 0.775377
vt 0.121100 0.606292
vt 0.121045 0.606127
vt 0.334845 0.617175
vt 0.344516 0.618153
vt 0.171994 0.645332
vt 0.181332 0.651031
vt 0.170399 0.762655
vt 0.318615 0.607879
vt 0.180996 0.655878
vt 0.182348 0.654997
vt 0.191863 0.572782
vt 0.176177 0.576470
vt 0.183044 0.574349
vt 0.182797 0.574745
vt 0.355116 0.644711
vt 0.353092 0.643039
vt 0.355314 0.644935
vt 0.172030 0.644935
vt 0.173932 0.643535
vt 0.141554 0.794280
vt 0.140479 0.791614
vt 0.141749 0.794206
vt 0.360298 0.650720
vt 0.362416 0.654470
vt 0.360466 0.650629
vt 0.136435 0.664738
vt 0.136773 0.681942
vt 0.136352 0.681938
vt 0.359955 0.650943
vt 0.163843 0.659066
vt 0.163667 0.659015
vt 0.125843 0.649346
vt 0.394642 0.617445
vt 0.394874 0.618731
vt 0.177647 0.660943
vt 0.198068 0.770715
vt 0.200954 0.775655
vt 0.200759 0.775618
vt 0.396007 0.777111
vt 0.395297 0.777444
vt 0.253293 0.796635
vt 0.380743 0.657880
vt 0.379165 0.660712
vt 0.380573 0.657751
vt 0.175943 0.660335
vt 0.165461 0.654741
vt 0.164607 0.724447
vt 0.171926 0.740329
vt 0.343913 0.586778
vt 0.395851 0.653817
vt 0.393661 0.657777
vt 0.395682 0.653687
vt 0.397342 0.650374
vt 0.393383 0.657656
vt 0.136371 0.662612
vt 0.174296 0.719077
vt 0.298850 0.641311
vt 0.314265 0.641505
vt 0.398395 0.647627
vt 0.398675 0.647744
vt 0.380822 0.685062
vt 0.380944 0.685063
vt 0.382289 0.654470
vt 0.382517 0.654462
vt 0.186928 0.772626
vt 0.186177 0.771520
vt 0.187395 0.772931
vt 0.385652 0.762316
vt 0.384697 0.778608
vt 0.384294 0.778633
vt 0.138375 0.667858
vt 0.136833 0.664157
vt 0.138595 0.667847
vt 0.137141 0.664104
vt 0.138895 0.667776
vt 0.182063 0.650063
vt 0.255622 0.783659
vt 0.372848 0.674110
vt 0.375665 0.668194
vt 0.364744 0.705625
vt 0.342991 0.806463
vt 0.343013 0.805282
vt 0.344025 0.811050
vt 0.343566 0.811277
vt 0.344110 0.812835
vt 0.201518 0.785814
vt 0.274298 0.795647
vt 0.136201 0.777333
vt 0.355930 0.739108
vt 0.236516 0.596366
vt 0.395629 0.778718
vt 0.397188 0.762165
vt 0.395811 0.778841
vt 0.157971 0.710042
vt 0.148816 0.690201
vt 0.355203 0.775297
vt 0.165133 0.724356
vt 0.132940 0.656010
vt 0.133256 0.655974
vt 0.136604 0.664150
vt 0.179558 0.610523
vt 0.136323 0.637911
vt 0.172443 0.647876
vt 0.174667 0.646361
vt 0.174750 0.646495
vt 0.143057 0.677262
vt 0.140990 0.673426
vt 0.141097 0.673155
vt 0.388850 0.668193
vt 0.141268 0.672786
vt 0.138651 0.668038
vt 0.391248 0.662736
vt 0.393831 0.657903
vt 0.391420 0.662857
vt 0.188832 0.763012
vt 0.194633 0.763786
vt 0.341689 0.769703
vt 0.352369 0.647056
vt 0.345558 0.654756
vt 0.197388 0.792003
vt 0.202765 0.796939
vt 0.193006 0.785515
vt 0.295534 0.607648
vt 0.193587 0.760679
vt 0.144939 0.802883
vt 0.145368 0.803852
vt 0.138494 0.668193
vt 0.402864 0.793212
vt 0.343266 0.766222
vt 0.367467 0.763571
vt 0.341531 0.769353
vt 0.376078 0.764222
vt 0.339767 0.761267
vt 0.137270 0.652098
vt 0.344308 0.763673
vt 0.406324 0.775676
vt 0.380210 0.686513
vt 0.380010 0.661089
vt 0.135924 0.662857
vt 0.147321 0.686445
vt 0.350442 0.574134
vt 0.347135 0.575645
vt 0.203593 0.774893
vt 0.344353 0.763994
vt 0.124220 0.762761
vt 0.124064 0.763065
vt 0.344561 0.780950
vt 0.334568 0.781150
vt 0.334584 0.780290
vt 0.246028 0.610452
vt 0.373067 0.675806
vt 0.339680 0.761325
vt 0.185907 0.769583
vt 0.185496 0.769392
vt 0.185056 0.768901
vt 0.184559 0.767744
vt 0.342519 0.805347
vt 0.342796 0.805339
vt 0.326784 0.776161
vt 0.326525 0.775830
vt 0.124349 0.762802
vt 0.189585 0.578382
vt 0.182783 0.566599
vt 0.192760 0.570024
vt 0.146686 0.659116
vt 0.146420 0.684843
vt 0.385653 0.665728
vt 0.385486 0.665649
vt 0.394496 0.781327
vt 0.394088 0.782362
vt 0.204716 0.618424
vt 0.366044 0.680623
vt 0.145179 0.802882
vt 0.193326 0.760797
vt 0.144154 0.679536
vt 0.143265 0.678275
vt 0.144180 0.680090
vt 0.378438 0.664401
vt 0.171853 0.787270
vt 0.395371 0.621075
vt 0.397003 0.637852
vt 0.396760 0.637884
vt 0.395054 0.621108
vt 0.396442 0.637896
vt 0.396982 0.651166
vt 0.396664 0.651180
vt 0.172352 0.647744
vt 0.312688 0.786375
vt 0.357883 0.775488
vt 0.357496 0.775215
vt 0.172846 0.631150
vt 0.170844 0.627143
vt 0.369682 0.775869
vt 0.370033 0.775618
vt 0.370033 0.775838
vt 0.151107 0.627188
vt 0.151043 0.626337
vt 0.146601 0.657880
vt 0.148179 0.660712
vt 0.274444 0.804685
vt 0.158022 0.763154
vt 0.232049 0.799269
vt 0.309304 0.800568
vt 0.295373 0.799512
vt 0.232163 0.798908
vt 0.253477 0.796377
vt 0.402931 0.600832
vt 0.402685 0.594939
vt 0.402970 0.594931
vt 0.346137 0.653005
vt 0.344150 0.650813
vt 0.120816 0.775318
vt 0.344517 0.586818
vt 0.214656 0.803970
vt 0.151164 0.668377
vt 0.295299 0.798482
vt 0.151156 0.805131
vt 0.135940 0.777540
vt 0.124096 0.775921
vt 0.381422 0.658121
vt 0.158155 0.709958
vt 0.124184 0.763128
vt 0.182180 0.762326
vt 0.177188 0.751104
vt 0.150823 0.597424
vt 0.386066 0.637893
vt 0.384679 0.621118
vt 0.270239 0.782539
vt 0.269603 0.782928
vt 0.138000 0.764526
vt 0.363768 0.775439
vt 0.146771 0.657751
vt 0.142536 0.650670
vt 0.168444 0.680504
vt 0.160171 0.695680
vt 0.209104 0.791526
vt 0.209068 0.791143
vt 0.356926 0.762332
vt 0.329572 0.791794
vt 0.333948 0.785287
vt 0.341880 0.769756
vt 0.139235 0.656075
vt 0.187566 0.761101
vt 0.121100 0.793651
vt 0.209001 0.784090
vt 0.318453 0.784313
vt 0.137697 0.632100
vt 0.332615 0.763910
vt 0.382686 0.681078
vt 0.392935 0.764477
vt 0.332160 0.772410
vt 0.399167 0.763281
vt 0.181992 0.734689
vt 0.153771 0.681926
vt 0.160804 0.680355
vt 0.344521 0.650161
vt 0.361405 0.699812
vt 0.359792 0.702882
vt 0.372754 0.674303
vt 0.354458 0.648321
vt 0.352632 0.646768
vt 0.354750 0.648041
vt 0.139138 0.642328
vt 0.140233 0.644711
vt 0.387110 0.644711
vt 0.384188 0.650629
vt 0.390739 0.664150
vt 0.160021 0.770480
vt 0.138646 0.787937
vt 0.138797 0.789190
vt 0.138624 0.787937
vt 0.326390 0.775655
vt 0.197750 0.771374
vt 0.392414 0.594639
vt 0.372422 0.676235
vt 0.375074 0.670694
vt 0.374746 0.670533
vt 0.379615 0.660959
vt 0.372354 0.675667
vt 0.384646 0.640752
vt 0.374991 0.636694
vt 0.384864 0.640314
vt 0.351233 0.617499
vt 0.207351 0.623971
vt 0.385719 0.646323
vt 0.382556 0.644642
vt 0.165590 0.698552
vt 0.167375 0.702980
vt 0.167076 0.703143
vt 0.143160 0.652341
vt 0.132786 0.654993
vt 0.178041 0.753583
vt 0.243544 0.609696
vt 0.335480 0.604434
vt 0.335384 0.605840
vt 0.176273 0.736385
vt 0.213079 0.641505
vt 0.201696 0.641982
vt 0.201643 0.641809
vt 0.167993 0.701933
vt 0.159657 0.792460
vt 0.165397 0.797569
vt 0.159498 0.797708
vt 0.150736 0.679657
vt 0.153070 0.684731
vt 0.171414 0.739108
vt 0.120986 0.593443
vt 0.385653 0.637634
vt 0.384679 0.621118
vt 0.334349 0.785580
vt 0.201930 0.647895
vt 0.214206 0.647650
vt 0.229428 0.647541
vt 0.385464 0.761692
vt 0.385652 0.762317
vt 0.136811 0.765021
vt 0.151124 0.624742
vt 0.137032 0.764352
vt 0.137315 0.766136
vt 0.138624 0.612007
vt 0.138605 0.610915
vt 0.124411 0.762577
vt 0.124559 0.762770
vt 0.380521 0.618585
vt 0.172137 0.780116
vt 0.356563 0.762660
vt 0.356409 0.763128
vt 0.356389 0.762680
vt 0.399763 0.594965
vt 0.402820 0.762174
vt 0.356561 0.762357
vt 0.356406 0.762389
vt 0.356912 0.762128
vt 0.356560 0.762174
vt 0.189502 0.788387
vt 0.374793 0.637116
vt 0.182209 0.654889
vt 0.291170 0.785291
vt 0.291087 0.785029
vt 0.304321 0.786155
vt 0.151723 0.587923
vt 0.375620 0.588188
vt 0.151723 0.587923
vt 0.159877 0.763575
vt 0.124327 0.762680
vt 0.124769 0.762203
vt 0.402575 0.762203
vt 0.137451 0.764100
vt 0.127651 0.762544
vt 0.136513 0.763735
vt 0.120844 0.775436
vt 0.120758 0.775215
vt 0.256224 0.782752
vt 0.256380 0.782490
vt 0.255939 0.783140
vt 0.352356 0.675247
vt 0.236234 0.785906
vt 0.399989 0.763585
vt 0.402767 0.762817
vt 0.402878 0.762657
vt 0.183181 0.764003
vt 0.402690 0.762616
vt 0.374552 0.685074
vt 0.374622 0.686513
vt 0.351667 0.642610
vt 0.281875 0.611156
vt 0.281102 0.610377
vt 0.157662 0.775869
vt 0.157311 0.775838
vt 0.325499 0.642230
vt 0.325621 0.641982
vt 0.190008 0.579035
vt 0.183718 0.574562
vt 0.184069 0.574134
vt 0.136687 0.762233
vt 0.136362 0.762031
vt 0.174750 0.646495
vt 0.174889 0.646662
vt 0.369670 0.775624
vt 0.159254 0.785580
vt 0.369651 0.775281
vt 0.181033 0.565421
vt 0.242857 0.776501
vt 0.170844 0.626386
vt 0.170783 0.625534
vt 0.348032 0.618111
vt 0.137400 0.762614
vt 0.195800 0.638671
vt 0.201030 0.638491
vt 0.141139 0.628684
vt 0.137697 0.767843
vt 0.348632 0.793123
vt 0.348572 0.793894
vt 0.351745 0.642328
vt 0.335357 0.638652
vt 0.350355 0.641400
vt 0.348740 0.793781
vt 0.168505 0.567987
vt 0.345195 0.605617
vt 0.345323 0.604250
vt 0.158200 0.763065
vt 0.368762 0.763037
vt 0.351815 0.641964
vt 0.138959 0.613288
vt 0.139260 0.611828
vt 0.139527 0.788563
vt 0.139618 0.789392
vt 0.139259 0.788115
vt 0.388084 0.641964
vt 0.387817 0.642450
vt 0.343836 0.588700
vt 0.342520 0.594593
vt 0.175285 0.576759
vt 0.175594 0.576287
vt 0.176210 0.610886
vt 0.179519 0.611284
vt 0.176182 0.611584
vt 0.175080 0.642450
vt 0.256397 0.608033
vt 0.236470 0.602285
vt 0.159116 0.797650
vt 0.380464 0.619354
vt 0.137207 0.728961
vt 0.234683 0.638337
vt 0.264118 0.638536
vt 0.386065 0.762057
vt 0.395072 0.778617
vt 0.384697 0.778608
vt 0.137280 0.750653
vt 0.212991 0.638428
vt 0.214041 0.638657
vt 0.125269 0.717995
vt 0.361073 0.770358
vt 0.125757 0.699971
vt 0.125365 0.649378
vt 0.182827 0.763879
vt 0.182991 0.763994
vt 0.252342 0.795743
vt 0.363784 0.775692
vt 0.377187 0.602648
vt 0.151597 0.591967
vt 0.151957 0.589296
vt 0.375855 0.590136
vt 0.376121 0.592639
vt 0.376121 0.807304
vt 0.375855 0.809807
vt 0.151957 0.810647
vt 0.151597 0.807977
vt 0.151489 0.807743
vt 0.151822 0.810355
vt 0.151822 0.810355
vt 0.151489 0.592200
vt 0.151822 0.589589
vt 0.151822 0.589589
vt 0.151489 0.592200
vt 0.375854 0.807913
vt 0.375521 0.810568
vt 0.375521 0.810568
vt 0.151237 0.594637
vt 0.376388 0.595141
vt 0.150517 0.599977
vt 0.376388 0.804802
vt 0.151237 0.805306
vt 0.150157 0.797295
vt 0.152950 0.684843
vt 0.324418 0.796606
vt 0.376187 0.805259
vt 0.295508 0.601342
vt 0.295554 0.607256
vt 0.375854 0.592030
vt 0.375854 0.592030
vt 0.375521 0.589375
vt 0.375521 0.589375
vt 0.376187 0.594684
vt 0.376187 0.594684
vt 0.376520 0.597339
vt 0.376520 0.597339
vt 0.151156 0.594812
vt 0.376654 0.802300
vt 0.376853 0.599993
vt 0.150157 0.602648
vt 0.375854 0.592030
vt 0.375521 0.589375
vt 0.151822 0.810355
vt 0.151822 0.589589
vt 0.375854 0.807913
vt 0.195102 0.763575
vt 0.194961 0.763737
vt 0.333118 0.645593
vt 0.330735 0.647213
vt 0.204536 0.611319
vt 0.243572 0.608298
vt 0.151335 0.589658
vt 0.175099 0.635752
vt 0.207533 0.624417
vt 0.128669 0.608652
vt 0.128245 0.610926
vt 0.127965 0.610967
vt 0.373395 0.687703
vt 0.342793 0.594618
vt 0.172141 0.775297
vt 0.376608 0.679657
vt 0.159839 0.770568
vt 0.354988 0.740088
vt 0.375620 0.587923
vt 0.151723 0.588188
vt 0.343013 0.594660
vt 0.336458 0.653654
vt 0.138114 0.756920
vt 0.336690 0.653457
vt 0.339326 0.747942
vt 0.345352 0.734689
vt 0.371783 0.704793
vt 0.152190 0.710042
vt 0.375900 0.736385
vt 0.337750 0.765122
vt 0.365486 0.677405
vt 0.149674 0.597676
vt 0.125742 0.718005
vt 0.152722 0.686513
vt 0.135896 0.606469
vt 0.345533 0.565560
vt 0.197394 0.792408
vt 0.202687 0.797650
vt 0.366474 0.734689
vt 0.352889 0.702882
vt 0.356824 0.567448
vt 0.143639 0.650063
vt 0.146823 0.648428
vt 0.392452 0.804914
vt 0.304207 0.786566
vt 0.174794 0.681087
vt 0.180711 0.573875
vt 0.136407 0.699971
vt 0.369100 0.762761
vt 0.309541 0.601469
vt 0.356045 0.797384
vt 0.355909 0.792197
vt 0.352877 0.674669
vt 0.396714 0.665902
vt 0.242858 0.620986
vt 0.177346 0.572537
vt 0.202010 0.646839
vt 0.201462 0.650631
vt 0.184332 0.653591
vt 0.318509 0.800391
vt 0.324657 0.797650
vt 0.385790 0.647405
vt 0.345504 0.748498
vt 0.352264 0.642450
vt 0.261536 0.642676
vt 0.344561 0.618993
vt 0.201462 0.650631
vt 0.184580 0.653849
vt 0.184332 0.653591
vt 0.200337 0.642038
vt 0.180814 0.649609
vt 0.200480 0.642301
vt 0.228494 0.641311
vt 0.204477 0.780287
vt 0.235988 0.785886
vt 0.351167 0.618273
vt 0.170844 0.773557
vt 0.170783 0.774409
vt 0.204664 0.803292
vt 0.204590 0.791506
vt 0.366992 0.780380
vt 0.223169 0.602396
vt 0.160857 0.678809
vt 0.318557 0.791876
vt 0.283772 0.604864
vt 0.140233 0.608528
vt 0.353092 0.643039
vt 0.174889 0.646662
vt 0.175151 0.646950
vt 0.128949 0.647627
vt 0.355109 0.630248
vt 0.252724 0.796280
vt 0.169608 0.721873
vt 0.342518 0.767139
vt 0.342796 0.767220
vt 0.209068 0.783958
vt 0.377790 0.663758
vt 0.380507 0.684648
vt 0.380931 0.670944
vt 0.154837 0.683804
vt 0.128669 0.647744
vt 0.123918 0.805976
vt 0.120932 0.806353
vt 0.342784 0.767744
vt 0.343498 0.766184
vt 0.165544 0.792349
vt 0.256406 0.782054
vt 0.319811 0.626535
vt 0.178573 0.650813
vt 0.345170 0.762313
vt 0.374769 0.672200
vt 0.370186 0.775623
vt 0.134527 0.763896
vt 0.200559 0.775873
vt 0.134256 0.764938
vt 0.160888 0.721533
vt 0.125943 0.637886
vt 0.384255 0.621050
vt 0.384276 0.621092
vt 0.385653 0.637634
vt 0.152353 0.636694
vt 0.396565 0.640613
vt 0.386191 0.640627
vt 0.162600 0.705625
vt 0.383704 0.650064
vt 0.380521 0.648428
vt 0.406412 0.774904
vt 0.383878 0.651188
vt 0.383896 0.651201
vt 0.383720 0.652326
vt 0.245459 0.611159
vt 0.323195 0.650375
vt 0.312550 0.650440
vt 0.352245 0.635752
vt 0.165825 0.779061
vt 0.137005 0.610911
vt 0.139278 0.608591
vt 0.379336 0.660838
vt 0.154037 0.687897
vt 0.177126 0.737395
vt 0.352245 0.772086
vt 0.376236 0.634026
vt 0.357735 0.721873
vt 0.364411 0.707322
vt 0.383688 0.780821
vt 0.381671 0.769961
vt 0.385100 0.767035
vt 0.355300 0.629824
vt 0.120844 0.606120
vt 0.174906 0.635310
vt 0.155552 0.642583
vt 0.155351 0.642143
vt 0.386019 0.665870
vt 0.362811 0.762300
vt 0.197507 0.638581
vt 0.402636 0.600844
vt 0.226840 0.645963
vt 0.204753 0.646112
vt 0.204184 0.650662
vt 0.204146 0.650377
vt 0.383878 0.619669
vt 0.308946 0.642712
vt 0.291948 0.642661
vt 0.375705 0.758593
vt 0.343211 0.805284
vt 0.198217 0.770568
vt 0.376451 0.751221
vt 0.152289 0.707322
vt 0.368176 0.768901
vt 0.367961 0.771520
vt 0.184322 0.767194
vt 0.343021 0.767194
vt 0.193718 0.760494
vt 0.189594 0.765122
vt 0.153600 0.687299
vt 0.152816 0.683808
vt 0.161858 0.677405
vt 0.135940 0.793474
vt 0.274051 0.805238
vt 0.179312 0.565560
vt 0.160870 0.734689
vt 0.170520 0.567448
vt 0.176210 0.789057
vt 0.208787 0.799862
vt 0.208728 0.800010
vt 0.402864 0.606731
vt 0.204629 0.803681
vt 0.236270 0.642711
vt 0.349459 0.646019
vt 0.328360 0.642239
vt 0.375620 0.588188
vt 0.351134 0.576601
vt 0.343978 0.763757
vt 0.381807 0.655130
vt 0.204551 0.791124
vt 0.325621 0.641982
vt 0.325678 0.641808
vt 0.174252 0.643039
vt 0.140233 0.791415
vt 0.397062 0.650257
vt 0.159962 0.780449
vt 0.159814 0.775655
vt 0.149744 0.664014
vt 0.365055 0.674110
vt 0.394404 0.656010
vt 0.393569 0.658225
vt 0.325499 0.642239
vt 0.136362 0.762031
vt 0.145673 0.646030
vt 0.393030 0.646231
vt 0.351071 0.736385
vt 0.385444 0.675247
vt 0.390972 0.662612
vt 0.352133 0.671685
vt 0.366315 0.689771
vt 0.136394 0.635167
vt 0.162933 0.707322
vt 0.144596 0.680930
vt 0.396565 0.640613
vt 0.252895 0.796109
vt 0.318244 0.784442
vt 0.402690 0.594405
vt 0.159104 0.792290
vt 0.383704 0.781580
vt 0.270941 0.782054
vt 0.177650 0.646038
vt 0.198986 0.642238
vt 0.199014 0.642252
vt 0.151324 0.667352
vt 0.392796 0.763899
vt 0.138942 0.642610
vt 0.376853 0.599993
vt 0.176210 0.576601
vt 0.179558 0.577922
vt 0.136687 0.762233
vt 0.136721 0.762315
vt 0.385486 0.734294
vt 0.355655 0.797307
vt 0.204753 0.646113
vt 0.202028 0.642286
vt 0.136811 0.765021
vt 0.181811 0.565560
vt 0.399809 0.762959
vt 0.385745 0.759615
vt 0.136721 0.762315
vt 0.137022 0.764331
vt 0.319811 0.624417
vt 0.170860 0.623938
vt 0.133512 0.657903
vt 0.203607 0.622599
vt 0.171853 0.612673
vt 0.172044 0.611273
vt 0.204716 0.609917
vt 0.322628 0.618424
vt 0.309394 0.800811
vt 0.243654 0.604835
vt 0.335486 0.572780
vt 0.351617 0.664014
vt 0.164898 0.657903
vt 0.176799 0.620017
vt 0.120986 0.806500
vt 0.194455 0.638508
vt 0.329837 0.638581
vt 0.152353 0.612087
vt 0.139915 0.789711
vt 0.134314 0.608592
vt 0.137005 0.610911
vt 0.128245 0.610923
vt 0.371792 0.771291
vt 0.128245 0.610926
vt 0.128949 0.608607
vt 0.204753 0.646109
vt 0.204753 0.646114
vt 0.204146 0.650381
vt 0.200337 0.642038
vt 0.201696 0.641982
vt 0.128299 0.789196
vt 0.128669 0.791291
vt 0.128019 0.789154
vt 0.137766 0.787943
vt 0.384146 0.651430
vt 0.384164 0.651392
vt 0.384231 0.651417
vt 0.344335 0.653911
vt 0.351037 0.646355
vt 0.351292 0.646071
vt 0.351400 0.645947
vt 0.352632 0.646769
vt 0.344032 0.654186
vt 0.395497 0.780318
vt 0.395515 0.780332
vt 0.344156 0.654090
vt 0.342789 0.653552
vt 0.137763 0.787927
vt 0.127925 0.787914
vt 0.351491 0.645835
vt 0.351549 0.645742
vt 0.127782 0.786310
vt 0.127630 0.787873
vt 0.395629 0.778718
vt 0.395216 0.780230
vt 0.395052 0.781453
vt 0.394942 0.780195
vt 0.394812 0.781370
vt 0.394905 0.780195
vt 0.384567 0.780181
vt 0.384567 0.651540
vt 0.384559 0.780181
vt 0.384164 0.780204
vt 0.352771 0.646601
vt 0.200548 0.642454
vt 0.201829 0.642252
vt 0.136713 0.636299
vt 0.137022 0.635612
vt 0.385764 0.638986
vt 0.385745 0.640328
vt 0.385464 0.638251
vt 0.384169 0.619808
vt 0.384164 0.619739
vt 0.385759 0.760947
vt 0.136707 0.763651
vt 0.200330 0.642061
vt 0.137838 0.612068
vt 0.177256 0.645606
vt 0.176043 0.646062
vt 0.175931 0.645932
vt 0.177403 0.645770
vt 0.176297 0.646344
vt 0.177650 0.646038
vt 0.179628 0.650101
vt 0.397093 0.639182
vt 0.397251 0.639132
vt 0.202816 0.650691
vt 0.202783 0.650431
vt 0.183294 0.654173
vt 0.183325 0.654197
vt 0.395497 0.619625
vt 0.182997 0.653901
vt 0.183188 0.654090
vt 0.181946 0.654627
vt 0.198986 0.642238
vt 0.200286 0.641884
vt 0.200327 0.642019
vt 0.203353 0.646381
vt 0.200576 0.642440
vt 0.202010 0.646840
vt 0.137840 0.612016
vt 0.127923 0.612029
vt 0.175852 0.645835
vt 0.175792 0.645737
vt 0.127630 0.612070
vt 0.395611 0.621005
vt 0.395222 0.619712
vt 0.395372 0.619668
vt 0.395114 0.618648
vt 0.394942 0.619748
vt 0.394910 0.619748
vt 0.142777 0.651540
vt 0.132434 0.654184
vt 0.136292 0.636516
vt 0.125961 0.636527
vt 0.136323 0.637911
vt 0.386177 0.639241
vt 0.396547 0.639235
vt 0.396859 0.639217
vt 0.125509 0.636574
vt 0.125663 0.636545
vt 0.128275 0.637083
vt 0.125677 0.636542
vt 0.125783 0.635199
vt 0.384276 0.621092
vt 0.384560 0.619762
vt 0.143180 0.651392
vt 0.143160 0.652341
vt 0.142783 0.651537
vt 0.385766 0.638989
vt 0.385779 0.640381
vt 0.136394 0.635167
vt 0.136702 0.636289
vt 0.397311 0.759456
vt 0.397093 0.760761
vt 0.397251 0.760811
vt 0.397002 0.762103
vt 0.324528 0.650691
vt 0.323157 0.650662
vt 0.327057 0.641886
vt 0.327003 0.642044
vt 0.328195 0.642540
vt 0.326848 0.642339
vt 0.324561 0.650431
vt 0.396859 0.760726
vt 0.396441 0.762056
vt 0.396547 0.760708
vt 0.125961 0.763417
vt 0.136344 0.763426
vt 0.126063 0.764769
vt 0.125660 0.762012
vt 0.125509 0.763369
vt 0.125663 0.763398
vt 0.137952 0.756898
vt 0.125677 0.763401
vt 0.396441 0.762056
vt 0.386176 0.760702
vt 0.386065 0.762057
vt 0.385766 0.760954
vt 0.136445 0.764782
vt 0.136702 0.763654
vt 0.177403 0.645770
vt 0.198932 0.642065
vt 0.180209 0.779317
vt 0.375620 0.587923
vt 0.382403 0.681168
vt 0.139987 0.608593
vt 0.151538 0.810625
vt 0.138797 0.789190
vt 0.322793 0.780169
vt 0.385745 0.759615
vt 0.120645 0.775618
vt 0.402970 0.805012
vt 0.120770 0.794183
vt 0.146536 0.589250
vt 0.406698 0.775618
vt 0.344517 0.813125
vt 0.383896 0.780270
vt 0.178649 0.567987
vt 0.144941 0.681168
vt 0.139527 0.642450
vt 0.143448 0.651201
vt 0.137022 0.635612
vt 0.158273 0.762577
vt 0.348032 0.565560
vt 0.138624 0.612006
vt 0.358027 0.650374
vt 0.176799 0.574562
vt 0.348695 0.567987
vt 0.406527 0.775318
vt 0.187664 0.761325
vt 0.204590 0.608437
vt 0.367566 0.780574
vt 0.124332 0.762357
vt 0.169820 0.775436
vt 0.146536 0.810693
vt 0.209099 0.596029
vt 0.324752 0.607989
vt 0.357981 0.647405
vt 0.397510 0.650506
vt 0.350320 0.751221
vt 0.324752 0.791954
vt 0.132702 0.655981
vt 0.350545 0.574562
vt 0.169317 0.650374
vt 0.357524 0.775436
vt 0.357337 0.775212
vt 0.209099 0.803914
vt 0.170006 0.775212
vt 0.177024 0.751221
vt 0.145537 0.655130
vt 0.146399 0.685063
vt 0.384294 0.778633
vt 0.384270 0.778681
vt 0.403011 0.762357
vt 0.181946 0.654627
vt 0.375620 0.588188
vt 0.344231 0.569775
vt 0.383704 0.618363
vt 0.333662 0.646030
vt 0.180209 0.620626
vt 0.201494 0.650920
vt 0.199149 0.642817
vt 0.369071 0.762577
vt 0.214608 0.785845
vt 0.312736 0.785845
vt 0.386205 0.637494
vt 0.383896 0.619673
vt 0.347785 0.577922
vt 0.159777 0.780574
vt 0.394642 0.655981
vt 0.204551 0.780169
vt 0.137022 0.764331
vt 0.385270 0.646782
vt 0.385464 0.761692
vt 0.138012 0.786698
vt 0.384260 0.651427
vt 0.344019 0.654197
vt 0.395352 0.780268
vt 0.394905 0.654183
vt 0.384559 0.651537
vt 0.199149 0.642811
vt 0.136745 0.634906
vt 0.385871 0.640333
vt 0.385729 0.762322
vt 0.136611 0.762275
vt 0.201678 0.641945
vt 0.136868 0.610812
vt 0.395537 0.619594
vt 0.384567 0.619762
s 1
f 1411/1/1 1812/2/2 1410/3/3
f 946/4/4 1469/5/5 952/6/6
f 665/7/7 947/8/8 668/9/9
f 665/7/7 654/10/10 947/8/8
f 1053/11/11 693/12/12 367/13/13
f 1597/14/14 30/15/15 652/16/16
f 1466/17/17 318/18/18 958/19/19
f 1821/20/20 231/21/21 1421/22/22
f 949/23/23 317/24/24 316/25/25
f 105/26/26 949/23/23 1478/27/27
f 286/28/28 718/29/29 1087/30/30
f 950/31/31 320/32/32 319/33/33
f 1725/34/34 88/35/35 849/36/36
f 1423/37/37 844/38/38 1823/39/39
f 773/40/40 186/41/41 1681/42/42
f 1468/43/43 321/44/44 972/45/45
f 1564/46/46 596/47/47 597/48/48
f 377/49/49 98/50/50 109/51/51
f 952/6/6 323/52/52 310/53/53
f 1470/54/54 33/55/55 638/56/56
f 1471/57/57 638/56/56 301/58/58
f 310/53/53 1470/54/54 1471/57/57
f 1471/57/57 32/59/59 1480/60/60
f 952/6/6 310/53/53 650/61/61
f 1839/62/62 1457/63/63 1849/64/64
f 644/65/65 1472/66/66 35/67/67
f 953/68/68 644/65/65 305/69/69
f 953/68/68 324/70/70 1472/66/66
f 645/71/71 1489/72/72 1473/73/73
f 1137/74/74 21/75/75 396/76/76
f 953/68/68 314/77/77 324/70/70
f 324/70/70 654/10/10 665/7/7
f 37/78/78 325/79/79 954/80/80
f 955/81/81 642/82/82 641/83/83
f 955/81/81 641/83/83 303/84/84
f 954/80/80 666/85/85 955/81/81
f 1474/86/86 34/87/87 1485/88/88
f 956/89/89 1485/88/88 313/90/90
f 303/84/84 1474/86/86 955/81/81
f 954/80/80 1474/86/86 956/89/89
f 957/91/91 313/90/90 653/92/92
f 317/24/24 1571/93/93 1101/94/94
f 972/45/45 627/95/95 1487/96/96
f 1339/97/97 1786/98/98 528/99/99
f 367/100/13 1582/101/100 1118/102/101
f 103/103/102 1475/104/103 1476/105/104
f 302/106/105 1470/54/54 1476/105/104
f 1476/105/104 323/52/52 103/103/102
f 2066/107/106 1967/108/107 2064/109/108
f 104/110/109 356/111/110 298/112/111
f 631/113/112 618/114/113 1477/115/114
f 1477/115/114 291/116/115 960/117/116
f 298/112/111 960/117/116 104/110/109
f 960/117/116 619/118/117 1466/119/17
f 1766/120/118 1225/121/119 442/122/120
f 1070/123/121 612/124/122 1552/125/123
f 600/126/124 617/127/125 17/128/126
f 275/129/127 1479/130/128 600/126/124
f 1479/130/128 290/131/129 617/127/125
f 275/129/127 961/132/130 1479/130/128
f 962/133/131 650/61/61 310/53/53
f 325/79/79 1487/134/96 666/85/85
f 1322/135/132 1796/136/133 541/137/134
f 1310/138/135 819/139/136 1736/140/137
f 146/141/138 1637/142/139 1112/143/140
f 1905/144/141 1908/145/142 1937/144/143
f 1176/146/144 1172/147/145 1174/148/146
f 579/149/147 705/150/148 1551/151/149
f 965/152/150 964/153/151 949/23/23
f 966/154/152 319/33/33 295/155/153
f 935/156/154 557/157/155 559/158/156
f 629/159/157 626/160/158 23/161/159
f 296/162/160 1483/163/161 629/164/157
f 1483/163/161 295/155/153 626/165/158
f 1484/166/162 966/154/152 1483/163/161
f 1484/166/162 35/67/67 1472/66/66
f 967/167/163 1472/66/66 324/70/70
f 668/9/9 324/70/70 665/7/7
f 968/168/164 967/167/163 668/9/9
f 712/169/165 1149/170/166 1150/171/167
f 621/172/168 1485/88/88 34/87/87
f 969/173/169 313/90/90 1485/88/88
f 1681/42/42 64/174/170 773/40/40
f 582/175/171 1615/176/172 1603/177/173
f 1104/178/174 392/179/175 142/180/176
f 1681/42/42 429/181/177 1232/182/178
f 971/183/179 970/184/180 950/31/31
f 973/185/181 972/186/182 325/79/79
f 1487/187/96 25/188/183 643/189/184
f 666/85/85 643/190/184 304/191/185
f 1289/192/186 1686/193/187 452/194/188
f 323/52/52 959/195/189 103/103/102
f 325/79/79 37/78/78 951/196/190
f 325/79/79 951/196/190 973/185/181
f 1488/197/191 314/77/77 974/198/192
f 975/199/193 36/200/194 306/201/195
f 974/198/192 1489/72/72 975/199/193
f 646/202/196 661/203/197 1490/204/198
f 1490/204/198 322/205/199 976/206/200
f 306/201/195 1490/207/198 975/199/193
f 975/199/193 976/208/200 974/198/192
f 976/209/200 660/210/201 1468/43/43
f 974/198/192 1468/211/43 977/212/202
f 294/213/203 1591/214/204 624/215/205
f 108/216/206 1491/217/207 698/218/208
f 698/218/209 568/219/210 689/220/211
f 981/221/212 368/222/213 699/223/214
f 297/224/215 1494/225/216 27/226/217
f 983/227/218 354/228/219 1494/225/216
f 984/229/220 647/230/221 307/231/222
f 983/227/218 630/232/223 647/230/221
f 985/233/224 28/234/225 299/235/226
f 986/236/227 1495/237/228 985/233/224
f 648/238/229 285/239/230 986/236/227
f 299/235/226 648/238/229 985/233/224
f 359/240/231 360/241/232 308/242/233
f 635/243/234 1496/244/235 30/245/15
f 300/246/236 1496/244/235 635/243/234
f 308/242/233 1496/244/235 1497/247/237
f 1497/247/237 31/248/238 610/249/239
f 308/242/233 357/250/240 359/240/231
f 1266/251/241 1712/252/242 478/253/243
f 1436/254/244 554/255/245 552/256/246
f 1084/257/247 258/258/248 383/259/249
f 22/260/250 1103/261/251 661/203/197
f 1498/262/252 342/263/253 683/264/254
f 988/265/255 987/266/256 1498/262/252
f 593/267/257 701/268/258 1499/269/259
f 745/270/260 426/271/261 185/272/262
f 1690/273/263 466/274/264 1251/275/265
f 1250/276/266 1251/275/265 189/277/267
f 1663/278/268 1996/279/269 2114/280/270
f 726/281/271 403/282/272 402/283/273
f 44/284/274 727/285/275 726/286/271
f 1693/287/276 76/288/277 803/289/278
f 1254/290/279 805/291/280 1693/287/276
f 1268/292/281 821/293/282 482/294/283
f 190/295/284 1693/287/276 1255/296/285
f 137/297/286 1556/298/287 1079/299/288
f 1439/300/289 1838/301/290 1832/302/291
f 1802/303/292 435/304/293 1401/305/294
f 1577/306/295 5/307/296 570/308/297
f 1312/309/298 1984/310/299 1966/311/300
f 879/312/301 892/313/302 66/314/303
f 1695/315/304 77/316/305 806/317/306
f 414/318/307 1649/319/308 1190/320/309
f 1776/321/310 785/322/311 1747/323/312
f 995/324/313 1502/325/314 994/326/315
f 598/327/316 1518/328/317 1503/329/318
f 1503/329/318 347/330/319 995/324/313
f 2067/331/320 201/332/321 1720/333/322
f 280/334/323 1512/335/324 605/336/325
f 551/337/326 246/338/327 553/339/328
f 601/340/329 607/341/330 17/128/126
f 916/342/331 850/343/332 1818/344/333
f 1504/345/334 281/346/335 607/341/330
f 997/347/336 996/348/337 1504/345/334
f 803/289/278 810/349/338 1696/350/339
f 470/351/340 1696/350/339 1259/352/341
f 1612/353/342 389/354/343 312/355/344
f 997/347/336 998/356/345 996/348/337
f 1424/357/346 1825/358/347 1426/359/348
f 1262/360/349 814/361/350 1699/362/351
f 2048/363/352 2117/364/353 2050/365/354
f 192/366/355 1699/362/351 1263/367/356
f 580/368/357 1520/369/358 1507/370/359
f 1507/370/359 349/371/360 1001/372/361
f 1261/373/362 477/374/363 1262/360/349
f 1000/375/364 1001/372/361 112/376/365
f 357/250/240 1019/377/366 358/378/367
f 377/49/49 1535/379/368 1046/380/369
f 1139/381/370 700/382/371 379/383/372
f 526/384/373 219/385/374 880/386/375
f 797/387/376 799/388/377 72/389/378
f 144/390/379 1133/391/380 131/392/381
f 1265/393/382 817/394/383 479/395/384
f 193/396/385 1700/397/386 1265/393/382
f 663/398/387 984/229/220 355/399/388
f 1642/400/389 1171/401/390 1641/402/391
f 1346/403/392 64/404/393 530/405/394
f 1006/406/395 1005/407/396 1510/408/397
f 545/409/398 1820/410/399 917/411/400
f 131/392/381 1108/412/401 144/390/379
f 1700/413/386 80/414/402 817/415/383
f 114/416/403 1511/417/404 1007/418/405
f 114/416/403 342/263/253 987/266/256
f 605/336/325 610/249/239 31/248/238
f 1705/419/406 484/420/407 824/421/408
f 1236/422/409 776/423/410 447/424/411
f 1009/425/412 1008/426/413 1512/335/324
f 1958/427/414 1393/428/415 871/429/416
f 1270/430/417 797/387/376 1704/431/418
f 1271/432/419 823/433/420 484/420/407
f 1008/426/413 1513/434/421 1010/435/422
f 943/436/423 1010/435/422 114/416/403
f 825/437/424 827/438/425 83/439/426
f 220/440/427 1385/441/428 1339/97/97
f 980/442/429 97/443/430 371/444/431
f 1367/445/432 541/137/134 1429/446/433
f 1515/447/434 19/448/435 1523/449/436
f 1013/450/437 1523/449/436 360/241/232
f 1787/451/438 83/439/426 827/438/425
f 164/452/439 394/453/440 1122/454/441
f 597/48/48 709/455/442 1564/46/46
f 1175/456/443 1196/457/444 1172/147/145
f 1014/458/445 611/459/446 1516/460/447
f 1380/461/448 1381/462/449 233/463/450
f 831/464/451 830/465/452 1708/466/453
f 151/467/454 1590/468/455 1591/214/204
f 1131/469/456 139/470/457 1086/471/458
f 1275/472/459 1276/473/460 197/474/461
f 1415/475/462 227/476/463 228/477/464
f 1361/478/465 1418/479/466 1819/480/467
f 1518/328/317 27/226/217 1494/225/216
f 347/330/319 1494/225/216 354/228/219
f 275/129/127 281/346/335 1467/481/468
f 1519/482/469 17/128/126 607/341/330
f 275/129/127 600/126/124 1519/482/469
f 1502/325/314 10/483/470 599/484/471
f 1520/369/358 16/485/472 631/113/112
f 1017/486/473 631/113/112 298/112/111
f 298/112/111 356/111/110 1017/486/473
f 881/487/474 817/415/383 80/414/402
f 597/488/48 647/230/221 26/489/475
f 1018/490/476 307/231/222 647/230/221
f 1018/490/476 596/491/47 608/492/477
f 307/231/222 608/492/477 282/493/478
f 350/494/479 351/495/480 1019/377/366
f 1257/496/481 807/497/482 1695/315/304
f 1397/498/483 1801/499/484 1400/500/485
f 277/501/486 1495/237/228 1522/502/487
f 1522/502/487 358/378/367 1019/377/366
f 360/241/232 359/240/231 352/503/488
f 279/504/489 1523/449/436 19/448/435
f 1523/449/436 30/245/15 1496/244/235
f 1020/505/490 29/506/491 633/507/492
f 285/239/230 648/238/229 1020/505/490
f 633/507/492 611/459/446 1020/505/490
f 673/508/493 677/509/494 39/510/495
f 330/511/496 1524/512/497 673/508/493
f 1524/512/497 333/513/498 677/509/494
f 1525/514/499 1021/515/500 1524/512/497
f 674/516/501 1716/517/502 1525/514/503
f 1022/518/504 1716/517/505 268/519/506
f 331/520/507 1023/521/508 14/522/509
f 345/523/510 685/524/511 1023/525/508
f 1785/526/512 834/527/513 1809/528/514
f 2036/529/515 1060/530/516 940/531/517
f 1023/521/508 675/532/518 1526/533/519
f 1327/534/520 1757/535/521 519/536/522
f 2075/537/523 1813/538/524 1410/3/3
f 2017/539/525 2045/540/526 2035/541/527
f 1026/542/528 1025/543/529 1527/544/530
f 1026/542/531 670/545/532 843/546/533
f 1025/543/529 843/546/534 495/547/535
f 1297/548/536 852/549/537 501/550/538
f 1291/551/539 845/552/540 1721/553/541
f 893/554/542 865/555/543 81/556/544
f 293/557/545 1066/558/546 622/559/547
f 925/560/548 924/561/549 1834/562/550
f 476/563/551 1308/564/552 480/565/553
f 1666/566/554 425/567/555 1226/568/556
f 1888/569/557 1871/570/557 1898/570/557
f 1142/571/558 587/572/559 1606/573/560
f 157/574/561 1606/573/560 1143/575/562
f 1530/576/563 4/577/564 567/578/565
f 871/429/416 1969/579/566 1958/580/414
f 1805/581/567 826/582/568 836/583/569
f 1190/584/570 171/585/571 1185/586/572
f 1491/217/573 255/587/574 568/219/210
f 108/216/206 1037/588/575 1491/217/207
f 1038/589/576 363/590/577 254/591/578
f 513/592/579 1404/593/580 900/594/581
f 561/595/582 703/596/583 1/597/584
f 1294/598/585 850/599/332 1725/34/34
f 1295/600/586 849/36/36 499/601/587
f 204/602/588 1725/34/34 1295/600/586
f 1040/603/589 118/604/590 97/443/430
f 501/550/538 1727/605/591 1297/548/536
f 1298/606/592 831/607/451 488/608/593
f 1761/609/594 444/610/595 62/611/596
f 1534/612/597 40/613/598 1492/614/599
f 1618/615/600 22/260/250 646/202/196
f 106/616/601 650/61/61 962/133/131
f 205/617/602 1726/618/603 1297/548/536
f 699/223/214 571/619/604 1535/379/605
f 329/620/606 1622/621/607 671/622/608
f 1701/623/609 479/395/384 816/624/610
f 1301/625/611 1299/626/612 206/627/613
f 1729/628/614 78/629/615 854/630/616
f 111/631/617 1501/632/618 992/633/619
f 1127/634/620 604/635/621 1590/468/455
f 657/636/622 1567/637/623 658/638/624
f 1463/639/625 1412/640/626 1814/641/627
f 1001/372/361 101/642/628 112/376/365
f 1537/643/629 1/597/584 695/644/630
f 928/645/631 1447/646/632 555/647/633
f 2132/648/634 840/649/635 2008/650/636
f 1007/418/405 1521/651/637 351/495/480
f 981/221/212 369/652/638 694/653/639
f 109/51/51 1048/654/640 981/221/641
f 1538/655/642 256/656/643 1049/657/644
f 1051/658/645 1049/657/644 127/659/646
f 1539/660/647 3/661/648 679/662/649
f 1568/663/650 391/664/651 1097/665/652
f 1644/666/653 1168/667/654 1645/668/655
f 1526/533/519 1998/669/656 2097/670/657
f 860/671/658 818/672/659 1734/673/660
f 1527/544/530 2016/674/661 2019/675/662
f 928/645/631 923/676/663 548/677/664
f 209/678/665 1734/679/660 1308/564/552
f 327/680/666 1101/681/94 1100/682/667
f 1855/683/668 2010/684/669 842/685/670
f 507/686/671 1733/687/672 861/688/673
f 1307/689/674 1306/690/675 1733/687/672
f 1226/568/556 768/691/676 1677/692/677
f 728/693/678 400/694/679 405/695/680
f 937/696/681 265/697/682 987/266/256
f 702/698/683 591/699/684 1542/700/685
f 1542/701/685 271/702/686 1055/703/687
f 381/704/688 1542/705/685 1057/706/689
f 1057/706/689 1055/707/687 129/708/690
f 1845/709/691 923/676/663 933/710/692
f 963/711/693 962/133/131 1480/60/60
f 1949/712/694 1922/713/695 1923/712/695
f 235/714/696 901/715/697 900/594/581
f 1296/716/698 783/717/699 1726/618/603
f 1304/718/700 859/719/701 1732/720/702
f 1131/469/456 1593/721/703 1130/722/704
f 1718/723/705 2008/650/636 840/649/635
f 2064/724/108 1983/725/706 2126/726/707
f 1314/727/708 867/728/709 1737/729/710
f 871/429/416 1321/730/711 1969/731/566
f 1214/732/712 328/733/713 1213/734/714
f 404/735/715 1205/736/716 405/695/680
f 1738/737/717 472/738/718 806/317/306
f 1736/140/137 81/739/544 865/740/543
f 1314/727/708 1313/741/719 1738/737/717
f 250/742/720 1627/743/721 1109/744/722
f 1505/745/723 266/746/724 998/356/345
f 1346/403/392 1759/747/725 221/748/726
f 1002/749/727 608/492/477 1508/750/728
f 513/592/579 1740/751/729 870/752/730
f 894/753/731 1795/754/732 893/554/542
f 1396/755/733 830/465/452 1798/756/734
f 1193/757/735 172/758/736 174/759/737
f 1970/760/738 2014/761/739 1959/762/740
f 132/763/741 649/764/742 309/765/743
f 1836/766/744 1832/302/291 1831/767/745
f 1209/768/746 417/769/747 1203/770/748
f 1034/771/749 340/772/750 1027/773/751
f 1148/774/752 35/775/753 296/776/754
f 171/585/571 1180/777/755 1185/586/572
f 213/778/756 1741/779/757 1320/780/758
f 580/781/357 609/782/759 16/783/760
f 1744/784/761 477/785/363 813/786/762
f 1550/787/763 283/788/764 609/782/759
f 1068/789/765 1067/790/766 1550/787/763
f 822/791/767 821/293/282 1702/792/768
f 518/793/769 1743/794/770 1322/135/132
f 314/77/77 951/196/190 654/10/10
f 1322/135/132 1323/795/771 214/796/772
f 1552/125/123 15/797/773 598/798/316
f 1046/380/369 1044/799/774 125/800/775
f 1162/801/776 691/802/777 365/803/778
f 215/804/779 1746/805/780 1327/534/520
f 679/662/649 562/806/781 1575/807/782
f 1148/774/752 1615/176/172 1616/808/783
f 1745/809/784 473/810/785 1326/811/786
f 1325/812/787 1326/811/786 215/804/779
f 274/813/788 1503/329/318 994/326/315
f 988/265/255 989/814/789 110/815/790
f 637/816/791 710/817/792 32/818/59
f 1121/819/793 569/820/794 256/821/643
f 1075/822/795 710/817/792 1554/823/796
f 1319/824/797 873/825/798 1741/779/757
f 211/826/799 1737/729/710 1312/309/298
f 524/827/800 1748/828/801 1330/829/802
f 1748/828/801 434/830/803 1331/831/804
f 279/832/489 613/833/805 1147/834/806
f 861/688/673 786/835/807 785/836/311
f 1334/837/808 868/838/809 1751/839/810
f 1335/840/811 876/841/812 520/842/813
f 1820/410/814 497/843/815 846/844/816
f 1076/845/817 1077/846/818 136/847/819
f 1812/2/2 2070/848/820 2138/849/821
f 111/631/617 939/850/822 990/851/823
f 1287/852/824 840/649/635 493/853/825
f 1291/551/826 1290/854/827 1722/855/828
f 1078/856/829 1125/857/830 1588/858/831
f 516/859/832 1753/860/833 873/825/798
f 1645/668/655 738/861/834 1656/862/835
f 601/863/836 707/864/837 1559/865/838
f 1559/865/838 386/866/839 1083/867/840
f 1823/39/39 896/868/841 1821/20/20
f 1082/869/842 1083/867/840 138/870/843
f 1809/528/514 833/871/844 1810/872/845
f 993/873/846 343/874/847 344/875/848
f 370/876/849 1595/877/850 393/878/851
f 1341/879/852 1340/880/853 1755/881/854
f 581/882/855 575/883/856 1517/884/857
f 1086/471/458 1563/885/858 387/886/859
f 1340/880/853 816/887/610 479/888/384
f 220/440/427 1754/889/860 1340/880/853
f 1438/890/861 1437/891/862 239/892/863
f 15/797/773 649/764/742 27/893/217
f 1739/894/864 460/895/865 1317/896/866
f 1088/897/867 15/797/773 612/124/122
f 201/332/321 200/898/868 1461/899/869
f 1775/900/870 507/901/671 1372/902/871
f 1564/46/46 1089/903/872 1563/885/858
f 1161/904/873 1162/801/776 163/905/874
f 1090/906/875 709/455/442 389/354/343
f 1585/907/876 2058/908/877 1123/909/878
f 239/892/863 551/337/326 553/339/328
f 380/910/879 378/911/880 938/912/881
f 1079/299/288 594/913/882 273/914/883
f 530/405/394 1758/915/884 1346/403/392
f 578/916/885 608/492/477 596/491/47
f 1101/681/94 1102/917/886 1100/682/667
f 1256/918/887 474/919/888 1278/920/889
f 448/921/890 1348/922/891 777/923/892
f 1063/924/893 1062/925/894 1547/926/895
f 506/927/896 1363/928/897 1362/929/898
f 1696/350/339 475/930/899 1260/931/900
f 222/932/901 1761/609/594 1348/922/891
f 1095/933/902 32/818/59 710/817/792
f 1095/933/902 390/934/903 140/935/904
f 65/936/905 1348/922/891 531/937/906
f 1701/623/609 79/938/907 1712/252/242
f 206/627/613 1729/939/908 1301/625/611
f 1391/940/909 795/941/910 463/942/911
f 548/677/664 924/561/549 920/943/912
f 1227/944/913 767/945/914 751/946/915
f 1186/947/916 333/513/498 361/948/917
f 165/949/918 1636/950/919 1637/142/139
f 1616/808/783 1617/951/920 1148/774/752
f 551/337/921 1451/952/922 244/953/923
f 995/324/313 993/873/846 1502/325/314
f 391/664/651 319/33/924 320/32/925
f 1570/954/926 16/783/760 609/782/759
f 1099/955/927 609/782/759 283/788/764
f 1098/956/928 618/957/929 1570/954/926
f 141/958/930 1570/954/926 1099/955/927
f 65/936/905 1355/959/931 776/960/932
f 667/961/933 392/962/175 1562/963/934
f 656/964/935 708/965/936 1571/966/93
f 531/937/906 1765/967/937 1355/959/931
f 519/536/522 1739/894/864 514/968/938
f 172/758/939 1182/969/940 1186/970/941
f 1175/456/443 1206/971/942 1201/972/943
f 304/973/944 1094/974/945 140/935/904
f 1572/975/946 17/976/947 617/977/948
f 1104/178/174 617/977/948 290/978/129
f 1103/261/251 707/864/837 1572/975/946
f 142/180/176 1572/975/946 1104/178/174
f 290/131/129 1562/979/934 1104/980/174
f 51/981/949 1224/982/950 426/271/261
f 870/752/730 789/983/951 69/984/952
f 66/314/303 1358/985/953 525/986/954
f 1393/428/415 902/987/955 1794/988/956
f 233/463/450 1782/989/957 1382/990/958
f 494/991/959 1854/992/960 1464/993/961
f 427/994/962 1349/995/963 775/996/964
f 1574/997/965 14/522/509 1768/998/966
f 1083/867/840 294/213/203 138/870/843
f 1106/999/967 14/522/509 1574/997/965
f 128/1000/968 1030/1001/969 1052/1002/970
f 1650/1003/971 409/1004/972 735/1005/973
f 1557/1006/974 2039/1007/975 1080/1008/976
f 1430/1009/977 851/1010/978 501/1011/538
f 140/935/904 1566/1012/979 1095/933/902
f 1406/1013/980 56/1014/981 542/1015/982
f 1574/997/965 269/1016/983 1107/1017/984
f 887/1018/985 855/1019/986 89/1020/987
f 1765/1021/937 425/567/555 1756/1022/988
f 534/1023/989 1771/1024/990 887/1025/985
f 1364/1026/991 1363/928/897 1771/1024/992
f 915/1027/993 1818/344/333 1416/1028/994
f 1817/1029/995 228/477/464 1364/1026/991
f 1300/1030/996 812/1031/997 1729/939/908
f 1773/1032/998 502/1033/999 854/630/616
f 1367/445/432 875/1034/1000 518/793/769
f 355/399/388 307/231/222 948/1035/1001
f 1578/1036/1002 368/1037/213 1546/1038/1003
f 1114/1039/1004 1546/1038/1003 393/878/851
f 1726/618/603 782/1040/1005 852/549/537
f 1222/1041/1006 759/1042/1007 439/1043/1008
f 1115/1044/1009 694/1045/639 369/1046/638
f 147/1047/1010 1579/1048/1011 1115/1044/1009
f 1580/1049/1012 1/597/584 703/596/583
f 1981/1050/1013 2011/1051/1014 1952/1052/1015
f 1369/1053/1016 856/1054/1017 504/1055/1018
f 1349/995/963 1762/1056/1019 1351/1057/1020
f 1311/1058/1021 865/740/543 510/1059/1022
f 1372/902/871 861/1060/673 1776/321/310
f 1117/1061/1023 697/1062/1024 1581/1063/1025
f 148/1064/1026 1581/1063/1025 1118/102/101
f 1070/123/121 718/29/29 286/28/28
f 1371/1065/1027 881/487/474 1775/900/870
f 1854/992/960 532/1066/1028 1464/993/961
f 1371/1065/1027 1372/902/871 231/21/21
f 1583/1067/1029 3/661/648 569/820/794
f 1374/1068/1030 858/1069/1031 1778/1070/1032
f 1375/1071/1033 886/1072/1034 533/1073/1035
f 232/1074/1036 1778/1070/1032 1375/1071/1033
f 1121/819/793 366/1075/1037 1074/1076/1038
f 149/1077/1039 1074/1076/1038 394/453/440
f 1333/1078/1040 1992/1079/1041 1972/1080/1042
f 1987/1081/1043 804/1082/1044 1953/1083/1045
f 1052/1002/970 338/1084/1046 253/1085/1047
f 1737/729/710 1955/1086/1048 1984/1087/299
f 1978/1088/1049 889/1089/1050 910/1090/1051
f 272/1091/1052 1498/262/252 592/1092/1053
f 1782/1093/1054 73/1094/1055 889/1095/1056
f 1381/1096/449 798/1097/1057 1782/1093/1054
f 1976/1098/1058 1779/1099/1059 1382/990/958
f 203/1100/1060 1724/1101/1061 1293/1102/1062
f 212/1103/1063 1739/894/864 1317/896/866
f 1166/1104/1064 147/1047/1010 1116/1105/1065
f 1004/1106/1066 101/642/628 113/1107/1067
f 227/476/463 1770/1108/1068 1362/929/898
f 150/1109/1069 1588/858/831 1125/857/830
f 404/735/715 402/283/273 403/282/272
f 1785/526/512 482/1110/283 821/1111/282
f 1562/979/934 961/132/1070 316/25/25
f 1161/904/873 148/1064/1026 1119/1112/1071
f 1526/1113/519 2033/1114/1072 1024/1115/1073
f 1285/1116/1074 248/1117/1075 199/1118/1076
f 1384/1119/1077 820/1120/1078 482/1110/283
f 1051/658/645 373/1121/1079 982/1122/1080
f 1128/1123/1081 614/1124/1082 287/1125/1083
f 99/1126/1084 989/814/789 938/912/881
f 403/282/272 1200/1127/1085 404/735/715
f 1194/1128/1086 1195/1129/1087 175/1130/1088
f 1493/1131/1089 692/1132/1090 41/1133/1091
f 1395/1134/1092 214/796/772 1324/1135/1093
f 1130/722/704 572/1136/1094 258/258/248
f 1010/435/422 683/264/254 342/263/253
f 1356/1137/1095 1357/1138/1096 225/1139/1097
f 1131/469/456 1130/722/704 1594/1140/1098
f 1134/1141/1099 399/1142/1100 723/1143/1101
f 636/1144/1102 1596/1145/1103 31/1146/238
f 300/1147/236 1596/1145/1103 636/1144/1102
f 1136/1148/1104 1135/1149/1105 1596/1145/1103
f 1792/1150/1106 71/1151/1107 795/941/910
f 938/912/881 129/708/690 99/1126/1084
f 1351/1152/1020 883/1153/1108 530/405/394
f 775/996/964 1351/1057/1020 774/1154/1109
f 602/1155/1110 586/1156/1111 1505/745/723
f 1795/754/732 510/1157/1022 865/555/543
f 245/1158/1112 1848/1159/1113 1455/1160/1114
f 1733/687/672 459/1161/1115 786/835/807
f 1600/1162/1116 42/1163/1117 700/1164/1118
f 113/1107/1067 1509/1165/1119 1004/1106/1066
f 258/258/248 1629/1166/1120 1161/904/873
f 1092/1167/1121 1093/1168/1122 1091/1169/1123
f 920/943/912 1435/1170/1124 548/677/664
f 155/1171/1125 1139/1172/370 1601/1173/1126
f 1798/756/734 85/1174/1127 903/1175/1128
f 266/746/724 939/850/822 343/874/847
f 1784/1176/1129 81/556/544 820/1120/1078
f 1022/518/504 1021/515/500 1525/514/499
f 1281/1177/1130 834/1178/513 822/791/767
f 1603/177/173 292/1179/1131 1604/1180/1132
f 264/1181/1133 1592/1182/1134 584/1183/1135
f 1929/1184/1136 1935/1185/1137 1934/1186/1138
f 1605/1187/1139 267/1188/1140 1142/571/558
f 414/1189/1141 1170/1190/1142 1171/1191/1143
f 1801/499/484 484/1192/407 823/1193/420
f 1811/1194/1144 226/1195/1145 1409/1196/1146
f 1032/1197/1147 249/1198/1148 1047/1199/1149
f 1607/1200/1150 31/1146/238 1614/1201/1151
f 1608/1202/1152 1614/1201/1151 397/1203/1153
f 1399/1204/1154 824/1205/408 484/1192/407
f 991/1206/1155 588/1207/1156 270/1208/1157
f 1608/1202/1152 397/1203/1153 718/29/29
f 2007/1209/1158 1990/1210/1159 2131/1211/1160
f 1403/1212/1161 791/1213/1162 1804/14/1163
f 1144/1214/1164 720/1215/1165 1609/1150/1166
f 158/1216/1167 1609/1150/1166 1145/1217/1168
f 28/1218/225 655/1219/1169 1610/1220/1170
f 1366/1221/1171 853/1222/1172 502/1033/999
f 1949/1223/1173 1951/1224/1174 1950/1225/1175
f 1145/1217/1168 1611/1226/1176 158/1216/1167
f 1555/1227/1177 311/1228/1178 1077/846/818
f 1343/1229/1179 895/1230/1180 1404/593/580
f 301/1231/58 1555/1227/1177 1076/845/817
f 2058/908/877 724/1232/1181 1586/1233/1182
f 1613/1234/1183 287/1125/1083 614/1124/1082
f 1085/1235/1184 578/1236/885 1561/1237/1185
f 1614/1201/1151 31/1146/238 1596/1145/1103
f 397/1203/1153 1596/1145/1103 719/1238/1186
f 662/1239/1187 1465/1240/1188 356/111/110
f 212/1103/1063 1791/1241/1189 514/968/938
f 1367/445/432 1366/1221/1171 1773/1032/998
f 445/1242/1190 223/1243/1191 1354/1244/1192
f 1413/1245/1193 1414/1246/1194 1412/640/626
f 23/161/1195 292/1179/1131 629/159/1196
f 1091/1169/1123 620/1247/1197 621/1248/1198
f 100/1249/1199 998/356/345 343/874/847
f 36/1250/1200 315/1251/1201 1149/170/166
f 1150/171/167 28/1218/225 277/1252/486
f 1267/1253/1202 822/791/767 1702/792/768
f 876/841/812 807/1254/482 1745/809/784
f 1232/182/178 774/1154/1203 1681/42/42
f 1619/1255/1204 13/1256/1205 674/1257/1206
f 1259/352/341 1258/1258/1207 472/738/718
f 716/1259/1208 717/1260/1209 1619/1255/1204
f 969/173/169 653/92/92 313/90/90
f 673/508/1210 721/1261/1211 1620/1262/1212
f 1152/1263/1213 2119/1264/1214 1621/1265/1215
f 330/511/1216 1620/1262/1212 1151/1266/1217
f 1408/1267/1218 909/1268/1219 908/1269/1220
f 243/1270/1221 931/1271/1222 1844/1272/1223
f 1112/143/140 574/1273/1224 384/1274/1225
f 2024/1275/1226 678/1276/1227 1622/621/607
f 671/622/608 678/1276/1227 38/1277/1228
f 1816/1278/1229 543/1279/1230 913/1280/1231
f 678/1276/1227 2022/1281/1232 379/383/372
f 1154/1282/1233 1153/1283/1234 1622/621/607
f 914/1284/1235 912/1285/1236 1815/1286/1237
f 25/188/1238 1094/974/945 643/189/1239
f 1740/751/729 460/895/865 789/983/951
f 1221/1287/1240 760/1288/1241 1674/1289/1242
f 1626/1290/1243 382/1291/1244 1110/1292/1245
f 529/1293/1246 447/424/1247 224/1294/1248
f 153/1295/1249 1160/1296/1250 162/1297/1251
f 135/1298/1252 1552/125/123 1071/1299/1253
f 1102/1300/886 25/188/1238 627/1301/1254
f 958/1302/19 104/110/109 1466/119/17
f 1818/1303/333 500/1304/1255 1417/1305/1256
f 236/1306/1257 1818/1303/333 1417/1305/1256
f 1156/1307/1258 252/1308/1259 1626/1290/1243
f 173/1309/1260 1184/1310/1261 171/585/571
f 155/1171/1125 622/559/547 1137/74/74
f 1393/1311/415 515/1312/1262 871/1313/416
f 272/1091/1052 1499/269/259 988/265/255
f 550/1314/1263 1442/1315/1264 547/1316/1265
f 963/711/693 615/1317/1266 1481/1318/1267
f 1420/1319/1268 1419/1320/1269 1820/410/814
f 150/1109/1069 1586/1233/1182 1124/1321/1270
f 521/1322/1271 1424/357/346 1824/1323/1272
f 533/1324/1035 1819/480/1273 918/1325/1274
f 1805/581/567 835/1326/1275 1806/1327/1276
f 971/183/179 668/9/9 653/92/92
f 1512/335/324 610/249/239 605/336/325
f 229/1328/1277 1429/446/433 1428/1329/1278
f 690/1330/1279 1584/1331/1280 1630/1332/1281
f 1630/1332/1281 398/1333/1282 722/1334/1283
f 365/803/778 1630/1332/1281 1162/801/776
f 1162/801/776 722/1334/1283 163/905/874
f 713/1335/1284 1120/1336/1285 1634/1337/1286
f 164/452/439 1122/454/441 372/1338/1287
f 255/1339/574 1632/1340/1288 568/1341/210
f 1163/1342/1289 372/1338/1287 1632/1340/1288
f 1633/1343/1290 4/1344/564 714/1345/1291
f 1273/1346/1292 826/1347/568 486/1348/1293
f 202/1349/1294 1721/553/1295 1289/192/186
f 1354/1244/1192 1353/1350/1296 1764/1351/1297
f 1634/1337/1286 395/1352/1298 713/1335/1284
f 1164/1353/1299 1595/877/850 374/1354/1300
f 687/1355/1301 696/1356/1302 40/1357/598
f 1828/1358/1303 501/1011/538 852/1359/537
f 1635/1360/1304 374/1354/1300 696/1356/1302
f 1165/1361/1305 1164/1353/1299 1635/1360/1304
f 1827/1362/1306 85/1174/1127 851/1010/978
f 1320/780/758 805/1363/280 471/1364/1307
f 1786/98/98 1387/1365/1308 1788/1366/1309
f 1140/1367/1310 573/1368/1311 1602/1369/1312
f 1638/1370/1313 2/1371/1314 566/1372/1315
f 723/1143/1101 566/1372/1315 254/1373/578
f 1341/879/852 1386/1374/1316 220/440/427
f 166/1375/1317 1638/1370/1313 723/1143/1101
f 723/1143/1101 399/1142/1100 166/1375/1317
f 109/51/51 120/1376/1318 126/1377/1319
f 1620/1378/1212 2054/1379/1320 1152/1263/1213
f 1410/3/3 2138/1380/821 2075/537/523
f 39/510/495 724/1381/1321 721/1261/1322
f 1622/621/607 2021/1382/1323 2024/1383/1226
f 496/1384/1324 1722/855/1325 844/1385/38
f 700/1386/1118 38/1277/1326 678/1276/1327
f 2022/1387/1232 2099/1388/1328 379/383/372
f 1533/1389/1329 364/1390/1330 1042/1391/1331
f 1637/142/139 573/1368/1311 574/1273/1224
f 226/1195/1145 1768/998/966 1359/1392/1332
f 1812/2/2 226/1195/1145 1360/1393/1333
f 1303/1394/1334 855/1395/1335 503/1396/1336
f 1742/1397/1337 471/1398/1307 804/1082/1044
f 400/694/679 1646/1399/1338 1178/1400/1339
f 1440/1401/1340 1441/1402/1341 240/1403/1342
f 1301/625/1343 854/1404/616 502/1405/999
f 1840/1406/1344 547/1316/1345 1442/1315/1346
f 1444/1407/1347 1442/1315/1346 241/1408/1348
f 1182/1409/1349 677/509/494 333/513/498
f 241/1410/1348 1841/1411/1350 1444/1412/1347
f 1116/1105/1065 252/1413/1259 1166/1104/1064
f 726/286/271 735/1005/973 44/284/274
f 402/283/273 1650/1414/1351 726/281/271
f 555/647/633 1842/1415/1352 927/1416/1353
f 1447/646/632 1446/1417/1354 1842/1415/1352
f 1076/845/817 637/816/791 301/1231/58
f 414/1189/1141 1185/586/572 167/1418/1355
f 1651/1419/1356 38/1277/1228 729/1420/1357
f 1192/1421/1358 729/1420/1359 406/1422/1360
f 1191/1423/1361 686/1424/1362 1651/1425/1363
f 1932/1426/1364 1947/1427/1365 1946/1428/1366
f 1046/380/369 373/1121/1079 377/49/49
f 1392/1429/1367 1794/1430/956 1394/1431/1368
f 1449/1432/1369 1448/1433/1370 1843/1434/1371
f 45/1435/1372 735/1005/973 737/1436/1373
f 729/1437/1374 42/1438/1375 731/1439/1376
f 727/1440/275 737/1436/1373 1653/1441/1377
f 125/800/775 1536/1442/1378 1045/1443/1379
f 403/282/272 1653/1444/1380 1194/1445/1381
f 1451/952/922 1452/1446/1382 244/953/923
f 1332/1447/1383 1760/1448/1384 523/1449/1385
f 1455/1450/1114 934/1451/1386 1847/1452/1387
f 1453/1453/1388 925/1454/548 552/256/1389
f 1157/1455/1390 131/392/381 1133/391/380
f 1655/1456/1391 42/1438/1375 702/698/1392
f 1198/1457/1393 702/1458/1394 381/1459/688
f 1071/1299/1253 598/798/316 274/1460/788
f 112/376/365 1506/1461/1395 1000/375/364
f 1476/105/104 639/1462/1396 302/106/105
f 915/1027/993 1368/1463/1397 1829/1464/1398
f 584/1183/1135 613/833/805 19/1465/435
f 405/695/680 1657/1466/1399 728/693/678
f 348/1467/1400 307/231/222 282/493/478
f 1788/1366/1309 486/1468/1293 826/582/568
f 469/1469/1401 1456/1470/1402 1452/1471/1403
f 378/911/880 1207/1472/1404 1202/1473/1405
f 95/1474/1406 1833/1475/1407 920/943/912
f 800/1476/1408 1851/1477/1409 73/1094/1055
f 1144/1214/1164 305/1478/1410 644/1479/1411
f 1458/1480/1412 926/1481/1413 1850/1482/1414
f 247/1483/1415 1850/1482/1414 1459/1484/1416
f 725/1485/1417 1657/1466/1418 1646/1399/1419
f 1660/1486/1420 94/1487/1421 672/1488/1422
f 1661/1489/1423 672/1488/1422 329/620/606
f 181/1490/1424 1660/1491/1420 1661/1492/1423
f 686/1493/1425 671/622/608 38/1277/1228
f 362/1494/1426 1661/1492/1423 686/1424/1362
f 1661/1489/1423 329/620/606 671/622/608
f 936/1495/1427 670/1496/532 1662/1497/1428
f 2072/1498/1429 1986/1499/1430 2135/1500/1431
f 926/1481/1413 1438/890/1432 1836/766/744
f 1214/732/712 1213/734/714 332/1501/1433
f 208/1502/1434 1732/720/702 1305/1503/1435
f 536/1504/1436 66/314/303 892/313/302
f 1292/1505/1437 847/1506/1438 1724/1101/1439
f 1900/1223/1440 1902/1224/1441 1901/1225/1440
f 1263/367/356 812/1507/997 476/1508/551
f 1664/1509/1442 745/270/260 419/1510/1443
f 420/1511/1444 419/1510/1443 1245/1512/1445
f 1215/1513/1446 746/1514/1447 422/1515/1448
f 1670/1516/1449 421/1517/1450 1216/1518/1451
f 520/842/813 1745/809/784 1325/812/787
f 1035/1519/1452 698/218/208 1528/1520/1453
f 1528/1520/1454 689/220/211 690/1521/1279
f 1059/1522/1455 1058/1523/1456 1545/1524/1457
f 1678/1525/1458 429/181/177 746/1514/1447
f 427/994/1459 1667/1526/1460 53/1527/1461
f 1680/1528/1462 428/1529/1463 1667/1526/1460
f 1390/1530/1464 1391/940/909 1389/1531/1465
f 1705/419/406 796/1532/1466 483/1533/1467
f 1684/1534/1468 54/1535/1469 430/1536/1470
f 433/1537/1471 419/1510/1443 182/1538/1472
f 1228/1539/1473 419/1510/1443 745/270/260
f 1218/1540/1474 767/945/914 750/1541/1475
f 1218/1540/1474 750/1541/1475 434/1542/803
f 1228/1539/1473 751/946/915 1218/1540/1474
f 182/1538/1472 747/1543/1476 433/1537/1471
f 1218/1540/1474 749/1544/1477 747/1543/1476
f 1669/1545/1478 51/981/949 1664/1509/1442
f 183/1546/1479 1670/1516/1449 436/1547/1480
f 755/1548/1481 753/1549/1482 1671/1550/1483
f 168/1551/1484 1176/146/144 1177/1552/1485
f 436/1547/1480 1219/1553/1486 183/1546/1479
f 752/1554/1487 754/1555/1488 56/1556/1489
f 1219/1553/1486 754/1555/1488 752/1554/1487
f 183/1546/1479 1219/1553/1486 752/1554/1487
f 437/1557/1490 1216/1518/1451 184/1558/1491
f 1234/1559/1492 422/1515/1448 746/1514/1447
f 1672/1560/1493 58/1561/1494 757/1562/1495
f 1672/1560/1493 438/1563/1496 1673/1564/1497
f 1220/1565/1498 758/1566/1499 1672/1560/1493
f 184/1558/1491 1672/1560/1493 1673/1564/1497
f 1673/1564/1497 57/1567/1500 1235/1568/1501
f 184/1558/1491 1235/1568/1501 437/1557/1490
f 439/1043/1008 1665/1569/1502 1222/1041/1006
f 1222/1570/1006 423/1571/1503 433/1537/1471
f 747/1543/1476 761/1572/1504 1221/1287/1240
f 1475/1573/103 20/1574/1505 639/1575/1396
f 437/1557/1490 1683/1576/1506 1236/1577/1507
f 261/1578/1508 1508/750/728 578/916/885
f 1486/1579/1509 24/1580/1510 659/1581/1511
f 1223/1582/1512 744/1583/1513 441/1584/1514
f 424/1585/1515 1675/1586/1516 1223/1582/1517
f 441/1584/1514 762/1587/1518 1223/1582/1512
f 1223/1582/1517 440/1588/1519 424/1585/1515
f 1058/1523/1456 595/1589/1520 273/1590/883
f 1225/121/1521 764/1591/1522 1666/566/554
f 1224/982/950 1711/1592/1523 443/1593/1524
f 888/1594/1525 1721/553/541 845/1595/540
f 442/122/120 1676/1596/1526 765/1597/1527
f 1676/1596/1526 443/1593/1524 766/1598/1528
f 1225/121/1521 1224/982/950 1676/1596/1526
f 1118/102/101 1119/1112/1071 148/1064/1026
f 1258/1258/1207 806/317/306 472/738/718
f 185/272/262 1677/692/677 1227/944/913
f 130/1599/1529 940/531/517 1060/530/516
f 1228/1539/1473 1227/944/913 751/946/915
f 1231/1600/1530 769/1601/1531 1667/1526/1460
f 139/470/457 1561/1237/1185 1086/471/458
f 421/1517/1450 1678/1525/1458 1215/1513/1446
f 183/1546/1479 1678/1525/1458 421/1517/1450
f 1229/1602/1532 428/1529/1463 1678/1525/1458
f 1230/1603/1533 56/1556/1489 771/1604/1534
f 1229/1602/1532 752/1554/1487 1230/1603/1533
f 770/1605/1535 772/1606/1536 63/1607/1537
f 445/1608/1538 1679/1609/1539 770/1610/1535
f 1679/1609/1539 771/1604/1534 772/1611/1536
f 1231/1600/1530 1230/1603/1533 1679/1609/1539
f 186/41/41 746/1514/1447 429/181/177
f 775/996/1540 1680/1528/1462 427/994/1459
f 1232/182/178 429/181/177 1680/1528/1462
f 275/129/127 1478/27/27 961/132/130
f 1233/1612/1541 773/40/40 446/1613/1542
f 50/1614/1543 423/1571/1503 424/1585/1515
f 107/1615/1544 620/1616/1545 1486/1579/1509
f 758/1566/1499 446/1613/1542 58/1561/1494
f 1234/1559/1492 1233/1612/1541 758/1566/1499
f 447/424/411 1668/1617/1546 1236/422/409
f 1236/1577/1507 431/1618/1547 437/1557/1490
f 1683/1619/1506 65/936/1548 776/960/410
f 1279/1620/1549 1223/1582/1517 762/1587/1518
f 1235/1568/1501 777/1621/1550 1683/1576/1506
f 1181/1622/1551 1658/1623/1552 1648/1624/1553
f 436/1547/1480 1217/1625/1554 187/1626/1555
f 1684/1534/1468 430/1536/1470 781/1627/1556
f 1237/1628/1557 781/1627/1556 450/1629/1558
f 344/875/848 1545/1524/1457 684/1630/1559
f 780/1631/1560 778/1632/1561 1685/1633/1562
f 1685/1634/1562 449/1635/1563 1238/1636/1564
f 450/1637/1558 1685/1633/1562 1237/1638/1557
f 1237/1639/1565 1238/1636/1564 187/1626/1555
f 187/1626/1555 755/1548/1481 436/1547/1480
f 1238/1636/1564 779/1640/1566 755/1548/1481
f 1686/193/1567 451/1641/1568 1723/1642/1569
f 451/1641/1568 1686/193/1567 67/1643/1570
f 784/1644/1571 1730/1645/1572 1687/1646/1573
f 1688/1647/1574 69/1648/952 789/1649/951
f 1243/1650/1575 789/1649/951 460/1651/865
f 1242/1652/1576 1688/1647/1574 1243/1650/1575
f 787/1653/1577 460/1651/865 788/1654/1578
f 1244/1655/1579 1243/1650/1575 787/1653/1577
f 1689/1656/1580 461/1657/1581 1247/1658/1582
f 1283/1659/1583 1689/1656/1580 1246/1660/1584
f 1247/1658/1582 792/1661/1585 790/1662/1586
f 1246/1660/1584 790/1662/1586 1248/1663/1587
f 1249/1664/1588 82/1665/1589 794/1666/1590
f 1249/1664/1588 794/1666/1590 463/1667/911
f 793/1668/1591 795/1669/910 71/1670/1107
f 464/1671/1592 793/1668/1591 462/1672/1593
f 793/1668/1591 463/1667/911 795/1669/910
f 800/1476/1408 798/1097/1594 1690/273/263
f 1755/881/854 479/888/384 817/415/383
f 1499/269/259 380/910/879 989/814/789
f 1597/14/14 312/355/344 1598/1673/1595
f 592/1092/1053 683/264/254 12/1674/1596
f 512/1675/1597 1738/737/717 868/1676/809
f 1138/1677/1598 1137/74/74 1599/1678/1599
f 971/183/179 1486/1579/1509 970/184/180
f 469/1469/1401 801/1679/1600 468/1680/1601
f 802/1681/1602 74/1682/1603 801/1683/1600
f 1124/1684/1270 593/267/1604 272/1091/1052
f 116/1685/1605 1516/460/447 1015/1686/1606
f 446/1687/1607 524/827/800 58/1688/1608
f 1045/1443/1379 681/1689/1609 339/1690/1610
f 276/1691/1611 1505/745/723 997/347/336
f 990/851/823 586/1156/1111 1500/1692/1612
f 1097/665/652 1567/637/623 1568/663/650
f 1269/1693/1613 1270/430/417 194/1694/1614
f 210/1695/1615 1736/140/137 1311/1058/1021
f 675/532/518 2093/1696/1616 1998/1697/656
f 1610/1220/1170 315/1251/1201 1611/1226/1176
f 198/1698/1617 1279/1620/1549 478/253/243
f 1278/920/889 1694/1699/1618 1256/918/887
f 1085/1235/1184 1084/257/247 1560/1700/1619
f 993/873/846 684/1630/1559 1502/325/314
f 994/326/315 599/484/471 274/813/788
f 1256/918/887 1695/315/304 1258/1258/1207
f 1989/1701/1620 867/1702/709 1750/1703/1621
f 1348/922/891 884/1704/1622 531/937/906
f 1874/1705/1623 1902/1706/1624 1879/1705/1624
f 1259/352/341 1260/931/900 191/1707/1625
f 1710/1708/1626 811/1709/1627 61/1710/1628
f 474/919/888 1697/1711/1629 1710/1708/1626
f 276/1691/1611 1504/345/334 601/340/329
f 191/1707/1625 1260/931/900 1697/1711/1629
f 815/1712/1630 813/1713/762 1698/1714/1631
f 1279/1620/1549 1698/1714/1631 1261/373/362
f 1261/373/362 1262/360/349 192/366/355
f 1506/1715/1395 5/307/296 579/149/147
f 1272/1716/1632 1283/1659/1583 462/1672/1593
f 1127/634/620 1126/1717/1633 1589/1718/1634
f 305/69/69 1473/73/73 953/68/68
f 1509/1719/1119 8/1720/1635 565/1721/1636
f 64/404/393 1351/1152/1020 530/405/394
f 1004/1106/1066 565/1722/1636 253/1723/1047
f 1806/1327/1276 71/1151/1107 901/715/697
f 455/1724/1637 1240/1725/1638 783/717/699
f 1252/1726/1639 1251/275/265 1691/1727/1640
f 1758/915/884 59/1728/1641 760/1729/1241
f 1003/1730/1642 1002/749/727 1508/750/728
f 875/1034/1000 814/1731/350 1743/794/770
f 1006/406/395 603/1732/1643 1511/417/404
f 1616/808/783 634/1733/1644 633/1734/492
f 169/1735/1645 738/1736/1646 1180/777/1647
f 967/167/163 1482/1737/1648 966/154/152
f 1510/408/397 265/697/682 585/1738/1649
f 278/1739/1650 1510/408/397 604/1740/621
f 1021/515/500 1212/1741/1651 361/948/917
f 1547/926/895 389/354/343 709/455/442
f 1513/434/421 12/1674/1596 683/264/254
f 1003/1730/1642 577/1742/1652 1509/1165/1119
f 1387/1365/1308 827/438/425 486/1468/1293
f 195/1743/1653 1704/431/418 1271/432/419
f 796/1532/1466 824/421/408 82/1665/1589
f 1118/102/101 692/1744/1090 367/100/13
f 1707/1745/1654 486/1348/1293 827/1746/425
f 195/1743/1653 1271/432/419 1705/419/406
f 1706/1747/1655 836/1748/569 826/1347/568
f 1012/1749/1656 584/1750/1135 1515/447/434
f 1272/1716/1632 828/1751/1657 1706/1747/1655
f 1388/1752/1658 230/1753/1659 1370/1754/1660
f 1420/1319/1661 918/1325/1274 1819/480/1273
f 1514/1755/1662 341/1756/1663 682/1757/1664
f 264/1758/1133 1514/1759/1662 583/1760/1665
f 1012/1749/1656 1011/1761/1666 1514/1759/1662
f 405/695/680 401/1762/1667 404/735/715
f 263/1763/1668 1517/1764/857 1015/1686/1606
f 1517/1765/857 259/1766/1669 1016/1767/1670
f 1096/1768/1671 616/1769/1672 1567/1770/623
f 356/111/110 959/195/189 662/1239/1187
f 1015/1686/1606 582/1771/171 263/1763/1668
f 127/659/646 98/50/50 1051/658/645
f 809/1772/1673 788/1654/1578 832/1773/1674
f 1278/920/889 787/1653/1577 809/1772/1673
f 474/919/888 1710/1708/1626 443/1593/1524
f 474/919/888 443/1593/1524 1711/1592/1523
f 50/1614/1543 440/1588/1519 1279/1620/1549
f 1279/1620/1549 762/1587/1518 815/1712/1630
f 1067/790/766 1604/1180/1132 283/788/764
f 1713/1774/1675 79/938/907 489/1775/1676
f 198/1698/1617 1712/252/242 1713/1774/1675
f 1688/1647/1574 489/1775/1676 69/1648/952
f 198/1698/1617 1713/1774/1675 1688/1647/1574
f 790/1662/1586 833/1776/844 1281/1177/1130
f 1248/1663/1587 1281/1177/1130 1280/1777/1677
f 917/1778/400 846/1779/1678 87/1780/1679
f 1280/1777/1677 822/791/767 1282/1781/1680
f 483/1533/1467 1280/1777/1677 1282/1781/1680
f 828/1751/1657 71/1670/1107 835/1782/1275
f 828/1751/1657 835/1782/1275 836/1748/569
f 1011/1761/1666 102/1783/1681 944/1784/1682
f 1714/1785/1683 490/1786/1684 1715/1787/1685
f 1277/1788/1686 1714/1785/1683 1283/1659/1583
f 1715/1787/1685 70/1789/1687 1689/1656/1580
f 1284/1790/1688 13/1791/1689 492/1792/1690
f 199/1118/1076 1716/517/505 1284/1790/1691
f 837/1793/1692 838/1794/1693 86/1795/1694
f 491/1796/1695 1717/1797/1696 837/1793/1692
f 1717/1797/1696 492/1792/1690 838/1794/1693
f 1285/1116/1074 1284/1790/1691 1717/1797/1696
f 345/523/510 1210/1798/1697 200/898/868
f 2096/1799/1698 2004/1800/1699 2111/1801/1700
f 1433/1802/1701 549/1803/1702 1434/1804/1703
f 1922/1225/1704 1907/1805/1705 1926/1224/1706
f 1286/1806/1707 1287/1807/824 200/898/868
f 685/1808/511 839/1809/1708 14/522/509
f 200/898/868 685/524/511 345/523/510
f 685/1808/511 493/853/825 839/1809/1708
f 1719/1810/1709 670/545/532 841/1811/1710
f 558/1812/1711 1846/1813/1712 1451/1814/922
f 495/547/535 843/546/534 1719/1810/1713
f 201/332/321 1719/1810/1713 1288/1815/1714
f 2113/1816/1715 2002/1817/1716 2117/1818/353
f 2070/1819/820 1769/1820/1717 2132/1821/634
f 721/1822/1211 2055/1823/1718 1620/1378/1212
f 201/332/321 1288/1815/1714 1720/333/322
f 1721/553/541 67/1643/1570 1686/193/1567
f 163/905/874 1581/1063/1025 148/1064/1026
f 1611/1226/1176 299/1824/226 1610/1220/1170
f 121/1825/1719 1528/1520/1453 1033/1826/1720
f 1132/1827/1721 337/1828/1722 1155/1829/1723
f 1529/1830/1724 365/1831/778 691/1832/777
f 339/1690/1610 1030/1001/969 1045/1443/1379
f 1034/771/749 1033/1826/1720 1529/1830/1725
f 498/1833/1726 1723/1642/1569 451/1641/1568
f 1292/1505/1727 453/1834/1728 1723/1642/1729
f 1724/1101/1439 87/1835/1679 846/1836/1678
f 1036/1837/1730 563/1838/1731 1530/576/1732
f 739/1839/1733 1659/1840/1734 1647/1841/1735
f 122/1842/1736 1530/576/1732 1037/588/575
f 1295/600/586 848/1843/1737 1240/1725/1638
f 1443/1844/1738 556/1845/1739 491/1796/1695
f 2073/1846/1740 1855/683/668 1463/639/625
f 1532/1847/1741 2/1848/1314 680/1849/1742
f 1197/1850/1743 732/1851/1744 407/1852/1745
f 1143/575/562 605/1853/325 1607/1200/1150
f 1770/1108/1068 506/927/896 1362/929/898
f 536/1504/1436 1785/526/512 1809/528/514
f 1042/1391/1331 687/1854/1301 1534/612/597
f 1091/1169/1123 651/1855/1746 1092/1167/1121
f 1355/1856/931 1756/1857/988 224/1294/1248
f 575/1858/856 688/1859/1747 1533/1389/1329
f 334/1860/1748 1050/1861/1749 335/1862/1750
f 924/561/549 1835/1863/1751 1834/562/550
f 1041/1864/1752 1042/1391/1331 124/1865/1753
f 853/1866/1172 1687/1646/1573 1728/1867/1754
f 557/157/155 1843/1434/1371 930/1868/1755
f 1535/379/605 257/1869/1756 1044/799/1757
f 1187/1870/1758 170/1871/1759 172/758/736
f 341/1756/1663 944/1872/1682 340/772/750
f 1044/799/1757 570/1873/297 1536/1442/1760
f 1644/666/653 168/1551/1761 1177/1552/1762
f 1261/373/362 478/253/243 1279/1620/1549
f 504/1874/1018 1730/1645/1572 784/1644/1571
f 1302/1875/1763 457/1876/1764 1730/1645/1765
f 1731/1877/1766 89/1020/987 855/1019/986
f 1047/1199/1149 561/1878/1767 1537/1879/1768
f 1335/840/811 1379/1880/1769 218/1881/1770
f 126/1377/1319 1537/1879/1768 1048/654/640
f 505/1882/1771 1241/1883/1772 1305/1503/1435
f 1305/1503/1435 458/1884/1773 208/1502/1434
f 1002/749/727 348/1467/1400 282/493/478
f 1732/1885/702 90/1886/1774 858/1069/1031
f 1049/657/644 569/1887/794 1539/1888/647
f 734/1889/1775 1188/1890/1776 1649/319/308
f 1250/276/266 1309/1891/1777 467/1892/1778
f 277/1252/486 712/169/165 1150/171/167
f 165/949/918 1578/1036/1002 1114/1039/1004
f 1062/925/894 312/355/344 389/354/343
f 237/1893/1779 1819/480/467 1418/479/466
f 269/1016/983 716/1259/1208 1107/1017/984
f 253/1085/1047 1540/1894/1780 1052/1002/970
f 1544/1895/1781 2005/1896/1782 595/1589/1520
f 175/1130/1088 741/1897/1783 1196/457/1784
f 863/1898/1785 508/1899/1786 862/1900/1787
f 864/1901/1788 866/1902/1789 1735/1903/1790
f 1735/1904/1790 511/1905/1791 1309/1891/1777
f 510/1906/1022 1735/1907/1790 1311/1908/1021
f 1311/1058/1021 1309/1891/1777 210/1695/1615
f 1543/1909/1792 11/1910/1793 585/1738/1649
f 1055/707/687 590/1911/1794 1543/1909/1792
f 160/1912/1795 1623/1913/1796 1624/1914/1797
f 129/708/690 1543/1909/1792 1056/1915/1798
f 1703/1916/1799 482/294/283 820/1917/1078
f 1213/734/714 676/1918/1800 332/1501/1433
f 595/1919/1520 2105/1920/1801 1557/1006/974
f 296/776/754 292/1179/1131 1148/774/752
f 760/1729/1241 1759/747/725 1758/915/884
f 130/1599/1529 1544/1895/1781 1058/1523/1456
f 684/1630/1559 594/1921/882 10/483/470
f 1545/1524/1457 273/1590/883 594/1921/882
f 1797/1922/1802 487/1923/1803 1396/755/733
f 1129/1924/1804 1128/1123/1081 1592/1182/1134
f 1315/1925/1805 784/1926/1571 68/1927/1806
f 1743/794/770 477/785/363 1323/795/771
f 1781/1928/1807 72/1929/378 799/1930/377
f 465/1931/1808 481/1932/1809 1252/1726/1639
f 1880/1225/1810 1858/1805/1811 1873/1224/1811
f 297/1933/215 1547/926/895 630/1934/223
f 320/32/925 1096/1935/1671 1097/665/652
f 588/1936/1156 576/1937/1812 1549/1938/1813
f 1065/1939/1814 588/1936/1156 1549/1938/1813
f 1066/558/546 576/1937/1812 260/1940/1815
f 219/385/374 1753/860/833 1338/1941/1816
f 132/763/741 1135/1149/1105 154/1942/1817
f 1720/333/1818 494/1943/1819 842/1944/1820
f 1109/744/1821 1160/1296/1250 144/390/379
f 1065/1939/1814 1064/1945/1822 1548/1946/1823
f 465/1931/1808 1691/1727/1640 797/387/376
f 1423/37/37 1821/20/20 1421/22/22
f 615/1947/1266 656/964/935 1481/1948/1267
f 1590/468/455 11/1949/1793 715/1950/1824
f 874/1951/1825 813/786/762 60/1952/1826
f 517/1953/1827 1744/784/761 874/1951/1825
f 2076/1954/1828 1993/1955/1829 1975/1956/1830
f 1324/1135/1093 1323/795/771 1744/784/761
f 599/1957/471 706/1958/1831 1553/1959/1832
f 1829/1464/1398 916/342/331 915/1027/993
f 1553/1959/1832 385/1960/1833 1072/1961/1834
f 1460/1962/1835 1309/1891/1777 511/1905/1791
f 1370/1754/1660 898/1963/1836 1388/1752/1658
f 1589/1718/1634 18/1964/1837 603/1965/1643
f 1455/1450/1114 935/156/154 559/158/156
f 645/1966/1838 158/1216/1167 1611/1226/1176
f 1328/1967/1839 744/1968/1840 52/1969/1841
f 216/1970/1842 1328/1967/1839 1350/1971/1843
f 521/1322/1271 1824/1323/1272 1329/1972/1844
f 522/1973/1845 1747/323/312 1329/1972/1844
f 1329/1972/1844 1777/1974/1846 521/1322/1271
f 638/1975/56 651/1855/1746 1555/1227/1177
f 1605/1187/1139 135/1298/1252 1072/1961/1834
f 124/1865/1753 1534/612/597 1043/1976/1847
f 1956/1977/1848 2126/1978/707 1983/1979/706
f 1760/1448/1384 750/1980/1475 767/1981/914
f 1734/679/660 480/565/553 1308/564/552
f 115/1982/1849 1515/447/434 1013/450/437
f 136/847/819 1554/823/796 1076/845/817
f 1330/829/802 1331/831/804 217/1983/1850
f 273/914/883 1557/1984/974 1079/299/288
f 189/277/267 210/1695/1615 1250/276/266
f 1079/299/288 1080/1985/976 137/297/286
f 1556/298/287 10/1986/470 594/913/882
f 1656/862/835 179/1987/1851 1206/971/1852
f 1153/1283/1234 2091/1988/1853 2021/1382/1323
f 589/1989/1854 2116/1990/1855 2001/1991/1856
f 878/1992/1857 811/1993/1858 1752/1994/1859
f 276/1995/1611 1559/865/838 1082/869/842
f 525/986/954 1752/1994/1859 1336/1996/1860
f 1336/1996/1860 1337/1997/1861 219/385/374
f 1558/1998/1862 9/1999/1863 602/2000/1110
f 771/2001/1864 1808/2002/1865 772/1606/1866
f 1082/869/842 602/2000/1110 276/1995/1611
f 138/870/843 1558/1998/1862 1082/869/842
f 1255/296/285 803/289/278 470/351/340
f 604/1740/621 585/1738/1649 11/1910/1793
f 1339/97/97 882/2003/1867 1754/889/860
f 1964/2004/1868 1312/309/298 1966/2005/300
f 577/2006/1652 704/2007/1869 8/1720/1635
f 1560/1700/1619 383/259/249 704/2007/1869
f 261/2008/1508 1560/1700/1619 577/2006/1652
f 1541/2009/1870 367/13/13 692/1132/1090
f 542/1015/982 1407/2010/1871 1406/1013/980
f 529/1293/1246 1766/2011/118 1342/2012/1872
f 1752/1994/1859 475/2013/899 1337/1997/1861
f 1293/1102/1062 846/1836/816 497/2014/815
f 764/1591/1522 1756/1022/988 425/567/555
f 1343/1229/1179 870/752/730 1344/2015/1873
f 1516/460/447 634/2016/1644 582/1771/171
f 1345/2017/1874 1344/2015/1873 882/2003/1867
f 1665/2018/1502 424/1585/1515 423/1571/1503
f 1093/1168/1122 24/2019/1875 620/1247/1197
f 872/2020/1876 516/859/832 1319/824/797
f 1565/2021/1877 20/1574/1505 616/1769/1672
f 1368/1463/1397 887/1018/985 1774/2022/1878
f 288/2023/1879 1566/1012/979 615/1947/1266
f 1325/812/787 890/2024/1880 520/842/813
f 1337/1997/1861 810/2025/338 1753/860/833
f 1599/1678/1599 396/76/76 715/1950/1824
f 1347/2026/1881 767/1981/914 444/610/595
f 1178/2027/1882 1179/2028/1883 169/1735/1645
f 1761/609/594 62/611/596 884/1704/1622
f 1601/1173/1126 293/557/545 155/1171/1125
f 149/1077/1039 1583/1067/1029 1121/819/793
f 1434/2029/1884 1435/1170/1124 1833/1475/1407
f 228/477/464 1362/929/898 1363/928/897
f 547/1316/1265 1434/1804/1703 550/1314/1263
f 1350/1971/1843 52/1969/1841 439/1043/1008
f 1567/1770/623 20/1574/1505 658/2030/624
f 1625/2031/1885 252/1413/1259 1156/2032/1258
f 242/2033/1886 921/2034/1887 1445/2035/1888
f 1167/2036/1889 1185/586/572 1180/777/755
f 1807/2037/1890 1327/534/520 519/536/522
f 523/1449/1385 1347/2026/1881 222/932/901
f 24/2019/1875 1096/1768/1671 659/2038/1891
f 445/1608/1190 1354/1244/1192 769/1601/1892
f 1352/2039/1893 63/1607/1894 517/1953/1827
f 1099/955/927 626/160/1895 141/958/930
f 1763/2040/1896 60/1952/1826 763/2041/1897
f 1353/1350/1898 763/2041/1897 441/2042/1899
f 1352/2039/1893 874/1951/1825 1763/2040/1896
f 223/1243/1191 1763/2040/1896 1353/1350/1296
f 1354/2043/1192 1764/2044/1900 1328/1967/1839
f 156/2045/1901 1602/1369/1312 1141/2046/1902
f 1166/1104/1064 564/2047/1903 1638/1370/1313
f 546/2048/1904 242/2049/1905 1445/2050/1906
f 1269/1693/1613 1268/292/281 1703/1916/1799
f 880/386/375 894/753/731 1383/2051/1907
f 884/1704/1622 768/2052/676 1765/967/937
f 1151/2053/1217 674/1257/1206 330/2054/1216
f 1972/2055/1042 1750/1703/1621 1333/2056/1040
f 552/256/1389 1834/2057/550 1436/254/1908
f 224/1294/1248 1756/1857/988 529/1293/1246
f 1766/120/118 442/122/120 1357/2058/1096
f 1342/2012/1872 1766/2011/118 1356/2059/1095
f 1146/2060/1909 1613/1234/1183 1612/353/342
f 1767/2061/1910 61/2062/1911 878/1992/1857
f 1358/985/953 878/1992/1857 525/986/954
f 1357/1138/1096 765/2063/1912 1767/2061/1910
f 225/1139/1097 1767/2061/1910 1358/985/953
f 661/203/197 142/180/176 322/205/1913
f 497/2014/815 1294/598/585 1293/1102/1062
f 1691/1727/1640 466/274/264 799/388/377
f 1799/2064/1914 215/804/779 1397/498/483
f 1768/998/966 14/522/509 839/1809/1708
f 1359/1392/1332 839/1809/1708 493/853/825
f 96/2065/1915 1847/1452/1387 934/1451/1386
f 2104/2066/1916 1999/2067/1917 2094/2068/1918
f 2038/2069/1919 2094/2068/1918 2026/2070/1920
f 331/520/507 1573/2071/1921 675/532/518
f 1106/999/967 1105/2072/1922 1573/2071/1921
f 270/1208/1157 1548/2073/1823 589/1989/1854
f 1165/1361/1305 688/2074/1747 1636/950/919
f 335/2075/1750 1575/2076/782 1108/412/401
f 1575/2076/782 250/742/720 1109/744/722
f 144/390/379 1575/2076/782 1109/744/1821
f 413/2077/1923 1187/1870/1758 415/2078/1924
f 868/1676/809 806/317/306 77/316/305
f 965/152/150 105/26/26 1467/481/468
f 249/2079/1148 1576/2080/1925 561/2081/1767
f 1193/2082/1926 1192/1421/1358 1652/2083/1927
f 1587/2084/1928 12/2085/1596 587/572/559
f 456/2086/1929 458/1884/1773 459/1161/1115
f 1817/1029/1930 534/1023/989 915/2087/993
f 1772/2088/1931 68/1927/1806 853/1222/1172
f 1113/2089/1932 571/2090/604 1578/1036/1002
f 1365/2091/1933 869/2092/1934 1772/2088/1931
f 229/1328/1277 1772/2088/1931 1366/1221/1171
f 1429/446/433 903/1175/1128 1827/1362/1306
f 336/2093/1935 1039/2094/1936 337/2095/1722
f 1586/2096/1937 43/2097/1938 593/267/1604
f 1113/2089/1932 1112/143/140 1577/306/295
f 1774/2022/1878 89/1020/987 856/1054/1017
f 100/1249/1199 281/346/335 996/348/337
f 1116/1105/1065 703/596/583 382/2098/1244
f 147/1047/1010 1580/1049/1012 1116/1105/1065
f 1369/1053/1016 784/1926/1571 1315/1925/1805
f 230/1753/1659 1315/1925/1805 1370/1754/1660
f 1582/101/100 8/1720/1635 704/2007/1869
f 958/19/19 658/638/624 1475/2099/103
f 851/2100/978 831/607/451 1727/605/591
f 965/152/150 1481/1318/1267 964/153/151
f 1783/2101/1939 1384/1119/1077 1785/526/512
f 1373/2102/1940 1747/323/312 522/1973/1845
f 1927/1705/1941 1935/1185/1941 1928/2103/1941
f 356/111/110 355/399/388 948/1035/1001
f 1374/1068/1030 857/2104/1942 505/2105/1771
f 232/1074/1036 1777/1974/1846 1374/1068/1030
f 1778/1070/1032 90/1886/1774 886/1072/1034
f 520/842/813 1780/2106/1943 1335/840/811
f 1331/831/804 750/1980/1475 1749/2107/1944
f 230/1753/1659 1774/2022/1878 1369/1053/1016
f 918/2108/1274 1375/1071/1033 533/1073/1035
f 533/1324/1035 1770/1108/1068 1361/478/1945
f 761/2109/1504 877/2110/1946 1759/747/725
f 1946/2111/1947 1921/570/1948 1920/2111/1948
f 2038/2069/1919 2120/2112/1949 2122/2113/1950
f 155/1171/1125 1600/1162/1951 1139/1172/370
f 1378/2114/1952 1376/2115/1953 1427/2116/1954
f 1376/2115/1953 1329/1972/1844 1824/1323/1272
f 1329/1972/1844 1376/2115/1953 522/1973/1845
f 1136/1148/1104 1598/1673/1595 154/1942/1817
f 1125/857/830 1123/909/878 150/1109/1069
f 132/763/741 1598/1673/1595 1062/925/894
f 624/215/205 396/76/76 21/75/75
f 1061/2117/1955 335/2075/1750 1108/412/401
f 1124/1321/1270 592/2118/1053 1587/2084/1928
f 149/1077/1039 1634/1337/1286 1120/1336/1285
f 1793/2119/1956 1394/1431/1368 1795/754/732
f 346/2120/1957 664/2121/1958 281/346/335
f 1722/855/828 485/2122/1959 825/2123/424
f 218/1881/1770 1751/839/810 1335/840/811
f 1132/1827/1721 162/1297/1251 1159/2124/1960
f 526/384/373 1783/2101/1939 879/312/301
f 1383/2051/1907 526/384/373 880/386/375
f 1068/789/765 1069/2125/1961 134/2126/1962
f 1754/889/860 79/2127/907 816/887/610
f 1338/1941/1816 92/2128/1963 880/386/375
f 221/748/726 773/2129/1964 1346/403/392
f 914/1284/1235 1624/1914/1797 1623/1913/1796
f 1802/303/292 907/16/1965 542/1015/982
f 1305/1503/1435 858/2130/1031 505/1882/1771
f 972/186/182 977/212/202 1468/211/43
f 1593/721/703 7/2131/1966 572/1136/1094
f 297/1933/215 649/764/742 1063/924/893
f 1386/1374/1316 897/2132/1967 1787/451/438
f 467/1892/1778 1690/273/263 1250/276/266
f 1191/2133/1968 172/758/939 1186/970/941
f 537/2134/1969 1788/1366/1309 1805/581/567
f 1746/805/780 832/2135/1674 1757/535/521
f 633/1734/492 720/1215/1165 1616/808/783
f 234/2136/1970 1790/2137/1971 1432/2138/1972
f 237/1893/1779 1417/1305/1256 1419/1320/1269
f 1136/1148/1104 635/2139/234 1597/14/14
f 1668/2140/1973 432/2141/1974 431/1618/1547
f 701/268/258 1658/2142/1975 1207/1472/1404
f 899/2143/1976 794/2144/1590 82/2145/1589
f 899/2143/1976 463/942/911 794/2144/1590
f 1791/1241/1189 1391/940/909 899/2143/1976
f 1253/2146/1977 1980/2147/1978 1692/2148/1979
f 1794/1430/956 91/2149/1980 864/2150/1788
f 1138/1677/1598 591/2151/684 1600/1162/1951
f 1804/14/1163 70/15/1687 907/16/1965
f 1779/1099/1059 218/1881/1770 1379/1880/1769
f 590/2152/1794 715/1950/1824 11/1949/1793
f 225/1139/1097 781/1627/1981 1356/1137/1095
f 1751/839/810 77/2153/305 876/841/812
f 197/474/461 1709/2154/1982 1277/1788/1686
f 540/2155/1983 1961/2156/1984 1960/2157/1985
f 1229/1602/1532 1667/1526/1460 428/1529/1463
f 263/2158/1668 1603/177/173 1141/2046/1902
f 1808/2002/1865 1797/1922/1802 904/2159/1986
f 904/2159/1986 1396/755/733 1395/1134/1092
f 1531/2160/1987 980/442/429 1492/614/599
f 274/1460/788 1553/1959/1832 1071/1299/1253
f 1141/2046/1902 581/882/855 263/2158/1668
f 156/2045/1901 134/2126/1962 1140/1367/1310
f 1592/1182/1134 287/1125/1083 613/833/805
f 1405/2161/1988 1398/2162/1989 1807/2037/1890
f 1800/2163/1990 82/2145/1589 824/1205/408
f 1380/461/448 890/2024/1880 535/2164/1991
f 1398/2162/1989 906/2165/1992 1800/2163/1990
f 176/2166/1993 1654/2167/1994 1197/2168/1743
f 1174/148/146 418/2169/1995 1176/146/144
f 1119/1112/1071 704/2007/1869 383/259/249
f 167/1418/1355 1169/2170/1996 1170/1190/1142
f 176/2166/1997 1202/2171/1998 178/2172/1999
f 909/1268/1219 792/2173/1585 1803/2174/2000
f 1803/2174/2000 461/1147/1581 1403/1212/1161
f 908/1269/1220 1803/2174/2000 1402/2175/2001
f 1402/2175/2001 1403/1212/1161 1401/305/294
f 2123/2176/2002 1080/1985/976 2039/2177/975
f 1710/1708/1626 765/1597/1527 766/1598/1528
f 630/1934/223 709/455/442 26/2178/475
f 1227/944/913 745/270/260 185/272/262
f 235/714/696 900/594/581 1404/593/580
f 537/2134/1969 1404/593/580 895/1230/1180
f 410/2179/2003 741/2180/1783 48/2181/2004
f 235/714/696 1805/581/567 1806/1327/1276
f 58/1688/1608 1330/829/802 757/2182/2005
f 1233/1612/1541 746/1514/1447 186/41/41
f 1405/2161/1988 899/2143/1976 906/2165/1992
f 669/2183/2006 2086/2184/2007 1996/2185/2008
f 1677/692/677 426/271/261 1226/568/2009
f 1809/528/514 1408/1267/1218 536/1504/1436
f 353/2186/1958 347/330/319 354/228/219
f 999/2187/2010 338/2188/1046 339/2189/1610
f 449/2190/2011 1408/1267/1218 779/2191/2012
f 877/2110/1946 749/2192/1477 1748/828/801
f 908/1269/1220 779/2191/2012 1408/1267/1218
f 1048/654/2013 695/2193/630 369/652/638
f 62/611/596 768/2052/676 884/1704/1622
f 900/594/581 1792/1150/1106 1390/1530/1464
f 1810/872/845 792/2173/1585 909/1268/1219
f 1589/1718/1634 1618/615/600 712/169/165
f 2053/2194/2014 2122/2195/1950 2120/2112/1949
f 262/2196/2015 1550/787/763 580/781/357
f 910/2197/1051 838/1794/2016 1813/2198/524
f 1813/2198/524 492/1792/2017 1411/2199/1
f 910/1090/1051 2077/2200/2018 2076/2201/1828
f 1811/1194/1144 717/1260/1209 716/1259/1208
f 1411/1/1 13/1256/1205 717/1260/1209
f 1409/1196/1146 717/1260/1209 1811/1194/1144
f 1959/762/740 2080/2202/2019 540/2155/1983
f 1154/1282/1233 672/1488/1422 1623/1913/1796
f 430/1536/2020 1356/2059/1095 781/1627/1981
f 407/1852/1745 730/2203/2021 406/1422/1360
f 911/2204/2022 913/1280/1231 93/2205/2023
f 379/383/372 2102/2206/2024 2101/2207/2025
f 362/1494/1426 1186/947/916 361/948/917
f 1814/641/627 1414/1246/1194 1816/1278/1229
f 1157/1455/1390 1156/1307/2026 1626/1290/2027
f 680/2208/1742 564/2047/1903 1625/2031/1885
f 232/1074/1036 1425/2209/2028 1424/357/346
f 180/2210/2029 1203/770/748 178/2172/1999
f 1274/2211/2030 1273/1346/1292 1707/1745/1654
f 1158/2212/2031 713/2213/1284 395/2214/1298
f 162/1297/1251 1627/743/2032 1158/2212/2033
f 123/2215/2034 1532/1847/1741 1039/2094/1936
f 1266/251/241 1265/393/382 1701/623/609
f 563/2216/2035 714/1345/1291 4/1344/564
f 1628/2217/2036 395/2214/1298 714/2218/1291
f 251/2219/2037 1628/2217/2038 563/2220/1731
f 1837/2221/2039 239/892/2040 553/339/2041
f 178/2172/1999 1199/2222/2042 176/2166/1997
f 1060/530/516 2110/2223/2043 1544/1895/1781
f 1422/2224/2044 1376/2115/1953 1378/2114/1952
f 888/1594/1525 845/1595/540 1822/2225/2045
f 1822/2225/2045 496/2226/1324 1423/37/37
f 1378/2114/1952 1822/2225/2045 1422/2224/2044
f 1862/2227/2046 1859/2228/2047 1884/2229/2048
f 1629/1166/1120 7/2131/1966 691/802/777
f 1621/1265/1215 1151/2053/1217 1152/1263/1213
f 1709/2154/1982 84/2230/2049 1714/1785/1683
f 262/2196/2015 1551/151/149 1068/789/765
f 545/2231/398 1425/2209/2028 918/2108/1274
f 1825/358/347 87/1780/1679 847/2232/1438
f 1163/1342/1289 567/2233/565 1633/1343/1290
f 1634/1337/1286 714/1345/1291 395/1352/1298
f 1226/568/2009 1224/982/950 1666/566/554
f 1377/2234/2050 498/2235/1726 451/2236/1568
f 1427/2116/1954 1426/359/348 1377/2234/2050
f 351/495/480 1522/502/487 1019/377/366
f 886/1072/1034 859/2237/701 1770/2238/1068
f 190/295/284 1692/2148/1979 1254/290/279
f 1697/1711/1629 475/930/899 811/1709/1627
f 1789/2239/2051 852/1359/537 782/2240/1005
f 538/2241/2052 1828/1358/1303 1789/2239/2051
f 1278/920/889 808/2242/2053 1694/1699/1618
f 1826/2243/2054 1430/1009/977 1828/1358/1303
f 1431/2244/2055 1388/1752/1658 234/2136/1970
f 234/2136/1970 1432/2138/1972 1431/2244/2055
f 1830/2245/2056 88/2246/35 916/342/331
f 1762/2247/1019 59/1728/1641 883/1153/1108
f 1432/2138/1972 849/2248/36 1830/2245/2056
f 1431/2244/2055 1830/2245/2056 1829/1464/1398
f 1178/1400/1339 401/1762/1667 400/694/679
f 889/1095/1056 86/1795/1694 910/2197/2057
f 1227/944/913 62/2249/596 444/2250/595
f 540/2155/1983 911/2204/2022 902/987/955
f 93/2205/2058 902/2251/2059 911/2204/2060
f 1832/2252/2061 546/2048/2062 238/2253/2063
f 1771/1024/992 503/2254/1336 855/2255/1335
f 1652/2083/1927 406/1422/1360 730/2203/2021
f 1140/1367/1310 1069/2125/1961 574/1273/1224
f 2067/2256/320 1720/333/322 2129/2257/2064
f 1440/1401/1340 546/2048/2062 1838/2258/2065
f 1839/2259/2066 508/1899/1786 1441/2260/2067
f 1814/641/627 2081/2261/2068 2013/2262/2069
f 1501/632/618 2001/2263/2070 2108/2264/2071
f 995/324/313 346/2120/1957 100/1249/1199
f 1111/2265/2072 1110/1292/2073 1576/2080/1925
f 1443/1844/1738 837/1793/1692 1841/1411/2074
f 1001/372/361 262/2266/2015 1507/370/359
f 1626/1290/2027 145/2267/2075 1157/1455/1390
f 1762/1056/1019 439/1043/1008 759/1042/1007
f 927/1416/1353 801/1683/1600 74/1682/1603
f 1591/214/204 715/1950/1824 396/76/76
f 1842/2268/2076 468/1680/1601 801/1679/1600
f 111/631/617 1500/1692/1612 991/1206/1155
f 921/2034/1887 549/2269/2077 1445/2035/1888
f 415/2270/2078 1652/2083/1927 740/2271/2079
f 1189/2272/2080 1188/1890/1776 1650/1003/971
f 1844/1272/2081 93/2205/2023 929/2273/2082
f 1450/2274/2083 929/2275/2084 556/1845/1739
f 729/1420/1359 174/2276/2085 1651/1419/2086
f 243/1270/1221 1844/1272/1223 1450/2277/2087
f 927/1416/1353 75/2278/2088 932/2279/2089
f 91/2280/2090 931/2281/2091 935/2282/2092
f 385/1960/1833 1588/858/831 267/1188/1140
f 932/2279/2089 802/2283/1602 1846/1813/2093
f 1846/2284/2094 469/1469/1401 1452/1471/1403
f 1653/1441/2095 411/2285/2096 1195/2286/1087
f 1769/1820/1717 493/853/825 840/649/635
f 212/1103/1063 1390/1530/1464 1389/1531/1465
f 1416/2287/2097 1415/475/462 1817/1029/995
f 1133/391/380 161/2288/2098 1157/1455/1390
f 1848/2289/2099 91/2280/2090 935/2282/2092
f 1197/1850/1743 731/2290/2100 1655/2291/2101
f 1454/2292/2102 866/2293/2103 1848/2294/2104
f 176/2166/1993 1655/2295/2101 1198/2296/2105
f 1073/2297/2106 326/2298/2107 391/664/651
f 970/184/180 659/1581/1511 320/32/32
f 1849/2299/2108 509/2300/2109 863/1898/1785
f 1205/2301/2110 1204/2302/2111 1657/2303/1418
f 1460/1962/1835 511/1905/1791 1454/2304/2102
f 376/2305/2112 1028/2306/2113 371/444/431
f 999/2187/2010 681/2307/1609 1506/1461/1395
f 1460/1962/1835 800/1476/1408 467/1892/1778
f 180/2210/2114 1658/1623/1552 1208/2308/2115
f 495/547/535 1461/899/869 1210/1798/1697
f 1849/2299/64 862/1900/2116 1839/2259/62
f 1852/2309/2117 94/1487/1421 1660/1486/1420
f 248/1117/1075 1852/2310/2117 560/2311/2118
f 2137/2312/2119 1973/2313/2120 1993/2314/1829
f 913/1280/1231 929/2273/2082 93/2205/2023
f 543/1279/1230 1853/2315/2121 913/1280/1231
f 1853/2316/2121 556/1845/1739 929/2275/2084
f 1852/2310/2117 1462/2317/2122 1853/2316/2121
f 841/2318/1710 936/1495/1427 1854/992/960
f 285/239/230 945/2319/2123 352/503/488
f 1267/1253/1202 483/1533/1467 1282/1781/1680
f 428/1529/1463 429/181/177 1678/1525/1458
f 936/1495/1427 1214/732/712 49/2320/2124
f 982/1122/1080 1541/2009/1870 1493/1131/1089
f 1213/734/714 669/2321/2125 1663/278/268
f 378/911/880 1057/706/689 938/912/881
f 1674/2322/1242 59/1728/1641 759/2323/1007
f 1122/454/441 375/2324/2126 722/1334/1283
f 334/2325/1748 1111/2265/2072 249/2079/1148
f 535/2164/1991 1781/1928/1807 1380/461/448
f 730/2203/2021 740/2271/2079 1652/2083/1927
f 1939/2326/2127 1906/1805/2128 1942/1805/2129
f 1868/2327/2130 1860/2328/2131 1856/2329/2132
f 1856/2329/2133 1869/2330/2133 1868/2327/2133
f 1876/2331/2134 1863/2332/2135 1862/2333/2136
f 1862/2333/2137 1872/2334/2137 1876/2331/2137
f 1876/2335/2134 1859/2336/2138 1863/2337/2135
f 1869/2338/2139 1856/2339/2139 1883/2340/2140
f 1883/2340/2140 1890/2341/2141 1869/2338/2139
f 1872/2342/2142 1862/2343/2142 1884/2344/2143
f 1884/2344/2143 1891/2342/2144 1872/2342/2142
f 1867/2345/2145 1868/2327/2145 1869/2330/2145
f 1869/2330/2146 1877/2346/2146 1867/2345/2146
f 1893/2345/2147 1897/1428/2148 1896/2346/2149
f 1463/639/625 1464/993/961 532/1066/1028
f 1895/2347/2150 1888/2326/2151 1898/1427/2151
f 1875/2348/2152 1876/2331/2152 1872/2334/2152
f 1872/2334/2153 1881/2349/2153 1875/2348/2153
f 1870/1428/2154 1867/2345/2155 1877/2346/2156
f 1894/1426/2157 1898/1427/2158 1897/1428/2159
f 1901/1225/2160 1886/1805/2161 1887/2350/2160
f 1141/2046/1902 1604/1180/1132 156/2045/1901
f 964/153/151 656/2351/935 317/24/24
f 1898/570/2162 1870/2111/2163 1897/2111/2162
f 927/1416/1353 558/1812/1711 555/647/633
f 1892/1184/2164 1875/2103/2164 1878/2103/2164
f 1875/2103/2165 1879/1705/2166 1878/2103/2166
f 527/2352/2167 1755/881/854 881/487/474
f 1873/1706/2168 1886/2350/2168 1902/1706/2168
f 1881/2353/2169 1872/2342/2169 1891/2342/2169
f 1857/2350/2170 1861/2326/2171 1858/1805/2172
f 982/1122/1080 1031/2354/2173 1054/2355/2174
f 1868/2356/2130 1889/2357/2175 1882/2358/2175
f 1882/2358/2175 1860/2359/2131 1868/2356/2130
f 1889/2327/2176 1890/2330/2141 1883/2329/2140
f 1883/2329/2177 1882/2328/2177 1889/2327/2177
f 1892/2331/2178 1891/2334/2144 1884/2333/2143
f 1884/2333/2048 1859/2332/2047 1892/2331/2179
f 1876/2335/2134 1892/1184/2138 1859/2336/2138
f 1867/2360/2180 1893/2361/2180 1889/2357/2180
f 1889/2357/2180 1868/2356/2180 1867/2360/2180
f 1866/2362/2181 1894/2363/2181 1893/2361/2181
f 1893/2361/2181 1867/2360/2181 1866/2362/2181
f 1149/170/166 655/1219/1169 1150/171/167
f 1901/713/2182 1857/1805/2183 1880/713/2182
f 1893/2345/2184 1896/2346/2184 1890/2330/2184
f 1890/2330/2185 1889/2327/2185 1893/2345/2185
f 1877/2364/2186 1890/2341/2186 1896/2364/2186
f 1871/1427/2187 1866/1426/2188 1870/1428/2189
f 1383/2051/1907 893/554/542 1784/1176/1129
f 1878/2348/2190 1899/2349/2190 1891/2334/2190
f 1891/2334/2191 1892/2331/2191 1878/2348/2191
f 1881/2349/2192 1874/2365/2193 1875/2348/2194
f 1903/1223/2195 1873/1224/2196 1874/2365/2197
f 1861/2326/2198 1865/2347/2199 1871/1427/2198
f 1899/2353/2169 1881/2353/2169 1891/2342/2169
f 1900/712/2200 1903/712/2201 1881/2353/2201
f 1881/2353/2201 1899/2353/2200 1900/712/2200
f 1866/2362/2202 1895/2366/2203 1894/2363/2203
f 1942/1805/2129 1922/713/2204 1950/713/2205
f 1216/1518/1451 1217/1625/1554 1670/1516/1449
f 1899/2349/2206 1879/2365/2207 1900/1223/2208
f 1061/2117/1955 145/2267/2075 1111/2265/2072
f 1861/2367/2209 1886/2350/2209 1858/2350/2209
f 1887/1805/2183 1864/2326/2210 1857/1805/2183
f 1930/2368/2211 1908/2369/142 1910/2358/2212
f 1910/2358/2212 1917/2357/2212 1930/2368/2211
f 1917/2327/2213 1910/2328/2213 1905/2329/2213
f 1905/2329/2214 1918/2330/2214 1917/2327/2214
f 1929/2331/2215 1913/2332/2215 1912/2333/2215
f 1912/2333/2216 1925/2334/2216 1929/2331/2216
f 1934/1186/2217 1909/2370/2218 1913/2337/2219
f 1913/2337/2219 1929/1184/2219 1934/1186/2217
f 1918/2338/2220 1905/2339/2220 1937/2371/2221
f 1937/2371/2221 1943/2338/2222 1918/2338/2220
f 1925/2342/2223 1912/2343/2223 1938/2343/2224
f 1938/2343/2224 1944/2372/2225 1925/2342/2223
f 1931/2360/2226 1930/2368/2226 1917/2357/2227
f 1917/2357/2227 1916/2361/2227 1931/2360/2226
f 1932/2363/2228 1931/2360/2228 1916/2361/2228
f 1916/2361/2228 1915/2363/2228 1932/2363/2228
f 1900/712/2229 1880/713/2229 1903/712/2229
f 1895/2366/2230 1864/2326/2230 1885/2326/2230
f 1916/2345/2231 1917/2327/2231 1918/2330/2231
f 1918/2330/2232 1919/2346/2232 1916/2345/2232
f 1915/1426/2233 1916/2345/2233 1919/2346/2233
f 1919/2346/2234 1920/1428/2234 1915/1426/2234
f 502/1405/999 1728/1867/1754 1301/625/1343
f 1933/2347/2235 1941/2326/2236 1947/1427/2237
f 1928/2348/2238 1929/2331/2238 1925/2334/2238
f 1925/2334/2239 1924/2349/2239 1928/2348/2239
f 1927/2365/2240 1928/2348/2240 1924/2349/2240
f 1924/2349/2241 1923/1223/2241 1927/2365/2241
f 1407/2010/1871 84/2373/2049 905/2374/2242
f 1950/1225/2243 1940/1805/2244 1942/2350/2245
f 1945/2364/2246 1918/2338/2247 1943/2338/2248
f 1946/2111/2249 1919/2364/2250 1945/2364/2249
f 433/1537/1471 1674/1289/1242 1222/1570/1006
f 1941/2367/2251 1921/570/2252 1947/570/2251
f 170/2375/2253 1648/2376/2254 1182/1409/2255
f 1394/1431/1368 864/2150/1788 510/1157/1022
f 1926/1706/2256 1936/1705/2257 1927/1705/2256
f 736/2377/2258 1173/2378/2259 410/2179/2003
f 1924/2353/2260 1925/2342/2260 1944/2372/2261
f 1944/2372/2261 1948/2353/2261 1924/2353/2260
f 1923/712/2262 1924/2353/2262 1948/2353/2262
f 1948/2353/2262 1949/712/2262 1923/712/2262
f 1914/2366/2263 1932/2363/2263 1915/2363/2263
f 1100/682/667 627/95/1254 628/2379/2264
f 1906/2350/2265 1911/2326/2266 1907/1805/2267
f 1930/2327/2268 1943/2330/2222 1937/2329/2221
f 1937/2329/143 1908/2328/142 1930/2327/2211
f 1934/2331/2269 1944/2334/2225 1938/2333/2224
f 1938/2333/2270 1909/2332/2218 1934/2331/2217
f 1931/2345/2271 1945/2346/2246 1943/2330/2248
f 1943/2330/2272 1930/2327/2272 1931/2345/2272
f 1932/1426/2273 1946/1428/2273 1945/2346/2273
f 1945/2346/2274 1931/2345/2274 1932/1426/2274
f 1921/1427/2275 1915/1426/2276 1920/1428/2277
f 739/2380/2278 1169/2170/2279 1640/2381/2280
f 1935/2348/2281 1948/2349/2281 1944/2334/2281
f 1944/2334/2282 1934/2331/1138 1935/2348/1137
f 1936/2365/2283 1949/1223/2283 1948/2349/2283
f 1948/2349/2284 1935/2348/2284 1936/2365/2284
f 1923/1223/2285 1926/1224/2286 1927/2365/2287
f 1728/1867/2288 456/2086/1929 1299/626/612
f 1017/486/473 348/1467/1400 349/371/360
f 1548/2382/1823 2051/2383/2289 2116/2384/1855
f 642/2385/2290 140/935/904 390/934/903
f 628/2379/2264 327/680/666 1100/682/667
f 318/18/2291 1569/2386/2292 1073/2297/2106
f 1274/2211/2030 197/474/461 196/2387/2293
f 614/1124/1082 387/886/859 1089/903/872
f 663/398/387 952/6/6 650/61/61
f 946/4/4 1465/1240/1188 1469/5/5
f 1149/170/166 646/202/196 306/2388/2294
f 1465/1240/1188 946/4/4 663/398/387
f 1561/1237/1185 596/47/47 1563/885/858
f 221/748/726 877/2110/1946 524/827/800
f 1276/473/460 829/2389/2295 1709/2154/1982
f 1318/2390/2296 1317/896/866 1740/751/729
f 1860/2391/2131 1883/2392/141 1856/144/2132
f 1008/426/413 1007/418/405 350/494/479
f 664/2121/1958 650/61/61 1467/481/468
f 1466/17/17 619/2393/117 318/18/18
f 1478/27/27 949/23/23 316/25/25
f 1952/2394/2297 2135/2395/1431 1986/2396/1430
f 1609/1150/1166 29/2397/491 632/2398/2298
f 1757/535/521 788/2399/1578 1739/894/864
f 1482/1737/1648 950/31/31 319/33/33
f 1468/43/43 660/210/201 321/44/44
f 951/196/190 37/78/78 654/10/10
f 1836/766/744 239/892/2040 1439/300/289
f 306/2388/2294 36/1250/1200 1149/170/166
f 1469/5/5 662/1239/1187 323/52/52
f 952/6/6 1469/5/5 323/52/52
f 1471/57/57 1470/54/54 638/56/56
f 310/53/53 323/52/52 1470/54/54
f 1471/57/57 637/2400/791 32/59/59
f 310/53/53 1471/57/57 1480/60/60
f 1471/57/57 301/58/58 637/2400/791
f 953/68/68 1472/66/66 644/65/65
f 645/71/71 36/200/194 1489/72/72
f 1473/73/73 1489/72/72 314/77/77
f 953/68/68 1473/73/73 314/77/77
f 324/70/70 314/77/77 654/10/10
f 957/91/91 37/78/78 954/80/80
f 955/81/81 666/85/85 642/82/82
f 954/80/80 325/79/79 666/85/85
f 1474/86/86 640/2401/2299 34/87/87
f 956/89/89 1474/86/86 1485/88/88
f 303/84/84 640/2401/2299 1474/86/86
f 954/80/80 955/81/81 1474/86/86
f 957/91/91 956/89/89 313/90/90
f 957/91/91 954/80/80 956/89/89
f 958/19/19 318/18/18 657/636/622
f 302/106/105 33/55/55 1470/54/54
f 1476/105/104 1470/54/54 323/52/52
f 631/113/112 16/485/472 618/114/113
f 1477/115/114 618/114/113 291/116/115
f 298/112/111 631/113/112 1477/115/114
f 298/112/111 1477/115/114 960/117/116
f 960/117/116 291/116/115 619/118/117
f 104/110/109 960/117/116 1466/119/17
f 961/132/1070 1478/27/27 316/25/25
f 600/126/124 1479/130/128 617/127/125
f 1479/130/128 961/132/2300 290/131/129
f 105/26/26 275/129/127 1467/481/468
f 1480/60/60 962/133/131 310/53/53
f 106/616/601 963/711/693 1481/1318/1267
f 949/23/23 964/153/151 317/24/24
f 966/154/152 1482/1737/1648 319/33/33
f 629/159/157 1483/2402/161 626/160/158
f 296/162/160 1484/166/162 1483/163/161
f 1483/163/161 966/154/152 295/155/153
f 1484/166/162 967/167/163 966/154/152
f 1484/166/162 296/162/160 35/67/67
f 967/167/163 1484/166/162 1472/66/66
f 668/9/9 967/167/163 324/70/70
f 107/1615/1544 971/183/179 653/92/92
f 621/172/168 969/173/169 1485/88/88
f 969/173/169 621/172/168 620/1616/1545
f 950/31/31 970/184/180 320/32/32
f 972/45/45 321/44/44 628/2379/2301
f 1487/187/96 627/1301/95 25/188/183
f 666/85/85 1487/134/96 643/190/184
f 304/191/185 642/82/82 666/85/85
f 977/212/202 1488/197/191 974/198/192
f 975/199/193 1489/72/72 36/200/194
f 974/198/192 314/77/77 1489/72/72
f 646/202/196 22/260/250 661/203/197
f 1490/204/198 661/203/197 322/205/199
f 306/201/195 646/2403/196 1490/207/198
f 975/199/193 1490/207/198 976/208/200
f 976/209/200 322/2404/199 660/210/201
f 974/198/192 976/208/200 1468/211/43
f 738/861/834 1204/2302/2111 1656/862/835
f 1854/992/960 49/2320/2124 885/2405/2302
f 1624/1914/1797 332/1501/1433 160/1912/1795
f 698/218/209 1491/217/573 568/219/210
f 376/2305/2112 108/216/206 698/218/208
f 1531/2160/1987 40/613/598 363/590/577
f 288/2406/1879 1480/60/60 32/59/59
f 503/1396/1336 1304/718/700 1303/1394/1334
f 699/223/2303 109/51/51 981/221/641
f 981/221/212 694/653/639 368/222/213
f 920/943/912 96/2065/1915 95/1474/1406
f 366/2407/1037 1493/1131/1089 41/1133/1091
f 1538/655/642 982/1122/1080 1493/1131/1089
f 401/1762/1667 1189/2408/2304 402/283/273
f 984/229/220 353/2186/1958 354/228/219
f 663/398/387 355/399/388 1465/1240/1188
f 297/224/215 983/227/218 1494/225/216
f 983/227/218 984/229/220 354/228/219
f 647/230/221 630/232/223 26/489/475
f 983/227/218 297/224/215 630/232/223
f 984/229/220 983/227/218 647/230/221
f 353/2186/1958 663/398/387 664/2121/1958
f 986/236/227 357/250/240 358/378/367
f 1699/2409/351 78/629/615 812/2410/2305
f 986/236/227 285/239/230 359/240/231
f 985/233/224 1495/237/228 28/234/225
f 986/236/227 358/378/367 1495/237/228
f 632/2411/2298 29/506/491 648/238/229
f 299/235/226 632/2411/2298 648/238/229
f 985/233/224 648/238/229 986/236/227
f 300/246/236 1497/247/237 1496/244/235
f 308/242/233 360/241/232 1496/244/235
f 1497/247/237 636/2412/1102 31/248/238
f 1497/247/237 610/249/239 308/242/233
f 1497/247/237 300/246/236 636/2412/1102
f 938/912/881 989/814/789 380/910/879
f 1498/262/252 987/266/256 342/263/253
f 988/265/255 110/815/790 987/266/256
f 593/267/257 43/2097/1938 701/268/258
f 726/281/271 727/285/275 403/282/272
f 44/284/274 45/2413/1372 727/285/275
f 1460/2414/2306 245/1158/2307 247/2415/2308
f 111/631/617 992/633/619 940/531/517
f 1295/600/586 454/2416/2309 204/602/588
f 364/2417/1330 1635/1360/1304 687/1355/1301
f 598/327/316 15/2418/773 1518/328/317
f 1503/329/318 1518/328/317 347/330/319
f 994/326/315 1503/329/318 995/324/313
f 998/356/345 266/746/724 343/874/847
f 601/340/329 1504/345/334 607/341/330
f 1504/345/334 996/348/337 281/346/335
f 997/347/336 1505/745/723 998/356/345
f 177/2419/2310 1196/457/444 1201/972/943
f 544/2420/2311 1815/1286/1237 1413/1245/1193
f 161/2288/2098 1625/2421/1885 1156/1307/2026
f 1014/458/445 102/1783/1681 945/2319/2123
f 580/368/357 16/485/472 1520/369/358
f 1507/370/359 1520/369/358 349/371/360
f 262/2266/2015 580/368/357 1507/370/359
f 1045/1443/1379 119/2422/2312 125/800/775
f 340/772/750 1016/1767/1670 259/1766/1669
f 1263/367/356 480/2423/553 1264/2424/2313
f 128/1000/968 1540/1894/1780 1053/11/11
f 1005/407/396 987/266/256 265/697/682
f 350/494/479 1007/418/405 351/495/480
f 1008/426/413 350/494/479 284/2425/2314
f 1006/406/395 114/416/403 1005/407/396
f 114/416/403 1006/406/395 1511/417/404
f 943/436/423 114/416/403 1007/418/405
f 259/1766/1669 1027/773/751 340/772/750
f 114/416/403 1010/435/422 342/263/253
f 1512/335/324 1008/426/413 284/2425/2314
f 1008/426/413 1009/425/412 1513/434/421
f 943/436/423 1008/426/413 1010/435/422
f 143/2426/2315 1574/997/965 1107/1017/984
f 408/2427/2316 736/2377/2258 410/2179/2003
f 672/1488/1422 914/1284/1235 1623/1913/1796
f 1515/447/434 584/1750/1135 19/448/435
f 1013/450/437 1515/447/434 1523/449/436
f 1200/2428/2317 175/1130/2318 177/2419/2310
f 1298/606/592 202/1349/1294 205/617/602
f 2030/2429/2319 2032/2430/2320 2045/2431/526
f 1536/2432/1760 5/307/296 681/2433/2321
f 1014/458/445 285/239/230 611/459/446
f 1617/951/920 644/1479/1411 35/775/753
f 271/2434/686 1599/1678/1599 590/2152/1794
f 1518/328/317 15/2418/773 27/226/217
f 347/330/319 1518/328/317 1494/225/216
f 311/1228/1178 621/1248/1198 34/2435/2322
f 1467/481/468 281/346/335 664/2121/1958
f 1519/482/469 600/126/124 17/128/126
f 281/346/335 1519/482/469 607/341/330
f 281/346/335 275/129/127 1519/482/469
f 873/825/798 805/1363/280 1741/779/757
f 1017/486/473 1520/369/358 631/113/112
f 1017/486/473 349/371/360 1520/369/358
f 948/1035/1001 1017/486/473 356/111/110
f 597/488/48 1018/490/476 647/230/221
f 1018/490/476 597/488/48 596/491/47
f 307/231/222 1018/490/476 608/492/477
f 381/704/688 1202/1473/1405 1198/2436/1393
f 284/2425/2314 357/250/240 308/242/233
f 277/501/486 28/1218/225 1495/237/228
f 1522/502/487 1495/237/228 358/378/367
f 1021/515/500 361/948/917 333/513/498
f 610/249/239 284/2425/2314 308/242/233
f 1523/449/436 279/504/489 30/245/15
f 1523/449/436 1496/244/235 360/241/232
f 352/503/488 359/240/231 285/239/230
f 1020/505/490 648/238/229 29/506/491
f 633/507/492 634/2016/1644 611/459/446
f 1020/505/490 611/459/446 285/239/230
f 1877/2364/2323 1897/2111/2324 1870/2111/2323
f 1239/2437/2325 1022/518/504 268/519/506
f 173/2438/2326 1649/319/308 1188/1890/1776
f 673/508/493 1524/512/497 677/509/494
f 330/511/496 1525/514/503 1524/512/497
f 1524/512/497 1021/515/500 333/513/498
f 674/516/501 13/1791/1689 1716/517/502
f 1022/518/504 1525/514/499 1716/517/505
f 1525/514/503 330/511/496 674/516/501
f 14/522/509 1023/521/508 685/1808/511
f 1024/1115/1073 345/523/510 1023/525/508
f 2032/2439/2320 2111/2440/1700 2045/2441/526
f 1023/521/508 331/520/507 675/532/518
f 1023/525/508 1526/1113/519 1024/1115/1073
f 2018/2442/2327 2035/2443/2328 2087/2444/2329
f 1026/542/531 328/2445/713 670/545/532
f 1025/543/529 1026/542/528 843/546/534
f 1129/1924/1804 583/2446/1665 1593/721/703
f 196/2387/2293 1706/1747/1655 1273/1346/1292
f 165/949/918 1114/1039/1004 1164/1353/1299
f 337/1828/1722 1625/2421/1885 1155/1829/1723
f 1117/1061/1023 163/905/874 1631/2447/2330
f 455/1724/1637 453/1834/1728 454/2416/2309
f 409/1004/972 48/2181/2004 411/2285/2096
f 1209/768/2331 743/2448/2332 418/2169/2333
f 1261/373/362 193/396/385 1266/251/241
f 1843/1434/1371 550/2449/2334 922/2450/2335
f 459/1161/1115 1299/626/612 456/2086/1929
f 1530/576/563 563/1838/2035 4/577/564
f 1491/217/573 1037/588/2336 255/587/574
f 108/216/206 122/1842/1736 1037/588/575
f 1038/589/576 1531/2160/1987 363/590/577
f 485/2122/1959 1275/2451/459 1274/2452/2030
f 126/1377/1319 1032/1197/1147 1047/1199/1149
f 1296/716/698 452/194/188 455/1724/1637
f 1290/854/827 488/608/593 485/2122/1959
f 1041/1864/1752 575/1858/856 1533/1389/1329
f 341/1756/1663 1529/1830/1725 682/1757/1664
f 1070/123/121 157/574/561 1608/1202/1152
f 1534/612/597 687/1854/1301 40/613/598
f 699/223/214 368/222/213 571/619/604
f 125/800/775 1031/2354/2173 1046/380/369
f 410/2179/2003 734/1889/1775 408/2427/2316
f 944/1784/1682 116/1685/1605 1016/2453/1670
f 1297/548/536 1298/606/592 205/617/602
f 124/1865/1753 1028/2306/2113 117/2454/2337
f 1306/690/675 206/627/613 1299/626/612
f 1537/643/629 561/595/582 1/597/584
f 981/221/212 1048/654/2013 369/652/638
f 109/51/51 126/1377/1319 1048/654/640
f 1538/655/642 366/2407/1037 256/656/643
f 1051/658/645 1538/655/642 1049/657/644
f 1539/660/647 569/820/794 3/661/648
f 1407/2010/1871 1808/2002/1865 1406/1013/980
f 1413/1245/1193 49/2320/2124 544/2420/2311
f 205/617/602 1289/192/186 1296/716/698
f 192/366/355 1264/2424/2313 193/396/385
f 108/216/206 371/444/431 97/443/430
f 1078/856/829 706/1958/1831 1556/298/287
f 187/1626/1555 1684/2455/2338 1237/1639/1565
f 1307/689/674 860/2456/658 1734/679/660
f 1173/2457/2259 1174/148/2339 1172/147/2340
f 728/693/678 725/1485/2341 400/694/679
f 1059/1522/1455 343/874/847 939/850/822
f 937/696/681 1056/1915/1798 265/697/682
f 702/698/1392 42/1438/1375 591/699/2342
f 1542/701/685 591/2458/684 271/702/686
f 381/704/688 702/2459/1394 1542/705/685
f 1057/706/689 1542/705/685 1055/707/687
f 992/633/619 2108/2460/2071 2042/2461/2343
f 1146/2060/1909 652/16/16 1147/834/806
f 1546/1038/1003 370/876/849 393/878/851
f 368/1037/213 1579/1048/1011 1546/1038/1003
f 1344/2015/1873 79/2127/907 882/2003/1867
f 1579/1048/1011 368/1037/213 694/1045/639
f 871/1313/416 213/778/756 1321/2462/711
f 1203/770/748 416/2463/2344 1199/2222/2042
f 515/1312/1262 1319/824/797 213/778/756
f 1074/1076/1038 41/2464/1091 697/1062/1024
f 580/781/357 1550/787/763 609/782/759
f 1550/787/763 1067/790/766 283/788/764
f 1068/789/765 134/2126/1962 1067/790/766
f 1552/125/123 612/124/122 15/797/773
f 653/92/92 947/8/8 957/91/91
f 375/2324/2126 1074/1076/1038 697/1062/1024
f 1332/1447/1383 438/2465/2345 217/1983/1850
f 1312/309/298 190/295/284 211/826/799
f 757/2182/2005 217/1983/1850 438/2465/2345
f 637/816/791 1554/823/796 710/817/792
f 1075/822/795 390/934/903 710/817/792
f 1278/920/889 1669/1545/1478 1244/1655/1579
f 1098/956/2346 326/2466/2107 1569/2467/2347
f 682/2468/1664 691/802/777 7/2131/1966
f 601/863/836 17/976/947 707/864/837
f 1559/865/838 707/864/837 386/866/839
f 1082/869/842 1559/865/838 1083/867/840
f 278/2469/1650 1589/1718/1634 603/1965/1643
f 1571/966/93 388/2470/2348 1102/1300/886
f 139/470/457 1594/1140/1098 1084/257/247
f 1086/471/458 1561/1237/1185 1563/885/858
f 1408/1267/1218 778/1632/1561 536/1504/1436
f 1126/1717/1633 294/213/203 625/2471/2349
f 667/2472/933 1562/979/934 316/25/25
f 316/25/25 317/24/24 667/2472/933
f 15/797/773 1088/897/867 649/764/742
f 1563/885/858 1089/903/872 387/886/859
f 1564/46/46 1090/906/875 1089/903/872
f 1090/906/875 1564/46/46 709/455/442
f 1321/2462/711 1320/780/758 1742/2473/1337
f 1566/1012/979 708/965/936 615/1947/1266
f 1095/933/902 288/2023/1879 32/818/59
f 1095/933/902 710/817/792 390/934/903
f 207/2474/2350 1731/2475/2351 1303/1394/1334
f 1097/665/652 391/664/651 320/32/925
f 295/155/2352 319/33/924 326/2466/2107
f 1099/955/927 283/788/764 23/161/1195
f 1570/954/926 618/957/929 16/783/760
f 1099/955/927 1570/954/926 609/782/759
f 1098/956/928 291/2476/2353 618/957/929
f 141/958/930 1098/956/2346 1570/954/926
f 1101/94/94 667/2472/933 317/24/24
f 1572/975/946 707/864/837 17/976/947
f 1104/178/174 1572/975/946 617/977/948
f 1103/261/251 386/866/839 707/864/837
f 142/180/176 1103/261/251 1572/975/946
f 1106/999/967 331/520/507 14/522/509
f 870/752/730 489/2477/1676 1344/2015/1873
f 1578/1036/1002 571/2090/604 368/1037/213
f 1114/1039/1004 1578/1036/1002 1546/1038/1003
f 146/141/138 1113/2089/1932 1578/1036/1002
f 457/1876/1764 208/1502/1434 458/1884/1773
f 1115/1044/1009 1579/1048/1011 694/1045/639
f 147/1047/1010 370/876/849 1579/1048/1011
f 1580/1049/1012 695/644/630 1/597/584
f 1117/1061/1023 375/2324/2126 697/1062/1024
f 1421/22/22 1776/321/310 1373/2102/1940
f 1583/1067/1029 562/806/781 3/661/648
f 1121/819/793 256/821/643 366/1075/1037
f 149/1077/1039 1121/819/793 1074/1076/1038
f 112/376/365 941/2478/2354 999/2187/2010
f 398/1333/1282 1122/454/441 722/1334/1283
f 689/2479/211 1632/1340/1288 1584/1331/1280
f 1584/1331/1280 372/1338/1287 398/1333/1282
f 1159/2124/1960 1158/2212/2033 1628/2217/2038
f 1039/2094/1936 680/1849/1742 337/2095/1722
f 743/2448/2332 1640/2480/2355 1644/666/653
f 2036/2481/515 992/633/619 2042/2461/2343
f 1087/30/30 649/764/742 1088/897/867
f 651/1855/1746 302/2482/105 1092/1167/1121
f 1126/1717/1633 711/2483/2356 1618/615/600
f 1576/2080/2357 382/1291/1244 703/2484/583
f 40/1357/598 1134/1141/1099 363/2485/577
f 152/2486/2358 1131/469/456 1128/1123/1081
f 1130/722/704 1593/721/703 572/1136/1094
f 152/2486/2358 1129/1924/1804 1593/721/703
f 1594/1140/1098 1130/722/704 258/258/248
f 363/2485/577 1134/1141/1099 723/1143/1101
f 374/1354/1300 1134/1141/1099 696/1356/1302
f 374/1354/1300 1639/2487/2359 399/1142/1100
f 472/738/718 470/351/340 1259/352/341
f 1056/1915/1798 99/1126/1084 129/708/690
f 309/765/743 719/1238/1186 1135/1149/1105
f 300/1147/236 1136/1148/1104 1596/1145/1103
f 1596/1145/1103 1135/1149/1105 719/1238/1186
f 1136/1148/1104 154/1942/1817 1135/1149/1105
f 1600/1162/1951 591/2151/684 42/1163/2360
f 1671/1550/1483 435/2488/2361 1219/1553/1486
f 1603/177/173 1615/176/172 292/1179/1131
f 574/1273/1224 1069/2125/1961 384/1274/1225
f 1663/278/268 2047/2489/2362 676/1918/1800
f 157/574/561 1605/1187/1139 1142/571/558
f 1607/1200/1150 605/1853/325 31/1146/238
f 1608/1202/1152 1607/1200/1150 1614/1201/1151
f 258/258/248 1119/1112/1071 383/259/249
f 500/1304/1255 1419/1320/1269 1417/1305/1256
f 1144/1214/1164 1617/951/920 720/1215/1165
f 158/1216/1167 1144/1214/1164 1609/1150/1166
f 299/1824/226 28/1218/225 1610/1220/1170
f 645/1966/1838 315/1251/1201 36/1250/1200
f 1288/1815/2363 841/1811/1710 494/1943/1819
f 1094/974/945 708/965/936 1566/1012/979
f 1087/30/30 719/1238/1186 309/765/743
f 1146/2060/1909 1612/353/342 312/355/344
f 397/1203/1153 1614/1201/1151 1596/1145/1103
f 718/29/29 397/1203/1153 719/1238/1186
f 1043/1976/1847 371/444/431 1028/2306/2113
f 1150/171/167 655/1219/1169 28/1218/225
f 1619/1255/1204 717/1260/1209 13/1256/1205
f 673/508/1210 39/510/2364 721/1261/1211
f 2060/2490/2365 2059/2491/2366 2053/2492/2014
f 330/511/1216 673/508/1210 1620/1262/1212
f 1151/2053/1217 1620/1378/1212 1152/1263/1213
f 48/2181/2004 1195/2286/1087 411/2285/2096
f 245/1158/1112 1847/2493/1387 1453/1453/1388
f 671/622/608 1622/621/607 678/1276/1227
f 2027/2494/2367 1621/1265/1215 2119/2495/1214
f 1154/1282/1233 160/1912/1795 1153/1283/1234
f 1626/1290/1243 252/1308/1259 382/1291/1244
f 1117/1061/1023 722/1334/1283 375/2324/2126
f 690/1330/1279 689/2479/211 1584/1331/1280
f 1630/1332/1281 1584/1331/1280 398/1333/1282
f 365/803/778 690/1330/1279 1630/1332/1281
f 1162/801/776 1630/1332/1281 722/1334/1283
f 163/905/874 722/1334/1283 1631/2447/2330
f 753/2496/2368 1401/305/294 435/304/293
f 178/2172/1999 1207/2497/2369 180/2498/2029
f 713/1335/1284 250/2499/720 1120/1336/1285
f 255/1339/574 1163/1342/1289 1632/1340/1288
f 1163/1342/1289 164/452/439 372/1338/1287
f 1633/1343/1290 567/2233/565 4/1344/564
f 1164/1353/1299 393/878/851 1595/877/850
f 889/2500/2370 1977/2501/2371 1976/2502/1058
f 687/1355/1301 1635/1360/1304 696/1356/1302
f 1635/1360/1304 1164/1353/1299 374/1354/1300
f 1165/1361/1305 165/949/918 1164/1353/1299
f 1638/1370/1313 564/2047/1903 2/1371/1314
f 723/1143/1101 1638/1370/1313 566/1372/1315
f 166/1375/1317 1166/1104/1064 1638/1370/1313
f 254/1373/578 363/2485/577 723/1143/1101
f 166/1375/1317 399/1142/1100 1639/2487/2359
f 1167/2036/2372 738/1736/1646 1168/2503/2373
f 2063/2504/2374 1718/2505/705 1286/1806/1707
f 39/510/495 43/2097/1938 724/1381/1321
f 379/383/372 700/382/371 678/1276/1227
f 700/1386/1118 42/1438/1117 38/1277/1326
f 919/2506/2375 1433/1802/2376 547/1316/1345
f 1169/2170/2279 1168/2503/2373 1640/2381/2280
f 937/696/681 110/815/790 99/1126/1084
f 1382/990/958 1379/1880/1769 233/463/450
f 942/2507/2377 349/371/360 348/1467/1400
f 2100/2508/2378 1601/2509/1126 2101/2207/2025
f 1293/1102/1062 204/602/588 203/1100/1060
f 481/1932/1809 1703/1916/1799 819/139/136
f 1171/1191/1143 413/2077/1923 415/2078/1924
f 891/2510/2379 823/1193/420 72/1929/378
f 1888/2326/2380 1887/2350/2381 1886/1805/2382
f 1775/900/870 80/414/402 860/671/658
f 57/2511/2383 222/932/901 448/921/890
f 542/1015/982 754/2512/2384 1802/303/292
f 1793/2119/1956 92/2128/1963 872/2020/1876
f 844/38/38 825/437/424 83/439/426
f 1313/741/719 1255/296/285 470/351/340
f 780/1631/1560 225/1139/1097 1358/985/953
f 468/1680/1601 509/2300/2109 469/1469/1401
f 417/769/747 1174/148/146 416/2463/2344
f 1704/431/418 72/389/378 823/433/420
f 143/2426/2315 1621/1265/1215 1105/2072/1922
f 1360/1393/1333 1359/1392/1332 1769/1820/1717
f 926/1481/1413 1831/767/745 919/2513/2385
f 1395/1134/1092 1798/756/734 1796/136/133
f 127/659/646 1539/1888/647 1050/1861/1749
f 741/1897/1783 1172/147/2340 1196/457/1784
f 1448/2514/2386 241/1408/2387 1442/1315/1264
f 1075/822/795 303/2515/2388 641/2516/2389
f 400/694/679 725/1485/2341 1646/1399/1338
f 1851/2517/2390 1444/2518/2391 1841/2519/2392
f 919/2513/2385 1850/1482/1414 926/1481/1413
f 54/1535/2393 1342/2012/1872 430/1536/2020
f 1182/1409/1349 1648/2376/2394 677/509/494
f 1115/1044/1009 695/644/630 1580/1049/1012
f 247/1483/2308 1453/1453/2395 1458/1480/2396
f 1426/359/348 847/2232/1438 498/2235/1726
f 1333/1078/1040 1334/837/808 218/1881/1770
f 1199/2222/2397 742/2520/2398 1654/2167/1994
f 1050/1861/1749 679/2521/649 335/1862/1750
f 1587/2084/1928 267/1188/1140 1588/858/831
f 726/286/271 1650/1003/2399 735/1005/973
f 402/283/273 1189/2408/2304 1650/1414/1351
f 1941/2326/2400 1942/2350/2401 1940/1805/2402
f 415/2078/1924 1187/1870/1758 1193/757/735
f 412/2522/2403 1647/2523/2404 1183/2524/2405
f 1033/1826/2406 690/1521/1279 365/1831/778
f 921/2034/1887 548/677/664 1435/1170/1124
f 922/2450/2335 930/1868/1755 1843/1434/1371
f 1651/1419/1356 686/1493/1425 38/1277/1228
f 1191/1423/1361 362/1494/1426 686/1424/1362
f 174/2276/2085 1191/2133/2407 1651/1419/2086
f 535/2164/1991 1799/2064/1914 1400/500/485
f 1624/1914/1797 49/2320/2124 1214/732/712
f 45/1435/1372 44/284/274 735/1005/973
f 159/2525/2408 1619/1255/1204 1151/2053/1217
f 336/2526/1935 1159/2124/1960 251/2219/2037
f 559/158/156 930/1868/1755 934/1451/1386
f 729/1437/1374 38/2527/2409 42/1438/1375
f 1036/1837/1730 118/604/590 1029/2528/2410
f 203/1100/1060 454/2416/2309 453/1834/1728
f 727/1440/275 45/1435/1372 737/1436/1373
f 403/282/272 727/285/275 1653/1444/1380
f 991/1206/1155 589/1989/2411 1501/632/618
f 555/647/633 933/710/692 928/645/631
f 1655/1456/1391 731/1439/1376 42/1438/1375
f 1198/1457/1393 1655/2291/2412 702/1458/1394
f 1973/2313/2120 2131/1211/1160 1990/1210/1159
f 1613/1234/1183 1089/903/872 1090/906/875
f 153/1295/1249 1155/1829/1723 161/2288/2098
f 1464/993/961 842/685/670 494/991/959
f 122/1842/1736 97/443/430 118/604/590
f 405/695/680 1205/736/716 1657/1466/1399
f 267/1188/1140 1072/1961/1834 385/1960/1833
f 390/934/903 641/2516/2389 642/2385/2290
f 1015/1686/1606 1016/2453/1670 116/1685/1605
f 345/523/510 1211/2529/2413 1210/1798/1697
f 1207/1472/1404 380/910/879 701/268/258
f 725/1485/1417 728/693/2414 1657/1466/1418
f 43/2097/1938 1648/2376/2394 1658/2142/1975
f 2029/2530/2415 1025/543/529 1211/2529/2413
f 1526/1113/519 2097/2531/657 2033/2532/1072
f 1211/2529/2413 495/547/535 1210/1798/1697
f 657/636/622 1073/2297/2106 1568/663/650
f 724/2533/2416 2060/2490/2365 721/1822/1211
f 181/1490/1424 979/2534/2417 978/2535/2418
f 1661/1489/1423 1660/1486/1420 672/1488/1422
f 181/1490/1424 560/2311/2118 1660/1491/1420
f 686/1493/2419 1661/1489/1423 671/622/608
f 362/1494/1426 1212/1741/1651 1661/1492/1423
f 1212/1741/1651 181/1490/1424 1661/1492/1423
f 560/2311/2118 978/2535/2418 1239/2437/2325
f 968/168/164 950/31/31 1482/1737/1648
f 1662/1497/1428 670/1496/532 328/733/713
f 748/2536/2420 50/1614/1543 1245/1512/1445
f 420/1511/1444 1664/1509/1442 419/1510/1443
f 1245/1512/1445 419/1510/1443 748/2536/2420
f 1215/1513/1446 1678/1525/1458 746/1514/1447
f 1215/1513/1446 422/1515/1448 1216/1518/1451
f 1215/1513/1446 1216/1518/1451 421/1517/1450
f 52/1969/2421 744/1968/1513 1675/2537/1516
f 905/2374/2242 829/2538/2295 1797/1922/1802
f 1675/2537/1516 1665/1569/1502 52/1969/2421
f 1664/1509/1442 51/981/949 745/270/260
f 427/994/1459 1680/1528/1462 1667/1526/1460
f 1488/197/191 973/185/181 951/196/190
f 1684/1534/1468 1668/1617/1546 54/1535/1469
f 433/1537/1471 748/2536/2420 419/1510/1443
f 1228/1539/1473 182/1538/1472 419/1510/1443
f 1218/1540/1474 751/946/915 767/945/914
f 182/1538/1472 1228/1539/1473 1218/1540/1474
f 747/1543/1476 749/1544/1477 55/2539/2422
f 1218/1540/1474 434/1542/803 749/1544/1477
f 182/1538/1472 1218/1540/1474 747/1543/1476
f 420/1511/1444 1669/1545/1478 1664/1509/1442
f 183/1546/1479 421/1517/1450 1670/1516/1449
f 755/1548/1481 779/1640/1566 753/1549/1482
f 436/1547/1480 755/1548/1481 1671/1550/1483
f 436/1547/1480 1671/1550/1483 1219/1553/1486
f 1219/1553/1486 435/2488/2361 754/1555/1488
f 184/1558/1491 1216/1518/1451 422/1515/1448
f 1234/1559/1492 1220/1565/1498 422/1515/1448
f 1220/1565/1498 184/1558/1491 422/1515/1448
f 1672/1560/1493 758/1566/1499 58/1561/1494
f 1672/1560/1493 757/1562/1495 438/1563/1496
f 1220/1565/1498 1234/1559/1492 758/1566/1499
f 184/1558/1491 1220/1565/1498 1672/1560/1493
f 1673/1564/1497 756/2540/2423 57/1567/1500
f 184/1558/1491 1673/1564/1497 1235/1568/1501
f 1673/1564/1497 438/1563/1496 756/2540/2423
f 439/1043/1008 52/1969/2421 1665/1569/1502
f 1222/1570/1006 1665/2018/1502 423/1571/1503
f 433/1537/1471 423/1571/1503 748/2536/2420
f 747/1543/1476 55/2539/2422 761/1572/1504
f 433/1537/1471 747/1543/1476 1221/1287/1240
f 1223/1582/1512 1675/1586/1516 744/1583/1513
f 763/2541/2424 60/2542/2425 762/1587/1518
f 441/1584/1514 763/2541/2424 762/1587/1518
f 1401/305/294 1804/14/1163 1802/303/292
f 424/1585/1515 440/1588/1519 50/1614/1543
f 1764/1351/1900 441/2042/1899 744/2543/1840
f 1224/982/950 1225/121/1521 1666/566/554
f 1669/1545/1478 1711/1592/1523 51/981/949
f 1240/1725/1638 782/1040/1005 783/717/699
f 765/1597/1527 1676/1596/1526 766/1598/1528
f 442/122/120 1225/121/119 1676/1596/1526
f 1676/1596/1526 1224/982/950 443/1593/1524
f 291/2476/2353 1569/2467/2292 619/2544/2426
f 907/16/1965 490/2545/1684 1407/2010/1871
f 1428/1329/1278 1827/1362/1306 1430/1009/977
f 1667/1526/1460 769/1601/1531 53/1527/1461
f 1231/1600/1530 445/1608/1538 769/1601/1531
f 183/1546/1479 1229/1602/1532 1678/1525/1458
f 1230/1603/1533 752/1554/1487 56/1556/1489
f 1229/1602/1532 183/1546/1479 752/1554/1487
f 770/1605/1535 1679/2546/1539 772/1606/1536
f 445/1608/1538 1231/1600/1530 1679/1609/1539
f 1679/1609/1539 1230/1603/1533 771/1604/1534
f 1231/1600/1530 1229/1602/1532 1230/1603/1533
f 603/1732/1643 1521/651/637 1511/417/404
f 775/996/1540 1232/182/178 1680/1528/1462
f 654/10/10 957/91/91 947/8/8
f 758/1566/1499 1233/1612/1541 446/1613/1542
f 447/424/411 54/1535/1469 1668/1617/1546
f 1236/1577/1507 1668/2140/1973 431/1618/1547
f 437/1557/1490 1682/2547/2427 1216/1518/1451
f 437/1557/1490 431/1618/1547 1682/2547/2427
f 1235/1568/1501 57/1567/1500 448/2548/2428
f 1683/1619/1506 777/923/1550 65/936/1548
f 1235/1568/1501 448/2548/2428 777/1621/1550
f 436/1547/1480 1670/1516/1449 1217/1625/1554
f 187/1626/1555 1217/1625/1554 432/2141/1974
f 1237/1628/1557 1684/1534/1468 781/1627/1556
f 780/1631/1560 66/314/303 778/1632/1561
f 1685/1634/1562 778/2549/1561 449/1635/1563
f 450/1637/1558 780/1631/1560 1685/1633/1562
f 1237/1639/1565 1685/1634/1562 1238/1636/1564
f 1238/1636/1564 449/1635/1563 779/1640/1566
f 187/1626/1555 1238/1636/1564 755/1548/1481
f 453/1834/1728 1686/193/187 1723/1642/1729
f 1686/193/187 453/1834/1728 452/194/188
f 904/2159/1986 1324/1135/1093 517/1953/1827
f 1277/1788/1686 196/2387/2293 197/474/461
f 786/835/807 857/2550/1942 785/322/311
f 1687/1646/2429 1730/1645/1765 457/1876/1764
f 68/2551/1806 784/1644/1571 1687/1646/1573
f 457/1876/1764 456/2086/1929 1687/1646/2429
f 459/1161/1115 1241/1883/1772 786/835/807
f 242/2049/1905 1441/1402/2430 1446/2552/2431
f 198/1698/1617 1245/1512/1445 50/1614/1543
f 1244/1655/1579 420/1511/1444 1242/1652/1576
f 1243/1650/1575 1688/1647/1574 789/1649/951
f 1242/1652/1576 198/1698/1617 1688/1647/1574
f 787/1653/1577 1243/1650/1575 460/1651/865
f 1244/1655/1579 1242/1652/1576 1243/1650/1575
f 420/1511/1444 1245/1512/1445 1242/1652/1576
f 1246/1660/1584 462/1672/1593 1283/1659/1583
f 770/1605/2432 1352/2039/1893 223/1243/1191
f 1689/1656/1580 70/1789/1687 791/2553/1162
f 1689/1656/1580 791/2553/1162 461/1657/1581
f 1246/1660/1584 1689/1656/1580 1247/1658/1582
f 1247/1658/1582 461/1657/1581 792/1661/1585
f 1246/1660/1584 1247/1658/1582 790/1662/1586
f 464/1671/1592 1246/1660/1584 1248/1663/1587
f 1249/1664/1588 796/1532/1466 82/1665/1589
f 464/1671/1592 796/1532/1466 1249/1664/1588
f 793/1668/1591 1249/1664/1588 463/1667/911
f 464/1671/1592 1249/1664/1588 793/1668/1591
f 800/1476/1408 73/1094/1055 798/1097/1594
f 469/1469/1401 802/1681/1602 801/1679/1600
f 802/1681/1602 75/2554/2088 74/1682/1603
f 933/710/692 1451/1814/922 1845/709/691
f 809/1772/1673 832/1773/1674 808/2242/2053
f 1256/918/887 1694/1699/1618 1257/496/481
f 1256/918/887 1257/496/481 1695/315/304
f 1258/1258/1207 191/1707/1625 1256/918/887
f 217/1983/1850 1749/2107/1944 1332/1447/1383
f 1259/352/341 1696/350/339 1260/931/900
f 1710/1708/1626 1697/1711/1629 811/1709/1627
f 474/919/888 191/1707/1625 1697/1711/1629
f 1457/63/63 1456/2555/2433 1849/64/64
f 815/1712/1630 60/2542/2425 813/1713/762
f 1698/1714/1631 813/1713/762 477/374/363
f 1279/1620/1549 815/1712/1630 1698/1714/1631
f 565/1721/1636 693/2556/12 1540/2557/1780
f 160/1912/1795 676/1918/1800 1153/1283/1234
f 1029/2528/2410 251/2558/2037 1036/1837/1730
f 1252/1726/1639 1310/138/135 189/277/267
f 180/2210/2114 1659/1840/1734 1209/768/2331
f 195/1743/1653 1270/430/417 1704/431/418
f 483/1533/1467 195/1743/1653 1705/419/406
f 1706/1747/1655 828/1751/1657 836/1748/569
f 1272/1716/1632 462/1672/1593 828/1751/1657
f 1112/143/140 705/150/148 1577/306/295
f 1327/534/520 1397/498/483 215/804/779
f 488/608/593 1708/2559/453 1275/2451/459
f 1277/1788/1686 1709/2154/1982 1714/1785/1683
f 483/1533/1467 1248/1663/1587 1280/1777/1677
f 809/1772/1673 787/1653/1577 788/1654/1578
f 1278/920/889 1244/1655/1579 787/1653/1577
f 443/1593/1524 1710/1708/1626 766/1598/1528
f 1669/1545/1478 474/919/888 1711/1592/1523
f 815/1712/1630 762/1587/1518 60/2542/2425
f 1713/1774/1675 1712/252/242 79/938/907
f 198/1698/1617 478/253/243 1712/252/242
f 1688/1647/1574 1713/1774/1675 489/1775/1676
f 268/519/506 188/2560/2434 1239/2437/2325
f 790/1662/1586 792/2173/1585 833/1776/844
f 1248/1663/1587 790/1662/1586 1281/1177/1130
f 1280/1777/1677 1281/1177/1130 822/791/767
f 464/1671/1592 483/1533/1467 796/1532/1466
f 828/1751/1657 793/1668/1591 71/1670/1107
f 462/1672/1593 793/1668/1591 828/1751/1657
f 1714/1785/1683 84/2230/2049 490/1786/1684
f 1283/1659/1583 1714/1785/1683 1715/1787/1685
f 1715/1787/1685 490/1786/1684 70/1789/1687
f 1283/1659/1583 1715/1787/1685 1689/1656/1580
f 1217/1625/1554 431/1618/1547 432/2141/1974
f 1284/1790/1688 1716/517/502 13/1791/1689
f 199/1118/1076 268/519/506 1716/517/505
f 837/1793/1692 1717/1797/1696 838/1794/1693
f 491/1796/1695 1285/1116/1074 1717/1797/1696
f 1717/1797/1696 1284/1790/1688 492/1792/1690
f 1285/1116/1074 199/1118/1076 1284/1790/1691
f 1300/1030/996 209/678/665 1308/564/552
f 1286/1806/1707 1718/2505/705 1287/1807/824
f 685/1808/511 1287/852/824 493/853/825
f 200/898/868 1287/1807/824 685/524/511
f 1719/1810/1709 843/546/533 670/545/532
f 201/332/321 495/547/535 1719/1810/1713
f 1963/2561/2435 2128/2562/2436 1981/1050/1013
f 1912/2227/2046 1909/2563/2218 1938/2227/2270
f 498/1833/1726 1292/1505/1437 1723/1642/1569
f 1292/1505/1727 203/1100/1060 453/1834/1728
f 1724/1101/1439 847/1506/1438 87/1835/1679
f 1295/600/586 499/601/587 848/1843/1737
f 1050/1861/1749 120/1376/1318 127/659/646
f 1304/718/700 207/2474/2350 1303/1394/1334
f 123/2215/2034 1029/2528/2410 118/604/590
f 1456/2564/2437 244/953/2438 1452/1446/2439
f 1457/63/63 1838/301/290 1837/2221/2039
f 1565/2021/1877 289/2565/2440 1093/1168/1122
f 853/1866/1172 68/2551/1806 1687/1646/1573
f 504/1874/1018 1302/1875/2441 1730/1645/1572
f 1302/1875/1763 207/2474/2350 457/1876/1764
f 1731/1877/1766 856/1054/1017 89/1020/987
f 505/1882/1771 857/2550/1942 1241/1883/1772
f 1305/1503/1435 1241/1883/1772 458/1884/1773
f 159/2525/2408 1107/1017/984 716/1259/1208
f 550/2449/2334 1833/1475/1407 922/2450/2335
f 1035/1519/1452 117/2454/2337 1028/2306/2113
f 1732/1885/702 859/2237/701 90/1886/1774
f 1381/462/449 799/1930/377 466/2566/264
f 485/2122/1959 1707/2567/1654 825/2123/424
f 528/99/99 895/1230/1180 1345/2017/1874
f 53/1527/2442 216/1970/1842 427/994/962
f 2129/2568/2443 842/1944/1820 2010/2569/2444
f 863/1898/1785 509/2300/2109 508/1899/1786
f 864/1901/2445 91/2280/2090 866/1902/2446
f 1735/1904/1790 866/2570/2103 511/1905/1791
f 510/1906/1022 864/2571/1788 1735/1907/1790
f 1311/1058/1021 1735/1904/1790 1309/1891/1777
f 194/1694/1614 195/1743/1653 1267/1253/1202
f 133/2572/2447 1549/1938/1813 1066/558/546
f 1708/2573/453 487/2574/1803 1276/473/460
f 1823/39/39 83/439/426 897/2132/1967
f 606/2575/2448 587/572/559 12/2085/1596
f 1071/1299/1253 1072/1961/1834 135/1298/1252
f 1255/296/285 211/826/799 190/295/284
f 869/2092/1934 1370/1754/1660 1315/1925/1805
f 869/2092/1934 1315/1925/1805 68/1927/1806
f 1522/502/487 18/2576/1837 277/501/486
f 1750/2577/1621 512/2578/1597 1334/837/808
f 1286/1806/1707 2067/2579/320 2063/2504/2374
f 2013/2580/2069 1463/639/625 1814/641/627
f 1318/2390/2296 900/594/581 1390/1530/1464
f 622/559/547 260/1940/1815 21/75/75
f 583/2446/1665 682/2468/1664 7/2131/1966
f 1183/2524/2405 1181/2581/2449 170/1871/2253
f 1163/1342/1289 1634/1337/1286 164/452/439
f 142/180/176 660/210/2450 322/2404/1913
f 874/1951/1825 1744/784/761 813/786/762
f 517/1953/1827 1324/1135/1093 1744/784/761
f 1324/1135/1093 214/796/772 1323/795/771
f 1418/479/466 236/1306/1257 237/1893/1779
f 623/2582/2451 133/2572/2447 293/557/545
f 216/1970/1842 1354/2043/1192 1328/1967/1839
f 1350/1971/1843 1328/1967/1839 52/1969/1841
f 1777/1974/1846 785/322/311 857/2104/1942
f 526/384/373 1784/1176/1129 1384/1119/1077
f 1329/1972/1844 1747/323/312 1777/1974/1846
f 640/2583/2452 136/847/819 1077/846/818
f 34/2435/2322 1077/846/818 311/1228/1178
f 1414/1246/1194 912/1285/1236 543/1279/1230
f 1326/811/786 808/2584/2053 1746/805/780
f 1760/1448/1384 1749/2107/1944 750/1980/1475
f 1585/907/876 137/297/286 1080/1985/976
f 1458/1480/2396 552/256/246 554/255/245
f 1907/2350/2453 1951/1706/2453 1926/1706/2453
f 878/1992/1857 61/2062/1911 811/1993/1858
f 525/986/954 878/1992/1857 1752/1994/1859
f 1336/1996/1860 1752/1994/1859 1337/1997/1861
f 625/2471/2349 386/866/839 22/260/250
f 1081/2585/2454 21/75/75 260/1940/1815
f 219/385/374 879/312/301 1336/1996/1860
f 194/1694/1614 1702/792/768 1268/292/281
f 1339/97/97 528/99/99 882/2003/1867
f 1425/2209/2028 917/1778/400 1825/358/347
f 1694/1699/1618 473/2586/785 1257/496/481
f 539/2587/2455 519/536/522 514/968/938
f 2050/365/354 2090/2588/2456 2048/363/352
f 529/1293/1246 1756/1857/988 1766/2011/118
f 1171/1191/1143 412/2522/2457 413/2077/1923
f 1343/1229/1179 513/592/579 870/752/730
f 528/99/99 1345/2017/1874 882/2003/1867
f 1345/2017/1874 1343/1229/1179 1344/2015/1873
f 1054/2355/2174 1053/11/11 1541/2009/1870
f 756/2589/2458 523/1449/1385 57/2511/2383
f 1347/2026/1881 1760/1448/1384 767/1981/914
f 253/1723/1047 941/2478/2354 1004/1106/1066
f 1349/995/963 216/1970/1842 1350/1971/1843
f 1354/2043/1192 53/1527/2442 769/1601/1892
f 1475/104/103 959/195/189 958/1302/19
f 1763/2040/1896 874/1951/1825 60/1952/1826
f 1353/1350/1898 1763/2040/1896 763/2041/1897
f 1352/2039/1893 517/1953/1827 874/1951/1825
f 223/1243/1191 1352/2039/1893 1763/2040/1896
f 1328/1967/1839 1764/2044/1900 744/1968/1840
f 1767/2061/1910 765/2063/1912 61/2062/1911
f 1358/985/953 1767/2061/1910 878/1992/1857
f 1357/1138/1096 442/2590/120 765/2063/1912
f 225/1139/1097 1357/1138/1096 1767/2061/1910
f 1573/2071/1921 2027/2591/2367 2093/1696/1616
f 1551/151/149 384/1274/1225 1069/2125/1961
f 1359/1392/1332 1768/998/966 839/1809/1708
f 1817/1029/1930 1364/1026/2459 534/1023/989
f 1772/2088/1931 869/2092/1934 68/1927/1806
f 1365/2091/1933 1316/2592/2460 869/2092/1934
f 229/1328/1277 1365/2091/1933 1772/2088/1931
f 1365/2091/1933 1428/1329/1278 1826/2243/2054
f 1636/950/919 6/2593/2461 573/1368/1311
f 1038/589/576 566/2594/1315 1532/1847/1741
f 1000/375/364 579/2595/147 262/2266/2015
f 1774/2022/1878 887/1018/985 89/1020/987
f 1369/1053/1016 504/1055/1018 784/1926/1571
f 230/1753/1659 1369/1053/1016 1315/1925/1805
f 1422/2224/2044 522/1973/1845 1376/2115/1953
f 247/1483/1415 1851/2517/2390 1460/2596/2462
f 1373/2102/1940 1776/321/310 1747/323/312
f 231/21/21 1372/902/871 1776/321/310
f 1374/1068/1030 1777/1974/1846 857/2104/1942
f 232/1074/1036 521/1322/1271 1777/1974/1846
f 1778/1070/1032 858/1069/1031 90/1886/1774
f 1398/2162/1989 1399/1204/1154 1397/498/483
f 352/503/488 1013/450/437 360/241/232
f 918/2108/1274 1425/2209/2028 1375/1071/1033
f 67/2597/1570 1377/2234/2050 451/2236/1568
f 1427/2116/1954 1376/2115/1953 1824/1323/1272
f 888/1594/1525 1427/2116/1954 1377/2234/2050
f 2041/2598/2463 2085/2599/2464 2088/2600/2465
f 280/2601/323 1606/573/560 606/2575/2448
f 711/2483/2356 625/2471/2349 22/260/250
f 536/1504/1436 892/313/302 1783/2101/1939
f 1388/1752/1658 538/2241/2052 234/2136/1970
f 639/1575/1396 1092/1167/1121 302/2482/105
f 1386/1374/1316 896/868/841 897/2132/1967
f 782/2240/1005 1790/2137/1971 1789/2239/2051
f 1790/2137/1971 538/2241/2052 1789/2239/2051
f 1911/2326/2466 1914/2347/2467 1921/1427/2468
f 1432/2138/1972 1790/2137/1971 848/2602/1737
f 1457/63/63 553/339/2041 246/338/2469
f 1791/1241/1189 539/2587/2455 514/968/938
f 539/2587/2455 1791/1241/1189 899/2143/1976
f 899/2143/1976 1391/940/909 463/942/911
f 1791/1241/1189 1389/1531/1465 1391/940/909
f 1794/1430/2470 902/2603/2059 91/2149/2471
f 1392/1429/1367 872/2020/1876 515/1312/1262
f 1904/2326/2472 1933/2604/2472 1914/2366/2472
f 1808/2002/1865 905/2374/2242 1797/1922/1802
f 904/2159/1986 1797/1922/1802 1396/755/733
f 1796/136/133 903/1175/1128 541/137/134
f 1205/2605/2473 177/2419/2310 179/2606/2474
f 1400/500/485 1799/2064/1914 1397/498/483
f 1800/2163/1990 906/2165/1992 82/2145/1589
f 1398/2162/1989 1405/2161/1988 906/2165/1992
f 238/2253/2475 1445/2050/1906 549/1803/1702
f 1254/290/279 804/1082/2476 471/1398/1307
f 1803/2174/2000 792/2173/1585 461/1147/1581
f 908/1269/1220 909/1268/1219 1803/2174/2000
f 1402/2175/2001 1803/2174/2000 1403/1212/1161
f 753/2496/2368 908/1269/1220 1402/2175/2001
f 138/870/843 624/215/205 1081/2585/2454
f 934/1451/1386 95/1474/1406 96/2065/1915
f 2047/2489/2362 1153/1283/1234 676/1918/1800
f 1124/1321/1270 1588/858/831 150/1109/1069
f 1120/1336/1285 562/806/781 1583/1067/1029
f 539/2587/2455 1405/2161/1988 1807/2037/1890
f 906/2165/1992 899/2143/1976 82/2145/1589
f 1405/2161/1988 539/2587/2455 899/2143/1976
f 1808/2002/1865 63/1607/1894 772/1606/1866
f 945/2319/2123 115/1982/1849 1013/450/437
f 1810/872/845 833/871/844 792/2173/1585
f 910/2197/1051 86/1795/2477 838/1794/2016
f 1813/2198/524 838/1794/2016 492/1792/2017
f 2081/2607/2068 1816/1278/1229 2082/2608/2478
f 1410/3/3 1813/538/524 1411/1/1
f 1411/1/1 492/2609/2017 13/1256/1205
f 1409/1196/1146 1411/1/1 717/1260/1209
f 1264/2424/2313 818/2610/659 1700/397/386
f 2029/2611/2415 2016/2612/661 1025/543/529
f 911/2204/2022 1816/1278/1229 913/1280/1231
f 2080/2613/2019 911/2204/2022 540/2155/1983
f 1814/641/627 1412/640/626 1414/1246/1194
f 1416/2287/994 1817/1029/1930 915/2087/993
f 1822/2225/2045 845/1595/540 496/2226/1324
f 1378/2114/1952 888/1594/1525 1822/2225/2045
f 508/1899/1786 1446/2614/2479 1441/2260/2067
f 1316/2592/2460 1826/2243/2054 898/1963/1836
f 1424/357/346 1427/2116/1954 1824/1323/1272
f 1825/358/347 917/1778/400 87/1780/1679
f 1377/2234/2050 1426/359/348 498/2235/1726
f 1427/2116/1954 1424/357/346 1426/359/348
f 147/1047/1010 1639/2487/2359 370/876/849
f 1826/2243/2054 538/2241/2052 898/1963/1836
f 1789/2239/2051 1828/1358/1303 852/1359/537
f 538/2241/2052 1826/2243/2054 1828/1358/1303
f 1826/2243/2054 1428/1329/1278 1430/1009/977
f 1432/2138/1972 848/2602/1737 499/2615/587
f 1830/2245/2056 849/2248/36 88/2246/35
f 1432/2138/1972 499/2615/587 849/2248/36
f 1431/2244/2055 1432/2138/1972 1830/2245/2056
f 1450/2277/2480 241/1408/2481 243/1270/2482
f 1147/834/806 30/15/15 279/832/489
f 2078/2616/2483 910/1090/1051 1813/538/524
f 889/1095/1056 73/1094/1055 86/1795/1694
f 2082/2617/2478 911/2204/2022 2083/2618/2484
f 93/2205/2058 91/2280/2471 902/2251/2059
f 1832/2252/2061 1433/1802/2376 1831/2619/2485
f 46/2620/2486 1641/402/391 740/2271/2079
f 1832/2252/2061 1838/2258/2065 546/2048/2062
f 1641/402/391 415/2270/2078 740/2271/2079
f 1753/860/833 76/2621/277 873/825/798
f 1146/2060/1909 613/833/805 287/1125/1083
f 1043/1976/1847 1492/614/599 980/442/429
f 1788/1366/1309 895/1230/1180 1786/98/98
f 171/585/571 1178/2027/2487 169/1735/2488
f 733/2622/2489 47/2623/2490 736/2377/2258
f 1805/581/567 1404/593/580 537/2134/1969
f 1558/1998/1862 260/1940/1815 576/1937/1812
f 736/2377/2258 742/2624/2398 1643/2625/2491
f 1645/668/655 1206/971/1852 168/1551/1761
f 1643/2626/2491 416/2463/2492 1174/148/2339
f 1834/2057/550 1437/891/2493 1436/254/1908
f 257/2627/1756 1577/306/295 570/308/297
f 551/337/921 1835/2628/1751 1845/2629/691
f 743/2448/2332 1177/1552/1762 418/2169/2333
f 1054/2355/2174 119/2422/2312 128/1000/968
f 1009/425/412 606/2630/2448 1513/434/421
f 1500/1692/1612 9/2631/1863 588/1207/1156
f 1462/2317/2122 491/1796/1695 556/1845/1739
f 179/1987/2474 1201/972/943 1206/971/942
f 1204/2302/2111 1646/2632/1419 1657/2303/1418
f 1647/1841/1735 1208/2308/2115 1181/1622/1551
f 1440/1401/1340 240/1403/1342 546/2048/2062
f 1839/2259/2066 862/1900/1787 508/1899/1786
f 1302/1875/2441 856/2633/1017 1731/2475/1766
f 1443/1844/1738 491/1796/1695 837/1793/1692
f 392/962/175 321/44/2494 660/210/2450
f 1371/1065/1027 896/868/841 527/2352/2167
f 141/958/930 295/155/2352 326/2466/2107
f 224/1294/1248 776/423/932 1355/1856/931
f 927/1416/1353 1842/1415/2495 801/1683/1600
f 1842/2268/2076 1446/2614/2479 468/1680/1601
f 1040/603/589 1038/589/576 123/2215/2034
f 1829/1464/1398 230/1753/1659 1431/2244/2055
f 1773/1032/998 78/629/615 875/1034/1000
f 1844/1272/2081 931/1271/2496 93/2205/2023
f 1450/2274/2083 1844/2634/2497 929/2275/2084
f 1449/1432/1369 557/157/155 931/1271/1222
f 1041/1864/1752 117/2454/2337 1027/773/751
f 735/1005/973 411/2285/2096 737/1436/1373
f 733/2622/2489 1642/400/389 1641/402/391
f 927/1416/1353 74/1682/1603 75/2278/2088
f 732/1851/1744 46/2620/2486 730/2203/2021
f 731/2290/2100 406/1422/1360 729/1420/1359
f 1413/1245/1193 532/1066/1028 885/2405/2302
f 233/463/450 1780/2106/1943 1380/461/448
f 91/2280/2090 93/2635/2498 931/2281/2091
f 47/2623/2490 1654/2636/1994 742/2624/2398
f 932/2279/2089 75/2278/2088 802/2283/1602
f 1846/2284/2094 802/1681/1602 469/1469/1401
f 1143/575/562 1608/1202/1152 157/574/561
f 1848/2289/2099 866/1902/2446 91/2280/2090
f 1454/2292/2102 511/2637/1791 866/2293/2103
f 1400/500/485 891/2510/2379 535/2164/1991
f 525/986/954 879/312/301 66/314/303
f 623/2638/2451 2100/2639/2378 2051/2640/2289
f 1849/2299/2108 1456/1470/1402 509/2300/2109
f 1385/441/428 1787/451/438 1387/1365/1308
f 1422/2224/2044 1423/37/37 1421/22/22
f 1088/897/867 286/28/28 1087/30/30
f 1037/588/2336 567/578/565 255/587/574
f 1849/2299/64 863/1898/2499 862/1900/2116
f 1581/1063/1025 41/2464/1091 692/1744/1090
f 73/1094/1055 1851/1477/1409 1841/1411/2074
f 495/547/535 201/332/321 1461/899/869
f 121/1825/1719 1027/773/751 117/2454/2337
f 200/898/868 1210/1798/1697 1461/899/869
f 560/2311/2118 188/2560/2434 248/1117/1075
f 1852/2309/2117 912/1285/1236 94/1487/1421
f 560/2311/2118 1852/2310/2117 1660/1491/1420
f 1852/2309/2117 543/1279/1230 912/1285/1236
f 328/2445/713 1527/544/2500 669/2183/2006
f 1840/2641/2501 1459/1484/1416 1850/1482/1414
f 913/1280/1231 1853/2315/2121 929/2273/2502
f 543/1279/1230 1852/2309/2117 1853/2315/2121
f 1853/2316/2121 1462/2317/2122 556/1845/1739
f 1852/2310/2117 248/1117/1075 1462/2317/2122
f 841/2318/1710 670/1496/532 936/1495/1427
f 113/1107/1067 942/2507/2377 1002/749/727
f 1122/454/441 394/453/440 375/2324/2126
f 623/2638/2451 2051/2642/2289 1064/2643/1822
f 1602/1369/1312 6/2593/2461 581/882/855
f 1056/1915/1798 585/1738/1649 265/697/682
f 663/398/387 946/4/4 952/6/6
f 664/2121/1958 663/398/387 650/61/61
f 1467/481/468 650/61/61 965/152/150
f 1531/2160/1987 1492/614/599 40/613/598
f 699/223/2303 377/49/49 109/51/51
f 366/2407/1037 1538/655/642 1493/1131/1089
f 1538/655/642 1051/658/645 982/1122/1080
f 819/139/136 820/1917/1078 81/739/544
f 986/236/227 359/240/231 357/250/240
f 1005/407/396 114/416/403 987/266/256
f 1649/319/308 408/2427/2316 734/1889/1775
f 284/2425/2314 350/494/479 357/250/240
f 1022/518/504 978/2535/2418 979/2534/2417
f 1239/2437/2325 978/2535/2418 1022/518/504
f 2029/2644/2415 1211/2529/2413 1024/1115/1073
f 130/1599/1529 1059/1522/1455 939/850/822
f 1546/1038/1003 1579/1048/1011 370/876/849
f 1074/1076/1038 366/1075/1037 41/2464/1091
f 375/2324/2126 394/453/440 1074/1076/1038
f 1090/906/875 1612/353/342 1613/1234/1183
f 398/1333/1282 372/1338/1287 1122/454/441
f 689/2479/211 568/1341/210 1632/1340/1288
f 1584/1331/1280 1632/1340/1288 372/1338/1287
f 40/1357/598 696/1356/1302 1134/1141/1099
f 374/1354/1300 399/1142/1100 1134/1141/1099
f 374/1354/1300 1595/877/850 1639/2487/2359
f 292/1179/1131 23/161/1195 1604/1180/1132
f 23/161/1195 283/788/764 1604/1180/1132
f 645/1966/1838 1611/1226/1176 315/1251/1201
f 1087/30/30 718/29/29 719/1238/1186
f 1117/1061/1023 1631/2447/2330 722/1334/1283
f 1164/1353/1299 1114/1039/1004 393/878/851
f 1167/2036/2372 1180/777/1647 738/1736/1646
f 1169/2170/2279 1167/2036/2372 1168/2503/2373
f 1170/1190/1142 1169/2170/1996 412/2522/2457
f 418/2169/1995 1177/1552/1485 1176/146/144
f 413/2077/1923 412/2522/2457 1183/2524/2503
f 345/523/510 1024/1115/1073 1211/2529/2413
f 39/510/495 677/509/494 1648/2376/2394
f 43/2097/1938 39/510/495 1648/2376/2394
f 2029/2645/2415 1024/1115/1073 2033/2646/1072
f 2018/2647/2327 2087/2444/2329 2086/2648/2504
f 1211/2529/2413 1025/543/529 495/547/535
f 1212/1741/1651 362/1494/1426 361/948/917
f 181/1490/1424 1212/1741/1651 979/2534/2417
f 560/2311/2118 181/1490/1424 978/2535/2418
f 1240/1725/1638 848/1843/1737 782/1040/1005
f 786/835/807 1241/1883/1772 857/2550/1942
f 459/1161/1115 458/1884/1773 1241/1883/1772
f 198/1698/1617 1242/1652/1576 1245/1512/1445
f 1244/1655/1579 1669/1545/1478 420/1511/1444
f 1246/1660/1584 464/1671/1592 462/1672/1593
f 1086/471/458 1128/1123/1081 1131/469/456
f 1145/1217/1168 632/2398/2298 299/1824/226
f 483/1533/1467 464/1671/1592 1248/1663/1587
f 268/519/506 199/1118/1076 188/2560/2434
f 869/2092/1934 1316/2592/2460 1370/1754/1660
f 1969/2649/566 1742/2650/1337 1987/2651/1043
f 517/1953/1827 63/1607/1894 904/2159/1986
f 1777/1974/1846 1747/323/312 785/322/311
f 219/385/374 1338/1941/1816 880/386/375
f 1341/879/852 527/2352/2167 896/868/841
f 539/2587/2455 1807/2037/1890 519/536/522
f 1365/2091/1933 229/1328/1277 1428/1329/1278
f 1422/2224/2044 1373/2102/1940 522/1973/1845
f 67/2597/1570 888/1594/1525 1377/2234/2050
f 888/1594/1525 1378/2114/1952 1427/2116/1954
f 1388/1752/1658 898/1963/1836 538/2241/2052
f 782/2240/1005 848/2602/1737 1790/2137/1971
f 1790/2137/1971 234/2136/1970 538/2241/2052
f 541/137/134 518/793/769 1322/135/132
f 753/2496/2368 779/2191/2012 908/1269/1220
f 1808/2002/1865 904/2159/1986 63/1607/1894
f 1373/2102/1940 1422/2224/2044 1421/22/22
f 1316/2592/2460 1365/2091/1933 1826/2243/2054
f 1832/2252/2061 238/2253/2063 1433/1802/2376
f 1834/2057/550 1835/2628/1751 1437/891/2493
f 551/337/921 1437/891/2493 1835/2628/1751
f 1841/1411/2074 837/1793/1692 86/1795/1694
f 86/1795/1694 73/1094/1055 1841/1411/2074
f 560/2311/2118 1239/2437/2325 188/2560/2434
f 188/2560/2434 199/1118/1076 248/1117/1075
f 1911/2367/2209 1940/2350/2209 1907/2350/2209
f 1962/2652/2505 1960/2157/1985 1961/2156/1984
f 1979/2653/2506 1977/2654/2507 1978/2655/1049
f 1963/2561/2435 1968/2656/2508 1967/108/107
f 1965/2657/2509 1966/2005/300 1968/2656/2508
f 1952/1052/1015 1982/2658/2510 1981/1050/1013
f 1954/2659/2511 1980/2660/1978 1982/2658/2510
f 1981/1050/1013 1965/2657/2509 1963/2561/2435
f 1982/2658/2510 1964/2004/1868 1965/2657/2509
f 1955/1086/1048 1985/2661/2512 1984/1087/299
f 1957/2662/2513 1983/1979/706 1985/2663/2512
f 1984/310/299 1968/2656/2508 1966/311/300
f 1985/2664/2512 1967/2665/107 1968/2656/2508
f 1970/760/738 1962/2666/2505 1971/2667/2514
f 1971/2667/2514 1958/580/414 1969/579/566
f 1986/2396/1430 1954/2668/2515 1952/2394/2297
f 1988/2669/2516 1953/1083/1045 1954/2668/2515
f 1970/2670/738 1988/2671/2516 1986/1499/1430
f 1971/2667/2514 1987/2651/1043 1988/2671/2516
f 1956/2672/1848 1991/2673/2517 1990/1210/1159
f 1991/2673/2517 1955/2674/1048 1989/1701/1620
f 1973/2313/2120 1991/2673/2517 1974/2675/2518
f 1974/2675/2518 1989/2676/1620 1972/2055/1042
f 1993/2314/1829 1974/2677/2518 1994/2678/2519
f 1994/2679/2519 1972/1080/1042 1992/1079/1041
f 1975/1956/1830 1994/2680/2519 1979/2681/2520
f 1979/2654/2520 1992/1079/1041 1976/1098/1058
f 1692/2148/1979 1953/2682/2521 804/1082/2476
f 2020/2683/2522 2018/2442/2523 2019/2684/662
f 2025/2685/2524 2023/2686/2525 2024/1275/1226
f 2057/2687/2526 2055/2688/1718 2056/2689/2527
f 2062/2690/2528 2060/2490/2365 2061/2691/2529
f 2079/2692/2530 2077/2200/2018 2078/2616/2483
f 2084/2693/2531 2082/2608/2478 2083/2618/2484
f 2089/2694/2532 2087/2444/2533 2088/2600/2465
f 2103/2695/2534 2101/2207/2025 2102/2206/2024
f 2002/2696/2535 2109/2697/2536 2003/2698/2537
f 2003/2698/2537 2108/2264/2071 2001/2263/2070
f 2107/2699/2538 2043/2700/2539 2109/2697/2536
f 2109/2697/2536 2042/2461/2343 2108/2460/2071
f 2041/2701/2463 2037/2702/2540 2043/2700/2539
f 2043/2700/2539 2036/2481/515 2042/2461/2343
f 2097/670/657 2000/2703/2541 2098/2704/2542
f 2098/2704/2542 1999/2067/1917 2096/1799/1698
f 2033/2532/1072 2098/2705/2542 2034/2706/2543
f 2098/2705/2542 2032/2439/2320 2034/2706/2543
f 2005/1896/1782 2112/2707/2544 2006/2708/2545
f 2006/2709/2545 2111/1801/1700 2004/1800/1699
f 2110/2223/2043 2046/2710/2546 2112/2711/2544
f 2112/2711/2544 2045/2441/526 2111/2440/1700
f 2044/2712/2547 2037/2702/2540 2046/2710/2546
f 2046/2710/2546 2035/541/527 2045/540/526
f 2085/2713/2548 1997/2714/2549 2089/2715/2532
f 2089/2715/2532 1996/2185/2008 2086/2184/2007
f 2016/2612/661 2031/2716/2550 2020/2717/2522
f 2020/2717/2522 2030/2718/2319 2017/539/525
f 2033/2646/1072 2031/2716/2550 2029/2645/2415
f 2034/2706/2543 2030/2429/2319 2031/2716/2550
f 2050/365/354 2103/2719/2534 2099/1388/1328
f 2052/2720/2551 2100/2639/2378 2103/2719/2534
f 2117/1818/353 2003/2721/2552 2118/2722/2553
f 2118/2722/2553 2001/1991/1856 2116/1990/1855
f 2050/365/354 2118/2723/2553 2052/2720/2551
f 2052/2720/2551 2116/2384/1855 2051/2383/2289
f 2004/2724/1699 2106/2725/2554 2006/2726/2545
f 2106/2725/2554 2005/2727/1782 2006/2726/2545
f 2038/2069/1919 2106/2725/2554 2104/2066/1916
f 2040/2728/2555 2105/1920/1801 2106/2725/2554
f 2122/2113/1950 2040/2729/2555 2038/2069/1919
f 2124/2730/2556 2039/2177/975 2040/2731/2555
f 2048/363/352 2092/2732/2557 2049/2733/2558
f 2049/2733/2558 2091/2734/1853 2047/2489/2362
f 2026/2070/1920 2121/2735/2559 2120/2112/1949
f 2028/2736/2560 2119/2495/1214 2121/2735/2559
f 2094/2068/1918 2000/2703/2541 2095/2737/2561
f 2095/2737/2561 1998/1697/656 2093/1696/1616
f 2094/2068/1918 2028/2736/2560 2026/2070/1920
f 2028/2736/2560 2093/1696/1616 2027/2591/2367
f 2114/280/270 1997/2738/2562 2115/2739/2563
f 2115/2739/2563 1995/2740/2564 2113/1816/1715
f 2047/2489/2362 2115/2741/2563 2049/2733/2558
f 2049/2733/2558 2113/2742/1715 2048/363/352
f 2059/2743/2366 2124/2744/2556 2122/2195/1950
f 2062/2745/2565 2123/2746/2002 2124/2747/2556
f 2120/2112/1949 2057/2748/2526 2053/2194/2014
f 2121/2735/2559 2054/2749/1320 2057/2748/2526
f 2090/2750/2456 2025/2751/2524 2092/2732/2557
f 2092/2732/2557 2021/1382/1323 2091/1988/1853
f 2125/2752/2566 2009/2753/2567 2008/650/636
f 2127/2754/2568 2007/2755/1158 2009/2753/2567
f 2063/2504/2374 2127/2756/2568 2125/2757/2566
f 2127/2756/2568 2064/724/108 2126/726/707
f 2128/2562/2569 2012/2758/2570 2011/1051/1014
f 2130/2759/2571 2010/2569/2444 2012/2758/2570
f 2066/2760/106 2130/2759/2572 2128/2562/2436
f 2068/2761/2573 2129/2257/2064 2130/2759/2572
f 2067/2579/320 2065/2762/2574 2063/2504/2374
f 2068/2761/2573 2064/109/108 2065/2762/2574
f 2131/1211/1160 2009/2753/2567 2007/1209/1158
f 2133/2763/2575 2008/650/636 2009/2753/2567
f 2069/2764/2576 2133/2763/2575 2131/1211/1160
f 2071/2765/2577 2132/1821/634 2133/2763/2575
f 2013/2580/2069 2074/2766/2578 2073/1846/1740
f 2015/2767/2579 2072/2768/1429 2074/2766/2578
f 2134/2769/2580 2012/2770/2581 2010/684/669
f 2136/2771/2582 2011/2772/2583 2012/2770/2581
f 2073/1846/1740 2136/2773/2582 2134/2769/2580
f 2074/2766/2578 2135/1500/1431 2136/2773/2582
f 2069/2774/2576 2139/2775/2584 2071/2765/2577
f 2071/2765/2577 2138/849/821 2070/848/820
f 2137/2776/2119 2079/2777/2530 2139/2775/2584
f 2139/2775/2584 2075/537/523 2138/1380/821
f 2014/2778/739 2084/2779/2531 2080/2202/2019
f 2015/2767/2579 2081/2261/2068 2084/2779/2531
f 2107/2780/2538 1995/2781/2585 2085/2713/2548
f 1411/1/1 1409/1196/1146 1812/2/2
f 1053/11/11 1540/1894/1780 693/12/12
f 1597/14/14 635/2139/234 30/15/15
f 1821/20/20 1371/1065/1027 231/21/21
f 1725/34/34 850/599/332 88/35/35
f 1423/37/37 496/2226/1324 844/38/38
f 773/40/40 1233/1612/1541 186/41/41
f 1564/46/46 1563/885/858 596/47/47
f 377/49/49 373/1121/1079 98/50/50
f 1839/62/62 1440/2782/2586 1457/63/63
f 1137/74/74 622/559/547 21/75/75
f 317/24/24 656/2351/935 1571/93/93
f 972/45/45 628/2379/2301 627/95/95
f 1339/97/97 1385/441/428 1786/98/98
f 367/100/13 693/2556/12 1582/101/100
f 2066/107/106 1963/2561/2435 1967/108/107
f 1766/120/118 764/1591/1522 1225/121/1521
f 1070/123/121 286/28/28 612/124/122
f 325/79/79 972/186/182 1487/134/96
f 1322/135/132 214/796/772 1796/136/133
f 1310/138/135 481/1932/1809 819/139/136
f 146/141/138 165/949/918 1637/142/139
f 1905/144/141 1910/2783/141 1908/145/142
f 1176/146/144 1175/456/443 1172/147/145
f 579/149/147 5/307/296 705/150/148
f 935/156/154 931/1271/1222 557/157/155
f 712/169/165 1618/615/600 1149/170/166
f 1681/42/42 774/1154/1203 64/174/170
f 582/175/171 634/1733/1644 1615/176/172
f 1104/178/174 1562/2784/934 392/179/175
f 1681/42/42 186/41/41 429/181/177
f 1289/192/186 1721/553/1295 1686/193/187
f 323/52/52 662/1239/1187 959/195/189
f 294/213/203 151/467/454 1591/214/204
f 1266/251/241 1701/623/609 1712/252/242
f 1436/254/244 1438/890/861 554/255/245
f 1084/257/247 1594/1140/1098 258/258/248
f 22/260/250 386/866/839 1103/261/251
f 745/270/260 51/981/949 426/271/261
f 1690/273/263 798/1097/1594 466/274/264
f 1250/276/266 1690/273/263 1251/275/265
f 1663/278/268 669/2321/2125 1996/279/269
f 1693/287/276 805/291/280 76/288/277
f 1254/290/279 471/1398/1307 805/291/280
f 1268/292/281 1702/792/768 821/293/282
f 190/295/284 1254/290/279 1693/287/276
f 137/297/286 1078/856/829 1556/298/287
f 1439/300/289 1837/2221/2039 1838/301/290
f 1802/303/292 754/2512/2384 435/304/293
f 1577/306/295 705/150/148 5/307/296
f 1312/309/298 1737/729/710 1984/310/299
f 879/312/301 1783/2101/1939 892/313/302
f 1695/315/304 807/497/482 77/316/305
f 414/318/307 1642/400/389 1649/319/308
f 1776/321/310 861/1060/673 785/322/311
f 280/334/323 1009/425/412 1512/335/324
f 551/337/326 244/953/2438 246/338/327
f 916/342/331 88/2246/35 850/343/332
f 803/289/278 76/288/277 810/349/338
f 470/351/340 803/289/278 1696/350/339
f 1612/353/342 1090/906/875 389/354/343
f 1424/357/346 1425/2209/2028 1825/358/347
f 1262/360/349 477/374/363 814/361/350
f 2048/363/352 2113/2742/1715 2117/364/353
f 192/366/355 1262/360/349 1699/362/351
f 1261/373/362 1698/1714/1631 477/374/363
f 357/250/240 350/494/479 1019/377/366
f 377/49/49 699/223/2303 1535/379/368
f 1139/381/370 1600/2785/1951 700/382/371
f 526/384/373 879/312/301 219/385/374
f 797/387/376 1691/1727/1640 799/388/377
f 144/390/379 1160/1296/1250 1133/391/380
f 1265/393/382 1700/397/386 817/394/383
f 193/396/385 1264/2424/2313 1700/397/386
f 663/398/387 353/2186/1958 984/229/220
f 1642/400/389 414/318/307 1171/401/390
f 1346/403/392 773/2129/1964 64/404/393
f 545/409/398 1420/1319/1661 1820/410/399
f 131/392/381 1061/2117/1955 1108/412/401
f 1700/413/386 818/672/659 80/414/402
f 1705/419/406 1271/432/419 484/420/407
f 1236/422/409 1683/2786/1506 776/423/410
f 1958/427/414 1961/2787/1984 1393/428/415
f 1270/430/417 465/1931/1808 797/387/376
f 1271/432/419 1704/431/418 823/433/420
f 825/437/424 1707/2788/1654 827/438/425
f 220/440/427 1386/1374/1316 1385/441/428
f 980/442/429 1040/603/589 97/443/430
f 1367/445/432 518/793/769 541/137/134
f 1787/451/438 897/2132/1967 83/439/426
f 164/452/439 149/1077/1039 394/453/440
f 597/48/48 26/2178/475 709/455/442
f 1175/456/443 1201/972/943 1196/457/444
f 1380/461/448 1781/1928/1807 1381/462/449
f 831/464/451 85/1174/1127 830/465/452
f 151/467/454 1127/634/620 1590/468/455
f 1131/469/456 1594/1140/1098 139/470/457
f 1275/472/459 1708/2573/453 1276/473/460
f 1415/475/462 1418/479/466 227/476/463
f 1361/478/465 227/476/463 1418/479/466
f 1502/325/314 684/1630/1559 10/483/470
f 881/487/474 1755/881/854 817/415/383
f 1257/496/481 473/2586/785 807/497/482
f 1397/498/483 1399/1204/1154 1801/499/484
f 1785/526/512 821/1111/282 834/527/513
f 2036/529/515 2044/2712/2547 1060/530/516
f 1327/534/520 1746/805/780 1757/535/521
f 2075/537/523 2078/2789/2483 1813/538/524
f 2017/539/525 2030/2718/2319 2045/540/526
f 1297/548/536 1726/618/603 852/549/537
f 1291/551/539 496/1384/1324 845/552/540
f 893/554/542 1795/754/732 865/555/543
f 293/557/545 133/2572/2447 1066/558/546
f 925/560/548 96/2065/1915 924/561/549
f 476/563/551 1300/1030/996 1308/564/552
f 1666/566/554 764/1591/1522 425/567/555
f 1888/569/557 1861/2367/557 1871/570/557
f 1142/571/558 267/1188/1140 587/572/559
f 157/574/561 1142/571/558 1606/573/560
f 1805/581/567 1788/1366/1309 826/582/568
f 1190/584/570 173/1309/1260 171/585/571
f 513/592/579 1343/1229/1179 1404/593/580
f 561/595/582 1576/2790/2357 703/596/583
f 1294/598/585 500/2791/1255 850/599/332
f 1295/600/586 1725/34/34 849/36/36
f 204/602/588 1294/598/585 1725/34/34
f 1040/603/589 123/2215/2034 118/604/590
f 501/550/538 851/2100/978 1727/605/591
f 1298/606/592 1727/605/591 831/607/451
f 1761/609/594 1347/2026/1881 444/610/595
f 1618/615/600 711/2483/2356 22/260/250
f 106/616/601 965/152/150 650/61/61
f 205/617/602 1296/716/698 1726/618/603
f 329/620/606 1154/1282/1233 1622/621/607
f 1701/623/609 1265/393/382 479/395/384
f 1301/625/611 1728/1867/2288 1299/626/612
f 1729/628/614 812/2410/2305 78/629/615
f 111/631/617 991/1206/1155 1501/632/618
f 1127/634/620 278/2469/1650 604/635/621
f 657/636/622 1568/663/650 1567/637/623
f 1463/639/625 532/1066/1028 1412/640/626
f 1001/372/361 942/2507/2377 101/642/628
f 928/645/631 921/2034/1887 1447/646/632
f 2132/648/634 1769/1820/1717 840/649/635
f 1007/418/405 1511/417/404 1521/651/637
f 1568/663/650 1073/2297/2106 391/664/651
f 1644/666/653 1640/2480/2355 1168/667/654
f 1526/533/519 675/532/518 1998/669/656
f 860/671/658 80/414/402 818/672/659
f 1527/544/530 1025/543/529 2016/674/661
f 928/645/631 933/710/692 923/676/663
f 209/678/665 1307/689/674 1734/679/660
f 327/680/666 667/961/933 1101/681/94
f 1855/683/668 2134/2769/2580 2010/684/669
f 507/686/671 1307/689/674 1733/687/672
f 1307/689/674 209/678/665 1306/690/675
f 1226/568/556 425/567/555 768/691/676
f 1845/709/691 1835/1863/1751 923/676/663
f 963/711/693 106/616/601 962/133/131
f 1949/712/694 1950/713/694 1922/713/695
f 235/714/696 1806/1327/1276 901/715/697
f 1296/716/698 455/1724/1637 783/717/699
f 1304/718/700 506/2792/896 859/719/701
f 1131/469/456 152/2486/2358 1593/721/703
f 1718/723/705 2125/2752/2566 2008/650/636
f 2064/724/108 1967/2665/107 1983/725/706
f 1314/727/708 512/1675/1597 867/728/709
f 1214/732/712 1662/1497/1428 328/733/713
f 404/735/715 1200/1127/1085 1205/736/716
f 1738/737/717 1313/741/719 472/738/718
f 1736/140/137 819/139/136 81/739/544
f 1314/727/708 211/826/799 1313/741/719
f 250/742/720 713/2213/1284 1627/743/721
f 1505/745/723 586/1156/1111 266/746/724
f 1346/403/392 1758/915/884 1759/747/725
f 1002/749/727 282/493/478 608/492/477
f 513/592/579 1318/2390/2296 1740/751/729
f 894/753/731 1793/2119/1956 1795/754/732
f 1396/755/733 487/1923/1803 830/465/452
f 1193/757/735 1187/1870/1758 172/758/736
f 1970/760/738 2072/2768/1429 2014/761/739
f 132/763/741 1063/924/893 649/764/742
f 1836/766/744 1439/300/289 1832/302/291
f 1209/768/746 418/2169/1995 417/769/747
f 1034/771/749 341/1756/1663 340/772/750
f 1148/774/752 1617/951/920 35/775/753
f 171/585/571 169/1735/2488 1180/777/755
f 213/778/756 1319/824/797 1741/779/757
f 1744/784/761 1323/795/771 477/785/363
f 822/791/767 834/1178/513 821/293/282
f 518/793/769 875/1034/1000 1743/794/770
f 314/77/77 1488/197/191 951/196/190
f 1322/135/132 1743/794/770 1323/795/771
f 1046/380/369 1535/379/368 1044/799/774
f 1162/801/776 1629/1166/1120 691/802/777
f 215/804/779 1326/811/786 1746/805/780
f 679/662/649 3/661/648 562/806/781
f 1148/774/752 292/1179/1131 1615/176/172
f 1745/809/784 807/1254/482 473/810/785
f 1325/812/787 1745/809/784 1326/811/786
f 274/813/788 598/327/316 1503/329/318
f 988/265/255 1499/269/259 989/814/789
f 1121/819/793 1583/1067/1029 569/820/794
f 1319/824/797 516/859/832 873/825/798
f 211/826/799 1314/727/708 1737/729/710
f 524/827/800 877/2110/1946 1748/828/801
f 1748/828/801 749/2192/1477 434/830/803
f 279/832/489 19/1465/435 613/833/805
f 861/688/673 1733/687/672 786/835/807
f 1334/837/808 512/2578/1597 868/838/809
f 1335/840/811 1751/839/810 876/841/812
f 1820/410/814 1419/1320/1269 497/843/815
f 1076/845/817 1555/1227/1177 1077/846/818
f 1812/2/2 1360/1393/1333 2070/848/820
f 111/631/617 940/531/517 939/850/822
f 1287/852/824 1718/723/705 840/649/635
f 1291/551/826 202/1349/1294 1290/854/827
f 1078/856/829 137/297/286 1125/857/830
f 516/859/832 1338/1941/1816 1753/860/833
f 1645/668/655 1168/667/654 738/861/834
f 1823/39/39 897/2132/1967 896/868/841
f 1809/528/514 834/527/513 833/871/844
f 993/873/846 100/1249/1199 343/874/847
f 370/876/849 1639/2487/2359 1595/877/850
f 1341/879/852 220/440/427 1340/880/853
f 581/882/855 6/2593/2461 575/883/856
f 1340/880/853 1754/889/860 816/887/610
f 220/440/427 1339/97/97 1754/889/860
f 1438/890/861 1436/254/244 1437/891/862
f 1739/894/864 788/2399/1578 460/895/865
f 201/332/321 1286/1806/1707 200/898/868
f 1775/900/870 860/671/658 507/901/671
f 1161/904/873 1629/1166/1120 1162/801/776
f 1585/907/876 2123/2746/2002 2058/908/877
f 239/892/863 1437/891/862 551/337/326
f 380/910/879 1207/1472/1404 378/911/880
f 1079/299/288 1556/298/287 594/913/882
f 530/405/394 883/1153/1108 1758/915/884
f 578/916/885 1508/750/728 608/492/477
f 1101/681/94 1571/2793/93 1102/917/886
f 1256/918/887 191/1707/1625 474/919/888
f 448/921/890 222/932/901 1348/922/891
f 1063/924/893 132/763/741 1062/925/894
f 506/927/896 503/2254/1336 1363/928/897
f 1696/350/339 810/349/338 475/930/899
f 222/932/901 1347/2026/1881 1761/609/594
f 65/936/905 777/923/892 1348/922/891
f 1701/623/609 816/624/610 79/938/907
f 206/627/613 1300/1030/996 1729/939/908
f 1391/940/909 1792/1150/1106 795/941/910
f 548/677/664 923/676/663 924/561/549
f 1227/944/913 444/2250/595 767/945/914
f 1186/947/916 1182/1409/1349 333/513/498
f 165/949/918 1165/1361/1305 1636/950/919
f 1616/808/783 720/1215/1165 1617/951/920
f 551/337/921 1845/2629/691 1451/952/922
f 995/324/313 100/1249/1199 993/873/846
f 391/664/651 326/2298/2107 319/33/924
f 65/936/905 531/937/906 1355/959/931
f 667/961/933 327/680/666 392/962/175
f 531/937/906 884/1704/1622 1765/967/937
f 519/536/522 1757/535/521 1739/894/864
f 172/758/939 170/1871/2587 1182/969/940
f 1175/456/443 168/1551/1484 1206/971/942
f 304/973/944 643/189/1239 1094/974/945
f 51/981/949 1711/1592/1523 1224/982/950
f 870/752/730 1740/751/729 789/983/951
f 66/314/303 780/1631/1560 1358/985/953
f 1393/428/415 540/2155/1983 902/987/955
f 233/463/450 1381/462/449 1782/989/957
f 494/991/959 841/2318/1710 1854/992/960
f 427/994/962 216/1970/1842 1349/995/963
f 1083/867/840 625/2471/2349 294/213/203
f 128/1000/968 119/2422/2312 1030/1001/969
f 1650/1003/971 1188/1890/1776 409/1004/972
f 1557/1006/974 2105/1920/1801 2039/1007/975
f 1430/1009/977 1827/1362/1306 851/1010/978
f 140/935/904 1094/974/945 1566/1012/979
f 1406/1013/980 771/2001/1864 56/1014/981
f 1574/997/965 1768/998/966 269/1016/983
f 887/1018/985 1771/2794/990 855/1019/986
f 1765/1021/937 768/691/676 425/567/555
f 534/1023/989 1364/1026/2459 1771/1024/990
f 1364/1026/991 228/477/464 1363/928/897
f 915/1027/993 916/342/331 1818/344/333
f 1817/1029/995 1415/475/462 228/477/464
f 1300/1030/996 476/563/551 812/1031/997
f 1773/1032/998 1366/1221/1171 502/1033/999
f 1367/445/432 1773/1032/998 875/1034/1000
f 355/399/388 984/229/220 307/231/222
f 1726/618/603 783/717/699 782/1040/1005
f 1222/1041/1006 1674/2795/1242 759/1042/1007
f 1981/1050/1013 2128/2562/2569 2011/1051/1014
f 1369/1053/1016 1774/2022/1878 856/1054/1017
f 1349/995/963 1350/1971/1843 1762/1056/1019
f 1311/1058/1021 1736/140/137 865/740/543
f 1372/902/871 507/901/671 861/1060/673
f 1070/123/121 1608/1202/1152 718/29/29
f 1371/1065/1027 527/2352/2167 881/487/474
f 1854/992/960 885/2405/2302 532/1066/1028
f 1371/1065/1027 1775/900/870 1372/902/871
f 1374/1068/1030 505/2105/1771 858/1069/1031
f 1375/1071/1033 1778/1070/1032 886/1072/1034
f 232/1074/1036 1374/1068/1030 1778/1070/1032
f 1333/1078/1040 1779/1099/1059 1992/1079/1041
f 1987/1081/1043 1742/1397/1337 804/1082/1044
f 1052/1002/970 1030/1001/969 338/1084/1046
f 1737/729/710 867/728/709 1955/1086/1048
f 1978/1088/1049 1977/2796/1050 889/1089/1050
f 272/1091/1052 988/265/255 1498/262/252
f 1782/1093/1054 798/1097/1057 73/1094/1055
f 1381/1096/449 466/274/264 798/1097/1057
f 1976/1098/1058 1992/1079/1041 1779/1099/1059
f 203/1100/1060 1292/1505/1727 1724/1101/1061
f 212/1103/1063 514/968/938 1739/894/864
f 1166/1104/1064 166/1375/1317 147/1047/1010
f 1004/1106/1066 941/2478/2354 101/642/628
f 227/476/463 1361/478/465 1770/1108/1068
f 404/735/715 401/1762/1667 402/283/273
f 1785/526/512 1384/1119/1077 482/1110/283
f 1562/979/934 290/131/129 961/132/2300
f 1161/904/873 163/905/874 148/1064/1026
f 1285/1116/1074 1462/2317/2122 248/1117/1075
f 1384/1119/1077 1784/1176/1129 820/1120/1078
f 1051/658/645 98/50/50 373/1121/1079
f 99/1126/1084 110/815/790 989/814/789
f 403/282/272 1194/1445/1381 1200/1127/1085
f 1194/1128/1086 1653/2797/2095 1195/1129/1087
f 1493/1131/1089 1541/2009/1870 692/1132/1090
f 1395/1134/1092 1796/136/133 214/796/772
f 1010/435/422 1513/434/421 683/264/254
f 1356/1137/1095 1766/2798/118 1357/1138/1096
f 1792/1150/1106 901/715/697 71/1151/1107
f 938/912/881 1057/706/689 129/708/690
f 1351/1152/1020 1762/2247/1019 883/1153/1108
f 775/996/964 1349/995/963 1351/1057/1020
f 602/1155/1110 9/2631/1863 586/1156/1111
f 1795/754/732 1394/1431/1368 510/1157/1022
f 245/1158/1112 1454/2799/2588 1848/1159/1113
f 1733/687/672 1306/690/675 459/1161/1115
f 113/1107/1067 1003/1730/1642 1509/1165/1119
f 258/258/248 572/1136/1094 1629/1166/1120
f 1092/1167/1121 1565/2021/1877 1093/1168/1122
f 920/943/912 1833/1475/1407 1435/1170/1124
f 1798/756/734 830/465/452 85/1174/1127
f 266/746/724 990/851/823 939/850/822
f 1784/1176/1129 893/554/542 81/556/544
f 1022/518/504 979/2534/2417 1021/515/500
f 1281/1177/1130 833/1776/844 834/1178/513
f 264/1181/1133 1129/1924/1804 1592/1182/1134
f 1929/1184/1136 1928/2103/1136 1935/1185/1137
f 414/1189/1141 167/1418/1355 1170/1190/1142
f 1801/499/484 1399/1204/1154 484/1192/407
f 1811/1194/1144 269/1016/983 226/1195/1145
f 1032/1197/1147 334/1860/1748 249/1198/1148
f 1399/1204/1154 1800/2163/1990 824/1205/408
f 991/1206/1155 1500/1692/1612 588/1207/1156
f 2007/1209/1158 1956/2672/1848 1990/1210/1159
f 1403/1212/1161 461/1147/1581 791/1213/1162
f 1366/1221/1171 1772/2088/1931 853/1222/1172
f 1949/1223/1173 1936/2365/2589 1951/1224/1174
f 1555/1227/1177 651/1855/1746 311/1228/1178
f 1343/1229/1179 1345/2017/1874 895/1230/1180
f 301/1231/58 638/1975/56 1555/1227/1177
f 1586/1233/1182 1123/909/878 2058/908/877
f 2058/908/877 2061/2800/2529 724/1232/1181
f 1085/1235/1184 261/2008/1508 578/1236/885
f 662/1239/1187 1469/5/5 1465/1240/1188
f 212/1103/1063 1389/1531/1465 1791/1241/1189
f 1367/445/432 229/1328/1277 1366/1221/1171
f 445/1242/1190 770/1605/2432 223/1243/1191
f 1413/1245/1193 1815/1286/1237 1414/1246/1194
f 1091/1169/1123 1093/1168/1122 620/1247/1197
f 100/1249/1199 996/348/337 998/356/345
f 1267/1253/1202 1282/1781/1680 822/791/767
f 876/841/812 77/2153/305 807/1254/482
f 1232/182/178 775/996/1540 774/1154/1203
f 1259/352/341 191/1707/1625 1258/1258/1207
f 969/173/169 107/1615/1544 653/92/92
f 1152/1263/1213 2054/2749/1320 2119/1264/1214
f 1408/1267/1218 1810/872/845 909/1268/1219
f 243/1270/1221 1449/1432/1369 931/1271/1222
f 1112/143/140 1637/142/139 574/1273/1224
f 2024/1275/1226 2023/2801/2525 678/1276/1227
f 1816/1278/1229 1414/1246/1194 543/1279/1230
f 678/1276/1227 2023/2686/2525 2022/1281/1232
f 914/1284/1235 94/1487/1421 912/1285/1236
f 25/188/1238 388/2470/2348 1094/974/945
f 1740/751/729 1317/896/866 460/895/865
f 1221/1287/1240 761/1572/1504 760/1288/1241
f 529/1293/1246 54/1535/2393 447/424/1247
f 153/1295/1249 1133/391/380 1160/1296/1250
f 135/1298/1252 1070/123/121 1552/125/123
f 1102/1300/886 388/2470/2348 25/188/1238
f 958/1302/19 959/195/189 104/110/109
f 1818/1303/333 850/2802/332 500/1304/1255
f 236/1306/1257 1416/2287/2097 1818/1303/333
f 173/1309/1260 1189/2803/2590 1184/1310/1261
f 155/1171/1125 293/557/545 622/559/547
f 1393/1311/415 1392/1429/1367 515/1312/1262
f 272/1091/1052 593/267/257 1499/269/259
f 550/1314/1263 1448/2514/2386 1442/1315/1264
f 963/711/693 288/2406/1879 615/1317/1266
f 1420/1319/1268 237/1893/1779 1419/1320/1269
f 150/1109/1069 1123/909/878 1586/1233/1182
f 521/1322/1271 232/1074/1036 1424/357/346
f 533/1324/1035 1361/478/1945 1819/480/1273
f 1805/581/567 836/583/569 835/1326/1275
f 971/183/179 968/168/164 668/9/9
f 1512/335/324 284/2425/2314 610/249/239
f 229/1328/1277 1367/445/432 1429/446/433
f 1273/1346/1292 1706/1747/1655 826/1347/568
f 202/1349/1294 1291/551/826 1721/553/1295
f 1354/1244/1192 223/1243/1191 1353/1350/1296
f 1828/1358/1303 1430/1009/977 501/1011/538
f 1827/1362/1306 903/1175/1128 85/1174/1127
f 1320/780/758 1741/779/757 805/1363/280
f 1786/98/98 1385/441/428 1387/1365/1308
f 1140/1367/1310 574/1273/1224 573/1368/1311
f 1341/879/852 896/868/841 1386/1374/1316
f 109/51/51 98/50/50 120/1376/1318
f 1620/1378/1212 2055/2688/1718 2054/1379/1320
f 1410/3/3 1812/2/2 2138/1380/821
f 1622/621/607 1153/1283/1234 2021/1382/1323
f 496/1384/1324 1291/551/539 1722/855/1325
f 2090/2750/2456 2099/1388/1328 2022/1387/1232
f 2099/1388/1328 2102/2804/2024 379/383/372
f 1533/1389/1329 688/1859/1747 364/1390/1330
f 1637/142/139 1636/950/919 573/1368/1311
f 226/1195/1145 269/1016/983 1768/998/966
f 1812/2/2 1409/1196/1146 226/1195/1145
f 1303/1394/1334 1731/2475/2351 855/1395/1335
f 1742/1397/1337 1320/2805/758 471/1398/1307
f 1440/1401/1340 1839/2806/2591 1441/1402/1341
f 1301/625/1343 1729/939/614 854/1404/616
f 1840/1406/1344 919/2506/2375 547/1316/1345
f 1444/1407/1347 1840/1406/1344 1442/1315/1346
f 241/1410/1348 1443/1844/2592 1841/1411/1350
f 1116/1105/1065 382/2098/1244 252/1413/1259
f 555/647/633 1447/646/632 1842/1415/1352
f 1447/646/632 242/2033/1886 1446/1417/1354
f 1076/845/817 1554/823/796 637/816/791
f 414/1189/1141 1190/584/570 1185/586/572
f 1932/1426/1364 1933/2347/2593 1947/1427/1365
f 1046/380/369 1031/2354/2173 373/1121/1079
f 1392/1429/1367 1393/1311/415 1794/1430/956
f 1449/1432/1369 243/1270/1221 1448/1433/1370
f 125/800/775 1044/799/774 1536/1442/1378
f 1451/952/922 1846/2807/1712 1452/1446/1382
f 1332/1447/1383 1749/2107/1944 1760/1448/1384
f 1455/1450/1114 559/158/156 934/1451/1386
f 1453/1453/1388 1847/2493/1387 925/1454/548
f 1157/1455/1390 145/2267/2075 131/392/381
f 1071/1299/1253 1552/125/123 598/798/316
f 112/376/365 999/2187/2010 1506/1461/1395
f 1476/105/104 1475/104/103 639/1462/1396
f 915/1027/993 534/2808/989 1368/1463/1397
f 584/1183/1135 1592/1182/1134 613/833/805
f 348/1467/1400 948/1035/1001 307/231/222
f 1788/1366/1309 1387/1365/1308 486/1468/1293
f 469/1469/1401 509/2300/2109 1456/1470/1402
f 95/1474/1406 922/2450/2335 1833/1475/1407
f 800/1476/1408 1460/1962/1835 1851/1477/1409
f 1144/1214/1164 158/1216/1167 305/1478/1410
f 1458/1480/1412 554/255/2594 926/1481/1413
f 247/1483/1415 1458/1480/1412 1850/1482/1414
f 2072/1498/1429 1970/2670/738 1986/1499/1430
f 926/1481/1413 554/255/2594 1438/890/1432
f 208/1502/1434 1304/718/700 1732/720/702
f 536/1504/1436 778/1632/1561 66/314/303
f 1292/1505/1437 498/1833/1726 847/1506/1438
f 1900/1223/1440 1879/2365/2595 1902/1224/1441
f 1263/367/356 1699/362/351 812/1507/997
f 520/842/813 876/841/812 1745/809/784
f 1035/1519/1452 376/2305/2112 698/218/208
f 1528/1520/1454 698/218/209 689/220/211
f 1059/1522/1455 130/1599/1529 1058/1523/1456
f 1390/1530/1464 1792/1150/1106 1391/940/909
f 1705/419/406 824/421/408 796/1532/1466
f 168/1551/1484 1175/456/443 1176/146/144
f 1475/1573/103 658/2030/624 20/1574/1505
f 437/1557/1490 1235/1568/1501 1683/1576/1506
f 261/1578/1508 1003/1730/1642 1508/750/728
f 1486/1579/1509 620/1616/1545 24/1580/1510
f 1058/1523/1456 1544/1895/1781 595/1589/1520
f 888/1594/1525 67/1643/1570 1721/553/541
f 1118/102/101 1582/101/100 1119/1112/1071
f 1258/1258/1207 1695/315/304 806/317/306
f 130/1599/1529 939/850/822 940/531/517
f 139/470/457 1085/1235/1184 1561/1237/1185
f 275/129/127 105/26/26 1478/27/27
f 50/1614/1543 748/2536/2420 423/1571/1503
f 107/1615/1544 969/173/169 620/1616/1545
f 1279/1620/1549 440/1588/1519 1223/1582/1517
f 1181/1622/1551 1208/2308/2115 1658/1623/1552
f 344/875/848 1059/1522/1455 1545/1524/1457
f 1755/881/854 1340/880/853 479/888/384
f 1499/269/259 701/268/258 380/910/879
f 1597/14/14 652/16/16 312/355/344
f 592/1092/1053 1498/262/252 683/264/254
f 512/1675/1597 1314/727/708 1738/737/717
f 1138/1677/1598 155/1171/1125 1137/74/74
f 971/183/179 107/1615/1544 1486/1579/1509
f 1124/1684/1270 1586/2096/1937 593/267/1604
f 116/1685/1605 1014/458/445 1516/460/447
f 446/1687/1607 221/748/726 524/827/800
f 1045/1443/1379 1536/1442/1378 681/1689/1609
f 276/1691/1611 602/1155/1110 1505/745/723
f 990/851/823 266/746/724 586/1156/1111
f 1097/665/652 1096/1935/1671 1567/637/623
f 1269/1693/1613 465/1931/1808 1270/430/417
f 210/1695/1615 1310/138/135 1736/140/137
f 675/532/518 1573/2071/1921 2093/1696/1616
f 1610/1220/1170 655/1219/1169 315/1251/1201
f 198/1698/1617 50/1614/1543 1279/1620/1549
f 1085/1235/1184 139/470/457 1084/257/247
f 993/873/846 344/875/848 684/1630/1559
f 994/326/315 1502/325/314 599/484/471
f 1989/1701/1620 1955/2674/1048 867/1702/709
f 1348/922/891 1761/609/594 884/1704/1622
f 1874/1705/1623 1873/1706/1623 1902/1706/1624
f 276/1691/1611 997/347/336 1504/345/334
f 1506/1715/1395 681/2433/2321 5/307/296
f 1272/1716/1632 1277/1788/1686 1283/1659/1583
f 1127/634/620 151/467/454 1126/1717/1633
f 305/69/69 645/71/71 1473/73/73
f 1509/1719/1119 577/2006/1652 8/1720/1635
f 64/404/393 774/2809/1109 1351/1152/1020
f 1004/1106/1066 1509/1165/1119 565/1722/1636
f 1806/1327/1276 835/1326/1275 71/1151/1107
f 455/1724/1637 454/2416/2309 1240/1725/1638
f 1252/1726/1639 189/277/267 1251/275/265
f 1758/915/884 883/1153/1108 59/1728/1641
f 1003/1730/1642 113/1107/1067 1002/749/727
f 875/1034/1000 78/629/615 814/1731/350
f 1006/406/395 278/1739/1650 603/1732/1643
f 1616/808/783 1615/176/172 634/1733/1644
f 169/1735/1645 1179/2028/1883 738/1736/1646
f 967/167/163 968/168/164 1482/1737/1648
f 1510/408/397 1005/407/396 265/697/682
f 278/1739/1650 1006/406/395 1510/408/397
f 1021/515/500 979/2534/2417 1212/1741/1651
f 1547/926/895 1062/925/894 389/354/343
f 1513/434/421 606/2630/2448 12/1674/1596
f 1003/1730/1642 261/1578/1508 577/1742/1652
f 1387/1365/1308 1787/451/438 827/438/425
f 1118/102/101 1581/1063/1025 692/1744/1090
f 1707/1745/1654 1273/1346/1292 486/1348/1293
f 1012/1749/1656 264/1758/1133 584/1750/1135
f 1388/1752/1658 1431/2244/2055 230/1753/1659
f 1420/1319/1661 545/409/398 918/1325/1274
f 1514/1755/1662 1011/2810/1666 341/1756/1663
f 264/1758/1133 1012/1749/1656 1514/1759/1662
f 1012/1749/1656 115/1982/1849 1011/1761/1666
f 405/695/680 400/694/679 401/1762/1667
f 263/1763/1668 581/2811/855 1517/1764/857
f 1517/1765/857 575/1858/856 259/1766/1669
f 1096/1768/1671 289/2565/2440 616/1769/1672
f 356/111/110 104/110/109 959/195/189
f 1015/1686/1606 1516/460/447 582/1771/171
f 127/659/646 120/1376/1318 98/50/50
f 1067/790/766 156/2045/1901 1604/1180/1132
f 917/1778/400 1820/2812/399 846/1779/1678
f 1011/1761/1666 115/1982/1849 102/1783/1681
f 2096/1799/1698 1999/2067/1917 2004/1800/1699
f 1433/1802/1701 238/2253/2475 549/1803/1702
f 1922/1225/1704 1906/2350/2596 1907/1805/1705
f 558/1812/1711 932/2279/2089 1846/1813/1712
f 2113/1816/1715 1995/2740/2564 2002/1817/1716
f 2070/1819/820 1360/1393/1333 1769/1820/1717
f 721/1822/1211 2056/2689/2527 2055/1823/1718
f 163/905/874 1117/1061/1023 1581/1063/1025
f 1611/1226/1176 1145/1217/1168 299/1824/226
f 121/1825/1719 1035/1519/1452 1528/1520/1453
f 1132/1827/1721 336/2526/1935 337/1828/1722
f 1529/1830/1724 1033/1826/2406 365/1831/778
f 339/1690/1610 338/1084/1046 1030/1001/969
f 1034/771/749 121/1825/1719 1033/1826/1720
f 1036/1837/1730 251/2558/2037 563/1838/1731
f 739/1839/1733 743/2448/2332 1659/1840/1734
f 122/1842/1736 1036/1837/1730 1530/576/1732
f 1443/1844/1738 1450/2274/2083 556/1845/1739
f 2073/1846/1740 2134/2769/2580 1855/683/668
f 1532/1847/1741 566/2594/1315 2/1848/1314
f 1197/1850/1743 1654/2636/1994 732/1851/1744
f 1143/575/562 280/2601/323 605/1853/325
f 1770/1108/1068 859/2813/701 506/927/896
f 536/1504/1436 1783/2101/1939 1785/526/512
f 1042/1391/1331 364/1390/1330 687/1854/1301
f 1091/1169/1123 311/1228/1178 651/1855/1746
f 1355/1856/931 1765/2814/937 1756/1857/988
f 575/1858/856 6/2815/2461 688/1859/1747
f 334/1860/1748 1032/1197/1147 1050/1861/1749
f 924/561/549 923/676/663 1835/1863/1751
f 1041/1864/1752 1533/1389/1329 1042/1391/1331
f 557/157/155 1449/1432/1369 1843/1434/1371
f 1535/379/605 571/619/604 257/1869/1756
f 1187/1870/1758 1183/2524/2503 170/1871/1759
f 341/1756/1663 1011/2810/1666 944/1872/1682
f 1044/799/1757 257/1869/1756 570/1873/297
f 1644/666/653 1645/668/655 168/1551/1761
f 1261/373/362 1266/251/241 478/253/243
f 1047/1199/1149 249/1198/1148 561/1878/1767
f 1335/840/811 1780/2106/1943 1379/1880/1769
f 126/1377/1319 1047/1199/1149 1537/1879/1768
f 1002/749/727 942/2507/2377 348/1467/1400
f 1049/657/644 256/656/643 569/1887/794
f 734/1889/1775 409/1004/972 1188/1890/1776
f 1250/276/266 210/1695/1615 1309/1891/1777
f 277/1252/486 18/1964/1837 712/169/165
f 165/949/918 146/141/138 1578/1036/1002
f 1062/925/894 1598/1673/1595 312/355/344
f 237/1893/1779 1420/1319/1268 1819/480/467
f 269/1016/983 1811/1194/1144 716/1259/1208
f 253/1085/1047 565/2816/1636 1540/1894/1780
f 1544/1895/1781 2110/2223/2043 2005/1896/1782
f 175/1130/1088 1195/1129/1087 741/1897/1783
f 1543/1909/1792 590/1911/1794 11/1910/1793
f 1055/707/687 271/2817/686 590/1911/1794
f 160/1912/1795 1154/1282/1233 1623/1913/1796
f 129/708/690 1055/707/687 1543/1909/1792
f 1703/1916/1799 1268/292/281 482/294/283
f 1213/734/714 1663/278/268 676/1918/1800
f 595/1919/1520 2005/2727/1782 2105/1920/1801
f 296/776/754 629/159/1196 292/1179/1131
f 760/1729/1241 761/2109/1504 1759/747/725
f 130/1599/1529 1060/530/516 1544/1895/1781
f 684/1630/1559 1545/1524/1457 594/1921/882
f 1545/1524/1457 1058/1523/1456 273/1590/883
f 1797/1922/1802 829/2538/2295 487/1923/1803
f 1129/1924/1804 152/2486/2358 1128/1123/1081
f 1743/794/770 814/1731/350 477/785/363
f 1781/1928/1807 891/2510/2379 72/1929/378
f 465/1931/1808 1269/1693/1613 481/1932/1809
f 1880/1225/1810 1857/2350/1810 1858/1805/1811
f 297/1933/215 1063/924/893 1547/926/895
f 320/32/925 659/1581/1891 1096/1935/1671
f 588/1936/1156 9/1999/1863 576/1937/1812
f 1065/1939/1814 270/2818/1157 588/1936/1156
f 1066/558/546 1549/1938/1813 576/1937/1812
f 219/385/374 1337/1997/1861 1753/860/833
f 132/763/741 309/765/743 1135/1149/1105
f 1720/333/1818 1288/1815/2363 494/1943/1819
f 1109/744/1821 1627/743/2032 1160/1296/1250
f 1065/1939/1814 133/2572/2447 1064/1945/1822
f 465/1931/1808 1252/1726/1639 1691/1727/1640
f 1423/37/37 1823/39/39 1821/20/20
f 615/1947/1266 708/965/936 656/964/935
f 1590/468/455 604/635/621 11/1949/1793
f 2076/1954/1828 2137/2776/2119 1993/1955/1829
f 599/1957/471 10/1986/470 706/1958/1831
f 1829/1464/1398 1830/2245/2056 916/342/331
f 1553/1959/1832 706/1958/1831 385/1960/1833
f 1460/1962/1835 467/1892/1778 1309/1891/1777
f 1370/1754/1660 1316/2592/2460 898/1963/1836
f 1589/1718/1634 712/169/165 18/1964/1837
f 1455/1450/1114 1848/2294/1113 935/156/154
f 645/1966/1838 305/1478/1410 158/1216/1167
f 638/1975/56 33/2819/55 651/1855/1746
f 1605/1187/1139 157/574/561 135/1298/1252
f 124/1865/1753 1042/1391/1331 1534/612/597
f 1956/1977/1848 2007/2755/1158 2126/1978/707
f 1734/679/660 818/2820/659 480/565/553
f 115/1982/1849 1012/1749/1656 1515/447/434
f 136/847/819 1075/822/795 1554/823/796
f 1330/829/802 1748/828/801 1331/831/804
f 273/914/883 595/2821/1520 1557/1984/974
f 189/277/267 1310/138/135 210/1695/1615
f 1079/299/288 1557/1984/974 1080/1985/976
f 1556/298/287 706/1958/1831 10/1986/470
f 1656/862/835 1204/2302/2111 179/1987/1851
f 589/1989/1854 1548/2073/1823 2116/1990/1855
f 276/1995/1611 601/863/836 1559/865/838
f 1558/1998/1862 576/1937/1812 9/1999/1863
f 771/2001/1864 1406/1013/980 1808/2002/1865
f 1082/869/842 1558/1998/1862 602/2000/1110
f 138/870/843 1081/2585/2454 1558/1998/1862
f 1255/296/285 1693/287/276 803/289/278
f 604/1740/621 1510/408/397 585/1738/1649
f 1964/2004/1868 1253/2146/1977 1312/309/298
f 577/2006/1652 1560/1700/1619 704/2007/1869
f 1560/1700/1619 1084/257/247 383/259/249
f 261/2008/1508 1085/1235/1184 1560/1700/1619
f 1541/2009/1870 1053/11/11 367/13/13
f 542/1015/982 907/16/1965 1407/2010/1871
f 1752/1994/1859 811/1993/1858 475/2013/899
f 1293/1102/1062 1724/1101/1061 846/1836/816
f 764/1591/1522 1766/120/118 1756/1022/988
f 1516/460/447 611/459/446 634/2016/1644
f 1665/2018/1502 1675/1586/1516 424/1585/1515
f 1093/1168/1122 289/2565/2440 24/2019/1875
f 872/2020/1876 92/2128/1963 516/859/832
f 1565/2021/1877 639/1575/1396 20/1574/1505
f 1368/1463/1397 534/2808/989 887/1018/985
f 288/2023/1879 1095/933/902 1566/1012/979
f 1325/812/787 1799/2064/1914 890/2024/1880
f 1337/1997/1861 475/2013/899 810/2025/338
f 1599/1678/1599 1137/74/74 396/76/76
f 1178/2027/1882 1646/2822/2597 1179/2028/1883
f 1601/1173/1126 623/2582/2451 293/557/545
f 149/1077/1039 1120/1336/1285 1583/1067/1029
f 1434/2029/1884 549/2269/2077 1435/1170/1124
f 228/477/464 227/476/463 1362/929/898
f 547/1316/1265 1433/1802/1701 1434/1804/1703
f 1567/1770/623 616/1769/1672 20/1574/1505
f 1625/2031/1885 564/2047/1903 252/1413/1259
f 242/2033/1886 1447/646/632 921/2034/1887
f 1167/2036/1889 167/1418/1355 1185/586/572
f 1807/2037/1890 1398/2162/1989 1327/534/520
f 523/1449/1385 1760/1448/1384 1347/2026/1881
f 24/2019/1875 289/2565/2440 1096/1768/1671
f 1099/955/927 23/161/1195 626/160/1895
f 156/2045/1901 1140/1367/1310 1602/1369/1312
f 1166/1104/1064 252/1413/1259 564/2047/1903
f 546/2048/1904 240/1403/2598 242/2049/1905
f 1269/1693/1613 194/1694/1614 1268/292/281
f 880/386/375 92/2128/1963 894/753/731
f 1151/2053/1217 1619/1255/1204 674/1257/1206
f 1972/2055/1042 1989/2676/1620 1750/1703/1621
f 552/256/1389 925/1454/548 1834/2057/550
f 1146/2060/1909 287/1125/1083 1613/1234/1183
f 661/203/197 1103/261/251 142/180/176
f 497/2014/815 500/2791/1255 1294/598/585
f 1691/1727/1640 1251/275/265 466/274/264
f 1799/2064/1914 1325/812/787 215/804/779
f 96/2065/1915 925/560/548 1847/1452/1387
f 2104/2066/1916 2004/2724/1699 1999/2067/1917
f 2038/2069/1919 2104/2066/1916 2094/2068/1918
f 331/520/507 1106/999/967 1573/2071/1921
f 1106/999/967 143/2426/2315 1105/2072/1922
f 270/1208/1157 1065/2823/1814 1548/2073/1823
f 1165/1361/1305 364/2417/1330 688/2074/1747
f 335/2075/1750 679/2824/649 1575/2076/782
f 1575/2076/782 562/2825/781 250/742/720
f 144/390/379 1108/412/401 1575/2076/782
f 413/2077/1923 1183/2524/2503 1187/1870/1758
f 868/1676/809 1738/737/717 806/317/306
f 965/152/150 949/23/23 105/26/26
f 249/2079/1148 1111/2265/2072 1576/2080/1925
f 1193/2082/1926 174/2276/2085 1192/1421/1358
f 1587/2084/1928 592/2118/1053 12/2085/1596
f 456/2086/1929 457/1876/1764 458/1884/1773
f 1113/2089/1932 257/2627/1756 571/2090/604
f 1429/446/433 541/137/134 903/1175/1128
f 336/2093/1935 1029/2528/2410 1039/2094/1936
f 1586/2096/1937 724/1381/1321 43/2097/1938
f 1113/2089/1932 146/141/138 1112/143/140
f 100/1249/1199 346/2120/1957 281/346/335
f 1116/1105/1065 1580/1049/1012 703/596/583
f 147/1047/1010 1115/1044/1009 1580/1049/1012
f 1582/101/100 693/2556/12 8/1720/1635
f 958/19/19 657/636/622 658/638/624
f 851/2100/978 85/2826/1127 831/607/451
f 965/152/150 106/616/601 1481/1318/1267
f 1783/2101/1939 526/384/373 1384/1119/1077
f 1927/1705/1941 1936/1705/1941 1935/1185/1941
f 356/111/110 1465/1240/1188 355/399/388
f 520/842/813 890/2024/1880 1780/2106/1943
f 1331/831/804 434/830/803 750/1980/1475
f 230/1753/1659 1368/1463/1397 1774/2022/1878
f 533/1324/1035 886/2827/1034 1770/1108/1068
f 761/2109/1504 55/2828/2422 877/2110/1946
f 1946/2111/1947 1947/570/1947 1921/570/1948
f 2038/2069/1919 2026/2070/1920 2120/2112/1949
f 155/1171/1125 1138/1677/1598 1600/1162/1951
f 1136/1148/1104 1597/14/14 1598/1673/1595
f 1125/857/830 1585/907/876 1123/909/878
f 132/763/741 154/1942/1817 1598/1673/1595
f 624/215/205 1591/214/204 396/76/76
f 1061/2117/1955 334/2325/1748 335/2075/1750
f 1124/1321/1270 272/2829/1052 592/2118/1053
f 149/1077/1039 164/452/439 1634/1337/1286
f 1793/2119/1956 1392/1429/1367 1394/1431/1368
f 346/2120/1957 353/2186/1958 664/2121/1958
f 1722/855/828 1290/854/827 485/2122/1959
f 218/1881/1770 1334/837/808 1751/839/810
f 1132/1827/1721 153/1295/1249 162/1297/1251
f 1068/789/765 1551/151/149 1069/2125/1961
f 1754/889/860 882/2003/1867 79/2127/907
f 1338/1941/1816 516/859/832 92/2128/1963
f 221/748/726 446/1687/1607 773/2129/1964
f 914/1284/1235 544/2420/2311 1624/1914/1797
f 1802/303/292 1804/14/1163 907/16/1965
f 1305/1503/1435 1732/720/702 858/2130/1031
f 972/186/182 973/185/181 977/212/202
f 1593/721/703 583/2446/1665 7/2131/1966
f 297/1933/215 27/893/217 649/764/742
f 467/1892/1778 800/1476/1408 1690/273/263
f 1191/2133/1968 174/2276/2599 172/758/939
f 1746/805/780 808/2584/2053 832/2135/1674
f 633/1734/492 29/2397/491 720/1215/1165
f 237/1893/1779 236/1306/1257 1417/1305/1256
f 1136/1148/1104 300/1147/236 635/2139/234
f 1668/2140/1973 1684/2455/2338 432/2141/1974
f 701/268/258 43/2097/1938 1658/2142/1975
f 1253/2146/1977 1964/2004/1868 1980/2147/1978
f 1138/1677/1598 271/2434/686 591/2151/684
f 1804/14/1163 791/1213/1162 70/15/1687
f 1779/1099/1059 1333/1078/1040 218/1881/1770
f 590/2152/1794 1599/1678/1599 715/1950/1824
f 225/1139/1097 450/1629/2600 781/1627/1981
f 1751/839/810 868/838/809 77/2153/305
f 197/474/461 1276/473/460 1709/2154/1982
f 540/2155/1983 1393/428/415 1961/2156/1984
f 1229/1602/1532 1231/1600/1530 1667/1526/1460
f 263/2158/1668 582/175/171 1603/177/173
f 1531/2160/1987 1040/603/589 980/442/429
f 274/1460/788 599/1957/471 1553/1959/1832
f 1141/2046/1902 1602/1369/1312 581/882/855
f 156/2045/1901 1067/790/766 134/2126/1962
f 1592/1182/1134 1128/1123/1081 287/1125/1083
f 1380/461/448 1780/2106/1943 890/2024/1880
f 176/2166/1993 1199/2222/2397 1654/2167/1994
f 1174/148/146 417/769/747 418/2169/1995
f 1119/1112/1071 1582/101/100 704/2007/1869
f 167/1418/1355 1167/2036/1889 1169/2170/1996
f 176/2166/1997 1198/2296/2601 1202/2171/1998
f 2123/2176/2002 1585/907/876 1080/1985/976
f 1710/1708/1626 61/1710/1628 765/1597/1527
f 630/1934/223 1547/926/895 709/455/442
f 1227/944/913 1228/1539/1473 745/270/260
f 410/2179/2003 1173/2378/2259 741/2180/1783
f 58/1688/1608 524/827/800 1330/829/802
f 1233/1612/1541 1234/1559/1492 746/1514/1447
f 669/2183/2006 1527/544/2500 2086/2184/2007
f 1677/692/677 185/272/262 426/271/261
f 1809/528/514 1810/872/845 1408/1267/1218
f 353/2186/1958 346/2120/1957 347/330/319
f 999/2187/2010 941/2478/2354 338/2188/1046
f 877/2110/1946 55/2828/2422 749/2192/1477
f 1048/654/2013 1537/1879/629 695/2193/630
f 62/611/596 1677/2830/677 768/2052/676
f 900/594/581 901/715/697 1792/1150/1106
f 1589/1718/1634 1126/1717/1633 1618/615/600
f 2053/2194/2014 2059/2743/2366 2122/2195/1950
f 262/2196/2015 1068/789/765 1550/787/763
f 2076/2201/1828 1975/2831/1830 1978/2832/1049
f 1978/2832/1049 910/1090/1051 2076/2201/1828
f 540/2155/1983 1960/2157/1985 1959/762/740
f 1959/762/740 2014/2778/739 2080/2202/2019
f 1154/1282/1233 329/620/606 672/1488/1422
f 430/1536/2020 1342/2012/1872 1356/2059/1095
f 407/1852/1745 732/1851/1744 730/2203/2021
f 2101/2207/2025 1601/2509/1126 1139/381/370
f 1139/381/370 379/383/372 2101/2207/2025
f 362/1494/1426 1191/1423/1361 1186/947/916
f 1157/1455/1390 161/2288/2098 1156/1307/2026
f 680/2208/1742 2/1371/1314 564/2047/1903
f 232/1074/1036 1375/1071/1033 1425/2209/2028
f 180/2210/2029 1209/768/746 1203/770/748
f 1274/2211/2030 196/2387/2293 1273/1346/1292
f 1158/2212/2031 1627/743/721 713/2213/1284
f 162/1297/1251 1160/1296/1250 1627/743/2032
f 123/2215/2034 1038/589/576 1532/1847/1741
f 1266/251/241 193/396/385 1265/393/382
f 563/2216/2035 1628/2833/2036 714/1345/1291
f 1628/2217/2036 1158/2212/2031 395/2214/1298
f 251/2219/2037 1159/2124/1960 1628/2217/2038
f 1837/2221/2039 1439/300/289 239/892/2040
f 178/2172/1999 1203/770/748 1199/2222/2042
f 1060/530/516 2044/2834/2547 2110/2223/2043
f 1862/2227/2046 1863/2835/2046 1859/2228/2047
f 1629/1166/1120 572/1136/1094 7/2131/1966
f 1621/1265/1215 159/2525/2408 1151/2053/1217
f 1709/2154/1982 829/2389/2295 84/2230/2049
f 262/2196/2015 579/149/147 1551/151/149
f 1163/1342/1289 255/1339/574 567/2233/565
f 1634/1337/1286 1633/1343/1290 714/1345/1291
f 1226/568/2009 426/271/261 1224/982/950
f 351/495/480 1521/651/637 1522/502/487
f 886/1072/1034 90/1886/1774 859/2237/701
f 190/295/284 1253/2146/1977 1692/2148/1979
f 1697/1711/1629 1260/931/900 475/930/899
f 1278/920/889 809/1772/1673 808/2242/2053
f 1762/2247/1019 759/2323/1007 59/1728/1641
f 1178/1400/1339 1184/2836/2602 401/1762/1667
f 1227/944/913 1677/692/677 62/2249/596
f 1771/1024/992 1363/928/897 503/2254/1336
f 1652/2083/1927 1192/1421/1358 406/1422/1360
f 1140/1367/1310 134/2126/1962 1069/2125/1961
f 1501/632/618 589/1989/2411 2001/2263/2070
f 995/324/313 347/330/319 346/2120/1957
f 1111/2265/2072 145/2267/2075 1110/1292/2073
f 1001/372/361 1000/375/364 262/2266/2015
f 1626/1290/2027 1110/1292/2073 145/2267/2075
f 1762/1056/1019 1350/1971/1843 439/1043/1008
f 1591/214/204 1590/468/455 715/1950/1824
f 111/631/617 990/851/823 1500/1692/1612
f 921/2034/1887 1435/1170/1124 549/2269/2077
f 415/2270/2078 1193/2082/1926 1652/2083/1927
f 1189/2272/2080 173/2438/2326 1188/1890/1776
f 729/1420/1359 1192/1421/1358 174/2276/2085
f 385/1960/1833 1078/856/829 1588/858/831
f 1653/1441/2095 737/1436/1373 411/2285/2096
f 1769/1820/1717 1359/1392/1332 493/853/825
f 212/1103/1063 1318/2390/2296 1390/1530/1464
f 1416/2287/2097 236/1306/1257 1415/475/462
f 1133/391/380 153/1295/1249 161/2288/2098
f 1197/1850/1743 407/1852/1745 731/2290/2100
f 176/2166/1993 1197/2168/1743 1655/2295/2101
f 1073/2297/2106 1569/2386/2292 326/2298/2107
f 970/184/180 1486/1579/1509 659/1581/1511
f 1205/2301/2110 179/1987/1851 1204/2302/2111
f 376/2305/2112 1035/1519/1452 1028/2306/2113
f 999/2187/2010 339/2189/1610 681/2307/1609
f 180/2210/2114 1207/2837/2603 1658/1623/1552
f 2137/2312/2119 2069/2774/2576 1973/2313/2120
f 285/239/230 1014/458/445 945/2319/2123
f 1267/1253/1202 195/1743/1653 483/1533/1467
f 428/1529/1463 1680/1528/1462 429/181/177
f 936/1495/1427 1662/1497/1428 1214/732/712
f 982/1122/1080 1054/2355/2174 1541/2009/1870
f 1213/734/714 328/733/713 669/2321/2125
f 378/911/880 381/704/688 1057/706/689
f 1674/2322/1242 760/1729/1241 59/1728/1641
f 334/2325/1748 1061/2117/1955 1111/2265/2072
f 535/2164/1991 891/2510/2379 1781/1928/1807
f 730/2203/2021 46/2620/2486 740/2271/2079
f 1939/2326/2127 1904/2326/2127 1906/1805/2128
f 1893/2345/2147 1894/1426/2604 1897/1428/2148
f 1463/639/625 1855/683/668 1464/993/961
f 1895/2347/2150 1885/2367/2150 1888/2326/2151
f 1870/1428/2154 1866/1426/2605 1867/2345/2155
f 1894/1426/2157 1895/2347/2606 1898/1427/2158
f 1901/1225/2160 1902/1224/2607 1886/1805/2161
f 1141/2046/1902 1603/177/173 1604/1180/1132
f 964/153/151 1481/1318/1267 656/2351/935
f 1898/570/2162 1871/570/2163 1870/2111/2163
f 927/1416/1353 932/2279/2089 558/1812/1711
f 1892/1184/2164 1876/2335/2164 1875/2103/2164
f 1875/2103/2165 1874/1705/2165 1879/1705/2166
f 527/2352/2167 1341/879/852 1755/881/854
f 1873/1706/2168 1858/2350/2168 1886/2350/2168
f 1857/2350/2170 1864/2367/2608 1861/2326/2171
f 982/1122/1080 373/1121/1079 1031/2354/2173
f 1149/170/166 315/1251/1201 655/1219/1169
f 1901/713/2182 1887/1805/2183 1857/1805/2183
f 1877/2364/2186 1869/2338/2186 1890/2341/2186
f 1871/1427/2187 1865/2347/2609 1866/1426/2188
f 1383/2051/1907 894/753/731 893/554/542
f 1881/2349/2192 1903/1223/2610 1874/2365/2193
f 1903/1223/2195 1880/1225/2611 1873/1224/2196
f 1861/2326/2198 1864/2367/2612 1865/2347/2199
f 1866/2362/2202 1865/2366/2202 1895/2366/2203
f 1942/1805/2129 1906/1805/2128 1922/713/2204
f 1216/1518/1451 1682/2547/2427 1217/1625/1554
f 1899/2349/2206 1878/2348/2613 1879/2365/2207
f 1061/2117/1955 131/392/381 145/2267/2075
f 1861/2367/2209 1888/569/2209 1886/2350/2209
f 1887/1805/2183 1885/2326/2210 1864/2326/2210
f 1900/712/2229 1901/713/2229 1880/713/2229
f 1895/2366/2230 1865/2366/2230 1864/2326/2230
f 502/1405/999 853/1866/1172 1728/1867/1754
f 1933/2347/2235 1939/2367/2614 1941/2326/2236
f 1407/2010/1871 490/2545/1684 84/2373/2049
f 1950/1225/2243 1951/1224/2615 1940/1805/2244
f 1945/2364/2246 1919/2364/2247 1918/2338/2247
f 1946/2111/2249 1920/2111/2250 1919/2364/2250
f 433/1537/1471 1221/1287/1240 1674/1289/1242
f 1941/2367/2251 1911/2367/2252 1921/570/2252
f 170/2375/2253 1181/2838/2449 1648/2376/2254
f 1394/1431/1368 1794/1430/956 864/2150/1788
f 1926/1706/2256 1951/1706/2257 1936/1705/2257
f 736/2377/2258 1643/2625/2491 1173/2378/2259
f 1914/2366/2263 1933/2604/2263 1932/2363/2263
f 1100/682/667 1102/917/886 627/95/1254
f 1906/2350/2265 1904/2367/2616 1911/2326/2266
f 1921/1427/2275 1914/2347/2617 1915/1426/2276
f 739/2380/2278 412/2522/2403 1169/2170/2279
f 1923/1223/2285 1922/1225/2618 1926/1224/2286
f 1728/1867/2288 1687/1646/2429 456/2086/1929
f 1017/486/473 948/1035/1001 348/1467/1400
f 1548/2382/1823 1064/2643/1822 2051/2383/2289
f 642/2385/2290 304/973/944 140/935/904
f 628/2379/2264 321/44/2494 327/680/666
f 318/18/2291 619/2393/2426 1569/2386/2292
f 1274/2211/2030 1275/472/459 197/474/461
f 614/1124/1082 1128/1123/1081 387/886/859
f 1149/170/166 1618/615/600 646/202/196
f 1561/1237/1185 578/1236/885 596/47/47
f 221/748/726 1759/747/725 877/2110/1946
f 1276/473/460 487/2574/1803 829/2389/2295
f 1318/2390/2296 212/1103/1063 1317/896/866
f 1860/2391/2131 1882/2783/141 1883/2392/141
f 1008/426/413 943/436/423 1007/418/405
f 1952/2394/2297 2011/2772/2583 2135/2395/1431
f 1609/1150/1166 720/1215/1165 29/2397/491
f 1757/535/521 832/2135/1674 788/2399/1578
f 1836/766/744 1438/890/1432 239/892/2040
f 738/861/834 1179/2839/2619 1204/2302/2111
f 1854/992/960 936/1495/1427 49/2320/2124
f 1624/1914/1797 1214/732/712 332/1501/1433
f 288/2406/1879 963/711/693 1480/60/60
f 503/1396/1336 506/2792/896 1304/718/700
f 920/943/912 924/561/549 96/2065/1915
f 401/1762/1667 1184/2836/2602 1189/2408/2304
f 1699/2409/351 814/1731/350 78/629/615
f 1460/2414/2306 1454/2799/2620 245/1158/2307
f 1295/600/586 1240/1725/1638 454/2416/2309
f 364/2417/1330 1165/1361/1305 1635/1360/1304
f 177/2419/2310 175/1130/2318 1196/457/444
f 544/2420/2311 914/1284/1235 1815/1286/1237
f 161/2288/2098 1155/1829/1723 1625/2421/1885
f 1014/458/445 116/1685/1605 102/1783/1681
f 1045/1443/1379 1030/1001/969 119/2422/2312
f 340/772/750 944/1872/1682 1016/1767/1670
f 1263/367/356 476/1508/551 480/2423/553
f 128/1000/968 1052/1002/970 1540/1894/1780
f 259/1766/1669 1041/1864/1752 1027/773/751
f 143/2426/2315 1106/999/967 1574/997/965
f 408/2427/2316 733/2622/2489 736/2377/2258
f 672/1488/1422 94/1487/1421 914/1284/1235
f 1200/2428/2317 1194/1128/2621 175/1130/2318
f 1298/606/592 1290/854/827 202/1349/1294
f 1536/2432/1760 570/308/297 5/307/296
f 1617/951/920 1144/1214/1164 644/1479/1411
f 271/2434/686 1138/1677/1598 1599/1678/1599
f 311/1228/1178 1091/1169/1123 621/1248/1198
f 873/825/798 76/2621/277 805/1363/280
f 381/704/688 378/911/880 1202/1473/1405
f 1877/2364/2323 1896/2364/2324 1897/2111/2324
f 173/2438/2326 1190/320/309 1649/319/308
f 2032/2439/2320 2096/2840/1698 2111/2440/1700
f 2018/2442/2523 2017/2841/525 2035/2443/527
f 2035/2443/527 2041/2701/2463 2088/2600/2465
f 2035/2443/527 2088/2600/2465 2087/2444/2533
f 1129/1924/1804 264/1181/1133 583/2446/1665
f 196/2387/2293 1272/1716/1632 1706/1747/1655
f 337/1828/1722 680/2842/1742 1625/2421/1885
f 455/1724/1637 452/194/188 453/1834/1728
f 409/1004/972 734/1889/1775 48/2181/2004
f 1209/768/2331 1659/1840/1734 743/2448/2332
f 1261/373/362 192/366/355 193/396/385
f 1843/1434/1371 1448/1433/1370 550/2449/2334
f 459/1161/1115 1306/690/675 1299/626/612
f 485/2122/1959 488/608/593 1275/2451/459
f 126/1377/1319 120/1376/1318 1032/1197/1147
f 1296/716/698 1289/192/186 452/194/188
f 1290/854/827 1298/606/592 488/608/593
f 1041/1864/1752 259/1766/1669 575/1858/856
f 341/1756/1663 1034/771/749 1529/1830/1725
f 1070/123/121 135/1298/1252 157/574/561
f 125/800/775 119/2422/2312 1031/2354/2173
f 410/2179/2003 48/2181/2004 734/1889/1775
f 944/1784/1682 102/1783/1681 116/1685/1605
f 1297/548/536 1727/605/591 1298/606/592
f 124/1865/1753 1043/1976/1847 1028/2306/2113
f 1306/690/675 209/678/665 206/627/613
f 1407/2010/1871 905/2374/2242 1808/2002/1865
f 1413/1245/1193 885/2405/2302 49/2320/2124
f 205/617/602 202/1349/1294 1289/192/186
f 192/366/355 1263/367/356 1264/2424/2313
f 108/216/206 376/2305/2112 371/444/431
f 1078/856/829 385/1960/1833 706/1958/1831
f 187/1626/1555 432/2141/1974 1684/2455/2338
f 1307/689/674 507/686/671 860/2456/658
f 1173/2457/2259 1643/2626/2491 1174/148/2339
f 1059/1522/1455 344/875/848 343/874/847
f 992/633/619 1501/632/618 2108/2460/2071
f 1146/2060/1909 312/355/344 652/16/16
f 1344/2015/1873 489/2477/1676 79/2127/907
f 871/1313/416 515/1312/1262 213/778/756
f 1203/770/748 417/769/747 416/2463/2344
f 515/1312/1262 872/2020/1876 1319/824/797
f 653/92/92 668/9/9 947/8/8
f 1332/1447/1383 756/2589/2458 438/2465/2345
f 1312/309/298 1253/2146/1977 190/295/284
f 757/2182/2005 1330/829/802 217/1983/1850
f 1278/920/889 474/919/888 1669/1545/1478
f 1098/956/2346 141/958/930 326/2466/2107
f 682/2468/1664 1529/2843/1724 691/802/777
f 278/2469/1650 1127/634/620 1589/1718/1634
f 1571/966/93 708/965/936 388/2470/2348
f 1408/1267/1218 449/2190/2011 778/1632/1561
f 1126/1717/1633 151/467/454 294/213/203
f 1321/2462/711 213/778/756 1320/780/758
f 207/2474/2350 1302/1875/1763 1731/2475/2351
f 870/752/730 69/984/952 489/2477/1676
f 457/1876/1764 207/2474/2350 208/1502/1434
f 1421/22/22 231/21/21 1776/321/310
f 112/376/365 101/642/628 941/2478/2354
f 1159/2124/1960 162/1297/1251 1158/2212/2033
f 1039/2094/1936 1532/1847/1741 680/1849/1742
f 743/2448/2332 739/1839/1733 1640/2480/2355
f 2036/2481/515 940/531/517 992/633/619
f 1087/30/30 309/765/743 649/764/742
f 651/1855/1746 33/2819/55 302/2482/105
f 1576/2080/2357 1110/1292/1245 382/1291/1244
f 472/738/718 1313/741/719 470/351/340
f 1056/1915/1798 937/696/681 99/1126/1084
f 1671/1550/1483 753/1549/1482 435/2488/2361
f 1663/278/268 2114/280/270 2047/2489/2362
f 258/258/248 1161/904/873 1119/1112/1071
f 500/1304/1255 497/843/815 1419/1320/1269
f 1288/1815/2363 1719/1810/1709 841/1811/1710
f 1094/974/945 388/2470/2348 708/965/936
f 1043/1976/1847 980/442/429 371/444/431
f 2056/2689/2527 721/1822/1211 2053/2492/2014
f 721/1822/1211 2060/2490/2365 2053/2492/2014
f 48/2181/2004 741/2180/1783 1195/2286/1087
f 245/1158/1112 1455/1160/1114 1847/2493/1387
f 2027/2494/2367 1105/2072/1922 1621/1265/1215
f 753/2496/2368 1402/2175/2001 1401/305/294
f 178/2172/1999 1202/2171/1998 1207/2497/2369
f 1976/2502/1058 1382/990/958 1782/989/957
f 1782/989/957 889/2500/2370 1976/2502/1058
f 2063/2504/2374 2125/2757/2566 1718/2505/705
f 919/2506/2375 1831/2619/2485 1433/1802/2376
f 937/696/681 987/266/256 110/815/790
f 1382/990/958 1779/1099/1059 1379/1880/1769
f 942/2507/2377 1001/372/361 349/371/360
f 2100/2508/2378 623/2638/2451 1601/2509/1126
f 1293/1102/1062 1294/598/585 204/602/588
f 481/1932/1809 1269/1693/1613 1703/1916/1799
f 891/2510/2379 1801/499/484 823/1193/420
f 1888/2326/2380 1885/2367/2622 1887/2350/2381
f 1775/900/870 881/487/474 80/414/402
f 57/2511/2383 523/1449/1385 222/932/901
f 542/1015/982 56/1014/981 754/2512/2384
f 1793/2119/1956 894/753/731 92/2128/1963
f 844/38/38 1722/2844/1325 825/437/424
f 1313/741/719 211/826/799 1255/296/285
f 780/1631/1560 450/1637/2600 225/1139/1097
f 468/1680/1601 508/1899/1786 509/2300/2109
f 1704/431/418 797/387/376 72/389/378
f 143/2426/2315 159/2525/2408 1621/1265/1215
f 1360/1393/1333 226/1195/1145 1359/1392/1332
f 926/1481/1413 1836/766/744 1831/767/745
f 1395/1134/1092 1396/755/733 1798/756/734
f 127/659/646 1049/657/644 1539/1888/647
f 741/1897/1783 1173/2457/2259 1172/147/2340
f 1448/2514/2386 243/2845/2623 241/1408/2387
f 1075/822/795 136/847/819 303/2515/2388
f 1851/2517/2390 1459/1484/1416 1444/2518/2391
f 919/2513/2385 1840/2641/2501 1850/1482/1414
f 54/1535/2393 529/1293/1246 1342/2012/1872
f 1115/1044/1009 369/1046/638 695/644/630
f 247/1483/2308 245/1158/2307 1453/1453/2395
f 1426/359/348 1825/358/347 847/2232/1438
f 1333/1078/1040 1750/2577/1621 1334/837/808
f 1199/2222/2397 416/2463/2492 742/2520/2398
f 1050/1861/1749 1539/1888/647 679/2521/649
f 1587/2084/1928 587/572/559 267/1188/1140
f 1941/2326/2400 1939/2367/2624 1942/2350/2401
f 412/2522/2403 739/2380/2278 1647/2523/2404
f 1033/1826/2406 1528/1520/1454 690/1521/1279
f 921/2034/1887 928/645/631 548/677/664
f 922/2450/2335 95/1474/1406 930/1868/1755
f 535/2164/1991 890/2024/1880 1799/2064/1914
f 1624/1914/1797 544/2420/2311 49/2320/2124
f 159/2525/2408 716/1259/1208 1619/1255/1204
f 336/2526/1935 1132/1827/1721 1159/2124/1960
f 559/158/156 557/157/155 930/1868/1755
f 1036/1837/1730 122/1842/1736 118/604/590
f 203/1100/1060 204/602/588 454/2416/2309
f 991/1206/1155 270/1208/1157 589/1989/2411
f 555/647/633 558/1812/1711 933/710/692
f 1973/2313/2120 2069/2764/2576 2131/1211/1160
f 1613/1234/1183 614/1124/1082 1089/903/872
f 153/1295/1249 1132/1827/1721 1155/1829/1723
f 1464/993/961 1855/683/668 842/685/670
f 122/1842/1736 108/216/206 97/443/430
f 267/1188/1140 1605/1187/1139 1072/1961/1834
f 390/934/903 1075/822/795 641/2516/2389
f 1015/1686/1606 1517/1764/857 1016/2453/1670
f 657/636/622 318/18/2291 1073/2297/2106
f 724/2533/2416 2061/2846/2529 2060/2490/2365
f 968/168/164 971/183/179 950/31/31
f 905/2374/2242 84/2373/2049 829/2538/2295
f 1488/197/191 977/212/202 973/185/181
f 1401/305/294 1403/1212/1161 1804/14/1163
f 1764/1351/1900 1353/1350/1898 441/2042/1899
f 291/2476/2353 1098/956/928 1569/2467/2292
f 907/16/1965 70/15/1687 490/2545/1684
f 1428/1329/1278 1429/446/433 1827/1362/1306
f 603/1732/1643 18/2576/1837 1521/651/637
f 654/10/10 37/78/78 957/91/91
f 904/2159/1986 1395/1134/1092 1324/1135/1093
f 1277/1788/1686 1272/1716/1632 196/2387/2293
f 242/2049/1905 240/1403/2598 1441/1402/2430
f 770/1605/2432 63/1607/1894 1352/2039/1893
f 933/710/692 558/1812/1711 1451/1814/922
f 217/1983/1850 1331/831/804 1749/2107/1944
f 1457/63/63 246/338/2469 1456/2555/2433
f 565/1721/1636 8/1720/1635 693/2556/12
f 160/1912/1795 332/1501/1433 676/1918/1800
f 1029/2528/2410 336/2093/1935 251/2558/2037
f 1252/1726/1639 481/1932/1809 1310/138/135
f 180/2210/2114 1208/2308/2115 1659/1840/1734
f 1112/143/140 384/1274/1225 705/150/148
f 1327/534/520 1398/2162/1989 1397/498/483
f 488/608/593 831/607/451 1708/2559/453
f 1217/1625/1554 1682/2547/2427 431/1618/1547
f 1300/1030/996 206/627/613 209/678/665
f 1963/2561/2435 2066/2760/106 2128/2562/2436
f 1912/2227/2046 1913/2835/2046 1909/2563/2218
f 1050/1861/1749 1032/1197/1147 120/1376/1318
f 1304/718/700 208/1502/1434 207/2474/2350
f 123/2215/2034 1039/2094/1936 1029/2528/2410
f 1456/2564/2437 246/2847/327 244/953/2438
f 1457/63/63 1440/2782/2586 1838/301/290
f 1565/2021/1877 616/1769/1672 289/2565/2440
f 159/2525/2408 143/2426/2315 1107/1017/984
f 550/2449/2334 1434/2029/1884 1833/1475/1407
f 1035/1519/1452 121/1825/1719 117/2454/2337
f 1381/462/449 1781/1928/1807 799/1930/377
f 485/2122/1959 1274/2452/2030 1707/2567/1654
f 528/99/99 1786/98/98 895/1230/1180
f 53/1527/2442 1354/2043/1192 216/1970/1842
f 2129/2568/2443 1720/333/1818 842/1944/1820
f 194/1694/1614 1270/430/417 195/1743/1653
f 133/2572/2447 1065/1939/1814 1549/1938/1813
f 1708/2573/453 830/2848/452 487/2574/1803
f 1823/39/39 844/38/38 83/439/426
f 606/2575/2448 1606/573/560 587/572/559
f 1071/1299/1253 1553/1959/1832 1072/1961/1834
f 1522/502/487 1521/651/637 18/2576/1837
f 1750/2577/1621 867/2849/709 512/2578/1597
f 1286/1806/1707 201/332/321 2067/2579/320
f 2013/2580/2069 2073/1846/1740 1463/639/625
f 1318/2390/2296 513/592/579 900/594/581
f 622/559/547 1066/558/546 260/1940/1815
f 583/2446/1665 1514/2850/1662 682/2468/1664
f 1183/2524/2405 1647/2523/2404 1181/2581/2449
f 1163/1342/1289 1633/1343/1290 1634/1337/1286
f 142/180/176 392/179/175 660/210/2450
f 1418/479/466 1415/475/462 236/1306/1257
f 623/2582/2451 1064/1945/1822 133/2572/2447
f 526/384/373 1383/2051/1907 1784/1176/1129
f 640/2583/2452 303/2515/2388 136/847/819
f 34/2435/2322 640/2583/2452 1077/846/818
f 1414/1246/1194 1815/1286/1237 912/1285/1236
f 1326/811/786 473/810/785 808/2584/2053
f 1585/907/876 1125/857/830 137/297/286
f 1458/1480/2396 1453/1453/2395 552/256/246
f 1907/2350/2453 1940/2350/2453 1951/1706/2453
f 625/2471/2349 1083/867/840 386/866/839
f 1081/2585/2454 624/215/205 21/75/75
f 194/1694/1614 1267/1253/1202 1702/792/768
f 1425/2209/2028 545/2231/398 917/1778/400
f 1694/1699/1618 808/2242/2053 473/2586/785
f 2050/365/354 2099/1388/1328 2090/2588/2456
f 1171/1191/1143 1170/1190/1142 412/2522/2457
f 1054/2355/2174 128/1000/968 1053/11/11
f 756/2589/2458 1332/1447/1383 523/1449/1385
f 253/1723/1047 338/2188/1046 941/2478/2354
f 1475/104/103 103/103/102 959/195/189
f 1573/2071/1921 1105/2072/1922 2027/2591/2367
f 1551/151/149 705/150/148 384/1274/1225
f 1636/950/919 688/2074/1747 6/2593/2461
f 1038/589/576 254/591/578 566/2594/1315
f 1000/375/364 1506/1461/1395 579/2595/147
f 247/1483/1415 1459/1484/1416 1851/2517/2390
f 1398/2162/1989 1800/2163/1990 1399/1204/1154
f 352/503/488 945/2319/2123 1013/450/437
f 2041/2598/2463 2107/2699/2538 2085/2599/2464
f 280/2601/323 1143/575/562 1606/573/560
f 711/2483/2356 1126/1717/1633 625/2471/2349
f 639/1575/1396 1565/2021/1877 1092/1167/1121
f 1911/2326/2466 1904/2367/2625 1914/2347/2467
f 1457/63/63 1837/2221/2039 553/339/2041
f 1392/1429/1367 1793/2119/1956 872/2020/1876
f 1904/2326/2472 1939/2326/2472 1933/2604/2472
f 1796/136/133 1798/756/734 903/1175/1128
f 1205/2605/2473 1200/2428/2317 177/2419/2310
f 238/2253/2475 546/2048/1904 1445/2050/1906
f 1254/290/279 1692/2148/1979 804/1082/2476
f 138/870/843 294/213/203 624/215/205
f 934/1451/1386 930/1868/1755 95/1474/1406
f 2047/2489/2362 2091/2734/1853 1153/1283/1234
f 1124/1321/1270 1587/2084/1928 1588/858/831
f 1120/1336/1285 250/2499/720 562/806/781
f 945/2319/2123 102/1783/1681 115/1982/1849
f 2081/2607/2068 1814/641/627 1816/1278/1229
f 1264/2424/2313 480/2423/553 818/2610/659
f 2080/2613/2019 2083/2851/2484 911/2204/2022
f 508/1899/1786 468/1680/1601 1446/2614/2479
f 147/1047/1010 166/1375/1317 1639/2487/2359
f 1450/2277/2480 1443/2852/2626 241/1408/2481
f 1147/834/806 652/16/16 30/15/15
f 2078/2616/2483 2077/2853/2018 910/1090/1051
f 2082/2617/2478 1816/1278/1229 911/2204/2022
f 46/2620/2486 733/2622/2489 1641/402/391
f 1641/402/391 1171/401/390 415/2270/2078
f 1753/860/833 810/2025/338 76/2621/277
f 1146/2060/1909 1147/834/806 613/833/805
f 1043/1976/1847 1534/612/597 1492/614/599
f 1788/1366/1309 537/2134/1969 895/1230/1180
f 171/585/571 1184/1310/1261 1178/2027/2487
f 733/2622/2489 46/2620/2486 47/2623/2490
f 1805/581/567 235/714/696 1404/593/580
f 1558/1998/1862 1081/2585/2454 260/1940/1815
f 736/2377/2258 47/2623/2490 742/2624/2398
f 1645/668/655 1656/862/835 1206/971/1852
f 1643/2626/2491 742/2520/2398 416/2463/2492
f 257/2627/1756 1113/2089/1932 1577/306/295
f 743/2448/2332 1644/666/653 1177/1552/1762
f 1054/2355/2174 1031/2354/2173 119/2422/2312
f 1009/425/412 280/334/323 606/2630/2448
f 1500/1692/1612 586/1156/1111 9/2631/1863
f 1462/2317/2122 1285/1116/1074 491/1796/1695
f 179/1987/2474 177/2419/2310 1201/972/943
f 1204/2302/2111 1179/2839/2619 1646/2632/1419
f 1647/1841/1735 1659/1840/1734 1208/2308/2115
f 1302/1875/2441 504/1874/1018 856/2633/1017
f 392/962/175 327/680/666 321/44/2494
f 1371/1065/1027 1821/20/20 896/868/841
f 141/958/930 626/160/1895 295/155/2352
f 224/1294/1248 447/424/1247 776/423/932
f 1040/603/589 1531/2160/1987 1038/589/576
f 1829/1464/1398 1368/1463/1397 230/1753/1659
f 1773/1032/998 854/630/616 78/629/615
f 1041/1864/1752 124/1865/1753 117/2454/2337
f 735/1005/973 409/1004/972 411/2285/2096
f 733/2622/2489 408/2427/2316 1642/400/389
f 732/1851/1744 47/2623/2490 46/2620/2486
f 731/2290/2100 407/1852/1745 406/1422/1360
f 1413/1245/1193 1412/640/626 532/1066/1028
f 233/463/450 1379/1880/1769 1780/2106/1943
f 47/2623/2490 732/1851/1744 1654/2636/1994
f 1143/575/562 1607/1200/1150 1608/1202/1152
f 1400/500/485 1801/499/484 891/2510/2379
f 525/986/954 1336/1996/1860 879/312/301
f 1385/441/428 1386/1374/1316 1787/451/438
f 1422/2224/2044 1822/2225/2045 1423/37/37
f 1088/897/867 612/124/122 286/28/28
f 1037/588/2336 1530/576/563 567/578/565
f 1581/1063/1025 697/1062/1024 41/2464/1091
f 121/1825/1719 1034/771/749 1027/773/751
f 328/2445/713 1026/542/531 1527/544/2500
f 1840/2641/2501 1444/2518/2391 1459/1484/1416
f 113/1107/1067 101/642/628 942/2507/2377
f 1602/1369/1312 573/1368/1311 6/2593/2461
f 1056/1915/1798 1543/1909/1792 585/1738/1649
f 819/139/136 1703/1916/1799 820/1917/1078
f 1649/319/308 1642/400/389 408/2427/2316
f 2086/2648/2627 1527/544/530 2019/2684/662
f 2086/2648/2627 2019/2684/662 2018/2647/2523
f 1086/471/458 387/886/859 1128/1123/1081
f 1145/1217/1168 1609/1150/1166 632/2398/2298
f 1969/2649/566 1321/730/711 1742/2650/1337
f 1911/2367/2209 1941/2367/2209 1940/2350/2209
f 1961/2156/1984 1958/580/414 1962/2652/2505
f 1962/2652/2505 1959/2854/740 1960/2157/1985
f 1978/2655/1049 1975/2855/1830 1979/2653/2506
f 1979/2653/2506 1976/1098/2628 1977/2654/2507
f 1963/2561/2435 1965/2657/2509 1968/2656/2508
f 1965/2657/2509 1964/2004/1868 1966/2005/300
f 1952/1052/1015 1954/2659/2511 1982/2658/2510
f 1954/2659/2511 1953/2682/2521 1980/2660/1978
f 1981/1050/1013 1982/2658/2510 1965/2657/2509
f 1982/2658/2510 1980/2147/1978 1964/2004/1868
f 1955/1086/1048 1957/2856/2513 1985/2661/2512
f 1957/2662/2513 1956/1977/1848 1983/1979/706
f 1984/310/299 1985/2664/2512 1968/2656/2508
f 1985/2664/2512 1983/725/706 1967/2665/107
f 1970/760/738 1959/762/740 1962/2666/2505
f 1971/2667/2514 1962/2666/2505 1958/580/414
f 1986/2396/1430 1988/2669/2516 1954/2668/2515
f 1988/2669/2516 1987/1081/1043 1953/1083/1045
f 1970/2670/738 1971/2667/2514 1988/2671/2516
f 1971/2667/2514 1969/2649/566 1987/2651/1043
f 1956/2672/1848 1957/2857/2513 1991/2673/2517
f 1991/2673/2517 1957/2857/2513 1955/2674/1048
f 1973/2313/2120 1990/1210/1159 1991/2673/2517
f 1974/2675/2518 1991/2673/2517 1989/2676/1620
f 1993/2314/1829 1973/2313/2120 1974/2677/2518
f 1994/2679/2519 1974/2858/2518 1972/1080/1042
f 1975/1956/1830 1993/1955/1829 1994/2680/2519
f 1979/2654/2520 1994/2859/2519 1992/1079/1041
f 1692/2148/1979 1980/2660/1978 1953/2682/2521
f 2019/2684/662 2016/2612/661 2020/2683/2522
f 2020/2683/2522 2017/2860/525 2018/2442/2523
f 2024/1275/1226 2021/1382/1323 2025/2685/2524
f 2025/2685/2524 2022/2861/1232 2023/2686/2525
f 2056/2689/2527 2053/2194/2014 2057/2687/2526
f 2057/2687/2526 2054/2862/1320 2055/2688/1718
f 2061/2691/2529 2058/2691/877 2062/2690/2528
f 2062/2690/2528 2059/2491/2366 2060/2490/2365
f 2078/2616/2483 2075/537/523 2079/2692/2530
f 2079/2692/2530 2076/2863/1828 2077/2200/2018
f 2083/2618/2484 2080/2202/2019 2084/2693/2531
f 2084/2693/2531 2081/2864/2068 2082/2608/2478
f 2088/2600/2465 2085/2713/2464 2089/2694/2532
f 2089/2694/2532 2086/2865/2007 2087/2444/2533
f 2102/2206/2024 2099/1388/1328 2103/2695/2534
f 2103/2695/2534 2100/2866/2378 2101/2207/2025
f 2002/2696/2535 2107/2780/2538 2109/2697/2536
f 2003/2698/2537 2109/2697/2536 2108/2264/2071
f 2107/2699/2538 2041/2598/2463 2043/2700/2539
f 2109/2697/2536 2043/2700/2539 2042/2461/2343
f 2041/2701/2463 2035/2443/527 2037/2702/2540
f 2043/2700/2539 2037/2702/2540 2036/2481/515
f 2097/670/657 1998/669/656 2000/2703/2541
f 2098/2704/2542 2000/2703/2541 1999/2067/1917
f 2033/2532/1072 2097/2531/657 2098/2705/2542
f 2098/2705/2542 2096/2840/1698 2032/2439/2320
f 2005/1896/1782 2110/2223/2043 2112/2707/2544
f 2006/2709/2545 2112/2867/2544 2111/1801/1700
f 2110/2223/2043 2044/2834/2547 2046/2710/2546
f 2112/2711/2544 2046/2710/2546 2045/2441/526
f 2044/2712/2547 2036/529/515 2037/2702/2540
f 2046/2710/2546 2037/2702/2540 2035/541/527
f 2085/2713/2548 1995/2781/2585 1997/2714/2549
f 2089/2715/2532 1997/2714/2549 1996/2185/2008
f 2016/2612/661 2029/2611/2415 2031/2716/2550
f 2020/2717/2522 2031/2716/2550 2030/2718/2319
f 2033/2646/1072 2034/2706/2543 2031/2716/2550
f 2034/2706/2543 2032/2430/2320 2030/2429/2319
f 2050/365/354 2052/2720/2551 2103/2719/2534
f 2052/2720/2551 2051/2640/2289 2100/2639/2378
f 2117/1818/353 2002/1817/1716 2003/2721/2552
f 2118/2722/2553 2003/2721/2552 2001/1991/1856
f 2050/365/354 2117/364/353 2118/2723/2553
f 2052/2720/2551 2118/2723/2553 2116/2384/1855
f 2004/2724/1699 2104/2066/1916 2106/2725/2554
f 2106/2725/2554 2105/1920/1801 2005/2727/1782
f 2038/2069/1919 2040/2728/2555 2106/2725/2554
f 2040/2728/2555 2039/1007/975 2105/1920/1801
f 2122/2113/1950 2124/2868/2556 2040/2729/2555
f 2124/2730/2556 2123/2176/2002 2039/2177/975
f 2048/363/352 2090/2588/2456 2092/2732/2557
f 2049/2733/2558 2092/2732/2557 2091/2734/1853
f 2026/2070/1920 2028/2736/2560 2121/2735/2559
f 2028/2736/2560 2027/2494/2367 2119/2495/1214
f 2094/2068/1918 1999/2067/1917 2000/2703/2541
f 2095/2737/2561 2000/2703/2541 1998/1697/656
f 2094/2068/1918 2095/2737/2561 2028/2736/2560
f 2028/2736/2560 2095/2737/2561 2093/1696/1616
f 2114/280/270 1996/279/269 1997/2738/2562
f 2115/2739/2563 1997/2738/2562 1995/2740/2564
f 2047/2489/2362 2114/280/270 2115/2741/2563
f 2049/2733/2558 2115/2741/2563 2113/2742/1715
f 2059/2743/2366 2062/2691/2565 2124/2744/2556
f 2062/2745/2565 2058/908/877 2123/2746/2002
f 2120/2112/1949 2121/2735/2559 2057/2748/2526
f 2121/2735/2559 2119/1264/1214 2054/2749/1320
f 2090/2750/2456 2022/1387/1232 2025/2751/2524
f 2092/2732/2557 2025/2751/2524 2021/1382/1323
f 2125/2752/2566 2127/2754/2568 2009/2753/2567
f 2127/2754/2568 2126/1978/707 2007/2755/1158
f 2063/2504/2374 2065/2762/2574 2127/2756/2568
f 2127/2756/2568 2065/2762/2574 2064/724/108
f 2128/2562/2569 2130/2759/2571 2012/2758/2570
f 2130/2759/2571 2129/2568/2443 2010/2569/2444
f 2066/2760/106 2068/2761/2573 2130/2759/2572
f 2068/2761/2573 2067/2256/320 2129/2257/2064
f 2067/2579/320 2068/2761/2573 2065/2762/2574
f 2068/2761/2573 2066/107/106 2064/109/108
f 2131/1211/1160 2133/2763/2575 2009/2753/2567
f 2133/2763/2575 2132/648/634 2008/650/636
f 2069/2764/2576 2071/2765/2577 2133/2763/2575
f 2071/2765/2577 2070/1819/820 2132/1821/634
f 2013/2580/2069 2015/2767/2579 2074/2766/2578
f 2015/2767/2579 2014/761/739 2072/2768/1429
f 2134/2769/2580 2136/2771/2582 2012/2770/2581
f 2136/2771/2582 2135/2395/1431 2011/2772/2583
f 2073/1846/1740 2074/2766/2578 2136/2773/2582
f 2074/2766/2578 2072/1498/1429 2135/1500/1431
f 2069/2774/2576 2137/2312/2119 2139/2775/2584
f 2071/2765/2577 2139/2775/2584 2138/849/821
f 2137/2776/2119 2076/1954/1828 2079/2777/2530
f 2139/2775/2584 2079/2777/2530 2075/537/523
f 2014/2778/739 2015/2767/2579 2084/2779/2531
f 2015/2767/2579 2013/2262/2069 2081/2261/2068
f 2107/2780/2538 2002/2696/2535 1995/2781/2585
