# Blender 4.0.0
# www.blender.org
o knob_temp
v 0.24399800 -0.19724700 0.24781600
v 0.24345400 -0.19724700 0.25227300
v 0.24177500 -0.19724700 0.25643700
v 0.23907600 -0.19724700 0.26002400
v 0.23554000 -0.19724700 0.26279000
v 0.23140800 -0.19724700 0.26454700
v 0.22696300 -0.19724700 0.26517500
v 0.22250700 -0.19724700 0.26463100
v 0.21834300 -0.19724700 0.26295200
v 0.21475500 -0.19724700 0.26025300
v 0.21198900 -0.19724700 0.25671700
v 0.21023200 -0.19724700 0.25258500
v 0.20960400 -0.19724700 0.24814000
v 0.21014800 -0.19724700 0.24368300
v 0.21182700 -0.19724700 0.23951900
v 0.21452700 -0.19724700 0.23593200
v 0.21806300 -0.19724700 0.23316600
v 0.22219400 -0.19724700 0.23140900
v 0.22664000 -0.19724700 0.23078100
v 0.23109600 -0.19724700 0.23132500
v 0.23526000 -0.19724700 0.23300400
v 0.23884700 -0.19724700 0.23570300
v 0.24161400 -0.19724700 0.23923900
v 0.24337100 -0.19724700 0.24337100
v 0.24071800 -0.19780800 0.24784700
v 0.24027800 -0.19780800 0.25145400
v 0.23891900 -0.19780800 0.25482300
v 0.23673500 -0.19780800 0.25772600
v 0.23387300 -0.19780800 0.25996500
v 0.23053000 -0.19780800 0.26138700
v 0.22693200 -0.19780800 0.26189500
v 0.22332600 -0.19780800 0.26145500
v 0.21995600 -0.19780800 0.26009600
v 0.21705300 -0.19780800 0.25791100
v 0.21481400 -0.19780800 0.25505000
v 0.21339200 -0.19780800 0.25170600
v 0.21288400 -0.19780800 0.24810900
v 0.21332500 -0.19780800 0.24450200
v 0.21468300 -0.19780800 0.24113300
v 0.21686800 -0.19780800 0.23823000
v 0.21972900 -0.19780800 0.23599100
v 0.22307300 -0.19780800 0.23456900
v 0.22667000 -0.19780800 0.23406100
v 0.23027700 -0.19780800 0.23450100
v 0.23364600 -0.19780800 0.23586000
v 0.23655000 -0.19780800 0.23804500
v 0.23878800 -0.19780800 0.24090600
v 0.24021000 -0.19780800 0.24425000
v 0.24351400 -0.19776700 0.24782100
v 0.24298500 -0.19776700 0.25215200
v 0.24135300 -0.19776700 0.25619800
v 0.23873000 -0.19776700 0.25968400
v 0.23529400 -0.19776700 0.26237300
v 0.23127900 -0.19776700 0.26408000
v 0.22695800 -0.19776700 0.26469000
v 0.22262800 -0.19776700 0.26416200
v 0.21858100 -0.19776700 0.26253000
v 0.21509500 -0.19776700 0.25990700
v 0.21240700 -0.19776700 0.25647000
v 0.21069900 -0.19776700 0.25245500
v 0.21008900 -0.19776700 0.24813500
v 0.21061800 -0.19776700 0.24380400
v 0.21224900 -0.19776700 0.23975800
v 0.21487300 -0.19776700 0.23627200
v 0.21830900 -0.19776700 0.23358300
v 0.22232400 -0.19776700 0.23187600
v 0.22664400 -0.19776700 0.23126600
v 0.23097500 -0.19776700 0.23179400
v 0.23502100 -0.19776700 0.23342600
v 0.23850800 -0.19776700 0.23604900
v 0.24119600 -0.19776700 0.23948600
v 0.24290400 -0.19776700 0.24350100
v 0.24395600 -0.19734500 0.24781700
v 0.24341300 -0.19734500 0.25226200
v 0.24173800 -0.19734500 0.25641600
v 0.23904500 -0.19734500 0.25999400
v 0.23551800 -0.19734500 0.26275400
v 0.23139700 -0.19734500 0.26450600
v 0.22696300 -0.19734500 0.26513200
v 0.22251700 -0.19734500 0.26459000
v 0.21836400 -0.19734500 0.26291500
v 0.21478500 -0.19734500 0.26022200
v 0.21202600 -0.19734500 0.25669500
v 0.21027300 -0.19734500 0.25257400
v 0.20964700 -0.19734500 0.24813900
v 0.21019000 -0.19734500 0.24369400
v 0.21186400 -0.19734500 0.23954000
v 0.21455700 -0.19734500 0.23596200
v 0.21808400 -0.19734500 0.23320200
v 0.22220600 -0.19734500 0.23145000
v 0.22664000 -0.19734500 0.23082400
v 0.23108500 -0.19734500 0.23136600
v 0.23523900 -0.19734500 0.23304100
v 0.23881700 -0.19734500 0.23573400
v 0.24157700 -0.19734500 0.23926100
v 0.24332900 -0.19734500 0.24338200
v 0.24341000 -0.19780800 0.24782200
v 0.24288500 -0.19780800 0.25212600
v 0.24126300 -0.19780800 0.25614700
v 0.23865600 -0.19780800 0.25961200
v 0.23524100 -0.19780800 0.26228400
v 0.23125100 -0.19780800 0.26398100
v 0.22695700 -0.19780800 0.26458700
v 0.22265300 -0.19780800 0.26406200
v 0.21863200 -0.19780800 0.26244000
v 0.21516700 -0.19780800 0.25983300
v 0.21249500 -0.19780800 0.25641800
v 0.21079900 -0.19780800 0.25242800
v 0.21019200 -0.19780800 0.24813400
v 0.21071800 -0.19780800 0.24383000
v 0.21233900 -0.19780800 0.23980900
v 0.21494600 -0.19780800 0.23634400
v 0.21836100 -0.19780800 0.23367200
v 0.22235200 -0.19780800 0.23197500
v 0.22664500 -0.19780800 0.23136900
v 0.23094900 -0.19780800 0.23189400
v 0.23497100 -0.19780800 0.23351600
v 0.23843500 -0.19780800 0.23612300
v 0.24110700 -0.19780800 0.23953800
v 0.24280400 -0.19780800 0.24352800
v 0.24399800 -0.19566100 0.24781600
v 0.24345400 -0.19566100 0.25227300
v 0.24177500 -0.19566100 0.25643700
v 0.23907600 -0.19566100 0.26002400
v 0.23554000 -0.19566100 0.26279000
v 0.23140800 -0.19566100 0.26454700
v 0.22696300 -0.19566100 0.26517500
v 0.22250700 -0.19566100 0.26463100
v 0.21834300 -0.19566100 0.26295200
v 0.21475500 -0.19566100 0.26025300
v 0.21198900 -0.19566100 0.25671700
v 0.21023200 -0.19566100 0.25258500
v 0.20960400 -0.19566100 0.24814000
v 0.21014800 -0.19566100 0.24368300
v 0.21182700 -0.19566100 0.23951900
v 0.21452700 -0.19566100 0.23593200
v 0.21806300 -0.19566100 0.23316600
v 0.22219400 -0.19566100 0.23140900
v 0.22664000 -0.19566200 0.23078100
v 0.23109600 -0.19566200 0.23132500
v 0.23526000 -0.19566100 0.23300400
v 0.23884700 -0.19566100 0.23570300
v 0.24161400 -0.19566100 0.23923900
v 0.24337100 -0.19566100 0.24337100
v 0.24054400 -0.19563500 0.25831900
v 0.24007400 -0.19783400 0.25796600
v 0.23792300 -0.19783400 0.25634700
v 0.24051000 -0.19736800 0.25829400
v 0.24015600 -0.19779300 0.25802800
v 0.24054400 -0.19726800 0.25831900
v 0.24275200 -0.19563500 0.25441000
v 0.24220700 -0.19783400 0.25419000
v 0.23971000 -0.19783400 0.25318300
v 0.24271200 -0.19736800 0.25439400
v 0.24230200 -0.19779300 0.25422900
v 0.24275200 -0.19726800 0.25441000
v 0.24387300 -0.19563500 0.25006200
v 0.20977100 -0.19563500 0.25038300
v 0.24329000 -0.19783400 0.24999100
v 0.21035400 -0.19783400 0.25030100
v 0.24061700 -0.19783400 0.24966500
v 0.21302000 -0.19783400 0.24992400
v 0.24383100 -0.19736800 0.25005700
v 0.20981400 -0.19736800 0.25037700
v 0.24339200 -0.19779300 0.25000400
v 0.21025200 -0.19779300 0.25031500
v 0.24387300 -0.19726800 0.25006200
v 0.20977200 -0.19726800 0.25038300
v 0.20972900 -0.19563500 0.24589400
v 0.24383100 -0.19563500 0.24557300
v 0.21031300 -0.19783400 0.24596500
v 0.24324900 -0.19783400 0.24565500
v 0.21298600 -0.19783400 0.24629100
v 0.24058300 -0.19783400 0.24603200
v 0.20977200 -0.19736800 0.24589900
v 0.24378900 -0.19736800 0.24557900
v 0.21021100 -0.19779300 0.24595200
v 0.24335100 -0.19779300 0.24564100
v 0.20972900 -0.19726800 0.24589400
v 0.24383100 -0.19726800 0.24557300
v 0.24262800 -0.19563500 0.24124700
v 0.24208700 -0.19783400 0.24147700
v 0.23960900 -0.19783400 0.24253100
v 0.24258900 -0.19736800 0.24126400
v 0.24218200 -0.19779300 0.24143700
v 0.24262800 -0.19726800 0.24124700
v 0.24034700 -0.19563500 0.23738000
v 0.23988400 -0.19783400 0.23774300
v 0.23776300 -0.19783400 0.23940200
v 0.24031300 -0.19736800 0.23740700
v 0.23996500 -0.19779300 0.23767900
v 0.24034700 -0.19726800 0.23738000
v 0.23714300 -0.19563500 0.23423500
v 0.23678900 -0.19783400 0.23470500
v 0.23517000 -0.19783400 0.23685700
v 0.23711700 -0.19736800 0.23427000
v 0.23685100 -0.19779300 0.23462300
v 0.23714300 -0.19726800 0.23423500
v 0.23323300 -0.19563500 0.23202700
v 0.23301300 -0.19783500 0.23257300
v 0.23200600 -0.19783500 0.23507000
v 0.23321700 -0.19736800 0.23206700
v 0.23305200 -0.19779300 0.23247700
v 0.23323300 -0.19726800 0.23202700
v 0.22888600 -0.19563500 0.23090600
v 0.22881400 -0.19783400 0.23149000
v 0.22848800 -0.19783400 0.23416200
v 0.22888100 -0.19736800 0.23094800
v 0.22882700 -0.19779300 0.23138700
v 0.22888600 -0.19726800 0.23090600
v 0.22439600 -0.19563500 0.23094800
v 0.22447800 -0.19783400 0.23153100
v 0.22485500 -0.19783400 0.23419700
v 0.22440200 -0.19736800 0.23099100
v 0.22446400 -0.19779300 0.23142800
v 0.22439600 -0.19726800 0.23094800
v 0.22007100 -0.19563500 0.23215100
v 0.22030100 -0.19783400 0.23269200
v 0.22135400 -0.19783400 0.23517000
v 0.22008700 -0.19736800 0.23219000
v 0.22026000 -0.19779300 0.23259700
v 0.22007100 -0.19726800 0.23215100
v 0.21620400 -0.19563500 0.23443200
v 0.21656600 -0.19783400 0.23489600
v 0.21822500 -0.19783400 0.23701600
v 0.21623000 -0.19736800 0.23446600
v 0.21650200 -0.19779300 0.23481400
v 0.21620400 -0.19726800 0.23443200
v 0.21305900 -0.19563500 0.23763700
v 0.21352900 -0.19783400 0.23799000
v 0.21568000 -0.19783400 0.23960900
v 0.21309300 -0.19736800 0.23766200
v 0.21344600 -0.19779300 0.23792800
v 0.21305900 -0.19726800 0.23763700
v 0.21085100 -0.19563500 0.24154600
v 0.21139600 -0.19783400 0.24176600
v 0.21389300 -0.19783400 0.24277300
v 0.21089000 -0.19736800 0.24156200
v 0.21130000 -0.19779300 0.24172700
v 0.21085100 -0.19726800 0.24154600
v 0.21097400 -0.19563500 0.25470900
v 0.21151500 -0.19783400 0.25447900
v 0.21399300 -0.19783400 0.25342500
v 0.21101400 -0.19736800 0.25469200
v 0.21142000 -0.19779300 0.25451900
v 0.21097400 -0.19726800 0.25470900
v 0.21325600 -0.19563500 0.25857600
v 0.21371900 -0.19783400 0.25821300
v 0.21583900 -0.19783400 0.25655400
v 0.21328900 -0.19736800 0.25854900
v 0.21363800 -0.19779300 0.25827700
v 0.21325600 -0.19726800 0.25857600
v 0.21646000 -0.19563500 0.26172100
v 0.21681400 -0.19783400 0.26125100
v 0.21843300 -0.19783400 0.25909900
v 0.21648600 -0.19736800 0.26168600
v 0.21675200 -0.19779300 0.26133300
v 0.21646000 -0.19726800 0.26172100
v 0.22036900 -0.19563500 0.26392900
v 0.22058900 -0.19783400 0.26338300
v 0.22159600 -0.19783400 0.26088600
v 0.22038500 -0.19736800 0.26388900
v 0.22055100 -0.19779300 0.26347900
v 0.22036900 -0.19726800 0.26392900
v 0.22471700 -0.19563500 0.26505000
v 0.22478800 -0.19783400 0.26446600
v 0.22511400 -0.19783400 0.26179400
v 0.22472200 -0.19736800 0.26500800
v 0.22477600 -0.19779300 0.26456900
v 0.22471700 -0.19726800 0.26505000
v 0.22920600 -0.19563500 0.26500800
v 0.22912400 -0.19783400 0.26442500
v 0.22874800 -0.19783400 0.26175900
v 0.22920000 -0.19736800 0.26496500
v 0.22913900 -0.19779300 0.26452800
v 0.22920600 -0.19726800 0.26500800
v 0.23353200 -0.19563500 0.26380500
v 0.23330200 -0.19783400 0.26326400
v 0.23224800 -0.19783400 0.26078600
v 0.23351500 -0.19736800 0.26376600
v 0.23334200 -0.19779300 0.26335900
v 0.23353200 -0.19726800 0.26380500
v 0.23739900 -0.19563500 0.26152400
v 0.23703700 -0.19783400 0.26106000
v 0.23537800 -0.19783400 0.25894000
v 0.23737300 -0.19736800 0.26149000
v 0.23710000 -0.19779300 0.26114200
v 0.23739900 -0.19726800 0.26152400
v 0.24045900 -0.19780800 0.24785000
v 0.24002700 -0.19780800 0.25138900
v 0.23869400 -0.19780800 0.25469600
v 0.23655000 -0.19780800 0.25754500
v 0.23374100 -0.19780800 0.25974200
v 0.23046000 -0.19780800 0.26113700
v 0.22693000 -0.19780800 0.26163600
v 0.22339000 -0.19780800 0.26120400
v 0.22008400 -0.19780800 0.25987000
v 0.21723500 -0.19780800 0.25772600
v 0.21503700 -0.19780800 0.25491800
v 0.21364200 -0.19780800 0.25163700
v 0.21314300 -0.19780800 0.24810600
v 0.21357600 -0.19780800 0.24456700
v 0.21490900 -0.19780800 0.24126000
v 0.21705300 -0.19780800 0.23841100
v 0.21986100 -0.19780800 0.23621400
v 0.22314200 -0.19780800 0.23481900
v 0.22667300 -0.19780800 0.23432000
v 0.23021200 -0.19780800 0.23475200
v 0.23351900 -0.19780800 0.23608600
v 0.23636800 -0.19780800 0.23823000
v 0.23856500 -0.19780800 0.24103800
v 0.23996100 -0.19780800 0.24431900
v 0.23771600 -0.19783400 0.25619100
v 0.23946900 -0.19783400 0.25308600
v 0.24036000 -0.19783400 0.24963300
v 0.21327600 -0.19783400 0.24988800
v 0.21324300 -0.19783400 0.24632300
v 0.24032600 -0.19783400 0.24606800
v 0.23937100 -0.19783400 0.24263200
v 0.23755900 -0.19783400 0.23956100
v 0.23501400 -0.19783400 0.23706400
v 0.23191000 -0.19783400 0.23531000
v 0.22845700 -0.19783400 0.23442000
v 0.22489100 -0.19783400 0.23445300
v 0.22145600 -0.19783400 0.23540800
v 0.21838500 -0.19783400 0.23722000
v 0.21588700 -0.19783400 0.23976500
v 0.21413300 -0.19783400 0.24287000
v 0.21423200 -0.19783400 0.25332400
v 0.21604300 -0.19783400 0.25639500
v 0.21858800 -0.19783400 0.25889200
v 0.22169300 -0.19783400 0.26064600
v 0.22514600 -0.19783400 0.26153600
v 0.22871100 -0.19783400 0.26150300
v 0.23214700 -0.19783400 0.26054800
v 0.23521800 -0.19783400 0.25873600
v 0.24045900 -0.19960700 0.24785000
v 0.24027800 -0.19978700 0.24785100
v 0.24040600 -0.19973400 0.24785000
v 0.24002700 -0.19960700 0.25138900
v 0.23985200 -0.19978700 0.25134400
v 0.23997600 -0.19973400 0.25137600
v 0.23869400 -0.19960700 0.25469600
v 0.23853600 -0.19978700 0.25460700
v 0.23864700 -0.19973400 0.25467000
v 0.23655000 -0.19960700 0.25754500
v 0.23642100 -0.19978700 0.25741800
v 0.23651200 -0.19973400 0.25750800
v 0.23374100 -0.19960700 0.25974200
v 0.23365000 -0.19978700 0.25958600
v 0.23371400 -0.19973400 0.25969600
v 0.23046000 -0.19960700 0.26113700
v 0.23041200 -0.19978700 0.26096300
v 0.23044600 -0.19973400 0.26108600
v 0.22693000 -0.19960700 0.26163600
v 0.22692800 -0.19978700 0.26145500
v 0.22692900 -0.19973400 0.26158300
v 0.22339000 -0.19960700 0.26120400
v 0.22343600 -0.19978700 0.26102900
v 0.22340400 -0.19973400 0.26115200
v 0.22008400 -0.19960700 0.25987000
v 0.22017200 -0.19978700 0.25971300
v 0.22011000 -0.19973400 0.25982400
v 0.21723500 -0.19960700 0.25772600
v 0.21736100 -0.19978700 0.25759700
v 0.21727200 -0.19973400 0.25768800
v 0.21503700 -0.19960700 0.25491800
v 0.21519300 -0.19978700 0.25482600
v 0.21508300 -0.19973400 0.25489100
v 0.21364200 -0.19960700 0.25163700
v 0.21381600 -0.19978700 0.25158900
v 0.21369300 -0.19973400 0.25162300
v 0.21314300 -0.19960700 0.24810600
v 0.21332400 -0.19978700 0.24810500
v 0.21319600 -0.19973400 0.24810600
v 0.21357600 -0.19960700 0.24456700
v 0.21375100 -0.19978700 0.24461200
v 0.21362700 -0.19973400 0.24458000
v 0.21490900 -0.19960700 0.24126000
v 0.21506600 -0.19978700 0.24134900
v 0.21495500 -0.19973400 0.24128600
v 0.21705300 -0.19960700 0.23841100
v 0.21718200 -0.19978700 0.23853800
v 0.21709100 -0.19973400 0.23844800
v 0.21986100 -0.19960700 0.23621400
v 0.21995300 -0.19978700 0.23637000
v 0.21988800 -0.19973400 0.23626000
v 0.22314200 -0.19960700 0.23481900
v 0.22319100 -0.19978700 0.23499300
v 0.22315700 -0.19973400 0.23487000
v 0.22667300 -0.19960700 0.23432000
v 0.22667500 -0.19978700 0.23450100
v 0.22667300 -0.19973400 0.23437300
v 0.23021200 -0.19960700 0.23475200
v 0.23016700 -0.19978700 0.23492700
v 0.23019900 -0.19973400 0.23480400
v 0.23351900 -0.19960700 0.23608600
v 0.23343000 -0.19978700 0.23624300
v 0.23349300 -0.19973400 0.23613200
v 0.23636800 -0.19960700 0.23823000
v 0.23624100 -0.19978700 0.23835900
v 0.23633100 -0.19973400 0.23826700
v 0.23856500 -0.19960700 0.24103800
v 0.23840900 -0.19978700 0.24113000
v 0.23851900 -0.19973400 0.24106500
v 0.23996100 -0.19960700 0.24431900
v 0.23978600 -0.19978700 0.24436700
v 0.23990900 -0.19973400 0.24433300
v 0.23757100 -0.19981300 0.25608200
v 0.23771600 -0.19963300 0.25619100
v 0.23767300 -0.19976000 0.25615900
v 0.23930200 -0.19981300 0.25301900
v 0.23946900 -0.19963300 0.25308600
v 0.23942000 -0.19976000 0.25306600
v 0.24018000 -0.19981300 0.24961200
v 0.24036000 -0.19963300 0.24963300
v 0.24030700 -0.19976000 0.24962700
v 0.21345500 -0.19981300 0.24986300
v 0.21327600 -0.19963300 0.24988800
v 0.21332900 -0.19976000 0.24988100
v 0.21342200 -0.19981300 0.24634400
v 0.21324300 -0.19963300 0.24632300
v 0.21329600 -0.19976000 0.24632900
v 0.24014700 -0.19981300 0.24609300
v 0.24032600 -0.19963300 0.24606800
v 0.24027400 -0.19976000 0.24607500
v 0.23920500 -0.19981300 0.24270300
v 0.23937100 -0.19963300 0.24263200
v 0.23932200 -0.19976000 0.24265300
v 0.23741700 -0.19981300 0.23967300
v 0.23755900 -0.19963300 0.23956100
v 0.23751700 -0.19976000 0.23959400
v 0.23490600 -0.19981300 0.23720800
v 0.23501400 -0.19963300 0.23706400
v 0.23498200 -0.19976000 0.23710600
v 0.23184200 -0.19981300 0.23547800
v 0.23191000 -0.19963300 0.23531000
v 0.23189000 -0.19976000 0.23535900
v 0.22843500 -0.19981300 0.23459900
v 0.22845700 -0.19963300 0.23442000
v 0.22845000 -0.19976000 0.23447200
v 0.22491600 -0.19981300 0.23463200
v 0.22489100 -0.19963300 0.23445300
v 0.22489900 -0.19976000 0.23450600
v 0.22152600 -0.19981300 0.23557500
v 0.22145600 -0.19963300 0.23540800
v 0.22147700 -0.19976000 0.23545700
v 0.21849600 -0.19981300 0.23736200
v 0.21838500 -0.19963300 0.23722000
v 0.21841700 -0.19976000 0.23726200
v 0.21603200 -0.19981300 0.23987400
v 0.21588700 -0.19963300 0.23976500
v 0.21593000 -0.19976000 0.23979700
v 0.21430100 -0.19981300 0.24293700
v 0.21413300 -0.19963300 0.24287000
v 0.21418300 -0.19976000 0.24289000
v 0.21439800 -0.19981300 0.25325300
v 0.21423200 -0.19963300 0.25332400
v 0.21428100 -0.19976000 0.25330300
v 0.21618600 -0.19981300 0.25628300
v 0.21604300 -0.19963300 0.25639500
v 0.21608500 -0.19976000 0.25636200
v 0.21869700 -0.19981300 0.25874800
v 0.21858800 -0.19963300 0.25889200
v 0.21862000 -0.19976000 0.25885000
v 0.22176100 -0.19981300 0.26047800
v 0.22169300 -0.19963300 0.26064600
v 0.22171300 -0.19976000 0.26059700
v 0.22516800 -0.19981300 0.26135700
v 0.22514600 -0.19963300 0.26153600
v 0.22515200 -0.19976000 0.26148400
v 0.22868600 -0.19981300 0.26132400
v 0.22871100 -0.19963300 0.26150300
v 0.22870400 -0.19976000 0.26145000
v 0.23207600 -0.19981300 0.26038100
v 0.23214700 -0.19963300 0.26054800
v 0.23212600 -0.19976000 0.26049900
v 0.23510700 -0.19981300 0.25859300
v 0.23521800 -0.19963300 0.25873600
v 0.23518500 -0.19976000 0.25869400
v 0.23977100 -0.19934000 0.25117500
v 0.21388900 -0.19934000 0.25138500
v 0.21389400 -0.20725700 0.25127800
v 0.23933500 -0.21233500 0.25142500
v 0.21425500 -0.20717200 0.24460800
v 0.23971300 -0.21249600 0.24475400
v 0.21694700 -0.21193500 0.25124800
v 0.21711500 -0.21158700 0.24458200
v 0.21506200 -0.21006400 0.25126600
v 0.21535400 -0.20982600 0.24459800
v 0.21975400 -0.21308300 0.25122100
v 0.21976900 -0.21268600 0.24455700
v 0.23898300 -0.21268600 0.25142800
v 0.23899400 -0.21307600 0.24472800
v 0.21380100 -0.20727300 0.25040900
v 0.21378700 -0.20036100 0.25037600
v 0.21374400 -0.20036200 0.24590200
v 0.21383800 -0.20725700 0.24604000
v 0.21495600 -0.21009900 0.24589800
v 0.21686700 -0.21197400 0.24584600
v 0.21969700 -0.21309900 0.24582100
v 0.23820000 -0.21307600 0.24567300
v 0.23824200 -0.21307600 0.25014600
v 0.21973900 -0.21309900 0.25034600
v 0.21690900 -0.21197400 0.25037500
v 0.21499200 -0.21010300 0.25039600
v 0.22703500 -0.21307900 0.25115200
v 0.22697000 -0.19934000 0.24449700
v 0.22697000 -0.21268600 0.24448900
v 0.22698300 -0.21308800 0.24575300
v 0.22702600 -0.21308800 0.25027800
v 0.21409600 -0.20721100 0.25008300
v 0.21408700 -0.20062800 0.25006300
v 0.21405100 -0.20062800 0.24621100
v 0.21406000 -0.20721100 0.24619100
v 0.21521200 -0.20992500 0.24616900
v 0.21704300 -0.21170200 0.24615000
v 0.21976000 -0.21277500 0.24611800
v 0.22698600 -0.21275600 0.24605000
v 0.23797000 -0.21274300 0.24594700
v 0.23800700 -0.21274300 0.24987700
v 0.22702300 -0.21275600 0.24998100
v 0.21979700 -0.21277500 0.25004800
v 0.21708000 -0.21170200 0.25006700
v 0.21524900 -0.20992500 0.25008300
v 0.22702100 -0.19934000 0.25149200
v 0.23935600 -0.19934000 0.25137600
v 0.21430700 -0.19934000 0.25161100
v 0.21432400 -0.20717200 0.25166100
v 0.23977500 -0.21249600 0.25103600
v 0.21423800 -0.19934000 0.24461900
v 0.21382500 -0.19934000 0.24485300
v 0.23928700 -0.19934100 0.24438400
v 0.23970600 -0.19934100 0.24457400
v 0.21383200 -0.20725700 0.24500000
v 0.23926500 -0.21233500 0.24437300
v 0.21718500 -0.21158700 0.25163300
v 0.21688600 -0.21193500 0.24497200
v 0.21542400 -0.20982600 0.25165000
v 0.21500100 -0.21006400 0.24498900
v 0.21983800 -0.21268600 0.25160800
v 0.21969300 -0.21308300 0.24494700
v 0.23905700 -0.21307600 0.25107600
v 0.23891400 -0.21268600 0.24437700
v 0.22703900 -0.21268600 0.25154000
v 0.22697400 -0.21307900 0.24487800
v 0.23935500 -0.20019200 0.25137900
v 0.23928500 -0.20019200 0.24438300
v 0.22702200 -0.20019200 0.25149500
v 0.22697000 -0.20019000 0.24449600
v 0.23977200 -0.19999700 0.25116600
v 0.23970700 -0.19999700 0.24458600
v 0.21424100 -0.20052500 0.24461700
v 0.21382700 -0.20107400 0.24489100
v 0.21431000 -0.20049000 0.25162000
v 0.21389000 -0.20104400 0.25135700
v 0.21393500 -0.20098500 0.25138500
v 0.21389000 -0.20100900 0.25135800
v 0.21388600 -0.20102100 0.25131800
v 0.21379200 -0.20130100 0.25040500
v 0.21408800 -0.20128000 0.25006500
v 0.21405200 -0.20124600 0.24620900
v 0.21374900 -0.20124600 0.24587100
v 0.23969100 -0.19934000 0.25121400
v 0.21397000 -0.19934000 0.25142900
v 0.21397800 -0.20724000 0.25135200
v 0.23942100 -0.21236600 0.25135000
v 0.21415800 -0.19934000 0.24466500
v 0.23936900 -0.19934100 0.24442100
v 0.21417200 -0.20718800 0.24468500
v 0.23962600 -0.21246500 0.24468000
v 0.21699300 -0.21186700 0.25132300
v 0.21707000 -0.21165500 0.24465800
v 0.21513300 -0.21001800 0.25134100
v 0.21528500 -0.20987300 0.24467400
v 0.21977100 -0.21300600 0.25129600
v 0.21975400 -0.21276400 0.24463300
v 0.23899800 -0.21276200 0.25135900
v 0.23897900 -0.21300000 0.24466000
v 0.22703600 -0.21300300 0.25122800
v 0.22697100 -0.21276300 0.24456500
v 0.23943600 -0.20015400 0.25133800
v 0.23936700 -0.20015400 0.24442300
v 0.21416000 -0.20063200 0.24467100
v 0.23943700 -0.19934000 0.25133700
v 0.21422600 -0.19934000 0.25156700
v 0.21424000 -0.20718800 0.25158600
v 0.23968900 -0.21246500 0.25111200
v 0.21390500 -0.19934000 0.24480800
v 0.23962500 -0.19934100 0.24453700
v 0.21391500 -0.20724000 0.24492400
v 0.23935200 -0.21236600 0.24444800
v 0.21713800 -0.21165500 0.25155800
v 0.21693000 -0.21186700 0.24489600
v 0.21535300 -0.20987300 0.25157500
v 0.21507000 -0.21001800 0.24491300
v 0.21982200 -0.21276400 0.25153200
v 0.21970800 -0.21300600 0.24487100
v 0.23904300 -0.21300000 0.25114500
v 0.23892900 -0.21276200 0.24444500
v 0.22703800 -0.21276300 0.25146500
v 0.22697300 -0.21300300 0.24480200
v 0.23969000 -0.20003500 0.25120700
v 0.23962500 -0.20003500 0.24454700
v 0.21390700 -0.20096700 0.24483800
v 0.21385400 -0.20726200 0.25026700
v 0.21383600 -0.20046600 0.25026500
v 0.21379600 -0.20046700 0.24601300
v 0.21376500 -0.20727200 0.24590700
v 0.21499900 -0.21007000 0.24599900
v 0.21690100 -0.21192200 0.24598300
v 0.21971000 -0.21303400 0.24595700
v 0.23810600 -0.21301300 0.24578500
v 0.23814600 -0.21301300 0.25003700
v 0.21975000 -0.21303400 0.25021000
v 0.21694100 -0.21192200 0.25023700
v 0.21503900 -0.21007000 0.25025700
v 0.22698400 -0.21302000 0.24588900
v 0.22702400 -0.21302000 0.25014200
v 0.21384400 -0.20131900 0.25026500
v 0.21382800 -0.20125900 0.24604300
v 0.21380700 -0.20727200 0.25037200
v 0.21379200 -0.20038700 0.25035000
v 0.21375100 -0.20038800 0.24592900
v 0.21381400 -0.20726200 0.24601100
v 0.21495000 -0.21010300 0.24586100
v 0.21687100 -0.21196700 0.24588200
v 0.21969900 -0.21309000 0.24585700
v 0.23817600 -0.21306700 0.24570200
v 0.23821700 -0.21306700 0.25011800
v 0.21974100 -0.21309000 0.25031000
v 0.21691300 -0.21196700 0.25033800
v 0.21499800 -0.21009900 0.25035900
v 0.22698400 -0.21307800 0.24578900
v 0.22702600 -0.21307800 0.25024200
v 0.21379800 -0.20130800 0.25036900
v 0.21375500 -0.20125100 0.24590800
v 0.21387700 -0.20725700 0.25023800
v 0.21385700 -0.20048700 0.25024100
v 0.21381700 -0.20048700 0.24603700
v 0.21375800 -0.20727300 0.24587000
v 0.21502000 -0.21005500 0.24602700
v 0.21691500 -0.21190000 0.24601000
v 0.21971500 -0.21300800 0.24598400
v 0.23808700 -0.21298800 0.24580700
v 0.23812700 -0.21298800 0.25001500
v 0.21975400 -0.21300800 0.25018300
v 0.21695500 -0.21190000 0.25020900
v 0.21506000 -0.21005500 0.25022900
v 0.22698500 -0.21299400 0.24591500
v 0.22702400 -0.21299400 0.25011500
v 0.21386700 -0.20131800 0.25023500
v 0.21380400 -0.20125900 0.24601400
v 0.23664600 -0.21307700 0.25109200
v 0.23663500 -0.21298900 0.25002800
v 0.23658400 -0.21307700 0.24475800
v 0.23659500 -0.21298900 0.24582100
v 0.23659600 -0.21274500 0.24596000
v 0.23663300 -0.21274500 0.24989000
v 0.23664900 -0.21268600 0.25145000
v 0.23658000 -0.21268600 0.24439900
v 0.23664600 -0.21300000 0.25116100
v 0.23658300 -0.21300000 0.24468800
v 0.23664800 -0.21276200 0.25138000
v 0.23658100 -0.21276200 0.24446900
v 0.23663600 -0.21306900 0.25013600
v 0.23659400 -0.21306900 0.24571400
v 0.23663500 -0.21301400 0.25005100
v 0.23659500 -0.21301400 0.24579900
v 0.23663600 -0.21307700 0.25016500
v 0.23659400 -0.21307700 0.24568500
v 0.23998100 -0.19934000 0.24952400
v 0.21365800 -0.19934000 0.24975400
v 0.23998200 -0.21249600 0.24946400
v 0.21976600 -0.21277100 0.24906600
v 0.21520200 -0.20993600 0.24910500
v 0.21703200 -0.21170700 0.24908800
v 0.21400800 -0.20721600 0.24911000
v 0.23933300 -0.21307600 0.24948700
v 0.21369800 -0.20048900 0.24919200
v 0.23828200 -0.21298500 0.24896100
v 0.22701400 -0.21275400 0.24899800
v 0.21393300 -0.20062400 0.24910100
v 0.23815300 -0.21274300 0.24889300
v 0.23998100 -0.20009400 0.24951900
v 0.21394200 -0.20130500 0.24910200
v 0.21362200 -0.20037700 0.24924500
v 0.23839100 -0.21306700 0.24901200
v 0.21367400 -0.20046600 0.24920400
v 0.23830500 -0.21301000 0.24897200
v 0.21361400 -0.20034600 0.24925900
v 0.23842100 -0.21307600 0.24902600
v 0.23662400 -0.21274500 0.24890700
v 0.21362600 -0.19934000 0.24648800
v 0.23994800 -0.19934000 0.24622300
v 0.23995100 -0.21249600 0.24632300
v 0.21974800 -0.21277100 0.24710100
v 0.21518400 -0.20993600 0.24714800
v 0.21701400 -0.21170700 0.24713000
v 0.21399000 -0.20721600 0.24716500
v 0.23930200 -0.21307600 0.24631200
v 0.21367800 -0.20048900 0.24708900
v 0.23826200 -0.21298500 0.24685700
v 0.22699500 -0.21275400 0.24703200
v 0.21391400 -0.20062400 0.24717500
v 0.23813500 -0.21274300 0.24692800
v 0.23994800 -0.20009400 0.24623000
v 0.21392400 -0.20128800 0.24717400
v 0.21360100 -0.20037800 0.24703500
v 0.23837000 -0.21306700 0.24680400
v 0.21365400 -0.20046600 0.24707700
v 0.23828500 -0.21301000 0.24684600
v 0.21359300 -0.20034600 0.24702100
v 0.23840000 -0.21307600 0.24679000
v 0.23660500 -0.21274500 0.24694200
v 0.21831900 -0.21258800 0.25123400
v 0.21825800 -0.21258800 0.24495900
v 0.21828300 -0.21253300 0.24599700
v 0.21832300 -0.21253300 0.25019600
v 0.21837000 -0.21231800 0.24613400
v 0.21840700 -0.21231800 0.25005800
v 0.21848000 -0.21221600 0.25162000
v 0.21841000 -0.21221600 0.24456900
v 0.21835000 -0.21251600 0.25130900
v 0.21828700 -0.21251600 0.24488300
v 0.21844800 -0.21228800 0.25154500
v 0.21838000 -0.21228800 0.24464500
v 0.21825300 -0.21260800 0.24587000
v 0.21829500 -0.21260800 0.25032400
v 0.21827400 -0.21255700 0.24597000
v 0.21831400 -0.21255700 0.25022300
v 0.21825000 -0.21261600 0.24583300
v 0.21829300 -0.21261600 0.25036100
v 0.21836800 -0.21231800 0.24907700
v 0.21834900 -0.21231800 0.24711500
v 0.21596300 -0.21105200 0.25125700
v 0.21590100 -0.21105200 0.24498100
v 0.21592500 -0.21103000 0.24601900
v 0.21596500 -0.21103000 0.25021900
v 0.21608500 -0.21086600 0.24615900
v 0.21612200 -0.21086600 0.25007500
v 0.21626200 -0.21075900 0.25164100
v 0.21619200 -0.21075900 0.24459000
v 0.21602100 -0.21099500 0.25133200
v 0.21595800 -0.21099500 0.24490500
v 0.21620400 -0.21081600 0.25156600
v 0.21613500 -0.21081600 0.24466600
v 0.21587100 -0.21108600 0.24589000
v 0.21591300 -0.21108600 0.25034900
v 0.21590800 -0.21104900 0.24599100
v 0.21594800 -0.21104800 0.25024700
v 0.21586600 -0.21109100 0.24585300
v 0.21590900 -0.21109100 0.25038500
v 0.21607500 -0.21087400 0.24909700
v 0.21605600 -0.21087400 0.24713900
v 0.21439900 -0.20869700 0.25127200
v 0.21433700 -0.20869700 0.24499500
v 0.21435000 -0.20869300 0.24603300
v 0.21438900 -0.20869300 0.25023300
v 0.21455700 -0.20860500 0.24618000
v 0.21459300 -0.20860500 0.25008300
v 0.21479500 -0.20853600 0.25165500
v 0.21472500 -0.20853600 0.24460300
v 0.21447600 -0.20866600 0.25134700
v 0.21441300 -0.20866600 0.24491800
v 0.21471800 -0.20856700 0.25158000
v 0.21464900 -0.20856700 0.24468000
v 0.21428100 -0.20872200 0.24590300
v 0.21432300 -0.20872200 0.25036500
v 0.21432700 -0.20870300 0.24600500
v 0.21436700 -0.20870300 0.25026200
v 0.21427500 -0.20872500 0.24586600
v 0.21431800 -0.20872500 0.25040200
v 0.21452600 -0.20861300 0.24910800
v 0.21450700 -0.20861300 0.24715600
v 0.24013300 -0.19934000 0.24831900
v 0.24012400 -0.19934000 0.24742500
v 0.21348200 -0.19934000 0.24767700
v 0.21349000 -0.19934000 0.24856800
v 0.23953200 -0.21307600 0.24834300
v 0.23952300 -0.21307600 0.24745200
v 0.21396000 -0.20721900 0.24858600
v 0.21395200 -0.20721900 0.24769000
v 0.21975000 -0.21276800 0.24853100
v 0.21974200 -0.21276800 0.24763600
v 0.21517700 -0.20994100 0.24857500
v 0.21516900 -0.20994100 0.24767800
v 0.21700600 -0.21170900 0.24855700
v 0.21699800 -0.21170900 0.24766100
v 0.24013000 -0.21249600 0.24833900
v 0.24012100 -0.21249600 0.24744500
v 0.21350200 -0.20033700 0.24769600
v 0.21351000 -0.20033700 0.24858500
v 0.23852900 -0.21307600 0.24835300
v 0.23852000 -0.21307600 0.24746100
v 0.22700000 -0.21275300 0.24756800
v 0.22700900 -0.21275300 0.24846300
v 0.21384900 -0.20062200 0.24858300
v 0.21384100 -0.20062200 0.24769500
v 0.23823300 -0.21274300 0.24835700
v 0.23822500 -0.21274300 0.24746300
v 0.24012400 -0.20016500 0.24742700
v 0.24013300 -0.20016500 0.24832000
v 0.21385500 -0.20131100 0.24769400
v 0.21386400 -0.20131900 0.24858400
v 0.21357100 -0.20046600 0.24769700
v 0.21358000 -0.20046600 0.24858600
v 0.23839700 -0.21300900 0.24835500
v 0.23838800 -0.21300900 0.24746200
v 0.21352000 -0.20037100 0.24858600
v 0.21351200 -0.20037100 0.24769600
v 0.23848600 -0.21306600 0.24746100
v 0.23849400 -0.21306600 0.24835400
v 0.21360600 -0.20049100 0.24858600
v 0.21359800 -0.20049100 0.24769700
v 0.23836300 -0.21298300 0.24746200
v 0.23837100 -0.21298300 0.24835500
v 0.23661100 -0.21274500 0.24747700
v 0.23661900 -0.21274500 0.24837200
v 0.21834600 -0.21231800 0.24854400
v 0.21833800 -0.21231800 0.24764800
v 0.21604100 -0.21087800 0.24767000
v 0.21604900 -0.21087800 0.24856600
v 0.21448100 -0.20861700 0.24768400
v 0.21448900 -0.20861700 0.24858000
vn 0.9683 -0.0000 0.2497
vn 0.9926 -0.0087 0.1212
vn 0.9926 -0.0000 0.1212
vn 0.8707 -0.0000 0.4918
vn 0.9274 -0.0087 0.3740
vn 0.9274 -0.0000 0.3740
vn 0.7137 -0.0000 0.7004
vn 0.7990 -0.0087 0.6013
vn 0.7990 -0.0000 0.6013
vn 0.5081 -0.0000 0.8613
vn 0.6162 -0.0087 0.7876
vn 0.6162 -0.0000 0.7876
vn 0.2679 -0.0000 0.9634
vn 0.3913 -0.0088 0.9202
vn 0.3914 -0.0000 0.9202
vn 0.0094 -0.0000 1.0000
vn 0.1398 -0.0088 0.9901
vn 0.1398 -0.0000 0.9902
vn -0.2497 -0.0000 0.9683
vn -0.1212 -0.0087 0.9926
vn -0.1212 -0.0000 0.9926
vn -0.4918 -0.0000 0.8707
vn -0.3740 -0.0088 0.9274
vn -0.3740 -0.0000 0.9274
vn -0.7004 -0.0000 0.7137
vn -0.6013 -0.0087 0.7990
vn -0.6013 -0.0000 0.7990
vn -0.8613 -0.0000 0.5081
vn -0.7876 -0.0087 0.6162
vn -0.7876 -0.0000 0.6162
vn -0.9634 -0.0000 0.2679
vn -0.9202 -0.0087 0.3913
vn -0.9202 -0.0000 0.3914
vn -1.0000 -0.0000 0.0094
vn -0.9901 -0.0087 0.1398
vn -0.9902 -0.0000 0.1398
vn -0.9683 -0.0000 -0.2497
vn -0.9926 -0.0087 -0.1212
vn -0.9926 -0.0000 -0.1212
vn -0.8707 -0.0000 -0.4918
vn -0.9274 -0.0087 -0.3740
vn -0.9274 -0.0000 -0.3740
vn -0.7137 -0.0000 -0.7004
vn -0.7990 -0.0087 -0.6013
vn -0.7990 -0.0000 -0.6013
vn -0.5081 -0.0000 -0.8613
vn -0.6162 -0.0087 -0.7876
vn -0.6162 -0.0000 -0.7876
vn -0.2679 -0.0000 -0.9635
vn -0.3913 -0.0087 -0.9202
vn -0.3914 -0.0000 -0.9202
vn -0.0094 -0.0000 -1.0000
vn -0.1398 -0.0087 -0.9901
vn -0.1398 -0.0000 -0.9902
vn 0.2497 -0.0000 -0.9683
vn 0.1212 -0.0088 -0.9926
vn 0.1212 -0.0000 -0.9926
vn 0.4918 -0.0000 -0.8707
vn 0.3740 -0.0088 -0.9274
vn 0.3740 -0.0000 -0.9274
vn 0.7004 -0.0000 -0.7137
vn 0.6013 -0.0087 -0.7990
vn 0.6013 -0.0000 -0.7990
vn 0.8613 -0.0000 -0.5081
vn 0.7876 -0.0088 -0.6162
vn 0.7876 -0.0000 -0.6162
vn 0.9635 -0.0000 -0.2679
vn 0.9202 -0.0088 -0.3913
vn 0.9202 -0.0000 -0.3914
vn 1.0000 -0.0000 -0.0094
vn 0.9901 -0.0087 -0.1398
vn 0.9902 -0.0000 -0.1398
vn 0.0163 -0.9999 0.0042
vn -0.0006 -1.0000 -0.0001
vn 0.0146 -0.9999 0.0018
vn 0.0146 -0.9999 0.0083
vn -0.0006 -1.0000 -0.0002
vn 0.0137 -0.9999 0.0055
vn 0.0120 -0.9999 0.0118
vn -0.0005 -1.0000 -0.0004
vn 0.0118 -0.9999 0.0088
vn 0.0086 -0.9999 0.0145
vn -0.0007 -1.0000 -0.0009
vn 0.0091 -0.9999 0.0116
vn 0.0045 -0.9999 0.0162
vn -0.0004 -1.0000 -0.0010
vn 0.0058 -0.9999 0.0135
vn 0.0002 -0.9999 0.0168
vn -0.0002 -1.0000 -0.0011
vn 0.0021 -0.9999 0.0146
vn -0.0042 -0.9999 0.0163
vn 0.0001 -1.0000 -0.0011
vn -0.0018 -0.9999 0.0146
vn -0.0083 -0.9999 0.0147
vn 0.0004 -1.0000 -0.0010
vn -0.0055 -0.9999 0.0137
vn -0.0118 -0.9999 0.0120
vn 0.0004 -1.0000 -0.0005
vn -0.0089 -0.9999 0.0118
vn -0.0144 -0.9999 0.0085
vn 0.0009 -1.0000 -0.0007
vn -0.0116 -0.9999 0.0091
vn -0.0162 -0.9999 0.0045
vn 0.0010 -1.0000 -0.0004
vn -0.0136 -0.9999 0.0058
vn -0.0168 -0.9999 0.0002
vn 0.0011 -1.0000 -0.0002
vn -0.0146 -0.9999 0.0021
vn -0.0163 -0.9999 -0.0042
vn 0.0011 -1.0000 0.0001
vn -0.0146 -0.9999 -0.0018
vn -0.0147 -0.9999 -0.0083
vn 0.0006 -1.0000 0.0002
vn -0.0137 -0.9999 -0.0055
vn -0.0120 -0.9999 -0.0118
vn 0.0005 -1.0000 0.0004
vn -0.0118 -0.9999 -0.0088
vn -0.0086 -0.9999 -0.0145
vn 0.0007 -1.0000 0.0009
vn -0.0091 -0.9999 -0.0116
vn -0.0045 -0.9999 -0.0162
vn 0.0004 -1.0000 0.0010
vn -0.0058 -0.9999 -0.0135
vn -0.0002 -0.9999 -0.0168
vn 0.0002 -1.0000 0.0011
vn -0.0021 -0.9999 -0.0146
vn 0.0042 -0.9999 -0.0163
vn -0.0001 -1.0000 0.0011
vn 0.0018 -0.9999 -0.0146
vn 0.0083 -0.9999 -0.0146
vn -0.0004 -1.0000 0.0010
vn 0.0055 -0.9999 -0.0136
vn 0.0118 -0.9999 -0.0120
vn -0.0004 -1.0000 0.0005
vn 0.0088 -0.9999 -0.0118
vn 0.0145 -0.9999 -0.0086
vn -0.0009 -1.0000 0.0007
vn 0.0116 -0.9999 -0.0091
vn 0.0162 -0.9999 -0.0045
vn -0.0010 -1.0000 0.0004
vn 0.0136 -0.9999 -0.0058
vn 0.0168 -0.9999 -0.0002
vn -0.0011 -1.0000 0.0002
vn 0.0146 -0.9999 -0.0021
vn 0.7093 -0.6996 0.0866
vn 0.6481 -0.7430 0.1671
vn 0.6118 -0.7875 0.0747
vn 0.6627 -0.6996 0.2672
vn 0.5828 -0.7430 0.3292
vn 0.5716 -0.7875 0.2305
vn 0.5710 -0.6996 0.4297
vn 0.4777 -0.7430 0.4688
vn 0.4925 -0.7875 0.3706
vn 0.4403 -0.6996 0.5628
vn 0.3401 -0.7430 0.5765
vn 0.3798 -0.7875 0.4854
vn 0.2796 -0.6995 0.6576
vn 0.1793 -0.7430 0.6448
vn 0.2412 -0.7875 0.5672
vn 0.0999 -0.6995 0.7076
vn 0.0063 -0.7430 0.6693
vn 0.0862 -0.7875 0.6103
vn -0.0866 -0.6996 0.7093
vn -0.1671 -0.7430 0.6481
vn -0.0747 -0.7875 0.6118
vn -0.2672 -0.6996 0.6627
vn -0.3292 -0.7430 0.5828
vn -0.2305 -0.7875 0.5716
vn -0.4297 -0.6996 0.5710
vn -0.4688 -0.7430 0.4777
vn -0.3706 -0.7875 0.4925
vn -0.5628 -0.6996 0.4403
vn -0.5765 -0.7430 0.3401
vn -0.4854 -0.7875 0.3798
vn -0.6576 -0.6996 0.2796
vn -0.6449 -0.7430 0.1793
vn -0.5672 -0.7875 0.2412
vn -0.7075 -0.6996 0.0999
vn -0.6693 -0.7430 0.0063
vn -0.6103 -0.7875 0.0862
vn -0.7093 -0.6996 -0.0866
vn -0.6481 -0.7430 -0.1671
vn -0.6118 -0.7875 -0.0747
vn -0.6627 -0.6996 -0.2672
vn -0.5828 -0.7430 -0.3292
vn -0.5716 -0.7875 -0.2305
vn -0.5710 -0.6996 -0.4297
vn -0.4777 -0.7430 -0.4688
vn -0.4925 -0.7875 -0.3706
vn -0.4403 -0.6996 -0.5628
vn -0.3401 -0.7430 -0.5765
vn -0.3798 -0.7875 -0.4854
vn -0.2796 -0.6996 -0.6576
vn -0.1793 -0.7430 -0.6448
vn -0.2412 -0.7875 -0.5672
vn -0.0999 -0.6996 -0.7076
vn -0.0063 -0.7430 -0.6693
vn -0.0862 -0.7875 -0.6103
vn 0.0866 -0.6995 -0.7093
vn 0.1671 -0.7429 -0.6481
vn 0.0747 -0.7875 -0.6118
vn 0.2673 -0.6995 -0.6627
vn 0.3292 -0.7430 -0.5828
vn 0.2305 -0.7875 -0.5716
vn 0.4297 -0.6996 -0.5710
vn 0.4688 -0.7430 -0.4777
vn 0.3706 -0.7875 -0.4925
vn 0.5628 -0.6996 -0.4403
vn 0.5765 -0.7430 -0.3401
vn 0.4854 -0.7875 -0.3798
vn 0.6576 -0.6996 -0.2796
vn 0.6449 -0.7430 -0.1793
vn 0.5672 -0.7875 -0.2412
vn 0.7076 -0.6996 -0.0999
vn 0.6693 -0.7430 -0.0063
vn 0.6103 -0.7875 -0.0862
vn 0.7374 -0.6481 0.1902
vn 0.6630 -0.6481 0.3745
vn 0.5435 -0.6482 0.5334
vn 0.3870 -0.6481 0.6559
vn 0.2040 -0.6482 0.7337
vn 0.0072 -0.6482 0.7615
vn -0.1902 -0.6481 0.7374
vn -0.3745 -0.6481 0.6630
vn -0.5334 -0.6481 0.5435
vn -0.6559 -0.6481 0.3869
vn -0.7337 -0.6481 0.2040
vn -0.7615 -0.6481 0.0072
vn -0.7374 -0.6481 -0.1902
vn -0.6630 -0.6482 -0.3745
vn -0.5435 -0.6481 -0.5334
vn -0.3870 -0.6481 -0.6559
vn -0.2040 -0.6481 -0.7337
vn -0.0072 -0.6481 -0.7615
vn 0.1902 -0.6481 -0.7374
vn 0.3745 -0.6481 -0.6630
vn 0.5334 -0.6481 -0.5435
vn 0.6559 -0.6481 -0.3869
vn 0.7337 -0.6481 -0.2040
vn 0.7615 -0.6481 -0.0072
vn -0.0000 -1.0000 -0.0000
vn 0.8707 -0.0076 0.4918
vn 0.9683 -0.0076 0.2497
vn -0.9634 -0.0076 0.2679
vn 0.9999 -0.0076 -0.0094
vn 0.9634 -0.0076 -0.2679
vn -0.9999 -0.0076 0.0094
vn 0.8613 -0.0075 -0.5081
vn 0.7004 -0.0076 -0.7137
vn 0.4918 -0.0076 -0.8707
vn 0.2497 -0.0076 -0.9683
vn -0.0094 -0.0076 -0.9999
vn -0.2679 -0.0076 -0.9634
vn -0.5081 -0.0076 -0.8613
vn -0.7137 -0.0076 -0.7004
vn -0.8707 -0.0076 -0.4918
vn -0.9683 -0.0076 -0.2497
vn -0.8613 -0.0076 0.5081
vn -0.7004 -0.0076 0.7137
vn -0.4918 -0.0076 0.8707
vn -0.2497 -0.0076 0.9683
vn 0.0094 -0.0076 0.9999
vn 0.2679 -0.0076 0.9634
vn 0.5081 -0.0076 0.8613
vn 0.7137 -0.0076 0.7004
vn -0.0002 -1.0000 0.0009
vn 0.0004 -1.0000 -0.0009
vn 0.0008 -1.0000 0.0005
vn -0.0009 -1.0000 -0.0004
vn -0.0005 -1.0000 -0.0008
vn 0.0006 -1.0000 0.0007
vn -0.0007 -1.0000 -0.0007
vn 0.0007 -1.0000 0.0007
vn -0.0008 -1.0000 -0.0006
vn -0.0003 -1.0000 -0.0009
vn 0.0004 -1.0000 0.0009
vn 0.0007 -1.0000 -0.0007
vn -0.0007 -1.0000 0.0006
vn 0.0005 -1.0000 0.0008
vn -0.0006 -1.0000 -0.0008
vn -0.0005 -1.0000 0.0008
vn 0.0006 -1.0000 -0.0008
vn 0.0010 -1.0000 -0.0000
vn -0.0009 -1.0000 -0.0001
vn -0.0000 -1.0000 -0.0010
vn 0.0001 -1.0000 0.0009
vn 0.0009 -1.0000 0.0002
vn 0.0003 -1.0000 0.0009
vn -0.0004 -1.0000 -0.0009
vn -0.0009 -1.0000 0.0003
vn 0.0009 -1.0000 -0.0001
vn 0.0002 -1.0000 -0.0009
vn -0.0001 -1.0000 0.0009
vn -0.0000 -1.0000 0.0010
vn -0.0001 -1.0000 -0.0009
vn 0.0008 -1.0000 -0.0005
vn -0.0009 -1.0000 0.0004
vn 0.0005 -1.0000 -0.0008
vn -0.0004 -1.0000 0.0009
vn -0.0007 -1.0000 0.0007
vn 0.0008 -1.0000 -0.0006
vn 0.0001 -1.0000 -0.0009
vn -0.0006 -1.0000 0.0008
vn -0.0008 -1.0000 0.0005
vn 0.0009 -1.0000 -0.0004
vn 0.0009 -1.0000 -0.0003
vn -0.0009 -1.0000 0.0001
vn -0.0009 -1.0000 -0.0002
vn 0.0009 -1.0000 0.0004
vn -0.0009 -1.0000 -0.0000
vn 0.0009 -1.0000 0.0001
vn -0.0008 -1.0000 -0.0005
vn 0.0008 -1.0000 0.0006
vn -0.2679 -0.0000 -0.9634
vn 0.9634 -0.0000 -0.2679
vn 0.9162 -0.3848 0.1119
vn 0.8941 -0.3839 0.2306
vn 0.9162 -0.3849 0.1119
vn 0.3792 -0.9242 0.0463
vn 0.3708 -0.9238 0.0956
vn 0.3792 -0.9241 0.0463
vn 0.8560 -0.3848 0.3452
vn 0.8040 -0.3839 0.4541
vn 0.3543 -0.9242 0.1429
vn 0.3334 -0.9238 0.1883
vn 0.3543 -0.9241 0.1429
vn 0.7375 -0.3848 0.5550
vn 0.6590 -0.3839 0.6467
vn 0.3052 -0.9242 0.2297
vn 0.2733 -0.9238 0.2682
vn 0.3053 -0.9242 0.2297
vn 0.5687 -0.3848 0.7270
vn 0.4692 -0.3839 0.7953
vn 0.5687 -0.3848 0.7269
vn 0.2354 -0.9242 0.3009
vn 0.1946 -0.9238 0.3298
vn 0.3612 -0.3848 0.8494
vn 0.2474 -0.3839 0.8896
vn 0.1495 -0.9242 0.3515
vn 0.1026 -0.9238 0.3690
vn 0.1495 -0.9242 0.3516
vn 0.1291 -0.3848 0.9139
vn 0.0087 -0.3839 0.9233
vn 0.0534 -0.9242 0.3782
vn 0.0036 -0.9238 0.3829
vn 0.0534 -0.9242 0.3783
vn -0.1119 -0.3848 0.9162
vn -0.2306 -0.3840 0.8941
vn -0.0463 -0.9242 0.3792
vn -0.0956 -0.9238 0.3708
vn -0.3452 -0.3848 0.8560
vn -0.4541 -0.3839 0.8040
vn -0.1429 -0.9242 0.3543
vn -0.1884 -0.9238 0.3334
vn -0.1429 -0.9241 0.3543
vn -0.5550 -0.3848 0.7375
vn -0.6467 -0.3839 0.6590
vn -0.2297 -0.9242 0.3052
vn -0.2682 -0.9238 0.2733
vn -0.2297 -0.9241 0.3053
vn -0.7270 -0.3848 0.5688
vn -0.7953 -0.3839 0.4692
vn -0.7270 -0.3848 0.5687
vn -0.3009 -0.9242 0.2354
vn -0.3298 -0.9238 0.1946
vn -0.8494 -0.3848 0.3612
vn -0.8896 -0.3839 0.2474
vn -0.3515 -0.9242 0.1495
vn -0.3690 -0.9238 0.1026
vn -0.3516 -0.9242 0.1495
vn -0.9139 -0.3848 0.1291
vn -0.9233 -0.3839 0.0087
vn -0.3783 -0.9242 0.0534
vn -0.3829 -0.9238 0.0036
vn -0.3783 -0.9241 0.0534
vn -0.9162 -0.3848 -0.1119
vn -0.8941 -0.3839 -0.2306
vn -0.3792 -0.9242 -0.0463
vn -0.3708 -0.9238 -0.0956
vn -0.3792 -0.9241 -0.0463
vn -0.8560 -0.3848 -0.3452
vn -0.8040 -0.3839 -0.4541
vn -0.3543 -0.9242 -0.1429
vn -0.3334 -0.9238 -0.1883
vn -0.3543 -0.9241 -0.1429
vn -0.7375 -0.3848 -0.5550
vn -0.6590 -0.3839 -0.6468
vn -0.3052 -0.9242 -0.2297
vn -0.2733 -0.9238 -0.2682
vn -0.3053 -0.9241 -0.2297
vn -0.5687 -0.3848 -0.7270
vn -0.4692 -0.3839 -0.7953
vn -0.5687 -0.3848 -0.7269
vn -0.2354 -0.9242 -0.3009
vn -0.1946 -0.9238 -0.3298
vn -0.3612 -0.3848 -0.8494
vn -0.2474 -0.3839 -0.8896
vn -0.1495 -0.9242 -0.3515
vn -0.1026 -0.9238 -0.3689
vn -0.1495 -0.9242 -0.3516
vn -0.1291 -0.3848 -0.9139
vn -0.0087 -0.3839 -0.9233
vn -0.0534 -0.9242 -0.3782
vn -0.0036 -0.9238 -0.3829
vn -0.0534 -0.9241 -0.3783
vn 0.1119 -0.3848 -0.9162
vn 0.2306 -0.3839 -0.8941
vn 0.0463 -0.9242 -0.3792
vn 0.0956 -0.9238 -0.3708
vn 0.3452 -0.3848 -0.8560
vn 0.4541 -0.3839 -0.8040
vn 0.1429 -0.9242 -0.3543
vn 0.1883 -0.9238 -0.3334
vn 0.1429 -0.9241 -0.3543
vn 0.5550 -0.3848 -0.7375
vn 0.6467 -0.3839 -0.6590
vn 0.2297 -0.9242 -0.3052
vn 0.2682 -0.9238 -0.2733
vn 0.2297 -0.9241 -0.3053
vn 0.7270 -0.3848 -0.5687
vn 0.7953 -0.3839 -0.4692
vn 0.7269 -0.3848 -0.5687
vn 0.3009 -0.9242 -0.2354
vn 0.3298 -0.9238 -0.1946
vn 0.3009 -0.9241 -0.2354
vn 0.8494 -0.3848 -0.3612
vn 0.8896 -0.3839 -0.2474
vn 0.3515 -0.9242 -0.1495
vn 0.3689 -0.9238 -0.1026
vn 0.3516 -0.9241 -0.1495
vn 0.9139 -0.3848 -0.1291
vn 0.9233 -0.3840 -0.0087
vn 0.3782 -0.9242 -0.0534
vn 0.3829 -0.9238 -0.0036
vn 0.3783 -0.9242 -0.0534
vn 0.8040 -0.3839 0.4542
vn 0.9233 -0.3839 -0.0087
vn -0.3689 -0.9238 0.1026
vn 0.6468 -0.3839 -0.6590
vn -0.6468 -0.3839 0.6590
vn -0.1883 -0.9238 0.3334
vn -0.2306 -0.3839 0.8941
vn 0.1026 -0.9238 0.3689
vn 0.6590 -0.3839 0.6468
vn 0.0002 -1.0000 -0.0003
vn 0.0009 -1.0000 -0.0000
vn 0.0001 -1.0000 0.0002
vn 0.0096 0.0001 1.0000
vn 0.0112 0.0023 0.9999
vn 0.0119 0.0015 0.9999
vn -0.0116 0.0010 -0.9999
vn -0.0094 0.0007 -1.0000
vn -0.0143 0.0014 -0.9999
vn 0.9892 -0.0012 -0.1469
vn 0.9942 -0.0006 -0.1078
vn 0.9943 -0.0006 -0.1070
vn -0.7917 -0.6068 0.0705
vn -0.8572 -0.4943 0.1443
vn -0.7917 -0.5960 0.1339
vn -0.9920 -0.0940 -0.0847
vn -0.9987 -0.0170 -0.0472
vn -0.9938 -0.0085 -0.1113
vn 0.9890 -0.0012 -0.1478
vn 0.9889 -0.0008 -0.1488
vn -0.0265 -0.9996 0.0016
vn 0.0018 -1.0000 0.0020
vn -0.0599 -0.9982 0.0029
vn -0.3685 -0.9295 0.0154
vn -0.0432 -0.9991 -0.0001
vn -0.0599 -0.9982 -0.0018
vn -0.9164 -0.3942 0.0688
vn -0.8349 -0.5497 0.0290
vn -0.8328 -0.5514 0.0497
vn -0.6992 -0.7144 -0.0262
vn -0.7996 -0.5998 -0.0290
vn -0.6833 -0.7297 -0.0250
vn -0.5438 -0.8392 -0.0030
vn -0.5449 -0.8383 -0.0195
vn -0.3687 -0.9295 -0.0084
vn -0.4952 -0.8686 -0.0159
vn -0.3476 -0.9376 -0.0047
vn -0.9902 -0.0942 0.1032
vn -0.9985 -0.0174 0.0517
vn -0.9943 -0.0990 0.0395
vn -0.9176 -0.3942 -0.0515
vn -0.9920 -0.0859 -0.0922
vn -0.9102 -0.4120 -0.0432
vn -0.9169 -0.3985 -0.0217
vn 0.6488 -0.7521 -0.1160
vn 0.6442 -0.7567 -0.1115
vn 0.6710 -0.7332 -0.1103
vn -0.9947 -0.0020 0.1031
vn -0.9947 -0.0021 0.1031
vn -0.9952 -0.0020 0.0982
vn 0.6825 -0.7257 -0.0867
vn 0.6948 -0.7178 -0.0449
vn -0.9915 -0.0392 -0.1242
vn -0.9945 -0.0251 -0.1020
vn -0.9909 -0.0402 -0.1284
vn -0.9968 -0.0024 -0.0795
vn -0.9948 -0.0238 -0.0992
vn -0.8294 -0.5540 -0.0721
vn -0.9199 -0.3861 -0.0681
vn -0.9204 -0.3831 -0.0785
vn -0.5420 -0.8390 -0.0477
vn -0.7006 -0.7118 -0.0496
vn -0.7031 -0.7085 -0.0602
vn -0.3582 -0.9332 -0.0272
vn -0.0933 -0.9956 -0.0112
vn -0.3889 -0.9210 -0.0239
vn -0.0301 -0.9994 -0.0142
vn 0.0008 -1.0000 -0.0012
vn -0.0087 -1.0000 -0.0014
vn -0.0083 -1.0000 -0.0007
vn -0.0012 -1.0000 -0.0023
vn 0.0006 -1.0000 0.0008
vn 0.0001 -1.0000 -0.0001
vn -0.5021 -0.8631 0.0543
vn -0.3883 -0.9210 0.0321
vn -0.3577 -0.9332 0.0348
vn -0.8278 -0.5538 0.0897
vn -0.7097 -0.7015 0.0652
vn -0.6882 -0.7221 0.0708
vn -0.9914 -0.0781 0.1049
vn -0.9183 -0.3861 0.0876
vn -0.9185 -0.3830 0.0980
vn 0.0161 0.0038 0.9999
vn 0.0096 0.0039 0.9999
vn 0.0091 0.0037 1.0000
vn -0.0024 0.0008 -1.0000
vn -0.0877 -0.9961 0.0015
vn -0.9978 -0.0189 -0.0637
vn 0.0006 -1.0000 -0.0042
vn 0.0003 -1.0000 -0.0093
vn -0.0298 -0.9994 0.0148
vn 0.0011 -1.0000 0.0012
vn 0.0007 -1.0000 0.0062
vn -0.6101 -0.0038 -0.7923
vn -0.5821 -0.0467 -0.8118
vn -0.6733 -0.1155 -0.7303
vn -0.5858 -0.8096 -0.0366
vn -0.4754 -0.8774 -0.0641
vn -0.4745 -0.8797 -0.0309
vn -0.5757 -0.8140 -0.0773
vn -0.4780 -0.8760 -0.0648
vn -0.5952 -0.0025 0.8036
vn -0.5669 -0.0466 0.8225
vn -0.5941 -0.0035 0.8044
vn -0.6032 -0.2600 0.7541
vn -0.4277 -0.2999 0.8527
vn -0.5000 -0.2191 0.8378
vn -0.4402 -0.4603 0.7709
vn -0.2731 -0.4310 0.8600
vn -0.3598 -0.3798 0.8522
vn -0.2220 -0.5819 0.7824
vn -0.0176 -0.4944 0.8691
vn -0.1781 -0.4763 0.8611
vn 0.0089 -0.5087 0.8609
vn -0.0211 -0.5455 0.8378
vn 0.0087 -0.4928 0.8701
vn 0.0091 -0.4919 0.8706
vn -0.7929 -0.6068 -0.0556
vn -0.8598 -0.4943 -0.1282
vn -0.8651 -0.4978 -0.0619
vn -0.7941 -0.5961 -0.1190
vn -0.8597 -0.4944 -0.1281
vn -0.0074 -0.5297 -0.8482
vn -0.0076 -0.4936 -0.8697
vn -0.0070 -0.6112 -0.7914
vn -0.0073 -0.5087 -0.8609
vn -0.0339 -0.4944 -0.8686
vn -0.0072 -0.4919 -0.8706
vn -0.2367 -0.5820 -0.7780
vn -0.2892 -0.4311 -0.8547
vn -0.1943 -0.4763 -0.8576
vn -0.4547 -0.4605 -0.7624
vn -0.4435 -0.3001 -0.8445
vn -0.3758 -0.3798 -0.8453
vn -0.6174 -0.2601 -0.7424
vn -0.5157 -0.2191 -0.8283
vn -0.5566 0.0015 0.8308
vn -0.6485 -0.0109 0.7611
vn -0.6452 -0.0758 0.7602
vn 0.2518 -0.6191 0.7438
vn 0.0050 -0.6865 0.7271
vn 0.2313 -0.6258 0.7449
vn 0.6318 0.0003 0.7751
vn 0.6629 0.0018 0.7487
vn -0.0031 0.0009 -1.0000
vn 0.5385 -0.0053 -0.8426
vn -0.0458 -0.6962 -0.7164
vn -0.0073 -0.7025 -0.7116
vn -0.1225 -0.6836 -0.7195
vn -0.4934 -0.0171 -0.8697
vn -0.5954 -0.0101 -0.8034
vn -0.5394 -0.0138 -0.8420
vn -0.4728 -0.4831 0.7369
vn -0.5471 -0.3754 0.7482
vn -0.5471 -0.3751 0.7483
vn -0.4878 -0.4844 -0.7263
vn -0.3842 -0.5665 -0.7290
vn -0.3841 -0.5665 -0.7291
vn -0.6149 -0.2588 0.7449
vn -0.6557 -0.0681 0.7519
vn -0.6467 -0.1183 0.7535
vn -0.6303 -0.2595 -0.7317
vn -0.5624 -0.3765 -0.7362
vn -0.5624 -0.3762 -0.7363
vn -0.2558 -0.6403 0.7242
vn -0.3695 -0.5650 0.7377
vn -0.3695 -0.5650 0.7378
vn -0.2699 -0.6418 -0.7178
vn 0.4568 -0.5125 0.7271
vn 0.4549 -0.5134 0.7277
vn 0.2178 -0.6271 -0.7479
vn 0.4432 -0.5128 -0.7352
vn 0.4412 -0.5137 -0.7358
vn 0.0061 -0.7015 0.7126
vn -0.0323 -0.6948 0.7185
vn -0.1090 -0.6821 0.7230
vn -0.0074 -0.7006 -0.7136
vn -0.0086 -0.6879 -0.7258
vn 0.9979 -0.0003 -0.0645
vn -0.9963 -0.0254 -0.0821
vn -0.9991 -0.0288 -0.0314
vn 0.0094 0.0040 0.9999
vn -0.0094 0.0006 -1.0000
vn 0.4581 -0.0093 0.8888
vn 0.4356 -0.0110 0.9001
vn 0.5034 -0.0071 0.8640
vn 0.5578 -0.0099 -0.8299
vn 0.4841 -0.0101 -0.8750
vn 0.4376 -0.0127 -0.8991
vn -0.0091 0.0002 -1.0000
vn -0.0097 -0.0004 -1.0000
vn -0.0092 0.0003 -1.0000
vn -0.6633 -0.1099 -0.7402
vn -0.5639 -0.0047 -0.8259
vn 0.0095 0.0059 0.9999
vn 0.0096 0.0067 0.9999
vn -0.5161 -0.0141 0.8564
vn -0.9947 -0.0024 0.1029
vn -0.9936 -0.0774 -0.0827
vn -0.9971 -0.0022 -0.0758
vn -0.5218 0.0006 0.8530
vn -0.4757 0.0053 0.8796
vn -0.9921 -0.0220 0.1236
vn -0.6124 -0.0020 -0.7906
vn -0.6087 -0.0036 -0.7934
vn -0.5855 -0.8093 0.0478
vn -0.4742 -0.8774 0.0730
vn -0.5751 -0.8133 0.0883
vn -0.9904 -0.0119 -0.1376
vn -0.9912 -0.0024 -0.1324
vn -0.5974 -0.0021 0.8020
vn 0.0066 -0.6694 0.7429
vn 0.0066 -0.6803 0.7329
vn 0.0059 -0.6696 0.7427
vn 0.5756 -0.0075 0.8177
vn 0.5891 -0.0036 0.8081
vn 0.4133 -0.0149 -0.9105
vn -0.1197 -0.6840 -0.7195
vn -0.0073 -0.6949 -0.7191
vn -0.0454 -0.6968 -0.7158
vn -0.4933 -0.0025 -0.8698
vn -0.4741 -0.4819 0.7368
vn -0.5478 -0.3745 0.7481
vn -0.5527 -0.3705 0.7465
vn -0.4892 -0.4831 -0.7262
vn -0.3860 -0.5653 -0.7290
vn -0.3806 -0.5714 -0.7271
vn -0.6153 -0.2582 0.7448
vn -0.5683 -0.0187 0.8226
vn -0.6307 -0.2587 -0.7317
vn -0.5632 -0.3755 -0.7361
vn -0.5680 -0.3716 -0.7343
vn -0.2577 -0.6396 0.7242
vn -0.3713 -0.5641 0.7376
vn -0.3659 -0.5699 0.7357
vn -0.2719 -0.6411 -0.7177
vn 0.4738 -0.5003 0.7247
vn 0.5032 -0.5184 0.6914
vn 0.5058 -0.5234 0.6858
vn 0.4914 -0.5188 -0.6995
vn 0.6106 -0.0453 -0.7906
vn 0.4941 -0.5239 -0.6938
vn 0.0062 -0.6951 0.7189
vn -0.1059 -0.6826 0.7231
vn -0.0319 -0.6955 0.7178
vn -0.0070 -0.6896 -0.7242
vn -0.0072 -0.6776 -0.7354
vn 0.0155 0.0025 0.9999
vn 0.5562 -0.0026 0.8311
vn 0.4371 -0.0032 0.8994
vn -0.6547 -0.0616 -0.7534
vn 0.0057 -0.6851 0.7284
vn 0.4150 -0.0066 -0.9098
vn -0.4951 -0.0118 -0.8688
vn -0.4731 -0.4827 0.7370
vn -0.4881 -0.4839 -0.7263
vn -0.6135 -0.2579 0.7464
vn -0.6289 -0.2585 -0.7333
vn -0.2558 -0.6386 0.7258
vn -0.2700 -0.6400 -0.7193
vn 0.2383 -0.6203 -0.7473
vn 0.0060 -0.6993 0.7148
vn -0.0079 -0.6865 -0.7271
vn 0.5724 -0.0061 -0.8199
vn -0.6336 -0.0566 -0.7716
vn -0.9443 -0.1635 -0.2855
vn -0.8571 -0.0039 -0.5151
vn -0.8381 -0.1445 -0.5261
vn -0.7718 -0.6340 -0.0476
vn -0.8950 -0.4304 -0.1175
vn -0.7629 -0.6389 -0.0989
vn -0.7549 -0.6483 -0.0998
vn -0.8506 -0.0129 0.5256
vn -0.9541 -0.0055 0.2994
vn -0.8486 -0.0043 0.5290
vn -0.8746 -0.3701 0.3133
vn -0.6767 -0.4684 0.5680
vn -0.7672 -0.3265 0.5522
vn -0.6563 -0.6767 0.3336
vn -0.4405 -0.6832 0.5824
vn -0.5696 -0.5904 0.5718
vn -0.3419 -0.8698 0.3557
vn -0.0406 -0.8491 0.5267
vn -0.2928 -0.7533 0.5889
vn 0.0051 -0.8973 0.4414
vn 0.0062 -0.8162 0.5777
vn -0.6114 -0.7901 -0.0432
vn -0.4000 -0.9144 -0.0626
vn -0.6054 -0.7903 -0.0937
vn -0.6228 -0.7766 -0.0951
vn -0.0057 -0.7873 -0.6165
vn -0.0036 -0.9071 -0.4209
vn -0.0049 -0.8292 -0.5589
vn -0.3486 -0.8700 -0.3487
vn -0.4516 -0.6835 -0.5735
vn -0.3039 -0.7535 -0.5830
vn -0.6627 -0.6769 -0.3202
vn -0.6876 -0.4687 -0.5546
vn -0.5805 -0.5907 -0.5604
vn -0.8807 -0.3702 -0.2955
vn -0.7778 -0.3266 -0.5369
vn 0.0052 -0.8682 0.4962
vn 0.0066 -0.7644 0.6448
vn -0.0035 -0.8863 -0.4631
vn -0.0505 -0.8491 -0.5258
vn -0.0044 -0.8086 -0.5883
vn -0.9586 -0.0050 -0.2846
vn -0.8588 -0.0117 -0.5122
vn -0.8275 -0.1446 0.5426
vn -0.7551 -0.6456 0.1144
vn -0.9098 -0.4086 0.0729
vn -0.7718 -0.6328 0.0625
vn -0.5916 -0.8023 -0.0792
vn -0.7014 -0.0050 0.7127
vn -0.5254 -0.3663 0.7680
vn -0.3384 -0.5301 0.7775
vn -0.6210 -0.7765 0.1068
vn -0.3835 -0.9229 0.0349
vn -0.6106 -0.7901 0.0547
vn -0.7811 -0.6132 -0.1174
vn -0.3531 -0.5304 -0.7707
vn -0.5398 -0.3665 -0.7578
vn 0.0085 -0.5297 0.8481
vn -0.0368 -0.5456 -0.8373
vn -0.7136 -0.0046 -0.7005
vn -0.6590 -0.1158 0.7432
vn -0.9928 -0.0807 0.0889
vn -0.3840 -0.9229 -0.0277
vn -0.9712 -0.2219 0.0872
vn -0.7782 -0.5360 0.3271
vn -0.5109 -0.7869 0.3460
vn -0.1452 -0.9174 0.3705
vn 0.0015 -1.0000 -0.0010
vn 0.0008 -1.0000 -0.0000
vn -0.1912 -0.9557 -0.2239
vn 0.0006 -1.0000 -0.0060
vn -0.5175 -0.7872 -0.3355
vn -0.7846 -0.5363 -0.3111
vn 0.0012 -0.9998 0.0175
vn -0.1522 -0.9175 -0.3675
vn -0.9737 -0.2173 -0.0690
vn -0.9945 -0.0798 -0.0677
vn -0.9383 -0.1635 0.3047
vn 0.0015 -1.0000 0.0010
vn 0.0008 -1.0000 0.0001
vn -0.0011 -1.0000 0.0023
vn 0.0087 -0.4935 0.8697
vn -0.0077 -0.4927 -0.8701
vn 0.0066 -0.6933 0.7207
vn 0.0069 -0.6761 0.7367
vn -0.0074 -0.6710 -0.7414
vn -0.0080 -0.6711 -0.7413
vn 0.0059 -0.7876 0.6162
vn 0.0079 -0.6114 0.7913
vn -0.1871 -0.9557 0.2274
vn 0.0010 -1.0000 -0.0009
vn 0.0017 -1.0000 -0.0021
vn -0.3989 -0.9143 0.0701
vn -0.1262 -0.9919 0.0112
vn -0.9885 -0.0344 0.1474
vn -0.8948 -0.4257 0.1348
vn -0.5921 -0.8008 0.0907
vn -0.7646 -0.6344 0.1140
vn -0.9885 -0.0025 0.1511
vn -0.9877 -0.0115 0.1562
vn -0.9915 -0.0085 0.1299
vn 0.9917 -0.0008 0.1283
vn 0.9918 -0.0007 0.1275
vn 0.9920 -0.0009 0.1263
vn -0.9101 -0.4108 -0.0553
vn -0.4770 -0.8758 0.0740
vn -0.0265 -0.9996 -0.0027
vn 0.0019 -1.0000 -0.0020
vn 0.6730 -0.7333 0.0971
vn 0.6870 -0.7245 0.0558
vn 0.6954 -0.7175 0.0407
vn -0.9891 -0.0331 0.1435
vn -0.9923 -0.0213 0.1217
vn 0.6462 -0.7568 0.0988
vn 0.6508 -0.7522 0.1031
vn -0.9901 -0.0862 0.1108
vn -0.9092 -0.4120 0.0603
vn -0.4948 -0.8687 0.0252
vn -0.3475 -0.9376 0.0113
vn -0.7989 -0.5998 0.0441
vn -0.6986 -0.7144 0.0394
vn -0.6827 -0.7297 0.0379
vn 0.0010 -1.0000 0.0001
vn 0.9921 -0.0007 0.1257
vn 0.9921 -0.0015 0.1256
vn 0.0010 -1.0000 -0.0001
vn 0.0010 -1.0000 0.0006
vn -0.0087 -1.0000 0.0016
vn -0.9853 -0.1516 0.0793
vn -0.7789 -0.6131 0.1321
vn -0.6038 -0.7902 0.1052
vn -0.9964 -0.0187 0.0824
vn 0.9894 -0.0017 -0.1453
vn 0.9894 -0.0012 -0.1452
vn -0.8572 -0.4944 0.1443
vn 0.0009 -1.0000 -0.0002
vn 0.0019 -1.0000 0.0020
vn 0.0001 -1.0000 0.0001
vn -0.9966 -0.0211 0.0792
vn -0.9153 -0.4019 0.0284
vn -0.5444 -0.8383 0.0297
vn -0.3658 -0.9307 0.0078
vn -0.8311 -0.5560 -0.0061
vn -0.8335 -0.5514 -0.0340
vn -0.7009 -0.7132 -0.0092
vn -0.0931 -0.9956 0.0131
vn -0.5385 -0.8417 -0.0385
vn 0.9916 -0.0004 0.1291
vn 0.9976 -0.0002 0.0687
vn -0.5788 -0.8134 0.0576
vn -0.8284 -0.5567 -0.0626
vn -0.3690 -0.9294 -0.0031
vn -0.6986 -0.7153 0.0169
vn -0.6619 -0.1200 -0.7399
vn -0.8269 -0.5566 0.0802
vn -0.5503 -0.8348 0.0177
vn 0.9976 -0.0001 0.0688
vn -0.9950 -0.0991 -0.0092
vn -0.4738 -0.8797 0.0398
vn -0.8638 -0.4978 0.0781
vn 0.9978 -0.0002 0.0669
vn 0.0008 -1.0000 -0.0001
vn -0.0004 -1.0000 -0.0000
vn -0.2143 -0.9764 -0.0262
vn -0.0431 -0.9990 -0.0111
vn -0.2003 -0.9764 -0.0808
vn -0.0049 -1.0000 -0.0028
vn -0.1725 -0.9764 -0.1298
vn -0.0317 -0.9990 -0.0312
vn -0.1331 -0.9764 -0.1701
vn -0.0001 -1.0000 -0.0002
vn -0.0845 -0.9764 -0.1987
vn -0.0017 -1.0000 -0.0061
vn -0.0302 -0.9764 -0.2138
vn -0.0001 -0.9999 -0.0133
vn 0.0262 -0.9764 -0.2144
vn 0.0111 -0.9990 -0.0431
vn 0.0808 -0.9764 -0.2003
vn 0.1298 -0.9764 -0.1725
vn 0.0312 -0.9990 -0.0317
vn 0.1701 -0.9764 -0.1331
vn 0.0115 -0.9999 -0.0068
vn 0.1987 -0.9764 -0.0845
vn 0.0061 -1.0000 -0.0017
vn 0.2138 -0.9764 -0.0302
vn 0.2143 -0.9764 0.0262
vn 0.0061 -1.0000 0.0016
vn 0.2003 -0.9764 0.0808
vn 0.0116 -0.9999 0.0066
vn 0.1725 -0.9764 0.1298
vn 0.0317 -0.9990 0.0312
vn 0.1331 -0.9764 0.1701
vn 0.0845 -0.9764 0.1987
vn 0.0017 -1.0000 0.0061
vn 0.0302 -0.9764 0.2138
vn 0.0001 -0.9999 0.0133
vn -0.0262 -0.9764 0.2143
vn -0.0111 -0.9990 0.0431
vn -0.0808 -0.9764 0.2003
vn -0.0009 -1.0000 0.0016
vn -0.1298 -0.9764 0.1725
vn -0.0312 -0.9990 0.0317
vn -0.1701 -0.9764 0.1331
vn -0.1987 -0.9764 0.0845
vn -0.0428 -0.9990 0.0119
vn -0.2138 -0.9764 0.0302
vn 0.0104 0.0052 0.9999
vn 0.0118 0.0015 0.9999
vn 0.0103 0.0013 0.9999
vn 0.0095 0.0035 0.9999
vn 0.0094 0.0036 0.9999
vn 0.6257 -0.7705 -0.1215
vn 0.0093 0.0040 0.9999
vn 0.0094 -0.0026 1.0000
vn 0.0085 0.0040 1.0000
vn 0.0086 0.0038 1.0000
vn -0.0076 -0.4937 -0.8696
vn -0.0096 0.0008 -1.0000
vn -0.0094 -0.0005 -1.0000
vn 0.4344 -0.0131 0.9006
vn 0.5584 -0.0100 -0.8295
vn -0.0095 0.0013 -1.0000
vn -0.0092 0.0005 -1.0000
vn -0.0104 -0.0017 -0.9999
vn -0.0118 -0.0018 -0.9999
vn -0.4756 0.0053 0.8796
vn -0.4861 0.0003 0.8739
vn -0.9901 -0.0011 -0.1403
vn -0.5974 -0.0021 0.8019
vn 0.4120 -0.0172 -0.9110
vn -0.0067 -0.7036 -0.7106
vn -0.4744 -0.4819 0.7367
vn -0.4894 -0.4830 -0.7261
vn -0.6154 -0.2581 0.7447
vn -0.6308 -0.2586 -0.7316
vn -0.2579 -0.6396 0.7241
vn -0.2721 -0.6410 -0.7177
vn 0.4792 -0.4741 0.7387
vn 0.5032 -0.5185 0.6914
vn 0.5743 -0.2493 -0.7798
vn -0.9873 -0.0011 0.1589
vn -0.4766 -0.8760 0.0738
vn 0.6279 -0.7706 0.1092
vn 0.9894 -0.0021 -0.1450
vt 0.957106 0.720441
vt 0.955707 0.720469
vt 0.956859 0.719883
vt 0.957359 0.721632
vt 0.955999 0.721298
vt 0.957264 0.721030
vt 0.957294 0.722848
vt 0.956067 0.722173
vt 0.957359 0.722242
vt 0.956917 0.724006
vt 0.955907 0.723037
vt 0.957136 0.723437
vt 0.956253 0.725027
vt 0.955528 0.723830
vt 0.956612 0.724534
vt 0.955348 0.725842
vt 0.954957 0.724497
vt 0.955822 0.725458
vt 0.954262 0.726394
vt 0.954233 0.724994
vt 0.954820 0.726147
vt 0.953071 0.726647
vt 0.953405 0.725287
vt 0.953673 0.726552
vt 0.951855 0.726582
vt 0.952529 0.725356
vt 0.952461 0.726647
vt 0.950697 0.726206
vt 0.951666 0.725195
vt 0.951266 0.726425
vt 0.949675 0.725542
vt 0.950873 0.724817
vt 0.950168 0.725901
vt 0.948861 0.724636
vt 0.950205 0.724246
vt 0.949244 0.725111
vt 0.948309 0.723550
vt 0.949709 0.723522
vt 0.948556 0.724108
vt 0.948056 0.722359
vt 0.949416 0.722694
vt 0.948151 0.722961
vt 0.948121 0.721143
vt 0.949348 0.721818
vt 0.948056 0.721749
vt 0.948498 0.719985
vt 0.949508 0.720954
vt 0.948279 0.720554
vt 0.949162 0.718964
vt 0.949887 0.720162
vt 0.948803 0.719457
vt 0.950067 0.718150
vt 0.950458 0.719494
vt 0.949593 0.718533
vt 0.951153 0.717597
vt 0.951182 0.718997
vt 0.950595 0.717845
vt 0.952344 0.717344
vt 0.952010 0.718704
vt 0.951742 0.717439
vt 0.953560 0.717409
vt 0.952886 0.718636
vt 0.952954 0.717344
vt 0.954719 0.717785
vt 0.953749 0.718796
vt 0.954149 0.717566
vt 0.955740 0.718449
vt 0.954542 0.719174
vt 0.955247 0.718090
vt 0.956554 0.719355
vt 0.955210 0.719745
vt 0.956171 0.718880
vt 0.955728 0.720928
vt 0.955100 0.720778
vt 0.955562 0.720543
vt 0.955902 0.721746
vt 0.955333 0.721439
vt 0.955840 0.721331
vt 0.955857 0.722581
vt 0.955388 0.722137
vt 0.955905 0.722165
vt 0.955598 0.723376
vt 0.955260 0.722826
vt 0.955752 0.722987
vt 0.955142 0.724077
vt 0.954958 0.723458
vt 0.955392 0.723741
vt 0.954521 0.724637
vt 0.954502 0.723991
vt 0.954849 0.724376
vt 0.953775 0.725016
vt 0.953925 0.724387
vt 0.954160 0.724849
vt 0.952957 0.725189
vt 0.953264 0.724621
vt 0.953371 0.725128
vt 0.952122 0.725145
vt 0.952565 0.724676
vt 0.952538 0.725193
vt 0.951326 0.724887
vt 0.951876 0.724548
vt 0.951716 0.725041
vt 0.950625 0.724431
vt 0.951244 0.724246
vt 0.950962 0.724680
vt 0.950066 0.723809
vt 0.950711 0.723791
vt 0.950326 0.724137
vt 0.949687 0.723064
vt 0.950315 0.723213
vt 0.949853 0.723448
vt 0.949514 0.722245
vt 0.950082 0.722552
vt 0.949575 0.722660
vt 0.949558 0.721410
vt 0.950027 0.721854
vt 0.949510 0.721826
vt 0.949817 0.720615
vt 0.950156 0.721165
vt 0.949663 0.721005
vt 0.950273 0.719914
vt 0.950458 0.720533
vt 0.950023 0.720250
vt 0.950895 0.719354
vt 0.950913 0.720000
vt 0.950566 0.719615
vt 0.951640 0.718975
vt 0.951491 0.719604
vt 0.951256 0.719142
vt 0.952458 0.718802
vt 0.952151 0.719370
vt 0.952044 0.718863
vt 0.953293 0.718846
vt 0.952850 0.719315
vt 0.952877 0.718798
vt 0.954089 0.719105
vt 0.953539 0.719443
vt 0.953699 0.718951
vt 0.954790 0.719560
vt 0.954171 0.719745
vt 0.954453 0.719311
vt 0.955349 0.720182
vt 0.954703 0.720200
vt 0.955089 0.719854
vt 0.955688 0.720479
vt 0.955748 0.720920
vt 0.955581 0.720533
vt 0.955978 0.721302
vt 0.955923 0.721744
vt 0.955861 0.721327
vt 0.956046 0.722172
vt 0.955878 0.722585
vt 0.955927 0.722166
vt 0.955887 0.723030
vt 0.955618 0.723386
vt 0.955773 0.722993
vt 0.955510 0.723818
vt 0.955159 0.724091
vt 0.955410 0.723753
vt 0.954943 0.724481
vt 0.954533 0.724654
vt 0.954863 0.724392
vt 0.954224 0.724975
vt 0.953782 0.725036
vt 0.954169 0.724868
vt 0.953401 0.725266
vt 0.952959 0.725211
vt 0.953376 0.725149
vt 0.952531 0.725334
vt 0.952118 0.725166
vt 0.952537 0.725215
vt 0.951672 0.725175
vt 0.951317 0.724906
vt 0.951710 0.725061
vt 0.950885 0.724799
vt 0.950611 0.724447
vt 0.950950 0.724698
vt 0.950221 0.724232
vt 0.950048 0.723821
vt 0.950310 0.724152
vt 0.949727 0.723512
vt 0.949667 0.723071
vt 0.949834 0.723458
vt 0.949437 0.722689
vt 0.949492 0.722247
vt 0.949554 0.722664
vt 0.949369 0.721819
vt 0.949537 0.721406
vt 0.949489 0.721825
vt 0.949529 0.720961
vt 0.949797 0.720606
vt 0.949642 0.720998
vt 0.949905 0.720173
vt 0.950256 0.719900
vt 0.950005 0.720239
vt 0.950472 0.719510
vt 0.950882 0.719337
vt 0.950552 0.719599
vt 0.951192 0.719016
vt 0.951633 0.718955
vt 0.951246 0.719123
vt 0.952014 0.718725
vt 0.952456 0.718780
vt 0.952039 0.718842
vt 0.952885 0.718657
vt 0.953297 0.718825
vt 0.952878 0.718776
vt 0.953743 0.718816
vt 0.954098 0.719085
vt 0.953706 0.718930
vt 0.954530 0.719192
vt 0.954804 0.719544
vt 0.954465 0.719293
vt 0.955194 0.719759
vt 0.955367 0.720170
vt 0.955105 0.719839
vt 0.955861 0.720881
vt 0.956042 0.721735
vt 0.955995 0.722607
vt 0.955725 0.723437
vt 0.955249 0.724169
vt 0.954600 0.724753
vt 0.953822 0.725149
vt 0.952968 0.725330
vt 0.952096 0.725284
vt 0.951266 0.725013
vt 0.950534 0.724538
vt 0.949950 0.723889
vt 0.949554 0.723110
vt 0.949373 0.722256
vt 0.949420 0.721384
vt 0.949690 0.720554
vt 0.950166 0.719822
vt 0.950815 0.719239
vt 0.951593 0.718843
vt 0.952447 0.718661
vt 0.953319 0.718708
vt 0.954149 0.718978
vt 0.954881 0.719453
vt 0.955465 0.720102
vt 0.955383 0.721786
vt 0.956063 0.721733
vt 0.955238 0.721101
vt 0.955881 0.720874
vt 0.950963 0.724036
vt 0.954920 0.720476
vt 0.950520 0.724554
vt 0.955482 0.720091
vt 0.954452 0.719955
vt 0.950495 0.723515
vt 0.954895 0.719437
vt 0.949933 0.723901
vt 0.953865 0.719574
vt 0.954158 0.718958
vt 0.953198 0.719357
vt 0.953323 0.718687
vt 0.952499 0.719320
vt 0.952446 0.718640
vt 0.951813 0.719465
vt 0.951586 0.718823
vt 0.951189 0.719783
vt 0.950803 0.719221
vt 0.950668 0.720252
vt 0.950150 0.719809
vt 0.950286 0.720839
vt 0.949671 0.720545
vt 0.950069 0.721505
vt 0.949399 0.721381
vt 0.950032 0.722205
vt 0.949352 0.722258
vt 0.950177 0.722890
vt 0.949534 0.723117
vt 0.951550 0.724417
vt 0.951257 0.725033
vt 0.952217 0.724634
vt 0.952092 0.725304
vt 0.952916 0.724671
vt 0.952970 0.725351
vt 0.953602 0.724526
vt 0.953829 0.725169
vt 0.954226 0.724208
vt 0.954612 0.724770
vt 0.954747 0.723740
vt 0.955265 0.724182
vt 0.955129 0.723152
vt 0.955744 0.723446
vt 0.955346 0.722486
vt 0.956016 0.722611
vt 0.950775 0.732461
vt 0.950408 0.732359
vt 0.950778 0.732407
vt 0.953722 0.730490
vt 0.953768 0.730111
vt 0.953821 0.730121
vt 0.949042 0.727364
vt 0.948810 0.727671
vt 0.948770 0.727635
vt 0.948542 0.727935
vt 0.948587 0.727965
vt 0.953388 0.731171
vt 0.953527 0.730820
vt 0.953576 0.730844
vt 0.949673 0.726942
vt 0.949373 0.727177
vt 0.949343 0.727132
vt 0.952580 0.727131
vt 0.952847 0.727403
vt 0.952550 0.727176
vt 0.952886 0.731744
vt 0.953113 0.731440
vt 0.953154 0.731476
vt 0.950029 0.732313
vt 0.949701 0.732119
vt 0.950046 0.732262
vt 0.953821 0.728984
vt 0.953817 0.729366
vt 0.953767 0.728995
vt 0.950393 0.726697
vt 0.950043 0.726847
vt 0.950025 0.726796
vt 0.953871 0.729743
vt 0.953817 0.729740
vt 0.952254 0.732166
vt 0.952554 0.731931
vt 0.952584 0.731976
vt 0.949077 0.727405
vt 0.948351 0.730844
vt 0.948257 0.730475
vt 0.948400 0.730820
vt 0.951152 0.726647
vt 0.950775 0.726701
vt 0.950771 0.726647
vt 0.953343 0.731140
vt 0.951534 0.732411
vt 0.951885 0.732261
vt 0.951902 0.732313
vt 0.953153 0.727632
vt 0.953340 0.727964
vt 0.953112 0.727668
vt 0.951898 0.726795
vt 0.951519 0.726749
vt 0.951530 0.726696
vt 0.949347 0.731977
vt 0.949080 0.731705
vt 0.949377 0.731932
vt 0.951153 0.732407
vt 0.951156 0.732461
vt 0.953671 0.730473
vt 0.952226 0.726989
vt 0.952250 0.726940
vt 0.949697 0.726990
vt 0.950397 0.732412
vt 0.952850 0.731703
vt 0.952883 0.727362
vt 0.949677 0.732168
vt 0.948774 0.731476
vt 0.948587 0.731144
vt 0.948815 0.731441
vt 0.953576 0.728264
vt 0.953385 0.727934
vt 0.949044 0.731746
vt 0.950404 0.726750
vt 0.952230 0.732118
vt 0.953670 0.728633
vt 0.953722 0.728616
vt 0.948542 0.731174
vt 0.948056 0.729365
vt 0.948159 0.728998
vt 0.948111 0.729368
vt 0.948107 0.730124
vt 0.948205 0.730492
vt 0.951149 0.726701
vt 0.951523 0.732358
vt 0.948111 0.729743
vt 0.948056 0.729746
vt 0.948160 0.730113
vt 0.948204 0.728619
vt 0.948399 0.728290
vt 0.948256 0.728636
vt 0.948106 0.728987
vt 0.953527 0.728288
vt 0.953871 0.729362
vt 0.951881 0.726846
vt 0.948350 0.728266
vt 0.961741 0.732557
vt 0.961892 0.731894
vt 0.962141 0.732384
vt 0.963802 0.728268
vt 0.963371 0.728804
vt 0.963268 0.728449
vt 0.958818 0.726593
vt 0.958844 0.727276
vt 0.958475 0.726865
vt 0.963647 0.730845
vt 0.962966 0.730924
vt 0.963138 0.730601
vt 0.960896 0.732732
vt 0.961212 0.732135
vt 0.961323 0.732670
vt 0.963413 0.727482
vt 0.963136 0.728109
vt 0.962947 0.727792
vt 0.959593 0.726200
vt 0.959442 0.726863
vt 0.959194 0.726373
vt 0.960038 0.732682
vt 0.960497 0.732189
vt 0.960465 0.732732
vt 0.962838 0.726827
vt 0.962732 0.727501
vt 0.962470 0.727244
vt 0.960439 0.726025
vt 0.960123 0.726622
vt 0.960011 0.726087
vt 0.957359 0.729627
vt 0.957913 0.729219
vt 0.957923 0.729588
vt 0.959220 0.732409
vt 0.959794 0.732052
vt 0.959621 0.732570
vt 0.962115 0.726348
vt 0.962187 0.727022
vt 0.961872 0.726842
vt 0.961297 0.726075
vt 0.960838 0.726569
vt 0.960870 0.726025
vt 0.957533 0.730489
vt 0.957963 0.729953
vt 0.958066 0.730308
vt 0.958497 0.731930
vt 0.959147 0.731735
vt 0.958844 0.732192
vt 0.961541 0.726705
vt 0.961192 0.726613
vt 0.961713 0.726187
vt 0.957921 0.731275
vt 0.958199 0.730648
vt 0.958388 0.730965
vt 0.958603 0.731256
vt 0.958189 0.731620
vt 0.960481 0.726572
vt 0.962491 0.726565
vt 0.958864 0.731513
vt 0.957703 0.730894
vt 0.959778 0.726721
vt 0.963146 0.727137
vt 0.959463 0.731915
vt 0.957420 0.730063
vt 0.963632 0.727864
vt 0.960142 0.732144
vt 0.957412 0.728748
vt 0.957359 0.729186
vt 0.963975 0.729130
vt 0.963915 0.728694
vt 0.960854 0.732185
vt 0.957688 0.727912
vt 0.958369 0.727833
vt 0.958197 0.728156
vt 0.963922 0.730009
vt 0.963421 0.729538
vt 0.963976 0.729571
vt 0.961556 0.732036
vt 0.959135 0.727052
vt 0.963283 0.730261
vt 0.963810 0.730435
vt 0.962517 0.732164
vt 0.962200 0.731705
vt 0.958168 0.727177
vt 0.958595 0.727541
vt 0.963167 0.731580
vt 0.963430 0.731227
vt 0.962491 0.731481
vt 0.962739 0.731216
vt 0.958052 0.728496
vt 0.957968 0.728854
vt 0.962860 0.731892
vt 0.963411 0.729169
vt 0.957905 0.727530
vt 0.963367 0.729903
vt 0.957524 0.728322
vt 0.948468 0.733765
vt 0.948711 0.733482
vt 0.948493 0.733779
vt 0.948733 0.733500
vt 0.948516 0.733794
vt 0.948921 0.733201
vt 0.949234 0.732989
vt 0.948940 0.733222
vt 0.949251 0.733012
vt 0.948959 0.733242
vt 0.949511 0.732780
vt 0.949868 0.732653
vt 0.949524 0.732805
vt 0.949878 0.732682
vt 0.949537 0.732829
vt 0.950231 0.732519
vt 0.950644 0.732492
vt 0.950238 0.732550
vt 0.950646 0.732524
vt 0.950244 0.732580
vt 0.951036 0.732461
vt 0.951420 0.732540
vt 0.951034 0.732492
vt 0.951414 0.732570
vt 0.951033 0.732522
vt 0.951798 0.732610
vt 0.952140 0.732782
vt 0.951788 0.732639
vt 0.952127 0.732809
vt 0.951779 0.732667
vt 0.952482 0.732946
vt 0.952765 0.733197
vt 0.952466 0.732970
vt 0.952745 0.733219
vt 0.952450 0.732995
vt 0.953050 0.733442
vt 0.953256 0.733756
vt 0.953028 0.733461
vt 0.953232 0.733772
vt 0.953007 0.733481
vt 0.953467 0.734065
vt 0.953585 0.734420
vt 0.953441 0.734078
vt 0.953557 0.734429
vt 0.953416 0.734090
vt 0.953708 0.734771
vt 0.953735 0.735143
vt 0.953680 0.734777
vt 0.953706 0.735146
vt 0.953652 0.734783
vt 0.953771 0.735514
vt 0.953704 0.735878
vt 0.953742 0.735512
vt 0.953675 0.735874
vt 0.953713 0.735511
vt 0.953652 0.736243
vt 0.953494 0.736577
vt 0.953625 0.736234
vt 0.953468 0.736566
vt 0.953598 0.736226
vt 0.953359 0.736911
vt 0.953116 0.737193
vt 0.953334 0.736896
vt 0.953094 0.737176
vt 0.953311 0.736881
vt 0.952906 0.737474
vt 0.952593 0.737686
vt 0.952887 0.737454
vt 0.952576 0.737663
vt 0.952868 0.737433
vt 0.952316 0.737895
vt 0.951959 0.738022
vt 0.952303 0.737871
vt 0.951949 0.737994
vt 0.952290 0.737846
vt 0.951596 0.738156
vt 0.951183 0.738183
vt 0.951589 0.738126
vt 0.951181 0.738151
vt 0.951583 0.738096
vt 0.950791 0.738214
vt 0.950407 0.738135
vt 0.950793 0.738184
vt 0.950413 0.738105
vt 0.950794 0.738154
vt 0.950029 0.738065
vt 0.949687 0.737893
vt 0.950039 0.738037
vt 0.949700 0.737866
vt 0.950048 0.738009
vt 0.949345 0.737730
vt 0.949062 0.737478
vt 0.949361 0.737705
vt 0.949081 0.737456
vt 0.949377 0.737681
vt 0.948777 0.737233
vt 0.948570 0.736920
vt 0.948799 0.737214
vt 0.948595 0.736903
vt 0.948820 0.737195
vt 0.948360 0.736611
vt 0.948242 0.736256
vt 0.948386 0.736598
vt 0.948270 0.736246
vt 0.948411 0.736585
vt 0.948119 0.735904
vt 0.948092 0.735532
vt 0.948147 0.735898
vt 0.948121 0.735530
vt 0.948175 0.735892
vt 0.948056 0.735162
vt 0.948123 0.734797
vt 0.948085 0.735163
vt 0.948151 0.734802
vt 0.948114 0.735164
vt 0.948175 0.734433
vt 0.948333 0.734098
vt 0.948202 0.734441
vt 0.948359 0.734110
vt 0.948229 0.734449
vt 0.949218 0.732966
vt 0.948689 0.733464
vt 0.948307 0.734087
vt 0.953732 0.735883
vt 0.953520 0.736588
vt 0.948095 0.734792
vt 0.948063 0.735535
vt 0.948215 0.736265
vt 0.948546 0.736936
vt 0.949043 0.737500
vt 0.949673 0.737920
vt 0.950401 0.738165
vt 0.951186 0.738214
vt 0.951969 0.738050
vt 0.952609 0.737709
vt 0.953138 0.737211
vt 0.953763 0.735141
vt 0.953612 0.734410
vt 0.953281 0.733740
vt 0.952784 0.733175
vt 0.952153 0.732756
vt 0.951426 0.732511
vt 0.950641 0.732461
vt 0.949858 0.732626
vt 0.962038 0.737665
vt 0.959273 0.738221
vt 0.957408 0.736104
vt 0.958665 0.718240
vt 0.959372 0.717950
vt 0.958133 0.718810
vt 0.958210 0.722456
vt 0.960495 0.722468
vt 0.958152 0.722681
vt 0.961971 0.721814
vt 0.961920 0.721707
vt 0.961989 0.721710
vt 0.964098 0.721837
vt 0.964151 0.722119
vt 0.964034 0.722086
vt 0.807913 0.096471
vt 0.807674 0.097413
vt 0.807797 0.096488
vt 0.963372 0.722165
vt 0.963495 0.721929
vt 0.818175 0.094610
vt 0.831044 0.096236
vt 0.818155 0.096357
vt 0.815700 0.099872
vt 0.818158 0.098902
vt 0.818188 0.099852
vt 0.808867 0.099927
vt 0.810025 0.098979
vt 0.810070 0.099922
vt 0.811589 0.096425
vt 0.810087 0.094699
vt 0.811640 0.094683
vt 0.813263 0.097354
vt 0.813292 0.096409
vt 0.815667 0.096383
vt 0.813344 0.094666
vt 0.815703 0.094638
vt 0.807946 0.099932
vt 0.807689 0.098995
vt 0.807860 0.098998
vt 0.808834 0.096456
vt 0.808038 0.094739
vt 0.808921 0.094719
vt 0.808787 0.097395
vt 0.963655 0.722023
vt 0.957987 0.720706
vt 0.957977 0.720718
vt 0.957656 0.720731
vt 0.963710 0.721756
vt 0.963530 0.721732
vt 0.957920 0.722152
vt 0.957791 0.722471
vt 0.957583 0.722147
vt 0.958004 0.722792
vt 0.958121 0.722421
vt 0.958300 0.725047
vt 0.957780 0.724813
vt 0.958040 0.724681
vt 0.958970 0.725488
vt 0.958454 0.725550
vt 0.958621 0.725295
vt 0.959404 0.725582
vt 0.959872 0.725819
vt 0.959383 0.725862
vt 0.959829 0.725565
vt 0.961920 0.724962
vt 0.963706 0.721548
vt 0.963965 0.721230
vt 0.964026 0.721478
vt 0.963648 0.721282
vt 0.963709 0.720943
vt 0.963424 0.720529
vt 0.963455 0.721027
vt 0.958918 0.717896
vt 0.959325 0.717508
vt 0.959352 0.717792
vt 0.958243 0.718355
vt 0.958391 0.717843
vt 0.958564 0.718095
vt 0.957832 0.719153
vt 0.957716 0.718603
vt 0.957984 0.718733
vt 0.961926 0.721326
vt 0.960542 0.720914
vt 0.963310 0.720585
vt 0.960476 0.722342
vt 0.961933 0.722016
vt 0.818143 0.097308
vt 0.807648 0.097413
vt 0.963443 0.722776
vt 0.961766 0.724740
vt 0.959782 0.717801
vt 0.961883 0.718372
vt 0.961734 0.718596
vt 0.957591 0.720742
vt 0.957405 0.719091
vt 0.957505 0.719101
vt 0.957467 0.721929
vt 0.957409 0.722171
vt 0.957363 0.721951
vt 0.957519 0.722153
vt 0.957603 0.722488
vt 0.957614 0.722734
vt 0.957470 0.724344
vt 0.957521 0.722707
vt 0.957720 0.724843
vt 0.957969 0.725357
vt 0.957630 0.724887
vt 0.958417 0.725607
vt 0.958821 0.725909
vt 0.958360 0.725694
vt 0.959378 0.725927
vt 0.959909 0.725966
vt 0.959373 0.726025
vt 0.961954 0.725010
vt 0.959887 0.725878
vt 0.963829 0.722909
vt 0.962004 0.725078
vt 0.964100 0.721463
vt 0.964150 0.721179
vt 0.964221 0.721439
vt 0.964032 0.721214
vt 0.963866 0.720872
vt 0.963727 0.720421
vt 0.963763 0.720919
vt 0.961916 0.718324
vt 0.959854 0.717396
vt 0.961965 0.718255
vt 0.959319 0.717443
vt 0.958753 0.717470
vt 0.959312 0.717344
vt 0.958352 0.717786
vt 0.957901 0.718046
vt 0.958293 0.717699
vt 0.957654 0.718573
vt 0.957561 0.718530
vt 0.958005 0.720719
vt 0.957968 0.719173
vt 0.963436 0.721023
vt 0.963327 0.721082
vt 0.963318 0.721067
vt 0.961854 0.721952
vt 0.961934 0.722003
vt 0.959823 0.725535
vt 0.958037 0.722768
vt 0.958269 0.718378
vt 0.958982 0.725456
vt 0.957866 0.719158
vt 0.958325 0.725023
vt 0.958930 0.717927
vt 0.963354 0.721128
vt 0.963362 0.721143
vt 0.963466 0.722280
vt 0.963364 0.722180
vt 0.959776 0.717832
vt 0.961748 0.724715
vt 0.957840 0.721883
vt 0.957532 0.721920
vt 0.960527 0.721037
vt 0.963328 0.722722
vt 0.961675 0.724612
vt 0.961931 0.721387
vt 0.961878 0.721415
vt 0.961931 0.721375
vt 0.961936 0.721966
vt 0.961936 0.721954
vt 0.959420 0.725425
vt 0.958717 0.725152
vt 0.958183 0.724602
vt 0.958045 0.724246
vt 0.958125 0.722703
vt 0.958230 0.721017
vt 0.958152 0.720817
vt 0.957990 0.720717
vt 0.957882 0.724274
vt 0.957677 0.722744
vt 0.958214 0.721025
vt 0.958166 0.721050
vt 0.957792 0.721032
vt 0.957595 0.721020
vt 0.957496 0.720781
vt 0.957467 0.721606
vt 0.957402 0.721358
vt 0.957517 0.721376
vt 0.807779 0.096490
vt 0.808024 0.094771
vt 0.963365 0.721009
vt 0.963331 0.720574
vt 0.963382 0.721011
vt 0.961882 0.721928
vt 0.959798 0.725412
vt 0.961693 0.724636
vt 0.959804 0.725441
vt 0.958193 0.722449
vt 0.958645 0.718212
vt 0.958371 0.718473
vt 0.958347 0.718450
vt 0.958698 0.725179
vt 0.959030 0.725331
vt 0.959019 0.725361
vt 0.958104 0.718795
vt 0.958000 0.719177
vt 0.958156 0.724617
vt 0.958424 0.724928
vt 0.958401 0.724951
vt 0.959368 0.717920
vt 0.958981 0.718052
vt 0.958968 0.718022
vt 0.959417 0.725455
vt 0.963377 0.722299
vt 0.963338 0.722227
vt 0.963394 0.722297
vt 0.961663 0.718700
vt 0.959754 0.717956
vt 0.959759 0.717926
vt 0.963349 0.722733
vt 0.961850 0.721392
vt 0.961927 0.721339
vt 0.961858 0.721398
vt 0.957915 0.724269
vt 0.963401 0.720540
vt 0.961861 0.721946
vt 0.958139 0.722428
vt 0.958584 0.718123
vt 0.958640 0.725267
vt 0.958014 0.718748
vt 0.958068 0.724665
vt 0.959356 0.717823
vt 0.959407 0.725551
vt 0.963448 0.722284
vt 0.961717 0.718621
vt 0.963420 0.722765
vt 0.958014 0.724251
vt 0.957558 0.719107
vt 0.957604 0.720738
vt 0.957518 0.719102
vt 0.957480 0.721927
vt 0.957571 0.722148
vt 0.957740 0.722476
vt 0.957532 0.722151
vt 0.957665 0.722743
vt 0.957626 0.722737
vt 0.957768 0.724819
vt 0.958056 0.725276
vt 0.957732 0.724837
vt 0.958447 0.725561
vt 0.958860 0.725797
vt 0.958424 0.725596
vt 0.959382 0.725875
vt 0.959884 0.725866
vt 0.959379 0.725914
vt 0.961927 0.724972
vt 0.961948 0.725001
vt 0.964085 0.721466
vt 0.963978 0.721227
vt 0.963752 0.720924
vt 0.964019 0.721217
vt 0.963688 0.720437
vt 0.963717 0.720425
vt 0.959324 0.717496
vt 0.958795 0.717583
vt 0.959320 0.717456
vt 0.958384 0.717832
vt 0.957991 0.718127
vt 0.958360 0.717797
vt 0.957704 0.718597
vt 0.957666 0.718579
vt 0.963704 0.722862
vt 0.963734 0.722873
vt 0.961889 0.718363
vt 0.959830 0.717497
vt 0.961910 0.718334
vt 0.957643 0.720732
vt 0.957738 0.721028
vt 0.957578 0.724331
vt 0.957530 0.721377
vt 0.957521 0.721615
vt 0.957481 0.721608
vt 0.957727 0.722477
vt 0.958046 0.725285
vt 0.958856 0.725810
vt 0.964021 0.722082
vt 0.964039 0.721825
vt 0.964083 0.721835
vt 0.958790 0.717570
vt 0.957981 0.718118
vt 0.963744 0.722877
vt 0.959833 0.717485
vt 0.957725 0.721028
vt 0.957566 0.724332
vt 0.957571 0.719108
vt 0.964040 0.721475
vt 0.957780 0.722472
vt 0.958087 0.725248
vt 0.958874 0.725759
vt 0.959875 0.725830
vt 0.848170 0.099570
vt 0.831069 0.098780
vt 0.848161 0.098619
vt 0.963718 0.720939
vt 0.963679 0.720440
vt 0.958810 0.717622
vt 0.958022 0.718155
vt 0.963696 0.722859
vt 0.959822 0.717533
vt 0.957780 0.721031
vt 0.957629 0.724324
vt 0.957617 0.724325
vt 0.848137 0.096076
vt 0.831054 0.097188
vt 0.850890 0.099545
vt 0.851032 0.098591
vt 0.963718 0.722359
vt 0.963875 0.722426
vt 0.963812 0.720389
vt 0.961646 0.718725
vt 0.963761 0.722377
vt 0.963772 0.722381
vt 0.963727 0.722363
vt 0.848186 0.101318
vt 0.831077 0.099732
vt 0.963980 0.722073
vt 0.964025 0.721823
vt 0.957583 0.721381
vt 0.957571 0.721380
vt 0.808089 0.101630
vt 0.807811 0.099915
vt 0.807829 0.099917
vt 0.961970 0.721525
vt 0.957520 0.721921
vt 0.818241 0.101599
vt 0.831093 0.101480
vt 0.963487 0.721379
vt 0.963524 0.721576
vt 0.957936 0.721386
vt 0.958151 0.721058
vt 0.808103 0.101661
vt 0.808987 0.101661
vt 0.813409 0.101634
vt 0.815769 0.101617
vt 0.810152 0.101662
vt 0.811622 0.099907
vt 0.811706 0.101648
vt 0.850629 0.101295
vt 0.961906 0.721535
vt 0.961885 0.721420
vt 0.850563 0.094305
vt 0.848120 0.094328
vt 0.963968 0.722070
vt 0.957533 0.721617
vt 0.807663 0.098994
vt 0.961907 0.721805
vt 0.850857 0.096050
vt 0.848146 0.097027
vt 0.831027 0.094488
vt 0.957840 0.721672
vt 0.808802 0.098989
vt 0.813324 0.099893
vt 0.815662 0.098925
vt 0.810010 0.097384
vt 0.810037 0.096441
vt 0.811561 0.097369
vt 0.959819 0.717545
vt 0.958878 0.725747
vt 0.961989 0.721629
vt 0.958814 0.717634
vt 0.958096 0.725239
vt 0.815647 0.097331
vt 0.811576 0.098963
vt 0.958032 0.718164
vt 0.813278 0.098948
vt 0.807846 0.097406
vt 0.957359 0.721585
vt 0.964221 0.721861
vt 0.961920 0.721634
vt 0.851017 0.097001
vt 0.961076 0.732875
vt 0.961417 0.733015
vt 0.961737 0.733199
vt 0.962031 0.733423
vt 0.962292 0.733684
vt 0.962517 0.733976
vt 0.962702 0.734295
vt 0.962844 0.734636
vt 0.962940 0.734992
vt 0.962990 0.735358
vt 0.962990 0.735727
vt 0.962943 0.736093
vt 0.962847 0.736449
vt 0.962707 0.736791
vt 0.962523 0.737111
vt 0.962299 0.737404
vt 0.961746 0.737891
vt 0.961427 0.738076
vt 0.961086 0.738218
vt 0.960730 0.738314
vt 0.960364 0.738363
vt 0.959995 0.738363
vt 0.959629 0.738316
vt 0.958931 0.738081
vt 0.958611 0.737897
vt 0.958318 0.737673
vt 0.958057 0.737412
vt 0.957831 0.737120
vt 0.957646 0.736800
vt 0.957504 0.736460
vt 0.957359 0.735738
vt 0.957359 0.735369
vt 0.957405 0.735003
vt 0.957501 0.734646
vt 0.957641 0.734305
vt 0.957825 0.733985
vt 0.958049 0.733691
vt 0.958310 0.733430
vt 0.958602 0.733205
vt 0.958921 0.733020
vt 0.959262 0.732878
vt 0.959618 0.732782
vt 0.959984 0.732732
vt 0.960353 0.732732
vt 0.960719 0.732779
vt 0.963329 0.722242
vt 0.808022 0.094775
vt 0.961888 0.721922
vt 0.808087 0.101625
s 1
f 122/1/1 167/2/2 157/3/3
f 123/4/4 156/5/5 151/6/6
f 124/7/7 150/8/8 145/9/9
f 125/10/10 288/11/11 283/12/12
f 126/13/13 282/14/14 277/15/15
f 127/16/16 276/17/17 271/18/18
f 128/19/19 270/20/20 265/21/21
f 129/22/22 264/23/23 259/24/24
f 130/25/25 258/26/26 253/27/27
f 131/28/28 252/29/29 247/30/30
f 132/31/31 246/32/32 241/33/33
f 133/34/34 168/35/35 158/36/36
f 134/37/37 179/38/38 169/39/39
f 135/40/40 240/41/41 235/42/42
f 136/43/43 234/44/44 229/45/45
f 137/46/46 228/47/47 223/48/48
f 138/49/49 222/50/50 217/51/51
f 139/52/52 216/53/53 211/54/54
f 140/55/55 210/56/56 205/57/57
f 141/58/58 204/59/59 199/60/60
f 142/61/61 198/62/62 193/63/63
f 143/64/64 192/65/65 187/66/66
f 144/67/67 186/68/68 181/69/69
f 121/70/70 180/71/71 170/72/72
f 98/73/73 161/74/74 159/75/75
f 99/76/76 153/77/77 152/78/78
f 100/79/79 147/80/80 146/81/81
f 101/82/82 285/83/83 284/84/84
f 102/85/85 279/86/86 278/87/87
f 103/88/88 273/89/89 272/90/90
f 104/91/91 267/92/92 266/93/93
f 105/94/94 261/95/95 260/96/96
f 106/97/97 255/98/98 254/99/99
f 107/100/100 249/101/101 248/102/102
f 108/103/103 243/104/104 242/105/105
f 109/106/106 162/107/107 160/108/108
f 110/109/109 173/110/110 171/111/111
f 111/112/112 237/113/113 236/114/114
f 112/115/115 231/116/116 230/117/117
f 113/118/118 225/119/119 224/120/120
f 114/121/121 219/122/122 218/123/123
f 115/124/124 213/125/125 212/126/126
f 116/127/127 207/128/128 206/129/129
f 117/130/130 201/131/131 200/132/132
f 118/133/133 195/134/134 194/135/135
f 119/136/136 189/137/137 188/138/138
f 120/139/139 183/140/140 182/141/141
f 97/142/142 174/143/143 172/144/144
f 163/145/145 50/146/146 165/147/147
f 154/148/148 51/149/149 155/150/150
f 148/151/151 52/152/152 149/153/153
f 286/154/154 53/155/155 287/156/156
f 280/157/157 54/158/158 281/159/159
f 274/160/160 55/161/161 275/162/162
f 268/163/163 56/164/164 269/165/165
f 262/166/166 57/167/167 263/168/168
f 256/169/169 58/170/170 257/171/171
f 250/172/172 59/173/173 251/174/174
f 244/175/175 60/176/176 245/177/177
f 164/178/178 61/179/179 166/180/180
f 175/181/181 62/182/182 177/183/183
f 238/184/184 63/185/185 239/186/186
f 232/187/187 64/188/188 233/189/189
f 226/190/190 65/191/191 227/192/192
f 220/193/193 66/194/194 221/195/195
f 214/196/196 67/197/197 215/198/198
f 208/199/199 68/200/200 209/201/201
f 202/202/202 69/203/203 203/204/204
f 196/205/205 70/206/206 197/207/207
f 190/208/208 71/209/209 191/210/210
f 184/211/211 72/212/212 185/213/213
f 176/214/214 49/215/215 178/216/216
f 165/147/147 98/73/73 159/75/75
f 155/150/150 99/76/76 152/78/78
f 149/153/153 100/79/79 146/81/81
f 287/156/156 101/82/82 284/84/84
f 281/159/159 102/85/85 278/87/87
f 275/162/162 103/88/88 272/90/90
f 269/165/165 104/91/91 266/93/93
f 263/168/168 105/94/94 260/96/96
f 257/171/171 106/97/97 254/99/99
f 251/174/174 107/100/100 248/102/102
f 245/177/177 108/103/103 242/105/105
f 166/180/180 109/106/106 160/108/108
f 177/183/183 110/109/109 171/111/111
f 239/186/186 111/112/112 236/114/114
f 233/189/189 112/115/115 230/117/117
f 227/192/192 113/118/118 224/120/120
f 221/195/195 114/121/121 218/123/123
f 215/198/198 115/124/124 212/126/126
f 209/201/201 116/127/127 206/129/129
f 203/204/204 117/130/130 200/132/132
f 197/207/207 118/133/133 194/135/135
f 191/210/210 119/136/136 188/138/138
f 185/213/213 120/139/139 182/141/141
f 178/216/216 97/142/142 172/144/144
f 167/2/2 74/217/217 163/145/145
f 156/5/5 75/218/218 154/148/148
f 150/8/8 76/219/219 148/151/151
f 288/11/11 77/220/220 286/154/154
f 282/14/14 78/221/221 280/157/157
f 276/17/17 79/222/222 274/160/160
f 270/20/20 80/223/223 268/163/163
f 264/23/23 81/224/224 262/166/166
f 258/26/26 82/225/225 256/169/169
f 252/29/29 83/226/226 250/172/172
f 246/32/32 84/227/227 244/175/175
f 168/35/35 85/228/228 164/178/178
f 179/38/38 86/229/229 175/181/181
f 240/41/41 87/230/230 238/184/184
f 234/44/44 88/231/231 232/187/187
f 228/47/47 89/232/232 226/190/190
f 222/50/50 90/233/233 220/193/193
f 216/53/53 91/234/234 214/196/196
f 210/56/56 92/235/235 208/199/199
f 204/59/59 93/236/236 202/202/202
f 198/62/62 94/237/237 196/205/205
f 192/65/65 95/238/238 190/208/208
f 186/68/68 96/239/239 184/211/211
f 180/71/71 73/240/240 176/214/214
f 75/218/218 150/8/8 148/151/151
f 99/76/76 149/153/153 146/81/81
f 51/149/149 148/151/151 149/153/153
f 99/76/76 147/80/80 27/241/241
f 123/4/4 150/8/8 3/242/242
f 74/217/217 156/5/5 154/148/148
f 98/73/73 155/150/150 152/78/78
f 50/146/146 154/148/148 155/150/150
f 98/73/73 153/77/77 26/243/241
f 122/1/1 156/5/5 2/244/243
f 84/227/227 168/35/35 164/178/178
f 73/240/240 167/2/2 163/145/145
f 108/103/103 166/180/180 160/108/108
f 97/142/142 165/147/147 159/75/75
f 60/176/176 164/178/178 166/180/180
f 49/215/215 163/145/145 165/147/147
f 108/103/103 162/107/107 36/245/241
f 97/142/142 161/74/74 25/246/241
f 132/31/31 168/35/35 12/247/244
f 121/70/70 167/2/2 1/248/245
f 96/239/239 180/71/71 176/214/214
f 85/228/228 179/38/38 175/181/181
f 120/139/139 178/216/216 172/144/144
f 109/106/106 177/183/183 171/111/111
f 72/212/212 176/214/214 178/216/216
f 61/179/179 175/181/181 177/183/183
f 120/139/139 174/143/143 48/249/241
f 109/106/106 173/110/110 37/250/241
f 144/67/67 180/71/71 24/251/246
f 133/34/34 179/38/38 13/252/247
f 95/238/238 186/68/68 184/211/211
f 119/136/136 185/213/213 182/141/141
f 71/209/209 184/211/211 185/213/213
f 119/136/136 183/140/140 47/253/241
f 143/64/64 186/68/68 23/254/248
f 94/237/237 192/65/65 190/208/208
f 118/133/133 191/210/210 188/138/138
f 70/206/206 190/208/208 191/210/210
f 118/133/133 189/137/137 46/255/241
f 142/61/61 192/65/65 22/256/249
f 93/236/236 198/62/62 196/205/205
f 117/130/130 197/207/207 194/135/135
f 69/203/203 196/205/205 197/207/207
f 117/130/130 195/134/134 45/257/241
f 141/58/58 198/62/62 21/258/250
f 92/235/235 204/59/59 202/202/202
f 116/127/127 203/204/204 200/132/132
f 68/200/200 202/202/202 203/204/204
f 116/127/127 201/131/131 44/259/241
f 140/55/55 204/59/59 20/260/251
f 91/234/234 210/56/56 208/199/199
f 115/124/124 209/201/201 206/129/129
f 67/197/197 208/199/199 209/201/201
f 115/124/124 207/128/128 43/261/241
f 139/52/52 210/56/56 19/262/252
f 90/233/233 216/53/53 214/196/196
f 114/121/121 215/198/198 212/126/126
f 66/194/194 214/196/196 215/198/198
f 114/121/121 213/125/125 42/263/241
f 138/49/49 216/53/53 18/264/253
f 89/232/232 222/50/50 220/193/193
f 113/118/118 221/195/195 218/123/123
f 65/191/191 220/193/193 221/195/195
f 113/118/118 219/122/122 41/265/241
f 137/46/46 222/50/50 17/266/254
f 88/231/231 228/47/47 226/190/190
f 112/115/115 227/192/192 224/120/120
f 64/188/188 226/190/190 227/192/192
f 112/115/115 225/119/119 40/267/241
f 136/43/43 228/47/47 16/268/255
f 87/230/230 234/44/44 232/187/187
f 111/112/112 233/189/189 230/117/117
f 63/185/185 232/187/187 233/189/189
f 111/112/112 231/116/116 39/269/241
f 135/40/40 234/44/44 15/270/256
f 86/229/229 240/41/41 238/184/184
f 110/109/109 239/186/186 236/114/114
f 62/182/182 238/184/184 239/186/186
f 110/109/109 237/113/113 38/271/241
f 134/37/37 240/41/41 14/272/257
f 83/226/226 246/32/32 244/175/175
f 107/100/100 245/177/177 242/105/105
f 59/173/173 244/175/175 245/177/177
f 107/100/100 243/104/104 35/273/241
f 131/28/28 246/32/32 11/274/258
f 82/225/225 252/29/29 250/172/172
f 106/97/97 251/174/174 248/102/102
f 58/170/170 250/172/172 251/174/174
f 106/97/97 249/101/101 34/275/241
f 130/25/25 252/29/29 10/276/259
f 81/224/224 258/26/26 256/169/169
f 105/94/94 257/171/171 254/99/99
f 57/167/167 256/169/169 257/171/171
f 105/94/94 255/98/98 33/277/241
f 129/22/22 258/26/26 9/278/260
f 80/223/223 264/23/23 262/166/166
f 104/91/91 263/168/168 260/96/96
f 56/164/164 262/166/166 263/168/168
f 104/91/91 261/95/95 32/279/241
f 128/19/19 264/23/23 8/280/261
f 79/222/222 270/20/20 268/163/163
f 103/88/88 269/165/165 266/93/93
f 55/161/161 268/163/163 269/165/165
f 103/88/88 267/92/92 31/281/241
f 127/16/16 270/20/20 7/282/262
f 78/221/221 276/17/17 274/160/160
f 102/85/85 275/162/162 272/90/90
f 54/158/158 274/160/160 275/162/162
f 102/85/85 273/89/89 30/283/241
f 126/13/13 276/17/17 6/284/263
f 77/220/220 282/14/14 280/157/157
f 101/82/82 281/159/159 278/87/87
f 53/155/155 280/157/157 281/159/159
f 101/82/82 279/86/86 29/285/241
f 125/10/10 282/14/14 5/286/264
f 76/219/219 288/11/11 286/154/154
f 100/79/79 287/156/156 284/84/84
f 52/152/152 286/154/154 287/156/156
f 100/79/79 285/83/83 28/287/241
f 124/7/7 288/11/11 4/288/265
f 32/289/266 332/290/267 296/291/266
f 27/292/268 314/293/269 153/294/269
f 41/295/270 326/296/271 225/297/271
f 40/298/272 326/296/271 304/299/272
f 28/300/273 313/301/274 147/302/274
f 42/303/275 325/304/276 219/305/276
f 46/306/277 320/307/278 310/308/277
f 29/309/279 336/310/280 285/311/280
f 33/312/281 331/313/282 297/314/281
f 25/315/283 315/316/284 289/317/283
f 43/318/285 324/319/286 213/320/286
f 26/321/287 314/293/269 290/322/287
f 30/323/288 335/324/289 279/325/289
f 41/295/270 325/304/276 305/326/270
f 36/327/290 316/328/291 300/329/290
f 44/330/292 323/331/293 207/332/293
f 28/300/273 336/310/280 292/333/273
f 31/334/294 334/335/295 273/336/295
f 47/337/296 319/338/297 311/339/296
f 45/340/298 322/341/299 201/342/299
f 34/343/300 330/344/301 298/345/300
f 32/289/266 333/346/302 267/347/302
f 27/292/268 313/301/274 291/348/268
f 46/306/277 321/349/303 195/350/303
f 42/303/275 324/319/286 306/351/275
f 33/312/281 332/290/267 261/352/267
f 29/309/279 335/324/289 293/353/279
f 47/337/296 320/307/278 189/354/278
f 34/343/300 331/313/282 255/355/282
f 35/356/304 329/357/305 299/358/304
f 48/359/306 319/338/297 183/360/297
f 35/356/304 330/344/301 249/361/301
f 43/318/285 323/331/293 307/362/285
f 30/323/288 334/335/295 294/363/288
f 25/315/283 318/364/307 174/365/307
f 36/327/290 329/357/305 243/366/305
f 38/367/308 328/368/309 302/369/308
f 37/370/310 316/328/291 162/371/291
f 44/330/292 322/341/299 308/372/292
f 31/334/294 333/346/302 295/373/294
f 38/367/308 317/374/311 173/375/311
f 37/370/310 317/374/311 301/376/310
f 39/377/312 327/378/313 303/379/312
f 39/377/312 328/368/309 237/380/309
f 48/359/306 318/364/307 312/381/306
f 26/321/287 315/316/284 161/382/284
f 45/340/298 321/349/303 309/383/298
f 40/298/272 327/378/313 231/384/313
f 326/385/48 382/386/43 304/387/43
f 330/388/30 367/389/28 461/390/30
f 313/391/9 343/392/4 291/393/4
f 317/394/39 376/395/37 422/396/39
f 325/397/51 385/398/46 305/399/46
f 331/400/27 364/401/25 464/402/27
f 336/403/12 346/404/7 292/405/7
f 324/406/54 388/407/314 306/408/314
f 332/409/24 361/410/22 467/411/24
f 335/412/15 349/413/10 293/414/10
f 319/415/69 406/416/315 428/417/69
f 323/418/57 391/419/52 307/420/52
f 333/421/21 358/422/19 470/423/21
f 334/424/18 352/425/13 294/426/13
f 320/427/66 403/428/64 431/429/66
f 322/430/60 394/431/55 308/432/55
f 334/424/18 355/433/16 473/434/18
f 333/421/21 355/433/16 295/435/16
f 321/436/63 400/437/61 434/438/63
f 321/436/63 397/439/58 309/440/58
f 335/412/15 352/425/13 476/441/15
f 332/409/24 358/422/19 296/442/19
f 322/430/60 397/439/58 437/443/60
f 320/427/66 400/437/61 310/444/61
f 336/403/12 349/413/10 479/445/12
f 331/400/27 361/410/22 297/446/22
f 323/418/57 394/431/55 440/447/57
f 319/415/69 403/428/64 311/448/64
f 330/388/30 364/401/25 298/449/25
f 324/406/54 391/419/52 443/450/54
f 318/451/72 406/416/315 312/452/315
f 329/453/33 367/389/28 299/454/28
f 325/397/51 388/407/314 446/455/51
f 315/456/3 340/457/1 416/458/3
f 316/459/36 370/460/31 300/461/31
f 326/385/48 385/398/46 449/462/48
f 313/391/9 346/404/7 410/463/9
f 317/394/39 373/464/34 301/465/34
f 327/466/45 382/386/43 452/467/45
f 314/468/6 343/392/4 413/469/6
f 328/470/42 376/395/37 302/471/37
f 328/470/42 379/472/40 455/473/42
f 318/451/72 337/474/70 425/475/72
f 327/466/45 379/472/40 303/476/40
f 329/453/33 370/460/31 458/477/33
f 314/468/6 340/457/1 290/478/1
f 316/459/36 373/464/34 419/479/36
f 315/456/3 337/474/70 289/480/70
f 416/481/316 342/482/317 417/483/318
f 417/483/319 341/484/320 415/485/321
f 413/486/322 345/487/323 414/488/322
f 414/488/324 344/489/325 412/490/326
f 410/491/327 348/492/328 411/493/327
f 411/493/329 347/494/330 409/495/331
f 479/496/332 351/497/333 480/498/334
f 480/498/335 350/499/336 478/500/335
f 476/501/337 354/502/338 477/503/337
f 477/503/339 353/504/340 475/505/341
f 473/506/342 357/507/343 474/508/342
f 474/508/344 356/509/345 472/510/346
f 470/511/347 360/512/348 471/513/347
f 471/513/349 359/514/350 469/515/349
f 467/516/351 363/517/352 468/518/351
f 468/518/353 362/519/354 466/520/355
f 464/521/356 366/522/357 465/523/356
f 465/523/358 365/524/359 463/525/360
f 461/526/361 369/527/362 462/528/363
f 462/528/364 368/529/365 460/530/364
f 458/531/366 372/532/367 459/533/366
f 459/533/368 371/534/369 457/535/370
f 419/536/371 375/537/372 420/538/371
f 420/538/373 374/539/374 418/540/375
f 422/541/376 378/542/377 423/543/376
f 423/543/378 377/544/379 421/545/380
f 455/546/381 381/547/382 456/548/381
f 456/548/383 380/549/384 454/550/385
f 452/551/386 384/552/387 453/553/386
f 453/553/388 383/554/389 451/555/390
f 449/556/391 387/557/392 450/558/393
f 450/558/394 386/559/395 448/560/394
f 446/561/396 390/562/397 447/563/396
f 447/563/398 389/564/399 445/565/400
f 443/566/401 393/567/402 444/568/401
f 444/568/403 392/569/404 442/570/405
f 440/571/406 396/572/407 441/573/406
f 441/573/408 395/574/409 439/575/408
f 437/576/410 399/577/411 438/578/410
f 438/578/412 398/579/413 436/580/414
f 434/581/415 402/582/416 435/583/415
f 435/583/417 401/584/418 433/585/419
f 431/586/420 405/587/421 432/588/422
f 432/588/423 404/589/424 430/590/425
f 428/591/426 408/592/427 429/593/426
f 429/593/428 407/594/429 427/595/430
f 425/596/431 339/597/432 426/598/431
f 426/598/433 338/599/434 424/600/435
f 410/491/327 345/487/323 343/601/436
f 411/493/329 344/489/325 345/487/325
f 413/486/322 342/482/317 340/602/317
f 414/488/324 341/484/320 342/482/320
f 416/481/316 339/597/432 337/603/437
f 417/483/319 338/599/434 339/597/434
f 419/536/371 372/532/367 370/604/367
f 420/538/373 371/534/369 372/532/438
f 422/541/376 375/537/372 373/605/372
f 423/543/378 374/539/374 375/537/374
f 425/596/431 408/592/427 406/606/427
f 426/598/433 407/594/429 408/592/429
f 428/591/426 405/587/421 403/607/421
f 429/593/428 404/589/424 405/587/424
f 431/586/420 402/582/416 400/608/439
f 432/588/423 401/584/418 402/582/418
f 434/581/415 399/577/411 397/609/411
f 435/583/417 398/579/413 399/577/413
f 437/576/410 396/572/407 394/610/407
f 438/578/412 395/574/409 396/572/409
f 440/571/406 393/567/402 391/611/402
f 441/573/408 392/569/404 393/567/404
f 443/566/401 390/562/397 388/612/397
f 444/568/403 389/564/399 390/562/399
f 446/561/396 387/557/392 385/613/392
f 447/563/398 386/559/395 387/557/395
f 449/556/391 384/552/387 382/614/387
f 450/558/394 383/554/389 384/552/389
f 452/551/386 381/547/382 379/615/382
f 453/553/388 380/549/384 381/547/384
f 455/546/381 378/542/377 376/616/377
f 456/548/383 377/544/379 378/542/379
f 458/531/366 369/527/362 367/617/362
f 459/533/368 368/529/365 369/527/365
f 461/526/361 366/522/357 364/618/440
f 462/528/364 365/524/359 366/522/359
f 464/521/356 363/517/352 361/619/352
f 465/523/358 362/519/354 363/517/441
f 467/516/351 360/512/348 358/620/442
f 468/518/353 359/514/350 360/512/350
f 470/511/347 357/507/343 355/621/343
f 471/513/349 356/509/345 357/507/345
f 473/506/342 354/502/338 352/622/338
f 474/508/344 353/504/340 354/502/443
f 476/501/337 351/497/333 349/623/333
f 477/503/339 350/499/336 351/497/336
f 479/496/332 348/492/328 346/624/444
f 480/498/335 347/494/330 348/492/330
f 362/625/445 374/626/446 386/627/447
f 742/628/448 722/629/449 762/630/450
f 531/631/451 550/632/452 553/633/453
f 707/634/454 777/635/455 802/636/456
f 816/637/457 706/638/458 703/639/459
f 700/640/460 804/641/461 708/642/462
f 486/643/463 707/634/454 696/644/464
f 518/645/465 704/646/466 697/647/467
f 734/648/468 784/649/469 675/650/470
f 774/651/471 786/652/472 676/653/473
f 755/654/474 516/655/475 740/656/476
f 789/657/477 755/654/474 699/658/478
f 735/659/479 517/660/480 720/661/481
f 678/662/482 805/663/483 782/664/484
f 775/665/485 515/666/486 760/667/487
f 824/668/488 700/640/460 775/665/485
f 701/669/489 486/643/490 696/644/491
f 556/670/492 559/671/493 560/672/494
f 781/673/495 696/644/491 791/674/496
f 694/675/497 497/676/498 713/677/499
f 554/678/500 497/676/498 532/679/501
f 540/680/502 772/681/503 757/682/504
f 538/683/505 752/684/506 737/685/507
f 717/686/508 501/687/509 732/688/510
f 542/689/511 510/690/512 501/687/509
f 780/691/241 692/692/513 794/693/514
f 679/694/241 503/695/515 692/692/513
f 654/696/516 503/695/515 543/697/517
f 487/698/518 733/699/519 716/700/520
f 489/701/521 753/702/522 736/703/523
f 483/704/524 773/705/525 756/706/526
f 547/707/527 549/708/528 660/709/529
f 508/710/452 548/711/530 550/632/452
f 785/712/531 735/659/479 697/647/467
f 799/713/532 708/642/462 804/641/461
f 656/714/533 510/690/512 546/715/534
f 491/716/535 511/717/536 507/718/537
f 652/719/538 512/720/539 638/721/540
f 815/722/541 705/723/542 799/724/543
f 702/725/544 514/726/545 705/723/542
f 621/727/546 515/728/547 562/729/548
f 758/730/549 516/731/550 760/732/551
f 738/733/552 517/734/553 740/735/554
f 718/736/555 518/737/556 720/738/557
f 650/739/558 518/737/556 644/740/559
f 650/739/558 658/741/560 519/742/561
f 817/743/562 684/744/563 800/745/564
f 681/746/565 521/747/566 684/744/563
f 655/748/567 521/747/568 646/749/569
f 651/750/570 523/751/571 522/752/572
f 719/753/573 524/754/574 721/755/575
f 739/756/576 525/757/577 741/758/578
f 759/759/579 512/720/539 761/760/580
f 557/761/581 556/670/582 587/762/583
f 599/763/584 654/696/585 543/697/586
f 567/764/587 547/707/527 484/765/588
f 533/766/589 583/767/590 548/711/530
f 598/768/591 546/715/592 542/689/593
f 532/679/594 605/769/595 554/678/596
f 736/703/597 574/770/598 489/701/599
f 737/685/600 594/771/601 538/683/602
f 756/706/603 566/772/604 483/704/605
f 757/682/606 596/773/607 540/680/608
f 716/700/609 572/774/610 487/698/611
f 717/686/612 598/768/591 542/689/593
f 588/775/613 543/697/586 530/776/614
f 494/777/615 571/778/616 486/643/617
f 507/718/618 576/779/619 491/716/620
f 602/780/621 656/714/622 546/715/592
f 696/644/464 802/636/456 791/674/623
f 778/781/624 713/677/499 792/782/625
f 547/707/527 526/783/626 549/708/528
f 661/784/452 509/785/627 550/632/452
f 551/786/628 564/787/629 603/788/630
f 486/643/631 604/789/632 552/790/633
f 723/791/634 743/792/635 763/793/636
f 485/794/637 584/795/638 553/633/453
f 549/708/528 528/796/639 555/797/640
f 558/798/641 556/670/582 557/761/581
f 556/670/492 558/798/642 559/671/493
f 535/799/643 563/800/644 554/678/500
f 555/797/645 586/801/646 565/802/646
f 496/803/647 560/672/494 559/671/493
f 652/719/538 513/804/648 561/805/649
f 814/806/650 683/807/651 680/808/652
f 705/809/653 562/810/654 708/642/462
f 514/726/655 621/727/546 562/729/548
f 493/811/656 664/812/657 578/813/658
f 530/776/659 603/788/630 588/775/660
f 590/814/661 552/790/633 604/789/632
f 492/815/662 581/816/663 577/817/664
f 568/818/665 553/633/453 584/795/638
f 746/819/666 539/820/667 595/821/668
f 747/822/669 488/823/670 573/824/671
f 766/825/672 529/826/673 587/762/583
f 767/827/674 490/828/675 575/829/676
f 726/830/677 537/831/678 593/832/679
f 727/833/680 492/815/662 577/817/664
f 567/764/681 493/811/682 578/813/683
f 544/834/684 592/835/685 600/836/686
f 601/837/687 541/838/688 597/839/689
f 581/816/663 661/784/690 665/840/691
f 527/841/692 582/842/693 585/843/694
f 592/835/685 548/711/530 583/767/590
f 591/844/695 554/678/596 605/769/595
f 578/813/658 662/845/696 599/763/584
f 588/775/660 582/842/693 567/764/587
f 569/846/697 604/789/632 583/767/590
f 577/817/664 602/780/621 598/768/591
f 589/847/698 584/795/638 605/769/595
f 744/848/699 595/821/668 574/770/598
f 745/849/700 573/824/671 594/771/601
f 764/850/701 587/762/583 566/772/604
f 765/851/702 575/829/676 596/773/607
f 724/852/703 593/832/679 572/774/610
f 725/853/704 577/817/664 598/768/591
f 567/764/681 599/763/584 588/775/613
f 579/854/705 592/835/685 571/778/616
f 580/855/706 597/839/689 576/779/619
f 581/816/663 663/856/707 602/780/621
f 585/843/694 603/788/630 564/787/629
f 571/778/708 583/767/590 604/789/632
f 570/857/709 605/769/595 584/795/638
f 622/858/710 620/859/711 606/860/712
f 806/861/713 702/725/544 815/722/541
f 709/862/714 608/863/715 711/864/716
f 608/863/717 637/865/718 653/866/719
f 768/867/720 610/868/721 770/869/722
f 748/870/723 611/871/724 750/872/725
f 728/873/726 612/874/727 730/875/728
f 612/874/727 634/876/729 618/877/730
f 808/878/731 681/746/565 817/743/562
f 688/879/732 614/880/733 690/881/734
f 614/880/735 666/882/736 668/883/737
f 729/884/738 616/885/739 731/886/740
f 749/887/741 617/888/742 751/889/743
f 769/890/744 606/860/712 771/891/745
f 618/877/730 667/892/746 669/893/747
f 635/894/748 615/895/749 619/896/750
f 636/897/751 607/898/752 620/859/711
f 637/865/718 625/899/753 653/866/719
f 638/721/540 620/859/711 652/719/538
f 689/900/754 810/901/755 807/902/756
f 711/864/716 640/903/757 702/725/544
f 640/903/758 653/866/719 621/727/546
f 770/869/722 642/904/759 758/730/549
f 750/872/725 643/905/760 738/733/552
f 730/875/728 644/740/559 718/736/555
f 644/740/559 618/877/730 650/739/558
f 712/906/761 812/907/762 809/908/763
f 690/881/734 646/749/764 681/746/565
f 646/749/569 668/883/737 655/748/567
f 731/886/740 648/909/765 719/753/573
f 751/889/743 649/910/766 739/756/576
f 771/891/745 638/721/540 759/759/579
f 618/877/730 657/911/767 650/739/558
f 619/896/750 647/912/768 651/750/570
f 620/859/711 639/913/769 652/719/538
f 653/866/719 498/914/770 621/727/546
f 495/915/771 636/897/751 622/858/710
f 794/693/514 688/879/732 813/916/772
f 713/677/499 624/917/773 709/862/714
f 624/917/773 563/800/644 637/865/718
f 772/681/503 499/918/774 768/867/720
f 752/684/506 627/919/775 748/870/723
f 732/688/510 628/920/776 728/873/726
f 628/920/776 510/690/512 634/876/729
f 693/921/305 797/922/777 819/923/778
f 692/692/513 630/924/779 688/879/732
f 630/924/779 670/925/780 666/882/736
f 733/699/519 632/926/781 729/884/738
f 753/702/522 633/927/782 749/887/741
f 773/705/525 622/858/710 769/890/744
f 634/876/729 671/928/783 667/892/746
f 511/717/536 631/929/784 635/894/748
f 560/672/494 623/930/785 636/897/751
f 637/865/718 641/931/786 609/932/787
f 715/933/309 796/934/788 704/646/466
f 507/718/537 670/925/780 654/696/516
f 684/935/287 819/923/778 800/936/789
f 656/714/533 502/937/790 671/928/783
f 657/911/767 520/938/791 658/741/560
f 651/750/570 659/939/792 655/748/567
f 580/855/706 654/696/585 662/845/696
f 579/854/705 656/714/622 663/856/707
f 545/940/793 664/812/657 660/709/794
f 544/834/795 665/840/691 661/784/690
f 601/837/687 662/845/696 664/812/657
f 600/836/796 663/856/707 665/840/691
f 635/894/748 668/883/737 666/882/736
f 667/892/746 613/941/797 669/893/747
f 619/896/750 655/748/567 668/883/737
f 669/893/747 645/942/798 657/911/767
f 670/925/780 635/894/748 666/882/736
f 671/928/783 629/943/799 667/892/746
f 659/944/800 682/945/801 693/921/305
f 710/946/802 795/947/803 812/907/762
f 623/930/785 691/948/804 687/949/805
f 639/913/806 689/900/754 680/808/652
f 703/639/459 809/908/763 816/637/457
f 607/898/807 687/949/805 689/900/754
f 561/950/808 683/951/809 686/952/810
f 530/776/811 685/953/812 551/786/813
f 811/954/814 711/864/716 806/861/713
f 680/808/652 513/804/815 639/913/806
f 523/955/816 682/945/801 522/956/817
f 674/957/818 780/691/819 790/958/820
f 673/959/821 496/803/647 482/960/822
f 530/776/823 679/694/824 674/957/818
f 512/961/825 774/651/471 761/962/826
f 524/963/827 734/648/468 721/964/828
f 525/965/829 754/966/830 741/967/831
f 512/961/825 686/952/810 678/662/482
f 521/968/832 693/921/305 684/935/287
f 551/786/813 672/969/833 481/970/834
f 520/971/835 715/933/309 658/972/836
f 629/943/799 714/973/837 710/946/802
f 687/949/805 793/974/838 810/901/755
f 645/942/839 712/906/761 703/639/459
f 813/916/772 690/881/734 808/878/731
f 613/941/840 710/946/802 712/906/761
f 680/808/652 807/902/756 814/806/650
f 686/952/810 798/975/841 805/663/483
f 552/790/842 695/976/843 707/634/454
f 703/639/459 520/938/844 645/942/839
f 706/977/845 818/978/778 715/933/309
f 658/972/836 704/646/466 519/979/846
f 701/669/241 502/937/790 494/777/847
f 779/980/848 691/948/804 673/959/821
f 781/673/241 714/973/837 701/669/241
f 678/662/482 825/981/849 774/651/471
f 677/982/850 820/983/851 734/648/468
f 787/984/852 775/665/485 698/985/853
f 515/666/486 708/642/462 562/810/654
f 822/986/854 698/985/853 755/654/474
f 792/782/625 709/862/714 811/954/814
f 697/647/467 796/934/788 785/712/531
f 721/964/828 675/650/470 523/955/816
f 631/929/784 733/699/519 729/884/738
f 627/919/775 732/688/510 728/873/726
f 647/912/768 731/886/740 719/753/573
f 643/905/760 730/875/728 718/736/555
f 615/895/749 729/884/738 731/886/740
f 611/871/724 728/873/726 730/875/728
f 573/824/671 725/853/704 594/771/601
f 597/839/689 724/852/703 576/779/619
f 488/823/670 727/833/680 573/824/671
f 541/838/688 726/830/677 597/839/689
f 594/771/601 717/686/612 538/683/602
f 576/779/619 716/700/609 491/716/620
f 719/753/573 523/751/571 647/912/768
f 718/736/555 517/734/553 643/905/760
f 716/700/520 504/987/855 491/716/535
f 538/683/505 732/688/510 500/988/856
f 697/647/467 720/661/481 518/645/465
f 675/650/470 797/922/777 682/945/801
f 674/957/857 803/989/858 685/953/812
f 741/967/831 677/982/850 524/963/827
f 632/926/781 753/702/522 749/887/741
f 499/918/774 752/684/506 748/870/723
f 648/909/765 751/889/743 739/756/576
f 642/904/759 750/872/725 738/733/552
f 616/885/739 749/887/741 751/889/743
f 610/868/721 748/870/723 750/872/725
f 575/829/676 745/849/700 596/773/607
f 593/832/679 744/848/699 572/774/610
f 490/828/675 747/822/669 575/829/676
f 537/831/678 746/819/666 593/832/679
f 596/773/607 737/685/600 540/680/608
f 572/774/610 736/703/597 487/698/611
f 739/756/576 524/754/574 648/909/765
f 738/733/552 516/731/550 642/904/759
f 736/703/523 505/990/859 487/698/518
f 540/680/502 752/684/506 626/991/860
f 699/658/478 740/656/476 517/660/480
f 821/992/861 699/658/478 735/659/479
f 676/653/473 823/993/862 754/966/830
f 761/962/826 676/653/473 525/965/829
f 633/927/782 773/705/525 769/890/744
f 609/932/787 772/681/503 768/867/720
f 649/910/766 771/891/745 759/759/579
f 498/914/770 770/869/722 758/730/549
f 617/888/742 769/890/744 771/891/745
f 625/899/753 768/867/720 770/869/722
f 570/857/709 765/851/702 591/844/695
f 595/821/668 764/850/701 574/770/598
f 485/794/637 767/827/674 570/857/709
f 539/820/667 766/825/672 595/821/668
f 591/844/695 757/682/606 535/799/863
f 574/770/598 756/706/603 489/701/599
f 759/759/579 525/757/577 649/910/766
f 758/730/549 515/728/547 498/914/770
f 489/701/521 773/705/525 506/994/864
f 535/799/643 772/681/503 641/931/786
f 698/985/853 760/667/487 516/655/475
f 754/966/830 788/995/865 677/982/850
f 791/674/623 803/989/858 790/958/866
f 796/934/788 784/649/469 785/712/531
f 804/641/461 798/975/841 799/713/532
f 823/993/862 787/984/852 822/986/854
f 825/981/849 783/996/867 824/668/488
f 785/712/531 820/983/851 821/992/861
f 780/691/819 791/674/496 790/958/820
f 792/782/625 779/980/848 778/781/624
f 794/693/514 781/673/241 780/691/241
f 818/978/778 797/922/777 796/934/788
f 815/722/541 798/997/868 814/806/650
f 817/743/562 801/998/869 816/637/457
f 802/636/456 776/999/870 803/989/858
f 783/996/867 805/663/483 804/641/461
f 810/901/755 806/861/713 807/902/756
f 812/907/762 808/878/731 809/908/763
f 793/974/838 811/954/814 810/901/755
f 795/947/803 813/916/772 812/907/762
f 807/902/756 815/722/541 814/806/650
f 809/908/763 817/743/562 816/637/457
f 801/1000/871 819/923/778 818/978/778
f 789/657/477 820/983/851 788/995/865
f 823/993/862 789/657/477 788/995/865
f 825/981/849 787/984/852 786/652/472
f 685/953/812 776/999/870 672/969/833
f 122/1/1 2/244/243 167/2/2
f 123/4/4 3/242/242 156/5/5
f 124/7/7 4/288/265 150/8/8
f 125/10/10 5/286/264 288/11/11
f 126/13/13 6/284/263 282/14/14
f 127/16/16 7/282/262 276/17/17
f 128/19/19 8/280/261 270/20/20
f 129/22/22 9/278/260 264/23/23
f 130/25/25 10/276/259 258/26/26
f 131/28/28 11/274/258 252/29/29
f 132/31/31 12/247/244 246/32/32
f 133/34/34 13/252/247 168/35/35
f 134/37/37 14/272/257 179/38/38
f 135/40/40 15/270/256 240/41/41
f 136/43/43 16/268/255 234/44/44
f 137/46/46 17/266/254 228/47/47
f 138/49/49 18/264/253 222/50/50
f 139/52/52 19/262/252 216/53/53
f 140/55/55 20/260/251 210/56/56
f 141/58/58 21/258/250 204/59/59
f 142/61/61 22/256/249 198/62/62
f 143/64/64 23/254/248 192/65/65
f 144/67/67 24/251/246 186/68/68
f 121/70/70 1/248/245 180/71/71
f 98/73/73 26/243/241 161/74/74
f 99/76/76 27/241/241 153/77/77
f 100/79/79 28/287/241 147/80/80
f 101/82/82 29/285/241 285/83/83
f 102/85/85 30/283/241 279/86/86
f 103/88/88 31/281/241 273/89/89
f 104/91/91 32/279/241 267/92/92
f 105/94/94 33/277/241 261/95/95
f 106/97/97 34/275/241 255/98/98
f 107/100/100 35/273/241 249/101/101
f 108/103/103 36/245/241 243/104/104
f 109/106/106 37/250/241 162/107/107
f 110/109/109 38/271/241 173/110/110
f 111/112/112 39/269/241 237/113/113
f 112/115/115 40/267/241 231/116/116
f 113/118/118 41/265/241 225/119/119
f 114/121/121 42/263/241 219/122/122
f 115/124/124 43/261/241 213/125/125
f 116/127/127 44/259/241 207/128/128
f 117/130/130 45/257/241 201/131/131
f 118/133/133 46/255/241 195/134/134
f 119/136/136 47/253/241 189/137/137
f 120/139/139 48/249/241 183/140/140
f 97/142/142 25/246/241 174/143/143
f 163/145/145 74/217/217 50/146/146
f 154/148/148 75/218/218 51/149/149
f 148/151/151 76/219/219 52/152/152
f 286/154/154 77/220/220 53/155/155
f 280/157/157 78/221/221 54/158/158
f 274/160/160 79/222/222 55/161/161
f 268/163/163 80/223/223 56/164/164
f 262/166/166 81/224/224 57/167/167
f 256/169/169 82/225/225 58/170/170
f 250/172/172 83/226/226 59/173/173
f 244/175/175 84/227/227 60/176/176
f 164/178/178 85/228/228 61/179/179
f 175/181/181 86/229/229 62/182/182
f 238/184/184 87/230/230 63/185/185
f 232/187/187 88/231/231 64/188/188
f 226/190/190 89/232/232 65/191/191
f 220/193/193 90/233/233 66/194/194
f 214/196/196 91/234/234 67/197/197
f 208/199/199 92/235/235 68/200/200
f 202/202/202 93/236/236 69/203/203
f 196/205/205 94/237/237 70/206/206
f 190/208/208 95/238/238 71/209/209
f 184/211/211 96/239/239 72/212/212
f 176/214/214 73/240/240 49/215/215
f 165/147/147 50/146/146 98/73/73
f 155/150/150 51/149/149 99/76/76
f 149/153/153 52/152/152 100/79/79
f 287/156/156 53/155/155 101/82/82
f 281/159/159 54/158/158 102/85/85
f 275/162/162 55/161/161 103/88/88
f 269/165/165 56/164/164 104/91/91
f 263/168/168 57/167/167 105/94/94
f 257/171/171 58/170/170 106/97/97
f 251/174/174 59/173/173 107/100/100
f 245/177/177 60/176/176 108/103/103
f 166/180/180 61/179/179 109/106/106
f 177/183/183 62/182/182 110/109/109
f 239/186/186 63/185/185 111/112/112
f 233/189/189 64/188/188 112/115/115
f 227/192/192 65/191/191 113/118/118
f 221/195/195 66/194/194 114/121/121
f 215/198/198 67/197/197 115/124/124
f 209/201/201 68/200/200 116/127/127
f 203/204/204 69/203/203 117/130/130
f 197/207/207 70/206/206 118/133/133
f 191/210/210 71/209/209 119/136/136
f 185/213/213 72/212/212 120/139/139
f 178/216/216 49/215/215 97/142/142
f 167/2/2 2/244/243 74/217/217
f 156/5/5 3/242/242 75/218/218
f 150/8/8 4/288/265 76/219/219
f 288/11/11 5/286/264 77/220/220
f 282/14/14 6/284/263 78/221/221
f 276/17/17 7/282/262 79/222/222
f 270/20/20 8/280/261 80/223/223
f 264/23/23 9/278/260 81/224/224
f 258/26/26 10/276/259 82/225/225
f 252/29/29 11/274/258 83/226/226
f 246/32/32 12/247/244 84/227/227
f 168/35/35 13/252/247 85/228/228
f 179/38/38 14/272/257 86/229/229
f 240/41/41 15/270/256 87/230/230
f 234/44/44 16/268/255 88/231/231
f 228/47/47 17/266/254 89/232/232
f 222/50/50 18/264/253 90/233/233
f 216/53/53 19/262/252 91/234/234
f 210/56/56 20/260/251 92/235/235
f 204/59/59 21/258/250 93/236/236
f 198/62/62 22/256/249 94/237/237
f 192/65/65 23/254/248 95/238/238
f 186/68/68 24/251/246 96/239/239
f 180/71/71 1/248/245 73/240/240
f 75/218/218 3/242/242 150/8/8
f 99/76/76 51/149/149 149/153/153
f 51/149/149 75/218/218 148/151/151
f 99/76/76 146/81/81 147/80/80
f 123/4/4 145/9/9 150/8/8
f 74/217/217 2/244/243 156/5/5
f 98/73/73 50/146/146 155/150/150
f 50/146/146 74/217/217 154/148/148
f 98/73/73 152/78/78 153/77/77
f 122/1/1 151/6/6 156/5/5
f 84/227/227 12/247/244 168/35/35
f 73/240/240 1/248/245 167/2/2
f 108/103/103 60/176/176 166/180/180
f 97/142/142 49/215/215 165/147/147
f 60/176/176 84/227/227 164/178/178
f 49/215/215 73/240/240 163/145/145
f 108/103/103 160/108/108 162/107/107
f 97/142/142 159/75/75 161/74/74
f 132/31/31 158/36/36 168/35/35
f 121/70/70 157/3/3 167/2/2
f 96/239/239 24/251/246 180/71/71
f 85/228/228 13/252/247 179/38/38
f 120/139/139 72/212/212 178/216/216
f 109/106/106 61/179/179 177/183/183
f 72/212/212 96/239/239 176/214/214
f 61/179/179 85/228/228 175/181/181
f 120/139/139 172/144/144 174/143/143
f 109/106/106 171/111/111 173/110/110
f 144/67/67 170/72/72 180/71/71
f 133/34/34 169/39/39 179/38/38
f 95/238/238 23/254/248 186/68/68
f 119/136/136 71/209/209 185/213/213
f 71/209/209 95/238/238 184/211/211
f 119/136/136 182/141/141 183/140/140
f 143/64/64 181/69/69 186/68/68
f 94/237/237 22/256/249 192/65/65
f 118/133/133 70/206/206 191/210/210
f 70/206/206 94/237/237 190/208/208
f 118/133/133 188/138/138 189/137/137
f 142/61/61 187/66/66 192/65/65
f 93/236/236 21/258/250 198/62/62
f 117/130/130 69/203/203 197/207/207
f 69/203/203 93/236/236 196/205/205
f 117/130/130 194/135/135 195/134/134
f 141/58/58 193/63/63 198/62/62
f 92/235/235 20/260/251 204/59/59
f 116/127/127 68/200/200 203/204/204
f 68/200/200 92/235/235 202/202/202
f 116/127/127 200/132/132 201/131/131
f 140/55/55 199/60/60 204/59/59
f 91/234/234 19/262/252 210/56/56
f 115/124/124 67/197/197 209/201/201
f 67/197/197 91/234/234 208/199/199
f 115/124/124 206/129/129 207/128/128
f 139/52/52 205/57/57 210/56/56
f 90/233/233 18/264/253 216/53/53
f 114/121/121 66/194/194 215/198/198
f 66/194/194 90/233/233 214/196/196
f 114/121/121 212/126/126 213/125/125
f 138/49/49 211/54/54 216/53/53
f 89/232/232 17/266/254 222/50/50
f 113/118/118 65/191/191 221/195/195
f 65/191/191 89/232/232 220/193/193
f 113/118/118 218/123/123 219/122/122
f 137/46/46 217/51/51 222/50/50
f 88/231/231 16/268/255 228/47/47
f 112/115/115 64/188/188 227/192/192
f 64/188/188 88/231/231 226/190/190
f 112/115/115 224/120/120 225/119/119
f 136/43/43 223/48/48 228/47/47
f 87/230/230 15/270/256 234/44/44
f 111/112/112 63/185/185 233/189/189
f 63/185/185 87/230/230 232/187/187
f 111/112/112 230/117/117 231/116/116
f 135/40/40 229/45/45 234/44/44
f 86/229/229 14/272/257 240/41/41
f 110/109/109 62/182/182 239/186/186
f 62/182/182 86/229/229 238/184/184
f 110/109/109 236/114/114 237/113/113
f 134/37/37 235/42/42 240/41/41
f 83/226/226 11/274/258 246/32/32
f 107/100/100 59/173/173 245/177/177
f 59/173/173 83/226/226 244/175/175
f 107/100/100 242/105/105 243/104/104
f 131/28/28 241/33/33 246/32/32
f 82/225/225 10/276/259 252/29/29
f 106/97/97 58/170/170 251/174/174
f 58/170/170 82/225/225 250/172/172
f 106/97/97 248/102/102 249/101/101
f 130/25/25 247/30/30 252/29/29
f 81/224/224 9/278/260 258/26/26
f 105/94/94 57/167/167 257/171/171
f 57/167/167 81/224/224 256/169/169
f 105/94/94 254/99/99 255/98/98
f 129/22/22 253/27/27 258/26/26
f 80/223/223 8/280/261 264/23/23
f 104/91/91 56/164/164 263/168/168
f 56/164/164 80/223/223 262/166/166
f 104/91/91 260/96/96 261/95/95
f 128/19/19 259/24/24 264/23/23
f 79/222/222 7/282/262 270/20/20
f 103/88/88 55/161/161 269/165/165
f 55/161/161 79/222/222 268/163/163
f 103/88/88 266/93/93 267/92/92
f 127/16/16 265/21/21 270/20/20
f 78/221/221 6/284/263 276/17/17
f 102/85/85 54/158/158 275/162/162
f 54/158/158 78/221/221 274/160/160
f 102/85/85 272/90/90 273/89/89
f 126/13/13 271/18/18 276/17/17
f 77/220/220 5/286/264 282/14/14
f 101/82/82 53/155/155 281/159/159
f 53/155/155 77/220/220 280/157/157
f 101/82/82 278/87/87 279/86/86
f 125/10/10 277/15/15 282/14/14
f 76/219/219 4/288/265 288/11/11
f 100/79/79 52/152/152 287/156/156
f 52/152/152 76/219/219 286/154/154
f 100/79/79 284/84/84 285/83/83
f 124/7/7 283/12/12 288/11/11
f 32/289/266 261/352/267 332/290/267
f 27/292/268 291/348/268 314/293/269
f 41/295/270 305/326/270 326/296/271
f 40/298/272 225/297/271 326/296/271
f 28/300/273 292/333/273 313/301/274
f 42/303/275 306/351/275 325/304/276
f 46/306/277 189/354/278 320/307/278
f 29/309/279 293/353/279 336/310/280
f 33/312/281 255/355/282 331/313/282
f 25/315/283 161/382/284 315/316/284
f 43/318/285 307/362/285 324/319/286
f 26/321/287 153/294/269 314/293/269
f 30/323/288 294/363/288 335/324/289
f 41/295/270 219/305/276 325/304/276
f 36/327/290 162/371/291 316/328/291
f 44/330/292 308/372/292 323/331/293
f 28/300/273 285/311/280 336/310/280
f 31/334/294 295/373/294 334/335/295
f 47/337/296 183/360/297 319/338/297
f 45/340/298 309/383/298 322/341/299
f 34/343/300 249/361/301 330/344/301
f 32/289/266 296/291/266 333/346/302
f 27/292/268 147/302/274 313/301/274
f 46/306/277 310/308/277 321/349/303
f 42/303/275 213/320/286 324/319/286
f 33/312/281 297/314/281 332/290/267
f 29/309/279 279/325/289 335/324/289
f 47/337/296 311/339/296 320/307/278
f 34/343/300 298/345/300 331/313/282
f 35/356/304 243/366/305 329/357/305
f 48/359/306 312/381/306 319/338/297
f 35/356/304 299/358/304 330/344/301
f 43/318/285 207/332/293 323/331/293
f 30/323/288 273/336/295 334/335/295
f 25/315/283 289/317/283 318/364/307
f 36/327/290 300/329/290 329/357/305
f 38/367/308 237/380/309 328/368/309
f 37/370/310 301/376/310 316/328/291
f 44/330/292 201/342/299 322/341/299
f 31/334/294 267/347/302 333/346/302
f 38/367/308 302/369/308 317/374/311
f 37/370/310 173/375/311 317/374/311
f 39/377/312 231/384/313 327/378/313
f 39/377/312 303/379/312 328/368/309
f 48/359/306 174/365/307 318/364/307
f 26/321/287 290/322/287 315/316/284
f 45/340/298 195/350/303 321/349/303
f 40/298/272 304/299/272 327/378/313
f 326/385/48 449/462/48 382/386/43
f 330/388/30 299/454/28 367/389/28
f 313/391/9 410/463/9 343/392/4
f 317/394/39 302/471/37 376/395/37
f 325/397/51 446/455/51 385/398/46
f 331/400/27 298/449/25 364/401/25
f 336/403/12 479/445/12 346/404/7
f 324/406/54 443/450/54 388/407/314
f 332/409/24 297/446/22 361/410/22
f 335/412/15 476/441/15 349/413/10
f 319/415/69 312/452/315 406/416/315
f 323/418/57 440/447/57 391/419/52
f 333/421/21 296/442/19 358/422/19
f 334/424/18 473/434/18 352/425/13
f 320/427/66 311/448/64 403/428/64
f 322/430/60 437/443/60 394/431/55
f 334/424/18 295/435/16 355/433/16
f 333/421/21 470/423/21 355/433/16
f 321/436/63 310/444/61 400/437/61
f 321/436/63 434/438/63 397/439/58
f 335/412/15 294/426/13 352/425/13
f 332/409/24 467/411/24 358/422/19
f 322/430/60 309/440/58 397/439/58
f 320/427/66 431/429/66 400/437/61
f 336/403/12 293/414/10 349/413/10
f 331/400/27 464/402/27 361/410/22
f 323/418/57 308/432/55 394/431/55
f 319/415/69 428/417/69 403/428/64
f 330/388/30 461/390/30 364/401/25
f 324/406/54 307/420/52 391/419/52
f 318/451/72 425/475/72 406/416/315
f 329/453/33 458/477/33 367/389/28
f 325/397/51 306/408/314 388/407/314
f 315/456/3 290/478/1 340/457/1
f 316/459/36 419/479/36 370/460/31
f 326/385/48 305/399/46 385/398/46
f 313/391/9 292/405/7 346/404/7
f 317/394/39 422/396/39 373/464/34
f 327/466/45 304/387/43 382/386/43
f 314/468/6 291/393/4 343/392/4
f 328/470/42 455/473/42 376/395/37
f 328/470/42 303/476/40 379/472/40
f 318/451/72 289/480/70 337/474/70
f 327/466/45 452/467/45 379/472/40
f 329/453/33 300/461/31 370/460/31
f 314/468/6 413/469/6 340/457/1
f 316/459/36 301/465/34 373/464/34
f 315/456/3 416/458/3 337/474/70
f 416/481/316 340/602/317 342/482/317
f 417/483/319 342/482/320 341/484/320
f 413/486/322 343/601/436 345/487/323
f 414/488/324 345/487/325 344/489/325
f 410/491/327 346/624/444 348/492/328
f 411/493/329 348/492/330 347/494/330
f 479/496/332 349/623/333 351/497/333
f 480/498/335 351/497/336 350/499/336
f 476/501/337 352/622/338 354/502/338
f 477/503/339 354/502/443 353/504/340
f 473/506/342 355/621/343 357/507/343
f 474/508/344 357/507/345 356/509/345
f 470/511/347 358/620/442 360/512/348
f 471/513/349 360/512/350 359/514/350
f 467/516/351 361/619/352 363/517/352
f 468/518/353 363/517/441 362/519/354
f 464/521/356 364/618/440 366/522/357
f 465/523/358 366/522/359 365/524/359
f 461/526/361 367/617/362 369/527/362
f 462/528/364 369/527/365 368/529/365
f 458/531/366 370/604/367 372/532/367
f 459/533/368 372/532/438 371/534/369
f 419/536/371 373/605/372 375/537/372
f 420/538/373 375/537/374 374/539/374
f 422/541/376 376/616/377 378/542/377
f 423/543/378 378/542/379 377/544/379
f 455/546/381 379/615/382 381/547/382
f 456/548/383 381/547/384 380/549/384
f 452/551/386 382/614/387 384/552/387
f 453/553/388 384/552/389 383/554/389
f 449/556/391 385/613/392 387/557/392
f 450/558/394 387/557/395 386/559/395
f 446/561/396 388/612/397 390/562/397
f 447/563/398 390/562/399 389/564/399
f 443/566/401 391/611/402 393/567/402
f 444/568/403 393/567/404 392/569/404
f 440/571/406 394/610/407 396/572/407
f 441/573/408 396/572/409 395/574/409
f 437/576/410 397/609/411 399/577/411
f 438/578/412 399/577/413 398/579/413
f 434/581/415 400/608/439 402/582/416
f 435/583/417 402/582/418 401/584/418
f 431/586/420 403/607/421 405/587/421
f 432/588/423 405/587/424 404/589/424
f 428/591/426 406/606/427 408/592/427
f 429/593/428 408/592/429 407/594/429
f 425/596/431 337/603/437 339/597/432
f 426/598/433 339/597/434 338/599/434
f 410/491/327 411/493/327 345/487/323
f 411/493/329 409/495/331 344/489/325
f 413/486/322 414/488/322 342/482/317
f 414/488/324 412/490/326 341/484/320
f 416/481/316 417/483/318 339/597/432
f 417/483/319 415/485/321 338/599/434
f 419/536/371 420/538/371 372/532/367
f 420/538/373 418/540/375 371/534/369
f 422/541/376 423/543/376 375/537/372
f 423/543/378 421/545/380 374/539/374
f 425/596/431 426/598/431 408/592/427
f 426/598/433 424/600/435 407/594/429
f 428/591/426 429/593/426 405/587/421
f 429/593/428 427/595/430 404/589/424
f 431/586/420 432/588/422 402/582/416
f 432/588/423 430/590/425 401/584/418
f 434/581/415 435/583/415 399/577/411
f 435/583/417 433/585/419 398/579/413
f 437/576/410 438/578/410 396/572/407
f 438/578/412 436/580/414 395/574/409
f 440/571/406 441/573/406 393/567/402
f 441/573/408 439/575/408 392/569/404
f 443/566/401 444/568/401 390/562/397
f 444/568/403 442/570/405 389/564/399
f 446/561/396 447/563/396 387/557/392
f 447/563/398 445/565/400 386/559/395
f 449/556/391 450/558/393 384/552/387
f 450/558/394 448/560/394 383/554/389
f 452/551/386 453/553/386 381/547/382
f 453/553/388 451/555/390 380/549/384
f 455/546/381 456/548/381 378/542/377
f 456/548/383 454/550/385 377/544/379
f 458/531/366 459/533/366 369/527/362
f 459/533/368 457/535/370 368/529/365
f 461/526/361 462/528/363 366/522/357
f 462/528/364 460/530/364 365/524/359
f 464/521/356 465/523/356 363/517/352
f 465/523/358 463/525/360 362/519/354
f 467/516/351 468/518/351 360/512/348
f 468/518/353 466/520/355 359/514/350
f 470/511/347 471/513/347 357/507/343
f 471/513/349 469/515/349 356/509/345
f 473/506/342 474/508/342 354/502/338
f 474/508/344 472/510/346 353/504/340
f 476/501/337 477/503/337 351/497/333
f 477/503/339 475/505/341 350/499/336
f 479/496/332 480/498/334 348/492/328
f 480/498/335 478/500/335 347/494/330
f 338/1001/872 415/1002/873 341/1003/874
f 341/1003/874 412/1004/875 344/1005/876
f 344/1005/876 409/1006/877 347/1007/878
f 347/1007/878 478/1008/879 350/1009/880
f 350/1009/880 475/1010/881 353/1011/882
f 353/1011/882 472/1012/883 356/1013/884
f 356/1013/884 469/1014/885 359/1015/886
f 359/1015/886 466/1016/887 362/625/445
f 362/625/445 463/1017/888 365/1018/889
f 365/1018/889 460/1019/890 368/1020/891
f 368/1020/891 457/1021/892 371/1022/893
f 371/1022/893 418/1023/894 374/626/446
f 374/626/446 421/1024/895 377/1025/896
f 377/1025/896 454/1026/897 380/1027/898
f 380/1027/898 451/1028/899 383/1029/900
f 383/1029/900 448/1030/901 386/627/447
f 386/627/447 445/1031/902 389/1032/903
f 389/1032/903 442/1033/904 392/1034/905
f 392/1034/905 439/1035/906 395/1036/907
f 395/1036/907 436/1037/908 398/1038/909
f 398/1038/909 433/1039/910 401/1040/911
f 401/1040/911 430/1041/912 404/1042/304
f 404/1042/304 427/1043/913 407/1044/914
f 407/1044/914 424/1045/915 338/1001/872
f 338/1001/872 341/1003/874 344/1005/876
f 344/1005/876 347/1007/878 350/1009/880
f 350/1009/880 353/1011/882 362/625/445
f 353/1011/882 356/1013/884 362/625/445
f 356/1013/884 359/1015/886 362/625/445
f 362/625/445 365/1018/889 368/1020/891
f 368/1020/891 371/1022/893 362/625/445
f 371/1022/893 374/626/446 362/625/445
f 374/626/446 377/1025/896 386/627/447
f 377/1025/896 380/1027/898 386/627/447
f 380/1027/898 383/1029/900 386/627/447
f 386/627/447 389/1032/903 398/1038/909
f 389/1032/903 392/1034/905 398/1038/909
f 392/1034/905 395/1036/907 398/1038/909
f 398/1038/909 401/1040/911 404/1042/304
f 404/1042/304 407/1044/914 338/1001/872
f 338/1001/872 344/1005/876 350/1009/880
f 398/1038/909 404/1042/304 386/627/447
f 404/1042/304 338/1001/872 386/627/447
f 338/1001/872 350/1009/880 386/627/447
f 350/1009/880 362/625/445 386/627/447
f 549/708/528 555/797/640 529/826/916
f 529/826/916 762/630/450 549/708/528
f 762/630/450 539/820/917 742/628/448
f 549/708/528 762/630/450 722/629/449
f 742/628/448 537/831/918 722/629/449
f 722/629/449 541/838/919 549/708/528
f 541/838/919 545/940/920 549/708/528
f 531/631/451 508/710/452 550/632/452
f 707/634/454 695/976/843 777/635/455
f 816/637/457 801/998/869 706/638/458
f 700/640/460 783/996/867 804/641/461
f 486/643/463 552/790/842 707/634/454
f 518/645/465 519/979/846 704/646/466
f 734/648/468 820/983/851 784/649/469
f 774/651/471 825/981/849 786/652/472
f 755/654/474 698/985/853 516/655/475
f 789/657/477 822/986/854 755/654/474
f 735/659/479 699/658/478 517/660/480
f 678/662/482 686/952/810 805/663/483
f 775/665/485 700/640/460 515/666/486
f 824/668/488 783/996/867 700/640/460
f 701/669/489 494/777/921 486/643/490
f 495/915/771 483/704/524 560/672/494
f 483/704/524 556/670/492 560/672/494
f 781/673/495 701/669/489 696/644/491
f 694/675/497 532/679/501 497/676/498
f 554/678/500 563/800/644 497/676/498
f 540/680/502 626/991/860 772/681/503
f 538/683/505 500/988/856 752/684/506
f 717/686/508 542/689/511 501/687/509
f 542/689/511 546/715/534 510/690/512
f 780/691/241 679/694/241 692/692/513
f 679/694/241 543/697/517 503/695/515
f 654/696/516 670/925/780 503/695/515
f 487/698/518 505/990/859 733/699/519
f 489/701/521 506/994/864 753/702/522
f 483/704/524 495/915/771 773/705/525
f 549/708/528 545/940/920 660/709/529
f 660/709/922 493/811/923 484/765/924
f 484/765/925 547/707/527 660/709/529
f 508/710/452 533/766/589 548/711/530
f 785/712/531 821/992/861 735/659/479
f 799/713/532 705/809/653 708/642/462
f 656/714/533 671/928/783 510/690/512
f 491/716/535 504/987/855 511/717/536
f 652/719/538 561/805/649 512/720/539
f 815/722/541 702/725/544 705/723/542
f 702/725/544 640/903/757 514/726/545
f 621/727/546 498/914/770 515/728/547
f 758/730/549 642/904/759 516/731/550
f 738/733/552 643/905/760 517/734/553
f 718/736/555 644/740/559 518/737/556
f 650/739/558 519/742/561 518/737/556
f 650/739/558 657/911/767 658/741/560
f 817/743/562 681/746/565 684/744/563
f 681/746/565 646/749/764 521/747/566
f 655/748/567 659/939/792 521/747/926
f 651/750/570 647/912/768 523/751/571
f 719/753/573 648/909/765 524/754/574
f 739/756/576 649/910/766 525/757/577
f 759/759/579 638/721/540 512/720/539
f 556/670/582 483/704/605 566/772/604
f 566/772/604 587/762/583 556/670/582
f 587/762/583 529/826/673 557/761/581
f 529/826/673 555/797/645 557/761/581
f 599/763/584 662/845/696 654/696/585
f 567/764/587 582/842/693 547/707/527
f 533/766/589 569/846/697 583/767/590
f 598/768/591 602/780/621 546/715/592
f 532/679/594 589/847/698 605/769/595
f 736/703/597 744/848/699 574/770/598
f 737/685/600 745/849/700 594/771/601
f 756/706/603 764/850/701 566/772/604
f 757/682/606 765/851/702 596/773/607
f 716/700/609 724/852/703 572/774/610
f 717/686/612 725/853/704 598/768/591
f 588/775/613 599/763/584 543/697/586
f 494/777/615 579/854/705 571/778/616
f 507/718/618 580/855/706 576/779/619
f 602/780/621 663/856/707 656/714/622
f 696/644/464 707/634/454 802/636/456
f 778/781/624 694/675/497 713/677/499
f 547/707/527 527/841/692 526/783/626
f 550/632/452 548/711/530 661/784/452
f 548/711/530 536/1046/927 661/784/452
f 536/1046/927 544/834/928 661/784/452
f 551/786/628 481/970/929 564/787/629
f 486/643/930 571/778/708 604/789/632
f 553/633/453 550/632/452 485/794/931
f 550/632/452 509/785/627 492/815/932
f 723/791/634 550/632/452 492/815/932
f 723/791/634 488/823/933 743/792/635
f 743/792/635 490/828/934 763/793/636
f 763/793/636 485/794/931 550/632/452
f 550/632/452 723/791/634 763/793/636
f 485/794/637 570/857/709 584/795/638
f 549/708/528 526/783/626 528/796/639
f 535/799/643 641/931/786 563/800/644
f 558/798/641 557/761/581 555/797/645
f 555/797/645 528/796/935 586/801/646
f 565/802/646 482/960/936 555/797/645
f 482/960/936 558/798/641 555/797/645
f 559/671/493 558/798/642 496/803/647
f 558/798/642 482/960/822 496/803/647
f 652/719/538 639/913/769 513/804/648
f 814/806/650 798/997/868 683/807/651
f 705/809/653 514/1047/937 562/810/654
f 514/726/938 640/903/758 621/727/546
f 493/811/656 660/709/794 664/812/657
f 530/776/659 551/786/628 603/788/630
f 590/814/661 534/1048/939 552/790/633
f 492/815/662 509/785/940 581/816/663
f 568/818/665 531/631/451 553/633/453
f 746/819/666 742/628/941 539/820/667
f 747/822/669 743/792/942 488/823/670
f 766/825/672 762/630/943 529/826/673
f 767/827/674 763/793/944 490/828/675
f 726/830/677 722/629/945 537/831/678
f 727/833/680 723/791/946 492/815/662
f 567/764/681 484/765/947 493/811/948
f 544/834/684 536/1046/949 592/835/685
f 601/837/687 545/940/793 541/838/688
f 581/816/663 509/785/940 661/784/690
f 527/841/692 547/707/527 582/842/693
f 592/835/685 536/1046/949 548/711/530
f 591/844/695 535/799/863 554/678/596
f 578/813/658 664/812/657 662/845/696
f 588/775/660 603/788/630 582/842/693
f 569/846/697 590/814/661 604/789/632
f 577/817/664 581/816/663 602/780/621
f 589/847/698 568/818/665 584/795/638
f 744/848/699 746/819/666 595/821/668
f 745/849/700 747/822/669 573/824/671
f 764/850/701 766/825/672 587/762/583
f 765/851/702 767/827/674 575/829/676
f 724/852/703 726/830/677 593/832/679
f 725/853/704 727/833/680 577/817/664
f 567/764/681 578/813/683 599/763/584
f 579/854/705 600/836/686 592/835/685
f 580/855/706 601/837/687 597/839/689
f 581/816/663 665/840/691 663/856/707
f 585/843/694 582/842/693 603/788/630
f 571/778/708 592/835/685 583/767/590
f 570/857/709 591/844/695 605/769/595
f 622/858/710 636/897/751 620/859/711
f 806/861/713 711/864/716 702/725/544
f 709/862/714 624/917/773 608/863/715
f 608/863/717 624/917/773 637/865/718
f 768/867/720 499/918/774 610/868/721
f 748/870/723 627/919/775 611/871/724
f 728/873/726 628/920/776 612/874/727
f 612/874/727 628/920/776 634/876/729
f 808/878/731 690/881/734 681/746/565
f 688/879/732 630/924/779 614/880/733
f 614/880/735 630/924/779 666/882/736
f 729/884/738 632/926/781 616/885/739
f 749/887/741 633/927/782 617/888/742
f 769/890/744 622/858/710 606/860/712
f 618/877/730 634/876/729 667/892/746
f 635/894/748 631/929/784 615/895/749
f 636/897/751 623/930/785 607/898/752
f 637/865/718 609/932/787 625/899/753
f 638/721/540 606/860/712 620/859/711
f 689/900/754 687/949/805 810/901/755
f 711/864/716 608/863/715 640/903/757
f 640/903/758 608/863/717 653/866/719
f 770/869/722 610/868/721 642/904/759
f 750/872/725 611/871/724 643/905/760
f 730/875/728 612/874/727 644/740/559
f 644/740/559 612/874/727 618/877/730
f 712/906/761 710/946/802 812/907/762
f 690/881/734 614/880/733 646/749/764
f 646/749/569 614/880/735 668/883/737
f 731/886/740 616/885/739 648/909/765
f 751/889/743 617/888/742 649/910/766
f 771/891/745 606/860/712 638/721/540
f 618/877/730 669/893/747 657/911/767
f 619/896/750 615/895/749 647/912/768
f 620/859/711 607/898/752 639/913/769
f 653/866/719 625/899/753 498/914/770
f 495/915/771 560/672/494 636/897/751
f 794/693/514 692/692/513 688/879/732
f 713/677/499 497/676/498 624/917/773
f 624/917/773 497/676/498 563/800/644
f 772/681/503 626/991/860 499/918/774
f 752/684/506 500/988/856 627/919/775
f 732/688/510 501/687/509 628/920/776
f 628/920/776 501/687/509 510/690/512
f 693/921/305 682/945/801 797/922/777
f 692/692/513 503/695/515 630/924/779
f 630/924/779 503/695/515 670/925/780
f 733/699/519 505/990/859 632/926/781
f 753/702/522 506/994/864 633/927/782
f 773/705/525 495/915/771 622/858/710
f 634/876/729 510/690/512 671/928/783
f 511/717/536 504/987/855 631/929/784
f 560/672/494 496/803/647 623/930/785
f 637/865/718 563/800/644 641/931/786
f 715/933/309 818/978/778 796/934/788
f 507/718/537 511/717/536 670/925/780
f 684/935/287 693/921/305 819/923/778
f 656/714/533 494/777/847 502/937/790
f 657/911/767 645/942/798 520/938/791
f 651/750/570 522/752/572 659/939/792
f 580/855/706 507/718/618 654/696/585
f 579/854/705 494/777/615 656/714/622
f 545/940/793 601/837/687 664/812/657
f 544/834/795 600/836/796 665/840/691
f 601/837/687 580/855/706 662/845/696
f 600/836/796 579/854/705 663/856/707
f 635/894/748 619/896/750 668/883/737
f 667/892/746 629/943/799 613/941/797
f 619/896/750 651/750/570 655/748/567
f 669/893/747 613/941/797 645/942/798
f 670/925/780 511/717/536 635/894/748
f 671/928/783 502/937/790 629/943/799
f 659/944/800 522/956/817 682/945/801
f 710/946/802 714/973/837 795/947/803
f 623/930/785 496/803/647 691/948/804
f 639/913/806 607/898/807 689/900/754
f 703/639/459 712/906/761 809/908/763
f 607/898/807 623/930/785 687/949/805
f 561/950/808 513/1049/950 683/951/809
f 530/776/811 674/957/857 685/953/812
f 811/954/814 709/862/714 711/864/716
f 680/808/652 683/807/651 513/804/951
f 523/955/816 675/650/470 682/945/801
f 674/957/818 679/694/824 780/691/819
f 673/959/821 691/948/804 496/803/647
f 530/776/823 543/697/952 679/694/824
f 512/961/825 678/662/482 774/651/471
f 524/963/827 677/982/850 734/648/468
f 525/965/829 676/653/473 754/966/830
f 512/961/825 561/950/808 686/952/810
f 521/968/832 659/944/800 693/921/305
f 551/786/813 685/953/812 672/969/833
f 520/971/835 706/977/845 715/933/309
f 629/943/799 502/937/790 714/973/837
f 687/949/805 691/948/804 793/974/838
f 645/942/839 613/941/840 712/906/761
f 813/916/772 688/879/732 690/881/734
f 613/941/840 629/943/799 710/946/802
f 680/808/652 689/900/754 807/902/756
f 686/952/810 683/951/809 798/975/841
f 552/790/842 534/1048/953 695/976/843
f 703/639/459 706/638/458 520/938/458
f 706/977/845 801/1000/871 818/978/778
f 658/972/836 715/933/309 704/646/466
f 701/669/241 714/973/837 502/937/790
f 779/980/848 793/974/838 691/948/804
f 781/673/241 795/947/803 714/973/837
f 678/662/482 782/664/484 825/981/849
f 677/982/850 788/995/865 820/983/851
f 787/984/852 824/668/488 775/665/485
f 515/666/486 700/640/460 708/642/462
f 822/986/854 787/984/852 698/985/853
f 792/782/625 713/677/499 709/862/714
f 697/647/467 704/646/466 796/934/788
f 721/964/828 734/648/468 675/650/470
f 631/929/784 504/987/855 733/699/519
f 627/919/775 500/988/856 732/688/510
f 647/912/768 615/895/749 731/886/740
f 643/905/760 611/871/724 730/875/728
f 615/895/749 631/929/784 729/884/738
f 611/871/724 627/919/775 728/873/726
f 573/824/671 727/833/680 725/853/704
f 597/839/689 726/830/677 724/852/703
f 488/823/670 723/791/946 727/833/680
f 541/838/688 722/629/945 726/830/677
f 594/771/601 725/853/704 717/686/612
f 576/779/619 724/852/703 716/700/609
f 719/753/573 721/755/575 523/751/571
f 718/736/555 720/738/557 517/734/553
f 716/700/520 733/699/519 504/987/855
f 538/683/505 717/686/508 732/688/510
f 697/647/467 735/659/479 720/661/481
f 675/650/470 784/649/469 797/922/777
f 674/957/857 790/958/866 803/989/858
f 741/967/831 754/966/830 677/982/850
f 632/926/781 505/990/859 753/702/522
f 499/918/774 626/991/860 752/684/506
f 648/909/765 616/885/739 751/889/743
f 642/904/759 610/868/721 750/872/725
f 616/885/739 632/926/781 749/887/741
f 610/868/721 499/918/774 748/870/723
f 575/829/676 747/822/669 745/849/700
f 593/832/679 746/819/666 744/848/699
f 490/828/675 743/792/942 747/822/669
f 537/831/678 742/628/941 746/819/666
f 596/773/607 745/849/700 737/685/600
f 572/774/610 744/848/699 736/703/597
f 739/756/576 741/758/578 524/754/574
f 738/733/552 740/735/554 516/731/550
f 736/703/523 753/702/522 505/990/859
f 540/680/502 737/685/507 752/684/506
f 699/658/478 755/654/474 740/656/476
f 821/992/861 789/657/477 699/658/478
f 676/653/473 786/652/472 823/993/862
f 761/962/826 774/651/471 676/653/473
f 633/927/782 506/994/864 773/705/525
f 609/932/787 641/931/786 772/681/503
f 649/910/766 617/888/742 771/891/745
f 498/914/770 625/899/753 770/869/722
f 617/888/742 633/927/782 769/890/744
f 625/899/753 609/932/787 768/867/720
f 570/857/709 767/827/674 765/851/702
f 595/821/668 766/825/672 764/850/701
f 485/794/637 763/793/944 767/827/674
f 539/820/667 762/630/943 766/825/672
f 591/844/695 765/851/702 757/682/606
f 574/770/598 764/850/701 756/706/603
f 759/759/579 761/760/580 525/757/577
f 758/730/549 760/732/551 515/728/547
f 489/701/521 756/706/526 773/705/525
f 535/799/643 757/682/504 772/681/503
f 698/985/853 775/665/485 760/667/487
f 754/966/830 823/993/862 788/995/865
f 791/674/623 802/636/456 803/989/858
f 796/934/788 797/922/777 784/649/469
f 804/641/461 805/663/483 798/975/841
f 823/993/862 786/652/472 787/984/852
f 825/981/849 782/664/484 783/996/867
f 785/712/531 784/649/469 820/983/851
f 780/691/819 781/673/495 791/674/496
f 792/782/625 793/974/838 779/980/848
f 794/693/514 795/947/803 781/673/241
f 818/978/778 819/923/778 797/922/777
f 815/722/541 799/724/543 798/997/868
f 817/743/562 800/745/564 801/998/869
f 802/636/456 777/635/455 776/999/870
f 783/996/867 782/664/484 805/663/483
f 810/901/755 811/954/814 806/861/713
f 812/907/762 813/916/772 808/878/731
f 793/974/838 792/782/625 811/954/814
f 795/947/803 794/693/514 813/916/772
f 807/902/756 806/861/713 815/722/541
f 809/908/763 808/878/731 817/743/562
f 801/1000/871 800/936/789 819/923/778
f 789/657/477 821/992/861 820/983/851
f 823/993/862 822/986/854 789/657/477
f 825/981/849 824/668/488 787/984/852
f 685/953/812 803/989/858 776/999/870
