# Blender 4.0.0
# www.blender.org
o Sink009_Body001
v -0.031983 0.205903 -0.044832
v -0.031983 0.205903 -0.046558
v -0.026587 0.206524 -0.046558
v -0.026587 0.206524 -0.044832
v -0.026587 0.205997 -0.044001
v -0.031864 0.205387 -0.044001
v -0.026587 0.204407 -0.043722
v -0.031504 0.203840 -0.043722
v -0.039991 0.199696 -0.043722
v -0.036012 0.202226 -0.043722
v -0.040986 0.200934 -0.044001
v -0.036708 0.203655 -0.044001
v -0.041316 0.201346 -0.044832
v -0.036939 0.204128 -0.044832
v -0.041316 0.201346 -0.046558
v -0.036939 0.204128 -0.046558
v -0.016231 0.204128 -0.044832
v -0.016231 0.204128 -0.046558
v -0.011858 0.201346 -0.046558
v -0.011858 0.201346 -0.044832
v -0.016463 0.203655 -0.044001
v -0.012188 0.200934 -0.044001
v -0.017159 0.202226 -0.043722
v -0.013180 0.199696 -0.043722
v -0.009858 0.196372 -0.043722
v -0.045847 0.192392 -0.043722
v -0.043316 0.196372 -0.043722
v -0.047273 0.193089 -0.044001
v -0.044553 0.197367 -0.044001
v -0.044966 0.197697 -0.044832
v -0.047748 0.193323 -0.044832
v -0.047748 0.193323 -0.046558
v -0.044966 0.197697 -0.046558
v -0.008205 0.197697 -0.046558
v -0.005423 0.193323 -0.046558
v -0.005423 0.193323 -0.044832
v -0.008205 0.197697 -0.044832
v -0.008617 0.197367 -0.044001
v -0.005900 0.193089 -0.044001
v -0.004165 0.188245 -0.044001
v -0.007326 0.192392 -0.043722
v -0.005712 0.187885 -0.043722
v -0.005144 0.182967 -0.043722
v -0.047462 0.187885 -0.043722
v -0.048029 0.182967 -0.043722
v -0.049006 0.188245 -0.044001
v -0.049616 0.182968 -0.044001
v -0.049522 0.188364 -0.044832
v -0.050147 0.182968 -0.044832
v -0.049522 0.188364 -0.046558
v -0.050147 0.182967 -0.046558
v -0.003649 0.188364 -0.046558
v -0.003028 0.182967 -0.046558
v -0.003028 0.182968 -0.044832
v -0.003649 0.188364 -0.044832
v -0.003555 0.182968 -0.044001
v -0.004165 0.177690 -0.044001
v -0.005900 0.172842 -0.044001
v -0.007326 0.173540 -0.043722
v -0.005712 0.178051 -0.043722
v -0.047462 0.178051 -0.043722
v -0.045847 0.173540 -0.043722
v -0.049006 0.177690 -0.044001
v -0.047273 0.172842 -0.044001
v -0.047748 0.172612 -0.044832
v -0.049522 0.177568 -0.044832
v -0.047748 0.172612 -0.046558
v -0.049522 0.177568 -0.046558
v -0.044966 0.168234 -0.044832
v -0.044966 0.168234 -0.046558
v -0.041316 0.164585 -0.044832
v -0.041316 0.164585 -0.046558
v -0.036939 0.161804 -0.044832
v -0.036939 0.161804 -0.046558
v -0.011858 0.164585 -0.044832
v -0.011858 0.164585 -0.046558
v -0.016231 0.161804 -0.046558
v -0.016231 0.161804 -0.044832
v -0.016463 0.162277 -0.044001
v -0.012185 0.164998 -0.044001
v -0.017159 0.163706 -0.043722
v -0.013180 0.166236 -0.043722
v -0.039991 0.166236 -0.043722
v -0.036012 0.163706 -0.043722
v -0.040986 0.164998 -0.044001
v -0.036708 0.162277 -0.044001
v -0.031864 0.160545 -0.044001
v -0.031983 0.160030 -0.044832
v -0.026587 0.159408 -0.044832
v -0.026587 0.159408 -0.046558
v -0.031983 0.160030 -0.046558
v -0.021188 0.160030 -0.044832
v -0.021188 0.160030 -0.046558
v -0.026587 0.159936 -0.044001
v -0.021309 0.160545 -0.044001
v -0.026587 0.161525 -0.043722
v -0.021669 0.162092 -0.043722
v -0.031504 0.162092 -0.043722
v -0.044553 0.168568 -0.044001
v -0.043316 0.169560 -0.043722
v -0.009858 0.169560 -0.043722
v -0.008617 0.168568 -0.044001
v -0.005423 0.172612 -0.044832
v -0.008205 0.168234 -0.044832
v -0.005423 0.172612 -0.046558
v -0.008205 0.168234 -0.046558
v -0.003649 0.177568 -0.044832
v -0.003649 0.177568 -0.046558
v -0.021188 0.205903 -0.046558
v -0.021669 0.203840 -0.043722
v -0.021309 0.205387 -0.044001
v -0.021188 0.205903 -0.044832
v 0.008958 0.164941 0.003003
v 0.008958 0.162860 -0.002017
v 0.009915 0.165220 0.002840
v 0.009915 0.163172 -0.002102
v 0.010234 0.166057 0.002357
v 0.010234 0.164106 -0.002350
v 0.010234 0.169160 0.006401
v 0.010234 0.173203 0.009504
v 0.010234 0.177914 0.011454
v 0.010234 0.182968 0.012119
v 0.010234 0.188021 0.011454
v 0.010234 0.192729 0.009504
v 0.010234 0.196772 0.006401
v 0.010234 0.199875 0.002357
v 0.010234 0.201826 -0.002350
v 0.010234 0.202493 -0.007407
v 0.010234 0.201826 -0.012460
v 0.010234 0.199875 -0.017168
v 0.010234 0.196772 -0.021211
v 0.010234 0.192729 -0.024315
v 0.010234 0.188021 -0.026265
v 0.010234 0.182968 -0.026932
v 0.010234 0.177914 -0.026265
v 0.010234 0.173203 -0.024315
v 0.010234 0.169160 -0.021211
v 0.010234 0.166057 -0.017168
v 0.010234 0.164106 -0.012460
v 0.010234 0.163442 -0.007407
v 0.009915 0.168475 0.007086
v 0.009915 0.172721 0.010341
v 0.008958 0.172557 0.010620
v 0.008958 0.168247 0.007314
v 0.008958 0.182968 0.013411
v 0.008958 0.177580 0.012701
v 0.009915 0.182968 0.013086
v 0.009915 0.177662 0.012389
v 0.009915 0.188270 0.012389
v 0.009915 0.193214 0.010341
v 0.009915 0.197457 0.007086
v 0.009915 0.200712 0.002840
v 0.009915 0.202760 -0.002102
v 0.009915 0.203460 -0.007407
v 0.009915 0.202760 -0.012709
v 0.009915 0.200715 -0.017650
v 0.009915 0.197457 -0.021897
v 0.009915 0.193214 -0.025152
v 0.009915 0.188270 -0.027199
v 0.009915 0.182968 -0.027897
v 0.009915 0.177662 -0.027199
v 0.009915 0.172721 -0.025152
v 0.009915 0.168475 -0.021897
v 0.009915 0.165220 -0.017650
v 0.009915 0.163172 -0.012709
v 0.009915 0.162475 -0.007407
v 0.008958 0.162860 -0.012794
v 0.008958 0.162150 -0.007407
v -0.021214 0.162860 -0.012794
v -0.026550 0.162150 -0.007407
v -0.021217 0.162860 -0.042426
v -0.026550 0.162150 -0.042423
v -0.021304 0.163175 -0.043394
v -0.026550 0.162478 -0.043391
v -0.021551 0.164115 -0.043716
v -0.026550 0.163451 -0.043713
v -0.016892 0.166066 -0.043719
v -0.036211 0.166066 -0.043719
v -0.031553 0.164115 -0.043716
v -0.036694 0.165220 -0.043397
v -0.031801 0.163175 -0.043394
v -0.031885 0.162860 -0.042426
v -0.036855 0.164941 -0.042429
v -0.036855 0.164941 -0.017814
v -0.031885 0.162860 -0.012794
v -0.075888 0.162860 -0.012794
v -0.075888 0.162150 -0.007407
v -0.076845 0.162475 -0.007407
v -0.076845 0.163172 -0.012709
v -0.077164 0.164106 -0.012460
v -0.077164 0.163439 -0.007407
v -0.077164 0.166057 -0.017168
v -0.077164 0.169160 -0.021211
v -0.077164 0.173203 -0.024315
v -0.077164 0.177914 -0.026265
v -0.077164 0.182968 -0.026932
v -0.077164 0.188021 -0.026265
v -0.077164 0.192729 -0.024315
v -0.077164 0.196772 -0.021211
v -0.077164 0.199875 -0.017168
v -0.077164 0.201826 -0.012460
v -0.077164 0.202490 -0.007407
v -0.077164 0.201826 -0.002350
v -0.077164 0.199875 0.002357
v -0.077164 0.196772 0.006401
v -0.077164 0.192729 0.009504
v -0.077164 0.188021 0.011454
v -0.077164 0.182968 0.012119
v -0.077164 0.177914 0.011454
v -0.077164 0.173203 0.009504
v -0.077164 0.169160 0.006401
v -0.077164 0.166057 0.002357
v -0.077164 0.164106 -0.002350
v -0.076845 0.165220 -0.017653
v -0.076845 0.168475 -0.021897
v -0.075888 0.164941 -0.017814
v -0.075888 0.168247 -0.022124
v -0.041122 0.168247 -0.022124
v -0.044398 0.172557 -0.025431
v -0.075888 0.172557 -0.025431
v -0.046455 0.177577 -0.027512
v -0.075888 0.177577 -0.027512
v -0.076845 0.172721 -0.025152
v -0.076845 0.177662 -0.027199
v -0.076845 0.182968 -0.027897
v -0.076845 0.188270 -0.027199
v -0.076845 0.193214 -0.025152
v -0.076845 0.197457 -0.021897
v -0.076845 0.200712 -0.017650
v -0.076845 0.202760 -0.012709
v -0.076845 0.203460 -0.007407
v -0.076845 0.202760 -0.002102
v -0.076845 0.200712 0.002840
v -0.076845 0.197457 0.007086
v -0.076845 0.193214 0.010341
v -0.076845 0.188270 0.012389
v -0.076845 0.182968 0.013086
v -0.076845 0.177662 0.012389
v -0.076845 0.172721 0.010341
v -0.076845 0.168475 0.007086
v -0.076845 0.165220 0.002840
v -0.076845 0.163172 -0.002102
v -0.075888 0.164941 0.003003
v -0.075888 0.162860 -0.002017
v -0.075888 0.168247 0.007314
v -0.075888 0.172557 0.010620
v -0.075888 0.177577 0.012701
v -0.075888 0.182968 0.013411
v -0.026550 0.203782 -0.007407
v -0.075888 0.203782 -0.007407
v -0.075888 0.203072 -0.012794
v -0.031885 0.203072 -0.012794
v -0.075888 0.200991 -0.017814
v -0.036855 0.200995 -0.017814
v -0.075888 0.197685 -0.022124
v -0.041122 0.197685 -0.022124
v -0.075888 0.193375 -0.025431
v -0.044398 0.193375 -0.025431
v -0.075888 0.188355 -0.027512
v -0.046455 0.188355 -0.027512
v -0.075888 0.182968 -0.028221
v -0.047159 0.182968 -0.028221
v -0.047159 0.182968 -0.042436
v -0.046455 0.188355 -0.042436
v -0.046837 0.182968 -0.043403
v -0.046145 0.188270 -0.043403
v -0.045869 0.182967 -0.043725
v -0.045210 0.188018 -0.043725
v -0.007893 0.188018 -0.043725
v -0.007234 0.182967 -0.043725
v -0.006266 0.182968 -0.043403
v -0.006959 0.188270 -0.043403
v -0.006649 0.188355 -0.042436
v -0.005945 0.182968 -0.042436
v -0.005945 0.182968 -0.028221
v -0.006649 0.188355 -0.027512
v -0.008705 0.193375 -0.042432
v -0.008705 0.193375 -0.025431
v -0.011982 0.197685 -0.042433
v -0.011982 0.197685 -0.022124
v -0.016249 0.200995 -0.017814
v -0.016249 0.200995 -0.042429
v -0.021214 0.203078 -0.012794
v -0.021217 0.203072 -0.042426
v -0.026550 0.203782 -0.042423
v -0.031885 0.203072 -0.042426
v -0.031801 0.202760 -0.043394
v -0.026550 0.203457 -0.043391
v -0.031553 0.201817 -0.043716
v -0.026550 0.202481 -0.043713
v -0.036211 0.199866 -0.043719
v -0.021551 0.201817 -0.043716
v -0.016892 0.199866 -0.043719
v -0.016410 0.200712 -0.043397
v -0.021304 0.202760 -0.043394
v -0.012209 0.197455 -0.043400
v -0.008984 0.193211 -0.043400
v -0.012892 0.196766 -0.043722
v -0.009821 0.192722 -0.043725
v -0.043282 0.192722 -0.043725
v -0.040212 0.196766 -0.043722
v -0.044120 0.193211 -0.043400
v -0.040895 0.197455 -0.043400
v -0.041122 0.197685 -0.042433
v -0.044398 0.193375 -0.042433
v -0.036855 0.200995 -0.042429
v -0.036694 0.200712 -0.043397
v 0.008958 0.203782 -0.007407
v 0.008958 0.203072 -0.012794
v 0.008958 0.200995 -0.017814
v 0.008958 0.197685 -0.022124
v 0.008958 0.193375 -0.025431
v 0.008958 0.188355 -0.027512
v 0.008958 0.182968 -0.028221
v 0.008958 0.177580 -0.027512
v 0.008958 0.172557 -0.025431
v 0.008958 0.168247 -0.022124
v 0.008958 0.164941 -0.017814
v -0.016249 0.164941 -0.017814
v -0.011982 0.168247 -0.022124
v -0.011982 0.168247 -0.042433
v -0.016249 0.164941 -0.042429
v -0.012209 0.168477 -0.043400
v -0.016410 0.165222 -0.043397
v -0.012892 0.169169 -0.043722
v -0.009821 0.173209 -0.043725
v -0.043282 0.173209 -0.043725
v -0.040212 0.169169 -0.043722
v -0.044120 0.172721 -0.043400
v -0.040895 0.168477 -0.043400
v -0.044398 0.172557 -0.042433
v -0.041122 0.168247 -0.042433
v -0.046455 0.177577 -0.042436
v -0.046145 0.177662 -0.043403
v -0.045210 0.177917 -0.043725
v -0.007893 0.177917 -0.043725
v -0.008984 0.172721 -0.043400
v -0.006959 0.177662 -0.043403
v -0.008705 0.172557 -0.042432
v -0.006649 0.177580 -0.042436
v -0.008705 0.172557 -0.025431
v -0.006649 0.177580 -0.027512
v 0.008958 0.203072 -0.002017
v 0.008958 0.200995 0.003003
v -0.075888 0.200991 0.003003
v -0.075888 0.203072 -0.002017
v 0.008958 0.197685 0.007314
v -0.075888 0.197685 0.007314
v 0.008958 0.193375 0.010620
v -0.075888 0.193375 0.010620
v 0.008958 0.188355 0.012701
v -0.075888 0.188355 0.012701
v -0.029777 0.196529 0.032654
v -0.029777 0.196529 0.004417
v -0.026587 0.196899 0.004417
v -0.026587 0.196899 0.032654
v -0.029708 0.196226 0.033485
v -0.026587 0.196587 0.033485
v -0.026587 0.195647 0.033761
v -0.029496 0.195310 0.033761
v -0.034515 0.192859 0.033761
v -0.032161 0.194358 0.033761
v -0.035104 0.193590 0.033485
v -0.032574 0.195201 0.033485
v -0.035299 0.193836 0.032654
v -0.032711 0.195480 0.032654
v -0.035299 0.193836 0.004417
v -0.032711 0.195480 0.004417
v -0.020460 0.195480 0.032654
v -0.020460 0.195480 0.004417
v -0.017871 0.193836 0.004417
v -0.017871 0.193836 0.032654
v -0.020596 0.195201 0.033485
v -0.018069 0.193590 0.033485
v -0.021008 0.194358 0.033761
v -0.018655 0.192859 0.033761
v -0.016689 0.190893 0.033761
v -0.037979 0.188537 0.033761
v -0.036482 0.190893 0.033761
v -0.038822 0.188950 0.033485
v -0.037216 0.191479 0.033485
v -0.037458 0.191676 0.032654
v -0.039105 0.189089 0.032654
v -0.039105 0.189089 0.004417
v -0.037458 0.191676 0.004417
v -0.015712 0.191676 0.004417
v -0.014067 0.189089 0.004417
v -0.014067 0.189089 0.032654
v -0.015712 0.191676 0.032654
v -0.014348 0.188950 0.033485
v -0.015958 0.191479 0.033485
v -0.013322 0.186085 0.033485
v -0.015191 0.188537 0.033761
v -0.014239 0.185870 0.033761
v -0.013901 0.182961 0.033761
v -0.038936 0.185870 0.033761
v -0.039269 0.182961 0.033761
v -0.039848 0.186085 0.033485
v -0.040210 0.182961 0.033485
v -0.040155 0.186156 0.032654
v -0.040521 0.182961 0.032654
v -0.040155 0.186156 0.004417
v -0.040521 0.182961 0.004417
v -0.013019 0.186156 0.032654
v -0.013019 0.186156 0.004417
v -0.012648 0.182961 0.004417
v -0.012648 0.182961 0.032654
v -0.012961 0.182961 0.033485
v -0.013322 0.179840 0.033485
v -0.014348 0.176974 0.033485
v -0.015191 0.177386 0.033761
v -0.014239 0.180053 0.033761
v -0.038936 0.180053 0.033761
v -0.037979 0.177386 0.033761
v -0.039848 0.179840 0.033485
v -0.038822 0.176974 0.033485
v -0.039105 0.176837 0.032654
v -0.040155 0.179768 0.032654
v -0.039105 0.176837 0.004417
v -0.040155 0.179768 0.004417
v -0.013019 0.179768 0.032654
v -0.013019 0.179768 0.004417
v -0.014067 0.176837 0.004417
v -0.014067 0.176837 0.032654
v -0.015712 0.174246 0.032654
v -0.015958 0.174444 0.033485
v -0.018069 0.172333 0.033485
v -0.018655 0.173067 0.033761
v -0.016689 0.175033 0.033761
v -0.036482 0.175033 0.033761
v -0.034515 0.173067 0.033761
v -0.037216 0.174444 0.033485
v -0.035104 0.172333 0.033485
v -0.035299 0.172090 0.032654
v -0.037458 0.174246 0.032654
v -0.035299 0.172090 0.004417
v -0.037458 0.174246 0.004417
v -0.015712 0.174246 0.004417
v -0.017871 0.172090 0.004417
v -0.017871 0.172090 0.032654
v -0.020460 0.170443 0.004417
v -0.020460 0.170443 0.032654
v -0.023393 0.169394 0.032654
v -0.020596 0.170725 0.033485
v -0.023463 0.169697 0.033485
v -0.023678 0.170613 0.033761
v -0.021008 0.171568 0.033761
v -0.032161 0.171568 0.033761
v -0.029496 0.170613 0.033761
v -0.032574 0.170725 0.033485
v -0.029708 0.169697 0.033485
v -0.029777 0.169394 0.032654
v -0.032711 0.170443 0.032654
v -0.029777 0.169394 0.004417
v -0.032711 0.170443 0.004417
v -0.026587 0.169024 0.004417
v -0.023393 0.169394 0.004417
v -0.023393 0.196529 0.004417
v -0.026587 0.169024 0.032654
v -0.026587 0.169339 0.033485
v -0.026587 0.170279 0.033761
v -0.023678 0.195310 0.033761
v -0.023463 0.196226 0.033485
v -0.023393 0.196529 0.032654
v -0.051966 0.049013 -0.199788
v -0.052803 0.049192 -0.199667
v -0.053568 0.044366 -0.199667
v -0.052718 0.044278 -0.199788
v -0.051371 0.048885 -0.200155
v -0.052109 0.044214 -0.200155
v -0.051745 0.044175 -0.200765
v -0.051011 0.048809 -0.200765
v -0.051623 0.044162 -0.201617
v -0.050893 0.048785 -0.201617
v -0.011836 0.083953 -0.201617
v -0.016458 0.083219 -0.201617
v -0.016483 0.083341 -0.200765
v -0.011848 0.084075 -0.200765
v -0.016559 0.083699 -0.200155
v -0.011887 0.084439 -0.200155
v -0.011948 0.085045 -0.199788
v -0.016685 0.084296 -0.199788
v -0.012040 0.085895 -0.199667
v -0.016861 0.085130 -0.199667
v 0.002539 0.085130 -0.199667
v -0.002284 0.085895 -0.199667
v -0.002375 0.085045 -0.199788
v 0.002363 0.084296 -0.199788
v 0.007259 0.083868 -0.199667
v 0.006992 0.083056 -0.199788
v 0.011818 0.082118 -0.199667
v 0.011469 0.081336 -0.199788
v 0.016171 0.079901 -0.199667
v 0.015744 0.079161 -0.199788
v 0.020267 0.077241 -0.199667
v 0.019762 0.076549 -0.199788
v 0.024060 0.074165 -0.199667
v 0.023490 0.073531 -0.199788
v 0.027515 0.070713 -0.199667
v 0.026881 0.070140 -0.199788
v 0.030588 0.066915 -0.199667
v 0.029896 0.066415 -0.199788
v 0.033247 0.062821 -0.199667
v 0.032509 0.062392 -0.199788
v 0.035466 0.058468 -0.199667
v 0.034686 0.058122 -0.199788
v 0.037216 0.053909 -0.199667
v 0.036403 0.053645 -0.199788
v 0.038480 0.049192 -0.199667
v 0.037644 0.049013 -0.199788
v 0.039246 0.044366 -0.199667
v 0.038396 0.044278 -0.199788
v 0.039500 0.039488 -0.199667
v 0.038645 0.039488 -0.199788
v 0.038396 0.034702 -0.199788
v 0.039246 0.034610 -0.199667
v 0.037644 0.029967 -0.199788
v 0.038480 0.029788 -0.199667
v 0.036403 0.025335 -0.199788
v 0.037216 0.025071 -0.199667
v -0.050725 0.025335 -0.199788
v -0.051966 0.029967 -0.199788
v -0.052803 0.029788 -0.199667
v -0.051539 0.025071 -0.199667
v -0.052718 0.034702 -0.199788
v -0.053568 0.034610 -0.199667
v -0.052968 0.039488 -0.199788
v -0.053822 0.039488 -0.199667
v -0.052109 0.034765 -0.200155
v -0.052357 0.039488 -0.200155
v -0.051745 0.034802 -0.200765
v -0.051990 0.039488 -0.200765
v -0.051623 0.034817 -0.201617
v -0.051870 0.039488 -0.201617
v -0.002488 0.083953 -0.201617
v -0.007161 0.084196 -0.201617
v -0.002475 0.084075 -0.200765
v -0.007161 0.084320 -0.200765
v -0.002436 0.084439 -0.200155
v -0.007161 0.084684 -0.200155
v -0.007161 0.085298 -0.199788
v 0.002160 0.083341 -0.200765
v 0.002236 0.083699 -0.200155
v 0.006692 0.082125 -0.200765
v 0.006808 0.082473 -0.200155
v 0.011072 0.080444 -0.200765
v 0.011224 0.080777 -0.200155
v 0.015254 0.078314 -0.200765
v 0.015437 0.078630 -0.200155
v 0.019190 0.075757 -0.200765
v 0.019405 0.076055 -0.200155
v 0.022835 0.072806 -0.200765
v 0.023081 0.073076 -0.200155
v 0.026154 0.069487 -0.200765
v 0.026426 0.069733 -0.200155
v 0.029108 0.065842 -0.200765
v 0.029401 0.066057 -0.200155
v 0.031663 0.061904 -0.200765
v 0.031981 0.062089 -0.200155
v 0.033795 0.057724 -0.200765
v 0.034129 0.057873 -0.200155
v 0.035475 0.053344 -0.200765
v 0.035822 0.053456 -0.200155
v 0.036691 0.048809 -0.200765
v 0.037049 0.048885 -0.200155
v 0.037425 0.044175 -0.200765
v 0.037786 0.044214 -0.200155
v 0.037668 0.039488 -0.200765
v 0.038035 0.039488 -0.200155
v 0.037425 0.034802 -0.200765
v 0.037786 0.034765 -0.200155
v 0.036691 0.030170 -0.200765
v 0.037049 0.030091 -0.200155
v 0.035475 0.025635 -0.200765
v 0.035822 0.025523 -0.200155
v 0.033795 0.021255 -0.200765
v 0.034129 0.021106 -0.200155
v 0.034686 0.020858 -0.199788
v 0.031981 0.016890 -0.200155
v 0.032509 0.016587 -0.199788
v 0.035466 0.020508 -0.199667
v 0.033247 0.016159 -0.199667
v 0.029896 0.012564 -0.199788
v 0.030588 0.012061 -0.199667
v 0.026881 0.008840 -0.199788
v 0.027515 0.008266 -0.199667
v 0.023490 0.005449 -0.199788
v 0.024060 0.004811 -0.199667
v 0.019762 0.002430 -0.199788
v 0.020267 0.001739 -0.199667
v 0.015744 -0.000182 -0.199788
v 0.016171 -0.000922 -0.199667
v 0.011469 -0.002359 -0.199788
v 0.011818 -0.003139 -0.199667
v 0.006992 -0.004076 -0.199788
v 0.007259 -0.004889 -0.199667
v 0.002363 -0.005317 -0.199788
v 0.002539 -0.006154 -0.199667
v -0.002375 -0.006066 -0.199788
v -0.002284 -0.006916 -0.199667
v -0.007161 -0.006318 -0.199788
v -0.007161 -0.007173 -0.199667
v -0.011948 -0.006066 -0.199788
v -0.012040 -0.006916 -0.199667
v -0.016685 -0.005317 -0.199788
v -0.016861 -0.006154 -0.199667
v -0.021315 -0.004076 -0.199788
v -0.021582 -0.004889 -0.199667
v -0.025793 -0.002359 -0.199788
v -0.026140 -0.003139 -0.199667
v -0.030066 -0.000182 -0.199788
v -0.030494 -0.000922 -0.199667
v -0.034086 0.002430 -0.199788
v -0.034589 0.001739 -0.199667
v -0.037813 0.005449 -0.199788
v -0.038383 0.004811 -0.199667
v -0.041205 0.008840 -0.199788
v -0.041838 0.008266 -0.199667
v -0.044220 0.012564 -0.199788
v -0.044912 0.012061 -0.199667
v -0.046831 0.016587 -0.199788
v -0.047572 0.016159 -0.199667
v -0.049009 0.020858 -0.199788
v -0.049789 0.020508 -0.199667
v -0.046303 0.016890 -0.200155
v -0.048451 0.021106 -0.200155
v -0.050147 0.025523 -0.200155
v -0.048117 0.021255 -0.200765
v -0.049798 0.025635 -0.200765
v -0.051371 0.030091 -0.200155
v -0.051011 0.030170 -0.200765
v -0.049682 0.025674 -0.201617
v -0.050893 0.030194 -0.201617
v -0.048006 0.021303 -0.201617
v -0.045882 0.017136 -0.201617
v -0.043332 0.013210 -0.201617
v -0.040385 0.009574 -0.201617
v -0.037076 0.006264 -0.201617
v -0.033439 0.003319 -0.201617
v -0.029517 0.000771 -0.201617
v -0.025346 -0.001355 -0.201617
v -0.020979 -0.003030 -0.201617
v -0.016458 -0.004243 -0.201617
v -0.011836 -0.004974 -0.201617
v -0.007161 -0.005220 -0.201617
v -0.002488 -0.004974 -0.201617
v 0.002136 -0.004243 -0.201617
v 0.006656 -0.003030 -0.201617
v 0.011023 -0.001355 -0.201617
v 0.015194 0.000771 -0.201617
v 0.019116 0.003319 -0.201617
v 0.022753 0.006264 -0.201617
v 0.026063 0.009574 -0.201617
v 0.029008 0.013210 -0.201617
v 0.031558 0.017136 -0.201617
v 0.033682 0.021303 -0.201617
v 0.035359 0.025674 -0.201617
v 0.036570 0.030194 -0.201617
v 0.037303 0.034817 -0.201617
v 0.037547 0.039488 -0.201617
v 0.037303 0.044162 -0.201617
v 0.036570 0.048785 -0.201617
v 0.035359 0.053305 -0.201617
v 0.033682 0.057673 -0.201617
v 0.031558 0.061843 -0.201617
v 0.029008 0.065769 -0.201617
v 0.026063 0.069406 -0.201617
v 0.022753 0.072715 -0.201617
v 0.019116 0.075661 -0.201617
v 0.015194 0.078208 -0.201617
v 0.011023 0.080331 -0.201617
v 0.006656 0.082009 -0.201617
v 0.002136 0.083219 -0.201617
v 0.031663 0.017075 -0.200765
v 0.029108 0.013138 -0.200765
v 0.029401 0.012922 -0.200155
v 0.026154 0.009492 -0.200765
v 0.026426 0.009246 -0.200155
v 0.022835 0.006173 -0.200765
v 0.023081 0.005900 -0.200155
v 0.019190 0.003222 -0.200765
v 0.019405 0.002925 -0.200155
v 0.015254 0.000665 -0.200765
v 0.015437 0.000349 -0.200155
v 0.011072 -0.001465 -0.200765
v 0.011224 -0.001801 -0.200155
v 0.006692 -0.003148 -0.200765
v 0.006808 -0.003497 -0.200155
v 0.002160 -0.004362 -0.200765
v 0.002236 -0.004719 -0.200155
v -0.002475 -0.005096 -0.200765
v -0.002436 -0.005459 -0.200155
v -0.007161 -0.005341 -0.200765
v -0.007161 -0.005708 -0.200155
v -0.011848 -0.005096 -0.200765
v -0.011887 -0.005459 -0.200155
v -0.016483 -0.004362 -0.200765
v -0.016559 -0.004719 -0.200155
v -0.021015 -0.003148 -0.200765
v -0.021127 -0.003497 -0.200155
v -0.025395 -0.001465 -0.200765
v -0.025543 -0.001801 -0.200155
v -0.029578 0.000665 -0.200765
v -0.029759 0.000349 -0.200155
v -0.033512 0.003222 -0.200765
v -0.033727 0.002925 -0.200155
v -0.037157 0.006173 -0.200765
v -0.037403 0.005900 -0.200155
v -0.040476 0.009492 -0.200765
v -0.040750 0.009246 -0.200155
v -0.043726 0.012922 -0.200155
v -0.043431 0.013138 -0.200765
v -0.045985 0.017075 -0.200765
v -0.007161 0.086153 -0.199667
v -0.021315 0.083056 -0.199788
v -0.021582 0.083868 -0.199667
v -0.026140 0.082118 -0.199667
v -0.025793 0.081336 -0.199788
v -0.021127 0.082473 -0.200155
v -0.025543 0.080777 -0.200155
v -0.025395 0.080444 -0.200765
v -0.021015 0.082125 -0.200765
v -0.025346 0.080331 -0.201617
v -0.020979 0.082009 -0.201617
v -0.029578 0.078314 -0.200765
v -0.029517 0.078208 -0.201617
v -0.033512 0.075757 -0.200765
v -0.033439 0.075661 -0.201617
v -0.037157 0.072806 -0.200765
v -0.037076 0.072715 -0.201617
v -0.040476 0.069487 -0.200765
v -0.040385 0.069406 -0.201617
v -0.043431 0.065842 -0.200765
v -0.043332 0.065769 -0.201617
v -0.045985 0.061904 -0.200765
v -0.045882 0.061843 -0.201617
v -0.048117 0.057724 -0.200765
v -0.048006 0.057673 -0.201617
v -0.049798 0.053344 -0.200765
v -0.049682 0.053305 -0.201617
v -0.048451 0.057873 -0.200155
v -0.050147 0.053456 -0.200155
v -0.049009 0.058122 -0.199788
v -0.050725 0.053645 -0.199788
v -0.049789 0.058468 -0.199667
v -0.051539 0.053909 -0.199667
v -0.030066 0.079161 -0.199788
v -0.030494 0.079901 -0.199667
v -0.034589 0.077241 -0.199667
v -0.034086 0.076549 -0.199788
v -0.029759 0.078630 -0.200155
v -0.033727 0.076055 -0.200155
v -0.037813 0.073531 -0.199788
v -0.037403 0.073076 -0.200155
v -0.041205 0.070140 -0.199788
v -0.040750 0.069733 -0.200155
v -0.044220 0.066415 -0.199788
v -0.043726 0.066057 -0.200155
v -0.046831 0.062392 -0.199788
v -0.046303 0.062089 -0.200155
v -0.044912 0.066915 -0.199667
v -0.047572 0.062821 -0.199667
v -0.041838 0.070713 -0.199667
v -0.038383 0.074165 -0.199667
v -0.057852 0.042145 -0.199667
v -0.020298 0.088520 -0.199667
v 0.000779 0.089624 -0.199667
v 0.011030 0.086880 -0.199667
v 0.020485 0.082063 -0.199667
v 0.028731 0.075383 -0.199667
v 0.035409 0.067135 -0.199667
v 0.040228 0.057680 -0.199667
v 0.042975 0.047430 -0.199667
v 0.043668 0.039488 -0.199667
v 0.043392 0.034175 -0.199667
v 0.041870 0.026352 -0.199667
v -0.054550 0.021298 -0.199667
v -0.057297 0.031547 -0.199667
v 0.038067 0.016444 -0.199667
v 0.032287 0.007544 -0.199667
v 0.024783 0.000040 -0.199667
v 0.015884 -0.005739 -0.199667
v 0.005976 -0.009543 -0.199667
v -0.004504 -0.011202 -0.199667
v -0.015102 -0.010647 -0.199667
v -0.025353 -0.007901 -0.199667
v -0.034808 -0.003083 -0.199667
v -0.043054 0.003595 -0.199667
v -0.049732 0.011843 -0.199667
v -0.009818 0.090181 -0.199667
v -0.030208 0.084719 -0.199667
v -0.056193 0.052628 -0.199667
v -0.039105 0.078938 -0.199667
v -0.052389 0.062534 -0.199667
v -0.046610 0.071434 -0.199667
v -0.275393 0.125249 -0.199667
v -0.275393 -0.178364 -0.199667
v -0.275393 0.127281 -0.199667
v 0.000001 -0.178364 -0.199667
v 0.275394 -0.178364 -0.199667
v 0.000001 0.127281 -0.199667
v 0.275394 0.127281 -0.199667
v -0.063468 -0.027322 -0.199667
v -0.083072 0.029973 -0.199667
v -0.061474 0.094684 -0.199667
v 0.055955 -0.003731 -0.199667
v -0.007161 -0.035961 -0.199667
v -0.007161 0.105713 -0.199667
v 0.049696 0.080025 -0.199667
v -0.042067 0.043158 -0.232994
v -0.041494 0.046789 -0.232994
v -0.014460 0.073821 -0.232994
v -0.010832 0.074398 -0.232994
v -0.042067 0.035821 -0.232994
v -0.042260 0.039488 -0.232994
v -0.007161 0.074587 -0.232994
v -0.003491 0.074398 -0.232994
v -0.040544 0.028643 -0.232994
v -0.041494 0.032190 -0.232994
v -0.039225 0.025211 -0.232994
v -0.037559 0.021941 -0.232994
v -0.035559 0.018859 -0.232994
v -0.033245 0.016004 -0.232994
v -0.030647 0.013405 -0.232994
v -0.027791 0.011092 -0.232994
v -0.024711 0.009092 -0.232994
v -0.021438 0.007423 -0.232994
v -0.018010 0.006109 -0.232994
v -0.014460 0.005156 -0.232994
v -0.010833 0.004582 -0.232994
v -0.007161 0.004389 -0.232994
v -0.003491 0.004581 -0.232994
v 0.000137 0.005156 -0.232994
v 0.003686 0.006109 -0.232994
v 0.007114 0.007422 -0.232994
v 0.010389 0.009092 -0.232994
v 0.013466 0.011092 -0.232994
v 0.016323 0.013405 -0.232994
v 0.018923 0.016004 -0.232994
v 0.021236 0.018859 -0.232994
v 0.023236 0.021941 -0.232994
v 0.024902 0.025211 -0.232994
v 0.026221 0.028643 -0.232994
v 0.027172 0.032193 -0.232994
v 0.027749 0.035821 -0.232994
v 0.027938 0.039488 -0.232994
v 0.027749 0.043158 -0.232994
v 0.027172 0.046786 -0.232994
v 0.026221 0.050335 -0.232994
v 0.024902 0.053765 -0.232994
v 0.023236 0.057039 -0.232994
v 0.021236 0.060120 -0.232994
v 0.018923 0.062976 -0.232994
v 0.016323 0.065574 -0.232994
v 0.013467 0.067887 -0.232994
v 0.010391 0.069886 -0.232994
v 0.007114 0.071553 -0.232994
v 0.003686 0.072870 -0.232994
v 0.000137 0.073821 -0.232994
v -0.021438 0.071553 -0.232994
v -0.018009 0.072870 -0.232994
v -0.024714 0.069885 -0.232994
v -0.027791 0.067887 -0.232994
v -0.030646 0.065574 -0.232994
v -0.033245 0.062976 -0.232994
v -0.035558 0.060120 -0.232994
v -0.037559 0.057039 -0.232994
v -0.039225 0.053765 -0.232994
v -0.040544 0.050335 -0.232994
v -0.020979 0.082009 -0.213203
v -0.020740 0.081278 -0.214086
v -0.025346 0.080331 -0.213203
v -0.025033 0.079629 -0.214086
v -0.029517 0.078208 -0.213203
v -0.029132 0.077543 -0.214086
v -0.033439 0.075661 -0.213203
v -0.032987 0.075039 -0.214086
v -0.037076 0.072715 -0.213203
v -0.036562 0.072144 -0.214086
v -0.040385 0.069406 -0.213203
v -0.039814 0.068891 -0.214086
v -0.043332 0.065769 -0.213203
v -0.042709 0.065317 -0.214086
v -0.045882 0.061843 -0.213203
v -0.045216 0.061459 -0.214086
v -0.048006 0.057673 -0.213203
v -0.047303 0.057360 -0.214086
v -0.049682 0.053305 -0.213203
v -0.048951 0.053067 -0.214086
v -0.050893 0.048785 -0.213203
v -0.050141 0.048626 -0.214086
v -0.051623 0.044162 -0.213203
v -0.050859 0.044082 -0.214086
v -0.051870 0.039488 -0.213203
v -0.051101 0.039488 -0.214086
v -0.051623 0.034817 -0.213203
v -0.050859 0.034898 -0.214086
v -0.050893 0.030194 -0.213203
v -0.050141 0.030354 -0.214086
v -0.049682 0.025674 -0.213203
v -0.048951 0.025912 -0.214086
v -0.048006 0.021303 -0.213203
v -0.047303 0.021616 -0.214086
v -0.045882 0.017136 -0.213203
v -0.045216 0.017520 -0.214086
v -0.043332 0.013210 -0.213203
v -0.042709 0.013662 -0.214086
v -0.040385 0.009574 -0.213203
v -0.039814 0.010088 -0.214086
v -0.037076 0.006264 -0.213203
v -0.036562 0.006836 -0.214086
v -0.033439 0.003319 -0.213203
v -0.032987 0.003941 -0.214086
v -0.029517 0.000771 -0.213203
v -0.029132 0.001437 -0.214086
v -0.025346 -0.001355 -0.213203
v -0.025033 -0.000653 -0.214086
v -0.020979 -0.003030 -0.213203
v -0.020740 -0.002299 -0.214086
v -0.016458 -0.004243 -0.213203
v -0.016298 -0.003491 -0.214086
v -0.011836 -0.004974 -0.213203
v -0.011756 -0.004210 -0.214086
v -0.007161 -0.005220 -0.213203
v -0.007161 -0.004451 -0.214086
v -0.002488 -0.004974 -0.213203
v -0.002568 -0.004210 -0.214086
v 0.002136 -0.004243 -0.213203
v 0.001975 -0.003491 -0.214086
v 0.006656 -0.003030 -0.213203
v 0.006418 -0.002299 -0.214086
v 0.011023 -0.001355 -0.213203
v 0.010709 -0.000653 -0.214086
v 0.015194 0.000771 -0.213203
v 0.014810 0.001437 -0.214086
v 0.019116 0.003319 -0.213203
v 0.018664 0.003941 -0.214086
v 0.022753 0.006264 -0.213203
v 0.022238 0.006836 -0.214086
v 0.026063 0.009574 -0.213203
v 0.025492 0.010088 -0.214086
v 0.029008 0.013210 -0.213203
v 0.028386 0.013662 -0.214086
v 0.031558 0.017136 -0.213203
v 0.030893 0.017520 -0.214086
v 0.033682 0.021303 -0.213203
v 0.032979 0.021616 -0.214086
v 0.035359 0.025674 -0.213203
v 0.034628 0.025912 -0.214086
v 0.036570 0.030194 -0.213203
v 0.035819 0.030354 -0.214086
v 0.037303 0.034817 -0.213203
v 0.036539 0.034898 -0.214086
v 0.037547 0.039488 -0.213203
v 0.036779 0.039488 -0.214086
v 0.037303 0.044162 -0.213203
v 0.036539 0.044082 -0.214086
v 0.036570 0.048785 -0.213203
v 0.035819 0.048625 -0.214086
v 0.035359 0.053305 -0.213203
v 0.034628 0.053067 -0.214086
v 0.033682 0.057673 -0.213203
v 0.032979 0.057360 -0.214086
v 0.031558 0.061843 -0.213203
v 0.030893 0.061459 -0.214086
v 0.029008 0.065769 -0.213203
v 0.028386 0.065317 -0.214086
v 0.026063 0.069406 -0.213203
v 0.025492 0.068891 -0.214086
v 0.022753 0.072715 -0.213203
v 0.022238 0.072144 -0.214086
v 0.019116 0.075661 -0.213203
v 0.018664 0.075039 -0.214086
v 0.015194 0.078208 -0.213203
v 0.014810 0.077543 -0.214086
v 0.011023 0.080331 -0.213203
v 0.010709 0.079629 -0.214086
v 0.006656 0.082009 -0.213203
v 0.006418 0.081278 -0.214086
v 0.002136 0.083219 -0.213203
v 0.001975 0.082468 -0.214086
v -0.002488 0.083953 -0.213203
v -0.002568 0.083189 -0.214086
v -0.007161 0.084196 -0.213203
v -0.007161 0.083428 -0.214086
v -0.011836 0.083953 -0.213203
v -0.011756 0.083189 -0.214086
v -0.016458 0.083219 -0.213203
v -0.016298 0.082468 -0.214086
v -0.042247 0.046949 -0.215216
v -0.041494 0.046789 -0.216099
v -0.042067 0.043158 -0.216099
v -0.042832 0.043239 -0.215216
v -0.010913 0.075161 -0.215216
v -0.010832 0.074398 -0.216099
v -0.014460 0.073821 -0.216099
v -0.014619 0.074572 -0.215216
v -0.043028 0.039488 -0.215216
v -0.042260 0.039488 -0.216099
v -0.042067 0.035821 -0.216099
v -0.042832 0.035741 -0.215216
v -0.003412 0.075161 -0.215216
v -0.003491 0.074398 -0.216099
v -0.007161 0.074587 -0.216099
v -0.007161 0.075355 -0.215216
v -0.042247 0.032030 -0.215216
v -0.041494 0.032190 -0.216099
v -0.040544 0.028643 -0.216099
v -0.041276 0.028405 -0.215216
v -0.039225 0.025211 -0.216099
v -0.039927 0.024898 -0.215216
v -0.037559 0.021941 -0.216099
v -0.038224 0.021557 -0.215216
v -0.035559 0.018859 -0.216099
v -0.036181 0.018407 -0.215216
v -0.033245 0.016004 -0.216099
v -0.033816 0.015489 -0.215216
v -0.030647 0.013405 -0.216099
v -0.031162 0.012833 -0.215216
v -0.027791 0.011092 -0.216099
v -0.028243 0.010470 -0.215216
v -0.024711 0.009092 -0.216099
v -0.025095 0.008426 -0.215216
v -0.021438 0.007423 -0.216099
v -0.021750 0.006721 -0.215216
v -0.018010 0.006109 -0.216099
v -0.018248 0.005378 -0.215216
v -0.014460 0.005156 -0.216099
v -0.014619 0.004404 -0.215216
v -0.010833 0.004582 -0.216099
v -0.010913 0.003818 -0.215216
v -0.007161 0.004389 -0.216099
v -0.007161 0.003620 -0.215216
v -0.003491 0.004581 -0.216099
v -0.003410 0.003817 -0.215216
v 0.000137 0.005156 -0.216099
v 0.000297 0.004404 -0.215216
v 0.003686 0.006109 -0.216099
v 0.003925 0.005378 -0.215216
v 0.007114 0.007422 -0.216099
v 0.007427 0.006720 -0.215216
v 0.010389 0.009092 -0.216099
v 0.010773 0.008426 -0.215216
v 0.013466 0.011092 -0.216099
v 0.013918 0.010471 -0.215216
v 0.016323 0.013405 -0.216099
v 0.016837 0.012834 -0.215216
v 0.018923 0.016004 -0.216099
v 0.019494 0.015489 -0.215216
v 0.021236 0.018859 -0.216099
v 0.021858 0.018407 -0.215216
v 0.023236 0.021941 -0.216099
v 0.023903 0.021557 -0.215216
v 0.024902 0.025211 -0.216099
v 0.025605 0.024898 -0.215216
v 0.026221 0.028643 -0.216099
v 0.026952 0.028405 -0.215216
v 0.027172 0.032193 -0.216099
v 0.027923 0.032033 -0.215216
v 0.027749 0.035821 -0.216099
v 0.028513 0.035740 -0.215216
v 0.027938 0.039488 -0.216099
v 0.028706 0.039488 -0.215216
v 0.027749 0.043158 -0.216099
v 0.028513 0.043239 -0.215216
v 0.027172 0.046786 -0.216099
v 0.027923 0.046946 -0.215216
v 0.026221 0.050335 -0.216099
v 0.026952 0.050573 -0.215216
v 0.024902 0.053765 -0.216099
v 0.025605 0.054079 -0.215216
v 0.023236 0.057039 -0.216099
v 0.023901 0.057423 -0.215216
v 0.021236 0.060120 -0.216099
v 0.021858 0.060572 -0.215216
v 0.018923 0.062976 -0.216099
v 0.019494 0.063490 -0.215216
v 0.016323 0.065574 -0.216099
v 0.016839 0.066145 -0.215216
v 0.013467 0.067887 -0.216099
v 0.013919 0.068509 -0.215216
v 0.010391 0.069886 -0.216099
v 0.010775 0.070552 -0.215216
v 0.007114 0.071553 -0.216099
v 0.007427 0.072255 -0.215216
v 0.003686 0.072870 -0.216099
v 0.003924 0.073601 -0.215216
v 0.000137 0.073821 -0.216099
v 0.000297 0.074572 -0.215216
v -0.021438 0.071553 -0.216099
v -0.021750 0.072255 -0.215216
v -0.018246 0.073601 -0.215216
v -0.018009 0.072870 -0.216099
v -0.024714 0.069885 -0.216099
v -0.025098 0.070551 -0.215216
v -0.027791 0.067887 -0.216099
v -0.028243 0.068509 -0.215216
v -0.030646 0.065574 -0.216099
v -0.031161 0.066146 -0.215216
v -0.033245 0.062976 -0.216099
v -0.033816 0.063490 -0.215216
v -0.035558 0.060120 -0.216099
v -0.036180 0.060572 -0.215216
v -0.037559 0.057039 -0.216099
v -0.038225 0.057423 -0.215216
v -0.039225 0.053765 -0.216099
v -0.039927 0.054078 -0.215216
v -0.040544 0.050335 -0.216099
v -0.041276 0.050573 -0.215216
v 0.279353 0.129214 -0.199069
v 0.277368 0.127281 -0.199555
v 0.279308 0.127281 -0.199169
v 0.277433 0.129320 -0.199512
v 0.275394 0.129255 -0.199555
v 0.279308 -0.178364 -0.199166
v 0.277368 -0.178364 -0.199555
v 0.286591 0.127496 -0.045581
v 0.285959 0.127402 -0.046033
v 0.285959 -0.178485 -0.046033
v 0.286591 -0.178579 -0.045581
v 0.285510 0.127336 -0.046664
v 0.285510 -0.178416 -0.046664
v 0.285149 0.127281 -0.189912
v 0.285038 0.127281 -0.191886
v 0.285038 -0.178364 -0.191886
v 0.285149 -0.178364 -0.189912
v 0.284649 0.127281 -0.193825
v 0.284649 -0.178364 -0.193825
v 0.283897 0.127281 -0.195651
v 0.283897 -0.178364 -0.195651
v 0.282711 0.127281 -0.197228
v 0.282711 -0.178364 -0.197228
v 0.281134 0.127281 -0.198414
v 0.281134 -0.178364 -0.198414
v 0.282641 0.129077 -0.197158
v 0.281127 0.129120 -0.198293
v 0.279298 0.131182 -0.198523
v 0.280948 0.131061 -0.197768
v 0.279174 0.132835 -0.197768
v 0.280706 0.132592 -0.197089
v 0.280575 0.133657 -0.196291
v 0.279098 0.134140 -0.196773
v 0.277233 0.133011 -0.198293
v 0.277190 0.134525 -0.197158
v 0.275394 0.134597 -0.197228
v 0.275394 0.133021 -0.198414
v 0.277326 0.131237 -0.199069
v 0.275394 0.131194 -0.199169
v 0.275610 -0.189557 -0.045581
v 0.275516 -0.188926 -0.046033
v 0.275449 -0.188477 -0.046664
v 0.275394 -0.182277 -0.199166
v 0.275394 -0.180339 -0.199555
v -0.275393 -0.180339 -0.199555
v -0.275393 -0.182277 -0.199166
v 0.277326 -0.182320 -0.199069
v 0.277433 -0.180399 -0.199509
v 0.279353 -0.180293 -0.199069
v 0.279298 -0.182265 -0.198523
v 0.281127 -0.180202 -0.198290
v 0.280948 -0.182144 -0.197768
v 0.282255 -0.182065 -0.196773
v 0.282641 -0.180157 -0.197158
v 0.283772 -0.180202 -0.195645
v 0.284549 -0.180293 -0.193867
v 0.284992 -0.180399 -0.191950
v 0.285038 -0.180339 -0.189912
v 0.285038 -0.180339 -0.048472
v 0.285149 -0.178361 -0.048472
v 0.285240 -0.178376 -0.047477
v 0.285125 -0.180366 -0.047477
v 0.285389 -0.180448 -0.046664
v 0.285829 -0.180587 -0.046033
v 0.286441 -0.180782 -0.045581
v 0.287401 -0.178701 -0.045311
v 0.287230 -0.181033 -0.045311
v 0.288390 -0.178849 -0.045220
v 0.288195 -0.181340 -0.045220
v 0.288195 0.130257 -0.045220
v 0.287613 0.132687 -0.045220
v 0.286708 0.132229 -0.045311
v 0.287230 0.129951 -0.045311
v 0.288390 0.127767 -0.045220
v 0.287401 0.127618 -0.045311
v 0.285966 0.131858 -0.045581
v 0.286441 0.129702 -0.045581
v 0.285829 0.129505 -0.046033
v 0.285392 0.131567 -0.046033
v 0.284980 0.131361 -0.046664
v 0.285389 0.129368 -0.046664
v 0.284734 0.131237 -0.047477
v 0.285125 0.129283 -0.047477
v 0.284649 0.131194 -0.048472
v 0.285038 0.129256 -0.048472
v 0.285240 0.127293 -0.047477
v 0.284649 0.131194 -0.189912
v 0.285038 0.129255 -0.189912
v 0.284549 0.131237 -0.191844
v 0.284992 0.129320 -0.191950
v 0.284549 0.129214 -0.193870
v 0.284006 0.131182 -0.193816
v 0.283772 0.129120 -0.195645
v 0.283250 0.131061 -0.195466
v 0.282255 0.130985 -0.196773
v 0.281773 0.132462 -0.196291
v 0.282571 0.132592 -0.195223
v 0.281382 0.133266 -0.195900
v 0.281773 0.133657 -0.195093
v 0.280706 0.134455 -0.195223
v 0.279174 0.135134 -0.195466
v 0.280948 0.135134 -0.193691
v 0.279298 0.135893 -0.193816
v 0.277233 0.135659 -0.195645
v 0.277326 0.136436 -0.193870
v 0.275394 0.135784 -0.195651
v 0.275394 0.136536 -0.193825
v -0.275393 0.134597 -0.197228
v -0.277189 0.134525 -0.197158
v -0.277232 0.133011 -0.198293
v -0.275393 0.133021 -0.198414
v -0.277326 0.131237 -0.199069
v -0.275393 0.131194 -0.199169
v -0.275393 0.129255 -0.199555
v -0.277432 0.129320 -0.199512
v -0.277368 0.127281 -0.199555
v -0.277368 -0.178364 -0.199555
v -0.275515 -0.188926 -0.046033
v -0.275449 -0.188477 -0.046664
v -0.275610 -0.189557 -0.045581
v 0.286569 -0.186032 -0.045220
v 0.285753 -0.185444 -0.045311
v 0.284324 -0.187291 -0.045311
v 0.285031 -0.188001 -0.045220
v 0.283742 -0.186712 -0.045581
v 0.285082 -0.184962 -0.045581
v 0.283290 -0.186260 -0.046033
v 0.284565 -0.184585 -0.046033
v 0.282968 -0.185935 -0.046664
v 0.284194 -0.184316 -0.046664
v 0.282774 -0.185744 -0.047477
v 0.283970 -0.184155 -0.047477
v 0.283897 -0.184103 -0.048472
v 0.282711 -0.185677 -0.048472
v 0.279308 -0.187619 -0.048472
v 0.279308 -0.187619 -0.189912
v 0.277368 -0.188007 -0.189912
v 0.277368 -0.188007 -0.048472
v 0.279349 -0.187701 -0.047477
v 0.277397 -0.188095 -0.047477
v 0.279474 -0.187946 -0.046664
v 0.277482 -0.188356 -0.046664
v 0.279680 -0.188359 -0.046033
v 0.277620 -0.188796 -0.046033
v 0.279972 -0.188935 -0.045581
v 0.277815 -0.189408 -0.045581
v 0.280345 -0.189675 -0.045311
v 0.278067 -0.190200 -0.045311
v 0.280800 -0.190579 -0.045220
v 0.278373 -0.191165 -0.045220
v 0.275734 -0.190367 -0.045311
v 0.283065 -0.189535 -0.045220
v 0.282477 -0.188720 -0.045311
v 0.281992 -0.188053 -0.045581
v 0.281616 -0.187531 -0.046033
v 0.281348 -0.187161 -0.046664
v 0.275410 -0.188207 -0.047477
v 0.281188 -0.186939 -0.047477
v 0.275394 -0.188116 -0.048472
v 0.281134 -0.186863 -0.048472
v 0.279353 -0.187518 -0.191844
v 0.277433 -0.187961 -0.191950
v 0.275394 -0.188116 -0.189912
v 0.275394 -0.188007 -0.191886
v -0.275393 -0.188007 -0.191886
v -0.275393 -0.188116 -0.189912
v -0.275393 -0.188116 -0.048472
v 0.277326 -0.187518 -0.193867
v 0.275394 -0.187619 -0.193825
v -0.275393 -0.187619 -0.193825
v 0.275394 -0.186863 -0.195651
v 0.277233 -0.186742 -0.195645
v 0.277190 -0.185608 -0.197158
v 0.275394 -0.185677 -0.197228
v -0.275393 -0.185677 -0.197228
v -0.275393 -0.186863 -0.195651
v 0.277233 -0.184094 -0.198290
v 0.275394 -0.184103 -0.198414
v 0.279098 -0.185222 -0.196773
v 0.279174 -0.183918 -0.197768
v 0.280575 -0.184740 -0.196291
v 0.280706 -0.183675 -0.197089
v 0.281773 -0.183545 -0.196291
v 0.281382 -0.184349 -0.195899
v 0.282571 -0.183675 -0.195223
v 0.281773 -0.184740 -0.195093
v 0.283250 -0.183918 -0.193691
v 0.282255 -0.185222 -0.193615
v 0.283772 -0.184094 -0.191750
v 0.282641 -0.185608 -0.191707
v 0.282711 -0.185677 -0.189912
v 0.283897 -0.184103 -0.189912
v 0.284649 -0.182277 -0.189912
v 0.284549 -0.182320 -0.191844
v 0.284649 -0.182277 -0.048472
v 0.281127 -0.186742 -0.191750
v 0.281134 -0.186863 -0.189912
v 0.279298 -0.186973 -0.193816
v 0.280948 -0.186217 -0.193691
v 0.279174 -0.186217 -0.195466
v 0.280706 -0.185538 -0.195223
v 0.284006 -0.182265 -0.193816
v 0.283250 -0.182144 -0.195466
v -0.275393 -0.184103 -0.198414
v 0.284734 -0.182317 -0.047477
v 0.284980 -0.182441 -0.046664
v 0.285392 -0.182650 -0.046033
v 0.285966 -0.182938 -0.045581
v 0.286708 -0.183311 -0.045311
v 0.287613 -0.183767 -0.045220
v 0.286569 0.134952 -0.045220
v 0.285753 0.134361 -0.045311
v 0.285031 0.136918 -0.045220
v 0.284324 0.136208 -0.045311
v 0.283065 0.138453 -0.045220
v 0.282477 0.137637 -0.045311
v 0.280345 0.138592 -0.045311
v 0.280800 0.139499 -0.045220
v 0.278067 0.139117 -0.045311
v 0.278373 0.140081 -0.045220
v 0.275734 0.139287 -0.045311
v 0.275879 0.140276 -0.045220
v 0.275449 0.137395 -0.046664
v 0.275410 0.137125 -0.047477
v 0.277482 0.137276 -0.046664
v 0.277397 0.137012 -0.047477
v 0.279474 0.136866 -0.046664
v 0.279349 0.136618 -0.047477
v 0.281348 0.136081 -0.046664
v 0.281188 0.135856 -0.047477
v 0.282968 0.134855 -0.046664
v 0.282774 0.134661 -0.047477
v 0.284194 0.133236 -0.046664
v 0.283970 0.133075 -0.047477
v 0.282711 0.134597 -0.048472
v 0.283897 0.133021 -0.048472
v 0.282711 0.134597 -0.189912
v 0.283897 0.133021 -0.189912
v 0.282641 0.134525 -0.191708
v 0.283772 0.133011 -0.191750
v 0.282255 0.134140 -0.193615
v 0.283250 0.132835 -0.193691
v 0.281127 0.135659 -0.191750
v 0.281134 0.135784 -0.189912
v 0.279353 0.136436 -0.191844
v 0.279308 0.136536 -0.189912
v 0.277368 0.136924 -0.189912
v 0.277433 0.136879 -0.191950
v 0.275394 0.136924 -0.191886
v 0.275394 0.137036 -0.189912
v -0.275393 0.136924 -0.191887
v -0.277326 0.136436 -0.193870
v -0.275393 0.136536 -0.193825
v -0.277432 0.136879 -0.191950
v -0.279349 0.136436 -0.191844
v -0.279297 0.135893 -0.193816
v -0.277232 0.135659 -0.195645
v -0.279173 0.135134 -0.195466
v -0.279098 0.134140 -0.196773
v -0.275393 0.135784 -0.195651
v -0.280575 0.133657 -0.196291
v -0.280705 0.134455 -0.195223
v -0.281382 0.133266 -0.195900
v -0.281773 0.133657 -0.195093
v -0.282567 0.132592 -0.195223
v -0.281773 0.132462 -0.196291
v -0.280705 0.132592 -0.197089
v -0.280947 0.131061 -0.197768
v -0.282255 0.130985 -0.196773
v -0.281127 0.129120 -0.198293
v -0.282640 0.129077 -0.197158
v -0.282710 0.127281 -0.197228
v -0.281133 0.127281 -0.198414
v -0.279307 0.127281 -0.199170
v -0.281133 -0.178364 -0.198414
v -0.279307 -0.178364 -0.199166
v -0.279349 0.129214 -0.199069
v -0.279349 -0.180293 -0.199069
v -0.281127 -0.180202 -0.198290
v -0.279297 -0.182265 -0.198523
v -0.280947 -0.182144 -0.197768
v -0.279173 -0.183918 -0.197768
v -0.280705 -0.183675 -0.197089
v -0.280575 -0.184740 -0.196291
v -0.279098 -0.185222 -0.196773
v -0.277232 -0.184094 -0.198290
v -0.277189 -0.185608 -0.197158
v -0.277326 -0.182320 -0.199069
v -0.277232 -0.186742 -0.195645
v -0.279173 -0.186217 -0.195466
v -0.279297 -0.186973 -0.193816
v -0.277326 -0.187518 -0.193867
v -0.279349 -0.187518 -0.191844
v -0.277432 -0.187961 -0.191950
v -0.277368 -0.188007 -0.189912
v -0.279307 -0.187619 -0.189912
v -0.279307 -0.187619 -0.048472
v -0.277368 -0.188007 -0.048472
v -0.279349 -0.187701 -0.047477
v -0.277396 -0.188092 -0.047477
v -0.279474 -0.187946 -0.046664
v -0.277482 -0.188356 -0.046664
v -0.275409 -0.188207 -0.047477
v -0.279680 -0.188359 -0.046033
v -0.277620 -0.188796 -0.046033
v -0.279972 -0.188935 -0.045581
v -0.277814 -0.189408 -0.045581
v -0.280344 -0.189675 -0.045311
v -0.278063 -0.190200 -0.045311
v -0.280799 -0.190579 -0.045220
v -0.278369 -0.191165 -0.045220
v -0.275730 -0.190367 -0.045311
v -0.275879 -0.191359 -0.045220
v -0.309535 0.212504 -0.045220
v -0.275879 0.140276 -0.045220
v -0.275730 0.139287 -0.045311
v -0.275610 0.138474 -0.045581
v -0.275515 0.137846 -0.046033
v -0.275449 0.137395 -0.046664
v -0.275409 0.137125 -0.047477
v -0.275393 0.137036 -0.048472
v 0.275394 0.137036 -0.048472
v 0.277368 0.136924 -0.048472
v 0.279308 0.136536 -0.048472
v 0.281134 0.135784 -0.048472
v -0.275393 0.137036 -0.189912
v -0.277368 0.136924 -0.189912
v -0.279307 0.136536 -0.189912
v -0.281133 0.135784 -0.189912
v -0.281127 0.135659 -0.191750
v -0.282710 0.134597 -0.189912
v -0.282640 0.134525 -0.191708
v -0.283896 0.133021 -0.189912
v -0.283772 0.133011 -0.191750
v -0.282255 0.134140 -0.193615
v -0.283251 0.132835 -0.193691
v -0.280947 0.135134 -0.193691
v -0.284005 0.131182 -0.193816
v -0.284548 0.131237 -0.191844
v -0.284548 0.129214 -0.193870
v -0.284991 0.129320 -0.191950
v -0.285036 0.127281 -0.191887
v -0.284649 0.127281 -0.193825
v -0.283896 0.127281 -0.195651
v -0.283772 0.129120 -0.195645
v -0.284649 -0.178364 -0.193825
v -0.283896 -0.178364 -0.195651
v -0.282710 -0.178364 -0.197228
v -0.283772 -0.180202 -0.195645
v -0.282640 -0.180157 -0.197158
v -0.282255 -0.182065 -0.196773
v -0.283251 -0.182144 -0.195466
v -0.281773 -0.183545 -0.196291
v -0.282567 -0.183675 -0.195223
v -0.281382 -0.184349 -0.195900
v -0.281773 -0.184740 -0.195093
v -0.280705 -0.185538 -0.195223
v -0.280947 -0.186217 -0.193691
v -0.282255 -0.185222 -0.193615
v -0.281127 -0.186742 -0.191750
v -0.282640 -0.185608 -0.191708
v -0.281133 -0.186863 -0.189912
v -0.282710 -0.185677 -0.189912
v -0.282710 -0.185677 -0.048472
v -0.281133 -0.186863 -0.048472
v -0.282775 -0.185744 -0.047477
v -0.281188 -0.186939 -0.047477
v -0.282968 -0.185935 -0.046664
v -0.281349 -0.187161 -0.046664
v -0.283291 -0.186260 -0.046033
v -0.281615 -0.187531 -0.046033
v -0.283742 -0.186712 -0.045581
v -0.281991 -0.188053 -0.045581
v -0.284323 -0.187291 -0.045311
v -0.282474 -0.188720 -0.045311
v -0.285031 -0.188001 -0.045220
v -0.283066 -0.189535 -0.045220
v -0.309535 -0.212504 -0.045220
v -0.278063 0.139117 -0.045311
v -0.278369 0.140081 -0.045220
v -0.280799 0.139499 -0.045220
v -0.280344 0.138592 -0.045311
v -0.277814 0.138328 -0.045581
v -0.279972 0.137852 -0.045581
v -0.277620 0.137713 -0.046033
v -0.279680 0.137276 -0.046033
v -0.277482 0.137276 -0.046664
v -0.279474 0.136866 -0.046664
v -0.277396 0.137012 -0.047477
v -0.279349 0.136618 -0.047477
v -0.277368 0.136924 -0.048472
v -0.279307 0.136536 -0.048472
v -0.285036 0.129255 -0.189912
v -0.285149 0.127281 -0.189912
v -0.285149 -0.178364 -0.189912
v -0.285036 -0.178364 -0.191886
v -0.284991 -0.180399 -0.191950
v -0.285036 -0.180339 -0.189912
v -0.284548 -0.182320 -0.191844
v -0.284649 -0.182277 -0.189912
v -0.283896 -0.184103 -0.189912
v -0.283772 -0.184094 -0.191750
v -0.284005 -0.182265 -0.193816
v -0.283251 -0.183918 -0.193691
v -0.284548 -0.180293 -0.193867
v -0.284649 -0.182277 -0.048472
v -0.283896 -0.184103 -0.048472
v -0.284733 -0.182317 -0.047477
v -0.283969 -0.184155 -0.047477
v -0.284980 -0.182441 -0.046664
v -0.284194 -0.184316 -0.046664
v -0.285392 -0.182650 -0.046033
v -0.284564 -0.184585 -0.046033
v -0.285966 -0.182938 -0.045581
v -0.285082 -0.184962 -0.045581
v -0.286705 -0.183311 -0.045311
v -0.285750 -0.185444 -0.045311
v -0.287611 -0.183767 -0.045220
v -0.286566 -0.186032 -0.045220
v -0.282474 0.137637 -0.045311
v -0.283066 0.138453 -0.045220
v -0.285031 0.136918 -0.045220
v -0.284323 0.136208 -0.045311
v -0.281991 0.136970 -0.045581
v -0.283742 0.135629 -0.045581
v -0.281615 0.136451 -0.046033
v -0.283291 0.135177 -0.046033
v -0.281349 0.136081 -0.046664
v -0.282968 0.134855 -0.046664
v -0.281188 0.135856 -0.047477
v -0.282775 0.134661 -0.047477
v -0.282710 0.134597 -0.048472
v -0.281133 0.135784 -0.048472
v -0.283969 0.133075 -0.047477
v -0.283896 0.133021 -0.048472
v -0.284733 0.131237 -0.047477
v -0.284649 0.131194 -0.048472
v -0.285125 0.129283 -0.047477
v -0.285036 0.129256 -0.048472
v -0.285238 0.127293 -0.047477
v -0.285149 0.127281 -0.048472
v -0.285036 -0.180339 -0.048472
v -0.285149 -0.178361 -0.048472
v -0.285238 -0.178376 -0.047477
v -0.285125 -0.180366 -0.047477
v -0.285510 -0.178416 -0.046664
v -0.285389 -0.180448 -0.046664
v -0.285959 -0.178485 -0.046033
v -0.285826 -0.180587 -0.046033
v -0.286590 -0.178579 -0.045581
v -0.286442 -0.180782 -0.045581
v -0.287400 -0.178701 -0.045311
v -0.287230 -0.181033 -0.045311
v -0.288388 -0.178849 -0.045220
v -0.288194 -0.181340 -0.045220
v -0.287400 0.127618 -0.045311
v -0.288388 0.127767 -0.045220
v -0.287230 0.129951 -0.045311
v -0.288194 0.130257 -0.045220
v -0.286705 0.132229 -0.045311
v -0.287611 0.132687 -0.045220
v -0.285750 0.134361 -0.045311
v -0.286566 0.134952 -0.045220
v -0.285082 0.133879 -0.045581
v -0.285966 0.131858 -0.045581
v -0.284564 0.133503 -0.046033
v -0.285392 0.131567 -0.046033
v -0.284194 0.133236 -0.046664
v -0.284980 0.131361 -0.046664
v -0.285826 0.129505 -0.046033
v -0.285389 0.129368 -0.046664
v -0.285959 0.127402 -0.046033
v -0.285510 0.127336 -0.046664
v -0.286590 0.127496 -0.045581
v -0.286442 0.129702 -0.045581
v 0.275879 -0.191359 -0.045220
v -0.284649 0.131194 -0.189912
v -0.283251 0.131061 -0.195466
v -0.277432 -0.180399 -0.199509
v -0.279297 0.131182 -0.198523
v -0.279173 0.132835 -0.197768
v 0.284565 0.133503 -0.046033
v 0.283290 0.135177 -0.046033
v 0.285082 0.133879 -0.045581
v 0.283742 0.135629 -0.045581
v 0.281616 0.136451 -0.046033
v 0.281992 0.136970 -0.045581
v 0.279680 0.137276 -0.046033
v 0.279972 0.137852 -0.045581
v 0.277620 0.137713 -0.046033
v 0.277815 0.138328 -0.045581
v 0.275516 0.137846 -0.046033
v 0.275610 0.138474 -0.045581
v 0.285149 0.127281 -0.048472
v 0.000001 0.129255 -0.199555
v 0.000001 0.131194 -0.199169
v 0.000001 0.133021 -0.198414
v 0.000001 0.134597 -0.197228
v 0.000001 0.135784 -0.195651
v 0.000001 0.136536 -0.193825
v 0.000001 0.136924 -0.191886
v 0.000001 0.137036 -0.189912
v 0.000001 -0.180339 -0.199555
v 0.000001 -0.182277 -0.199166
v 0.000001 -0.184103 -0.198414
v 0.000001 -0.185677 -0.197228
v 0.000001 -0.186863 -0.195651
v 0.000001 -0.187619 -0.193825
v 0.000001 -0.188007 -0.191886
v 0.000001 -0.188116 -0.189912
v 0.000536 -0.021473 -0.246280
v 0.309535 -0.212504 -0.045220
v 0.309535 0.212504 -0.045220
v 0.309535 -0.212504 -0.246284
v -0.309535 0.212504 -0.246284
v -0.309535 -0.212504 -0.246284
v 0.309535 0.212504 -0.246284
v 0.015355 0.131457 -0.077579
v -0.029677 0.131457 -0.077579
v -0.029677 0.138934 -0.077579
v 0.015355 0.138934 -0.077579
v -0.030175 0.131457 -0.077513
v -0.030175 0.138934 -0.077513
v -0.030621 0.131457 -0.077321
v -0.030621 0.138934 -0.077321
v 0.016299 0.138934 -0.077321
v 0.015853 0.138934 -0.077513
v -0.030999 0.138934 -0.077030
v -0.031291 0.138934 -0.076651
v -0.031482 0.138934 -0.076205
v -0.031549 0.138934 -0.075708
v -0.031549 0.138934 -0.065628
v -0.031482 0.138934 -0.065131
v -0.031291 0.138934 -0.064685
v -0.030999 0.138934 -0.064305
v -0.030621 0.138934 -0.064014
v -0.030175 0.138934 -0.063826
v -0.029677 0.138934 -0.063759
v 0.015355 0.138934 -0.063759
v 0.015853 0.138934 -0.063826
v 0.016299 0.138934 -0.064014
v 0.016677 0.138934 -0.064305
v 0.016968 0.138934 -0.064685
v 0.017159 0.138934 -0.065131
v 0.017226 0.138934 -0.065628
v 0.017226 0.138934 -0.075195
v 0.017226 0.138934 -0.075708
v 0.017159 0.138934 -0.076205
v 0.016968 0.138934 -0.076651
v 0.016677 0.138934 -0.077030
v 0.016299 0.131457 -0.077321
v 0.015853 0.131457 -0.077513
v 0.015837 0.131095 -0.077440
v 0.015352 0.131095 -0.077506
v 0.015337 0.130877 -0.077288
v -0.029659 0.130877 -0.077288
v -0.029674 0.131095 -0.077506
v -0.030160 0.131095 -0.077440
v -0.030118 0.130877 -0.077224
v -0.030484 0.130877 -0.077067
v -0.030587 0.131095 -0.077258
v -0.030949 0.131095 -0.076979
v -0.030999 0.131457 -0.077030
v -0.031228 0.131095 -0.076618
v -0.031291 0.131457 -0.076651
v -0.031409 0.131095 -0.076190
v -0.031482 0.131457 -0.076205
v -0.031477 0.131095 -0.075705
v -0.031549 0.131457 -0.075708
v -0.031549 0.131457 -0.065628
v -0.031482 0.131457 -0.065131
v -0.031291 0.131457 -0.064685
v -0.030999 0.131457 -0.064305
v -0.030621 0.131457 -0.064014
v -0.030175 0.131457 -0.063826
v -0.029677 0.131457 -0.063759
v 0.016677 0.131457 -0.064305
v 0.016968 0.131457 -0.064685
v 0.016626 0.131095 -0.064357
v 0.016904 0.131095 -0.064721
v 0.016714 0.130877 -0.064824
v 0.016471 0.130877 -0.064512
v 0.016392 0.130804 -0.064997
v 0.016214 0.130804 -0.064770
v 0.015337 0.130877 -0.064048
v 0.015312 0.130804 -0.064409
v 0.015722 0.130804 -0.064469
v 0.015795 0.130877 -0.064111
v 0.015352 0.131095 -0.063832
v 0.015837 0.131095 -0.063896
v 0.015355 0.131457 -0.063759
v 0.015853 0.131457 -0.063826
v 0.016299 0.131457 -0.064014
v 0.016265 0.131095 -0.064078
v 0.016162 0.130877 -0.064272
v 0.015989 0.130804 -0.064594
v 0.016872 0.130877 -0.065191
v 0.016514 0.130804 -0.065264
v 0.016574 0.130804 -0.065674
v 0.016935 0.130877 -0.065649
v 0.017087 0.131095 -0.065146
v 0.017153 0.131095 -0.065634
v 0.017159 0.131457 -0.065131
v 0.017226 0.131457 -0.065628
v 0.017153 0.131095 -0.075705
v 0.017226 0.131457 -0.075708
v 0.017159 0.131457 -0.076205
v 0.017087 0.131095 -0.076190
v 0.016968 0.131457 -0.076651
v 0.016904 0.131095 -0.076618
v 0.016626 0.131095 -0.076979
v 0.016677 0.131457 -0.077030
v 0.016265 0.131095 -0.077258
v 0.016471 0.130877 -0.076824
v 0.016162 0.130877 -0.077067
v 0.015795 0.130877 -0.077224
v 0.015989 0.130804 -0.076745
v 0.015722 0.130804 -0.076866
v 0.015312 0.130804 -0.076927
v -0.030044 0.130804 -0.076866
v -0.029635 0.130804 -0.076927
v -0.030312 0.130804 -0.076745
v -0.030536 0.130804 -0.076566
v -0.030795 0.130877 -0.076824
v -0.030715 0.130804 -0.076342
v -0.031037 0.130877 -0.076515
v -0.030836 0.130804 -0.076075
v -0.031195 0.130877 -0.076148
v -0.030897 0.130804 -0.075665
v -0.031258 0.130877 -0.075690
v -0.030897 0.130804 -0.065674
v -0.031258 0.130877 -0.065649
v -0.031195 0.130877 -0.065191
v -0.030836 0.130804 -0.065264
v -0.031037 0.130877 -0.064824
v -0.030715 0.130804 -0.064997
v -0.030795 0.130877 -0.064512
v -0.030536 0.130804 -0.064770
v -0.030484 0.130877 -0.064272
v -0.030312 0.130804 -0.064594
v -0.030118 0.130877 -0.064111
v -0.030044 0.130804 -0.064469
v -0.029659 0.130877 -0.064048
v -0.029635 0.130804 -0.064409
v -0.029674 0.131095 -0.063832
v -0.030160 0.131095 -0.063896
v -0.030587 0.131095 -0.064078
v -0.030949 0.131095 -0.064357
v -0.031228 0.131095 -0.064721
v -0.031409 0.131095 -0.065146
v -0.031477 0.131095 -0.065634
v 0.016574 0.130804 -0.075665
v 0.016935 0.130877 -0.075690
v 0.016872 0.130877 -0.076148
v 0.016514 0.130804 -0.076075
v 0.016714 0.130877 -0.076515
v 0.016392 0.130804 -0.076342
v 0.016214 0.130804 -0.076566
v -0.029787 0.138934 -0.079199
v -0.030603 0.138934 -0.079081
v -0.030603 0.131457 -0.079081
v -0.029787 0.131457 -0.079199
v -0.030653 0.130986 -0.079255
v -0.029800 0.130986 -0.079381
v -0.030783 0.130804 -0.079712
v -0.029835 0.130804 -0.079851
v 0.018846 0.131457 -0.065519
v 0.018846 0.138934 -0.065519
v 0.018846 0.138934 -0.074992
v 0.018846 0.138934 -0.075817
v 0.018846 0.131457 -0.075817
v 0.019029 0.130986 -0.075831
v 0.019029 0.130986 -0.065507
v 0.019499 0.130804 -0.075865
v 0.019499 0.130804 -0.065473
v -0.031440 0.138934 -0.078726
v -0.032150 0.138934 -0.078180
v -0.032150 0.131457 -0.078180
v -0.031440 0.131457 -0.078726
v -0.032280 0.130986 -0.078309
v -0.031533 0.130986 -0.078884
v -0.032614 0.130804 -0.078644
v -0.031771 0.130804 -0.079293
v -0.032853 0.130986 -0.077564
v -0.033263 0.130804 -0.077801
v -0.033681 0.130804 -0.076809
v -0.033351 0.130986 -0.075831
v -0.033821 0.130804 -0.075865
v -0.033351 0.130986 -0.065507
v -0.033225 0.130986 -0.064654
v -0.032853 0.130986 -0.063773
v -0.032280 0.130986 -0.063028
v -0.031533 0.130986 -0.062454
v -0.030653 0.130986 -0.062082
v -0.029800 0.130986 -0.061956
v 0.015477 0.130986 -0.061956
v 0.016330 0.130986 -0.062082
v 0.015513 0.130804 -0.061488
v 0.016458 0.130804 -0.061627
v 0.017211 0.130986 -0.062454
v 0.017447 0.130804 -0.062046
v 0.018291 0.130804 -0.062695
v 0.018531 0.130986 -0.063773
v 0.018941 0.130804 -0.063535
v 0.019359 0.130804 -0.064527
v 0.018902 0.130986 -0.064654
v 0.018728 0.131457 -0.064703
v 0.018373 0.131457 -0.063866
v 0.018373 0.138934 -0.063866
v 0.018728 0.138934 -0.064703
v 0.017117 0.138934 -0.078726
v 0.016280 0.138934 -0.079081
v 0.016280 0.131457 -0.079081
v 0.017117 0.131457 -0.078726
v 0.017827 0.138934 -0.063156
v 0.017117 0.138934 -0.062610
v 0.016280 0.138934 -0.062258
v 0.015464 0.138934 -0.062137
v -0.029787 0.138934 -0.062137
v -0.030603 0.138934 -0.062258
v -0.031440 0.138934 -0.062610
v -0.032150 0.138934 -0.063156
v -0.032695 0.138934 -0.063866
v -0.033051 0.138934 -0.064703
v -0.033169 0.138934 -0.065519
v -0.033169 0.138934 -0.075817
v -0.033051 0.138934 -0.076633
v -0.032695 0.138934 -0.077473
v 0.015464 0.138934 -0.079199
v 0.017827 0.138934 -0.078180
v 0.018373 0.138934 -0.077473
v 0.018728 0.138934 -0.076633
v -0.033169 0.131457 -0.065519
v -0.033169 0.131457 -0.075817
v -0.033225 0.130986 -0.076683
v -0.033051 0.131457 -0.076633
v -0.032695 0.131457 -0.077473
v -0.033051 0.131457 -0.064703
v -0.032695 0.131457 -0.063866
v -0.032150 0.131457 -0.063156
v -0.031440 0.131457 -0.062610
v -0.030603 0.131457 -0.062258
v -0.029787 0.131457 -0.062137
v 0.016280 0.131457 -0.062258
v 0.015464 0.131457 -0.062137
v 0.017117 0.131457 -0.062610
v 0.017827 0.131457 -0.063156
v 0.017956 0.130986 -0.063028
v 0.016330 0.130986 -0.079255
v 0.017827 0.131457 -0.078180
v 0.018531 0.130986 -0.077564
v 0.018373 0.131457 -0.077473
v 0.018728 0.131457 -0.076633
v 0.018902 0.130986 -0.076683
v 0.018941 0.130804 -0.077801
v 0.019359 0.130804 -0.076809
v 0.017956 0.130986 -0.078309
v 0.018291 0.130804 -0.078644
v 0.017211 0.130986 -0.078884
v 0.017447 0.130804 -0.079293
v 0.016458 0.130804 -0.079712
v 0.015513 0.130804 -0.079851
v 0.015477 0.130986 -0.079381
v 0.015464 0.131457 -0.079199
v -0.029835 0.130804 -0.061488
v -0.030783 0.130804 -0.061627
v -0.031771 0.130804 -0.062046
v -0.032614 0.130804 -0.062695
v -0.033263 0.130804 -0.063535
v -0.033681 0.130804 -0.064527
v -0.033821 0.130804 -0.065473
v 0.014558 0.130804 -0.079851
v -0.031106 0.139805 -0.080866
v -0.029923 0.139808 -0.081040
v 0.020688 0.139808 -0.075953
v 0.020688 0.139808 -0.065386
v -0.033462 0.139805 -0.079492
v -0.032375 0.139805 -0.080328
v -0.034299 0.139805 -0.078404
v -0.034835 0.139805 -0.077132
v -0.035010 0.139808 -0.075953
v 0.016782 0.139804 -0.060473
v 0.015599 0.139807 -0.060298
v 0.018052 0.139804 -0.061011
v 0.019139 0.139805 -0.061847
v 0.019976 0.139805 -0.062931
v 0.020512 0.139805 -0.064204
v 0.019976 0.139805 -0.078404
v 0.020512 0.139805 -0.077132
v 0.019140 0.139805 -0.079492
v 0.018052 0.139805 -0.080328
v 0.016782 0.139805 -0.080866
v 0.015599 0.139808 -0.081040
v -0.029923 0.139807 -0.060298
v -0.031106 0.139805 -0.060473
v -0.032375 0.139804 -0.061011
v -0.033461 0.139805 -0.061847
v -0.034298 0.139805 -0.062931
v -0.034835 0.139805 -0.064204
v -0.035010 0.139808 -0.065386
v 0.014558 0.139809 -0.081041
v -0.031036 0.130615 -0.080612
v -0.031106 0.130829 -0.080866
v -0.029903 0.130617 -0.080779
v -0.029923 0.130830 -0.081040
v 0.020427 0.130617 -0.075934
v 0.020688 0.130830 -0.075953
v 0.020427 0.130617 -0.065405
v 0.020688 0.130831 -0.065386
v -0.033276 0.130615 -0.079305
v -0.033462 0.130828 -0.079492
v -0.032243 0.130615 -0.080101
v -0.032375 0.130829 -0.080328
v -0.034071 0.130615 -0.078271
v -0.034299 0.130828 -0.078404
v -0.034581 0.130615 -0.077061
v -0.034835 0.130828 -0.077132
v -0.034750 0.130617 -0.075934
v -0.035010 0.130831 -0.075953
v 0.016710 0.130614 -0.060727
v 0.016782 0.130827 -0.060473
v 0.015580 0.130616 -0.060559
v 0.015599 0.130830 -0.060298
v 0.017920 0.130614 -0.061238
v 0.018052 0.130828 -0.061011
v 0.018952 0.130615 -0.062033
v 0.019139 0.130828 -0.061847
v 0.019748 0.130615 -0.063064
v 0.019976 0.130828 -0.062931
v 0.020259 0.130615 -0.064275
v 0.020512 0.130828 -0.064204
v 0.019749 0.130615 -0.078271
v 0.019976 0.130828 -0.078404
v 0.020259 0.130615 -0.077061
v 0.020512 0.130828 -0.077132
v 0.018954 0.130615 -0.079305
v 0.019140 0.130829 -0.079492
v 0.017920 0.130615 -0.080101
v 0.018052 0.130829 -0.080328
v 0.016710 0.130615 -0.080612
v 0.016782 0.130829 -0.080866
v 0.015580 0.130617 -0.080779
v 0.015599 0.130831 -0.081040
v -0.029903 0.130616 -0.060559
v -0.029923 0.130830 -0.060298
v -0.031036 0.130615 -0.060727
v -0.031106 0.130828 -0.060473
v -0.032242 0.130614 -0.061238
v -0.032375 0.130828 -0.061011
v -0.033275 0.130615 -0.062033
v -0.033461 0.130828 -0.061847
v -0.034071 0.130615 -0.063064
v -0.034298 0.130828 -0.062931
v -0.034583 0.130615 -0.064275
v -0.034835 0.130828 -0.064204
v -0.034750 0.130617 -0.065405
v -0.035010 0.130830 -0.065386
v 0.014558 0.130617 -0.080780
v 0.014558 0.130831 -0.081041
v -0.077164 0.182966 -0.007406
v 0.010234 0.169486 0.000378
v 0.010234 0.167931 -0.003375
v 0.010234 0.171960 0.003601
v 0.010234 0.175183 0.006075
v 0.010234 0.178939 0.007630
v 0.010234 0.182967 0.008160
v 0.010234 0.186996 0.007630
v 0.010234 0.190749 0.006075
v 0.010234 0.193973 0.003601
v 0.010234 0.196447 0.000378
v 0.010234 0.198002 -0.003375
v 0.010234 0.198533 -0.007407
v 0.010234 0.198002 -0.011435
v 0.010234 0.196447 -0.015188
v 0.010234 0.193973 -0.018412
v 0.010234 0.190749 -0.020886
v 0.010234 0.186996 -0.022441
v 0.010234 0.182967 -0.022973
v 0.010234 0.178939 -0.022441
v 0.010234 0.175183 -0.020886
v 0.010234 0.171960 -0.018412
v 0.010234 0.169486 -0.015188
v 0.010234 0.167931 -0.011435
v 0.010234 0.167401 -0.007407
v 0.023166 0.192985 -0.007626
v 0.018272 0.197878 -0.007626
v 0.011879 0.200526 -0.007626
v 0.008419 0.200867 -0.007626
v 0.025814 0.186526 -0.008301
v 0.024805 0.189789 -0.008950
v 0.023166 0.192796 -0.009548
v 0.020960 0.195432 -0.010073
v 0.018272 0.197595 -0.010503
v 0.015206 0.199202 -0.010823
v 0.011879 0.200192 -0.011019
v 0.008419 0.200526 -0.011086
v 0.025814 0.186329 -0.008950
v 0.024805 0.189402 -0.010223
v 0.023166 0.192235 -0.011397
v 0.020960 0.194718 -0.012425
v 0.018272 0.196756 -0.013269
v 0.015206 0.198270 -0.013896
v 0.011879 0.199202 -0.014283
v 0.008419 0.199517 -0.014413
v 0.025814 0.186009 -0.009548
v 0.024805 0.188775 -0.011397
v 0.023166 0.191325 -0.013100
v 0.020960 0.193559 -0.014593
v 0.018272 0.195393 -0.015819
v 0.015206 0.196756 -0.016729
v 0.011879 0.197595 -0.017290
v 0.008419 0.197878 -0.017479
v 0.025814 0.185579 -0.010073
v 0.024805 0.187931 -0.012425
v 0.023166 0.190099 -0.014593
v 0.020960 0.192000 -0.016494
v 0.018272 0.193559 -0.018053
v 0.015206 0.194718 -0.019212
v 0.011879 0.195432 -0.019926
v 0.008419 0.195673 -0.020167
v 0.025814 0.185054 -0.010503
v 0.024805 0.186903 -0.013269
v 0.023166 0.188606 -0.015819
v 0.020960 0.190099 -0.018053
v 0.018272 0.191325 -0.019887
v 0.015206 0.192235 -0.021250
v 0.011879 0.192796 -0.022089
v 0.008419 0.192985 -0.022372
v 0.026155 0.183132 -0.007626
v 0.025814 0.184456 -0.010823
v 0.024805 0.185729 -0.013896
v 0.023166 0.186903 -0.016729
v 0.020960 0.187931 -0.019212
v 0.018272 0.188775 -0.021250
v 0.015206 0.189402 -0.022764
v 0.011879 0.189789 -0.023696
v 0.008419 0.189919 -0.024011
v 0.025814 0.183807 -0.011019
v 0.024805 0.184456 -0.014283
v 0.023166 0.185054 -0.017290
v 0.020960 0.185579 -0.019926
v 0.018272 0.186009 -0.022089
v 0.015206 0.186329 -0.023696
v 0.011879 0.186526 -0.024686
v 0.008419 0.186592 -0.025020
v 0.025814 0.183132 -0.011086
v 0.024805 0.183132 -0.014413
v 0.023166 0.183132 -0.017479
v 0.020960 0.183132 -0.020167
v 0.018272 0.183132 -0.022372
v 0.015206 0.183132 -0.024011
v 0.011879 0.183132 -0.025020
v 0.008419 0.183132 -0.025361
v 0.025814 0.182457 -0.011019
v 0.024805 0.181808 -0.014283
v 0.023166 0.181210 -0.017290
v 0.020960 0.180686 -0.019926
v 0.018272 0.180255 -0.022089
v 0.015206 0.179936 -0.023696
v 0.011879 0.179739 -0.024686
v 0.008419 0.179672 -0.025020
v 0.025814 0.181808 -0.010823
v 0.024805 0.180535 -0.013896
v 0.023166 0.179361 -0.016729
v 0.020960 0.178333 -0.019212
v 0.018272 0.177489 -0.021250
v 0.015206 0.176862 -0.022764
v 0.011879 0.176476 -0.023696
v 0.008419 0.176345 -0.024011
v 0.025814 0.181210 -0.010503
v 0.024805 0.179361 -0.013269
v 0.023166 0.177658 -0.015819
v 0.020960 0.176165 -0.018053
v 0.018272 0.174940 -0.019887
v 0.015206 0.174029 -0.021250
v 0.011879 0.173468 -0.022089
v 0.008419 0.173279 -0.022372
v 0.025814 0.180686 -0.010073
v 0.024805 0.178333 -0.012425
v 0.023166 0.176165 -0.014593
v 0.020960 0.174265 -0.016494
v 0.018272 0.172705 -0.018053
v 0.015206 0.171546 -0.019212
v 0.011879 0.170832 -0.019926
v 0.008419 0.170591 -0.020167
v 0.025814 0.180255 -0.009548
v 0.024805 0.177489 -0.011397
v 0.023166 0.174940 -0.013100
v 0.020960 0.172705 -0.014593
v 0.018272 0.170871 -0.015819
v 0.015206 0.169508 -0.016729
v 0.011879 0.168669 -0.017290
v 0.008419 0.168386 -0.017479
v 0.025814 0.179936 -0.008950
v 0.024805 0.176862 -0.010223
v 0.023166 0.174029 -0.011397
v 0.020960 0.171546 -0.012425
v 0.018272 0.169508 -0.013269
v 0.015206 0.167994 -0.013896
v 0.011879 0.167062 -0.014283
v 0.008419 0.166747 -0.014413
v 0.025814 0.179739 -0.008301
v 0.024805 0.176476 -0.008950
v 0.023166 0.173468 -0.009548
v 0.020960 0.170832 -0.010073
v 0.018272 0.168669 -0.010503
v 0.015206 0.167062 -0.010823
v 0.011879 0.166072 -0.011019
v 0.008419 0.165738 -0.011086
v 0.025814 0.179672 -0.007626
v 0.024805 0.176345 -0.007626
v 0.023166 0.173279 -0.007626
v 0.020960 0.170591 -0.007626
v 0.018272 0.168386 -0.007626
v 0.015206 0.166747 -0.007626
v 0.011879 0.165738 -0.007626
v 0.008419 0.165397 -0.007626
v 0.025814 0.179739 -0.006951
v 0.024805 0.176476 -0.006302
v 0.023166 0.173468 -0.005704
v 0.020960 0.170832 -0.005179
v 0.018272 0.168669 -0.004749
v 0.015206 0.167062 -0.004429
v 0.011879 0.166072 -0.004233
v 0.008419 0.165738 -0.004166
v 0.025814 0.179936 -0.006302
v 0.024805 0.176862 -0.005029
v 0.023166 0.174029 -0.003855
v 0.020960 0.171546 -0.002827
v 0.018272 0.169508 -0.001983
v 0.015206 0.167994 -0.001356
v 0.011879 0.167062 -0.000969
v 0.008419 0.166747 -0.000839
v 0.025814 0.180255 -0.005704
v 0.024805 0.177489 -0.003855
v 0.023166 0.174940 -0.002152
v 0.020960 0.172705 -0.000659
v 0.018272 0.170871 0.000567
v 0.015206 0.169508 0.001477
v 0.011879 0.168669 0.002038
v 0.008419 0.168386 0.002227
v 0.025814 0.180686 -0.005179
v 0.024805 0.178333 -0.002827
v 0.023166 0.176165 -0.000659
v 0.020960 0.174265 0.001242
v 0.018272 0.172705 0.002801
v 0.015206 0.171546 0.003960
v 0.011879 0.170832 0.004674
v 0.008419 0.170592 0.004915
v 0.025814 0.181210 -0.004749
v 0.024805 0.179361 -0.001983
v 0.023166 0.177658 0.000567
v 0.020960 0.176165 0.002801
v 0.018272 0.174940 0.004635
v 0.015206 0.174029 0.005998
v 0.011879 0.173468 0.006837
v 0.008419 0.173279 0.007120
v 0.025814 0.181808 -0.004429
v 0.024805 0.180535 -0.001356
v 0.023166 0.179361 0.001477
v 0.020960 0.178333 0.003960
v 0.018272 0.177489 0.005998
v 0.015206 0.176862 0.007512
v 0.011879 0.176476 0.008444
v 0.008419 0.176345 0.008759
v 0.025814 0.182457 -0.004233
v 0.024805 0.181808 -0.000969
v 0.023166 0.181210 0.002038
v 0.020960 0.180686 0.004674
v 0.018272 0.180255 0.006837
v 0.015206 0.179936 0.008444
v 0.011879 0.179739 0.009434
v 0.008419 0.179672 0.009768
v 0.025814 0.183132 -0.004166
v 0.024805 0.183132 -0.000839
v 0.023166 0.183132 0.002227
v 0.020960 0.183132 0.004915
v 0.018272 0.183132 0.007120
v 0.015206 0.183132 0.008759
v 0.011879 0.183132 0.009768
v 0.008419 0.183132 0.010109
v 0.025814 0.183807 -0.004233
v 0.024805 0.184456 -0.000969
v 0.023166 0.185054 0.002038
v 0.020960 0.185579 0.004674
v 0.018272 0.186009 0.006837
v 0.015206 0.186329 0.008444
v 0.011879 0.186526 0.009434
v 0.008419 0.186592 0.009768
v 0.025814 0.184456 -0.004429
v 0.024805 0.185729 -0.001356
v 0.023166 0.186903 0.001477
v 0.020960 0.187931 0.003960
v 0.018272 0.188775 0.005998
v 0.015206 0.189402 0.007512
v 0.011879 0.189789 0.008444
v 0.008419 0.189919 0.008759
v 0.025814 0.185054 -0.004749
v 0.024805 0.186903 -0.001983
v 0.023166 0.188606 0.000567
v 0.020960 0.190099 0.002801
v 0.018272 0.191325 0.004635
v 0.015206 0.192235 0.005998
v 0.011879 0.192796 0.006837
v 0.008419 0.192985 0.007120
v 0.025814 0.185579 -0.005179
v 0.024805 0.187931 -0.002827
v 0.023166 0.190099 -0.000659
v 0.020960 0.192000 0.001242
v 0.018272 0.193559 0.002801
v 0.015206 0.194718 0.003960
v 0.011879 0.195432 0.004674
v 0.008419 0.195673 0.004915
v 0.025814 0.186009 -0.005704
v 0.024805 0.188775 -0.003855
v 0.023166 0.191325 -0.002152
v 0.020960 0.193559 -0.000659
v 0.018272 0.195393 0.000567
v 0.015206 0.196756 0.001477
v 0.011879 0.197595 0.002038
v 0.008419 0.197878 0.002227
v 0.025814 0.186329 -0.006302
v 0.024805 0.189402 -0.005029
v 0.023166 0.192235 -0.003855
v 0.020960 0.194718 -0.002827
v 0.018272 0.196756 -0.001983
v 0.015206 0.198270 -0.001356
v 0.011879 0.199202 -0.000969
v 0.008419 0.199517 -0.000839
v 0.025814 0.186526 -0.006951
v 0.024805 0.189789 -0.006302
v 0.023166 0.192796 -0.005704
v 0.020960 0.195432 -0.005179
v 0.018272 0.197595 -0.004749
v 0.015206 0.199202 -0.004429
v 0.011879 0.200192 -0.004233
v 0.008419 0.200526 -0.004166
v 0.025814 0.186592 -0.007626
v 0.024805 0.189919 -0.007626
v 0.020960 0.195673 -0.007626
v 0.015206 0.199517 -0.007626
v -0.008159 0.064910 -0.221631
v -0.011229 0.065168 -0.221094
v -0.012782 0.064291 -0.221631
v -0.009202 0.065408 -0.221094
v -0.009231 0.065784 -0.220791
v -0.011287 0.065541 -0.220791
v -0.011321 0.065754 -0.220287
v -0.009248 0.065996 -0.220287
v -0.009366 0.067513 -0.213408
v -0.011559 0.067255 -0.213408
v -0.013723 0.066824 -0.213408
v -0.013367 0.065344 -0.220287
v -0.015849 0.066224 -0.213408
v -0.015379 0.064780 -0.220287
v -0.017918 0.065462 -0.213408
v -0.017335 0.064055 -0.220287
v -0.017277 0.063848 -0.220791
v -0.015312 0.064577 -0.220791
v -0.013295 0.065144 -0.220791
v -0.013137 0.064795 -0.221094
v -0.015196 0.064216 -0.221094
v -0.018178 0.062396 -0.221631
v -0.017201 0.063473 -0.221094
v -0.018964 0.062657 -0.221094
v -0.020745 0.061659 -0.221094
v -0.022913 0.059469 -0.221631
v -0.022444 0.060524 -0.221094
v -0.024048 0.059260 -0.221094
v -0.025546 0.057873 -0.221094
v -0.026020 0.056578 -0.221631
v -0.008159 0.014069 -0.221631
v -0.012782 0.014688 -0.221631
v -0.011229 0.013808 -0.221094
v -0.009202 0.013569 -0.221094
v -0.007161 0.013489 -0.221094
v -0.005120 0.013569 -0.221094
v -0.005093 0.013195 -0.220791
v -0.007161 0.013114 -0.220791
v -0.005074 0.012980 -0.220287
v -0.007161 0.012898 -0.220287
v -0.007161 0.011378 -0.213408
v -0.004956 0.011466 -0.213408
v -0.002763 0.011724 -0.213408
v -0.003004 0.013226 -0.220287
v -0.000600 0.012155 -0.213408
v -0.000951 0.013635 -0.220287
v 0.001526 0.012752 -0.213408
v 0.001056 0.014200 -0.220287
v 0.003594 0.013517 -0.213408
v 0.003016 0.014924 -0.220287
v 0.002954 0.015131 -0.220791
v 0.000990 0.014403 -0.220791
v -0.001027 0.013835 -0.220791
v -0.001186 0.014184 -0.221094
v 0.000874 0.014760 -0.221094
v -0.002609 0.014484 -0.221631
v -0.003094 0.013808 -0.221094
v -0.003037 0.013438 -0.220791
v 0.002879 0.015506 -0.221094
v 0.003856 0.016584 -0.221631
v 0.000707 0.015273 -0.221631
v -0.005120 0.065408 -0.221094
v -0.005163 0.064871 -0.221631
v -0.007161 0.065490 -0.221094
v -0.005093 0.065784 -0.220791
v -0.007161 0.065865 -0.220791
v -0.005074 0.065996 -0.220287
v -0.007161 0.066081 -0.220287
v -0.007161 0.067601 -0.213408
v -0.004956 0.067513 -0.213408
v -0.004938 0.067728 -0.212904
v -0.007161 0.067813 -0.212904
v -0.009385 0.067728 -0.212904
v -0.011593 0.067464 -0.212904
v -0.009411 0.068101 -0.212601
v -0.011651 0.067837 -0.212601
v -0.009454 0.068641 -0.212498
v -0.013101 0.068098 -0.212498
v -0.013863 0.067398 -0.212601
v -0.016198 0.067300 -0.212498
v -0.016030 0.066785 -0.212601
v -0.013773 0.067031 -0.212904
v -0.015915 0.066427 -0.212904
v -0.018145 0.066005 -0.212601
v -0.018002 0.065660 -0.212904
v -0.020193 0.065062 -0.212601
v -0.020019 0.064728 -0.212904
v -0.022159 0.063961 -0.212601
v -0.021961 0.063639 -0.212904
v -0.024033 0.062708 -0.212601
v -0.023811 0.062405 -0.212904
v -0.025801 0.061313 -0.212601
v -0.025555 0.061027 -0.212904
v -0.025419 0.060867 -0.213408
v -0.023684 0.062232 -0.213408
v -0.024431 0.059708 -0.220287
v -0.022792 0.061000 -0.220287
v -0.021055 0.062162 -0.220287
v -0.021849 0.063457 -0.213408
v -0.019234 0.063181 -0.220287
v -0.019923 0.064537 -0.213408
v -0.019138 0.062991 -0.220791
v -0.020943 0.061980 -0.220791
v -0.022664 0.060827 -0.220791
v -0.024290 0.059547 -0.220791
v -0.025962 0.058292 -0.220287
v -0.025813 0.058140 -0.220791
v -0.027381 0.056757 -0.220287
v -0.027202 0.056638 -0.220791
v -0.026868 0.056451 -0.221094
v -0.028501 0.054994 -0.220791
v -0.028194 0.054773 -0.221094
v -0.027761 0.054455 -0.221631
v -0.029241 0.052143 -0.221631
v -0.030327 0.051294 -0.221094
v -0.031030 0.048294 -0.221631
v -0.031182 0.049441 -0.221094
v -0.031890 0.047524 -0.221094
v -0.032444 0.045558 -0.221094
v -0.032247 0.047639 -0.220791
v -0.032808 0.045646 -0.220791
v -0.032451 0.047705 -0.220287
v -0.033018 0.045697 -0.220287
v -0.033897 0.048176 -0.213408
v -0.034498 0.046052 -0.213408
v -0.034925 0.043887 -0.213408
v -0.033425 0.043650 -0.220287
v -0.035186 0.041696 -0.213408
v -0.033669 0.041575 -0.220287
v -0.035274 0.039488 -0.213408
v -0.033751 0.039488 -0.220287
v -0.035186 0.037283 -0.213408
v -0.033669 0.037404 -0.220287
v -0.033454 0.037395 -0.220791
v -0.033539 0.039488 -0.220791
v -0.033454 0.041584 -0.220791
v -0.033072 0.041627 -0.221094
v -0.033160 0.039488 -0.221094
v -0.032486 0.041809 -0.221631
v -0.032350 0.036091 -0.221631
v -0.033072 0.037353 -0.221094
v -0.032841 0.035423 -0.221094
v -0.032444 0.033422 -0.221094
v -0.031030 0.030682 -0.221631
v -0.031890 0.031456 -0.221094
v -0.031182 0.029539 -0.221094
v -0.030327 0.027685 -0.221094
v -0.031531 0.029396 -0.220791
v -0.030663 0.027516 -0.220791
v -0.031729 0.029314 -0.220287
v -0.030854 0.027418 -0.220287
v -0.033133 0.028732 -0.213408
v -0.032208 0.026727 -0.213408
v -0.031130 0.024801 -0.213408
v -0.029833 0.025596 -0.220287
v -0.029906 0.022966 -0.213408
v -0.028673 0.023860 -0.220287
v -0.028537 0.021234 -0.213408
v -0.027381 0.022220 -0.220287
v -0.027202 0.022341 -0.220791
v -0.028501 0.023985 -0.220791
v -0.029661 0.025729 -0.220791
v -0.029381 0.025987 -0.221094
v -0.028194 0.024206 -0.221094
v -0.029241 0.026836 -0.221631
v -0.026868 0.022529 -0.221094
v -0.026286 0.022729 -0.221631
v -0.025546 0.021103 -0.221094
v -0.023696 0.020129 -0.221631
v -0.024048 0.019720 -0.221094
v -0.021297 0.018337 -0.221631
v -0.022444 0.018455 -0.221094
v -0.020745 0.017321 -0.221094
v -0.018964 0.016322 -0.221094
v -0.017587 0.016275 -0.221631
v -0.015196 0.014760 -0.221094
v -0.017201 0.015506 -0.221094
v -0.015312 0.014403 -0.220791
v -0.017277 0.015131 -0.220791
v -0.015379 0.014200 -0.220287
v -0.017335 0.014924 -0.220287
v -0.017918 0.013517 -0.213408
v -0.015849 0.012752 -0.213408
v -0.013723 0.012155 -0.213408
v -0.013367 0.013635 -0.220287
v -0.013295 0.013835 -0.220791
v -0.011287 0.013438 -0.220791
v -0.011321 0.013226 -0.220287
v -0.009248 0.012980 -0.220287
v -0.009231 0.013195 -0.220791
v -0.009366 0.011466 -0.213408
v -0.011559 0.011724 -0.213408
v -0.011593 0.011512 -0.212904
v -0.009385 0.011251 -0.212904
v -0.007161 0.011163 -0.212904
v -0.004938 0.011251 -0.212904
v -0.004908 0.010875 -0.212601
v -0.007161 0.010787 -0.212601
v -0.004869 0.010338 -0.212498
v -0.008275 0.010292 -0.212498
v -0.004845 0.010056 -0.212558
v -0.007161 0.009965 -0.212558
v -0.007161 0.009826 -0.212731
v -0.004835 0.009917 -0.212731
v -0.007161 0.009834 -0.213023
v -0.004835 0.009926 -0.213023
v -0.007161 0.010132 -0.215902
v -0.004859 0.010220 -0.215902
v -0.002569 0.010492 -0.215902
v -0.002521 0.010198 -0.213023
v -0.000306 0.010942 -0.215902
v -0.000239 0.010654 -0.213023
v 0.001911 0.011566 -0.215902
v 0.002002 0.011284 -0.213023
v 0.004074 0.012365 -0.215902
v 0.004186 0.012091 -0.213023
v 0.006167 0.013329 -0.215902
v 0.006300 0.013065 -0.213023
v 0.008179 0.014457 -0.215902
v 0.008332 0.014202 -0.213023
v 0.010095 0.015738 -0.215902
v 0.010271 0.015498 -0.213023
v 0.011906 0.017163 -0.215902
v 0.012101 0.016939 -0.213023
v 0.013598 0.018728 -0.215902
v 0.013807 0.018519 -0.213023
v 0.015388 0.020230 -0.213023
v 0.015163 0.020424 -0.215902
v 0.016832 0.022059 -0.213023
v 0.016593 0.022232 -0.215902
v 0.018124 0.023994 -0.213023
v 0.017872 0.024149 -0.215902
v 0.019261 0.026026 -0.213023
v 0.018998 0.026160 -0.215902
v 0.020238 0.028140 -0.213023
v 0.019962 0.028256 -0.215902
v 0.021042 0.030325 -0.213023
v 0.020760 0.030418 -0.215902
v 0.021675 0.032566 -0.213023
v 0.021388 0.032636 -0.215902
v 0.022128 0.034850 -0.213023
v 0.021836 0.034896 -0.215902
v 0.022404 0.037162 -0.213023
v 0.022108 0.037186 -0.215902
v 0.022495 0.039488 -0.213023
v 0.022198 0.039488 -0.215902
v 0.022404 0.041815 -0.213023
v 0.022108 0.041794 -0.215902
v 0.022128 0.044129 -0.213023
v 0.021836 0.044084 -0.215902
v 0.021675 0.046413 -0.213023
v 0.021385 0.046343 -0.215902
v 0.021042 0.048655 -0.213023
v 0.020760 0.048561 -0.215902
v 0.020238 0.050839 -0.213023
v 0.019962 0.050724 -0.215902
v 0.019261 0.052953 -0.213023
v 0.018998 0.052820 -0.215902
v 0.018124 0.054985 -0.213023
v 0.017872 0.054831 -0.215902
v 0.016832 0.056921 -0.213023
v 0.016593 0.056747 -0.215902
v 0.015388 0.058750 -0.213023
v 0.015163 0.058555 -0.215902
v 0.013807 0.060460 -0.213023
v 0.013598 0.060248 -0.215902
v 0.011906 0.061814 -0.215902
v 0.012101 0.062040 -0.213023
v 0.010095 0.063242 -0.215902
v 0.010271 0.063482 -0.213023
v 0.008179 0.064522 -0.215902
v 0.008332 0.064777 -0.213023
v 0.006167 0.065647 -0.215902
v 0.006300 0.065914 -0.213023
v 0.004074 0.066615 -0.215902
v 0.004186 0.066888 -0.213023
v 0.001911 0.067413 -0.215902
v 0.002002 0.067695 -0.213023
v -0.000306 0.068038 -0.215902
v -0.000239 0.068325 -0.213023
v -0.002569 0.068487 -0.215902
v -0.002521 0.068781 -0.213023
v -0.004859 0.068757 -0.215902
v -0.004835 0.069054 -0.213023
v -0.007161 0.068848 -0.215902
v -0.007161 0.069145 -0.213023
v -0.009463 0.068757 -0.215902
v -0.009487 0.069054 -0.213023
v -0.011753 0.068487 -0.215902
v -0.011802 0.068781 -0.213023
v -0.014017 0.068038 -0.215902
v -0.014083 0.068325 -0.213023
v -0.016234 0.067413 -0.215902
v -0.016325 0.067695 -0.213023
v -0.018397 0.066615 -0.215902
v -0.018509 0.066888 -0.213023
v -0.020489 0.065647 -0.215902
v -0.020622 0.065914 -0.213023
v -0.022501 0.064522 -0.215902
v -0.022655 0.064777 -0.213023
v -0.024418 0.063242 -0.215902
v -0.024594 0.063482 -0.213023
v -0.026229 0.061814 -0.215902
v -0.026420 0.062040 -0.213023
v -0.027921 0.060248 -0.215902
v -0.028131 0.060460 -0.213023
v -0.029486 0.058555 -0.215902
v -0.029711 0.058750 -0.213023
v -0.030912 0.056747 -0.215902
v -0.031155 0.056921 -0.213023
v -0.032194 0.054831 -0.215902
v -0.032447 0.054985 -0.213023
v -0.033321 0.052820 -0.215902
v -0.033585 0.052953 -0.213023
v -0.034285 0.050724 -0.215902
v -0.034560 0.050839 -0.213023
v -0.035083 0.048561 -0.215902
v -0.035365 0.048655 -0.213023
v -0.035708 0.046343 -0.215902
v -0.036000 0.046413 -0.213023
v -0.036160 0.044084 -0.215902
v -0.036452 0.044129 -0.213023
v -0.036430 0.041794 -0.215902
v -0.036726 0.041815 -0.213023
v -0.036521 0.039488 -0.215902
v -0.036818 0.039488 -0.213023
v -0.036430 0.037186 -0.215902
v -0.036726 0.037162 -0.213023
v -0.036160 0.034896 -0.215902
v -0.036452 0.034850 -0.213023
v -0.035708 0.032636 -0.215902
v -0.036000 0.032566 -0.213023
v -0.035083 0.030418 -0.215902
v -0.035365 0.030325 -0.213023
v -0.034285 0.028256 -0.215902
v -0.034560 0.028140 -0.213023
v -0.033321 0.026160 -0.215902
v -0.033585 0.026026 -0.213023
v -0.032194 0.024149 -0.215902
v -0.032447 0.023994 -0.213023
v -0.030912 0.022232 -0.215902
v -0.031155 0.022059 -0.213023
v -0.029486 0.020424 -0.215902
v -0.029711 0.020230 -0.213023
v -0.027921 0.018728 -0.215902
v -0.028131 0.018519 -0.213023
v -0.026229 0.017163 -0.215902
v -0.026420 0.016939 -0.213023
v -0.024418 0.015738 -0.215902
v -0.024594 0.015498 -0.213023
v -0.022501 0.014457 -0.215902
v -0.022655 0.014202 -0.213023
v -0.020489 0.013329 -0.215902
v -0.020622 0.013065 -0.213023
v -0.018397 0.012365 -0.215902
v -0.018509 0.012091 -0.213023
v -0.016234 0.011566 -0.215902
v -0.016325 0.011284 -0.213023
v -0.014017 0.010942 -0.215902
v -0.014083 0.010654 -0.213023
v -0.011753 0.010492 -0.215902
v -0.011802 0.010198 -0.213023
v -0.009463 0.010220 -0.215902
v -0.009487 0.009926 -0.213023
v -0.009487 0.009917 -0.212731
v -0.011802 0.010193 -0.212731
v -0.011782 0.010329 -0.212558
v -0.009479 0.010056 -0.212558
v -0.012621 0.010784 -0.212498
v -0.011651 0.011142 -0.212601
v -0.009411 0.010875 -0.212601
v -0.013863 0.011582 -0.212601
v -0.016198 0.011679 -0.212498
v -0.016030 0.012191 -0.212601
v -0.018145 0.012974 -0.212601
v -0.019171 0.012853 -0.212498
v -0.016285 0.011409 -0.212558
v -0.018461 0.012213 -0.212558
v -0.018513 0.012085 -0.212731
v -0.016329 0.011279 -0.212731
v -0.020565 0.013183 -0.212558
v -0.020629 0.013059 -0.212731
v -0.022590 0.014315 -0.212558
v -0.022662 0.014196 -0.212731
v -0.024516 0.015604 -0.212558
v -0.024597 0.015492 -0.212731
v -0.026336 0.017038 -0.212558
v -0.026425 0.016932 -0.212731
v -0.028039 0.018613 -0.212558
v -0.028137 0.018516 -0.212731
v -0.029611 0.020314 -0.212558
v -0.029717 0.020223 -0.212731
v -0.031046 0.022134 -0.212558
v -0.031158 0.022052 -0.212731
v -0.032335 0.024064 -0.212558
v -0.032453 0.023991 -0.212731
v -0.033467 0.026084 -0.212558
v -0.033591 0.026024 -0.212731
v -0.034439 0.028192 -0.212558
v -0.034567 0.028138 -0.212731
v -0.035241 0.030367 -0.212558
v -0.035375 0.030325 -0.212731
v -0.035869 0.032596 -0.212558
v -0.036005 0.032566 -0.212731
v -0.036323 0.034871 -0.212558
v -0.036461 0.034850 -0.212731
v -0.036594 0.037174 -0.212558
v -0.036733 0.037162 -0.212731
v -0.036687 0.039488 -0.212558
v -0.036824 0.039488 -0.212731
v -0.036594 0.041806 -0.212558
v -0.036733 0.041818 -0.212731
v -0.036323 0.044108 -0.212558
v -0.036461 0.044129 -0.212731
v -0.035869 0.046383 -0.212558
v -0.036005 0.046413 -0.212731
v -0.035241 0.048612 -0.212558
v -0.035375 0.048655 -0.212731
v -0.034439 0.050787 -0.212558
v -0.034567 0.050841 -0.212731
v -0.033467 0.052892 -0.212558
v -0.033591 0.052956 -0.212731
v -0.032335 0.054915 -0.212558
v -0.032453 0.054988 -0.212731
v -0.031046 0.056845 -0.212558
v -0.031158 0.056927 -0.212731
v -0.029611 0.058665 -0.212558
v -0.029717 0.058752 -0.212731
v -0.028039 0.060367 -0.212558
v -0.028137 0.060463 -0.212731
v -0.026336 0.061941 -0.212558
v -0.026425 0.062047 -0.212731
v -0.024516 0.063376 -0.212558
v -0.024597 0.063488 -0.212731
v -0.022590 0.064665 -0.212558
v -0.022662 0.064783 -0.212731
v -0.020565 0.065796 -0.212558
v -0.020629 0.065920 -0.212731
v -0.018461 0.066767 -0.212558
v -0.018513 0.066894 -0.212731
v -0.016285 0.067568 -0.212558
v -0.016329 0.067701 -0.212731
v -0.014053 0.068198 -0.212558
v -0.014086 0.068332 -0.212731
v -0.011782 0.068651 -0.212558
v -0.011802 0.068787 -0.212731
v -0.009479 0.068923 -0.212558
v -0.009487 0.069060 -0.212731
v -0.007161 0.069014 -0.212558
v -0.007161 0.069154 -0.212731
v -0.004845 0.068923 -0.212558
v -0.004835 0.069060 -0.212731
v -0.002542 0.068651 -0.212558
v -0.002521 0.068787 -0.212731
v -0.000270 0.068198 -0.212558
v -0.000237 0.068332 -0.212731
v 0.001963 0.067568 -0.212558
v 0.002004 0.067701 -0.212731
v 0.004137 0.066767 -0.212558
v 0.004190 0.066894 -0.212731
v 0.006242 0.065796 -0.212558
v 0.006306 0.065920 -0.212731
v 0.008266 0.064665 -0.212558
v 0.008339 0.064783 -0.212731
v 0.010193 0.063376 -0.212558
v 0.010273 0.063488 -0.212731
v 0.012012 0.061941 -0.212558
v 0.012103 0.062047 -0.212731
v 0.013717 0.060367 -0.212558
v 0.013814 0.060463 -0.212731
v 0.015288 0.058665 -0.212558
v 0.015394 0.058752 -0.212731
v 0.016723 0.056845 -0.212558
v 0.016835 0.056927 -0.212731
v 0.018012 0.054915 -0.212558
v 0.018130 0.054988 -0.212731
v 0.019147 0.052892 -0.212558
v 0.019268 0.052956 -0.212731
v 0.020117 0.050787 -0.212558
v 0.020244 0.050841 -0.212731
v 0.020917 0.048612 -0.212558
v 0.021050 0.048655 -0.212731
v 0.021547 0.046383 -0.212558
v 0.021682 0.046413 -0.212731
v 0.022000 0.044108 -0.212558
v 0.022137 0.044129 -0.212731
v 0.022270 0.041806 -0.212558
v 0.022410 0.041818 -0.212731
v 0.022365 0.039488 -0.212558
v 0.022502 0.039488 -0.212731
v 0.022270 0.037174 -0.212558
v 0.022410 0.037162 -0.212731
v 0.022000 0.034871 -0.212558
v 0.022137 0.034850 -0.212731
v 0.021547 0.032596 -0.212558
v 0.021682 0.032566 -0.212731
v 0.020917 0.030367 -0.212558
v 0.021050 0.030325 -0.212731
v 0.020117 0.028192 -0.212558
v 0.020244 0.028138 -0.212731
v 0.019147 0.026084 -0.212558
v 0.019268 0.026024 -0.212731
v 0.018012 0.024064 -0.212558
v 0.018130 0.023991 -0.212731
v 0.016723 0.022134 -0.212558
v 0.016835 0.022052 -0.212731
v 0.015288 0.020314 -0.212558
v 0.015394 0.020223 -0.212731
v 0.013717 0.018613 -0.212558
v 0.013814 0.018516 -0.212731
v 0.012012 0.017038 -0.212558
v 0.012103 0.016932 -0.212731
v 0.010193 0.015604 -0.212558
v 0.010273 0.015492 -0.212731
v 0.008266 0.014315 -0.212558
v 0.008339 0.014196 -0.212731
v 0.006242 0.013183 -0.212558
v 0.006306 0.013059 -0.212731
v 0.004137 0.012213 -0.212558
v 0.004190 0.012085 -0.212731
v 0.001963 0.011409 -0.212558
v 0.002004 0.011279 -0.212731
v -0.000270 0.010781 -0.212558
v -0.000237 0.010644 -0.212731
v -0.002542 0.010329 -0.212558
v -0.002521 0.010193 -0.212731
v -0.001223 0.010881 -0.212498
v -0.002671 0.011142 -0.212601
v -0.000462 0.011582 -0.212601
v -0.000549 0.011946 -0.212904
v -0.002730 0.011512 -0.212904
v 0.001708 0.012191 -0.212601
v 0.001593 0.012550 -0.212904
v 0.003680 0.013320 -0.212904
v 0.003822 0.012974 -0.212601
v 0.005700 0.014251 -0.212904
v 0.005870 0.013917 -0.212601
v 0.007638 0.015340 -0.212904
v 0.007835 0.015018 -0.212601
v 0.009488 0.016574 -0.212904
v 0.009710 0.016268 -0.212601
v 0.011478 0.017663 -0.212601
v 0.011232 0.017952 -0.212904
v 0.011096 0.018112 -0.213408
v 0.009361 0.016747 -0.213408
v 0.010107 0.019271 -0.220287
v 0.008468 0.017979 -0.220287
v 0.006732 0.016817 -0.220287
v 0.007526 0.015522 -0.213408
v 0.004911 0.015798 -0.220287
v 0.005599 0.014442 -0.213408
v 0.004814 0.015989 -0.220791
v 0.006619 0.016999 -0.220791
v 0.006422 0.017321 -0.221094
v 0.004642 0.016322 -0.221094
v 0.008590 0.019511 -0.221631
v 0.008120 0.018455 -0.221094
v 0.009725 0.019720 -0.221094
v 0.011224 0.021103 -0.221094
v 0.011963 0.022729 -0.221631
v 0.018519 0.043556 -0.221094
v 0.017596 0.045433 -0.221631
v 0.018164 0.041809 -0.221631
v 0.018121 0.045558 -0.221094
v 0.016707 0.048294 -0.221631
v 0.017566 0.047524 -0.221094
v 0.016859 0.049441 -0.221094
v 0.016005 0.051294 -0.221094
v 0.017209 0.049583 -0.220791
v 0.016341 0.051464 -0.220791
v 0.016532 0.051561 -0.220287
v 0.017405 0.049665 -0.220287
v 0.018809 0.050247 -0.213408
v 0.017884 0.052252 -0.213408
v 0.015510 0.053383 -0.220287
v 0.016808 0.054178 -0.213408
v 0.014351 0.055119 -0.220287
v 0.015582 0.056014 -0.213408
v 0.014215 0.057745 -0.213408
v 0.013058 0.056757 -0.220287
v 0.012880 0.056638 -0.220791
v 0.014177 0.054994 -0.220791
v 0.015344 0.053251 -0.220791
v 0.015056 0.052993 -0.221094
v 0.013875 0.054773 -0.221094
v 0.014691 0.052501 -0.221631
v 0.011221 0.057045 -0.221631
v 0.012546 0.056451 -0.221094
v 0.011224 0.057873 -0.221094
v 0.009725 0.059260 -0.221094
v 0.006974 0.060642 -0.221631
v 0.008120 0.060524 -0.221094
v 0.006422 0.061659 -0.221094
v 0.004642 0.062657 -0.221094
v 0.003264 0.062705 -0.221631
v 0.002879 0.063473 -0.221094
v 0.000874 0.064216 -0.221094
v 0.000990 0.064577 -0.220791
v 0.002954 0.063848 -0.220791
v 0.001056 0.064780 -0.220287
v 0.003016 0.064055 -0.220287
v 0.003594 0.065462 -0.213408
v 0.001526 0.066224 -0.213408
v 0.001593 0.066427 -0.212904
v 0.003680 0.065660 -0.212904
v 0.003822 0.066005 -0.212601
v 0.001708 0.066785 -0.212601
v 0.001875 0.067300 -0.212498
v 0.004847 0.066127 -0.212498
v 0.005870 0.065062 -0.212601
v 0.008117 0.064422 -0.212498
v 0.007835 0.063961 -0.212601
v 0.009710 0.062708 -0.212601
v 0.010901 0.062456 -0.212498
v 0.011478 0.061313 -0.212601
v 0.013135 0.059784 -0.212601
v 0.014127 0.059502 -0.212498
v 0.014663 0.058131 -0.212601
v 0.016496 0.056678 -0.212498
v 0.016058 0.056359 -0.212601
v 0.017311 0.054485 -0.212601
v 0.018212 0.053978 -0.212498
v 0.018413 0.052519 -0.212601
v 0.019853 0.050678 -0.212498
v 0.019357 0.050472 -0.212601
v 0.020135 0.048358 -0.212601
v 0.020952 0.047450 -0.212498
v 0.020748 0.046189 -0.212601
v 0.021188 0.043980 -0.212601
v 0.021825 0.043168 -0.212498
v 0.021451 0.041742 -0.212601
v 0.022079 0.039488 -0.212498
v 0.021540 0.039488 -0.212601
v 0.021451 0.037237 -0.212601
v 0.021883 0.036297 -0.212498
v 0.021188 0.034999 -0.212601
v 0.021270 0.032663 -0.212498
v 0.020748 0.032791 -0.212601
v 0.020135 0.030622 -0.212601
v 0.020262 0.029409 -0.212498
v 0.019357 0.028505 -0.212601
v 0.018413 0.026460 -0.212601
v 0.018452 0.025426 -0.212498
v 0.017311 0.024491 -0.212601
v 0.016496 0.022302 -0.212498
v 0.016058 0.022620 -0.212601
v 0.014663 0.020848 -0.212601
v 0.014460 0.019835 -0.212498
v 0.013135 0.019195 -0.212601
v 0.011831 0.017254 -0.212498
v 0.014378 0.021094 -0.212904
v 0.012868 0.019459 -0.212904
v 0.014215 0.021234 -0.213408
v 0.012715 0.019611 -0.213408
v 0.013058 0.022220 -0.220287
v 0.011639 0.020688 -0.220287
v 0.011490 0.020840 -0.220791
v 0.012880 0.022341 -0.220791
v 0.012546 0.022529 -0.221094
v 0.014177 0.023985 -0.220791
v 0.013875 0.024206 -0.221094
v 0.015056 0.025987 -0.221094
v 0.015344 0.025729 -0.220791
v 0.016005 0.027685 -0.221094
v 0.016341 0.027516 -0.220791
v 0.016859 0.029539 -0.221094
v 0.017209 0.029396 -0.220791
v 0.017566 0.031456 -0.221094
v 0.017923 0.031338 -0.220791
v 0.018489 0.033333 -0.220791
v 0.018121 0.033422 -0.221094
v 0.016707 0.030682 -0.221631
v 0.018891 0.035362 -0.220791
v 0.018519 0.035423 -0.221094
v 0.017596 0.033546 -0.221631
v 0.018140 0.036749 -0.221631
v 0.018749 0.037353 -0.221094
v 0.018837 0.039488 -0.221094
v 0.018749 0.041627 -0.221094
v 0.019216 0.039488 -0.220791
v 0.019131 0.041584 -0.220791
v 0.018891 0.043617 -0.220791
v 0.019347 0.041575 -0.220287
v 0.019100 0.043650 -0.220287
v 0.018489 0.045646 -0.220791
v 0.018693 0.045697 -0.220287
v 0.017923 0.047639 -0.220791
v 0.018128 0.047705 -0.220287
v 0.019575 0.048176 -0.213408
v 0.020175 0.046052 -0.213408
v 0.020380 0.046101 -0.212904
v 0.019777 0.048242 -0.212904
v 0.019007 0.050329 -0.212904
v 0.018076 0.052350 -0.212904
v 0.020602 0.043887 -0.213408
v 0.020815 0.043920 -0.212904
v 0.020863 0.041696 -0.213408
v 0.021076 0.041711 -0.212904
v 0.020952 0.039488 -0.213408
v 0.021164 0.039488 -0.212904
v 0.020863 0.037283 -0.213408
v 0.021076 0.037268 -0.212904
v 0.020602 0.035093 -0.213408
v 0.020815 0.035059 -0.212904
v 0.020175 0.032927 -0.213408
v 0.020380 0.032879 -0.212904
v 0.019575 0.030803 -0.213408
v 0.019777 0.030737 -0.212904
v 0.018809 0.028732 -0.213408
v 0.019007 0.028650 -0.212904
v 0.017884 0.026727 -0.213408
v 0.018076 0.026630 -0.212904
v 0.016808 0.024801 -0.213408
v 0.016990 0.024688 -0.212904
v 0.015582 0.022966 -0.213408
v 0.015755 0.022842 -0.212904
v 0.014351 0.023860 -0.220287
v 0.015510 0.025596 -0.220287
v 0.016532 0.027418 -0.220287
v 0.017405 0.029314 -0.220287
v 0.018128 0.031274 -0.220287
v 0.018693 0.033282 -0.220287
v 0.019100 0.035329 -0.220287
v 0.019347 0.037404 -0.220287
v 0.019131 0.037395 -0.220791
v 0.019428 0.039488 -0.220287
v 0.014918 0.026836 -0.221631
v 0.009968 0.019432 -0.220791
v 0.008342 0.018152 -0.220791
v 0.016990 0.054291 -0.212904
v 0.015755 0.056138 -0.212904
v 0.014378 0.057885 -0.212904
v 0.012715 0.059369 -0.213408
v 0.012868 0.059517 -0.212904
v 0.011232 0.061027 -0.212904
v 0.011096 0.060867 -0.213408
v 0.009488 0.062405 -0.212904
v 0.009361 0.062232 -0.213408
v 0.007638 0.063639 -0.212904
v 0.007526 0.063457 -0.213408
v 0.006732 0.062162 -0.220287
v 0.008468 0.061000 -0.220287
v 0.010107 0.059708 -0.220287
v 0.008342 0.060827 -0.220791
v 0.009968 0.059547 -0.220791
v 0.011490 0.058140 -0.220791
v 0.011639 0.058292 -0.220287
v 0.006619 0.061980 -0.220791
v 0.004911 0.063181 -0.220287
v 0.004814 0.062991 -0.220791
v 0.005599 0.064537 -0.213408
v 0.005700 0.064728 -0.212904
v -0.000462 0.067398 -0.212601
v -0.001702 0.068192 -0.212498
v -0.002671 0.067837 -0.212601
v -0.002730 0.067464 -0.212904
v -0.000549 0.067031 -0.212904
v -0.002763 0.067255 -0.213408
v -0.000600 0.066824 -0.213408
v -0.003004 0.065754 -0.220287
v -0.000951 0.065344 -0.220287
v -0.003037 0.065541 -0.220791
v -0.001027 0.065144 -0.220791
v -0.003094 0.065168 -0.221094
v -0.001186 0.064795 -0.221094
v -0.001541 0.064291 -0.221631
v -0.004908 0.068101 -0.212601
v -0.006048 0.068687 -0.212498
v -0.007161 0.068192 -0.212601
v 0.009098 0.015213 -0.212498
v 0.005293 0.013059 -0.212498
v 0.001875 0.011679 -0.212498
v -0.019617 0.065920 -0.212498
v -0.023420 0.063766 -0.212498
v -0.026153 0.061726 -0.212498
v -0.028878 0.059041 -0.212498
v -0.027457 0.059784 -0.212601
v -0.028987 0.058131 -0.212601
v -0.027191 0.059517 -0.212904
v -0.028702 0.057885 -0.212904
v -0.028537 0.057745 -0.213408
v -0.027039 0.059369 -0.213408
v -0.029906 0.056014 -0.213408
v -0.028673 0.055119 -0.220287
v -0.031130 0.054178 -0.213408
v -0.029833 0.053383 -0.220287
v -0.029661 0.053251 -0.220791
v -0.029381 0.052993 -0.221094
v -0.030663 0.051464 -0.220791
v -0.030854 0.051561 -0.220287
v -0.031729 0.049665 -0.220287
v -0.031531 0.049583 -0.220791
v -0.032208 0.052252 -0.213408
v -0.033133 0.050247 -0.213408
v -0.032399 0.052350 -0.212904
v -0.033330 0.050329 -0.212904
v -0.034100 0.048242 -0.212904
v -0.034703 0.046101 -0.212904
v -0.034458 0.048358 -0.212601
v -0.035070 0.046189 -0.212601
v -0.035332 0.047247 -0.212498
v -0.033679 0.050472 -0.212601
v -0.033708 0.051691 -0.212498
v -0.032735 0.052519 -0.212601
v -0.031634 0.054485 -0.212601
v -0.031591 0.055519 -0.212498
v -0.030382 0.056359 -0.212601
v -0.031313 0.054291 -0.212904
v -0.030078 0.056138 -0.212904
v -0.035510 0.043980 -0.212601
v -0.036205 0.042679 -0.212498
v -0.035775 0.041742 -0.212601
v -0.035139 0.043920 -0.212904
v -0.035399 0.041711 -0.212904
v -0.035863 0.039488 -0.212601
v -0.035486 0.039488 -0.212904
v -0.035399 0.037268 -0.212904
v -0.035775 0.037237 -0.212601
v -0.035139 0.035059 -0.212904
v -0.035510 0.034999 -0.212601
v -0.034703 0.032879 -0.212904
v -0.035070 0.032791 -0.212601
v -0.034100 0.030737 -0.212904
v -0.034458 0.030622 -0.212601
v -0.033679 0.028505 -0.212601
v -0.033330 0.028650 -0.212904
v -0.033897 0.030803 -0.213408
v -0.032399 0.026630 -0.212904
v -0.032735 0.026460 -0.212601
v -0.031634 0.024491 -0.212601
v -0.031313 0.024688 -0.212904
v -0.030382 0.022620 -0.212601
v -0.030078 0.022842 -0.212904
v -0.028702 0.021094 -0.212904
v -0.028987 0.020848 -0.212601
v -0.027191 0.019459 -0.212904
v -0.027457 0.019195 -0.212601
v -0.025555 0.017952 -0.212904
v -0.025801 0.017663 -0.212601
v -0.023811 0.016574 -0.212904
v -0.024033 0.016268 -0.212601
v -0.022159 0.015018 -0.212601
v -0.021961 0.015340 -0.212904
v -0.021849 0.015522 -0.213408
v -0.023684 0.016747 -0.213408
v -0.021055 0.016817 -0.220287
v -0.022792 0.017976 -0.220287
v -0.024431 0.019271 -0.220287
v -0.025419 0.018112 -0.213408
v -0.025962 0.020688 -0.220287
v -0.027039 0.019611 -0.213408
v -0.025813 0.020840 -0.220791
v -0.024290 0.019432 -0.220791
v -0.022664 0.018152 -0.220791
v -0.020943 0.016999 -0.220791
v -0.019234 0.015798 -0.220287
v -0.019138 0.015989 -0.220791
v -0.019923 0.014442 -0.213408
v -0.020019 0.014251 -0.212904
v -0.018002 0.013320 -0.212904
v -0.015915 0.012550 -0.212904
v -0.013773 0.011946 -0.212904
v -0.020193 0.013917 -0.212601
v -0.023244 0.015094 -0.212498
v -0.026969 0.018012 -0.212498
v -0.029954 0.021209 -0.212498
v -0.032468 0.024880 -0.212498
v -0.034176 0.028298 -0.212498
v -0.035274 0.031525 -0.212498
v -0.034498 0.032927 -0.213408
v -0.033018 0.033282 -0.220287
v -0.032451 0.031274 -0.220287
v -0.032247 0.031338 -0.220791
v -0.032808 0.033333 -0.220791
v -0.033425 0.035329 -0.220287
v -0.033214 0.035362 -0.220791
v -0.034925 0.035093 -0.213408
v -0.036147 0.035812 -0.212498
v -0.036402 0.039488 -0.212498
v -0.014086 0.010644 -0.212731
v -0.014053 0.010781 -0.212558
v -0.013137 0.014184 -0.221094
v -0.032841 0.043556 -0.221094
v -0.033214 0.043617 -0.220791
v -0.031919 0.045433 -0.221631
v -0.007326 0.039558 -0.221631
v -0.003740 0.043781 -0.215340
v -0.003740 0.043781 -0.220979
v -0.004780 0.044433 -0.220979
v -0.004780 0.044433 -0.215340
v -0.003488 0.044096 -0.215261
v -0.004604 0.044799 -0.215261
v -0.003334 0.044287 -0.215015
v -0.004499 0.045018 -0.215015
v -0.003284 0.044351 -0.214609
v -0.004462 0.045091 -0.214609
v -0.004462 0.045091 -0.213672
v -0.003284 0.044351 -0.213672
v -0.002300 0.043368 -0.213672
v -0.002300 0.043368 -0.214609
v -0.001559 0.042188 -0.213672
v -0.001559 0.042188 -0.214609
v -0.001098 0.040874 -0.213672
v -0.001098 0.040874 -0.214609
v -0.000943 0.039488 -0.213672
v -0.000943 0.039488 -0.214609
v -0.001098 0.038105 -0.213672
v -0.001098 0.038105 -0.214609
v -0.001176 0.038123 -0.215015
v -0.001025 0.039488 -0.215015
v -0.001417 0.038178 -0.215261
v -0.001268 0.039488 -0.215261
v -0.001811 0.038269 -0.215340
v -0.001674 0.039488 -0.215340
v -0.001811 0.038269 -0.220979
v -0.001674 0.039488 -0.220979
v -0.001883 0.038284 -0.221197
v -0.001748 0.039488 -0.221197
v -0.002099 0.038336 -0.221270
v -0.001969 0.039488 -0.221270
v -0.002284 0.037141 -0.221197
v -0.002485 0.037237 -0.221270
v -0.002930 0.036115 -0.221197
v -0.003099 0.036252 -0.221270
v -0.003785 0.035256 -0.221197
v -0.003925 0.035430 -0.221270
v -0.004813 0.034614 -0.221197
v -0.004908 0.034811 -0.221270
v -0.005957 0.034213 -0.221197
v -0.006006 0.034428 -0.221270
v -0.007161 0.034077 -0.221197
v -0.007161 0.034298 -0.221270
v -0.008366 0.034213 -0.221197
v -0.008317 0.034428 -0.221270
v -0.009509 0.034614 -0.221197
v -0.009416 0.034811 -0.221270
v -0.010538 0.035256 -0.221197
v -0.010397 0.035430 -0.221270
v -0.011392 0.036115 -0.221197
v -0.011220 0.036252 -0.221270
v -0.012040 0.037141 -0.221197
v -0.011839 0.037237 -0.221270
v -0.012439 0.038284 -0.221197
v -0.012225 0.038336 -0.221270
v -0.012576 0.039488 -0.221197
v -0.012354 0.039488 -0.221270
v -0.012439 0.040696 -0.221197
v -0.012225 0.040644 -0.221270
v -0.012040 0.041839 -0.221197
v -0.011839 0.041742 -0.221270
v -0.011392 0.042864 -0.221197
v -0.011220 0.042728 -0.221270
v -0.010538 0.043723 -0.221197
v -0.010397 0.043550 -0.221270
v -0.009509 0.044366 -0.221197
v -0.009416 0.044168 -0.221270
v -0.008366 0.044766 -0.221197
v -0.008317 0.044551 -0.221270
v -0.007161 0.044903 -0.221197
v -0.007161 0.044681 -0.221270
v -0.005957 0.044766 -0.221197
v -0.006006 0.044551 -0.221270
v -0.004813 0.044366 -0.221197
v -0.004908 0.044168 -0.221270
v -0.003785 0.043723 -0.221197
v -0.003925 0.043550 -0.221270
v -0.002930 0.042864 -0.221197
v -0.003099 0.042728 -0.221270
v -0.002284 0.041839 -0.221197
v -0.002485 0.041742 -0.221270
v -0.001883 0.040696 -0.221197
v -0.002099 0.040644 -0.221270
v -0.002218 0.041869 -0.220979
v -0.001811 0.040711 -0.220979
v -0.002218 0.041869 -0.215340
v -0.001811 0.040711 -0.215340
v -0.001417 0.040802 -0.215261
v -0.001850 0.042045 -0.215261
v -0.001176 0.040856 -0.215015
v -0.001632 0.042151 -0.215015
v -0.002554 0.043164 -0.215261
v -0.002363 0.043316 -0.215015
v -0.002872 0.042910 -0.215340
v -0.002872 0.042910 -0.220979
v -0.005940 0.044839 -0.220979
v -0.005940 0.044839 -0.215340
v -0.007161 0.044976 -0.220979
v -0.007161 0.044976 -0.215340
v -0.008384 0.044839 -0.220979
v -0.008384 0.044839 -0.215340
v -0.008472 0.045236 -0.215261
v -0.007161 0.045382 -0.215261
v -0.007161 0.045628 -0.215015
v -0.008526 0.045472 -0.215015
v -0.007161 0.045710 -0.214609
v -0.008545 0.045552 -0.214609
v -0.007161 0.045710 -0.213672
v -0.008545 0.045552 -0.213672
v -0.007161 0.045634 -0.213232
v -0.008530 0.045479 -0.213232
v -0.007161 0.045409 -0.212889
v -0.008478 0.045261 -0.212889
v -0.008397 0.044893 -0.212646
v -0.007161 0.045033 -0.212646
v -0.008254 0.044272 -0.212367
v -0.007161 0.044396 -0.212367
v -0.006070 0.044272 -0.212367
v -0.005926 0.044893 -0.212646
v -0.005032 0.043910 -0.212367
v -0.004756 0.044484 -0.212646
v -0.004593 0.044824 -0.212889
v -0.005845 0.045261 -0.212889
v -0.004495 0.045024 -0.213232
v -0.005793 0.045479 -0.213232
v -0.005779 0.045552 -0.213672
v -0.003330 0.044293 -0.213232
v -0.003470 0.044117 -0.212889
v -0.002532 0.043179 -0.212889
v -0.002356 0.043319 -0.213232
v -0.001828 0.042057 -0.212889
v -0.001626 0.042154 -0.213232
v -0.001392 0.040807 -0.212889
v -0.001171 0.040856 -0.213232
v -0.001243 0.039488 -0.212889
v -0.001019 0.039488 -0.213232
v -0.001392 0.038172 -0.212889
v -0.001171 0.038123 -0.213232
v -0.001828 0.036922 -0.212889
v -0.001626 0.036825 -0.213232
v -0.001559 0.036792 -0.213672
v -0.002356 0.035660 -0.213232
v -0.002300 0.035612 -0.213672
v -0.002300 0.035612 -0.214609
v -0.001559 0.036792 -0.214609
v -0.001632 0.036828 -0.215015
v -0.002363 0.035663 -0.215015
v -0.002554 0.035815 -0.215261
v -0.001850 0.036931 -0.215261
v -0.002872 0.036069 -0.215340
v -0.002218 0.037110 -0.215340
v -0.002872 0.036069 -0.220979
v -0.002218 0.037110 -0.220979
v -0.003740 0.035199 -0.215340
v -0.003740 0.035199 -0.220979
v -0.004780 0.034547 -0.215340
v -0.004780 0.034547 -0.220979
v -0.005940 0.034140 -0.215340
v -0.005940 0.034140 -0.220979
v -0.007161 0.034001 -0.215340
v -0.007161 0.034001 -0.220979
v -0.008384 0.034140 -0.215340
v -0.008384 0.034140 -0.220979
v -0.009543 0.034547 -0.215340
v -0.009543 0.034547 -0.220979
v -0.010582 0.035199 -0.215340
v -0.010582 0.035199 -0.220979
v -0.011450 0.036069 -0.220979
v -0.011450 0.036069 -0.215340
v -0.012105 0.037110 -0.220979
v -0.012105 0.037110 -0.215340
v -0.012512 0.038269 -0.220979
v -0.012512 0.038269 -0.215340
v -0.012648 0.039488 -0.220979
v -0.012648 0.039488 -0.215340
v -0.012512 0.040711 -0.215340
v -0.012512 0.040711 -0.220979
v -0.012105 0.041869 -0.215340
v -0.012105 0.041869 -0.220979
v -0.011450 0.042910 -0.215340
v -0.011450 0.042910 -0.220979
v -0.010582 0.043781 -0.215340
v -0.010582 0.043781 -0.220979
v -0.009543 0.044433 -0.215340
v -0.009543 0.044433 -0.220979
v -0.010834 0.044096 -0.215261
v -0.009718 0.044799 -0.215261
v -0.010989 0.044287 -0.215015
v -0.009825 0.045018 -0.215015
v -0.009861 0.045091 -0.214609
v -0.011038 0.044351 -0.214609
v -0.009861 0.045091 -0.213672
v -0.011038 0.044351 -0.213672
v -0.009828 0.045024 -0.213232
v -0.010992 0.044293 -0.213232
v -0.009732 0.044824 -0.212889
v -0.010853 0.044117 -0.212889
v -0.009567 0.044484 -0.212646
v -0.010620 0.043823 -0.212646
v -0.010219 0.043326 -0.212367
v -0.009290 0.043910 -0.212367
v -0.009616 0.042012 -0.211934
v -0.008699 0.042679 -0.211934
v -0.007556 0.042986 -0.211934
v -0.007819 0.041511 -0.211642
v -0.006925 0.041602 -0.211642
v -0.006046 0.042828 -0.211934
v -0.006070 0.041314 -0.211642
v -0.004708 0.042012 -0.211934
v -0.004104 0.043326 -0.212367
v -0.003324 0.042549 -0.212367
v -0.002827 0.042946 -0.212646
v -0.003705 0.043823 -0.212646
v -0.002743 0.041617 -0.212367
v -0.002166 0.041893 -0.212646
v -0.002379 0.040580 -0.212367
v -0.001755 0.040723 -0.212646
v -0.002256 0.039488 -0.212367
v -0.001617 0.039488 -0.212646
v -0.002379 0.038396 -0.212367
v -0.001755 0.038256 -0.212646
v -0.002743 0.037362 -0.212367
v -0.002166 0.037083 -0.212646
v -0.003324 0.036430 -0.212367
v -0.002827 0.036033 -0.212646
v -0.004104 0.035654 -0.212367
v -0.003705 0.035153 -0.212646
v -0.005032 0.035069 -0.212367
v -0.004756 0.034495 -0.212646
v -0.006070 0.034708 -0.212367
v -0.005926 0.034083 -0.212646
v -0.007161 0.034583 -0.212367
v -0.007161 0.033947 -0.212646
v -0.008254 0.034708 -0.212367
v -0.008397 0.034083 -0.212646
v -0.008478 0.033719 -0.212889
v -0.007161 0.033570 -0.212889
v -0.008530 0.033500 -0.213232
v -0.007161 0.033345 -0.213232
v -0.008545 0.033427 -0.213672
v -0.007161 0.033270 -0.213672
v -0.008545 0.033427 -0.214609
v -0.007161 0.033270 -0.214609
v -0.005779 0.033427 -0.214609
v -0.005779 0.033427 -0.213672
v -0.004462 0.033886 -0.214609
v -0.004462 0.033886 -0.213672
v -0.005793 0.033500 -0.213232
v -0.004495 0.033955 -0.213232
v -0.005845 0.033719 -0.212889
v -0.004593 0.034156 -0.212889
v -0.003330 0.034686 -0.213232
v -0.003470 0.034862 -0.212889
v -0.002532 0.035800 -0.212889
v -0.003284 0.034628 -0.213672
v -0.003284 0.034628 -0.214609
v -0.004499 0.033958 -0.215015
v -0.003334 0.034693 -0.215015
v -0.004604 0.034180 -0.215261
v -0.003488 0.034881 -0.215261
v -0.005797 0.033507 -0.215015
v -0.005850 0.033743 -0.215261
v -0.007161 0.033352 -0.215015
v -0.007161 0.033598 -0.215261
v -0.008526 0.033507 -0.215015
v -0.008472 0.033743 -0.215261
v -0.009825 0.033958 -0.215015
v -0.009718 0.034180 -0.215261
v -0.010989 0.034693 -0.215015
v -0.010834 0.034881 -0.215261
v -0.011960 0.035663 -0.215015
v -0.011769 0.035815 -0.215261
v -0.012692 0.036828 -0.215015
v -0.012469 0.036931 -0.215261
v -0.013146 0.038123 -0.215015
v -0.012906 0.038178 -0.215261
v -0.013297 0.039488 -0.215015
v -0.013055 0.039488 -0.215261
v -0.013146 0.040856 -0.215015
v -0.012906 0.040802 -0.215261
v -0.012692 0.042151 -0.215015
v -0.012469 0.042045 -0.215261
v -0.011960 0.043316 -0.215015
v -0.011769 0.043164 -0.215261
v -0.012024 0.043368 -0.214609
v -0.012764 0.042188 -0.214609
v -0.012764 0.042188 -0.213672
v -0.012024 0.043368 -0.213672
v -0.012697 0.042154 -0.213232
v -0.011967 0.043319 -0.213232
v -0.012494 0.042057 -0.212889
v -0.011790 0.043179 -0.212889
v -0.011497 0.042946 -0.212646
v -0.012158 0.041893 -0.212646
v -0.011581 0.041617 -0.212367
v -0.010998 0.042549 -0.212367
v -0.010469 0.040698 -0.211934
v -0.008813 0.040805 -0.211642
v -0.009266 0.039543 -0.211642
v -0.010704 0.039488 -0.211934
v -0.010469 0.038281 -0.211934
v -0.008813 0.038175 -0.211642
v -0.007793 0.039173 -0.211494
v -0.007299 0.038815 -0.211494
v -0.007819 0.037465 -0.211642
v -0.005313 0.038478 -0.211642
v -0.006518 0.039755 -0.211494
v -0.006631 0.039063 -0.211494
v -0.005047 0.039728 -0.211642
v -0.005387 0.040662 -0.211642
v -0.007025 0.040165 -0.211494
v -0.007771 0.039797 -0.211494
v -0.003855 0.040698 -0.211934
v -0.003619 0.039488 -0.211934
v -0.003855 0.038281 -0.211934
v -0.004708 0.036965 -0.211934
v -0.006070 0.037662 -0.211642
v -0.005623 0.036297 -0.211934
v -0.006767 0.035991 -0.211934
v -0.006925 0.037377 -0.211642
v -0.008278 0.036152 -0.211934
v -0.009616 0.036965 -0.211934
v -0.009290 0.035069 -0.212367
v -0.010219 0.035654 -0.212367
v -0.010620 0.035153 -0.212646
v -0.009567 0.034495 -0.212646
v -0.010853 0.034862 -0.212889
v -0.009732 0.034156 -0.212889
v -0.010992 0.034686 -0.213232
v -0.009828 0.033955 -0.213232
v -0.011038 0.034628 -0.213672
v -0.009861 0.033886 -0.213672
v -0.011038 0.034628 -0.214609
v -0.009861 0.033886 -0.214609
v -0.012024 0.035612 -0.213672
v -0.012024 0.035612 -0.214609
v -0.012764 0.036792 -0.214609
v -0.012764 0.036792 -0.213672
v -0.013224 0.038105 -0.214609
v -0.013224 0.038105 -0.213672
v -0.013380 0.039488 -0.214609
v -0.013380 0.039488 -0.213672
v -0.013224 0.040874 -0.213672
v -0.013224 0.040874 -0.214609
v -0.013304 0.039488 -0.213232
v -0.013148 0.040856 -0.213232
v -0.013079 0.039488 -0.212889
v -0.012931 0.040807 -0.212889
v -0.012567 0.040723 -0.212646
v -0.012706 0.039488 -0.212646
v -0.012067 0.039488 -0.212367
v -0.011945 0.040580 -0.212367
v -0.011945 0.038396 -0.212367
v -0.012567 0.038256 -0.212646
v -0.012158 0.037083 -0.212646
v -0.011581 0.037362 -0.212367
v -0.010998 0.036430 -0.212367
v -0.011497 0.036033 -0.212646
v -0.012494 0.036922 -0.212889
v -0.011790 0.035800 -0.212889
v -0.012697 0.036825 -0.213232
v -0.011967 0.035660 -0.213232
v -0.012931 0.038172 -0.212889
v -0.013148 0.038123 -0.213232
v -0.005779 0.045552 -0.214609
v -0.005797 0.045472 -0.215015
v -0.005850 0.045236 -0.215261
v -0.016464 0.068120 -0.212000
v -0.016094 0.066985 -0.217433
v -0.013170 0.067767 -0.217433
v -0.013419 0.068933 -0.212000
v -0.016719 0.068902 -0.209722
v -0.013592 0.069742 -0.209722
v -0.017135 0.070182 -0.208051
v -0.013871 0.071056 -0.208051
v -0.014259 0.072879 -0.206983
v -0.017708 0.071953 -0.206983
v -0.019634 0.073761 -0.206525
v -0.014754 0.075208 -0.206525
v -0.020523 0.080617 -0.206125
v -0.024751 0.078997 -0.206125
v -0.025419 0.071113 -0.206525
v -0.028782 0.076941 -0.206125
v -0.032581 0.074474 -0.206125
v -0.028625 0.069033 -0.206525
v -0.036096 0.071626 -0.206125
v -0.031595 0.066627 -0.206525
v -0.039299 0.068426 -0.206125
v -0.034297 0.063925 -0.206525
v -0.042148 0.064907 -0.206125
v -0.036703 0.060955 -0.206525
v -0.044611 0.061113 -0.206125
v -0.038787 0.057749 -0.206525
v -0.046668 0.057078 -0.206125
v -0.040521 0.054342 -0.206525
v -0.048290 0.052853 -0.206125
v -0.041890 0.050775 -0.206525
v -0.049461 0.048482 -0.206125
v -0.042878 0.047081 -0.206525
v -0.043541 0.042139 -0.206525
v -0.050168 0.044011 -0.206125
v -0.050407 0.039488 -0.206125
v -0.050844 0.044080 -0.206219
v -0.051084 0.039488 -0.206219
v -0.051247 0.044123 -0.206601
v -0.051490 0.039488 -0.206601
v -0.051381 0.044138 -0.207271
v -0.051623 0.039488 -0.207271
v -0.050653 0.048734 -0.207271
v -0.049448 0.053229 -0.207271
v -0.047781 0.057576 -0.207271
v -0.045669 0.061722 -0.207271
v -0.043134 0.065623 -0.207271
v -0.040203 0.069242 -0.207271
v -0.036912 0.072533 -0.207271
v -0.033297 0.075460 -0.207271
v -0.029393 0.077996 -0.207271
v -0.025245 0.080110 -0.207271
v -0.020903 0.081776 -0.207271
v -0.016407 0.082983 -0.207271
v -0.011808 0.083711 -0.207271
v -0.007161 0.083953 -0.207271
v -0.002514 0.083711 -0.207271
v 0.002084 0.082983 -0.207271
v 0.006579 0.081776 -0.207271
v 0.010923 0.080110 -0.207271
v 0.015070 0.077996 -0.207271
v 0.018974 0.075460 -0.207271
v 0.022589 0.072533 -0.207271
v 0.025880 0.069242 -0.207271
v 0.028811 0.065623 -0.207271
v 0.031346 0.061722 -0.207271
v 0.033459 0.057576 -0.207271
v 0.035126 0.053229 -0.207271
v 0.036330 0.048734 -0.207271
v 0.037058 0.044138 -0.207271
v 0.037303 0.039488 -0.207271
v 0.037058 0.034841 -0.207271
v 0.036330 0.030246 -0.207271
v 0.035126 0.025750 -0.207271
v 0.033459 0.021404 -0.207271
v 0.031346 0.017257 -0.207271
v 0.028811 0.013353 -0.207271
v 0.025880 0.009738 -0.207271
v 0.022589 0.006446 -0.207271
v 0.018974 0.003516 -0.207271
v 0.015070 0.000984 -0.207271
v 0.010923 -0.001131 -0.207271
v 0.006579 -0.002799 -0.207271
v 0.002084 -0.004003 -0.207271
v -0.002514 -0.004732 -0.207271
v -0.007161 -0.004974 -0.207271
v -0.011808 -0.004732 -0.207271
v -0.016407 -0.004003 -0.207271
v -0.020903 -0.002799 -0.207271
v -0.025245 -0.001131 -0.207271
v -0.029393 0.000984 -0.207271
v -0.033297 0.003516 -0.207271
v -0.036912 0.006446 -0.207271
v -0.040203 0.009738 -0.207271
v -0.043134 0.013353 -0.207271
v -0.045669 0.017257 -0.207271
v -0.047781 0.021404 -0.207271
v -0.049448 0.025750 -0.207271
v -0.050653 0.030246 -0.207271
v -0.051381 0.034841 -0.207271
v -0.051247 0.034856 -0.206601
v -0.050519 0.030273 -0.206601
v -0.050122 0.030358 -0.206219
v -0.050844 0.034899 -0.206219
v -0.049461 0.030497 -0.206125
v -0.050168 0.034968 -0.206125
v -0.042878 0.031899 -0.206525
v -0.043479 0.035673 -0.206525
v -0.041110 0.035921 -0.206983
v -0.040549 0.032393 -0.206983
v -0.039257 0.036115 -0.208051
v -0.038729 0.032779 -0.208051
v -0.037919 0.036258 -0.209722
v -0.037414 0.033061 -0.209722
v -0.037097 0.036342 -0.212000
v -0.036606 0.033230 -0.212000
v -0.035914 0.036467 -0.217433
v -0.035437 0.033479 -0.217433
v -0.035789 0.030188 -0.212000
v -0.034656 0.030555 -0.217433
v -0.034663 0.027246 -0.212000
v -0.033572 0.027731 -0.217433
v -0.033229 0.024440 -0.212000
v -0.032199 0.025034 -0.217433
v -0.031515 0.021795 -0.212000
v -0.030551 0.022495 -0.217433
v -0.029532 0.019347 -0.212000
v -0.028647 0.020145 -0.217433
v -0.027303 0.017120 -0.212000
v -0.026505 0.018006 -0.217433
v -0.024854 0.015137 -0.212000
v -0.024154 0.016101 -0.217433
v -0.022214 0.013420 -0.212000
v -0.021615 0.014451 -0.217433
v -0.019403 0.011991 -0.212000
v -0.018921 0.013080 -0.217433
v -0.016464 0.010860 -0.212000
v -0.016094 0.011994 -0.217433
v -0.013419 0.010044 -0.212000
v -0.013170 0.011212 -0.217433
v -0.010307 0.009553 -0.212000
v -0.010182 0.010738 -0.217433
v -0.007161 0.009389 -0.212000
v -0.007161 0.010580 -0.217433
v -0.004016 0.009553 -0.212000
v -0.004140 0.010738 -0.217433
v -0.000904 0.010044 -0.212000
v -0.001149 0.011212 -0.217433
v 0.002142 0.010860 -0.212000
v 0.001771 0.011994 -0.217433
v 0.005081 0.011991 -0.212000
v 0.004599 0.013080 -0.217433
v 0.007889 0.013420 -0.212000
v 0.007293 0.014451 -0.217433
v 0.010532 0.015137 -0.212000
v 0.009831 0.016101 -0.217433
v 0.012980 0.017120 -0.212000
v 0.012183 0.018006 -0.217433
v 0.015209 0.019347 -0.212000
v 0.014324 0.020145 -0.217433
v 0.017193 0.021795 -0.212000
v 0.016227 0.022495 -0.217433
v 0.018907 0.024440 -0.212000
v 0.017876 0.025034 -0.217433
v 0.020338 0.027246 -0.212000
v 0.019249 0.027731 -0.217433
v 0.021466 0.030188 -0.212000
v 0.020333 0.030555 -0.217433
v 0.022283 0.033230 -0.212000
v 0.021119 0.033479 -0.217433
v 0.022775 0.036342 -0.212000
v 0.021592 0.036467 -0.217433
v 0.022942 0.039488 -0.212000
v 0.021749 0.039488 -0.217433
v 0.022775 0.042637 -0.212000
v 0.021592 0.042512 -0.217433
v 0.022283 0.045749 -0.212000
v 0.021119 0.045500 -0.217433
v 0.021466 0.048791 -0.212000
v 0.020333 0.048424 -0.217433
v 0.020338 0.051734 -0.212000
v 0.019249 0.051249 -0.217433
v 0.018907 0.054539 -0.212000
v 0.017876 0.053945 -0.217433
v 0.017193 0.057185 -0.212000
v 0.016227 0.056484 -0.217433
v 0.015209 0.059633 -0.212000
v 0.014324 0.058834 -0.217433
v 0.012980 0.061859 -0.212000
v 0.012183 0.060973 -0.217433
v 0.010532 0.063842 -0.212000
v 0.009831 0.062878 -0.217433
v 0.007889 0.065559 -0.212000
v 0.007293 0.064525 -0.217433
v 0.005081 0.066988 -0.212000
v 0.004599 0.065899 -0.217433
v 0.002142 0.068120 -0.212000
v 0.001771 0.066985 -0.217433
v -0.000904 0.068933 -0.212000
v -0.001149 0.067767 -0.217433
v -0.004016 0.069427 -0.212000
v -0.004140 0.068241 -0.217433
v -0.007161 0.069591 -0.212000
v -0.007161 0.068399 -0.217433
v -0.010307 0.069427 -0.212000
v -0.010182 0.068241 -0.217433
v -0.010395 0.070249 -0.209722
v -0.007161 0.070416 -0.209722
v -0.010535 0.071583 -0.208051
v -0.007161 0.071763 -0.208051
v -0.007161 0.073625 -0.206983
v -0.010729 0.073437 -0.206983
v -0.007161 0.076006 -0.206525
v -0.010978 0.075806 -0.206525
v -0.007161 0.082734 -0.206125
v -0.011681 0.082498 -0.206125
v -0.016151 0.081791 -0.206125
v -0.011753 0.083171 -0.206219
v -0.016295 0.082452 -0.206219
v -0.011797 0.083574 -0.206601
v -0.016376 0.082849 -0.206601
v -0.007161 0.083410 -0.206219
v -0.007161 0.083817 -0.206601
v -0.002569 0.083171 -0.206219
v -0.002526 0.083574 -0.206601
v 0.001971 0.082452 -0.206219
v 0.002054 0.082849 -0.206601
v 0.006414 0.081263 -0.206219
v 0.006537 0.081648 -0.206601
v 0.010705 0.079613 -0.206219
v 0.010868 0.079986 -0.206601
v 0.014800 0.077526 -0.206219
v 0.015003 0.077878 -0.206601
v 0.018656 0.075023 -0.206219
v 0.018895 0.075350 -0.206601
v 0.022228 0.072130 -0.206219
v 0.022497 0.072433 -0.206601
v 0.025480 0.068878 -0.206219
v 0.025780 0.069151 -0.206601
v 0.028370 0.065305 -0.206219
v 0.028702 0.065544 -0.206601
v 0.030877 0.061449 -0.206219
v 0.031229 0.061652 -0.206601
v 0.032962 0.057354 -0.206219
v 0.033336 0.057518 -0.206601
v 0.034610 0.053062 -0.206219
v 0.034999 0.053186 -0.206601
v 0.035803 0.048621 -0.206219
v 0.036197 0.048707 -0.206601
v 0.036522 0.044080 -0.206219
v 0.036925 0.044123 -0.206601
v 0.036761 0.039488 -0.206219
v 0.037167 0.039488 -0.206601
v 0.036522 0.034899 -0.206219
v 0.036925 0.034856 -0.206601
v 0.035803 0.030358 -0.206219
v 0.036197 0.030273 -0.206601
v 0.034610 0.025917 -0.206219
v 0.034999 0.025793 -0.206601
v 0.032962 0.021625 -0.206219
v 0.033336 0.021461 -0.206601
v 0.030877 0.017527 -0.206219
v 0.031229 0.017327 -0.206601
v 0.028370 0.013672 -0.206219
v 0.028702 0.013435 -0.206601
v 0.025480 0.010102 -0.206219
v 0.025780 0.009828 -0.206601
v 0.022228 0.006850 -0.206219
v 0.022497 0.006546 -0.206601
v 0.018656 0.003956 -0.206219
v 0.018895 0.003629 -0.206601
v 0.014800 0.001450 -0.206219
v 0.015003 0.001099 -0.206601
v 0.010705 -0.000637 -0.206219
v 0.010868 -0.001006 -0.206601
v 0.006414 -0.002284 -0.206219
v 0.006537 -0.002669 -0.206601
v 0.001971 -0.003472 -0.206219
v 0.002054 -0.003870 -0.206601
v -0.002569 -0.004192 -0.206219
v -0.002526 -0.004595 -0.206601
v -0.007161 -0.004431 -0.206219
v -0.007161 -0.004838 -0.206601
v -0.011753 -0.004192 -0.206219
v -0.011797 -0.004595 -0.206601
v -0.016295 -0.003472 -0.206219
v -0.016376 -0.003870 -0.206601
v -0.020732 -0.002284 -0.206219
v -0.020860 -0.002669 -0.206601
v -0.025027 -0.000637 -0.206219
v -0.025191 -0.001006 -0.206601
v -0.029123 0.001450 -0.206219
v -0.029326 0.001099 -0.206601
v -0.032978 0.003956 -0.206219
v -0.033218 0.003629 -0.206601
v -0.036552 0.006850 -0.206219
v -0.036822 0.006546 -0.206601
v -0.039804 0.010102 -0.206219
v -0.040102 0.009828 -0.206601
v -0.042693 0.013672 -0.206219
v -0.043025 0.013435 -0.206601
v -0.045199 0.017527 -0.206219
v -0.045551 0.017327 -0.206601
v -0.047287 0.021625 -0.206219
v -0.047659 0.021461 -0.206601
v -0.048932 0.025917 -0.206219
v -0.049321 0.025793 -0.206601
v -0.046668 0.021901 -0.206125
v -0.048290 0.026126 -0.206125
v -0.040521 0.024637 -0.206525
v -0.041890 0.028204 -0.206525
v -0.039623 0.028941 -0.206983
v -0.038344 0.025604 -0.206983
v -0.037853 0.029518 -0.208051
v -0.036646 0.026363 -0.208051
v -0.036575 0.029933 -0.209722
v -0.035417 0.026909 -0.209722
v -0.035110 0.023354 -0.208051
v -0.033946 0.024024 -0.209722
v -0.033269 0.020521 -0.208051
v -0.032183 0.021310 -0.209722
v -0.031143 0.017894 -0.208051
v -0.030144 0.018795 -0.209722
v -0.028756 0.015506 -0.208051
v -0.027854 0.016505 -0.209722
v -0.026131 0.013380 -0.208051
v -0.025341 0.014469 -0.209722
v -0.023299 0.011542 -0.208051
v -0.022625 0.012704 -0.209722
v -0.020286 0.010008 -0.208051
v -0.019741 0.011236 -0.209722
v -0.017135 0.008797 -0.208051
v -0.016719 0.010074 -0.209722
v -0.013871 0.007923 -0.208051
v -0.013592 0.009237 -0.209722
v -0.010535 0.007396 -0.208051
v -0.010395 0.008730 -0.209722
v -0.007161 0.007216 -0.208051
v -0.007161 0.008561 -0.209722
v -0.003788 0.007396 -0.208051
v -0.003927 0.008730 -0.209722
v -0.000452 0.007923 -0.208051
v -0.000731 0.009237 -0.209722
v 0.002812 0.008797 -0.208051
v 0.002397 0.010074 -0.209722
v 0.005964 0.010008 -0.208051
v 0.005419 0.011236 -0.209722
v 0.008976 0.011542 -0.208051
v 0.008303 0.012704 -0.209722
v 0.011809 0.013380 -0.208051
v 0.011017 0.014469 -0.209722
v 0.014432 0.015506 -0.208051
v 0.013536 0.016505 -0.209722
v 0.016823 0.017894 -0.208051
v 0.015821 0.018795 -0.209722
v 0.018946 0.020521 -0.208051
v 0.017860 0.021310 -0.209722
v 0.020787 0.023354 -0.208051
v 0.019623 0.024024 -0.209722
v 0.022323 0.026363 -0.208051
v 0.021094 0.026909 -0.209722
v 0.023530 0.029518 -0.208051
v 0.022253 0.029933 -0.209722
v 0.024407 0.032779 -0.208051
v 0.023089 0.033061 -0.209722
v 0.024934 0.036115 -0.208051
v 0.023597 0.036258 -0.209722
v 0.025110 0.039488 -0.208051
v 0.023766 0.039488 -0.209722
v 0.024934 0.042861 -0.208051
v 0.023597 0.042721 -0.209722
v 0.024407 0.046198 -0.208051
v 0.023089 0.045919 -0.209722
v 0.023530 0.049462 -0.208051
v 0.022253 0.049046 -0.209722
v 0.022323 0.052616 -0.208051
v 0.021094 0.052070 -0.209722
v 0.020787 0.055625 -0.208051
v 0.019623 0.054955 -0.209722
v 0.018946 0.058458 -0.208051
v 0.017860 0.057667 -0.209722
v 0.016823 0.061082 -0.208051
v 0.015821 0.060184 -0.209722
v 0.014432 0.063473 -0.208051
v 0.013536 0.062474 -0.209722
v 0.011809 0.065599 -0.208051
v 0.011017 0.064510 -0.209722
v 0.008976 0.067437 -0.208051
v 0.008303 0.066275 -0.209722
v 0.005964 0.068972 -0.208051
v 0.005419 0.067743 -0.209722
v 0.002812 0.070182 -0.208051
v 0.002397 0.068902 -0.209722
v -0.000452 0.071056 -0.208051
v -0.000731 0.069742 -0.209722
v -0.003788 0.071583 -0.208051
v -0.003927 0.070249 -0.209722
v -0.000063 0.072879 -0.206983
v -0.003596 0.073437 -0.206983
v 0.000431 0.075208 -0.206525
v -0.003346 0.075806 -0.206525
v 0.001829 0.081791 -0.206125
v -0.002641 0.082498 -0.206125
v 0.006203 0.080617 -0.206125
v 0.004123 0.074219 -0.206525
v 0.010429 0.078997 -0.206125
v 0.007693 0.072849 -0.206525
v 0.014460 0.076941 -0.206125
v 0.011096 0.071113 -0.206525
v 0.018257 0.074474 -0.206125
v 0.014302 0.069033 -0.206525
v 0.021777 0.071626 -0.206125
v 0.017272 0.066627 -0.206525
v 0.024977 0.068426 -0.206125
v 0.019975 0.063925 -0.206525
v 0.027825 0.064907 -0.206125
v 0.022380 0.060955 -0.206525
v 0.030291 0.061113 -0.206125
v 0.024465 0.057749 -0.206525
v 0.032344 0.057078 -0.206125
v 0.026198 0.054342 -0.206525
v 0.033967 0.052853 -0.206125
v 0.027567 0.050775 -0.206525
v 0.035138 0.048482 -0.206125
v 0.028560 0.047081 -0.206525
v 0.035845 0.044011 -0.206125
v 0.029156 0.043307 -0.206525
v 0.036084 0.039488 -0.206125
v 0.029356 0.039488 -0.206525
v 0.029156 0.035673 -0.206525
v 0.035845 0.034968 -0.206125
v 0.035138 0.030497 -0.206125
v 0.027870 0.029336 -0.206525
v 0.033967 0.026126 -0.206125
v 0.032344 0.021901 -0.206125
v 0.026198 0.024637 -0.206525
v 0.024465 0.021231 -0.206525
v 0.030291 0.017866 -0.206125
v 0.022380 0.018025 -0.206525
v 0.027825 0.014072 -0.206125
v 0.019975 0.015055 -0.206525
v 0.024977 0.010553 -0.206125
v 0.017272 0.012352 -0.206525
v 0.021777 0.007353 -0.206125
v 0.014302 0.009947 -0.206525
v 0.018257 0.004505 -0.206125
v 0.014460 0.002039 -0.206125
v 0.008733 0.006662 -0.206525
v 0.010429 -0.000018 -0.206125
v 0.006203 -0.001637 -0.206125
v 0.004123 0.004760 -0.206525
v 0.001829 -0.002811 -0.206125
v -0.002189 0.003355 -0.206525
v -0.002641 -0.003518 -0.206125
v -0.007161 -0.003755 -0.206125
v -0.007161 0.002973 -0.206525
v -0.010978 0.003174 -0.206525
v -0.011681 -0.003518 -0.206125
v -0.016151 -0.002811 -0.206125
v -0.017315 0.004457 -0.206525
v -0.020523 -0.001637 -0.206125
v -0.024751 -0.000018 -0.206125
v -0.022016 0.006130 -0.206525
v -0.028782 0.002039 -0.206125
v -0.027645 0.009310 -0.206525
v -0.032581 0.004505 -0.206125
v -0.036096 0.007353 -0.206125
v -0.031595 0.012352 -0.206525
v -0.034297 0.015055 -0.206525
v -0.039299 0.010553 -0.206125
v -0.036703 0.018025 -0.206525
v -0.042148 0.014072 -0.206125
v -0.038787 0.021231 -0.206525
v -0.044611 0.017866 -0.206125
v -0.034776 0.019426 -0.206983
v -0.036724 0.022423 -0.206983
v -0.032528 0.016650 -0.206983
v -0.030002 0.014124 -0.206983
v -0.027227 0.011873 -0.206983
v -0.024230 0.009928 -0.206983
v -0.021045 0.008306 -0.206983
v -0.017708 0.007026 -0.206983
v -0.014259 0.006101 -0.206983
v -0.010729 0.005543 -0.206983
v -0.007161 0.005355 -0.206983
v -0.003596 0.005543 -0.206983
v -0.000063 0.006101 -0.206983
v 0.003385 0.007026 -0.206983
v 0.006723 0.008306 -0.206983
v 0.009906 0.009928 -0.206983
v 0.012904 0.011873 -0.206983
v 0.015679 0.014124 -0.206983
v 0.018206 0.016650 -0.206983
v 0.020454 0.019426 -0.206983
v 0.022402 0.022423 -0.206983
v 0.024021 0.025604 -0.206983
v 0.025304 0.028941 -0.206983
v 0.026227 0.032393 -0.206983
v 0.026788 0.035921 -0.206983
v 0.026973 0.039488 -0.206983
v 0.026788 0.043058 -0.206983
v 0.026227 0.046586 -0.206983
v 0.025304 0.050038 -0.206983
v 0.024021 0.053375 -0.206983
v 0.022402 0.056556 -0.206983
v 0.020454 0.059553 -0.206983
v 0.018206 0.062329 -0.206983
v 0.015679 0.064856 -0.206983
v 0.012904 0.067106 -0.206983
v 0.009906 0.069051 -0.206983
v 0.006723 0.070674 -0.206983
v 0.003385 0.071953 -0.206983
v -0.020860 0.081648 -0.206601
v -0.020732 0.081263 -0.206219
v -0.025191 0.079986 -0.206601
v -0.025027 0.079613 -0.206219
v -0.029326 0.077878 -0.206601
v -0.029123 0.077526 -0.206219
v -0.033218 0.075350 -0.206601
v -0.032978 0.075023 -0.206219
v -0.036822 0.072433 -0.206601
v -0.036552 0.072130 -0.206219
v -0.040102 0.069151 -0.206601
v -0.039804 0.068878 -0.206219
v -0.043025 0.065544 -0.206601
v -0.042693 0.065305 -0.206219
v -0.045551 0.061652 -0.206601
v -0.045199 0.061449 -0.206219
v -0.047659 0.057518 -0.206601
v -0.047287 0.057354 -0.206219
v -0.049321 0.053186 -0.206601
v -0.048932 0.053062 -0.206219
v -0.050519 0.048707 -0.206601
v -0.050122 0.048621 -0.206219
v -0.036072 0.039488 -0.217433
v -0.037264 0.039488 -0.212000
v -0.035914 0.042512 -0.217433
v -0.037097 0.042637 -0.212000
v -0.037919 0.042721 -0.209722
v -0.038088 0.039488 -0.209722
v -0.039257 0.042861 -0.208051
v -0.039433 0.039488 -0.208051
v -0.041110 0.043058 -0.206983
v -0.041295 0.039488 -0.206983
v -0.040549 0.046586 -0.206983
v -0.038729 0.046198 -0.208051
v -0.037853 0.049462 -0.208051
v -0.039623 0.050038 -0.206983
v -0.036646 0.052616 -0.208051
v -0.038344 0.053375 -0.206983
v -0.035110 0.055625 -0.208051
v -0.036724 0.056556 -0.206983
v -0.033269 0.058458 -0.208051
v -0.034776 0.059553 -0.206983
v -0.031143 0.061082 -0.208051
v -0.032528 0.062329 -0.206983
v -0.028756 0.063473 -0.208051
v -0.030002 0.064856 -0.206983
v -0.026131 0.065599 -0.208051
v -0.027227 0.067106 -0.206983
v -0.023299 0.067437 -0.208051
v -0.024230 0.069051 -0.206983
v -0.020286 0.068972 -0.208051
v -0.021045 0.070674 -0.206983
v -0.022625 0.066275 -0.209722
v -0.019741 0.067743 -0.209722
v -0.022214 0.065559 -0.212000
v -0.019403 0.066988 -0.212000
v -0.021615 0.064525 -0.217433
v -0.018921 0.065899 -0.217433
v -0.024854 0.063842 -0.212000
v -0.024154 0.062878 -0.217433
v -0.027303 0.061859 -0.212000
v -0.026505 0.060973 -0.217433
v -0.029532 0.059633 -0.212000
v -0.028647 0.058834 -0.217433
v -0.031515 0.057185 -0.212000
v -0.030551 0.056484 -0.217433
v -0.033229 0.054539 -0.212000
v -0.032199 0.053945 -0.217433
v -0.034663 0.051734 -0.212000
v -0.033572 0.051249 -0.217433
v -0.035789 0.048791 -0.212000
v -0.034656 0.048424 -0.217433
v -0.036606 0.045749 -0.212000
v -0.035437 0.045500 -0.217433
v -0.036575 0.049046 -0.209722
v -0.037414 0.045919 -0.209722
v -0.035417 0.052070 -0.209722
v -0.033946 0.054955 -0.209722
v -0.032183 0.057667 -0.209722
v -0.030144 0.060184 -0.209722
v -0.027854 0.062474 -0.209722
v -0.025341 0.064510 -0.209722
v -0.007164 0.039488 -0.223012
v -0.051381 0.044138 -0.212519
v -0.050589 0.044055 -0.213503
v -0.051623 0.039488 -0.212519
v -0.050828 0.039488 -0.213503
v -0.050653 0.048734 -0.212519
v -0.049874 0.048569 -0.213503
v -0.049448 0.053229 -0.212519
v -0.048693 0.052983 -0.213503
v -0.047781 0.057576 -0.212519
v -0.047054 0.057252 -0.213503
v -0.045669 0.061722 -0.212519
v -0.044981 0.061324 -0.213503
v -0.043134 0.065623 -0.212519
v -0.042491 0.065155 -0.213503
v -0.040203 0.069242 -0.212519
v -0.039612 0.068710 -0.213503
v -0.036912 0.072533 -0.212519
v -0.036380 0.071941 -0.213503
v -0.033297 0.075460 -0.212519
v -0.032829 0.074816 -0.213503
v -0.029393 0.077996 -0.212519
v -0.028995 0.077307 -0.213503
v -0.025245 0.080110 -0.212519
v -0.024921 0.079384 -0.213503
v -0.020903 0.081776 -0.212519
v -0.020656 0.081019 -0.213503
v -0.016407 0.082983 -0.212519
v -0.016241 0.082205 -0.213503
v -0.011808 0.083711 -0.212519
v -0.011725 0.082919 -0.213503
v -0.007161 0.083953 -0.212519
v -0.007161 0.083158 -0.213503
v -0.002514 0.083711 -0.212519
v -0.002598 0.082919 -0.213503
v 0.002084 0.082983 -0.212519
v 0.001919 0.082205 -0.213503
v 0.006579 0.081776 -0.212519
v 0.006333 0.081019 -0.213503
v 0.010923 0.080110 -0.212519
v 0.010599 0.079384 -0.213503
v 0.015070 0.077996 -0.212519
v 0.014673 0.077307 -0.213503
v 0.018974 0.075460 -0.212519
v 0.018506 0.074816 -0.213503
v 0.022589 0.072533 -0.212519
v 0.022058 0.071941 -0.213503
v 0.025880 0.069242 -0.212519
v 0.025288 0.068710 -0.213503
v 0.028811 0.065623 -0.212519
v 0.028168 0.065155 -0.213503
v 0.031346 0.061722 -0.212519
v 0.030658 0.061324 -0.213503
v 0.033459 0.057576 -0.212519
v 0.032732 0.057252 -0.213503
v 0.035126 0.053229 -0.212519
v 0.034370 0.052983 -0.213503
v 0.036330 0.048734 -0.212519
v 0.035552 0.048569 -0.213503
v 0.037058 0.044138 -0.212519
v 0.036266 0.044055 -0.213503
v 0.037303 0.039488 -0.212519
v 0.036509 0.039488 -0.213503
v 0.037058 0.034841 -0.212519
v 0.036266 0.034924 -0.213503
v 0.036330 0.030246 -0.212519
v 0.035552 0.030411 -0.213503
v 0.035126 0.025750 -0.212519
v 0.034370 0.025996 -0.213503
v 0.033459 0.021404 -0.212519
v 0.032732 0.021727 -0.213503
v 0.031346 0.017257 -0.212519
v 0.030658 0.017655 -0.213503
v 0.028811 0.013353 -0.212519
v 0.028168 0.013821 -0.213503
v 0.025880 0.009738 -0.212519
v 0.025288 0.010270 -0.213503
v 0.022589 0.006446 -0.212519
v 0.022058 0.007037 -0.213503
v 0.018974 0.003516 -0.212519
v 0.018506 0.004160 -0.213503
v 0.015070 0.000984 -0.212519
v 0.014673 0.001673 -0.213503
v 0.010923 -0.001131 -0.212519
v 0.010599 -0.000404 -0.213503
v 0.006579 -0.002799 -0.212519
v 0.006333 -0.002042 -0.213503
v 0.002084 -0.004003 -0.212519
v 0.001919 -0.003225 -0.213503
v -0.002514 -0.004732 -0.212519
v -0.002598 -0.003940 -0.213503
v -0.007161 -0.004974 -0.212519
v -0.007161 -0.004178 -0.213503
v -0.011808 -0.004732 -0.212519
v -0.011725 -0.003940 -0.213503
v -0.016407 -0.004003 -0.212519
v -0.016241 -0.003225 -0.213503
v -0.020903 -0.002799 -0.212519
v -0.020656 -0.002042 -0.213503
v -0.025245 -0.001131 -0.212519
v -0.024921 -0.000404 -0.213503
v -0.029393 0.000984 -0.212519
v -0.028995 0.001673 -0.213503
v -0.033297 0.003516 -0.212519
v -0.032829 0.004160 -0.213503
v -0.036912 0.006446 -0.212519
v -0.036380 0.007037 -0.213503
v -0.040203 0.009738 -0.212519
v -0.039612 0.010270 -0.213503
v -0.043134 0.013353 -0.212519
v -0.042491 0.013821 -0.213503
v -0.045669 0.017257 -0.212519
v -0.044981 0.017655 -0.213503
v -0.047781 0.021404 -0.212519
v -0.047054 0.021727 -0.213503
v -0.049448 0.025750 -0.212519
v -0.048693 0.025996 -0.213503
v -0.050653 0.030246 -0.212519
v -0.049874 0.030411 -0.213503
v -0.051381 0.034841 -0.212519
v -0.050589 0.034924 -0.213503
v -0.042143 0.043167 -0.215333
v -0.041077 0.043055 -0.216007
v -0.042336 0.039488 -0.215333
v -0.041263 0.039488 -0.216007
v -0.041568 0.046803 -0.215333
v -0.040519 0.046580 -0.216007
v -0.040615 0.050359 -0.215333
v -0.039595 0.050028 -0.216007
v -0.039295 0.053798 -0.215333
v -0.038316 0.053362 -0.216007
v -0.037625 0.057078 -0.215333
v -0.036697 0.056542 -0.216007
v -0.035619 0.060164 -0.215333
v -0.034752 0.059534 -0.216007
v -0.033301 0.063027 -0.215333
v -0.032504 0.062310 -0.216007
v -0.030697 0.065631 -0.215333
v -0.029979 0.064834 -0.216007
v -0.027836 0.067946 -0.215333
v -0.027206 0.067079 -0.216007
v -0.024749 0.069952 -0.215333
v -0.024213 0.069024 -0.216007
v -0.021466 0.071625 -0.215333
v -0.021031 0.070645 -0.216007
v -0.018031 0.072942 -0.215333
v -0.017701 0.071922 -0.216007
v -0.014476 0.073897 -0.215333
v -0.014252 0.072849 -0.216007
v -0.010837 0.074474 -0.215333
v -0.010725 0.073407 -0.216007
v -0.007160 0.074665 -0.215333
v -0.007160 0.073593 -0.216007
v -0.003485 0.074474 -0.215333
v -0.003597 0.073407 -0.216007
v 0.000153 0.073897 -0.215333
v -0.000070 0.072849 -0.216007
v 0.003710 0.072942 -0.215333
v 0.003379 0.071922 -0.216007
v 0.007145 0.071625 -0.215333
v 0.006709 0.070645 -0.216007
v 0.010427 0.069952 -0.215333
v 0.009892 0.069024 -0.216007
v 0.013515 0.067946 -0.215333
v 0.012885 0.067079 -0.216007
v 0.016375 0.065631 -0.215333
v 0.015658 0.064834 -0.216007
v 0.018980 0.063027 -0.215333
v 0.018182 0.062310 -0.216007
v 0.021297 0.060164 -0.215333
v 0.020429 0.059534 -0.216007
v 0.023303 0.057078 -0.215333
v 0.022375 0.056542 -0.216007
v 0.024974 0.053798 -0.215333
v 0.023993 0.053362 -0.216007
v 0.026294 0.050359 -0.215333
v 0.025272 0.050028 -0.216007
v 0.027245 0.046803 -0.215333
v 0.026197 0.046580 -0.216007
v 0.027821 0.043167 -0.215333
v 0.026756 0.043055 -0.216007
v 0.028017 0.039488 -0.215333
v 0.026944 0.039488 -0.216007
v 0.027821 0.035812 -0.215333
v 0.026756 0.035924 -0.216007
v 0.027245 0.032177 -0.215333
v 0.026197 0.032400 -0.216007
v 0.026294 0.028620 -0.215333
v 0.025272 0.028952 -0.216007
v 0.024974 0.025181 -0.215333
v 0.023993 0.025618 -0.216007
v 0.023303 0.021902 -0.215333
v 0.022375 0.022437 -0.216007
v 0.021297 0.018812 -0.215333
v 0.020429 0.019443 -0.216007
v 0.018980 0.015952 -0.215333
v 0.018182 0.016670 -0.216007
v 0.016375 0.013349 -0.215333
v 0.015658 0.014146 -0.216007
v 0.013515 0.011031 -0.215333
v 0.012885 0.011898 -0.216007
v 0.010427 0.009027 -0.215333
v 0.009892 0.009955 -0.216007
v 0.007146 0.007355 -0.215333
v 0.006709 0.008334 -0.216007
v 0.003710 0.006034 -0.215333
v 0.003379 0.007054 -0.216007
v 0.000153 0.005082 -0.215333
v -0.000070 0.006130 -0.216007
v -0.003485 0.004506 -0.215333
v -0.003597 0.005572 -0.216007
v -0.007160 0.004314 -0.215333
v -0.007160 0.005386 -0.216007
v -0.010837 0.004506 -0.215333
v -0.010725 0.005572 -0.216007
v -0.014476 0.005082 -0.215333
v -0.014252 0.006130 -0.216007
v -0.018031 0.006034 -0.215333
v -0.017701 0.007054 -0.216007
v -0.021468 0.007355 -0.215333
v -0.021031 0.008334 -0.216007
v -0.024749 0.009027 -0.215333
v -0.024213 0.009955 -0.216007
v -0.027836 0.011031 -0.215333
v -0.027206 0.011898 -0.216007
v -0.030697 0.013349 -0.215333
v -0.029979 0.014146 -0.216007
v -0.033301 0.015952 -0.215333
v -0.032504 0.016670 -0.216007
v -0.035619 0.018812 -0.215333
v -0.034752 0.019443 -0.216007
v -0.037625 0.021902 -0.215333
v -0.036697 0.022437 -0.216007
v -0.039295 0.025181 -0.215333
v -0.038316 0.025618 -0.216007
v -0.040615 0.028620 -0.215333
v -0.039595 0.028952 -0.216007
v -0.041568 0.032177 -0.215333
v -0.040519 0.032400 -0.216007
v -0.042143 0.035812 -0.215333
v -0.041077 0.035924 -0.216007
v -0.036088 0.042531 -0.222455
v -0.034955 0.042412 -0.223012
v -0.036246 0.039488 -0.222455
v -0.035108 0.039488 -0.223012
v -0.035611 0.045536 -0.222455
v -0.034498 0.045300 -0.223012
v -0.034823 0.048477 -0.222455
v -0.033741 0.048126 -0.223012
v -0.033732 0.051320 -0.222455
v -0.032693 0.050858 -0.223012
v -0.032351 0.054033 -0.222456
v -0.031366 0.053464 -0.223012
v -0.030693 0.056585 -0.222455
v -0.029773 0.055916 -0.223012
v -0.028775 0.058953 -0.222455
v -0.027930 0.058192 -0.223012
v -0.026623 0.061105 -0.222455
v -0.025862 0.060260 -0.223012
v -0.024258 0.063020 -0.222455
v -0.023589 0.062100 -0.223012
v -0.021704 0.064679 -0.222455
v -0.021134 0.063694 -0.223011
v -0.018990 0.066062 -0.222455
v -0.018528 0.065022 -0.223012
v -0.016149 0.067151 -0.222455
v -0.015798 0.066069 -0.223012
v -0.013210 0.067941 -0.222455
v -0.012972 0.066828 -0.223012
v -0.010202 0.068418 -0.222455
v -0.010083 0.067286 -0.223011
v -0.007160 0.068576 -0.222455
v -0.007160 0.067438 -0.223011
v -0.004122 0.068418 -0.222455
v -0.004240 0.067286 -0.223011
v -0.001113 0.067941 -0.222455
v -0.001350 0.066828 -0.223012
v 0.001828 0.067151 -0.222455
v 0.001477 0.066069 -0.223011
v 0.004669 0.066062 -0.222455
v 0.004207 0.065022 -0.223012
v 0.007383 0.064679 -0.222455
v 0.006813 0.063694 -0.223011
v 0.009936 0.063020 -0.222455
v 0.009267 0.062100 -0.223011
v 0.012302 0.061105 -0.222455
v 0.011540 0.060260 -0.223011
v 0.014453 0.058953 -0.222455
v 0.013608 0.058192 -0.223012
v 0.016371 0.056585 -0.222455
v 0.015451 0.055916 -0.223011
v 0.018031 0.054033 -0.222455
v 0.017044 0.053464 -0.223012
v 0.019410 0.051320 -0.222455
v 0.018371 0.050858 -0.223012
v 0.020502 0.048477 -0.222455
v 0.019420 0.048126 -0.223012
v 0.021289 0.045536 -0.222455
v 0.020177 0.045300 -0.223011
v 0.021765 0.042531 -0.222455
v 0.020635 0.042412 -0.223012
v 0.021926 0.039488 -0.222455
v 0.020789 0.039488 -0.223012
v 0.021765 0.036448 -0.222455
v 0.020635 0.036568 -0.223012
v 0.021289 0.033443 -0.222455
v 0.020177 0.033679 -0.223012
v 0.020502 0.030502 -0.222455
v 0.019420 0.030854 -0.223012
v 0.019410 0.027659 -0.222455
v 0.018371 0.028121 -0.223011
v 0.018031 0.024946 -0.222455
v 0.017044 0.025515 -0.223012
v 0.016371 0.022392 -0.222455
v 0.015451 0.023060 -0.223011
v 0.014453 0.020027 -0.222455
v 0.013608 0.020789 -0.223011
v 0.012302 0.017874 -0.222455
v 0.011540 0.018719 -0.223012
v 0.009936 0.015957 -0.222455
v 0.009267 0.016878 -0.223012
v 0.007383 0.014300 -0.222455
v 0.006813 0.015285 -0.223012
v 0.004669 0.012917 -0.222455
v 0.004207 0.013957 -0.223011
v 0.001828 0.011826 -0.222455
v 0.001477 0.012908 -0.223011
v -0.001113 0.011038 -0.222455
v -0.001349 0.012151 -0.223011
v -0.004122 0.010562 -0.222455
v -0.004240 0.011693 -0.223012
v -0.007160 0.010403 -0.222455
v -0.007160 0.011541 -0.223011
v -0.010202 0.010562 -0.222455
v -0.010083 0.011693 -0.223012
v -0.013210 0.011038 -0.222455
v -0.012973 0.012151 -0.223011
v -0.016149 0.011826 -0.222455
v -0.015798 0.012908 -0.223012
v -0.018990 0.012917 -0.222455
v -0.018528 0.013957 -0.223012
v -0.021704 0.014300 -0.222455
v -0.021134 0.015285 -0.223012
v -0.024258 0.015957 -0.222455
v -0.023589 0.016878 -0.223012
v -0.026623 0.017874 -0.222455
v -0.025862 0.018719 -0.223012
v -0.028775 0.020027 -0.222455
v -0.027930 0.020789 -0.223012
v -0.030693 0.022392 -0.222455
v -0.029773 0.023060 -0.223012
v -0.032351 0.024946 -0.222456
v -0.031366 0.025515 -0.223012
v -0.033732 0.027659 -0.222455
v -0.032693 0.028121 -0.223011
v -0.034823 0.030502 -0.222455
v -0.033741 0.030854 -0.223012
v -0.035611 0.033443 -0.222456
v -0.034498 0.033679 -0.223012
v -0.036088 0.036448 -0.222455
v -0.034955 0.036567 -0.223012
v -0.012168 0.061505 -0.221631
v -0.008983 0.062429 -0.221631
v -0.008369 0.062366 -0.221631
v -0.007931 0.057973 -0.221631
v -0.008072 0.062254 -0.221631
v -0.011167 0.056969 -0.221631
v -0.015029 0.055770 -0.221631
v -0.017078 0.060080 -0.221631
v -0.019021 0.057670 -0.221631
v -0.018922 0.057060 -0.221631
v -0.018959 0.058284 -0.221631
v -0.018669 0.056498 -0.221631
v -0.018279 0.056019 -0.221631
v -0.018740 0.058861 -0.221631
v -0.018379 0.059362 -0.221631
v -0.017778 0.055658 -0.221631
v -0.017900 0.059752 -0.221631
v -0.015978 0.055476 -0.221631
v -0.017201 0.055439 -0.221631
v -0.016587 0.055377 -0.221631
v -0.017338 0.060005 -0.221631
v -0.012191 0.017381 -0.221631
v -0.011196 0.021917 -0.221631
v -0.007911 0.021658 -0.221631
v -0.008064 0.016979 -0.221631
v 0.000306 0.020939 -0.221631
v 0.000278 0.021556 -0.221631
v 0.000493 0.020351 -0.221631
v 0.000411 0.022159 -0.221631
v 0.000695 0.022707 -0.221631
v 0.001281 0.019414 -0.221631
v 0.000825 0.019831 -0.221631
v 0.001829 0.019130 -0.221631
v 0.002675 0.019009 -0.221631
v 0.002432 0.018998 -0.221631
v 0.000823 0.022816 -0.221631
v -0.007792 0.062147 -0.221631
v -0.007191 0.058444 -0.221631
v -0.007291 0.061786 -0.221631
v -0.007670 0.058054 -0.221631
v -0.006830 0.058945 -0.221631
v -0.006549 0.060136 -0.221631
v -0.006611 0.059522 -0.221631
v -0.006648 0.060745 -0.221631
v -0.006901 0.061308 -0.221631
v -0.025031 0.052464 -0.221631
v -0.024054 0.052361 -0.221631
v -0.024659 0.052486 -0.221631
v -0.023042 0.051674 -0.221631
v -0.022532 0.050642 -0.221631
v -0.022702 0.051158 -0.221631
v -0.023503 0.052084 -0.221631
v -0.028282 0.047281 -0.221631
v -0.027001 0.050857 -0.221631
v -0.023918 0.045673 -0.221631
v -0.022953 0.048532 -0.221631
v -0.029647 0.041555 -0.221631
v -0.029615 0.041460 -0.221631
v -0.028263 0.040257 -0.221631
v -0.028815 0.040534 -0.221631
v -0.029276 0.040944 -0.221631
v -0.027043 0.040168 -0.221631
v -0.025941 0.040701 -0.221631
v -0.025519 0.041185 -0.221631
v -0.025531 0.041162 -0.221631
v -0.026457 0.040362 -0.221631
v -0.027659 0.040132 -0.221631
v -0.022287 0.022356 -0.221631
v -0.024108 0.024662 -0.221631
v -0.020610 0.027767 -0.221631
v -0.018958 0.025753 -0.221631
v -0.022028 0.022108 -0.221631
v -0.021841 0.021930 -0.221631
v -0.021299 0.021633 -0.221631
v -0.019490 0.021675 -0.221631
v -0.020082 0.021502 -0.221631
v -0.018963 0.021996 -0.221631
v -0.020700 0.021488 -0.221631
v -0.018095 0.023584 -0.221631
v -0.018109 0.024201 -0.221631
v -0.018241 0.022984 -0.221631
v -0.018258 0.022953 -0.221631
v -0.018720 0.022251 -0.221631
v -0.018283 0.024794 -0.221631
v -0.018604 0.025321 -0.221631
v -0.018537 0.022443 -0.221631
v -0.015472 0.019979 -0.221631
v -0.015445 0.019363 -0.221631
v -0.015052 0.021129 -0.221631
v -0.014929 0.018253 -0.221631
v -0.015260 0.018774 -0.221631
v -0.015338 0.020582 -0.221631
v -0.014474 0.017836 -0.221631
v -0.013926 0.017551 -0.221631
v -0.013525 0.022101 -0.221631
v -0.014114 0.021915 -0.221631
v -0.014635 0.021584 -0.221631
v 0.003637 0.019212 -0.221631
v 0.006771 0.021802 -0.221631
v 0.003048 0.019026 -0.221631
v 0.003882 0.025440 -0.221631
v 0.006390 0.027591 -0.221631
v 0.009984 0.024456 -0.221631
v 0.010647 0.043545 -0.221631
v 0.010679 0.043802 -0.221631
v 0.010691 0.041149 -0.221631
v 0.015290 0.044199 -0.221631
v 0.015376 0.043588 -0.221631
v 0.015375 0.041562 -0.221631
v 0.015005 0.044822 -0.221631
v 0.015049 0.044767 -0.221631
v 0.010722 0.044158 -0.221631
v 0.010954 0.044730 -0.221631
v 0.011325 0.045223 -0.221631
v 0.011811 0.045603 -0.221631
v 0.012991 0.045931 -0.221631
v 0.013603 0.045856 -0.221631
v 0.014669 0.045253 -0.221631
v 0.014176 0.045625 -0.221631
v 0.012379 0.045845 -0.221631
v 0.005916 0.052043 -0.221631
v 0.007582 0.050790 -0.221631
v 0.008178 0.050630 -0.221631
v 0.009926 0.051099 -0.221631
v 0.009391 0.050791 -0.221631
v 0.008795 0.050631 -0.221631
v 0.009306 0.055239 -0.221631
v 0.010830 0.052667 -0.221631
v 0.010829 0.053284 -0.221631
v 0.010362 0.051536 -0.221631
v 0.010670 0.052071 -0.221631
v 0.010669 0.053880 -0.221631
v 0.010361 0.054415 -0.221631
v 0.002754 0.054420 -0.221631
v 0.005386 0.058302 -0.221631
v 0.000338 0.056309 -0.221631
v 0.002375 0.060239 -0.221631
v 0.002136 0.060239 -0.221631
v 0.000629 0.056018 -0.221631
v 0.003506 0.059771 -0.221631
v 0.002971 0.060079 -0.221631
v 0.010756 0.037563 -0.221631
v 0.010799 0.035185 -0.221631
v 0.015373 0.034889 -0.221631
v 0.015374 0.037054 -0.221631
v 0.015142 0.034316 -0.221631
v 0.015028 0.034165 -0.221631
v 0.011047 0.034280 -0.221631
v 0.010806 0.034848 -0.221631
v 0.011427 0.033793 -0.221631
v 0.011920 0.033422 -0.221631
v 0.013105 0.033116 -0.221631
v 0.013716 0.033202 -0.221631
v 0.014771 0.033823 -0.221631
v 0.014284 0.033443 -0.221631
v 0.012492 0.033191 -0.221631
v 0.007298 0.028370 -0.221631
v 0.007818 0.028703 -0.221631
v 0.008407 0.028889 -0.221631
v 0.009023 0.028917 -0.221631
v 0.009626 0.028784 -0.221631
v 0.010343 0.024752 -0.221631
v 0.010760 0.025208 -0.221631
v 0.010630 0.028084 -0.221631
v 0.011177 0.026359 -0.221631
v 0.011044 0.025756 -0.221631
v 0.011149 0.026975 -0.221631
v 0.010962 0.027564 -0.221631
v 0.010174 0.028500 -0.221631
v -0.029179 0.044778 -0.221631
v -0.024589 0.043682 -0.221631
v -0.029809 0.042046 -0.221631
v -0.029845 0.042662 -0.221631
v -0.029720 0.043267 -0.221631
v -0.025254 0.041713 -0.221631
v -0.026787 0.051456 -0.221631
v -0.026376 0.051917 -0.221631
v -0.025861 0.052256 -0.221631
v -0.025275 0.052450 -0.221631
v -0.022473 0.049956 -0.221631
v -0.022508 0.050572 -0.221631
v -0.000276 0.057585 -0.221631
v -0.000277 0.058202 -0.221631
v -0.000116 0.056989 -0.221631
v -0.000117 0.058798 -0.221631
v 0.000627 0.059770 -0.221631
v 0.001758 0.060239 -0.221631
v 0.001162 0.060079 -0.221631
v 0.000192 0.056454 -0.221631
v 0.000191 0.059333 -0.221631
v -0.005268 0.016706 -0.221631
v -0.004853 0.021417 -0.221631
v -0.003199 0.017623 -0.221631
v -0.003542 0.017249 -0.221631
v -0.004063 0.016918 -0.221631
v -0.003848 0.021073 -0.221631
v -0.004652 0.016733 -0.221631
v -0.004251 0.021283 -0.221631
v -0.003703 0.020997 -0.221631
v -0.003125 0.017704 -0.221631
v -0.003249 0.020580 -0.221631
v -0.002706 0.018854 -0.221631
v -0.002732 0.019471 -0.221631
v -0.002840 0.018251 -0.221631
v -0.002917 0.020059 -0.221631
v -0.026899 0.028195 -0.221631
v -0.022877 0.030530 -0.221631
v -0.027852 0.029775 -0.221631
v -0.027867 0.030392 -0.221631
v -0.027425 0.031533 -0.221631
v -0.027679 0.029183 -0.221631
v -0.027721 0.030992 -0.221631
v -0.026999 0.031980 -0.221631
v -0.025879 0.032474 -0.221631
v -0.026471 0.032301 -0.221631
v -0.024121 0.032047 -0.221631
v -0.024662 0.032343 -0.221631
v -0.025262 0.032489 -0.221631
v -0.029615 0.041460 -0.223012
v -0.029749 0.041864 -0.223012
v -0.028263 0.040257 -0.223012
v -0.028815 0.040534 -0.223012
v -0.029276 0.040944 -0.223012
v -0.026457 0.040362 -0.223012
v -0.027043 0.040168 -0.223012
v -0.025407 0.041408 -0.223012
v -0.025941 0.040701 -0.223012
v -0.025531 0.041162 -0.223012
v -0.027659 0.040132 -0.223012
v -0.029809 0.042046 -0.223012
v -0.029845 0.042662 -0.223012
v -0.025254 0.041713 -0.223012
v -0.024743 0.043226 -0.223012
v -0.029381 0.044212 -0.223012
v -0.029720 0.043267 -0.223012
v -0.028580 0.046448 -0.223012
v -0.024143 0.045006 -0.223012
v -0.023543 0.046783 -0.223012
v -0.027784 0.048672 -0.223012
v -0.022932 0.048594 -0.223012
v -0.026976 0.050929 -0.223012
v -0.026787 0.051456 -0.223012
v -0.026376 0.051917 -0.223012
v -0.025861 0.052256 -0.223012
v -0.025275 0.052450 -0.223012
v -0.025023 0.052465 -0.223012
v -0.022473 0.049956 -0.223012
v -0.022508 0.050572 -0.223012
v -0.022537 0.050659 -0.223012
v -0.024054 0.052361 -0.223012
v -0.024659 0.052486 -0.223012
v -0.023042 0.051674 -0.223012
v -0.022702 0.051158 -0.223012
v -0.023503 0.052084 -0.223012
v -0.019021 0.057670 -0.223012
v -0.018669 0.056498 -0.223012
v -0.018922 0.057060 -0.223012
v -0.018959 0.058284 -0.223012
v -0.018740 0.058861 -0.223012
v -0.018279 0.056019 -0.223012
v -0.017201 0.055439 -0.223012
v -0.016356 0.055414 -0.223012
v -0.016587 0.055377 -0.223012
v -0.017778 0.055658 -0.223012
v -0.018520 0.059165 -0.223012
v -0.017900 0.059752 -0.223012
v -0.018379 0.059362 -0.223012
v -0.015978 0.055476 -0.223012
v -0.014485 0.055939 -0.223012
v -0.016414 0.060273 -0.223012
v -0.017338 0.060005 -0.223012
v -0.012689 0.056496 -0.223012
v -0.014131 0.060935 -0.223012
v -0.010896 0.057053 -0.223012
v -0.011860 0.061594 -0.223012
v -0.009068 0.057620 -0.223012
v -0.009555 0.062263 -0.223012
v -0.008983 0.062429 -0.223012
v -0.008369 0.062366 -0.223012
v -0.007191 0.058444 -0.223012
v -0.007161 0.058486 -0.223012
v -0.007670 0.058054 -0.223012
v -0.007161 0.061627 -0.223012
v -0.007291 0.061786 -0.223012
v -0.007792 0.062147 -0.223012
v -0.006830 0.058945 -0.223012
v -0.006549 0.060136 -0.223012
v -0.006611 0.059522 -0.223012
v -0.006648 0.060745 -0.223012
v -0.006901 0.061308 -0.223012
v -0.000276 0.057585 -0.223012
v -0.000277 0.058202 -0.223012
v -0.000117 0.058798 -0.223012
v -0.000116 0.056989 -0.223012
v 0.000627 0.059770 -0.223012
v 0.001162 0.060079 -0.223012
v 0.002076 0.060239 -0.223012
v 0.001758 0.060239 -0.223012
v 0.000330 0.056317 -0.223012
v 0.000192 0.056454 -0.223012
v 0.000191 0.059333 -0.223012
v 0.001850 0.055100 -0.223012
v 0.000629 0.056018 -0.223012
v 0.002971 0.060079 -0.223012
v 0.004224 0.059210 -0.223012
v 0.003506 0.059771 -0.223012
v 0.002375 0.060239 -0.223012
v 0.003357 0.053967 -0.223012
v 0.006101 0.057743 -0.223012
v 0.004857 0.052839 -0.223012
v 0.007963 0.056288 -0.223012
v 0.006386 0.051689 -0.223012
v 0.009854 0.054811 -0.223012
v 0.007582 0.050790 -0.223012
v 0.010361 0.054415 -0.223012
v 0.008175 0.050631 -0.223012
v 0.010830 0.052667 -0.223012
v 0.010794 0.052534 -0.223012
v 0.010829 0.053284 -0.223012
v 0.010669 0.053880 -0.223012
v 0.008178 0.050630 -0.223012
v 0.009391 0.050791 -0.223012
v 0.008795 0.050631 -0.223012
v 0.010362 0.051536 -0.223012
v 0.010670 0.052071 -0.223012
v 0.009926 0.051099 -0.223012
v 0.012416 0.045850 -0.223012
v 0.012379 0.045845 -0.223012
v 0.012312 0.045816 -0.223012
v 0.010647 0.043545 -0.223012
v 0.010652 0.043276 -0.223012
v 0.010722 0.044158 -0.223012
v 0.010954 0.044730 -0.223012
v 0.011325 0.045223 -0.223012
v 0.011811 0.045603 -0.223012
v 0.012991 0.045931 -0.223012
v 0.014176 0.045625 -0.223012
v 0.013603 0.045856 -0.223012
v 0.015266 0.044256 -0.223012
v 0.015049 0.044767 -0.223012
v 0.014669 0.045253 -0.223012
v 0.010687 0.041366 -0.223012
v 0.015376 0.043588 -0.223012
v 0.015375 0.041859 -0.223012
v 0.015290 0.044199 -0.223012
v 0.010721 0.039488 -0.223012
v 0.015375 0.039488 -0.223012
v 0.010755 0.037606 -0.223012
v 0.015374 0.037121 -0.223012
v 0.010791 0.035673 -0.223012
v 0.015373 0.034889 -0.223012
v 0.015303 0.034714 -0.223012
v 0.010806 0.034848 -0.223012
v 0.011047 0.034280 -0.223012
v 0.012492 0.033191 -0.223012
v 0.011920 0.033422 -0.223012
v 0.011427 0.033793 -0.223012
v 0.014284 0.033443 -0.223012
v 0.013716 0.033202 -0.223012
v 0.014771 0.033823 -0.223012
v 0.015142 0.034316 -0.223012
v 0.013105 0.033116 -0.223012
v 0.007818 0.028703 -0.223012
v 0.007747 0.028657 -0.223012
v 0.008407 0.028889 -0.223012
v 0.009023 0.028917 -0.223012
v 0.009626 0.028784 -0.223012
v 0.010962 0.027564 -0.223012
v 0.010630 0.028084 -0.223012
v 0.011177 0.026359 -0.223012
v 0.011140 0.026192 -0.223012
v 0.011149 0.026975 -0.223012
v 0.010174 0.028500 -0.223012
v 0.006217 0.027443 -0.223012
v 0.007298 0.028370 -0.223012
v 0.009750 0.024262 -0.223012
v 0.010343 0.024752 -0.223012
v 0.010760 0.025208 -0.223012
v 0.011044 0.025756 -0.223012
v 0.004788 0.026217 -0.223012
v 0.007914 0.022745 -0.223012
v 0.003366 0.024997 -0.223012
v 0.006095 0.021243 -0.223012
v 0.001921 0.023758 -0.223012
v 0.004252 0.019720 -0.223012
v 0.000488 0.022307 -0.223012
v 0.001911 0.019112 -0.223012
v 0.000695 0.022707 -0.223012
v 0.003048 0.019026 -0.223012
v 0.003637 0.019212 -0.223012
v 0.002432 0.018998 -0.223012
v 0.000306 0.020939 -0.223012
v 0.000278 0.021556 -0.223012
v 0.000411 0.022159 -0.223012
v 0.000825 0.019831 -0.223012
v 0.001829 0.019130 -0.223012
v 0.001281 0.019414 -0.223012
v 0.000493 0.020351 -0.223012
v -0.002917 0.020059 -0.223012
v -0.003089 0.020329 -0.223012
v -0.002741 0.018695 -0.223012
v -0.002706 0.018854 -0.223012
v -0.002732 0.019471 -0.223012
v -0.005266 0.021449 -0.223012
v -0.004853 0.021417 -0.223012
v -0.004769 0.016728 -0.223012
v -0.004063 0.016918 -0.223012
v -0.004652 0.016733 -0.223012
v -0.004251 0.021283 -0.223012
v -0.002840 0.018251 -0.223012
v -0.003542 0.017249 -0.223012
v -0.003125 0.017704 -0.223012
v -0.003249 0.020580 -0.223012
v -0.003703 0.020997 -0.223012
v -0.005268 0.016706 -0.223012
v -0.007161 0.016891 -0.223012
v -0.007162 0.021599 -0.223012
v -0.009027 0.021746 -0.223012
v -0.009513 0.017120 -0.223012
v -0.011869 0.017350 -0.223012
v -0.010903 0.021894 -0.223012
v -0.013926 0.017551 -0.223012
v -0.014238 0.017713 -0.223012
v -0.012830 0.022046 -0.223012
v -0.015445 0.019363 -0.223012
v -0.015472 0.019979 -0.223012
v -0.015260 0.018774 -0.223012
v -0.015338 0.020582 -0.223012
v -0.014635 0.021584 -0.223012
v -0.013525 0.022101 -0.223012
v -0.014114 0.021915 -0.223012
v -0.014474 0.017836 -0.223012
v -0.014929 0.018253 -0.223012
v -0.015052 0.021129 -0.223012
v -0.020082 0.021502 -0.223012
v -0.020233 0.021498 -0.223012
v -0.018963 0.021996 -0.223012
v -0.019490 0.021675 -0.223012
v -0.018241 0.022984 -0.223012
v -0.018095 0.023584 -0.223012
v -0.018109 0.024201 -0.223012
v -0.018155 0.024358 -0.223012
v -0.018537 0.022443 -0.223012
v -0.022287 0.022356 -0.223012
v -0.022428 0.022534 -0.223012
v -0.021299 0.021633 -0.223012
v -0.021841 0.021930 -0.223012
v -0.018283 0.024794 -0.223012
v -0.018604 0.025321 -0.223012
v -0.019231 0.026085 -0.223012
v -0.020700 0.021488 -0.223012
v -0.020428 0.027545 -0.223012
v -0.023909 0.024410 -0.223012
v -0.025370 0.026259 -0.223012
v -0.021613 0.028990 -0.223012
v -0.026844 0.028126 -0.223012
v -0.022813 0.030453 -0.223012
v -0.027852 0.029775 -0.223012
v -0.027864 0.030271 -0.223012
v -0.027679 0.029183 -0.223012
v -0.024056 0.031967 -0.223012
v -0.027867 0.030392 -0.223012
v -0.026999 0.031980 -0.223012
v -0.027425 0.031533 -0.223012
v -0.027721 0.030992 -0.223012
v -0.025879 0.032474 -0.223012
v -0.024662 0.032343 -0.223012
v -0.024121 0.032047 -0.223012
v -0.025262 0.032489 -0.223012
v -0.026471 0.032301 -0.223012
vn 0.0384 0.9993 -0.0000
vn -0.0384 0.9993 -0.0000
vn -0.1882 0.9821 -0.0000
vn -0.2629 0.9648 -0.0000
vn -0.0000 0.8443 0.5359
vn -0.1594 0.8287 0.5365
vn -0.0000 0.8439 0.5365
vn -0.2223 0.8143 0.5362
vn -0.0000 0.1729 0.9849
vn -0.0329 0.1700 0.9849
vn -0.0000 0.0024 1.0000
vn -0.0374 0.1366 0.9899
vn -0.0277 0.0346 0.9990
vn -0.0438 0.0814 0.9957
vn -0.1083 0.1350 0.9849
vn -0.0704 0.1582 0.9849
vn -0.5278 0.6586 0.5364
vn -0.3990 0.7445 0.5352
vn -0.5278 0.6588 0.5361
vn -0.3425 0.7721 0.5354
vn -0.4387 0.8986 -0.0000
vn -0.6254 0.7803 -0.0000
vn 0.6534 0.7570 -0.0000
vn 0.5964 0.8027 -0.0000
vn 0.4721 0.8816 -0.0000
vn 0.4052 0.9142 -0.0000
vn 0.5278 0.6585 0.5364
vn 0.3984 0.7447 0.5355
vn 0.5279 0.6588 0.5361
vn 0.3416 0.7722 0.5358
vn 0.0704 0.1582 0.9849
vn 0.0036 0.0068 1.0000
vn 0.1036 0.1389 0.9849
vn 0.0941 0.1086 0.9896
vn 0.1352 0.1083 0.9849
vn 0.0599 0.0480 0.9971
vn -0.0184 0.0090 0.9998
vn -0.0399 0.0320 0.9987
vn -0.1558 0.0757 0.9849
vn -0.1350 0.1083 0.9849
vn -0.7579 0.3702 0.5372
vn -0.6582 0.5276 0.5370
vn -0.7580 0.3700 0.5371
vn -0.6580 0.5277 0.5372
vn -0.7804 0.6253 -0.0000
vn -0.8986 0.4388 -0.0000
vn -0.7803 0.6254 -0.0000
vn -0.8986 0.4387 -0.0000
vn 0.7799 0.6258 -0.0000
vn 0.8987 0.4387 -0.0000
vn 0.8986 0.4387 -0.0000
vn 0.7571 0.3697 0.5386
vn 0.6581 0.5277 0.5371
vn 0.7577 0.3699 0.5377
vn 0.6583 0.5279 0.5366
vn 0.1583 0.0705 0.9849
vn 0.0541 0.0291 0.9981
vn 0.1686 0.0390 0.9849
vn 0.0502 0.0116 0.9987
vn 0.1730 -0.0000 0.9849
vn 0.0205 -0.0000 0.9998
vn -0.0121 -0.0000 0.9999
vn -0.0283 0.0066 0.9996
vn -0.1732 -0.0000 0.9849
vn -0.1688 0.0391 0.9849
vn -0.8430 -0.0000 0.5380
vn -0.8216 0.1902 0.5373
vn -0.8430 -0.0000 0.5379
vn -0.8218 0.1903 0.5371
vn -0.9993 -0.0385 -0.0000
vn -0.9993 0.0386 -0.0000
vn -0.9821 0.1885 -0.0000
vn -0.9648 0.2629 -0.0000
vn 0.9743 0.2254 -0.0000
vn 1.0000 -0.0000 -0.0000
vn 0.8445 -0.0000 0.5355
vn 0.8218 0.1903 0.5371
vn 0.8439 -0.0000 0.5365
vn 0.8218 0.1904 0.5371
vn 0.8287 -0.1593 0.5365
vn 0.8135 -0.2222 0.5374
vn 0.1686 -0.0390 0.9849
vn 0.0284 -0.0066 0.9996
vn 0.1583 -0.0704 0.9849
vn 0.0158 -0.0085 0.9998
vn -0.0113 -0.0061 0.9999
vn -0.0191 -0.0044 0.9998
vn -0.1584 -0.0705 0.9849
vn -0.1687 -0.0394 0.9849
vn -0.7437 -0.3986 0.5367
vn -0.8216 -0.1903 0.5373
vn -0.7716 -0.3422 0.5363
vn -0.8215 -0.1903 0.5375
vn -0.9742 -0.2257 -0.0000
vn -0.9143 -0.4050 -0.0000
vn -0.9742 -0.2256 -0.0000
vn -0.8817 -0.4719 -0.0000
vn -0.8028 -0.5963 -0.0000
vn -0.7569 -0.6535 -0.0000
vn -0.6254 -0.7803 -0.0000
vn -0.4718 -0.8817 -0.0000
vn -0.4050 -0.9143 -0.0000
vn 0.4051 -0.9143 -0.0000
vn 0.4721 -0.8816 -0.0000
vn 0.5964 -0.8027 -0.0000
vn 0.6534 -0.7570 -0.0000
vn 0.3422 -0.7717 0.5360
vn 0.5042 -0.6779 0.5350
vn 0.3990 -0.7445 0.5353
vn 0.5522 -0.6388 0.5358
vn 0.0704 -0.1582 0.9849
vn 0.1083 -0.1350 0.9849
vn 0.0047 -0.0087 1.0000
vn 0.0044 -0.0055 1.0000
vn -0.0044 -0.0055 1.0000
vn -0.1083 -0.1350 0.9849
vn -0.0047 -0.0087 1.0000
vn -0.0704 -0.1581 0.9849
vn -0.3705 -0.7590 0.5353
vn -0.5278 -0.6584 0.5366
vn -0.3703 -0.7586 0.5360
vn -0.2223 -0.8142 0.5364
vn -0.1594 -0.8288 0.5364
vn -0.0000 -0.8438 0.5367
vn -0.0000 -0.8443 0.5359
vn -0.2628 -0.9649 -0.0000
vn -0.1882 -0.9821 -0.0000
vn -0.0000 -1.0000 -0.0000
vn 0.2253 -0.9743 -0.0000
vn 0.2254 -0.9743 -0.0000
vn 0.1593 -0.8286 0.5367
vn 0.2222 -0.8140 0.5367
vn -0.0000 -0.1729 0.9849
vn 0.0329 -0.1700 0.9849
vn -0.0000 -0.0125 0.9999
vn 0.0025 -0.0092 1.0000
vn -0.0329 -0.1700 0.9849
vn -0.0025 -0.0092 1.0000
vn -0.6581 -0.5274 0.5374
vn -0.6574 -0.5270 0.5386
vn -0.1390 -0.1037 0.9848
vn -0.0087 -0.0075 0.9999
vn 0.0050 -0.0044 1.0000
vn 0.1389 -0.1035 0.9849
vn 0.6773 -0.5024 0.5375
vn 0.6390 -0.5511 0.5367
vn 0.7577 -0.3700 0.5376
vn 0.7567 -0.6538 -0.0000
vn 0.8027 -0.5964 -0.0000
vn 0.8817 -0.4719 -0.0000
vn 0.9143 -0.4050 -0.0000
vn 0.9649 -0.2628 -0.0000
vn 0.9822 -0.1881 -0.0000
vn -0.0000 -0.0000 -1.0000
vn 0.0034 0.0124 0.9999
vn 0.0329 0.1700 0.9849
vn 0.1900 0.8215 0.5375
vn 0.1902 0.8221 0.5366
vn 0.2628 0.9648 -0.0000
vn 0.1881 0.9821 -0.0000
vn 0.0038 -0.8660 0.5000
vn 0.0044 -0.9599 0.2802
vn 0.3197 -0.8206 0.4738
vn 0.3203 -0.9151 0.2451
vn 0.9499 -0.3052 0.0680
vn 0.9960 -0.0848 0.0269
vn 0.9498 -0.2774 0.1448
vn 0.9976 -0.0582 0.0372
vn 0.9501 -0.2205 0.2205
vn 0.9992 -0.0278 0.0278
vn 0.9940 -0.0545 0.0944
vn 0.9499 -0.1563 0.2708
vn 0.3197 -0.4368 0.8408
vn 0.0037 -0.4624 0.8867
vn 0.3191 -0.6398 0.6992
vn 0.0028 -0.7074 0.7068
vn 0.0056 0.0007 1.0000
vn 0.0050 -0.2169 0.9762
vn 0.3203 -0.0420 0.9464
vn 0.3196 -0.2450 0.9153
vn 0.9499 0.0132 0.3123
vn 0.9500 -0.0808 0.3017
vn 0.9984 -0.0026 0.0564
vn 0.9988 -0.0126 0.0472
vn 0.9499 0.0937 0.2983
vn 0.9960 0.0191 0.0869
vn 0.9500 0.1675 0.2636
vn 0.9976 0.0318 0.0613
vn 0.9500 0.2301 0.2112
vn 0.9984 0.0380 0.0416
vn 0.9498 0.2775 0.1448
vn 0.9960 0.0750 0.0479
vn 0.9498 0.3052 0.0681
vn 0.9984 0.0538 0.0171
vn 0.9499 0.3123 -0.0133
vn 0.9960 0.0889 0.0040
vn 0.9499 0.3019 -0.0809
vn 0.9963 0.0834 -0.0224
vn 0.9501 0.2702 -0.1560
vn 0.9988 0.0423 -0.0244
vn 0.9500 0.2111 -0.2298
vn 0.9984 0.0416 -0.0380
vn 0.9499 0.1446 -0.2771
vn 0.9976 0.0372 -0.0582
vn 0.9498 0.0681 -0.3054
vn 0.9976 0.0209 -0.0658
vn 0.9497 -0.0133 -0.3128
vn 0.9960 0.0040 -0.0889
vn 0.9499 -0.0936 -0.2983
vn 0.9984 -0.0121 -0.0551
vn 0.9499 -0.1676 -0.2639
vn 0.9960 -0.0410 -0.0790
vn 0.9500 -0.2300 -0.2113
vn 0.9984 -0.0380 -0.0417
vn 0.9498 -0.2774 -0.1448
vn 0.9976 -0.0582 -0.0372
vn 0.9499 -0.3052 -0.0680
vn 0.9960 -0.0848 -0.0269
vn 0.9500 -0.3123 -0.0000
vn 0.9974 -0.0715 -0.0000
vn 0.3202 -0.9151 -0.2451
vn 0.3207 -0.9472 -0.0000
vn 0.0144 -0.9555 -0.2947
vn 0.0063 -0.9992 -0.0385
vn -0.0000 -0.9990 0.0438
vn -0.0000 -0.9774 -0.2116
vn 0.2981 -0.9545 -0.0076
vn 0.2135 -0.9769 -0.0000
vn -0.0000 -1.0000 -0.0097
vn 0.2474 -0.9145 -0.3201
vn 0.0001 -0.9472 -0.3205
vn -0.0000 -0.3136 -0.9496
vn -0.0001 -0.0248 -0.9997
vn 0.0685 -0.3066 -0.9494
vn 0.0674 -0.2124 -0.9749
vn 0.0075 -0.0130 -0.9999
vn -0.0364 -0.0573 -0.9977
vn -0.0127 -0.0416 -0.9991
vn -0.1460 -0.2780 -0.9494
vn -0.0684 -0.3065 -0.9494
vn -0.5136 -0.7976 -0.3164
vn -0.2474 -0.9149 -0.3191
vn -0.5339 -0.8455 -0.0133
vn -0.2980 -0.9545 -0.0076
vn -0.4603 -0.8878 -0.0000
vn -0.2135 -0.9770 -0.0000
vn -0.0050 -0.9548 -0.2973
vn -0.0000 -0.9770 -0.2130
vn -0.0088 -0.9992 -0.0395
vn -0.3198 -0.9152 -0.2453
vn -0.3208 -0.9471 -0.0000
vn -0.9496 -0.3028 -0.0811
vn -0.9495 -0.3138 -0.0000
vn -0.9995 -0.0294 -0.0079
vn -0.9999 -0.0156 -0.0000
vn -0.9497 -0.2712 -0.1567
vn -0.9999 -0.0135 -0.0078
vn -0.9995 -0.0215 -0.0215
vn -0.9498 -0.2211 -0.2212
vn -0.3189 -0.8209 -0.4738
vn -0.3189 -0.6702 -0.6702
vn -0.0110 -0.8457 -0.5335
vn -0.0063 -0.6780 -0.7350
vn -0.0000 -0.7398 -0.6728
vn -0.0000 -0.8887 -0.4585
vn -0.0101 -0.4656 -0.8849
vn -0.0000 -0.5399 -0.8417
vn -0.0107 -0.2196 -0.9755
vn -0.0000 -0.3030 -0.9530
vn -0.3201 -0.4368 -0.8407
vn -0.3203 -0.2044 -0.9250
vn -0.9495 -0.0683 -0.3063
vn -0.9496 -0.1568 -0.2716
vn -0.9997 -0.0070 -0.0221
vn -0.9999 -0.0078 -0.0135
vn -0.9494 0.0134 -0.3139
vn -0.9997 -0.0011 -0.0232
vn -0.9495 0.0940 -0.2993
vn -0.9997 0.0050 -0.0227
vn -0.9497 0.1680 -0.2644
vn -0.9997 0.0107 -0.0206
vn -0.9496 0.2308 -0.2119
vn -0.9997 0.0156 -0.0171
vn -0.9494 0.2783 -0.1453
vn -0.9997 0.0196 -0.0125
vn -0.9496 0.3059 -0.0682
vn -0.9997 0.0221 -0.0070
vn -0.9498 0.3127 0.0133
vn -0.9997 0.0231 -0.0010
vn -0.9495 0.2994 0.0941
vn -0.9997 0.0226 0.0050
vn -0.9495 0.2648 0.1682
vn -0.9997 0.0206 0.0107
vn -0.9497 0.2118 0.2306
vn -0.9997 0.0171 0.0156
vn -0.9496 0.1451 0.2780
vn -0.9997 0.0125 0.0195
vn -0.9495 0.0682 0.3061
vn -0.9997 0.0070 0.0221
vn -0.9496 -0.0133 0.3133
vn -0.9997 0.0010 0.0232
vn -0.9495 -0.0939 0.2993
vn -0.9997 -0.0050 0.0226
vn -0.9495 -0.1682 0.2647
vn -0.9997 -0.0107 0.0206
vn -0.9496 -0.2308 0.2120
vn -0.9997 -0.0156 0.0171
vn -0.9495 -0.2783 0.1453
vn -0.9997 -0.0195 0.0125
vn -0.9496 -0.3028 0.0811
vn -0.9995 -0.0294 0.0079
vn -0.3201 -0.9251 0.2044
vn -0.0043 -0.9729 0.2310
vn -0.3200 -0.8407 0.4369
vn -0.0028 -0.8658 0.5003
vn -0.3197 -0.6700 0.6700
vn -0.0037 -0.7071 0.7071
vn -0.0038 -0.5374 0.8433
vn -0.3201 -0.4368 0.8407
vn -0.0037 -0.3010 0.9536
vn -0.3203 -0.2044 0.9250
vn -0.0028 -0.0004 1.0000
vn -0.3204 0.0420 0.9463
vn -0.0098 0.9550 -0.2965
vn -0.0066 0.9992 -0.0390
vn -0.0000 0.9771 -0.2129
vn -0.0000 0.9990 0.0439
vn -0.0000 0.8888 -0.4584
vn -0.0057 0.8453 -0.5342
vn -0.0000 0.7397 -0.6729
vn -0.0093 0.6791 -0.7339
vn -0.0000 0.5399 -0.8417
vn -0.0101 0.4656 -0.8849
vn -0.0000 0.3030 -0.9530
vn -0.0107 0.2197 -0.9755
vn -0.0210 -0.0000 -0.9998
vn -0.3202 0.2044 -0.9250
vn -0.3210 -0.0000 -0.9471
vn -0.9995 -0.0040 -0.0307
vn -1.0000 -0.0000 -0.0000
vn -0.9754 0.2189 -0.0267
vn -0.9534 0.3018 -0.0000
vn -0.9480 0.0417 -0.3156
vn -0.9172 0.2436 -0.3152
vn -0.3019 0.0941 -0.9487
vn -0.0296 0.0064 -0.9995
vn -0.3153 -0.0000 -0.9490
vn -0.0152 -0.0000 -0.9999
vn 0.0082 -0.0000 -1.0000
vn 0.0120 0.0026 -0.9999
vn 0.3158 -0.0000 -0.9488
vn 0.3022 0.0942 -0.9486
vn 0.9490 -0.0000 -0.3153
vn 0.9271 0.2030 -0.3150
vn 0.9992 -0.0000 -0.0395
vn 0.9751 0.2207 -0.0204
vn 0.9534 0.3017 -0.0000
vn 0.8428 0.5382 -0.0000
vn 0.8851 0.4651 -0.0186
vn 0.6751 0.7377 -0.0000
vn 0.7346 0.6783 -0.0160
vn 0.5340 0.8454 -0.0134
vn 0.4606 0.8876 -0.0001
vn 0.2980 0.9545 -0.0077
vn 0.2133 0.9770 -0.0001
vn -0.0003 1.0000 -0.0097
vn -0.0006 1.0000 -0.0000
vn -0.2976 0.9547 -0.0075
vn -0.2133 0.9770 -0.0000
vn -0.2474 0.9152 -0.3180
vn 0.0001 0.9479 -0.3185
vn -0.0000 0.3128 -0.9498
vn 0.0003 0.0141 -0.9999
vn -0.0683 0.3057 -0.9497
vn -0.0673 0.2119 -0.9750
vn -0.0641 0.1003 -0.9929
vn 0.0073 0.0125 -0.9999
vn 0.0044 0.0160 -0.9999
vn 0.1459 0.2778 -0.9495
vn 0.0683 0.3058 -0.9497
vn 0.5136 0.7969 -0.3181
vn 0.2474 0.9152 -0.3180
vn 0.7027 0.6369 -0.3171
vn 0.8435 0.4340 -0.3164
vn 0.2138 0.2309 -0.9492
vn 0.2681 0.1690 -0.9484
vn 0.0094 0.0093 -0.9999
vn 0.0110 0.0060 -0.9999
vn -0.0386 0.0201 -0.9991
vn -0.2680 0.1689 -0.9485
vn -0.0504 0.0463 -0.9977
vn -0.2137 0.2309 -0.9492
vn -0.8437 0.4341 -0.3159
vn -0.8850 0.4651 -0.0186
vn -0.7029 0.6369 -0.3168
vn -0.7347 0.6783 -0.0160
vn -0.8428 0.5382 -0.0000
vn -0.6752 0.7377 -0.0000
vn -0.5136 0.7969 -0.3181
vn -0.5340 0.8454 -0.0133
vn -0.4601 0.8878 -0.0000
vn -0.1459 0.2776 -0.9495
vn 0.0111 0.9550 -0.2963
vn 0.0001 0.9774 -0.2113
vn 0.0122 0.9992 -0.0375
vn 0.3194 0.9253 -0.2045
vn 0.3185 0.9479 -0.0000
vn 0.0130 0.8459 -0.5332
vn 0.3201 0.8407 -0.4367
vn 0.0154 0.6786 -0.7344
vn 0.3191 0.6991 -0.6399
vn 0.0179 0.4645 -0.8854
vn 0.3184 0.5098 -0.7992
vn 0.0197 0.2176 -0.9758
vn 0.3194 0.2856 -0.9035
vn 0.0296 -0.0038 -0.9996
vn 0.3204 0.0420 -0.9463
vn 0.0197 -0.2225 -0.9747
vn 0.3198 -0.2045 -0.9252
vn 0.0179 -0.4684 -0.8833
vn 0.3197 -0.4368 -0.8408
vn 0.0154 -0.6816 -0.7315
vn 0.3191 -0.6398 -0.6992
vn 0.0088 -0.8466 -0.5321
vn 0.3197 -0.8206 -0.4738
vn -0.0000 -0.8895 -0.4569
vn -0.0000 -0.7412 -0.6713
vn 0.7345 -0.6785 -0.0159
vn 0.6749 -0.7379 -0.0000
vn 0.5339 -0.8454 -0.0134
vn 0.4605 -0.8877 -0.0000
vn 0.5133 -0.7972 -0.3176
vn 0.7027 -0.6369 -0.3172
vn 0.1463 -0.2785 -0.9492
vn 0.2137 -0.2308 -0.9493
vn 0.0118 -0.0115 -0.9999
vn 0.2680 -0.1689 -0.9485
vn 0.0127 -0.0068 -0.9999
vn -0.1993 -0.1027 -0.9745
vn -0.0880 -0.0802 -0.9929
vn -0.2679 -0.1689 -0.9485
vn -0.2135 -0.2306 -0.9493
vn -0.8436 -0.4341 -0.3161
vn -0.7028 -0.6369 -0.3169
vn -0.8850 -0.4651 -0.0186
vn -0.7345 -0.6784 -0.0159
vn -0.8428 -0.5382 -0.0000
vn -0.6746 -0.7382 -0.0000
vn -0.9751 -0.2206 -0.0204
vn -0.9270 -0.2029 -0.3154
vn -0.9534 -0.3017 -0.0000
vn -0.3018 -0.0940 -0.9487
vn -0.0023 -0.0005 -1.0000
vn 0.0128 -0.0028 -0.9999
vn 0.3021 -0.0941 -0.9486
vn 0.9273 -0.2030 -0.3146
vn 0.9751 -0.2206 -0.0204
vn 0.8436 -0.4339 -0.3163
vn 0.8851 -0.4649 -0.0186
vn 0.8428 -0.5382 -0.0000
vn 0.9535 -0.3015 -0.0000
vn -0.0000 -0.3045 -0.9525
vn -0.0000 -0.5417 -0.8406
vn -0.0000 0.3046 -0.9525
vn -0.0000 0.5417 -0.8406
vn -0.0000 0.7410 -0.6715
vn 0.0001 0.8895 -0.4569
vn 0.3206 0.9149 0.2454
vn 0.0031 0.9715 0.2368
vn 0.0038 0.8871 0.4616
vn 0.3211 0.7984 0.5093
vn -0.0032 0.9618 0.2739
vn -0.0038 0.8432 0.5376
vn 0.0028 0.7073 0.7069
vn 0.3184 0.6400 0.6993
vn -0.0056 0.7071 0.7071
vn 0.0037 0.4625 0.8866
vn 0.3189 0.4370 0.8410
vn -0.0037 0.5366 0.8438
vn 0.0037 0.2173 0.9761
vn 0.3202 0.2045 0.9250
vn -0.0038 0.3002 0.9539
vn -0.3189 0.4370 -0.8410
vn -0.3184 0.6400 -0.6993
vn -0.3198 0.8206 -0.4737
vn -0.3203 0.9150 -0.2454
vn -0.3188 0.9469 -0.0420
vn -0.3194 0.9253 0.2047
vn -0.3200 0.8407 0.4369
vn -0.3190 0.6993 0.6397
vn -0.3184 0.5097 0.7993
vn -0.3194 0.2856 0.9035
vn 0.0379 0.9993 0.0072
vn -0.0386 0.9993 -0.0000
vn -0.1900 0.9817 0.0139
vn -0.0000 0.9363 0.3511
vn -0.2112 0.9125 0.3503
vn -0.0000 0.2816 0.9595
vn -0.0536 0.2768 0.9594
vn -0.0000 0.0043 1.0000
vn -0.0615 0.2245 0.9725
vn -0.0462 0.0577 0.9973
vn -0.0727 0.1352 0.9882
vn -0.1765 0.2200 0.9594
vn -0.1147 0.2579 0.9593
vn -0.6122 0.7079 0.3521
vn -0.4107 0.8415 0.3511
vn -0.6241 0.7812 0.0158
vn -0.4384 0.8988 0.0055
vn -0.4385 0.8987 -0.0000
vn -0.6252 0.7805 -0.0000
vn 0.6530 0.7573 0.0073
vn 0.5962 0.8028 -0.0000
vn 0.4716 0.8817 0.0106
vn 0.4048 0.9144 -0.0000
vn 0.5852 0.7297 0.3536
vn 0.3791 0.8566 0.3500
vn 0.1238 0.2536 0.9594
vn 0.1077 0.2205 0.9694
vn 0.1691 0.2265 0.9592
vn 0.1029 0.1186 0.9876
vn 0.2206 0.1769 0.9592
vn 0.0592 0.0474 0.9971
vn -0.0517 0.0448 0.9977
vn -0.2263 0.1687 0.9593
vn -0.0435 0.0234 0.9988
vn -0.2581 0.1149 0.9593
vn -0.8404 0.4099 0.3546
vn -0.7515 0.5578 0.3523
vn -0.8983 0.4388 0.0208
vn -0.7797 0.6261 0.0081
vn -0.7800 0.6257 -0.0000
vn -0.8985 0.4390 -0.0000
vn 0.7802 0.6252 0.0208
vn 0.8987 0.4385 0.0055
vn 0.7802 0.6255 -0.0000
vn 0.8987 0.4386 -0.0000
vn 0.8408 0.4106 0.3527
vn 0.7294 0.5848 0.3550
vn 0.2577 0.1147 0.9594
vn 0.0610 0.0328 0.9976
vn 0.2741 0.0634 0.9596
vn 0.0617 0.0143 0.9980
vn 0.2815 0.0104 0.9595
vn 0.0378 -0.0015 0.9993
vn -0.0203 -0.0000 0.9998
vn -0.0473 0.0110 0.9988
vn -0.2819 -0.0000 0.9594
vn -0.2753 0.0637 0.9592
vn -0.9365 -0.0001 0.3507
vn -0.9114 0.2110 0.3534
vn -0.9992 0.0368 0.0140
vn -0.9651 0.2619 0.0073
vn -0.9993 -0.0382 -0.0000
vn -0.9822 0.1879 -0.0000
vn 0.9993 -0.0379 0.0072
vn 0.9993 0.0386 -0.0000
vn 0.9817 0.1898 0.0139
vn 0.9649 0.2627 -0.0000
vn 0.9361 -0.0000 0.3517
vn 0.9123 0.2113 0.3508
vn 0.9651 -0.2615 0.0141
vn 0.9121 -0.2113 0.3513
vn 0.2766 -0.0536 0.9595
vn 0.0290 -0.0079 0.9995
vn 0.2578 -0.1147 0.9593
vn 0.0220 -0.0118 0.9997
vn -0.0129 -0.0063 0.9999
vn -0.0319 -0.0074 0.9995
vn -0.2535 -0.1241 0.9593
vn -0.2754 -0.0640 0.9592
vn -0.8408 -0.4100 0.3534
vn -0.9114 -0.2110 0.3534
vn -0.8984 -0.4387 0.0208
vn -0.9743 -0.2253 0.0055
vn -0.9743 -0.2254 -0.0000
vn -0.8986 -0.4388 -0.0000
vn 0.8818 -0.4715 0.0107
vn 0.9144 -0.4048 -0.0000
vn 0.9821 -0.1886 -0.0000
vn 0.8562 -0.3789 0.3512
vn 0.7572 -0.6532 0.0073
vn 0.7299 -0.5850 0.3536
vn 0.5974 -0.8018 0.0141
vn 0.5854 -0.7301 0.3524
vn 0.1688 -0.2262 0.9593
vn 0.2203 -0.1762 0.9594
vn 0.0081 -0.0094 0.9999
vn 0.0113 -0.0091 0.9999
vn -0.0073 -0.0092 0.9999
vn -0.0198 -0.0159 0.9997
vn -0.1761 -0.2196 0.9596
vn -0.2197 -0.1761 0.9595
vn -0.7517 -0.5577 0.3521
vn -0.7797 -0.6261 0.0080
vn -0.6121 -0.7087 0.3507
vn -0.6240 -0.7812 0.0158
vn -0.7803 -0.6254 -0.0000
vn -0.6255 -0.7802 -0.0000
vn 0.6533 -0.7571 -0.0000
vn 0.8029 -0.5961 -0.0000
vn 0.4050 -0.9142 0.0107
vn 0.4721 -0.8815 -0.0000
vn 0.4425 -0.8246 0.3525
vn 0.1885 -0.9820 0.0107
vn 0.2465 -0.9033 0.3512
vn 0.0634 -0.2744 0.9595
vn 0.1148 -0.2578 0.9594
vn 0.0048 -0.0207 0.9998
vn 0.0078 -0.0146 0.9999
vn -0.0079 -0.0146 0.9999
vn -0.1149 -0.2579 0.9593
vn -0.0042 -0.0154 0.9999
vn -0.0535 -0.2768 0.9594
vn -0.4425 -0.8247 0.3522
vn -0.4703 -0.8824 0.0107
vn -0.2465 -0.9033 0.3512
vn -0.2608 -0.9653 0.0108
vn -0.1886 -0.9820 -0.0000
vn -0.0379 -0.9993 0.0073
vn 0.0386 -0.9993 -0.0000
vn 0.2629 -0.9648 -0.0000
vn -0.0000 -0.9357 0.3527
vn -0.0006 -0.0158 0.9999
vn 0.0103 -0.2818 0.9594
vn 0.0012 0.0052 1.0000
vn 0.0635 0.2745 0.9595
vn 0.2111 0.9124 0.3505
vn 0.2615 0.9651 0.0140
vn 0.1885 0.9821 -0.0000
vn 0.3087 -0.0629 0.9491
vn 0.0186 -0.0036 0.9998
vn 0.3135 -0.0303 0.9491
vn 0.0340 -0.0030 0.9994
vn 0.6887 -0.1589 0.7074
vn 0.7262 -0.0803 0.6828
vn 0.9271 -0.1996 0.3173
vn 0.9617 -0.1010 0.2547
vn 0.9749 -0.2224 0.0097
vn 0.9926 -0.1209 0.0067
vn 0.1998 -0.9269 0.3176
vn 0.2070 -0.9783 0.0076
vn 0.1018 -0.9429 0.3172
vn 0.1028 -0.9946 0.0143
vn 0.1633 -0.7231 0.6712
vn 0.0860 -0.7015 0.7075
vn 0.0320 -0.3530 0.9351
vn 0.0701 -0.3354 0.9395
vn 0.0025 -0.0240 0.9997
vn 0.0077 -0.0332 0.9994
vn -0.0077 -0.0332 0.9994
vn -0.0023 -0.0188 0.9998
vn -0.0563 -0.2726 0.9605
vn -0.0346 -0.3406 0.9396
vn -0.0062 -0.0180 0.9998
vn -0.0922 -0.3014 0.9490
vn -0.0144 -0.0309 0.9994
vn -0.1231 -0.2900 0.9491
vn -0.0098 -0.0163 0.9998
vn -0.1700 -0.2969 0.9397
vn -0.0205 -0.0272 0.9994
vn -0.1874 -0.2532 0.9491
vn -0.0129 -0.0139 0.9998
vn -0.2129 -0.2325 0.9490
vn -0.0257 -0.0224 0.9994
vn -0.2362 -0.2090 0.9490
vn -0.0155 -0.0109 0.9998
vn -0.2567 -0.1832 0.9490
vn -0.0298 -0.0165 0.9994
vn -0.2747 -0.1555 0.9489
vn -0.0175 -0.0074 0.9998
vn -0.2894 -0.1258 0.9489
vn -0.0326 -0.0100 0.9994
vn -0.3009 -0.0949 0.9489
vn -0.0186 -0.0036 0.9998
vn -0.3089 -0.0629 0.9490
vn -0.0207 -0.0018 0.9998
vn -0.3135 -0.0303 0.9491
vn -0.0332 0.0006 0.9994
vn -0.2781 -0.0016 0.9606
vn -0.2865 0.0267 0.9577
vn -0.0165 0.0017 0.9999
vn -0.0204 0.0040 0.9998
vn -0.3090 0.0629 0.9490
vn -0.0326 0.0100 0.9994
vn -0.3008 0.0949 0.9490
vn 0.3009 0.0949 0.9489
vn 0.3088 0.0629 0.9490
vn 0.0326 0.0100 0.9994
vn 0.0186 0.0036 0.9998
vn 0.2865 0.0267 0.9577
vn 0.0247 0.0026 0.9997
vn 0.2781 -0.0016 0.9606
vn 0.0190 0.0003 0.9998
vn 0.7027 0.0709 0.7080
vn 0.6449 -0.0000 0.7643
vn 0.9388 0.0084 0.3445
vn 0.9283 0.1060 0.3563
vn 0.9960 0.0888 0.0127
vn 0.9998 -0.0176 0.0097
vn -0.1065 -0.9327 0.3446
vn -0.0000 -0.9669 0.2553
vn -0.1196 -0.9928 0.0099
vn -0.0000 -1.0000 0.0051
vn -0.0738 -0.7036 0.7068
vn -0.0000 -0.7062 0.7080
vn 0.0017 -0.2777 0.9607
vn -0.1469 -0.6906 0.7081
vn -0.1973 -0.9274 0.3177
vn -0.2902 -0.9118 0.2906
vn -0.2299 -0.6677 0.7081
vn -0.3879 -0.8652 0.3177
vn -0.2985 -0.6402 0.7078
vn -0.4766 -0.8089 0.3442
vn -0.3533 -0.6120 0.7075
vn -0.4052 -0.5786 0.7078
vn -0.5708 -0.7574 0.3170
vn -0.4861 -0.5459 0.6824
vn -0.6509 -0.7060 0.2792
vn -0.7031 -0.6220 0.3446
vn -0.4945 -0.4528 0.7420
vn -0.5646 -0.4255 0.7073
vn -0.7769 -0.5441 0.3168
vn -0.6057 -0.3640 0.7075
vn -0.8294 -0.4596 0.3175
vn -0.6404 -0.2986 0.7076
vn -0.8572 -0.3723 0.3557
vn -0.6684 -0.2300 0.7073
vn -0.9118 -0.2901 0.2905
vn -0.6891 -0.1591 0.7070
vn -0.9310 -0.1810 0.3171
vn -0.7016 -0.0861 0.7074
vn -0.9452 -0.0824 0.3160
vn -0.7062 -0.0000 0.7080
vn -0.9601 0.0112 0.2796
vn -0.9431 0.1017 0.3166
vn -0.7016 0.0861 0.7073
vn -0.9270 0.1998 0.3173
vn -0.6891 0.1591 0.7070
vn -0.9012 0.2956 0.3170
vn -0.6684 0.2301 0.7073
vn -0.8542 0.3895 0.3444
vn -0.6107 0.2780 0.7414
vn -0.3260 0.1396 0.9350
vn -0.2514 0.1412 0.9575
vn -0.6313 0.3692 0.6820
vn -0.0221 0.0098 0.9997
vn -0.0215 0.0124 0.9997
vn -0.0195 0.0142 0.9997
vn -0.2896 0.2042 0.9351
vn -0.2379 0.2068 0.9490
vn -0.0249 0.0232 0.9994
vn -0.1953 0.2118 0.9576
vn -0.0089 0.0099 0.9999
vn -0.0205 0.0272 0.9994
vn -0.1874 0.2534 0.9490
vn -0.0098 0.0163 0.9998
vn -0.1701 0.2970 0.9396
vn -0.0144 0.0309 0.9994
vn -0.1233 0.2905 0.9489
vn -0.0062 0.0179 0.9998
vn -0.0922 0.3016 0.9490
vn -0.0077 0.0332 0.9994
vn -0.0562 0.2722 0.9606
vn -0.0023 0.0188 0.9998
vn -0.0346 0.3408 0.9395
vn -0.0000 0.0419 0.9991
vn -0.0000 0.3161 0.9487
vn 0.0275 0.3141 0.9490
vn 0.0023 0.0188 0.9998
vn 0.0700 0.3353 0.9395
vn 0.0077 0.0332 0.9994
vn 0.0999 0.2989 0.9490
vn 0.0062 0.0180 0.9998
vn 0.1306 0.2867 0.9491
vn 0.0144 0.0309 0.9994
vn 0.1598 0.2713 0.9491
vn 0.0098 0.0163 0.9998
vn 0.1720 0.2309 0.9576
vn 0.0146 0.0201 0.9997
vn 0.2151 0.2307 0.9490
vn 0.0125 0.0143 0.9998
vn 0.2380 0.2069 0.9490
vn 0.0249 0.0233 0.9994
vn 0.2897 0.2042 0.9351
vn 0.0195 0.0142 0.9997
vn 0.2744 0.1553 0.9490
vn 0.0298 0.0165 0.9994
vn 0.2892 0.1258 0.9490
vn 0.0175 0.0074 0.9998
vn 0.6058 0.3639 0.7075
vn 0.6663 0.3012 0.6821
vn 0.6731 0.2155 0.7074
vn 0.9084 0.3012 0.2899
vn 0.8667 0.3861 0.3160
vn 0.6919 0.1440 0.7075
vn 0.9281 0.1944 0.3176
vn 0.9812 0.1929 0.0097
vn 0.9561 0.2930 0.0067
vn -0.2234 -0.9747 0.0129
vn -0.3249 -0.9457 0.0066
vn -0.4203 -0.9073 0.0098
vn -0.5129 -0.8584 0.0098
vn -0.6000 -0.8000 0.0098
vn -0.6802 -0.7330 0.0098
vn -0.7531 -0.6579 0.0098
vn -0.8177 -0.5756 0.0099
vn -0.8735 -0.4868 0.0098
vn -0.9198 -0.3921 0.0129
vn -0.9561 -0.2931 0.0067
vn -0.9811 -0.1933 0.0099
vn -0.9959 -0.0894 0.0099
vn -0.9999 -0.0017 0.0142
vn -0.9962 0.0870 0.0098
vn -0.9815 0.1910 0.0099
vn -0.9563 0.2922 0.0099
vn -0.9205 0.3906 0.0098
vn -0.8745 0.4849 0.0097
vn -0.8256 0.4898 0.2801
vn -0.8181 0.5749 0.0129
vn -0.7611 0.5425 0.3554
vn -0.5646 0.4255 0.7072
vn -0.7030 0.6219 0.3451
vn -0.4948 0.4529 0.7416
vn -0.4747 0.5230 0.7079
vn -0.6363 0.7028 0.3180
vn -0.4173 0.5695 0.7082
vn -0.5596 0.7657 0.3170
vn -0.3785 0.6369 0.6716
vn -0.4766 0.8200 0.3171
vn -0.2984 0.6396 0.7084
vn -0.3882 0.8651 0.3177
vn -0.2300 0.6681 0.7076
vn -0.2901 0.9118 0.2907
vn -0.1478 0.6647 0.7324
vn -0.1860 0.9163 0.3546
vn -0.0867 0.7365 0.6709
vn -0.1017 0.9429 0.3171
vn -0.0065 0.6808 0.7325
vn -0.0027 0.9484 0.3171
vn 0.0710 0.7030 0.7076
vn 0.0965 0.9436 0.3168
vn 0.1451 0.7271 0.6711
vn 0.1944 0.9284 0.3166
vn 0.2066 0.6761 0.7073
vn 0.2906 0.9025 0.3179
vn 0.2760 0.6499 0.7081
vn 0.3834 0.8676 0.3166
vn 0.3424 0.6177 0.7080
vn 0.4721 0.8230 0.3159
vn 0.4051 0.5787 0.7078
vn 0.5553 0.7687 0.3173
vn 0.4632 0.5330 0.7081
vn 0.6324 0.7064 0.3179
vn 0.5404 0.4920 0.6826
vn 0.7182 0.6470 0.2561
vn 0.5397 0.3990 0.7413
vn 0.7643 0.5449 0.3448
vn 0.8296 0.4598 0.3167
vn 0.8734 0.4870 0.0097
vn 0.8176 0.5756 0.0099
vn 0.7541 0.6568 0.0067
vn 0.6820 0.7313 0.0098
vn 0.6019 0.7985 0.0098
vn 0.5152 0.8570 0.0098
vn 0.4226 0.9063 0.0097
vn 0.3255 0.9455 0.0099
vn 0.2251 0.9743 0.0098
vn 0.1054 0.9944 0.0075
vn 0.0017 0.9999 0.0142
vn -0.1035 0.9946 0.0075
vn -0.2079 0.9780 0.0184
vn -0.3091 0.9510 0.0052
vn -0.4204 0.9073 0.0098
vn -0.5131 0.8583 0.0098
vn -0.6000 0.8000 0.0098
vn -0.6802 0.7330 0.0098
vn -0.7530 0.6579 0.0098
vn 0.9199 0.3920 0.0127
vn -0.0006 -0.0341 0.9994
vn 0.0999 -0.2986 0.9491
vn 0.0062 -0.0180 0.9998
vn 0.1304 -0.2863 0.9492
vn 0.0144 -0.0309 0.9994
vn 0.2019 -0.6390 0.7422
vn 0.2937 -0.6697 0.6821
vn 0.4007 -0.8727 0.2791
vn 0.2983 -0.8904 0.3439
vn 0.4203 -0.9073 0.0098
vn 0.3234 -0.9462 0.0098
vn 0.4768 -0.8091 0.3436
vn 0.5129 -0.8584 0.0099
vn 0.5737 -0.7701 0.2791
vn 0.6000 -0.8000 0.0098
vn 0.6367 -0.7031 0.3167
vn 0.6803 -0.7329 0.0098
vn 0.6867 -0.6186 0.3819
vn 0.7430 -0.6691 0.0184
vn 0.7656 -0.5596 0.3174
vn 0.7999 -0.6000 0.0099
vn 0.8200 -0.4764 0.3172
vn 0.8583 -0.5130 0.0097
vn 0.8726 -0.4010 0.2789
vn 0.9073 -0.4203 0.0099
vn 0.8901 -0.2979 0.3450
vn 0.9463 -0.3233 0.0098
vn 0.6663 -0.3011 0.6822
vn 0.6367 -0.2127 0.7412
vn 0.2893 -0.1258 0.9489
vn 0.3009 -0.0949 0.9489
vn 0.0175 -0.0074 0.9998
vn 0.0326 -0.0100 0.9994
vn 0.1596 -0.2712 0.9492
vn 0.0098 -0.0163 0.9998
vn 0.1874 -0.2532 0.9491
vn 0.0205 -0.0272 0.9994
vn 0.3302 -0.5835 0.7420
vn 0.4265 -0.5938 0.6823
vn 0.4745 -0.5228 0.7082
vn 0.1953 -0.2118 0.9576
vn 0.4939 -0.4525 0.7425
vn 0.2669 -0.2335 0.9350
vn 0.5644 -0.4254 0.7075
vn 0.2569 -0.1833 0.9489
vn 0.6058 -0.3639 0.7075
vn 0.2744 -0.1554 0.9490
vn 0.0155 -0.0109 0.9998
vn 0.0298 -0.0165 0.9994
vn 0.0312 -0.0281 0.9991
vn 0.0089 -0.0099 0.9999
vn -0.0000 -0.0000 1.0000
vn -0.0000 -0.0042 1.0000
vn -0.0007 -0.0003 1.0000
vn 0.0001 -0.0054 1.0000
vn 0.0008 -0.0000 1.0000
vn 0.0003 0.0006 1.0000
vn -0.0000 0.0009 1.0000
vn -0.0003 0.0003 1.0000
vn 0.2454 -0.7131 0.6567
vn 0.2203 -0.7213 0.6567
vn 0.1695 -0.7350 0.6565
vn 0.1439 -0.7405 0.6564
vn 0.2945 -0.6942 0.6567
vn 0.3184 -0.6836 0.6567
vn 0.3653 -0.6597 0.6568
vn 0.3882 -0.6465 0.6567
vn 0.4325 -0.6178 0.6567
vn 0.4538 -0.6023 0.6567
vn 0.4947 -0.5692 0.6567
vn 0.5143 -0.5516 0.6567
vn 0.5515 -0.5144 0.6567
vn 0.5690 -0.4949 0.6568
vn 0.6020 -0.4540 0.6569
vn 0.6175 -0.4328 0.6568
vn 0.6463 -0.3886 0.6567
vn 0.6596 -0.3657 0.6567
vn 0.6834 -0.3187 0.6568
vn 0.6939 -0.2947 0.6570
vn 0.7128 -0.2456 0.6569
vn 0.7211 -0.2206 0.6568
vn 0.7348 -0.1697 0.6567
vn 0.7404 -0.1438 0.6566
vn 0.7486 -0.0919 0.6566
vn 0.7513 -0.0659 0.6567
vn 0.7540 -0.0134 0.6568
vn 0.7540 0.0131 0.6568
vn 0.7513 0.0656 0.6567
vn 0.7486 0.0917 0.6567
vn 0.7404 0.1436 0.6567
vn 0.7349 0.1694 0.6567
vn 0.7212 0.2203 0.6568
vn 0.7130 0.2452 0.6569
vn 0.6941 0.2943 0.6570
vn 0.6835 0.3185 0.6569
vn 0.6596 0.3656 0.6567
vn 0.6464 0.3884 0.6567
vn 0.6177 0.4325 0.6568
vn 0.6022 0.4538 0.6568
vn 0.5692 0.4947 0.6567
vn 0.5516 0.5143 0.6566
vn 0.5145 0.5514 0.6567
vn 0.4949 0.5690 0.6568
vn 0.4540 0.6021 0.6567
vn 0.4327 0.6175 0.6568
vn 0.3886 0.6462 0.6569
vn 0.3657 0.6593 0.6569
vn 0.3188 0.6833 0.6569
vn 0.2947 0.6941 0.6568
vn 0.2456 0.7130 0.6567
vn 0.2207 0.7212 0.6567
vn 0.1700 0.7348 0.6567
vn 0.1440 0.7403 0.6567
vn 0.0920 0.7486 0.6566
vn 0.0659 0.7514 0.6566
vn 0.0134 0.7541 0.6566
vn -0.0131 0.7541 0.6566
vn -0.0656 0.7514 0.6565
vn -0.0917 0.7487 0.6566
vn -0.1437 0.7403 0.6567
vn -0.1696 0.7348 0.6567
vn -0.2205 0.7213 0.6566
vn -0.2454 0.7132 0.6566
vn -0.2944 0.6943 0.6567
vn -0.3185 0.6835 0.6568
vn -0.3656 0.6596 0.6567
vn -0.3884 0.6465 0.6567
vn -0.4325 0.6178 0.6567
vn -0.4538 0.6023 0.6568
vn -0.4946 0.5692 0.6568
vn -0.5142 0.5517 0.6567
vn -0.5514 0.5145 0.6566
vn -0.5690 0.4949 0.6567
vn -0.6020 0.4540 0.6568
vn -0.6175 0.4327 0.6568
vn -0.6463 0.3887 0.6567
vn -0.6595 0.3658 0.6567
vn -0.6833 0.3188 0.6568
vn -0.6941 0.2947 0.6568
vn -0.7131 0.2457 0.6566
vn -0.7215 0.2206 0.6563
vn -0.7352 0.1699 0.6563
vn -0.7405 0.1442 0.6564
vn -0.7487 0.0922 0.6565
vn -0.7514 0.0658 0.6565
vn -0.7543 0.0132 0.6564
vn -0.7543 -0.0130 0.6564
vn -0.7515 -0.0655 0.6565
vn -0.7487 -0.0918 0.6565
vn -0.7406 -0.1439 0.6563
vn -0.7352 -0.1697 0.6562
vn -0.7216 -0.2205 0.6563
vn -0.7132 -0.2455 0.6566
vn -0.6942 -0.2945 0.6568
vn -0.6835 -0.3184 0.6569
vn -0.6597 -0.3654 0.6567
vn -0.6465 -0.3883 0.6567
vn -0.6177 -0.4324 0.6568
vn -0.6022 -0.4537 0.6569
vn -0.5692 -0.4946 0.6568
vn -0.5516 -0.5143 0.6567
vn -0.5144 -0.5514 0.6567
vn -0.4949 -0.5690 0.6567
vn -0.4541 -0.6021 0.6567
vn -0.4328 -0.6177 0.6566
vn -0.3886 -0.6465 0.6566
vn -0.3656 -0.6597 0.6566
vn -0.3187 -0.6835 0.6567
vn -0.2949 -0.6941 0.6567
vn -0.2458 -0.7130 0.6566
vn -0.2206 -0.7213 0.6566
vn -0.1698 -0.7349 0.6566
vn -0.1442 -0.7404 0.6565
vn -0.0922 -0.7488 0.6564
vn -0.0658 -0.7516 0.6564
vn -0.0132 -0.7543 0.6564
vn 0.0129 -0.7543 0.6564
vn 0.0655 -0.7516 0.6564
vn 0.0919 -0.7488 0.6564
vn 0.7400 -0.1437 0.6570
vn 0.7345 -0.1696 0.6571
vn 0.7208 -0.2207 0.6570
vn 0.7128 -0.2460 0.6568
vn 0.7484 -0.0919 0.6568
vn 0.7514 -0.0658 0.6565
vn 0.7543 -0.0134 0.6564
vn 0.7543 0.0131 0.6564
vn 0.0653 -0.7515 0.6565
vn 0.0128 -0.7542 0.6565
vn -0.0132 -0.7542 0.6565
vn 0.1440 -0.7406 0.6564
vn 0.1696 -0.7351 0.6564
vn 0.2203 -0.7214 0.6565
vn 0.2454 -0.7132 0.6566
vn 0.7515 0.0656 0.6565
vn 0.7485 0.0915 0.6568
vn 0.7401 0.1433 0.6571
vn 0.7346 0.1692 0.6571
vn -0.0657 -0.7515 0.6564
vn -0.1443 -0.7405 0.6564
vn -0.1699 -0.7349 0.6565
vn 0.7210 0.2203 0.6570
vn 0.7130 0.2456 0.6568
vn 0.6942 0.2947 0.6567
vn 0.6837 0.3189 0.6564
vn 0.6600 0.3657 0.6562
vn 0.6469 0.3883 0.6563
vn 0.6181 0.4323 0.6566
vn 0.6023 0.4536 0.6568
vn 0.5517 0.5142 0.6567
vn 0.5145 0.5513 0.6567
vn 0.4540 0.6022 0.6567
vn 0.4327 0.6177 0.6567
vn 0.3886 0.6464 0.6566
vn 0.3659 0.6596 0.6566
vn 0.3190 0.6835 0.6566
vn 0.2948 0.6942 0.6567
vn 0.2207 0.7211 0.6567
vn 0.1700 0.7348 0.6566
vn 0.1441 0.7403 0.6566
vn 0.0921 0.7486 0.6566
vn 0.0659 0.7513 0.6566
vn 0.0134 0.7541 0.6567
vn -0.0130 0.7541 0.6566
vn -0.0655 0.7515 0.6565
vn -0.0917 0.7488 0.6565
vn -0.1438 0.7405 0.6565
vn -0.1697 0.7349 0.6567
vn -0.2204 0.7212 0.6567
vn -0.2452 0.7132 0.6567
vn -0.2943 0.6944 0.6567
vn -0.3186 0.6837 0.6566
vn -0.3657 0.6597 0.6566
vn -0.3886 0.6465 0.6566
vn -0.4327 0.6178 0.6566
vn -0.4539 0.6024 0.6566
vn -0.4946 0.5695 0.6566
vn -0.5141 0.5519 0.6566
vn -0.5513 0.5146 0.6566
vn -0.5689 0.4950 0.6567
vn -0.6021 0.4540 0.6568
vn -0.6176 0.4325 0.6569
vn -0.6462 0.3884 0.6570
vn -0.6593 0.3656 0.6570
vn -0.6831 0.3188 0.6571
vn -0.6938 0.2949 0.6570
vn -0.7128 0.2457 0.6569
vn -0.7210 0.2206 0.6568
vn -0.7347 0.1699 0.6568
vn -0.7402 0.1443 0.6567
vn -0.7485 0.0923 0.6567
vn -0.7514 0.0657 0.6565
vn -0.7543 0.0131 0.6564
vn -0.7543 -0.0128 0.6564
vn -0.7515 -0.0653 0.6565
vn -0.7486 -0.0918 0.6567
vn -0.7403 -0.1440 0.6567
vn -0.7348 -0.1696 0.6568
vn -0.7211 -0.2204 0.6568
vn -0.7128 -0.2454 0.6570
vn -0.6939 -0.2945 0.6571
vn -0.6834 -0.3184 0.6570
vn -0.6597 -0.3653 0.6567
vn -0.6466 -0.3882 0.6567
vn -0.6178 -0.4323 0.6568
vn -0.6023 -0.4536 0.6569
vn -0.5692 -0.4947 0.6568
vn -0.5515 -0.5142 0.6568
vn -0.5143 -0.5513 0.6569
vn -0.4948 -0.5689 0.6569
vn -0.4541 -0.6020 0.6567
vn -0.4329 -0.6177 0.6565
vn -0.3886 -0.6465 0.6565
vn -0.3656 -0.6598 0.6565
vn -0.3187 -0.6836 0.6565
vn -0.2949 -0.6942 0.6566
vn -0.2458 -0.7131 0.6566
vn -0.2207 -0.7213 0.6565
vn 0.2946 -0.6943 0.6566
vn 0.3185 -0.6837 0.6566
vn 0.3653 -0.6599 0.6566
vn 0.3882 -0.6466 0.6566
vn 0.4324 -0.6179 0.6566
vn 0.4538 -0.6024 0.6567
vn 0.4946 -0.5693 0.6567
vn 0.5142 -0.5516 0.6567
vn 0.5514 -0.5145 0.6567
vn 0.6175 -0.4327 0.6568
vn 0.6464 -0.3885 0.6567
vn 0.6598 -0.3657 0.6565
vn 0.6836 -0.3189 0.6565
vn 0.6941 -0.2950 0.6566
vn 0.9744 -0.2247 -0.0000
vn 0.9945 -0.1044 -0.0000
vn 0.9817 -0.1904 -0.0000
vn 0.2251 -0.9743 -0.0000
vn 0.1044 -0.9945 -0.0000
vn 0.1911 -0.9816 -0.0000
vn 0.9962 0.0872 -0.0000
vn 0.9926 0.1217 -0.0000
vn -0.1220 -0.9925 -0.0000
vn -0.0868 -0.9962 -0.0000
vn 0.9817 0.1904 -0.0000
vn 0.9563 0.2923 -0.0000
vn 0.9744 0.2246 -0.0000
vn 0.9455 0.3258 -0.0000
vn 0.9204 0.3909 -0.0000
vn 0.9062 0.4227 -0.0000
vn 0.8746 0.4848 -0.0000
vn 0.8573 0.5149 -0.0000
vn 0.8192 0.5735 -0.0000
vn 0.7986 0.6019 -0.0000
vn 0.7546 0.6562 -0.0000
vn 0.7314 0.6820 -0.0000
vn 0.6821 0.7313 -0.0000
vn 0.6561 0.7547 -0.0000
vn 0.6018 0.7986 -0.0000
vn 0.5736 0.8192 -0.0000
vn 0.5151 0.8571 -0.0000
vn 0.4849 0.8746 -0.0000
vn 0.4227 0.9063 -0.0000
vn 0.3906 0.9206 -0.0000
vn 0.3254 0.9456 -0.0000
vn 0.2924 0.9563 -0.0000
vn 0.2251 0.9743 -0.0000
vn 0.1909 0.9816 -0.0000
vn 0.1045 0.9945 -0.0000
vn 0.0001 1.0000 -0.0000
vn -0.1045 0.9945 -0.0000
vn -0.2081 0.9781 -0.0000
vn -0.3090 0.9511 -0.0000
vn -0.4226 0.9063 -0.0000
vn -0.3905 0.9206 -0.0000
vn -0.5154 0.8570 -0.0000
vn -0.4850 0.8745 -0.0000
vn -0.6019 0.7986 -0.0000
vn -0.5739 0.8189 -0.0000
vn -0.6818 0.7315 -0.0000
vn -0.6559 0.7548 -0.0000
vn -0.7546 0.6562 -0.0000
vn -0.7312 0.6822 -0.0000
vn -0.8193 0.5734 -0.0000
vn -0.7986 0.6018 -0.0000
vn -0.8746 0.4848 -0.0000
vn -0.8573 0.5149 -0.0000
vn -0.9204 0.3909 -0.0000
vn -0.9063 0.4227 -0.0000
vn -0.9563 0.2924 -0.0000
vn -0.9455 0.3258 -0.0000
vn -0.9816 0.1912 -0.0000
vn -0.9743 0.2251 -0.0000
vn -0.9962 0.0869 -0.0000
vn -0.9925 0.1221 -0.0000
vn -0.9925 -0.1221 -0.0000
vn -0.9962 -0.0869 -0.0000
vn -0.9743 -0.2252 -0.0000
vn -0.9816 -0.1912 -0.0000
vn -0.9454 -0.3259 -0.0000
vn -0.9563 -0.2925 -0.0000
vn -0.9064 -0.4225 -0.0000
vn -0.9204 -0.3909 -0.0000
vn -0.8572 -0.5149 -0.0000
vn -0.8748 -0.4845 -0.0000
vn -0.7986 -0.6018 -0.0000
vn -0.8192 -0.5736 -0.0000
vn -0.7312 -0.6821 -0.0000
vn -0.7547 -0.6561 -0.0000
vn -0.6819 -0.7314 -0.0000
vn -0.6561 -0.7547 -0.0000
vn -0.6020 -0.7985 -0.0000
vn -0.5738 -0.8190 -0.0000
vn -0.5150 -0.8572 -0.0000
vn -0.4844 -0.8748 -0.0000
vn -0.4223 -0.9064 -0.0000
vn -0.3907 -0.9205 -0.0000
vn -0.3257 -0.9455 -0.0000
vn -0.2923 -0.9563 -0.0000
vn -0.2250 -0.9744 -0.0000
vn -0.1911 -0.9816 -0.0000
vn 0.4225 -0.9063 -0.0000
vn 0.3908 -0.9205 -0.0000
vn 0.3091 -0.9510 -0.0000
vn 0.5149 -0.8573 -0.0000
vn 0.4845 -0.8748 -0.0000
vn 0.6019 -0.7986 -0.0000
vn 0.5736 -0.8191 -0.0000
vn 0.6820 -0.7313 -0.0000
vn 0.6561 -0.7547 -0.0000
vn 0.7431 -0.6691 -0.0000
vn 0.7986 -0.6019 -0.0000
vn 0.8191 -0.5737 -0.0000
vn 0.8572 -0.5151 -0.0000
vn 0.8747 -0.4846 -0.0000
vn 0.9064 -0.4225 -0.0000
vn 0.9204 -0.3909 -0.0000
vn 0.9454 -0.3259 -0.0000
vn 0.9563 -0.2924 -0.0000
vn 0.2922 -0.9563 -0.0000
vn 0.4846 -0.8748 -0.0000
vn 0.5737 -0.8191 -0.0000
vn 0.7431 -0.6692 -0.0000
vn 0.8747 -0.4847 -0.0000
vn 0.9205 -0.3907 -0.0000
vn 0.9563 -0.2923 -0.0000
vn 0.9817 -0.1905 -0.0000
vn 0.9962 -0.0872 -0.0000
vn 0.9998 0.0176 -0.0000
vn 0.9744 0.2248 -0.0000
vn 0.9456 0.3254 -0.0000
vn 0.9063 0.4226 -0.0000
vn 0.8571 0.5152 -0.0000
vn 0.7985 0.6020 -0.0000
vn 0.7313 0.6820 -0.0000
vn 0.5737 0.8191 -0.0000
vn 0.2925 0.9563 -0.0000
vn 0.1908 0.9816 -0.0000
vn -0.0000 1.0000 -0.0000
vn -0.2080 0.9781 -0.0000
vn -0.3091 0.9510 -0.0000
vn -0.3906 0.9206 -0.0000
vn -0.4849 0.8746 -0.0000
vn -0.5737 0.8191 -0.0000
vn -0.6561 0.7547 -0.0000
vn -0.7313 0.6821 -0.0000
vn -0.7986 0.6019 -0.0000
vn -0.8571 0.5152 -0.0000
vn -0.9063 0.4226 -0.0000
vn -0.9456 0.3254 -0.0000
vn -0.9744 0.2250 -0.0000
vn -0.9925 0.1220 -0.0000
vn -0.9925 -0.1220 -0.0000
vn -0.9744 -0.2250 -0.0000
vn -0.9455 -0.3256 -0.0000
vn -0.8571 -0.5151 -0.0000
vn -0.7986 -0.6019 -0.0000
vn -0.7313 -0.6821 -0.0000
vn -0.5737 -0.8191 -0.0000
vn -0.4846 -0.8748 -0.0000
vn -0.3908 -0.9205 -0.0000
vn -0.1909 -0.9816 -0.0000
vn -0.0870 -0.9962 -0.0000
vn 0.1045 -0.9945 -0.0000
vn 0.2080 -0.9781 -0.0000
vn 0.1353 -0.0309 0.9903
vn 0.1378 -0.0166 0.9903
vn 0.1363 -0.0261 0.9903
vn 0.1383 -0.0117 0.9903
vn 0.0124 -0.1382 0.9903
vn 0.0268 -0.1361 0.9903
vn 0.0172 -0.1377 0.9903
vn 0.0314 -0.1352 0.9903
vn 0.1387 -0.0020 0.9903
vn 0.1382 0.0124 0.9903
vn 0.1387 0.0027 0.9903
vn 0.1377 0.0172 0.9903
vn -0.0166 -0.1377 0.9903
vn -0.0021 -0.1387 0.9903
vn -0.0117 -0.1383 0.9903
vn 0.0027 -0.1387 0.9903
vn 0.1362 0.0267 0.9903
vn 0.1326 0.0409 0.9903
vn 0.1352 0.0315 0.9903
vn 0.1311 0.0455 0.9903
vn 0.1276 0.0545 0.9903
vn 0.1256 0.0590 0.9903
vn 0.1212 0.0676 0.9903
vn 0.1188 0.0717 0.9903
vn 0.1135 0.0798 0.9903
vn 0.1106 0.0838 0.9903
vn 0.1045 0.0913 0.9903
vn 0.1013 0.0949 0.9903
vn 0.0945 0.1017 0.9903
vn 0.0908 0.1050 0.9903
vn 0.0833 0.1110 0.9903
vn 0.0793 0.1139 0.9903
vn 0.0712 0.1191 0.9903
vn 0.0670 0.1215 0.9903
vn 0.0584 0.1259 0.9903
vn 0.0539 0.1279 0.9903
vn 0.0448 0.1313 0.9903
vn 0.0403 0.1328 0.9903
vn 0.0310 0.1353 0.9903
vn 0.0261 0.1363 0.9903
vn 0.0165 0.1378 0.9903
vn 0.0118 0.1383 0.9903
vn 0.0021 0.1387 0.9903
vn -0.0027 0.1387 0.9903
vn -0.0125 0.1382 0.9903
vn -0.0172 0.1377 0.9903
vn -0.0268 0.1361 0.9903
vn -0.0316 0.1351 0.9903
vn -0.0409 0.1326 0.9903
vn -0.0455 0.1311 0.9903
vn -0.0545 0.1276 0.9903
vn -0.0589 0.1256 0.9903
vn -0.0675 0.1212 0.9903
vn -0.0718 0.1187 0.9903
vn -0.0799 0.1134 0.9903
vn -0.0838 0.1106 0.9903
vn -0.0913 0.1045 0.9903
vn -0.0948 0.1013 0.9903
vn -0.1017 0.0944 0.9903
vn -0.1050 0.0908 0.9903
vn -0.1110 0.0833 0.9903
vn -0.1139 0.0793 0.9903
vn -0.1191 0.0712 0.9903
vn -0.1215 0.0670 0.9903
vn -0.1259 0.0584 0.9903
vn -0.1279 0.0540 0.9903
vn -0.1313 0.0449 0.9903
vn -0.1328 0.0402 0.9903
vn -0.1353 0.0309 0.9903
vn -0.1363 0.0262 0.9903
vn -0.1378 0.0166 0.9903
vn -0.1383 0.0117 0.9903
vn -0.1387 0.0021 0.9903
vn -0.1387 -0.0028 0.9903
vn -0.1382 -0.0123 0.9903
vn -0.1377 -0.0172 0.9903
vn -0.1362 -0.0268 0.9903
vn -0.1351 -0.0315 0.9903
vn -0.1326 -0.0409 0.9903
vn -0.1311 -0.0455 0.9903
vn -0.1276 -0.0545 0.9903
vn -0.1256 -0.0589 0.9903
vn -0.1212 -0.0675 0.9903
vn -0.1188 -0.0718 0.9903
vn -0.1135 -0.0799 0.9903
vn -0.1107 -0.0837 0.9903
vn -0.1045 -0.0913 0.9903
vn -0.1013 -0.0949 0.9903
vn -0.0944 -0.1017 0.9903
vn -0.0908 -0.1050 0.9903
vn -0.0833 -0.1110 0.9903
vn -0.0794 -0.1138 0.9903
vn -0.0711 -0.1191 0.9903
vn -0.0669 -0.1216 0.9903
vn -0.0583 -0.1259 0.9903
vn -0.0539 -0.1279 0.9903
vn -0.0448 -0.1313 0.9903
vn -0.0402 -0.1328 0.9903
vn -0.0309 -0.1353 0.9903
vn -0.0262 -0.1363 0.9903
vn 0.0409 -0.1326 0.9903
vn 0.0545 -0.1276 0.9903
vn 0.0455 -0.1311 0.9903
vn 0.0589 -0.1256 0.9903
vn 0.0675 -0.1212 0.9903
vn 0.0717 -0.1188 0.9903
vn 0.0798 -0.1135 0.9903
vn 0.0838 -0.1106 0.9903
vn 0.0913 -0.1045 0.9903
vn 0.0949 -0.1012 0.9903
vn 0.1017 -0.0944 0.9903
vn 0.1050 -0.0908 0.9903
vn 0.1110 -0.0833 0.9903
vn 0.1139 -0.0793 0.9903
vn 0.1191 -0.0712 0.9903
vn 0.1215 -0.0669 0.9903
vn 0.1259 -0.0583 0.9903
vn 0.1279 -0.0539 0.9903
vn 0.1313 -0.0449 0.9903
vn 0.1328 -0.0403 0.9903
vn -0.3011 -0.1339 0.9441
vn -0.1264 -0.0002 0.9920
vn -0.2899 -0.0001 0.9571
vn -0.1092 -0.1093 0.9880
vn -0.0002 -0.1034 0.9946
vn -0.2899 0.0002 0.9571
vn -0.1266 0.0001 0.9919
vn -0.4038 -0.0002 0.9149
vn -0.7080 -0.0002 0.7063
vn -0.4927 0.0002 0.8702
vn -0.7082 0.0005 0.7061
vn -0.8952 0.0003 0.4456
vn -0.8954 -0.0005 0.4454
vn -1.0000 -0.0004 0.0004
vn -0.9946 -0.0002 0.1038
vn -1.0000 0.0004 0.0015
vn -0.9887 0.0002 0.1502
vn -0.9658 -0.0002 0.2592
vn -0.9472 0.0002 0.3207
vn -0.8892 -0.0003 0.4576
vn -0.8474 0.0003 0.5310
vn -0.7395 -0.0004 0.6732
vn -0.6733 0.0004 0.7394
vn -0.5314 -0.0003 0.8471
vn -0.4580 0.0003 0.8890
vn -0.6970 -0.1713 0.6963
vn -0.5165 -0.1799 0.8371
vn -0.3343 -0.3345 0.8811
vn -0.4942 -0.3589 0.7918
vn -0.3587 -0.4945 0.7917
vn -0.4912 -0.4917 0.7190
vn -0.4464 -0.6332 0.6322
vn -0.3107 -0.6724 0.6718
vn -0.1800 -0.5166 0.8371
vn -0.1717 -0.6966 0.6966
vn -0.0005 -0.6734 0.7393
vn -0.0003 -0.4583 0.8888
vn -0.1339 -0.3013 0.9441
vn -0.0002 -0.2586 0.9660
vn -0.0002 0.3206 0.9472
vn -0.0002 0.1270 0.9919
vn -0.0000 0.2900 0.9570
vn -0.0000 0.1269 0.9919
vn -0.1338 0.3012 0.9441
vn -0.1093 0.1093 0.9880
vn -0.3011 0.1337 0.9442
vn -0.3343 0.3344 0.8811
vn -0.5165 0.1799 0.8371
vn -0.4944 0.3584 0.7919
vn -0.6722 0.3103 0.6722
vn -0.6966 0.1714 0.6967
vn -0.8375 0.1797 0.5161
vn -0.9442 0.1338 0.3009
vn -0.9878 0.1099 0.1099
vn -0.9919 0.1271 0.0003
vn -1.0000 0.0004 0.0003
vn -0.9920 0.1265 0.0009
vn -0.9873 0.0004 0.1590
vn -0.9721 0.1272 0.1972
vn -0.8853 0.1184 0.4497
vn -0.6975 0.0970 0.7100
vn -0.4391 0.0648 0.8961
vn -0.2350 0.0001 0.9720
vn -0.1904 0.0305 0.9812
vn -0.0078 -0.0000 1.0000
vn -0.0048 0.0009 1.0000
vn -0.0037 -0.0007 1.0000
vn -0.0026 -0.0010 1.0000
vn -0.1810 -0.0633 0.9814
vn -0.1905 -0.0305 0.9812
vn -0.0018 -0.0000 1.0000
vn -0.1605 -0.0001 0.9870
vn -0.4193 -0.1392 0.8971
vn -0.4391 -0.0647 0.8961
vn -0.6975 -0.0970 0.7100
vn -0.6695 -0.2146 0.7112
vn -0.8516 -0.2663 0.4516
vn -0.8853 -0.1183 0.4497
vn -0.9367 -0.2884 0.1985
vn -0.9720 -0.1272 0.1974
vn -0.9659 -0.2590 0.0007
vn -0.9946 -0.1034 0.0006
vn -0.9724 -0.0004 0.2334
vn -0.9473 -0.3205 0.0004
vn -0.9886 -0.1503 0.0004
vn -0.9441 -0.3011 0.1339
vn -0.9879 -0.1099 0.1098
vn -0.9442 -0.1338 0.3010
vn -0.8814 -0.3341 0.3338
vn -0.8373 -0.1798 0.5163
vn -0.7919 -0.3586 0.4943
vn -0.6723 -0.3107 0.6719
vn -0.6327 -0.4467 0.6326
vn -0.7190 -0.4917 0.4911
vn -0.5770 -0.5781 0.5769
vn -0.6323 -0.6332 0.4465
vn -0.4912 -0.7193 0.4912
vn -0.3593 -0.7913 0.4947
vn -0.4947 -0.7913 0.3593
vn -0.3346 -0.8810 0.3346
vn -0.1802 -0.8370 0.5167
vn -0.1337 -0.9442 0.3010
vn -0.0004 -0.8474 0.5310
vn -0.0002 -0.9472 0.3205
vn 0.1716 -0.6966 0.6966
vn 0.1800 -0.5166 0.8371
vn 0.0005 -0.7394 0.6733
vn 0.0004 -0.5313 0.8472
vn 0.1339 -0.3013 0.9441
vn 0.0002 -0.3209 0.9471
vn 0.0002 -0.1492 0.9888
vn 0.1093 -0.1093 0.9880
vn 0.1262 -0.0002 0.9920
vn 0.1267 0.0002 0.9919
vn 0.0002 0.9157 0.4018
vn 0.0002 0.7459 0.6661
vn -0.0002 0.8713 0.4907
vn -0.0002 0.6678 0.7443
vn 0.0001 0.4927 0.8702
vn -0.0001 0.4033 0.9151
vn -0.1624 0.1011 0.9815
vn -0.1200 0.1272 0.9846
vn -0.0032 0.0021 1.0000
vn -0.0018 0.0018 1.0000
vn -0.3073 0.3137 0.8984
vn -0.3769 0.2266 0.8981
vn -0.4914 0.4983 0.7143
vn -0.6039 0.3564 0.7129
vn -0.6267 0.6336 0.4537
vn -0.7703 0.4483 0.4536
vn -0.7072 0.6712 0.2221
vn -0.8488 0.4900 0.1988
vn -0.8472 0.5313 0.0006
vn -0.7068 0.7074 0.0013
vn -0.2910 0.9567 0.0009
vn -0.2907 0.9568 0.0003
vn -0.1262 0.9920 0.0005
vn -0.1268 0.9919 0.0006
vn -0.2836 0.9386 0.1964
vn -0.1233 0.9729 0.1957
vn -0.2614 0.8539 0.4500
vn -0.1151 0.8861 0.4489
vn -0.2092 0.6703 0.7120
vn -0.0934 0.6985 0.7095
vn -0.1336 0.4212 0.8971
vn -0.0605 0.4392 0.8964
vn -0.0582 0.1830 0.9814
vn -0.0264 0.1909 0.9812
vn -0.0012 0.0040 1.0000
vn -0.0006 0.0048 1.0000
vn -0.0000 0.1597 0.9872
vn -0.0026 0.0042 1.0000
vn -0.1044 0.1882 0.9766
vn -0.2200 0.3809 0.8981
vn -0.3487 0.6079 0.7133
vn -0.4414 0.7752 0.4520
vn -0.0001 0.9806 0.1959
vn -0.5018 0.8456 0.1821
vn -0.0002 1.0000 0.0006
vn -0.4955 0.8686 0.0003
vn -0.3013 0.9441 0.1340
vn -0.1096 0.9879 0.1097
vn -0.0003 1.0000 0.0003
vn -0.0002 0.9947 0.1029
vn -0.0000 1.0000 0.0012
vn -0.0000 0.9920 0.1261
vn 0.0002 1.0000 0.0006
vn 0.0004 1.0000 0.0015
vn -0.1339 0.9441 0.3013
vn -0.0002 0.9657 0.2597
vn -0.0000 0.9568 0.2907
vn -0.0003 0.8888 0.4584
vn -0.1797 0.8373 0.5163
vn -0.1712 0.6962 0.6971
vn -0.0004 0.7075 0.7067
vn -0.0000 0.8686 0.4956
vn -0.0000 0.7271 0.6865
vn -0.1799 0.5166 0.8371
vn -0.0006 0.4950 0.8689
vn -0.3105 0.6722 0.6721
vn -0.3582 0.4945 0.7919
vn -0.4463 0.6333 0.6323
vn -0.4912 0.4918 0.7190
vn -0.6328 0.4463 0.6327
vn -0.5771 0.5781 0.5769
vn -0.7191 0.4917 0.4911
vn -0.6323 0.6332 0.4463
vn -0.7918 0.4946 0.3583
vn -0.6721 0.6722 0.3105
vn -0.8373 0.5164 0.1798
vn -0.6970 0.6963 0.1713
vn -0.7068 0.7074 0.0007
vn -0.8890 0.4579 0.0007
vn -0.9570 0.2901 0.0006
vn -0.9442 0.3009 0.1340
vn -0.9571 0.2898 0.0005
vn -0.5165 0.8372 0.1799
vn -0.4949 0.8689 0.0010
vn -0.3343 0.8811 0.3344
vn -0.4944 0.7917 0.3590
vn -0.3591 0.7916 0.4943
vn -0.4912 0.7193 0.4912
vn -0.8816 0.3338 0.3337
vn -0.7918 0.3585 0.4945
vn -0.0000 0.5111 0.8595
vn -0.9368 0.2887 0.1979
vn -0.8514 0.2663 0.4519
vn -0.6695 0.2146 0.7112
vn -0.4192 0.1391 0.8971
vn -0.1811 0.0633 0.9814
vn -0.0039 0.0015 1.0000
vn -0.0018 -0.0012 1.0000
vn -0.1622 -0.1010 0.9816
vn -0.0009 -0.0009 1.0000
vn -0.1200 -0.1271 0.9846
vn -0.0012 -0.0019 1.0000
vn -0.1043 -0.1882 0.9766
vn -0.0583 -0.1829 0.9814
vn -0.0005 -0.0016 1.0000
vn -0.0264 -0.1909 0.9812
vn -0.0002 -0.0017 1.0000
vn -0.0000 -0.2342 0.9722
vn -0.0000 -0.0024 1.0000
vn -0.0002 -0.9155 0.4024
vn -0.0003 -0.9809 0.1946
vn -0.1148 -0.8865 0.4482
vn -0.1237 -0.9726 0.1968
vn -0.2611 -0.8539 0.4503
vn -0.2835 -0.9384 0.1978
vn -0.4413 -0.7748 0.4528
vn -0.5016 -0.8457 0.1822
vn -0.6266 -0.6335 0.4538
vn -0.7069 -0.6715 0.2221
vn -0.7703 -0.4484 0.4534
vn -0.8487 -0.4901 0.1989
vn -0.7394 -0.6733 0.0008
vn -0.8892 -0.4575 0.0006
vn -0.6736 -0.7391 0.0009
vn -0.8477 -0.5305 0.0007
vn -0.6969 -0.6963 0.1718
vn -0.8373 -0.5163 0.1799
vn -0.6720 -0.6723 0.3105
vn -0.7918 -0.4946 0.3584
vn -0.5167 -0.8370 0.1802
vn -0.4943 -0.8693 0.0010
vn -0.3010 -0.9442 0.1338
vn -0.2899 -0.9571 0.0003
vn -0.1275 -0.9918 0.0005
vn -0.1098 -0.9879 0.1098
vn -0.0002 -0.9887 0.1502
vn -0.0008 -1.0000 0.0015
vn 0.0002 -0.9946 0.1039
vn 0.1337 -0.9442 0.3009
vn 0.0002 -0.9659 0.2591
vn 0.1098 -0.9879 0.1098
vn 0.3010 -0.9442 0.1337
vn 0.3346 -0.8810 0.3344
vn 0.1802 -0.8370 0.5167
vn 0.3593 -0.7914 0.4946
vn 0.3106 -0.6724 0.6718
vn 0.0004 -0.8892 0.4576
vn 0.4465 -0.6332 0.6322
vn 0.4912 -0.7194 0.4912
vn 0.5773 -0.5780 0.5767
vn 0.6326 -0.6327 0.4467
vn 0.7189 -0.4918 0.4912
vn 0.6330 -0.4469 0.6322
vn 0.4911 -0.4916 0.7191
vn 0.4941 -0.3590 0.7919
vn 0.6722 -0.3106 0.6721
vn 0.5164 -0.1799 0.8373
vn 0.6970 -0.1713 0.6963
vn 0.6732 -0.0004 0.7395
vn 0.4580 -0.0003 0.8889
vn 0.2591 -0.0002 0.9659
vn 0.3211 0.0002 0.9471
vn 0.5310 0.0003 0.8474
vn 0.3011 -0.1339 0.9441
vn 0.3011 0.1336 0.9442
vn 0.5164 0.1799 0.8373
vn 0.3342 0.3343 0.8812
vn 0.4943 0.3584 0.7919
vn 0.3582 0.4944 0.7920
vn 0.4911 0.4917 0.7191
vn 0.4464 0.6332 0.6323
vn 0.3105 0.6723 0.6721
vn 0.1799 0.5167 0.8371
vn 0.1711 0.6963 0.6971
vn 0.0004 0.4578 0.8891
vn 0.0005 0.6738 0.7389
vn 0.1338 0.3011 0.9442
vn 0.1797 0.8373 0.5163
vn 0.3591 0.7917 0.4942
vn 0.3343 0.8812 0.3343
vn 0.1340 0.9441 0.3013
vn 0.0003 0.8471 0.5314
vn 0.3013 0.9441 0.1340
vn 0.1096 0.9879 0.1097
vn 0.0002 0.9887 0.1498
vn 0.1033 0.9947 0.0004
vn 0.2598 0.9657 0.0004
vn 0.3217 0.9468 0.0007
vn 0.1497 0.9887 0.0006
vn 0.2831 0.9389 0.1960
vn 0.1233 0.9729 0.1957
vn 0.2611 0.8538 0.4504
vn 0.1152 0.8856 0.4499
vn 0.0003 0.9806 0.1960
vn 0.2092 0.6704 0.7119
vn 0.0934 0.6985 0.7095
vn 0.1336 0.4213 0.8970
vn 0.0605 0.4392 0.8963
vn 0.0582 0.1830 0.9814
vn 0.0233 0.1747 0.9843
vn 0.0013 0.0040 1.0000
vn 0.0005 0.0033 1.0000
vn -0.0000 0.2347 0.9721
vn -0.0000 0.0039 1.0000
vn -0.0000 -0.0006 1.0000
vn -0.0000 -0.1600 0.9871
vn 0.0001 -0.4027 0.9153
vn 0.0002 -0.6684 0.7438
vn -0.0001 -0.4930 0.8700
vn -0.0002 -0.7454 0.6666
vn 0.0002 -0.8705 0.4921
vn 0.0002 -0.9809 0.1945
vn -0.0001 -1.0000 0.0006
vn 0.0004 -1.0000 0.0006
vn -0.1269 -0.9919 0.0005
vn -0.2902 -0.9570 0.0009
vn -0.4949 -0.8689 0.0003
vn 0.0001 -1.0000 0.0003
vn -0.0000 -1.0000 0.0012
vn -0.0000 -0.9919 0.1268
vn 0.1042 -0.9946 0.0004
vn 0.2899 -0.9570 0.0003
vn 0.4943 -0.8693 0.0010
vn 0.5165 -0.8371 0.1802
vn 0.7070 -0.7072 0.0007
vn 0.6969 -0.6963 0.1718
vn 0.8692 -0.4944 0.0010
vn 0.8374 -0.5163 0.1797
vn 0.6719 -0.6725 0.3104
vn 0.7917 -0.4945 0.3587
vn 0.4946 -0.7914 0.3593
vn 0.8817 -0.3338 0.3335
vn 0.9442 -0.3010 0.1340
vn 0.9442 -0.1339 0.3009
vn 0.9878 -0.1099 0.1098
vn 0.9887 -0.0002 0.1500
vn 0.9570 -0.0003 0.2899
vn 0.8690 -0.0003 0.4949
vn 0.8374 -0.1796 0.5162
vn 0.9570 0.0001 0.2899
vn 0.8690 0.0005 0.4947
vn 0.7394 0.0004 0.6732
vn 0.8375 0.1796 0.5161
vn 0.6966 0.1714 0.6967
vn 0.6721 0.3102 0.6723
vn 0.7917 0.3589 0.4944
vn 0.6329 0.4465 0.6324
vn 0.7189 0.4918 0.4912
vn 0.5774 0.5779 0.5767
vn 0.6326 0.6328 0.4465
vn 0.4911 0.7194 0.4911
vn 0.4943 0.7917 0.3590
vn 0.6719 0.6724 0.3104
vn 0.5163 0.8373 0.1798
vn 0.6970 0.6963 0.1712
vn 0.4585 0.8887 0.0007
vn 0.6732 0.7394 0.0009
vn 0.7389 0.6738 0.0009
vn 0.5316 0.8470 0.0004
vn 0.7074 0.6709 0.2224
vn 0.5017 0.8455 0.1826
vn 0.6268 0.6334 0.4538
vn 0.4414 0.7753 0.4518
vn 0.4916 0.4984 0.7141
vn 0.3488 0.6082 0.7131
vn 0.3075 0.3140 0.8982
vn 0.2201 0.3811 0.8980
vn 0.1200 0.1271 0.9846
vn 0.1043 0.1881 0.9766
vn 0.0026 0.0043 1.0000
vn 0.0018 0.0018 1.0000
vn 0.0234 -0.1748 0.9843
vn 0.0002 -0.0012 1.0000
vn 0.0005 -0.0016 1.0000
vn 0.0582 -0.1829 0.9814
vn 0.0607 -0.4394 0.8962
vn 0.1337 -0.4210 0.8971
vn 0.0936 -0.6981 0.7099
vn 0.2092 -0.6717 0.7107
vn 0.1148 -0.8865 0.4483
vn 0.2611 -0.8539 0.4502
vn 0.1236 -0.9726 0.1968
vn 0.2834 -0.9383 0.1979
vn 0.1501 -0.9887 0.0007
vn 0.2903 -0.9569 0.0010
vn 0.9919 -0.1270 0.0003
vn 1.0000 -0.0004 0.0015
vn 0.9946 0.0002 0.1038
vn 1.0000 0.0004 0.0004
vn 0.9878 0.1099 0.1100
vn 0.9887 0.1500 0.0004
vn 0.9442 0.3008 0.1341
vn 0.9472 0.3205 0.0004
vn 0.8473 0.5311 0.0007
vn 0.8373 0.5163 0.1796
vn 0.8818 0.3335 0.3334
vn 0.7917 0.4945 0.3586
vn 0.9442 0.1339 0.3008
vn 0.9659 0.2588 0.0006
vn 0.8890 0.4580 0.0006
vn 0.9367 0.2889 0.1978
vn 0.8488 0.4898 0.1990
vn 0.8515 0.2663 0.4517
vn 0.7703 0.4482 0.4537
vn 0.6693 0.2144 0.7114
vn 0.6040 0.3563 0.7129
vn 0.4198 0.1395 0.8969
vn 0.3775 0.2269 0.8978
vn 0.1812 0.0634 0.9814
vn 0.1624 0.1011 0.9815
vn 0.0040 0.0015 1.0000
vn 0.0032 0.0021 1.0000
vn 0.1043 -0.1881 0.9766
vn 0.0012 -0.0019 1.0000
vn 0.1200 -0.1271 0.9846
vn 0.0009 -0.0009 1.0000
vn 0.2202 -0.3816 0.8977
vn 0.3078 -0.3140 0.8981
vn 0.3492 -0.6089 0.7123
vn 0.4921 -0.4987 0.7136
vn 0.4413 -0.7748 0.4527
vn 0.6268 -0.6334 0.4539
vn 0.5016 -0.8456 0.1826
vn 0.7071 -0.6712 0.2224
vn 0.7070 -0.7072 0.0013
vn 0.4949 -0.8689 0.0003
vn 0.8487 -0.4899 0.1991
vn 0.8690 -0.4948 0.0005
vn 0.9367 -0.2887 0.1984
vn 0.9660 -0.2587 0.0007
vn 0.9719 -0.1267 0.1982
vn 0.9920 -0.1265 0.0009
vn 0.9874 -0.0004 0.1585
vn 1.0000 -0.0004 0.0003
vn 0.9946 0.1034 0.0006
vn 1.0000 0.0004 0.0012
vn 0.9721 0.0004 0.2346
vn 0.9720 0.1267 0.1979
vn 0.8714 0.0004 0.4906
vn 0.8857 0.1186 0.4488
vn 0.7084 0.0004 0.7058
vn 0.6974 0.0968 0.7101
vn 0.4480 0.0002 0.8940
vn 0.4389 0.0646 0.8962
vn 0.1972 0.0002 0.9804
vn 0.1906 0.0306 0.9812
vn 0.0035 -0.0000 1.0000
vn 0.0048 0.0009 1.0000
vn 0.1970 -0.0001 0.9804
vn 0.0041 -0.0000 1.0000
vn 0.0037 -0.0007 1.0000
vn 0.1907 -0.0306 0.9812
vn 0.1811 -0.0634 0.9814
vn 0.0026 -0.0010 1.0000
vn 0.1623 -0.1010 0.9816
vn 0.0018 -0.0012 1.0000
vn 0.3775 -0.2271 0.8977
vn 0.4198 -0.1396 0.8968
vn 0.6043 -0.3566 0.7125
vn 0.6693 -0.2143 0.7114
vn 0.7703 -0.4483 0.4535
vn 0.8517 -0.2663 0.4513
vn 0.6974 -0.0968 0.7101
vn 0.8858 -0.1186 0.4487
vn 0.7081 -0.0002 0.7061
vn 0.9152 -0.0004 0.4031
vn 0.4483 -0.0003 0.8939
vn 0.4389 -0.0645 0.8962
vn 0.9473 -0.3205 0.0004
vn 0.7918 -0.3590 0.4942
vn 0.1093 0.1093 0.9880
vn 0.0003 0.1272 0.9919
vn 0.3342 -0.3344 0.8812
vn 0.3587 -0.4943 0.7918
vn -0.0000 -0.9570 0.2900
vn -0.0000 -0.8689 0.4949
vn -0.0000 -0.7071 0.7071
vn -0.6043 -0.3567 0.7125
vn -0.4919 -0.4985 0.7138
vn -0.3770 -0.2268 0.8980
vn -0.3075 -0.3138 0.8983
vn -0.3491 -0.6087 0.7125
vn -0.2201 -0.3813 0.8979
vn -0.2092 -0.6716 0.7108
vn -0.1337 -0.4209 0.8972
vn -0.0936 -0.6980 0.7099
vn -0.0606 -0.4393 0.8963
vn 0.0002 0.9469 0.3215
vn 0.0002 0.2591 0.9659
vn -0.0000 -0.2899 0.9571
vn -0.0000 -0.4956 0.8686
vn -1.0000 -0.0003 0.0012
vn -0.0000 0.0041 1.0000
vn -0.0000 -0.1261 0.9920
vn 0.0029 -0.0093 -1.0000
vn -0.0008 -0.0093 -1.0000
vn 0.0007 -0.0000 -1.0000
vn -0.0029 -0.0000 -1.0000
vn -0.2235 -0.0092 -0.9747
vn -0.3073 -0.0000 -0.9516
vn -0.4693 -0.0062 -0.8830
vn -0.5409 -0.0000 -0.8411
vn 0.5048 -0.0000 -0.8632
vn 0.5048 -0.0047 -0.8632
vn 0.2635 -0.0000 -0.9647
vn 0.2662 -0.0135 -0.9638
vn 0.2606 -0.2007 -0.9444
vn 0.0007 -0.1980 -0.9802
vn 0.0010 -0.7072 -0.7070
vn -0.0005 -0.7072 -0.7070
vn -0.0020 -0.7073 -0.7069
vn -0.0015 -0.1974 -0.9803
vn -0.2613 -0.2000 -0.9443
vn -0.1936 -0.7073 -0.6799
vn -0.1859 -0.7084 -0.6809
vn -0.3623 -0.7044 -0.6104
vn -0.3577 -0.7059 -0.6113
vn -0.4962 -0.1963 -0.8457
vn -0.6936 -0.1948 -0.6936
vn -0.6778 -0.0118 -0.7352
vn -0.7371 -0.0000 -0.6757
vn -0.8464 -0.1948 -0.4957
vn -0.8431 -0.0091 -0.5377
vn -0.8836 -0.0000 -0.4683
vn -0.9439 -0.2001 -0.2627
vn -0.9528 -0.0094 -0.3034
vn -0.9755 -0.0000 -0.2200
vn -0.9802 -0.1974 -0.0119
vn -0.9999 -0.0091 -0.0062
vn -1.0000 -0.0000 -0.0063
vn -1.0000 -0.0000 0.0033
vn -0.9999 -0.0089 0.0118
vn -0.9755 -0.0000 0.2199
vn -0.9528 -0.0095 0.3034
vn -0.8836 -0.0000 0.4682
vn -0.8423 -0.0120 0.5388
vn -0.7074 -0.0000 0.7068
vn -0.7052 -0.0132 0.7089
vn -0.4648 -0.0000 0.8854
vn -0.5382 -0.0063 0.8428
vn -0.2177 -0.0000 0.9760
vn -0.3035 -0.0090 0.9528
vn -0.0008 -0.0000 1.0000
vn -0.0029 -0.0093 1.0000
vn 0.6763 -0.0000 0.7366
vn 0.7353 -0.0091 0.6777
vn 0.8637 -0.0000 0.5041
vn 0.8630 -0.0174 0.5049
vn 0.6947 -0.1973 0.6917
vn 0.8457 -0.1987 0.4953
vn 0.4998 -0.7076 0.4995
vn 0.6102 -0.7056 0.3601
vn 0.6131 -0.7046 0.3574
vn 0.4982 -0.7085 0.4998
vn 0.1384 -0.9806 0.1388
vn 0.0900 -0.9944 0.0551
vn 0.1690 -0.9805 0.1001
vn 0.0749 -0.9944 0.0751
vn 0.0003 -0.9803 0.1974
vn 0.0001 -0.9990 0.0444
vn 0.0317 -0.9942 0.1030
vn 0.0527 -0.9809 0.1875
vn 0.0010 -0.7022 0.7120
vn 0.1947 -0.7064 0.6805
vn 0.1846 -0.7093 0.6803
vn 0.2595 -0.1948 0.9459
vn 0.0014 -0.0093 1.0000
vn 0.0014 -0.1975 0.9803
vn 0.3035 -0.0091 0.9528
vn 0.2177 -0.0000 0.9760
vn 0.0015 -0.0000 1.0000
vn 0.5382 -0.0063 0.8428
vn 0.4648 -0.0000 0.8854
vn 0.4950 -0.1955 0.8466
vn 0.3605 -0.7077 0.6076
vn 0.3551 -0.7096 0.6086
vn 0.0552 -0.9944 0.0905
vn 0.0994 -0.9807 0.1681
vn 0.1891 -0.9806 0.0521
vn 0.1022 -0.9943 0.0303
vn 0.0029 -1.0000 -0.0000
vn 0.1972 -0.9804 0.0012
vn 0.6797 -0.7094 0.1866
vn 0.6777 -0.7097 0.1923
vn 0.7072 -0.7070 0.0084
vn 0.7075 -0.7067 0.0023
vn 0.9528 -0.0094 0.3034
vn 0.9444 -0.1986 0.2621
vn 0.9803 -0.1973 0.0062
vn 1.0000 -0.0047 0.0063
vn 0.9755 -0.0000 0.2200
vn 1.0000 -0.0000 0.0067
vn 0.9998 -0.0166 -0.0114
vn 0.9803 -0.1973 -0.0118
vn 0.9528 -0.0093 -0.3034
vn 0.9445 -0.1979 -0.2621
vn 0.8649 -0.0133 -0.5017
vn 0.8460 -0.1954 -0.4961
vn 0.7361 -0.0118 -0.6767
vn 0.6937 -0.1970 -0.6928
vn 0.4963 -0.1970 -0.8455
vn 0.4981 -0.7077 -0.5011
vn 0.3580 -0.7062 -0.6109
vn 0.4988 -0.7075 -0.5006
vn 0.3631 -0.7044 -0.6098
vn 0.1856 -0.7084 -0.6809
vn 0.1932 -0.7074 -0.6799
vn 0.0017 -1.0000 -0.0031
vn 0.0521 -0.9808 -0.1877
vn 0.0994 -0.9808 -0.1681
vn 0.0011 -1.0000 -0.0049
vn 0.0005 -0.9803 -0.1973
vn -0.0000 -0.9999 -0.0105
vn -0.0308 -0.9942 -0.1027
vn -0.0002 -0.9803 -0.1974
vn -0.0000 -1.0000 -0.0062
vn -0.0521 -0.9809 -0.1877
vn -0.0558 -0.9943 -0.0909
vn -0.0741 -0.9945 -0.0746
vn -0.0994 -0.9807 -0.1681
vn -0.1379 -0.9807 -0.1386
vn -0.0901 -0.9944 -0.0553
vn -0.1688 -0.9806 -0.1001
vn -0.6097 -0.7055 -0.3614
vn -0.4993 -0.7066 -0.5014
vn -0.4989 -0.7067 -0.5017
vn -0.1018 -0.9943 -0.0303
vn -0.1886 -0.9807 -0.0521
vn -0.6802 -0.7074 -0.1924
vn -0.6133 -0.7039 -0.3583
vn -0.0719 -0.9974 -0.0004
vn -0.1972 -0.9804 -0.0012
vn -0.7074 -0.7068 -0.0044
vn -0.6825 -0.7069 -0.1857
vn -0.0015 -1.0000 -0.0000
vn -0.1972 -0.9804 0.0006
vn -0.1886 -0.9807 0.0521
vn -0.0022 -1.0000 0.0007
vn -0.1690 -0.9806 0.0998
vn -0.0022 -1.0000 0.0015
vn -0.1378 -0.9807 0.1386
vn -0.0019 -1.0000 0.0022
vn -0.0994 -0.9807 0.1682
vn -0.0017 -1.0000 0.0031
vn -0.0527 -0.9809 0.1874
vn -0.0010 -1.0000 0.0048
vn -0.0005 -0.9803 0.1974
vn -0.0000 -0.9999 0.0103
vn -0.0020 -0.7023 0.7119
vn -0.0005 -0.7022 0.7120
vn -0.0007 -0.1980 0.9802
vn -0.1950 -0.7064 0.6804
vn -0.1848 -0.7093 0.6802
vn -0.2602 -0.1940 0.9458
vn -0.3597 -0.7077 0.6081
vn -0.3548 -0.7093 0.6091
vn -0.4949 -0.1948 0.8468
vn -0.4990 -0.7075 0.5004
vn -0.5003 -0.7066 0.5004
vn -0.6942 -0.1957 0.6927
vn -0.6107 -0.7053 0.3600
vn -0.6135 -0.7042 0.3573
vn -0.8463 -0.1987 0.4943
vn -0.6793 -0.7083 0.1921
vn -0.6811 -0.7080 0.1866
vn -0.9437 -0.2008 0.2627
vn -0.7072 -0.7069 0.0084
vn -0.7075 -0.7067 0.0023
vn -0.9803 -0.1973 0.0062
vn -0.7074 -0.7068 -0.0045
vn 0.0016 -1.0000 -0.0000
vn 0.1972 -0.9804 -0.0006
vn 0.7074 -0.7068 -0.0044
vn 0.7073 -0.7069 -0.0044
vn 0.1891 -0.9806 -0.0521
vn 0.6786 -0.7088 -0.1926
vn 0.6810 -0.7083 -0.1857
vn 0.0022 -1.0000 -0.0007
vn 0.1688 -0.9805 -0.1005
vn 0.0022 -1.0000 -0.0015
vn 0.1385 -0.9806 -0.1389
vn 0.0020 -1.0000 -0.0022
vn 0.6093 -0.7058 -0.3615
vn 0.6129 -0.7042 -0.3584
vn 0.6763 -0.0000 -0.7366
vn 0.8636 -0.0000 -0.5042
vn 0.9755 -0.0000 -0.2200
vn 1.0000 -0.0000 -0.0060
vn 0.0025 -0.0000 1.0000
vn 0.2752 -0.0000 0.9614
vn 0.0026 -0.0118 0.9999
vn 0.2714 -0.0333 0.9619
vn 0.0024 -0.3608 0.9327
vn 0.2521 -0.3602 0.8982
vn 0.0598 -0.9710 0.2314
vn 0.0007 -0.9724 0.2331
vn 0.0966 -0.9336 0.3450
vn 0.0005 -0.9326 0.3610
vn -0.9991 -0.0420 -0.0101
vn -0.9999 -0.0000 -0.0110
vn -0.9999 -0.0119 0.0106
vn -0.9974 -0.0000 0.0718
vn -0.9320 -0.3623 0.0102
vn -0.9319 -0.3623 -0.0190
vn -0.3607 -0.9327 0.0041
vn -0.2562 -0.9666 0.0023
vn -0.3609 -0.9326 -0.0021
vn -0.2577 -0.9662 -0.0044
vn 0.5033 -0.0000 0.8641
vn 0.6752 -0.0000 0.7376
vn 0.5014 -0.0178 0.8650
vn 0.7326 -0.0234 0.6803
vn 0.4694 -0.3626 0.8051
vn 0.6591 -0.3618 0.6593
vn 0.2539 -0.9333 0.2538
vn 0.1802 -0.9654 0.1886
vn 0.1808 -0.9334 0.3100
vn 0.1166 -0.9680 0.2222
vn 0.2098 -0.9706 0.1178
vn 0.3100 -0.9334 0.1808
vn 0.2319 -0.9709 0.0602
vn 0.3454 -0.9335 0.0968
vn 0.3607 -0.9327 0.0041
vn 0.2822 -0.9593 0.0034
vn -0.0010 -0.9322 -0.3620
vn -0.0970 -0.9332 -0.3461
vn -0.0006 -0.9666 -0.2563
vn -0.0601 -0.9708 -0.2324
vn -0.1169 -0.9678 -0.2231
vn -0.1813 -0.9329 -0.3111
vn -0.1802 -0.9653 -0.1891
vn -0.2540 -0.9332 -0.2541
vn -0.3099 -0.9335 -0.1803
vn -0.1989 -0.9731 -0.1159
vn -0.2429 -0.9676 -0.0687
vn -0.3452 -0.9335 -0.0966
vn -0.9723 -0.0232 -0.2326
vn -0.8982 -0.3603 -0.2518
vn -0.8639 -0.0235 -0.5030
vn -0.8050 -0.3625 -0.4697
vn -0.9491 -0.0000 -0.3151
vn -0.8641 -0.0000 -0.5033
vn -0.5397 -0.0000 0.8419
vn -0.3156 -0.0000 0.9489
vn -0.4658 -0.0234 0.8846
vn -0.2330 -0.0232 0.9722
vn 0.9999 -0.0000 -0.0106
vn 0.9999 -0.0118 -0.0106
vn 0.9999 -0.0000 0.0106
vn 0.9991 -0.0418 0.0101
vn 0.9326 -0.3604 0.0190
vn 0.9723 -0.0231 0.2327
vn 0.8986 -0.3591 0.2521
vn 0.9490 -0.0000 0.3152
vn 0.8830 -0.0305 0.4684
vn 0.8058 -0.3611 0.4694
vn 0.8417 -0.0000 0.5400
vn 0.9328 -0.3603 -0.0102
vn 0.9725 -0.0000 -0.2331
vn 0.9501 -0.0224 -0.3111
vn 0.8987 -0.3587 -0.2523
vn 0.8847 -0.0000 -0.4661
vn 0.8434 -0.0307 -0.5364
vn 0.8052 -0.3625 -0.4693
vn 0.7374 -0.0000 -0.6754
vn 0.6756 -0.0232 -0.7369
vn 0.6600 -0.3605 -0.6591
vn 0.4641 -0.0233 -0.8855
vn 0.5389 -0.0000 -0.8424
vn 0.4699 -0.3603 -0.8058
vn 0.2340 -0.0233 -0.9720
vn 0.3145 -0.0000 -0.9492
vn 0.2510 -0.3619 -0.8978
vn 0.0013 -0.0227 -0.9997
vn 0.0052 -0.0000 -1.0000
vn 0.0049 -0.3582 -0.9336
vn -0.2752 -0.0000 -0.9614
vn -0.2733 -0.0175 -0.9618
vn -0.0026 -0.0000 -1.0000
vn -0.0026 -0.0227 -0.9997
vn -0.2509 -0.3620 -0.8978
vn -0.0025 -0.3582 -0.9336
vn -0.5343 -0.0235 -0.8450
vn -0.4643 -0.0000 -0.8857
vn -0.4698 -0.3612 -0.8055
vn -0.6599 -0.3605 -0.6592
vn -0.7038 -0.0339 -0.7096
vn -0.7070 -0.0000 -0.7072
vn -0.2520 -0.3603 0.8981
vn -0.4692 -0.3634 0.8048
vn -0.6748 -0.0234 0.7377
vn -0.6590 -0.3618 0.6594
vn -0.8429 -0.0307 0.5371
vn -0.8055 -0.3611 0.4698
vn -0.8981 -0.3607 0.2516
vn -0.9506 -0.0225 0.3096
vn -0.3099 -0.9334 0.1808
vn -0.2228 -0.9679 0.1167
vn -0.3454 -0.9335 0.0968
vn -0.2319 -0.9709 0.0601
vn -0.2535 -0.9335 0.2535
vn -0.1760 -0.9686 0.1759
vn -0.1809 -0.9333 0.3103
vn -0.1165 -0.9680 0.2223
vn -0.0967 -0.9336 0.3451
vn -0.0599 -0.9710 0.2315
vn -0.0010 -0.9326 0.3609
vn -0.0028 -0.9388 0.3445
vn -0.9726 -0.0000 0.2324
vn -0.8851 -0.0000 0.4654
vn -0.7360 -0.0000 0.6770
vn -0.0049 -0.3608 0.9326
vn -0.0024 -0.0428 0.9991
vn -0.0026 -0.0000 1.0000
vn 0.0011 -0.9665 -0.2567
vn 0.0005 -0.9322 -0.3620
vn 0.0686 -0.9675 -0.2432
vn 0.0967 -0.9333 -0.3459
vn 0.1144 -0.9709 -0.2105
vn 0.1809 -0.9331 -0.3107
vn 0.1803 -0.9653 -0.1892
vn 0.2544 -0.9330 -0.2544
vn 0.1987 -0.9732 -0.1159
vn 0.3100 -0.9334 -0.1805
vn 0.2427 -0.9677 -0.0686
vn 0.3452 -0.9335 -0.0966
vn 0.2353 -0.9719 -0.0028
vn 0.3609 -0.9326 -0.0021
vn -0.0000 -0.9667 0.2559
vn -0.1696 -0.7765 -0.6068
vn -0.0024 -0.7741 -0.6331
vn -0.1699 -0.7766 -0.6067
vn -0.0023 -0.7745 -0.6325
vn -0.3175 -0.7762 -0.5447
vn -0.3177 -0.7763 -0.5445
vn -0.0000 -0.7740 -0.6331
vn -0.0001 -0.7736 -0.6337
vn 0.6320 -0.7750 -0.0089
vn 0.6322 -0.7748 -0.0091
vn 0.6324 -0.7746 0.0047
vn 0.6320 -0.7748 0.0165
vn 0.6065 -0.7769 -0.1693
vn 0.6065 -0.7768 -0.1692
vn 0.6061 -0.7772 0.1691
vn 0.6060 -0.7773 0.1689
vn -0.4448 -0.7774 -0.4448
vn -0.4448 -0.7772 -0.4451
vn -0.5427 -0.7783 -0.3159
vn -0.5426 -0.7783 -0.3159
vn -0.6051 -0.7781 -0.1684
vn -0.6053 -0.7779 -0.1687
vn -0.6334 -0.7736 -0.0166
vn -0.6341 -0.7732 -0.0048
vn -0.6339 -0.7734 0.0091
vn -0.6336 -0.7736 0.0089
vn 0.1689 -0.7779 0.6053
vn 0.0023 -0.7734 0.6340
vn 0.1690 -0.7776 0.6056
vn 0.0022 -0.7733 0.6341
vn 0.3170 -0.7769 0.5440
vn 0.3172 -0.7769 0.5439
vn -0.0011 -0.7733 0.6341
vn -0.0045 -0.7735 0.6338
vn 0.4442 -0.7777 0.4448
vn 0.4441 -0.7779 0.4446
vn 0.5423 -0.7784 0.3162
vn 0.5423 -0.7784 0.3163
vn 0.5441 -0.7768 -0.3170
vn 0.5441 -0.7769 -0.3169
vn 0.4452 -0.7768 -0.4454
vn 0.4451 -0.7769 -0.4454
vn 0.3175 -0.7764 -0.5445
vn 0.3177 -0.7764 -0.5444
vn 0.1694 -0.7769 -0.6064
vn 0.1693 -0.7769 -0.6064
vn 0.0456 -0.7749 -0.6304
vn 0.0456 -0.7749 -0.6305
vn -0.1694 -0.7773 0.6059
vn -0.1690 -0.7774 0.6058
vn -0.3171 -0.7774 0.5432
vn -0.3171 -0.7775 0.5431
vn -0.4440 -0.7778 0.4449
vn -0.4441 -0.7778 0.4448
vn -0.5434 -0.7773 0.3172
vn -0.5433 -0.7773 0.3171
vn -0.6080 -0.7756 0.1696
vn -0.6080 -0.7756 0.1697
vn 0.0013 -0.9803 0.1976
vn 0.0626 -0.9801 0.1882
vn -0.1976 -0.9803 -0.0028
vn -0.1975 -0.9803 0.0050
vn 0.1064 -0.9801 0.1675
vn 0.1460 -0.9800 0.1351
vn 0.1719 -0.9800 0.1001
vn 0.1890 -0.9800 0.0630
vn 0.1974 -0.9803 0.0028
vn -0.0013 -0.9801 -0.1985
vn -0.0629 -0.9799 -0.1891
vn -0.1065 -0.9800 -0.1682
vn -0.1457 -0.9800 -0.1355
vn -0.1719 -0.9800 -0.1003
vn -0.1890 -0.9799 -0.0630
vn -0.1890 -0.9800 0.0630
vn -0.1680 -0.9800 0.1062
vn -0.1402 -0.9802 0.1399
vn -0.1061 -0.9802 0.1675
vn -0.0626 -0.9801 0.1883
vn -0.0202 -0.9802 0.1969
vn 0.0006 -0.9801 -0.1985
vn 0.0629 -0.9800 -0.1889
vn 0.1067 -0.9800 -0.1682
vn 0.1456 -0.9800 -0.1355
vn 0.1716 -0.9800 -0.1003
vn 0.1887 -0.9800 -0.0629
vn 0.1973 -0.9803 -0.0050
vn -0.0001 -0.9803 0.1974
vn -0.0020 -0.0000 -1.0000
vn -0.2370 -0.0000 -0.9715
vn -0.0075 -0.0000 -1.0000
vn -0.3184 -0.0000 -0.9480
vn 0.9996 -0.0000 0.0272
vn 0.9999 -0.0000 -0.0150
vn 1.0000 -0.0000 0.0079
vn -0.4665 -0.0000 -0.8845
vn -0.6758 -0.0000 -0.7371
vn -0.5404 -0.0000 -0.8414
vn -0.7371 -0.0000 -0.6758
vn -0.8418 -0.0000 -0.5398
vn -0.8851 -0.0000 -0.4654
vn -0.9482 -0.0000 -0.3176
vn -0.9715 -0.0000 -0.2371
vn -0.9996 -0.0000 -0.0271
vn -1.0000 -0.0000 -0.0078
vn 0.2789 -0.0000 0.9603
vn 0.0037 -0.0000 1.0000
vn 0.4661 -0.0000 0.8847
vn 0.5400 -0.0000 0.8417
vn 0.7362 -0.0000 0.6767
vn 0.8414 -0.0000 0.5404
vn 0.8851 -0.0000 0.4655
vn 0.9483 -0.0000 0.3175
vn 0.9715 -0.0000 0.2372
vn 0.9603 -0.0000 -0.2790
vn 0.8852 -0.0000 -0.4652
vn 0.8420 -0.0000 -0.5394
vn 0.7372 -0.0000 -0.6756
vn 0.6757 -0.0000 -0.7372
vn 0.5400 -0.0000 -0.8417
vn 0.4661 -0.0000 -0.8847
vn 0.3182 -0.0000 -0.9480
vn 0.2370 -0.0000 -0.9715
vn 0.1021 -0.0000 -0.9948
vn 0.0536 -0.0000 -0.9986
vn -0.0073 -0.0000 1.0000
vn -0.0019 -0.0000 1.0000
vn -0.3184 -0.0000 0.9480
vn -0.2371 -0.0000 0.9715
vn -0.5403 -0.0000 0.8414
vn -0.4665 -0.0000 0.8845
vn -0.7364 -0.0000 0.6766
vn -0.6754 -0.0000 0.7374
vn -0.8848 -0.0000 0.4659
vn -0.8413 -0.0000 0.5406
vn -0.9604 -0.0000 0.2786
vn -0.9999 -0.0000 0.0149
vn 0.0001 -0.0000 -1.0000
vn 0.6917 0.7222 -0.0069
vn 0.8233 0.5567 -0.1107
vn 0.6910 0.7054 -0.1580
vn 0.6916 0.7222 -0.0069
vn 0.5518 0.8228 -0.1360
vn 0.5556 0.8315 -0.0000
vn 0.3790 0.9254 -0.0000
vn 0.3993 0.8960 -0.1945
vn 0.2072 0.9622 -0.1766
vn 0.1754 0.9843 0.0200
vn 0.0980 0.9947 -0.0322
vn 0.0980 0.9693 -0.2257
vn 0.9701 0.2426 -0.0000
vn 0.9808 0.1914 -0.0381
vn 0.9314 0.3571 -0.0710
vn 0.9072 0.4206 -0.0000
vn 0.8179 0.5751 0.0152
vn 0.9135 0.3805 -0.1442
vn 0.8259 0.5134 -0.2330
vn 0.7025 0.6549 -0.2786
vn 0.5396 0.7813 -0.3137
vn 0.3993 0.8959 -0.1946
vn 0.3509 0.8651 -0.3583
vn 0.2071 0.9622 -0.1766
vn 0.1754 0.9170 -0.3582
vn 0.0980 0.9693 -0.2256
vn 0.0980 0.9066 -0.4104
vn 0.9701 0.2242 -0.0929
vn 0.9701 0.2242 -0.0928
vn 0.1937 0.8329 -0.5183
vn 0.1938 0.8329 -0.5183
vn 0.0980 0.8091 -0.5794
vn 0.9808 0.1622 -0.1084
vn 0.9213 0.3290 -0.2073
vn 0.8394 0.4481 -0.3076
vn 0.7265 0.5714 -0.3818
vn 0.5626 0.6794 -0.4711
vn 0.3802 0.7670 -0.5169
vn 0.8394 0.4480 -0.3076
vn 0.9178 0.2870 -0.2744
vn 0.8260 0.4042 -0.3928
vn 0.6916 0.5058 -0.5156
vn 0.5375 0.5827 -0.6095
vn 0.3993 0.6595 -0.6368
vn 0.1932 0.6938 -0.6938
vn 0.0980 0.7037 -0.7037
vn 0.9739 0.1670 -0.1537
vn 0.3668 0.5261 -0.7673
vn 0.1951 0.5449 -0.8155
vn 0.0980 0.5529 -0.8275
vn 0.9701 0.1348 -0.2017
vn 0.9135 0.2363 -0.3313
vn 0.8260 0.3198 -0.4641
vn 0.7023 0.3758 -0.6045
vn 0.6917 0.5058 -0.5156
vn 0.5520 0.4588 -0.6963
vn 0.3993 0.6595 -0.6369
vn 0.7024 0.3758 -0.6045
vn 0.8096 0.2246 -0.5423
vn 0.7071 0.2706 -0.6533
vn 0.7023 0.3759 -0.6045
vn 0.5626 0.3032 -0.7691
vn 0.3993 0.3656 -0.8408
vn 0.2072 0.3878 -0.8982
vn 0.0980 0.3508 -0.9313
vn 0.9739 0.0781 -0.2131
vn 0.9701 0.1348 -0.2018
vn 0.9112 0.1594 -0.3798
vn 0.9113 0.1594 -0.3797
vn 0.0980 0.3509 -0.9313
vn 0.1799 0.1794 -0.9672
vn 0.0980 0.1942 -0.9761
vn 0.9808 0.0381 -0.1914
vn 0.9739 0.0780 -0.2131
vn 0.9314 0.0710 -0.3571
vn 0.9112 0.1594 -0.3797
vn 0.8323 0.0963 -0.5459
vn 0.7024 0.1617 -0.6932
vn 0.7023 0.1617 -0.6932
vn 0.5518 0.1360 -0.8228
vn 0.3800 0.2098 -0.9009
vn 0.2071 0.3878 -0.8982
vn 0.6917 0.0069 -0.7222
vn 0.5556 -0.0000 -0.8315
vn 0.3790 -0.0000 -0.9254
vn 0.1799 0.1793 -0.9672
vn 0.1754 -0.0200 -0.9843
vn 0.0980 0.0322 -0.9947
vn 0.0980 0.1941 -0.9761
vn 0.9739 0.0094 -0.2268
vn 0.9739 0.0094 -0.2267
vn 0.9178 0.0089 -0.3970
vn 0.8259 -0.0188 -0.5635
vn 0.6916 0.0069 -0.7222
vn 0.9739 -0.0350 -0.2243
vn 0.9739 -0.0350 -0.2242
vn 0.9178 -0.0687 -0.3911
vn 0.8259 -0.0188 -0.5634
vn 0.8259 -0.1284 -0.5490
vn 0.7184 -0.1256 -0.6842
vn 0.5502 -0.1629 -0.8190
vn 0.3634 -0.2012 -0.9096
vn 0.1938 -0.1932 -0.9618
vn 0.0980 -0.1624 -0.9818
vn 0.0980 0.0323 -0.9947
vn 0.7023 -0.2507 -0.6662
vn 0.5518 -0.3441 -0.7597
vn 0.3993 -0.3360 -0.8530
vn 0.3635 -0.2012 -0.9096
vn 0.2072 -0.3878 -0.8982
vn 0.0980 -0.3509 -0.9313
vn 0.9739 -0.0780 -0.2131
vn 0.9178 -0.1437 -0.3702
vn 0.8259 -0.2330 -0.5134
vn 0.7024 -0.2507 -0.6662
vn 0.9701 -0.1348 -0.2018
vn 0.9135 -0.2156 -0.3451
vn 0.9135 -0.2157 -0.3451
vn 0.8259 -0.3287 -0.4581
vn 0.7024 -0.3758 -0.6045
vn 0.7023 -0.3758 -0.6045
vn 0.5518 -0.4857 -0.6780
vn 0.3800 -0.4886 -0.7854
vn 0.2134 -0.5577 -0.8021
vn 0.0980 -0.5529 -0.8275
vn 0.9739 -0.0781 -0.2131
vn 0.9701 -0.1348 -0.2017
vn 0.3800 -0.6325 -0.6749
vn 0.1938 -0.6924 -0.6950
vn 0.0980 -0.7261 -0.6805
vn 0.9739 -0.1670 -0.1537
vn 0.9112 -0.2898 -0.2926
vn 0.8259 -0.3287 -0.4580
vn 0.8315 -0.3928 -0.3928
vn 0.7111 -0.4876 -0.5065
vn 0.5518 -0.6086 -0.5702
vn 0.9739 -0.1670 -0.1536
vn 0.9313 -0.3028 -0.2023
vn 0.8233 -0.4719 -0.3153
vn 0.6809 -0.6090 -0.4069
vn 0.5375 -0.7115 -0.4526
vn 0.3800 -0.7520 -0.5386
vn 0.3800 -0.6325 -0.6750
vn 0.1938 -0.8146 -0.5466
vn 0.0980 -0.8449 -0.5258
vn 0.9808 -0.1622 -0.1084
vn 0.5376 -0.7115 -0.4526
vn 0.3668 -0.8552 -0.3663
vn 0.1938 -0.8147 -0.5466
vn 0.1754 -0.9017 -0.3952
vn 0.1754 -0.9017 -0.3951
vn 0.0980 -0.9313 -0.3508
vn 0.9701 -0.2242 -0.0929
vn 0.9072 -0.3886 -0.1610
vn 0.8315 -0.5133 -0.2126
vn 0.8233 -0.4719 -0.3154
vn 0.7111 -0.6545 -0.2567
vn 0.5520 -0.7724 -0.3142
vn 0.8233 -0.5567 -0.1107
vn 0.7071 -0.6935 -0.1379
vn 0.5626 -0.8135 -0.1473
vn 0.5520 -0.7724 -0.3141
vn 0.3993 -0.8960 -0.1945
vn 0.2072 -0.9566 -0.2051
vn 0.0980 -0.9313 -0.3509
vn 0.2071 -0.9566 -0.2051
vn 0.0980 -0.9818 -0.1624
vn 0.9701 -0.2242 -0.0928
vn 0.9739 -0.2242 -0.0350
vn 0.9281 -0.3646 -0.0758
vn 0.3800 -0.9245 -0.0300
vn 0.1938 -0.9810 -0.0019
vn 0.0980 -0.9947 0.0322
vn 0.9808 -0.1951 -0.0000
vn 0.9213 -0.3887 -0.0105
vn 0.8259 -0.5635 0.0188
vn 0.6917 -0.7222 -0.0069
vn 0.7071 -0.6935 -0.1380
vn 0.5375 -0.8430 0.0190
vn 0.7184 -0.6842 0.1256
vn 0.6916 -0.7222 -0.0069
vn 0.5626 -0.8080 0.1752
vn 0.5376 -0.8430 0.0190
vn 0.3668 -0.9146 0.1705
vn 0.3667 -0.9146 0.1705
vn 0.1754 -0.9693 0.1724
vn 0.0980 -0.9693 0.2257
vn 0.9701 -0.2380 0.0473
vn 0.9135 -0.4013 0.0672
vn 0.8259 -0.5634 0.0188
vn 0.9135 -0.4014 0.0672
vn 0.8259 -0.5490 0.1284
vn 0.0980 -0.9693 0.2256
vn 0.1932 -0.9065 0.3755
vn 0.0980 -0.9194 0.3808
vn 0.9739 -0.2059 0.0955
vn 0.9112 -0.3813 0.1558
vn 0.8315 -0.5133 0.2126
vn 0.7111 -0.6545 0.2567
vn 0.5518 -0.7597 0.3441
vn 0.3993 -0.8530 0.3360
vn 0.8233 -0.4719 0.3153
vn 0.6809 -0.6090 0.4069
vn 0.5375 -0.6904 0.4841
vn 0.3668 -0.7797 0.5075
vn 0.3667 -0.7797 0.5075
vn 0.1951 -0.8155 0.5449
vn 0.0980 -0.8275 0.5529
vn 0.0980 -0.9194 0.3809
vn 0.9808 -0.1622 0.1084
vn 0.9313 -0.3028 0.2023
vn 0.1937 -0.7158 0.6709
vn 0.0980 -0.6805 0.7261
vn 0.9739 -0.1670 0.1537
vn 0.9314 -0.3028 0.2023
vn 0.9739 -0.1670 0.1536
vn 0.9178 -0.2870 0.2744
vn 0.8259 -0.3851 0.4117
vn 0.7184 -0.4991 0.4845
vn 0.5626 -0.5744 0.5946
vn 0.5376 -0.6904 0.4841
vn 0.3802 -0.6514 0.6566
vn 0.7023 -0.4147 0.5786
vn 0.5698 -0.4454 0.6906
vn 0.3924 -0.4988 0.7728
vn 0.1937 -0.5712 0.7976
vn 0.0980 -0.5258 0.8449
vn 0.9701 -0.1348 0.2017
vn 0.9701 -0.1348 0.2018
vn 0.9072 -0.2337 0.3497
vn 0.8259 -0.3852 0.4117
vn 0.8179 -0.3069 0.4866
vn 0.7024 -0.4147 0.5786
vn 0.9808 -0.0747 0.1803
vn 0.9213 -0.1391 0.3632
vn 0.8260 -0.2083 0.5237
vn 0.7024 -0.2938 0.6483
vn 0.5698 -0.4453 0.6907
vn 0.7023 -0.2938 0.6484
vn 0.5520 -0.3240 0.7683
vn 0.5520 -0.3241 0.7683
vn 0.3993 -0.3360 0.8530
vn 0.2072 -0.3878 0.8982
vn 0.1938 -0.5712 0.7976
vn 0.2071 -0.3878 0.8982
vn 0.0980 -0.3508 0.9313
vn 0.6917 -0.1477 0.7070
vn 0.5375 -0.1831 0.8231
vn 0.5376 -0.1831 0.8231
vn 0.3802 -0.1841 0.9064
vn 0.1799 -0.1794 0.9672
vn 0.0980 -0.3509 0.9313
vn 0.0980 -0.1942 0.9761
vn 0.9739 -0.0535 0.2206
vn 0.9213 -0.1391 0.3631
vn 0.9739 -0.0535 0.2205
vn 0.9177 -0.0639 0.3921
vn 0.8260 -0.1021 0.5543
vn 0.8261 -0.2082 0.5237
vn 0.6916 -0.1477 0.7070
vn 0.9177 -0.0639 0.3920
vn 0.9701 -0.0000 0.2426
vn 0.9135 0.0124 0.4067
vn 0.8394 -0.0068 0.5435
vn 0.7111 0.0133 0.7029
vn 0.5518 -0.0272 0.8335
vn 0.3802 -0.1840 0.9064
vn 0.5518 -0.0272 0.8336
vn 0.3667 0.0112 0.9303
vn 0.1799 -0.1793 0.9672
vn 0.3668 0.0112 0.9302
vn 0.1951 -0.0000 0.9808
vn 0.0980 -0.0000 0.9952
vn 0.0980 -0.1941 0.9761
vn 0.5396 0.1552 0.8275
vn 0.3827 0.1803 0.9061
vn 0.2072 0.1766 0.9622
vn 0.0980 0.2257 0.9693
vn 0.9808 0.0381 0.1914
vn 0.9314 0.0710 0.3571
vn 0.9135 0.0124 0.4068
vn 0.8233 0.1107 0.5567
vn 0.6910 0.1580 0.7054
vn 0.9178 0.1437 0.3702
vn 0.8259 0.2330 0.5134
vn 0.7184 0.2567 0.6466
vn 0.5626 0.3295 0.7582
vn 0.3801 0.3260 0.8656
vn 0.3827 0.1802 0.9061
vn 0.2071 0.1766 0.9622
vn 0.3800 0.3260 0.8656
vn 0.1938 0.3737 0.9071
vn 0.0980 0.2256 0.9693
vn 0.0980 0.4104 0.9066
vn 0.9739 0.0780 0.2131
vn 0.3668 0.5075 0.7797
vn 0.1624 0.5482 0.8204
vn 0.0980 0.5529 0.8275
vn 0.9739 0.0781 0.2131
vn 0.9739 0.1181 0.1938
vn 0.9112 0.2305 0.3413
vn 0.8315 0.3086 0.4619
vn 0.7111 0.3794 0.5919
vn 0.7184 0.2567 0.6465
vn 0.5626 0.3295 0.7583
vn 0.5518 0.4857 0.6780
vn 0.9113 0.2305 0.3413
vn 0.8323 0.3834 0.4004
vn 0.8315 0.3087 0.4619
vn 0.7111 0.3795 0.5919
vn 0.6916 0.5156 0.5058
vn 0.5556 0.5879 0.5879
vn 0.3924 0.6607 0.6399
vn 0.3667 0.5075 0.7797
vn 0.2134 0.6779 0.7035
vn 0.0980 0.7037 0.7037
vn 0.9701 0.1716 0.1716
vn 0.9239 0.2706 0.2706
vn 0.3924 0.6607 0.6400
vn 0.1937 0.7976 0.5712
vn 0.0980 0.8450 0.5258
vn 0.9808 0.1622 0.1084
vn 0.9147 0.3361 0.2246
vn 0.8096 0.4881 0.3261
vn 0.6917 0.5156 0.5058
vn 0.7071 0.5880 0.3928
vn 0.5626 0.6794 0.4711
vn 0.3800 0.7854 0.4886
vn 0.8096 0.4880 0.3261
vn 0.7024 0.6483 0.2938
vn 0.7071 0.5879 0.3928
vn 0.7023 0.6484 0.2938
vn 0.5396 0.7813 0.3137
vn 0.3827 0.8535 0.3536
vn 0.2071 0.8982 0.3878
vn 0.0980 0.8449 0.5258
vn 0.2072 0.8982 0.3878
vn 0.0980 0.9313 0.3509
vn 0.9739 0.2059 0.0955
vn 0.9177 0.3721 0.1392
vn 0.8260 0.5237 0.2083
vn 0.0980 0.9313 0.3508
vn 0.1938 0.9618 0.1932
vn 0.0980 0.9818 0.1624
vn 0.9739 0.2206 0.0535
vn 0.9177 0.3720 0.1391
vn 0.9739 0.2205 0.0535
vn 0.9281 0.3658 0.0695
vn 0.8452 0.5242 0.1043
vn 0.8261 0.5237 0.2082
vn 0.7111 0.6868 0.1502
vn 0.5518 0.8228 0.1360
vn 0.3801 0.9009 0.2098
vn 0.3827 0.8536 0.3535
vn 0.3800 0.9009 0.2098
vn 0.8179 0.5751 0.0151
vn 0.0980 0.9818 0.1625
vn 0.9281 0.3659 0.0695
vn 0.9808 0.1913 -0.0381
vn 0.9313 0.3571 -0.0710
vn 0.7025 0.6548 -0.2786
vn 0.3993 0.8960 -0.1946
vn 0.3509 0.8651 -0.3584
vn 0.5376 0.5827 -0.6095
vn 0.1937 0.8330 -0.5183
vn 0.9739 0.1670 -0.1536
vn 0.8261 0.4042 -0.3928
vn 0.8260 0.3197 -0.4641
vn 0.9808 0.0381 -0.1913
vn 0.9313 0.0711 -0.3571
vn 0.5626 0.3032 -0.7692
vn 0.3801 0.2098 -0.9009
vn 0.9313 0.0710 -0.3571
vn 0.9739 0.0095 -0.2267
vn 0.0980 -0.1625 -0.9818
vn 0.3993 -0.3360 -0.8531
vn 0.7023 -0.3759 -0.6045
vn 0.2134 -0.5577 -0.8022
vn 0.3801 -0.4886 -0.7854
vn 0.9113 -0.2898 -0.2926
vn 0.8315 -0.3929 -0.3929
vn 0.9314 -0.3027 -0.2023
vn 0.7111 -0.4877 -0.5065
vn 0.0980 -0.7261 -0.6806
vn 0.3801 -0.7520 -0.5386
vn 0.3993 -0.8959 -0.1946
vn 0.3993 -0.8960 -0.1946
vn 0.0980 -0.9818 -0.1625
vn 0.5375 -0.8430 0.0189
vn 0.3801 -0.9245 -0.0300
vn 0.9314 -0.3027 0.2023
vn 0.7184 -0.4991 0.4846
vn 0.5626 -0.5745 0.5946
vn 0.3924 -0.4987 0.7728
vn 0.0980 -0.6806 0.7261
vn 0.9808 -0.0747 0.1802
vn 0.8260 -0.2082 0.5237
vn 0.3993 -0.3360 0.8531
vn 0.8261 -0.1021 0.5543
vn 0.8394 -0.0069 0.5435
vn 0.9808 0.0381 0.1913
vn 0.9313 0.0710 0.3571
vn 0.9314 0.0711 0.3571
vn 0.7111 0.0133 0.7030
vn 0.9112 0.2305 0.3414
vn 0.8315 0.3087 0.4620
vn 0.7184 0.2566 0.6465
vn 0.9113 0.2304 0.3413
vn 0.9112 0.2304 0.3413
vn 0.3801 0.7854 0.4886
vn 0.7071 0.5879 0.3929
vn 0.5556 0.5880 0.5879
vn 0.1938 0.9618 0.1933
vn 0.9177 0.3720 0.1392
vn 0.8452 0.5241 0.1043
vn 0.7023 0.6483 0.2939
vn 0.0165 -0.3833 0.9235
vn 0.0938 -0.6263 0.7739
vn 0.0839 -0.3676 0.9262
vn 0.0581 -0.6439 0.7629
vn 0.0630 -0.7976 0.5999
vn 0.1247 -0.7893 0.6012
vn 0.1488 -0.9406 0.3052
vn 0.0750 -0.9498 0.3036
vn 0.0743 -0.9489 0.3067
vn 0.1491 -0.9410 0.3039
vn 0.2226 -0.9262 0.3042
vn 0.2226 -0.9268 0.3024
vn 0.2940 -0.9058 0.3052
vn 0.2946 -0.9061 0.3037
vn 0.3640 -0.8797 0.3061
vn 0.3645 -0.8804 0.3034
vn 0.3065 -0.7394 0.5994
vn 0.2472 -0.7599 0.6012
vn 0.1866 -0.7792 0.5984
vn 0.1528 -0.6374 0.7552
vn 0.1952 -0.5833 0.7885
vn 0.1607 -0.3363 0.9279
vn 0.2366 -0.5857 0.7752
vn 0.2986 -0.5744 0.7621
vn 0.3233 -0.5260 0.7866
vn 0.2370 -0.3021 0.9234
vn 0.3746 -0.5281 0.7621
vn 0.4257 -0.4872 0.7625
vn 0.4501 -0.4606 0.7650
vn 0.2848 -0.2605 0.9225
vn 0.0143 0.3828 0.9237
vn 0.0832 0.3674 0.9263
vn 0.0940 0.6270 0.7733
vn 0.0578 0.6446 0.7623
vn -0.0072 0.6469 0.7626
vn -0.0476 0.6164 0.7860
vn -0.0625 0.7972 0.6005
vn -0.0001 0.7994 0.6008
vn -0.0747 0.9492 0.3057
vn -0.0000 0.9522 0.3055
vn -0.0000 0.9519 0.3064
vn -0.0744 0.9488 0.3069
vn -0.1489 0.9403 0.3060
vn -0.1494 0.9407 0.3047
vn -0.2218 0.9256 0.3066
vn -0.2226 0.9267 0.3029
vn -0.2942 0.9057 0.3053
vn -0.2946 0.9060 0.3040
vn -0.3645 0.8794 0.3062
vn -0.3645 0.8800 0.3047
vn -0.3061 0.7389 0.6003
vn -0.2476 0.7609 0.5997
vn -0.1867 0.7788 0.5989
vn -0.1526 0.6124 0.7757
vn -0.2042 0.6281 0.7509
vn -0.0660 0.3657 0.9284
vn -0.0959 0.6403 0.7621
vn -0.1251 0.7907 0.5993
vn -0.2373 0.5862 0.7746
vn -0.1621 0.3355 0.9280
vn -0.1229 0.3785 0.9174
vn -0.0486 -0.6626 0.7474
vn -0.0273 -0.3918 0.9196
vn -0.0073 -0.6465 0.7629
vn -0.0000 -0.7993 0.6009
vn -0.0630 -0.7976 0.5999
vn -0.0751 -0.9498 0.3036
vn -0.0000 -0.9523 0.3052
vn -0.0000 -0.9526 0.3043
vn -0.0743 -0.9489 0.3067
vn -0.0624 -0.7929 0.6061
vn 0.0003 -0.7952 0.6064
vn 0.0620 -0.7931 0.6060
vn 0.1251 -0.7863 0.6050
vn 0.0325 -0.4147 0.9094
vn 0.0658 -0.4193 0.9055
vn 0.0001 0.0174 0.9998
vn -0.0022 0.0107 0.9999
vn 0.0992 -0.4091 0.9071
vn -0.0043 0.0175 0.9998
vn 0.1283 -0.3950 0.9097
vn 0.1857 -0.7737 0.6057
vn 0.2457 -0.7571 0.6053
vn 0.3046 -0.7355 0.6052
vn 0.1625 -0.3940 0.9046
vn 0.3615 -0.7088 0.6057
vn 0.1969 -0.3787 0.9043
vn 0.4154 -0.6780 0.6064
vn 0.2215 -0.3682 0.9030
vn 0.4676 -0.6438 0.6057
vn 0.2497 -0.3419 0.9059
vn 0.5180 -0.6061 0.6036
vn 0.2694 -0.3154 0.9099
vn 0.6190 -0.7246 0.3030
vn 0.5592 -0.7706 0.3057
vn 0.6188 -0.7243 0.3040
vn 0.5600 -0.7705 0.3046
vn 0.4976 -0.8119 0.3054
vn 0.4980 -0.8122 0.3039
vn 0.4327 -0.8482 0.3054
vn 0.4321 -0.8491 0.3039
vn 0.3632 -0.7130 0.5997
vn 0.4182 -0.6818 0.6003
vn 0.4702 -0.6474 0.5998
vn 0.5195 -0.6086 0.5997
vn 0.6740 -0.6737 0.3030
vn 0.5661 -0.5659 0.5994
vn 0.7247 -0.6187 0.3032
vn 0.6088 -0.5201 0.5990
vn 0.5010 -0.4236 0.7547
vn 0.6474 -0.4701 0.6000
vn 0.5366 -0.3900 0.7483
vn 0.3191 -0.2317 0.9189
vn 0.5771 -0.2859 0.7650
vn 0.3592 -0.1335 0.9236
vn 0.3356 -0.1902 0.9226
vn 0.5941 -0.2541 0.7632
vn 0.6176 -0.1930 0.7624
vn 0.6462 -0.1589 0.7465
vn 0.7611 -0.2468 0.5999
vn 0.7775 -0.1872 0.6003
vn 0.9058 -0.2941 0.3050
vn 0.9258 -0.2225 0.3057
vn 0.9056 -0.2944 0.3052
vn 0.9267 -0.2221 0.3033
vn 0.9400 -0.1491 0.3068
vn 0.9413 -0.1487 0.3031
vn 0.9495 -0.0750 0.3048
vn 0.9499 -0.0739 0.3038
vn 0.9526 -0.0000 0.3044
vn 0.9531 -0.0000 0.3025
vn 0.9499 0.0739 0.3037
vn 0.9495 0.0750 0.3048
vn 0.7975 0.0626 0.6000
vn 0.8003 -0.0000 0.5996
vn 0.7975 -0.0625 0.6000
vn 0.6538 -0.0514 0.7549
vn 0.6149 0.0052 0.7886
vn 0.3763 -0.0324 0.9259
vn 0.3696 0.0489 0.9279
vn 0.6299 0.0441 0.7755
vn 0.6378 0.1059 0.7628
vn 0.6013 0.1452 0.7857
vn 0.3603 0.1320 0.9234
vn 0.6177 0.1930 0.7624
vn 0.5945 0.2542 0.7629
vn 0.5773 0.2860 0.7648
vn 0.7125 0.3633 0.6003
vn 0.7390 0.3061 0.6002
vn 0.8801 0.3646 0.3041
vn 0.8487 0.4327 0.3042
vn 0.8797 0.3645 0.3053
vn 0.8485 0.4323 0.3053
vn 0.8115 0.4981 0.3057
vn 0.8120 0.4970 0.3060
vn 0.7710 0.5598 0.3037
vn 0.7705 0.5599 0.3049
vn 0.7245 0.6185 0.3042
vn 0.7235 0.6184 0.3068
vn 0.6084 0.5194 0.6001
vn 0.6473 0.4700 0.6000
vn 0.6819 0.4181 0.6002
vn 0.5583 0.3460 0.7540
vn 0.5076 0.3678 0.7792
vn 0.3347 0.1918 0.9226
vn 0.4984 0.4255 0.7554
vn 0.2840 0.2470 0.9265
vn 0.4572 0.4565 0.7633
vn 0.2519 0.3003 0.9200
vn 0.4286 0.5076 0.7474
vn 0.2125 0.3197 0.9234
vn 0.3862 0.5196 0.7622
vn 0.3318 0.5549 0.7629
vn 0.2992 0.5707 0.7647
vn 0.1581 0.3521 0.9225
vn 0.1951 0.5967 0.7784
vn 0.2483 0.6076 0.7544
vn 0.2475 0.7608 0.5999
vn 0.3065 0.7395 0.5994
vn 0.2946 0.9060 0.3041
vn 0.3646 0.8803 0.3035
vn 0.3645 0.8795 0.3059
vn 0.2941 0.9058 0.3049
vn 0.2221 0.9257 0.3063
vn 0.2225 0.9269 0.3024
vn 0.1868 0.7792 0.5983
vn 0.1252 0.7905 0.5995
vn 0.1495 0.9406 0.3048
vn 0.0747 0.9492 0.3057
vn 0.0626 0.7972 0.6004
vn 0.0744 0.9488 0.3069
vn 0.1488 0.9403 0.3062
vn 0.1245 0.7861 0.6055
vn 0.0625 0.7918 0.6076
vn -0.0001 0.7949 0.6068
vn -0.0621 0.7917 0.6078
vn -0.0325 0.4133 0.9100
vn -0.0010 0.4236 0.9058
vn -0.0001 -0.0168 0.9999
vn -0.0001 -0.0109 0.9999
vn 0.0404 -0.5274 0.8487
vn 0.0028 -0.5117 0.8592
vn -0.0000 -0.9489 0.3155
vn 0.0748 -0.9458 0.3161
vn 0.0001 -0.9978 -0.0664
vn 0.0783 -0.9947 -0.0664
vn 0.0002 -0.9947 -0.1026
vn 0.0776 -0.9917 -0.1022
vn 0.1560 -0.9859 -0.0612
vn 0.1559 -0.9824 -0.1027
vn 0.2331 -0.9701 -0.0675
vn 0.2319 -0.9674 -0.1022
vn 0.3084 -0.9493 -0.0616
vn 0.3074 -0.9461 -0.1023
vn 0.3819 -0.9221 -0.0623
vn 0.3806 -0.9191 -0.1022
vn 0.4526 -0.8894 -0.0641
vn 0.4516 -0.8863 -0.1024
vn 0.5214 -0.8508 -0.0656
vn 0.5200 -0.8479 -0.1028
vn 0.5865 -0.8075 -0.0623
vn 0.5844 -0.8049 -0.1027
vn 0.6460 -0.7564 -0.1026
vn 0.6484 -0.7588 -0.0621
vn 0.7060 -0.7054 -0.0633
vn 0.7037 -0.7031 -0.1021
vn 0.7586 -0.6483 -0.0654
vn 0.7560 -0.6465 -0.1025
vn 0.8075 -0.5867 -0.0620
vn 0.8047 -0.5849 -0.1021
vn 0.8511 -0.5213 -0.0620
vn 0.8484 -0.5195 -0.1021
vn 0.8892 -0.4531 -0.0633
vn 0.8866 -0.4512 -0.1022
vn 0.9220 -0.3820 -0.0623
vn 0.9190 -0.3805 -0.1030
vn 0.9491 -0.3085 -0.0642
vn 0.9459 -0.3077 -0.1030
vn 0.9705 -0.2328 -0.0625
vn 0.9672 -0.2324 -0.1024
vn 0.9854 -0.1565 -0.0664
vn 0.9825 -0.1555 -0.1021
vn 0.9950 -0.0784 -0.0613
vn 0.9917 -0.0782 -0.1026
vn 0.9980 -0.0001 -0.0630
vn 0.9947 -0.0000 -0.1028
vn 0.9950 0.0786 -0.0615
vn 0.9917 0.0782 -0.1025
vn 0.9855 0.1563 -0.0663
vn 0.9825 0.1560 -0.1021
vn 0.9705 0.2328 -0.0629
vn 0.9672 0.2324 -0.1027
vn 0.9491 0.3084 -0.0644
vn 0.9460 0.3074 -0.1029
vn 0.9221 0.3819 -0.0622
vn 0.9192 0.3801 -0.1032
vn 0.8891 0.4532 -0.0636
vn 0.8864 0.4515 -0.1025
vn 0.8511 0.5213 -0.0620
vn 0.8484 0.5194 -0.1022
vn 0.8074 0.5868 -0.0621
vn 0.8045 0.5852 -0.1020
vn 0.7588 0.6484 -0.0617
vn 0.7560 0.6465 -0.1025
vn 0.7059 0.7055 -0.0631
vn 0.7035 0.7031 -0.1030
vn 0.6484 0.7588 -0.0623
vn 0.6461 0.7562 -0.1032
vn 0.5868 0.8074 -0.0622
vn 0.5848 0.8047 -0.1028
vn 0.5210 0.8510 -0.0662
vn 0.5195 0.8483 -0.1029
vn 0.4519 0.8861 -0.1031
vn 0.4527 0.8893 -0.0648
vn 0.3810 0.9189 -0.1024
vn 0.3819 0.9221 -0.0626
vn 0.3083 0.9493 -0.0621
vn 0.3072 0.9461 -0.1023
vn 0.2329 0.9705 -0.0624
vn 0.2321 0.9673 -0.1023
vn 0.1562 0.9858 -0.0614
vn 0.1552 0.9825 -0.1029
vn 0.0784 0.9950 -0.0619
vn 0.0778 0.9916 -0.1029
vn -0.0002 0.9978 -0.0658
vn 0.0001 0.9947 -0.1028
vn -0.0781 0.9950 -0.0617
vn -0.0780 0.9916 -0.1030
vn -0.1562 0.9858 -0.0616
vn -0.1553 0.9825 -0.1027
vn -0.2328 0.9705 -0.0629
vn -0.2318 0.9674 -0.1021
vn -0.3083 0.9492 -0.0627
vn -0.3073 0.9461 -0.1023
vn -0.3820 0.9220 -0.0627
vn -0.3810 0.9189 -0.1023
vn -0.4526 0.8893 -0.0657
vn -0.4520 0.8860 -0.1031
vn -0.5212 0.8508 -0.0662
vn -0.5194 0.8483 -0.1030
vn -0.5868 0.8074 -0.0621
vn -0.5847 0.8047 -0.1027
vn -0.6480 0.7588 -0.0657
vn -0.6461 0.7563 -0.1027
vn -0.7058 0.7057 -0.0620
vn -0.7035 0.7032 -0.1031
vn -0.7588 0.6484 -0.0617
vn -0.7562 0.6462 -0.1028
vn -0.8075 0.5865 -0.0626
vn -0.8047 0.5847 -0.1028
vn -0.8509 0.5214 -0.0637
vn -0.8480 0.5201 -0.1022
vn -0.8891 0.4533 -0.0637
vn -0.8863 0.4516 -0.1024
vn -0.9221 0.3817 -0.0638
vn -0.9192 0.3801 -0.1029
vn -0.9487 0.3089 -0.0678
vn -0.9460 0.3074 -0.1029
vn -0.9706 0.2326 -0.0614
vn -0.9672 0.2322 -0.1032
vn -0.9855 0.1562 -0.0663
vn -0.9824 0.1562 -0.1022
vn -0.9949 0.0783 -0.0632
vn -0.9916 0.0780 -0.1027
vn -0.9981 0.0001 -0.0612
vn -0.9947 -0.0000 -0.1028
vn -0.9949 -0.0784 -0.0631
vn -0.9916 -0.0780 -0.1028
vn -0.9824 -0.1562 -0.1023
vn -0.9854 -0.1565 -0.0664
vn -0.9672 -0.2322 -0.1032
vn -0.9706 -0.2326 -0.0614
vn -0.9460 -0.3074 -0.1029
vn -0.9487 -0.3089 -0.0678
vn -0.9192 -0.3801 -0.1029
vn -0.9221 -0.3817 -0.0638
vn -0.8863 -0.4516 -0.1024
vn -0.8891 -0.4533 -0.0633
vn -0.8480 -0.5200 -0.1022
vn -0.8510 -0.5214 -0.0638
vn -0.8047 -0.5847 -0.1029
vn -0.8075 -0.5865 -0.0626
vn -0.7565 -0.6458 -0.1028
vn -0.7588 -0.6481 -0.0654
vn -0.7035 -0.7033 -0.1023
vn -0.7058 -0.7057 -0.0620
vn -0.6481 -0.7587 -0.0655
vn -0.6461 -0.7564 -0.1021
vn -0.5869 -0.8072 -0.0625
vn -0.5844 -0.8049 -0.1028
vn -0.5211 -0.8509 -0.0658
vn -0.5199 -0.8480 -0.1031
vn -0.4517 -0.8863 -0.1024
vn -0.4525 -0.8894 -0.0650
vn -0.3820 -0.9220 -0.0623
vn -0.3808 -0.9190 -0.1022
vn -0.3086 -0.9492 -0.0624
vn -0.3074 -0.9461 -0.1024
vn -0.2320 -0.9673 -0.1024
vn -0.2324 -0.9703 -0.0677
vn -0.1562 -0.9858 -0.0610
vn -0.1555 -0.9825 -0.1027
vn -0.0785 -0.9947 -0.0664
vn -0.0780 -0.9917 -0.1022
vn -0.0747 -0.9459 0.3158
vn -0.1481 -0.9367 0.3173
vn -0.0781 -0.5118 0.8555
vn -0.0428 -0.5094 0.8594
vn -0.0026 -0.0113 0.9999
vn 0.0634 0.4229 0.9039
vn 0.0375 0.4287 0.9027
vn 0.1000 0.4138 0.9048
vn -0.0063 -0.0155 0.9999
vn 0.1283 0.3948 0.9098
vn 0.1610 0.3910 0.9062
vn -0.0046 -0.0102 0.9999
vn -0.1655 -0.5062 0.8464
vn -0.1955 -0.4789 0.8558
vn -0.3631 -0.8764 0.3164
vn -0.2935 -0.9021 0.3165
vn -0.2330 -0.4527 0.8607
vn -0.4304 -0.8452 0.3170
vn -0.2665 -0.4400 0.8575
vn -0.4959 -0.8090 0.3155
vn -0.3025 -0.4119 0.8596
vn -0.5574 -0.7670 0.3178
vn -0.3304 -0.3910 0.8590
vn -0.6162 -0.7215 0.3158
vn -0.3649 -0.3615 0.8580
vn -0.6708 -0.6703 0.3174
vn -0.3893 -0.3360 0.8577
vn -0.7211 -0.6162 0.3168
vn -0.4141 -0.2984 0.8599
vn -0.7665 -0.5572 0.3194
vn -0.4402 -0.2729 0.8554
vn -0.8087 -0.4953 0.3173
vn -0.8449 -0.4304 0.3175
vn -0.4596 -0.2338 0.8568
vn -0.8758 -0.3629 0.3184
vn -0.4896 -0.2015 0.8484
vn -0.4842 -0.1601 0.8602
vn -0.9022 -0.2932 0.3163
vn -0.9210 -0.2205 0.3213
vn -0.4977 -0.1171 0.8594
vn -0.9373 -0.1486 0.3153
vn -0.5078 -0.0832 0.8574
vn -0.5124 -0.0394 0.8579
vn -0.9443 -0.0741 0.3205
vn -0.5319 0.0008 0.8468
vn -0.9481 -0.0001 0.3178
vn -0.5120 0.0377 0.8582
vn -0.9445 0.0746 0.3199
vn -0.5030 0.0818 0.8604
vn -0.9374 0.1483 0.3152
vn -0.4999 0.1174 0.8581
vn -0.9210 0.2205 0.3213
vn -0.4819 0.1592 0.8616
vn -0.9021 0.2933 0.3165
vn -0.4732 0.1931 0.8595
vn -0.8758 0.3628 0.3184
vn -0.4535 0.2339 0.8600
vn -0.8442 0.4304 0.3195
vn -0.4411 0.2669 0.8569
vn -0.8087 0.4952 0.3174
vn -0.4119 0.3018 0.8598
vn -0.7664 0.5573 0.3194
vn -0.3971 0.3356 0.8542
vn -0.7213 0.6158 0.3172
vn -0.3656 0.3662 0.8557
vn -0.6710 0.6703 0.3170
vn -0.3434 0.4043 0.8477
vn -0.6161 0.7216 0.3158
vn -0.3041 0.4135 0.8582
vn -0.5574 0.7671 0.3177
vn -0.2655 0.4377 0.8590
vn -0.4961 0.8090 0.3153
vn -0.2356 0.4573 0.8575
vn -0.4303 0.8454 0.3166
vn -0.1977 0.4787 0.8554
vn -0.3632 0.8764 0.3161
vn -0.1622 0.5037 0.8485
vn -0.2925 0.9011 0.3201
vn -0.1235 0.5023 0.8558
vn -0.2217 0.9224 0.3161
vn -0.0805 0.5117 0.8554
vn -0.1483 0.9366 0.3175
vn -0.0741 0.9458 0.3163
vn -0.0407 0.5317 0.8459
vn -0.0003 0.9487 0.3161
vn -0.0027 0.5118 0.8591
vn 0.0428 0.5132 0.8572
vn 0.0745 0.9456 0.3167
vn 0.0783 0.5110 0.8560
vn 0.1484 0.9366 0.3175
vn 0.1214 0.5035 0.8554
vn 0.2214 0.9224 0.3164
vn 0.1651 0.5037 0.8479
vn 0.2928 0.9012 0.3195
vn 0.1952 0.4789 0.8559
vn 0.3628 0.8766 0.3161
vn 0.2342 0.4586 0.8572
vn 0.4303 0.8450 0.3174
vn 0.2780 0.4510 0.8481
vn 0.4959 0.8090 0.3156
vn 0.2998 0.4171 0.8580
vn 0.5573 0.7670 0.3179
vn 0.3340 0.3872 0.8594
vn 0.6154 0.7203 0.3202
vn 0.3647 0.3685 0.8551
vn 0.6714 0.6709 0.3147
vn 0.7213 0.6158 0.3172
vn 0.3945 0.3361 0.8552
vn 0.7664 0.5573 0.3195
vn 0.4296 0.3108 0.8479
vn 0.8082 0.4952 0.3189
vn 0.4382 0.2717 0.8569
vn 0.8456 0.4311 0.3147
vn 0.4620 0.2348 0.8552
vn 0.8758 0.3628 0.3183
vn 0.4904 0.2016 0.8479
vn 0.9018 0.2928 0.3180
vn 0.4856 0.1605 0.8593
vn 0.4992 0.1175 0.8585
vn 0.9220 0.2210 0.3179
vn 0.5081 0.0832 0.8573
vn 0.9374 0.1484 0.3151
vn 0.9439 0.0745 0.3218
vn 0.5125 0.0395 0.8578
vn 0.9487 -0.0001 0.3163
vn 0.5321 -0.0010 0.8467
vn 0.5124 -0.0375 0.8579
vn 0.9438 -0.0740 0.3222
vn 0.5090 -0.0814 0.8569
vn 0.9372 -0.1488 0.3154
vn 0.5152 -0.1251 0.8479
vn 0.9220 -0.2210 0.3178
vn 0.4871 -0.1554 0.8594
vn 0.9018 -0.2928 0.3179
vn 0.4730 -0.1981 0.8585
vn 0.8759 -0.3627 0.3182
vn 0.4644 -0.2337 0.8543
vn 0.8464 -0.4313 0.3125
vn 0.4398 -0.2706 0.8564
vn 0.8081 -0.4954 0.3186
vn 0.4282 -0.3124 0.8479
vn 0.7665 -0.5572 0.3194
vn 0.7211 -0.6162 0.3168
vn 0.3930 -0.3321 0.8575
vn 0.6716 -0.6707 0.3149
vn 0.3667 -0.3671 0.8548
vn 0.6150 -0.7206 0.3202
vn 0.3427 -0.4037 0.8483
vn 0.5573 -0.7671 0.3177
vn 0.3041 -0.4134 0.8583
vn 0.2656 -0.4381 0.8588
vn 0.4961 -0.8090 0.3154
vn 0.2355 -0.4572 0.8576
vn 0.4301 -0.8450 0.3178
vn 0.1978 -0.4786 0.8555
vn 0.3631 -0.8763 0.3165
vn 0.2931 -0.9025 0.3157
vn 0.1638 -0.5078 0.8458
vn 0.2218 -0.9223 0.3165
vn 0.1223 -0.4983 0.8584
vn 0.0806 -0.5120 0.8552
vn 0.1479 -0.9366 0.3178
vn 0.0022 -0.0107 0.9999
vn -0.0662 0.4210 0.9046
vn -0.0997 0.4111 0.9061
vn -0.1856 0.7738 0.6057
vn -0.1246 0.7860 0.6056
vn -0.1283 0.3948 0.9098
vn -0.2461 0.7569 0.6054
vn -0.3047 0.7354 0.6052
vn -0.1626 0.3943 0.9045
vn -0.3614 0.7086 0.6060
vn -0.1975 0.3800 0.9037
vn -0.4158 0.6780 0.6061
vn -0.2217 0.3684 0.9029
vn -0.4668 0.6430 0.6071
vn -0.2490 0.3415 0.9063
vn -0.5171 0.6051 0.6053
vn -0.2685 0.3144 0.9105
vn -0.6191 0.7245 0.3031
vn -0.5590 0.7705 0.3062
vn -0.6190 0.7245 0.3032
vn -0.5601 0.7707 0.3039
vn -0.4977 0.8117 0.3055
vn -0.4979 0.8122 0.3040
vn -0.4323 0.8479 0.3069
vn -0.4325 0.8488 0.3040
vn -0.3635 0.7130 0.5995
vn -0.4178 0.6818 0.6005
vn -0.3232 0.5260 0.7867
vn -0.2990 0.5746 0.7618
vn -0.2372 0.3020 0.9233
vn -0.3744 0.5276 0.7625
vn -0.4253 0.4875 0.7625
vn -0.4447 0.4519 0.7734
vn -0.2831 0.2481 0.9264
vn -0.6381 -0.1003 0.7634
vn -0.3808 -0.0950 0.9198
vn -0.3766 -0.0330 0.9258
vn -0.6444 -0.1586 0.7481
vn -0.3594 -0.1338 0.9236
vn -0.6175 -0.1931 0.7625
vn -0.5939 -0.2538 0.7635
vn -0.5668 -0.2828 0.7738
vn -0.7391 -0.3061 0.6000
vn -0.7128 -0.3630 0.6001
vn -0.8487 -0.4326 0.3042
vn -0.8804 -0.3646 0.3033
vn -0.8484 -0.4318 0.3063
vn -0.8796 -0.3648 0.3054
vn -0.8127 -0.4984 0.3020
vn -0.8122 -0.4972 0.3053
vn -0.7707 -0.5601 0.3038
vn -0.7703 -0.5601 0.3047
vn -0.7237 -0.6184 0.3063
vn -0.7246 -0.6189 0.3032
vn -0.6088 -0.5201 0.5990
vn -0.6475 -0.4707 0.5993
vn -0.6823 -0.4181 0.5997
vn -0.5586 -0.3424 0.7554
vn -0.4963 -0.3668 0.7869
vn -0.3246 -0.1939 0.9257
vn -0.2702 -0.2570 0.9279
vn -0.4841 -0.4067 0.7748
vn -0.4541 -0.4618 0.7619
vn -0.4005 -0.4702 0.7864
vn -0.2141 -0.3186 0.9234
vn -0.3861 -0.5192 0.7625
vn -0.3317 -0.5549 0.7630
vn -0.2991 -0.5707 0.7647
vn -0.1581 -0.3522 0.9225
vn -0.2480 -0.6077 0.7545
vn -0.1947 -0.5957 0.7792
vn -0.2473 -0.7601 0.6009
vn -0.3060 -0.7389 0.6003
vn -0.2946 -0.9061 0.3037
vn -0.3644 -0.8800 0.3046
vn -0.3640 -0.8796 0.3064
vn -0.2940 -0.9057 0.3054
vn -0.2457 -0.7571 0.6054
vn -0.3043 -0.7355 0.6053
vn -0.1609 -0.3914 0.9060
vn -0.1282 -0.3949 0.9097
vn 0.0067 0.0165 0.9998
vn 0.0046 0.0101 0.9999
vn -0.1941 -0.3794 0.9046
vn 0.0098 0.0135 0.9999
vn -0.2168 -0.3535 0.9100
vn -0.2483 -0.3431 0.9059
vn 0.0070 0.0094 0.9999
vn -0.2815 -0.3244 0.9031
vn -0.2990 -0.3042 0.9045
vn 0.0080 0.0068 0.9999
vn -0.3239 -0.2757 0.9050
vn 0.0150 0.0093 0.9998
vn -0.3362 -0.2442 0.9096
vn -0.3597 -0.2215 0.9064
vn 0.0095 0.0054 0.9999
vn -0.3788 -0.1922 0.9053
vn 0.0151 0.0048 0.9999
vn -0.3832 -0.1586 0.9099
vn -0.4026 -0.1316 0.9059
vn 0.0110 0.0033 0.9999
vn -0.4182 -0.0970 0.9032
vn -0.4205 -0.0701 0.9046
vn 0.0111 0.0009 0.9999
vn -0.4240 -0.0327 0.9051
vn 0.0162 -0.0011 0.9999
vn -0.4154 -0.0000 0.9097
vn -0.4208 0.0321 0.9066
vn 0.0114 -0.0013 0.9999
vn -0.4194 0.0672 0.9053
vn 0.0149 -0.0049 0.9999
vn -0.4029 0.0969 0.9101
vn -0.4032 0.1300 0.9058
vn 0.0103 -0.0035 0.9999
vn -0.3956 0.1676 0.9030
vn -0.3813 0.1903 0.9047
vn 0.0095 -0.0059 0.9999
vn -0.3618 0.2225 0.9053
vn 0.0134 -0.0112 0.9998
vn -0.3361 0.2443 0.9096
vn -0.3214 0.2731 0.9067
vn 0.0084 -0.0076 0.9999
vn -0.3005 0.3013 0.9050
vn 0.0103 -0.0143 0.9998
vn -0.6047 0.5162 0.6065
vn -0.5623 0.5626 0.6060
vn -0.7238 0.6184 0.3061
vn -0.6732 0.6733 0.3059
vn -0.7244 0.6186 0.3042
vn -0.6736 0.6741 0.3031
vn -0.5665 0.5668 0.5982
vn -0.6084 0.5194 0.6001
vn -0.4984 0.4257 0.7552
vn -0.6475 0.4707 0.5994
vn -0.5088 0.3683 0.7781
vn -0.5565 0.3450 0.7558
vn -0.6823 0.4181 0.5998
vn -0.5770 0.2856 0.7652
vn -0.7128 0.3630 0.6001
vn -0.5943 0.2539 0.7631
vn -0.7392 0.3059 0.6000
vn -0.6174 0.1931 0.7625
vn -0.7604 0.2474 0.6005
vn -0.7786 0.1869 0.5990
vn -0.6444 0.1585 0.7481
vn -0.3599 0.1337 0.9234
vn -0.6454 0.1040 0.7568
vn -0.7908 0.1251 0.5991
vn -0.3806 0.0955 0.9198
vn -0.3846 0.0398 0.9222
vn -0.6546 0.0479 0.7544
vn -0.6271 0.0010 0.7789
vn -0.6542 -0.0513 0.7546
vn -0.7997 -0.0000 0.6004
vn -0.7970 -0.0624 0.6008
vn -0.7908 -0.1250 0.5991
vn -0.9496 -0.0742 0.3045
vn -0.9415 -0.1491 0.3022
vn -0.7787 -0.1874 0.5988
vn -0.9270 -0.2226 0.3019
vn -0.7607 -0.2467 0.6004
vn -0.9059 -0.2939 0.3048
vn -0.9057 -0.2947 0.3046
vn -0.9267 -0.2217 0.3035
vn -0.7573 -0.2461 0.6049
vn -0.7741 -0.1856 0.6052
vn -0.7344 -0.3044 0.6067
vn -0.7081 -0.3606 0.6071
vn -0.9400 -0.1490 0.3069
vn -0.7843 -0.1245 0.6077
vn -0.9492 -0.0754 0.3056
vn -0.7933 -0.0625 0.6057
vn -0.9525 -0.0000 0.3045
vn -0.7965 -0.0000 0.6046
vn -0.9492 0.0754 0.3056
vn -0.7933 0.0625 0.6057
vn -0.9400 0.1490 0.3069
vn -0.7843 0.1245 0.6077
vn -0.9267 0.2218 0.3034
vn -0.7740 0.1857 0.6053
vn -0.9058 0.2946 0.3045
vn -0.7573 0.2461 0.6049
vn -0.8796 0.3647 0.3054
vn -0.7343 0.3041 0.6069
vn -0.8484 0.4320 0.3060
vn -0.7082 0.3607 0.6070
vn -0.8122 0.4972 0.3053
vn -0.6783 0.4155 0.6060
vn -0.7704 0.5601 0.3046
vn -0.6442 0.4683 0.6048
vn -0.7708 0.5599 0.3040
vn -0.8126 0.4983 0.3022
vn -0.8487 0.4326 0.3042
vn -0.8804 0.3645 0.3033
vn -0.9060 0.2944 0.3042
vn -0.9272 0.2223 0.3016
vn -0.9415 0.1491 0.3022
vn -0.9496 0.0743 0.3044
vn -0.7970 0.0625 0.6008
vn -0.9529 -0.0000 0.3034
vn -0.3348 0.1919 0.9226
vn -0.5197 0.6088 0.5993
vn -0.4703 0.6472 0.6000
vn -0.6789 -0.4159 0.6051
vn -0.6443 -0.4683 0.6047
vn -0.6045 -0.5163 0.6066
vn -0.6736 -0.6735 0.3045
vn -0.5625 -0.5629 0.6056
vn -0.5178 -0.6059 0.6039
vn -0.6191 -0.7245 0.3030
vn -0.4675 -0.6439 0.6057
vn -0.5590 -0.7706 0.3061
vn -0.4977 -0.8118 0.3055
vn -0.4160 -0.6780 0.6061
vn -0.4979 -0.8123 0.3038
vn -0.5600 -0.7706 0.3041
vn -0.6190 -0.7244 0.3036
vn -0.4703 -0.6471 0.6000
vn -0.5197 -0.6086 0.5996
vn -0.6738 -0.6739 0.3030
vn -0.5661 -0.5663 0.5990
vn -0.4180 -0.6819 0.6003
vn -0.4325 -0.8489 0.3038
vn -0.3634 -0.7130 0.5996
vn -0.4323 -0.8479 0.3070
vn -0.3614 -0.7085 0.6061
vn -0.0998 -0.4127 0.9054
vn 0.0023 0.0100 0.9999
vn -0.0632 -0.4215 0.9046
vn -0.1859 -0.7738 0.6056
vn -0.1249 -0.7865 0.6049
vn -0.1492 -0.9410 0.3038
vn -0.2226 -0.9262 0.3043
vn -0.1486 -0.9407 0.3051
vn -0.2227 -0.9266 0.3029
vn -0.1246 -0.7894 0.6011
vn -0.1865 -0.7787 0.5990
vn -0.1013 -0.6380 0.7634
vn -0.1528 -0.6373 0.7553
vn -0.0844 -0.3673 0.9263
vn -0.0376 -0.4295 0.9023
vn 0.0001 0.0111 0.9999
vn 0.0011 -0.4221 0.9066
vn 0.0065 -0.0089 0.9999
vn 0.0042 -0.0097 0.9999
vn 0.0040 -0.0161 0.9999
vn -0.0043 0.0100 0.9999
vn -0.0063 0.0088 0.9999
vn -0.0104 0.0144 0.9998
vn -0.0081 0.0079 0.9999
vn 0.3005 -0.3016 0.9048
vn 0.3242 -0.2733 0.9056
vn 0.5627 -0.5630 0.6052
vn 0.6041 -0.5164 0.6070
vn 0.7233 -0.6185 0.3071
vn 0.6737 -0.6734 0.3045
vn 0.7704 -0.5598 0.3050
vn 0.7709 -0.5600 0.3036
vn 0.8120 -0.4971 0.3060
vn 0.8115 -0.4981 0.3055
vn 0.6820 -0.4181 0.6001
vn 0.5582 -0.3460 0.7541
vn 0.7125 -0.3633 0.6003
vn 0.8487 -0.4327 0.3042
vn 0.8801 -0.3646 0.3041
vn 0.7390 -0.3061 0.6001
vn 0.8484 -0.4322 0.3056
vn 0.8797 -0.3645 0.3054
vn 0.7087 -0.3611 0.6061
vn 0.7348 -0.3045 0.6061
vn 0.7569 -0.2458 0.6056
vn 0.7744 -0.1858 0.6048
vn 0.4107 -0.1372 0.9014
vn 0.4153 -0.0966 0.9046
vn -0.0111 0.0032 0.9999
vn 0.3990 -0.1612 0.9027
vn -0.0097 0.0046 0.9999
vn 0.3822 -0.1986 0.9025
vn 0.3663 -0.2202 0.9041
vn -0.0094 0.0066 0.9999
vn 0.3474 -0.2555 0.9022
vn 0.6785 -0.4156 0.6057
vn 0.6445 -0.4681 0.6045
vn 0.4263 -0.0706 0.9018
vn -0.0108 0.0011 0.9999
vn 0.4204 -0.0320 0.9068
vn 0.7848 -0.1246 0.6072
vn 0.7934 -0.0622 0.6056
vn 0.4149 -0.0000 0.9099
vn 0.7961 -0.0000 0.6052
vn 0.7934 0.0623 0.6055
vn 0.4237 0.0326 0.9052
vn 0.7847 0.1246 0.6072
vn 0.4212 0.0703 0.9042
vn 0.7746 0.1856 0.6047
vn 0.4187 0.0970 0.9029
vn 0.7569 0.2461 0.6054
vn 0.4025 0.1316 0.9059
vn 0.3829 0.1586 0.9101
vn 0.7346 0.3043 0.6064
vn 0.9055 0.2947 0.3053
vn 0.7089 0.3611 0.6059
vn 0.3796 0.1927 0.9049
vn 0.3599 0.2237 0.9058
vn 0.6780 0.4151 0.6066
vn 0.3503 0.2516 0.9022
vn 0.6443 0.4682 0.6047
vn 0.6043 0.5163 0.6069
vn 0.3225 0.2801 0.9042
vn 0.5625 0.5628 0.6057
vn 0.3075 0.3026 0.9021
vn 0.5172 0.6054 0.6049
vn 0.2759 0.3289 0.9031
vn 0.4669 0.6431 0.6070
vn 0.2571 0.3475 0.9018
vn 0.4154 0.6780 0.6064
vn 0.2198 0.3649 0.9047
vn 0.4975 0.8119 0.3054
vn 0.5592 0.7707 0.3055
vn 0.4974 0.8126 0.3040
vn 0.5597 0.7701 0.3062
vn 0.6191 0.7245 0.3029
vn 0.6193 0.7240 0.3038
vn 0.6733 0.6731 0.3059
vn 0.6737 0.6740 0.3031
vn 0.5663 0.5665 0.5986
vn 0.5198 0.6085 0.5996
vn 0.4695 0.6462 0.6017
vn 0.4176 0.6817 0.6007
vn 0.4321 0.8490 0.3040
vn 0.3633 0.7130 0.5997
vn 0.4327 0.8482 0.3054
vn 0.3615 0.7089 0.6056
vn 0.3049 0.7355 0.6051
vn 0.2459 0.7570 0.6053
vn 0.1857 0.7736 0.6059
vn 0.1988 0.3834 0.9019
vn -0.0064 -0.0091 0.9999
vn -0.0071 -0.0077 0.9999
vn -0.0085 -0.0064 0.9999
vn -0.0102 -0.0054 0.9999
vn -0.0162 -0.0053 0.9999
vn -0.0112 -0.0034 0.9999
vn 0.9267 0.2218 0.3035
vn 0.9258 0.2225 0.3057
vn 0.9060 0.2941 0.3045
vn 0.7775 0.1872 0.6004
vn 0.7610 0.2470 0.5999
vn 0.9413 0.1487 0.3031
vn 0.7900 0.1249 0.6002
vn 0.9400 0.1491 0.3068
vn -0.0107 -0.0009 0.9999
vn -0.0160 0.0011 0.9999
vn -0.1207 -0.4993 0.8580
vn -0.2213 -0.9226 0.3159
vn 0.1531 0.6375 0.7551
vn 0.6377 -0.1001 0.7638
vn 0.7900 -0.1249 0.6002
vn 0.3808 -0.0949 0.9198
vn -0.0001 -0.0000 1.0000
vn -0.0002 -0.0000 1.0000
vn 0.0002 -0.0000 1.0000
vn 0.0001 -0.0000 1.0000
vn 0.4692 0.5877 -0.6592
vn 0.6156 0.7717 -0.1600
vn 0.3259 0.6776 -0.6593
vn 0.4277 0.8893 -0.1620
vn 0.3030 0.3803 -0.8738
vn 0.2122 0.4400 -0.8726
vn 0.5523 0.6933 -0.4629
vn 0.3852 0.7995 -0.4610
vn 0.6200 0.7785 -0.0976
vn 0.4319 0.8966 -0.0981
vn 0.4325 0.8978 0.0829
vn 0.6208 0.7796 0.0824
vn 0.7790 0.6215 0.0833
vn 0.7780 0.6206 -0.0983
vn 0.8977 0.4326 0.0837
vn 0.8964 0.4322 -0.0980
vn 0.9715 0.2217 0.0837
vn 0.9704 0.2213 -0.0971
vn 0.9964 -0.0001 0.0847
vn 0.9951 -0.0001 -0.0984
vn 0.9715 -0.2219 0.0837
vn 0.9703 -0.2214 -0.0970
vn 0.8869 0.0003 -0.4619
vn 0.8640 -0.1974 -0.4632
vn 0.4878 0.0004 -0.8730
vn 0.4722 -0.1083 -0.8748
vn 0.7331 -0.1677 -0.6592
vn 0.7520 -0.0001 -0.6592
vn 0.9870 -0.0002 -0.1605
vn 0.9625 -0.2198 -0.1590
vn 0.7195 -0.0001 -0.6945
vn 0.7023 -0.1609 -0.6934
vn 0.3039 -0.0693 -0.9502
vn 0.3122 -0.0001 -0.9500
vn 0.6487 -0.3131 -0.6936
vn 0.2799 -0.1352 -0.9505
vn 0.5638 -0.4490 -0.6932
vn 0.2487 -0.1971 -0.9483
vn 0.4486 -0.5629 -0.6942
vn 0.1934 -0.2438 -0.9503
vn 0.3118 -0.6485 -0.6944
vn 0.1370 -0.2846 -0.9488
vn 0.1599 -0.6999 -0.6962
vn 0.0699 -0.3058 -0.9495
vn 0.0001 -0.7170 -0.6970
vn -0.0000 -0.3130 -0.9498
vn -0.1598 -0.6995 -0.6966
vn -0.0699 -0.3058 -0.9495
vn -0.3111 -0.6481 -0.6951
vn -0.1375 -0.2851 -0.9486
vn -0.1931 -0.2431 -0.9506
vn -0.4494 -0.5629 -0.6937
vn -0.2456 -0.1955 -0.9494
vn -0.5628 -0.4484 -0.6944
vn -0.2798 -0.1351 -0.9505
vn -0.6489 -0.3131 -0.6935
vn -0.7011 -0.1610 -0.6947
vn -0.3052 -0.0697 -0.9497
vn -0.7210 -0.0001 -0.6930
vn -0.3122 -0.0001 -0.9500
vn -0.3052 0.0696 -0.9498
vn -0.7011 0.1609 -0.6947
vn -0.6490 0.3133 -0.6933
vn -0.2798 0.1351 -0.9505
vn -0.2456 0.1955 -0.9494
vn -0.5629 0.4486 -0.6942
vn -0.1932 0.2433 -0.9505
vn -0.4492 0.5634 -0.6934
vn -0.1374 0.2850 -0.9486
vn -0.3114 0.6478 -0.6952
vn -0.1596 0.7004 -0.6957
vn -0.0698 0.3052 -0.9497
vn -0.0000 0.7210 -0.6930
vn -0.0000 0.3126 -0.9499
vn 0.1598 0.7007 -0.6954
vn 0.0698 0.3052 -0.9497
vn 0.1370 0.2845 -0.9488
vn 0.3114 0.6483 -0.6948
vn 0.4488 0.5627 -0.6942
vn 0.1935 0.2440 -0.9503
vn 0.5640 0.4492 -0.6929
vn 0.2486 0.1971 -0.9483
vn 0.6488 0.3133 -0.6935
vn 0.2799 0.1352 -0.9505
vn 0.3039 0.0691 -0.9502
vn 0.7024 0.1608 -0.6934
vn 0.8894 0.4289 -0.1582
vn 0.9625 0.2197 -0.1590
vn 0.6769 0.3266 -0.6596
vn 0.7331 0.1674 -0.6592
vn 0.4729 0.1078 -0.8745
vn 0.4401 0.2114 -0.8727
vn 0.8640 0.1969 -0.4635
vn 0.7995 0.3849 -0.4611
vn 0.6932 0.5529 -0.4623
vn 0.3803 0.3037 -0.8736
vn 0.5881 0.4686 -0.6592
vn 0.7721 0.6150 -0.1602
vn 0.2194 0.9621 -0.1621
vn 0.1671 0.7328 -0.6596
vn 0.0001 0.7520 -0.6592
vn 0.0001 0.9873 -0.1592
vn -0.1672 0.7328 -0.6596
vn -0.2196 0.9619 -0.1626
vn -0.1083 0.4760 -0.8728
vn -0.0000 0.4858 -0.8741
vn -0.0001 0.8859 -0.4639
vn -0.1977 0.8650 -0.4611
vn -0.0001 0.9951 -0.0987
vn -0.2222 0.9701 -0.0979
vn -0.0000 0.9964 0.0847
vn -0.2223 0.9714 0.0831
vn -0.0000 0.9324 0.3614
vn -0.2080 0.9096 0.3598
vn -0.0000 0.7118 0.7023
vn -0.1577 0.6943 0.7022
vn -0.0000 0.4776 0.8786
vn -0.1063 0.4655 0.8787
vn 0.0020 0.3516 0.9362
vn -0.0789 0.3452 0.9352
vn 0.0762 0.3433 0.9361
vn 0.1063 0.4654 0.8787
vn 0.2071 0.4298 0.8789
vn 0.1544 0.3157 0.9362
vn 0.3095 0.6422 0.7013
vn 0.1581 0.6943 0.7021
vn 0.4053 0.8410 0.3585
vn 0.2081 0.9096 0.3596
vn 0.2223 0.9714 0.0831
vn 0.5814 0.7298 0.3597
vn 0.4438 0.5565 0.7024
vn 0.7296 0.5810 0.3608
vn 0.5569 0.4437 0.7021
vn 0.8404 0.4044 0.3609
vn 0.6422 0.3088 0.7016
vn 0.6936 0.1587 0.7027
vn 0.9086 0.2071 0.3627
vn 0.7132 -0.0001 0.7010
vn 0.9324 -0.0001 0.3614
vn 0.6936 -0.1587 0.7026
vn 0.9086 -0.2072 0.3626
vn 0.6427 -0.3089 0.7011
vn 0.8405 -0.4044 0.3607
vn 0.8977 -0.4326 0.0836
vn 0.7296 -0.5811 0.3606
vn 0.7790 -0.6214 0.0832
vn 0.8965 -0.4322 -0.0979
vn 0.7780 -0.6205 -0.0984
vn 0.8001 -0.3850 -0.4600
vn 0.6933 -0.5531 -0.4620
vn 0.4409 -0.2119 -0.8722
vn 0.3804 -0.3040 -0.8735
vn 0.5881 -0.4684 -0.6593
vn 0.6770 -0.3263 -0.6597
vn 0.8894 -0.4288 -0.1584
vn 0.7720 -0.6150 -0.1606
vn 0.4687 -0.5876 -0.6596
vn 0.6154 -0.7718 -0.1601
vn 0.3261 -0.6776 -0.6593
vn 0.4279 -0.8892 -0.1616
vn 0.1679 -0.7329 -0.6593
vn 0.2202 -0.9617 -0.1632
vn 0.0002 -0.7520 -0.6591
vn 0.0002 -0.9864 -0.1643
vn -0.1681 -0.7328 -0.6594
vn -0.2205 -0.9616 -0.1636
vn -0.3263 -0.6775 -0.6592
vn -0.4280 -0.8891 -0.1624
vn -0.4688 -0.5875 -0.6596
vn -0.6158 -0.7718 -0.1586
vn -0.7719 -0.6152 -0.1605
vn -0.5880 -0.4685 -0.6594
vn -0.8893 -0.4290 -0.1585
vn -0.6772 -0.3269 -0.6592
vn -0.9622 -0.2196 -0.1609
vn -0.7331 -0.1674 -0.6592
vn -0.9874 -0.0002 -0.1582
vn -0.7520 -0.0001 -0.6592
vn -0.7330 0.1673 -0.6593
vn -0.9623 0.2195 -0.1609
vn -0.6773 0.3271 -0.6589
vn -0.8893 0.4291 -0.1583
vn -0.5880 0.4687 -0.6592
vn -0.7719 0.6152 -0.1601
vn -0.4692 0.5878 -0.6591
vn -0.6155 0.7720 -0.1589
vn -0.3264 0.6775 -0.6592
vn -0.4283 0.8888 -0.1631
vn -0.3023 0.3799 -0.8743
vn -0.2121 0.4396 -0.8728
vn -0.3853 0.7992 -0.4613
vn -0.5523 0.6935 -0.4627
vn -0.4321 0.8965 -0.0981
vn -0.6199 0.7787 -0.0969
vn -0.4326 0.8978 0.0829
vn -0.6209 0.7796 0.0823
vn -0.4054 0.8411 0.3581
vn -0.5815 0.7296 0.3599
vn -0.3099 0.6421 0.7011
vn -0.4441 0.5567 0.7020
vn -0.2071 0.4295 0.8790
vn -0.2980 0.3736 0.8784
vn -0.2173 0.2763 0.9362
vn -0.1550 0.3180 0.9353
vn -0.1788 0.1769 0.9679
vn -0.1137 0.2276 0.9671
vn -0.0216 0.2522 0.9674
vn -0.0538 0.1452 0.9879
vn 0.0174 0.1573 0.9874
vn 0.0806 0.2399 0.9675
vn 0.0820 0.1350 0.9874
vn 0.1761 0.1813 0.9675
vn 0.2174 0.2765 0.9361
vn 0.2760 0.2175 0.9362
vn 0.3737 0.2981 0.8783
vn 0.2974 0.3732 0.8788
vn 0.3159 0.1539 0.9362
vn 0.4307 0.2070 0.8784
vn 0.3450 0.0786 0.9353
vn 0.4666 0.1065 0.8780
vn 0.4784 -0.0001 0.8781
vn 0.3553 -0.0000 0.9348
vn 0.4668 -0.1063 0.8780
vn 0.3450 -0.0787 0.9353
vn 0.4309 -0.2074 0.8782
vn 0.3155 -0.1539 0.9364
vn 0.2759 -0.2174 0.9363
vn 0.3736 -0.2982 0.8783
vn 0.2978 -0.3738 0.8784
vn 0.2170 -0.2762 0.9363
vn 0.2069 -0.4295 0.8791
vn 0.1553 -0.3184 0.9351
vn 0.0789 -0.3451 0.9352
vn 0.1061 -0.4663 0.8782
vn -0.0000 -0.4774 0.8787
vn -0.0021 -0.3519 0.9360
vn -0.0762 -0.3429 0.9363
vn -0.1061 -0.4664 0.8782
vn -0.1577 -0.6952 0.7013
vn -0.0000 -0.7118 0.7024
vn -0.2075 -0.9095 0.3603
vn -0.0000 -0.9324 0.3615
vn -0.2214 -0.9716 0.0831
vn -0.0000 -0.9964 0.0847
vn -0.2214 -0.9703 -0.0978
vn 0.0002 -0.9951 -0.0987
vn 0.2214 -0.9716 0.0831
vn 0.2213 -0.9703 -0.0979
vn 0.4326 -0.8975 0.0854
vn 0.4318 -0.8966 -0.0978
vn 0.2076 -0.9095 0.3601
vn 0.4052 -0.8399 0.3611
vn 0.1581 -0.6952 0.7012
vn 0.3094 -0.6422 0.7013
vn 0.4445 -0.5570 0.7016
vn 0.5814 -0.7297 0.3597
vn 0.5568 -0.4439 0.7020
vn 0.6213 -0.7792 0.0827
vn 0.6207 -0.7779 -0.0979
vn 0.3845 -0.7989 -0.4625
vn 0.5539 -0.6933 -0.4610
vn 0.3044 -0.3816 -0.8728
vn 0.2107 -0.4375 -0.8742
vn 0.1968 -0.8653 -0.4610
vn 0.1080 -0.4760 -0.8728
vn 0.0002 -0.8857 -0.4643
vn 0.0001 -0.4858 -0.8740
vn -0.1971 -0.8650 -0.4615
vn -0.1083 -0.4761 -0.8727
vn -0.2103 -0.4376 -0.8743
vn -0.3842 -0.7987 -0.4631
vn -0.3038 -0.3812 -0.8731
vn -0.5539 -0.6934 -0.4609
vn -0.3808 -0.3034 -0.8734
vn -0.6934 -0.5527 -0.4623
vn -0.4375 -0.2113 -0.8741
vn -0.7986 -0.3843 -0.4631
vn -0.4736 -0.1080 -0.8741
vn -0.8645 -0.1968 -0.4625
vn -0.4890 -0.0001 -0.8723
vn -0.8867 -0.0005 -0.4624
vn -0.8643 0.1970 -0.4628
vn -0.4737 0.1080 -0.8740
vn -0.4366 0.2107 -0.8746
vn -0.7980 0.3843 -0.4642
vn -0.3808 0.3032 -0.8735
vn -0.6934 0.5525 -0.4626
vn -0.7779 0.6207 -0.0982
vn -0.8966 0.4319 -0.0980
vn -0.7788 0.6217 0.0833
vn -0.8978 0.4323 0.0837
vn -0.7292 0.5810 0.3615
vn -0.8403 0.4039 0.3616
vn -0.6417 0.3089 0.7020
vn -0.5565 0.4438 0.7024
vn -0.3741 0.2981 0.8782
vn -0.4310 0.2074 0.8782
vn -0.3158 0.1544 0.9362
vn -0.2760 0.2173 0.9363
vn -0.2324 0.0917 0.9683
vn -0.1232 0.0958 0.9877
vn -0.1544 0.0026 0.9880
vn -0.2515 -0.0004 0.9679
vn -0.2317 -0.0911 0.9685
vn -0.1239 -0.0977 0.9875
vn -0.0564 -0.0288 0.9980
vn -0.0096 -0.0604 0.9981
vn -0.0579 -0.1513 0.9868
vn 0.1388 -0.0718 0.9877
vn 0.0577 0.0205 0.9981
vn 0.0488 -0.0378 0.9981
vn 0.1550 0.0109 0.9879
vn 0.1321 0.0871 0.9874
vn 0.0078 0.0593 0.9982
vn -0.0524 0.0323 0.9981
vn 0.2352 0.0930 0.9675
vn 0.2519 -0.0015 0.9677
vn 0.2328 -0.0909 0.9683
vn 0.1810 -0.1768 0.9674
vn 0.0813 -0.1326 0.9878
vn 0.1117 -0.2294 0.9669
vn 0.0217 -0.2503 0.9679
vn 0.0186 -0.1580 0.9873
vn -0.0809 -0.2363 0.9683
vn -0.1719 -0.1797 0.9686
vn -0.1543 -0.3159 0.9362
vn -0.2169 -0.2760 0.9364
vn -0.2067 -0.4292 0.8793
vn -0.2982 -0.3740 0.8782
vn -0.3094 -0.6424 0.7011
vn -0.4451 -0.5571 0.7011
vn -0.5817 -0.7296 0.3596
vn -0.4052 -0.8401 0.3605
vn -0.6212 -0.7792 0.0827
vn -0.4328 -0.8975 0.0854
vn -0.6206 -0.7781 -0.0971
vn -0.4320 -0.8965 -0.0978
vn -0.7789 -0.6217 0.0832
vn -0.7779 -0.6207 -0.0983
vn -0.8966 -0.4319 -0.0979
vn -0.8979 -0.4323 0.0836
vn -0.9704 -0.2213 -0.0972
vn -0.9713 -0.2213 0.0869
vn -0.9950 -0.0005 -0.0995
vn -0.9963 -0.0001 0.0855
vn -0.9713 0.2212 0.0870
vn -0.9703 0.2215 -0.0970
vn -0.9090 0.2062 0.3623
vn -0.9321 -0.0001 0.3623
vn -0.7133 -0.0001 0.7009
vn -0.6963 0.1583 0.7000
vn -0.4667 0.1063 0.8780
vn -0.4792 -0.0002 0.8777
vn -0.3554 -0.0002 0.9347
vn -0.3453 0.0787 0.9352
vn -0.3456 -0.0790 0.9350
vn -0.4665 -0.1062 0.8781
vn -0.3156 -0.1540 0.9363
vn -0.4313 -0.2075 0.8780
vn -0.2758 -0.2172 0.9364
vn -0.3740 -0.2981 0.8782
vn -0.5567 -0.4439 0.7022
vn -0.6426 -0.3087 0.7013
vn -0.8404 -0.4036 0.3617
vn -0.7292 -0.5811 0.3614
vn -0.6965 -0.1588 0.6998
vn -0.9088 -0.2067 0.3625
vn 0.2224 0.9700 -0.0979
vn 0.1978 0.8651 -0.4610
vn 0.1085 0.4761 -0.8727
vn 0.2970 -0.9134 0.2785
vn 0.3017 -0.9290 0.2144
vn 0.1994 -0.9393 0.2791
vn 0.2030 -0.9554 0.2143
vn 0.2691 -0.8276 0.4926
vn 0.1810 -0.8512 0.4927
vn 0.1996 -0.6142 0.7635
vn 0.1342 -0.6319 0.7634
vn 0.0724 -0.3359 0.9391
vn 0.1055 -0.3302 0.9380
vn 0.0425 -0.1160 0.9923
vn 0.0267 -0.1186 0.9926
vn -0.0131 0.0404 0.9991
vn -0.0175 0.0393 0.9991
vn 0.0601 -0.1064 0.9925
vn -0.0213 0.0369 0.9991
vn 0.0719 -0.0989 0.9925
vn -0.0250 0.0344 0.9991
vn 0.0818 -0.0908 0.9925
vn -0.0283 0.0315 0.9991
vn 0.0908 -0.0818 0.9925
vn -0.0316 0.0285 0.9991
vn 0.0989 -0.0719 0.9925
vn -0.0346 0.0251 0.9991
vn 0.1058 -0.0611 0.9925
vn -0.0368 0.0213 0.9991
vn 0.1117 -0.0497 0.9925
vn -0.0388 0.0173 0.9991
vn 0.1162 -0.0377 0.9925
vn -0.0406 0.0132 0.9991
vn 0.1194 -0.0239 0.9926
vn -0.0419 0.0090 0.9991
vn 0.1232 -0.0088 0.9923
vn -0.0424 0.0043 0.9991
vn -0.0428 -0.0000 0.9991
vn -0.4378 0.0461 0.8979
vn -0.4397 -0.0000 0.8981
vn -0.8718 0.0918 0.4811
vn -0.8770 -0.0001 0.4805
vn -0.9897 0.1041 0.0988
vn -0.9952 -0.0001 0.0974
vn -0.8718 -0.0917 0.4811
vn -0.9897 -0.1040 0.0989
vn -0.8566 -0.1820 0.4828
vn -0.9733 -0.2068 0.1000
vn -0.4302 -0.0914 0.8981
vn -0.4378 -0.0461 0.8979
vn -0.0418 -0.0089 0.9991
vn -0.0421 -0.0045 0.9991
vn 0.1196 0.0254 0.9925
vn 0.1216 0.0116 0.9925
vn 0.3411 0.0358 0.9394
vn 0.3357 0.0715 0.9392
vn 0.6423 0.0674 0.7635
vn 0.6318 0.1345 0.7633
vn 0.8652 0.0909 0.4930
vn 0.8511 0.1808 0.4929
vn 0.9551 0.1006 0.2788
vn 0.9394 0.1994 0.2789
vn 0.9714 0.1028 0.2140
vn 0.9554 0.2030 0.2145
vn 0.9290 0.3016 0.2144
vn 0.9134 0.2967 0.2789
vn 0.8924 0.3970 0.2144
vn 0.8773 0.3907 0.2788
vn 0.8459 0.4884 0.2141
vn 0.8316 0.4801 0.2790
vn 0.7904 0.5740 0.2141
vn 0.7771 0.5643 0.2788
vn 0.7256 0.6540 0.2142
vn 0.7135 0.6430 0.2785
vn 0.6534 0.7260 0.2144
vn 0.6426 0.7137 0.2788
vn 0.5647 0.7768 0.2788
vn 0.5744 0.7900 0.2144
vn 0.4801 0.8318 0.2788
vn 0.4883 0.8459 0.2143
vn 0.3906 0.8773 0.2790
vn 0.3971 0.8924 0.2143
vn 0.2971 0.9132 0.2790
vn 0.3019 0.9289 0.2145
vn 0.1995 0.9394 0.2789
vn 0.2030 0.9554 0.2146
vn 0.1000 0.9551 0.2790
vn 0.1020 0.9714 0.2145
vn -0.0000 0.9603 0.2791
vn -0.0000 0.9768 0.2143
vn -0.1000 0.9550 0.2791
vn -0.1020 0.9714 0.2143
vn -0.1995 0.9394 0.2788
vn -0.2030 0.9554 0.2145
vn -0.2971 0.9132 0.2788
vn -0.3019 0.9289 0.2146
vn -0.3907 0.8772 0.2789
vn -0.3972 0.8923 0.2143
vn -0.4800 0.8317 0.2789
vn -0.4883 0.8460 0.2142
vn -0.5647 0.7768 0.2787
vn -0.5744 0.7900 0.2143
vn -0.6423 0.7138 0.2792
vn -0.6534 0.7260 0.2143
vn -0.7136 0.6428 0.2786
vn -0.7257 0.6538 0.2142
vn -0.7770 0.5645 0.2786
vn -0.7902 0.5741 0.2144
vn -0.8318 0.4799 0.2790
vn -0.8461 0.4881 0.2142
vn -0.8773 0.3906 0.2790
vn -0.8924 0.3972 0.2143
vn -0.9133 0.2968 0.2790
vn -0.9289 0.3021 0.2143
vn -0.9395 0.1997 0.2784
vn -0.9554 0.2035 0.2141
vn -0.9551 0.1006 0.2787
vn -0.9715 0.1018 0.2139
vn -0.9768 0.0002 0.2142
vn -0.9551 -0.1006 0.2785
vn -0.9715 -0.1021 0.2140
vn -0.9395 -0.1998 0.2783
vn -0.9554 -0.2035 0.2140
vn -0.9134 -0.2966 0.2789
vn -0.9289 -0.3021 0.2142
vn -0.8773 -0.3906 0.2790
vn -0.8924 -0.3971 0.2143
vn -0.8318 -0.4799 0.2790
vn -0.8460 -0.4884 0.2141
vn -0.7771 -0.5645 0.2784
vn -0.7903 -0.5740 0.2143
vn -0.7135 -0.6430 0.2783
vn -0.7256 -0.6539 0.2143
vn -0.6426 -0.7135 0.2792
vn -0.6535 -0.7260 0.2143
vn -0.5645 -0.7769 0.2788
vn -0.5741 -0.7902 0.2144
vn -0.4801 -0.8317 0.2789
vn -0.4884 -0.8459 0.2145
vn -0.3908 -0.8772 0.2790
vn -0.3975 -0.8922 0.2144
vn -0.2967 -0.9135 0.2784
vn -0.3021 -0.9289 0.2144
vn -0.1996 -0.9394 0.2789
vn -0.2028 -0.9555 0.2142
vn -0.1003 -0.9551 0.2789
vn -0.1021 -0.9714 0.2143
vn -0.0000 -0.9604 0.2786
vn -0.0000 -0.9768 0.2143
vn 0.1004 -0.9551 0.2789
vn 0.1021 -0.9714 0.2144
vn 0.0909 -0.8654 0.4927
vn -0.0002 -0.8700 0.4930
vn 0.0677 -0.6426 0.7632
vn -0.0001 -0.6457 0.7636
vn -0.0000 -0.3430 0.9393
vn 0.0358 -0.3410 0.9394
vn -0.0000 -0.1223 0.9925
vn 0.0128 -0.1216 0.9925
vn -0.0000 0.0426 0.9991
vn -0.0044 0.0423 0.9991
vn -0.0089 0.0417 0.9991
vn -0.0460 0.4379 0.8978
vn -0.0915 0.4304 0.8980
vn -0.0916 0.8711 0.4825
vn -0.1819 0.8568 0.4826
vn -0.1038 0.9895 0.1002
vn -0.2070 0.9732 0.1000
vn 0.0001 0.4396 0.8982
vn 0.0001 0.8759 0.4825
vn -0.0000 0.9950 0.0994
vn 0.0459 0.4379 0.8978
vn 0.0916 0.8711 0.4825
vn 0.1038 0.9895 0.1003
vn 0.0915 0.4303 0.8980
vn 0.1821 0.8568 0.4825
vn 0.2071 0.9732 0.0999
vn 0.1361 0.4189 0.8978
vn 0.2708 0.8342 0.4804
vn 0.3075 0.9465 0.0982
vn 0.1790 0.4015 0.8982
vn 0.3564 0.8000 0.4827
vn 0.4047 0.9090 0.0996
vn 0.2199 0.3809 0.8981
vn 0.4381 0.7585 0.4824
vn 0.4977 0.8616 0.0996
vn 0.2589 0.3565 0.8977
vn 0.5153 0.7093 0.4810
vn 0.5849 0.8050 0.0990
vn 0.2948 0.3274 0.8977
vn 0.5863 0.6513 0.4817
vn 0.6658 0.7394 0.0996
vn 0.3273 0.2947 0.8978
vn 0.6513 0.5866 0.4813
vn 0.7395 0.6659 0.0991
vn 0.3547 0.2576 0.8988
vn 0.7085 0.5147 0.4829
vn 0.8049 0.5851 0.0986
vn 0.3810 0.2201 0.8980
vn 0.7585 0.4379 0.4826
vn 0.8616 0.4976 0.0998
vn 0.8001 0.3561 0.4828
vn 0.4010 0.1786 0.8985
vn 0.9090 0.4047 0.0993
vn 0.8334 0.2706 0.4819
vn 0.4177 0.1357 0.8984
vn 0.9465 0.3074 0.0983
vn 0.4318 0.0919 0.8973
vn 0.8578 0.1825 0.4805
vn 0.9733 0.2068 0.0993
vn 0.4377 0.0459 0.8980
vn 0.8722 0.0918 0.4804
vn 0.9897 0.1043 0.0980
vn 0.8759 -0.0002 0.4825
vn 0.4397 -0.0000 0.8982
vn 0.9950 -0.0001 0.0997
vn 0.8722 -0.0917 0.4804
vn 0.4377 -0.0460 0.8979
vn 0.9897 -0.1042 0.0982
vn 0.8579 -0.1823 0.4804
vn 0.4318 -0.0917 0.8973
vn 0.9733 -0.2068 0.0993
vn 0.8334 -0.2708 0.4818
vn 0.4175 -0.1358 0.8984
vn 0.9465 -0.3074 0.0983
vn 0.8001 -0.3561 0.4827
vn 0.4010 -0.1786 0.8985
vn 0.9090 -0.4047 0.0992
vn 0.7590 -0.4379 0.4818
vn 0.3817 -0.2203 0.8976
vn 0.8617 -0.4975 0.0998
vn 0.7083 -0.5147 0.4831
vn 0.3552 -0.2583 0.8984
vn 0.8049 -0.5850 0.0997
vn 0.6513 -0.5866 0.4813
vn 0.3273 -0.2945 0.8979
vn 0.7394 -0.6660 0.0987
vn 0.2947 -0.3271 0.8979
vn 0.5862 -0.6511 0.4820
vn 0.6660 -0.7393 0.0996
vn 0.2590 -0.3563 0.8977
vn 0.5149 -0.7086 0.4824
vn 0.5847 -0.8050 0.1007
vn 0.4386 -0.7594 0.4804
vn 0.2198 -0.3808 0.8981
vn 0.4977 -0.8618 0.0977
vn 0.3565 -0.8009 0.4811
vn 0.1794 -0.4028 0.8975
vn 0.4048 -0.9090 0.0994
vn 0.2707 -0.8333 0.4820
vn 0.1361 -0.4190 0.8977
vn 0.3075 -0.9463 0.1002
vn 0.0916 -0.4306 0.8979
vn 0.1820 -0.8568 0.4824
vn 0.2069 -0.9732 0.1001
vn 0.0916 -0.8711 0.4825
vn 0.0460 -0.4379 0.8978
vn 0.1039 -0.9895 0.1003
vn -0.0000 -0.8759 0.4825
vn -0.0000 -0.4397 0.8981
vn -0.0000 -0.9950 0.0996
vn -0.0916 -0.8711 0.4825
vn -0.0460 -0.4379 0.8978
vn -0.1038 -0.9895 0.1003
vn -0.0916 -0.4307 0.8978
vn -0.1820 -0.8568 0.4825
vn -0.2069 -0.9732 0.1002
vn -0.1358 -0.4185 0.8980
vn -0.2706 -0.8329 0.4827
vn -0.3076 -0.9462 0.1005
vn -0.1794 -0.4028 0.8975
vn -0.3566 -0.8009 0.4810
vn -0.4048 -0.9090 0.0995
vn -0.2198 -0.3808 0.8982
vn -0.4383 -0.7596 0.4805
vn -0.4974 -0.8620 0.0976
vn -0.2588 -0.3561 0.8979
vn -0.5151 -0.7082 0.4829
vn -0.5850 -0.8048 0.1006
vn -0.2942 -0.3267 0.8982
vn -0.5864 -0.6514 0.4814
vn -0.6659 -0.7395 0.0987
vn -0.3276 -0.2948 0.8977
vn -0.6513 -0.5866 0.4814
vn -0.7393 -0.6660 0.0992
vn -0.3552 -0.2583 0.8984
vn -0.7083 -0.5147 0.4831
vn -0.8048 -0.5851 0.0998
vn -0.3815 -0.2203 0.8978
vn -0.7588 -0.4377 0.4824
vn -0.8617 -0.4973 0.1005
vn -0.4015 -0.1788 0.8982
vn -0.8007 -0.3564 0.4816
vn -0.9091 -0.4047 0.0985
vn -0.4176 -0.1357 0.8984
vn -0.8334 -0.2706 0.4819
vn -0.9465 -0.3075 0.0983
vn -0.0388 -0.0173 0.9991
vn -0.0406 -0.0132 0.9991
vn 0.1117 0.0497 0.9925
vn 0.1162 0.0377 0.9925
vn 0.3264 0.1060 0.9393
vn 0.3136 0.1395 0.9392
vn 0.6146 0.1996 0.7632
vn 0.5902 0.2626 0.7634
vn 0.8276 0.2688 0.4927
vn 0.7949 0.3539 0.4929
vn 0.5593 0.3232 0.7634
vn 0.7535 0.4351 0.4929
vn 0.5226 0.3799 0.7633
vn 0.7040 0.5118 0.4924
vn 0.4800 0.4321 0.7634
vn 0.6466 0.5825 0.4926
vn 0.4323 0.4799 0.7634
vn 0.5822 0.6465 0.4930
vn 0.3795 0.5223 0.7636
vn 0.5115 0.7038 0.4929
vn 0.4351 0.7536 0.4927
vn 0.3229 0.5595 0.7634
vn 0.3540 0.7948 0.4929
vn 0.2628 0.5901 0.7633
vn 0.1997 0.6146 0.7632
vn 0.2690 0.8276 0.4926
vn 0.1343 0.6320 0.7633
vn 0.1809 0.8513 0.4924
vn 0.0676 0.6426 0.7632
vn 0.0909 0.8655 0.4926
vn 0.0001 0.6460 0.7634
vn 0.0001 0.8700 0.4930
vn -0.0678 0.6427 0.7632
vn -0.0911 0.8655 0.4926
vn -0.1342 0.6319 0.7633
vn -0.1809 0.8514 0.4924
vn -0.1997 0.6146 0.7632
vn -0.2690 0.8276 0.4926
vn -0.3540 0.7948 0.4929
vn -0.2627 0.5902 0.7633
vn -0.3230 0.5595 0.7633
vn -0.4352 0.7536 0.4927
vn -0.3794 0.5225 0.7636
vn -0.5113 0.7039 0.4930
vn -0.4325 0.4801 0.7632
vn -0.5823 0.6465 0.4929
vn -0.4798 0.4321 0.7636
vn -0.6466 0.5822 0.4928
vn -0.5228 0.3797 0.7632
vn -0.7041 0.5116 0.4924
vn -0.5592 0.3232 0.7634
vn -0.7535 0.4352 0.4928
vn -0.5901 0.2627 0.7634
vn -0.7948 0.3539 0.4931
vn -0.6143 0.1994 0.7635
vn -0.8277 0.2686 0.4927
vn -0.6315 0.1343 0.7637
vn -0.8511 0.1808 0.4928
vn -0.8653 0.0912 0.4929
vn -0.6423 0.0675 0.7635
vn -0.6460 -0.0000 0.7634
vn -0.8703 -0.0001 0.4926
vn -0.6422 -0.0674 0.7635
vn -0.8653 -0.0911 0.4929
vn -0.6316 -0.1341 0.7636
vn -0.8511 -0.1807 0.4930
vn -0.6143 -0.1996 0.7634
vn -0.8276 -0.2686 0.4929
vn -0.5901 -0.2626 0.7634
vn -0.7948 -0.3539 0.4930
vn -0.7535 -0.4352 0.4928
vn -0.5592 -0.3232 0.7635
vn -0.5225 -0.3797 0.7634
vn -0.7041 -0.5118 0.4922
vn -0.4800 -0.4321 0.7635
vn -0.6467 -0.5822 0.4927
vn -0.4326 -0.4801 0.7631
vn -0.5825 -0.6463 0.4930
vn -0.3794 -0.5224 0.7636
vn -0.5111 -0.7041 0.4929
vn -0.4352 -0.7536 0.4927
vn -0.3230 -0.5595 0.7633
vn -0.2627 -0.5901 0.7634
vn -0.3539 -0.7949 0.4928
vn -0.1997 -0.6142 0.7634
vn -0.2689 -0.8276 0.4926
vn -0.1342 -0.6320 0.7633
vn -0.1811 -0.8510 0.4929
vn -0.0675 -0.6425 0.7633
vn -0.0907 -0.8655 0.4926
vn -0.0713 -0.3354 0.9394
vn -0.0359 -0.3411 0.9394
vn -0.0254 -0.1196 0.9925
vn -0.0128 -0.1216 0.9925
vn 0.0089 0.0417 0.9991
vn 0.0044 0.0423 0.9991
vn 0.0131 0.0403 0.9991
vn -0.0378 -0.1162 0.9925
vn 0.0174 0.0391 0.9991
vn -0.0497 -0.1117 0.9925
vn 0.0213 0.0369 0.9991
vn -0.0611 -0.1059 0.9925
vn 0.0249 0.0343 0.9991
vn -0.0719 -0.0990 0.9925
vn 0.0286 0.0317 0.9991
vn -0.0818 -0.0908 0.9925
vn 0.0317 0.0285 0.9991
vn -0.0908 -0.0818 0.9925
vn 0.0346 0.0251 0.9991
vn -0.0989 -0.0719 0.9925
vn 0.0370 0.0214 0.9991
vn -0.1058 -0.0611 0.9925
vn 0.0389 0.0173 0.9991
vn -0.1117 -0.0497 0.9925
vn 0.0406 0.0132 0.9991
vn -0.1163 -0.0378 0.9925
vn 0.0414 0.0088 0.9991
vn -0.1195 -0.0254 0.9925
vn 0.0420 0.0044 0.9991
vn -0.1216 -0.0127 0.9925
vn 0.0426 -0.0000 0.9991
vn -0.1222 -0.0000 0.9925
vn 0.0419 -0.0044 0.9991
vn -0.1214 0.0139 0.9925
vn 0.0417 -0.0089 0.9991
vn -0.1187 0.0342 0.9923
vn 0.0409 -0.0131 0.9991
vn 0.0390 -0.0175 0.9991
vn -0.1118 0.0481 0.9926
vn 0.0369 -0.0213 0.9991
vn -0.1058 0.0611 0.9925
vn 0.0345 -0.0250 0.9991
vn -0.0989 0.0719 0.9925
vn 0.0317 -0.0285 0.9991
vn -0.0908 0.0818 0.9925
vn 0.0286 -0.0317 0.9991
vn -0.0818 0.0908 0.9925
vn 0.0249 -0.0343 0.9991
vn -0.0709 0.0996 0.9925
vn 0.0212 -0.0368 0.9991
vn -0.0540 0.1111 0.9923
vn 0.0176 -0.0390 0.9991
vn 0.0129 -0.0404 0.9991
vn -0.0379 0.1156 0.9926
vn 0.0089 -0.0419 0.9991
vn -0.0170 0.1223 0.9923
vn 0.0046 -0.0426 0.9991
vn -0.0001 -0.0428 0.9991
vn -0.0014 0.1218 0.9926
vn 0.0139 0.1214 0.9925
vn -0.0044 -0.0423 0.9991
vn -0.0089 -0.0419 0.9991
vn 0.0342 0.1187 0.9923
vn -0.0130 -0.0405 0.9991
vn -0.0175 -0.0389 0.9991
vn 0.0492 0.1113 0.9926
vn -0.0212 -0.0367 0.9991
vn 0.0692 0.1024 0.9923
vn -0.0250 -0.0346 0.9991
vn -0.0285 -0.0315 0.9991
vn 0.0804 0.0914 0.9926
vn 0.0908 0.0818 0.9925
vn -0.0317 -0.0285 0.9991
vn 0.0989 0.0719 0.9925
vn -0.0345 -0.0250 0.9991
vn 0.1058 0.0611 0.9925
vn -0.0366 -0.0212 0.9991
vn 0.2774 0.2016 0.9394
vn 0.2969 0.1715 0.9394
vn 0.2549 0.2295 0.9393
vn 0.2294 0.2560 0.9391
vn 0.2048 0.2789 0.9382
vn 0.1731 0.3006 0.9379
vn 0.1389 0.3142 0.9391
vn 0.1085 0.3287 0.9382
vn 0.0718 0.3392 0.9380
vn 0.0359 0.3411 0.9393
vn -0.0009 0.3437 0.9391
vn -0.0346 0.3443 0.9382
vn -0.0723 0.3391 0.9380
vn -0.1071 0.3265 0.9391
vn -0.1392 0.3168 0.9382
vn -0.1737 0.3003 0.9379
vn -0.2016 0.2774 0.9394
vn -0.2296 0.2549 0.9393
vn -0.2550 0.2296 0.9393
vn -0.2773 0.2016 0.9394
vn -0.2968 0.1714 0.9394
vn -0.3146 0.1391 0.9390
vn -0.3286 0.1085 0.9382
vn -0.3396 0.0718 0.9378
vn -0.3409 0.0359 0.9394
vn -0.3430 -0.0000 0.9393
vn -0.3410 -0.0357 0.9394
vn -0.3357 -0.0714 0.9393
vn -0.3261 -0.1059 0.9394
vn -0.3136 -0.1397 0.9392
vn -0.2968 -0.1715 0.9394
vn -0.2773 -0.2016 0.9394
vn -0.2549 -0.2295 0.9393
vn -0.2296 -0.2548 0.9393
vn -0.2016 -0.2774 0.9394
vn -0.1715 -0.2971 0.9393
vn -0.1394 -0.3133 0.9394
vn -0.1060 -0.3263 0.9393
vn -0.1359 0.4184 0.8980
vn -0.2711 0.8337 0.4812
vn -0.1789 0.4016 0.8982
vn -0.3562 0.8001 0.4827
vn -0.2199 0.3808 0.8981
vn -0.4380 0.7586 0.4824
vn -0.2587 0.3562 0.8979
vn -0.5152 0.7091 0.4814
vn -0.2944 0.3269 0.8980
vn -0.5866 0.6514 0.4812
vn -0.6513 0.5865 0.4815
vn -0.3278 0.2949 0.8975
vn -0.3546 0.2578 0.8988
vn -0.7084 0.5148 0.4829
vn -0.3808 0.2199 0.8981
vn -0.7583 0.4378 0.4831
vn -0.4015 0.1788 0.8982
vn -0.8007 0.3564 0.4816
vn -0.4177 0.1357 0.8984
vn -0.8335 0.2705 0.4818
vn -0.4301 0.0915 0.8981
vn -0.8566 0.1822 0.4827
vn -0.9465 0.3074 0.0984
vn -0.9732 0.2069 0.1001
vn -0.9091 0.4047 0.0986
vn -0.8616 0.4976 0.1006
vn -0.8050 0.5849 0.0987
vn -0.7394 0.6659 0.0996
vn -0.6659 0.7395 0.0986
vn -0.5850 0.8050 0.0990
vn -0.4976 0.8617 0.0996
vn -0.4046 0.9091 0.0996
vn -0.3077 0.9464 0.0985
vn 0.9768 -0.0001 0.2141
vn 0.9604 -0.0000 0.2786
vn 0.9715 -0.1026 0.2138
vn 0.9551 -0.1005 0.2789
vn 0.8653 -0.0909 0.4930
vn 0.8702 -0.0000 0.4927
vn 0.6423 -0.0674 0.7635
vn 0.6460 -0.0000 0.7634
vn 0.3440 -0.0378 0.9382
vn 0.3469 0.0003 0.9379
vn 0.3365 -0.0707 0.9390
vn 0.6319 -0.1344 0.7633
vn 0.6146 -0.1994 0.7632
vn 0.3264 -0.1060 0.9393
vn 0.3136 -0.1395 0.9393
vn 0.5902 -0.2626 0.7633
vn 0.5593 -0.3232 0.7634
vn 0.2969 -0.1715 0.9394
vn 0.5224 -0.3799 0.7634
vn 0.2774 -0.2016 0.9394
vn 0.4802 -0.4322 0.7633
vn 0.2548 -0.2294 0.9394
vn 0.4324 -0.4798 0.7634
vn 0.2297 -0.2548 0.9393
vn 0.3794 -0.5224 0.7637
vn 0.2015 -0.2774 0.9394
vn 0.3230 -0.5594 0.7634
vn 0.1714 -0.2971 0.9393
vn 0.2627 -0.5902 0.7634
vn 0.1412 -0.3166 0.9380
vn 0.4352 -0.7536 0.4926
vn 0.3536 -0.7949 0.4930
vn 0.4800 -0.8317 0.2790
vn 0.3905 -0.8773 0.2789
vn 0.4881 -0.8460 0.2146
vn 0.3977 -0.8921 0.2143
vn 0.5647 -0.7768 0.2788
vn 0.5742 -0.7901 0.2145
vn 0.6424 -0.7138 0.2788
vn 0.6533 -0.7261 0.2144
vn 0.7136 -0.6429 0.2785
vn 0.7256 -0.6539 0.2144
vn 0.7773 -0.5642 0.2784
vn 0.7904 -0.5740 0.2142
vn 0.8315 -0.4804 0.2789
vn 0.8459 -0.4885 0.2141
vn 0.8773 -0.3905 0.2789
vn 0.8924 -0.3970 0.2144
vn 0.9134 -0.2967 0.2788
vn 0.9290 -0.3016 0.2144
vn 0.9394 -0.1994 0.2789
vn 0.9554 -0.2030 0.2145
vn 0.8277 -0.2687 0.4927
vn 0.8512 -0.1808 0.4928
vn 0.7949 -0.3538 0.4929
vn 0.7532 -0.4354 0.4930
vn 0.7041 -0.5116 0.4925
vn 0.6469 -0.5824 0.4923
vn 0.5821 -0.6466 0.4930
vn 0.5115 -0.7038 0.4929
vn -0.9387 0.0985 -0.3304
vn -0.5287 0.0555 -0.8470
vn -0.9440 0.0001 -0.3299
vn -0.5321 0.0001 -0.8467
vn -0.5201 0.1105 -0.8469
vn -0.9233 0.1963 -0.3302
vn -0.9387 -0.0986 -0.3303
vn -0.5287 -0.0556 -0.8470
vn -0.5063 0.1645 -0.8465
vn -0.8979 0.2918 -0.3296
vn -0.4860 0.2162 -0.8468
vn -0.8625 0.3837 -0.3300
vn -0.4608 0.2661 -0.8466
vn -0.8175 0.4721 -0.3298
vn -0.4304 0.3128 -0.8467
vn -0.7636 0.5550 -0.3299
vn -0.3953 0.3559 -0.8468
vn -0.7015 0.6317 -0.3300
vn -0.3560 0.3955 -0.8467
vn -0.6316 0.7016 -0.3299
vn -0.3127 0.4303 -0.8468
vn -0.5549 0.7636 -0.3300
vn -0.2660 0.4606 -0.8468
vn -0.4721 0.8174 -0.3300
vn -0.2163 0.4861 -0.8467
vn -0.3838 0.8624 -0.3299
vn -0.1644 0.5058 -0.8468
vn -0.2918 0.8977 -0.3301
vn -0.1107 0.5205 -0.8467
vn -0.1965 0.9234 -0.3299
vn -0.0555 0.5291 -0.8468
vn -0.0985 0.9388 -0.3300
vn -0.0000 0.5320 -0.8467
vn -0.0000 0.9440 -0.3299
vn 0.0555 0.5291 -0.8468
vn 0.0985 0.9388 -0.3300
vn 0.1108 0.5205 -0.8466
vn 0.1965 0.9234 -0.3298
vn 0.1644 0.5058 -0.8468
vn 0.2917 0.8977 -0.3301
vn 0.2163 0.4861 -0.8467
vn 0.3839 0.8624 -0.3299
vn 0.2661 0.4607 -0.8467
vn 0.4722 0.8174 -0.3299
vn 0.3126 0.4303 -0.8468
vn 0.5549 0.7637 -0.3300
vn 0.3561 0.3954 -0.8467
vn 0.6317 0.7016 -0.3299
vn 0.3953 0.3559 -0.8468
vn 0.7015 0.6316 -0.3300
vn 0.4304 0.3128 -0.8467
vn 0.7636 0.5550 -0.3299
vn 0.4608 0.2661 -0.8466
vn 0.8175 0.4721 -0.3298
vn 0.4860 0.2163 -0.8468
vn 0.8624 0.3839 -0.3300
vn 0.5060 0.1643 -0.8467
vn 0.8979 0.2916 -0.3299
vn 0.5204 0.1106 -0.8467
vn 0.9234 0.1962 -0.3299
vn 0.5289 0.0558 -0.8468
vn 0.9388 0.0989 -0.3300
vn 0.5325 -0.0001 -0.8464
vn 0.9441 -0.0001 -0.3295
vn 0.5289 -0.0557 -0.8468
vn 0.9388 -0.0989 -0.3301
vn 0.5204 -0.1106 -0.8467
vn 0.9234 -0.1962 -0.3299
vn 0.5060 -0.1643 -0.8467
vn 0.8978 -0.2916 -0.3299
vn 0.4860 -0.2163 -0.8467
vn 0.8624 -0.3838 -0.3299
vn 0.4609 -0.2661 -0.8466
vn 0.8176 -0.4720 -0.3298
vn 0.4304 -0.3129 -0.8466
vn 0.7636 -0.5551 -0.3298
vn 0.3952 -0.3560 -0.8468
vn 0.7014 -0.6317 -0.3300
vn 0.3562 -0.3954 -0.8467
vn 0.6319 -0.7014 -0.3298
vn 0.3127 -0.4305 -0.8467
vn 0.5548 -0.7637 -0.3299
vn 0.2659 -0.4607 -0.8468
vn 0.4719 -0.8176 -0.3300
vn 0.2165 -0.4861 -0.8467
vn 0.3841 -0.8623 -0.3299
vn 0.1644 -0.5059 -0.8468
vn 0.2918 -0.8977 -0.3300
vn 0.1106 -0.5205 -0.8467
vn 0.1962 -0.9234 -0.3299
vn 0.0555 -0.5290 -0.8468
vn 0.0986 -0.9388 -0.3301
vn -0.0000 -0.5320 -0.8467
vn -0.0000 -0.9440 -0.3299
vn -0.0555 -0.5290 -0.8468
vn -0.0985 -0.9388 -0.3301
vn -0.1106 -0.5204 -0.8467
vn -0.1962 -0.9234 -0.3299
vn -0.1644 -0.5059 -0.8468
vn -0.2918 -0.8978 -0.3300
vn -0.2166 -0.4860 -0.8467
vn -0.3842 -0.8623 -0.3299
vn -0.2658 -0.4606 -0.8469
vn -0.4718 -0.8176 -0.3301
vn -0.3127 -0.4305 -0.8467
vn -0.5549 -0.7637 -0.3299
vn -0.3562 -0.3953 -0.8467
vn -0.6319 -0.7014 -0.3298
vn -0.3952 -0.3560 -0.8468
vn -0.7013 -0.6318 -0.3300
vn -0.4304 -0.3129 -0.8467
vn -0.7636 -0.5551 -0.3298
vn -0.4610 -0.2660 -0.8466
vn -0.8177 -0.4719 -0.3298
vn -0.4860 -0.2163 -0.8468
vn -0.8625 -0.3838 -0.3299
vn -0.5063 -0.1644 -0.8465
vn -0.8979 -0.2916 -0.3297
vn -0.5202 -0.1105 -0.8469
vn -0.9233 -0.1963 -0.3302
vn -0.3699 0.0389 -0.9283
vn -0.6639 0.0697 -0.7446
vn -0.3718 -0.0000 -0.9283
vn -0.6674 -0.0000 -0.7447
vn -0.6530 0.1388 -0.7446
vn -0.3639 0.0774 -0.9282
vn -0.3699 -0.0389 -0.9283
vn -0.6639 -0.0697 -0.7446
vn -0.6349 0.2062 -0.7446
vn -0.3537 0.1149 -0.9283
vn -0.6099 0.2713 -0.7445
vn -0.3399 0.1512 -0.9282
vn -0.5781 0.3338 -0.7446
vn -0.3222 0.1860 -0.9282
vn -0.5400 0.3925 -0.7445
vn -0.3010 0.2188 -0.9282
vn -0.4961 0.4468 -0.7445
vn -0.2765 0.2490 -0.9282
vn -0.4465 0.4961 -0.7446
vn -0.2488 0.2764 -0.9283
vn -0.3924 0.5400 -0.7446
vn -0.2186 0.3009 -0.9282
vn -0.3339 0.5781 -0.7446
vn -0.1861 0.3221 -0.9282
vn -0.2714 0.6099 -0.7445
vn -0.1513 0.3399 -0.9282
vn -0.2064 0.6348 -0.7446
vn -0.1150 0.3537 -0.9282
vn -0.1390 0.6529 -0.7446
vn -0.0774 0.3638 -0.9283
vn -0.0697 0.6639 -0.7446
vn -0.0388 0.3700 -0.9282
vn -0.0000 0.6676 -0.7445
vn -0.0000 0.3720 -0.9282
vn 0.0697 0.6639 -0.7446
vn 0.0388 0.3700 -0.9282
vn 0.1390 0.6529 -0.7446
vn 0.0774 0.3638 -0.9282
vn 0.2063 0.6348 -0.7446
vn 0.1149 0.3537 -0.9283
vn 0.2714 0.6099 -0.7446
vn 0.1513 0.3399 -0.9282
vn 0.3339 0.5781 -0.7445
vn 0.1861 0.3222 -0.9282
vn 0.3924 0.5401 -0.7446
vn 0.2186 0.3009 -0.9282
vn 0.4467 0.4961 -0.7445
vn 0.2489 0.2765 -0.9282
vn 0.4961 0.4466 -0.7446
vn 0.2764 0.2488 -0.9283
vn 0.5399 0.3925 -0.7446
vn 0.3009 0.2187 -0.9283
vn 0.5781 0.3338 -0.7445
vn 0.3222 0.1860 -0.9282
vn 0.6098 0.2713 -0.7446
vn 0.3397 0.1512 -0.9283
vn 0.6347 0.2063 -0.7447
vn 0.3536 0.1149 -0.9283
vn 0.6530 0.1388 -0.7446
vn 0.3639 0.0773 -0.9282
vn 0.6640 0.0700 -0.7445
vn 0.3701 0.0390 -0.9282
vn 0.6675 -0.0000 -0.7446
vn 0.3719 -0.0000 -0.9283
vn 0.6639 -0.0700 -0.7445
vn 0.3701 -0.0391 -0.9282
vn 0.6530 -0.1389 -0.7445
vn 0.3639 -0.0774 -0.9282
vn 0.6347 -0.2062 -0.7447
vn 0.3536 -0.1148 -0.9283
vn 0.6098 -0.2713 -0.7447
vn 0.3397 -0.1512 -0.9283
vn 0.5782 -0.3338 -0.7445
vn 0.3222 -0.1860 -0.9282
vn 0.5399 -0.3925 -0.7446
vn 0.3008 -0.2186 -0.9283
vn 0.4959 -0.4467 -0.7447
vn 0.2763 -0.2489 -0.9283
vn 0.4468 -0.4961 -0.7445
vn 0.2490 -0.2765 -0.9282
vn 0.3924 -0.5400 -0.7446
vn 0.2186 -0.3009 -0.9283
vn 0.3337 -0.5782 -0.7445
vn 0.1860 -0.3222 -0.9282
vn 0.2716 -0.6098 -0.7446
vn 0.1514 -0.3398 -0.9283
vn 0.2063 -0.6348 -0.7446
vn 0.1150 -0.3537 -0.9283
vn 0.1387 -0.6530 -0.7445
vn 0.0773 -0.3639 -0.9282
vn 0.0697 -0.6639 -0.7445
vn 0.0388 -0.3700 -0.9282
vn -0.0000 -0.6675 -0.7446
vn -0.0000 -0.3720 -0.9282
vn -0.0697 -0.6639 -0.7446
vn -0.0388 -0.3699 -0.9283
vn -0.1388 -0.6530 -0.7446
vn -0.0773 -0.3639 -0.9282
vn -0.2063 -0.6348 -0.7446
vn -0.1150 -0.3537 -0.9283
vn -0.2716 -0.6097 -0.7446
vn -0.1514 -0.3398 -0.9283
vn -0.3337 -0.5781 -0.7446
vn -0.1860 -0.3221 -0.9283
vn -0.3924 -0.5400 -0.7446
vn -0.2186 -0.3009 -0.9283
vn -0.4467 -0.4960 -0.7446
vn -0.2489 -0.2764 -0.9282
vn -0.4959 -0.4468 -0.7446
vn -0.2764 -0.2490 -0.9282
vn -0.5400 -0.3925 -0.7446
vn -0.3009 -0.2187 -0.9282
vn -0.5782 -0.3336 -0.7445
vn -0.3222 -0.1859 -0.9282
vn -0.6100 -0.2713 -0.7445
vn -0.3399 -0.1512 -0.9282
vn -0.6349 -0.2063 -0.7446
vn -0.3537 -0.1149 -0.9283
vn -0.6530 -0.1388 -0.7446
vn -0.3639 -0.0773 -0.9282
vn -0.6313 0.0662 -0.7727
vn -0.2308 0.0242 -0.9727
vn -0.6348 -0.0000 -0.7727
vn -0.2323 -0.0000 -0.9726
vn -0.2273 0.0483 -0.9726
vn -0.6210 0.1321 -0.7726
vn -0.6312 -0.0664 -0.7727
vn -0.2308 -0.0243 -0.9727
vn -0.2212 0.0718 -0.9726
vn -0.6039 0.1962 -0.7725
vn -0.2124 0.0945 -0.9726
vn -0.5801 0.2581 -0.7726
vn -0.2014 0.1163 -0.9726
vn -0.5499 0.3175 -0.7726
vn -0.1880 0.1366 -0.9726
vn -0.5136 0.3733 -0.7726
vn -0.1728 0.1556 -0.9726
vn -0.4719 0.4249 -0.7725
vn -0.1556 0.1728 -0.9726
vn -0.4249 0.4719 -0.7725
vn -0.1366 0.1880 -0.9726
vn -0.3732 0.5137 -0.7726
vn -0.1163 0.2014 -0.9726
vn -0.3175 0.5499 -0.7725
vn -0.0945 0.2124 -0.9726
vn -0.2582 0.5801 -0.7726
vn -0.0719 0.2210 -0.9726
vn -0.1963 0.6038 -0.7726
vn -0.0484 0.2274 -0.9726
vn -0.1322 0.6210 -0.7726
vn -0.0243 0.2312 -0.9726
vn -0.0663 0.6314 -0.7726
vn -0.0000 0.2324 -0.9726
vn -0.0000 0.6349 -0.7726
vn 0.0243 0.2312 -0.9726
vn 0.0663 0.6315 -0.7726
vn 0.0484 0.2274 -0.9726
vn 0.1322 0.6210 -0.7726
vn 0.0718 0.2210 -0.9726
vn 0.1962 0.6038 -0.7726
vn 0.0945 0.2124 -0.9726
vn 0.2582 0.5801 -0.7726
vn 0.1163 0.2014 -0.9726
vn 0.3176 0.5498 -0.7725
vn 0.1366 0.1880 -0.9726
vn 0.3732 0.5137 -0.7726
vn 0.1555 0.1727 -0.9726
vn 0.4248 0.4718 -0.7726
vn 0.1728 0.1556 -0.9726
vn 0.4719 0.4248 -0.7726
vn 0.1880 0.1367 -0.9726
vn 0.5135 0.3734 -0.7726
vn 0.2011 0.1162 -0.9726
vn 0.5498 0.3175 -0.7726
vn 0.2124 0.0945 -0.9726
vn 0.5801 0.2580 -0.7726
vn 0.2212 0.0719 -0.9726
vn 0.6040 0.1962 -0.7725
vn 0.2275 0.0483 -0.9726
vn 0.6211 0.1319 -0.7725
vn 0.2314 0.0244 -0.9726
vn 0.6315 0.0665 -0.7725
vn 0.2327 -0.0000 -0.9726
vn 0.6350 -0.0000 -0.7725
vn 0.2313 -0.0244 -0.9726
vn 0.6315 -0.0666 -0.7725
vn 0.2275 -0.0483 -0.9726
vn 0.6212 -0.1320 -0.7725
vn 0.2212 -0.0719 -0.9726
vn 0.6040 -0.1962 -0.7725
vn 0.2124 -0.0945 -0.9726
vn 0.5801 -0.2580 -0.7726
vn 0.2012 -0.1161 -0.9726
vn 0.5499 -0.3173 -0.7727
vn 0.5135 -0.3735 -0.7726
vn 0.1881 -0.1368 -0.9726
vn 0.1727 -0.1555 -0.9726
vn 0.4717 -0.4249 -0.7726
vn 0.1555 -0.1726 -0.9726
vn 0.4250 -0.4717 -0.7726
vn 0.1366 -0.1881 -0.9726
vn 0.3732 -0.5137 -0.7726
vn 0.1162 -0.2013 -0.9726
vn 0.3174 -0.5499 -0.7726
vn 0.0946 -0.2123 -0.9726
vn 0.2583 -0.5800 -0.7726
vn 0.0719 -0.2211 -0.9726
vn 0.1963 -0.6038 -0.7726
vn 0.0483 -0.2274 -0.9726
vn 0.1320 -0.6211 -0.7725
vn 0.0243 -0.2312 -0.9726
vn 0.0663 -0.6315 -0.7726
vn -0.0000 -0.2324 -0.9726
vn -0.0000 -0.6349 -0.7726
vn -0.0242 -0.2312 -0.9726
vn -0.0663 -0.6315 -0.7726
vn -0.0484 -0.2274 -0.9726
vn -0.1321 -0.6211 -0.7726
vn -0.0719 -0.2211 -0.9726
vn -0.1963 -0.6038 -0.7726
vn -0.0946 -0.2123 -0.9726
vn -0.2583 -0.5800 -0.7726
vn -0.1162 -0.2013 -0.9726
vn -0.3173 -0.5499 -0.7726
vn -0.1366 -0.1881 -0.9726
vn -0.3732 -0.5137 -0.7725
vn -0.1556 -0.1727 -0.9726
vn -0.4250 -0.4717 -0.7726
vn -0.1727 -0.1556 -0.9726
vn -0.4717 -0.4249 -0.7726
vn -0.1881 -0.1368 -0.9726
vn -0.5136 -0.3734 -0.7725
vn -0.2014 -0.1162 -0.9726
vn -0.5500 -0.3174 -0.7725
vn -0.2124 -0.0945 -0.9726
vn -0.5801 -0.2581 -0.7726
vn -0.2212 -0.0718 -0.9726
vn -0.6039 -0.1961 -0.7725
vn -0.2274 -0.0483 -0.9726
vn -0.6210 -0.1320 -0.7726
vn -0.0001 -0.0000 -1.0000
vn 0.0013 -0.0000 -1.0000
vn -0.0033 -0.0000 -1.0000
vn -0.0000 0.0001 -1.0000
vn 0.0004 -0.0000 -1.0000
vn -0.0011 -0.0000 -1.0000
vn -0.0003 -0.0000 -1.0000
vn 0.0002 -0.0000 -1.0000
vn 0.7650 0.6440 -0.0000
vn 0.5723 0.8201 -0.0000
vn 0.3405 0.9402 -0.0000
vn 0.0856 0.9963 -0.0000
vn 0.2149 0.9766 -0.0000
vn -0.0452 0.9990 -0.0000
vn -0.1752 0.9845 -0.0000
vn -0.4783 0.8782 -0.0000
vn -0.6369 0.7710 -0.0000
vn -0.6893 0.7245 -0.0000
vn -0.8201 0.5723 -0.0000
vn -0.9402 0.3405 -0.0000
vn -0.9963 0.0856 -0.0000
vn -0.9766 0.2149 -0.0000
vn -0.9845 -0.1752 -0.0000
vn -0.9056 -0.4240 -0.0000
vn -0.7650 -0.6440 -0.0000
vn -0.5723 -0.8201 -0.0000
vn -0.3405 -0.9402 -0.0000
vn -0.0856 -0.9963 -0.0000
vn 0.1752 -0.9845 -0.0000
vn 0.4240 -0.9056 -0.0000
vn 0.5963 -0.8028 -0.0000
vn 0.5386 -0.8425 -0.0000
vn 0.6511 -0.7590 -0.0000
vn 0.9402 -0.3405 -0.0000
vn 0.8877 -0.4603 -0.0000
vn 0.9963 -0.0856 -0.0000
vn 0.9845 0.1752 -0.0000
vn 0.9056 0.4240 -0.0000
vn -0.0089 1.0000 -0.0000
vn -0.2674 0.9636 -0.0000
vn -0.5077 0.8615 -0.0000
vn -0.7134 0.7008 -0.0000
vn -0.7987 0.6017 -0.0000
vn -0.8705 0.4923 -0.0000
vn -0.9816 0.1909 -0.0000
vn -0.9273 0.3744 -0.0000
vn -1.0000 0.0003 -0.0000
vn -0.9976 -0.0697 -0.0000
vn -0.9636 -0.2674 -0.0000
vn -0.8615 -0.5077 -0.0000
vn -0.7879 -0.6158 -0.0000
vn -0.7008 -0.7134 -0.0000
vn -0.4923 -0.8705 -0.0000
vn -0.2502 -0.9682 -0.0000
vn 0.0089 -1.0000 -0.0000
vn 0.2674 -0.9636 -0.0000
vn 0.1394 -0.9902 -0.0000
vn 0.5077 -0.8615 -0.0000
vn 0.3909 -0.9204 -0.0000
vn 0.7134 -0.7008 -0.0000
vn 0.8705 -0.4923 -0.0000
vn 0.9682 -0.2502 -0.0000
vn 0.9926 -0.1217 -0.0000
vn 0.9987 -0.0519 -0.0000
vn 0.9998 0.0182 -0.0000
vn 0.9781 0.2084 -0.0000
vn 0.8615 0.5077 -0.0000
vn 0.7008 0.7134 -0.0000
vn 0.4922 0.8705 -0.0000
vn 0.2502 0.9682 -0.0000
vn 0.4923 0.8705 -0.0000
vn -0.7936 0.6084 -0.0000
vn -0.9241 0.3823 -0.0000
vn -0.9915 0.1301 -0.0000
vn -0.9660 0.2584 -0.0000
vn -0.9914 -0.1310 -0.0000
vn -0.9237 -0.3831 -0.0000
vn -0.7546 -0.6562 -0.0000
vn -0.6157 -0.7880 -0.0000
vn -0.5590 -0.8291 -0.0000
vn -0.3823 -0.9241 -0.0000
vn -0.1301 -0.9915 -0.0000
vn 0.1310 -0.9914 -0.0000
vn 0.0005 -1.0000 -0.0000
vn 0.3831 -0.9237 -0.0000
vn 0.6091 -0.7931 -0.0000
vn 0.7936 -0.6084 -0.0000
vn 0.9241 -0.3823 -0.0000
vn 0.9915 -0.1301 -0.0000
vn 0.9914 0.1310 -0.0000
vn 0.9237 0.3831 -0.0000
vn 0.7931 0.6091 -0.0000
vn 0.7068 0.7074 -0.0000
vn 0.6010 0.7992 -0.0000
vn 0.1301 0.9915 -0.0000
vn 0.1299 0.9915 -0.0000
vn 0.2582 0.9661 -0.0000
vn -0.1310 0.9914 -0.0000
vn -0.3831 0.9237 -0.0000
vn -0.6091 0.7931 -0.0000
vn -0.9578 -0.2875 -0.0000
vn -0.8507 -0.5256 -0.0000
vn -0.6857 -0.7279 -0.0000
vn -0.7748 -0.6322 -0.0000
vn -0.4739 -0.8806 -0.0000
vn -0.3550 -0.9349 -0.0000
vn -0.2299 -0.9732 -0.0000
vn 0.0905 -0.9959 -0.0000
vn 0.2786 -0.9604 -0.0000
vn 0.3452 -0.9385 -0.0000
vn 0.5256 -0.8507 -0.0000
vn 0.7279 -0.6857 -0.0000
vn 0.8806 -0.4739 -0.0000
vn 0.8112 -0.5848 -0.0000
vn 0.9732 -0.2299 -0.0000
vn 0.9996 0.0298 -0.0000
vn 0.9578 0.2875 -0.0000
vn 0.8507 0.5256 -0.0000
vn 0.6857 0.7279 -0.0000
vn 0.4739 0.8806 -0.0000
vn 0.2299 0.9732 -0.0000
vn 0.4740 0.8806 -0.0000
vn -0.0298 0.9996 -0.0000
vn -0.2288 0.9735 -0.0000
vn -0.1600 0.9871 -0.0000
vn -0.2964 0.9551 -0.0000
vn -0.4729 0.8811 -0.0000
vn -0.7279 0.6857 -0.0000
vn -0.8806 0.4739 -0.0000
vn -0.8112 0.5848 -0.0000
vn -0.9732 0.2299 -0.0000
vn -0.9996 -0.0298 -0.0000
vn -0.3285 -0.9445 -0.0000
vn -0.0728 -0.9973 -0.0000
vn 0.0580 -0.9983 -0.0000
vn 0.1878 -0.9822 -0.0000
vn 0.4356 -0.9001 -0.0000
vn 0.6537 -0.7567 -0.0000
vn 0.8599 -0.5104 -0.0000
vn 0.9414 -0.3372 -0.0000
vn 0.9627 -0.2704 -0.0000
vn 0.9973 -0.0728 -0.0000
vn 0.9822 0.1878 -0.0000
vn 0.9493 0.3144 -0.0000
vn 0.9001 0.4356 -0.0000
vn 0.7567 0.6537 -0.0000
vn 0.5617 0.8273 -0.0000
vn 0.3285 0.9445 -0.0000
vn 0.0728 0.9973 -0.0000
vn -0.1878 0.9822 -0.0000
vn -0.4356 0.9001 -0.0000
vn -0.6537 0.7567 -0.0000
vn -0.8273 0.5617 -0.0000
vn -0.8936 0.4489 -0.0000
vn -0.9475 0.3197 -0.0000
vn -0.9911 0.1333 -0.0000
vn -0.9822 -0.1878 -0.0000
vn -0.9493 -0.3144 -0.0000
vn -0.9001 -0.4356 -0.0000
vn -0.7567 -0.6537 -0.0000
vn -0.5617 -0.8273 -0.0000
vn 0.6270 -0.7790 -0.0000
vn 0.8073 -0.5902 -0.0000
vn 0.9325 -0.3611 -0.0000
vn 0.9942 -0.1075 -0.0000
vn 0.9881 0.1535 -0.0000
vn 0.9997 0.0232 -0.0000
vn 0.8885 0.4589 -0.0000
vn 0.7848 0.6198 -0.0000
vn 0.6905 0.7233 -0.0000
vn 0.5902 0.8073 -0.0000
vn 0.7394 0.6732 -0.0000
vn 0.3611 0.9325 -0.0000
vn 0.1075 0.9942 -0.0000
vn -0.1535 0.9881 -0.0000
vn -0.0232 0.9997 -0.0000
vn -0.4040 0.9147 -0.0000
vn -0.6270 0.7790 -0.0000
vn -0.7233 0.6905 -0.0000
vn -0.8073 0.5902 -0.0000
vn -0.8774 0.4797 -0.0000
vn -0.9325 0.3611 -0.0000
vn -0.9942 0.1075 -0.0000
vn -0.9881 -0.1535 -0.0000
vn -0.9147 -0.4040 -0.0000
vn -0.9597 -0.2812 -0.0000
vn -0.8157 -0.5785 -0.0000
vn -0.7732 -0.6342 -0.0000
vn -0.6381 -0.7699 -0.0000
vn -0.3611 -0.9325 -0.0000
vn -0.1075 -0.9942 -0.0000
vn 0.1535 -0.9881 -0.0000
vn 0.4040 -0.9147 -0.0000
vn 0.9961 -0.0878 -0.0000
vn 0.9849 0.1730 -0.0000
vn 0.9066 0.4220 -0.0000
vn 0.7665 0.6423 -0.0000
vn 0.5741 0.8188 -0.0000
vn 0.2849 0.9586 -0.0000
vn 0.4623 0.8867 -0.0000
vn 0.0970 0.9953 -0.0000
vn -0.1730 0.9849 -0.0000
vn -0.0430 0.9991 -0.0000
vn -0.4220 0.9066 -0.0000
vn -0.6423 0.7665 -0.0000
vn -0.7368 0.6761 -0.0000
vn -0.8188 0.5741 -0.0000
vn -0.9395 0.3427 -0.0000
vn -0.9761 0.2171 -0.0000
vn -0.9849 -0.1730 -0.0000
vn -0.9991 -0.0429 -0.0000
vn -0.9066 -0.4220 -0.0000
vn -0.7665 -0.6423 -0.0000
vn -0.8438 -0.5367 -0.0000
vn -0.5741 -0.8188 -0.0000
vn -0.4623 -0.8867 -0.0000
vn -0.3426 -0.9395 -0.0000
vn -0.3427 -0.9395 -0.0000
vn -0.2171 -0.9762 -0.0000
vn -0.0786 -0.9969 -0.0000
vn 0.3001 -0.9539 -0.0000
vn 0.4220 -0.9066 -0.0000
vn 0.6423 -0.7665 -0.0000
vn 0.8188 -0.5741 -0.0000
vn 0.9395 -0.3427 -0.0000
vn 0.9395 -0.3426 -0.0000
vn -0.0000 -0.0001 1.0000
vn -0.0003 -0.0000 1.0000
vn -0.0002 -0.0000 -1.0000
vn -0.0012 -0.0000 -1.0000
vn 0.4241 -0.9056 -0.0000
vn 0.7838 -0.6211 -0.0000
vn -0.8704 0.4923 -0.0000
vn 0.6555 0.7552 -0.0000
vn 0.4377 0.8991 -0.0000
vn -0.9228 0.3853 -0.0000
vn 0.0271 0.9996 -0.0000
vn -0.9395 0.3426 -0.0000
vt 0.496551 0.019875
vt 0.496551 0.019620
vt 0.497355 0.019886
vt 0.497355 0.019631
vt 0.496551 0.020007
vt 0.497337 0.020018
vt 0.499884 0.016172
vt 0.499704 0.016942
vt 0.499652 0.016145
vt 0.499485 0.016863
vt 0.498729 0.018047
vt 0.499170 0.017502
vt 0.498892 0.018215
vt 0.499366 0.017629
vt 0.498695 0.020093
vt 0.498058 0.020047
vt 0.498744 0.019963
vt 0.498092 0.019916
vt 0.498092 0.019661
vt 0.498744 0.019708
vt 0.494359 0.019963
vt 0.494359 0.019708
vt 0.495010 0.019916
vt 0.495010 0.019661
vt 0.494408 0.020093
vt 0.495044 0.020047
vt 0.499711 0.014635
vt 0.499492 0.014714
vt 0.499383 0.013957
vt 0.499186 0.014083
vt 0.498917 0.013368
vt 0.498753 0.013535
vt 0.497553 0.018789
vt 0.498183 0.018482
vt 0.497628 0.019012
vt 0.498305 0.018682
vt 0.489573 0.020144
vt 0.488936 0.020154
vt 0.489537 0.020019
vt 0.488886 0.020029
vt 0.488886 0.019772
vt 0.489537 0.019762
vt 0.490319 0.007840
vt 0.490306 0.008515
vt 0.490062 0.007840
vt 0.490049 0.008514
vt 0.490432 0.008545
vt 0.490444 0.007886
vt 0.498333 0.012894
vt 0.498209 0.013093
vt 0.497649 0.012555
vt 0.497572 0.012778
vt 0.496881 0.012375
vt 0.496857 0.012610
vt 0.496126 0.018952
vt 0.496861 0.018951
vt 0.496096 0.019186
vt 0.496884 0.019186
vt 0.491079 0.020133
vt 0.490294 0.020137
vt 0.491079 0.020008
vt 0.490276 0.020012
vt 0.491078 0.019751
vt 0.490275 0.019755
vt 0.490298 0.009267
vt 0.490295 0.010074
vt 0.490041 0.009267
vt 0.490039 0.010074
vt 0.490421 0.010070
vt 0.490424 0.009280
vt 0.490298 0.010871
vt 0.490424 0.010849
vt 0.496092 0.012375
vt 0.496122 0.012611
vt 0.495348 0.012550
vt 0.495430 0.012773
vt 0.494773 0.018469
vt 0.495411 0.018784
vt 0.494643 0.018668
vt 0.495328 0.019006
vt 0.492586 0.020137
vt 0.491865 0.020134
vt 0.492620 0.020012
vt 0.491882 0.020008
vt 0.491882 0.019751
vt 0.492620 0.019755
vt 0.493271 0.019762
vt 0.493272 0.020019
vt 0.493815 0.019772
vt 0.493815 0.020029
vt 0.488857 0.019627
vt 0.488857 0.019370
vt 0.489459 0.019619
vt 0.489459 0.019362
vt 0.492523 0.019613
vt 0.492523 0.019357
vt 0.493216 0.019619
vt 0.493216 0.019362
vt 0.492497 0.019738
vt 0.493174 0.019744
vt 0.493610 0.013932
vt 0.494084 0.013346
vt 0.493812 0.014060
vt 0.494253 0.013514
vt 0.493796 0.017479
vt 0.493594 0.017605
vt 0.493491 0.016847
vt 0.493265 0.016926
vt 0.489501 0.019744
vt 0.488912 0.019751
vt 0.490190 0.019738
vt 0.490164 0.019613
vt 0.490961 0.019735
vt 0.490952 0.019610
vt 0.490164 0.019356
vt 0.490952 0.019353
vt 0.491761 0.019354
vt 0.491761 0.019610
vt 0.491752 0.019735
vt 0.493093 0.015389
vt 0.493272 0.014619
vt 0.493330 0.015417
vt 0.493498 0.014699
vt 0.493093 0.016180
vt 0.493330 0.016153
vt 0.493754 0.020154
vt 0.493223 0.020144
vt 0.494059 0.018193
vt 0.494230 0.018027
vt 0.494800 0.013079
vt 0.494672 0.012879
vt 0.493760 0.019751
vt 0.493815 0.019627
vt 0.490432 0.011554
vt 0.490444 0.012165
vt 0.490306 0.011592
vt 0.490319 0.012218
vt 0.490062 0.012218
vt 0.490049 0.011592
vt 0.490041 0.010871
vt 0.493815 0.019370
vt 0.500067 0.014514
vt 0.500414 0.013811
vt 0.499884 0.015301
vt 0.500900 0.013211
vt 0.501501 0.012734
vt 0.502196 0.012397
vt 0.502958 0.012219
vt 0.503767 0.012218
vt 0.504554 0.012403
vt 0.505257 0.012749
vt 0.505856 0.013235
vt 0.506333 0.013837
vt 0.506670 0.014532
vt 0.506847 0.015295
vt 0.506847 0.016103
vt 0.506664 0.016891
vt 0.506317 0.017594
vt 0.505831 0.018193
vt 0.505230 0.018671
vt 0.499884 0.016110
vt 0.500061 0.016873
vt 0.504536 0.019008
vt 0.503773 0.019186
vt 0.502964 0.019186
vt 0.502177 0.019002
vt 0.501475 0.018656
vt 0.500875 0.018170
vt 0.500398 0.017567
vt 0.493815 0.020025
vt 0.493876 0.020154
vt 0.490335 0.007266
vt 0.490078 0.007266
vt 0.488343 0.020042
vt 0.488343 0.019785
vt 0.499225 0.020154
vt 0.499287 0.020026
vt 0.499653 0.015409
vt 0.499884 0.015381
vt 0.495766 0.020018
vt 0.495748 0.019886
vt 0.495748 0.019631
vt 0.506198 0.019391
vt 0.505446 0.019424
vt 0.506174 0.019245
vt 0.505434 0.019277
vt 0.501415 0.011051
vt 0.501526 0.010964
vt 0.501976 0.011614
vt 0.502061 0.011500
vt 0.502664 0.012013
vt 0.502716 0.011879
vt 0.503447 0.012076
vt 0.503432 0.012218
vt 0.499287 0.020858
vt 0.499144 0.020837
vt 0.499287 0.020191
vt 0.499145 0.020160
vt 0.499144 0.022414
vt 0.499144 0.021607
vt 0.499286 0.022410
vt 0.499286 0.021615
vt 0.504994 0.012012
vt 0.504226 0.012218
vt 0.504936 0.011879
vt 0.504205 0.012075
vt 0.505682 0.011614
vt 0.505592 0.011499
vt 0.506244 0.011051
vt 0.506127 0.010963
vt 0.506642 0.010361
vt 0.506506 0.010306
vt 0.506847 0.009592
vt 0.506702 0.009573
vt 0.506847 0.008796
vt 0.506702 0.008815
vt 0.506642 0.008026
vt 0.506506 0.008081
vt 0.506245 0.007337
vt 0.506128 0.007424
vt 0.505684 0.006774
vt 0.505593 0.006888
vt 0.504995 0.006376
vt 0.504937 0.006509
vt 0.504228 0.006170
vt 0.504206 0.006313
vt 0.503433 0.006170
vt 0.503449 0.006313
vt 0.502666 0.006376
vt 0.502717 0.006509
vt 0.501977 0.006775
vt 0.502062 0.006889
vt 0.501416 0.007338
vt 0.501526 0.007425
vt 0.501018 0.008027
vt 0.501148 0.008082
vt 0.500812 0.008797
vt 0.500951 0.008815
vt 0.500812 0.009593
vt 0.500951 0.009574
vt 0.501018 0.010362
vt 0.501147 0.010306
vt 0.503855 0.019274
vt 0.504643 0.019287
vt 0.503842 0.019421
vt 0.504642 0.019434
vt 0.504642 0.024688
vt 0.503842 0.023885
vt 0.499431 0.023878
vt 0.499430 0.024679
vt 0.499288 0.023886
vt 0.499287 0.024673
vt 0.497423 0.006173
vt 0.497441 0.006315
vt 0.496662 0.006377
vt 0.496716 0.006509
vt 0.496066 0.006887
vt 0.498917 0.006514
vt 0.498192 0.006317
vt 0.498973 0.006382
vt 0.498211 0.006175
vt 0.499293 0.026130
vt 0.499288 0.025439
vt 0.499436 0.026158
vt 0.499431 0.025457
vt 0.503100 0.026165
vt 0.503842 0.025465
vt 0.503842 0.031975
vt 0.504642 0.031988
vt 0.503855 0.032112
vt 0.504643 0.032125
vt 0.491926 0.018582
vt 0.491237 0.018980
vt 0.491839 0.018467
vt 0.491183 0.018847
vt 0.492489 0.018019
vt 0.492376 0.017931
vt 0.492755 0.017274
vt 0.492887 0.017329
vt 0.503124 0.032078
vt 0.502501 0.032024
vt 0.503100 0.031940
vt 0.502466 0.031886
vt 0.502466 0.026742
vt 0.491070 0.007044
vt 0.491070 0.011731
vt 0.490444 0.007044
vt 0.490444 0.012218
vt 0.491807 0.007043
vt 0.491807 0.011425
vt 0.491096 0.006901
vt 0.491821 0.006901
vt 0.493093 0.015764
vt 0.493093 0.016560
vt 0.492951 0.015782
vt 0.492951 0.016541
vt 0.492886 0.014995
vt 0.492755 0.015049
vt 0.492488 0.014305
vt 0.492375 0.014392
vt 0.491925 0.013742
vt 0.491839 0.013856
vt 0.491236 0.013344
vt 0.491182 0.013477
vt 0.490467 0.013138
vt 0.490449 0.013280
vt 0.489671 0.013138
vt 0.489691 0.013280
vt 0.488902 0.013344
vt 0.488958 0.013477
vt 0.488212 0.013742
vt 0.488301 0.013856
vt 0.487649 0.014305
vt 0.487764 0.014392
vt 0.487251 0.014995
vt 0.487385 0.015049
vt 0.487045 0.015763
vt 0.487189 0.015782
vt 0.487045 0.016560
vt 0.487189 0.016541
vt 0.487252 0.017329
vt 0.487386 0.017273
vt 0.487650 0.018019
vt 0.487765 0.017930
vt 0.488213 0.018582
vt 0.488301 0.018467
vt 0.488902 0.018980
vt 0.488958 0.018847
vt 0.489671 0.019186
vt 0.489691 0.019043
vt 0.490467 0.019186
vt 0.490449 0.019043
vt 0.505434 0.032115
vt 0.505446 0.031978
vt 0.506174 0.032083
vt 0.506198 0.031946
vt 0.506814 0.032031
vt 0.506847 0.031894
vt 0.486515 0.020154
vt 0.486515 0.020832
vt 0.486373 0.020185
vt 0.486372 0.020853
vt 0.486515 0.021600
vt 0.486372 0.021609
vt 0.486514 0.022409
vt 0.486372 0.022405
vt 0.499144 0.029060
vt 0.499144 0.029844
vt 0.492595 0.029060
vt 0.491801 0.029844
vt 0.493334 0.028353
vt 0.499144 0.028353
vt 0.493970 0.027772
vt 0.499144 0.027772
vt 0.494824 0.012218
vt 0.494167 0.011731
vt 0.494824 0.007044
vt 0.494167 0.007043
vt 0.493410 0.011425
vt 0.493410 0.007043
vt 0.492606 0.011320
vt 0.492606 0.007043
vt 0.493399 0.006901
vt 0.492607 0.006901
vt 0.484180 0.031982
vt 0.484180 0.029866
vt 0.484982 0.031980
vt 0.484982 0.029759
vt 0.484180 0.032125
vt 0.484969 0.032123
vt 0.500812 0.009600
vt 0.500669 0.009579
vt 0.500812 0.008804
vt 0.500669 0.008822
vt 0.494966 0.009567
vt 0.495161 0.010299
vt 0.494824 0.009587
vt 0.495028 0.010356
vt 0.484233 0.026025
vt 0.483439 0.026023
vt 0.484236 0.025882
vt 0.483429 0.025881
vt 0.483429 0.023660
vt 0.484236 0.023768
vt 0.482665 0.023343
vt 0.482665 0.025872
vt 0.481996 0.022837
vt 0.481996 0.025859
vt 0.489632 0.024769
vt 0.490267 0.024713
vt 0.489632 0.027772
vt 0.490267 0.028353
vt 0.491007 0.024678
vt 0.491006 0.029059
vt 0.491801 0.024666
vt 0.492595 0.024678
vt 0.492582 0.024540
vt 0.491801 0.024529
vt 0.498213 0.012218
vt 0.498194 0.012073
vt 0.498974 0.012014
vt 0.498919 0.011878
vt 0.499569 0.011501
vt 0.496718 0.011873
vt 0.497443 0.012071
vt 0.496663 0.012009
vt 0.497425 0.012217
vt 0.490291 0.024574
vt 0.491020 0.024540
vt 0.489666 0.024629
vt 0.482687 0.026015
vt 0.482029 0.026002
vt 0.495980 0.011609
vt 0.495422 0.011046
vt 0.496067 0.011493
vt 0.495536 0.010956
vt 0.500475 0.010311
vt 0.500608 0.010368
vt 0.500100 0.010966
vt 0.500214 0.011056
vt 0.485705 0.032116
vt 0.485729 0.031973
vt 0.486336 0.032106
vt 0.486371 0.031963
vt 0.485729 0.029443
vt 0.486371 0.028940
vt 0.493936 0.024629
vt 0.493970 0.024769
vt 0.493310 0.024574
vt 0.493334 0.024713
vt 0.499657 0.011618
vt 0.486515 0.029060
vt 0.486515 0.029844
vt 0.486373 0.029077
vt 0.486373 0.029850
vt 0.486515 0.028353
vt 0.486373 0.028382
vt 0.486515 0.027772
vt 0.486373 0.027809
vt 0.486922 0.011562
vt 0.486922 0.012218
vt 0.486779 0.011539
vt 0.486779 0.012186
vt 0.486922 0.010805
vt 0.486779 0.010794
vt 0.486922 0.010000
vt 0.486779 0.010002
vt 0.486922 0.009202
vt 0.486779 0.009216
vt 0.486922 0.008464
vt 0.486779 0.008490
vt 0.486922 0.007839
vt 0.486779 0.007874
vt 0.503100 0.019386
vt 0.502466 0.019331
vt 0.503125 0.019240
vt 0.502501 0.019186
vt 0.503100 0.023116
vt 0.502466 0.022430
vt 0.499444 0.022424
vt 0.499436 0.023109
vt 0.499293 0.023128
vt 0.499300 0.022454
vt 0.495979 0.006773
vt 0.495422 0.007335
vt 0.495536 0.007422
vt 0.495027 0.008023
vt 0.495160 0.008077
vt 0.500099 0.007432
vt 0.499568 0.006895
vt 0.500213 0.007345
vt 0.499656 0.006781
vt 0.482655 0.032116
vt 0.482023 0.032106
vt 0.482630 0.031973
vt 0.481989 0.031963
vt 0.482630 0.029443
vt 0.481989 0.028940
vt 0.483378 0.031980
vt 0.483390 0.032123
vt 0.483378 0.029759
vt 0.499444 0.026736
vt 0.499300 0.026699
vt 0.500607 0.008035
vt 0.500474 0.008089
vt 0.494966 0.008809
vt 0.494824 0.008791
vt 0.485015 0.026020
vt 0.485030 0.025878
vt 0.485732 0.026010
vt 0.485759 0.025867
vt 0.485759 0.023337
vt 0.485030 0.023657
vt 0.489245 0.009202
vt 0.489551 0.008464
vt 0.486371 0.022830
vt 0.486371 0.025851
vt 0.489140 0.010000
vt 0.486334 0.025994
vt 0.490039 0.007839
vt 0.489245 0.010805
vt 0.489551 0.011562
vt 0.490039 0.012218
vt 0.486373 0.030646
vt 0.486515 0.030653
vt 0.486515 0.031431
vt 0.486373 0.031412
vt 0.499144 0.030653
vt 0.499144 0.031431
vt 0.486515 0.032125
vt 0.486373 0.032095
vt 0.499144 0.032125
vt 0.499143 0.024529
vt 0.499143 0.023927
vt 0.499285 0.024492
vt 0.499285 0.023900
vt 0.486514 0.023921
vt 0.486513 0.024523
vt 0.499143 0.023205
vt 0.499286 0.023189
vt 0.486514 0.023200
vt 0.494144 0.006901
vt 0.494791 0.006901
vt 0.499287 0.028382
vt 0.499287 0.027809
vt 0.499287 0.029078
vt 0.499287 0.029850
vt 0.499287 0.030646
vt 0.499287 0.031412
vt 0.499287 0.032095
vt 0.486371 0.023894
vt 0.486371 0.024487
vt 0.486371 0.023184
vt 0.490479 0.006901
vt 0.506847 0.019339
vt 0.506814 0.019194
vt 0.486156 0.027643
vt 0.481980 0.027643
vt 0.486162 0.027168
vt 0.481986 0.027168
vt 0.486284 0.027643
vt 0.486290 0.027178
vt 0.484588 0.009712
vt 0.485043 0.009819
vt 0.484572 0.009848
vt 0.484996 0.009947
vt 0.485697 0.010394
vt 0.485374 0.010133
vt 0.485796 0.010299
vt 0.485449 0.010019
vt 0.486335 0.026375
vt 0.486307 0.026752
vt 0.486208 0.026346
vt 0.486180 0.026731
vt 0.482004 0.026731
vt 0.482032 0.026346
vt 0.486208 0.028940
vt 0.482032 0.028940
vt 0.486180 0.028555
vt 0.482004 0.028555
vt 0.486335 0.028911
vt 0.486307 0.028535
vt 0.483678 0.009815
vt 0.483725 0.009943
vt 0.483277 0.010009
vt 0.483352 0.010124
vt 0.482929 0.010284
vt 0.483028 0.010380
vt 0.485955 0.010717
vt 0.486073 0.010646
vt 0.486136 0.011090
vt 0.486267 0.011047
vt 0.486359 0.022102
vt 0.486364 0.022479
vt 0.486235 0.022123
vt 0.486240 0.022508
vt 0.482038 0.022508
vt 0.482032 0.022123
vt 0.486237 0.017003
vt 0.486230 0.017402
vt 0.482036 0.017003
vt 0.482029 0.017402
vt 0.486355 0.017420
vt 0.486362 0.017030
vt 0.482648 0.010630
vt 0.482766 0.010702
vt 0.482448 0.011035
vt 0.482580 0.011079
vt 0.482341 0.011489
vt 0.482481 0.011502
vt 0.486232 0.011934
vt 0.486232 0.011500
vt 0.486371 0.011953
vt 0.486370 0.011486
vt 0.486355 0.021211
vt 0.486356 0.021676
vt 0.486230 0.021211
vt 0.486231 0.021687
vt 0.482028 0.021211
vt 0.482029 0.021687
vt 0.486226 0.018325
vt 0.482025 0.018325
vt 0.486227 0.017847
vt 0.482025 0.017847
vt 0.486351 0.018322
vt 0.486352 0.017855
vt 0.486228 0.018796
vt 0.486353 0.018783
vt 0.482342 0.011955
vt 0.482481 0.011937
vt 0.482445 0.012395
vt 0.482577 0.012346
vt 0.485946 0.012734
vt 0.486133 0.012357
vt 0.486064 0.012812
vt 0.486264 0.012407
vt 0.486359 0.020320
vt 0.486356 0.020746
vt 0.486235 0.020299
vt 0.486231 0.020736
vt 0.482029 0.020736
vt 0.482032 0.020299
vt 0.486234 0.019222
vt 0.482032 0.019222
vt 0.482027 0.018796
vt 0.486358 0.019200
vt 0.486242 0.019593
vt 0.486366 0.019561
vt 0.486246 0.013730
vt 0.486371 0.013763
vt 0.486242 0.014084
vt 0.486366 0.014110
vt 0.482916 0.013143
vt 0.482640 0.012796
vt 0.483016 0.013042
vt 0.482758 0.012718
vt 0.485361 0.013312
vt 0.485685 0.013056
vt 0.485435 0.013433
vt 0.485783 0.013158
vt 0.486364 0.019943
vt 0.486240 0.019914
vt 0.486371 0.019629
vt 0.486246 0.019593
vt 0.482038 0.019914
vt 0.482044 0.019593
vt 0.482039 0.014084
vt 0.482044 0.013730
vt 0.486239 0.014494
vt 0.482036 0.014494
vt 0.486363 0.014510
vt 0.486237 0.014945
vt 0.486361 0.014951
vt 0.483669 0.013624
vt 0.483262 0.013423
vt 0.483717 0.013489
vt 0.483338 0.013303
vt 0.484987 0.013493
vt 0.485034 0.013627
vt 0.484577 0.013588
vt 0.484592 0.013730
vt 0.486366 0.016282
vt 0.486242 0.016307
vt 0.486363 0.015875
vt 0.486239 0.015890
vt 0.482039 0.016307
vt 0.482036 0.015890
vt 0.486237 0.015424
vt 0.482034 0.015424
vt 0.482034 0.014945
vt 0.486361 0.015419
vt 0.486246 0.016663
vt 0.482044 0.016663
vt 0.486371 0.016630
vt 0.484141 0.013588
vt 0.484125 0.013730
vt 0.482040 0.019593
vt 0.486246 0.016663
vt 0.486371 0.016698
vt 0.482045 0.016663
vt 0.482044 0.022830
vt 0.486246 0.022830
vt 0.486244 0.026025
vt 0.486371 0.026061
vt 0.484136 0.009848
vt 0.484120 0.009712
vt 0.486290 0.028108
vt 0.486162 0.028119
vt 0.481986 0.028119
vt 0.408510 0.801303
vt 0.407348 0.801551
vt 0.407466 0.794733
vt 0.406287 0.794854
vt 0.409336 0.801126
vt 0.408311 0.794644
vt 0.508742 0.713416
vt 0.502268 0.713568
vt 0.508633 0.712508
vt 0.502210 0.712659
vt 0.508597 0.711314
vt 0.502191 0.711464
vt 0.306177 0.712512
vt 0.306211 0.711318
vt 0.312631 0.712662
vt 0.312647 0.711467
vt 0.306080 0.713422
vt 0.312584 0.713573
vt 0.464039 0.851301
vt 0.457465 0.850261
vt 0.464123 0.850459
vt 0.457640 0.849432
vt 0.463912 0.852479
vt 0.457221 0.851418
vt 0.484141 0.851418
vt 0.477449 0.852479
vt 0.483897 0.850261
vt 0.477323 0.851301
vt 0.490690 0.849668
vt 0.490319 0.848540
vt 0.497016 0.847239
vt 0.496532 0.846154
vt 0.503056 0.844163
vt 0.502463 0.843135
vt 0.508739 0.840471
vt 0.508039 0.839511
vt 0.514003 0.836203
vt 0.513212 0.835323
vt 0.518796 0.831413
vt 0.517917 0.830618
vt 0.523061 0.826144
vt 0.522102 0.825450
vt 0.526751 0.820462
vt 0.525726 0.819868
vt 0.529829 0.814422
vt 0.528748 0.813943
vt 0.532258 0.808096
vt 0.531129 0.807730
vt 0.534012 0.801551
vt 0.532852 0.801303
vt 0.535074 0.794854
vt 0.533895 0.794733
vt 0.535427 0.788086
vt 0.534241 0.788086
vt 0.533895 0.781445
vt 0.535074 0.781318
vt 0.534012 0.774626
vt 0.532852 0.774874
vt 0.532258 0.768081
vt 0.531129 0.768448
vt 0.410233 0.768447
vt 0.408510 0.774874
vt 0.409102 0.768081
vt 0.407348 0.774626
vt 0.407466 0.781445
vt 0.406287 0.781318
vt 0.407120 0.788086
vt 0.405934 0.788086
vt 0.408311 0.781533
vt 0.407968 0.788086
vt 0.495713 0.713623
vt 0.489157 0.713582
vt 0.495709 0.712714
vt 0.489204 0.712673
vt 0.489224 0.711478
vt 0.495708 0.711519
vt 0.325633 0.712662
vt 0.319140 0.712712
vt 0.325614 0.711467
vt 0.319140 0.711517
vt 0.325695 0.713573
vt 0.319149 0.713623
vt 0.470681 0.851651
vt 0.470681 0.850800
vt 0.477238 0.850459
vt 0.332152 0.713422
vt 0.332038 0.712512
vt 0.338285 0.712264
vt 0.338455 0.713172
vt 0.344307 0.711922
vt 0.344526 0.712826
vt 0.350039 0.711487
vt 0.350300 0.712389
vt 0.355721 0.711864
vt 0.355416 0.710966
vt 0.360725 0.711256
vt 0.360377 0.710364
vt 0.271696 0.695836
vt 0.267091 0.695192
vt 0.272071 0.694950
vt 0.267432 0.694302
vt 0.262331 0.693725
vt 0.262033 0.694619
vt 0.256826 0.693225
vt 0.256569 0.694124
vt 0.250976 0.692809
vt 0.250769 0.693711
vt 0.244847 0.692480
vt 0.244691 0.693385
vt 0.238504 0.692242
vt 0.238399 0.693150
vt 0.232023 0.692100
vt 0.231968 0.693007
vt 0.225464 0.692051
vt 0.225464 0.692960
vt 0.218962 0.693007
vt 0.218911 0.692100
vt 0.533394 0.788086
vt 0.533049 0.781533
vt 0.212535 0.693150
vt 0.212425 0.692242
vt 0.532026 0.775047
vt 0.206243 0.693385
vt 0.206087 0.692480
vt 0.530324 0.768708
vt 0.200165 0.693711
vt 0.199958 0.692809
vt 0.528748 0.762235
vt 0.527974 0.762580
vt 0.525726 0.756309
vt 0.524994 0.756729
vt 0.529829 0.761750
vt 0.526751 0.755715
vt 0.523061 0.750029
vt 0.522102 0.750727
vt 0.517917 0.745559
vt 0.518796 0.744763
vt 0.513212 0.740854
vt 0.514003 0.739969
vt 0.508739 0.735706
vt 0.508039 0.736665
vt 0.503056 0.732014
vt 0.502463 0.733041
vt 0.497016 0.728938
vt 0.496532 0.730020
vt 0.490690 0.726509
vt 0.490319 0.727637
vt 0.484141 0.724754
vt 0.483897 0.725916
vt 0.477449 0.723697
vt 0.477323 0.724876
vt 0.470681 0.723340
vt 0.470681 0.724527
vt 0.464039 0.724876
vt 0.463912 0.723697
vt 0.457465 0.725916
vt 0.457221 0.724754
vt 0.451041 0.727637
vt 0.450671 0.726509
vt 0.444828 0.730020
vt 0.444346 0.728938
vt 0.438899 0.733041
vt 0.438305 0.732014
vt 0.433321 0.736665
vt 0.432623 0.735706
vt 0.428148 0.740854
vt 0.427358 0.739969
vt 0.423442 0.745559
vt 0.422564 0.744763
vt 0.419259 0.750727
vt 0.418299 0.750029
vt 0.415635 0.756309
vt 0.414608 0.755715
vt 0.412614 0.762235
vt 0.411531 0.761750
vt 0.416368 0.756729
vt 0.413388 0.762580
vt 0.411035 0.768708
vt 0.476312 0.713211
vt 0.470166 0.712885
vt 0.476465 0.712304
vt 0.470369 0.711981
vt 0.482664 0.713444
vt 0.482769 0.712536
vt 0.482802 0.711342
vt 0.476518 0.711111
vt 0.332005 0.711318
vt 0.338235 0.711071
vt 0.344240 0.710729
vt 0.349957 0.710296
vt 0.355315 0.709777
vt 0.360265 0.709176
vt 0.266978 0.696381
vt 0.271570 0.697023
vt 0.261932 0.695810
vt 0.256485 0.695316
vt 0.250698 0.694904
vt 0.244637 0.694579
vt 0.238365 0.694344
vt 0.231951 0.694202
vt 0.225464 0.694155
vt 0.218983 0.694202
vt 0.212569 0.694344
vt 0.206297 0.694579
vt 0.200232 0.694904
vt 0.194449 0.695316
vt 0.194365 0.694124
vt 0.189002 0.695810
vt 0.188901 0.694619
vt 0.194108 0.693225
vt 0.188602 0.693725
vt 0.183843 0.695192
vt 0.183501 0.694302
vt 0.521414 0.751224
vt 0.517286 0.746123
vt 0.178858 0.694950
vt 0.179237 0.695836
vt 0.512645 0.741480
vt 0.449327 0.694308
vt 0.448982 0.695199
vt 0.444255 0.693712
vt 0.443955 0.694608
vt 0.507543 0.737352
vt 0.438776 0.693195
vt 0.438519 0.694095
vt 0.502037 0.733778
vt 0.432952 0.692762
vt 0.432737 0.693666
vt 0.496192 0.730794
vt 0.426841 0.692419
vt 0.426677 0.693325
vt 0.490064 0.728440
vt 0.420510 0.692170
vt 0.420401 0.693078
vt 0.483720 0.726745
vt 0.414035 0.692016
vt 0.413978 0.692925
vt 0.477238 0.725718
vt 0.407481 0.691960
vt 0.407477 0.692870
vt 0.470681 0.725373
vt 0.400921 0.692002
vt 0.400972 0.692912
vt 0.394431 0.692142
vt 0.394533 0.693051
vt 0.388081 0.692378
vt 0.388232 0.693285
vt 0.381937 0.692709
vt 0.382138 0.693613
vt 0.376065 0.693130
vt 0.376312 0.694030
vt 0.370533 0.693635
vt 0.370828 0.694532
vt 0.365402 0.694221
vt 0.365741 0.695113
vt 0.360725 0.694880
vt 0.361102 0.695767
vt 0.458761 0.711970
vt 0.453629 0.711392
vt 0.459057 0.711075
vt 0.453967 0.710501
vt 0.464293 0.712470
vt 0.464547 0.711570
vt 0.464630 0.710378
vt 0.459157 0.709884
vt 0.454080 0.709312
vt 0.424074 0.746123
vt 0.419944 0.751224
vt 0.449327 0.709855
vt 0.449453 0.708668
vt 0.428717 0.741480
vt 0.370928 0.695722
vt 0.365852 0.696301
vt 0.433819 0.737352
vt 0.376396 0.695222
vt 0.439324 0.733778
vt 0.382205 0.694805
vt 0.445175 0.730794
vt 0.388282 0.694479
vt 0.451303 0.728440
vt 0.394566 0.694245
vt 0.457640 0.726745
vt 0.400987 0.694107
vt 0.464123 0.725718
vt 0.407476 0.694064
vt 0.413958 0.694120
vt 0.420367 0.694272
vt 0.426625 0.694519
vt 0.432669 0.694858
vt 0.438435 0.695286
vt 0.443851 0.695798
vt 0.448868 0.696387
vt 0.183956 0.696381
vt 0.179364 0.697023
vt 0.470435 0.710789
vt 0.409336 0.775047
vt 0.533049 0.794644
vt 0.532026 0.801126
vt 0.530324 0.807468
vt 0.527974 0.813597
vt 0.524994 0.819447
vt 0.521414 0.824953
vt 0.517286 0.830054
vt 0.512645 0.834692
vt 0.507543 0.838826
vt 0.502037 0.842399
vt 0.496192 0.845379
vt 0.490064 0.847732
vt 0.483720 0.849432
vt 0.470681 0.852837
vt 0.451041 0.848540
vt 0.450671 0.849668
vt 0.444828 0.846154
vt 0.444346 0.847239
vt 0.451303 0.847732
vt 0.445175 0.845379
vt 0.293720 0.711922
vt 0.299850 0.712264
vt 0.293523 0.712826
vt 0.299704 0.713172
vt 0.293788 0.710729
vt 0.299901 0.711071
vt 0.287848 0.711487
vt 0.287934 0.710296
vt 0.282309 0.710966
vt 0.282410 0.709777
vt 0.277157 0.710364
vt 0.277270 0.709176
vt 0.272445 0.709688
vt 0.272573 0.708501
vt 0.537213 0.710411
vt 0.532186 0.710996
vt 0.537099 0.709223
vt 0.532084 0.709806
vt 0.526749 0.711503
vt 0.526664 0.710312
vt 0.520972 0.711927
vt 0.520900 0.710734
vt 0.514912 0.712263
vt 0.514857 0.711070
vt 0.521182 0.712830
vt 0.515072 0.713169
vt 0.413388 0.813597
vt 0.412614 0.813943
vt 0.411035 0.807468
vt 0.410233 0.807730
vt 0.411531 0.814422
vt 0.409102 0.808096
vt 0.438899 0.843135
vt 0.438305 0.844163
vt 0.433321 0.839511
vt 0.432623 0.840471
vt 0.439324 0.842399
vt 0.433819 0.838826
vt 0.282018 0.711864
vt 0.287605 0.712389
vt 0.428717 0.834692
vt 0.428148 0.835323
vt 0.276821 0.711256
vt 0.424074 0.830054
vt 0.423442 0.830618
vt 0.272071 0.710575
vt 0.419944 0.824953
vt 0.419259 0.825450
vt 0.537557 0.711302
vt 0.532488 0.711891
vt 0.416368 0.819447
vt 0.415635 0.819868
vt 0.527010 0.712402
vt 0.418299 0.826144
vt 0.414608 0.820462
vt 0.422564 0.831413
vt 0.427358 0.836203
vt 0.400343 0.791773
vt 0.402645 0.806318
vt 0.452452 0.856123
vt 0.466994 0.858427
vt 0.481698 0.857655
vt 0.495922 0.853846
vt 0.509042 0.847162
vt 0.520484 0.837893
vt 0.529750 0.826449
vt 0.536437 0.813329
vt 0.540249 0.799106
vt 0.541210 0.788086
vt 0.540827 0.780713
vt 0.538715 0.769858
vt 0.404924 0.762846
vt 0.401113 0.777068
vt 0.533438 0.756110
vt 0.525419 0.743761
vt 0.515006 0.733348
vt 0.502658 0.725329
vt 0.488910 0.720051
vt 0.474367 0.717749
vt 0.459662 0.718520
vt 0.445438 0.722331
vt 0.432319 0.729016
vt 0.420876 0.738281
vt 0.411610 0.749726
vt 0.438702 0.850848
vt 0.407923 0.820064
vt 0.426356 0.842827
vt 0.415943 0.832414
vt 0.470681 0.879979
vt 0.549574 0.844335
vt 0.480618 0.909907
vt 0.862750 0.909907
vt 0.098487 0.909907
vt 0.395318 0.864675
vt 0.098487 0.907086
vt 0.365348 0.774884
vt 0.098487 0.485798
vt 0.392550 0.695381
vt 0.480618 0.485798
vt 0.470681 0.683394
vt 0.862750 0.485798
vt 0.558260 0.728116
vt 0.299957 0.695169
vt 0.300268 0.693809
vt 0.306267 0.695416
vt 0.306469 0.694051
vt 0.294260 0.693473
vt 0.293844 0.694827
vt 0.288506 0.693047
vt 0.287989 0.694394
vt 0.283077 0.692537
vt 0.282466 0.693875
vt 0.278025 0.691946
vt 0.277326 0.693274
vt 0.564743 0.786970
vt 0.565227 0.787921
vt 0.558913 0.789566
vt 0.559295 0.790562
vt 0.536379 0.691984
vt 0.537099 0.693308
vt 0.531450 0.692557
vt 0.532084 0.693891
vt 0.526124 0.693055
vt 0.526664 0.694397
vt 0.520458 0.693470
vt 0.520900 0.694820
vt 0.514519 0.693799
vt 0.514857 0.695155
vt 0.508369 0.694039
vt 0.508597 0.695399
vt 0.502072 0.694187
vt 0.502191 0.695549
vt 0.495700 0.694241
vt 0.495708 0.695604
vt 0.489328 0.694201
vt 0.489224 0.695563
vt 0.483015 0.694067
vt 0.482802 0.695427
vt 0.476840 0.693840
vt 0.476518 0.695196
vt 0.470861 0.693523
vt 0.470435 0.694874
vt 0.465156 0.693120
vt 0.464630 0.694464
vt 0.459777 0.692634
vt 0.459157 0.693969
vt 0.454787 0.692072
vt 0.454080 0.693397
vt 0.482738 0.760322
vt 0.481788 0.760807
vt 0.480143 0.754493
vt 0.479147 0.754875
vt 0.366560 0.713538
vt 0.365852 0.712212
vt 0.371549 0.712969
vt 0.370928 0.711633
vt 0.376923 0.712477
vt 0.376396 0.711132
vt 0.382633 0.712068
vt 0.382205 0.710716
vt 0.388605 0.711747
vt 0.388282 0.710390
vt 0.394781 0.711517
vt 0.394566 0.710156
vt 0.401091 0.711381
vt 0.400987 0.710017
vt 0.407469 0.711340
vt 0.407476 0.709975
vt 0.413840 0.711395
vt 0.413958 0.710031
vt 0.420135 0.711544
vt 0.420367 0.710183
vt 0.426289 0.711787
vt 0.426625 0.710430
vt 0.432227 0.712120
vt 0.432669 0.710769
vt 0.437895 0.712541
vt 0.438435 0.711197
vt 0.443218 0.713043
vt 0.443851 0.711708
vt 0.448148 0.713623
vt 0.448868 0.712298
vt 0.509384 0.678322
vt 0.508900 0.677372
vt 0.515215 0.675726
vt 0.514833 0.674730
vt 0.184669 0.713623
vt 0.183956 0.712299
vt 0.189629 0.713062
vt 0.189002 0.711729
vt 0.194982 0.712576
vt 0.194449 0.711234
vt 0.200665 0.712171
vt 0.200232 0.710822
vt 0.206626 0.711852
vt 0.206297 0.710497
vt 0.212791 0.711621
vt 0.212569 0.710263
vt 0.219095 0.711481
vt 0.218983 0.710120
vt 0.225464 0.711435
vt 0.225464 0.710073
vt 0.231840 0.711481
vt 0.231951 0.710120
vt 0.238143 0.711621
vt 0.238365 0.710263
vt 0.244307 0.711852
vt 0.244637 0.710497
vt 0.250264 0.712171
vt 0.250697 0.710822
vt 0.255952 0.712576
vt 0.256485 0.711234
vt 0.261304 0.713062
vt 0.261932 0.711729
vt 0.266264 0.713623
vt 0.266978 0.712299
vt 0.591389 0.704969
vt 0.592340 0.704485
vt 0.593985 0.710800
vt 0.594980 0.710418
vt 0.359593 0.691946
vt 0.360321 0.693274
vt 0.354728 0.692537
vt 0.355371 0.693875
vt 0.349463 0.693047
vt 0.350012 0.694394
vt 0.343842 0.693473
vt 0.344295 0.694827
vt 0.337943 0.693809
vt 0.338291 0.695169
vt 0.331817 0.694051
vt 0.332061 0.695416
vt 0.325539 0.694198
vt 0.325670 0.695566
vt 0.319175 0.694247
vt 0.319196 0.695615
vt 0.312794 0.694198
vt 0.312702 0.695566
vt 0.702482 0.687275
vt 0.702720 0.688633
vt 0.697464 0.687502
vt 0.697811 0.688855
vt 0.707751 0.688483
vt 0.707622 0.687122
vt 0.712841 0.688408
vt 0.712824 0.687045
vt 0.648136 0.686980
vt 0.648055 0.688348
vt 0.642925 0.686981
vt 0.642956 0.688348
vt 0.653107 0.688427
vt 0.653297 0.687060
vt 0.658061 0.688582
vt 0.658361 0.687220
vt 0.717931 0.688408
vt 0.718026 0.687045
vt 0.722976 0.688483
vt 0.723181 0.687121
vt 0.637730 0.687060
vt 0.637872 0.688426
vt 0.632606 0.687220
vt 0.632859 0.688583
vt 0.727909 0.688633
vt 0.728222 0.687274
vt 0.732686 0.688856
vt 0.733104 0.687503
vt 0.737242 0.689149
vt 0.737759 0.687802
vt 0.741543 0.689510
vt 0.742155 0.688170
vt 0.745532 0.689933
vt 0.746231 0.688604
vt 0.493668 0.754756
vt 0.492718 0.755240
vt 0.491593 0.750098
vt 0.490597 0.750480
vt 0.444819 0.567580
vt 0.444111 0.566254
vt 0.448806 0.567125
vt 0.448185 0.565789
vt 0.453099 0.566732
vt 0.452573 0.565388
vt 0.457658 0.566406
vt 0.457232 0.565054
vt 0.462428 0.566150
vt 0.462104 0.564792
vt 0.467362 0.565966
vt 0.467149 0.564604
vt 0.472401 0.565857
vt 0.472298 0.564493
vt 0.477498 0.565824
vt 0.477506 0.564459
vt 0.482588 0.565868
vt 0.482708 0.564504
vt 0.487616 0.565987
vt 0.487846 0.564625
vt 0.492532 0.566181
vt 0.492870 0.564824
vt 0.497275 0.566447
vt 0.497716 0.565096
vt 0.501802 0.566783
vt 0.502342 0.565439
vt 0.506052 0.567184
vt 0.506685 0.565850
vt 0.509992 0.567648
vt 0.510712 0.566323
vt 0.514952 0.689252
vt 0.514469 0.688302
vt 0.519611 0.687177
vt 0.519229 0.686181
vt 0.541163 0.689906
vt 0.540449 0.688582
vt 0.545125 0.689458
vt 0.544498 0.688124
vt 0.549401 0.689070
vt 0.548869 0.687728
vt 0.553939 0.688747
vt 0.553505 0.687398
vt 0.558701 0.688491
vt 0.558371 0.687137
vt 0.563627 0.688307
vt 0.563405 0.686948
vt 0.568661 0.688195
vt 0.568549 0.686834
vt 0.573749 0.688158
vt 0.573749 0.686797
vt 0.578842 0.688195
vt 0.578954 0.686834
vt 0.583876 0.688307
vt 0.584098 0.686948
vt 0.588801 0.688491
vt 0.589131 0.687137
vt 0.593560 0.688747
vt 0.593995 0.687398
vt 0.598103 0.689070
vt 0.598636 0.687728
vt 0.602378 0.689458
vt 0.603005 0.688124
vt 0.606340 0.689906
vt 0.607054 0.688583
vt 0.580459 0.710536
vt 0.581410 0.710052
vt 0.582532 0.715196
vt 0.583529 0.714812
vt 0.610686 0.690435
vt 0.609946 0.689112
vt 0.614568 0.689933
vt 0.613915 0.688600
vt 0.618767 0.689493
vt 0.618207 0.688150
vt 0.623256 0.689119
vt 0.622794 0.687768
vt 0.627967 0.688814
vt 0.627608 0.687456
vt 0.662863 0.688814
vt 0.663267 0.687456
vt 0.667464 0.689119
vt 0.667969 0.687768
vt 0.671800 0.689493
vt 0.672401 0.688150
vt 0.675839 0.689933
vt 0.676529 0.688600
vt 0.559175 0.776040
vt 0.559659 0.776991
vt 0.554516 0.778114
vt 0.554898 0.779111
vt 0.680358 0.690416
vt 0.679630 0.689097
vt 0.684293 0.689933
vt 0.683651 0.688604
vt 0.688544 0.689510
vt 0.687995 0.688171
vt 0.693067 0.689149
vt 0.692617 0.687802
vt 0.702867 0.711840
vt 0.707898 0.711690
vt 0.653204 0.711615
vt 0.648152 0.711536
vt 0.712988 0.711615
vt 0.718078 0.711615
vt 0.637969 0.711615
vt 0.643053 0.711537
vt 0.723123 0.711690
vt 0.728056 0.711840
vt 0.732833 0.712063
vt 0.737389 0.712356
vt 0.741690 0.712716
vt 0.745679 0.713141
vt 0.749168 0.690416
vt 0.749315 0.713623
vt 0.444819 0.590782
vt 0.448806 0.590327
vt 0.453099 0.589934
vt 0.457658 0.589607
vt 0.462428 0.589351
vt 0.467362 0.589167
vt 0.472401 0.589059
vt 0.477498 0.589026
vt 0.482588 0.589069
vt 0.487616 0.589189
vt 0.492532 0.589383
vt 0.497275 0.589648
vt 0.501802 0.589984
vt 0.506052 0.590386
vt 0.509992 0.590850
vt 0.541163 0.713119
vt 0.537557 0.690410
vt 0.537557 0.713623
vt 0.545125 0.712671
vt 0.549401 0.712283
vt 0.553939 0.711960
vt 0.558701 0.711704
vt 0.563627 0.711520
vt 0.568661 0.711408
vt 0.573749 0.711371
vt 0.578842 0.711408
vt 0.583876 0.711520
vt 0.588801 0.711704
vt 0.593560 0.711960
vt 0.598103 0.712283
vt 0.602378 0.712671
vt 0.606340 0.713119
vt 0.609946 0.690410
vt 0.609946 0.713623
vt 0.610783 0.713623
vt 0.614666 0.713121
vt 0.618865 0.712681
vt 0.623354 0.712307
vt 0.628064 0.712002
vt 0.632956 0.711771
vt 0.662960 0.712002
vt 0.658158 0.711770
vt 0.667561 0.712307
vt 0.671897 0.712681
vt 0.675937 0.713121
vt 0.679533 0.690435
vt 0.679630 0.713623
vt 0.680505 0.713623
vt 0.684440 0.713140
vt 0.688691 0.712716
vt 0.693213 0.712356
vt 0.697958 0.712063
vt 0.272629 0.692600
vt 0.449453 0.692753
vt 0.179364 0.712941
vt 0.271570 0.712941
vt 0.527524 0.792866
vt 0.521282 0.791536
vt 0.529278 0.781805
vt 0.524181 0.780718
vt 0.591387 0.760330
vt 0.588194 0.765855
vt 0.581407 0.755246
vt 0.578801 0.759754
vt 0.515210 0.789564
vt 0.509384 0.786968
vt 0.519225 0.779107
vt 0.514468 0.776989
vt 0.595957 0.748427
vt 0.593982 0.754496
vt 0.585138 0.745528
vt 0.583524 0.750482
vt 0.503855 0.783779
vt 0.498693 0.780028
vt 0.509952 0.774386
vt 0.505739 0.771326
vt 0.493947 0.775756
vt 0.501867 0.767835
vt 0.489679 0.771016
vt 0.498387 0.763967
vt 0.485929 0.765851
vt 0.495321 0.759754
vt 0.478170 0.748422
vt 0.488987 0.745523
vt 0.476844 0.742183
vt 0.487905 0.740430
vt 0.476175 0.735834
vt 0.487359 0.735248
vt 0.476177 0.729455
vt 0.487361 0.730044
vt 0.476842 0.723107
vt 0.487905 0.724859
vt 0.478170 0.716866
vt 0.488988 0.719766
vt 0.480143 0.710794
vt 0.490599 0.714808
vt 0.482740 0.704963
vt 0.492719 0.710047
vt 0.485929 0.699436
vt 0.495322 0.705536
vt 0.489683 0.694273
vt 0.498388 0.701321
vt 0.493950 0.689533
vt 0.501868 0.697452
vt 0.498696 0.685261
vt 0.505742 0.693966
vt 0.503856 0.681513
vt 0.509955 0.690908
vt 0.521284 0.673754
vt 0.524185 0.684570
vt 0.527528 0.672425
vt 0.529282 0.683488
vt 0.533871 0.671759
vt 0.534457 0.682944
vt 0.540257 0.671759
vt 0.539669 0.682943
vt 0.546604 0.672426
vt 0.544852 0.683488
vt 0.552847 0.673753
vt 0.549948 0.684569
vt 0.558913 0.675725
vt 0.554898 0.686182
vt 0.564745 0.678320
vt 0.559661 0.688298
vt 0.570272 0.681512
vt 0.564171 0.690905
vt 0.575435 0.685263
vt 0.568386 0.693967
vt 0.580176 0.689535
vt 0.572257 0.697455
vt 0.584448 0.694276
vt 0.575742 0.701326
vt 0.588198 0.699442
vt 0.578805 0.705538
vt 0.595958 0.716871
vt 0.585139 0.719769
vt 0.597284 0.723108
vt 0.586222 0.724858
vt 0.597948 0.729458
vt 0.586763 0.730043
vt 0.597950 0.735837
vt 0.586765 0.735250
vt 0.597281 0.742184
vt 0.586219 0.740431
vt 0.584444 0.771018
vt 0.580173 0.775759
vt 0.575740 0.763969
vt 0.572253 0.767839
vt 0.575432 0.780031
vt 0.568381 0.771328
vt 0.570271 0.783780
vt 0.564172 0.774387
vt 0.552842 0.791539
vt 0.549942 0.780722
vt 0.546599 0.792868
vt 0.544847 0.781804
vt 0.540251 0.793532
vt 0.539667 0.782346
vt 0.533870 0.793533
vt 0.534456 0.782350
vt 0.868243 0.912588
vt 0.865489 0.909907
vt 0.868180 0.909907
vt 0.865579 0.912735
vt 0.862750 0.912646
vt 0.868180 0.485798
vt 0.865489 0.485798
vt 0.084506 0.514068
vt 0.085382 0.514198
vt 0.084506 0.938774
vt 0.085382 0.938643
vt 0.278592 0.610086
vt 0.703037 0.610087
vt 0.278689 0.611041
vt 0.702945 0.611041
vt 0.702869 0.807930
vt 0.702869 0.810665
vt 0.278760 0.807930
vt 0.278760 0.810664
vt 0.702869 0.813403
vt 0.278760 0.813403
vt 0.702869 0.816058
vt 0.278760 0.816058
vt 0.702869 0.818455
vt 0.278760 0.818455
vt 0.872903 0.909907
vt 0.870714 0.909907
vt 0.872903 0.485798
vt 0.870714 0.485798
vt 0.872806 0.912398
vt 0.870705 0.912458
vt 0.868167 0.915320
vt 0.870457 0.915151
vt 0.867994 0.917613
vt 0.870121 0.917276
vt 0.869939 0.918754
vt 0.867889 0.919424
vt 0.865302 0.917857
vt 0.865242 0.919958
vt 0.862750 0.920058
vt 0.862750 0.917871
vt 0.865431 0.915395
vt 0.862750 0.915336
vt 0.862750 0.480368
vt 0.862750 0.483058
vt 0.480618 0.480368
vt 0.480618 0.483058
vt 0.865431 0.480309
vt 0.865579 0.482974
vt 0.868243 0.483121
vt 0.868167 0.480385
vt 0.870705 0.483247
vt 0.870457 0.480553
vt 0.872270 0.480663
vt 0.872806 0.483310
vt 0.276273 0.818373
vt 0.276210 0.816073
vt 0.276083 0.813481
vt 0.275936 0.810761
vt 0.276021 0.807951
vt 0.278765 0.613594
vt 0.276021 0.613616
vt 0.278744 0.612210
vt 0.275982 0.612232
vt 0.275869 0.611064
vt 0.275676 0.610112
vt 0.085564 0.941560
vt 0.084714 0.941829
vt 0.083382 0.938942
vt 0.083619 0.942179
vt 0.082010 0.939148
vt 0.082280 0.942604
vt 0.082281 0.510238
vt 0.083088 0.506866
vt 0.084343 0.507501
vt 0.083619 0.510662
vt 0.082010 0.513693
vt 0.083382 0.513898
vt 0.085373 0.508015
vt 0.084714 0.511007
vt 0.085564 0.511281
vt 0.086170 0.508419
vt 0.708816 0.610197
vt 0.708530 0.611144
vt 0.705954 0.610112
vt 0.705764 0.611064
vt 0.708357 0.612308
vt 0.705646 0.612233
vt 0.708298 0.613692
vt 0.705608 0.613616
vt 0.702885 0.612210
vt 0.708298 0.808027
vt 0.705608 0.807952
vt 0.708357 0.810701
vt 0.705697 0.810761
vt 0.705550 0.813485
vt 0.708282 0.813515
vt 0.705420 0.816074
vt 0.708113 0.815929
vt 0.708008 0.817918
vt 0.705360 0.818373
vt 0.710058 0.817349
vt 0.710238 0.815728
vt 0.711172 0.816887
vt 0.711716 0.815703
vt 0.881477 0.599973
vt 0.880024 0.599956
vt 0.880927 0.598786
vt 0.879822 0.598328
vt 0.877921 0.599762
vt 0.880375 0.602198
vt 0.878110 0.602181
vt 0.875247 0.599624
vt 0.875393 0.602217
vt 0.872700 0.599641
vt 0.872716 0.602300
vt 0.095995 0.919958
vt 0.095935 0.917857
vt 0.098487 0.920058
vt 0.098487 0.917871
vt 0.095804 0.915395
vt 0.098487 0.915336
vt 0.098487 0.912646
vt 0.095657 0.912735
vt 0.095746 0.909907
vt 0.095746 0.485798
vt 0.107858 0.603767
vt 0.107771 0.602811
vt 0.872254 0.604560
vt 0.872352 0.603604
vt 0.864474 0.953131
vt 0.864607 0.954006
vt 0.099874 0.953131
vt 0.099743 0.954006
vt 0.085669 0.948299
vt 0.087651 0.950862
vt 0.084536 0.949115
vt 0.086670 0.951847
vt 0.088459 0.950058
vt 0.086599 0.947629
vt 0.089086 0.949431
vt 0.087318 0.947107
vt 0.270128 0.610357
vt 0.268255 0.611533
vt 0.267804 0.610604
vt 0.270502 0.611296
vt 0.268520 0.612688
vt 0.270726 0.612456
vt 0.270797 0.613837
vt 0.268613 0.614067
vt 0.877600 0.607218
vt 0.877600 0.801459
vt 0.874913 0.607139
vt 0.874913 0.801379
vt 0.877659 0.605836
vt 0.874953 0.605755
vt 0.877834 0.604671
vt 0.875074 0.604587
vt 0.878124 0.603723
vt 0.875271 0.603633
vt 0.093690 0.953143
vt 0.094096 0.952344
vt 0.096953 0.952950
vt 0.096684 0.953799
vt 0.093173 0.954170
vt 0.096334 0.954898
vt 0.092542 0.955424
vt 0.095908 0.956237
vt 0.099571 0.955130
vt 0.089398 0.953976
vt 0.090215 0.952844
vt 0.090888 0.951918
vt 0.091409 0.951195
vt 0.880802 0.603890
vt 0.880427 0.604830
vt 0.883112 0.604145
vt 0.872198 0.605730
vt 0.880202 0.605990
vt 0.882662 0.605075
vt 0.872175 0.607114
vt 0.880126 0.607371
vt 0.882392 0.606229
vt 0.882303 0.607609
vt 0.877662 0.804133
vt 0.875003 0.804188
vt 0.872175 0.801355
vt 0.872174 0.804088
vt 0.490054 0.800959
vt 0.490052 0.803692
vt 0.107932 0.606322
vt 0.107932 0.800562
vt 0.874850 0.806908
vt 0.872170 0.806827
vt 0.490048 0.806431
vt 0.872162 0.809485
vt 0.874713 0.809503
vt 0.874642 0.811807
vt 0.872150 0.811887
vt 0.490041 0.809089
vt 0.490029 0.811490
vt 0.865242 0.475747
vt 0.865302 0.477848
vt 0.862750 0.475651
vt 0.862750 0.477835
vt 0.867889 0.476282
vt 0.867994 0.478092
vt 0.869939 0.476951
vt 0.870121 0.478428
vt 0.871601 0.478609
vt 0.179221 0.691251
vt 0.180861 0.692051
vt 0.178858 0.692051
vt 0.271572 0.817349
vt 0.270456 0.816887
vt 0.271390 0.815727
vt 0.269913 0.815703
vt 0.271054 0.813491
vt 0.269244 0.813580
vt 0.270810 0.810722
vt 0.268709 0.810883
vt 0.268613 0.808402
vt 0.270797 0.808173
vt 0.273331 0.808026
vt 0.273272 0.810701
vt 0.273331 0.613691
vt 0.882205 0.804329
vt 0.880116 0.804160
vt 0.882303 0.801850
vt 0.880126 0.801612
vt 0.877580 0.806949
vt 0.879863 0.806930
vt 0.877400 0.809364
vt 0.879520 0.809168
vt 0.879330 0.810793
vt 0.880446 0.810334
vt 0.880992 0.809149
vt 0.877285 0.811357
vt 0.881666 0.807025
vt 0.273348 0.813515
vt 0.273516 0.815929
vt 0.273626 0.817918
vt 0.188685 0.691170
vt 0.190508 0.691985
vt 0.188685 0.692051
vt 0.480618 0.477835
vt 0.480618 0.475651
vt 0.273276 0.612308
vt 0.273103 0.611143
vt 0.272813 0.610196
vt 0.085373 0.944822
vt 0.086170 0.944422
vt 0.084343 0.945340
vt 0.083088 0.945971
vt 0.084536 0.503722
vt 0.085669 0.504543
vt 0.086670 0.500994
vt 0.087651 0.501979
vt 0.089398 0.498865
vt 0.090215 0.499997
vt 0.093173 0.498672
vt 0.092542 0.497413
vt 0.096334 0.497943
vt 0.095908 0.496605
vt 0.099571 0.497707
vt 0.099369 0.496335
vt 0.872112 0.804457
vt 0.872053 0.803286
vt 0.874928 0.804433
vt 0.874805 0.803263
vt 0.877678 0.804349
vt 0.877501 0.803183
vt 0.880253 0.804189
vt 0.880027 0.803028
vt 0.882460 0.803939
vt 0.882189 0.802784
vt 0.713378 0.611534
vt 0.713109 0.612688
vt 0.711131 0.611296
vt 0.710908 0.612456
vt 0.713021 0.614067
vt 0.710833 0.613838
vt 0.713021 0.808403
vt 0.710833 0.808173
vt 0.712920 0.810884
vt 0.710820 0.810723
vt 0.712385 0.813580
vt 0.710576 0.813491
vt 0.882155 0.602099
vt 0.880630 0.604969
vt 0.882693 0.604796
vt 0.880634 0.607517
vt 0.882784 0.607275
vt 0.878194 0.604998
vt 0.878126 0.607671
vt 0.875448 0.607750
vt 0.875546 0.604943
vt 0.872719 0.605040
vt 0.872713 0.607773
vt 0.108668 0.605040
vt 0.105980 0.602217
vt 0.108665 0.602300
vt 0.105839 0.604943
vt 0.103164 0.604998
vt 0.103229 0.602181
vt 0.106094 0.599624
vt 0.103384 0.599762
vt 0.103462 0.597765
vt 0.106125 0.597315
vt 0.108619 0.597234
vt 0.108649 0.599640
vt 0.101396 0.598328
vt 0.101235 0.599956
vt 0.100261 0.598786
vt 0.099728 0.599973
vt 0.722616 0.612412
vt 0.721147 0.612390
vt 0.722068 0.611227
vt 0.720958 0.610767
vt 0.188685 0.691152
vt 0.186904 0.692051
vt 0.186852 0.691152
vt 0.091115 0.917276
vt 0.089634 0.917096
vt 0.090779 0.915151
vt 0.088965 0.915046
vt 0.090530 0.912458
vt 0.088431 0.912398
vt 0.088333 0.909907
vt 0.090523 0.909907
vt 0.093055 0.909907
vt 0.093055 0.485798
vt 0.090523 0.485798
vt 0.092997 0.912588
vt 0.092997 0.483121
vt 0.090531 0.483247
vt 0.093070 0.480385
vt 0.090779 0.480553
vt 0.093241 0.478092
vt 0.091115 0.478428
vt 0.091297 0.476951
vt 0.093345 0.476282
vt 0.095935 0.477848
vt 0.095995 0.475747
vt 0.098487 0.477835
vt 0.098487 0.475651
vt 0.095804 0.480309
vt 0.105366 0.808706
vt 0.105415 0.811010
vt 0.102762 0.810554
vt 0.102668 0.808561
vt 0.102503 0.806145
vt 0.105243 0.806110
vt 0.107919 0.808692
vt 0.102436 0.803329
vt 0.105101 0.803389
vt 0.107931 0.803296
vt 0.105190 0.800581
vt 0.102496 0.800655
vt 0.102496 0.606415
vt 0.105190 0.606340
vt 0.102438 0.605032
vt 0.105153 0.604957
vt 0.102267 0.603867
vt 0.105036 0.603788
vt 0.107911 0.604937
vt 0.101986 0.602918
vt 0.104848 0.602834
vt 0.867397 0.952950
vt 0.870254 0.952344
vt 0.870659 0.953143
vt 0.867664 0.953799
vt 0.871176 0.954170
vt 0.868011 0.954898
vt 0.871807 0.955424
vt 0.868435 0.956237
vt 0.864774 0.955130
vt 0.864980 0.956506
vt 0.864980 0.496335
vt 0.864774 0.497707
vt 0.864607 0.498835
vt 0.864474 0.499707
vt 0.099743 0.498835
vt 0.099874 0.499707
vt 0.107828 0.805415
vt 0.107908 0.804457
vt 0.872216 0.805415
vt 0.107958 0.803286
vt 0.872033 0.801903
vt 0.107982 0.801902
vt 0.874768 0.801880
vt 0.877446 0.801800
vt 0.879954 0.801647
vt 0.882104 0.801405
vt 0.108662 0.607773
vt 0.490688 0.607773
vt 0.490694 0.605040
vt 0.105919 0.607750
vt 0.103217 0.607670
vt 0.100660 0.607517
vt 0.100673 0.604969
vt 0.098433 0.607275
vt 0.098537 0.604796
vt 0.721755 0.619945
vt 0.721741 0.617396
vt 0.723930 0.619711
vt 0.723829 0.617230
vt 0.723290 0.614534
vt 0.721491 0.614628
vt 0.099068 0.602099
vt 0.100914 0.602198
vt 0.719205 0.614607
vt 0.719287 0.617422
vt 0.716480 0.614641
vt 0.716631 0.617366
vt 0.713804 0.617465
vt 0.713800 0.614727
vt 0.713792 0.612070
vt 0.716341 0.612052
vt 0.713779 0.609671
vt 0.716270 0.609751
vt 0.289703 0.615182
vt 0.289695 0.612526
vt 0.088333 0.485798
vt 0.289682 0.610127
vt 0.287143 0.612513
vt 0.287194 0.610211
vt 0.284543 0.610668
vt 0.284444 0.612659
vt 0.282484 0.611238
vt 0.282311 0.612861
vt 0.281365 0.611701
vt 0.280826 0.612886
vt 0.099045 0.808338
vt 0.100535 0.808361
vt 0.099583 0.809525
vt 0.100708 0.809986
vt 0.100206 0.806122
vt 0.098382 0.806213
vt 0.099962 0.803351
vt 0.097851 0.803516
vt 0.099955 0.800803
vt 0.097754 0.801036
vt 0.097754 0.606795
vt 0.099955 0.606562
vt 0.097665 0.605416
vt 0.099879 0.605181
vt 0.097399 0.604261
vt 0.099657 0.604020
vt 0.096955 0.603330
vt 0.099292 0.603080
vt 0.872940 0.951194
vt 0.875265 0.949431
vt 0.875890 0.950058
vt 0.873461 0.951918
vt 0.876697 0.950862
vt 0.874131 0.952844
vt 0.874953 0.953976
vt 0.877679 0.951847
vt 0.868011 0.497943
vt 0.868435 0.496605
vt 0.871807 0.497413
vt 0.871176 0.498672
vt 0.867664 0.499037
vt 0.870659 0.499698
vt 0.867397 0.499892
vt 0.870254 0.500498
vt 0.102032 0.805299
vt 0.105084 0.804433
vt 0.104902 0.805388
vt 0.102307 0.804349
vt 0.105199 0.803263
vt 0.102476 0.803183
vt 0.105238 0.801880
vt 0.102536 0.801800
vt 0.716543 0.620175
vt 0.713805 0.620200
vt 0.289707 0.617921
vt 0.289708 0.620655
vt 0.286883 0.617827
vt 0.286967 0.620636
vt 0.284214 0.617889
vt 0.284273 0.620563
vt 0.281732 0.620418
vt 0.281744 0.617869
vt 0.284284 0.615074
vt 0.281982 0.615100
vt 0.280162 0.615010
vt 0.287025 0.615107
vt 0.279535 0.620188
vt 0.279631 0.617707
vt 0.284273 0.814854
vt 0.281732 0.814709
vt 0.279535 0.814479
vt 0.284220 0.816237
vt 0.281661 0.816090
vt 0.279443 0.815858
vt 0.284050 0.817402
vt 0.281440 0.817251
vt 0.283764 0.818350
vt 0.281070 0.818191
vt 0.279180 0.817013
vt 0.877031 0.947107
vt 0.878180 0.944422
vt 0.878976 0.944822
vt 0.877750 0.947629
vt 0.880002 0.945340
vt 0.878677 0.948299
vt 0.881260 0.945971
vt 0.879810 0.949115
vt 0.874131 0.499997
vt 0.874953 0.498865
vt 0.876697 0.501979
vt 0.877679 0.500994
vt 0.873461 0.500923
vt 0.875890 0.502783
vt 0.872940 0.501642
vt 0.875265 0.503411
vt 0.096955 0.804871
vt 0.099680 0.804189
vt 0.099320 0.805130
vt 0.097395 0.803939
vt 0.099900 0.803028
vt 0.097660 0.802784
vt 0.097753 0.801405
vt 0.099980 0.801647
vt 0.724020 0.815381
vt 0.721831 0.815617
vt 0.723931 0.814001
vt 0.721755 0.814236
vt 0.719289 0.815770
vt 0.719229 0.814386
vt 0.716582 0.815850
vt 0.716543 0.814465
vt 0.713822 0.815875
vt 0.713805 0.814491
vt 0.286967 0.814927
vt 0.289713 0.814946
vt 0.289693 0.816330
vt 0.286930 0.816311
vt 0.289641 0.817501
vt 0.286819 0.817480
vt 0.289549 0.818455
vt 0.286631 0.818432
vt 0.878782 0.941560
vt 0.878967 0.938643
vt 0.879843 0.938774
vt 0.879636 0.941829
vt 0.880967 0.938942
vt 0.880730 0.942179
vt 0.882338 0.939148
vt 0.882069 0.942604
vt 0.880967 0.513898
vt 0.882338 0.513693
vt 0.882069 0.510238
vt 0.880730 0.510662
vt 0.880002 0.507501
vt 0.881260 0.506865
vt 0.878677 0.504543
vt 0.879810 0.503722
vt 0.877750 0.505212
vt 0.878976 0.508015
vt 0.877031 0.505733
vt 0.878180 0.508419
vt 0.722431 0.817716
vt 0.719754 0.817882
vt 0.722057 0.816778
vt 0.719464 0.816935
vt 0.716897 0.817970
vt 0.716702 0.817018
vt 0.713981 0.817999
vt 0.713884 0.817044
vt 0.879843 0.514068
vt 0.878967 0.514198
vt 0.878782 0.511281
vt 0.879636 0.511007
vt 0.724291 0.816535
vt 0.724740 0.817465
vt 0.719229 0.620096
vt 0.278733 0.817944
vt 0.182860 0.691240
vt 0.181220 0.692051
vt 0.180861 0.691240
vt 0.088965 0.480663
vt 0.089634 0.478609
vt 0.088431 0.483310
vt 0.719029 0.612193
vt 0.718913 0.610201
vt 0.107907 0.811094
vt 0.185216 0.691240
vt 0.186852 0.692051
vt 0.184857 0.692051
vt 0.095658 0.482974
vt 0.098487 0.483058
vt 0.093069 0.915320
vt 0.093241 0.917613
vt 0.093345 0.919424
vt 0.091296 0.918754
vt 0.190508 0.692051
vt 0.190533 0.691173
vt 0.192331 0.692051
vt 0.490690 0.602300
vt 0.490675 0.599640
vt 0.490644 0.597234
vt 0.711502 0.610357
vt 0.713824 0.610604
vt 0.086599 0.505212
vt 0.089086 0.503411
vt 0.087318 0.505733
vt 0.088459 0.502783
vt 0.091409 0.501642
vt 0.090888 0.500923
vt 0.094096 0.500498
vt 0.093690 0.499698
vt 0.096953 0.499892
vt 0.096684 0.499037
vt 0.875131 0.805388
vt 0.877974 0.805299
vt 0.880633 0.805130
vt 0.882914 0.804871
vt 0.107927 0.806035
vt 0.098487 0.480368
vt 0.480618 0.915336
vt 0.480618 0.917871
vt 0.480618 0.920058
vt 0.872669 0.597234
vt 0.875158 0.597315
vt 0.877790 0.597765
vt 0.192331 0.691180
vt 0.194150 0.692035
vt 0.872270 0.915046
vt 0.871601 0.917096
vt 0.702869 0.613594
vt 0.099369 0.956506
vt 0.480618 0.912646
vt 0.182860 0.692051
vt 0.183219 0.691247
vt 0.911681 0.985847
vt 0.052669 0.985847
vt 0.052669 0.396113
vt 0.911680 0.396113
vt 0.764993 0.853249
vt 0.175276 0.853882
vt 0.764993 0.577055
vt 0.175276 0.577688
vt 0.169059 0.551681
vt 0.758793 0.551682
vt 0.169059 0.827939
vt 0.758793 0.827939
vt 0.911441 0.840950
vt 0.052669 0.840950
vt 0.912408 0.564985
vt 0.053636 0.564985
vt 0.058158 0.562269
vt 0.917147 0.563160
vt 0.058158 0.838392
vt 0.917147 0.839282
vt 0.911680 0.405568
vt 0.911681 0.995302
vt 0.482918 0.730230
vt 0.052669 0.995302
vt 0.052669 0.405568
vt 0.496935 0.019071
vt 0.496934 0.013135
vt 0.497914 0.019071
vt 0.497914 0.013135
vt 0.496933 0.013069
vt 0.497913 0.013069
vt 0.496930 0.013011
vt 0.497910 0.013011
vt 0.497910 0.019195
vt 0.496931 0.019195
vt 0.497913 0.019136
vt 0.496934 0.019136
vt 0.496885 0.019134
vt 0.496886 0.019070
vt 0.496854 0.019068
vt 0.496854 0.013137
vt 0.496886 0.013136
vt 0.496885 0.013071
vt 0.496853 0.013077
vt 0.496851 0.013029
vt 0.496882 0.013015
vt 0.496878 0.012967
vt 0.496926 0.012961
vt 0.497905 0.012961
vt 0.487880 0.021973
vt 0.487884 0.021925
vt 0.487928 0.021979
vt 0.487932 0.021930
vt 0.488907 0.021979
vt 0.488911 0.021930
vt 0.487886 0.021869
vt 0.487935 0.021871
vt 0.488914 0.021871
vt 0.487888 0.021805
vt 0.487936 0.021805
vt 0.488915 0.021805
vt 0.488915 0.020477
vt 0.487936 0.020477
vt 0.488914 0.020411
vt 0.487935 0.020411
vt 0.488911 0.020352
vt 0.487932 0.020352
vt 0.488907 0.020302
vt 0.487928 0.020302
vt 0.496846 0.019195
vt 0.496842 0.019245
vt 0.495867 0.019195
vt 0.495863 0.019245
vt 0.496849 0.019136
vt 0.495870 0.019136
vt 0.496850 0.019071
vt 0.495871 0.019071
vt 0.486798 0.020302
vt 0.487777 0.020302
vt 0.486793 0.020352
vt 0.487773 0.020352
vt 0.487825 0.020309
vt 0.487821 0.020357
vt 0.495747 0.013001
vt 0.495685 0.012990
vt 0.495699 0.012965
vt 0.495726 0.013022
vt 0.495662 0.013032
vt 0.495692 0.013056
vt 0.495787 0.013171
vt 0.495740 0.013175
vt 0.495732 0.013121
vt 0.495779 0.013111
vt 0.495823 0.013135
vt 0.495792 0.013137
vt 0.495791 0.013077
vt 0.495822 0.013071
vt 0.495872 0.013135
vt 0.495871 0.013069
vt 0.496850 0.013070
vt 0.496851 0.013135
vt 0.495868 0.013011
vt 0.496847 0.013011
vt 0.495863 0.012961
vt 0.496842 0.012961
vt 0.495820 0.013015
vt 0.495815 0.012967
vt 0.495788 0.013029
vt 0.495783 0.013049
vt 0.495758 0.013063
vt 0.495715 0.013085
vt 0.495637 0.012969
vt 0.495627 0.013016
vt 0.495573 0.013008
vt 0.495576 0.012961
vt 0.487818 0.020413
vt 0.487850 0.020419
vt 0.487849 0.020479
vt 0.487817 0.020477
vt 0.487770 0.020411
vt 0.487769 0.020477
vt 0.486791 0.020411
vt 0.486790 0.020477
vt 0.487769 0.021805
vt 0.487817 0.021805
vt 0.487770 0.021871
vt 0.487818 0.021869
vt 0.487773 0.021930
vt 0.487821 0.021925
vt 0.487777 0.021979
vt 0.487825 0.021973
vt 0.496879 0.019238
vt 0.496883 0.019191
vt 0.496927 0.019245
vt 0.494103 0.013022
vt 0.494046 0.013049
vt 0.494083 0.013001
vt 0.494071 0.013063
vt 0.496851 0.019177
vt 0.496854 0.019129
vt 0.494114 0.013085
vt 0.494051 0.013111
vt 0.494098 0.013121
vt 0.494042 0.013171
vt 0.494090 0.013175
vt 0.494098 0.019153
vt 0.494042 0.019102
vt 0.494090 0.019099
vt 0.494051 0.019163
vt 0.494114 0.019188
vt 0.494137 0.019218
vt 0.494071 0.019211
vt 0.494103 0.019252
vt 0.494167 0.019241
vt 0.494144 0.019284
vt 0.494083 0.019272
vt 0.494202 0.019257
vt 0.494192 0.019305
vt 0.487855 0.021863
vt 0.487852 0.021912
vt 0.494256 0.019265
vt 0.494253 0.019313
vt 0.487856 0.021803
vt 0.495573 0.019265
vt 0.495576 0.019313
vt 0.495637 0.019305
vt 0.495627 0.019257
vt 0.495685 0.019284
vt 0.495662 0.019241
vt 0.495726 0.019252
vt 0.495692 0.019218
vt 0.495758 0.019211
vt 0.495715 0.019188
vt 0.495779 0.019163
vt 0.495732 0.019153
vt 0.495787 0.019102
vt 0.495740 0.019099
vt 0.495823 0.019070
vt 0.495791 0.019068
vt 0.495790 0.019129
vt 0.495822 0.019134
vt 0.495787 0.019177
vt 0.495819 0.019191
vt 0.495783 0.019225
vt 0.495747 0.019272
vt 0.495815 0.019238
vt 0.495699 0.019309
vt 0.487880 0.020309
vt 0.487884 0.020357
vt 0.487855 0.020419
vt 0.487852 0.020371
vt 0.487886 0.020413
vt 0.487856 0.020479
vt 0.487888 0.020477
vt 0.494256 0.013008
vt 0.494253 0.012961
vt 0.487849 0.021803
vt 0.494192 0.012969
vt 0.487850 0.021863
vt 0.494202 0.013016
vt 0.494144 0.012990
vt 0.494167 0.013032
vt 0.494137 0.013056
vt 0.494131 0.012965
vt 0.486798 0.021979
vt 0.486793 0.021930
vt 0.497906 0.019245
vt 0.486791 0.021871
vt 0.486790 0.021805
vt 0.486790 0.021738
vt 0.487852 0.020371
vt 0.494131 0.019309
vt 0.494046 0.019225
vt 0.492967 0.019254
vt 0.492968 0.019361
vt 0.491988 0.019254
vt 0.491989 0.019361
vt 0.491923 0.019255
vt 0.491925 0.019368
vt 0.489348 0.013518
vt 0.489367 0.013643
vt 0.489288 0.013535
vt 0.489305 0.013647
vt 0.490929 0.020222
vt 0.491908 0.020222
vt 0.490929 0.021580
vt 0.491908 0.021580
vt 0.491908 0.021471
vt 0.490864 0.021581
vt 0.490864 0.020221
vt 0.488837 0.020084
vt 0.488841 0.020145
vt 0.487476 0.020084
vt 0.487472 0.020145
vt 0.492974 0.019472
vt 0.492982 0.019565
vt 0.491995 0.019472
vt 0.492003 0.019565
vt 0.491931 0.019484
vt 0.491940 0.019582
vt 0.489163 0.013321
vt 0.489208 0.013277
vt 0.489239 0.013419
vt 0.489293 0.013388
vt 0.489096 0.013191
vt 0.489065 0.013245
vt 0.488966 0.013136
vt 0.488949 0.013196
vt 0.488837 0.013179
vt 0.488841 0.013117
vt 0.487008 0.019615
vt 0.487025 0.019728
vt 0.486946 0.019620
vt 0.486965 0.019745
vt 0.487020 0.019875
vt 0.487074 0.019844
vt 0.487105 0.019986
vt 0.487149 0.019942
vt 0.487247 0.020018
vt 0.487216 0.020072
vt 0.487347 0.020127
vt 0.487364 0.020067
vt 0.490931 0.020115
vt 0.490866 0.020108
vt 0.490936 0.020004
vt 0.490872 0.019992
vt 0.491910 0.020115
vt 0.491915 0.020004
vt 0.492975 0.013071
vt 0.492969 0.013182
vt 0.491996 0.013071
vt 0.491990 0.013182
vt 0.489680 0.020222
vt 0.490659 0.020222
vt 0.489680 0.021580
vt 0.490659 0.021580
vt 0.490723 0.021582
vt 0.490657 0.021687
vt 0.490721 0.021694
vt 0.489678 0.021687
vt 0.490652 0.021798
vt 0.490716 0.021810
vt 0.489673 0.021798
vt 0.490644 0.021891
vt 0.489664 0.021891
vt 0.490707 0.021908
vt 0.490723 0.020221
vt 0.489678 0.020115
vt 0.490657 0.020115
vt 0.490721 0.020109
vt 0.489673 0.020005
vt 0.490652 0.020005
vt 0.490716 0.019992
vt 0.489664 0.019911
vt 0.490644 0.019911
vt 0.490707 0.019894
vt 0.493054 0.013071
vt 0.493062 0.012978
vt 0.494034 0.013071
vt 0.494042 0.012978
vt 0.492990 0.013059
vt 0.492999 0.012961
vt 0.493049 0.013182
vt 0.494028 0.013182
vt 0.492985 0.013175
vt 0.493047 0.013289
vt 0.494027 0.013289
vt 0.492983 0.013288
vt 0.494029 0.019361
vt 0.493050 0.019361
vt 0.494027 0.019254
vt 0.493048 0.019254
vt 0.492985 0.019368
vt 0.492983 0.019255
vt 0.493055 0.019472
vt 0.494034 0.019472
vt 0.492991 0.019484
vt 0.492999 0.019582
vt 0.493063 0.019565
vt 0.490881 0.019894
vt 0.490944 0.019911
vt 0.494042 0.019565
vt 0.491923 0.019911
vt 0.491926 0.013175
vt 0.491932 0.013059
vt 0.492004 0.012978
vt 0.491940 0.012961
vt 0.490944 0.021891
vt 0.490881 0.021908
vt 0.490936 0.021798
vt 0.490872 0.021810
vt 0.490866 0.021694
vt 0.490931 0.021687
vt 0.489065 0.020018
vt 0.489096 0.020072
vt 0.488949 0.020067
vt 0.488966 0.020127
vt 0.489163 0.019942
vt 0.489208 0.019986
vt 0.489239 0.019844
vt 0.489293 0.019875
vt 0.489288 0.019728
vt 0.489348 0.019745
vt 0.489305 0.019615
vt 0.489367 0.019620
vt 0.491910 0.021687
vt 0.491915 0.021798
vt 0.491923 0.021891
vt 0.492983 0.012978
vt 0.491924 0.013288
vt 0.491988 0.013289
vt 0.492967 0.013289
vt 0.486946 0.013643
vt 0.487008 0.013647
vt 0.486965 0.013518
vt 0.487025 0.013535
vt 0.487020 0.013388
vt 0.487074 0.013419
vt 0.487105 0.013277
vt 0.487149 0.013321
vt 0.487216 0.013191
vt 0.487247 0.013245
vt 0.487347 0.013136
vt 0.487364 0.013196
vt 0.487472 0.013117
vt 0.487476 0.013179
vt 0.489367 0.019494
vt 0.489500 0.013475
vt 0.489524 0.013631
vt 0.489467 0.013485
vt 0.489489 0.013634
vt 0.489430 0.013308
vt 0.489400 0.013325
vt 0.489489 0.019494
vt 0.489524 0.019494
vt 0.488851 0.020268
vt 0.488853 0.020302
vt 0.487463 0.020268
vt 0.487460 0.020302
vt 0.488999 0.020246
vt 0.489008 0.020279
vt 0.487314 0.020246
vt 0.487304 0.020279
vt 0.489295 0.013189
vt 0.489319 0.013165
vt 0.489176 0.013054
vt 0.489159 0.013084
vt 0.489008 0.012984
vt 0.488999 0.013017
vt 0.488853 0.012961
vt 0.488851 0.012995
vt 0.487460 0.012961
vt 0.487463 0.012995
vt 0.486813 0.019787
vt 0.486790 0.019632
vt 0.486846 0.019778
vt 0.486824 0.019629
vt 0.486883 0.019955
vt 0.486914 0.019937
vt 0.486824 0.013634
vt 0.486790 0.013631
vt 0.486994 0.020098
vt 0.487018 0.020073
vt 0.487136 0.020208
vt 0.487154 0.020178
vt 0.489176 0.020208
vt 0.489159 0.020178
vt 0.489295 0.020074
vt 0.489319 0.020098
vt 0.489430 0.019955
vt 0.489400 0.019937
vt 0.489500 0.019787
vt 0.489467 0.019778
vt 0.489524 0.019632
vt 0.489489 0.019629
vt 0.486846 0.013485
vt 0.486813 0.013475
vt 0.486914 0.013326
vt 0.486883 0.013308
vt 0.487018 0.013189
vt 0.486994 0.013165
vt 0.487154 0.013084
vt 0.487136 0.013055
vt 0.487304 0.012984
vt 0.487314 0.013017
vt 0.489547 0.013427
vt 0.489544 0.013271
vt 0.490723 0.013427
vt 0.490720 0.013271
vt 0.495218 0.019780
vt 0.495218 0.021172
vt 0.494042 0.019780
vt 0.494042 0.021172
vt 0.489536 0.013104
vt 0.489524 0.012961
vt 0.490712 0.013104
vt 0.490699 0.012961
vt 0.491923 0.021908
vt 0.491936 0.021765
vt 0.493099 0.021908
vt 0.493111 0.021765
vt 0.491944 0.021597
vt 0.493120 0.021597
vt 0.491947 0.021442
vt 0.493123 0.021442
vt 0.490745 0.013271
vt 0.491920 0.013272
vt 0.490748 0.013427
vt 0.491923 0.013427
vt 0.490737 0.013104
vt 0.491912 0.013104
vt 0.490724 0.012961
vt 0.491899 0.012961
vt 0.495241 0.019313
vt 0.495229 0.019456
vt 0.494066 0.019313
vt 0.494053 0.019456
vt 0.495221 0.019624
vt 0.494045 0.019624
vt 0.495221 0.021328
vt 0.495229 0.021495
vt 0.494045 0.021328
vt 0.494053 0.021495
vt 0.495241 0.021639
vt 0.494066 0.021639
vt 0.489524 0.019894
vt 0.489536 0.019751
vt 0.490700 0.019894
vt 0.490712 0.019751
vt 0.489544 0.019583
vt 0.490720 0.019583
vt 0.489547 0.019428
vt 0.490723 0.019427
vt 0.490747 0.019427
vt 0.491922 0.019428
vt 0.490744 0.019583
vt 0.491919 0.019584
vt 0.490736 0.019751
vt 0.491911 0.019751
vt 0.490723 0.019894
vt 0.491898 0.019894
vt 0.491936 0.019725
vt 0.491923 0.019582
vt 0.493111 0.019725
vt 0.493099 0.019582
vt 0.491944 0.019893
vt 0.493120 0.019893
vt 0.491947 0.020049
vt 0.493123 0.020049
vt 0.489547 0.019290
vt 0.490723 0.019290
vt 0.490070 0.016162
vt 0.496480 0.005665
vt 0.448959 0.022335
vt 0.449234 0.022300
vt 0.449377 0.022374
vt 0.442900 0.024447
vt 0.442844 0.024366
vt 0.442847 0.024185
vt 0.449052 0.022252
vt 0.449238 0.022267
vt 0.449051 0.022286
vt 0.449817 0.028998
vt 0.449865 0.028997
vt 0.449820 0.029184
vt 0.449868 0.029181
vt 0.449188 0.029206
vt 0.449184 0.029010
vt 0.449183 0.028812
vt 0.449815 0.028811
vt 0.449184 0.028613
vt 0.449817 0.028623
vt 0.449188 0.028416
vt 0.449820 0.028437
vt 0.449868 0.028437
vt 0.449864 0.028625
vt 0.449863 0.028813
vt 0.449407 0.022327
vt 0.449420 0.022295
vt 0.449603 0.022339
vt 0.449594 0.022371
vt 0.442958 0.024046
vt 0.442901 0.024026
vt 0.442904 0.023834
vt 0.449868 0.022524
vt 0.449777 0.022431
vt 0.442958 0.025084
vt 0.442902 0.025023
vt 0.442958 0.024911
vt 0.442955 0.025262
vt 0.450102 0.022581
vt 0.450304 0.022770
vt 0.450258 0.022677
vt 0.442901 0.025950
vt 0.442901 0.026119
vt 0.442844 0.026020
vt 0.450407 0.022784
vt 0.450547 0.022903
vt 0.450594 0.023018
vt 0.449145 0.026902
vt 0.449558 0.026829
vt 0.449421 0.026914
vt 0.449240 0.026943
vt 0.442901 0.024736
vt 0.442957 0.024812
vt 0.442901 0.024911
vt 0.442904 0.024557
vt 0.448874 0.026958
vt 0.449057 0.026957
vt 0.448873 0.026991
vt 0.449059 0.026991
vt 0.448973 0.029184
vt 0.449021 0.029181
vt 0.448979 0.029367
vt 0.449027 0.029362
vt 0.448347 0.029400
vt 0.448340 0.029206
vt 0.448336 0.029010
vt 0.448969 0.028999
vt 0.448335 0.028812
vt 0.448968 0.028811
vt 0.448336 0.028614
vt 0.448969 0.028623
vt 0.448340 0.028416
vt 0.448973 0.028436
vt 0.449021 0.028437
vt 0.449017 0.028625
vt 0.449016 0.028813
vt 0.448322 0.026905
vt 0.448518 0.026917
vt 0.448505 0.026949
vt 0.448331 0.026873
vt 0.448645 0.026885
vt 0.442844 0.024546
vt 0.442901 0.024663
vt 0.442844 0.024720
vt 0.442847 0.024901
vt 0.448691 0.026944
vt 0.448687 0.026977
vt 0.449017 0.028997
vt 0.448148 0.026813
vt 0.448056 0.026720
vt 0.442841 0.023808
vt 0.442846 0.023504
vt 0.442901 0.023506
vt 0.442954 0.023555
vt 0.442954 0.023834
vt 0.442901 0.023580
vt 0.448684 0.022301
vt 0.448868 0.022286
vt 0.448866 0.022253
vt 0.448681 0.022268
vt 0.449836 0.029546
vt 0.449827 0.029367
vt 0.449883 0.029540
vt 0.449875 0.029362
vt 0.449195 0.029400
vt 0.449204 0.029589
vt 0.449156 0.029596
vt 0.449147 0.029405
vt 0.449140 0.029210
vt 0.449136 0.029012
vt 0.439905 0.023055
vt 0.440048 0.023199
vt 0.439882 0.023080
vt 0.440023 0.023222
vt 0.439938 0.023020
vt 0.440165 0.023261
vt 0.440180 0.023353
vt 0.440339 0.023490
vt 0.440299 0.023517
vt 0.440153 0.023374
vt 0.440271 0.023536
vt 0.449136 0.028612
vt 0.449135 0.028812
vt 0.440375 0.023706
vt 0.440405 0.023689
vt 0.440466 0.023884
vt 0.440497 0.023870
vt 0.440542 0.024069
vt 0.440574 0.024057
vt 0.440604 0.024259
vt 0.440637 0.024250
vt 0.440651 0.024453
vt 0.440684 0.024447
vt 0.449182 0.027649
vt 0.449230 0.027657
vt 0.449168 0.027833
vt 0.449216 0.027840
vt 0.449860 0.027719
vt 0.449846 0.027891
vt 0.449204 0.028028
vt 0.449835 0.028069
vt 0.449156 0.028022
vt 0.449195 0.028220
vt 0.449827 0.028251
vt 0.449147 0.028216
vt 0.449874 0.028255
vt 0.449883 0.028075
vt 0.450118 0.022551
vt 0.449952 0.022467
vt 0.449938 0.022498
vt 0.449894 0.027899
vt 0.450277 0.022649
vt 0.450428 0.022758
vt 0.449907 0.027728
vt 0.449876 0.027553
vt 0.449923 0.027562
vt 0.450570 0.022878
vt 0.449893 0.027394
vt 0.449940 0.027407
vt 0.450700 0.023008
vt 0.450671 0.023026
vt 0.450823 0.023151
vt 0.450796 0.023172
vt 0.450758 0.023202
vt 0.451000 0.023477
vt 0.451074 0.023744
vt 0.450900 0.023405
vt 0.451084 0.023640
vt 0.451154 0.023810
vt 0.451211 0.023985
vt 0.451186 0.023798
vt 0.451244 0.023975
vt 0.447381 0.030039
vt 0.447334 0.030049
vt 0.447366 0.029879
vt 0.447318 0.029888
vt 0.446705 0.030121
vt 0.446688 0.029951
vt 0.446674 0.029773
vt 0.447305 0.029720
vt 0.446662 0.029589
vt 0.447294 0.029546
vt 0.446653 0.029400
vt 0.447285 0.029367
vt 0.447279 0.029184
vt 0.446646 0.029206
vt 0.447327 0.029178
vt 0.447333 0.029362
vt 0.447342 0.029542
vt 0.451282 0.024335
vt 0.451317 0.024338
vt 0.451332 0.024526
vt 0.451298 0.024527
vt 0.442958 0.025451
vt 0.442901 0.025446
vt 0.442904 0.025262
vt 0.451237 0.024835
vt 0.451229 0.024321
vt 0.451298 0.024719
vt 0.442958 0.024432
vt 0.442901 0.024557
vt 0.442901 0.024384
vt 0.442904 0.024201
vt 0.451139 0.025326
vt 0.451256 0.025075
vt 0.442844 0.022570
vt 0.442894 0.022298
vt 0.442899 0.022481
vt 0.442901 0.022664
vt 0.442901 0.022845
vt 0.451086 0.025598
vt 0.451156 0.025428
vt 0.451117 0.025612
vt 0.451188 0.025440
vt 0.447327 0.028439
vt 0.447279 0.028436
vt 0.447333 0.028256
vt 0.447285 0.028251
vt 0.446646 0.028416
vt 0.446653 0.028220
vt 0.447294 0.028069
vt 0.446662 0.028028
vt 0.447305 0.027891
vt 0.446674 0.027840
vt 0.447318 0.027719
vt 0.446688 0.027657
vt 0.447366 0.027725
vt 0.447352 0.027898
vt 0.447341 0.028077
vt 0.450936 0.025937
vt 0.451008 0.025754
vt 0.451034 0.025776
vt 0.450908 0.025918
vt 0.442894 0.023198
vt 0.442844 0.022946
vt 0.442899 0.023015
vt 0.450795 0.026073
vt 0.442956 0.025608
vt 0.442958 0.025785
vt 0.442901 0.025786
vt 0.442958 0.025940
vt 0.450741 0.026058
vt 0.450681 0.026206
vt 0.450518 0.026301
vt 0.442840 0.026572
vt 0.442846 0.026426
vt 0.442901 0.026572
vt 0.450309 0.026470
vt 0.450551 0.026336
vt 0.450412 0.026456
vt 0.450264 0.026564
vt 0.450107 0.026660
vt 0.449984 0.026669
vt 0.449774 0.026814
vt 0.449952 0.026740
vt 0.449786 0.026846
vt 0.449960 0.026773
vt 0.449028 0.030050
vt 0.449076 0.030039
vt 0.449094 0.030193
vt 0.449046 0.030203
vt 0.448418 0.030283
vt 0.448399 0.030122
vt 0.448382 0.029951
vt 0.449012 0.029888
vt 0.449060 0.029878
vt 0.449047 0.029713
vt 0.448999 0.029720
vt 0.448988 0.029546
vt 0.449036 0.029540
vt 0.448356 0.029589
vt 0.448368 0.029773
vt 0.448320 0.029781
vt 0.448309 0.029596
vt 0.448299 0.029405
vt 0.448292 0.029210
vt 0.436402 0.026845
vt 0.436425 0.026820
vt 0.436556 0.026977
vt 0.436577 0.026950
vt 0.436369 0.026881
vt 0.436607 0.027074
vt 0.436352 0.026899
vt 0.436510 0.027035
vt 0.443081 0.027314
vt 0.443099 0.027311
vt 0.443088 0.027517
vt 0.443106 0.027515
vt 0.443124 0.027311
vt 0.443131 0.027515
vt 0.443375 0.027319
vt 0.443382 0.027521
vt 0.443135 0.027722
vt 0.443386 0.027726
vt 0.443137 0.027931
vt 0.443387 0.027933
vt 0.443135 0.028140
vt 0.443386 0.028140
vt 0.443131 0.028349
vt 0.443382 0.028347
vt 0.443124 0.028555
vt 0.443375 0.028551
vt 0.443115 0.028758
vt 0.443365 0.028752
vt 0.443102 0.028957
vt 0.443353 0.028948
vt 0.443338 0.029139
vt 0.443087 0.029149
vt 0.443070 0.029335
vt 0.443321 0.029323
vt 0.443050 0.029512
vt 0.443301 0.029498
vt 0.443028 0.029680
vt 0.443279 0.029665
vt 0.443003 0.029838
vt 0.443255 0.029821
vt 0.451296 0.014561
vt 0.451271 0.014412
vt 0.451547 0.014580
vt 0.451523 0.014432
vt 0.451318 0.014722
vt 0.451569 0.014740
vt 0.451338 0.014893
vt 0.451589 0.014909
vt 0.451355 0.015072
vt 0.451606 0.015087
vt 0.451370 0.015260
vt 0.451621 0.015272
vt 0.451382 0.015454
vt 0.451633 0.015465
vt 0.451392 0.015654
vt 0.451643 0.015662
vt 0.451399 0.015858
vt 0.451650 0.015864
vt 0.451403 0.016065
vt 0.451654 0.016070
vt 0.451405 0.016274
vt 0.451655 0.016276
vt 0.451403 0.016484
vt 0.451654 0.016483
vt 0.451399 0.016692
vt 0.451650 0.016690
vt 0.451392 0.016898
vt 0.451643 0.016894
vt 0.451382 0.017101
vt 0.451633 0.017095
vt 0.451370 0.017300
vt 0.451621 0.017292
vt 0.451355 0.017492
vt 0.451606 0.017482
vt 0.451338 0.017678
vt 0.451589 0.017666
vt 0.451318 0.017855
vt 0.451569 0.017841
vt 0.451296 0.018023
vt 0.451547 0.018008
vt 0.451271 0.018181
vt 0.451523 0.018164
vt 0.443255 0.022319
vt 0.443279 0.022468
vt 0.443003 0.022299
vt 0.443028 0.022448
vt 0.443301 0.022627
vt 0.443050 0.022609
vt 0.443070 0.022780
vt 0.443321 0.022796
vt 0.443087 0.022959
vt 0.443338 0.022973
vt 0.443102 0.023147
vt 0.443353 0.023159
vt 0.443115 0.023341
vt 0.443366 0.023352
vt 0.443125 0.023541
vt 0.443375 0.023549
vt 0.443132 0.023745
vt 0.443382 0.023751
vt 0.443136 0.023952
vt 0.443386 0.023956
vt 0.443137 0.024161
vt 0.443388 0.024163
vt 0.443136 0.024370
vt 0.443386 0.024370
vt 0.443132 0.024579
vt 0.443382 0.024577
vt 0.443125 0.024785
vt 0.443375 0.024781
vt 0.443115 0.024988
vt 0.443366 0.024982
vt 0.443103 0.025187
vt 0.443353 0.025178
vt 0.443088 0.025379
vt 0.443338 0.025369
vt 0.443070 0.025565
vt 0.443321 0.025553
vt 0.443050 0.025742
vt 0.443301 0.025728
vt 0.443028 0.025910
vt 0.443279 0.025894
vt 0.443003 0.026068
vt 0.443255 0.026051
vt 0.451271 0.018182
vt 0.451523 0.018202
vt 0.451295 0.018331
vt 0.451547 0.018350
vt 0.451318 0.018492
vt 0.451569 0.018510
vt 0.451337 0.018663
vt 0.451589 0.018679
vt 0.451355 0.018842
vt 0.451606 0.018857
vt 0.451370 0.019030
vt 0.451621 0.019042
vt 0.451382 0.019224
vt 0.451633 0.019234
vt 0.451392 0.019424
vt 0.451643 0.019432
vt 0.451399 0.019628
vt 0.451649 0.019634
vt 0.451654 0.019839
vt 0.451403 0.019835
vt 0.451655 0.020046
vt 0.451405 0.020044
vt 0.451654 0.020253
vt 0.451403 0.020254
vt 0.451649 0.020460
vt 0.451399 0.020462
vt 0.451643 0.020664
vt 0.451392 0.020668
vt 0.451633 0.020865
vt 0.451382 0.020871
vt 0.451621 0.021062
vt 0.451370 0.021070
vt 0.451606 0.021252
vt 0.451355 0.021262
vt 0.451589 0.021436
vt 0.451337 0.021448
vt 0.451318 0.021625
vt 0.451569 0.021611
vt 0.451295 0.021793
vt 0.451547 0.021777
vt 0.451271 0.021951
vt 0.451523 0.021933
vt 0.443255 0.026089
vt 0.443279 0.026238
vt 0.443003 0.026069
vt 0.443028 0.026219
vt 0.443050 0.026379
vt 0.443301 0.026397
vt 0.443070 0.026550
vt 0.443321 0.026566
vt 0.443338 0.026743
vt 0.443087 0.026730
vt 0.443102 0.026917
vt 0.443353 0.026929
vt 0.443114 0.027111
vt 0.443365 0.027122
vt 0.443089 0.027111
vt 0.443076 0.026917
vt 0.443059 0.026921
vt 0.443072 0.027115
vt 0.436679 0.027157
vt 0.436941 0.027281
vt 0.436857 0.027266
vt 0.436893 0.027202
vt 0.436720 0.027096
vt 0.436909 0.027172
vt 0.436739 0.027068
vt 0.437073 0.027294
vt 0.437244 0.027417
vt 0.437260 0.027371
vt 0.437453 0.027434
vt 0.437519 0.027499
vt 0.437235 0.027441
vt 0.437433 0.027505
vt 0.443007 0.026386
vt 0.443024 0.026379
vt 0.443027 0.026556
vt 0.443044 0.026549
vt 0.442985 0.026226
vt 0.443002 0.026218
vt 0.442961 0.026077
vt 0.442978 0.026068
vt 0.451253 0.021785
vt 0.451270 0.021793
vt 0.451229 0.021942
vt 0.451246 0.021951
vt 0.451275 0.021618
vt 0.451292 0.021625
vt 0.451295 0.021442
vt 0.451312 0.021448
vt 0.451312 0.021257
vt 0.451329 0.021263
vt 0.451327 0.021065
vt 0.451344 0.021070
vt 0.451339 0.020868
vt 0.451357 0.020871
vt 0.451366 0.020668
vt 0.451349 0.020666
vt 0.451373 0.020462
vt 0.451356 0.020460
vt 0.451360 0.020253
vt 0.451377 0.020253
vt 0.451379 0.020044
vt 0.451361 0.020044
vt 0.451377 0.019835
vt 0.451360 0.019836
vt 0.451356 0.019630
vt 0.451373 0.019628
vt 0.451349 0.019427
vt 0.451366 0.019424
vt 0.451339 0.019228
vt 0.451357 0.019224
vt 0.451327 0.019035
vt 0.451344 0.019030
vt 0.451312 0.018848
vt 0.451329 0.018842
vt 0.451295 0.018669
vt 0.451312 0.018662
vt 0.451275 0.018499
vt 0.451292 0.018491
vt 0.451253 0.018339
vt 0.451270 0.018331
vt 0.451229 0.018190
vt 0.451246 0.018181
vt 0.442985 0.025902
vt 0.443002 0.025910
vt 0.442961 0.026059
vt 0.443007 0.025735
vt 0.443024 0.025742
vt 0.443027 0.025559
vt 0.443044 0.025565
vt 0.443045 0.025374
vt 0.443062 0.025379
vt 0.443060 0.025182
vt 0.443077 0.025187
vt 0.443072 0.024985
vt 0.443089 0.024989
vt 0.443082 0.024783
vt 0.443099 0.024785
vt 0.443089 0.024577
vt 0.443106 0.024579
vt 0.443093 0.024370
vt 0.443110 0.024370
vt 0.443094 0.024161
vt 0.443112 0.024161
vt 0.443093 0.023953
vt 0.443110 0.023952
vt 0.443106 0.023745
vt 0.443089 0.023747
vt 0.443099 0.023541
vt 0.443082 0.023544
vt 0.443072 0.023345
vt 0.443089 0.023341
vt 0.443060 0.023151
vt 0.443077 0.023147
vt 0.443045 0.022965
vt 0.443062 0.022959
vt 0.443027 0.022786
vt 0.443044 0.022779
vt 0.443007 0.022616
vt 0.443024 0.022609
vt 0.442985 0.022456
vt 0.443002 0.022448
vt 0.442961 0.022307
vt 0.442978 0.022298
vt 0.451253 0.018015
vt 0.451270 0.018023
vt 0.451229 0.018172
vt 0.451275 0.017848
vt 0.451292 0.017855
vt 0.451295 0.017672
vt 0.451312 0.017678
vt 0.451329 0.017492
vt 0.451312 0.017487
vt 0.451344 0.017300
vt 0.451327 0.017296
vt 0.451357 0.017101
vt 0.451339 0.017098
vt 0.451367 0.016898
vt 0.451349 0.016896
vt 0.451374 0.016692
vt 0.451356 0.016690
vt 0.451378 0.016483
vt 0.451360 0.016483
vt 0.451362 0.016274
vt 0.451379 0.016274
vt 0.451360 0.016066
vt 0.451378 0.016065
vt 0.451374 0.015858
vt 0.451356 0.015860
vt 0.451367 0.015654
vt 0.451349 0.015657
vt 0.451339 0.015458
vt 0.451357 0.015454
vt 0.451327 0.015265
vt 0.451344 0.015260
vt 0.451312 0.015078
vt 0.451329 0.015072
vt 0.451295 0.014899
vt 0.451312 0.014892
vt 0.451275 0.014729
vt 0.451292 0.014722
vt 0.451253 0.014569
vt 0.451270 0.014561
vt 0.451229 0.014420
vt 0.451246 0.014411
vt 0.442961 0.029829
vt 0.442985 0.029672
vt 0.442978 0.029838
vt 0.443002 0.029680
vt 0.443024 0.029512
vt 0.443007 0.029505
vt 0.443044 0.029335
vt 0.443027 0.029329
vt 0.443062 0.029149
vt 0.443044 0.029144
vt 0.443076 0.028957
vt 0.443059 0.028952
vt 0.443072 0.028755
vt 0.443089 0.028759
vt 0.443081 0.028553
vt 0.443099 0.028555
vt 0.443088 0.028347
vt 0.443106 0.028349
vt 0.443110 0.028140
vt 0.443092 0.028140
vt 0.443111 0.027931
vt 0.443094 0.027931
vt 0.443092 0.027723
vt 0.443110 0.027722
vt 0.436069 0.026594
vt 0.436142 0.026640
vt 0.436204 0.026752
vt 0.436259 0.026702
vt 0.436127 0.026548
vt 0.436154 0.026527
vt 0.436284 0.026679
vt 0.448287 0.028812
vt 0.448288 0.029012
vt 0.436008 0.026384
vt 0.436036 0.026365
vt 0.448288 0.028612
vt 0.435932 0.026195
vt 0.435902 0.026211
vt 0.435841 0.026016
vt 0.435810 0.026030
vt 0.435765 0.025832
vt 0.435733 0.025843
vt 0.435703 0.025642
vt 0.435670 0.025651
vt 0.435656 0.025447
vt 0.435623 0.025454
vt 0.448335 0.027649
vt 0.448382 0.027657
vt 0.448320 0.027833
vt 0.448368 0.027840
vt 0.449012 0.027719
vt 0.448999 0.027891
vt 0.448356 0.028028
vt 0.448988 0.028069
vt 0.448308 0.028022
vt 0.448347 0.028220
vt 0.448979 0.028251
vt 0.448299 0.028216
vt 0.449027 0.028255
vt 0.449035 0.028075
vt 0.447807 0.026692
vt 0.447823 0.026663
vt 0.447973 0.026777
vt 0.447987 0.026746
vt 0.448143 0.026847
vt 0.442898 0.025604
vt 0.442844 0.025366
vt 0.442901 0.025426
vt 0.447620 0.026474
vt 0.447666 0.026567
vt 0.442901 0.026010
vt 0.442958 0.025940
vt 0.442958 0.026110
vt 0.447518 0.026459
vt 0.447378 0.026341
vt 0.447306 0.026197
vt 0.442902 0.023028
vt 0.442957 0.022844
vt 0.442961 0.023172
vt 0.442901 0.022845
vt 0.442961 0.022575
vt 0.442903 0.022662
vt 0.442907 0.022479
vt 0.442914 0.022298
vt 0.446736 0.023804
vt 0.446808 0.023632
vt 0.446768 0.023816
vt 0.446838 0.023646
vt 0.448132 0.028251
vt 0.448180 0.028256
vt 0.448126 0.028436
vt 0.448174 0.028439
vt 0.447500 0.028220
vt 0.447493 0.028416
vt 0.448141 0.028069
vt 0.447509 0.028028
vt 0.448152 0.027891
vt 0.447521 0.027840
vt 0.447535 0.027657
vt 0.448165 0.027719
vt 0.448213 0.027725
vt 0.448199 0.027898
vt 0.448188 0.028077
vt 0.446891 0.023468
vt 0.446989 0.023307
vt 0.446917 0.023490
vt 0.447017 0.023326
vt 0.442901 0.025071
vt 0.442898 0.025254
vt 0.442844 0.025040
vt 0.446952 0.023533
vt 0.447247 0.023112
vt 0.447130 0.023170
vt 0.447244 0.023038
vt 0.447373 0.022908
vt 0.447615 0.022773
vt 0.447513 0.022788
vt 0.447661 0.022680
vt 0.447818 0.022584
vt 0.447941 0.022575
vt 0.447973 0.022504
vt 0.448150 0.022430
vt 0.448139 0.022398
vt 0.447965 0.022471
vt 0.449876 0.030050
vt 0.449923 0.030040
vt 0.449941 0.030193
vt 0.449894 0.030203
vt 0.449265 0.030283
vt 0.449246 0.030122
vt 0.449199 0.030132
vt 0.449218 0.030295
vt 0.438845 0.022499
vt 0.438854 0.022467
vt 0.439035 0.022561
vt 0.439046 0.022529
vt 0.439063 0.022484
vt 0.438788 0.022401
vt 0.439072 0.022460
vt 0.438657 0.022419
vt 0.438462 0.022340
vt 0.438457 0.022388
vt 0.438255 0.022372
vt 0.438156 0.022323
vt 0.438465 0.022314
vt 0.438052 0.022372
vt 0.437850 0.022388
vt 0.437764 0.022352
vt 0.438049 0.022298
vt 0.437650 0.022419
vt 0.437440 0.022420
vt 0.437453 0.022467
vt 0.437260 0.022530
vt 0.437168 0.022515
vt 0.437433 0.022396
vt 0.437073 0.022607
vt 0.436869 0.022657
vt 0.436892 0.022699
vt 0.436720 0.022805
vt 0.436612 0.022824
vt 0.436856 0.022634
vt 0.436556 0.022924
vt 0.436402 0.023055
vt 0.436312 0.023077
vt 0.436510 0.022866
vt 0.436259 0.023199
vt 0.436089 0.023323
vt 0.436127 0.023353
vt 0.436008 0.023517
vt 0.435925 0.023559
vt 0.436069 0.023307
vt 0.435902 0.023690
vt 0.435766 0.023850
vt 0.435810 0.023870
vt 0.435733 0.024057
vt 0.435656 0.024136
vt 0.435743 0.023839
vt 0.435670 0.024250
vt 0.435623 0.024447
vt 0.435562 0.024518
vt 0.435599 0.024230
vt 0.435591 0.024647
vt 0.435527 0.024847
vt 0.435575 0.024849
vt 0.435575 0.025052
vt 0.435533 0.025135
vt 0.435501 0.024846
vt 0.435591 0.025254
vt 0.435575 0.025463
vt 0.435518 0.025262
vt 0.435609 0.025050
vt 0.435625 0.025250
vt 0.448370 0.027302
vt 0.448418 0.027313
vt 0.448351 0.027472
vt 0.448399 0.027482
vt 0.449046 0.027394
vt 0.449028 0.027553
vt 0.449075 0.027562
vt 0.449093 0.027407
vt 0.447225 0.026235
vt 0.447355 0.026365
vt 0.447254 0.026217
vt 0.447102 0.026093
vt 0.447129 0.026072
vt 0.447016 0.025916
vt 0.446991 0.025940
vt 0.446925 0.025767
vt 0.446895 0.025783
vt 0.446841 0.025603
vt 0.446810 0.025618
vt 0.446771 0.025434
vt 0.446739 0.025446
vt 0.446681 0.025269
vt 0.446714 0.025259
vt 0.446851 0.025500
vt 0.446671 0.025081
vt 0.446637 0.025088
vt 0.442848 0.023808
vt 0.442901 0.023956
vt 0.442844 0.023973
vt 0.446700 0.024961
vt 0.446760 0.025246
vt 0.442844 0.025788
vt 0.442901 0.025830
vt 0.442844 0.025950
vt 0.442847 0.025604
vt 0.446627 0.024717
vt 0.446679 0.024506
vt 0.442911 0.023389
vt 0.442905 0.023201
vt 0.446593 0.024718
vt 0.446627 0.024524
vt 0.446593 0.024530
vt 0.446641 0.024350
vt 0.446607 0.024346
vt 0.448170 0.028996
vt 0.448174 0.029178
vt 0.448126 0.029184
vt 0.448122 0.028998
vt 0.448169 0.028811
vt 0.448121 0.028811
vt 0.448170 0.028625
vt 0.448122 0.028623
vt 0.447489 0.028614
vt 0.447488 0.028812
vt 0.447441 0.028612
vt 0.447440 0.028812
vt 0.447445 0.028413
vt 0.447452 0.028216
vt 0.436909 0.022729
vt 0.437087 0.022638
vt 0.436739 0.022833
vt 0.436577 0.022951
vt 0.447489 0.029010
vt 0.447442 0.029012
vt 0.447493 0.029206
vt 0.447446 0.029210
vt 0.447500 0.029400
vt 0.447452 0.029405
vt 0.447509 0.029589
vt 0.447461 0.029595
vt 0.436154 0.023374
vt 0.436036 0.023536
vt 0.447521 0.029773
vt 0.447473 0.029781
vt 0.435932 0.023706
vt 0.447535 0.029951
vt 0.447488 0.029960
vt 0.435841 0.023884
vt 0.447552 0.030121
vt 0.447504 0.030132
vt 0.435764 0.024069
vt 0.447571 0.030283
vt 0.447523 0.030295
vt 0.447592 0.030435
vt 0.447544 0.030448
vt 0.447615 0.030577
vt 0.447568 0.030591
vt 0.448462 0.027005
vt 0.448439 0.027154
vt 0.448415 0.026991
vt 0.448392 0.027142
vt 0.449066 0.027243
vt 0.449088 0.027102
vt 0.449135 0.027113
vt 0.435625 0.024651
vt 0.435609 0.024850
vt 0.448219 0.030347
vt 0.448240 0.030481
vt 0.448266 0.030334
vt 0.435656 0.024454
vt 0.448199 0.030203
vt 0.448246 0.030191
vt 0.435703 0.024259
vt 0.448181 0.030049
vt 0.448228 0.030039
vt 0.448165 0.029888
vt 0.448213 0.029879
vt 0.448152 0.029720
vt 0.448200 0.029713
vt 0.448141 0.029546
vt 0.448189 0.029542
vt 0.448132 0.029367
vt 0.448180 0.029362
vt 0.446643 0.024908
vt 0.446608 0.024906
vt 0.436283 0.023222
vt 0.436425 0.023080
vt 0.446636 0.024163
vt 0.446679 0.023981
vt 0.446669 0.024169
vt 0.446712 0.023991
vt 0.448287 0.030466
vt 0.447025 0.025839
vt 0.449113 0.027255
vt 0.449060 0.027728
vt 0.449047 0.027899
vt 0.447648 0.026595
vt 0.447497 0.026486
vt 0.435518 0.024638
vt 0.435838 0.023653
vt 0.436204 0.023149
vt 0.437042 0.022540
vt 0.437272 0.022561
vt 0.447461 0.028022
vt 0.437462 0.022499
vt 0.447473 0.027833
vt 0.437656 0.022453
vt 0.447487 0.027649
vt 0.447551 0.027481
vt 0.447504 0.027472
vt 0.447523 0.027302
vt 0.447570 0.027313
vt 0.447544 0.027142
vt 0.447591 0.027154
vt 0.447614 0.027005
vt 0.447567 0.026991
vt 0.448240 0.027102
vt 0.448218 0.027243
vt 0.448199 0.027394
vt 0.448266 0.027255
vt 0.448246 0.027405
vt 0.448181 0.027552
vt 0.448228 0.027562
vt 0.447350 0.022883
vt 0.447219 0.023015
vt 0.447492 0.022762
vt 0.447642 0.022652
vt 0.448287 0.027115
vt 0.449913 0.030347
vt 0.449961 0.030334
vt 0.449935 0.030481
vt 0.449982 0.030467
vt 0.447801 0.022555
vt 0.449286 0.030435
vt 0.449309 0.030577
vt 0.449239 0.030448
vt 0.449262 0.030591
vt 0.438453 0.022422
vt 0.438650 0.022452
vt 0.438253 0.022406
vt 0.438053 0.022406
vt 0.437854 0.022422
vt 0.437636 0.022347
vt 0.438671 0.022347
vt 0.439234 0.022607
vt 0.439365 0.022620
vt 0.439414 0.022699
vt 0.439219 0.022638
vt 0.439398 0.022729
vt 0.449216 0.029773
vt 0.449230 0.029951
vt 0.449168 0.029781
vt 0.449182 0.029960
vt 0.449847 0.029720
vt 0.449860 0.029889
vt 0.449894 0.029713
vt 0.449907 0.029878
vt 0.448318 0.022340
vt 0.448497 0.022297
vt 0.448503 0.022330
vt 0.448333 0.022371
vt 0.442844 0.026277
vt 0.442844 0.026119
vt 0.442901 0.026239
vt 0.448367 0.022415
vt 0.448690 0.022349
vt 0.439587 0.022805
vt 0.439568 0.022833
vt 0.439700 0.022827
vt 0.439751 0.022924
vt 0.439730 0.022950
vt 0.439955 0.023001
vt 0.439628 0.022743
vt 0.439265 0.022540
vt 0.447100 0.023155
vt 0.442901 0.024901
vt 0.442901 0.024185
vt 0.435654 0.025759
vt 0.435550 0.025468
vt 0.435803 0.026123
vt 0.435663 0.025869
vt 0.435968 0.026411
vt 0.435838 0.026247
vt 0.448292 0.028413
vt 0.435946 0.026425
vt 0.435743 0.026062
vt 0.435599 0.025671
vt 0.435501 0.025055
vt 0.435550 0.024433
vt 0.435663 0.024032
vt 0.435947 0.023476
vt 0.436352 0.023001
vt 0.436679 0.022743
vt 0.437235 0.022460
vt 0.437841 0.022314
vt 0.438258 0.022298
vt 0.438874 0.022396
vt 0.439450 0.022634
vt 0.439797 0.022866
vt 0.440103 0.023149
vt 0.440238 0.023307
vt 0.440360 0.023476
vt 0.440469 0.023653
vt 0.440504 0.023777
vt 0.440564 0.023839
vt 0.440644 0.024031
vt 0.440653 0.024141
vt 0.440708 0.024230
vt 0.440757 0.024432
vt 0.440732 0.024437
vt 0.440790 0.024638
vt 0.440775 0.024778
vt 0.440716 0.024647
vt 0.440732 0.024849
vt 0.440682 0.024651
vt 0.440698 0.024850
vt 0.449218 0.027302
vt 0.449265 0.027314
vt 0.449199 0.027472
vt 0.449246 0.027482
vt 0.449286 0.027154
vt 0.449913 0.027243
vt 0.449309 0.027005
vt 0.449935 0.027102
vt 0.449982 0.027114
vt 0.449960 0.027255
vt 0.450933 0.023304
vt 0.450909 0.023328
vt 0.451030 0.023460
vt 0.447394 0.030481
vt 0.447419 0.030334
vt 0.447440 0.030466
vt 0.447372 0.030347
vt 0.447352 0.030203
vt 0.447399 0.030191
vt 0.446745 0.030435
vt 0.446724 0.030283
vt 0.446697 0.030448
vt 0.446676 0.030295
vt 0.446657 0.030132
vt 0.446641 0.029960
vt 0.440543 0.025832
vt 0.440574 0.025843
vt 0.440466 0.026016
vt 0.440497 0.026030
vt 0.440574 0.025970
vt 0.440637 0.025651
vt 0.440707 0.025566
vt 0.440644 0.025869
vt 0.440684 0.025454
vt 0.440716 0.025254
vt 0.440770 0.025178
vt 0.440757 0.025468
vt 0.440732 0.025052
vt 0.440806 0.025054
vt 0.440682 0.025249
vt 0.440698 0.025050
vt 0.449239 0.027142
vt 0.449262 0.026991
vt 0.446721 0.030591
vt 0.446768 0.030577
vt 0.440651 0.025447
vt 0.440604 0.025641
vt 0.440405 0.026211
vt 0.440382 0.026341
vt 0.440299 0.026384
vt 0.440375 0.026195
vt 0.440271 0.026365
vt 0.446614 0.029595
vt 0.446626 0.029781
vt 0.440180 0.026548
vt 0.440153 0.026527
vt 0.446605 0.029404
vt 0.440024 0.026679
vt 0.440048 0.026702
vt 0.439882 0.026820
vt 0.439905 0.026845
vt 0.439730 0.026950
vt 0.439751 0.026977
vt 0.439568 0.027068
vt 0.439587 0.027096
vt 0.439414 0.027202
vt 0.439398 0.027172
vt 0.446642 0.028613
vt 0.446594 0.028612
vt 0.446598 0.028413
vt 0.446605 0.028216
vt 0.439220 0.027263
vt 0.439234 0.027293
vt 0.439047 0.027371
vt 0.439035 0.027339
vt 0.446614 0.028022
vt 0.438854 0.027434
vt 0.438845 0.027401
vt 0.446626 0.027833
vt 0.438650 0.027448
vt 0.438657 0.027481
vt 0.438453 0.027479
vt 0.438457 0.027513
vt 0.438253 0.027495
vt 0.438255 0.027529
vt 0.438054 0.027495
vt 0.438052 0.027529
vt 0.437854 0.027479
vt 0.437850 0.027513
vt 0.446767 0.027005
vt 0.446744 0.027154
vt 0.446720 0.026991
vt 0.446697 0.027142
vt 0.447393 0.027102
vt 0.447371 0.027243
vt 0.446723 0.027313
vt 0.447352 0.027394
vt 0.446676 0.027302
vt 0.446704 0.027481
vt 0.447334 0.027552
vt 0.446657 0.027472
vt 0.447381 0.027562
vt 0.447399 0.027405
vt 0.450574 0.026361
vt 0.450706 0.026229
vt 0.447419 0.027255
vt 0.450433 0.026482
vt 0.450282 0.026592
vt 0.447440 0.027115
vt 0.449066 0.030347
vt 0.449113 0.030334
vt 0.449088 0.030481
vt 0.449135 0.030467
vt 0.450124 0.026689
vt 0.448439 0.030435
vt 0.448462 0.030577
vt 0.448392 0.030448
vt 0.448415 0.030591
vt 0.448371 0.030295
vt 0.448351 0.030132
vt 0.437462 0.027401
vt 0.437272 0.027340
vt 0.437087 0.027263
vt 0.448335 0.029960
vt 0.437657 0.027448
vt 0.437650 0.027481
vt 0.437931 0.027568
vt 0.437636 0.027554
vt 0.438357 0.027569
vt 0.438050 0.027603
vt 0.438745 0.027509
vt 0.438466 0.027586
vt 0.446640 0.027649
vt 0.439127 0.027390
vt 0.438874 0.027505
vt 0.439438 0.027244
vt 0.439265 0.027361
vt 0.439695 0.027077
vt 0.439451 0.027266
vt 0.446593 0.028812
vt 0.446641 0.028812
vt 0.447274 0.028811
vt 0.447275 0.028623
vt 0.447322 0.028811
vt 0.447323 0.028624
vt 0.447275 0.028998
vt 0.447323 0.028996
vt 0.446642 0.029010
vt 0.446594 0.029012
vt 0.451284 0.024893
vt 0.451318 0.024898
vt 0.451289 0.025081
vt 0.451213 0.025253
vt 0.451246 0.025263
vt 0.439995 0.026823
vt 0.439797 0.027035
vt 0.440218 0.026578
vt 0.440103 0.026752
vt 0.446598 0.029210
vt 0.440238 0.026594
vt 0.440469 0.026247
vt 0.451115 0.023626
vt 0.440806 0.024846
vt 0.440789 0.025262
vt 0.440708 0.025671
vt 0.440564 0.026061
vt 0.440361 0.026425
vt 0.439955 0.026899
vt 0.439628 0.027157
vt 0.439072 0.027440
vt 0.438671 0.027554
vt 0.438258 0.027603
vt 0.437842 0.027586
vt 0.443044 0.026735
vt 0.443062 0.026729
vt 0.437042 0.027361
vt 0.449428 0.026947
vt 0.449244 0.026976
vt 0.449607 0.026904
vt 0.449592 0.026873
vt 0.450825 0.026089
vt 0.451332 0.024714
vt 0.442901 0.025608
vt 0.451254 0.024163
vt 0.451288 0.024156
vt 0.447352 0.029713
vt 0.442960 0.026424
vt 0.442901 0.026421
vt 0.442960 0.026267
vt 0.451165 0.023998
vt 0.449140 0.028413
vt 0.442916 0.023389
vt 0.446786 0.023918
vt 0.442901 0.025254
vt 0.442901 0.026110
vt 0.442958 0.026229
vt 0.442901 0.026267
vt 0.442841 0.023198
vt 0.450992 0.025678
vt 0.442901 0.026277
vt 0.442901 0.026426
vt 0.442844 0.026355
vt 0.449782 0.022397
vt 0.442901 0.024201
vt 0.449332 0.022626
vt 0.449042 0.022555
vt 0.448977 0.024615
vt 0.448964 0.022959
vt 0.449258 0.023037
vt 0.449778 0.022736
vt 0.449610 0.023131
vt 0.449934 0.023052
vt 0.449955 0.023001
vt 0.449095 0.026221
vt 0.449389 0.026186
vt 0.449495 0.026590
vt 0.449126 0.026641
vt 0.448344 0.026826
vt 0.448317 0.026417
vt 0.448345 0.026369
vt 0.448839 0.022714
vt 0.448832 0.022770
vt 0.450433 0.023404
vt 0.450384 0.023431
vt 0.450703 0.023528
vt 0.450445 0.024005
vt 0.450348 0.023752
vt 0.450746 0.024488
vt 0.450801 0.024489
vt 0.450361 0.026129
vt 0.450384 0.026106
vt 0.450213 0.025626
vt 0.450072 0.025813
vt 0.450189 0.026191
vt 0.450244 0.026190
vt 0.450002 0.025955
vt 0.450003 0.026011
vt 0.450020 0.026067
vt 0.450046 0.026112
vt 0.449780 0.026344
vt 0.449766 0.026291
vt 0.448306 0.026149
vt 0.448022 0.025924
vt 0.448066 0.026483
vt 0.448120 0.026497
vt 0.447477 0.026035
vt 0.447775 0.026262
vt 0.447789 0.025740
vt 0.446928 0.024281
vt 0.446923 0.024336
vt 0.446717 0.024178
vt 0.447348 0.024323
vt 0.447344 0.024300
vt 0.447236 0.024142
vt 0.447184 0.024122
vt 0.447344 0.023604
vt 0.447385 0.023641
vt 0.447426 0.023267
vt 0.447767 0.022978
vt 0.448017 0.023317
vt 0.447742 0.023542
vt 0.447977 0.022809
vt 0.447930 0.022839
vt 0.448202 0.023166
vt 0.448227 0.023138
vt 0.446955 0.025118
vt 0.446978 0.025168
vt 0.447360 0.024860
vt 0.447365 0.025074
vt 0.446947 0.024923
vt 0.446930 0.024518
vt 0.447353 0.024538
vt 0.447165 0.025268
vt 0.447220 0.025259
vt 0.447445 0.025672
vt 0.447406 0.025711
vt 0.450921 0.024066
vt 0.450831 0.023845
vt 0.450513 0.024182
vt 0.450989 0.024254
vt 0.450975 0.024200
vt 0.450579 0.024356
vt 0.450605 0.024403
vt 0.450643 0.023435
vt 0.450595 0.023407
vt 0.450301 0.023570
vt 0.450300 0.023626
vt 0.448276 0.022966
vt 0.448259 0.022913
vt 0.448820 0.026675
vt 0.448876 0.026675
vt 0.448821 0.026254
vt 0.448767 0.026268
vt 0.448638 0.026436
vt 0.448637 0.026492
vt 0.450777 0.025564
vt 0.450539 0.025892
vt 0.450407 0.025369
vt 0.450772 0.025224
vt 0.450723 0.025197
vt 0.437324 0.019895
vt 0.439845 0.019895
vt 0.437306 0.020392
vt 0.439827 0.020392
vt 0.444402 0.026979
vt 0.444249 0.026882
vt 0.444661 0.026446
vt 0.444488 0.026386
vt 0.444495 0.027037
vt 0.444763 0.026482
vt 0.449785 0.019467
vt 0.449969 0.019486
vt 0.449765 0.020029
vt 0.449949 0.020042
vt 0.449346 0.020029
vt 0.449366 0.019467
vt 0.449395 0.018979
vt 0.449814 0.018979
vt 0.445473 0.018979
vt 0.445496 0.019467
vt 0.445053 0.018979
vt 0.445077 0.019467
vt 0.445513 0.020029
vt 0.445093 0.020029
vt 0.445521 0.020639
vt 0.445102 0.020639
vt 0.445521 0.021263
vt 0.445102 0.021263
vt 0.444918 0.020643
vt 0.444918 0.021259
vt 0.444801 0.020655
vt 0.444801 0.021247
vt 0.441868 0.028195
vt 0.441889 0.028015
vt 0.442459 0.028197
vt 0.442439 0.028016
vt 0.439970 0.017450
vt 0.439970 0.018000
vt 0.437446 0.017450
vt 0.437446 0.018000
vt 0.437347 0.017454
vt 0.437347 0.017997
vt 0.442653 0.022944
vt 0.442643 0.022845
vt 0.443183 0.022823
vt 0.443150 0.022729
vt 0.442110 0.022944
vt 0.442121 0.022844
vt 0.441581 0.022822
vt 0.441613 0.022730
vt 0.441090 0.022588
vt 0.441143 0.022503
vt 0.440666 0.022248
vt 0.440735 0.022179
vt 0.440327 0.021823
vt 0.440411 0.021771
vt 0.440091 0.021334
vt 0.440184 0.021301
vt 0.439970 0.020804
vt 0.440068 0.020792
vt 0.439970 0.020261
vt 0.440067 0.020271
vt 0.440184 0.019764
vt 0.440090 0.019730
vt 0.440410 0.019294
vt 0.440327 0.019241
vt 0.440735 0.018886
vt 0.440664 0.018815
vt 0.441089 0.018477
vt 0.441143 0.018560
vt 0.441578 0.018240
vt 0.441611 0.018334
vt 0.442120 0.018218
vt 0.442110 0.018119
vt 0.442653 0.018119
vt 0.442642 0.018218
vt 0.443150 0.018334
vt 0.443183 0.018241
vt 0.443620 0.018561
vt 0.443673 0.018475
vt 0.444027 0.018884
vt 0.444097 0.018816
vt 0.444436 0.019240
vt 0.444352 0.019292
vt 0.444672 0.019730
vt 0.444579 0.019762
vt 0.444793 0.020259
vt 0.444695 0.020271
vt 0.444695 0.020792
vt 0.444793 0.020803
vt 0.444673 0.021333
vt 0.444579 0.021300
vt 0.444437 0.021822
vt 0.444354 0.021771
vt 0.444098 0.022248
vt 0.444028 0.022177
vt 0.443620 0.022503
vt 0.443674 0.022587
vt 0.437325 0.016433
vt 0.437424 0.016416
vt 0.437339 0.016922
vt 0.437439 0.016912
vt 0.439948 0.016416
vt 0.439963 0.016912
vt 0.443037 0.028065
vt 0.442977 0.027894
vt 0.443570 0.027810
vt 0.443473 0.027655
vt 0.443074 0.028170
vt 0.443628 0.027902
vt 0.444893 0.019487
vt 0.444909 0.020041
vt 0.444111 0.027518
vt 0.444034 0.027441
vt 0.444870 0.019005
vt 0.443904 0.027312
vt 0.437349 0.019465
vt 0.439871 0.019465
vt 0.439945 0.019913
vt 0.439970 0.019488
vt 0.439927 0.015986
vt 0.437404 0.015986
vt 0.437304 0.016009
vt 0.444793 0.020077
vt 0.439927 0.020403
vt 0.439818 0.020929
vt 0.439918 0.020933
vt 0.437297 0.020929
vt 0.437297 0.021480
vt 0.439818 0.021480
vt 0.437306 0.022018
vt 0.439827 0.022018
vt 0.444490 0.024759
vt 0.444663 0.024701
vt 0.444612 0.025298
vt 0.444793 0.025278
vt 0.449939 0.021259
vt 0.450057 0.021246
vt 0.449949 0.021859
vt 0.450067 0.021823
vt 0.449754 0.021263
vt 0.449765 0.021871
vt 0.449335 0.021263
vt 0.449346 0.021871
vt 0.449141 0.021259
vt 0.449151 0.021861
vt 0.448995 0.021248
vt 0.449005 0.021827
vt 0.447132 0.022922
vt 0.447726 0.022922
vt 0.447152 0.023091
vt 0.447710 0.023091
vt 0.447185 0.023376
vt 0.447678 0.023377
vt 0.446705 0.023486
vt 0.446609 0.023215
vt 0.446108 0.023456
vt 0.446261 0.023700
vt 0.446017 0.023312
vt 0.446553 0.023054
vt 0.449152 0.020040
vt 0.449141 0.020642
vt 0.449005 0.020074
vt 0.448995 0.020654
vt 0.449335 0.020639
vt 0.449172 0.019485
vt 0.449025 0.019538
vt 0.449200 0.019002
vt 0.449052 0.019073
vt 0.445668 0.019003
vt 0.445817 0.019074
vt 0.445692 0.019485
vt 0.445840 0.019539
vt 0.445855 0.020074
vt 0.445708 0.020041
vt 0.445863 0.020654
vt 0.445716 0.020643
vt 0.445863 0.021248
vt 0.445716 0.021259
vt 0.445855 0.021827
vt 0.445708 0.021860
vt 0.445513 0.021871
vt 0.445692 0.022416
vt 0.445496 0.022434
vt 0.445093 0.021871
vt 0.445077 0.022434
vt 0.444909 0.021859
vt 0.444893 0.022415
vt 0.441256 0.028167
vt 0.440701 0.027899
vt 0.441291 0.028065
vt 0.440759 0.027806
vt 0.440856 0.027652
vt 0.441352 0.027892
vt 0.439963 0.018537
vt 0.439948 0.019033
vt 0.437439 0.018537
vt 0.437424 0.019033
vt 0.437339 0.018527
vt 0.437325 0.019016
vt 0.439927 0.019465
vt 0.437404 0.019465
vt 0.437304 0.019441
vt 0.446962 0.018548
vt 0.449483 0.018548
vt 0.446987 0.018979
vt 0.449509 0.018979
vt 0.449583 0.018530
vt 0.449608 0.018955
vt 0.446944 0.018051
vt 0.449465 0.018051
vt 0.449565 0.018040
vt 0.446935 0.017514
vt 0.449456 0.017514
vt 0.449556 0.017511
vt 0.446935 0.016962
vt 0.449456 0.016962
vt 0.446944 0.016426
vt 0.449465 0.016426
vt 0.446962 0.015930
vt 0.449483 0.015930
vt 0.449509 0.015499
vt 0.446988 0.015499
vt 0.436996 0.025148
vt 0.436975 0.024717
vt 0.439519 0.025148
vt 0.439499 0.024717
vt 0.437010 0.025644
vt 0.439534 0.025644
vt 0.437017 0.026180
vt 0.439541 0.026180
vt 0.439541 0.026732
vt 0.437017 0.026732
vt 0.436918 0.026729
vt 0.436918 0.026184
vt 0.439534 0.027269
vt 0.437010 0.027269
vt 0.436910 0.027258
vt 0.439519 0.027765
vt 0.436995 0.027765
vt 0.436896 0.027748
vt 0.439499 0.028197
vt 0.436975 0.028197
vt 0.436876 0.028173
vt 0.437324 0.022514
vt 0.439845 0.022514
vt 0.437349 0.022944
vt 0.439871 0.022944
vt 0.439945 0.022495
vt 0.439970 0.022921
vt 0.439927 0.022006
vt 0.443909 0.023833
vt 0.444037 0.023705
vt 0.444252 0.024263
vt 0.444406 0.024167
vt 0.444498 0.024109
vt 0.444115 0.023626
vt 0.449785 0.022435
vt 0.449969 0.022415
vt 0.449814 0.022922
vt 0.449998 0.022897
vt 0.449366 0.022435
vt 0.449395 0.022922
vt 0.449172 0.022417
vt 0.449200 0.022899
vt 0.449025 0.022364
vt 0.449052 0.022828
vt 0.448307 0.023054
vt 0.448842 0.023312
vt 0.448251 0.023214
vt 0.448754 0.023456
vt 0.448601 0.023699
vt 0.448158 0.023485
vt 0.448400 0.024317
vt 0.447958 0.024066
vt 0.447433 0.023987
vt 0.447625 0.024632
vt 0.447222 0.024637
vt 0.446768 0.024133
vt 0.446856 0.024808
vt 0.446213 0.024564
vt 0.445877 0.024007
vt 0.445568 0.024392
vt 0.445326 0.024239
vt 0.445673 0.023804
vt 0.445182 0.024148
vt 0.445552 0.023683
vt 0.445356 0.024836
vt 0.445084 0.024741
vt 0.444925 0.024683
vt 0.445246 0.025317
vt 0.444960 0.025283
vt 0.444793 0.025262
vt 0.444960 0.025840
vt 0.445246 0.025809
vt 0.444793 0.025858
vt 0.445084 0.026382
vt 0.445356 0.026290
vt 0.445326 0.026884
vt 0.445570 0.026732
vt 0.445875 0.027118
vt 0.445673 0.027318
vt 0.446108 0.027666
vt 0.446262 0.027425
vt 0.446610 0.027907
vt 0.446705 0.027639
vt 0.447185 0.027747
vt 0.447152 0.028032
vt 0.447709 0.028030
vt 0.447678 0.027748
vt 0.448158 0.027638
vt 0.448253 0.027907
vt 0.448306 0.028064
vt 0.447727 0.028197
vt 0.446009 0.020641
vt 0.446009 0.021259
vt 0.445863 0.020654
vt 0.445863 0.021248
vt 0.446203 0.020639
vt 0.446203 0.021263
vt 0.446622 0.020639
vt 0.446622 0.021263
vt 0.446214 0.021871
vt 0.446633 0.021871
vt 0.446234 0.022434
vt 0.446653 0.022434
vt 0.446019 0.021861
vt 0.446040 0.022416
vt 0.445873 0.021827
vt 0.445893 0.022363
vt 0.446553 0.028065
vt 0.447133 0.028197
vt 0.445920 0.022828
vt 0.446068 0.022899
vt 0.446017 0.027806
vt 0.445817 0.022827
vt 0.445668 0.022898
vt 0.445840 0.022362
vt 0.445553 0.027436
vt 0.446263 0.022922
vt 0.445473 0.022922
vt 0.446682 0.022922
vt 0.445053 0.022922
vt 0.446837 0.022415
vt 0.446866 0.022896
vt 0.440220 0.027514
vt 0.439835 0.027032
vt 0.440296 0.027437
vt 0.439928 0.026974
vt 0.440083 0.026877
vt 0.440425 0.027308
vt 0.439569 0.026476
vt 0.439672 0.026440
vt 0.439844 0.026381
vt 0.446807 0.021259
vt 0.446925 0.021246
vt 0.446817 0.021859
vt 0.446935 0.021823
vt 0.439542 0.025863
vt 0.439721 0.025843
vt 0.446807 0.020643
vt 0.446925 0.020655
vt 0.439541 0.025272
vt 0.439723 0.025291
vt 0.446935 0.020078
vt 0.446817 0.020041
vt 0.439674 0.024695
vt 0.439846 0.024755
vt 0.439570 0.024659
vt 0.439931 0.024163
vt 0.439839 0.024103
vt 0.440085 0.024259
vt 0.440300 0.023700
vt 0.440223 0.023622
vt 0.440430 0.023829
vt 0.440763 0.023332
vt 0.440706 0.023238
vt 0.440861 0.023486
vt 0.441297 0.023076
vt 0.441261 0.022971
vt 0.441357 0.023247
vt 0.447997 0.021247
vt 0.448005 0.021823
vt 0.447881 0.021259
vt 0.447889 0.021859
vt 0.441873 0.022944
vt 0.441894 0.023125
vt 0.447880 0.020641
vt 0.447997 0.020654
vt 0.442445 0.023125
vt 0.442466 0.022945
vt 0.448005 0.020078
vt 0.447889 0.020042
vt 0.443042 0.023078
vt 0.442982 0.023249
vt 0.443576 0.023334
vt 0.443634 0.023242
vt 0.443078 0.022974
vt 0.443478 0.023489
vt 0.447721 0.019466
vt 0.447905 0.019486
vt 0.447705 0.020029
vt 0.447302 0.019466
vt 0.447285 0.020029
vt 0.447106 0.019485
vt 0.447090 0.020041
vt 0.446943 0.020074
vt 0.446958 0.019538
vt 0.449307 0.023683
vt 0.449677 0.024147
vt 0.449189 0.023803
vt 0.449536 0.024238
vt 0.449294 0.024392
vt 0.448987 0.024006
vt 0.448846 0.024860
vt 0.448103 0.024897
vt 0.448369 0.025436
vt 0.449011 0.025387
vt 0.448967 0.025937
vt 0.448236 0.026069
vt 0.447731 0.025676
vt 0.447529 0.025861
vt 0.447828 0.026435
vt 0.446661 0.026109
vt 0.447134 0.025481
vt 0.447219 0.025783
vt 0.446480 0.025566
vt 0.446584 0.025133
vt 0.447340 0.025273
vt 0.447690 0.025399
vt 0.445899 0.025192
vt 0.445855 0.025743
vt 0.446020 0.026269
vt 0.446466 0.026813
vt 0.447039 0.026435
vt 0.446908 0.027064
vt 0.447433 0.027143
vt 0.447435 0.026519
vt 0.448098 0.026995
vt 0.448653 0.026566
vt 0.448602 0.027425
vt 0.448986 0.027117
vt 0.448753 0.027665
vt 0.449189 0.027319
vt 0.448843 0.027807
vt 0.449307 0.027435
vt 0.445893 0.019538
vt 0.446039 0.019485
vt 0.445873 0.020073
vt 0.446019 0.020040
vt 0.446234 0.019467
vt 0.446214 0.020029
vt 0.446653 0.019467
vt 0.446633 0.020029
vt 0.446837 0.019486
vt 0.446263 0.018979
vt 0.446682 0.018979
vt 0.447721 0.022433
vt 0.447745 0.022922
vt 0.447302 0.022433
vt 0.447325 0.022922
vt 0.447705 0.021871
vt 0.447285 0.021871
vt 0.447696 0.021263
vt 0.447277 0.021263
vt 0.447277 0.020637
vt 0.447696 0.020637
vt 0.447082 0.020642
vt 0.447082 0.021259
vt 0.446935 0.021248
vt 0.446935 0.020652
vt 0.449934 0.024682
vt 0.450066 0.025263
vt 0.449777 0.024739
vt 0.449901 0.025283
vt 0.449617 0.025316
vt 0.449508 0.024836
vt 0.449618 0.025809
vt 0.449901 0.025838
vt 0.449507 0.026288
vt 0.449778 0.026382
vt 0.449295 0.026732
vt 0.449536 0.026883
vt 0.449677 0.026971
vt 0.449935 0.026435
vt 0.447106 0.022415
vt 0.447130 0.022898
vt 0.446958 0.022362
vt 0.446981 0.022826
vt 0.446943 0.021827
vt 0.447090 0.021860
vt 0.450067 0.025856
vt 0.446068 0.019001
vt 0.445920 0.019073
vt 0.447905 0.022414
vt 0.447928 0.022896
vt 0.446866 0.019004
vt 0.446981 0.019074
vt 0.447130 0.019002
vt 0.447325 0.018979
vt 0.447745 0.018979
vt 0.447928 0.019005
vt 0.444870 0.022896
vt 0.445183 0.026971
vt 0.444926 0.026436
vt 0.444765 0.024665
vt 0.436910 0.025654
vt 0.436896 0.025165
vt 0.436876 0.024741
vt 0.449608 0.015523
vt 0.449583 0.015947
vt 0.449565 0.016438
vt 0.449556 0.016967
vt 0.444793 0.021824
vt 0.449755 0.020639
vt 0.449939 0.020643
vt 0.450057 0.020655
vt 0.450067 0.020078
vt 0.444793 0.025869
vt 0.444612 0.025849
vt 0.439918 0.021476
vt 0.449998 0.019005
vt 0.442202 0.024210
vt 0.442702 0.024215
vt 0.442203 0.024493
vt 0.442702 0.024487
vt 0.441988 0.024206
vt 0.441988 0.024497
vt 0.441819 0.024200
vt 0.441820 0.024504
vt 0.436642 0.017605
vt 0.436480 0.017561
vt 0.436736 0.017316
vt 0.436579 0.017256
vt 0.436426 0.017074
vt 0.436273 0.017506
vt 0.435815 0.016962
vt 0.435980 0.016590
vt 0.436691 0.016567
vt 0.436183 0.016238
vt 0.436893 0.016289
vt 0.436423 0.015909
vt 0.437122 0.016034
vt 0.436695 0.015606
vt 0.437378 0.015804
vt 0.436997 0.015334
vt 0.437656 0.015602
vt 0.437326 0.015094
vt 0.437953 0.015430
vt 0.437678 0.014891
vt 0.438267 0.015290
vt 0.438050 0.014725
vt 0.438594 0.015184
vt 0.438437 0.014600
vt 0.438930 0.015112
vt 0.438835 0.014515
vt 0.439377 0.015076
vt 0.439240 0.014472
vt 0.439647 0.014472
vt 0.439237 0.014411
vt 0.439650 0.014411
vt 0.445106 0.023662
vt 0.445145 0.023648
vt 0.445128 0.024054
vt 0.445168 0.024045
vt 0.445207 0.023644
vt 0.445229 0.024042
vt 0.445183 0.024452
vt 0.445244 0.024451
vt 0.445190 0.024867
vt 0.445252 0.024866
vt 0.445150 0.024869
vt 0.445143 0.024458
vt 0.440450 0.014599
vt 0.440052 0.014515
vt 0.440465 0.014540
vt 0.440061 0.014454
vt 0.440293 0.015183
vt 0.439957 0.015112
vt 0.439924 0.015323
vt 0.440238 0.015390
vt 0.439898 0.015489
vt 0.440195 0.015552
vt 0.440980 0.028890
vt 0.440811 0.028909
vt 0.440975 0.028600
vt 0.440806 0.028607
vt 0.441194 0.028878
vt 0.441189 0.028596
vt 0.441694 0.028861
vt 0.441689 0.028590
vt 0.441688 0.028318
vt 0.441189 0.028313
vt 0.441693 0.028047
vt 0.441194 0.028031
vt 0.441703 0.027781
vt 0.441204 0.027754
vt 0.441717 0.027522
vt 0.441219 0.027484
vt 0.441736 0.027273
vt 0.441238 0.027225
vt 0.441759 0.027037
vt 0.441262 0.026979
vt 0.441291 0.026750
vt 0.441786 0.026817
vt 0.441323 0.026539
vt 0.441817 0.026614
vt 0.441293 0.026053
vt 0.441788 0.025985
vt 0.441325 0.026263
vt 0.441819 0.026187
vt 0.441264 0.025824
vt 0.441761 0.025765
vt 0.441240 0.025579
vt 0.441737 0.025530
vt 0.441220 0.025321
vt 0.441718 0.025282
vt 0.441205 0.025052
vt 0.441704 0.025023
vt 0.441194 0.024775
vt 0.441694 0.024758
vt 0.441189 0.024493
vt 0.441689 0.024487
vt 0.441189 0.024210
vt 0.441689 0.024215
vt 0.441194 0.023928
vt 0.441693 0.023944
vt 0.441204 0.023651
vt 0.441703 0.023678
vt 0.441219 0.023381
vt 0.441717 0.023419
vt 0.441238 0.023122
vt 0.441736 0.023170
vt 0.441262 0.022876
vt 0.441759 0.022934
vt 0.441291 0.022646
vt 0.441786 0.022714
vt 0.441323 0.022436
vt 0.441817 0.022511
vt 0.442306 0.030156
vt 0.442801 0.030088
vt 0.442338 0.030366
vt 0.442832 0.030290
vt 0.442277 0.029927
vt 0.442774 0.029869
vt 0.442253 0.029682
vt 0.442750 0.029633
vt 0.442233 0.029424
vt 0.442731 0.029385
vt 0.442218 0.029155
vt 0.442717 0.029127
vt 0.442208 0.028878
vt 0.442707 0.028861
vt 0.442203 0.028596
vt 0.442702 0.028590
vt 0.442202 0.028313
vt 0.442702 0.028318
vt 0.442207 0.028031
vt 0.442707 0.028047
vt 0.442217 0.027754
vt 0.442716 0.027781
vt 0.442232 0.027484
vt 0.442730 0.027522
vt 0.442252 0.027225
vt 0.442749 0.027273
vt 0.442276 0.026979
vt 0.442772 0.027038
vt 0.442304 0.026750
vt 0.442799 0.026817
vt 0.442336 0.026539
vt 0.442830 0.026614
vt 0.442306 0.026053
vt 0.442801 0.025985
vt 0.442338 0.026263
vt 0.442832 0.026187
vt 0.442277 0.025824
vt 0.442774 0.025765
vt 0.442253 0.025579
vt 0.442750 0.025530
vt 0.442233 0.025321
vt 0.442731 0.025282
vt 0.442218 0.025052
vt 0.442717 0.025024
vt 0.442208 0.024775
vt 0.442707 0.024758
vt 0.441993 0.024786
vt 0.442004 0.025071
vt 0.441825 0.024806
vt 0.441836 0.025103
vt 0.436547 0.018204
vt 0.436380 0.018195
vt 0.436579 0.017902
vt 0.436413 0.017875
vt 0.436166 0.018184
vt 0.436202 0.017842
vt 0.435562 0.018152
vt 0.435604 0.017748
vt 0.435689 0.017349
vt 0.435544 0.017738
vt 0.435630 0.017334
vt 0.444342 0.024458
vt 0.444382 0.024452
vt 0.444349 0.024869
vt 0.444389 0.024867
vt 0.444443 0.024450
vt 0.444451 0.024866
vt 0.444327 0.024054
vt 0.444367 0.024044
vt 0.444428 0.024041
vt 0.444305 0.023661
vt 0.444344 0.023648
vt 0.444406 0.023644
vt 0.444276 0.023284
vt 0.444315 0.023268
vt 0.444376 0.023262
vt 0.435631 0.019378
vt 0.435595 0.019387
vt 0.435545 0.018973
vt 0.435509 0.018979
vt 0.444279 0.022907
vt 0.444340 0.022900
vt 0.435759 0.019771
vt 0.435724 0.019784
vt 0.444237 0.022570
vt 0.444298 0.022563
vt 0.435927 0.020148
vt 0.435894 0.020165
vt 0.444189 0.022261
vt 0.444250 0.022252
vt 0.436133 0.020506
vt 0.436103 0.020526
vt 0.443438 0.027586
vt 0.443499 0.027594
vt 0.443390 0.027897
vt 0.443451 0.027906
vt 0.436377 0.020840
vt 0.436348 0.020863
vt 0.443480 0.027248
vt 0.443541 0.027255
vt 0.436653 0.021148
vt 0.436627 0.021173
vt 0.443515 0.026886
vt 0.443576 0.026892
vt 0.443504 0.026492
vt 0.443544 0.026505
vt 0.443476 0.026870
vt 0.443605 0.026509
vt 0.443526 0.026098
vt 0.443566 0.026107
vt 0.443627 0.026111
vt 0.443581 0.025699
vt 0.443540 0.025694
vt 0.443642 0.025701
vt 0.443588 0.025284
vt 0.443548 0.025283
vt 0.443649 0.025285
vt 0.443548 0.024869
vt 0.443588 0.024867
vt 0.443649 0.024866
vt 0.443540 0.024458
vt 0.443580 0.024452
vt 0.443641 0.024451
vt 0.443565 0.024045
vt 0.443525 0.024054
vt 0.443626 0.024041
vt 0.443543 0.023648
vt 0.443503 0.023662
vt 0.443604 0.023644
vt 0.443513 0.023268
vt 0.443474 0.023284
vt 0.443575 0.023262
vt 0.440069 0.022290
vt 0.440063 0.022255
vt 0.440477 0.022204
vt 0.440468 0.022168
vt 0.443478 0.022907
vt 0.443539 0.022900
vt 0.440874 0.022075
vt 0.440861 0.022040
vt 0.443436 0.022570
vt 0.443497 0.022563
vt 0.441255 0.021905
vt 0.441238 0.021872
vt 0.443388 0.022261
vt 0.443449 0.022252
vt 0.441616 0.021696
vt 0.441596 0.021665
vt 0.445795 0.027897
vt 0.445842 0.027586
vt 0.445855 0.027906
vt 0.445903 0.027594
vt 0.441953 0.021451
vt 0.441930 0.021423
vt 0.445884 0.027248
vt 0.445945 0.027254
vt 0.442237 0.021146
vt 0.442263 0.021172
vt 0.445919 0.026886
vt 0.445981 0.026891
vt 0.445880 0.026870
vt 0.445908 0.026492
vt 0.445948 0.026505
vt 0.446009 0.026509
vt 0.445970 0.026107
vt 0.445930 0.026098
vt 0.446031 0.026111
vt 0.445984 0.025699
vt 0.445945 0.025694
vt 0.446046 0.025701
vt 0.445992 0.025284
vt 0.445952 0.025283
vt 0.446053 0.025285
vt 0.445951 0.024869
vt 0.445991 0.024867
vt 0.446053 0.024866
vt 0.445984 0.024453
vt 0.445944 0.024458
vt 0.446045 0.024450
vt 0.445969 0.024045
vt 0.445929 0.024054
vt 0.446030 0.024041
vt 0.445947 0.023648
vt 0.445907 0.023661
vt 0.446008 0.023644
vt 0.445878 0.023284
vt 0.445917 0.023268
vt 0.445979 0.023262
vt 0.443344 0.017736
vt 0.443258 0.017332
vt 0.443381 0.017730
vt 0.443294 0.017322
vt 0.445943 0.022900
vt 0.445882 0.022907
vt 0.443131 0.016938
vt 0.443165 0.016925
vt 0.445840 0.022570
vt 0.445901 0.022563
vt 0.442962 0.016561
vt 0.442995 0.016544
vt 0.445792 0.022261
vt 0.445853 0.022252
vt 0.442756 0.016203
vt 0.442786 0.016183
vt 0.445041 0.027586
vt 0.445102 0.027594
vt 0.444994 0.027897
vt 0.445054 0.027906
vt 0.442512 0.015869
vt 0.442541 0.015846
vt 0.445083 0.027248
vt 0.445144 0.027255
vt 0.442236 0.015561
vt 0.442262 0.015536
vt 0.445118 0.026886
vt 0.445179 0.026892
vt 0.445079 0.026870
vt 0.445107 0.026492
vt 0.445147 0.026505
vt 0.445208 0.026509
vt 0.445129 0.026098
vt 0.445169 0.026107
vt 0.445230 0.026111
vt 0.445143 0.025694
vt 0.445183 0.025699
vt 0.445245 0.025701
vt 0.445150 0.025283
vt 0.445191 0.025284
vt 0.445252 0.025285
vt 0.441236 0.014836
vt 0.441209 0.014890
vt 0.440859 0.014668
vt 0.440837 0.014725
vt 0.440934 0.015429
vt 0.440620 0.015289
vt 0.440544 0.015490
vt 0.440837 0.015620
vt 0.440484 0.015646
vt 0.440761 0.015769
vt 0.440974 0.028309
vt 0.440806 0.028303
vt 0.440979 0.028019
vt 0.440811 0.028001
vt 0.440822 0.027704
vt 0.440990 0.027735
vt 0.440838 0.027415
vt 0.441005 0.027458
vt 0.440859 0.027137
vt 0.441025 0.027191
vt 0.440884 0.026873
vt 0.441050 0.026939
vt 0.440915 0.026627
vt 0.441079 0.026703
vt 0.441112 0.026486
vt 0.440949 0.026401
vt 0.441081 0.026100
vt 0.441114 0.026315
vt 0.440917 0.026176
vt 0.440952 0.026401
vt 0.440886 0.025931
vt 0.441052 0.025865
vt 0.440860 0.025668
vt 0.441027 0.025613
vt 0.440839 0.025391
vt 0.441006 0.025348
vt 0.440822 0.025103
vt 0.440990 0.025071
vt 0.440811 0.024806
vt 0.440980 0.024786
vt 0.440806 0.024504
vt 0.440975 0.024497
vt 0.440806 0.024200
vt 0.440974 0.024206
vt 0.440980 0.023917
vt 0.440811 0.023898
vt 0.440822 0.023601
vt 0.440990 0.023632
vt 0.440838 0.023312
vt 0.441005 0.023355
vt 0.440859 0.023034
vt 0.441025 0.023088
vt 0.440885 0.022770
vt 0.441050 0.022836
vt 0.440915 0.022524
vt 0.441079 0.022600
vt 0.440950 0.022298
vt 0.441112 0.022383
vt 0.441930 0.030279
vt 0.442094 0.030203
vt 0.441965 0.030504
vt 0.442127 0.030419
vt 0.441899 0.030034
vt 0.442065 0.029968
vt 0.441873 0.029771
vt 0.442040 0.029716
vt 0.442019 0.029450
vt 0.441852 0.029494
vt 0.441836 0.029206
vt 0.442004 0.029174
vt 0.441825 0.028909
vt 0.441993 0.028890
vt 0.441819 0.028607
vt 0.441988 0.028600
vt 0.441819 0.028303
vt 0.441988 0.028309
vt 0.441825 0.028001
vt 0.441993 0.028019
vt 0.442003 0.027735
vt 0.441835 0.027704
vt 0.441851 0.027415
vt 0.442018 0.027458
vt 0.441872 0.027137
vt 0.442038 0.027191
vt 0.441898 0.026873
vt 0.442063 0.026939
vt 0.441928 0.026627
vt 0.442092 0.026703
vt 0.442125 0.026486
vt 0.441963 0.026401
vt 0.441930 0.026176
vt 0.442094 0.026100
vt 0.441965 0.026401
vt 0.442127 0.026315
vt 0.441900 0.025931
vt 0.442065 0.025865
vt 0.441873 0.025668
vt 0.442040 0.025613
vt 0.441852 0.025391
vt 0.442019 0.025348
vt 0.436579 0.018809
vt 0.436414 0.018836
vt 0.436547 0.018507
vt 0.436380 0.018516
vt 0.436202 0.018869
vt 0.436166 0.018527
vt 0.435605 0.018964
vt 0.435562 0.018559
vt 0.435501 0.018562
vt 0.435690 0.019362
vt 0.436274 0.019205
vt 0.435815 0.019749
vt 0.436380 0.019532
vt 0.435981 0.020120
vt 0.436520 0.019846
vt 0.436185 0.020473
vt 0.436692 0.020143
vt 0.436424 0.020802
vt 0.436894 0.020421
vt 0.436696 0.021105
vt 0.437124 0.020677
vt 0.436999 0.021377
vt 0.437379 0.020906
vt 0.437328 0.021616
vt 0.437657 0.021109
vt 0.437680 0.021819
vt 0.437955 0.021280
vt 0.438052 0.021985
vt 0.438269 0.021420
vt 0.438439 0.022110
vt 0.438596 0.021526
vt 0.438837 0.022195
vt 0.438932 0.021597
vt 0.439242 0.022237
vt 0.439274 0.021633
vt 0.439649 0.022237
vt 0.439617 0.021633
vt 0.440054 0.022194
vt 0.440192 0.021547
vt 0.440452 0.022110
vt 0.440839 0.021984
vt 0.440622 0.021419
vt 0.441211 0.021818
vt 0.440936 0.021279
vt 0.441563 0.021615
vt 0.441233 0.021107
vt 0.441892 0.021375
vt 0.441511 0.020905
vt 0.442194 0.021103
vt 0.441767 0.020675
vt 0.442466 0.020800
vt 0.441996 0.020420
vt 0.442706 0.020471
vt 0.442317 0.019935
vt 0.442909 0.020119
vt 0.442757 0.020504
vt 0.442963 0.020146
vt 0.443074 0.019747
vt 0.442510 0.019530
vt 0.443200 0.019360
vt 0.442665 0.018970
vt 0.443285 0.018962
vt 0.443259 0.019376
vt 0.443345 0.018971
vt 0.443327 0.018557
vt 0.442723 0.018525
vt 0.442723 0.018182
vt 0.443327 0.018150
vt 0.443284 0.017745
vt 0.442637 0.017607
vt 0.443199 0.017347
vt 0.443074 0.016960
vt 0.442509 0.017177
vt 0.442908 0.016589
vt 0.442250 0.016657
vt 0.442704 0.016236
vt 0.442465 0.015907
vt 0.441995 0.016288
vt 0.441765 0.016033
vt 0.442193 0.015605
vt 0.441510 0.015803
vt 0.441890 0.015332
vt 0.441232 0.015601
vt 0.441561 0.015094
vt 0.441594 0.015042
vt 0.441375 0.015969
vt 0.441115 0.015780
vt 0.441270 0.016099
vt 0.441024 0.015921
vt 0.441929 0.015285
vt 0.441614 0.016184
vt 0.441496 0.016303
vt 0.441829 0.016423
vt 0.441699 0.016528
vt 0.442018 0.016682
vt 0.441878 0.016774
vt 0.442178 0.016961
vt 0.442029 0.017037
vt 0.442309 0.017254
vt 0.442153 0.017314
vt 0.442409 0.017560
vt 0.442247 0.017603
vt 0.442476 0.017874
vt 0.442310 0.017900
vt 0.442509 0.018193
vt 0.442342 0.018202
vt 0.443388 0.018147
vt 0.442509 0.018514
vt 0.442342 0.018506
vt 0.443388 0.018560
vt 0.442476 0.018834
vt 0.442310 0.018808
vt 0.442409 0.019148
vt 0.442247 0.019105
vt 0.442310 0.019453
vt 0.442154 0.019394
vt 0.443131 0.019769
vt 0.442179 0.019747
vt 0.442030 0.019671
vt 0.442019 0.020025
vt 0.441878 0.019934
vt 0.441830 0.020285
vt 0.441700 0.020180
vt 0.442514 0.020839
vt 0.441615 0.020524
vt 0.441497 0.020406
vt 0.441376 0.020739
vt 0.441271 0.020609
vt 0.441117 0.020928
vt 0.441025 0.020787
vt 0.440838 0.021089
vt 0.440762 0.020939
vt 0.440545 0.021219
vt 0.440485 0.021063
vt 0.440240 0.021319
vt 0.440196 0.021157
vt 0.439925 0.021385
vt 0.439899 0.021220
vt 0.439606 0.021419
vt 0.439597 0.021252
vt 0.439652 0.022298
vt 0.439285 0.021419
vt 0.439294 0.021252
vt 0.439239 0.022298
vt 0.438965 0.021386
vt 0.438992 0.021220
vt 0.438828 0.022255
vt 0.438651 0.021319
vt 0.438695 0.021157
vt 0.438424 0.022169
vt 0.438346 0.021220
vt 0.438406 0.021063
vt 0.438030 0.022041
vt 0.438052 0.021089
vt 0.438128 0.020940
vt 0.437653 0.021873
vt 0.437774 0.020929
vt 0.437865 0.020788
vt 0.437295 0.021667
vt 0.437514 0.020740
vt 0.437619 0.020610
vt 0.436961 0.021424
vt 0.437275 0.020525
vt 0.437394 0.020407
vt 0.437060 0.020286
vt 0.437190 0.020181
vt 0.436871 0.020027
vt 0.437012 0.019936
vt 0.436711 0.019749
vt 0.436860 0.019673
vt 0.436580 0.019455
vt 0.436736 0.019395
vt 0.436481 0.019150
vt 0.436642 0.019106
vt 0.435501 0.018149
vt 0.444350 0.025282
vt 0.444390 0.025284
vt 0.444342 0.025694
vt 0.444382 0.025699
vt 0.435758 0.016941
vt 0.435926 0.016563
vt 0.444328 0.026098
vt 0.444368 0.026108
vt 0.436132 0.016205
vt 0.444306 0.026491
vt 0.444346 0.026505
vt 0.436375 0.015870
vt 0.444277 0.026870
vt 0.444317 0.026886
vt 0.436652 0.015563
vt 0.436626 0.015537
vt 0.436936 0.015258
vt 0.436959 0.015286
vt 0.437293 0.015044
vt 0.437273 0.015013
vt 0.437651 0.014837
vt 0.437634 0.014804
vt 0.438028 0.014669
vt 0.438015 0.014634
vt 0.438421 0.014541
vt 0.438412 0.014505
vt 0.438826 0.014455
vt 0.438820 0.014419
vt 0.445077 0.023284
vt 0.445116 0.023268
vt 0.445081 0.022907
vt 0.445142 0.022901
vt 0.445178 0.023262
vt 0.445100 0.022563
vt 0.445039 0.022570
vt 0.445052 0.022252
vt 0.444991 0.022261
vt 0.444240 0.027586
vt 0.444301 0.027594
vt 0.444192 0.027897
vt 0.444253 0.027906
vt 0.444281 0.027248
vt 0.444343 0.027254
vt 0.444378 0.026891
vt 0.444407 0.026509
vt 0.444429 0.026111
vt 0.444444 0.025701
vt 0.444451 0.025285
vt 0.441703 0.029126
vt 0.441204 0.029154
vt 0.441718 0.029385
vt 0.441220 0.029424
vt 0.441006 0.029450
vt 0.440990 0.029174
vt 0.440839 0.029494
vt 0.440822 0.029205
vt 0.439283 0.015290
vt 0.439604 0.015290
vt 0.439292 0.015457
vt 0.439596 0.015457
vt 0.438964 0.015324
vt 0.438990 0.015489
vt 0.438693 0.015552
vt 0.438649 0.015391
vt 0.438344 0.015490
vt 0.438404 0.015646
vt 0.438127 0.015770
vt 0.438051 0.015621
vt 0.437864 0.015922
vt 0.437772 0.015781
vt 0.437618 0.016101
vt 0.437513 0.015970
vt 0.437392 0.016304
vt 0.437274 0.016185
vt 0.437189 0.016529
vt 0.437059 0.016424
vt 0.437011 0.016775
vt 0.436870 0.016684
vt 0.436859 0.017038
vt 0.436710 0.016962
vt 0.441835 0.023601
vt 0.442003 0.023632
vt 0.441825 0.023898
vt 0.441993 0.023917
vt 0.442217 0.023651
vt 0.442207 0.023928
vt 0.442716 0.023678
vt 0.442707 0.023944
vt 0.442232 0.023381
vt 0.442730 0.023419
vt 0.442252 0.023122
vt 0.442749 0.023170
vt 0.442276 0.022876
vt 0.442772 0.022934
vt 0.442304 0.022647
vt 0.442800 0.022714
vt 0.442336 0.022436
vt 0.442831 0.022511
vt 0.441325 0.030366
vt 0.441292 0.030156
vt 0.441819 0.030290
vt 0.441788 0.030088
vt 0.441264 0.029927
vt 0.441760 0.029869
vt 0.441239 0.029682
vt 0.441737 0.029633
vt 0.441051 0.029968
vt 0.441026 0.029716
vt 0.440886 0.030034
vt 0.440860 0.029771
vt 0.441081 0.030203
vt 0.440917 0.030279
vt 0.441114 0.030419
vt 0.440951 0.030504
vt 0.442092 0.022600
vt 0.442126 0.022383
vt 0.441928 0.022524
vt 0.441963 0.022298
vt 0.442063 0.022836
vt 0.441898 0.022771
vt 0.442039 0.023089
vt 0.441872 0.023034
vt 0.442018 0.023355
vt 0.441851 0.023312
vt 0.451040 0.019764
vt 0.450973 0.019739
vt 0.451169 0.019366
vt 0.451100 0.019348
vt 0.450806 0.020114
vt 0.450870 0.020147
vt 0.445694 0.024042
vt 0.445769 0.024060
vt 0.445709 0.024451
vt 0.445784 0.024462
vt 0.450601 0.020470
vt 0.450661 0.020509
vt 0.450359 0.020802
vt 0.450415 0.020847
vt 0.450084 0.021108
vt 0.450135 0.021158
vt 0.449779 0.021383
vt 0.449824 0.021438
vt 0.449446 0.021624
vt 0.449485 0.021684
vt 0.449090 0.021830
vt 0.449123 0.021893
vt 0.448715 0.021997
vt 0.448741 0.022064
vt 0.448324 0.022124
vt 0.448343 0.022193
vt 0.444969 0.026092
vt 0.444894 0.026111
vt 0.444984 0.025690
vt 0.444909 0.025701
vt 0.444991 0.025281
vt 0.444916 0.025285
vt 0.444991 0.024870
vt 0.444916 0.024866
vt 0.444983 0.024462
vt 0.444908 0.024450
vt 0.444968 0.024060
vt 0.444893 0.024041
vt 0.446292 0.022124
vt 0.446274 0.022193
vt 0.445901 0.021997
vt 0.445876 0.022064
vt 0.445526 0.021830
vt 0.445493 0.021894
vt 0.445170 0.021624
vt 0.445131 0.021684
vt 0.444838 0.021383
vt 0.444793 0.021438
vt 0.444532 0.021108
vt 0.444482 0.021158
vt 0.444257 0.020802
vt 0.444202 0.020847
vt 0.444016 0.020470
vt 0.443956 0.020509
vt 0.443810 0.020114
vt 0.443747 0.020147
vt 0.443643 0.019738
vt 0.443576 0.019764
vt 0.443516 0.019348
vt 0.443447 0.019366
vt 0.444167 0.026092
vt 0.444092 0.026111
vt 0.444182 0.025690
vt 0.444107 0.025701
vt 0.444189 0.025281
vt 0.444114 0.025285
vt 0.444189 0.024870
vt 0.444114 0.024866
vt 0.444181 0.024462
vt 0.444106 0.024451
vt 0.444167 0.024060
vt 0.444091 0.024041
vt 0.443516 0.017316
vt 0.443447 0.017297
vt 0.443643 0.016925
vt 0.443576 0.016899
vt 0.443810 0.016550
vt 0.443747 0.016517
vt 0.444016 0.016194
vt 0.443956 0.016155
vt 0.444257 0.015861
vt 0.444202 0.015816
vt 0.444532 0.015556
vt 0.444482 0.015505
vt 0.444838 0.015281
vt 0.444793 0.015225
vt 0.445170 0.015039
vt 0.445131 0.014979
vt 0.445526 0.014834
vt 0.445494 0.014770
vt 0.445901 0.014667
vt 0.445876 0.014600
vt 0.446292 0.014540
vt 0.446274 0.014471
vt 0.446571 0.026092
vt 0.446496 0.026111
vt 0.446586 0.025690
vt 0.446511 0.025701
vt 0.446593 0.025281
vt 0.446518 0.025285
vt 0.446593 0.024870
vt 0.446518 0.024866
vt 0.446585 0.024462
vt 0.446510 0.024450
vt 0.446570 0.024060
vt 0.446495 0.024041
vt 0.448324 0.014540
vt 0.448343 0.014471
vt 0.448715 0.014667
vt 0.448741 0.014600
vt 0.449091 0.014834
vt 0.449123 0.014770
vt 0.449446 0.015039
vt 0.449486 0.014979
vt 0.449779 0.015281
vt 0.449824 0.015225
vt 0.450084 0.015556
vt 0.450135 0.015505
vt 0.450359 0.015861
vt 0.450415 0.015816
vt 0.450601 0.016194
vt 0.450661 0.016155
vt 0.450806 0.016549
vt 0.450870 0.016517
vt 0.450973 0.016925
vt 0.451040 0.016899
vt 0.451100 0.017316
vt 0.451169 0.017297
vt 0.445770 0.026092
vt 0.445695 0.026111
vt 0.445785 0.025690
vt 0.445710 0.025701
vt 0.445792 0.025281
vt 0.445717 0.025285
vt 0.445792 0.024870
vt 0.445717 0.024866
vt 0.450260 0.019465
vt 0.450170 0.019431
vt 0.450363 0.019150
vt 0.450270 0.019125
vt 0.450040 0.019724
vt 0.450126 0.019767
vt 0.450432 0.018826
vt 0.450336 0.018811
vt 0.449879 0.020002
vt 0.449960 0.020054
vt 0.449691 0.020261
vt 0.449766 0.020322
vt 0.449476 0.020500
vt 0.449544 0.020568
vt 0.449238 0.020714
vt 0.449298 0.020789
vt 0.448978 0.020903
vt 0.449030 0.020984
vt 0.448700 0.021064
vt 0.448744 0.021150
vt 0.448407 0.021194
vt 0.448441 0.021284
vt 0.448102 0.021293
vt 0.448127 0.021386
vt 0.447788 0.021360
vt 0.447803 0.021455
vt 0.447469 0.021393
vt 0.447474 0.021490
vt 0.447148 0.021394
vt 0.447143 0.021490
vt 0.446829 0.021360
vt 0.446813 0.021455
vt 0.446515 0.021293
vt 0.446490 0.021386
vt 0.446209 0.021194
vt 0.446175 0.021284
vt 0.445916 0.021064
vt 0.445872 0.021150
vt 0.445638 0.020903
vt 0.445586 0.020984
vt 0.445379 0.020715
vt 0.445318 0.020789
vt 0.445140 0.020500
vt 0.445072 0.020568
vt 0.444926 0.020261
vt 0.444851 0.020322
vt 0.444737 0.020002
vt 0.444656 0.020054
vt 0.444576 0.019724
vt 0.444491 0.019767
vt 0.444446 0.019430
vt 0.444356 0.019465
vt 0.444347 0.019125
vt 0.444254 0.019150
vt 0.444280 0.018812
vt 0.444185 0.018827
vt 0.444247 0.018492
vt 0.444150 0.018497
vt 0.444246 0.018171
vt 0.444150 0.018166
vt 0.444280 0.017852
vt 0.444185 0.017837
vt 0.444347 0.017538
vt 0.444253 0.017513
vt 0.444446 0.017233
vt 0.444356 0.017198
vt 0.444576 0.016940
vt 0.444491 0.016896
vt 0.444737 0.016662
vt 0.444656 0.016609
vt 0.444926 0.016402
vt 0.444851 0.016342
vt 0.445140 0.016164
vt 0.445072 0.016096
vt 0.445379 0.015949
vt 0.445318 0.015874
vt 0.445638 0.015760
vt 0.445586 0.015680
vt 0.445916 0.015600
vt 0.445873 0.015514
vt 0.446209 0.015469
vt 0.446175 0.015379
vt 0.446515 0.015370
vt 0.446490 0.015277
vt 0.446829 0.015304
vt 0.446813 0.015208
vt 0.447148 0.015270
vt 0.447143 0.015174
vt 0.447469 0.015270
vt 0.447474 0.015174
vt 0.447788 0.015303
vt 0.447803 0.015208
vt 0.448102 0.015370
vt 0.448127 0.015277
vt 0.448407 0.015469
vt 0.448441 0.015379
vt 0.448700 0.015600
vt 0.448744 0.015514
vt 0.448978 0.015760
vt 0.449031 0.015680
vt 0.449238 0.015949
vt 0.449298 0.015874
vt 0.449476 0.016164
vt 0.449544 0.016096
vt 0.449691 0.016402
vt 0.449766 0.016342
vt 0.449879 0.016662
vt 0.449960 0.016609
vt 0.450040 0.016940
vt 0.450126 0.016896
vt 0.450171 0.017233
vt 0.450261 0.017198
vt 0.450270 0.017538
vt 0.450363 0.017513
vt 0.450336 0.017852
vt 0.450432 0.017837
vt 0.450370 0.018171
vt 0.450466 0.018166
vt 0.450370 0.018492
vt 0.450466 0.018497
vt 0.449749 0.019269
vt 0.449654 0.019232
vt 0.449834 0.019008
vt 0.449735 0.018982
vt 0.449547 0.019472
vt 0.449638 0.019519
vt 0.449891 0.018741
vt 0.449790 0.018725
vt 0.449415 0.019700
vt 0.449501 0.019756
vt 0.449261 0.019913
vt 0.449340 0.019977
vt 0.449085 0.020109
vt 0.449157 0.020181
vt 0.448890 0.020284
vt 0.448954 0.020364
vt 0.448677 0.020439
vt 0.448732 0.020525
vt 0.448449 0.020571
vt 0.448495 0.020662
vt 0.448209 0.020677
vt 0.448245 0.020773
vt 0.447958 0.020759
vt 0.447985 0.020858
vt 0.447701 0.020813
vt 0.447717 0.020915
vt 0.447440 0.020841
vt 0.447445 0.020943
vt 0.447177 0.020841
vt 0.447171 0.020943
vt 0.446915 0.020814
vt 0.446899 0.020915
vt 0.446658 0.020759
vt 0.446631 0.020858
vt 0.446408 0.020678
vt 0.446371 0.020773
vt 0.446167 0.020571
vt 0.446121 0.020662
vt 0.445940 0.020439
vt 0.445884 0.020525
vt 0.445727 0.020284
vt 0.445663 0.020364
vt 0.445531 0.020109
vt 0.445459 0.020181
vt 0.445356 0.019913
vt 0.445276 0.019977
vt 0.445201 0.019700
vt 0.445115 0.019756
vt 0.445069 0.019473
vt 0.444978 0.019519
vt 0.444962 0.019232
vt 0.444867 0.019269
vt 0.444881 0.018982
vt 0.444782 0.019008
vt 0.444826 0.018725
vt 0.444725 0.018741
vt 0.444799 0.018463
vt 0.444697 0.018469
vt 0.444799 0.018200
vt 0.444697 0.018195
vt 0.444826 0.017939
vt 0.444725 0.017923
vt 0.444881 0.017681
vt 0.444782 0.017655
vt 0.444962 0.017431
vt 0.444867 0.017395
vt 0.445069 0.017191
vt 0.444978 0.017145
vt 0.445201 0.016963
vt 0.445115 0.016908
vt 0.445356 0.016750
vt 0.445276 0.016686
vt 0.445531 0.016555
vt 0.445459 0.016483
vt 0.445663 0.016300
vt 0.445727 0.016379
vt 0.445940 0.016225
vt 0.445884 0.016139
vt 0.446168 0.016093
vt 0.446121 0.016002
vt 0.446408 0.015986
vt 0.446371 0.015890
vt 0.446658 0.015905
vt 0.446631 0.015806
vt 0.446915 0.015850
vt 0.446899 0.015749
vt 0.447177 0.015823
vt 0.447171 0.015720
vt 0.447440 0.015822
vt 0.447445 0.015720
vt 0.447701 0.015850
vt 0.447717 0.015749
vt 0.447958 0.015905
vt 0.447985 0.015806
vt 0.448209 0.015986
vt 0.448245 0.015890
vt 0.448449 0.016093
vt 0.448495 0.016002
vt 0.448677 0.016224
vt 0.448732 0.016139
vt 0.448889 0.016379
vt 0.448954 0.016300
vt 0.449085 0.016555
vt 0.449157 0.016483
vt 0.449261 0.016750
vt 0.449340 0.016686
vt 0.449415 0.016963
vt 0.449501 0.016908
vt 0.449547 0.017191
vt 0.449638 0.017145
vt 0.449654 0.017431
vt 0.449749 0.017395
vt 0.449735 0.017681
vt 0.449834 0.017655
vt 0.449790 0.017939
vt 0.449891 0.017923
vt 0.449817 0.018200
vt 0.449919 0.018195
vt 0.449817 0.018463
vt 0.449919 0.018469
vt 0.445672 0.023644
vt 0.445642 0.023262
vt 0.445607 0.022901
vt 0.445564 0.022563
vt 0.445517 0.022252
vt 0.444765 0.027594
vt 0.444717 0.027906
vt 0.444807 0.027254
vt 0.444843 0.026891
vt 0.444872 0.026509
vt 0.444871 0.023644
vt 0.444841 0.023262
vt 0.444805 0.022900
vt 0.444763 0.022563
vt 0.444715 0.022252
vt 0.443964 0.027594
vt 0.443916 0.027906
vt 0.444006 0.027255
vt 0.444041 0.026892
vt 0.444070 0.026509
vt 0.444069 0.023644
vt 0.444040 0.023262
vt 0.444004 0.022900
vt 0.443961 0.022563
vt 0.443913 0.022252
vt 0.446320 0.027906
vt 0.446368 0.027594
vt 0.446410 0.027254
vt 0.446445 0.026891
vt 0.446474 0.026509
vt 0.446473 0.023644
vt 0.446444 0.023262
vt 0.446408 0.022900
vt 0.446365 0.022563
vt 0.446318 0.022252
vt 0.445567 0.027594
vt 0.445519 0.027906
vt 0.445609 0.027255
vt 0.445644 0.026892
vt 0.445673 0.026509
vt 0.447922 0.022209
vt 0.447514 0.022252
vt 0.447103 0.022252
vt 0.446694 0.022209
vt 0.443431 0.018946
vt 0.443388 0.018537
vt 0.443388 0.018126
vt 0.443431 0.017718
vt 0.446694 0.014454
vt 0.447103 0.014411
vt 0.447514 0.014411
vt 0.447923 0.014454
vt 0.451186 0.017718
vt 0.451229 0.018126
vt 0.451229 0.018537
vt 0.451186 0.018946
vt 0.449999 0.027297
vt 0.449982 0.026991
vt 0.450496 0.027414
vt 0.450482 0.027154
vt 0.439220 0.029800
vt 0.439237 0.029495
vt 0.439719 0.029640
vt 0.439733 0.029379
vt 0.439248 0.029180
vt 0.439743 0.029111
vt 0.439254 0.028861
vt 0.439748 0.028839
vt 0.439254 0.028540
vt 0.439748 0.028565
vt 0.439248 0.028221
vt 0.439743 0.028293
vt 0.439236 0.027907
vt 0.439733 0.028025
vt 0.439219 0.027603
vt 0.439718 0.027765
vt 0.439749 0.029800
vt 0.439766 0.029495
vt 0.440248 0.029640
vt 0.440263 0.029379
vt 0.439777 0.029181
vt 0.440272 0.029111
vt 0.439782 0.028861
vt 0.440277 0.028839
vt 0.439782 0.028540
vt 0.440277 0.028565
vt 0.439777 0.028221
vt 0.440272 0.028293
vt 0.439765 0.027907
vt 0.440262 0.028025
vt 0.439748 0.027603
vt 0.440247 0.027765
vt 0.440278 0.029800
vt 0.440295 0.029495
vt 0.440777 0.029640
vt 0.440791 0.029379
vt 0.440306 0.029180
vt 0.440801 0.029111
vt 0.440312 0.028861
vt 0.440806 0.028839
vt 0.440311 0.028540
vt 0.440806 0.028565
vt 0.440305 0.028221
vt 0.440801 0.028293
vt 0.440294 0.027908
vt 0.440791 0.028026
vt 0.440277 0.027603
vt 0.440776 0.027765
vt 0.449983 0.029189
vt 0.450000 0.028883
vt 0.450483 0.029029
vt 0.450497 0.028768
vt 0.450011 0.028569
vt 0.450506 0.028500
vt 0.450017 0.028250
vt 0.450511 0.028228
vt 0.450017 0.027929
vt 0.450511 0.027954
vt 0.450011 0.027610
vt 0.450506 0.027682
vt 0.449123 0.018889
vt 0.449073 0.018865
vt 0.447309 0.018332
vt 0.448828 0.018946
vt 0.448748 0.019065
vt 0.449179 0.019185
vt 0.449204 0.019135
vt 0.448655 0.019206
vt 0.449128 0.019259
vt 0.448561 0.019346
vt 0.448885 0.019609
vt 0.449006 0.019434
vt 0.448466 0.019489
vt 0.448763 0.019786
vt 0.448394 0.019597
vt 0.448383 0.019651
vt 0.448635 0.019876
vt 0.448688 0.019858
vt 0.448434 0.019806
vt 0.448476 0.019843
vt 0.447921 0.020131
vt 0.447912 0.020077
vt 0.447702 0.019925
vt 0.447561 0.019931
vt 0.447715 0.020350
vt 0.447769 0.020341
vt 0.447393 0.019937
vt 0.447628 0.020352
vt 0.447224 0.019944
vt 0.447202 0.020361
vt 0.447414 0.020356
vt 0.447052 0.019951
vt 0.446986 0.020365
vt 0.446870 0.019978
vt 0.446920 0.019956
vt 0.446881 0.020346
vt 0.446933 0.020366
vt 0.446794 0.020059
vt 0.446775 0.020110
vt 0.446208 0.019884
vt 0.446247 0.019845
vt 0.446247 0.019586
vt 0.446162 0.019478
vt 0.445949 0.019884
vt 0.445997 0.019912
vt 0.446058 0.019344
vt 0.445861 0.019779
vt 0.445954 0.019211
vt 0.445604 0.019439
vt 0.445732 0.019608
vt 0.445848 0.019076
vt 0.445474 0.019266
vt 0.445765 0.018970
vt 0.445717 0.018942
vt 0.445425 0.019111
vt 0.445425 0.019167
vt 0.445608 0.018928
vt 0.445554 0.018942
vt 0.445460 0.018429
vt 0.445464 0.018429
vt 0.445613 0.018365
vt 0.445647 0.018321
vt 0.445278 0.018324
vt 0.445313 0.018368
vt 0.445673 0.018246
vt 0.445715 0.018079
vt 0.445256 0.018163
vt 0.445249 0.018218
vt 0.445755 0.017916
vt 0.445296 0.018013
vt 0.445796 0.017751
vt 0.445406 0.017602
vt 0.445351 0.017807
vt 0.445838 0.017583
vt 0.445469 0.017394
vt 0.445458 0.017408
vt 0.445748 0.017328
vt 0.445697 0.017307
vt 0.446029 0.016927
vt 0.446059 0.016974
vt 0.446084 0.016675
vt 0.446047 0.016716
vt 0.446311 0.017030
vt 0.446427 0.016974
vt 0.446194 0.016616
vt 0.446579 0.016901
vt 0.446582 0.016439
vt 0.446389 0.016527
vt 0.446731 0.016828
vt 0.446777 0.016349
vt 0.446886 0.016754
vt 0.446898 0.016317
vt 0.446842 0.016320
vt 0.447016 0.016692
vt 0.447044 0.016662
vt 0.447089 0.016492
vt 0.447072 0.016439
vt 0.447392 0.016546
vt 0.447479 0.016683
vt 0.447528 0.016709
vt 0.447564 0.016300
vt 0.447511 0.016316
vt 0.447563 0.016721
vt 0.447725 0.016778
vt 0.447834 0.016369
vt 0.447674 0.016309
vt 0.447883 0.016834
vt 0.448043 0.016891
vt 0.448232 0.016519
vt 0.448033 0.016444
vt 0.448206 0.016949
vt 0.448429 0.016605
vt 0.448406 0.016584
vt 0.448458 0.016880
vt 0.448484 0.016831
vt 0.448693 0.017116
vt 0.448654 0.017156
vt 0.448616 0.017314
vt 0.448631 0.017368
vt 0.448992 0.017148
vt 0.448951 0.017110
vt 0.448668 0.017449
vt 0.448738 0.017603
vt 0.449028 0.017215
vt 0.448807 0.017756
vt 0.449113 0.017412
vt 0.448878 0.017911
vt 0.449282 0.017803
vt 0.449197 0.017607
vt 0.448950 0.018072
vt 0.449331 0.017970
vt 0.449330 0.017914
vt 0.449097 0.018158
vt 0.449152 0.018157
vt 0.000000 0.000000
vt 0.448961 0.022574
vt 0.448987 0.022563
vt 0.449802 0.022742
vt 0.449696 0.023154
vt 0.449751 0.023160
vt 0.449853 0.022763
vt 0.449897 0.022796
vt 0.449806 0.023153
vt 0.449857 0.023131
vt 0.449932 0.022840
vt 0.449901 0.023097
vt 0.449954 0.022891
vt 0.449961 0.022946
vt 0.448175 0.026498
vt 0.448154 0.026498
vt 0.448318 0.026158
vt 0.448345 0.026206
vt 0.448229 0.026484
vt 0.448277 0.026456
vt 0.448360 0.026260
vt 0.448359 0.026316
vt 0.448940 0.022953
vt 0.448936 0.022584
vt 0.448896 0.022919
vt 0.448862 0.022876
vt 0.448893 0.022619
vt 0.448859 0.022663
vt 0.448840 0.022825
vt 0.450316 0.023517
vt 0.450302 0.023564
vt 0.450520 0.023391
vt 0.450487 0.023391
vt 0.450344 0.023470
vt 0.450972 0.024363
vt 0.450975 0.024354
vt 0.450606 0.024405
vt 0.450645 0.024445
vt 0.450944 0.024411
vt 0.450693 0.024473
vt 0.450904 0.024449
vt 0.450855 0.024476
vt 0.450345 0.026146
vt 0.450064 0.026128
vt 0.450086 0.026150
vt 0.450135 0.026177
vt 0.450298 0.026174
vt 0.450042 0.025853
vt 0.450015 0.025901
vt 0.450018 0.026064
vt 0.449598 0.026161
vt 0.449650 0.026568
vt 0.449651 0.026175
vt 0.449699 0.026203
vt 0.449698 0.026540
vt 0.449738 0.026501
vt 0.449738 0.026242
vt 0.449766 0.026453
vt 0.449780 0.026400
vt 0.446952 0.024224
vt 0.446948 0.024229
vt 0.446980 0.024184
vt 0.447339 0.024268
vt 0.447316 0.024217
vt 0.447023 0.024149
vt 0.447281 0.024174
vt 0.447074 0.024126
vt 0.447129 0.024117
vt 0.447597 0.023661
vt 0.447308 0.023394
vt 0.447334 0.023345
vt 0.447544 0.023677
vt 0.447488 0.023679
vt 0.447296 0.023448
vt 0.447434 0.023667
vt 0.447298 0.023504
vt 0.447315 0.023557
vt 0.448052 0.022792
vt 0.448030 0.022793
vt 0.446989 0.025181
vt 0.447365 0.025104
vt 0.447013 0.025211
vt 0.447346 0.025156
vt 0.447314 0.025201
vt 0.447058 0.025243
vt 0.447110 0.025263
vt 0.447270 0.025237
vt 0.447444 0.026010
vt 0.447704 0.025674
vt 0.447656 0.025646
vt 0.447405 0.025970
vt 0.447377 0.025922
vt 0.447603 0.025631
vt 0.447547 0.025631
vt 0.447363 0.025868
vt 0.447494 0.025645
vt 0.447363 0.025813
vt 0.447378 0.025759
vt 0.450988 0.024310
vt 0.450542 0.023392
vt 0.450682 0.023475
vt 0.448085 0.022791
vt 0.448240 0.023125
vt 0.448266 0.023076
vt 0.448140 0.022803
vt 0.448278 0.023022
vt 0.448189 0.022829
vt 0.448230 0.022866
vt 0.448686 0.026601
vt 0.448719 0.026633
vt 0.448767 0.026661
vt 0.448732 0.026288
vt 0.448679 0.026594
vt 0.448719 0.026296
vt 0.448680 0.026335
vt 0.448652 0.026546
vt 0.448652 0.026383
vt 0.450513 0.025229
vt 0.450857 0.025419
vt 0.450843 0.025473
vt 0.450561 0.025200
vt 0.450614 0.025185
vt 0.450856 0.025364
vt 0.450669 0.025184
vt 0.450840 0.025310
vt 0.450812 0.025263
vt 0.448864 0.018904
vt 0.448848 0.018923
vt 0.449214 0.019064
vt 0.449212 0.019025
vt 0.448911 0.018874
vt 0.448963 0.018857
vt 0.449195 0.018973
vt 0.449164 0.018926
vt 0.449019 0.018853
vt 0.449216 0.019081
vt 0.448384 0.019659
vt 0.448734 0.019828
vt 0.448557 0.019874
vt 0.448580 0.019879
vt 0.448386 0.019707
vt 0.448404 0.019759
vt 0.448525 0.019868
vt 0.447757 0.019931
vt 0.447736 0.019929
vt 0.447837 0.020305
vt 0.447863 0.020283
vt 0.447809 0.019950
vt 0.447854 0.019983
vt 0.447895 0.020238
vt 0.447915 0.020186
vt 0.447889 0.020026
vt 0.447820 0.020318
vt 0.446866 0.019981
vt 0.446793 0.020254
vt 0.446801 0.020271
vt 0.446836 0.020314
vt 0.446827 0.020014
vt 0.446778 0.020220
vt 0.446769 0.020166
vt 0.446275 0.019634
vt 0.446266 0.019619
vt 0.446023 0.019919
vt 0.446051 0.019926
vt 0.446289 0.019687
vt 0.446289 0.019743
vt 0.446106 0.019926
vt 0.446160 0.019912
vt 0.446275 0.019797
vt 0.445910 0.019845
vt 0.445439 0.019220
vt 0.445446 0.019047
vt 0.445439 0.019057
vt 0.445717 0.018942
vt 0.445663 0.018928
vt 0.445467 0.019009
vt 0.445506 0.018970
vt 0.445470 0.018428
vt 0.445667 0.018270
vt 0.445518 0.018421
vt 0.445569 0.018400
vt 0.445408 0.018422
vt 0.445257 0.018273
vt 0.445250 0.018224
vt 0.445357 0.018401
vt 0.445492 0.017364
vt 0.445856 0.017511
vt 0.445848 0.017456
vt 0.445536 0.017329
vt 0.445827 0.017405
vt 0.445792 0.017361
vt 0.445587 0.017308
vt 0.445641 0.017300
vt 0.446021 0.016765
vt 0.446028 0.016751
vt 0.446258 0.017047
vt 0.446266 0.017044
vt 0.446203 0.017049
vt 0.446009 0.016819
vt 0.446012 0.016874
vt 0.446149 0.017037
vt 0.446099 0.017012
vt 0.446131 0.016645
vt 0.446995 0.016351
vt 0.446952 0.016329
vt 0.447054 0.016651
vt 0.447079 0.016601
vt 0.447001 0.016355
vt 0.447042 0.016392
vt 0.447091 0.016547
vt 0.447408 0.016423
vt 0.447401 0.016436
vt 0.447400 0.016573
vt 0.447389 0.016490
vt 0.447408 0.016599
vt 0.447438 0.016646
vt 0.447427 0.016387
vt 0.447630 0.016300
vt 0.447620 0.016297
vt 0.447465 0.016346
vt 0.448447 0.016622
vt 0.448266 0.016970
vt 0.448321 0.016967
vt 0.448477 0.016668
vt 0.448374 0.016951
vt 0.448421 0.016921
vt 0.448493 0.016721
vt 0.448496 0.016777
vt 0.448615 0.017259
vt 0.448615 0.017274
vt 0.448862 0.017074
vt 0.448849 0.017070
vt 0.448628 0.017205
vt 0.448793 0.017072
vt 0.448740 0.017087
vt 0.448903 0.017084
vt 0.449020 0.017196
vt 0.449321 0.018013
vt 0.449318 0.018024
vt 0.448954 0.018080
vt 0.448994 0.018118
vt 0.449291 0.018072
vt 0.449043 0.018145
vt 0.449253 0.018112
vt 0.449206 0.018141
s 1
f 4/1/1 3/2/2 1/3/3
f 1/3/3 3/2/2 2/4/4
f 4/1/5 1/3/6 5/5/7
f 5/5/7 1/3/6 6/6/8
f 5/7/9 6/8/10 7/9/11
f 7/9/11 6/8/10 8/10/12
f 9/11/13 10/12/14 11/13/15
f 11/13/15 10/12/14 12/14/16
f 11/15/17 12/16/18 13/17/19
f 13/17/19 12/16/18 14/18/20
f 16/19/21 15/20/22 14/18/21
f 14/18/21 15/20/22 13/17/22
f 20/21/23 19/22/24 17/23/25
f 17/23/25 19/22/24 18/24/26
f 20/21/27 17/23/28 22/25/29
f 22/25/29 17/23/28 21/26/30
f 21/27/31 23/28/32 22/29/33
f 22/29/33 23/28/32 24/30/34
f 22/29/33 24/30/34 38/31/35
f 38/31/35 24/30/34 25/32/36
f 26/33/37 27/34/38 28/35/39
f 28/35/39 27/34/38 29/36/40
f 28/37/41 29/38/42 31/39/43
f 31/39/43 29/38/42 30/40/44
f 33/41/45 32/42/46 30/40/47
f 30/40/47 32/42/46 31/39/48
f 37/43/49 36/44/50 34/45/49
f 34/45/49 36/44/50 35/46/51
f 36/44/52 37/43/53 39/47/54
f 39/47/54 37/43/53 38/48/55
f 39/49/56 38/31/35 41/50/57
f 41/50/57 38/31/35 25/32/36
f 40/51/58 39/49/56 42/52/59
f 42/52/59 39/49/56 41/50/57
f 40/51/58 42/52/59 56/53/60
f 56/53/60 42/52/59 43/54/61
f 45/55/62 44/56/63 47/57/64
f 47/57/64 44/56/63 46/58/65
f 47/59/66 46/60/67 49/61/68
f 49/61/68 46/60/67 48/62/69
f 51/63/70 49/61/71 50/64/72
f 50/64/72 49/61/71 48/62/73
f 55/65/74 54/66/75 52/67/74
f 52/67/74 54/66/75 53/68/75
f 54/66/76 55/65/77 56/69/78
f 56/69/78 55/65/77 40/70/79
f 54/66/76 56/69/78 107/71/80
f 107/71/80 56/69/78 57/72/81
f 57/73/82 56/53/60 60/74/83
f 60/74/83 56/53/60 43/54/61
f 57/73/82 60/74/83 58/75/84
f 58/75/84 60/74/83 59/76/85
f 62/77/86 61/78/87 64/79/88
f 64/79/88 61/78/87 63/80/89
f 64/81/90 63/82/91 65/83/92
f 65/83/92 63/82/91 66/84/93
f 68/85/94 67/86/95 66/84/96
f 66/84/96 67/86/95 65/83/97
f 67/86/95 70/87/98 65/83/97
f 65/83/97 70/87/98 69/88/99
f 70/87/98 72/89/100 69/88/99
f 69/88/99 72/89/100 71/90/100
f 71/91/100 72/92/100 73/93/101
f 73/93/101 72/92/100 74/94/102
f 78/95/103 77/96/104 75/97/105
f 75/97/105 77/96/104 76/98/106
f 78/95/107 75/97/108 79/99/109
f 79/99/109 75/97/108 80/100/110
f 79/101/111 80/102/112 81/103/113
f 81/103/113 80/102/112 82/104/114
f 83/105/115 85/106/116 84/107/117
f 84/107/117 85/106/116 86/108/118
f 86/109/119 85/110/120 73/93/121
f 73/93/121 85/110/120 71/91/120
f 86/109/119 73/93/121 87/111/122
f 87/111/122 73/93/121 88/112/123
f 87/111/122 88/112/123 94/113/124
f 94/113/124 88/112/123 89/114/125
f 88/112/126 91/115/127 89/114/128
f 89/114/128 91/115/127 90/116/128
f 90/116/128 93/117/129 89/114/128
f 89/114/128 93/117/129 92/118/130
f 92/118/130 93/117/129 78/95/103
f 78/95/103 93/117/129 77/96/104
f 89/114/125 92/118/131 94/113/124
f 94/113/124 92/118/131 95/119/132
f 92/118/131 78/95/107 95/119/132
f 95/119/132 78/95/107 79/99/109
f 73/93/101 74/94/102 88/112/126
f 88/112/126 74/94/102 91/115/127
f 94/120/133 95/121/134 96/122/135
f 96/122/135 95/121/134 97/123/136
f 94/120/133 96/122/135 87/124/137
f 87/124/137 96/122/135 98/125/138
f 84/107/117 86/108/118 98/125/138
f 98/125/138 86/108/118 87/124/137
f 81/103/113 97/123/136 79/101/111
f 79/101/111 97/123/136 95/121/134
f 71/90/120 85/126/120 69/88/139
f 69/88/139 85/126/120 99/127/140
f 99/127/140 64/81/90 69/88/139
f 69/88/139 64/81/90 65/83/92
f 99/128/141 85/106/116 100/129/142
f 100/129/142 85/106/116 83/105/115
f 64/79/88 99/128/141 62/77/86
f 62/77/86 99/128/141 100/129/142
f 82/104/114 80/102/112 101/130/143
f 101/130/143 80/102/112 102/131/144
f 58/75/84 59/76/85 102/131/144
f 102/131/144 59/76/85 101/130/143
f 102/132/145 80/100/110 104/133/146
f 104/133/146 80/100/110 75/97/108
f 58/134/147 102/135/145 103/136/147
f 103/136/147 102/135/145 104/137/146
f 104/137/148 106/138/149 103/136/150
f 103/136/150 106/138/149 105/139/151
f 103/136/150 105/139/151 107/71/152
f 107/71/152 105/139/151 108/140/153
f 107/71/152 108/140/153 54/66/75
f 54/66/75 108/140/153 53/68/75
f 58/134/147 103/136/147 57/72/81
f 57/72/81 103/136/147 107/71/80
f 75/97/105 76/98/106 104/133/148
f 104/133/148 76/98/106 106/141/149
f 91/142/154 74/143/154 90/144/154
f 74/143/154 72/145/154 90/144/154
f 72/145/154 70/146/154 90/144/154
f 70/146/154 67/147/154 90/144/154
f 67/147/154 68/148/154 90/144/154
f 68/148/154 51/149/154 90/144/154
f 51/149/154 50/150/154 90/144/154
f 50/150/154 32/151/154 90/144/154
f 32/151/154 33/152/154 90/144/154
f 33/152/154 15/153/154 90/144/154
f 15/153/154 16/154/154 90/144/154
f 16/154/154 2/155/154 90/144/154
f 2/155/154 3/156/154 90/144/154
f 3/156/154 109/157/154 90/144/154
f 109/157/154 18/158/154 90/144/154
f 18/158/154 19/159/154 90/144/154
f 19/159/154 34/160/154 90/144/154
f 90/144/154 34/160/154 93/161/154
f 93/161/154 34/160/154 77/162/154
f 34/160/154 35/163/154 77/162/154
f 35/163/154 52/164/154 77/162/154
f 52/164/154 53/165/154 77/162/154
f 53/165/154 108/166/154 77/162/154
f 108/166/154 105/167/154 77/162/154
f 105/167/154 106/168/154 77/162/154
f 106/168/154 76/169/154 77/162/154
f 68/85/94 66/84/96 51/63/70
f 51/63/70 66/84/96 49/61/71
f 47/59/66 49/61/68 63/82/91
f 63/82/91 49/61/68 66/84/93
f 45/55/62 47/57/64 61/78/87
f 61/78/87 47/57/64 63/80/89
f 40/70/79 55/65/77 39/47/54
f 39/47/54 55/65/77 36/44/52
f 55/65/74 52/67/74 36/44/50
f 36/44/50 52/67/74 35/46/51
f 50/64/72 48/62/73 32/42/46
f 32/42/46 48/62/73 31/39/48
f 28/37/41 31/39/43 46/60/67
f 46/60/67 31/39/43 48/62/69
f 26/33/37 28/35/39 44/56/63
f 44/56/63 28/35/39 46/58/65
f 20/21/27 22/25/29 37/170/53
f 37/170/53 22/25/29 38/171/55
f 37/43/49 34/45/49 20/172/23
f 20/172/23 34/45/49 19/173/24
f 13/174/22 15/175/22 30/40/47
f 30/40/47 15/175/22 33/41/45
f 11/15/17 13/17/19 29/176/42
f 29/176/42 13/17/19 30/177/44
f 9/11/13 11/13/15 27/34/38
f 27/34/38 11/13/15 29/36/40
f 23/28/32 21/27/31 110/178/155
f 110/178/155 21/27/31 111/179/156
f 5/7/9 7/9/11 111/179/156
f 111/179/156 7/9/11 110/178/155
f 8/10/12 10/12/14 7/9/11
f 10/12/14 9/11/13 7/9/11
f 9/11/13 27/34/38 7/9/11
f 27/34/38 26/33/37 7/9/11
f 26/33/37 44/56/63 7/9/11
f 44/56/63 45/55/62 7/9/11
f 45/55/62 61/78/87 7/9/11
f 61/78/87 62/77/86 7/9/11
f 62/77/86 100/129/142 7/9/11
f 100/129/142 83/105/115 7/9/11
f 83/105/115 84/107/117 7/9/11
f 84/107/117 98/125/138 7/9/11
f 98/125/138 96/122/135 7/9/11
f 96/122/135 97/123/136 7/9/11
f 97/123/136 81/103/113 7/9/11
f 81/103/113 82/104/114 7/9/11
f 82/104/114 101/130/143 7/9/11
f 7/9/11 101/130/143 110/178/155
f 110/178/155 101/130/143 23/28/32
f 101/130/143 59/76/85 23/28/32
f 59/76/85 60/74/83 23/28/32
f 60/74/83 43/54/61 23/28/32
f 43/54/61 42/52/59 23/28/32
f 42/52/59 41/50/57 23/28/32
f 41/50/57 25/32/36 23/28/32
f 25/32/36 24/30/34 23/28/32
f 111/180/157 21/26/30 112/181/158
f 112/181/158 21/26/30 17/23/28
f 4/1/5 5/5/7 112/181/158
f 112/181/158 5/5/7 111/180/157
f 17/23/25 18/24/26 112/181/159
f 112/181/159 18/24/26 109/182/160
f 112/181/159 109/182/160 4/1/1
f 4/1/1 109/182/160 3/2/2
f 1/3/3 2/4/4 14/18/21
f 14/18/21 2/4/4 16/19/21
f 1/3/6 14/18/20 6/6/8
f 6/6/8 14/18/20 12/16/18
f 6/8/10 12/14/16 8/10/12
f 8/10/12 12/14/16 10/12/14
f 113/183/161 114/184/162 115/185/163
f 115/185/163 114/184/162 116/186/164
f 116/187/165 118/188/166 115/189/167
f 115/189/167 118/188/166 117/190/168
f 115/189/167 117/190/168 141/191/169
f 141/191/169 117/190/168 119/192/170
f 119/192/170 120/193/171 141/191/169
f 141/191/169 120/193/171 142/194/172
f 142/195/173 143/196/174 141/197/175
f 141/197/175 143/196/174 144/198/176
f 145/199/177 146/200/178 147/201/179
f 147/201/179 146/200/178 148/202/180
f 147/203/181 148/204/182 122/205/183
f 122/205/183 148/204/182 121/206/184
f 149/207/185 147/203/181 123/208/186
f 123/208/186 147/203/181 122/205/183
f 150/209/187 149/207/185 124/210/188
f 124/210/188 149/207/185 123/208/186
f 151/211/189 150/209/187 125/212/190
f 125/212/190 150/209/187 124/210/188
f 152/213/191 151/211/189 126/214/192
f 126/214/192 151/211/189 125/212/190
f 153/215/193 152/213/191 127/216/194
f 127/216/194 152/213/191 126/214/192
f 154/217/195 153/215/193 128/218/196
f 128/218/196 153/215/193 127/216/194
f 155/219/197 154/217/195 129/220/198
f 129/220/198 154/217/195 128/218/196
f 155/219/197 129/220/198 156/221/199
f 156/221/199 129/220/198 130/222/200
f 157/223/201 156/221/199 131/224/202
f 131/224/202 156/221/199 130/222/200
f 158/225/203 157/223/201 132/226/204
f 132/226/204 157/223/201 131/224/202
f 159/227/205 158/225/203 133/228/206
f 133/228/206 158/225/203 132/226/204
f 160/229/207 159/227/205 134/230/208
f 134/230/208 159/227/205 133/228/206
f 161/231/209 160/229/207 135/232/210
f 135/232/210 160/229/207 134/230/208
f 162/233/211 161/231/209 136/234/212
f 136/234/212 161/231/209 135/232/210
f 163/235/213 162/233/211 137/236/214
f 137/236/214 162/233/211 136/234/212
f 164/237/215 163/235/213 138/238/216
f 138/238/216 163/235/213 137/236/214
f 165/239/217 164/237/215 139/240/218
f 139/240/218 164/237/215 138/238/216
f 166/241/219 165/239/217 140/242/220
f 140/242/220 165/239/217 139/240/218
f 118/188/166 116/187/165 140/242/220
f 140/242/220 116/187/165 166/241/219
f 165/243/221 166/244/222 167/245/223
f 167/245/223 166/244/222 168/246/224
f 170/247/225 169/248/226 168/246/224
f 168/246/224 169/248/226 167/245/223
f 171/249/227 169/248/228 172/250/229
f 172/250/229 169/248/228 170/247/128
f 171/249/227 172/250/229 173/251/230
f 173/251/230 172/250/229 174/252/231
f 174/253/232 176/254/233 173/255/234
f 173/255/234 176/254/233 175/256/235
f 177/257/236 175/256/235 176/254/233
f 178/258/237 179/259/238 180/260/239
f 180/260/239 179/259/238 181/261/240
f 180/262/241 181/263/242 183/264/243
f 183/264/243 181/263/242 182/265/244
f 183/264/243 182/265/244 184/266/245
f 184/266/245 182/265/244 185/267/246
f 182/265/244 172/250/229 185/267/246
f 185/267/246 172/250/229 170/247/128
f 186/268/247 185/267/248 187/269/249
f 187/269/249 185/267/248 170/247/225
f 186/268/247 187/269/249 189/270/250
f 189/270/250 187/269/249 188/271/251
f 189/272/252 188/273/253 190/274/254
f 190/274/254 188/273/253 191/275/255
f 189/272/252 190/274/254 214/276/256
f 214/276/256 190/274/254 192/277/257
f 192/277/257 193/278/258 214/276/256
f 214/276/256 193/278/258 215/279/259
f 214/280/260 215/281/261 216/282/262
f 216/282/262 215/281/261 217/283/263
f 217/283/263 218/284/264 216/282/262
f 216/282/262 218/284/264 184/266/265
f 216/282/262 184/266/265 186/268/247
f 186/268/247 184/266/265 185/267/248
f 220/285/266 219/286/267 217/287/263
f 217/287/263 219/286/267 218/288/264
f 222/289/268 221/290/269 220/285/266
f 220/285/266 221/290/269 219/286/267
f 220/285/266 223/291/270 222/289/268
f 222/289/268 223/291/270 224/292/271
f 224/293/272 223/294/273 195/295/274
f 195/295/274 223/294/273 194/296/275
f 225/297/276 224/293/272 196/298/277
f 196/298/277 224/293/272 195/295/274
f 226/299/278 225/297/276 197/300/279
f 197/300/279 225/297/276 196/298/277
f 227/301/280 226/299/278 198/302/281
f 198/302/281 226/299/278 197/300/279
f 228/303/282 227/301/280 199/304/283
f 199/304/283 227/301/280 198/302/281
f 229/305/284 228/303/282 200/306/285
f 200/306/285 228/303/282 199/304/283
f 230/307/286 229/305/284 201/308/287
f 201/308/287 229/305/284 200/306/285
f 231/309/288 230/307/286 202/310/289
f 202/310/289 230/307/286 201/308/287
f 232/311/290 231/309/288 203/312/291
f 203/312/291 231/309/288 202/310/289
f 233/313/292 232/311/290 204/314/293
f 204/314/293 232/311/290 203/312/291
f 234/315/294 233/313/292 205/316/295
f 205/316/295 233/313/292 204/314/293
f 235/317/296 234/315/294 206/318/297
f 206/318/297 234/315/294 205/316/295
f 236/319/298 235/317/296 207/320/299
f 207/320/299 235/317/296 206/318/297
f 237/321/300 236/319/298 208/322/301
f 208/322/301 236/319/298 207/320/299
f 238/323/302 237/321/300 209/324/303
f 209/324/303 237/321/300 208/322/301
f 239/325/304 238/323/302 210/326/305
f 210/326/305 238/323/302 209/324/303
f 240/327/306 239/325/304 211/328/307
f 211/328/307 239/325/304 210/326/305
f 241/329/308 240/327/306 212/330/309
f 212/330/309 240/327/306 211/328/307
f 242/331/310 241/329/308 213/332/311
f 213/332/311 241/329/308 212/330/309
f 191/275/255 188/273/253 213/332/311
f 213/332/311 188/273/253 242/331/310
f 242/333/312 244/334/313 241/335/314
f 241/335/314 244/334/313 243/336/315
f 244/334/313 114/184/162 243/336/315
f 243/336/315 114/184/162 113/183/161
f 241/335/314 243/336/315 240/337/316
f 240/337/316 243/336/315 245/338/317
f 245/339/317 246/340/318 240/341/316
f 240/341/316 246/340/318 239/342/319
f 245/339/317 144/198/176 246/340/318
f 246/340/318 144/198/176 143/196/174
f 246/340/318 247/343/320 239/342/319
f 239/342/319 247/343/320 238/344/321
f 246/340/318 143/196/174 247/343/320
f 247/343/320 143/196/174 146/200/178
f 247/343/320 248/345/322 238/344/321
f 238/344/321 248/345/322 237/346/323
f 247/343/320 146/200/178 248/345/322
f 248/345/322 146/200/178 145/199/177
f 251/347/324 250/348/325 252/349/326
f 252/349/326 250/348/325 249/350/327
f 252/349/326 254/351/328 251/347/324
f 251/347/324 254/351/328 253/352/329
f 254/351/328 256/353/330 253/352/329
f 253/352/329 256/353/330 255/354/331
f 256/355/330 258/356/332 255/357/331
f 255/357/331 258/356/332 257/358/333
f 258/356/332 260/359/334 257/358/333
f 257/358/333 260/359/334 259/360/335
f 260/359/334 262/361/154 259/360/335
f 259/360/335 262/361/154 261/362/336
f 221/290/269 222/289/268 262/361/154
f 262/361/154 222/289/268 261/362/336
f 259/360/335 261/362/336 226/363/337
f 226/363/337 261/362/336 225/364/338
f 225/364/338 261/362/336 224/292/271
f 224/292/271 261/362/336 222/289/268
f 263/365/339 262/366/340 264/367/341
f 264/367/341 262/366/340 260/368/342
f 263/365/339 264/367/341 265/369/343
f 265/369/343 264/367/341 266/370/344
f 266/371/345 268/372/346 265/373/347
f 265/373/347 268/372/346 267/374/348
f 270/375/349 269/376/350 271/377/351
f 271/377/351 269/376/350 272/378/352
f 271/379/353 272/380/354 274/381/355
f 274/381/355 272/380/354 273/382/356
f 276/383/357 275/384/75 273/382/356
f 273/382/356 275/384/75 274/381/355
f 278/385/358 276/383/357 277/386/359
f 277/386/359 276/383/357 273/382/356
f 280/387/360 278/385/358 279/388/361
f 279/388/361 278/385/358 277/386/359
f 279/389/361 282/390/362 280/391/360
f 280/391/360 282/390/362 281/392/363
f 282/390/362 284/393/364 281/392/363
f 281/392/363 284/393/364 283/394/365
f 284/393/364 285/395/366 283/394/365
f 283/394/365 285/395/366 249/350/367
f 286/396/368 252/349/369 285/395/366
f 285/395/366 252/349/369 249/350/367
f 286/396/368 285/395/366 287/397/370
f 287/397/370 285/395/366 288/398/371
f 288/399/372 290/400/373 287/401/374
f 287/401/374 290/400/373 289/402/375
f 289/402/375 290/400/373 291/403/376
f 293/404/377 292/405/378 294/406/379
f 294/406/379 292/405/378 295/407/380
f 294/408/381 295/409/382 282/390/362
f 282/390/362 295/409/382 284/393/364
f 296/410/383 294/408/381 279/389/361
f 279/389/361 294/408/381 282/390/362
f 297/411/384 296/412/383 277/386/359
f 277/386/359 296/412/383 279/388/361
f 272/380/354 297/411/384 273/382/356
f 273/382/356 297/411/384 277/386/359
f 296/413/385 297/414/386 298/415/387
f 298/415/387 297/414/386 299/416/388
f 300/417/389 302/418/390 301/419/391
f 301/419/391 302/418/390 303/420/392
f 302/421/393 305/422/394 303/423/395
f 303/423/395 305/422/394 304/424/396
f 305/422/394 258/425/397 304/424/396
f 304/424/396 258/425/397 256/426/398
f 303/427/395 304/428/396 307/429/399
f 307/429/399 304/428/396 306/430/400
f 254/351/401 306/430/400 256/353/398
f 256/353/398 306/430/400 304/428/396
f 286/396/368 287/397/370 306/430/400
f 306/430/400 287/397/370 307/429/399
f 266/370/344 264/367/341 302/421/393
f 302/421/393 264/367/341 305/422/394
f 301/419/391 303/420/392 291/403/376
f 291/403/376 303/420/392 307/431/402
f 287/401/374 289/402/375 307/431/402
f 307/431/402 289/402/375 291/403/376
f 268/372/346 266/371/345 300/417/389
f 300/417/389 266/371/345 302/418/390
f 298/415/387 293/404/377 296/413/385
f 296/413/385 293/404/377 294/406/379
f 269/376/350 299/416/388 272/378/352
f 272/378/352 299/416/388 297/414/386
f 284/393/364 295/409/382 285/395/366
f 285/395/366 295/409/382 288/398/371
f 288/399/372 295/407/380 290/400/373
f 290/400/373 295/407/380 292/405/378
f 252/349/369 286/396/368 254/351/401
f 254/351/401 286/396/368 306/430/400
f 309/432/403 283/394/404 308/433/405
f 308/433/405 283/394/404 249/350/327
f 309/432/403 308/433/405 155/434/406
f 155/434/406 308/433/405 154/435/407
f 310/436/408 309/432/403 156/437/409
f 156/437/409 309/432/403 155/434/406
f 311/438/410 310/436/408 157/439/411
f 157/439/411 310/436/408 156/437/409
f 312/440/412 311/441/410 158/442/413
f 158/442/413 311/441/410 157/443/411
f 313/444/414 312/440/412 159/445/415
f 159/445/415 312/440/412 158/442/413
f 314/446/416 313/444/414 160/447/417
f 160/447/417 313/444/414 159/445/415
f 315/448/418 314/446/416 161/449/419
f 161/449/419 314/446/416 160/447/417
f 316/450/420 315/448/418 162/451/421
f 162/451/421 315/448/418 161/449/419
f 317/452/422 316/450/420 163/453/423
f 163/453/423 316/450/420 162/451/421
f 318/454/424 317/455/422 164/456/425
f 164/456/425 317/455/422 163/457/423
f 165/243/221 167/245/223 164/456/425
f 164/456/425 167/245/223 318/454/424
f 169/248/226 319/458/426 167/245/223
f 167/245/223 319/458/426 318/454/424
f 319/458/426 320/459/427 318/454/424
f 318/454/424 320/459/427 317/455/422
f 321/460/428 320/459/429 322/461/430
f 322/461/430 320/459/429 319/458/431
f 322/461/430 324/462/432 321/460/428
f 321/460/428 324/462/432 323/463/433
f 324/464/434 177/257/236 323/465/435
f 323/465/435 177/257/236 325/466/436
f 323/465/435 325/466/436 337/467/437
f 337/467/437 325/466/436 326/468/438
f 327/469/439 328/470/440 329/471/441
f 329/471/441 328/470/440 330/472/442
f 329/473/443 330/474/444 331/475/445
f 331/475/445 330/474/444 332/476/446
f 331/475/445 332/476/446 219/477/447
f 219/477/447 332/476/446 218/478/448
f 331/475/445 333/479/449 329/473/443
f 329/473/443 333/479/449 334/480/450
f 333/479/449 331/475/445 221/481/451
f 221/481/451 331/475/445 219/477/447
f 263/365/339 333/479/449 262/366/340
f 262/366/340 333/479/449 221/481/451
f 333/479/449 263/365/339 334/480/450
f 334/480/450 263/365/339 265/369/343
f 183/264/243 332/482/446 180/262/241
f 180/262/241 332/482/446 330/483/444
f 332/482/446 183/264/243 218/284/448
f 218/284/448 183/264/243 184/266/245
f 329/471/441 334/484/452 327/469/439
f 327/469/439 334/484/452 335/485/453
f 334/484/452 265/373/347 335/485/453
f 335/485/453 265/373/347 267/374/348
f 180/260/239 330/472/442 178/258/237
f 178/258/237 330/472/442 328/470/440
f 291/403/376 290/400/373 301/419/391
f 301/419/391 290/400/373 300/417/389
f 300/417/389 290/400/373 268/372/346
f 268/372/346 290/400/373 267/374/348
f 267/374/348 290/400/373 335/485/453
f 290/400/373 292/405/378 335/485/453
f 292/405/378 293/404/377 335/485/453
f 293/404/377 298/415/387 335/485/453
f 298/415/387 299/416/388 335/485/453
f 299/416/388 269/376/350 335/485/453
f 269/376/350 270/375/349 335/485/453
f 270/375/349 336/486/454 335/485/453
f 336/486/454 326/468/438 335/485/453
f 326/468/438 325/466/436 335/485/453
f 325/466/436 177/257/236 335/485/453
f 177/257/236 176/254/233 335/485/453
f 176/254/233 179/259/238 335/485/453
f 179/259/238 178/258/237 335/485/453
f 178/258/237 328/470/440 335/485/453
f 328/470/440 327/469/439 335/485/453
f 336/486/454 338/487/455 326/468/438
f 326/468/438 338/487/455 337/467/437
f 270/375/349 271/377/351 336/486/454
f 336/486/454 271/377/351 338/487/455
f 338/488/456 340/489/457 337/490/458
f 337/490/458 340/489/457 339/491/459
f 341/492/460 339/491/459 342/493/461
f 342/493/461 339/491/459 340/489/457
f 315/448/418 316/450/420 342/494/462
f 342/494/462 316/450/420 341/495/463
f 320/496/429 321/497/428 341/492/460
f 341/492/460 321/497/428 339/491/459
f 342/493/461 340/489/457 275/384/75
f 275/384/75 340/489/457 274/381/355
f 314/446/416 315/448/418 275/498/154
f 275/498/154 315/448/418 342/494/462
f 337/490/458 339/491/459 323/499/433
f 323/499/433 339/491/459 321/497/428
f 271/379/353 274/381/355 338/488/456
f 338/488/456 274/381/355 340/489/457
f 177/257/236 324/464/434 175/256/235
f 175/256/235 324/464/434 173/255/234
f 171/249/227 173/251/230 322/461/430
f 322/461/430 173/251/230 324/462/432
f 316/450/420 317/452/422 341/495/463
f 341/495/463 317/452/422 320/500/427
f 169/248/228 171/249/227 319/458/431
f 319/458/431 171/249/227 322/461/430
f 276/501/464 313/444/414 275/498/154
f 275/498/154 313/444/414 314/446/416
f 278/502/465 312/440/412 276/501/464
f 276/501/464 312/440/412 313/444/414
f 280/503/466 311/441/410 278/502/465
f 278/502/465 311/441/410 312/440/412
f 311/438/410 280/391/466 310/436/408
f 310/436/408 280/391/466 281/392/467
f 310/436/408 281/392/467 309/432/403
f 309/432/403 281/392/467 283/394/404
f 154/435/407 308/433/405 153/504/468
f 153/504/468 308/433/405 343/505/469
f 343/505/469 344/506/470 153/504/468
f 153/504/468 344/506/470 152/507/471
f 343/505/469 346/508/472 344/506/470
f 344/506/470 346/508/472 345/509/473
f 344/506/470 347/510/474 152/507/471
f 152/507/471 347/510/474 151/511/475
f 344/506/470 345/509/473 347/510/474
f 347/510/474 345/509/473 348/512/476
f 347/513/474 349/514/477 151/515/475
f 151/515/475 349/514/477 150/516/478
f 349/514/477 347/513/474 350/517/479
f 350/517/479 347/513/474 348/518/476
f 349/514/477 351/519/480 150/516/478
f 150/516/478 351/519/480 149/520/481
f 351/519/480 349/514/477 352/521/482
f 352/521/482 349/514/477 350/517/479
f 352/521/482 248/345/322 351/519/480
f 351/519/480 248/345/322 145/199/177
f 351/519/480 145/199/177 149/520/481
f 149/520/481 145/199/177 147/201/179
f 308/433/405 249/350/327 343/505/469
f 343/505/469 249/350/327 346/508/472
f 249/350/327 250/348/325 346/508/472
f 264/367/341 260/368/342 305/422/394
f 305/422/394 260/368/342 258/425/397
f 257/358/333 259/360/335 227/522/483
f 227/522/483 259/360/335 226/363/337
f 255/357/331 257/358/333 228/523/484
f 228/523/484 257/358/333 227/522/483
f 253/352/329 255/354/331 229/524/485
f 229/524/485 255/354/331 228/525/484
f 253/352/329 229/524/485 251/347/324
f 251/347/324 229/524/485 230/526/486
f 250/348/325 251/347/324 231/527/487
f 231/527/487 251/347/324 230/526/486
f 346/508/472 250/348/325 232/528/488
f 232/528/488 250/348/325 231/527/487
f 345/509/473 346/508/472 233/529/489
f 233/529/489 346/508/472 232/528/488
f 348/512/476 345/509/473 234/530/490
f 234/530/490 345/509/473 233/529/489
f 350/517/479 348/518/476 235/531/491
f 235/531/491 348/518/476 234/532/490
f 352/521/482 350/517/479 236/533/492
f 236/533/492 350/517/479 235/531/491
f 248/345/322 352/521/482 237/346/323
f 237/346/323 352/521/482 236/533/492
f 188/271/251 187/269/249 242/333/312
f 242/333/312 187/269/249 244/334/313
f 194/296/275 223/294/273 193/278/258
f 193/278/258 223/294/273 215/279/259
f 217/287/263 215/534/261 220/285/266
f 220/285/266 215/534/261 223/291/270
f 214/280/260 216/282/262 189/270/250
f 189/270/250 216/282/262 186/268/247
f 187/269/249 170/247/225 244/334/313
f 244/334/313 170/247/225 114/184/162
f 170/247/225 168/246/224 114/184/162
f 174/252/231 172/250/229 181/263/242
f 181/263/242 172/250/229 182/265/244
f 174/253/232 181/261/240 176/254/233
f 176/254/233 181/261/240 179/259/238
f 116/186/164 114/184/162 166/244/222
f 166/244/222 114/184/162 168/246/224
f 121/206/184 148/204/182 120/193/171
f 120/193/171 148/204/182 142/194/172
f 143/196/174 142/195/173 146/200/178
f 146/200/178 142/195/173 148/202/180
f 245/338/317 243/336/315 144/535/176
f 144/535/176 243/336/315 113/183/161
f 141/536/175 144/535/176 115/185/163
f 115/185/163 144/535/176 113/183/161
f 356/537/493 355/538/494 353/539/495
f 353/539/495 355/538/494 354/540/4
f 356/537/493 353/539/495 358/541/496
f 358/541/496 353/539/495 357/542/497
f 358/543/498 357/544/499 359/545/500
f 359/545/500 357/544/499 360/546/501
f 361/547/502 362/548/503 363/549/504
f 363/549/504 362/548/503 364/550/505
f 363/551/506 364/552/507 365/553/508
f 365/553/508 364/552/507 366/554/509
f 368/555/510 367/556/511 366/554/509
f 366/554/509 367/556/511 365/553/508
f 372/557/512 371/558/513 369/559/514
f 369/559/514 371/558/513 370/560/515
f 372/557/512 369/559/514 374/561/516
f 374/561/516 369/559/514 373/562/517
f 373/563/518 375/564/519 374/565/520
f 374/565/520 375/564/519 376/566/521
f 374/565/520 376/566/521 391/567/522
f 391/567/522 376/566/521 377/568/523
f 379/569/524 381/570/525 378/571/526
f 378/571/526 381/570/525 380/572/527
f 380/573/528 381/574/529 383/575/530
f 383/575/530 381/574/529 382/576/531
f 385/577/532 384/578/533 382/576/531
f 382/576/531 384/578/533 383/575/530
f 389/579/534 388/580/535 386/581/536
f 386/581/536 388/580/535 387/582/537
f 388/580/535 389/579/534 390/583/538
f 390/583/538 389/579/534 391/584/539
f 390/585/540 391/567/522 393/586/541
f 393/586/541 391/567/522 377/568/523
f 392/587/542 390/585/540 394/588/543
f 394/588/543 390/585/540 393/586/541
f 392/587/542 394/588/543 408/589/544
f 408/589/544 394/588/543 395/590/545
f 397/591/546 396/592/547 399/593/548
f 399/593/548 396/592/547 398/594/549
f 399/595/550 398/596/551 401/597/552
f 401/597/552 398/596/551 400/598/553
f 403/599/554 401/597/552 402/600/555
f 402/600/555 401/597/552 400/598/553
f 407/601/556 406/602/557 404/603/558
f 404/603/558 406/602/557 405/604/559
f 407/601/556 404/603/558 408/605/560
f 408/605/560 404/603/558 392/606/561
f 407/601/556 408/605/560 421/607/562
f 421/607/562 408/605/560 409/608/563
f 408/589/544 395/590/545 409/609/564
f 409/609/564 395/590/545 412/610/565
f 409/609/564 412/610/565 410/611/566
f 410/611/566 412/610/565 411/612/567
f 414/613/568 413/614/569 416/615/570
f 416/615/570 413/614/569 415/616/571
f 416/617/572 415/618/573 417/619/574
f 417/619/574 415/618/573 418/620/575
f 420/621/576 419/622/577 418/620/575
f 418/620/575 419/622/577 417/619/574
f 424/623/578 423/624/579 421/607/562
f 421/607/562 423/624/579 422/625/580
f 424/623/578 421/607/562 410/626/581
f 410/626/581 421/607/562 409/608/563
f 425/627/582 424/623/578 426/628/583
f 426/628/583 424/623/578 410/626/581
f 425/629/582 426/630/583 440/631/584
f 440/631/584 426/630/583 427/632/585
f 427/633/586 426/634/587 428/635/588
f 428/635/588 426/634/587 429/636/589
f 431/637/590 430/638/591 433/639/592
f 433/639/592 430/638/591 432/640/593
f 432/641/594 435/642/595 433/643/596
f 433/643/596 435/642/595 434/644/597
f 437/645/598 436/646/599 435/642/595
f 435/642/595 436/646/599 434/644/597
f 440/631/584 439/647/600 425/629/582
f 425/629/582 439/647/600 438/648/601
f 442/649/602 441/650/603 440/631/584
f 440/631/584 441/650/603 439/647/600
f 442/649/602 440/631/584 444/651/604
f 444/651/604 440/631/584 427/632/585
f 443/652/605 442/649/602 445/653/606
f 445/653/606 442/649/602 444/651/604
f 445/654/607 444/655/608 446/656/609
f 446/656/609 444/655/608 447/657/610
f 448/658/611 450/659/612 449/660/613
f 449/660/613 450/659/612 451/661/614
f 450/662/615 453/663/616 451/664/617
f 451/664/617 453/663/616 452/665/618
f 453/663/616 455/666/102 452/665/618
f 452/665/618 455/666/102 454/667/619
f 459/668/620 456/669/621 443/652/605
f 443/652/605 456/669/621 457/670/622
f 452/665/618 454/667/619 459/668/620
f 459/668/620 454/667/619 456/669/621
f 451/664/617 452/665/618 460/671/623
f 460/671/623 452/665/618 459/668/620
f 459/668/620 443/652/605 460/671/623
f 460/671/623 443/652/605 445/653/606
f 434/672/597 436/673/599 453/663/616
f 453/663/616 436/673/599 455/666/102
f 433/674/596 434/672/597 450/662/615
f 450/662/615 434/672/597 453/663/616
f 449/660/613 451/661/614 461/675/624
f 461/675/624 451/661/614 460/676/625
f 445/654/607 446/656/609 460/676/625
f 460/676/625 446/656/609 461/675/624
f 431/637/590 433/639/592 448/658/611
f 448/658/611 433/639/592 450/659/612
f 428/635/588 447/657/610 427/633/586
f 427/633/586 447/657/610 444/655/608
f 443/652/605 457/670/622 442/649/602
f 442/649/602 457/670/622 441/650/603
f 437/645/598 435/642/595 419/622/577
f 419/622/577 435/642/595 417/619/574
f 416/617/572 417/619/574 432/641/594
f 432/641/594 417/619/574 435/642/595
f 414/613/568 416/615/570 430/638/591
f 430/638/591 416/615/570 432/640/593
f 410/611/566 411/612/567 426/634/587
f 426/634/587 411/612/567 429/636/589
f 425/627/582 438/677/601 424/623/578
f 424/623/578 438/677/601 423/624/579
f 421/607/562 422/625/580 407/601/556
f 407/601/556 422/625/580 406/602/557
f 420/621/576 418/620/575 403/599/554
f 403/599/554 418/620/575 401/597/552
f 399/595/550 401/597/552 415/618/573
f 415/618/573 401/597/552 418/620/575
f 397/591/546 399/593/548 413/614/569
f 413/614/569 399/593/548 415/616/571
f 392/606/561 404/603/558 390/583/538
f 390/583/538 404/603/558 388/580/535
f 404/603/558 405/604/559 388/580/535
f 388/580/535 405/604/559 387/582/537
f 402/600/555 400/598/553 384/578/533
f 384/578/533 400/598/553 383/575/530
f 380/573/528 383/575/530 398/596/551
f 398/596/551 383/575/530 400/598/553
f 378/571/526 380/572/527 396/592/547
f 396/592/547 380/572/527 398/594/549
f 372/678/512 374/679/516 389/579/534
f 389/579/534 374/679/516 391/584/539
f 389/579/534 386/581/536 372/678/512
f 372/678/512 386/581/536 371/680/513
f 385/577/532 382/576/531 367/681/511
f 367/681/511 382/576/531 365/682/508
f 365/553/508 382/683/531 363/551/506
f 363/551/506 382/683/531 381/684/529
f 361/547/502 363/549/504 379/569/524
f 379/569/524 363/549/504 381/570/525
f 462/685/626 375/564/519 463/686/627
f 463/686/627 375/564/519 373/563/518
f 358/543/498 359/545/500 463/686/627
f 463/686/627 359/545/500 462/685/626
f 360/546/501 362/548/503 359/545/500
f 362/548/503 361/547/502 359/545/500
f 361/547/502 379/569/524 359/545/500
f 379/569/524 378/571/526 359/545/500
f 378/571/526 396/592/547 359/545/500
f 396/592/547 397/591/546 359/545/500
f 397/591/546 413/614/569 359/545/500
f 413/614/569 414/613/568 359/545/500
f 414/613/568 430/638/591 359/545/500
f 430/638/591 431/637/590 359/545/500
f 431/637/590 448/658/611 359/545/500
f 448/658/611 449/660/613 359/545/500
f 449/660/613 461/675/624 359/545/500
f 461/675/624 446/656/609 359/545/500
f 446/656/609 447/657/610 359/545/500
f 447/657/610 428/635/588 359/545/500
f 359/545/500 428/635/588 462/685/626
f 428/635/588 429/636/589 462/685/626
f 429/636/589 411/612/567 462/685/626
f 411/612/567 412/610/565 462/685/626
f 412/610/565 395/590/545 462/685/626
f 395/590/545 394/588/543 462/685/626
f 394/588/543 393/586/541 462/685/626
f 393/586/541 377/568/523 462/685/626
f 377/568/523 376/566/521 462/685/626
f 376/566/521 375/564/519 462/685/626
f 463/687/628 373/562/517 464/688/629
f 464/688/629 373/562/517 369/559/514
f 356/537/493 358/541/496 464/688/629
f 464/688/629 358/541/496 463/687/628
f 369/559/514 370/560/515 464/688/629
f 464/688/629 370/560/515 458/689/630
f 464/688/629 458/689/630 356/537/493
f 356/537/493 458/689/630 355/538/494
f 353/539/495 354/540/4 366/554/509
f 366/554/509 354/540/4 368/555/510
f 357/542/497 353/539/495 364/552/507
f 364/552/507 353/539/495 366/554/509
f 357/544/499 364/550/505 360/546/501
f 360/546/501 364/550/505 362/548/503
f 465/690/631 466/691/632 468/692/633
f 468/692/633 466/691/632 467/693/634
f 469/694/635 465/690/631 470/695/636
f 470/695/636 465/690/631 468/692/633
f 469/696/635 470/697/636 472/698/637
f 472/698/637 470/697/636 471/699/638
f 472/698/637 471/699/638 474/700/639
f 474/700/639 471/699/638 473/701/640
f 477/702/641 476/703/642 478/704/643
f 478/704/643 476/703/642 475/705/644
f 479/706/645 477/702/641 480/707/646
f 480/707/646 477/702/641 478/704/643
f 481/708/647 482/709/648 480/710/646
f 480/710/646 482/709/648 479/711/645
f 481/708/647 483/712/649 482/709/648
f 482/709/648 483/712/649 484/713/650
f 485/714/651 486/715/652 488/716/653
f 488/716/653 486/715/652 487/717/654
f 489/718/655 485/714/651 490/719/656
f 490/719/656 485/714/651 488/716/653
f 491/720/657 489/718/655 492/721/658
f 492/721/658 489/718/655 490/719/656
f 493/722/659 491/720/657 494/723/660
f 494/723/660 491/720/657 492/721/658
f 495/724/661 493/722/659 496/725/662
f 496/725/662 493/722/659 494/723/660
f 497/726/663 495/724/661 498/727/664
f 498/727/664 495/724/661 496/725/662
f 499/728/665 497/726/663 500/729/666
f 500/729/666 497/726/663 498/727/664
f 501/730/667 499/728/665 502/731/668
f 502/731/668 499/728/665 500/729/666
f 503/732/669 501/730/667 504/733/670
f 504/733/670 501/730/667 502/731/668
f 505/734/671 503/732/669 506/735/672
f 506/735/672 503/732/669 504/733/670
f 507/736/673 505/734/671 508/737/674
f 508/737/674 505/734/671 506/735/672
f 509/738/675 507/736/673 510/739/676
f 510/739/676 507/736/673 508/737/674
f 511/740/677 509/738/675 512/741/678
f 512/741/678 509/738/675 510/739/676
f 513/742/679 511/740/677 514/743/680
f 514/743/680 511/740/677 512/741/678
f 514/743/680 515/744/681 513/742/679
f 513/742/679 515/744/681 516/745/682
f 516/745/682 515/744/681 518/746/683
f 518/746/683 515/744/681 517/747/684
f 518/746/683 517/747/684 520/748/685
f 520/748/685 517/747/684 519/749/686
f 521/750/687 522/751/688 524/752/689
f 524/752/689 522/751/688 523/753/690
f 522/751/688 525/754/691 523/753/690
f 523/753/690 525/754/691 526/755/692
f 527/756/693 528/757/694 525/754/691
f 525/754/691 528/757/694 526/755/692
f 468/692/633 467/693/634 527/756/693
f 527/756/693 467/693/634 528/757/694
f 529/758/695 530/759/696 525/754/691
f 525/754/691 530/759/696 527/756/693
f 470/695/636 468/692/633 530/759/696
f 530/759/696 468/692/633 527/756/693
f 530/760/696 529/761/695 532/762/697
f 532/762/697 529/761/695 531/763/698
f 471/699/638 470/697/636 532/762/697
f 532/762/697 470/697/636 530/760/696
f 531/763/698 533/764/699 532/762/697
f 532/762/697 533/764/699 534/765/700
f 473/701/640 471/699/638 534/765/700
f 534/765/700 471/699/638 532/762/697
f 537/766/701 538/767/702 535/768/703
f 535/768/703 538/767/702 536/769/704
f 478/704/643 475/705/644 538/767/702
f 538/767/702 475/705/644 536/769/704
f 539/770/705 540/771/706 537/766/701
f 537/766/701 540/771/706 538/767/702
f 480/707/646 478/704/643 540/771/706
f 540/771/706 478/704/643 538/767/702
f 541/772/707 540/773/706 487/717/654
f 487/717/654 540/773/706 539/774/705
f 541/772/707 481/708/647 540/773/706
f 540/773/706 481/708/647 480/710/646
f 539/770/705 537/766/701 543/775/708
f 543/775/708 537/766/701 542/776/709
f 542/776/709 544/777/710 543/775/708
f 543/775/708 544/777/710 545/778/711
f 544/777/710 546/779/712 545/778/711
f 545/778/711 546/779/712 547/780/713
f 546/779/712 548/781/714 547/780/713
f 547/780/713 548/781/714 549/782/715
f 549/782/715 548/781/714 551/783/716
f 551/783/716 548/781/714 550/784/717
f 551/783/716 550/784/717 553/785/718
f 553/785/718 550/784/717 552/786/719
f 552/787/719 554/788/720 553/789/718
f 553/789/718 554/788/720 555/790/721
f 555/790/721 554/788/720 557/791/722
f 557/791/722 554/788/720 556/792/723
f 557/791/722 556/792/723 559/793/724
f 559/793/724 556/792/723 558/794/725
f 559/793/724 558/794/725 561/795/726
f 561/795/726 558/794/725 560/796/727
f 561/795/726 560/796/727 563/797/728
f 563/797/728 560/796/727 562/798/729
f 563/797/728 562/798/729 565/799/730
f 565/799/730 562/798/729 564/800/731
f 565/799/730 564/800/731 567/801/732
f 567/801/732 564/800/731 566/802/733
f 567/801/732 566/802/733 569/803/734
f 569/803/734 566/802/733 568/804/735
f 568/804/735 570/805/736 569/803/734
f 569/803/734 570/805/736 571/806/737
f 514/743/680 569/807/734 515/744/681
f 515/744/681 569/807/734 571/808/737
f 570/805/736 572/809/738 571/806/737
f 571/806/737 572/809/738 573/810/739
f 515/744/681 571/808/737 517/747/684
f 517/747/684 571/808/737 573/811/739
f 572/809/738 574/812/740 573/810/739
f 573/810/739 574/812/740 575/813/741
f 517/747/684 573/811/739 519/749/686
f 519/749/686 573/811/739 575/814/741
f 574/812/740 576/815/742 575/813/741
f 575/813/741 576/815/742 577/816/743
f 519/749/686 575/814/741 578/817/744
f 578/817/744 575/814/741 577/818/743
f 578/817/744 577/818/743 580/819/745
f 580/819/745 577/818/743 579/820/746
f 578/817/744 580/819/745 581/821/747
f 581/821/747 580/819/745 582/822/748
f 582/822/748 580/819/745 584/823/749
f 584/823/749 580/819/745 583/824/750
f 583/824/750 585/825/751 584/823/749
f 584/823/749 585/825/751 586/826/752
f 585/825/751 587/827/753 586/826/752
f 586/826/752 587/827/753 588/828/754
f 588/828/754 587/827/753 590/829/755
f 590/829/755 587/827/753 589/830/756
f 590/829/755 589/830/756 592/831/757
f 592/831/757 589/830/756 591/832/758
f 592/831/757 591/832/758 594/833/759
f 594/833/759 591/832/758 593/834/760
f 594/833/759 593/834/760 596/835/761
f 596/835/761 593/834/760 595/836/762
f 596/835/761 595/836/762 598/837/763
f 598/837/763 595/836/762 597/838/764
f 598/837/763 597/838/764 600/839/765
f 600/839/765 597/838/764 599/840/766
f 600/839/765 599/840/766 602/841/767
f 602/841/767 599/840/766 601/842/768
f 601/842/768 603/843/769 602/841/767
f 602/841/767 603/843/769 604/844/770
f 603/843/769 605/845/771 604/844/770
f 604/844/770 605/845/771 606/846/772
f 605/845/771 607/847/773 606/846/772
f 606/846/772 607/847/773 608/848/774
f 607/847/773 609/849/775 608/848/774
f 608/848/774 609/849/775 610/850/776
f 609/849/775 611/851/777 610/850/776
f 610/850/776 611/851/777 612/852/778
f 611/851/777 613/853/779 612/852/778
f 612/852/778 613/853/779 614/854/780
f 615/855/781 616/856/782 613/853/779
f 613/853/779 616/856/782 614/854/780
f 617/857/783 618/858/784 615/855/781
f 615/855/781 618/858/784 616/856/782
f 619/859/785 620/860/786 617/857/783
f 617/857/783 620/860/786 618/858/784
f 619/859/785 621/861/787 620/860/786
f 620/860/786 621/861/787 622/862/788
f 621/861/787 623/863/789 622/862/788
f 622/862/788 623/863/789 624/864/790
f 625/865/791 626/866/792 621/861/787
f 621/861/787 626/866/792 623/863/789
f 626/866/792 627/867/793 623/863/789
f 623/863/789 627/867/793 521/750/687
f 627/868/793 626/869/792 629/870/794
f 629/870/794 626/869/792 628/871/795
f 630/872/796 627/868/793 631/873/797
f 631/873/797 627/868/793 629/870/794
f 529/761/695 630/872/796 531/763/698
f 531/763/698 630/872/796 631/873/797
f 631/873/797 629/870/794 633/874/798
f 633/874/798 629/870/794 632/875/799
f 531/763/698 631/873/797 533/764/699
f 533/764/699 631/873/797 633/874/798
f 542/776/709 673/876/800 544/777/710
f 544/777/710 673/876/800 672/877/801
f 546/779/712 544/777/710 671/878/802
f 671/878/802 544/777/710 672/877/801
f 548/781/714 546/779/712 670/879/803
f 670/879/803 546/779/712 671/878/802
f 550/784/717 548/781/714 669/880/804
f 669/880/804 548/781/714 670/879/803
f 552/786/719 550/784/717 668/881/805
f 668/881/805 550/784/717 669/880/804
f 554/788/720 552/787/719 667/882/806
f 667/882/806 552/787/719 668/883/805
f 667/882/806 666/884/807 554/788/720
f 554/788/720 666/884/807 556/792/723
f 666/884/807 665/885/808 556/792/723
f 556/792/723 665/885/808 558/794/725
f 665/885/808 664/886/809 558/794/725
f 558/794/725 664/886/809 560/796/727
f 663/887/810 562/798/729 664/886/809
f 664/886/809 562/798/729 560/796/727
f 663/887/810 662/888/811 562/798/729
f 562/798/729 662/888/811 564/800/731
f 662/888/811 661/889/812 564/800/731
f 564/800/731 661/889/812 566/802/733
f 661/889/812 660/890/813 566/802/733
f 566/802/733 660/890/813 568/804/735
f 660/890/813 659/891/814 568/804/735
f 568/804/735 659/891/814 570/805/736
f 659/891/814 658/892/815 570/805/736
f 570/805/736 658/892/815 572/809/738
f 658/892/815 657/893/816 572/809/738
f 572/809/738 657/893/816 574/812/740
f 657/893/816 656/894/817 574/812/740
f 574/812/740 656/894/817 576/815/742
f 656/894/817 655/895/818 576/815/742
f 576/815/742 655/895/818 674/896/819
f 655/895/818 654/897/820 674/896/819
f 674/896/819 654/897/820 675/898/821
f 674/896/819 675/898/821 579/899/746
f 579/899/746 675/898/821 676/900/822
f 675/898/821 677/901/823 676/900/822
f 676/900/822 677/901/823 678/902/824
f 583/824/750 676/903/822 585/825/751
f 585/825/751 676/903/822 678/904/824
f 678/902/824 677/901/823 680/905/825
f 680/905/825 677/901/823 679/906/826
f 585/825/751 678/904/824 587/827/753
f 587/827/753 678/904/824 680/907/825
f 680/908/825 679/909/826 682/910/827
f 682/910/827 679/909/826 681/911/828
f 587/827/753 680/907/825 589/830/756
f 589/830/756 680/907/825 682/912/827
f 682/910/827 681/911/828 684/913/829
f 684/913/829 681/911/828 683/914/830
f 589/830/756 682/912/827 591/832/758
f 591/832/758 682/912/827 684/915/829
f 684/913/829 683/914/830 686/916/831
f 686/916/831 683/914/830 685/917/832
f 684/915/829 686/918/831 591/832/758
f 591/832/758 686/918/831 593/834/760
f 686/916/831 685/917/832 688/919/833
f 688/919/833 685/917/832 687/920/834
f 686/918/831 688/921/833 593/834/760
f 593/834/760 688/921/833 595/836/762
f 688/919/833 687/920/834 690/922/835
f 690/922/835 687/920/834 689/923/836
f 688/921/833 690/924/835 595/836/762
f 595/836/762 690/924/835 597/838/764
f 690/922/835 689/923/836 692/925/837
f 692/925/837 689/923/836 691/926/838
f 597/838/764 690/924/835 599/840/766
f 599/840/766 690/924/835 692/927/837
f 692/925/837 691/926/838 694/928/839
f 694/928/839 691/926/838 693/929/840
f 692/927/837 694/930/839 599/840/766
f 599/840/766 694/930/839 601/842/768
f 694/928/839 693/929/840 696/931/841
f 696/931/841 693/929/840 695/932/842
f 696/931/841 695/932/842 698/933/843
f 698/933/843 695/932/842 697/934/844
f 698/933/843 697/934/844 700/935/845
f 700/935/845 697/934/844 699/936/846
f 700/935/845 699/936/846 702/937/847
f 702/937/847 699/936/846 701/938/848
f 702/937/847 701/938/848 704/939/849
f 704/939/849 701/938/848 703/940/850
f 704/939/849 703/940/850 706/941/851
f 706/941/851 703/940/850 705/942/852
f 706/941/851 705/942/852 708/943/853
f 708/943/853 705/942/852 707/944/854
f 708/943/853 707/944/854 710/945/855
f 710/945/855 707/944/854 709/946/856
f 711/947/857 710/948/855 712/949/858
f 712/949/858 710/948/855 709/950/856
f 711/947/857 712/949/858 625/951/791
f 625/951/791 712/949/858 713/952/859
f 713/952/859 712/949/858 635/953/860
f 635/953/860 712/949/858 636/954/861
f 712/949/858 709/950/856 636/954/861
f 636/954/861 709/950/856 637/955/862
f 710/956/855 711/957/857 617/857/783
f 617/857/783 711/957/857 619/859/785
f 707/958/854 638/959/863 709/950/856
f 709/950/856 638/959/863 637/955/862
f 708/960/853 710/956/855 615/855/781
f 615/855/781 710/956/855 617/857/783
f 705/942/852 639/961/864 707/944/854
f 707/944/854 639/961/864 638/962/863
f 706/963/851 708/960/853 613/853/779
f 613/853/779 708/960/853 615/855/781
f 703/940/850 640/964/865 705/942/852
f 705/942/852 640/964/865 639/961/864
f 704/965/849 706/963/851 611/851/777
f 611/851/777 706/963/851 613/853/779
f 701/938/848 641/966/866 703/940/850
f 703/940/850 641/966/866 640/964/865
f 702/967/847 704/965/849 609/849/775
f 609/849/775 704/965/849 611/851/777
f 699/936/846 642/968/867 701/938/848
f 701/938/848 642/968/867 641/966/866
f 700/969/845 702/967/847 607/847/773
f 607/847/773 702/967/847 609/849/775
f 697/934/844 643/970/868 699/936/846
f 699/936/846 643/970/868 642/968/867
f 698/971/843 700/969/845 605/845/771
f 605/845/771 700/969/845 607/847/773
f 695/932/842 644/972/869 697/934/844
f 697/934/844 644/972/869 643/970/868
f 698/971/843 605/845/771 696/973/841
f 696/973/841 605/845/771 603/843/769
f 693/929/840 645/974/870 695/932/842
f 695/932/842 645/974/870 644/972/869
f 696/973/841 603/843/769 694/930/839
f 694/930/839 603/843/769 601/842/768
f 691/926/838 646/975/871 693/929/840
f 693/929/840 646/975/871 645/974/870
f 689/923/836 647/976/872 691/926/838
f 691/926/838 647/976/872 646/975/871
f 648/977/873 647/976/872 687/920/834
f 687/920/834 647/976/872 689/923/836
f 685/917/832 649/978/874 687/920/834
f 687/920/834 649/978/874 648/977/873
f 683/914/830 650/979/875 685/917/832
f 685/917/832 650/979/875 649/978/874
f 681/911/828 651/980/876 683/914/830
f 683/914/830 651/980/876 650/979/875
f 679/909/826 652/981/877 681/911/828
f 681/911/828 652/981/877 651/980/876
f 677/901/823 653/982/878 679/906/826
f 679/906/826 653/982/878 652/983/877
f 675/898/821 654/897/820 677/901/823
f 677/901/823 654/897/820 653/982/878
f 628/871/795 713/952/859 634/984/879
f 634/984/879 713/952/859 635/953/860
f 632/875/799 629/870/794 634/984/879
f 634/984/879 629/870/794 628/871/795
f 627/867/793 630/985/796 521/750/687
f 521/750/687 630/985/796 522/751/688
f 628/871/795 626/869/792 713/952/859
f 713/952/859 626/869/792 625/951/791
f 711/957/857 625/865/791 619/859/785
f 619/859/785 625/865/791 621/861/787
f 580/819/745 579/820/746 583/824/750
f 583/824/750 579/820/746 676/903/822
f 577/816/743 576/815/742 579/899/746
f 579/899/746 576/815/742 674/896/819
f 514/743/680 512/741/678 569/807/734
f 569/807/734 512/741/678 567/986/732
f 512/741/678 510/739/676 567/986/732
f 567/986/732 510/739/676 565/987/730
f 510/739/676 508/737/674 565/987/730
f 565/987/730 508/737/674 563/988/728
f 508/737/674 506/735/672 563/988/728
f 563/988/728 506/735/672 561/989/726
f 506/735/672 504/733/670 561/989/726
f 561/989/726 504/733/670 559/990/724
f 504/733/670 502/731/668 559/990/724
f 559/990/724 502/731/668 557/991/722
f 502/731/668 500/729/666 557/991/722
f 557/991/722 500/729/666 555/992/721
f 500/729/666 498/727/664 555/992/721
f 555/992/721 498/727/664 553/993/718
f 498/727/664 496/725/662 553/993/718
f 553/993/718 496/725/662 551/994/716
f 496/725/662 494/723/660 551/994/716
f 551/994/716 494/723/660 549/995/715
f 492/721/658 547/996/713 494/723/660
f 494/723/660 547/996/713 549/995/715
f 490/719/656 545/997/711 492/721/658
f 492/721/658 545/997/711 547/996/713
f 542/776/709 537/766/701 673/876/800
f 673/876/800 537/766/701 535/768/703
f 488/716/653 543/998/708 490/719/656
f 490/719/656 543/998/708 545/997/711
f 488/716/653 487/717/654 543/998/708
f 543/998/708 487/717/654 539/774/705
f 630/985/796 529/758/695 522/751/688
f 522/751/688 529/758/695 525/754/691
f 623/863/789 521/750/687 624/864/790
f 624/864/790 521/750/687 524/752/689
f 520/748/685 519/749/686 581/821/747
f 581/821/747 519/749/686 578/817/744
f 486/715/652 714/999/880 487/717/654
f 487/717/654 714/999/880 541/772/707
f 714/999/880 483/712/649 541/772/707
f 541/772/707 483/712/649 481/708/647
f 715/1000/881 716/1001/882 718/1002/883
f 718/1002/883 716/1001/882 717/1003/884
f 719/1004/885 715/1000/881 720/1005/886
f 720/1005/886 715/1000/881 718/1002/883
f 721/1006/887 722/1007/888 720/1008/886
f 720/1008/886 722/1007/888 719/1009/885
f 721/1006/887 723/1010/889 722/1007/888
f 722/1007/888 723/1010/889 724/1011/890
f 725/1012/891 726/1013/892 721/1006/887
f 721/1006/887 726/1013/892 723/1010/889
f 727/1014/893 728/1015/894 725/1012/891
f 725/1012/891 728/1015/894 726/1013/892
f 729/1016/895 730/1017/896 727/1014/893
f 727/1014/893 730/1017/896 728/1015/894
f 731/1018/897 732/1019/898 729/1016/895
f 729/1016/895 732/1019/898 730/1017/896
f 731/1020/897 733/1021/899 732/1022/898
f 732/1022/898 733/1021/899 734/1023/900
f 733/1021/899 735/1024/901 734/1023/900
f 734/1023/900 735/1024/901 736/1025/902
f 735/1024/901 737/1026/903 736/1025/902
f 736/1025/902 737/1026/903 738/1027/904
f 737/1026/903 739/1028/905 738/1027/904
f 738/1027/904 739/1028/905 740/1029/906
f 739/1028/905 472/698/637 740/1029/906
f 740/1029/906 472/698/637 474/700/639
f 737/1026/903 741/1030/907 739/1028/905
f 739/1028/905 741/1030/907 742/1031/908
f 741/1032/907 743/1033/909 742/1034/908
f 742/1034/908 743/1033/909 744/1035/910
f 743/1033/909 745/1036/911 744/1035/910
f 744/1035/910 745/1036/911 746/1037/912
f 747/1038/913 748/1039/914 750/1040/915
f 750/1040/915 748/1039/914 749/1041/916
f 751/1042/917 747/1038/913 752/1043/918
f 752/1043/918 747/1038/913 750/1040/915
f 727/1014/893 725/1012/891 752/1044/918
f 752/1044/918 725/1012/891 751/1045/917
f 752/1043/918 750/1040/915 754/1046/919
f 754/1046/919 750/1040/915 753/1047/920
f 754/1048/919 729/1016/895 752/1044/918
f 752/1044/918 729/1016/895 727/1014/893
f 754/1046/919 753/1047/920 756/1049/921
f 756/1049/921 753/1047/920 755/1050/922
f 756/1051/921 731/1018/897 754/1048/919
f 754/1048/919 731/1018/897 729/1016/895
f 756/1049/921 755/1050/922 758/1052/923
f 758/1052/923 755/1050/922 757/1053/924
f 756/1054/921 758/1055/923 731/1020/897
f 731/1020/897 758/1055/923 733/1021/899
f 758/1052/923 757/1053/924 760/1056/925
f 760/1056/925 757/1053/924 759/1057/926
f 758/1055/923 760/1058/925 733/1021/899
f 733/1021/899 760/1058/925 735/1024/901
f 760/1056/925 759/1057/926 741/1032/907
f 741/1032/907 759/1057/926 743/1033/909
f 757/1053/924 761/1059/927 759/1057/926
f 759/1057/926 761/1059/927 762/1060/928
f 759/1057/926 762/1060/928 743/1033/909
f 743/1033/909 762/1060/928 745/1036/911
f 755/1050/922 763/1061/929 757/1053/924
f 757/1053/924 763/1061/929 761/1059/927
f 764/1062/930 763/1061/929 753/1047/920
f 753/1047/920 763/1061/929 755/1050/922
f 750/1040/915 749/1041/916 753/1047/920
f 753/1047/920 749/1041/916 764/1062/930
f 720/1005/886 718/1002/883 751/1042/917
f 751/1042/917 718/1002/883 747/1038/913
f 718/1002/883 717/1003/884 747/1038/913
f 747/1038/913 717/1003/884 748/1039/914
f 744/1035/910 746/1037/912 465/690/631
f 465/690/631 746/1037/912 466/691/632
f 760/1058/925 741/1030/907 735/1024/901
f 735/1024/901 741/1030/907 737/1026/903
f 742/1034/908 744/1035/910 469/694/635
f 469/694/635 744/1035/910 465/690/631
f 742/1031/908 469/696/635 739/1028/905
f 739/1028/905 469/696/635 472/698/637
f 751/1045/917 725/1012/891 720/1008/886
f 720/1008/886 725/1012/891 721/1006/887
f 722/1007/888 724/1011/890 477/702/641
f 477/702/641 724/1011/890 476/703/642
f 719/1009/885 722/1007/888 479/706/645
f 479/706/645 722/1007/888 477/702/641
f 479/711/645 482/709/648 719/1004/885
f 719/1004/885 482/709/648 715/1000/881
f 482/709/648 484/713/650 715/1000/881
f 715/1000/881 484/713/650 716/1001/882
f 467/693/634 466/691/632 765/1063/931
f 765/1063/931 466/691/632 792/1064/931
f 484/713/650 483/712/649 766/1065/931
f 766/1065/931 483/712/649 790/1066/931
f 486/715/652 485/714/651 767/1067/931
f 485/714/651 489/718/655 767/1067/931
f 767/1067/931 489/718/655 768/1068/931
f 489/718/655 491/720/657 768/1068/931
f 491/720/657 493/722/659 768/1068/931
f 768/1068/931 493/722/659 769/1069/931
f 493/722/659 495/724/661 769/1069/931
f 495/724/661 497/726/663 769/1069/931
f 769/1069/931 497/726/663 770/1070/931
f 497/726/663 499/728/665 770/1070/931
f 499/728/665 501/730/667 770/1070/931
f 770/1070/931 501/730/667 771/1071/931
f 501/730/667 503/732/669 771/1071/931
f 503/732/669 505/734/671 771/1071/931
f 771/1071/931 505/734/671 772/1072/931
f 505/734/671 507/736/673 772/1072/931
f 507/736/673 509/738/675 772/1072/931
f 772/1072/931 509/738/675 773/1073/931
f 509/738/675 511/740/677 773/1073/931
f 513/742/679 774/1074/931 511/740/677
f 511/740/677 774/1074/931 773/1073/931
f 513/742/679 516/745/682 774/1074/931
f 774/1074/931 516/745/682 775/1075/931
f 516/745/682 518/746/683 775/1075/931
f 775/1075/931 518/746/683 776/1076/931
f 518/746/683 520/748/685 776/1076/931
f 524/752/689 523/753/690 777/1077/931
f 777/1077/931 523/753/690 778/1078/931
f 523/753/690 526/755/692 778/1078/931
f 526/755/692 528/757/694 778/1078/931
f 778/1078/931 528/757/694 765/1063/931
f 528/757/694 467/693/634 765/1063/931
f 581/821/747 582/822/748 779/1079/931
f 582/822/748 584/823/749 779/1079/931
f 779/1079/931 584/823/749 780/1080/931
f 584/823/749 586/826/752 780/1080/931
f 586/826/752 588/828/754 780/1080/931
f 780/1080/931 588/828/754 781/1081/931
f 588/828/754 590/829/755 781/1081/931
f 590/829/755 592/831/757 781/1081/931
f 781/1081/931 592/831/757 782/1082/931
f 592/831/757 594/833/759 782/1082/931
f 594/833/759 596/835/761 782/1082/931
f 782/1082/931 596/835/761 783/1083/931
f 596/835/761 598/837/763 783/1083/931
f 598/837/763 600/839/765 783/1083/931
f 783/1083/931 600/839/765 784/1084/931
f 600/839/765 602/841/767 784/1084/931
f 602/841/767 604/844/770 784/1084/931
f 784/1084/931 604/844/770 785/1085/931
f 604/844/770 606/846/772 785/1085/931
f 606/846/772 608/848/774 785/1085/931
f 785/1085/931 608/848/774 786/1086/931
f 608/848/774 610/850/776 786/1086/931
f 610/850/776 612/852/778 786/1086/931
f 786/1086/931 612/852/778 787/1087/931
f 612/852/778 614/854/780 787/1087/931
f 614/854/780 616/856/782 787/1087/931
f 787/1087/931 616/856/782 788/1088/931
f 616/856/782 618/858/784 788/1088/931
f 618/858/784 620/860/786 788/1088/931
f 788/1088/931 620/860/786 789/1089/931
f 620/860/786 622/862/788 789/1089/931
f 622/862/788 624/864/790 789/1089/931
f 789/1089/931 624/864/790 777/1077/931
f 624/864/790 524/752/689 777/1077/931
f 520/748/685 581/821/747 776/1076/931
f 776/1076/931 581/821/747 779/1079/931
f 714/999/880 486/715/652 790/1066/931
f 790/1066/931 486/715/652 767/1067/931
f 483/712/649 714/999/880 790/1066/931
f 717/1003/884 716/1001/882 791/1090/931
f 791/1090/931 716/1001/882 766/1065/931
f 746/1037/912 745/1036/911 792/1064/931
f 792/1064/931 745/1036/911 794/1091/931
f 749/1041/916 748/1039/914 793/1092/931
f 793/1092/931 748/1039/914 791/1090/931
f 762/1060/928 761/1059/927 794/1091/931
f 794/1091/931 761/1059/927 795/1093/931
f 745/1036/911 762/1060/928 794/1091/931
f 761/1059/927 763/1061/929 795/1093/931
f 763/1061/929 764/1062/930 795/1093/931
f 795/1093/931 764/1062/930 793/1092/931
f 764/1062/930 749/1041/916 793/1092/931
f 748/1039/914 717/1003/884 791/1090/931
f 466/691/632 746/1037/912 792/1064/931
f 716/1001/882 484/713/650 766/1065/931
f 808/1094/931 809/1095/931 801/1096/932
f 802/1097/933 801/1096/932 809/1095/931
f 801/1096/932 798/1098/934 808/1094/931
f 798/1098/934 805/1099/931 808/1094/931
f 798/1098/934 796/1100/935 805/1099/931
f 796/1100/935 804/1101/931 805/1099/931
f 797/1102/936 803/1103/931 796/1100/935
f 796/1100/935 803/1103/931 804/1101/931
f 797/1102/936 799/1104/937 803/1103/931
f 803/1103/931 799/1104/937 807/1105/931
f 800/1106/938 806/1107/931 799/1104/937
f 799/1104/937 806/1107/931 807/1105/931
f 800/1106/938 802/1097/933 806/1107/931
f 806/1107/931 802/1097/933 809/1095/931
f 793/1092/931 791/1090/931 805/1099/931
f 805/1099/931 791/1090/931 808/1094/931
f 791/1090/931 766/1065/931 808/1094/931
f 766/1065/931 790/1066/931 808/1094/931
f 793/1092/931 805/1099/931 795/1093/931
f 805/1099/931 804/1101/931 795/1093/931
f 795/1093/931 804/1101/931 794/1091/931
f 794/1091/931 804/1101/931 792/1064/931
f 792/1064/931 804/1101/931 765/1063/931
f 765/1063/931 804/1101/931 778/1078/931
f 804/1101/931 803/1103/931 778/1078/931
f 778/1078/931 803/1103/931 777/1077/931
f 777/1077/931 803/1103/931 789/1089/931
f 789/1089/931 803/1103/931 788/1088/931
f 803/1103/931 807/1105/931 788/1088/931
f 788/1088/931 807/1105/931 787/1087/931
f 787/1087/931 807/1105/931 786/1086/931
f 786/1086/931 807/1105/931 785/1085/931
f 785/1085/931 807/1105/931 784/1084/931
f 807/1105/931 806/1107/931 784/1084/931
f 784/1084/931 806/1107/931 783/1083/931
f 783/1083/931 806/1107/931 782/1082/931
f 782/1082/931 806/1107/931 781/1081/931
f 781/1081/931 806/1107/931 780/1080/931
f 780/1080/931 806/1107/931 779/1079/931
f 790/1066/931 767/1067/931 808/1094/931
f 808/1094/931 767/1067/931 809/1095/931
f 767/1067/931 768/1068/931 809/1095/931
f 768/1068/931 769/1069/931 809/1095/931
f 769/1069/931 770/1070/931 809/1095/931
f 770/1070/931 771/1071/931 809/1095/931
f 771/1071/931 772/1072/931 809/1095/931
f 779/1079/931 806/1107/931 776/1076/931
f 772/1072/931 773/1073/931 809/1095/931
f 809/1095/931 773/1073/931 806/1107/931
f 773/1073/931 774/1074/931 806/1107/931
f 774/1074/931 775/1075/931 806/1107/931
f 806/1107/931 775/1075/931 776/1076/931
f 870/1108/939 871/1109/940 988/1110/941
f 988/1110/941 871/1109/940 989/1111/942
f 871/1109/940 870/1108/939 873/1112/943
f 873/1112/943 870/1108/939 872/1113/944
f 873/1112/943 872/1113/944 875/1114/945
f 875/1114/945 872/1113/944 874/1115/946
f 875/1114/945 874/1115/946 877/1116/947
f 877/1116/947 874/1115/946 876/1117/948
f 877/1116/947 876/1117/948 879/1118/949
f 879/1118/949 876/1117/948 878/1119/950
f 879/1120/949 878/1121/950 881/1122/951
f 881/1122/951 878/1121/950 880/1123/952
f 881/1124/951 880/1125/952 883/1126/953
f 883/1126/953 880/1125/952 882/1127/954
f 883/1126/953 882/1127/954 885/1128/955
f 885/1128/955 882/1127/954 884/1129/956
f 885/1128/955 884/1129/956 887/1130/957
f 887/1130/957 884/1129/956 886/1131/958
f 887/1130/957 886/1131/958 889/1132/959
f 889/1132/959 886/1131/958 888/1133/960
f 889/1132/959 888/1133/960 891/1134/961
f 891/1134/961 888/1133/960 890/1135/962
f 891/1134/961 890/1135/962 893/1136/963
f 893/1136/963 890/1135/962 892/1137/964
f 893/1136/963 892/1137/964 895/1138/965
f 895/1138/965 892/1137/964 894/1139/966
f 895/1138/965 894/1139/966 897/1140/967
f 897/1140/967 894/1139/966 896/1141/968
f 897/1140/967 896/1141/968 899/1142/969
f 899/1142/969 896/1141/968 898/1143/970
f 899/1142/969 898/1143/970 901/1144/971
f 901/1144/971 898/1143/970 900/1145/972
f 901/1144/971 900/1145/972 903/1146/973
f 903/1146/973 900/1145/972 902/1147/974
f 903/1146/973 902/1147/974 905/1148/975
f 905/1148/975 902/1147/974 904/1149/976
f 905/1148/975 904/1149/976 907/1150/977
f 907/1150/977 904/1149/976 906/1151/978
f 907/1150/977 906/1151/978 909/1152/979
f 909/1152/979 906/1151/978 908/1153/980
f 909/1154/979 908/1155/980 911/1156/981
f 911/1156/981 908/1155/980 910/1157/982
f 911/1158/981 910/1159/982 913/1160/983
f 913/1160/983 910/1159/982 912/1161/984
f 913/1160/983 912/1161/984 915/1162/985
f 915/1162/985 912/1161/984 914/1163/986
f 915/1162/985 914/1163/986 917/1164/987
f 917/1164/987 914/1163/986 916/1165/988
f 917/1164/987 916/1165/988 919/1166/989
f 919/1166/989 916/1165/988 918/1167/990
f 919/1166/989 918/1167/990 921/1168/991
f 921/1168/991 918/1167/990 920/1169/992
f 921/1168/991 920/1169/992 923/1170/993
f 923/1170/993 920/1169/992 922/1171/994
f 923/1170/993 922/1171/994 925/1172/995
f 925/1172/995 922/1171/994 924/1173/996
f 925/1172/995 924/1173/996 927/1174/997
f 927/1174/997 924/1173/996 926/1175/998
f 927/1174/997 926/1175/998 929/1176/999
f 929/1176/999 926/1175/998 928/1177/1000
f 929/1176/999 928/1177/1000 931/1178/1001
f 931/1178/1001 928/1177/1000 930/1179/1002
f 931/1178/1001 930/1179/1002 933/1180/1003
f 933/1180/1003 930/1179/1002 932/1181/1004
f 933/1180/1003 932/1181/1004 935/1182/1005
f 935/1182/1005 932/1181/1004 934/1183/1006
f 935/1182/1005 934/1183/1006 937/1184/1007
f 937/1184/1007 934/1183/1006 936/1185/1008
f 937/1184/1007 936/1185/1008 939/1186/1009
f 939/1186/1009 936/1185/1008 938/1187/1010
f 939/1188/1009 938/1189/1010 941/1190/1011
f 941/1190/1011 938/1189/1010 940/1191/1012
f 941/1192/1011 940/1193/1012 943/1194/1013
f 943/1194/1013 940/1193/1012 942/1195/1014
f 943/1194/1013 942/1195/1014 945/1196/1015
f 945/1196/1015 942/1195/1014 944/1197/1016
f 945/1196/1015 944/1197/1016 947/1198/1017
f 947/1198/1017 944/1197/1016 946/1199/1018
f 947/1198/1017 946/1199/1018 949/1200/1019
f 949/1200/1019 946/1199/1018 948/1201/1020
f 949/1200/1019 948/1201/1020 951/1202/1021
f 951/1202/1021 948/1201/1020 950/1203/1022
f 951/1202/1021 950/1203/1022 953/1204/1023
f 953/1204/1023 950/1203/1022 952/1205/1024
f 953/1204/1023 952/1205/1024 955/1206/1025
f 955/1206/1025 952/1205/1024 954/1207/1026
f 955/1206/1025 954/1207/1026 957/1208/1027
f 957/1208/1027 954/1207/1026 956/1209/1028
f 957/1208/1027 956/1209/1028 959/1210/1029
f 959/1210/1029 956/1209/1028 958/1211/1030
f 959/1210/1029 958/1211/1030 961/1212/1031
f 961/1212/1031 958/1211/1030 960/1213/1032
f 961/1212/1031 960/1213/1032 963/1214/1033
f 963/1214/1033 960/1213/1032 962/1215/1034
f 963/1214/1033 962/1215/1034 965/1216/1035
f 965/1216/1035 962/1215/1034 964/1217/1036
f 965/1216/1035 964/1217/1036 967/1218/1037
f 967/1218/1037 964/1217/1036 966/1219/1038
f 967/1218/1037 966/1219/1038 969/1220/1039
f 969/1220/1039 966/1219/1038 968/1221/1040
f 969/1222/1039 968/1223/1040 971/1224/1041
f 971/1224/1041 968/1223/1040 970/1225/1042
f 971/1226/1041 970/1227/1042 973/1228/1043
f 973/1228/1043 970/1227/1042 972/1229/1044
f 973/1228/1043 972/1229/1044 975/1230/1045
f 975/1230/1045 972/1229/1044 974/1231/1046
f 975/1230/1045 974/1231/1046 977/1232/1047
f 977/1232/1047 974/1231/1046 976/1233/1048
f 977/1232/1047 976/1233/1048 979/1234/1049
f 979/1234/1049 976/1233/1048 978/1235/1050
f 979/1234/1049 978/1235/1050 981/1236/1051
f 981/1236/1051 978/1235/1050 980/1237/1052
f 981/1236/1051 980/1237/1052 983/1238/1053
f 983/1238/1053 980/1237/1052 982/1239/1054
f 983/1238/1053 982/1239/1054 985/1240/1055
f 985/1240/1055 982/1239/1054 984/1241/1056
f 985/1240/1055 984/1241/1056 987/1242/1057
f 987/1242/1057 984/1241/1056 986/1243/1058
f 987/1242/1057 986/1243/1058 989/1111/942
f 989/1111/942 986/1243/1058 988/1110/941
f 990/1244/1059 991/1245/1060 1109/1246/1061
f 1109/1246/1061 991/1245/1060 1108/1247/1062
f 991/1245/1060 990/1244/1059 992/1248/1063
f 992/1248/1063 990/1244/1059 993/1249/1064
f 992/1248/1063 993/1249/1064 999/1250/1065
f 999/1250/1065 993/1249/1064 998/1251/1066
f 994/1252/1058 995/1253/1067 1005/1254/1068
f 1005/1254/1068 995/1253/1067 1004/1255/1069
f 995/1253/1067 994/1252/1058 996/1256/1070
f 996/1256/1070 994/1252/1058 997/1257/1071
f 996/1256/1070 997/1257/1071 1093/1258/1072
f 1093/1258/1072 997/1257/1071 1092/1259/1073
f 999/1250/1065 998/1251/1066 1000/1260/1074
f 1000/1260/1074 998/1251/1066 1001/1261/1075
f 1000/1260/1074 1001/1261/1075 1007/1262/1076
f 1007/1262/1076 1001/1261/1075 1006/1263/1077
f 1002/1264/1078 1003/1265/1053 1089/1266/1079
f 1089/1266/1079 1003/1265/1053 1088/1267/1080
f 1003/1265/1053 1002/1264/1078 1004/1255/1069
f 1004/1255/1069 1002/1264/1078 1005/1254/1068
f 1007/1262/1076 1006/1263/1077 1008/1268/1081
f 1008/1268/1081 1006/1263/1077 1009/1269/1082
f 1008/1268/1081 1009/1269/1082 1010/1270/1083
f 1010/1270/1083 1009/1269/1082 1011/1271/1084
f 1010/1270/1083 1011/1271/1084 1012/1272/1085
f 1012/1272/1085 1011/1271/1084 1013/1273/1086
f 1012/1272/1085 1013/1273/1086 1014/1274/1087
f 1014/1274/1087 1013/1273/1086 1015/1275/1088
f 1014/1274/1087 1015/1275/1088 1016/1276/979
f 1016/1276/979 1015/1275/1088 1017/1277/1089
f 1016/1278/979 1017/1279/1089 1018/1280/1090
f 1018/1280/1090 1017/1279/1089 1019/1281/982
f 1018/1282/1090 1019/1283/982 1020/1284/1091
f 1020/1284/1091 1019/1283/982 1021/1285/1092
f 1020/1284/1091 1021/1285/1092 1022/1286/1093
f 1022/1286/1093 1021/1285/1092 1023/1287/1094
f 1022/1286/1093 1023/1287/1094 1024/1288/1095
f 1024/1288/1095 1023/1287/1094 1025/1289/1096
f 1024/1288/1095 1025/1289/1096 1026/1290/989
f 1026/1290/989 1025/1289/1096 1027/1291/1097
f 1026/1290/989 1027/1291/1097 1028/1292/1098
f 1028/1292/1098 1027/1291/1097 1029/1293/1099
f 1028/1292/1098 1029/1293/1099 1030/1294/1100
f 1030/1294/1100 1029/1293/1099 1031/1295/1101
f 1030/1294/1100 1031/1295/1101 1032/1296/1102
f 1032/1296/1102 1031/1295/1101 1033/1297/1103
f 1032/1296/1102 1033/1297/1103 1034/1298/1104
f 1034/1298/1104 1033/1297/1103 1035/1299/1105
f 1034/1298/1104 1035/1299/1105 1036/1300/1106
f 1036/1300/1106 1035/1299/1105 1037/1301/1107
f 1036/1300/1106 1037/1301/1107 1038/1302/1108
f 1038/1302/1108 1037/1301/1107 1039/1303/1109
f 1038/1302/1108 1039/1303/1109 1040/1304/1110
f 1040/1304/1110 1039/1303/1109 1041/1305/1111
f 1040/1304/1110 1041/1305/1111 1042/1306/1112
f 1042/1306/1112 1041/1305/1111 1043/1307/1113
f 1042/1306/1112 1043/1307/1113 1044/1308/1114
f 1044/1308/1114 1043/1307/1113 1045/1309/1115
f 1044/1308/1114 1045/1309/1115 1046/1310/1116
f 1046/1310/1116 1045/1309/1115 1047/1311/1117
f 1046/1312/1116 1047/1313/1117 1048/1314/1118
f 1048/1314/1118 1047/1313/1117 1049/1315/1119
f 1048/1316/1118 1049/1317/1119 1050/1318/1120
f 1050/1318/1120 1049/1317/1119 1051/1319/1121
f 1050/1318/1120 1051/1319/1121 1052/1320/1122
f 1052/1320/1122 1051/1319/1121 1053/1321/1123
f 1052/1320/1122 1053/1321/1123 1054/1322/1124
f 1054/1322/1124 1053/1321/1123 1055/1323/1125
f 1054/1322/1124 1055/1323/1125 1056/1324/1126
f 1056/1324/1126 1055/1323/1125 1057/1325/1127
f 1056/1324/1126 1057/1325/1127 1058/1326/1128
f 1058/1326/1128 1057/1325/1127 1059/1327/1129
f 1058/1326/1128 1059/1327/1129 1060/1328/1130
f 1060/1328/1130 1059/1327/1129 1061/1329/1131
f 1060/1328/1130 1061/1329/1131 1062/1330/1132
f 1062/1330/1132 1061/1329/1131 1063/1331/1133
f 1062/1330/1132 1063/1331/1133 1064/1332/1134
f 1064/1332/1134 1063/1331/1133 1065/1333/1135
f 1064/1332/1134 1065/1333/1135 1066/1334/1136
f 1066/1334/1136 1065/1333/1135 1067/1335/1137
f 1066/1334/1136 1067/1335/1137 1068/1336/1138
f 1068/1336/1138 1067/1335/1137 1069/1337/1139
f 1068/1336/1138 1069/1337/1139 1070/1338/1140
f 1070/1338/1140 1069/1337/1139 1071/1339/1141
f 1070/1338/1140 1071/1339/1141 1072/1340/1142
f 1072/1340/1142 1071/1339/1141 1073/1341/1143
f 1072/1340/1142 1073/1341/1143 1074/1342/1144
f 1074/1342/1144 1073/1341/1143 1075/1343/1145
f 1074/1342/1144 1075/1343/1145 1076/1344/1146
f 1076/1344/1146 1075/1343/1145 1077/1345/1147
f 1076/1346/1146 1077/1347/1147 1078/1348/1148
f 1078/1348/1148 1077/1347/1147 1079/1349/1149
f 1078/1350/1148 1079/1351/1149 1080/1352/1150
f 1080/1352/1150 1079/1351/1149 1081/1353/1151
f 1080/1352/1150 1081/1353/1151 1082/1354/1152
f 1082/1354/1152 1081/1353/1151 1083/1355/1153
f 1082/1354/1152 1083/1355/1153 1084/1356/1154
f 1084/1356/1154 1083/1355/1153 1085/1357/1155
f 1084/1356/1154 1085/1357/1155 1086/1358/1156
f 1086/1358/1156 1085/1357/1155 1087/1359/1157
f 1086/1358/1156 1087/1359/1157 1088/1267/1080
f 1088/1267/1080 1087/1359/1157 1089/1266/1079
f 1090/1360/1158 1091/1361/1159 1094/1362/1160
f 1094/1362/1160 1091/1361/1159 1095/1363/1161
f 1091/1361/1159 1090/1360/1158 1092/1259/1073
f 1092/1259/1073 1090/1360/1158 1093/1258/1072
f 1094/1362/1160 1095/1363/1161 1096/1364/1162
f 1096/1364/1162 1095/1363/1161 1097/1365/1163
f 1096/1364/1162 1097/1365/1163 1098/1366/1164
f 1098/1366/1164 1097/1365/1163 1099/1367/1165
f 1098/1368/1164 1099/1369/1165 1100/1370/1166
f 1100/1370/1166 1099/1369/1165 1101/1371/952
f 1100/1372/1166 1101/1373/952 1102/1374/953
f 1102/1374/953 1101/1373/952 1103/1375/1167
f 1102/1374/953 1103/1375/1167 1104/1376/1168
f 1104/1376/1168 1103/1375/1167 1105/1377/1169
f 1104/1376/1168 1105/1377/1169 1106/1378/1170
f 1106/1378/1170 1105/1377/1169 1107/1379/1171
f 1106/1378/1170 1107/1379/1171 1108/1247/1062
f 1108/1247/1062 1107/1379/1171 1109/1246/1061
f 991/1245/1172 992/1248/1173 811/1380/1174
f 811/1380/1174 992/1248/1173 810/1381/1173
f 812/1382/1175 813/1383/1176 996/1256/1177
f 996/1256/1177 813/1383/1176 995/1253/1176
f 999/1250/75 1000/1260/1178 815/1384/75
f 815/1384/75 1000/1260/1178 814/1385/1179
f 810/1381/1173 992/1248/1173 815/1384/75
f 815/1384/75 992/1248/1173 999/1250/75
f 1003/1265/1180 1004/1255/128 817/1386/1181
f 817/1386/1181 1004/1255/128 816/1387/128
f 995/1253/1176 813/1383/1176 1004/1255/128
f 1004/1255/128 813/1383/1176 816/1387/128
f 1007/1262/1182 1008/1268/1183 819/1388/1184
f 819/1388/1184 1008/1268/1183 818/1389/1185
f 1008/1268/1183 1010/1270/1186 818/1389/1185
f 818/1389/1185 1010/1270/1186 820/1390/1187
f 1010/1270/1186 1012/1272/1188 820/1390/1187
f 820/1390/1187 1012/1272/1188 821/1391/1189
f 1012/1272/1188 1014/1274/1190 821/1391/1189
f 821/1391/1189 1014/1274/1190 822/1392/1191
f 1014/1274/1190 1016/1276/1192 822/1392/1191
f 822/1392/1191 1016/1276/1192 823/1393/1193
f 1016/1276/1192 1018/1394/1194 823/1393/1193
f 823/1393/1193 1018/1394/1194 824/1395/1195
f 1018/1282/1194 1020/1284/1196 824/1396/1195
f 824/1396/1195 1020/1284/1196 825/1397/1197
f 1020/1284/1196 1022/1286/1198 825/1397/1197
f 825/1397/1197 1022/1286/1198 826/1398/1199
f 1022/1286/1198 1024/1288/1200 826/1398/1199
f 826/1398/1199 1024/1288/1200 827/1399/1201
f 1024/1288/1200 1026/1290/1202 827/1399/1201
f 827/1399/1201 1026/1290/1202 828/1400/1203
f 1026/1290/1202 1028/1292/1204 828/1400/1203
f 828/1400/1203 1028/1292/1204 829/1401/1205
f 1028/1292/1204 1030/1294/1206 829/1401/1205
f 829/1401/1205 1030/1294/1206 830/1402/1206
f 1032/1296/1207 831/1403/1207 1030/1294/1206
f 1030/1294/1206 831/1403/1207 830/1402/1206
f 1032/1296/1207 1034/1298/1208 831/1403/1207
f 831/1403/1207 1034/1298/1208 832/1404/1208
f 1036/1300/1209 833/1405/1209 1034/1298/1208
f 1034/1298/1208 833/1405/1209 832/1404/1208
f 834/1406/1210 833/1405/1209 1038/1302/1210
f 1038/1302/1210 833/1405/1209 1036/1300/1209
f 1040/1304/1211 835/1407/1212 1038/1302/1210
f 1038/1302/1210 835/1407/1212 834/1406/1210
f 1042/1306/1213 836/1408/1214 1040/1304/1211
f 1040/1304/1211 836/1408/1214 835/1407/1212
f 1044/1308/1215 837/1409/1216 1042/1306/1213
f 1042/1306/1213 837/1409/1216 836/1408/1214
f 1046/1310/1217 838/1410/1218 1044/1308/1215
f 1044/1308/1215 838/1410/1218 837/1409/1216
f 1048/1316/1219 839/1411/1220 1046/1412/1217
f 1046/1412/1217 839/1411/1220 838/1413/1218
f 1050/1318/1221 840/1414/1222 1048/1316/1219
f 1048/1316/1219 840/1414/1222 839/1411/1220
f 1052/1320/1223 841/1415/1224 1050/1318/1221
f 1050/1318/1221 841/1415/1224 840/1414/1222
f 1054/1322/1225 842/1416/1226 1052/1320/1223
f 1052/1320/1223 842/1416/1226 841/1415/1224
f 1056/1324/1227 843/1417/1228 1054/1322/1225
f 1054/1322/1225 843/1417/1228 842/1416/1226
f 1058/1326/1229 844/1418/1230 1056/1324/1227
f 1056/1324/1227 844/1418/1230 843/1417/1228
f 1060/1328/1231 845/1419/1232 1058/1326/1229
f 1058/1326/1229 845/1419/1232 844/1418/1230
f 1062/1330/340 846/1420/340 1060/1328/1231
f 1060/1328/1231 846/1420/340 845/1419/1232
f 847/1421/1233 846/1420/340 1064/1332/1234
f 1064/1332/1234 846/1420/340 1062/1330/340
f 848/1422/1235 847/1421/1233 1066/1334/1236
f 1066/1334/1236 847/1421/1233 1064/1332/1234
f 849/1423/1237 848/1422/1235 1068/1336/1238
f 1068/1336/1238 848/1422/1235 1066/1334/1236
f 850/1424/1239 849/1423/1237 1070/1338/1240
f 1070/1338/1240 849/1423/1237 1068/1336/1238
f 851/1425/1241 850/1424/1239 1072/1340/1242
f 1072/1340/1242 850/1424/1239 1070/1338/1240
f 852/1426/1243 851/1425/1241 1074/1342/1244
f 1074/1342/1244 851/1425/1241 1072/1340/1242
f 853/1427/1245 852/1426/1243 1076/1344/1246
f 1076/1344/1246 852/1426/1243 1074/1342/1244
f 1076/1344/1246 1078/1428/1247 853/1427/1245
f 853/1427/1245 1078/1428/1247 854/1429/1248
f 1078/1350/1247 1080/1352/1249 854/1430/1248
f 854/1430/1248 1080/1352/1249 855/1431/1250
f 1080/1352/1249 1082/1354/1251 855/1431/1250
f 855/1431/1250 1082/1354/1251 856/1432/1252
f 1082/1354/1251 1084/1356/1253 856/1432/1252
f 856/1432/1252 1084/1356/1253 857/1433/1254
f 1084/1356/1253 1086/1358/1255 857/1433/1254
f 857/1433/1254 1086/1358/1255 858/1434/1256
f 1086/1358/1255 1088/1267/1257 858/1434/1256
f 858/1434/1256 1088/1267/1257 859/1435/1258
f 1088/1267/1257 1003/1265/1180 859/1435/1258
f 859/1435/1258 1003/1265/1180 817/1386/1181
f 1000/1260/1178 1007/1262/1182 814/1385/1179
f 814/1385/1179 1007/1262/1182 819/1388/1184
f 1090/1360/1259 860/1436/1260 1093/1258/1261
f 1093/1258/1261 860/1436/1260 861/1437/1261
f 1094/1362/1262 862/1438/1263 1090/1360/1259
f 1090/1360/1259 862/1438/1263 860/1436/1260
f 1096/1364/1264 863/1439/1265 1094/1362/1262
f 1094/1362/1262 863/1439/1265 862/1438/1263
f 1098/1366/1266 864/1440/1267 1096/1364/1264
f 1096/1364/1264 864/1440/1267 863/1439/1265
f 1100/1441/1268 865/1442/1268 1098/1366/1266
f 1098/1366/1266 865/1442/1268 864/1440/1267
f 1100/1372/1268 1102/1374/1269 865/1443/1268
f 865/1443/1268 1102/1374/1269 866/1444/1270
f 1102/1374/1269 1104/1376/1271 866/1444/1270
f 866/1444/1270 1104/1376/1271 867/1445/1272
f 1104/1376/1271 1106/1378/1273 867/1445/1272
f 867/1445/1272 1106/1378/1273 868/1446/1274
f 1106/1378/1273 1108/1247/1275 868/1446/1274
f 868/1446/1274 1108/1247/1275 869/1447/1276
f 996/1256/1177 1093/1258/1261 812/1382/1175
f 812/1382/1175 1093/1258/1261 861/1437/1261
f 1108/1247/1275 991/1245/1172 869/1447/1276
f 869/1447/1276 991/1245/1172 811/1380/1174
f 723/1010/889 872/1113/1260 724/1011/890
f 724/1011/890 872/1113/1260 870/1108/1277
f 726/1013/892 874/1115/1278 723/1010/889
f 723/1010/889 874/1115/1278 872/1113/1260
f 728/1015/894 876/1117/1279 726/1013/892
f 726/1013/892 876/1117/1279 874/1115/1278
f 730/1017/896 878/1119/1267 728/1015/894
f 728/1015/894 878/1119/1267 876/1117/1279
f 732/1019/898 880/1448/1280 730/1017/896
f 730/1017/896 880/1448/1280 878/1119/1267
f 732/1022/898 734/1023/900 880/1125/1280
f 880/1125/1280 734/1023/900 882/1127/1270
f 734/1023/900 736/1025/902 882/1127/1270
f 882/1127/1270 736/1025/902 884/1129/1281
f 736/1025/902 738/1027/904 884/1129/1281
f 884/1129/1281 738/1027/904 886/1131/1282
f 738/1027/904 740/1029/906 886/1131/1282
f 886/1131/1282 740/1029/906 888/1133/1283
f 740/1029/906 474/700/639 888/1133/1283
f 888/1133/1283 474/700/639 890/1135/1284
f 474/700/639 473/701/640 890/1135/1284
f 890/1135/1284 473/701/640 892/1137/1285
f 894/1139/1286 892/1137/1285 534/765/700
f 534/765/700 892/1137/1285 473/701/640
f 534/765/700 533/764/699 894/1139/1286
f 894/1139/1286 533/764/699 896/1141/1179
f 533/764/699 633/874/798 896/1141/1179
f 896/1141/1179 633/874/798 898/1143/1287
f 633/874/798 632/875/799 898/1143/1287
f 898/1143/1287 632/875/799 900/1145/1288
f 632/875/799 634/984/879 900/1145/1288
f 900/1145/1288 634/984/879 902/1147/1289
f 634/984/879 635/953/860 902/1147/1289
f 902/1147/1289 635/953/860 904/1149/1290
f 635/953/860 636/954/861 904/1149/1290
f 904/1149/1290 636/954/861 906/1151/1291
f 636/954/861 637/955/862 906/1151/1291
f 906/1151/1291 637/955/862 908/1153/1292
f 637/955/862 638/959/863 908/1153/1292
f 908/1153/1292 638/959/863 910/1449/1195
f 638/962/863 639/961/864 910/1159/1195
f 910/1159/1195 639/961/864 912/1161/1293
f 639/961/864 640/964/865 912/1161/1293
f 912/1161/1293 640/964/865 914/1163/1199
f 640/964/865 641/966/866 914/1163/1199
f 914/1163/1199 641/966/866 916/1165/1201
f 641/966/866 642/968/867 916/1165/1201
f 916/1165/1201 642/968/867 918/1167/1294
f 642/968/867 643/970/868 918/1167/1294
f 918/1167/1294 643/970/868 920/1169/1295
f 643/970/868 644/972/869 920/1169/1295
f 920/1169/1295 644/972/869 922/1171/1206
f 645/974/870 924/1173/1296 644/972/869
f 644/972/869 924/1173/1296 922/1171/1206
f 645/974/870 646/975/871 924/1173/1296
f 924/1173/1296 646/975/871 926/1175/1208
f 647/976/872 928/1177/1297 646/975/871
f 646/975/871 928/1177/1297 926/1175/1208
f 930/1179/1298 928/1177/1297 648/977/873
f 648/977/873 928/1177/1297 647/976/872
f 649/978/874 932/1181/1299 648/977/873
f 648/977/873 932/1181/1299 930/1179/1298
f 650/979/875 934/1183/1300 649/978/874
f 649/978/874 934/1183/1300 932/1181/1299
f 651/980/876 936/1185/1301 650/979/875
f 650/979/875 936/1185/1301 934/1183/1300
f 652/981/877 938/1187/1302 651/980/876
f 651/980/876 938/1187/1302 936/1185/1301
f 653/982/878 940/1193/1303 652/983/877
f 652/983/877 940/1193/1303 938/1450/1302
f 654/897/820 942/1195/1304 653/982/878
f 653/982/878 942/1195/1304 940/1193/1303
f 655/895/818 944/1197/1305 654/897/820
f 654/897/820 944/1197/1305 942/1195/1304
f 656/894/817 946/1199/1306 655/895/818
f 655/895/818 946/1199/1306 944/1197/1305
f 657/893/816 948/1201/1307 656/894/817
f 656/894/817 948/1201/1307 946/1199/1306
f 658/892/815 950/1203/1308 657/893/816
f 657/893/816 950/1203/1308 948/1201/1307
f 659/891/814 952/1205/1309 658/892/815
f 658/892/815 952/1205/1309 950/1203/1308
f 660/890/813 954/1207/340 659/891/814
f 659/891/814 954/1207/340 952/1205/1309
f 956/1209/1310 954/1207/340 661/889/812
f 661/889/812 954/1207/340 660/890/813
f 958/1211/1311 956/1209/1310 662/888/811
f 662/888/811 956/1209/1310 661/889/812
f 960/1213/1312 958/1211/1311 663/887/810
f 663/887/810 958/1211/1311 662/888/811
f 962/1215/1239 960/1213/1312 664/886/809
f 664/886/809 960/1213/1312 663/887/810
f 964/1217/1313 962/1215/1239 665/885/808
f 665/885/808 962/1215/1239 664/886/809
f 966/1219/1314 964/1217/1313 666/884/807
f 666/884/807 964/1217/1313 665/885/808
f 968/1221/1315 966/1219/1314 667/882/806
f 667/882/806 966/1219/1314 666/884/807
f 667/882/806 668/883/805 968/1221/1315
f 968/1221/1315 668/883/805 970/1451/1248
f 668/881/805 669/880/804 970/1227/1248
f 970/1227/1248 669/880/804 972/1229/1316
f 669/880/804 670/879/803 972/1229/1316
f 972/1229/1316 670/879/803 974/1231/1317
f 670/879/803 671/878/802 974/1231/1317
f 974/1231/1317 671/878/802 976/1233/1318
f 671/878/802 672/877/801 976/1233/1318
f 976/1233/1318 672/877/801 978/1235/1256
f 672/877/801 673/876/800 978/1235/1256
f 978/1235/1256 673/876/800 980/1237/1319
f 673/876/800 535/768/703 980/1237/1319
f 980/1237/1319 535/768/703 982/1239/1320
f 535/768/703 536/769/704 982/1239/1320
f 982/1239/1320 536/769/704 984/1241/128
f 475/705/644 986/1243/1321 536/769/704
f 536/769/704 986/1243/1321 984/1241/128
f 988/1110/1322 986/1243/1321 476/703/642
f 476/703/642 986/1243/1321 475/705/644
f 724/1011/890 870/1108/1277 476/703/642
f 476/703/642 870/1108/1277 988/1110/1322
f 891/1452/1323 893/1453/1324 990/1454/1325
f 990/1454/1325 893/1453/1324 993/1455/1326
f 987/1456/1327 989/1457/1328 994/1458/1329
f 994/1458/1329 989/1457/1328 997/1459/1330
f 895/1460/1331 897/1461/1332 998/1462/1333
f 998/1462/1333 897/1461/1332 1001/1463/1334
f 893/1453/1324 895/1460/1331 993/1455/1326
f 993/1455/1326 895/1460/1331 998/1462/1333
f 983/1464/1335 985/1465/1336 1002/1466/1337
f 1002/1466/1337 985/1465/1336 1005/1467/1338
f 985/1465/1336 987/1456/1327 1005/1467/1338
f 1005/1467/1338 987/1456/1327 994/1458/1329
f 899/1468/1339 901/1469/1340 1006/1470/1341
f 1006/1470/1341 901/1469/1340 1009/1471/1342
f 901/1469/1340 903/1472/1343 1009/1471/1342
f 1009/1471/1342 903/1472/1343 1011/1473/1344
f 903/1472/1343 905/1474/1345 1011/1473/1344
f 1011/1473/1344 905/1474/1345 1013/1475/1346
f 905/1474/1345 907/1476/1347 1013/1475/1346
f 1013/1475/1346 907/1476/1347 1015/1477/1348
f 907/1476/1347 909/1154/1349 1015/1477/1348
f 1015/1477/1348 909/1154/1349 1017/1279/1350
f 909/1154/1349 911/1156/1351 1017/1279/1350
f 1017/1279/1350 911/1156/1351 1019/1281/1352
f 911/1156/1351 913/1478/1353 1019/1281/1352
f 1019/1281/1352 913/1478/1353 1021/1479/1354
f 913/1478/1353 915/1480/1355 1021/1479/1354
f 1021/1479/1354 915/1480/1355 1023/1481/1356
f 915/1480/1355 917/1482/1357 1023/1481/1356
f 1023/1481/1356 917/1482/1357 1025/1483/1358
f 917/1482/1357 919/1484/1359 1025/1483/1358
f 1025/1483/1358 919/1484/1359 1027/1485/1360
f 919/1484/1359 921/1486/1361 1027/1485/1360
f 1027/1485/1360 921/1486/1361 1029/1487/1362
f 921/1486/1361 923/1488/1363 1029/1487/1362
f 1029/1487/1362 923/1488/1363 1031/1489/1364
f 923/1488/1363 925/1490/1365 1031/1489/1364
f 1031/1489/1364 925/1490/1365 1033/1491/1366
f 925/1490/1365 927/1492/1367 1033/1491/1366
f 1033/1491/1366 927/1492/1367 1035/1493/1368
f 927/1492/1367 929/1494/1369 1035/1493/1368
f 1035/1493/1368 929/1494/1369 1037/1495/1370
f 929/1494/1369 931/1496/1371 1037/1495/1370
f 1037/1495/1370 931/1496/1371 1039/1497/1372
f 931/1496/1371 933/1498/1373 1039/1497/1372
f 1039/1497/1372 933/1498/1373 1041/1499/1374
f 933/1498/1373 935/1500/1375 1041/1499/1374
f 1041/1499/1374 935/1500/1375 1043/1501/1376
f 935/1500/1375 937/1502/1377 1043/1501/1376
f 1043/1501/1376 937/1502/1377 1045/1503/1378
f 937/1502/1377 939/1188/1379 1045/1503/1378
f 1045/1503/1378 939/1188/1379 1047/1313/1380
f 939/1188/1379 941/1190/1381 1047/1313/1380
f 1047/1313/1380 941/1190/1381 1049/1315/1382
f 941/1190/1381 943/1504/1383 1049/1315/1382
f 1049/1315/1382 943/1504/1383 1051/1505/1384
f 943/1504/1383 945/1506/1385 1051/1505/1384
f 1051/1505/1384 945/1506/1385 1053/1507/1386
f 945/1506/1385 947/1508/1387 1053/1507/1386
f 1053/1507/1386 947/1508/1387 1055/1509/1388
f 947/1508/1387 949/1510/1389 1055/1509/1388
f 1055/1509/1388 949/1510/1389 1057/1511/1390
f 949/1510/1389 951/1512/1391 1057/1511/1390
f 1057/1511/1390 951/1512/1391 1059/1513/1392
f 951/1512/1391 953/1514/1393 1059/1513/1392
f 1059/1513/1392 953/1514/1393 1061/1515/1394
f 953/1514/1393 955/1516/1395 1061/1515/1394
f 1061/1515/1394 955/1516/1395 1063/1517/1396
f 955/1516/1395 957/1518/1397 1063/1517/1396
f 1063/1517/1396 957/1518/1397 1065/1519/1398
f 957/1518/1397 959/1520/1399 1065/1519/1398
f 1065/1519/1398 959/1520/1399 1067/1521/1400
f 959/1520/1399 961/1522/1401 1067/1521/1400
f 1067/1521/1400 961/1522/1401 1069/1523/1402
f 961/1522/1401 963/1524/1403 1069/1523/1402
f 1069/1523/1402 963/1524/1403 1071/1525/1404
f 963/1524/1403 965/1526/1405 1071/1525/1404
f 1071/1525/1404 965/1526/1405 1073/1527/1406
f 965/1526/1405 967/1528/1407 1073/1527/1406
f 1073/1527/1406 967/1528/1407 1075/1529/1408
f 967/1528/1407 969/1222/1409 1075/1529/1408
f 1075/1529/1408 969/1222/1409 1077/1347/1410
f 969/1222/1409 971/1224/1411 1077/1347/1410
f 1077/1347/1410 971/1224/1411 1079/1349/1412
f 971/1224/1411 973/1530/1413 1079/1349/1412
f 1079/1349/1412 973/1530/1413 1081/1531/1414
f 973/1530/1413 975/1532/1415 1081/1531/1414
f 1081/1531/1414 975/1532/1415 1083/1533/1416
f 975/1532/1415 977/1534/1417 1083/1533/1416
f 1083/1533/1416 977/1534/1417 1085/1535/1418
f 977/1534/1417 979/1536/1419 1085/1535/1418
f 1085/1535/1418 979/1536/1419 1087/1537/1420
f 979/1536/1419 981/1538/1421 1087/1537/1420
f 1087/1537/1420 981/1538/1421 1089/1539/1422
f 981/1538/1421 983/1464/1335 1089/1539/1422
f 1089/1539/1422 983/1464/1335 1002/1466/1337
f 897/1461/1332 899/1468/1339 1001/1463/1334
f 1001/1463/1334 899/1468/1339 1006/1470/1341
f 871/1540/1423 873/1541/1424 1092/1542/1425
f 1092/1542/1425 873/1541/1424 1091/1543/1426
f 873/1541/1424 875/1544/1427 1091/1543/1426
f 1091/1543/1426 875/1544/1427 1095/1545/1428
f 875/1544/1427 877/1546/1429 1095/1545/1428
f 1095/1545/1428 877/1546/1429 1097/1547/1430
f 877/1546/1429 879/1120/1431 1097/1547/1430
f 1097/1547/1430 879/1120/1431 1099/1369/1432
f 879/1120/1431 881/1122/1433 1099/1369/1432
f 1099/1369/1432 881/1122/1433 1101/1371/1434
f 881/1122/1433 883/1548/1435 1101/1371/1434
f 1101/1371/1434 883/1548/1435 1103/1549/1436
f 883/1548/1435 885/1550/1437 1103/1549/1436
f 1103/1549/1436 885/1550/1437 1105/1551/1438
f 885/1550/1437 887/1552/1439 1105/1551/1438
f 1105/1551/1438 887/1552/1439 1107/1553/1440
f 887/1552/1439 889/1554/1441 1107/1553/1440
f 1107/1553/1440 889/1554/1441 1109/1555/1442
f 989/1457/1328 871/1540/1423 997/1459/1330
f 997/1459/1330 871/1540/1423 1092/1542/1425
f 889/1554/1441 891/1452/1323 1109/1555/1442
f 1109/1555/1442 891/1452/1323 990/1454/1325
f 1110/1556/1443 1111/1557/1444 1112/1558/1445
f 1110/1556/1443 1113/1559/1446 1111/1557/1444
f 1113/1559/1446 802/1097/933 1111/1557/1444
f 1113/1559/1446 1114/1560/1447 802/1097/933
f 1115/1561/1448 1112/1558/1445 1116/1562/1449
f 1116/1562/1449 1112/1558/1445 1111/1557/1444
f 1117/1563/1450 1118/1564/1451 1120/1565/1452
f 1120/1565/1452 1118/1564/1451 1119/1566/1453
f 1119/1567/1453 1118/1568/1451 1122/1569/1454
f 1122/1569/1454 1118/1568/1451 1121/1570/1455
f 1123/1571/1456 1124/1572/1457 1126/1573/1458
f 1126/1573/1458 1124/1572/1457 1125/1574/1459
f 1124/1572/1457 1127/1575/1460 1125/1574/1459
f 1125/1574/1459 1127/1575/1460 1128/1576/1461
f 1127/1575/1460 1129/1577/1462 1128/1576/1461
f 1128/1576/1461 1129/1577/1462 1130/1578/1463
f 1129/1577/1462 1131/1579/1464 1130/1578/1463
f 1130/1578/1463 1131/1579/1464 1132/1580/1465
f 1131/1581/1464 1133/1582/1466 1132/1583/1465
f 1132/1583/1465 1133/1582/1466 1134/1584/1467
f 1133/1582/1466 1112/1558/1445 1134/1584/1467
f 1134/1584/1467 1112/1558/1445 1115/1561/1448
f 1135/1585/1468 1136/1586/1469 1131/1581/1464
f 1131/1581/1464 1136/1586/1469 1133/1582/1466
f 1133/1582/1466 1136/1586/1469 1110/1556/1443
f 1136/1586/1469 1137/1587/1470 1110/1556/1443
f 1136/1586/1469 1138/1588/1471 1137/1587/1470
f 1138/1588/1471 1139/1589/1472 1137/1587/1470
f 1138/1588/1471 1140/1590/1473 1139/1589/1472
f 1140/1590/1473 1141/1591/1474 1139/1589/1472
f 1141/1591/1474 1142/1592/1475 1139/1589/1472
f 1139/1589/1472 1142/1592/1475 1143/1593/1476
f 1142/1592/1475 1144/1594/1477 1143/1593/1476
f 1144/1594/1477 1145/1595/1478 1143/1593/1476
f 1143/1593/1476 1145/1595/1478 1146/1596/1479
f 1147/1597/1480 1148/1598/1481 1114/1560/1447
f 1152/1599/1482 1153/1600/1483 1613/1601/1484
f 1613/1601/1484 1153/1600/1483 1612/1602/1485
f 1156/1603/1486 1153/1600/1483 1152/1599/1482
f 1157/1604/1487 1153/1600/1483 1156/1603/1486
f 1157/1604/1487 800/1106/938 1153/1600/1483
f 1158/1605/1488 1157/1604/1487 1156/1603/1486
f 1158/1605/1488 1156/1603/1486 1159/1606/1489
f 1160/1607/1490 1158/1605/1488 1159/1606/1489
f 1160/1607/1490 1159/1606/1489 1161/1608/1491
f 1162/1609/1492 1160/1607/1490 1161/1608/1491
f 1163/1610/1493 1160/1607/1490 1162/1609/1492
f 1163/1610/1493 1132/1583/1465 1160/1607/1490
f 1160/1607/1490 1132/1583/1465 1134/1584/1467
f 1163/1611/1493 1164/1612/1494 1132/1580/1465
f 1132/1580/1465 1164/1612/1494 1130/1578/1463
f 1130/1578/1463 1164/1612/1494 1165/1613/1495
f 1130/1578/1463 1165/1613/1495 1128/1576/1461
f 1128/1576/1461 1165/1613/1495 1125/1574/1459
f 1125/1574/1459 1165/1613/1495 1166/1614/1496
f 1125/1574/1459 1166/1614/1496 1126/1573/1458
f 1126/1573/1458 1166/1614/1496 1167/1615/1497
f 1126/1573/1458 1167/1615/1497 1169/1616/1498
f 1169/1616/1498 1167/1615/1497 1168/1617/1499
f 1169/1616/1498 1168/1617/1499 1170/1618/1500
f 1170/1618/1500 1168/1617/1499 1171/1619/1501
f 1170/1618/1500 1171/1619/1501 1122/1569/1454
f 1122/1569/1454 1171/1619/1501 1172/1620/1502
f 1122/1569/1454 1172/1620/1502 1119/1567/1453
f 1119/1567/1453 1172/1620/1502 1173/1621/1503
f 1120/1565/1452 1119/1566/1453 1173/1622/1503
f 1120/1565/1452 1173/1622/1503 1174/1623/1504
f 1175/1624/1505 1120/1565/1452 1174/1623/1504
f 1175/1624/1505 1174/1623/1504 1176/1625/1506
f 1175/1624/1505 1176/1625/1506 1177/1626/1507
f 1177/1626/1507 1176/1625/1506 1178/1627/1508
f 1179/1628/1509 1180/1629/1510 1181/1630/1511
f 1179/1628/1509 1181/1630/1511 1182/1631/1512
f 1179/1628/1509 1182/1631/1512 1183/1632/1513
f 1183/1632/1513 1182/1631/1512 1184/1633/1514
f 1182/1631/1512 1181/1630/1511 1185/1634/1515
f 1182/1631/1512 1185/1634/1515 1186/1635/1516
f 1184/1633/1514 1182/1631/1512 1186/1635/1516
f 1184/1633/1514 1186/1635/1516 1117/1563/1450
f 1117/1563/1450 1186/1635/1516 1187/1636/1517
f 1186/1635/1516 1188/1637/1518 1187/1636/1517
f 1188/1638/1518 1189/1639/1519 1187/1640/1517
f 1189/1639/1519 1190/1641/1520 1187/1640/1517
f 1187/1640/1517 1190/1641/1520 1118/1568/1451
f 1189/1639/1519 1191/1642/1521 1190/1641/1520
f 1191/1642/1521 1192/1643/1522 1190/1641/1520
f 1190/1641/1520 1192/1643/1522 1121/1570/1455
f 1191/1642/1521 1193/1644/1523 1192/1643/1522
f 1193/1644/1523 1194/1645/1524 1192/1643/1522
f 1192/1643/1522 1194/1645/1524 1195/1646/1525
f 1196/1647/1526 1197/1648/1527 1193/1644/1523
f 1193/1644/1523 1197/1648/1527 1194/1645/1524
f 1198/1649/1528 1197/1648/1527 1196/1647/1526
f 1198/1649/1528 1199/1650/1529 1197/1648/1527
f 1199/1650/1529 1123/1571/1456 1197/1648/1527
f 1198/1649/1528 1200/1651/1530 1199/1650/1529
f 1198/1649/1528 1201/1652/1531 1200/1651/1530
f 1201/1652/1531 1202/1653/1532 1200/1651/1530
f 1201/1652/1531 1203/1654/1533 1202/1653/1532
f 1203/1654/1533 1204/1655/1534 1202/1653/1532
f 1204/1655/1534 1135/1656/1468 1202/1653/1532
f 1135/1656/1468 1131/1579/1464 1202/1653/1532
f 1202/1653/1532 1131/1579/1464 1129/1577/1462
f 1205/1657/1535 1204/1655/1534 1203/1654/1533
f 1206/1658/1536 1205/1657/1535 1203/1654/1533
f 1207/1659/1537 1205/1657/1535 1206/1658/1536
f 1208/1660/1538 1207/1659/1537 1206/1658/1536
f 1208/1661/1538 1209/1662/1539 1207/1663/1537
f 1209/1662/1539 1141/1664/1474 1207/1663/1537
f 1209/1662/1539 1210/1665/1540 1141/1664/1474
f 1211/1666/1541 1210/1665/1540 1209/1662/1539
f 1211/1666/1541 1212/1667/1542 1210/1665/1540
f 1212/1667/1542 1213/1668/1543 1210/1665/1540
f 1212/1667/1542 1214/1669/1544 1213/1668/1543
f 1214/1669/1544 1215/1670/1545 1213/1668/1543
f 1216/1671/1546 1215/1670/1545 1214/1669/1544
f 1218/1672/1547 1219/1673/1548 1217/1674/1549
f 1217/1674/1549 1219/1673/1548 1220/1675/1550
f 1220/1675/1550 1219/1673/1548 1221/1676/1551
f 1222/1677/1552 1220/1675/1550 1221/1676/1551
f 1222/1677/1552 1221/1676/1551 1223/1678/1553
f 1223/1678/1553 1221/1676/1551 1224/1679/1554
f 1223/1678/1553 1224/1679/1554 798/1098/934
f 798/1098/934 1224/1679/1554 1225/1680/1555
f 798/1098/934 1225/1680/1555 796/1100/935
f 1225/1680/1555 1226/1681/1556 796/1100/935
f 1226/1681/1556 797/1102/936 796/1100/935
f 1228/1682/1557 1227/1683/1558 1151/1684/1559
f 1151/1684/1559 1227/1683/1558 1150/1685/1560
f 1227/1686/1558 1229/1687/1561 1150/1688/1560
f 1150/1688/1560 1229/1687/1561 1149/1689/1562
f 1231/1690/1563 1232/1691/1564 1230/1692/1565
f 1230/1692/1565 1232/1691/1564 1233/1693/1566
f 1231/1690/1563 1234/1694/1567 1232/1691/1564
f 1231/1690/1563 1235/1695/1568 1234/1694/1567
f 1235/1695/1568 1236/1696/1569 1234/1694/1567
f 1235/1695/1568 1237/1697/1570 1236/1696/1569
f 1237/1698/1570 1238/1699/1571 1236/1700/1569
f 1239/1701/1572 1238/1699/1571 1237/1698/1570
f 1239/1701/1572 1240/1702/1573 1238/1699/1571
f 1241/1703/1574 1240/1702/1573 1239/1701/1572
f 1242/1704/1575 1243/1705/1576 1241/1703/1574
f 1241/1703/1574 1243/1705/1576 1240/1702/1573
f 1244/1706/1577 1245/1707/1578 1247/1708/1579
f 1247/1708/1579 1245/1707/1578 1246/1709/1580
f 1248/1710/1581 1244/1706/1577 1247/1708/1579
f 1248/1710/1581 1247/1708/1579 1249/1711/1582
f 1250/1712/1583 1248/1710/1581 1249/1711/1582
f 1250/1712/1583 1249/1711/1582 1251/1713/1584
f 1252/1714/1585 1250/1712/1583 1251/1713/1584
f 1252/1714/1585 1251/1713/1584 1253/1715/1586
f 1254/1716/1587 1252/1717/1585 1253/1718/1586
f 1254/1716/1587 1253/1718/1586 1255/1719/1588
f 1256/1720/1589 1254/1716/1587 1255/1719/1588
f 1256/1720/1589 1255/1719/1588 1257/1721/1590
f 1258/1722/1591 1256/1720/1589 1257/1721/1590
f 1258/1722/1591 1257/1721/1590 1259/1723/1592
f 1259/1723/1592 1257/1721/1590 1260/1724/1593
f 1261/1725/1594 1256/1720/1589 1258/1722/1591
f 1261/1725/1594 1262/1726/1595 1256/1720/1589
f 1233/1693/1566 1232/1691/1564 1261/1725/1594
f 1261/1725/1594 1232/1691/1564 1262/1726/1595
f 1257/1721/1590 1255/1719/1588 1149/1689/1562
f 1262/1726/1595 1254/1716/1587 1256/1720/1589
f 1262/1726/1595 1263/1727/1596 1254/1716/1587
f 1232/1691/1564 1263/1727/1596 1262/1726/1595
f 1255/1719/1588 1253/1718/1586 1150/1688/1560
f 1263/1727/1596 1252/1717/1585 1254/1716/1587
f 1263/1727/1596 1264/1728/1597 1252/1717/1585
f 1234/1694/1567 1264/1728/1597 1263/1727/1596
f 1253/1715/1586 1251/1713/1584 1151/1684/1559
f 1252/1714/1585 1264/1729/1597 1250/1712/1583
f 1264/1729/1597 1265/1730/1598 1250/1712/1583
f 1236/1731/1569 1265/1730/1598 1264/1729/1597
f 1251/1713/1584 1249/1711/1582 1266/1732/1599
f 1250/1712/1583 1265/1730/1598 1248/1710/1581
f 1265/1730/1598 1267/1733/1600 1248/1710/1581
f 1238/1734/1571 1267/1733/1600 1265/1730/1598
f 1249/1711/1582 1247/1708/1579 1268/1735/1601
f 1248/1710/1581 1267/1733/1600 1244/1706/1577
f 1267/1733/1600 1269/1736/1602 1244/1706/1577
f 1240/1737/1573 1243/1738/1576 1267/1733/1600
f 1267/1733/1600 1243/1738/1576 1269/1736/1602
f 1245/1707/1578 1270/1739/1603 1246/1709/1580
f 1246/1709/1580 1270/1739/1603 1271/1740/1604
f 1246/1709/1580 1271/1740/1604 1272/1741/1605
f 1272/1741/1605 1271/1740/1604 1273/1742/1606
f 1272/1741/1605 1273/1742/1606 1619/1743/1607
f 1619/1743/1607 1273/1742/1606 1618/1744/1608
f 1268/1735/1601 1272/1741/1605 1276/1745/1609
f 1272/1741/1605 1619/1743/1607 1276/1745/1609
f 1619/1743/1607 1275/1746/1610 1276/1745/1609
f 1246/1709/1580 1272/1741/1605 1247/1708/1579
f 1247/1708/1579 1272/1741/1605 1268/1735/1601
f 1273/1742/1606 1271/1740/1604 1277/1747/1611
f 1273/1742/1606 1277/1747/1611 1278/1748/1612
f 1273/1742/1606 1278/1748/1612 1618/1744/1608
f 1618/1744/1608 1278/1748/1612 1617/1749/1613
f 1278/1748/1612 1277/1747/1611 1280/1750/1614
f 1277/1747/1611 1281/1751/1615 1280/1750/1614
f 1282/1752/1616 1283/1753/1617 1281/1751/1615
f 1281/1751/1615 1283/1753/1617 1280/1750/1614
f 1280/1750/1614 1283/1753/1617 1616/1754/1618
f 1616/1754/1618 1283/1753/1617 1615/1755/1619
f 1282/1756/1616 1286/1757/1620 1283/1758/1617
f 1283/1758/1617 1286/1757/1620 1287/1759/1621
f 1156/1603/1486 1287/1759/1621 1286/1757/1620
f 1288/1760/1622 1286/1757/1620 1282/1756/1616
f 1289/1761/1623 1286/1757/1620 1288/1760/1622
f 1159/1606/1489 1286/1757/1620 1289/1761/1623
f 1290/1762/1624 1289/1761/1623 1288/1760/1622
f 1291/1763/1625 1289/1761/1623 1290/1762/1624
f 1161/1608/1491 1289/1761/1623 1291/1763/1625
f 1292/1764/1626 1161/1608/1491 1291/1763/1625
f 1292/1765/1626 1291/1766/1625 1293/1767/1627
f 1292/1768/1626 1293/1769/1627 1294/1770/1628
f 1294/1770/1628 1293/1769/1627 1295/1771/1629
f 1294/1770/1628 1295/1771/1629 1296/1772/1630
f 1296/1772/1630 1295/1771/1629 1297/1773/1631
f 1296/1772/1630 1297/1773/1631 1298/1774/1632
f 1298/1774/1632 1297/1773/1631 1299/1775/1633
f 1299/1775/1633 1300/1776/1634 1298/1774/1632
f 1298/1774/1632 1300/1776/1634 1301/1777/1635
f 1301/1777/1635 1300/1776/1634 1242/1704/1575
f 1242/1704/1575 1300/1776/1634 1243/1705/1576
f 1302/1778/1636 1303/1779/1637 1301/1777/1635
f 1167/1615/1497 1303/1779/1637 1302/1778/1636
f 1302/1778/1636 1301/1777/1635 1304/1780/1638
f 1304/1780/1638 1301/1777/1635 1242/1704/1575
f 1168/1617/1499 1167/1615/1497 1304/1780/1638
f 1304/1780/1638 1167/1615/1497 1302/1778/1636
f 1299/1781/1633 1305/1782/1639 1300/1783/1634
f 1300/1783/1634 1305/1782/1639 1306/1784/1640
f 1306/1784/1640 1305/1782/1639 1270/1739/1603
f 1305/1782/1639 1307/1785/1641 1270/1739/1603
f 1305/1782/1639 1308/1786/1642 1307/1785/1641
f 1308/1786/1642 1309/1787/1643 1307/1785/1641
f 1308/1786/1642 1310/1788/1644 1309/1787/1643
f 1310/1788/1644 1290/1789/1624 1309/1787/1643
f 1310/1788/1644 1293/1790/1627 1290/1789/1624
f 1308/1786/1642 1295/1791/1629 1310/1788/1644
f 1307/1785/1641 1309/1787/1643 1281/1751/1615
f 1309/1787/1643 1288/1792/1622 1281/1751/1615
f 1305/1782/1639 1297/1793/1631 1308/1786/1642
f 1270/1739/1603 1307/1785/1641 1277/1747/1611
f 1303/1779/1637 1298/1774/1632 1301/1777/1635
f 1311/1794/1645 1298/1774/1632 1303/1779/1637
f 1165/1613/1495 1311/1794/1645 1303/1779/1637
f 1299/1781/1633 1297/1793/1631 1305/1782/1639
f 1311/1794/1645 1296/1772/1630 1298/1774/1632
f 1312/1795/1646 1296/1772/1630 1311/1794/1645
f 1164/1612/1494 1312/1795/1646 1311/1794/1645
f 1164/1612/1494 1162/1796/1492 1312/1795/1646
f 1162/1796/1492 1292/1768/1626 1312/1795/1646
f 1297/1793/1631 1295/1791/1629 1308/1786/1642
f 1312/1795/1646 1294/1770/1628 1296/1772/1630
f 1295/1791/1629 1293/1790/1627 1310/1788/1644
f 1312/1795/1646 1292/1768/1626 1294/1770/1628
f 1293/1797/1627 1291/1798/1625 1290/1799/1624
f 1309/1787/1643 1290/1789/1624 1288/1792/1622
f 1287/1759/1621 1614/1800/1647 1283/1758/1617
f 1283/1758/1617 1614/1800/1647 1615/1801/1619
f 1281/1751/1615 1288/1792/1622 1282/1752/1616
f 1307/1785/1641 1281/1751/1615 1277/1747/1611
f 1278/1748/1612 1280/1750/1614 1617/1749/1613
f 1617/1749/1613 1280/1750/1614 1616/1754/1618
f 1270/1739/1603 1277/1747/1611 1271/1740/1604
f 1306/1784/1640 1270/1739/1603 1245/1707/1578
f 1306/1784/1640 1245/1707/1578 1269/1736/1602
f 1269/1736/1602 1245/1707/1578 1244/1706/1577
f 1243/1738/1576 1300/1783/1634 1269/1736/1602
f 1269/1736/1602 1300/1783/1634 1306/1784/1640
f 1304/1780/1638 1242/1704/1575 1314/1802/1648
f 1171/1619/1501 1304/1780/1638 1314/1802/1648
f 1314/1802/1648 1242/1704/1575 1241/1703/1574
f 1314/1802/1648 1241/1703/1574 1315/1803/1649
f 1172/1620/1502 1314/1802/1648 1315/1803/1649
f 1315/1803/1649 1241/1703/1574 1239/1701/1572
f 1315/1803/1649 1239/1701/1572 1316/1804/1650
f 1173/1621/1503 1315/1803/1649 1316/1804/1650
f 1238/1734/1571 1240/1737/1573 1267/1733/1600
f 1316/1804/1650 1239/1701/1572 1237/1698/1570
f 1317/1805/1651 1316/1806/1650 1237/1697/1570
f 1174/1623/1504 1316/1806/1650 1317/1805/1651
f 1236/1731/1569 1238/1734/1571 1265/1730/1598
f 1317/1805/1651 1237/1697/1570 1235/1695/1568
f 1318/1807/1652 1317/1805/1651 1235/1695/1568
f 1176/1625/1506 1317/1805/1651 1318/1807/1652
f 1234/1694/1567 1236/1696/1569 1264/1728/1597
f 1318/1807/1652 1235/1695/1568 1231/1690/1563
f 1319/1808/1653 1318/1807/1652 1231/1690/1563
f 1178/1627/1508 1318/1807/1652 1319/1808/1653
f 1232/1691/1564 1234/1694/1567 1263/1727/1596
f 1319/1808/1653 1231/1690/1563 1230/1692/1565
f 1180/1629/1510 1320/1809/1654 1321/1810/1655
f 1322/1811/1656 1323/1812/1657 1320/1809/1654
f 1320/1809/1654 1323/1812/1657 1321/1810/1655
f 1322/1811/1656 1324/1813/1658 1323/1812/1657
f 1323/1812/1657 1324/1813/1658 1325/1814/1659
f 1324/1813/1658 1326/1815/1660 1325/1814/1659
f 1324/1813/1658 1327/1816/1661 1326/1815/1660
f 1327/1816/1661 1328/1817/1662 1326/1815/1660
f 1327/1816/1661 1329/1818/1663 1328/1817/1662
f 1329/1818/1663 1330/1819/1664 1328/1817/1662
f 1329/1818/1663 1331/1820/1665 1330/1819/1664
f 1332/1821/1666 1333/1822/1667 1334/1823/1668
f 1334/1823/1668 1333/1822/1667 1335/1824/1669
f 1336/1825/1670 1334/1823/1668 1335/1824/1669
f 1336/1825/1670 1335/1824/1669 1337/1826/1671
f 1336/1825/1670 1337/1826/1671 1338/1827/1672
f 1338/1827/1672 1337/1826/1671 1339/1828/1673
f 1338/1827/1672 1339/1828/1673 1340/1829/1674
f 1340/1829/1674 1339/1828/1673 1341/1830/1675
f 1340/1831/1674 1341/1832/1675 1342/1833/1676
f 1341/1832/1675 1343/1834/1677 1342/1833/1676
f 1342/1833/1676 1343/1834/1677 1189/1639/1519
f 1341/1832/1675 1344/1835/1678 1343/1834/1677
f 1343/1834/1677 1344/1835/1678 1345/1836/1679
f 1343/1834/1677 1345/1836/1679 1191/1642/1521
f 1346/1837/1680 1347/1838/1681 1344/1835/1678
f 1344/1835/1678 1347/1838/1681 1345/1836/1679
f 1347/1838/1681 1196/1647/1526 1345/1836/1679
f 1345/1836/1679 1196/1647/1526 1193/1644/1523
f 1348/1839/1682 1349/1840/1683 1346/1837/1680
f 1346/1837/1680 1349/1840/1683 1347/1838/1681
f 1347/1838/1681 1349/1840/1683 1198/1649/1528
f 1348/1839/1682 1350/1841/1684 1349/1840/1683
f 1350/1841/1684 1351/1842/1685 1349/1840/1683
f 1349/1840/1683 1351/1842/1685 1201/1652/1531
f 1350/1841/1684 1208/1660/1538 1351/1842/1685
f 1350/1843/1684 1211/1666/1541 1208/1661/1538
f 1352/1844/1686 1211/1666/1541 1350/1843/1684
f 1348/1845/1682 1352/1844/1686 1350/1843/1684
f 1353/1846/1687 1352/1844/1686 1346/1847/1680
f 1346/1847/1680 1352/1844/1686 1348/1845/1682
f 1353/1846/1687 1354/1848/1688 1352/1844/1686
f 1355/1849/1689 1354/1848/1688 1353/1846/1687
f 1356/1850/1690 1354/1848/1688 1355/1849/1689
f 1356/1850/1690 1357/1851/1691 1354/1848/1688
f 1354/1848/1688 1357/1851/1691 1214/1669/1544
f 1358/1852/1692 1214/1669/1544 1357/1851/1691
f 1359/1853/1693 1358/1852/1692 1357/1851/1691
f 1360/1854/1694 1361/1855/1695 1362/1856/1696
f 1360/1854/1694 1363/1857/1697 1361/1855/1695
f 1364/1858/1698 1361/1855/1695 1363/1857/1697
f 1364/1858/1698 1365/1859/1699 1361/1855/1695
f 1365/1859/1699 1366/1860/1700 1361/1855/1695
f 1365/1859/1699 1367/1861/1701 1366/1860/1700
f 1367/1861/1701 1368/1862/1702 1366/1860/1700
f 1366/1860/1700 1368/1862/1702 1218/1863/1547
f 1218/1863/1547 1217/1864/1549 1366/1860/1700
f 1366/1860/1700 1217/1864/1549 1369/1865/1703
f 1367/1861/1701 1370/1866/1704 1368/1862/1702
f 1371/1867/1705 1370/1866/1704 1367/1861/1701
f 1371/1867/1705 1372/1868/1706 1370/1866/1704
f 1373/1869/1707 1372/1868/1706 1371/1867/1705
f 1373/1870/1707 1374/1871/1708 1372/1872/1706
f 1372/1872/1706 1374/1871/1708 1375/1873/1709
f 1376/1874/1710 1372/1875/1706 1375/1876/1709
f 1376/1877/1710 1375/1878/1709 1377/1879/1711
f 1377/1879/1711 1375/1878/1709 1378/1880/1712
f 1377/1879/1711 1378/1880/1712 1379/1881/1713
f 1379/1881/1713 1378/1880/1712 1380/1882/1714
f 1380/1882/1714 1381/1883/1715 1379/1881/1713
f 1379/1881/1713 1381/1883/1715 1382/1884/1716
f 1383/1885/1717 1382/1884/1716 1385/1886/1718
f 1385/1886/1718 1382/1884/1716 1384/1887/1719
f 1383/1885/1717 1386/1888/1720 1382/1884/1716
f 1225/1680/1555 1386/1888/1720 1383/1885/1717
f 1225/1680/1555 1383/1885/1717 1226/1681/1556
f 1226/1681/1556 1383/1885/1717 1385/1886/1718
f 1385/1886/1718 1384/1887/1719 1387/1889/1721
f 1387/1889/1721 1384/1887/1719 1388/1890/1722
f 1389/1891/1723 1387/1889/1721 1388/1890/1722
f 1389/1891/1723 1388/1890/1722 1390/1892/1724
f 1391/1893/1725 1389/1891/1723 1390/1892/1724
f 1391/1893/1725 1390/1892/1724 1392/1894/1726
f 1391/1893/1725 1392/1894/1726 1393/1895/1727
f 1394/1896/1728 1391/1893/1725 1393/1895/1727
f 1395/1897/1729 1391/1893/1725 1394/1896/1728
f 1396/1898/1730 1395/1897/1729 1394/1896/1728
f 1313/1899/1731 1395/1897/1729 1284/1900/1732
f 1284/1900/1732 1395/1897/1729 1396/1898/1730
f 1313/1899/1731 1397/1901/1733 1395/1897/1729
f 1395/1897/1729 1397/1901/1733 1389/1891/1723
f 1398/1902/1734 1396/1903/1730 1394/1904/1728
f 1399/1905/1735 1398/1902/1734 1394/1904/1728
f 1400/1906/1736 1398/1902/1734 1399/1905/1735
f 1400/1906/1736 1401/1907/1737 1398/1902/1734
f 1401/1907/1737 1285/1908/1738 1398/1902/1734
f 1402/1909/1739 1401/1907/1737 1400/1906/1736
f 1402/1909/1739 1403/1910/1740 1401/1907/1737
f 1274/1911/1741 1401/1907/1737 1403/1910/1740
f 1404/1912/1742 1403/1910/1740 1402/1909/1739
f 1404/1912/1742 1402/1909/1739 1405/1913/1743
f 1406/1914/1744 1407/1915/1745 1405/1913/1743
f 1405/1913/1743 1407/1915/1745 1404/1912/1742
f 1407/1915/1745 1276/1745/1609 1404/1912/1742
f 1404/1912/1742 1276/1745/1609 1275/1746/1610
f 1408/1916/1746 1407/1915/1745 1406/1914/1744
f 1408/1916/1746 1409/1917/1747 1407/1915/1745
f 1409/1917/1747 1276/1745/1609 1407/1915/1745
f 1410/1918/1748 1409/1917/1747 1408/1916/1746
f 1410/1918/1748 1411/1919/1749 1409/1917/1747
f 1411/1919/1749 1412/1920/1750 1409/1917/1747
f 1413/1921/1751 1411/1919/1749 1410/1918/1748
f 1413/1921/1751 1414/1922/1752 1411/1919/1749
f 1414/1922/1752 1228/1682/1557 1411/1919/1749
f 1414/1923/1752 1413/1924/1751 1415/1925/1753
f 1414/1923/1752 1415/1925/1753 1416/1926/1754
f 1227/1686/1558 1414/1923/1752 1416/1926/1754
f 1416/1926/1754 1415/1925/1753 1417/1927/1755
f 1416/1926/1754 1417/1927/1755 1418/1928/1756
f 1229/1687/1561 1416/1926/1754 1418/1928/1756
f 1418/1928/1756 1417/1927/1755 1419/1929/1757
f 1418/1928/1756 1419/1929/1757 1420/1930/1758
f 1421/1931/1759 1418/1928/1756 1422/1932/1760
f 1422/1932/1760 1418/1928/1756 1420/1930/1758
f 1424/1933/1761 1425/1934/1762 1331/1820/1665
f 1331/1820/1665 1425/1934/1762 1330/1819/1664
f 1426/1935/1763 1427/1936/1764 1602/1937/1765
f 1602/1937/1765 1427/1936/1764 1601/1938/1766
f 1427/1939/1764 1428/1940/1767 1601/1941/1766
f 1601/1941/1766 1428/1940/1767 1332/1821/1666
f 1428/1940/1767 1429/1942/1768 1332/1821/1666
f 1332/1821/1666 1429/1942/1768 1333/1822/1667
f 1333/1822/1667 1429/1942/1768 1431/1943/1769
f 1431/1943/1769 1429/1942/1768 1430/1944/1770
f 1431/1943/1769 1359/1853/1693 1432/1945/1771
f 1432/1945/1771 1359/1853/1693 1356/1850/1690
f 1433/1946/1772 1432/1945/1771 1355/1849/1689
f 1355/1849/1689 1432/1945/1771 1356/1850/1690
f 1433/1946/1772 1355/1849/1689 1434/1947/1773
f 1434/1947/1773 1355/1849/1689 1353/1846/1687
f 1353/1846/1687 1346/1847/1680 1434/1947/1773
f 1434/1947/1773 1346/1847/1680 1344/1948/1678
f 1339/1828/1673 1433/1946/1772 1434/1947/1773
f 1337/1826/1671 1432/1945/1771 1433/1946/1772
f 1335/1824/1669 1431/1943/1769 1432/1945/1771
f 1435/1949/1774 1360/1854/1694 1611/1950/1775
f 1611/1950/1775 1360/1854/1694 1610/1951/1776
f 1436/1952/1777 1363/1857/1697 1435/1949/1774
f 1437/1953/1778 1364/1858/1698 1436/1952/1777
f 1438/1954/1779 1364/1858/1698 1437/1953/1778
f 1438/1954/1779 1439/1955/1780 1364/1858/1698
f 1438/1954/1779 1440/1956/1781 1439/1955/1780
f 1439/1955/1780 1440/1956/1781 1441/1957/1782
f 1442/1958/1783 1443/1959/1784 1440/1960/1781
f 1440/1960/1781 1443/1959/1784 1441/1961/1782
f 1441/1961/1782 1443/1959/1784 1444/1962/1785
f 1444/1962/1785 1443/1959/1784 1445/1963/1786
f 1444/1962/1785 1445/1963/1786 1373/1870/1707
f 1444/1964/1785 1373/1869/1707 1446/1965/1787
f 1439/1955/1780 1444/1964/1785 1446/1965/1787
f 1439/1955/1780 1446/1965/1787 1365/1859/1699
f 1443/1959/1784 1447/1966/1788 1445/1963/1786
f 1443/1959/1784 1448/1967/1789 1447/1966/1788
f 1448/1967/1789 1449/1968/1790 1447/1966/1788
f 1448/1967/1789 1450/1969/1791 1449/1968/1790
f 1450/1969/1791 1451/1970/1792 1449/1968/1790
f 1449/1968/1790 1451/1970/1792 1452/1971/1793
f 1449/1968/1790 1452/1971/1793 1453/1972/1794
f 1449/1968/1790 1453/1972/1794 1454/1973/1795
f 1453/1972/1794 1381/1974/1715 1454/1973/1795
f 1454/1973/1795 1381/1974/1715 1380/1975/1714
f 1452/1971/1793 1455/1976/1796 1453/1972/1794
f 1453/1972/1794 1455/1976/1796 1456/1977/1797
f 1382/1884/1716 1381/1883/1715 1384/1887/1719
f 1384/1887/1719 1381/1883/1715 1457/1978/1798
f 1456/1977/1797 1457/1979/1798 1453/1972/1794
f 1453/1972/1794 1457/1979/1798 1381/1974/1715
f 1456/1977/1797 1458/1980/1799 1457/1979/1798
f 1457/1979/1798 1458/1980/1799 1459/1981/1800
f 1459/1981/1800 1458/1980/1799 1460/1982/1801
f 1458/1980/1799 1461/1983/1802 1460/1982/1801
f 1460/1982/1801 1461/1983/1802 1462/1984/1803
f 1461/1983/1802 1463/1985/1804 1462/1984/1803
f 1462/1984/1803 1463/1985/1804 1464/1986/1805
f 1463/1985/1804 1465/1987/1806 1464/1986/1805
f 1465/1988/1806 1466/1989/1807 1464/1990/1805
f 1466/1989/1807 1393/1991/1727 1464/1990/1805
f 1466/1989/1807 1399/1905/1735 1393/1991/1727
f 1467/1992/1808 1399/1905/1735 1466/1989/1807
f 1467/1992/1808 1466/1989/1807 1465/1988/1806
f 1468/1993/1809 1467/1992/1808 1465/1988/1806
f 1469/1994/1810 1467/1992/1808 1468/1993/1809
f 1470/1995/1811 1469/1994/1810 1468/1993/1809
f 1471/1996/1812 1469/1994/1810 1472/1997/1813
f 1472/1997/1813 1469/1994/1810 1470/1995/1811
f 1473/1998/1814 1474/1999/1815 1472/1997/1813
f 1472/1997/1813 1474/1999/1815 1471/1996/1812
f 1474/1999/1815 1406/1914/1744 1471/1996/1812
f 1471/1996/1812 1406/1914/1744 1405/1913/1743
f 1475/2000/1816 1476/2001/1817 1473/1998/1814
f 1473/1998/1814 1476/2001/1817 1474/1999/1815
f 1476/2001/1817 1406/1914/1744 1474/1999/1815
f 1477/2002/1818 1476/2001/1817 1475/2000/1816
f 1478/2003/1819 1476/2001/1817 1477/2002/1818
f 1478/2003/1819 1408/1916/1746 1476/2001/1817
f 1479/2004/1820 1478/2003/1819 1477/2002/1818
f 1480/2005/1821 1478/2003/1819 1479/2004/1820
f 1480/2005/1821 1410/1918/1748 1478/2003/1819
f 1480/2006/1821 1479/2007/1820 1481/2008/1822
f 1480/2006/1821 1481/2008/1822 1482/2009/1823
f 1413/1924/1751 1480/2006/1821 1482/2009/1823
f 1482/2009/1823 1481/2008/1822 1483/2010/1824
f 1482/2009/1823 1483/2010/1824 1484/2011/1825
f 1415/1925/1753 1482/2009/1823 1484/2011/1825
f 1484/2011/1825 1483/2010/1824 1486/2012/1826
f 1486/2012/1826 1483/2010/1824 1485/2013/1827
f 1417/1927/1755 1484/2011/1825 1486/2012/1826
f 1488/2014/1828 1489/2015/1829 1490/2016/1830
f 1488/2014/1828 1490/2016/1830 1491/2017/1831
f 1492/2018/1832 1488/2014/1828 1491/2017/1831
f 1492/2018/1832 1491/2017/1831 1493/2019/1833
f 1494/2020/1834 1492/2018/1832 1493/2019/1833
f 1494/2020/1834 1493/2019/1833 1495/2021/1835
f 1495/2022/1835 1496/2023/1836 1494/2024/1834
f 1495/2022/1835 1497/2025/1837 1496/2023/1836
f 1497/2025/1837 1498/2026/1838 1496/2023/1836
f 1497/2025/1837 1499/2027/1839 1498/2026/1838
f 1499/2027/1839 1500/2028/1840 1498/2026/1838
f 1499/2027/1839 1501/2029/1841 1500/2028/1840
f 1501/2029/1841 1437/1953/1778 1500/2028/1840
f 1500/2028/1840 1437/1953/1778 1436/1952/1777
f 1450/1969/1791 1502/2030/1842 1503/2031/1843
f 1451/1970/1792 1503/2031/1843 1505/2032/1844
f 1505/2032/1844 1503/2031/1843 1504/2033/1845
f 1505/2032/1844 1455/1976/1796 1451/1970/1792
f 1451/1970/1792 1455/1976/1796 1452/1971/1793
f 1504/2033/1845 1506/2034/1846 1505/2032/1844
f 1504/2033/1845 1507/2035/1847 1506/2034/1846
f 1507/2035/1847 1508/2036/1848 1506/2034/1846
f 1507/2035/1847 1509/2037/1849 1508/2036/1848
f 1509/2037/1849 1510/2038/1850 1508/2036/1848
f 1508/2036/1848 1510/2038/1850 1511/2039/1851
f 1512/2040/1852 1508/2036/1848 1511/2039/1851
f 1512/2040/1852 1511/2039/1851 1513/2041/1853
f 1461/1983/1802 1512/2040/1852 1513/2041/1853
f 1513/2041/1853 1511/2039/1851 1468/2042/1809
f 1514/2043/1854 1508/2036/1848 1512/2040/1852
f 1458/1980/1799 1514/2043/1854 1512/2040/1852
f 1510/2038/1850 1472/2044/1813 1511/2039/1851
f 1511/2039/1851 1472/2044/1813 1470/2045/1811
f 1515/2046/1855 1516/2047/1856 1509/2037/1849
f 1509/2037/1849 1516/2047/1856 1510/2038/1850
f 1516/2047/1856 1473/2048/1814 1510/2038/1850
f 1510/2038/1850 1473/2048/1814 1472/2044/1813
f 1515/2046/1855 1517/2049/1857 1516/2047/1856
f 1517/2049/1857 1518/2050/1858 1516/2047/1856
f 1516/2047/1856 1518/2050/1858 1473/2048/1814
f 1473/2048/1814 1518/2050/1858 1475/2051/1816
f 1517/2049/1857 1519/2052/1859 1518/2050/1858
f 1519/2052/1859 1520/2053/1860 1518/2050/1858
f 1518/2050/1858 1520/2053/1860 1475/2051/1816
f 1519/2052/1859 1521/2054/1861 1520/2053/1860
f 1521/2054/1861 1522/2055/1862 1520/2053/1860
f 1520/2053/1860 1522/2055/1862 1477/2056/1818
f 1522/2057/1862 1521/2058/1861 1523/2059/1863
f 1522/2057/1862 1523/2059/1863 1524/2060/1864
f 1479/2007/1820 1522/2057/1862 1524/2060/1864
f 1524/2060/1864 1523/2059/1863 1525/2061/1865
f 1524/2060/1864 1525/2061/1865 1526/2062/1866
f 1481/2008/1822 1524/2060/1864 1526/2062/1866
f 1526/2062/1866 1525/2061/1865 1527/2063/1867
f 1526/2062/1866 1527/2063/1867 1528/2064/1868
f 1526/2062/1866 1528/2064/1868 1483/2010/1824
f 1483/2010/1824 1528/2064/1868 1485/2013/1827
f 1529/2065/1869 1530/2066/1870 1532/2067/1871
f 1532/2067/1871 1530/2066/1870 1531/2068/1872
f 1533/2069/1873 1529/2065/1869 1532/2067/1871
f 1533/2069/1873 1532/2067/1871 1534/2070/1874
f 1535/2071/1875 1533/2069/1873 1534/2070/1874
f 1535/2071/1875 1534/2070/1874 1536/2072/1876
f 1536/2073/1876 1537/2074/1877 1535/2075/1875
f 1536/2073/1876 1538/2076/1878 1537/2074/1877
f 1538/2076/1878 1539/2077/1879 1537/2074/1877
f 1538/2076/1878 1540/2078/1880 1539/2077/1879
f 1540/2078/1880 1541/2079/1881 1539/2077/1879
f 1539/2077/1879 1541/2079/1881 1542/2080/1882
f 1541/2079/1881 1440/1956/1781 1542/2080/1882
f 1542/2080/1882 1440/1956/1781 1438/1954/1779
f 1540/2081/1880 1543/2082/1883 1541/2083/1881
f 1541/2083/1881 1543/2082/1883 1544/2084/1884
f 1541/2083/1881 1544/2084/1884 1440/1960/1781
f 1440/1960/1781 1544/2084/1884 1442/1958/1783
f 1543/2082/1883 1545/2085/1885 1544/2084/1884
f 1544/2084/1884 1545/2085/1885 1546/2086/1886
f 1545/2085/1885 1547/2087/1887 1546/2086/1886
f 1546/2086/1886 1547/2087/1887 1548/2088/1888
f 1547/2087/1887 1549/2089/1889 1548/2088/1888
f 1548/2088/1888 1549/2089/1889 1550/2090/1890
f 1548/2088/1888 1550/2090/1890 1502/2030/1842
f 1502/2030/1842 1550/2090/1890 1503/2031/1843
f 1551/2091/1891 1515/2046/1855 1507/2035/1847
f 1507/2035/1847 1515/2046/1855 1509/2037/1849
f 1552/2092/1892 1551/2091/1891 1504/2033/1845
f 1504/2033/1845 1551/2091/1891 1507/2035/1847
f 1552/2092/1892 1553/2093/1893 1551/2091/1891
f 1553/2093/1893 1554/2094/1894 1551/2091/1891
f 1551/2091/1891 1554/2094/1894 1515/2046/1855
f 1553/2093/1893 1555/2095/1895 1554/2094/1894
f 1555/2095/1895 1556/2096/1896 1554/2094/1894
f 1554/2094/1894 1556/2096/1896 1517/2049/1857
f 1555/2095/1895 1557/2097/1897 1556/2096/1896
f 1557/2097/1897 1558/2098/1898 1556/2096/1896
f 1556/2096/1896 1558/2098/1898 1519/2052/1859
f 1558/2099/1898 1557/2100/1897 1559/2101/1899
f 1558/2099/1898 1559/2101/1899 1560/2102/1900
f 1521/2058/1861 1558/2099/1898 1560/2102/1900
f 1560/2102/1900 1559/2101/1899 1561/2103/1901
f 1560/2102/1900 1561/2103/1901 1562/2104/1902
f 1523/2059/1863 1560/2102/1900 1562/2104/1902
f 1561/2103/1901 1563/2105/1903 1562/2104/1902
f 1562/2104/1902 1563/2105/1903 1564/2106/1904
f 1525/2061/1865 1562/2104/1902 1564/2106/1904
f 1561/2103/1901 1565/2107/1905 1563/2105/1903
f 1563/2105/1903 1565/2107/1905 1566/2108/1906
f 1568/2109/1907 1566/2108/1906 1567/2110/1908
f 1567/2110/1908 1566/2108/1906 1565/2107/1905
f 1569/2111/1909 1568/2109/1907 1567/2110/1908
f 1569/2111/1909 1570/2112/1910 1568/2109/1907
f 1571/2113/1911 1570/2112/1910 1569/2111/1909
f 1571/2113/1911 1572/2114/1912 1570/2112/1910
f 1531/2068/1872 1572/2114/1912 1532/2067/1871
f 1532/2067/1871 1572/2114/1912 1571/2113/1911
f 1573/2115/1913 1571/2113/1911 1569/2111/1909
f 1573/2115/1913 1569/2111/1909 1574/2116/1914
f 1575/2117/1915 1573/2115/1913 1574/2116/1914
f 1575/2117/1915 1574/2116/1914 1576/2118/1916
f 1575/2119/1915 1576/2120/1916 1577/2121/1917
f 1577/2121/1917 1576/2120/1916 1578/2122/1918
f 1577/2121/1917 1578/2122/1918 1543/2082/1883
f 1576/2120/1916 1579/2123/1919 1578/2122/1918
f 1578/2122/1918 1579/2123/1919 1580/2124/1920
f 1578/2122/1918 1580/2124/1920 1545/2085/1885
f 1579/2123/1919 1581/2125/1921 1580/2124/1920
f 1580/2124/1920 1581/2125/1921 1582/2126/1922
f 1580/2124/1920 1582/2126/1922 1547/2087/1887
f 1582/2126/1922 1581/2125/1921 1555/2095/1895
f 1555/2095/1895 1581/2125/1921 1557/2097/1897
f 1555/2095/1895 1553/2093/1893 1582/2126/1922
f 1582/2126/1922 1553/2093/1893 1549/2089/1889
f 1553/2093/1893 1552/2092/1892 1549/2089/1889
f 1549/2089/1889 1552/2092/1892 1550/2090/1890
f 1552/2092/1892 1504/2033/1845 1550/2090/1890
f 1550/2090/1890 1504/2033/1845 1503/2031/1843
f 1583/2127/1923 1559/2101/1899 1581/2128/1921
f 1581/2128/1921 1559/2101/1899 1557/2100/1897
f 1583/2127/1923 1565/2107/1905 1559/2101/1899
f 1559/2101/1899 1565/2107/1905 1561/2103/1901
f 1579/2129/1919 1583/2127/1923 1581/2128/1921
f 1579/2129/1919 1584/2130/1924 1583/2127/1923
f 1584/2130/1924 1565/2107/1905 1583/2127/1923
f 1584/2130/1924 1567/2110/1908 1565/2107/1905
f 1574/2116/1914 1567/2110/1908 1584/2130/1924
f 1576/2118/1916 1584/2130/1924 1579/2129/1919
f 1538/2131/1878 1575/2119/1915 1577/2121/1917
f 1576/2118/1916 1574/2116/1914 1584/2130/1924
f 1536/2072/1876 1573/2115/1913 1575/2117/1915
f 1534/2070/1874 1571/2113/1911 1573/2115/1913
f 1574/2116/1914 1569/2111/1909 1567/2110/1908
f 1547/2087/1887 1582/2126/1922 1549/2089/1889
f 1545/2085/1885 1580/2124/1920 1547/2087/1887
f 1543/2082/1883 1578/2122/1918 1545/2085/1885
f 1540/2081/1880 1577/2121/1917 1543/2082/1883
f 1539/2077/1879 1542/2080/1882 1501/2029/1841
f 1538/2131/1878 1577/2121/1917 1540/2081/1880
f 1537/2074/1877 1539/2077/1879 1499/2027/1839
f 1536/2132/1876 1575/2119/1915 1538/2131/1878
f 1535/2075/1875 1537/2074/1877 1497/2025/1837
f 1536/2072/1876 1534/2070/1874 1573/2115/1913
f 1495/2021/1835 1533/2069/1873 1535/2071/1875
f 1534/2070/1874 1532/2067/1871 1571/2113/1911
f 1493/2019/1833 1529/2065/1869 1533/2069/1873
f 1491/2017/1831 1530/2066/1870 1529/2065/1869
f 1525/2061/1865 1564/2106/1904 1527/2063/1867
f 1523/2059/1863 1562/2104/1902 1525/2061/1865
f 1521/2058/1861 1560/2102/1900 1523/2059/1863
f 1558/2098/1898 1521/2054/1861 1519/2052/1859
f 1556/2096/1896 1519/2052/1859 1517/2049/1857
f 1554/2094/1894 1517/2049/1857 1515/2046/1855
f 1514/2043/1854 1506/2034/1846 1508/2036/1848
f 1505/2032/1844 1506/2034/1846 1514/2043/1854
f 1505/2032/1844 1514/2043/1854 1455/1976/1796
f 1586/2133/1925 1546/2086/1886 1502/2030/1842
f 1502/2030/1842 1546/2086/1886 1548/2088/1888
f 1448/1967/1789 1586/2133/1925 1502/2030/1842
f 1442/1958/1783 1586/2133/1925 1448/1967/1789
f 1442/1958/1783 1544/2084/1884 1586/2133/1925
f 1586/2133/1925 1544/2084/1884 1546/2086/1886
f 1500/2028/1840 1436/1952/1777 1430/1944/1770
f 1430/1944/1770 1436/1952/1777 1435/1949/1774
f 1499/2027/1839 1539/2077/1879 1501/2029/1841
f 1498/2026/1838 1500/2028/1840 1430/1944/1770
f 1497/2025/1837 1537/2074/1877 1499/2027/1839
f 1496/2023/1836 1498/2026/1838 1429/1942/1768
f 1495/2022/1835 1535/2075/1875 1497/2025/1837
f 1494/2024/1834 1496/2023/1836 1428/1940/1767
f 1495/2021/1835 1493/2019/1833 1533/2069/1873
f 1427/1936/1764 1492/2018/1832 1494/2020/1834
f 1493/2019/1833 1491/2017/1831 1529/2065/1869
f 1426/1935/1763 1488/2014/1828 1492/2018/1832
f 1491/2017/1831 1490/2016/1830 1530/2066/1870
f 1425/1934/1762 1424/1933/1761 1488/2014/1828
f 1488/2014/1828 1424/1933/1761 1489/2015/1829
f 1481/2008/1822 1526/2062/1866 1483/2010/1824
f 1479/2007/1820 1524/2060/1864 1481/2008/1822
f 1522/2055/1862 1479/2134/1820 1477/2056/1818
f 1520/2053/1860 1477/2056/1818 1475/2051/1816
f 1471/1996/1812 1402/1909/1739 1469/1994/1810
f 1511/2039/1851 1470/2045/1811 1468/2042/1809
f 1469/1994/1810 1400/1906/1736 1467/1992/1808
f 1513/2041/1853 1468/2042/1809 1465/1987/1806
f 1463/1985/1804 1513/2041/1853 1465/1987/1806
f 1392/2135/1726 1462/2136/1803 1464/2137/1805
f 1461/1983/1802 1513/2041/1853 1463/1985/1804
f 1390/1892/1724 1460/2138/1801 1462/2139/1803
f 1458/1980/1799 1512/2040/1852 1461/1983/1802
f 1388/1890/1722 1459/2140/1800 1460/2138/1801
f 1456/1977/1797 1514/2043/1854 1458/1980/1799
f 1384/1887/1719 1457/1978/1798 1388/1890/1722
f 1388/1890/1722 1457/1978/1798 1459/2140/1800
f 1455/1976/1796 1514/2043/1854 1456/1977/1797
f 1450/1969/1791 1503/2031/1843 1451/1970/1792
f 1448/1967/1789 1502/2030/1842 1450/1969/1791
f 1447/1966/1788 1449/1968/1790 1454/1973/1795
f 1447/1966/1788 1454/1973/1795 1587/2141/1926
f 1587/2141/1926 1454/1973/1795 1378/2142/1712
f 1445/1963/1786 1447/1966/1788 1587/2141/1926
f 1445/1963/1786 1587/2141/1926 1374/1871/1708
f 1442/1958/1783 1448/1967/1789 1443/1959/1784
f 1441/1957/1782 1444/1964/1785 1439/1955/1780
f 1438/1954/1779 1437/1953/1778 1542/2080/1882
f 1542/2080/1882 1437/1953/1778 1501/2029/1841
f 1429/1942/1768 1498/2026/1838 1430/1944/1770
f 1428/1940/1767 1496/2023/1836 1429/1942/1768
f 1427/1939/1764 1494/2024/1834 1428/1940/1767
f 1427/1936/1764 1426/1935/1763 1492/2018/1832
f 1426/1935/1763 1425/1934/1762 1488/2014/1828
f 1417/1927/1755 1486/2012/1826 1419/1929/1757
f 1415/1925/1753 1484/2011/1825 1417/1927/1755
f 1413/1924/1751 1482/2009/1823 1415/1925/1753
f 1413/1921/1751 1410/1918/1748 1480/2005/1821
f 1410/1918/1748 1408/1916/1746 1478/2003/1819
f 1408/1916/1746 1406/1914/1744 1476/2001/1817
f 1405/1913/1743 1402/1909/1739 1471/1996/1812
f 1275/1746/1610 1403/1910/1740 1404/1912/1742
f 1469/1994/1810 1402/1909/1739 1400/1906/1736
f 1467/1992/1808 1400/1906/1736 1399/1905/1735
f 1285/1908/1738 1284/2143/1732 1398/1902/1734
f 1398/1902/1734 1284/2143/1732 1396/1903/1730
f 1399/1905/1735 1394/1904/1728 1393/1991/1727
f 1393/2144/1727 1392/2145/1726 1464/2146/1805
f 1392/1894/1726 1390/1892/1724 1462/2139/1803
f 1395/1897/1729 1389/1891/1723 1391/1893/1725
f 1390/1892/1724 1388/1890/1722 1460/2138/1801
f 1397/1901/1733 1387/1889/1721 1389/1891/1723
f 1397/1901/1733 1588/2147/1927 1387/1889/1721
f 1226/1681/1556 1387/1889/1721 1588/2147/1927
f 1154/2148/1928 1588/2147/1927 1397/1901/1733
f 1226/1681/1556 1385/1886/1718 1387/1889/1721
f 1386/1888/1720 1379/1881/1713 1382/1884/1716
f 1589/2149/1929 1379/1881/1713 1386/1888/1720
f 1221/1676/1551 1589/2149/1929 1386/1888/1720
f 1378/2142/1712 1454/1973/1795 1380/1975/1714
f 1589/2149/1929 1377/1879/1711 1379/1881/1713
f 1590/2150/1930 1377/1879/1711 1589/2149/1929
f 1219/1673/1548 1590/2150/1930 1589/2149/1929
f 1219/1673/1548 1368/2151/1702 1590/2150/1930
f 1375/1873/1709 1587/2141/1926 1378/2142/1712
f 1590/2150/1930 1376/1877/1710 1377/1879/1711
f 1590/2150/1930 1370/2152/1704 1376/1877/1710
f 1374/1871/1708 1587/2141/1926 1375/1873/1709
f 1373/1870/1707 1445/1963/1786 1374/1871/1708
f 1446/1965/1787 1373/1869/1707 1371/1867/1705
f 1370/2153/1704 1372/2154/1706 1376/2155/1710
f 1446/1965/1787 1371/1867/1705 1367/1861/1701
f 1368/2151/1702 1370/2152/1704 1590/2150/1930
f 1446/1965/1787 1367/1861/1701 1365/1859/1699
f 1361/1855/1695 1366/1860/1700 1369/1865/1703
f 1439/1955/1780 1365/1859/1699 1364/1858/1698
f 1436/1952/1777 1364/1858/1698 1363/1857/1697
f 1435/1949/1774 1363/1857/1697 1360/1854/1694
f 1362/1856/1696 1361/1855/1695 1369/1865/1703
f 1362/1856/1696 1369/1865/1703 1609/2156/1931
f 1609/2156/1931 1369/1865/1703 1608/2157/1932
f 1369/1865/1703 1217/1864/1549 1608/2157/1932
f 1608/2157/1932 1217/1864/1549 1607/2158/1933
f 1360/1854/1694 1362/1856/1696 1610/1951/1776
f 1610/1951/1776 1362/1856/1696 1609/2156/1931
f 1359/1853/1693 1357/1851/1691 1356/1850/1690
f 1352/1844/1686 1354/1848/1688 1212/1667/1542
f 1341/1830/1675 1339/1828/1673 1344/1948/1678
f 1344/1948/1678 1339/1828/1673 1434/1947/1773
f 1340/1831/1674 1342/1833/1676 1591/2159/1934
f 1592/2160/1935 1340/1831/1674 1591/2159/1934
f 1593/2161/1936 1592/2162/1935 1591/2163/1934
f 1593/2161/1936 1594/2164/1937 1592/2162/1935
f 1594/2164/1937 1595/2165/1938 1592/2162/1935
f 1594/2164/1937 1596/2166/1939 1595/2165/1938
f 1596/2166/1939 1597/2167/1940 1595/2165/1938
f 1596/2166/1939 1598/2168/1941 1597/2167/1940
f 1598/2168/1941 1599/2169/1942 1597/2167/1940
f 1598/2168/1941 1600/2170/1943 1599/2169/1942
f 1600/2170/1943 1601/1938/1766 1599/2169/1942
f 1600/2170/1943 1602/1937/1765 1601/1938/1766
f 1328/1817/1662 1602/1937/1765 1600/2170/1943
f 1601/1941/1766 1332/1821/1666 1599/2171/1942
f 1326/1815/1660 1600/2170/1943 1598/2168/1941
f 1597/2172/1940 1599/2171/1942 1334/1823/1668
f 1325/1814/1659 1598/2168/1941 1596/2166/1939
f 1597/2172/1940 1336/1825/1670 1595/2173/1938
f 1323/1812/1657 1596/2166/1939 1594/2164/1937
f 1595/2173/1938 1338/1827/1672 1592/2174/1935
f 1321/1810/1655 1594/2164/1937 1593/2161/1936
f 1181/1630/1511 1321/1810/1655 1593/2161/1936
f 1185/1634/1515 1593/2161/1936 1591/2163/1934
f 1185/1634/1515 1591/2163/1934 1188/1637/1518
f 1591/2159/1934 1342/1833/1676 1188/1638/1518
f 1592/2174/1935 1338/1827/1672 1340/1829/1674
f 1337/1826/1671 1433/1946/1772 1339/1828/1673
f 1595/2173/1938 1336/1825/1670 1338/1827/1672
f 1337/1826/1671 1335/1824/1669 1432/1945/1771
f 1597/2172/1940 1334/1823/1668 1336/1825/1670
f 1333/1822/1667 1431/1943/1769 1335/1824/1669
f 1599/2171/1942 1332/1821/1666 1334/1823/1668
f 1425/1934/1762 1426/1935/1763 1330/1819/1664
f 1330/1819/1664 1426/1935/1763 1602/1937/1765
f 1328/1817/1662 1330/1819/1664 1602/1937/1765
f 1326/1815/1660 1328/1817/1662 1600/2170/1943
f 1325/1814/1659 1326/1815/1660 1598/2168/1941
f 1323/1812/1657 1325/1814/1659 1596/2166/1939
f 1321/1810/1655 1323/1812/1657 1594/2164/1937
f 1229/1687/1561 1418/1928/1756 1421/1931/1759
f 1227/1686/1558 1416/1926/1754 1229/1687/1561
f 1227/1683/1558 1228/1682/1557 1414/1922/1752
f 1228/1682/1557 1412/1920/1750 1411/1919/1749
f 1412/1920/1750 1276/1745/1609 1409/1917/1747
f 1275/1746/1610 1274/1911/1741 1403/1910/1740
f 1274/1911/1741 1279/2175/1944 1401/1907/1737
f 1279/2175/1944 1285/1908/1738 1401/1907/1737
f 1155/2176/1945 1397/1901/1733 1313/1899/1731
f 1154/2148/1928 1397/1901/1733 1155/2176/1945
f 797/1102/936 1588/2147/1927 1154/2148/1928
f 797/1102/936 1226/1681/1556 1588/2147/1927
f 1225/1680/1555 1224/1679/1554 1386/1888/1720
f 1221/1676/1551 1386/1888/1720 1224/1679/1554
f 1605/2177/1946 1606/2178/1947 1222/1677/1552
f 1222/1677/1552 1606/2178/1947 1220/1675/1550
f 1219/1673/1548 1589/2149/1929 1221/1676/1551
f 1218/1672/1547 1368/2151/1702 1219/1673/1548
f 1217/1674/1549 1220/1675/1550 1607/2179/1933
f 1607/2179/1933 1220/1675/1550 1606/2178/1947
f 1358/1852/1692 1216/1671/1546 1214/1669/1544
f 1215/1670/1545 1145/2180/1478 1213/1668/1543
f 1213/1668/1543 1145/2180/1478 1144/2181/1477
f 1354/1848/1688 1214/1669/1544 1212/1667/1542
f 1210/1665/1540 1213/1668/1543 1142/2182/1475
f 1352/1844/1686 1212/1667/1542 1211/1666/1541
f 1211/1666/1541 1209/1662/1539 1208/1661/1538
f 1208/1660/1538 1206/1658/1536 1351/1842/1685
f 1205/2155/1535 1207/2183/1537 1140/2184/1473
f 1351/1842/1685 1206/1658/1536 1203/1654/1533
f 1204/2185/1534 1205/2186/1535 1138/1588/1471
f 1351/1842/1685 1203/1654/1533 1201/1652/1531
f 1200/1651/1530 1202/1653/1532 1129/1577/1462
f 1349/1840/1683 1201/1652/1531 1198/1649/1528
f 1199/1650/1529 1200/1651/1530 1124/1572/1457
f 1347/1838/1681 1198/1649/1528 1196/1647/1526
f 1197/1648/1527 1123/1571/1456 1194/1645/1524
f 1194/1645/1524 1123/1571/1456 1603/2187/1948
f 1345/1836/1679 1193/1644/1523 1191/1642/1521
f 1343/1834/1677 1191/1642/1521 1189/1639/1519
f 1342/1833/1676 1189/1639/1519 1188/1638/1518
f 1186/1635/1516 1185/1634/1515 1188/1637/1518
f 1181/1630/1511 1593/2161/1936 1185/1634/1515
f 1180/1629/1510 1321/1810/1655 1181/1630/1511
f 1178/1627/1508 1176/1625/1506 1318/1807/1652
f 1183/1632/1513 1184/1633/1514 1177/1626/1507
f 1177/1626/1507 1184/1633/1514 1175/1624/1505
f 1176/1625/1506 1174/1623/1504 1317/1805/1651
f 1184/1633/1514 1117/1563/1450 1175/1624/1505
f 1175/1624/1505 1117/1563/1450 1120/1565/1452
f 1174/1623/1504 1173/1622/1503 1316/1806/1650
f 1172/1620/1502 1315/1803/1649 1173/1621/1503
f 1171/1619/1501 1314/1802/1648 1172/1620/1502
f 1121/1570/1455 1195/1646/1525 1122/1569/1454
f 1122/1569/1454 1195/1646/1525 1170/1618/1500
f 1168/1617/1499 1304/1780/1638 1171/1619/1501
f 1195/1646/1525 1603/2187/1948 1170/1618/1500
f 1170/1618/1500 1603/2187/1948 1169/1616/1498
f 1603/2187/1948 1123/1571/1456 1169/1616/1498
f 1169/1616/1498 1123/1571/1456 1126/1573/1458
f 1167/1615/1497 1166/1614/1496 1303/1779/1637
f 1165/1613/1495 1303/1779/1637 1166/1614/1496
f 1164/1612/1494 1311/1794/1645 1165/1613/1495
f 1163/1611/1493 1162/1796/1492 1164/1612/1494
f 1162/1609/1492 1161/1608/1491 1292/1764/1626
f 1161/1608/1491 1159/1606/1489 1289/1761/1623
f 1134/1584/1467 1158/1605/1488 1160/1607/1490
f 1134/1584/1467 1115/1561/1448 1158/1605/1488
f 1159/1606/1489 1156/1603/1486 1286/1757/1620
f 1158/1605/1488 1116/1562/1449 1157/1604/1487
f 1156/1603/1486 1152/1599/1482 1287/1759/1621
f 1287/1759/1621 1152/1599/1482 1614/1800/1647
f 1614/1800/1647 1152/1599/1482 1613/1601/1484
f 800/1106/938 799/1104/937 1153/1600/1483
f 1153/1600/1483 799/1104/937 1612/1602/1485
f 1412/1920/1750 1266/1732/1599 1276/1745/1609
f 1276/1745/1609 1266/1732/1599 1268/1735/1601
f 1266/1732/1599 1249/1711/1582 1268/1735/1601
f 1151/1684/1559 1266/1732/1599 1228/1682/1557
f 1228/1682/1557 1266/1732/1599 1412/1920/1750
f 1151/1684/1559 1251/1713/1584 1266/1732/1599
f 1150/1685/1560 1253/1715/1586 1151/1684/1559
f 1255/1719/1588 1150/1688/1560 1149/1689/1562
f 1229/1687/1561 1421/1931/1759 1149/1689/1562
f 1149/1689/1562 1421/1931/1759 1260/1724/1593
f 1257/1721/1590 1149/1689/1562 1260/1724/1593
f 1421/1931/1759 1422/1932/1760 1260/1724/1593
f 1260/1724/1593 1422/1932/1760 1585/2188/1949
f 1259/1723/1592 1260/1724/1593 1585/2188/1949
f 1222/1677/1552 1223/1678/1553 1605/2177/1946
f 1605/2177/1946 1223/1678/1553 1604/2189/1950
f 1223/1678/1553 798/1098/934 1604/2189/1950
f 1604/2189/1950 798/1098/934 801/1096/932
f 1147/1597/1480 1146/1596/1479 1148/1598/1481
f 1147/1597/1480 1143/1593/1476 1146/1596/1479
f 1137/1587/1470 1143/1593/1476 1147/1597/1480
f 1213/1668/1543 1144/2181/1477 1142/2182/1475
f 1210/1665/1540 1142/2182/1475 1141/1664/1474
f 1207/2190/1537 1141/2191/1474 1140/2146/1473
f 1205/2186/1535 1140/1590/1473 1138/1588/1471
f 1137/1587/1470 1139/1589/1472 1143/1593/1476
f 1204/2185/1534 1138/1588/1471 1136/1586/1469
f 1110/1556/1443 1137/1587/1470 1147/1597/1480
f 1135/1585/1468 1204/2185/1534 1136/1586/1469
f 1200/1651/1530 1129/1577/1462 1127/1575/1460
f 1200/1651/1530 1127/1575/1460 1124/1572/1457
f 1199/1650/1529 1124/1572/1457 1123/1571/1456
f 1194/1645/1524 1603/2187/1948 1195/1646/1525
f 1192/1643/1522 1195/1646/1525 1121/1570/1455
f 1190/1641/1520 1121/1570/1455 1118/1568/1451
f 1117/1563/1450 1187/1636/1517 1118/1564/1451
f 1158/1605/1488 1115/1561/1448 1116/1562/1449
f 1157/1604/1487 1116/1562/1449 800/1106/938
f 1113/1559/1446 1147/1597/1480 1114/1560/1447
f 1111/1557/1444 802/1097/933 1116/1562/1449
f 1116/1562/1449 802/1097/933 800/1106/938
f 1110/1556/1443 1147/1597/1480 1113/1559/1446
f 1133/1582/1466 1110/1556/1443 1112/1558/1445
f 1430/1944/1770 1435/1949/1774 1431/1943/1769
f 1435/1949/1774 1611/1950/1775 1431/1943/1769
f 1611/1950/1775 1359/1853/1693 1431/1943/1769
f 1487/2192/931 1621/2193/931 1422/1932/1760
f 1422/1932/1760 1621/2193/931 1585/2188/1949
f 1622/2194/931 1183/1632/1513 1621/2193/931
f 1621/2193/931 1183/1632/1513 1177/1626/1507
f 1177/1626/1507 1178/1627/1508 1621/2193/931
f 1585/2188/1949 1621/2193/931 1259/1723/1592
f 1178/1627/1508 1319/1808/1653 1621/2193/931
f 1259/1723/1592 1621/2193/931 1258/1722/1591
f 1319/1808/1653 1230/1692/1565 1621/2193/931
f 1258/1722/1591 1621/2193/931 1261/1725/1594
f 1230/1692/1565 1233/1693/1566 1621/2193/931
f 1261/1725/1594 1621/2193/931 1233/1693/1566
f 1183/1632/1513 1622/2194/931 1179/1628/1509
f 1179/1628/1509 1622/2194/931 1180/1629/1510
f 1422/1932/1760 1420/1930/1758 1487/2192/931
f 1180/1629/1510 1622/2194/931 1320/1809/1654
f 1420/1930/1758 1419/1929/1757 1487/2192/931
f 1320/1809/1654 1622/2194/931 1322/1811/1656
f 1419/1929/1757 1486/2012/1826 1487/2192/931
f 1322/1811/1656 1622/2194/931 1324/1813/1658
f 1486/2012/1826 1485/2013/1827 1487/2192/931
f 1324/1813/1658 1622/2194/931 1327/1816/1661
f 1327/1816/1661 1622/2194/931 1329/1818/1663
f 1485/2013/1827 1528/2064/1868 1487/2192/931
f 1528/2064/1868 1527/2063/1867 1487/2192/931
f 1329/1818/1663 1622/2194/931 1331/1820/1665
f 1527/2063/1867 1564/2106/1904 1487/2192/931
f 1331/1820/1665 1622/2194/931 1424/1933/1761
f 1622/2194/931 1423/2195/931 1424/1933/1761
f 1424/1933/1761 1423/2195/931 1489/2015/1829
f 1489/2015/1829 1423/2195/931 1490/2016/1830
f 1490/2016/1830 1423/2195/931 1530/2066/1870
f 1530/2066/1870 1423/2195/931 1531/2068/1872
f 1531/2068/1872 1423/2195/931 1572/2114/1912
f 1564/2106/1904 1563/2105/1903 1487/2192/931
f 1487/2192/931 1563/2105/1903 1423/2195/931
f 1572/2114/1912 1423/2195/931 1570/2112/1910
f 1563/2105/1903 1566/2108/1906 1423/2195/931
f 1566/2108/1906 1568/2109/1907 1423/2195/931
f 1423/2195/931 1568/2109/1907 1570/2112/1910
f 1604/2189/1950 801/1096/932 1114/1560/1447
f 1114/1560/1447 801/1096/932 802/1097/933
f 1605/2177/1946 1604/2189/1950 1148/1598/1481
f 1148/1598/1481 1604/2189/1950 1114/1560/1447
f 1148/1598/1481 1146/1596/1479 1605/2177/1946
f 1605/2177/1946 1146/1596/1479 1606/2178/1947
f 1607/2179/1933 1606/2178/1947 1145/1595/1478
f 1145/1595/1478 1606/2178/1947 1146/1596/1479
f 1608/2157/1932 1607/2158/1933 1215/1670/1545
f 1215/1670/1545 1607/2158/1933 1145/2180/1478
f 1609/2156/1931 1608/2157/1932 1216/1671/1546
f 1216/1671/1546 1608/2157/1932 1215/1670/1545
f 1610/1951/1776 1609/2156/1931 1358/1852/1692
f 1358/1852/1692 1609/2156/1931 1216/1671/1546
f 1611/1950/1775 1610/1951/1776 1359/1853/1693
f 1359/1853/1693 1610/1951/1776 1358/1852/1692
f 799/1104/937 797/1102/936 1612/1602/1485
f 1612/1602/1485 797/1102/936 1154/2148/1928
f 1613/1601/1484 1612/1602/1485 1155/2176/1945
f 1155/2176/1945 1612/1602/1485 1154/2148/1928
f 1614/1800/1647 1613/1601/1484 1313/1899/1731
f 1313/1899/1731 1613/1601/1484 1155/2176/1945
f 1615/1801/1619 1614/1800/1647 1284/1900/1732
f 1284/1900/1732 1614/1800/1647 1313/1899/1731
f 1616/1754/1618 1615/1755/1619 1285/1908/1738
f 1285/1908/1738 1615/1755/1619 1284/2143/1732
f 1617/1749/1613 1616/1754/1618 1279/2175/1944
f 1279/2175/1944 1616/1754/1618 1285/1908/1738
f 1618/1744/1608 1617/1749/1613 1274/1911/1741
f 1274/1911/1741 1617/1749/1613 1279/2175/1944
f 1619/1743/1607 1618/1744/1608 1275/1746/1610
f 1275/1746/1610 1618/1744/1608 1274/1911/1741
f 1622/2196/75 1621/2197/75 1626/2198/75
f 1626/2198/75 1621/2197/75 1623/2199/75
f 1487/2200/340 1423/2201/340 1625/2202/340
f 1625/2202/340 1423/2201/340 1624/2203/340
f 1621/2204/128 1487/2205/128 1623/2206/128
f 1623/2206/128 1487/2205/128 1625/2207/128
f 1423/2208/1296 1622/2209/1296 1624/2210/1296
f 1624/2210/1296 1622/2209/1296 1626/2211/1296
f 1626/2212/154 1623/2213/154 1620/2214/154
f 1625/2215/154 1624/2216/154 1620/2214/154
f 1623/2213/154 1625/2215/154 1620/2214/154
f 1624/2216/154 1626/2212/154 1620/2214/154
f 1627/2217/1951 1628/2218/1952 1630/2219/1953
f 1630/2219/1953 1628/2218/1952 1629/2220/1954
f 1628/2218/1952 1631/2221/1955 1629/2220/1954
f 1629/2220/1954 1631/2221/1955 1632/2222/1956
f 1631/2221/1955 1633/2223/1957 1632/2222/1956
f 1632/2222/1956 1633/2223/1957 1634/2224/1958
f 1635/2225/1959 1660/2226/1960 1636/2227/1961
f 1636/2227/1961 1660/2226/1960 1661/2228/1962
f 1661/2228/1962 1627/2217/1951 1636/2227/1961
f 1636/2227/1961 1627/2217/1951 1630/2219/1953
f 1661/2228/1962 1662/2229/1963 1627/2217/1951
f 1662/2229/1963 1663/2230/1964 1627/2217/1951
f 1664/2231/1965 1665/2232/1966 1663/2230/1965
f 1663/2230/1965 1665/2232/1966 1666/2233/1967
f 1627/2217/1951 1663/2230/1964 1628/2218/1952
f 1628/2218/1952 1663/2230/1964 1666/2233/1968
f 1666/2233/1968 1667/2234/1969 1628/2218/1952
f 1668/2235/1970 1667/2234/1971 1666/2233/1967
f 1669/2236/1972 1667/2234/1971 1668/2235/1970
f 1669/2236/1972 1670/2237/1973 1667/2234/1971
f 1667/2234/1969 1670/2237/1974 1631/2221/1955
f 1631/2221/1955 1670/2237/1974 1633/2223/1957
f 1671/2238/1975 1672/2239/1976 1670/2237/1974
f 1670/2237/1974 1672/2239/1976 1633/2223/1957
f 1633/2223/1957 1672/2239/1976 1634/2224/1958
f 1634/2224/1958 1672/2239/1976 1637/2240/1977
f 1671/2241/1975 1673/2242/1978 1672/2243/1976
f 1672/2243/1976 1673/2242/1978 1674/2244/1979
f 1672/2243/1976 1674/2244/1979 1637/2245/1977
f 1637/2245/1977 1674/2244/1979 1638/2246/1980
f 1674/2244/1979 1673/2242/1978 1675/2247/1981
f 1674/2244/1979 1675/2247/1981 1676/2248/1982
f 1674/2244/1979 1676/2248/1982 1638/2246/1980
f 1638/2246/1980 1676/2248/1982 1639/2249/1983
f 1676/2248/1982 1675/2247/1981 1677/2250/1984
f 1676/2248/1982 1677/2250/1984 1678/2251/1985
f 1676/2248/1982 1678/2251/1985 1639/2249/1983
f 1639/2249/1983 1678/2251/1985 1640/2252/1986
f 1641/2253/1987 1679/2254/1988 1642/2255/1989
f 1642/2255/1989 1679/2254/1988 1680/2256/1990
f 1640/2252/1986 1678/2251/1985 1641/2253/1987
f 1641/2253/1987 1678/2251/1985 1679/2254/1988
f 1642/2255/1989 1680/2256/1990 1643/2257/1991
f 1643/2257/1991 1680/2256/1990 1681/2258/1992
f 1643/2257/1991 1681/2258/1992 1644/2259/1993
f 1644/2259/1993 1681/2258/1992 1682/2260/1994
f 1645/2261/1995 1644/2262/1993 1683/2263/1996
f 1683/2263/1996 1644/2262/1993 1682/2264/1994
f 1646/2265/1997 1645/2261/1995 1684/2266/1998
f 1684/2266/1998 1645/2261/1995 1683/2263/1996
f 1647/2267/1999 1646/2265/1997 1685/2268/2000
f 1685/2268/2000 1646/2265/1997 1684/2266/1998
f 1651/2269/2001 1686/2270/2002 1652/2271/2003
f 1652/2271/2003 1686/2270/2002 1687/2272/2004
f 1686/2270/2002 1688/2273/2005 1687/2272/2004
f 1687/2272/2004 1688/2273/2005 1689/2274/2006
f 1688/2275/2007 1690/2276/2008 1689/2277/2009
f 1688/2275/2007 1691/2278/2010 1690/2276/2008
f 1691/2278/2011 1692/2279/2012 1690/2276/2013
f 1691/2278/2011 1693/2280/2014 1692/2279/2012
f 1694/2281/2015 1695/2282/2016 1696/2283/2017
f 1694/2281/2015 1696/2283/2017 1697/2284/2018
f 1698/2285/2019 1694/2286/2019 1697/2287/2020
f 1698/2285/2019 1697/2287/2020 1699/2288/2021
f 1699/2288/2022 1700/2289/2023 1698/2285/2024
f 1701/2290/2025 1700/2289/2023 1699/2288/2022
f 1701/2290/2025 1649/2291/2026 1700/2289/2023
f 1700/2289/2023 1649/2291/2026 1648/2292/2027
f 1702/2293/2028 1650/2294/2029 1701/2290/2025
f 1701/2290/2025 1650/2294/2029 1649/2291/2026
f 1686/2295/2002 1651/2296/2001 1702/2293/2028
f 1702/2293/2028 1651/2296/2001 1650/2294/2029
f 1702/2293/2028 1701/2290/2025 1703/2297/2030
f 1688/2298/2005 1686/2295/2002 1703/2297/2030
f 1703/2297/2030 1686/2295/2002 1702/2293/2028
f 1648/2292/2027 1647/2267/1999 1700/2289/2023
f 1700/2289/2023 1647/2267/1999 1685/2268/2000
f 1703/2297/2030 1701/2290/2025 1699/2288/2022
f 1699/2288/2021 1704/2299/2031 1703/2297/2032
f 1703/2300/2032 1704/2301/2031 1691/2278/2010
f 1699/2288/2021 1697/2287/2020 1704/2299/2031
f 1697/2284/2018 1705/2302/2033 1704/2301/2034
f 1704/2301/2034 1705/2302/2033 1693/2280/2014
f 1706/2303/2035 1707/2304/2036 1708/2305/2037
f 1706/2303/2035 1708/2305/2037 1709/2306/2038
f 1710/2307/2039 1706/2308/2040 1709/2309/2041
f 1710/2307/2039 1709/2309/2041 1711/2310/2042
f 1712/2311/2043 1710/2307/2044 1711/2310/2045
f 1712/2311/2043 1711/2310/2045 1713/2312/2046
f 1712/2311/2043 1713/2312/2046 1653/2313/2047
f 1653/2313/2047 1713/2312/2046 1654/2314/2048
f 1713/2312/2046 1711/2310/2045 1715/2315/2049
f 1715/2315/2049 1711/2310/2045 1714/2316/2050
f 1715/2315/2049 1714/2316/2050 1716/2317/2051
f 1716/2317/2051 1714/2316/2050 1717/2318/2052
f 1716/2317/2051 1717/2318/2052 1718/2319/2053
f 1718/2319/2053 1717/2318/2052 1719/2320/2054
f 1718/2319/2053 1719/2320/2054 1721/2321/2055
f 1721/2321/2055 1719/2320/2054 1720/2322/2056
f 1720/2323/2056 1722/2324/2057 1721/2325/2055
f 1721/2325/2055 1722/2324/2057 1660/2226/1960
f 1723/2326/2058 1722/2327/2059 1720/2328/2060
f 1723/2326/2058 1724/2329/2061 1722/2327/2059
f 1724/2330/2061 1662/2229/2062 1722/2324/2059
f 1724/2330/2061 1725/2331/2063 1662/2229/2062
f 1726/2332/2064 1725/2333/2065 1724/2329/2066
f 1726/2332/2064 1727/2334/2067 1725/2333/2065
f 1727/2334/2067 1664/2335/2068 1725/2333/2065
f 1727/2334/2067 1728/2336/2069 1664/2335/2068
f 1729/2337/2070 1665/2338/2071 1730/2339/2072
f 1729/2337/2070 1668/2340/2073 1665/2338/2071
f 1731/2341/2074 1668/2340/2073 1729/2337/2070
f 1732/2342/2075 1669/2343/2076 1731/2341/2074
f 1732/2342/2075 1733/2344/2077 1669/2343/2076
f 1734/2345/2078 1733/2344/2077 1732/2342/2075
f 1734/2345/2078 1735/2346/2079 1733/2344/2077
f 1735/2346/2080 1671/2347/2081 1733/2344/2082
f 1736/2348/2083 1735/2346/2079 1734/2345/2078
f 1736/2348/2083 1737/2349/2084 1735/2346/2079
f 1737/2350/2085 1673/2242/2086 1735/2351/2080
f 1738/2352/2087 1737/2349/2084 1736/2348/2083
f 1738/2352/2087 1739/2353/2088 1737/2349/2084
f 1739/2354/2089 1675/2247/2090 1737/2350/2085
f 1740/2355/2091 1741/2356/2092 1738/2352/2087
f 1738/2352/2087 1741/2356/2092 1739/2353/2088
f 1742/2357/2093 1741/2356/2092 1740/2355/2091
f 1742/2357/2093 1740/2355/2091 1743/2358/2094
f 1744/2359/2095 1742/2357/2093 1743/2358/2094
f 1744/2359/2095 1743/2358/2094 1745/2360/2096
f 1746/2361/2097 1744/2359/2095 1745/2360/2096
f 1746/2361/2097 1745/2360/2096 1747/2362/2098
f 1748/2363/2099 1746/2361/2097 1747/2362/2098
f 1748/2363/2099 1747/2362/2098 1749/2364/2100
f 1750/2365/2101 1748/2363/2099 1749/2364/2100
f 1750/2365/2101 1749/2364/2100 1751/2366/2102
f 1752/2367/2103 1750/2365/2101 1751/2366/2102
f 1752/2367/2103 1751/2366/2102 1753/2368/2104
f 1752/2367/2103 1753/2368/2104 1694/2281/2015
f 1694/2281/2015 1753/2368/2104 1695/2282/2016
f 1754/2369/2105 1752/2370/2106 1698/2285/2019
f 1698/2285/2019 1752/2370/2106 1694/2286/2019
f 1685/2268/2000 1754/2369/2107 1700/2289/2023
f 1700/2289/2023 1754/2369/2107 1698/2285/2024
f 1754/2369/2105 1750/2371/2108 1752/2370/2106
f 1754/2369/2105 1755/2372/2109 1750/2371/2108
f 1754/2369/2107 1685/2268/2000 1755/2372/2110
f 1755/2372/2109 1748/2373/2111 1750/2371/2108
f 1755/2372/2109 1756/2374/2112 1748/2373/2111
f 1755/2372/2110 1684/2266/1998 1756/2374/2113
f 1756/2375/2112 1746/2361/2114 1748/2363/2111
f 1756/2375/2112 1757/2376/2115 1746/2361/2114
f 1683/2263/1996 1682/2264/1994 1756/2374/2113
f 1756/2374/2113 1682/2264/1994 1757/2377/2116
f 1757/2376/2115 1744/2359/2117 1746/2361/2114
f 1757/2376/2115 1758/2378/2118 1744/2359/2117
f 1682/2260/1994 1681/2258/1992 1757/2379/2116
f 1757/2379/2116 1681/2258/1992 1758/2380/2119
f 1758/2380/2118 1742/2381/2120 1744/2382/2117
f 1758/2380/2118 1759/2383/2121 1742/2381/2120
f 1681/2258/1992 1759/2383/2122 1758/2380/2119
f 1759/2383/2121 1741/2384/2123 1742/2381/2120
f 1759/2383/2121 1760/2385/2124 1741/2384/2123
f 1680/2256/1990 1760/2385/2125 1759/2383/2122
f 1679/2254/1988 1678/2251/1985 1760/2385/2125
f 1760/2385/2125 1678/2251/1985 1677/2250/1984
f 1677/2250/2126 1739/2354/2089 1760/2385/2124
f 1760/2385/2124 1739/2354/2089 1741/2384/2123
f 1761/2386/2127 1762/2387/2128 1708/2305/2037
f 1708/2305/2037 1762/2387/2128 1709/2306/2038
f 1714/2316/2129 1711/2310/2042 1762/2388/2130
f 1762/2388/2130 1711/2310/2042 1709/2309/2041
f 1761/2386/2127 1763/2389/2131 1762/2387/2128
f 1762/2388/2130 1763/2390/2132 1717/2318/2133
f 1761/2386/2127 1764/2391/2134 1763/2389/2131
f 1764/2391/2134 1765/2392/2135 1763/2389/2131
f 1764/2391/2134 1766/2393/2136 1765/2392/2135
f 1766/2393/2136 1723/2326/2137 1765/2392/2135
f 1766/2393/2136 1767/2394/2138 1723/2326/2137
f 1763/2390/2132 1765/2351/2139 1719/2320/2140
f 1730/2339/2072 1665/2338/2071 1728/2336/2069
f 1728/2336/2069 1665/2338/2071 1664/2335/2068
f 1767/2394/2138 1726/2332/2064 1724/2329/2066
f 1767/2394/2138 1724/2329/2066 1723/2326/2137
f 1765/2392/2139 1723/2326/2058 1720/2328/2060
f 1765/2392/2139 1720/2328/2060 1719/2395/2140
f 1659/2396/2141 1658/2397/2142 1721/2321/2055
f 1721/2321/2055 1658/2397/2142 1718/2319/2053
f 1721/2325/2055 1660/2226/1960 1659/2398/2141
f 1659/2398/2141 1660/2226/1960 1635/2225/1959
f 1657/2399/2143 1716/2317/2051 1658/2397/2142
f 1658/2397/2142 1716/2317/2051 1718/2319/2053
f 1763/2390/2132 1719/2320/2140 1717/2318/2133
f 1762/2388/2130 1717/2318/2133 1714/2316/2129
f 1715/2315/2049 1656/2400/2144 1713/2312/2046
f 1656/2400/2144 1655/2401/75 1713/2312/2046
f 1655/2401/75 1654/2314/2048 1713/2312/2046
f 1687/2272/2004 1712/2311/2043 1652/2271/2003
f 1652/2271/2003 1712/2311/2043 1653/2313/2047
f 1687/2272/2004 1710/2307/2044 1712/2311/2043
f 1689/2274/2009 1706/2308/2040 1710/2307/2039
f 1690/2276/2013 1707/2304/2036 1706/2303/2035
f 1697/2284/2018 1696/2283/2017 1705/2302/2033
f 1696/2283/2017 1695/2282/2016 1705/2302/2033
f 1705/2302/2033 1695/2282/2016 1693/2280/2014
f 1693/2280/2014 1695/2282/2016 1692/2279/2012
f 1692/2279/2012 1695/2282/2016 1707/2304/2036
f 1707/2304/2036 1695/2282/2016 1708/2305/2037
f 1695/2282/2016 1753/2368/2104 1708/2305/2037
f 1708/2305/2037 1753/2368/2104 1761/2386/2127
f 1761/2386/2127 1753/2368/2104 1764/2391/2134
f 1764/2391/2134 1753/2368/2104 1766/2393/2136
f 1766/2393/2136 1753/2368/2104 1767/2394/2138
f 1767/2394/2138 1753/2368/2104 1726/2332/2064
f 1726/2332/2064 1753/2368/2104 1727/2334/2067
f 1727/2334/2067 1753/2368/2104 1728/2336/2069
f 1753/2368/2104 1751/2366/2102 1728/2336/2069
f 1751/2366/2102 1749/2364/2100 1728/2336/2069
f 1749/2364/2100 1747/2362/2098 1728/2336/2069
f 1747/2362/2098 1745/2360/2096 1728/2336/2069
f 1745/2360/2096 1743/2358/2094 1728/2336/2069
f 1743/2358/2094 1740/2355/2091 1728/2336/2069
f 1736/2348/2083 1734/2345/2078 1738/2352/2087
f 1734/2345/2078 1732/2342/2075 1738/2352/2087
f 1732/2342/2075 1731/2341/2074 1738/2352/2087
f 1731/2341/2074 1729/2337/2070 1738/2352/2087
f 1729/2337/2070 1730/2339/2072 1738/2352/2087
f 1738/2352/2087 1730/2339/2072 1740/2355/2091
f 1740/2355/2091 1730/2339/2072 1728/2336/2069
f 1704/2301/2034 1693/2280/2014 1691/2278/2011
f 1690/2276/2013 1692/2279/2012 1707/2304/2036
f 1703/2300/2032 1691/2278/2010 1688/2275/2007
f 1689/2274/2009 1690/2402/2008 1706/2308/2040
f 1687/2272/2004 1689/2274/2006 1710/2307/2044
f 1685/2268/2000 1684/2266/1998 1755/2372/2110
f 1684/2266/1998 1683/2263/1996 1756/2374/2113
f 1680/2256/1990 1759/2383/2122 1681/2258/1992
f 1679/2254/1988 1760/2385/2125 1680/2256/1990
f 1739/2354/2089 1677/2250/2126 1675/2247/2090
f 1737/2350/2085 1675/2247/2090 1673/2242/2086
f 1735/2346/2080 1673/2403/2086 1671/2347/2081
f 1733/2344/2082 1671/2347/2081 1670/2404/1973
f 1733/2344/2082 1670/2404/1973 1669/2343/1972
f 1731/2341/2074 1669/2343/2076 1668/2340/2073
f 1668/2235/1970 1666/2233/1967 1665/2232/1966
f 1725/2331/2063 1664/2231/1965 1663/2230/1965
f 1725/2331/2063 1663/2230/1965 1662/2229/2062
f 1722/2324/2057 1662/2229/1963 1661/2228/1962
f 1660/2226/1960 1722/2324/2057 1661/2228/1962
f 1656/2400/2144 1715/2315/2049 1657/2399/2143
f 1657/2399/2143 1715/2315/2049 1716/2317/2051
f 1628/2218/1952 1667/2234/1969 1631/2221/1955
f 1768/2405/2145 1769/2406/2146 1771/2407/2147
f 1771/2407/2147 1769/2406/2146 1770/2408/2148
f 1771/2407/2147 1770/2408/2148 1773/2409/2149
f 1773/2409/2149 1770/2408/2148 1772/2410/2150
f 1774/2411/2151 1775/2412/2152 1772/2413/2153
f 1772/2413/2153 1775/2412/2152 1773/2414/2154
f 1776/2415/2155 1777/2416/2156 1780/2417/2157
f 1779/2418/2158 1780/2417/2157 1778/2419/340
f 1777/2416/2156 1778/2419/340 1780/2417/2157
f 1780/2417/2157 1781/2420/2159 1776/2415/2155
f 1776/2415/2155 1781/2420/2159 1782/2421/2160
f 1781/2422/2161 1783/2423/2162 1782/2424/2163
f 1782/2424/2163 1783/2423/2162 1784/2425/2164
f 1785/2426/2165 1786/2427/2166 1788/2428/2167
f 1788/2428/2167 1786/2427/2166 1787/2429/2168
f 1788/2428/2167 1787/2429/2168 1790/2430/2169
f 1790/2430/2169 1787/2429/2168 1789/2431/2170
f 1789/2432/2171 1791/2433/2172 1790/2434/2173
f 1790/2434/2173 1791/2433/2172 1792/2435/2174
f 1794/2436/2175 1791/2433/2172 1793/2437/2176
f 1793/2437/2176 1791/2433/2172 1789/2432/2171
f 1795/2438/2177 1794/2436/2175 1844/2439/2178
f 1844/2439/2178 1794/2436/2175 1793/2437/2176
f 1796/2440/2179 1797/2441/2180 1844/2439/2178
f 1844/2439/2178 1797/2441/2180 1795/2438/2177
f 1805/2442/2181 1806/2443/2182 1807/2444/2183
f 1807/2444/2183 1806/2443/2182 1808/2445/2184
f 1808/2445/2184 1806/2443/2182 1810/2446/2185
f 1810/2446/2185 1806/2443/2182 1809/2447/2186
f 1810/2446/2185 1809/2447/2186 1811/2448/2187
f 1811/2448/2187 1809/2447/2186 1857/2449/2188
f 1857/2449/2188 1812/2450/2189 1811/2448/2187
f 1811/2448/2187 1812/2450/2189 1813/2451/2190
f 1813/2451/2190 1812/2450/2189 1814/2452/2191
f 1814/2452/2191 1812/2450/2189 1815/2453/2192
f 1814/2452/2191 1815/2453/2192 1784/2425/2164
f 1784/2425/2164 1815/2453/2192 1782/2424/2163
f 1816/2454/2193 1815/2455/2194 1817/2456/2195
f 1817/2456/2195 1815/2455/2194 1812/2457/2196
f 1816/2454/2193 1817/2456/2195 1819/2458/2197
f 1819/2458/2197 1817/2456/2195 1818/2459/2198
f 1820/2460/2199 1821/2461/2200 1823/2462/2201
f 1823/2462/2201 1821/2461/2200 1822/2463/2202
f 1834/2464/2203 1842/2465/2204 1835/2466/2205
f 1835/2466/2205 1842/2465/2204 1843/2467/2206
f 1843/2467/2206 1796/2468/2207 1845/2469/2208
f 1845/2469/2208 1796/2468/2207 1844/2470/2209
f 1843/2467/2206 1845/2469/2208 1835/2466/2205
f 1835/2466/2205 1845/2469/2208 1836/2471/2210
f 1845/2469/2208 1844/2470/2209 1846/2472/2211
f 1846/2472/2211 1844/2470/2209 1793/2473/2212
f 1845/2469/2208 1846/2472/2211 1836/2471/2210
f 1836/2471/2210 1846/2472/2211 1837/2474/2213
f 1846/2472/2211 1787/2475/2168 1837/2474/2213
f 1837/2474/2213 1787/2475/2168 1786/2476/2166
f 1793/2473/2212 1789/2477/2170 1846/2472/2211
f 1846/2472/2211 1789/2477/2170 1787/2475/2168
f 1842/2465/2204 1798/2478/2214 1843/2467/2206
f 1843/2467/2206 1798/2478/2214 1796/2468/2207
f 1834/2464/2203 1833/2479/2215 1842/2465/2204
f 1842/2465/2204 1833/2479/2215 1847/2480/2216
f 1799/2481/2217 1798/2478/2214 1847/2480/2216
f 1847/2480/2216 1798/2478/2214 1842/2465/2204
f 1833/2479/2215 1832/2482/2218 1847/2480/2216
f 1847/2480/2216 1832/2482/2218 1848/2483/2219
f 1800/2484/2220 1799/2481/2217 1848/2483/2219
f 1848/2483/2219 1799/2481/2217 1847/2480/2216
f 1832/2482/2218 1831/2485/2221 1848/2483/2219
f 1848/2483/2219 1831/2485/2221 1849/2486/2222
f 1849/2486/2222 1801/2487/2223 1848/2483/2219
f 1848/2483/2219 1801/2487/2223 1800/2484/2220
f 1850/2488/2224 1849/2489/2222 1830/2490/2225
f 1830/2490/2225 1849/2489/2222 1831/2491/2221
f 1850/2488/2224 1802/2492/2226 1849/2489/2222
f 1849/2489/2222 1802/2492/2226 1801/2493/2223
f 1851/2494/2227 1850/2488/2224 1829/2495/2228
f 1829/2495/2228 1850/2488/2224 1830/2490/2225
f 1851/2494/2227 1803/2496/2229 1850/2488/2224
f 1850/2488/2224 1803/2496/2229 1802/2492/2226
f 1852/2497/2230 1851/2494/2227 1828/2498/2231
f 1828/2498/2231 1851/2494/2227 1829/2495/2228
f 1852/2497/2230 1804/2499/2232 1851/2494/2227
f 1851/2494/2227 1804/2499/2232 1803/2496/2229
f 1826/2500/2233 1853/2501/2234 1827/2502/2235
f 1827/2502/2235 1853/2501/2234 1854/2503/2236
f 1806/2504/2237 1805/2505/2238 1853/2501/2234
f 1853/2501/2234 1805/2505/2238 1854/2503/2236
f 1855/2506/2239 1853/2501/2234 1825/2507/2240
f 1825/2507/2240 1853/2501/2234 1826/2500/2233
f 1809/2508/2241 1806/2504/2237 1855/2506/2239
f 1855/2506/2239 1806/2504/2237 1853/2501/2234
f 1857/2509/2242 1809/2508/2241 1856/2510/2243
f 1856/2510/2243 1809/2508/2241 1855/2506/2239
f 1812/2457/2196 1857/2511/2242 1817/2456/2195
f 1817/2456/2195 1857/2511/2242 1856/2512/2243
f 1856/2510/2243 1855/2506/2239 1824/2513/2244
f 1824/2513/2244 1855/2506/2239 1825/2507/2240
f 1818/2459/2198 1817/2456/2195 1824/2514/2244
f 1824/2514/2244 1817/2456/2195 1856/2512/2243
f 1854/2503/2236 1852/2497/2230 1827/2502/2235
f 1827/2502/2235 1852/2497/2230 1828/2498/2231
f 1854/2503/2236 1805/2505/2238 1852/2497/2230
f 1852/2497/2230 1805/2505/2238 1804/2499/2232
f 1822/2463/2202 1858/2515/2245 1823/2462/2201
f 1823/2462/2201 1858/2515/2245 1868/2516/2246
f 1823/2462/2201 1868/2516/2246 1859/2517/2247
f 1859/2517/2247 1868/2516/2246 1866/2518/2248
f 1859/2519/2247 1866/2520/2248 1861/2521/2249
f 1861/2521/2249 1866/2520/2248 1860/2522/2250
f 1860/2522/2250 1863/2523/2251 1861/2521/2249
f 1861/2521/2249 1863/2523/2251 1862/2524/2252
f 1863/2523/2251 1781/2420/2159 1862/2524/2252
f 1862/2524/2252 1781/2420/2159 1780/2417/2157
f 1860/2525/2253 1864/2526/2254 1863/2527/2255
f 1863/2527/2255 1864/2526/2254 1865/2528/2256
f 1781/2422/2161 1863/2527/2255 1783/2423/2162
f 1783/2423/2162 1863/2527/2255 1865/2528/2256
f 1866/2529/2257 1867/2530/2258 1860/2525/2253
f 1860/2525/2253 1867/2530/2258 1864/2526/2254
f 1866/2529/2257 1868/2531/2259 1867/2530/2258
f 1867/2530/2258 1868/2531/2259 1869/2532/2260
f 1868/2531/2259 1858/2533/2261 1869/2532/2260
f 1869/2532/2260 1858/2533/2261 1870/2534/2262
f 1872/2535/2263 1871/2536/2264 1858/2533/2261
f 1858/2533/2261 1871/2536/2264 1870/2534/2262
f 1841/2537/2265 1840/2538/2266 1862/2524/2252
f 1862/2524/2252 1840/2538/2266 1861/2521/2249
f 1862/2524/2252 1780/2417/2157 1841/2537/2265
f 1841/2537/2265 1780/2417/2157 1779/2418/2158
f 1840/2538/2266 1839/2539/2267 1861/2521/2249
f 1861/2521/2249 1839/2539/2267 1859/2519/2247
f 1839/2540/2267 1820/2460/2199 1859/2517/2247
f 1859/2517/2247 1820/2460/2199 1823/2462/2201
f 1858/2515/2245 1822/2463/2202 1872/2541/2268
f 1872/2541/2268 1822/2463/2202 1873/2542/2269
f 1821/2461/2200 1838/2543/2270 1822/2463/2202
f 1822/2463/2202 1838/2543/2270 1873/2542/2269
f 1776/2415/2155 1816/2454/2193 1777/2416/2156
f 1777/2416/2156 1816/2454/2193 1819/2458/2197
f 1776/2415/2155 1782/2421/2160 1816/2454/2193
f 1816/2454/2193 1782/2421/2160 1815/2455/2194
f 1874/2544/2271 1804/2545/2272 1807/2444/2183
f 1807/2444/2183 1804/2545/2272 1805/2442/2181
f 1875/2546/2273 1803/2547/2274 1874/2544/2271
f 1874/2544/2271 1803/2547/2274 1804/2545/2272
f 1876/2548/2275 1802/2549/2276 1875/2546/2273
f 1875/2546/2273 1802/2549/2276 1803/2547/2274
f 1876/2548/2275 1877/2550/2277 1802/2549/2276
f 1802/2549/2276 1877/2550/2277 1801/2551/2278
f 1878/2552/2279 1800/2553/2280 1877/2550/2277
f 1877/2550/2277 1800/2553/2280 1801/2551/2278
f 1878/2552/2279 1879/2554/2281 1800/2553/2280
f 1800/2553/2280 1879/2554/2281 1799/2555/2282
f 1879/2554/2281 1880/2556/2283 1799/2555/2282
f 1799/2555/2282 1880/2556/2283 1798/2557/2284
f 1880/2556/2283 1797/2441/2180 1798/2557/2284
f 1798/2557/2284 1797/2441/2180 1796/2440/2179
f 1790/2434/2173 1792/2435/2174 1772/2413/2153
f 1772/2413/2153 1792/2435/2174 1774/2411/2151
f 1770/2408/2148 1788/2428/2167 1772/2410/2150
f 1772/2410/2150 1788/2428/2167 1790/2430/2169
f 1770/2408/2148 1769/2406/2146 1788/2428/2167
f 1788/2428/2167 1769/2406/2146 1785/2426/2165
f 1872/2535/2263 1773/2414/2154 1871/2536/2264
f 1871/2536/2264 1773/2414/2154 1881/2558/2285
f 1773/2414/2154 1775/2412/2152 1881/2558/2285
f 1872/2541/2268 1873/2542/2269 1773/2409/2149
f 1773/2409/2149 1873/2542/2269 1771/2407/2147
f 1768/2405/2145 1771/2407/2147 1838/2543/2270
f 1838/2543/2270 1771/2407/2147 1873/2542/2269
f 1912/2559/2286 1914/2560/2287 1911/2561/2288
f 1911/2561/2288 1914/2560/2287 1913/2562/2289
f 1912/2559/2286 1911/2561/2288 1922/2563/2290
f 1922/2563/2290 1911/2561/2288 1921/2564/2291
f 1913/2562/2289 1914/2560/2287 1967/2565/2292
f 1967/2565/2292 1914/2560/2287 1968/2566/2293
f 1915/2567/2294 1916/2568/2295 1917/2569/2296
f 1917/2569/2296 1916/2568/2295 1918/2570/2297
f 1915/2567/2294 1943/2571/2298 1916/2568/2295
f 1916/2568/2295 1943/2571/2298 1944/2572/2299
f 1917/2569/2296 1918/2570/2297 1939/2573/2300
f 1939/2573/2300 1918/2570/2297 1940/2574/2301
f 1919/2575/2302 1920/2576/2303 1921/2564/2291
f 1921/2564/2291 1920/2576/2303 1922/2563/2290
f 1920/2576/2303 1919/2575/2302 1924/2577/2304
f 1924/2577/2304 1919/2575/2302 1923/2578/2305
f 1924/2577/2304 1923/2578/2305 1926/2579/2306
f 1926/2579/2306 1923/2578/2305 1925/2580/2307
f 1926/2579/2306 1925/2580/2307 1928/2581/2308
f 1928/2581/2308 1925/2580/2307 1927/2582/2309
f 1928/2581/2308 1927/2582/2309 1966/2583/2310
f 1966/2583/2310 1927/2582/2309 1965/2584/2311
f 1930/2585/2312 1932/2586/2313 1929/2587/2314
f 1929/2587/2314 1932/2586/2313 1931/2588/2315
f 1930/2585/2312 1929/2587/2314 1934/2589/2316
f 1934/2589/2316 1929/2587/2314 1933/2590/2317
f 1931/2588/2315 1932/2586/2313 1953/2591/2318
f 1953/2591/2318 1932/2586/2313 1954/2592/2319
f 1934/2589/2316 1933/2590/2317 1936/2593/2320
f 1936/2593/2320 1933/2590/2317 1935/2594/2321
f 1936/2593/2320 1935/2594/2321 1938/2595/2322
f 1938/2595/2322 1935/2594/2321 1937/2596/2323
f 1938/2595/2322 1937/2596/2323 1940/2574/2301
f 1940/2574/2301 1937/2596/2323 1939/2573/2300
f 1942/2597/2324 1944/2572/2299 1941/2598/2325
f 1941/2598/2325 1944/2572/2299 1943/2571/2298
f 1941/2598/2325 1945/2599/2326 1942/2597/2324
f 1942/2597/2324 1945/2599/2326 1946/2600/2327
f 1946/2600/2327 1945/2599/2326 1948/2601/2328
f 1948/2601/2328 1945/2599/2326 1947/2602/2329
f 1948/2601/2328 1947/2602/2329 1950/2603/2330
f 1950/2603/2330 1947/2602/2329 1949/2604/2331
f 1950/2603/2330 1949/2604/2331 1952/2605/2332
f 1952/2605/2332 1949/2604/2331 1951/2606/2333
f 1952/2605/2332 1951/2606/2333 1968/2566/2293
f 1968/2566/2293 1951/2606/2333 1967/2565/2292
f 1953/2591/2318 1954/2592/2319 1955/2607/2334
f 1955/2607/2334 1954/2592/2319 1956/2608/2335
f 1955/2607/2334 1956/2608/2335 1957/2609/2336
f 1957/2609/2336 1956/2608/2335 1958/2610/2337
f 1957/2609/2336 1958/2610/2337 1959/2611/2338
f 1959/2611/2338 1958/2610/2337 1960/2612/2339
f 1959/2611/2338 1960/2612/2339 1961/2613/2340
f 1961/2613/2340 1960/2612/2339 1962/2614/2341
f 1962/2614/2341 1964/2615/2342 1961/2613/2340
f 1961/2613/2340 1964/2615/2342 1963/2616/2343
f 1964/2615/2342 1966/2583/2310 1963/2616/2343
f 1963/2616/2343 1966/2583/2310 1965/2584/2311
f 1775/2412/2152 1774/2411/2151 1913/2562/2344
f 1913/2562/2344 1774/2411/2151 1911/2561/2345
f 1784/2425/2164 1783/2423/2162 1917/2569/2346
f 1917/2569/2346 1783/2423/2162 1915/2567/2347
f 1792/2435/2174 1791/2433/2172 1921/2564/2348
f 1921/2564/2348 1791/2433/2172 1919/2575/2349
f 1791/2433/2172 1794/2436/2175 1919/2575/2349
f 1919/2575/2349 1794/2436/2175 1923/2578/2350
f 1795/2438/2177 1925/2580/2351 1794/2436/2175
f 1794/2436/2175 1925/2580/2351 1923/2578/2350
f 1797/2441/2180 1927/2582/2352 1795/2438/2177
f 1795/2438/2177 1927/2582/2352 1925/2580/2351
f 1807/2444/2183 1808/2445/2184 1931/2588/2353
f 1931/2588/2353 1808/2445/2184 1929/2587/2354
f 1808/2445/2184 1810/2446/2185 1929/2587/2354
f 1929/2587/2354 1810/2446/2185 1933/2590/2355
f 1810/2446/2185 1811/2448/2187 1933/2590/2355
f 1933/2590/2355 1811/2448/2187 1935/2594/2356
f 1811/2448/2187 1813/2451/2190 1935/2594/2356
f 1935/2594/2356 1813/2451/2190 1937/2596/2357
f 1814/2452/2191 1939/2573/2358 1813/2451/2190
f 1813/2451/2190 1939/2573/2358 1937/2596/2357
f 1784/2425/2164 1917/2569/2346 1814/2452/2191
f 1814/2452/2191 1917/2569/2346 1939/2573/2358
f 1865/2528/2256 1864/2526/2254 1943/2571/2359
f 1943/2571/2359 1864/2526/2254 1941/2598/2360
f 1783/2423/2162 1865/2528/2256 1915/2567/2347
f 1915/2567/2347 1865/2528/2256 1943/2571/2359
f 1864/2526/2254 1867/2530/2258 1941/2598/2360
f 1941/2598/2360 1867/2530/2258 1945/2599/2361
f 1869/2532/2260 1947/2602/2362 1867/2530/2258
f 1867/2530/2258 1947/2602/2362 1945/2599/2361
f 1870/2534/2262 1949/2604/2363 1869/2532/2260
f 1869/2532/2260 1949/2604/2363 1947/2602/2362
f 1871/2536/2264 1951/2606/2364 1870/2534/2262
f 1870/2534/2262 1951/2606/2364 1949/2604/2363
f 1874/2544/2271 1807/2444/2183 1953/2591/2365
f 1953/2591/2365 1807/2444/2183 1931/2588/2353
f 1874/2544/2271 1953/2591/2365 1875/2546/2273
f 1875/2546/2273 1953/2591/2365 1955/2607/2366
f 1875/2546/2273 1955/2607/2366 1876/2548/2275
f 1876/2548/2275 1955/2607/2366 1957/2609/2367
f 1876/2548/2275 1957/2609/2367 1877/2550/2277
f 1877/2550/2277 1957/2609/2367 1959/2611/2368
f 1877/2550/2277 1959/2611/2368 1878/2552/2279
f 1878/2552/2279 1959/2611/2368 1961/2613/2369
f 1879/2554/2281 1878/2552/2279 1963/2616/2370
f 1963/2616/2370 1878/2552/2279 1961/2613/2369
f 1880/2556/2283 1879/2554/2281 1965/2584/2371
f 1965/2584/2371 1879/2554/2281 1963/2616/2370
f 1797/2441/2180 1880/2556/2283 1927/2582/2352
f 1927/2582/2352 1880/2556/2283 1965/2584/2371
f 1774/2411/2151 1792/2435/2174 1911/2561/2345
f 1911/2561/2345 1792/2435/2174 1921/2564/2348
f 1881/2558/2285 1775/2412/2152 1967/2565/2372
f 1967/2565/2372 1775/2412/2152 1913/2562/2344
f 1881/2558/2285 1967/2565/2372 1871/2536/2264
f 1871/2536/2264 1967/2565/2372 1951/2606/2364
f 1914/2617/2373 1912/2618/2374 1883/2619/2375
f 1883/2619/2375 1912/2618/2374 1882/2620/2376
f 1918/2621/2377 1916/2622/2378 1885/2623/2379
f 1885/2623/2379 1916/2622/2378 1884/2624/2378
f 1922/2625/2380 1920/2626/2381 1887/2627/2382
f 1887/2627/2382 1920/2626/2381 1886/2628/2383
f 1920/2629/2381 1924/2630/2384 1886/2631/2383
f 1886/2631/2383 1924/2630/2384 1888/2632/2385
f 1924/2630/2384 1926/2633/2386 1888/2632/2385
f 1888/2632/2385 1926/2633/2386 1889/2634/2387
f 1926/2633/2386 1928/2635/2388 1889/2634/2387
f 1889/2634/2387 1928/2635/2388 1890/2636/2389
f 1930/2637/2390 1891/2638/2390 1932/2639/2391
f 1932/2639/2391 1891/2638/2390 1892/2640/2391
f 1930/2637/2390 1934/2641/2392 1891/2638/2390
f 1891/2638/2390 1934/2641/2392 1893/2642/2393
f 1934/2641/2392 1936/2643/2166 1893/2642/2393
f 1893/2642/2393 1936/2643/2166 1894/2644/2394
f 1936/2645/2166 1938/2646/2395 1894/2647/2394
f 1894/2647/2394 1938/2646/2395 1895/2648/2396
f 1938/2646/2395 1940/2649/2397 1895/2648/2396
f 1895/2648/2396 1940/2649/2397 1896/2650/2398
f 1940/2649/2397 1918/2621/2377 1896/2650/2398
f 1896/2650/2398 1918/2621/2377 1885/2623/2379
f 1944/2651/2399 1942/2652/2400 1898/2653/2399
f 1898/2653/2399 1942/2652/2400 1897/2654/2401
f 1944/2651/2399 1898/2653/2399 1916/2622/2378
f 1916/2622/2378 1898/2653/2399 1884/2624/2378
f 1942/2652/2400 1946/2655/2402 1897/2654/2401
f 1897/2654/2401 1946/2655/2402 1899/2656/2403
f 1946/2657/2402 1948/2658/2404 1899/2659/2403
f 1899/2659/2403 1948/2658/2404 1900/2660/2405
f 1948/2658/2404 1950/2661/2406 1900/2660/2405
f 1900/2660/2405 1950/2661/2406 1901/2662/2407
f 1950/2661/2406 1952/2663/2408 1901/2662/2407
f 1901/2662/2407 1952/2663/2408 1902/2664/2409
f 1954/2665/2410 1932/2639/2391 1903/2666/2411
f 1903/2666/2411 1932/2639/2391 1892/2640/2391
f 1956/2667/2412 1954/2665/2410 1904/2668/2413
f 1904/2668/2413 1954/2665/2410 1903/2666/2411
f 1958/2669/2414 1956/2667/2412 1905/2670/2415
f 1905/2670/2415 1956/2667/2412 1904/2668/2413
f 1960/2671/2416 1958/2669/2414 1906/2672/2417
f 1906/2672/2417 1958/2669/2414 1905/2670/2415
f 1962/2673/2418 1960/2674/2416 1907/2675/2419
f 1907/2675/2419 1960/2674/2416 1906/2676/2417
f 1964/2677/2420 1962/2673/2418 1908/2678/2420
f 1908/2678/2420 1962/2673/2418 1907/2675/2419
f 1964/2677/2420 1908/2678/2420 1966/2679/2421
f 1966/2679/2421 1908/2678/2420 1909/2680/2421
f 1928/2635/2388 1966/2679/2421 1890/2636/2389
f 1890/2636/2389 1966/2679/2421 1909/2680/2421
f 1912/2618/2374 1922/2625/2380 1882/2620/2376
f 1882/2620/2376 1922/2625/2380 1887/2627/2382
f 1968/2681/2422 1914/2617/2373 1910/2682/2422
f 1910/2682/2422 1914/2617/2373 1883/2619/2375
f 1952/2663/2408 1968/2681/2422 1902/2664/2409
f 1902/2664/2409 1968/2681/2422 1910/2682/2422
f 190/274/254 191/275/255 1969/2683/340
f 192/277/257 190/274/254 1969/2683/340
f 193/278/258 192/277/257 1969/2683/340
f 195/295/274 194/296/275 1969/2683/340
f 196/298/277 195/295/274 1969/2683/340
f 197/300/279 196/298/277 1969/2683/340
f 198/302/281 197/300/279 1969/2683/340
f 199/304/283 198/302/281 1969/2683/340
f 200/306/285 199/304/283 1969/2683/340
f 201/308/287 200/306/285 1969/2683/340
f 202/310/289 201/308/287 1969/2683/340
f 203/312/291 202/310/289 1969/2683/340
f 204/314/293 203/312/291 1969/2683/340
f 205/316/295 204/314/293 1969/2683/340
f 206/318/297 205/316/295 1969/2683/340
f 207/320/299 206/318/297 1969/2683/340
f 208/322/301 207/320/299 1969/2683/340
f 209/324/303 208/322/301 1969/2683/340
f 210/326/305 209/324/303 1969/2683/340
f 211/328/307 210/326/305 1969/2683/340
f 212/330/309 211/328/307 1969/2683/340
f 213/332/311 212/330/309 1969/2683/340
f 191/275/255 213/332/311 1969/2683/340
f 194/296/275 193/278/258 1969/2683/340
f 122/205/183 1976/208/75 123/208/186
f 127/216/194 1981/218/75 128/218/196
f 132/226/204 1986/228/75 133/228/206
f 137/236/214 1991/238/75 138/238/216
f 119/192/170 1973/193/75 120/193/171
f 125/212/190 1979/214/75 126/214/192
f 131/224/202 1983/222/75 1984/224/75
f 135/232/210 1989/234/75 136/234/212
f 140/242/220 1971/188/75 118/188/166
f 124/210/188 1976/208/75 1977/210/75
f 117/190/168 1971/188/75 1970/190/75
f 129/220/198 1981/218/75 1982/220/75
f 133/228/206 1987/230/75 134/230/208
f 138/238/216 1992/240/75 139/240/218
f 122/205/183 1974/206/75 1975/205/75
f 127/216/194 1979/214/75 1980/216/75
f 131/224/202 1985/226/75 132/226/204
f 137/236/214 1989/234/75 1990/236/75
f 119/192/170 1970/190/75 1972/192/75
f 125/212/190 1977/210/75 1978/212/75
f 130/222/200 1982/220/75 1983/222/75
f 135/232/210 1987/230/75 1988/232/75
f 121/206/184 1973/193/75 1974/206/75
f 140/242/220 1992/240/75 1993/242/75
f 122/205/183 1975/205/75 1976/208/75
f 127/216/194 1980/216/75 1981/218/75
f 132/226/204 1985/226/75 1986/228/75
f 137/236/214 1990/236/75 1991/238/75
f 119/192/170 1972/192/75 1973/193/75
f 125/212/190 1978/212/75 1979/214/75
f 131/224/202 130/222/200 1983/222/75
f 135/232/210 1988/232/75 1989/234/75
f 140/242/220 1993/242/75 1971/188/75
f 124/210/188 123/208/186 1976/208/75
f 117/190/168 118/188/166 1971/188/75
f 129/220/198 128/218/196 1981/218/75
f 133/228/206 1986/228/75 1987/230/75
f 138/238/216 1991/238/75 1992/240/75
f 122/205/183 121/206/184 1974/206/75
f 127/216/194 126/214/192 1979/214/75
f 131/224/202 1984/224/75 1985/226/75
f 137/236/214 136/234/212 1989/234/75
f 119/192/170 117/190/168 1970/190/75
f 125/212/190 124/210/188 1977/210/75
f 130/222/200 129/220/198 1982/220/75
f 135/232/210 134/230/208 1987/230/75
f 121/206/184 120/193/171 1973/193/75
f 140/242/220 139/240/218 1992/240/75
s 0
f 2249/2684/2423 2000/2684/2424 2001/2684/2425
f 2249/2684/2426 2002/2684/2427 1995/2684/2428
f 2250/2684/2429 2002/2684/2427 2003/2684/2430
f 2250/2684/2429 2004/2684/2431 1996/2684/2432
f 1997/2684/2433 2004/2684/2431 2005/2684/2434
f 2247/2684/2435 2038/2684/75 1998/2684/2436
f 2247/2684/2435 1999/2684/2437 2248/2684/2438
f 2248/2684/2438 2000/2684/2424 1994/2684/2439
f 2000/2684/2424 2007/2684/2440 2008/2684/2441
f 2000/2684/2424 2009/2684/2442 2001/2684/2425
f 2001/2684/2425 2010/2684/2443 2002/2684/2427
f 2003/2684/2444 2010/2684/2443 2011/2684/2445
f 2004/2684/2446 2011/2684/2445 2012/2684/2447
f 2005/2684/2448 2012/2684/2447 2013/2684/2449
f 1998/2684/2436 2038/2684/75 2006/2684/2450
f 1999/2684/2437 2006/2684/2451 2007/2684/2440
f 2011/2684/2445 2020/2684/2452 2012/2684/2447
f 2013/2684/2449 2020/2684/2453 2021/2684/2454
f 2006/2684/2450 2038/2684/75 2014/2684/2455
f 2006/2684/2450 2015/2684/2456 2007/2684/2440
f 2008/2684/2441 2015/2684/2456 2016/2684/2457
f 2008/2684/2441 2017/2684/2458 2009/2684/2442
f 2009/2684/2442 2018/2684/2459 2010/2684/2443
f 2010/2684/2443 2019/2684/2460 2011/2684/2445
f 2016/2684/2461 2023/2684/2462 2024/2684/2463
f 2017/2684/2458 2024/2684/2463 2025/2684/2464
f 2018/2684/2459 2025/2684/2464 2026/2684/2465
f 2018/2684/2459 2027/2684/2466 2019/2684/2460
f 2019/2684/2460 2028/2684/2467 2020/2684/2452
f 2021/2684/2454 2028/2684/2467 2029/2684/2468
f 2014/2684/2455 2038/2684/75 2022/2684/2469
f 2015/2684/2456 2022/2684/2469 2023/2684/2462
f 2028/2684/2467 2035/2684/2470 2036/2684/2471
f 2028/2684/2467 2037/2684/2472 2029/2684/2468
f 2022/2684/2469 2038/2684/75 2030/2684/2473
f 2023/2684/2462 2030/2684/2473 2031/2684/2474
f 2024/2684/2463 2031/2684/2474 2032/2684/2475
f 2025/2684/2464 2032/2684/2475 2033/2684/2476
f 2025/2684/2477 2034/2684/2478 2026/2684/2465
f 2026/2684/2465 2035/2684/2470 2027/2684/2479
f 2033/2684/2480 2041/2684/2481 2042/2684/2482
f 2033/2684/2483 2043/2684/2484 2034/2684/2478
f 2034/2684/2478 2044/2684/2485 2035/2684/2470
f 2035/2684/2470 2045/2684/2486 2036/2684/2471
f 2037/2684/2472 2045/2684/2486 2046/2684/2487
f 2030/2684/2473 2038/2684/75 2039/2684/2488
f 2030/2684/2489 2040/2684/2490 2031/2684/2474
f 2032/2684/2475 2040/2684/2491 2041/2684/2481
f 2046/2684/2492 2053/2684/2493 2054/2684/2494
f 2039/2684/2488 2038/2684/75 2047/2684/2495
f 2039/2684/2496 2048/2684/2497 2040/2684/2490
f 2040/2684/2498 2049/2684/2499 2041/2684/2481
f 2041/2684/2481 2050/2684/2500 2042/2684/2482
f 2043/2684/2484 2050/2684/2501 2051/2684/2502
f 2043/2684/2484 2052/2684/2503 2044/2684/2485
f 2045/2684/2504 2052/2684/2503 2053/2684/2493
f 2051/2684/2502 2058/2684/2505 2059/2684/2506
f 2051/2684/2502 2060/2684/2507 2052/2684/2503
f 2053/2684/2508 2060/2684/2507 2061/2684/2509
f 2053/2684/2493 2062/2684/2510 2054/2684/2511
f 2047/2684/2495 2038/2684/75 2055/2684/2512
f 2048/2684/2497 2055/2684/2513 2056/2684/2514
f 2049/2684/2499 2056/2684/2514 2057/2684/2515
f 2049/2684/2499 2058/2684/2516 2050/2684/2501
f 2055/2684/2512 2038/2684/75 2063/2684/2517
f 2056/2684/2514 2063/2684/2518 2064/2684/2519
f 2057/2684/2520 2064/2684/2519 2065/2684/2521
f 2057/2684/2515 2066/2684/2522 2058/2684/2516
f 2058/2684/2516 2067/2684/2523 2059/2684/2506
f 2060/2684/2507 2067/2684/2523 2068/2684/2524
f 2060/2684/2507 2069/2684/2525 2061/2684/2509
f 2061/2684/2509 2070/2684/2526 2062/2684/2527
f 2067/2684/2523 2074/2684/2528 2075/2684/2529
f 2067/2684/2523 2076/2684/2530 2068/2684/2531
f 2068/2684/2524 2077/2684/2532 2069/2684/2525
f 2069/2684/2525 2078/2684/2533 2070/2684/2526
f 2063/2684/2518 2038/2684/75 2071/2684/2534
f 2064/2684/2519 2071/2684/2534 2072/2684/2535
f 2065/2684/2521 2072/2684/2535 2073/2684/2536
f 2065/2684/2521 2074/2684/2537 2066/2684/2522
f 2072/2684/2535 2079/2684/2538 2080/2684/2539
f 2073/2684/2536 2080/2684/2540 2081/2684/2541
f 2073/2684/2536 2082/2684/2542 2074/2684/2528
f 2075/2684/2529 2082/2684/2543 2083/2684/2544
f 2075/2684/2529 2084/2684/2545 2076/2684/2530
f 2077/2684/2532 2084/2684/2545 2085/2684/2546
f 2077/2684/2532 2086/2684/2547 2078/2684/2533
f 2071/2684/2548 2038/2684/75 2079/2684/2549
f 2083/2684/2544 2092/2684/2550 2084/2684/2545
f 2085/2684/2546 2092/2684/2550 2093/2684/2551
f 2086/2684/2547 2093/2684/2551 2094/2684/2552
f 2079/2684/2549 2038/2684/75 2087/2684/2553
f 2079/2684/2549 2088/2684/2554 2080/2684/2539
f 2081/2684/2555 2088/2684/2554 2089/2684/2556
f 2081/2684/2541 2090/2684/2557 2082/2684/2543
f 2083/2684/2544 2090/2684/2557 2091/2684/2558
f 2087/2684/2559 2096/2684/2560 2088/2684/2554
f 2088/2684/2554 2097/2684/2561 2089/2684/2556
f 2090/2684/2557 2097/2684/2561 2098/2684/2562
f 2091/2684/2558 2098/2684/2562 2099/2684/2563
f 2091/2684/2558 2100/2684/2564 2092/2684/2565
f 2093/2684/2551 2100/2684/2564 2101/2684/2566
f 2094/2684/2552 2101/2684/2566 2102/2684/2567
f 2087/2684/2553 2038/2684/75 2095/2684/2568
f 2099/2684/2569 2108/2684/2570 2100/2684/2564
f 2101/2684/2571 2108/2684/2570 2109/2684/2572
f 2102/2684/2567 2109/2684/2573 2110/2684/2574
f 2095/2684/2568 2038/2684/75 2103/2684/2575
f 2096/2684/2560 2103/2684/2575 2104/2684/2576
f 2097/2684/2561 2104/2684/2576 2105/2684/2577
f 2097/2684/2578 2106/2684/2579 2098/2684/2562
f 2098/2684/2562 2107/2684/2580 2099/2684/2563
f 2104/2684/2576 2113/2684/2581 2105/2684/2577
f 2106/2684/2579 2113/2684/2581 2114/2684/2582
f 2106/2684/2579 2115/2684/2583 2107/2684/2580
f 2107/2684/2584 2116/2684/2585 2108/2684/2570
f 2108/2684/2570 2117/2684/2586 2109/2684/2572
f 2110/2684/2587 2117/2684/2588 2118/2684/2589
f 2103/2684/2590 2038/2684/75 2111/2684/2591
f 2103/2684/2575 2112/2684/2592 2104/2684/2576
f 2117/2684/2588 2124/2684/2593 2125/2684/2594
f 2118/2684/2589 2125/2684/2594 2126/2684/2595
f 2111/2684/2591 2038/2684/75 2119/2684/2596
f 2111/2684/2591 2120/2684/2597 2112/2684/2592
f 2113/2684/2581 2120/2684/2597 2121/2684/2598
f 2113/2684/2581 2122/2684/2599 2114/2684/2600
f 2115/2684/2583 2122/2684/2599 2123/2684/2601
f 2115/2684/2583 2124/2684/2593 2116/2684/2585
f 2121/2684/2598 2130/2684/2602 2122/2684/2603
f 2122/2684/2603 2131/2684/2604 2123/2684/2601
f 2123/2684/2605 2132/2684/2606 2124/2684/2593
f 2125/2684/2594 2132/2684/2607 2133/2684/2608
f 2126/2684/2595 2133/2684/2608 2134/2684/2609
f 2119/2684/2596 2038/2684/75 2127/2684/2610
f 2120/2684/2597 2127/2684/2610 2128/2684/2611
f 2121/2684/2612 2128/2684/2613 2129/2684/2614
f 2134/2684/2615 2141/2684/2616 2142/2684/2617
f 2127/2684/2610 2038/2684/75 2135/2684/2618
f 2127/2684/2610 2136/2684/2619 2128/2684/2611
f 2129/2684/2614 2136/2684/2619 2137/2684/2620
f 2129/2684/2614 2138/2684/2621 2130/2684/2602
f 2131/2684/2604 2138/2684/2621 2139/2684/2622
f 2131/2684/2604 2140/2684/2623 2132/2684/2607
f 2132/2684/2606 2141/2684/2616 2133/2684/2608
f 2138/2684/2621 2145/2684/2624 2146/2684/2625
f 2139/2684/2622 2146/2684/2625 2147/2684/2626
f 2139/2684/2622 2148/2684/2627 2140/2684/2623
f 2141/2684/2616 2148/2684/2628 2149/2684/2629
f 2141/2684/2616 2150/2684/2630 2142/2684/2631
f 2135/2684/2618 2038/2684/75 2143/2684/2632
f 2135/2684/2618 2144/2684/2633 2136/2684/2619
f 2136/2684/2619 2145/2684/2624 2137/2684/2620
f 2150/2684/2630 2157/2684/2634 2158/2684/2635
f 2143/2684/2632 2038/2684/75 2151/2684/2636
f 2144/2684/2637 2151/2684/2638 2152/2684/2639
f 2145/2684/2624 2152/2684/2639 2153/2684/2640
f 2145/2684/2624 2154/2684/2641 2146/2684/2625
f 2146/2684/2625 2155/2684/2642 2147/2684/2626
f 2147/2684/2643 2156/2684/2644 2148/2684/2627
f 2148/2684/2627 2157/2684/2634 2149/2684/2629
f 2155/2684/2642 2162/2684/2645 2163/2684/2646
f 2155/2684/2642 2164/2684/2647 2156/2684/2644
f 2156/2684/2644 2165/2684/2648 2157/2684/2634
f 2158/2684/2635 2165/2684/2648 2166/2684/2649
f 2151/2684/2636 2038/2684/75 2159/2684/2650
f 2152/2684/2639 2159/2684/2651 2160/2684/2652
f 2153/2684/2653 2160/2684/2652 2161/2684/2654
f 2153/2684/2640 2162/2684/2655 2154/2684/2641
f 2159/2684/2650 2038/2684/75 2167/2684/2656
f 2159/2684/2651 2168/2684/2657 2160/2684/2652
f 2160/2684/2652 2169/2684/2658 2161/2684/2654
f 2161/2684/2654 2170/2684/2659 2162/2684/2645
f 2163/2684/2660 2170/2684/2661 2171/2684/2662
f 2164/2684/2647 2171/2684/2663 2172/2684/2664
f 2164/2684/2647 2173/2684/2665 2165/2684/2666
f 2166/2684/2649 2173/2684/2667 2174/2684/2668
f 2171/2684/2662 2178/2684/2669 2179/2684/2670
f 2172/2684/2664 2179/2684/2671 2180/2684/2672
f 2173/2684/2665 2180/2684/2672 2181/2684/2673
f 2174/2684/2674 2181/2684/2673 2182/2684/2675
f 2167/2684/2656 2038/2684/75 2175/2684/2676
f 2168/2684/2677 2175/2684/2678 2176/2684/2679
f 2168/2684/2677 2177/2684/2680 2169/2684/2681
f 2169/2684/2658 2178/2684/2682 2170/2684/2661
f 2176/2684/2683 2183/2684/2684 2184/2684/2685
f 2176/2684/2683 2185/2684/2686 2177/2684/2680
f 2177/2684/2680 2186/2684/2687 2178/2684/2682
f 2178/2684/2682 2187/2684/2688 2179/2684/2670
f 2180/2684/2689 2187/2684/2690 2188/2684/2691
f 2181/2684/2692 2188/2684/2693 2189/2684/2694
f 2181/2684/2673 2190/2684/2695 2182/2684/2696
f 2175/2684/2676 2038/2684/75 2183/2684/2684
f 2188/2684/2693 2195/2684/2697 2196/2684/2698
f 2188/2684/2691 2197/2684/2699 2189/2684/2694
f 2190/2684/2695 2197/2684/2699 2198/2684/2700
f 2183/2684/2684 2038/2684/75 2191/2684/2701
f 2183/2684/2684 2192/2684/2702 2184/2684/2685
f 2184/2684/2703 2193/2684/2704 2185/2684/2686
f 2186/2684/2687 2193/2684/2704 2194/2684/2705
f 2186/2684/2687 2195/2684/2697 2187/2684/2688
f 2193/2684/2704 2200/2684/2706 2201/2684/2707
f 2193/2684/2704 2202/2684/2708 2194/2684/2705
f 2194/2684/2705 2203/2684/2709 2195/2684/2697
f 2195/2684/2697 2204/2684/2710 2196/2684/2711
f 2197/2684/2712 2204/2684/2713 2205/2684/2714
f 2198/2684/2715 2205/2684/2714 2206/2684/2716
f 2191/2684/2701 2038/2684/75 2199/2684/2717
f 2192/2684/2702 2199/2684/2717 2200/2684/2706
f 2205/2684/2714 2212/2684/2718 2213/2684/2719
f 2206/2684/2716 2213/2684/2719 2214/2684/2720
f 2199/2684/2721 2038/2684/75 2207/2684/2722
f 2200/2684/2706 2207/2684/2722 2208/2684/2723
f 2201/2684/2707 2208/2684/2723 2209/2684/2724
f 2201/2684/2707 2210/2684/2725 2202/2684/2726
f 2203/2684/2727 2210/2684/2725 2211/2684/2728
f 2203/2684/2709 2212/2684/2718 2204/2684/2713
f 2208/2684/2729 2217/2684/2730 2209/2684/2731
f 2210/2684/2732 2217/2684/2730 2218/2684/2733
f 2211/2684/2728 2218/2684/2733 2219/2684/2734
f 2211/2684/2728 2220/2684/2735 2212/2684/2736
f 2212/2684/2718 2221/2684/2737 2213/2684/2719
f 2213/2684/2719 2222/2684/2738 2214/2684/2720
f 2207/2684/2722 2038/2684/75 2215/2684/2739
f 2208/2684/2723 2215/2684/2739 2216/2684/2740
f 2220/2684/2741 2229/2684/2742 2221/2684/2737
f 2222/2684/2738 2229/2684/2742 2230/2684/2743
f 2215/2684/2739 2038/2684/75 2223/2684/2744
f 2215/2684/2739 2224/2684/2745 2216/2684/2740
f 2217/2684/2730 2224/2684/2745 2225/2684/2746
f 2218/2684/2747 2225/2684/2746 2226/2684/2748
f 2218/2684/2733 2227/2684/2749 2219/2684/2734
f 2220/2684/2735 2227/2684/2749 2228/2684/2750
f 2225/2684/2751 2234/2684/2752 2226/2684/2753
f 2227/2684/2749 2234/2684/2754 2235/2684/2755
f 2228/2684/2750 2235/2684/2755 2236/2684/2756
f 2228/2684/2750 2237/2684/2757 2229/2684/2742
f 2230/2684/2758 2237/2684/2759 2238/2684/2760
f 2223/2684/2744 2038/2684/75 2231/2684/2761
f 2224/2684/2745 2231/2684/2761 2232/2684/2762
f 2224/2684/2745 2233/2684/2763 2225/2684/2746
f 2238/2684/2764 2245/2684/2765 2246/2684/2766
f 2231/2684/2761 2038/2684/75 2239/2684/2767
f 2232/2684/2768 2239/2684/2769 2240/2684/2770
f 2232/2684/2768 2241/2684/2771 2233/2684/2772
f 2233/2684/2763 2242/2684/2773 2234/2684/2754
f 2235/2684/2755 2242/2684/2773 2243/2684/2774
f 2235/2684/2755 2244/2684/2775 2236/2684/2776
f 2237/2684/2757 2244/2684/2777 2245/2684/2765
f 2242/2684/2773 1994/2684/2778 2249/2684/2426
f 2243/2684/2774 2249/2684/2423 1995/2684/2428
f 2243/2684/2774 2250/2684/2429 2244/2684/2777
f 2245/2684/2765 2250/2684/2429 1996/2684/2432
f 2246/2684/2779 1996/2684/2432 1997/2684/2433
f 2239/2684/2767 2038/2684/75 2247/2684/2435
f 2240/2684/2780 2247/2684/2435 2248/2684/2438
f 2241/2684/2771 2248/2684/2438 1994/2684/2778
f 2249/2684/2423 1994/2684/2778 2000/2684/2424
f 2249/2684/2426 2001/2684/2425 2002/2684/2427
f 2250/2684/2429 1995/2684/2428 2002/2684/2427
f 2250/2684/2429 2003/2684/2430 2004/2684/2431
f 1997/2684/2433 1996/2684/2432 2004/2684/2446
f 2247/2684/2435 1998/2684/2781 1999/2684/2782
f 2248/2684/2438 1999/2684/2437 2000/2684/2424
f 2000/2684/2424 1999/2684/2437 2007/2684/2440
f 2000/2684/2424 2008/2684/2441 2009/2684/2442
f 2001/2684/2425 2009/2684/2783 2010/2684/2443
f 2003/2684/2444 2002/2684/2427 2010/2684/2443
f 2004/2684/2446 2003/2684/2784 2011/2684/2445
f 2005/2684/2448 2004/2684/2431 2012/2684/2447
f 1999/2684/2782 1998/2684/2781 2006/2684/2451
f 2011/2684/2785 2019/2684/2460 2020/2684/2452
f 2013/2684/2449 2012/2684/2447 2020/2684/2452
f 2006/2684/2450 2014/2684/2455 2015/2684/2456
f 2008/2684/2441 2007/2684/2440 2015/2684/2456
f 2008/2684/2441 2016/2684/2457 2017/2684/2458
f 2009/2684/2442 2017/2684/2458 2018/2684/2459
f 2010/2684/2443 2018/2684/2459 2019/2684/2460
f 2016/2684/2457 2015/2684/2456 2023/2684/2462
f 2017/2684/2458 2016/2684/2457 2024/2684/2463
f 2018/2684/2459 2017/2684/2458 2025/2684/2464
f 2018/2684/2459 2026/2684/2786 2027/2684/2479
f 2019/2684/2460 2027/2684/2479 2028/2684/2467
f 2021/2684/2454 2020/2684/2787 2028/2684/2467
f 2015/2684/2456 2014/2684/2455 2022/2684/2788
f 2028/2684/2467 2027/2684/2479 2035/2684/2470
f 2028/2684/2467 2036/2684/2471 2037/2684/2472
f 2023/2684/2462 2022/2684/2788 2030/2684/2473
f 2024/2684/2463 2023/2684/2462 2031/2684/2474
f 2025/2684/2477 2024/2684/2789 2032/2684/2475
f 2025/2684/2477 2033/2684/2476 2034/2684/2478
f 2026/2684/2786 2034/2684/2478 2035/2684/2470
f 2033/2684/2480 2032/2684/2790 2041/2684/2481
f 2033/2684/2476 2042/2684/2482 2043/2684/2484
f 2034/2684/2478 2043/2684/2484 2044/2684/2485
f 2035/2684/2470 2044/2684/2485 2045/2684/2486
f 2037/2684/2472 2036/2684/2471 2045/2684/2486
f 2030/2684/2489 2039/2684/2496 2040/2684/2490
f 2032/2684/2475 2031/2684/2474 2040/2684/2498
f 2046/2684/2492 2045/2684/2486 2053/2684/2493
f 2039/2684/2496 2047/2684/2791 2048/2684/2497
f 2040/2684/2498 2048/2684/2792 2049/2684/2499
f 2041/2684/2481 2049/2684/2499 2050/2684/2500
f 2043/2684/2484 2042/2684/2482 2050/2684/2501
f 2043/2684/2793 2051/2684/2502 2052/2684/2503
f 2045/2684/2504 2044/2684/2485 2052/2684/2503
f 2051/2684/2502 2050/2684/2501 2058/2684/2505
f 2051/2684/2502 2059/2684/2506 2060/2684/2507
f 2053/2684/2508 2052/2684/2794 2060/2684/2507
f 2053/2684/2493 2061/2684/2509 2062/2684/2510
f 2048/2684/2795 2047/2684/2791 2055/2684/2796
f 2049/2684/2499 2048/2684/2497 2056/2684/2514
f 2049/2684/2499 2057/2684/2515 2058/2684/2516
f 2056/2684/2514 2055/2684/2796 2063/2684/2518
f 2057/2684/2515 2056/2684/2514 2064/2684/2519
f 2057/2684/2515 2065/2684/2521 2066/2684/2522
f 2058/2684/2516 2066/2684/2522 2067/2684/2523
f 2060/2684/2507 2059/2684/2506 2067/2684/2523
f 2060/2684/2507 2068/2684/2531 2069/2684/2525
f 2061/2684/2509 2069/2684/2525 2070/2684/2797
f 2067/2684/2523 2066/2684/2522 2074/2684/2528
f 2067/2684/2523 2075/2684/2529 2076/2684/2530
f 2068/2684/2524 2076/2684/2798 2077/2684/2532
f 2069/2684/2525 2077/2684/2532 2078/2684/2533
f 2064/2684/2519 2063/2684/2518 2071/2684/2534
f 2065/2684/2521 2064/2684/2519 2072/2684/2535
f 2065/2684/2521 2073/2684/2536 2074/2684/2537
f 2072/2684/2535 2071/2684/2534 2079/2684/2549
f 2073/2684/2536 2072/2684/2535 2080/2684/2539
f 2073/2684/2536 2081/2684/2541 2082/2684/2542
f 2075/2684/2529 2074/2684/2528 2082/2684/2799
f 2075/2684/2529 2083/2684/2544 2084/2684/2545
f 2077/2684/2532 2076/2684/2530 2084/2684/2545
f 2077/2684/2532 2085/2684/2546 2086/2684/2547
f 2083/2684/2544 2091/2684/2558 2092/2684/2550
f 2085/2684/2800 2084/2684/2801 2092/2684/2550
f 2086/2684/2547 2085/2684/2546 2093/2684/2551
f 2079/2684/2549 2087/2684/2559 2088/2684/2554
f 2081/2684/2541 2080/2684/2540 2088/2684/2802
f 2081/2684/2541 2089/2684/2803 2090/2684/2557
f 2083/2684/2544 2082/2684/2543 2090/2684/2557
f 2087/2684/2559 2095/2684/2568 2096/2684/2560
f 2088/2684/2554 2096/2684/2804 2097/2684/2561
f 2090/2684/2557 2089/2684/2556 2097/2684/2561
f 2091/2684/2558 2090/2684/2805 2098/2684/2562
f 2091/2684/2558 2099/2684/2569 2100/2684/2564
f 2093/2684/2551 2092/2684/2565 2100/2684/2564
f 2094/2684/2806 2093/2684/2551 2101/2684/2571
f 2099/2684/2569 2107/2684/2580 2108/2684/2570
f 2101/2684/2571 2100/2684/2807 2108/2684/2570
f 2102/2684/2567 2101/2684/2571 2109/2684/2573
f 2096/2684/2560 2095/2684/2568 2103/2684/2575
f 2097/2684/2561 2096/2684/2560 2104/2684/2576
f 2097/2684/2561 2105/2684/2577 2106/2684/2579
f 2098/2684/2562 2106/2684/2579 2107/2684/2584
f 2104/2684/2576 2112/2684/2592 2113/2684/2581
f 2106/2684/2579 2105/2684/2577 2113/2684/2581
f 2106/2684/2579 2114/2684/2600 2115/2684/2583
f 2107/2684/2584 2115/2684/2583 2116/2684/2808
f 2108/2684/2570 2116/2684/2809 2117/2684/2586
f 2110/2684/2587 2109/2684/2573 2117/2684/2586
f 2103/2684/2590 2111/2684/2591 2112/2684/2592
f 2117/2684/2588 2116/2684/2808 2124/2684/2593
f 2118/2684/2810 2117/2684/2586 2125/2684/2594
f 2111/2684/2591 2119/2684/2596 2120/2684/2597
f 2113/2684/2581 2112/2684/2592 2120/2684/2597
f 2113/2684/2581 2121/2684/2598 2122/2684/2599
f 2115/2684/2583 2114/2684/2582 2122/2684/2603
f 2115/2684/2583 2123/2684/2811 2124/2684/2812
f 2121/2684/2598 2129/2684/2614 2130/2684/2602
f 2122/2684/2603 2130/2684/2602 2131/2684/2604
f 2123/2684/2605 2131/2684/2604 2132/2684/2606
f 2125/2684/2594 2124/2684/2812 2132/2684/2607
f 2126/2684/2595 2125/2684/2594 2133/2684/2608
f 2120/2684/2597 2119/2684/2596 2127/2684/2610
f 2121/2684/2612 2120/2684/2597 2128/2684/2613
f 2134/2684/2615 2133/2684/2608 2141/2684/2616
f 2127/2684/2610 2135/2684/2618 2136/2684/2619
f 2129/2684/2614 2128/2684/2613 2136/2684/2619
f 2129/2684/2614 2137/2684/2620 2138/2684/2621
f 2131/2684/2604 2130/2684/2602 2138/2684/2621
f 2131/2684/2604 2139/2684/2622 2140/2684/2623
f 2132/2684/2606 2140/2684/2623 2141/2684/2616
f 2138/2684/2621 2137/2684/2620 2145/2684/2624
f 2139/2684/2622 2138/2684/2621 2146/2684/2625
f 2139/2684/2622 2147/2684/2626 2148/2684/2627
f 2141/2684/2616 2140/2684/2623 2148/2684/2627
f 2141/2684/2616 2149/2684/2629 2150/2684/2630
f 2135/2684/2618 2143/2684/2632 2144/2684/2633
f 2136/2684/2619 2144/2684/2813 2145/2684/2624
f 2150/2684/2630 2149/2684/2629 2157/2684/2634
f 2144/2684/2637 2143/2684/2632 2151/2684/2638
f 2145/2684/2624 2144/2684/2813 2152/2684/2639
f 2145/2684/2624 2153/2684/2640 2154/2684/2814
f 2146/2684/2625 2154/2684/2641 2155/2684/2642
f 2147/2684/2643 2155/2684/2815 2156/2684/2644
f 2148/2684/2627 2156/2684/2644 2157/2684/2634
f 2155/2684/2642 2154/2684/2641 2162/2684/2645
f 2155/2684/2642 2163/2684/2660 2164/2684/2647
f 2156/2684/2644 2164/2684/2816 2165/2684/2648
f 2158/2684/2817 2157/2684/2634 2165/2684/2648
f 2152/2684/2639 2151/2684/2638 2159/2684/2650
f 2153/2684/2640 2152/2684/2639 2160/2684/2652
f 2153/2684/2653 2161/2684/2654 2162/2684/2655
f 2159/2684/2651 2167/2684/2818 2168/2684/2657
f 2160/2684/2652 2168/2684/2657 2169/2684/2658
f 2161/2684/2654 2169/2684/2819 2170/2684/2661
f 2163/2684/2660 2162/2684/2645 2170/2684/2661
f 2164/2684/2647 2163/2684/2660 2171/2684/2662
f 2164/2684/2647 2172/2684/2664 2173/2684/2665
f 2166/2684/2649 2165/2684/2648 2173/2684/2667
f 2171/2684/2662 2170/2684/2661 2178/2684/2682
f 2172/2684/2664 2171/2684/2662 2179/2684/2671
f 2173/2684/2667 2172/2684/2820 2180/2684/2672
f 2174/2684/2674 2173/2684/2665 2181/2684/2673
f 2168/2684/2677 2167/2684/2818 2175/2684/2678
f 2168/2684/2677 2176/2684/2683 2177/2684/2680
f 2169/2684/2658 2177/2684/2821 2178/2684/2669
f 2176/2684/2679 2175/2684/2678 2183/2684/2684
f 2176/2684/2683 2184/2684/2703 2185/2684/2822
f 2177/2684/2680 2185/2684/2822 2186/2684/2687
f 2178/2684/2682 2186/2684/2687 2187/2684/2688
f 2180/2684/2689 2179/2684/2671 2187/2684/2688
f 2181/2684/2692 2180/2684/2689 2188/2684/2693
f 2181/2684/2673 2189/2684/2694 2190/2684/2695
f 2188/2684/2693 2187/2684/2690 2195/2684/2697
f 2188/2684/2691 2196/2684/2698 2197/2684/2699
f 2190/2684/2695 2189/2684/2694 2197/2684/2699
f 2183/2684/2684 2191/2684/2823 2192/2684/2824
f 2184/2684/2703 2192/2684/2825 2193/2684/2704
f 2186/2684/2826 2185/2684/2822 2193/2684/2704
f 2186/2684/2687 2194/2684/2705 2195/2684/2697
f 2193/2684/2704 2192/2684/2702 2200/2684/2706
f 2193/2684/2704 2201/2684/2707 2202/2684/2726
f 2194/2684/2705 2202/2684/2708 2203/2684/2727
f 2195/2684/2697 2203/2684/2727 2204/2684/2713
f 2197/2684/2712 2196/2684/2711 2204/2684/2713
f 2198/2684/2715 2197/2684/2699 2205/2684/2714
f 2192/2684/2702 2191/2684/2823 2199/2684/2717
f 2205/2684/2714 2204/2684/2710 2212/2684/2736
f 2206/2684/2716 2205/2684/2714 2213/2684/2719
f 2200/2684/2706 2199/2684/2717 2207/2684/2722
f 2201/2684/2707 2200/2684/2706 2208/2684/2827
f 2201/2684/2707 2209/2684/2828 2210/2684/2725
f 2203/2684/2709 2202/2684/2829 2210/2684/2732
f 2203/2684/2727 2211/2684/2728 2212/2684/2718
f 2208/2684/2830 2216/2684/2740 2217/2684/2730
f 2210/2684/2732 2209/2684/2731 2217/2684/2730
f 2211/2684/2728 2210/2684/2725 2218/2684/2733
f 2211/2684/2728 2219/2684/2734 2220/2684/2735
f 2212/2684/2718 2220/2684/2735 2221/2684/2737
f 2213/2684/2719 2221/2684/2737 2222/2684/2738
f 2208/2684/2831 2207/2684/2722 2215/2684/2739
f 2220/2684/2735 2228/2684/2832 2229/2684/2742
f 2222/2684/2738 2221/2684/2737 2229/2684/2742
f 2215/2684/2739 2223/2684/2744 2224/2684/2745
f 2217/2684/2730 2216/2684/2740 2224/2684/2745
f 2218/2684/2747 2217/2684/2730 2225/2684/2746
f 2218/2684/2733 2226/2684/2833 2227/2684/2749
f 2220/2684/2741 2219/2684/2834 2227/2684/2749
f 2225/2684/2751 2233/2684/2772 2234/2684/2752
f 2227/2684/2749 2226/2684/2748 2234/2684/2754
f 2228/2684/2750 2227/2684/2749 2235/2684/2755
f 2228/2684/2750 2236/2684/2776 2237/2684/2759
f 2230/2684/2758 2229/2684/2742 2237/2684/2759
f 2224/2684/2745 2223/2684/2744 2231/2684/2761
f 2224/2684/2745 2232/2684/2768 2233/2684/2763
f 2238/2684/2760 2237/2684/2759 2245/2684/2835
f 2232/2684/2768 2231/2684/2761 2239/2684/2769
f 2232/2684/2836 2240/2684/2770 2241/2684/2771
f 2233/2684/2763 2241/2684/2837 2242/2684/2773
f 2235/2684/2755 2234/2684/2838 2242/2684/2773
f 2235/2684/2755 2243/2684/2774 2244/2684/2777
f 2237/2684/2757 2236/2684/2756 2244/2684/2777
f 2242/2684/2773 2241/2684/2771 1994/2684/2439
f 2243/2684/2774 2242/2684/2773 2249/2684/2426
f 2243/2684/2774 1995/2684/2428 2250/2684/2429
f 2245/2684/2765 2244/2684/2775 2250/2684/2429
f 2246/2684/2766 2245/2684/2765 1996/2684/2432
f 2240/2684/2780 2239/2684/2769 2247/2684/2435
f 2241/2684/2771 2240/2684/2770 2248/2684/2438
s 1
f 2251/2685/2839 2252/2686/2840 2253/2687/2841
f 2251/2688/2839 2254/2689/2842 2252/2690/2840
f 2255/2691/2843 2256/2692/2844 2254/2693/2842
f 2254/2693/2842 2256/2692/2844 2252/2686/2840
f 2257/2694/2845 2256/2695/2844 2258/2696/2846
f 2258/2696/2846 2256/2695/2844 2255/2697/2843
f 2259/2698/2847 2260/2699/2848 2258/2696/2846
f 2258/2696/2846 2260/2699/2848 2257/2694/2845
f 2260/2699/2848 2261/2700/2849 2257/2694/2845
f 2257/2694/2845 2261/2700/2849 2262/2701/2850
f 2261/2700/2849 2263/2702/2851 2262/2701/2850
f 2262/2701/2850 2263/2702/2851 2264/2703/2852
f 2265/2704/2853 2266/2705/2854 2263/2702/2851
f 2263/2702/2851 2266/2705/2854 2264/2703/2852
f 2266/2705/2854 2267/2706/2855 2264/2703/2852
f 2264/2703/2852 2267/2706/2855 2268/2707/2856
f 2264/2703/2852 2268/2707/2856 2269/2708/2857
f 2270/2709/2858 2269/2710/2857 2268/2711/2856
f 2270/2709/2858 2268/2711/2856 2271/2712/2859
f 2253/2713/2841 2270/2714/2858 2271/2715/2859
f 2271/2712/2859 2272/2716/2860 2253/2687/2841
f 2273/2717/2861 2272/2716/2860 2271/2712/2859
f 2274/2718/2862 2272/2719/2860 2273/2720/2861
f 2272/2719/2860 2274/2718/2862 2275/2721/2863
f 2275/2722/2863 2276/2723/2864 2272/2716/2860
f 2275/2722/2863 2277/2724/2865 2276/2723/2864
f 2277/2725/2865 2278/2726/2866 2276/2727/2864
f 2276/2723/2864 2278/2728/2866 2279/2729/2867
f 2276/2723/2864 2279/2729/2867 2280/2730/2868
f 2281/2731/2869 2282/2732/2870 2283/2733/2871
f 2281/2731/2869 2283/2733/2871 2284/2734/2872
f 2285/2735/2873 2281/2736/2869 2284/2737/2872
f 2286/2738/2874 2281/2736/2869 2285/2735/2873
f 2286/2739/2874 2285/2740/2873 2287/2741/2875
f 2287/2741/2875 2285/2740/2873 2288/2742/2876
f 2289/2743/2877 2287/2744/2875 2290/2745/2878
f 2290/2745/2878 2287/2744/2875 2288/2746/2876
f 2291/2747/2879 2292/2748/2880 2290/2745/2878
f 2290/2745/2878 2292/2748/2880 2289/2743/2877
f 2292/2748/2880 2293/2749/2881 2289/2743/2877
f 2289/2743/2877 2293/2749/2881 2294/2750/2882
f 2293/2749/2881 2295/2751/2883 2294/2750/2882
f 2294/2750/2882 2295/2751/2883 2296/2752/2884
f 2295/2751/2883 2297/2753/2885 2296/2752/2884
f 2296/2752/2884 2297/2753/2885 2298/2754/2886
f 2299/2755/2887 2300/2756/2888 2297/2753/2885
f 2297/2753/2885 2300/2756/2888 2298/2754/2886
f 2300/2756/2888 2301/2757/2889 2298/2754/2886
f 2298/2754/2886 2301/2757/2889 2302/2758/2890
f 2298/2754/2886 2302/2758/2890 2303/2759/2891
f 2302/2760/2890 2304/2761/2892 2303/2762/2891
f 2302/2760/2890 2305/2763/2893 2304/2761/2892
f 2305/2763/2893 2306/2764/2894 2304/2761/2892
f 2304/2765/2892 2306/2766/2894 2307/2767/2895
f 2306/2766/2894 2286/2768/2874 2307/2767/2895
f 2307/2769/2895 2286/2739/2874 2308/2770/2896
f 2308/2770/2896 2286/2739/2874 2287/2741/2875
f 2303/2762/2891 2307/2769/2895 2308/2770/2896
f 2296/2752/2884 2303/2759/2891 2308/2771/2896
f 2309/2772/2897 2305/2763/2893 2302/2760/2890
f 2310/2773/2898 2305/2763/2893 2309/2772/2897
f 2310/2774/2898 2311/2775/2899 2305/2776/2893
f 2312/2777/2900 2251/2778/2839 2313/2779/2901
f 2312/2780/2900 2314/2781/2902 2251/2685/2839
f 2316/2782/2903 2314/2781/2902 2315/2783/2904
f 2315/2783/2904 2314/2781/2902 2312/2780/2900
f 2316/2782/2903 2255/2691/2843 2314/2781/2902
f 2314/2781/2902 2255/2691/2843 2254/2693/2842
f 2317/2784/2905 2318/2785/2906 2315/2786/2904
f 2315/2786/2904 2318/2785/2906 2316/2787/2903
f 2258/2696/2846 2255/2697/2843 2318/2785/2906
f 2318/2785/2906 2255/2697/2843 2316/2787/2903
f 2319/2788/2907 2259/2698/2847 2318/2785/2906
f 2318/2785/2906 2259/2698/2847 2258/2696/2846
f 2319/2788/2907 2318/2785/2906 2320/2789/2908
f 2320/2789/2908 2318/2785/2906 2317/2784/2905
f 2321/2790/2909 2322/2791/2910 2320/2789/2908
f 2320/2789/2908 2322/2791/2910 2319/2788/2907
f 2323/2792/2911 2259/2698/2847 2322/2791/2910
f 2322/2791/2910 2259/2698/2847 2319/2788/2907
f 2324/2793/2912 2260/2699/2848 2323/2792/2911
f 2323/2792/2911 2260/2699/2848 2259/2698/2847
f 2325/2794/2913 2326/2795/2914 2323/2796/2911
f 2323/2796/2911 2326/2795/2914 2324/2797/2912
f 2325/2794/2913 2327/2798/2915 2326/2795/2914
f 2327/2798/2915 2328/2799/2916 2326/2795/2914
f 2326/2795/2914 2328/2799/2916 2329/2800/2917
f 2328/2799/2916 2330/2801/2918 2329/2800/2917
f 2329/2800/2917 2330/2801/2918 2331/2802/2919
f 2332/2803/2920 2329/2800/2917 2333/2804/2921
f 2333/2804/2921 2329/2800/2917 2331/2802/2919
f 2333/2805/2921 2263/2702/2851 2332/2806/2920
f 2332/2806/2920 2263/2702/2851 2261/2700/2849
f 2333/2804/2921 2331/2802/2919 2335/2807/2922
f 2335/2807/2922 2331/2802/2919 2334/2808/2923
f 2335/2807/2922 2334/2808/2923 2337/2809/2924
f 2337/2809/2924 2334/2808/2923 2336/2810/2925
f 2337/2809/2924 2336/2810/2925 2339/2811/2926
f 2339/2811/2926 2336/2810/2925 2338/2812/2927
f 2339/2811/2926 2338/2812/2927 2341/2813/2928
f 2341/2813/2928 2338/2812/2927 2340/2814/2929
f 2341/2813/2928 2340/2814/2929 2343/2815/2930
f 2343/2815/2930 2340/2814/2929 2342/2816/2931
f 2343/2817/2930 2344/2818/2932 2341/2819/2928
f 2341/2819/2928 2344/2818/2932 2345/2820/2933
f 2344/2818/2932 2346/2821/2934 2345/2820/2933
f 2345/2820/2933 2346/2821/2934 2347/2822/2935
f 2345/2820/2933 2347/2822/2935 2349/2823/2936
f 2349/2823/2936 2347/2822/2935 2348/2824/2937
f 2341/2819/2928 2345/2820/2933 2339/2825/2926
f 2339/2825/2926 2345/2820/2933 2349/2823/2936
f 2349/2823/2936 2348/2824/2937 2351/2826/2938
f 2351/2826/2938 2348/2824/2937 2350/2827/2939
f 2337/2828/2924 2339/2825/2926 2351/2826/2938
f 2351/2826/2938 2339/2825/2926 2349/2823/2936
f 2351/2826/2938 2350/2827/2939 2265/2704/2853
f 2265/2704/2853 2350/2827/2939 2266/2705/2854
f 2350/2827/2939 2352/2829/2940 2266/2705/2854
f 2350/2827/2939 2348/2824/2937 2352/2829/2940
f 2352/2829/2940 2348/2824/2937 2353/2830/2941
f 2353/2831/2941 2275/2722/2863 2352/2832/2940
f 2352/2832/2940 2275/2722/2863 2274/2833/2862
f 2347/2822/2935 2354/2834/2942 2348/2824/2937
f 2348/2824/2937 2354/2834/2942 2353/2830/2941
f 2353/2831/2941 2354/2835/2942 2275/2722/2863
f 2275/2722/2863 2354/2835/2942 2277/2724/2865
f 2354/2835/2942 2355/2836/2943 2277/2724/2865
f 2277/2724/2865 2355/2836/2943 2278/2728/2866
f 2346/2821/2934 2355/2837/2943 2347/2822/2935
f 2347/2822/2935 2355/2837/2943 2354/2834/2942
f 2356/2838/2944 2357/2839/2945 2346/2821/2934
f 2346/2821/2934 2357/2839/2945 2355/2837/2943
f 2355/2836/2943 2357/2840/2945 2278/2728/2866
f 2278/2728/2866 2357/2840/2945 2279/2729/2867
f 2356/2838/2944 2358/2841/2946 2357/2839/2945
f 2357/2839/2945 2358/2841/2946 2359/2842/2947
f 2279/2729/2867 2357/2840/2945 2359/2843/2947
f 2279/2729/2867 2359/2843/2947 2360/2844/2948
f 2360/2844/2948 2359/2843/2947 2361/2845/2949
f 2360/2844/2948 2361/2845/2949 2362/2846/2950
f 2280/2730/2868 2360/2844/2948 2362/2846/2950
f 2280/2730/2868 2362/2846/2950 2363/2847/2951
f 2365/2848/2952 2366/2849/2953 2364/2850/2954
f 2365/2848/2952 2367/2851/2955 2366/2849/2953
f 2366/2849/2953 2367/2851/2955 2368/2852/2956
f 2366/2849/2953 2368/2852/2956 2369/2853/2957
f 2368/2852/2956 2370/2854/2958 2369/2853/2957
f 2369/2853/2957 2370/2854/2958 2371/2855/2959
f 2370/2856/2958 2372/2857/2960 2371/2858/2959
f 2371/2858/2959 2372/2857/2960 2373/2859/2961
f 2374/2860/2962 2375/2861/2963 2372/2857/2960
f 2372/2857/2960 2375/2861/2963 2373/2859/2961
f 2375/2861/2963 2376/2862/2964 2373/2859/2961
f 2373/2859/2961 2376/2862/2964 2377/2863/2965
f 2376/2862/2964 2378/2864/2966 2377/2863/2965
f 2377/2863/2965 2378/2864/2966 2379/2865/2967
f 2378/2864/2966 2380/2866/2968 2379/2865/2967
f 2379/2865/2967 2380/2866/2968 2381/2867/2969
f 2381/2867/2969 2380/2866/2968 2383/2868/2970
f 2383/2868/2970 2380/2866/2968 2382/2869/2971
f 2381/2867/2969 2383/2868/2970 2384/2870/2972
f 2381/2867/2969 2384/2870/2972 2385/2871/2973
f 2386/2872/2974 2381/2867/2969 2385/2871/2973
f 2387/2873/2975 2386/2874/2974 2385/2875/2973
f 2387/2873/2975 2385/2875/2973 2388/2876/2976
f 2389/2877/2977 2387/2878/2975 2388/2879/2976
f 2390/2880/2978 2389/2881/2977 2388/2876/2976
f 2390/2880/2978 2388/2876/2976 2391/2882/2979
f 2390/2883/2978 2391/2884/2979 2392/2885/2980
f 2390/2883/2978 2392/2885/2980 2393/2886/2981
f 2394/2887/2982 2390/2880/2978 2393/2888/2981
f 2394/2889/2982 2393/2890/2981 2395/2891/2983
f 2394/2889/2982 2395/2891/2983 2396/2892/2984
f 2397/2893/2985 2394/2889/2982 2396/2892/2984
f 2397/2894/2985 2396/2895/2984 2399/2896/2986
f 2399/2896/2986 2396/2895/2984 2398/2897/2987
f 2398/2898/2987 2400/2899/2988 2399/2900/2986
f 2399/2900/2986 2400/2899/2988 2401/2901/2989
f 2400/2899/2988 2402/2902/2990 2401/2901/2989
f 2401/2901/2989 2402/2902/2990 2403/2903/2991
f 2401/2901/2989 2403/2903/2991 2405/2904/2992
f 2405/2904/2992 2403/2903/2991 2404/2905/2993
f 2405/2904/2992 2404/2905/2993 2407/2906/2994
f 2407/2906/2994 2404/2905/2993 2406/2907/2995
f 2406/2907/2995 2409/2908/2996 2407/2906/2994
f 2408/2909/2997 2409/2908/2996 2406/2907/2995
f 2409/2908/2996 2410/2910/2998 2407/2906/2994
f 2407/2906/2994 2410/2910/2998 2411/2911/2999
f 2412/2912/3000 2407/2906/2994 2411/2911/2999
f 2411/2913/2999 2413/2914/3001 2412/2915/3000
f 2414/2916/3002 2413/2914/3001 2411/2913/2999
f 2414/2917/3002 2415/2918/3003 2413/2919/3001
f 2415/2918/3003 2397/2893/2985 2413/2919/3001
f 2414/2916/3002 2411/2913/2999 2416/2920/3004
f 2414/2921/3002 2416/2922/3004 2417/2923/3005
f 2417/2923/3005 2416/2922/3004 2418/2924/3006
f 2417/2925/3005 2418/2926/3006 2419/2927/3007
f 2419/2928/3007 2418/2929/3006 2420/2930/3008
f 2421/2931/3009 2419/2927/3007 2420/2932/3008
f 2421/2931/3009 2420/2932/3008 2422/2933/3010
f 2423/2934/3011 2421/2931/3009 2422/2933/3010
f 2424/2935/3012 2421/2931/3009 2423/2934/3011
f 2425/2936/3013 2421/2931/3009 2424/2935/3012
f 2282/2732/2870 2425/2936/3013 2426/2937/3014
f 2426/2937/3014 2425/2936/3013 2427/2938/3015
f 2426/2937/3014 2427/2938/3015 2428/2939/3016
f 2428/2939/3016 2427/2938/3015 2429/2940/3017
f 2430/2941/3018 2428/2942/3016 2429/2943/3017
f 2430/2941/3018 2429/2943/3017 2431/2944/3019
f 2432/2945/3020 2433/2946/3021 2431/2944/3019
f 2431/2944/3019 2433/2946/3021 2430/2941/3018
f 2434/2947/3022 2435/2948/3023 2433/2946/3021
f 2433/2946/3021 2435/2948/3023 2430/2941/3018
f 2435/2948/3023 2436/2949/3024 2430/2941/3018
f 2435/2948/3023 2437/2950/3025 2436/2949/3024
f 2438/2951/3026 2437/2950/3025 2435/2948/3023
f 2438/2951/3026 2439/2952/3027 2437/2950/3025
f 2437/2950/3025 2439/2952/3027 2440/2953/3028
f 2439/2952/3027 2290/2745/2878 2440/2953/3028
f 2440/2953/3028 2290/2745/2878 2288/2746/2876
f 2441/2954/3029 2439/2952/3027 2442/2955/3030
f 2442/2955/3030 2439/2952/3027 2438/2951/3026
f 2443/2956/3031 2444/2957/3032 2442/2955/3030
f 2442/2955/3030 2444/2957/3032 2441/2954/3029
f 2444/2957/3032 2445/2958/3033 2441/2954/3029
f 2441/2954/3029 2445/2958/3033 2291/2747/2879
f 2446/2959/3034 2292/2748/2880 2445/2958/3033
f 2445/2958/3033 2292/2748/2880 2291/2747/2879
f 2447/2960/3035 2446/2961/3034 2448/2962/3036
f 2448/2962/3036 2446/2961/3034 2445/2963/3033
f 2449/2964/3037 2447/2960/3035 2448/2962/3036
f 2449/2964/3037 2448/2962/3036 2450/2965/3038
f 2451/2966/3039 2449/2964/3037 2450/2965/3038
f 2451/2966/3039 2450/2965/3038 2452/2967/3040
f 2452/2968/3040 2453/2969/3041 2451/2970/3039
f 2451/2970/3039 2453/2969/3041 2454/2971/3042
f 2453/2969/3041 2455/2972/3043 2454/2971/3042
f 2454/2971/3042 2455/2972/3043 2456/2973/3044
f 2455/2972/3043 2457/2974/3045 2456/2973/3044
f 2456/2973/3044 2457/2974/3045 2458/2975/3046
f 2456/2973/3044 2458/2975/3046 2460/2976/3047
f 2460/2976/3047 2458/2975/3046 2459/2977/3048
f 2460/2976/3047 2459/2977/3048 2462/2978/3049
f 2462/2978/3049 2459/2977/3048 2461/2979/3050
f 2462/2978/3049 2461/2979/3050 2464/2980/3051
f 2464/2980/3051 2461/2979/3050 2463/2981/3052
f 2464/2980/3051 2463/2981/3052 2466/2982/3053
f 2466/2982/3053 2463/2981/3052 2465/2983/3054
f 2466/2982/3053 2465/2983/3054 2468/2984/3055
f 2468/2984/3055 2465/2983/3054 2467/2985/3056
f 2468/2984/3055 2467/2985/3056 2470/2986/3057
f 2470/2986/3057 2467/2985/3056 2469/2987/3058
f 2470/2986/3057 2469/2987/3058 2472/2988/3059
f 2472/2988/3059 2469/2987/3058 2471/2989/3060
f 2471/2989/3060 2473/2990/3061 2472/2988/3059
f 2472/2988/3059 2473/2990/3061 2474/2991/3062
f 2474/2991/3062 2473/2990/3061 2476/2992/3063
f 2476/2992/3063 2473/2990/3061 2475/2993/3064
f 2477/2994/3065 2476/2992/3063 2478/2995/3066
f 2478/2995/3066 2476/2992/3063 2475/2993/3064
f 2479/2996/3067 2477/2994/3065 2480/2997/3068
f 2480/2997/3068 2477/2994/3065 2478/2995/3066
f 2481/2998/3069 2479/2996/3067 2482/2999/3070
f 2482/2999/3070 2479/2996/3067 2480/2997/3068
f 2483/3000/3071 2481/3001/3069 2484/3002/3072
f 2484/3002/3072 2481/3001/3069 2482/3003/3070
f 2485/3004/3073 2483/3000/3071 2486/3005/3074
f 2486/3005/3074 2483/3000/3071 2484/3002/3072
f 2487/3006/3075 2485/3004/3073 2488/3007/3076
f 2488/3007/3076 2485/3004/3073 2486/3005/3074
f 2489/3008/3077 2487/3006/3075 2490/3009/3078
f 2490/3009/3078 2487/3006/3075 2488/3007/3076
f 2491/3010/3079 2489/3008/3077 2492/3011/3080
f 2492/3011/3080 2489/3008/3077 2490/3009/3078
f 2493/3012/3081 2491/3010/3079 2494/3013/3082
f 2494/3013/3082 2491/3010/3079 2492/3011/3080
f 2495/3014/3083 2493/3012/3081 2496/3015/3084
f 2496/3015/3084 2493/3012/3081 2494/3013/3082
f 2497/3016/3085 2495/3014/3083 2498/3017/3086
f 2498/3017/3086 2495/3014/3083 2496/3015/3084
f 2497/3016/3085 2498/3017/3086 2499/3018/3087
f 2499/3018/3087 2498/3017/3086 2500/3019/3088
f 2501/3020/3089 2499/3018/3087 2502/3021/3090
f 2502/3021/3090 2499/3018/3087 2500/3019/3088
f 2503/3022/3091 2501/3020/3089 2504/3023/3092
f 2504/3023/3092 2501/3020/3089 2502/3021/3090
f 2505/3024/3093 2503/3022/3091 2506/3025/3094
f 2506/3025/3094 2503/3022/3091 2504/3023/3092
f 2507/3026/3095 2505/3024/3093 2508/3027/3096
f 2508/3027/3096 2505/3024/3093 2506/3025/3094
f 2509/3028/3097 2507/3026/3095 2510/3029/3098
f 2510/3029/3098 2507/3026/3095 2508/3027/3096
f 2511/3030/3099 2509/3028/3097 2512/3031/3100
f 2512/3031/3100 2509/3028/3097 2510/3029/3098
f 2513/3032/3101 2511/3030/3099 2514/3033/3102
f 2514/3033/3102 2511/3030/3099 2512/3031/3100
f 2515/3034/3103 2513/3032/3101 2516/3035/3104
f 2516/3035/3104 2513/3032/3101 2514/3033/3102
f 2515/3034/3103 2516/3035/3104 2518/3036/3105
f 2518/3036/3105 2516/3035/3104 2517/3037/3106
f 2518/3036/3105 2517/3037/3106 2520/3038/3107
f 2520/3038/3107 2517/3037/3106 2519/3039/3108
f 2520/3038/3107 2519/3039/3108 2522/3040/3109
f 2522/3040/3109 2519/3039/3108 2521/3041/3110
f 2521/3042/3110 2523/3043/3111 2522/3044/3109
f 2522/3044/3109 2523/3043/3111 2524/3045/3112
f 2523/3043/3111 2525/3046/3113 2524/3045/3112
f 2524/3045/3112 2525/3046/3113 2526/3047/3114
f 2526/3047/3114 2525/3046/3113 2528/3048/3115
f 2528/3048/3115 2525/3046/3113 2527/3049/3116
f 2528/3048/3115 2527/3049/3116 2530/3050/3117
f 2530/3050/3117 2527/3049/3116 2529/3051/3118
f 2530/3050/3117 2529/3051/3118 2532/3052/3119
f 2532/3052/3119 2529/3051/3118 2531/3053/3120
f 2532/3052/3119 2531/3053/3120 2534/3054/3121
f 2534/3054/3121 2531/3053/3120 2533/3055/3122
f 2534/3054/3121 2533/3055/3122 2536/3056/3123
f 2536/3056/3123 2533/3055/3122 2535/3057/3124
f 2536/3056/3123 2535/3057/3124 2538/3058/3125
f 2538/3058/3125 2535/3057/3124 2537/3059/3126
f 2538/3058/3125 2537/3059/3126 2540/3060/3127
f 2540/3060/3127 2537/3059/3126 2539/3061/3128
f 2540/3060/3127 2539/3061/3128 2542/3062/3129
f 2542/3062/3129 2539/3061/3128 2541/3063/3130
f 2542/3062/3129 2541/3063/3130 2544/3064/3131
f 2544/3064/3131 2541/3063/3130 2543/3065/3132
f 2544/3064/3131 2543/3065/3132 2546/3066/3133
f 2546/3066/3133 2543/3065/3132 2545/3067/3134
f 2546/3066/3133 2545/3067/3134 2548/3068/3135
f 2548/3068/3135 2545/3067/3134 2547/3069/3136
f 2548/3068/3135 2547/3069/3136 2550/3070/3137
f 2550/3070/3137 2547/3069/3136 2549/3071/3138
f 2550/3070/3137 2549/3071/3138 2552/3072/3139
f 2552/3072/3139 2549/3071/3138 2551/3073/3140
f 2552/3072/3139 2551/3073/3140 2554/3074/3141
f 2554/3074/3141 2551/3073/3140 2553/3075/3142
f 2554/3074/3141 2553/3075/3142 2556/3076/3143
f 2556/3076/3143 2553/3075/3142 2555/3077/3144
f 2556/3076/3143 2555/3077/3144 2558/3078/3145
f 2558/3078/3145 2555/3077/3144 2557/3079/3146
f 2558/3078/3145 2557/3079/3146 2560/3080/3147
f 2560/3080/3147 2557/3079/3146 2559/3081/3148
f 2560/3080/3147 2559/3081/3148 2562/3082/3149
f 2562/3082/3149 2559/3081/3148 2561/3083/3150
f 2562/3084/3149 2561/3085/3150 2564/3086/3151
f 2564/3086/3151 2561/3085/3150 2563/3087/3152
f 2564/3086/3151 2563/3087/3152 2566/3088/3153
f 2566/3088/3153 2563/3087/3152 2565/3089/3154
f 2566/3088/3153 2565/3089/3154 2568/3090/3155
f 2568/3090/3155 2565/3089/3154 2567/3091/3156
f 2568/3090/3155 2567/3091/3156 2570/3092/3157
f 2570/3092/3157 2567/3091/3156 2569/3093/3158
f 2570/3092/3157 2569/3093/3158 2572/3094/3159
f 2572/3094/3159 2569/3093/3158 2571/3095/3160
f 2572/3094/3159 2571/3095/3160 2574/3096/3161
f 2574/3096/3161 2571/3095/3160 2573/3097/3162
f 2574/3096/3161 2573/3097/3162 2576/3098/3163
f 2576/3098/3163 2573/3097/3162 2575/3099/3164
f 2576/3098/3163 2575/3099/3164 2578/3100/3165
f 2578/3100/3165 2575/3099/3164 2577/3101/3166
f 2577/3101/3166 2579/3102/3167 2578/3100/3165
f 2578/3100/3165 2579/3102/3167 2580/3103/3168
f 2579/3102/3167 2581/3104/3169 2580/3103/3168
f 2580/3103/3168 2581/3104/3169 2582/3105/3170
f 2581/3104/3169 2583/3106/3171 2582/3105/3170
f 2582/3105/3170 2583/3106/3171 2584/3107/3172
f 2583/3106/3171 2585/3108/3173 2584/3107/3172
f 2584/3107/3172 2585/3108/3173 2586/3109/3174
f 2585/3108/3173 2587/3110/3175 2586/3109/3174
f 2586/3109/3174 2587/3110/3175 2588/3111/3176
f 2587/3110/3175 2589/3112/3177 2588/3111/3176
f 2588/3111/3176 2589/3112/3177 2590/3113/3178
f 2589/3112/3177 2591/3114/3179 2590/3113/3178
f 2590/3113/3178 2591/3114/3179 2592/3115/3180
f 2591/3114/3179 2593/3116/3181 2592/3115/3180
f 2592/3115/3180 2593/3116/3181 2594/3117/3182
f 2593/3116/3181 2595/3118/3183 2594/3117/3182
f 2594/3117/3182 2595/3118/3183 2596/3119/3184
f 2596/3119/3184 2595/3118/3183 2598/3120/3185
f 2598/3120/3185 2595/3118/3183 2597/3121/3186
f 2598/3120/3185 2597/3121/3186 2600/3122/3187
f 2600/3122/3187 2597/3121/3186 2599/3123/3188
f 2600/3122/3187 2599/3123/3188 2602/3124/3189
f 2602/3124/3189 2599/3123/3188 2601/3125/3190
f 2601/3126/3190 2603/3127/3191 2602/3128/3189
f 2602/3128/3189 2603/3127/3191 2604/3129/3192
f 2604/3129/3192 2603/3127/3191 2606/3130/3193
f 2606/3130/3193 2603/3127/3191 2605/3131/3194
f 2606/3130/3193 2605/3131/3194 2608/3132/3195
f 2608/3132/3195 2605/3131/3194 2607/3133/3196
f 2607/3133/3196 2609/3134/3197 2608/3132/3195
f 2608/3132/3195 2609/3134/3197 2610/3135/3198
f 2610/3135/3198 2609/3134/3197 2612/3136/3199
f 2612/3136/3199 2609/3134/3197 2611/3137/3200
f 2612/3136/3199 2611/3137/3200 2614/3138/3201
f 2614/3138/3201 2611/3137/3200 2613/3139/3202
f 2614/3138/3201 2613/3139/3202 2455/2972/3043
f 2455/2972/3043 2613/3139/3202 2457/2974/3045
f 2615/3140/3203 2614/3138/3201 2453/2969/3041
f 2453/2969/3041 2614/3138/3201 2455/2972/3043
f 2612/3136/3199 2614/3138/3201 2616/3141/3204
f 2616/3141/3204 2614/3138/3201 2615/3140/3203
f 2617/3142/3205 2616/3141/3204 2618/3143/3206
f 2618/3143/3206 2616/3141/3204 2615/3140/3203
f 2618/3144/3206 2619/3145/3207 2617/3146/3205
f 2450/2965/3038 2619/3145/3207 2618/3144/3206
f 2450/2965/3038 2620/3147/3208 2619/3145/3207
f 2450/2965/3038 2621/3148/3209 2620/3147/3208
f 2443/3149/3031 2620/3147/3208 2444/3150/3032
f 2444/3150/3032 2620/3147/3208 2621/3148/3209
f 2620/3147/3208 2622/3151/3210 2619/3145/3207
f 2619/3145/3207 2622/3151/3210 2623/3152/3211
f 2622/3151/3210 2624/3153/3212 2623/3152/3211
f 2624/3153/3212 2625/3154/3213 2623/3152/3211
f 2623/3152/3211 2625/3154/3213 2626/3155/3214
f 2623/3152/3211 2626/3155/3214 2627/3156/3215
f 2627/3156/3215 2626/3155/3214 2628/3157/3216
f 2628/3158/3216 2629/3159/3217 2627/3160/3215
f 2627/3160/3215 2629/3159/3217 2630/3161/3218
f 2629/3159/3217 2606/3130/3193 2630/3161/3218
f 2630/3161/3218 2606/3130/3193 2608/3132/3195
f 2631/3162/3219 2632/3163/3220 2628/3158/3216
f 2628/3158/3216 2632/3163/3220 2629/3159/3217
f 2632/3163/3220 2604/3129/3192 2629/3159/3217
f 2629/3159/3217 2604/3129/3192 2606/3130/3193
f 2633/3164/3221 2634/3165/3222 2631/3162/3219
f 2631/3162/3219 2634/3165/3222 2632/3163/3220
f 2634/3165/3222 2602/3128/3189 2632/3163/3220
f 2632/3163/3220 2602/3128/3189 2604/3129/3192
f 2635/3166/3223 2636/3167/3224 2633/3168/3221
f 2633/3168/3221 2636/3167/3224 2634/3169/3222
f 2636/3167/3224 2600/3122/3187 2634/3169/3222
f 2634/3169/3222 2600/3122/3187 2602/3124/3189
f 2637/3170/3225 2638/3171/3226 2635/3166/3223
f 2635/3166/3223 2638/3171/3226 2636/3167/3224
f 2598/3120/3185 2600/3122/3187 2638/3171/3226
f 2638/3171/3226 2600/3122/3187 2636/3167/3224
f 2637/3170/3225 2639/3172/3227 2638/3171/3226
f 2638/3171/3226 2639/3172/3227 2640/3173/3228
f 2640/3173/3228 2596/3119/3184 2638/3171/3226
f 2638/3171/3226 2596/3119/3184 2598/3120/3185
f 2639/3172/3227 2641/3174/3229 2640/3173/3228
f 2640/3173/3228 2641/3174/3229 2642/3175/3230
f 2642/3175/3230 2594/3117/3182 2640/3173/3228
f 2640/3173/3228 2594/3117/3182 2596/3119/3184
f 2641/3174/3229 2643/3176/3231 2642/3175/3230
f 2642/3175/3230 2643/3176/3231 2644/3177/3232
f 2592/3115/3180 2594/3117/3182 2644/3177/3232
f 2644/3177/3232 2594/3117/3182 2642/3175/3230
f 2645/3178/3233 2646/3179/3234 2643/3176/3231
f 2643/3176/3231 2646/3179/3234 2644/3177/3232
f 2590/3113/3178 2592/3115/3180 2646/3179/3234
f 2646/3179/3234 2592/3115/3180 2644/3177/3232
f 2648/3180/3235 2646/3179/3234 2647/3181/3236
f 2647/3181/3236 2646/3179/3234 2645/3178/3233
f 2648/3180/3235 2588/3111/3176 2646/3179/3234
f 2646/3179/3234 2588/3111/3176 2590/3113/3178
f 2650/3182/3237 2648/3180/3235 2649/3183/3238
f 2649/3183/3238 2648/3180/3235 2647/3181/3236
f 2650/3182/3237 2586/3109/3174 2648/3180/3235
f 2648/3180/3235 2586/3109/3174 2588/3111/3176
f 2651/3184/3239 2652/3185/3240 2649/3183/3238
f 2649/3183/3238 2652/3185/3240 2650/3182/3237
f 2652/3185/3240 2584/3107/3172 2650/3182/3237
f 2650/3182/3237 2584/3107/3172 2586/3109/3174
f 2654/3186/3241 2652/3185/3240 2653/3187/3242
f 2653/3187/3242 2652/3185/3240 2651/3184/3239
f 2654/3186/3241 2582/3105/3170 2652/3185/3240
f 2652/3185/3240 2582/3105/3170 2584/3107/3172
f 2656/3188/3243 2654/3186/3241 2655/3189/3244
f 2655/3189/3244 2654/3186/3241 2653/3187/3242
f 2656/3188/3243 2580/3103/3168 2654/3186/3241
f 2654/3186/3241 2580/3103/3168 2582/3105/3170
f 2657/3190/3245 2658/3191/3246 2655/3189/3244
f 2655/3189/3244 2658/3191/3246 2656/3188/3243
f 2658/3191/3246 2578/3100/3165 2656/3188/3243
f 2656/3188/3243 2578/3100/3165 2580/3103/3168
f 2659/3192/3247 2660/3193/3248 2657/3190/3245
f 2657/3190/3245 2660/3193/3248 2658/3191/3246
f 2660/3193/3248 2576/3098/3163 2658/3191/3246
f 2658/3191/3246 2576/3098/3163 2578/3100/3165
f 2661/3194/3249 2662/3195/3250 2659/3192/3247
f 2659/3192/3247 2662/3195/3250 2660/3193/3248
f 2662/3195/3250 2574/3096/3161 2660/3193/3248
f 2660/3193/3248 2574/3096/3161 2576/3098/3163
f 2663/3196/3251 2664/3197/3252 2661/3194/3249
f 2661/3194/3249 2664/3197/3252 2662/3195/3250
f 2664/3197/3252 2572/3094/3159 2662/3195/3250
f 2662/3195/3250 2572/3094/3159 2574/3096/3161
f 2665/3198/3253 2666/3199/3254 2663/3196/3251
f 2663/3196/3251 2666/3199/3254 2664/3197/3252
f 2570/3092/3157 2572/3094/3159 2666/3199/3254
f 2666/3199/3254 2572/3094/3159 2664/3197/3252
f 2667/3200/3255 2668/3201/3256 2665/3198/3253
f 2665/3198/3253 2668/3201/3256 2666/3199/3254
f 2568/3090/3155 2570/3092/3157 2668/3201/3256
f 2668/3201/3256 2570/3092/3157 2666/3199/3254
f 2669/3202/3257 2670/3203/3258 2667/3200/3255
f 2667/3200/3255 2670/3203/3258 2668/3201/3256
f 2566/3088/3153 2568/3090/3155 2670/3203/3258
f 2670/3203/3258 2568/3090/3155 2668/3201/3256
f 2671/3204/3259 2672/3205/3260 2669/3202/3257
f 2669/3202/3257 2672/3205/3260 2670/3203/3258
f 2672/3205/3260 2564/3086/3151 2670/3203/3258
f 2670/3203/3258 2564/3086/3151 2566/3088/3153
f 2673/3206/3261 2674/3207/3262 2671/3204/3259
f 2671/3204/3259 2674/3207/3262 2672/3205/3260
f 2562/3084/3149 2564/3086/3151 2674/3207/3262
f 2674/3207/3262 2564/3086/3151 2672/3205/3260
f 2675/3208/3263 2676/3209/3264 2673/3210/3261
f 2673/3210/3261 2676/3209/3264 2674/3165/3262
f 2676/3209/3264 2560/3080/3147 2674/3165/3262
f 2674/3165/3262 2560/3080/3147 2562/3082/3149
f 2677/3211/3265 2678/3212/3266 2675/3208/3263
f 2675/3208/3263 2678/3212/3266 2676/3209/3264
f 2678/3212/3266 2558/3078/3145 2676/3209/3264
f 2676/3209/3264 2558/3078/3145 2560/3080/3147
f 2679/3213/3267 2680/3214/3268 2677/3211/3265
f 2677/3211/3265 2680/3214/3268 2678/3212/3266
f 2556/3076/3143 2558/3078/3145 2680/3214/3268
f 2680/3214/3268 2558/3078/3145 2678/3212/3266
f 2681/3215/3269 2682/3216/3270 2679/3213/3267
f 2679/3213/3267 2682/3216/3270 2680/3214/3268
f 2554/3074/3141 2556/3076/3143 2682/3216/3270
f 2682/3216/3270 2556/3076/3143 2680/3214/3268
f 2683/3217/3271 2684/3218/3272 2681/3215/3269
f 2681/3215/3269 2684/3218/3272 2682/3216/3270
f 2684/3218/3272 2552/3072/3139 2682/3216/3270
f 2682/3216/3270 2552/3072/3139 2554/3074/3141
f 2685/3219/3273 2686/3220/3274 2683/3217/3271
f 2683/3217/3271 2686/3220/3274 2684/3218/3272
f 2686/3220/3274 2550/3070/3137 2684/3218/3272
f 2684/3218/3272 2550/3070/3137 2552/3072/3139
f 2687/3221/3275 2688/3222/3276 2685/3219/3273
f 2685/3219/3273 2688/3222/3276 2686/3220/3274
f 2548/3068/3135 2550/3070/3137 2688/3222/3276
f 2688/3222/3276 2550/3070/3137 2686/3220/3274
f 2689/3223/3277 2690/3224/3278 2687/3221/3275
f 2687/3221/3275 2690/3224/3278 2688/3222/3276
f 2546/3066/3133 2548/3068/3135 2690/3224/3278
f 2690/3224/3278 2548/3068/3135 2688/3222/3276
f 2691/3225/3279 2692/3226/3280 2689/3223/3277
f 2689/3223/3277 2692/3226/3280 2690/3224/3278
f 2544/3064/3131 2546/3066/3133 2692/3226/3280
f 2692/3226/3280 2546/3066/3133 2690/3224/3278
f 2693/3227/3281 2694/3228/3282 2691/3225/3279
f 2691/3225/3279 2694/3228/3282 2692/3226/3280
f 2542/3062/3129 2544/3064/3131 2694/3228/3282
f 2694/3228/3282 2544/3064/3131 2692/3226/3280
f 2695/3229/3283 2696/3230/3284 2693/3227/3281
f 2693/3227/3281 2696/3230/3284 2694/3228/3282
f 2696/3230/3284 2540/3060/3127 2694/3228/3282
f 2694/3228/3282 2540/3060/3127 2542/3062/3129
f 2698/3231/3285 2696/3230/3284 2697/3232/3286
f 2697/3232/3286 2696/3230/3284 2695/3229/3283
f 2698/3231/3285 2538/3058/3125 2696/3230/3284
f 2696/3230/3284 2538/3058/3125 2540/3060/3127
f 2700/3233/3287 2698/3231/3285 2699/3234/3288
f 2699/3234/3288 2698/3231/3285 2697/3232/3286
f 2700/3233/3287 2536/3056/3123 2698/3231/3285
f 2698/3231/3285 2536/3056/3123 2538/3058/3125
f 2701/3235/3289 2702/3236/3290 2699/3234/3288
f 2699/3234/3288 2702/3236/3290 2700/3233/3287
f 2702/3236/3290 2534/3054/3121 2700/3233/3287
f 2700/3233/3287 2534/3054/3121 2536/3056/3123
f 2703/3237/3291 2704/3238/3292 2701/3235/3289
f 2701/3235/3289 2704/3238/3292 2702/3236/3290
f 2532/3052/3119 2534/3054/3121 2704/3238/3292
f 2704/3238/3292 2534/3054/3121 2702/3236/3290
f 2705/3239/3293 2706/3240/3294 2703/3237/3291
f 2703/3237/3291 2706/3240/3294 2704/3238/3292
f 2706/3240/3294 2530/3050/3117 2704/3238/3292
f 2704/3238/3292 2530/3050/3117 2532/3052/3119
f 2707/3241/3295 2708/3242/3296 2705/3239/3293
f 2705/3239/3293 2708/3242/3296 2706/3240/3294
f 2708/3242/3296 2528/3048/3115 2706/3240/3294
f 2706/3240/3294 2528/3048/3115 2530/3050/3117
f 2709/3243/3297 2710/3244/3298 2707/3241/3295
f 2707/3241/3295 2710/3244/3298 2708/3242/3296
f 2710/3244/3298 2526/3047/3114 2708/3242/3296
f 2708/3242/3296 2526/3047/3114 2528/3048/3115
f 2711/3245/3299 2712/3246/3300 2709/3243/3297
f 2709/3243/3297 2712/3246/3300 2710/3244/3298
f 2712/3246/3300 2524/3045/3112 2710/3244/3298
f 2710/3244/3298 2524/3045/3112 2526/3047/3114
f 2713/3247/3301 2714/3248/3302 2711/3245/3299
f 2711/3245/3299 2714/3248/3302 2712/3246/3300
f 2714/3248/3302 2522/3044/3109 2712/3246/3300
f 2712/3246/3300 2522/3044/3109 2524/3045/3112
f 2715/3249/3303 2716/3250/3304 2713/3251/3301
f 2713/3251/3301 2716/3250/3304 2714/3207/3302
f 2716/3250/3304 2520/3038/3107 2714/3207/3302
f 2714/3207/3302 2520/3038/3107 2522/3040/3109
f 2717/3252/3305 2718/3253/3306 2715/3249/3303
f 2715/3249/3303 2718/3253/3306 2716/3250/3304
f 2518/3036/3105 2520/3038/3107 2718/3253/3306
f 2718/3253/3306 2520/3038/3107 2716/3250/3304
f 2719/3254/3307 2720/3255/3308 2717/3252/3305
f 2717/3252/3305 2720/3255/3308 2718/3253/3306
f 2720/3255/3308 2515/3034/3103 2718/3253/3306
f 2718/3253/3306 2515/3034/3103 2518/3036/3105
f 2722/3256/3309 2720/3255/3308 2721/3257/3310
f 2721/3257/3310 2720/3255/3308 2719/3254/3307
f 2722/3256/3309 2513/3032/3101 2720/3255/3308
f 2720/3255/3308 2513/3032/3101 2515/3034/3103
f 2724/3258/3311 2722/3256/3309 2723/3259/3312
f 2723/3259/3312 2722/3256/3309 2721/3257/3310
f 2722/3256/3309 2724/3258/3311 2513/3032/3101
f 2513/3032/3101 2724/3258/3311 2511/3030/3099
f 2724/3258/3311 2723/3259/3312 2726/3260/3313
f 2726/3260/3313 2723/3259/3312 2725/3261/3314
f 2724/3258/3311 2726/3260/3313 2511/3030/3099
f 2511/3030/3099 2726/3260/3313 2509/3028/3097
f 2726/3260/3313 2725/3261/3314 2728/3262/3315
f 2728/3262/3315 2725/3261/3314 2727/3263/3316
f 2726/3260/3313 2728/3262/3315 2509/3028/3097
f 2509/3028/3097 2728/3262/3315 2507/3026/3095
f 2728/3262/3315 2727/3263/3316 2730/3264/3317
f 2730/3264/3317 2727/3263/3316 2729/3265/3318
f 2728/3262/3315 2730/3264/3317 2507/3026/3095
f 2507/3026/3095 2730/3264/3317 2505/3024/3093
f 2730/3264/3317 2729/3265/3318 2732/3266/3319
f 2732/3266/3319 2729/3265/3318 2731/3267/3320
f 2732/3266/3319 2503/3022/3091 2730/3264/3317
f 2730/3264/3317 2503/3022/3091 2505/3024/3093
f 2731/3267/3320 2733/3268/3321 2732/3266/3319
f 2732/3266/3319 2733/3268/3321 2734/3269/3322
f 2734/3269/3322 2501/3020/3089 2732/3266/3319
f 2732/3266/3319 2501/3020/3089 2503/3022/3091
f 2733/3268/3321 2735/3270/3323 2734/3269/3322
f 2734/3269/3322 2735/3270/3323 2736/3271/3324
f 2736/3271/3324 2499/3018/3087 2734/3269/3322
f 2734/3269/3322 2499/3018/3087 2501/3020/3089
f 2736/3271/3324 2735/3270/3323 2738/3272/3325
f 2738/3272/3325 2735/3270/3323 2737/3273/3326
f 2736/3271/3324 2738/3272/3325 2499/3018/3087
f 2499/3018/3087 2738/3272/3325 2497/3016/3085
f 2738/3272/3325 2737/3273/3326 2740/3274/3327
f 2740/3274/3327 2737/3273/3326 2739/3275/3328
f 2738/3272/3325 2740/3274/3327 2497/3016/3085
f 2497/3016/3085 2740/3274/3327 2495/3014/3083
f 2739/3275/3328 2741/3276/3329 2740/3274/3327
f 2740/3274/3327 2741/3276/3329 2742/3277/3330
f 2740/3274/3327 2742/3277/3330 2495/3014/3083
f 2495/3014/3083 2742/3277/3330 2493/3012/3081
f 2741/3276/3329 2743/3278/3331 2742/3277/3330
f 2742/3277/3330 2743/3278/3331 2744/3279/3332
f 2742/3277/3330 2744/3279/3332 2493/3012/3081
f 2493/3012/3081 2744/3279/3332 2491/3010/3079
f 2745/3280/3333 2746/3281/3334 2743/3278/3331
f 2743/3278/3331 2746/3281/3334 2744/3279/3332
f 2744/3279/3332 2746/3281/3334 2491/3010/3079
f 2491/3010/3079 2746/3281/3334 2489/3008/3077
f 2747/3282/3335 2748/3283/3336 2745/3280/3333
f 2745/3280/3333 2748/3283/3336 2746/3281/3334
f 2746/3281/3334 2748/3283/3336 2489/3008/3077
f 2489/3008/3077 2748/3283/3336 2487/3006/3075
f 2747/3282/3335 2749/3284/3337 2748/3283/3336
f 2748/3283/3336 2749/3284/3337 2750/3285/3338
f 2748/3283/3336 2750/3285/3338 2487/3006/3075
f 2487/3006/3075 2750/3285/3338 2485/3004/3073
f 2749/3284/3337 2751/3286/3339 2750/3285/3338
f 2750/3285/3338 2751/3286/3339 2752/3287/3340
f 2485/3004/3073 2750/3285/3338 2483/3000/3071
f 2483/3000/3071 2750/3285/3338 2752/3287/3340
f 2753/3288/3341 2754/3289/3342 2751/3286/3339
f 2751/3286/3339 2754/3289/3342 2752/3287/3340
f 2752/3287/3340 2754/3289/3342 2483/3000/3071
f 2483/3000/3071 2754/3289/3342 2481/3001/3069
f 2753/3290/3341 2755/3291/3343 2754/3292/3342
f 2754/3292/3342 2755/3291/3343 2756/3293/3344
f 2481/2998/3069 2754/3292/3342 2479/2996/3067
f 2479/2996/3067 2754/3292/3342 2756/3293/3344
f 2756/3293/3344 2755/3291/3343 2758/3294/3345
f 2758/3294/3345 2755/3291/3343 2757/3295/3346
f 2479/2996/3067 2756/3293/3344 2477/2994/3065
f 2477/2994/3065 2756/3293/3344 2758/3294/3345
f 2758/3294/3345 2757/3295/3346 2760/3296/3347
f 2760/3296/3347 2757/3295/3346 2759/3297/3348
f 2758/3294/3345 2760/3296/3347 2477/2994/3065
f 2477/2994/3065 2760/3296/3347 2476/2992/3063
f 2760/3296/3347 2759/3297/3348 2762/3298/3349
f 2762/3298/3349 2759/3297/3348 2761/3299/3350
f 2762/3298/3349 2474/2991/3062 2760/3296/3347
f 2760/3296/3347 2474/2991/3062 2476/2992/3063
f 2762/3298/3349 2761/3299/3350 2764/3300/3351
f 2764/3300/3351 2761/3299/3350 2763/3301/3352
f 2764/3300/3351 2472/2988/3059 2762/3298/3349
f 2762/3298/3349 2472/2988/3059 2474/2991/3062
f 2765/3302/3353 2766/3303/3354 2763/3301/3352
f 2763/3301/3352 2766/3303/3354 2764/3300/3351
f 2766/3303/3354 2470/2986/3057 2764/3300/3351
f 2764/3300/3351 2470/2986/3057 2472/2988/3059
f 2767/3304/3355 2768/3305/3356 2765/3302/3353
f 2765/3302/3353 2768/3305/3356 2766/3303/3354
f 2468/2984/3055 2470/2986/3057 2768/3305/3356
f 2768/3305/3356 2470/2986/3057 2766/3303/3354
f 2769/3306/3357 2770/3307/3358 2767/3304/3355
f 2767/3304/3355 2770/3307/3358 2768/3305/3356
f 2466/2982/3053 2468/2984/3055 2770/3307/3358
f 2770/3307/3358 2468/2984/3055 2768/3305/3356
f 2772/3308/3359 2770/3307/3358 2771/3309/3360
f 2771/3309/3360 2770/3307/3358 2769/3306/3357
f 2464/2980/3051 2466/2982/3053 2772/3308/3359
f 2772/3308/3359 2466/2982/3053 2770/3307/3358
f 2774/3310/3361 2772/3308/3359 2773/3311/3362
f 2773/3311/3362 2772/3308/3359 2771/3309/3360
f 2774/3310/3361 2462/2978/3049 2772/3308/3359
f 2772/3308/3359 2462/2978/3049 2464/2980/3051
f 2775/3312/3363 2776/3313/3364 2773/3311/3362
f 2773/3311/3362 2776/3313/3364 2774/3310/3361
f 2776/3313/3364 2460/2976/3047 2774/3310/3361
f 2774/3310/3361 2460/2976/3047 2462/2978/3049
f 2454/2971/3042 2776/3313/3364 2451/2970/3039
f 2451/2970/3039 2776/3313/3364 2775/3312/3363
f 2773/3314/3362 2777/3315/3365 2775/3316/3363
f 2777/3315/3365 2449/2964/3037 2775/3316/3363
f 2777/3315/3365 2778/3317/3366 2449/2964/3037
f 2779/3318/3367 2778/3317/3366 2777/3315/3365
f 2779/3318/3367 2780/3319/3368 2778/3317/3366
f 2778/3317/3366 2780/3319/3368 2781/3320/3369
f 2780/3321/3368 2295/2751/2883 2781/3322/3369
f 2781/3322/3369 2295/2751/2883 2293/2749/2881
f 2782/3323/3370 2783/3324/3371 2779/3318/3367
f 2779/3318/3367 2783/3324/3371 2780/3319/3368
f 2783/3325/3371 2297/2753/2885 2780/3321/3368
f 2780/3321/3368 2297/2753/2885 2295/2751/2883
f 2784/3326/3372 2783/3324/3371 2785/3327/3373
f 2785/3327/3373 2783/3324/3371 2782/3323/3370
f 2786/3328/3374 2784/3326/3372 2787/3329/3375
f 2787/3329/3375 2784/3326/3372 2785/3327/3373
f 2788/3330/3376 2786/3328/3374 2789/3331/3377
f 2789/3331/3377 2786/3328/3374 2787/3329/3375
f 2790/3332/3378 2788/3330/3376 2791/3333/3379
f 2791/3333/3379 2788/3330/3376 2789/3331/3377
f 2793/3334/3380 2790/3332/3378 2792/3335/3381
f 2792/3335/3381 2790/3332/3378 2791/3333/3379
f 2793/3336/3380 2794/3337/3382 2790/3338/3378
f 2790/3338/3378 2794/3337/3382 2795/3339/3383
f 2795/3339/3383 2794/3337/3382 2796/3340/3384
f 2795/3339/3383 2796/3340/3384 2797/3341/3385
f 2795/3339/3383 2797/3341/3385 2799/3342/3386
f 2799/3342/3386 2797/3341/3385 2798/3343/3387
f 2790/3338/3378 2795/3339/3383 2788/3344/3376
f 2788/3344/3376 2795/3339/3383 2799/3342/3386
f 2799/3342/3386 2798/3343/3387 2801/3345/3388
f 2801/3345/3388 2798/3343/3387 2800/3346/3389
f 2788/3344/3376 2799/3342/3386 2786/3347/3374
f 2786/3347/3374 2799/3342/3386 2801/3345/3388
f 2801/3345/3388 2800/3346/3389 2299/2755/2887
f 2299/2755/2887 2800/3346/3389 2300/2756/2888
f 2800/3346/3389 2802/3348/3390 2300/2756/2888
f 2800/3346/3389 2798/3343/3387 2802/3348/3390
f 2802/3348/3390 2798/3343/3387 2803/3349/3391
f 2803/3350/3391 2804/3351/3392 2802/3352/3390
f 2802/3352/3390 2804/3351/3392 2805/3353/3393
f 2802/3352/3390 2805/3353/3393 2301/3354/2889
f 2805/3353/3393 2309/2772/2897 2301/3354/2889
f 2804/3355/3392 2310/3356/2898 2805/3357/3393
f 2310/2773/2898 2804/3351/3392 2806/3358/3394
f 2804/3351/3392 2807/3359/3395 2806/3358/3394
f 2806/3360/3394 2807/3361/3395 2808/3362/3396
f 2806/3358/3394 2808/3363/3396 2809/3364/3397
f 2806/3358/3394 2809/3364/3397 2810/3365/3398
f 2811/3366/3399 2812/3367/3400 2813/3368/3401
f 2811/3366/3399 2814/3369/3402 2812/3367/3400
f 2814/3369/3402 2815/3370/3403 2812/3367/3400
f 2814/3369/3402 2816/3371/3404 2815/3370/3403
f 2816/3371/3404 2817/3372/3405 2815/3370/3403
f 2817/3372/3405 2818/3373/3406 2815/3370/3403
f 2819/3374/3407 2820/3375/3408 2817/3376/3405
f 2817/3376/3405 2820/3375/3408 2818/3377/3406
f 2821/3378/3409 2820/3379/3408 2822/3380/3410
f 2822/3380/3410 2820/3379/3408 2819/3381/3407
f 2821/3378/3409 2822/3380/3410 2824/3382/3411
f 2824/3382/3411 2822/3380/3410 2823/3383/3412
f 2825/3384/3413 2821/3378/3409 2826/3385/3414
f 2826/3385/3414 2821/3378/3409 2824/3382/3411
f 2827/3386/3415 2825/3384/3413 2828/3387/3416
f 2828/3387/3416 2825/3384/3413 2826/3385/3414
f 2829/3388/3417 2830/3389/3418 2828/3387/3416
f 2828/3387/3416 2830/3389/3418 2827/3386/3415
f 2830/3389/3418 2831/3390/3419 2827/3386/3415
f 2831/3390/3419 2832/3391/3420 2827/3386/3415
f 2827/3386/3415 2832/3391/3420 2833/3392/3421
f 2833/3393/3421 2832/3394/3420 2834/3395/3422
f 2834/3395/3422 2832/3394/3420 2835/3396/3423
f 2834/3397/3422 2835/3398/3423 2836/3399/3424
f 2836/3400/3424 2835/3396/3423 2837/3401/3425
f 2835/3396/3423 2838/3402/3426 2837/3401/3425
f 2838/3402/3426 2839/3403/3427 2837/3401/3425
f 2840/3404/3428 2837/3401/3425 2839/3403/3427
f 2840/3404/3428 2841/3405/3429 2837/3401/3425
f 2842/3406/3430 2841/3405/3429 2840/3404/3428
f 2842/3406/3430 2843/3407/3431 2841/3405/3429
f 2841/3405/3429 2843/3407/3431 2844/3408/3432
f 2841/3405/3429 2844/3408/3432 2845/3409/3433
f 2844/3408/3432 2846/3410/3434 2845/3409/3433
f 2845/3409/3433 2846/3410/3434 2847/3411/3435
f 2846/3410/3434 2848/3412/3436 2847/3411/3435
f 2849/3413/3437 2848/3412/3436 2846/3410/3434
f 2850/3414/3438 2848/3415/3436 2849/3416/3437
f 2850/3414/3438 2849/3416/3437 2851/3417/3439
f 2852/3418/3440 2853/3419/3441 2851/3417/3439
f 2851/3417/3439 2853/3419/3441 2850/3414/3438
f 2853/3419/3441 2852/3418/3440 2854/3420/3442
f 2854/3420/3442 2852/3418/3440 2855/3421/3443
f 2855/3422/3443 2856/3423/3444 2854/3424/3442
f 2854/3424/3442 2856/3423/3444 2857/3425/3445
f 2856/3423/3444 2858/3426/3446 2857/3425/3445
f 2859/3427/3447 2858/3426/3446 2856/3423/3444
f 2859/3427/3447 2707/3428/3295 2858/3426/3446
f 2860/3429/3448 2859/3427/3447 2856/3423/3444
f 2861/3430/3449 2859/3427/3447 2860/3429/3448
f 2861/3430/3449 2860/3429/3448 2862/3431/3450
f 2863/3432/3451 2861/3430/3449 2862/3431/3450
f 2864/3433/3452 2861/3430/3449 2863/3432/3451
f 2864/3433/3452 2713/3434/3301 2861/3430/3449
f 2865/3435/3453 2864/3433/3452 2863/3432/3451
f 2866/3436/3454 2864/3433/3452 2865/3435/3453
f 2867/3437/3455 2864/3433/3452 2866/3436/3454
f 2867/3437/3455 2717/3438/3305 2864/3433/3452
f 2868/3439/3456 2867/3437/3455 2866/3436/3454
f 2869/3440/3457 2867/3437/3455 2868/3439/3456
f 2869/3440/3457 2868/3439/3456 2870/3441/3458
f 2871/3442/3459 2869/3440/3457 2870/3441/3458
f 2872/3443/3460 2869/3440/3457 2871/3442/3459
f 2872/3443/3460 2723/3444/3312 2869/3440/3457
f 2873/3445/3461 2872/3443/3460 2871/3442/3459
f 2874/3446/3462 2872/3443/3460 2873/3445/3461
f 2874/3446/3462 2873/3445/3461 2875/3447/3463
f 2876/3448/3464 2874/3446/3462 2875/3447/3463
f 2877/3449/3465 2874/3446/3462 2876/3448/3464
f 2877/3449/3465 2729/3450/3318 2874/3446/3462
f 2877/3449/3465 2876/3448/3464 2878/3451/3466
f 2879/3452/3467 2877/3449/3465 2878/3451/3466
f 2880/3453/3468 2877/3449/3465 2879/3452/3467
f 2880/3453/3468 2733/3454/3321 2877/3449/3465
f 2880/3453/3468 2879/3452/3467 2881/3455/3469
f 2882/3456/3470 2880/3453/3468 2881/3455/3469
f 2882/3456/3470 2881/3455/3469 2883/3457/3471
f 2882/3456/3470 2883/3457/3471 2884/3458/3472
f 2882/3456/3470 2884/3458/3472 2885/3459/3473
f 2739/3460/3328 2882/3456/3470 2885/3459/3473
f 2885/3459/3473 2884/3458/3472 2886/3461/3474
f 2885/3459/3473 2886/3461/3474 2887/3462/3475
f 2887/3462/3475 2886/3461/3474 2888/3463/3476
f 2887/3462/3475 2888/3463/3476 2889/3464/3477
f 2887/3462/3475 2889/3464/3477 2890/3465/3478
f 2745/3466/3333 2887/3462/3475 2890/3465/3478
f 2890/3465/3478 2889/3464/3477 2891/3467/3479
f 2890/3465/3478 2891/3467/3479 2892/3468/3480
f 2890/3465/3478 2892/3468/3480 2893/3469/3481
f 2890/3465/3478 2893/3469/3481 2749/3470/3337
f 2893/3469/3481 2892/3468/3480 2894/3471/3482
f 2893/3469/3481 2894/3471/3482 2895/3472/3483
f 2894/3471/3482 2896/3473/3484 2895/3472/3483
f 2895/3472/3483 2896/3473/3484 2897/3474/3485
f 2895/3472/3483 2897/3474/3485 2898/3475/3486
f 2755/3476/3343 2895/3472/3483 2898/3475/3486
f 2897/3474/3485 2899/3477/3487 2898/3475/3486
f 2898/3475/3486 2899/3477/3487 2900/3478/3488
f 2899/3477/3487 2792/3335/3381 2900/3478/3488
f 2898/3475/3486 2900/3478/3488 2759/3479/3348
f 2897/3474/3485 2901/3480/3489 2899/3477/3487
f 2899/3477/3487 2901/3480/3489 2902/3481/3490
f 2901/3482/3489 2903/3483/3491 2902/3484/3490
f 2902/3484/3490 2903/3483/3491 2904/3485/3492
f 2905/3486/3493 2906/3487/3494 2903/3483/3491
f 2903/3483/3491 2906/3487/3494 2904/3485/3492
f 2904/3485/3492 2906/3487/3494 2794/3337/3382
f 2794/3337/3382 2906/3487/3494 2796/3340/3384
f 2905/3486/3493 2907/3488/3495 2906/3487/3494
f 2908/3489/3496 2907/3488/3495 2905/3486/3493
f 2908/3490/3496 2809/3364/3397 2907/3491/3495
f 2908/3490/3496 2909/3492/3497 2809/3364/3397
f 2910/3493/3498 2909/3492/3497 2908/3490/3496
f 2910/3493/3498 2911/3494/3499 2909/3492/3497
f 2911/3494/3499 2810/3365/3398 2909/3492/3497
f 2912/3495/3500 2911/3494/3499 2910/3493/3498
f 2913/3496/3501 2912/3495/3500 2910/3493/3498
f 2914/3497/3502 2912/3495/3500 2913/3496/3501
f 2915/3498/3503 2914/3497/3502 2913/3496/3501
f 2914/3497/3502 2915/3498/3503 2916/3499/3504
f 2916/3499/3504 2915/3498/3503 2917/3500/3505
f 2918/3501/3506 2916/3499/3504 2919/3502/3507
f 2919/3502/3507 2916/3499/3504 2917/3500/3505
f 2920/3503/3508 2921/3504/3509 2919/3502/3507
f 2919/3502/3507 2921/3504/3509 2918/3501/3506
f 2921/3504/3509 2922/3505/3510 2918/3501/3506
f 2924/3506/3511 2921/3504/3509 2923/3507/3512
f 2923/3507/3512 2921/3504/3509 2920/3503/3508
f 2924/3508/3511 2925/3509/3513 2921/3510/3509
f 2924/3506/3511 2926/3511/3514 2925/3512/3513
f 2927/3513/3515 2926/3514/3514 2924/3515/3511
f 2928/3516/3516 2926/3514/3514 2927/3513/3515
f 2928/3517/3516 2813/3518/3401 2926/3511/3514
f 2928/3519/3516 2929/3520/3517 2813/3368/3401
f 2930/3521/3518 2929/3522/3517 2928/3517/3516
f 2930/3521/3518 2931/3523/3519 2929/3522/3517
f 2931/3523/3519 2811/3524/3399 2929/3522/3517
f 2931/3523/3519 2932/3525/3520 2811/3524/3399
f 2932/3526/3520 2931/3527/3519 2933/3528/3521
f 2934/3529/3522 2932/3526/3520 2933/3528/3521
f 2932/3526/3520 2934/3529/3522 2935/3530/3523
f 2935/3530/3523 2934/3529/3522 2936/3531/3524
f 2935/3530/3523 2936/3531/3524 2937/3532/3525
f 2937/3532/3525 2936/3531/3524 2938/3533/3526
f 2822/3380/3410 2819/3381/3407 2938/3533/3526
f 2938/3533/3526 2819/3381/3407 2937/3532/3525
f 2822/3380/3410 2938/3533/3526 2823/3383/3412
f 2823/3383/3412 2938/3533/3526 2939/3534/3527
f 2939/3534/3527 2938/3533/3526 2940/3535/3528
f 2940/3535/3528 2938/3533/3526 2936/3531/3524
f 2939/3534/3527 2940/3535/3528 2942/3536/3529
f 2942/3536/3529 2940/3535/3528 2941/3537/3530
f 2943/3538/3531 2823/3383/3412 2942/3536/3529
f 2942/3536/3529 2823/3383/3412 2939/3534/3527
f 2944/3539/3532 2824/3382/3411 2943/3538/3531
f 2943/3538/3531 2824/3382/3411 2823/3383/3412
f 2875/3447/3463 2873/3445/3461 2943/3540/3531
f 2943/3540/3531 2873/3445/3461 2944/3541/3532
f 2876/3448/3464 2875/3447/3463 2942/3542/3529
f 2942/3542/3529 2875/3447/3463 2943/3540/3531
f 2878/3451/3466 2876/3448/3464 2941/3543/3530
f 2941/3543/3530 2876/3448/3464 2942/3542/3529
f 2940/3535/3528 2945/3544/3533 2941/3537/3530
f 2941/3537/3530 2945/3544/3533 2946/3545/3534
f 2945/3544/3533 2947/3546/3535 2946/3545/3534
f 2946/3545/3534 2947/3546/3535 2948/3547/3536
f 2947/3546/3535 2949/3548/3537 2948/3547/3536
f 2948/3547/3536 2949/3548/3537 2950/3549/3538
f 2951/3550/3539 2952/3551/3540 2949/3548/3537
f 2949/3548/3537 2952/3551/3540 2950/3549/3538
f 2883/3457/3471 2950/3552/3538 2884/3458/3472
f 2884/3458/3472 2950/3552/3538 2952/3553/3540
f 2953/3554/3541 2954/3555/3542 2951/3550/3539
f 2951/3550/3539 2954/3555/3542 2952/3551/3540
f 2952/3553/3540 2954/3556/3542 2884/3458/3472
f 2884/3458/3472 2954/3556/3542 2886/3461/3474
f 2955/3557/3543 2956/3558/3544 2953/3554/3541
f 2953/3554/3541 2956/3558/3544 2954/3555/3542
f 2954/3556/3542 2956/3559/3544 2886/3461/3474
f 2886/3461/3474 2956/3559/3544 2888/3463/3476
f 2955/3557/3543 2957/3560/3545 2956/3558/3544
f 2956/3558/3544 2957/3560/3545 2958/3561/3546
f 2888/3463/3476 2956/3559/3544 2889/3464/3477
f 2889/3464/3477 2956/3559/3544 2958/3562/3546
f 2957/3560/3545 2959/3563/3547 2958/3561/3546
f 2958/3561/3546 2959/3563/3547 2960/3564/3548
f 2961/3565/3549 2962/3566/3550 2959/3563/3547
f 2959/3563/3547 2962/3566/3550 2960/3564/3548
f 2961/3565/3549 2963/3567/3551 2962/3566/3550
f 2962/3566/3550 2963/3567/3551 2964/3568/3552
f 2963/3569/3551 2965/3570/3553 2964/3571/3552
f 2964/3571/3552 2965/3570/3553 2966/3572/3554
f 2965/3570/3553 2903/3483/3491 2966/3572/3554
f 2966/3572/3554 2903/3483/3491 2901/3482/3489
f 2967/3573/3555 2905/3486/3493 2965/3570/3553
f 2965/3570/3553 2905/3486/3493 2903/3483/3491
f 2963/3569/3551 2968/3574/3556 2965/3570/3553
f 2965/3570/3553 2968/3574/3556 2967/3573/3555
f 2913/3575/3501 2967/3573/3555 2968/3574/3556
f 2964/3576/3552 2966/3577/3554 2894/3471/3482
f 2894/3471/3482 2966/3577/3554 2896/3473/3484
f 2966/3577/3554 2901/3480/3489 2896/3473/3484
f 2896/3473/3484 2901/3480/3489 2897/3474/3485
f 2961/3565/3549 2969/3578/3557 2963/3567/3551
f 2963/3567/3551 2969/3578/3557 2968/3579/3556
f 2915/3580/3503 2968/3579/3556 2969/3578/3557
f 2964/3576/3552 2894/3471/3482 2962/3581/3550
f 2962/3581/3550 2894/3471/3482 2892/3468/3480
f 2959/3563/3547 2970/3582/3558 2961/3565/3549
f 2961/3565/3549 2970/3582/3558 2969/3578/3557
f 2917/3583/3505 2915/3580/3503 2970/3582/3558
f 2970/3582/3558 2915/3580/3503 2969/3578/3557
f 2962/3581/3550 2892/3468/3480 2960/3584/3548
f 2960/3584/3548 2892/3468/3480 2891/3467/3479
f 2957/3560/3545 2971/3585/3559 2959/3563/3547
f 2959/3563/3547 2971/3585/3559 2970/3582/3558
f 2917/3583/3505 2970/3582/3558 2919/3586/3507
f 2919/3586/3507 2970/3582/3558 2971/3585/3559
f 2972/3587/3560 2920/3588/3508 2971/3585/3559
f 2971/3585/3559 2920/3588/3508 2919/3586/3507
f 2972/3587/3560 2971/3585/3559 2955/3557/3543
f 2955/3557/3543 2971/3585/3559 2957/3560/3545
f 2958/3562/3546 2960/3584/3548 2889/3464/3477
f 2889/3464/3477 2960/3584/3548 2891/3467/3479
f 2973/3589/3561 2972/3587/3560 2953/3554/3541
f 2953/3554/3541 2972/3587/3560 2955/3557/3543
f 2923/3590/3512 2920/3588/3508 2973/3589/3561
f 2973/3589/3561 2920/3588/3508 2972/3587/3560
f 2974/3591/3562 2973/3589/3561 2951/3550/3539
f 2951/3550/3539 2973/3589/3561 2953/3554/3541
f 2974/3591/3562 2923/3590/3512 2973/3589/3561
f 2974/3591/3562 2975/3592/3563 2923/3590/3512
f 2976/3593/3564 2975/3592/3563 2974/3591/3562
f 2930/3594/3518 2975/3592/3563 2976/3593/3564
f 2930/3521/3518 2927/3595/3515 2975/3596/3563
f 2976/3593/3564 2974/3591/3562 2949/3548/3537
f 2949/3548/3537 2974/3591/3562 2951/3550/3539
f 2947/3546/3535 2933/3528/3521 2949/3548/3537
f 2949/3548/3537 2933/3528/3521 2976/3593/3564
f 2881/3455/3469 2948/3597/3536 2883/3457/3471
f 2883/3457/3471 2948/3597/3536 2950/3552/3538
f 2945/3544/3533 2934/3529/3522 2947/3546/3535
f 2947/3546/3535 2934/3529/3522 2933/3528/3521
f 2879/3452/3467 2946/3598/3534 2881/3455/3469
f 2881/3455/3469 2946/3598/3534 2948/3597/3536
f 2940/3535/3528 2936/3531/3524 2945/3544/3533
f 2945/3544/3533 2936/3531/3524 2934/3529/3522
f 2878/3451/3466 2941/3543/3530 2879/3452/3467
f 2879/3452/3467 2941/3543/3530 2946/3598/3534
f 2935/3599/3523 2937/3600/3525 2814/3601/3402
f 2814/3601/3402 2937/3600/3525 2816/3602/3404
f 2937/3600/3525 2819/3374/3407 2816/3602/3404
f 2816/3602/3404 2819/3374/3407 2817/3376/3405
f 2935/3599/3523 2814/3601/3402 2932/3525/3520
f 2932/3525/3520 2814/3601/3402 2811/3524/3399
f 2931/3527/3519 2976/3593/3564 2933/3528/3521
f 2931/3527/3519 2930/3594/3518 2976/3593/3564
f 2930/3521/3518 2928/3517/3516 2927/3595/3515
f 2975/3596/3563 2927/3595/3515 2924/3506/3511
f 2975/3596/3563 2924/3506/3511 2923/3507/3512
f 2918/3501/3506 2922/3505/3510 2916/3499/3504
f 2916/3499/3504 2922/3505/3510 2914/3497/3502
f 2915/3580/3503 2913/3603/3501 2968/3579/3556
f 2914/3497/3502 2977/3604/3565 2912/3495/3500
f 2913/3575/3501 2910/3605/3498 2967/3573/3555
f 2912/3495/3500 2977/3604/3565 2911/3494/3499
f 2910/3605/3498 2908/3489/3496 2967/3573/3555
f 2967/3573/3555 2908/3489/3496 2905/3486/3493
f 2796/3340/3384 2906/3487/3494 2907/3488/3495
f 2796/3340/3384 2907/3488/3495 2978/3606/3566
f 2797/3341/3385 2796/3340/3384 2978/3606/3566
f 2797/3341/3385 2978/3606/3566 2979/3607/3567
f 2808/3363/3396 2979/3608/3567 2978/3609/3566
f 2807/3359/3395 2979/3608/3567 2808/3363/3396
f 2979/3608/3567 2807/3359/3395 2803/3350/3391
f 2803/3350/3391 2807/3359/3395 2804/3351/3392
f 2798/3343/3387 2797/3341/3385 2803/3349/3391
f 2803/3349/3391 2797/3341/3385 2979/3607/3567
f 2809/3364/3397 2978/3609/3566 2907/3491/3495
f 2808/3363/3396 2978/3609/3566 2809/3364/3397
f 2902/3484/3490 2904/3485/3492 2793/3336/3380
f 2793/3336/3380 2904/3485/3492 2794/3337/3382
f 2899/3477/3487 2902/3481/3490 2792/3335/3381
f 2792/3335/3381 2902/3481/3490 2793/3334/3380
f 2893/3469/3481 2895/3472/3483 2753/3610/3341
f 2743/3611/3331 2885/3459/3473 2887/3462/3475
f 2737/3612/3326 2880/3453/3468 2882/3456/3470
f 2874/3446/3462 2727/3613/3316 2872/3443/3460
f 2873/3445/3461 2871/3442/3459 2944/3541/3532
f 2944/3541/3532 2871/3442/3459 2980/3614/3568
f 2980/3615/3568 2826/3385/3414 2944/3539/3532
f 2944/3539/3532 2826/3385/3414 2824/3382/3411
f 2871/3442/3459 2870/3441/3458 2980/3614/3568
f 2980/3614/3568 2870/3441/3458 2981/3616/3569
f 2981/3617/3569 2828/3387/3416 2980/3615/3568
f 2980/3615/3568 2828/3387/3416 2826/3385/3414
f 2868/3439/3456 2982/3618/3570 2870/3441/3458
f 2870/3441/3458 2982/3618/3570 2981/3616/3569
f 2982/3619/3570 2829/3388/3417 2981/3617/3569
f 2981/3617/3569 2829/3388/3417 2828/3387/3416
f 2983/3620/3571 2829/3388/3417 2984/3621/3572
f 2984/3621/3572 2829/3388/3417 2982/3619/3570
f 2984/3621/3572 2985/3622/3573 2983/3620/3571
f 2983/3620/3571 2985/3622/3573 2986/3623/3574
f 2985/3622/3573 2987/3624/3575 2986/3623/3574
f 2986/3623/3574 2987/3624/3575 2988/3625/3576
f 2990/3626/3577 2988/3625/3576 2989/3627/3578
f 2989/3627/3578 2988/3625/3576 2987/3624/3575
f 2990/3626/3577 2991/3628/3579 2988/3625/3576
f 2988/3625/3576 2991/3628/3579 2992/3629/3580
f 2988/3625/3576 2992/3629/3580 2986/3623/3574
f 2992/3629/3580 2993/3630/3581 2986/3623/3574
f 2992/3629/3580 2994/3631/3582 2995/3632/3583
f 2992/3629/3580 2995/3632/3583 2993/3630/3581
f 2993/3630/3581 2995/3632/3583 2997/3633/3584
f 2995/3632/3583 2996/3634/3585 2997/3633/3584
f 2997/3633/3584 2996/3634/3585 2830/3389/3418
f 2983/3620/3571 2997/3633/3584 2829/3388/3417
f 2829/3388/3417 2997/3633/3584 2830/3389/3418
f 2995/3635/3583 2840/3404/3428 2996/3636/3585
f 2840/3404/3428 2839/3403/3427 2996/3636/3585
f 2986/3623/3574 2993/3630/3581 2983/3620/3571
f 2993/3630/3581 2997/3633/3584 2983/3620/3571
f 2994/3637/3582 2840/3404/3428 2995/3635/3583
f 2994/3637/3582 2842/3406/3430 2840/3404/3428
f 2994/3637/3582 2998/3638/3586 2842/3406/3430
f 2842/3406/3430 2998/3638/3586 2843/3407/3431
f 2991/3628/3579 2998/3639/3586 2992/3629/3580
f 2992/3629/3580 2998/3639/3586 2994/3631/3582
f 2999/3640/3587 3000/3641/3588 2991/3642/3579
f 2991/3642/3579 3000/3641/3588 2998/3643/3586
f 2998/3638/3586 3000/3644/3588 2843/3407/3431
f 2843/3407/3431 3000/3644/3588 2844/3408/3432
f 2851/3417/3439 3000/3641/3588 2999/3640/3587
f 3001/3645/3589 2852/3418/3440 2999/3640/3587
f 2999/3640/3587 2852/3418/3440 2851/3417/3439
f 3001/3645/3589 2999/3640/3587 2990/3646/3577
f 2990/3646/3577 2999/3640/3587 2991/3642/3579
f 3001/3645/3589 2990/3646/3577 3002/3647/3590
f 3002/3647/3590 2990/3646/3577 2989/3648/3578
f 2852/3418/3440 3001/3645/3589 2855/3421/3443
f 2855/3421/3443 3001/3645/3589 3002/3647/3590
f 2989/3649/3578 2862/3431/3450 3002/3650/3590
f 3002/3650/3590 2862/3431/3450 2860/3429/3448
f 2987/3651/3575 2863/3432/3451 2989/3649/3578
f 2989/3649/3578 2863/3432/3451 2862/3431/3450
f 2865/3435/3453 2863/3432/3451 2985/3652/3573
f 2985/3652/3573 2863/3432/3451 2987/3651/3575
f 2866/3436/3454 2865/3435/3453 2984/3653/3572
f 2984/3653/3572 2865/3435/3453 2985/3652/3573
f 2868/3439/3456 2866/3436/3454 2982/3618/3570
f 2982/3618/3570 2866/3436/3454 2984/3653/3572
f 2869/3440/3457 2721/3654/3310 2867/3437/3455
f 2861/3430/3449 2711/3655/3299 2859/3427/3447
f 2856/3423/3444 2855/3422/3443 2860/3429/3448
f 2860/3429/3448 2855/3422/3443 3002/3650/3590
f 2858/3426/3446 3003/3656/3591 2857/3425/3445
f 2858/3426/3446 3004/3657/3592 3003/3656/3591
f 3003/3656/3591 3004/3657/3592 3005/3658/3593
f 3003/3656/3591 3005/3658/3593 3007/3659/3594
f 3007/3659/3594 3005/3658/3593 3006/3660/3595
f 3008/3661/3596 3009/3662/3597 3006/3663/3595
f 3006/3663/3595 3009/3662/3597 3007/3664/3594
f 3009/3662/3597 2853/3419/3441 3007/3664/3594
f 3007/3664/3594 2853/3419/3441 2854/3420/3442
f 3008/3661/3596 3010/3665/3598 3009/3662/3597
f 3009/3662/3597 3010/3665/3598 3011/3666/3599
f 3010/3665/3598 3012/3667/3600 3011/3666/3599
f 3011/3666/3599 3012/3667/3600 3013/3668/3601
f 3011/3666/3599 3013/3668/3601 2850/3414/3438
f 3013/3669/3601 3012/3670/3600 3014/3671/3602
f 3013/3669/3601 3014/3671/3602 3015/3672/3603
f 2848/3412/3436 3013/3669/3601 3015/3672/3603
f 3015/3673/3603 3014/3674/3602 3016/3675/3604
f 2847/3411/3435 3015/3672/3603 3016/3676/3604
f 3016/3676/3604 3014/3671/3602 2313/3677/2901
f 2315/2783/2904 2312/2780/2900 3012/3670/3600
f 3012/3670/3600 2312/2780/2900 3014/3671/3602
f 3010/3665/3598 2317/2784/2905 3012/3667/3600
f 3012/3667/3600 2317/2784/2905 2315/2786/2904
f 2320/2789/2908 2317/2784/2905 3008/3661/3596
f 3008/3661/3596 2317/2784/2905 3010/3665/3598
f 3009/3662/3597 3011/3666/3599 2853/3419/3441
f 2853/3419/3441 3011/3666/3599 2850/3414/3438
f 3006/3663/3595 2321/2790/2909 3008/3661/3596
f 3008/3661/3596 2321/2790/2909 2320/2789/2908
f 3005/3658/3593 3017/3678/3605 3006/3660/3595
f 3006/3660/3595 3017/3678/3605 2321/3679/2909
f 3005/3658/3593 3018/3680/3606 3017/3678/3605
f 3017/3678/3605 3018/3680/3606 3019/3681/3607
f 3017/3678/3605 3019/3681/3607 2321/3679/2909
f 2321/3679/2909 3019/3681/3607 2322/3682/2910
f 3019/3681/3607 2325/2794/2913 2322/3682/2910
f 2322/3682/2910 2325/2794/2913 2323/2796/2911
f 3018/3680/3606 2327/2798/2915 3019/3681/3607
f 3018/3680/3606 2697/3683/3286 2327/2798/2915
f 3004/3657/3592 3018/3680/3606 3005/3658/3593
f 3004/3657/3592 2701/3684/3289 3018/3680/3606
f 2858/3426/3446 2705/3685/3293 3004/3657/3592
f 3003/3656/3591 3007/3659/3594 2857/3425/3445
f 2857/3425/3445 3007/3659/3594 2854/3424/3442
f 2851/3417/3439 2849/3416/3437 3000/3641/3588
f 3000/3644/3588 2849/3413/3437 2844/3408/3432
f 2850/3414/3438 3013/3668/3601 2848/3415/3436
f 2848/3412/3436 3015/3672/3603 2847/3411/3435
f 2844/3408/3432 2849/3413/3437 2846/3410/3434
f 2831/3686/3419 2996/3636/3585 2839/3403/3427
f 2831/3686/3419 2839/3403/3427 2838/3402/3426
f 2818/3687/3406 2834/3397/3422 2836/3399/3424
f 2832/3394/3420 2838/3402/3426 2835/3396/3423
f 2818/3377/3406 2833/3393/3421 2834/3395/3422
f 2832/3394/3420 2831/3686/3419 2838/3402/3426
f 2996/3634/3585 2831/3390/3419 2830/3389/3418
f 2827/3386/3415 2833/3392/3421 2825/3384/3413
f 2825/3384/3413 2833/3392/3421 2820/3379/3408
f 2825/3384/3413 2820/3379/3408 2821/3378/3409
f 2820/3375/3408 2833/3393/3421 2818/3377/3406
f 2929/3520/3517 2811/3366/3399 2813/3368/3401
f 2921/3510/3509 2925/3509/3513 2922/3688/3510
f 2922/3505/3510 2977/3604/3565 2914/3497/3502
f 2977/3604/3565 2810/3365/3398 2911/3494/3499
f 2909/3492/3497 2810/3365/3398 2809/3364/3397
f 2900/3478/3488 2792/3335/3381 2791/3333/3379
f 2900/3478/3488 2791/3333/3379 3020/3689/3608
f 2761/3690/3350 2900/3478/3488 3020/3689/3608
f 2791/3333/3379 2789/3331/3377 3020/3689/3608
f 3020/3689/3608 2789/3331/3377 2787/3329/3375
f 3020/3689/3608 2787/3329/3375 3021/3691/3609
f 3020/3689/3608 3021/3691/3609 2765/3692/3353
f 2787/3329/3375 2785/3327/3373 3021/3691/3609
f 3021/3691/3609 2785/3327/3373 3022/3693/3610
f 3021/3691/3609 3022/3693/3610 2769/3694/3357
f 2786/3347/3374 2801/3345/3388 2784/3695/3372
f 2784/3695/3372 2801/3345/3388 2299/2755/2887
f 2785/3327/3373 2782/3323/3370 3022/3693/3610
f 2784/3695/3372 2299/2755/2887 2783/3325/3371
f 2783/3325/3371 2299/2755/2887 2297/2753/2885
f 3022/3693/3610 2782/3323/3370 2779/3318/3367
f 2778/3317/3366 2781/3320/3369 2447/2960/3035
f 2447/2960/3035 2781/3320/3369 2446/2961/3034
f 2781/3322/3369 2293/2749/2881 2446/2959/3034
f 2446/2959/3034 2293/2749/2881 2292/2748/2880
f 3022/3693/3610 2779/3318/3367 2777/3315/3365
f 2771/3696/3360 3022/3693/3610 2777/3315/3365
f 2771/3696/3360 2777/3315/3365 2773/3314/3362
f 2769/3694/3357 3022/3693/3610 2771/3696/3360
f 2767/3697/3355 3021/3691/3609 2769/3694/3357
f 2765/3692/3353 3021/3691/3609 2767/3697/3355
f 2763/3698/3352 3020/3689/3608 2765/3692/3353
f 2761/3690/3350 3020/3689/3608 2763/3698/3352
f 2759/3479/3348 2900/3478/3488 2761/3690/3350
f 2757/3699/3346 2898/3475/3486 2759/3479/3348
f 2755/3476/3343 2898/3475/3486 2757/3699/3346
f 2753/3610/3341 2895/3472/3483 2755/3476/3343
f 2751/3700/3339 2893/3469/3481 2753/3610/3341
f 2749/3470/3337 2893/3469/3481 2751/3700/3339
f 2747/3701/3335 2890/3465/3478 2749/3470/3337
f 2745/3466/3333 2890/3465/3478 2747/3701/3335
f 2743/3611/3331 2887/3462/3475 2745/3466/3333
f 2741/3702/3329 2885/3459/3473 2743/3611/3331
f 2739/3460/3328 2885/3459/3473 2741/3702/3329
f 2739/3460/3328 2737/3612/3326 2882/3456/3470
f 2737/3612/3326 2735/3703/3323 2880/3453/3468
f 2735/3703/3323 2733/3454/3321 2880/3453/3468
f 2733/3454/3321 2731/3704/3320 2877/3449/3465
f 2877/3449/3465 2731/3704/3320 2729/3450/3318
f 2729/3450/3318 2727/3613/3316 2874/3446/3462
f 2727/3613/3316 2725/3705/3314 2872/3443/3460
f 2872/3443/3460 2725/3705/3314 2723/3444/3312
f 2723/3444/3312 2721/3654/3310 2869/3440/3457
f 2721/3654/3310 2719/3706/3307 2867/3437/3455
f 2867/3437/3455 2719/3706/3307 2717/3438/3305
f 2717/3438/3305 2715/3707/3303 2864/3433/3452
f 2864/3433/3452 2715/3707/3303 2713/3434/3301
f 2713/3434/3301 2711/3655/3299 2861/3430/3449
f 2711/3655/3299 2709/3708/3297 2859/3427/3447
f 2859/3427/3447 2709/3708/3297 2707/3428/3295
f 2707/3428/3295 2705/3685/3293 2858/3426/3446
f 2705/3685/3293 2703/3709/3291 3004/3657/3592
f 3004/3657/3592 2703/3709/3291 2701/3684/3289
f 2701/3684/3289 2699/3710/3288 3018/3680/3606
f 3018/3680/3606 2699/3710/3288 2697/3683/3286
f 2327/2798/2915 2697/3683/3286 2695/3711/3283
f 2695/3711/3283 2693/3712/3281 2328/2799/2916
f 2328/2799/2916 2693/3712/3281 2691/3713/3279
f 2330/2801/2918 2691/3713/3279 2689/3714/3277
f 2330/2801/2918 2689/3714/3277 3023/3715/3611
f 2330/2801/2918 3023/3715/3611 2334/2808/2923
f 2689/3714/3277 2687/3716/3275 3023/3715/3611
f 3023/3715/3611 2687/3716/3275 2685/3717/3273
f 3023/3715/3611 2685/3717/3273 3024/3718/3612
f 3023/3715/3611 3024/3718/3612 2336/2810/2925
f 2685/3717/3273 2683/3719/3271 3024/3718/3612
f 3024/3718/3612 2683/3719/3271 2681/3720/3269
f 3024/3718/3612 2681/3720/3269 3025/3721/3613
f 3024/3718/3612 3025/3721/3613 2340/2814/2929
f 3025/3721/3613 2681/3720/3269 2679/3722/3267
f 3025/3721/3613 2679/3722/3267 3026/3723/3614
f 3025/3721/3613 3026/3723/3614 3027/3724/3615
f 2342/2816/2931 3025/3721/3613 3027/3724/3615
f 3027/3724/3615 3026/3723/3614 3028/3725/3616
f 3027/3724/3615 3028/3725/3616 3029/3726/3617
f 3029/3726/3617 3028/3725/3616 3030/3727/3618
f 3030/3728/3618 3031/3729/3619 3029/3730/3617
f 3029/3730/3617 3031/3729/3619 3032/3731/3620
f 3032/3731/3620 3031/3729/3619 2356/2838/2944
f 2356/2838/2944 3031/3729/3619 2358/2841/2946
f 3031/3729/3619 3033/3732/3621 2358/2841/2946
f 2358/2841/2946 3033/3732/3621 3034/3733/3622
f 3033/3732/3621 3035/3734/3623 3034/3733/3622
f 3034/3733/3622 3035/3734/3623 3036/3735/3624
f 3034/3733/3622 3036/3735/3624 3037/3736/3625
f 3034/3733/3622 3037/3736/3625 2361/3737/2949
f 2361/2845/2949 3037/3738/3625 3038/3739/3626
f 3037/3738/3625 2365/2848/2952 3038/3739/3626
f 3039/3740/3627 2365/2848/2952 3037/3738/3625
f 3036/3741/3624 3039/3742/3627 3037/3743/3625
f 3036/3741/3624 3040/3744/3628 3039/3742/3627
f 3040/3744/3628 3041/3745/3629 3039/3742/3627
f 3039/3742/3627 3041/3745/3629 3042/3746/3630
f 3041/3745/3629 2372/2857/2960 3042/3746/3630
f 3042/3746/3630 2372/2857/2960 2370/2856/2958
f 3040/3744/3628 3043/3747/3631 3041/3745/3629
f 3041/3745/3629 3043/3747/3631 3044/3748/3632
f 3045/3749/3633 3046/3750/3634 3043/3747/3631
f 3043/3747/3631 3046/3750/3634 3044/3748/3632
f 3046/3750/3634 3047/3751/3635 3044/3748/3632
f 3044/3748/3632 3047/3751/3635 2374/2860/2962
f 3047/3751/3635 3048/3752/3636 2374/2860/2962
f 2374/2860/2962 3048/3752/3636 2375/2861/2963
f 3047/3753/3635 3049/3754/3637 3048/3755/3636
f 3048/3755/3636 3049/3754/3637 3050/3756/3638
f 3049/3754/3637 3051/3757/3639 3050/3756/3638
f 3052/3758/3640 3051/3757/3639 3049/3754/3637
f 3052/3758/3640 3053/3759/3641 3051/3757/3639
f 3053/3759/3641 2667/3760/3255 3051/3757/3639
f 3054/3761/3642 3053/3759/3641 3052/3758/3640
f 3055/3762/3643 3053/3759/3641 3054/3761/3642
f 3056/3763/3644 3053/3759/3641 3055/3762/3643
f 3056/3763/3644 2671/3764/3259 3053/3759/3641
f 3057/3765/3645 3056/3763/3644 3055/3762/3643
f 3026/3723/3614 3056/3763/3644 3057/3765/3645
f 3026/3723/3614 2675/3766/3263 3056/3763/3644
f 3055/3762/3643 3058/3767/3646 3057/3765/3645
f 3057/3765/3645 3058/3767/3646 3059/3768/3647
f 3028/3725/3616 3057/3765/3645 3030/3727/3618
f 3030/3727/3618 3057/3765/3645 3059/3768/3647
f 3059/3769/3647 3058/3770/3646 3033/3732/3621
f 3033/3732/3621 3058/3770/3646 3035/3734/3623
f 3058/3771/3646 3045/3749/3633 3035/3772/3623
f 3035/3772/3623 3045/3749/3633 3043/3747/3631
f 3058/3767/3646 3055/3762/3643 3045/3773/3633
f 3045/3773/3633 3055/3762/3643 3054/3761/3642
f 3052/3758/3640 3046/3774/3634 3054/3761/3642
f 3054/3761/3642 3046/3774/3634 3045/3773/3633
f 3050/3756/3638 3051/3757/3639 3060/3775/3648
f 3051/3757/3639 3061/3776/3649 3060/3775/3648
f 3060/3775/3648 3061/3776/3649 3062/3777/3650
f 3060/3775/3648 3062/3777/3650 3063/3778/3651
f 3063/3778/3651 3062/3777/3650 3064/3779/3652
f 3064/3780/3652 2378/2864/2966 3063/3781/3651
f 3063/3781/3651 2378/2864/2966 2376/2862/2964
f 3062/3777/3650 3065/3782/3653 3064/3779/3652
f 3064/3779/3652 3065/3782/3653 3066/3783/3654
f 3066/3784/3654 2380/2866/2968 3064/3780/3652
f 3064/3780/3652 2380/2866/2968 2378/2864/2966
f 3067/3785/3655 3066/3783/3654 3068/3786/3656
f 3068/3786/3656 3066/3783/3654 3065/3782/3653
f 3067/3785/3655 3068/3786/3656 3069/3787/3657
f 3069/3787/3657 3068/3786/3656 3070/3788/3658
f 3069/3787/3657 3070/3788/3658 3071/3789/3659
f 3071/3789/3659 3070/3788/3658 3072/3790/3660
f 3073/3791/3661 3071/3789/3659 3074/3792/3662
f 3074/3792/3662 3071/3789/3659 3072/3790/3660
f 3075/3793/3663 3076/3794/3664 3074/3792/3662
f 3074/3792/3662 3076/3794/3664 3073/3791/3661
f 3077/3795/3665 3073/3796/3661 2402/2902/2990
f 2402/2902/2990 3073/3796/3661 3076/3797/3664
f 2402/2902/2990 3076/3797/3664 2403/2903/2991
f 2403/2903/2991 3076/3797/3664 3078/3798/3666
f 3078/3799/3666 3076/3794/3664 3079/3800/3667
f 3079/3800/3667 3076/3794/3664 3075/3793/3663
f 3080/3801/3668 3081/3802/3669 3079/3800/3667
f 3079/3800/3667 3081/3802/3669 3078/3799/3666
f 2403/2903/2991 3078/3798/3666 2404/2905/2993
f 2404/2905/2993 3078/3798/3666 3081/3803/3669
f 3082/3804/3670 3083/3805/3671 3080/3801/3668
f 3080/3801/3668 3083/3805/3671 3081/3802/3669
f 2404/2905/2993 3081/3803/3669 2406/2907/2995
f 2406/2907/2995 3081/3803/3669 3083/3806/3671
f 3083/3805/3671 3082/3804/3670 3084/3807/3672
f 3084/3807/3672 3082/3804/3670 3085/3808/3673
f 3086/3809/3674 3084/3807/3672 3087/3810/3675
f 3087/3810/3675 3084/3807/3672 3085/3808/3673
f 3088/3811/3676 3086/3809/3674 3089/3812/3677
f 3089/3812/3677 3086/3809/3674 3087/3810/3675
f 3088/3811/3676 3089/3812/3677 3090/3813/3678
f 3090/3813/3678 3089/3812/3677 3091/3814/3679
f 3093/3815/3680 3090/3813/3678 3092/3816/3681
f 3092/3816/3681 3090/3813/3678 3091/3814/3679
f 3094/3817/3682 3095/3818/3683 3093/3819/3680
f 3093/3819/3680 3095/3818/3683 3090/3820/3678
f 3094/3817/3682 3096/3821/3684 3095/3818/3683
f 3095/3818/3683 3096/3821/3684 3097/3822/3685
f 3095/3818/3683 3097/3822/3685 3099/3823/3686
f 3099/3823/3686 3097/3822/3685 3098/3824/3687
f 3088/3825/3676 3090/3820/3678 3099/3823/3686
f 3099/3823/3686 3090/3820/3678 3095/3818/3683
f 3099/3823/3686 3098/3824/3687 3101/3826/3688
f 3101/3826/3688 3098/3824/3687 3100/3827/3689
f 3086/3828/3674 3088/3825/3676 3101/3826/3688
f 3101/3826/3688 3088/3825/3676 3099/3823/3686
f 2409/2908/2996 2408/2909/2997 3100/3827/3689
f 3100/3827/3689 2408/2909/2997 3101/3826/3688
f 2409/2908/2996 3100/3827/3689 3102/3829/3690
f 3100/3827/3689 3098/3824/3687 3102/3829/3690
f 3102/3829/3690 3098/3824/3687 3103/3830/3691
f 2420/2932/3008 2418/2926/3006 3103/3831/3691
f 3103/3831/3691 2418/2926/3006 3102/3832/3690
f 3098/3824/3687 3097/3822/3685 3103/3830/3691
f 3103/3830/3691 3097/3822/3685 3104/3833/3692
f 2420/2932/3008 3103/3831/3691 2422/2933/3010
f 2422/2933/3010 3103/3831/3691 3104/3834/3692
f 3105/3835/3693 2423/2934/3011 3104/3834/3692
f 3104/3834/3692 2423/2934/3011 2422/2933/3010
f 3096/3821/3684 3105/3836/3693 3097/3822/3685
f 3097/3822/3685 3105/3836/3693 3104/3833/3692
f 3106/3837/3694 3107/3838/3695 3096/3839/3684
f 3096/3839/3684 3107/3838/3695 3105/3840/3693
f 2424/2935/3012 2423/2934/3011 3107/3841/3695
f 3107/3841/3695 2423/2934/3011 3105/3835/3693
f 2431/2944/3019 3107/3838/3695 3106/3837/3694
f 3108/3842/3696 2432/2945/3020 3106/3837/3694
f 3106/3837/3694 2432/2945/3020 2431/2944/3019
f 3108/3842/3696 3106/3837/3694 3094/3843/3682
f 3094/3843/3682 3106/3837/3694 3096/3839/3684
f 3109/3844/3697 3108/3842/3696 3093/3845/3680
f 3093/3845/3680 3108/3842/3696 3094/3843/3682
f 2432/2945/3020 3108/3842/3696 3110/3846/3698
f 3110/3846/3698 3108/3842/3696 3109/3844/3697
f 2433/2946/3021 2432/2945/3020 3111/3847/3699
f 3111/3847/3699 2432/2945/3020 3110/3846/3698
f 3110/3848/3698 2625/3154/3213 3111/3849/3699
f 3111/3849/3699 2625/3154/3213 2624/3153/3212
f 3112/3850/3700 3111/3849/3699 2622/3151/3210
f 2622/3151/3210 3111/3849/3699 2624/3153/3212
f 3112/3851/3700 2434/2947/3022 3111/3847/3699
f 3111/3847/3699 2434/2947/3022 2433/2946/3021
f 3112/3851/3700 2443/2956/3031 2434/2947/3022
f 2434/2947/3022 2443/2956/3031 2442/2955/3030
f 3110/3848/3698 3109/3852/3697 2625/3154/3213
f 2625/3154/3213 3109/3852/3697 3113/3853/3701
f 3109/3852/3697 3093/3815/3680 3113/3853/3701
f 3113/3853/3701 3093/3815/3680 3092/3816/3681
f 3113/3853/3701 3092/3816/3681 3114/3854/3702
f 2626/3155/3214 3113/3853/3701 3114/3854/3702
f 2626/3155/3214 3114/3854/3702 2631/3855/3219
f 3092/3816/3681 3091/3814/3679 3114/3854/3702
f 3114/3854/3702 3091/3814/3679 3089/3812/3677
f 3114/3854/3702 3089/3812/3677 3115/3856/3703
f 3114/3854/3702 3115/3856/3703 2635/3857/3223
f 3089/3812/3677 3087/3810/3675 3115/3856/3703
f 3115/3856/3703 3087/3810/3675 3085/3808/3673
f 3115/3856/3703 3085/3808/3673 3116/3858/3704
f 3115/3856/3703 3116/3858/3704 2639/3859/3227
f 3084/3860/3672 3086/3828/3674 2408/2909/2997
f 2408/2909/2997 3086/3828/3674 3101/3826/3688
f 3085/3808/3673 3082/3804/3670 3116/3858/3704
f 3116/3858/3704 3082/3804/3670 3117/3861/3705
f 3116/3858/3704 3117/3861/3705 2643/3862/3231
f 3083/3806/3671 3084/3860/3672 2406/2907/2995
f 2406/2907/2995 3084/3860/3672 2408/2909/2997
f 3082/3804/3670 3080/3801/3668 3117/3861/3705
f 3080/3801/3668 3079/3800/3667 3117/3861/3705
f 3117/3861/3705 3079/3800/3667 3118/3863/3706
f 3079/3800/3667 3075/3793/3663 3118/3863/3706
f 3117/3861/3705 3118/3863/3706 2647/3864/3236
f 3075/3793/3663 3074/3792/3662 3118/3863/3706
f 3118/3863/3706 3074/3792/3662 3119/3865/3707
f 3118/3863/3706 3119/3865/3707 2649/3866/3238
f 3074/3792/3662 3072/3790/3660 3119/3865/3707
f 3071/3867/3659 3073/3796/3661 3120/3868/3708
f 3120/3868/3708 3073/3796/3661 3077/3795/3665
f 3121/3869/3709 3120/3868/3708 3122/3870/3710
f 3122/3870/3710 3120/3868/3708 3077/3795/3665
f 3121/3869/3709 3122/3870/3710 3124/3871/3711
f 3124/3871/3711 3122/3870/3710 3123/3872/3712
f 3125/3873/3713 3121/3869/3709 3126/3874/3714
f 3126/3874/3714 3121/3869/3709 3124/3871/3711
f 2383/2868/2970 3125/3873/3713 3126/3874/3714
f 2383/2868/2970 2382/2869/2971 3125/3873/3713
f 3125/3873/3713 2382/2869/2971 3127/3875/3715
f 3125/3873/3713 3127/3875/3715 3121/3869/3709
f 3121/3869/3709 3127/3875/3715 3120/3868/3708
f 3069/3876/3657 3071/3867/3659 3127/3875/3715
f 3127/3875/3715 3071/3867/3659 3120/3868/3708
f 2392/3877/2980 3126/3878/3714 2393/2888/2981
f 2393/2888/2981 3126/3878/3714 3124/3879/3711
f 2393/2888/2981 3124/3879/3711 2395/3880/2983
f 2395/3880/2983 3124/3879/3711 3123/3881/3712
f 2398/2897/2987 2396/2895/2984 3123/3881/3712
f 3123/3881/3712 2396/2895/2984 2395/3880/2983
f 3122/3870/3710 2400/2899/2988 3123/3872/3712
f 3123/3872/3712 2400/2899/2988 2398/2898/2987
f 3122/3870/3710 3077/3795/3665 2400/2899/2988
f 2400/2899/2988 3077/3795/3665 2402/2902/2990
f 3072/3790/3660 3070/3788/3658 3119/3865/3707
f 3119/3865/3707 3070/3788/3658 3128/3882/3716
f 3119/3865/3707 3128/3882/3716 2653/3883/3242
f 3070/3788/3658 3068/3786/3656 3128/3882/3716
f 3068/3786/3656 3129/3884/3717 3128/3882/3716
f 3128/3882/3716 3129/3884/3717 2657/3885/3245
f 3067/3886/3655 3069/3876/3657 2382/2869/2971
f 2382/2869/2971 3069/3876/3657 3127/3875/3715
f 3068/3786/3656 3065/3782/3653 3129/3884/3717
f 3066/3784/3654 3067/3886/3655 2380/2866/2968
f 2380/2866/2968 3067/3886/3655 2382/2869/2971
f 3062/3777/3650 3129/3884/3717 3065/3782/3653
f 3050/3756/3638 3060/3775/3648 3048/3755/3636
f 3048/3755/3636 3060/3775/3648 3063/3778/3651
f 3063/3781/3651 2376/2862/2964 3048/3752/3636
f 3048/3752/3636 2376/2862/2964 2375/2861/2963
f 3062/3777/3650 3061/3776/3649 3129/3884/3717
f 3061/3776/3649 2659/3887/3247 3129/3884/3717
f 3051/3757/3639 2663/3888/3251 3061/3776/3649
f 3049/3754/3637 3047/3753/3635 3052/3758/3640
f 3052/3758/3640 3047/3753/3635 3046/3774/3634
f 3044/3748/3632 2374/2860/2962 3041/3745/3629
f 3041/3745/3629 2374/2860/2962 2372/2857/2960
f 3042/3889/3630 2367/2851/2955 3039/3740/3627
f 3039/3740/3627 2367/2851/2955 2365/2848/2952
f 3036/3741/3624 3035/3772/3623 3040/3744/3628
f 3040/3744/3628 3035/3772/3623 3043/3747/3631
f 3031/3729/3619 3030/3728/3618 3033/3732/3621
f 3033/3732/3621 3030/3728/3618 3059/3769/3647
f 3029/3730/3617 3032/3731/3620 2343/2817/2930
f 2343/2817/2930 3032/3731/3620 2344/2818/2932
f 3032/3731/3620 2356/2838/2944 2344/2818/2932
f 2344/2818/2932 2356/2838/2944 2346/2821/2934
f 2343/2815/2930 2342/2816/2931 3029/3726/3617
f 3029/3726/3617 2342/2816/2931 3027/3724/3615
f 3026/3723/3614 3057/3765/3645 3028/3725/3616
f 2679/3722/3267 2677/3890/3265 3026/3723/3614
f 3026/3723/3614 2677/3890/3265 2675/3766/3263
f 2675/3766/3263 2673/3891/3261 3056/3763/3644
f 3056/3763/3644 2673/3891/3261 2671/3764/3259
f 2671/3764/3259 2669/3892/3257 3053/3759/3641
f 3053/3759/3641 2669/3892/3257 2667/3760/3255
f 2667/3760/3255 2665/3893/3253 3051/3757/3639
f 3051/3757/3639 2665/3893/3253 2663/3888/3251
f 3061/3776/3649 2663/3888/3251 2661/3894/3249
f 3061/3776/3649 2661/3894/3249 2659/3887/3247
f 3129/3884/3717 2659/3887/3247 2657/3885/3245
f 3128/3882/3716 2657/3885/3245 2655/3895/3244
f 2653/3883/3242 3128/3882/3716 2655/3895/3244
f 2651/3896/3239 3119/3865/3707 2653/3883/3242
f 2649/3866/3238 3119/3865/3707 2651/3896/3239
f 2647/3864/3236 3118/3863/3706 2649/3866/3238
f 2645/3897/3233 3117/3861/3705 2647/3864/3236
f 2643/3862/3231 3117/3861/3705 2645/3897/3233
f 2641/3898/3229 3116/3858/3704 2643/3862/3231
f 2639/3859/3227 3116/3858/3704 2641/3898/3229
f 2637/3899/3225 3115/3856/3703 2639/3859/3227
f 2635/3857/3223 3115/3856/3703 2637/3899/3225
f 2633/3900/3221 3114/3854/3702 2635/3857/3223
f 2631/3855/3219 3114/3854/3702 2633/3900/3221
f 2627/3160/3215 2630/3161/3218 3131/3901/3718
f 3131/3901/3718 2630/3161/3218 3130/3902/3719
f 3131/3901/3718 3130/3902/3719 2617/3142/3205
f 2617/3142/3205 3130/3902/3719 2616/3141/3204
f 3130/3902/3719 2610/3135/3198 2616/3141/3204
f 2616/3141/3204 2610/3135/3198 2612/3136/3199
f 2630/3161/3218 2608/3132/3195 3130/3902/3719
f 3130/3902/3719 2608/3132/3195 2610/3135/3198
f 2628/3157/3216 2626/3155/3214 2631/3855/3219
f 3131/3903/3718 2623/3152/3211 2627/3156/3215
f 2625/3154/3213 3113/3853/3701 2626/3155/3214
f 2443/3149/3031 3112/3850/3700 2620/3147/3208
f 2620/3147/3208 3112/3850/3700 2622/3151/3210
f 2619/3145/3207 2623/3152/3211 3131/3903/3718
f 2617/3146/3205 2619/3145/3207 3131/3903/3718
f 2618/3143/3206 2615/3140/3203 2452/2968/3040
f 2452/2968/3040 2615/3140/3203 2453/2969/3041
f 2454/2971/3042 2456/2973/3044 2776/3313/3364
f 2776/3313/3364 2456/2973/3044 2460/2976/3047
f 2452/2967/3040 2450/2965/3038 2618/3144/3206
f 2775/3316/3363 2449/2964/3037 2451/2966/3039
f 2448/2962/3036 2621/3148/3209 2450/2965/3038
f 2778/3317/3366 2447/2960/3035 2449/2964/3037
f 2448/2962/3036 2445/2963/3033 2621/3148/3209
f 2621/3148/3209 2445/2963/3033 2444/3150/3032
f 2291/2747/2879 2290/2745/2878 2441/2954/3029
f 2441/2954/3029 2290/2745/2878 2439/2952/3027
f 2283/2733/2871 2437/3904/3025 2284/2734/2872
f 2284/2734/2872 2437/3904/3025 2440/3905/3028
f 2442/2955/3030 2438/2951/3026 2434/2947/3022
f 2434/2947/3022 2438/2951/3026 2435/2948/3023
f 2283/2733/2871 2436/3906/3024 2437/3904/3025
f 2283/2733/2871 3132/3907/3720 2436/3906/3024
f 3132/3907/3720 2428/2939/3016 2436/3906/3024
f 2431/2944/3019 2429/2943/3017 3107/3838/3695
f 2429/2940/3017 2424/2935/3012 3107/3841/3695
f 2430/2941/3018 2436/2949/3024 2428/2942/3016
f 2427/2938/3015 2424/2935/3012 2429/2940/3017
f 3132/3907/3720 2426/2937/3014 2428/2939/3016
f 2282/2732/2870 2426/2937/3014 3132/3907/3720
f 2427/2938/3015 2425/2936/3013 2424/2935/3012
f 2418/2926/3006 2410/3908/2998 3102/3832/3690
f 2416/2920/3004 2410/3908/2998 2418/2926/3006
f 2413/2914/3001 2397/2894/2985 2412/2915/3000
f 2411/2913/2999 2410/3908/2998 2416/2920/3004
f 2410/2910/2998 2409/2908/2996 3102/3829/3690
f 2412/2912/3000 2405/2904/2992 2407/2906/2994
f 2399/2900/2986 2405/2904/2992 2412/2912/3000
f 2399/2900/2986 2401/2901/2989 2405/2904/2992
f 2412/2915/3000 2397/2894/2985 2399/2896/2986
f 2392/3877/2980 2384/3909/2972 3126/3878/3714
f 2392/3877/2980 2391/2882/2979 2384/3909/2972
f 2389/2877/2977 3133/3910/3721 2387/2878/2975
f 2391/2882/2979 2388/2876/2976 2385/2875/2973
f 3133/3911/3721 2386/2874/2974 2387/2873/2975
f 3133/3911/3721 3134/3912/3722 2386/2874/2974
f 3134/3913/3722 2379/2865/2967 2386/2872/2974
f 2371/2855/2959 3134/3912/3722 2369/2853/2957
f 2369/2853/2957 3134/3912/3722 3133/3911/3721
f 3135/3914/3723 2369/3915/2957 3133/3916/3721
f 2391/2882/2979 2385/2875/2973 2384/3909/2972
f 2383/2868/2970 3126/3874/3714 2384/2870/2972
f 2386/2872/2974 2379/2865/2967 2381/2867/2969
f 2377/2863/2965 2379/2865/2967 3134/3913/3722
f 2371/2858/2959 2373/2859/2961 3134/3913/3722
f 3134/3913/3722 2373/2859/2961 2377/2863/2965
f 2370/2854/2958 2368/2852/2956 3042/3889/3630
f 3042/3889/3630 2368/2852/2956 2367/2851/2955
f 3038/3739/3626 2365/2848/2952 2364/2850/2954
f 2362/2846/2950 3038/3739/3626 2364/2850/2954
f 2366/2849/2953 2369/2853/2957 3135/3917/3723
f 3135/3917/3723 3133/3911/3721 2389/2881/2977
f 2363/2847/2951 2362/2846/2950 2364/2850/2954
f 2362/2846/2950 2361/2845/2949 3038/3739/3626
f 2359/2842/2947 3034/3733/3622 2361/3737/2949
f 2358/2841/2946 3034/3733/3622 2359/2842/2947
f 2340/2814/2929 3025/3721/3613 2342/2816/2931
f 2338/2812/2927 3024/3718/3612 2340/2814/2929
f 2336/2810/2925 3024/3718/3612 2338/2812/2927
f 2334/2808/2923 3023/3715/3611 2336/2810/2925
f 2337/2828/2924 2351/2826/2938 2335/3918/2922
f 2335/3918/2922 2351/2826/2938 2265/2704/2853
f 2335/3918/2922 2265/2704/2853 2333/2805/2921
f 2333/2805/2921 2265/2704/2853 2263/2702/2851
f 2324/2797/2912 2326/2795/2914 2332/2803/2920
f 2332/2803/2920 2326/2795/2914 2329/2800/2917
f 2332/2806/2920 2261/2700/2849 2324/2793/2912
f 2324/2793/2912 2261/2700/2849 2260/2699/2848
f 2331/2802/2919 2330/2801/2918 2334/2808/2923
f 2328/2799/2916 2691/3713/3279 2330/2801/2918
f 2327/2798/2915 2695/3711/3283 2328/2799/2916
f 3019/3681/3607 2327/2798/2915 2325/2794/2913
f 3014/3919/3602 2312/2777/2900 2313/2779/2901
f 2845/3409/3433 2847/3411/3435 3016/3676/3604
f 2815/3920/3403 2818/3377/3406 2836/3400/3424
f 2805/3357/3393 2310/3356/2898 2309/3921/2897
f 2303/2762/2891 2304/2761/2892 2307/2769/2895
f 2301/3354/2889 2309/2772/2897 2302/2760/2890
f 2300/2756/2888 2802/3348/3390 2301/2757/2889
f 2298/2754/2886 2303/2759/2891 2296/2752/2884
f 2296/2752/2884 2308/2771/2896 2294/2750/2882
f 2294/2750/2882 2308/2771/2896 2289/2743/2877
f 2289/2743/2877 2308/2771/2896 2287/2744/2875
f 2285/2740/2873 2284/2734/2872 2288/2742/2876
f 2288/2742/2876 2284/2734/2872 2440/3905/3028
f 2283/3922/2871 2282/3923/2870 3132/3924/3720
f 2306/2764/2894 2281/2731/2869 2286/2739/2874
f 2305/2776/2893 2311/2775/2899 2306/3925/2894
f 2415/3926/3003 2414/2916/3002 2417/2925/3005
f 2415/2918/3003 2394/2889/2982 2397/2893/2985
f 2279/3927/2867 2360/3928/2948 2280/3929/2868
f 2267/3930/2855 2352/2832/2940 2274/2833/2862
f 2273/2717/2861 2267/3930/2855 2274/2833/2862
f 2271/2712/2859 2268/2711/2856 2273/2717/2861
f 2252/2686/2840 2269/2710/2857 2270/2709/2858
f 2268/2711/2856 2267/3930/2855 2273/2717/2861
f 2266/2705/2854 2352/2829/2940 2267/2706/2855
f 2264/2703/2852 2269/2708/2857 2262/2701/2850
f 2262/2701/2850 2269/2708/2857 2256/2695/2844
f 2262/2701/2850 2256/2695/2844 2257/2694/2845
f 2252/2686/2840 2256/2692/2844 2269/2710/2857
f 2314/2765/2902 2254/2689/2842 2251/2688/2839
f 2252/3931/2840 2270/2714/2858 2253/2713/2841
f 2253/2687/2841 4461/3932/931 4462/3933/931
f 3136/3934/931 4464/3935/931 4466/3936/931
f 2253/2687/2841 4468/3937/931 4461/3932/931
f 3136/3934/931 4466/3936/931 4467/3938/931
f 2276/2723/2864 4472/3939/3724 4470/3940/931
f 2276/2723/2864 2280/2730/2868 3136/3934/931
f 4484/3941/931 3136/3934/931 4483/3942/931
f 4482/3943/931 2281/2731/2869 4485/3944/931
f 2311/3945/2899 4492/3946/931 4488/3947/3725
f 2313/3677/2901 4504/3948/931 4502/3949/931
f 2280/2730/2868 4507/3950/931 4512/3951/3726
f 2366/2849/2953 4514/3952/931 2364/2850/2954
f 4515/3953/931 3136/3934/931 4516/3954/931
f 2390/2880/2978 4522/3955/931 4527/3956/931
f 2390/2880/2978 2394/2887/2982 3136/3934/931
f 2419/2927/3007 4532/3957/931 4528/3958/931
f 4530/3959/931 4531/3960/931 3136/3934/931
f 2421/2931/3009 4536/3961/931 4538/3962/931
f 3136/3934/931 4540/3963/931 4539/3964/3727
f 2425/2936/3013 4542/3965/931 4546/3966/931
f 2425/2936/3013 4547/3967/3727 4552/3968/931
f 3136/3934/931 4496/3969/931 4561/3970/931
f 4558/3971/931 4560/3972/3724 2310/2773/2898
f 2806/3358/3394 4563/3973/931 4559/3974/931
f 4562/3975/931 3136/3934/931 4561/3970/931
f 4567/3976/931 4568/3977/931 2812/3978/3400
f 3136/3934/931 4564/3979/931 4565/3980/931
f 2815/3920/3403 4575/3981/931 4580/3982/3727
f 2836/3400/3424 4590/3983/931 4584/3984/3724
f 4587/3985/931 2841/3405/3429 4595/3986/931
f 4594/3987/931 3136/3934/931 4581/3988/931
f 4601/3989/931 4600/3990/931 2845/3409/3433
f 3136/3934/931 4599/3991/931 4596/3992/931
f 4604/3993/931 4606/3994/931 2925/3512/3513
f 4602/3995/931 3136/3934/931 4603/3996/931
f 4605/3997/931 2813/3518/3401 4569/3998/931
f 4566/3999/931 3136/3934/931 4602/3995/931
f 2313/3677/2901 3136/3934/931 3016/3676/3604
f 2922/3505/3510 4612/4000/931 4616/4001/931
f 3136/3934/931 2977/3604/3565 2922/3505/3510
f 2977/3604/3565 4629/4002/931 4624/4003/931
f 2366/2849/2953 4630/4004/931 4513/4005/931
f 3136/3934/931 4515/3953/931 4631/4006/931
f 2389/2881/2977 4633/4007/931 4634/4008/931
f 3136/3934/931 4635/4009/931 4524/4010/931
f 2363/2847/2951 4637/4011/931 4638/4012/931
f 3136/3934/931 4641/4013/3727 4640/4014/931
f 3016/3676/3604 4643/4015/931 4645/4016/931
f 2836/3400/3424 3136/3934/931 2815/3920/3403
f 2306/2764/2894 4657/4017/931 4651/4018/931
f 3136/3934/931 4652/4019/931 4658/4020/3724
f 2311/3945/2899 4663/4021/931 4662/4022/931
f 4666/4023/931 2417/2925/3005 4529/4024/931
f 4530/3959/931 3136/3934/931 4667/4025/931
f 2394/2887/2982 4673/4026/931 4675/4027/931
f 3137/4028/3728 3138/4029/3729 3140/4030/3730
f 3140/4030/3730 3138/4029/3729 3139/4031/3731
f 3141/4032/3732 3137/4033/3728 3142/4034/3733
f 3142/4034/3733 3137/4033/3728 3140/4035/3730
f 3143/4036/3734 3141/4032/3732 3144/4037/3735
f 3144/4037/3735 3141/4032/3732 3142/4034/3733
f 3145/4038/3736 3143/4039/3734 3146/4040/3737
f 3146/4040/3737 3143/4039/3734 3144/4041/3735
f 3147/4042/3738 3148/4043/3739 3146/4040/3737
f 3146/4040/3737 3148/4043/3739 3145/4038/3736
f 3148/4043/3739 3149/4044/3740 3145/4038/3736
f 3145/4038/3736 3149/4044/3740 3150/4045/3741
f 3149/4046/3740 3151/4047/3742 3150/4048/3741
f 3150/4048/3741 3151/4047/3742 3152/4049/3743
f 3151/4047/3742 3153/4050/3744 3152/4049/3743
f 3152/4049/3743 3153/4050/3744 3154/4051/3745
f 3153/4050/3744 3155/4052/3746 3154/4051/3745
f 3154/4051/3745 3155/4052/3746 3156/4053/3747
f 3155/4052/3746 3157/4054/3748 3156/4053/3747
f 3156/4053/3747 3157/4054/3748 3158/4055/3749
f 3156/4053/3747 3158/4055/3749 3160/4056/3750
f 3160/4056/3750 3158/4055/3749 3159/4057/3751
f 3160/4056/3750 3159/4057/3751 3162/4058/3752
f 3162/4058/3752 3159/4057/3751 3161/4059/3753
f 3161/4060/3753 3163/4061/3754 3162/4062/3752
f 3162/4062/3752 3163/4061/3754 3164/4063/3755
f 3164/4064/3755 3163/4065/3754 3166/4066/3756
f 3166/4066/3756 3163/4065/3754 3165/4067/3757
f 3166/4066/3756 3165/4067/3757 3168/4068/3758
f 3168/4068/3758 3165/4067/3757 3167/4069/3759
f 3167/4070/3759 3169/4071/3760 3168/4072/3758
f 3168/4072/3758 3169/4071/3760 3170/4073/3761
f 3171/4074/3762 3172/4075/3763 3167/4070/3759
f 3167/4070/3759 3172/4075/3763 3169/4071/3760
f 3171/4074/3762 3173/4076/3764 3172/4075/3763
f 3172/4075/3763 3173/4076/3764 3174/4077/3765
f 3173/4076/3764 3175/4078/3766 3174/4077/3765
f 3174/4077/3765 3175/4078/3766 3176/4079/3767
f 3175/4078/3766 3177/4080/3768 3176/4079/3767
f 3176/4079/3767 3177/4080/3768 3178/4081/3769
f 3179/4082/3770 3180/4083/3771 3177/4080/3768
f 3177/4080/3768 3180/4083/3771 3178/4081/3769
f 3179/4082/3770 3181/4084/3772 3180/4083/3771
f 3180/4083/3771 3181/4084/3772 3182/4085/3773
f 3181/4084/3772 3183/4086/3774 3182/4085/3773
f 3182/4085/3773 3183/4086/3774 3184/4087/3775
f 3183/4086/3774 3185/4088/3776 3184/4087/3775
f 3184/4087/3775 3185/4088/3776 3186/4089/3777
f 3186/4089/3777 3185/4088/3776 3188/4090/3778
f 3188/4090/3778 3185/4088/3776 3187/4091/3779
f 3188/4090/3778 3187/4091/3779 3190/4092/3780
f 3190/4092/3780 3187/4091/3779 3189/4093/3781
f 3190/4092/3780 3189/4093/3781 3192/4094/3782
f 3192/4094/3782 3189/4093/3781 3191/4095/3783
f 3191/4095/3783 3193/4096/3784 3192/4094/3782
f 3192/4094/3782 3193/4096/3784 3194/4097/3785
f 3193/4096/3784 3195/4098/3786 3194/4097/3785
f 3194/4097/3785 3195/4098/3786 3196/4099/3787
f 3196/4099/3787 3195/4098/3786 3198/4100/3788
f 3198/4100/3788 3195/4098/3786 3197/4101/3789
f 3199/4102/3790 3200/4103/3791 3197/4101/3789
f 3197/4101/3789 3200/4103/3791 3198/4100/3788
f 3202/4104/3792 3200/4103/3791 3201/4105/3793
f 3201/4105/3793 3200/4103/3791 3199/4102/3790
f 3204/4106/3794 3202/4104/3792 3203/4107/3795
f 3203/4107/3795 3202/4104/3792 3201/4105/3793
f 3206/4108/3796 3204/4106/3794 3205/4109/3797
f 3205/4109/3797 3204/4106/3794 3203/4107/3795
f 3207/4110/3798 3208/4111/3799 3205/4109/3797
f 3205/4109/3797 3208/4111/3799 3206/4108/3796
f 3209/4112/3800 3210/4113/3801 3207/4110/3798
f 3207/4110/3798 3210/4113/3801 3208/4111/3799
f 3211/4114/3802 3212/4115/3803 3209/4112/3800
f 3209/4112/3800 3212/4115/3803 3210/4113/3801
f 3214/4116/3804 3212/4115/3803 3213/4117/3805
f 3213/4117/3805 3212/4115/3803 3211/4114/3802
f 3215/4118/3806 3216/4119/3807 3213/4117/3805
f 3213/4117/3805 3216/4119/3807 3214/4116/3804
f 3217/4120/3808 3218/4121/3809 3215/4118/3806
f 3215/4118/3806 3218/4121/3809 3216/4119/3807
f 3219/4122/3810 3220/4123/3811 3217/4120/3808
f 3217/4120/3808 3220/4123/3811 3218/4121/3809
f 3222/4124/3812 3220/4123/3811 3221/4125/3813
f 3221/4125/3813 3220/4123/3811 3219/4122/3810
f 3170/4073/3761 3222/4124/3812 3168/4072/3758
f 3168/4072/3758 3222/4124/3812 3221/4125/3813
f 3219/4126/3810 3223/4127/3814 3221/4128/3813
f 3221/4128/3813 3223/4127/3814 3224/4129/3815
f 3225/4130/3816 3226/4131/3817 3223/4127/3814
f 3223/4127/3814 3226/4131/3817 3224/4129/3815
f 3226/4131/3817 3164/4064/3755 3224/4129/3815
f 3224/4129/3815 3164/4064/3755 3166/4066/3756
f 3227/4132/3818 3226/4133/3817 3228/4134/3819
f 3228/4134/3819 3226/4133/3817 3225/4135/3816
f 3229/4136/3820 3227/4132/3818 3230/4137/3821
f 3230/4137/3821 3227/4132/3818 3228/4134/3819
f 3152/4049/3743 3154/4051/3745 3230/4138/3821
f 3230/4138/3821 3154/4051/3745 3229/4139/3820
f 3230/4137/3821 3228/4134/3819 3232/4140/3822
f 3232/4140/3822 3228/4134/3819 3231/4141/3823
f 3150/4048/3741 3152/4049/3743 3232/4142/3822
f 3232/4142/3822 3152/4049/3743 3230/4138/3821
f 3232/4140/3822 3231/4141/3823 3143/4036/3734
f 3143/4036/3734 3231/4141/3823 3141/4032/3732
f 3228/4134/3819 3225/4135/3816 3231/4141/3823
f 3231/4141/3823 3225/4135/3816 3233/4143/3824
f 3231/4141/3823 3233/4143/3824 3141/4032/3732
f 3141/4032/3732 3233/4143/3824 3137/4033/3728
f 3137/4028/3728 3233/4144/3824 3138/4029/3729
f 3138/4029/3729 3233/4144/3824 3234/4145/3825
f 3138/4029/3729 3234/4145/3825 3215/4146/3806
f 3215/4146/3806 3234/4145/3825 3217/4147/3808
f 3233/4148/3824 3225/4130/3816 3234/4149/3825
f 3234/4149/3825 3225/4130/3816 3223/4127/3814
f 3223/4127/3814 3219/4126/3810 3234/4149/3825
f 3234/4149/3825 3219/4126/3810 3217/4150/3808
f 3229/4139/3820 3160/4056/3750 3227/4151/3818
f 3227/4151/3818 3160/4056/3750 3162/4058/3752
f 3164/4063/3755 3226/4133/3817 3162/4062/3752
f 3162/4062/3752 3226/4133/3817 3227/4132/3818
f 3166/4066/3756 3168/4068/3758 3224/4129/3815
f 3224/4129/3815 3168/4068/3758 3221/4128/3813
f 3138/4029/3729 3215/4146/3806 3139/4031/3731
f 3139/4031/3731 3215/4146/3806 3213/4152/3805
f 3139/4031/3731 3213/4152/3805 3235/4153/3826
f 3235/4153/3826 3213/4152/3805 3211/4154/3802
f 3236/4155/3827 3140/4030/3730 3235/4153/3826
f 3235/4153/3826 3140/4030/3730 3139/4031/3731
f 3236/4155/3827 3235/4153/3826 3238/4156/3828
f 3238/4156/3828 3235/4153/3826 3237/4157/3829
f 3238/4156/3828 3237/4157/3829 3240/4158/3830
f 3240/4158/3830 3237/4157/3829 3239/4159/3831
f 3240/4160/3830 3241/4161/3832 3238/4162/3828
f 3238/4162/3828 3241/4161/3832 3242/4163/3833
f 3243/4164/3834 3242/4165/3833 3244/4166/3835
f 3244/4166/3835 3242/4165/3833 3241/4167/3832
f 3245/4168/3836 3243/4164/3834 3246/4169/3837
f 3246/4169/3837 3243/4164/3834 3244/4166/3835
f 3247/4170/3838 3245/4168/3836 3248/4171/3839
f 3248/4171/3839 3245/4168/3836 3246/4169/3837
f 3247/4170/3838 3248/4171/3839 3249/4172/3840
f 3249/4172/3840 3248/4171/3839 3250/4173/3841
f 3251/4174/3842 3249/4172/3840 3252/4175/3843
f 3252/4175/3843 3249/4172/3840 3250/4173/3841
f 3251/4176/3842 3252/4177/3843 3254/4178/3844
f 3254/4178/3844 3252/4177/3843 3253/4179/3845
f 3254/4178/3844 3253/4179/3845 3256/4180/3846
f 3256/4180/3846 3253/4179/3845 3255/4181/3847
f 3257/4182/3848 3258/4183/3849 3256/4180/3846
f 3256/4180/3846 3258/4183/3849 3254/4178/3844
f 3260/4184/3850 3258/4183/3849 3259/4185/3851
f 3259/4185/3851 3258/4183/3849 3257/4182/3848
f 3260/4184/3850 3261/4186/3852 3258/4183/3849
f 3258/4183/3849 3261/4186/3852 3262/4187/3853
f 3263/4188/3854 3264/4189/3855 3261/4190/3852
f 3261/4190/3852 3264/4189/3855 3262/4191/3853
f 3263/4188/3854 3147/4042/3738 3264/4189/3855
f 3264/4189/3855 3147/4042/3738 3265/4192/3856
f 3266/4193/3857 3148/4043/3739 3263/4188/3854
f 3263/4188/3854 3148/4043/3739 3147/4042/3738
f 3266/4193/3857 3263/4188/3854 3267/4194/3858
f 3267/4194/3858 3263/4188/3854 3261/4190/3852
f 3266/4193/3857 3267/4194/3858 3269/4195/3859
f 3269/4195/3859 3267/4194/3858 3268/4196/3860
f 3269/4195/3859 3149/4044/3740 3266/4193/3857
f 3266/4193/3857 3149/4044/3740 3148/4043/3739
f 3269/4197/3859 3268/4198/3860 3271/4199/3861
f 3271/4199/3861 3268/4198/3860 3270/4200/3862
f 3149/4046/3740 3269/4197/3859 3151/4047/3742
f 3151/4047/3742 3269/4197/3859 3271/4199/3861
f 3270/4200/3862 3272/4201/3863 3271/4199/3861
f 3271/4199/3861 3272/4201/3863 3273/4202/3864
f 3151/4047/3742 3271/4199/3861 3153/4050/3744
f 3153/4050/3744 3271/4199/3861 3273/4202/3864
f 3272/4201/3863 3274/4203/3865 3273/4202/3864
f 3273/4202/3864 3274/4203/3865 3275/4204/3866
f 3153/4050/3744 3273/4202/3864 3155/4052/3746
f 3155/4052/3746 3273/4202/3864 3275/4204/3866
f 3276/4205/3867 3277/4206/3868 3274/4203/3865
f 3274/4203/3865 3277/4206/3868 3275/4204/3866
f 3275/4204/3866 3277/4206/3868 3155/4052/3746
f 3155/4052/3746 3277/4206/3868 3157/4054/3748
f 3278/4207/3869 3279/4208/3870 3276/4205/3867
f 3276/4205/3867 3279/4208/3870 3277/4206/3868
f 3277/4206/3868 3279/4208/3870 3157/4054/3748
f 3157/4054/3748 3279/4208/3870 3280/4209/3871
f 3279/4208/3870 3281/4210/3872 3280/4209/3871
f 3280/4209/3871 3281/4210/3872 3282/4211/3873
f 3280/4209/3871 3282/4211/3873 3284/4212/3874
f 3284/4212/3874 3282/4211/3873 3283/4213/3875
f 3285/4214/3876 3284/4212/3874 3286/4215/3877
f 3286/4215/3877 3284/4212/3874 3283/4213/3875
f 3285/4216/3876 3286/4217/3877 3288/4218/3878
f 3288/4218/3878 3286/4217/3877 3287/4219/3879
f 3287/4219/3879 3289/4220/3880 3288/4218/3878
f 3288/4218/3878 3289/4220/3880 3290/4221/3881
f 3290/4222/3881 3289/4223/3880 3292/4224/3882
f 3292/4224/3882 3289/4223/3880 3291/4225/3883
f 3292/4224/3882 3291/4225/3883 3171/4226/3762
f 3171/4226/3762 3291/4225/3883 3173/4227/3764
f 3289/4223/3880 3293/4228/3884 3291/4225/3883
f 3291/4225/3883 3293/4228/3884 3294/4229/3885
f 3173/4227/3764 3291/4225/3883 3175/4230/3766
f 3175/4230/3766 3291/4225/3883 3294/4229/3885
f 3295/4231/3886 3296/4232/3887 3293/4233/3884
f 3293/4233/3884 3296/4232/3887 3294/4234/3885
f 3296/4232/3887 3177/4235/3768 3294/4234/3885
f 3294/4234/3885 3177/4235/3768 3175/4236/3766
f 3297/4237/3888 3298/4238/3889 3295/4231/3886
f 3295/4231/3886 3298/4238/3889 3296/4232/3887
f 3179/4239/3770 3177/4235/3768 3298/4238/3889
f 3298/4238/3889 3177/4235/3768 3296/4232/3887
f 3299/4240/3890 3300/4241/3891 3297/4237/3888
f 3297/4237/3888 3300/4241/3891 3298/4238/3889
f 3300/4241/3891 3181/4242/3772 3298/4238/3889
f 3298/4238/3889 3181/4242/3772 3179/4239/3770
f 3299/4240/3890 3301/4243/3892 3300/4241/3891
f 3300/4241/3891 3301/4243/3892 3302/4244/3893
f 3301/4243/3892 3303/4245/3894 3302/4244/3893
f 3302/4244/3893 3303/4245/3894 3304/4246/3895
f 3303/4245/3894 3305/4247/3896 3304/4246/3895
f 3304/4246/3895 3305/4247/3896 3306/4248/3897
f 3307/4249/3898 3306/4248/3897 3308/4250/3899
f 3308/4250/3899 3306/4248/3897 3305/4247/3896
f 3309/4251/3900 3307/4252/3898 3310/4253/3901
f 3310/4253/3901 3307/4252/3898 3308/4254/3899
f 3311/4255/3902 3309/4251/3900 3312/4256/3903
f 3312/4256/3903 3309/4251/3900 3310/4253/3901
f 3313/4257/3904 3311/4255/3902 3314/4258/3905
f 3314/4258/3905 3311/4255/3902 3312/4256/3903
f 3315/4259/3906 3316/4260/3907 3314/4258/3905
f 3314/4258/3905 3316/4260/3907 3313/4257/3904
f 3197/4261/3789 3195/4262/3786 3316/4260/3907
f 3316/4260/3907 3195/4262/3786 3313/4257/3904
f 3317/4263/3908 3318/4264/3909 3315/4259/3906
f 3315/4259/3906 3318/4264/3909 3316/4260/3907
f 3199/4265/3790 3197/4261/3789 3318/4264/3909
f 3318/4264/3909 3197/4261/3789 3316/4260/3907
f 3319/4266/3910 3320/4267/3911 3317/4263/3908
f 3317/4263/3908 3320/4267/3911 3318/4264/3909
f 3201/4268/3793 3199/4265/3790 3320/4267/3911
f 3320/4267/3911 3199/4265/3790 3318/4264/3909
f 3321/4269/3912 3322/4270/3913 3319/4266/3910
f 3319/4266/3910 3322/4270/3913 3320/4267/3911
f 3322/4270/3913 3203/4271/3795 3320/4267/3911
f 3320/4267/3911 3203/4271/3795 3201/4268/3793
f 3323/4272/3914 3324/4273/3915 3321/4274/3912
f 3321/4274/3912 3324/4273/3915 3322/4275/3913
f 3324/4273/3915 3205/4276/3797 3322/4275/3913
f 3322/4275/3913 3205/4276/3797 3203/4277/3795
f 3240/4158/3830 3239/4159/3831 3323/4272/3914
f 3323/4272/3914 3239/4159/3831 3324/4273/3915
f 3207/4278/3798 3205/4276/3797 3239/4159/3831
f 3239/4159/3831 3205/4276/3797 3324/4273/3915
f 3321/4279/3912 3325/4280/3916 3323/4281/3914
f 3323/4281/3914 3325/4280/3916 3326/4282/3917
f 3326/4282/3917 3325/4280/3916 3328/4283/3918
f 3328/4283/3918 3325/4280/3916 3327/4284/3919
f 3329/4285/3920 3328/4286/3918 3330/4287/3921
f 3330/4287/3921 3328/4286/3918 3327/4288/3919
f 3331/4289/3922 3329/4285/3920 3332/4290/3923
f 3332/4290/3923 3329/4285/3920 3330/4287/3921
f 3333/4291/3924 3331/4289/3922 3334/4292/3925
f 3334/4292/3925 3331/4289/3922 3332/4290/3923
f 3335/4293/3926 3333/4291/3924 3336/4294/3927
f 3336/4294/3927 3333/4291/3924 3334/4292/3925
f 3335/4295/3926 3336/4296/3927 3337/4297/3928
f 3337/4297/3928 3336/4296/3927 3338/4298/3929
f 3338/4298/3929 3339/4299/3930 3337/4297/3928
f 3337/4297/3928 3339/4299/3930 3340/4300/3931
f 3337/4297/3928 3340/4300/3931 3253/4179/3845
f 3253/4179/3845 3340/4300/3931 3255/4181/3847
f 3340/4300/3931 3339/4299/3930 3341/4301/3932
f 3342/4302/3933 3340/4300/3931 3341/4301/3932
f 3255/4181/3847 3340/4300/3931 3342/4302/3933
f 3343/4303/3934 3255/4181/3847 3342/4302/3933
f 3343/4303/3934 3342/4302/3933 3344/4304/3935
f 3345/4305/3936 3343/4303/3934 3344/4304/3935
f 3346/4306/3937 3343/4303/3934 3345/4305/3936
f 3346/4306/3937 3256/4180/3846 3343/4303/3934
f 3346/4306/3937 3345/4305/3936 3347/4307/3938
f 3348/4308/3939 3346/4306/3937 3347/4307/3938
f 3348/4308/3939 3259/4185/3851 3346/4306/3937
f 3349/4309/3940 3259/4185/3851 3348/4308/3939
f 3350/4310/3941 3349/4309/3940 3348/4308/3939
f 3351/4311/3942 3352/4312/3943 3350/4310/3941
f 3350/4310/3941 3352/4312/3943 3349/4309/3940
f 3268/4313/3860 3267/4314/3858 3351/4311/3942
f 3351/4311/3942 3267/4314/3858 3352/4312/3943
f 3267/4314/3858 3261/4186/3852 3352/4312/3943
f 3352/4312/3943 3261/4186/3852 3260/4184/3850
f 3353/4315/3944 3354/4316/3945 3350/4310/3941
f 3350/4310/3941 3354/4316/3945 3351/4311/3942
f 3354/4316/3945 3270/4317/3862 3351/4311/3942
f 3351/4311/3942 3270/4317/3862 3268/4313/3860
f 3353/4315/3944 3355/4318/3946 3354/4316/3945
f 3354/4316/3945 3355/4318/3946 3356/4319/3947
f 3356/4319/3947 3272/4320/3863 3354/4316/3945
f 3354/4316/3945 3272/4320/3863 3270/4317/3862
f 3356/4319/3947 3355/4318/3946 3358/4321/3948
f 3358/4321/3948 3355/4318/3946 3357/4322/3949
f 3272/4320/3863 3356/4319/3947 3274/4323/3865
f 3274/4323/3865 3356/4319/3947 3358/4321/3948
f 3358/4321/3948 3357/4322/3949 3360/4324/3950
f 3360/4324/3950 3357/4322/3949 3359/4325/3951
f 3360/4324/3950 3359/4325/3951 3362/4326/3952
f 3362/4326/3952 3359/4325/3951 3361/4327/3953
f 3361/4327/3953 3363/4328/3954 3362/4326/3952
f 3362/4326/3952 3363/4328/3954 3364/4329/3955
f 3364/4329/3955 3363/4328/3954 3366/4330/3956
f 3366/4330/3956 3363/4328/3954 3365/4331/3957
f 3366/4330/3956 3365/4331/3957 3368/4332/3958
f 3368/4332/3958 3365/4331/3957 3367/4333/3959
f 3367/4333/3959 3369/4334/3960 3368/4332/3958
f 3368/4332/3958 3369/4334/3960 3370/4335/3961
f 3370/4335/3961 3369/4334/3960 3372/4336/3962
f 3372/4336/3962 3369/4334/3960 3371/4337/3963
f 3371/4337/3963 3373/4338/3964 3372/4336/3962
f 3372/4336/3962 3373/4338/3964 3374/4339/3965
f 3374/4339/3965 3375/4340/3966 3372/4336/3962
f 3372/4336/3962 3375/4340/3966 3376/4341/3967
f 3377/4342/3968 3378/4343/3969 3375/4344/3966
f 3375/4344/3966 3378/4343/3969 3376/4345/3967
f 3377/4342/3968 3379/4346/3970 3378/4343/3969
f 3378/4343/3969 3379/4346/3970 3380/4347/3971
f 3379/4346/3970 3381/4348/3972 3380/4347/3971
f 3380/4347/3971 3381/4348/3972 3382/4349/3973
f 3380/4347/3971 3382/4349/3973 3384/4350/3974
f 3384/4350/3974 3382/4349/3973 3383/4351/3975
f 3384/4350/3974 3383/4351/3975 3386/4352/3976
f 3386/4352/3976 3383/4351/3975 3385/4353/3977
f 3384/4350/3974 3386/4352/3976 3387/4354/3978
f 3387/4354/3978 3386/4352/3976 3388/4355/3979
f 3389/4356/3980 3387/4354/3978 3390/4357/3981
f 3390/4357/3981 3387/4354/3978 3388/4355/3979
f 3368/4332/3958 3370/4335/3961 3390/4358/3981
f 3390/4358/3981 3370/4335/3961 3389/4359/3980
f 3390/4357/3981 3388/4355/3979 3392/4360/3982
f 3392/4360/3982 3388/4355/3979 3391/4361/3983
f 3392/4362/3982 3366/4330/3956 3390/4358/3981
f 3390/4358/3981 3366/4330/3956 3368/4332/3958
f 3392/4363/3982 3391/4364/3983 3393/4365/3984
f 3393/4365/3984 3391/4364/3983 3281/4210/3872
f 3393/4366/3984 3364/4329/3955 3392/4362/3982
f 3392/4362/3982 3364/4329/3955 3366/4330/3956
f 3386/4352/3976 3394/4367/3985 3388/4355/3979
f 3388/4355/3979 3394/4367/3985 3391/4361/3983
f 3394/4368/3985 3282/4211/3873 3391/4364/3983
f 3391/4364/3983 3282/4211/3873 3281/4210/3872
f 3376/4345/3967 3378/4343/3969 3389/4356/3980
f 3389/4356/3980 3378/4343/3969 3387/4354/3978
f 3386/4352/3976 3385/4353/3977 3394/4367/3985
f 3394/4367/3985 3385/4353/3977 3395/4369/3986
f 3394/4368/3985 3395/4370/3986 3282/4211/3873
f 3282/4211/3873 3395/4370/3986 3283/4213/3875
f 3380/4347/3971 3384/4350/3974 3378/4343/3969
f 3378/4343/3969 3384/4350/3974 3387/4354/3978
f 3385/4353/3977 3396/4371/3987 3395/4369/3986
f 3395/4369/3986 3396/4371/3987 3397/4372/3988
f 3397/4373/3988 3396/4374/3987 3399/4375/3989
f 3399/4375/3989 3396/4374/3987 3398/4376/3990
f 3398/4376/3990 3295/4377/3886 3399/4375/3989
f 3399/4375/3989 3295/4377/3886 3293/4378/3884
f 3400/4379/3991 3401/4380/3992 3396/4374/3987
f 3396/4374/3987 3401/4380/3992 3398/4376/3990
f 3401/4380/3992 3297/4381/3888 3398/4376/3990
f 3398/4376/3990 3297/4381/3888 3295/4377/3886
f 3402/4382/3993 3403/4383/3994 3400/4384/3991
f 3400/4384/3991 3403/4383/3994 3401/4385/3992
f 3401/4380/3992 3403/4386/3994 3297/4381/3888
f 3297/4381/3888 3403/4386/3994 3299/4387/3890
f 3402/4382/3993 3404/4388/3995 3403/4383/3994
f 3403/4383/3994 3404/4388/3995 3405/4389/3996
f 3403/4386/3994 3405/4390/3996 3299/4387/3890
f 3299/4387/3890 3405/4390/3996 3301/4391/3892
f 3405/4389/3996 3404/4388/3995 3407/4392/3997
f 3407/4392/3997 3404/4388/3995 3406/4393/3998
f 3405/4390/3996 3407/4394/3997 3301/4391/3892
f 3301/4391/3892 3407/4394/3997 3303/4395/3894
f 3407/4394/3997 3406/4396/3998 3409/4397/3999
f 3409/4397/3999 3406/4396/3998 3408/4398/4000
f 3407/4394/3997 3409/4397/3999 3303/4395/3894
f 3303/4395/3894 3409/4397/3999 3305/4399/3896
f 3409/4397/3999 3408/4398/4000 3411/4400/4001
f 3411/4400/4001 3408/4398/4000 3410/4401/4002
f 3409/4397/3999 3411/4400/4001 3305/4399/3896
f 3305/4399/3896 3411/4400/4001 3308/4402/3899
f 3411/4400/4001 3410/4401/4002 3413/4403/4003
f 3413/4403/4003 3410/4401/4002 3412/4404/4004
f 3411/4400/4001 3413/4403/4003 3308/4402/3899
f 3308/4402/3899 3413/4403/4003 3310/4405/3901
f 3413/4403/4003 3412/4404/4004 3415/4406/4005
f 3415/4406/4005 3412/4404/4004 3414/4407/4006
f 3413/4403/4003 3415/4406/4005 3310/4405/3901
f 3310/4405/3901 3415/4406/4005 3312/4408/3903
f 3417/4409/4007 3415/4410/4005 3416/4411/4008
f 3416/4411/4008 3415/4410/4005 3414/4412/4006
f 3415/4406/4005 3417/4413/4007 3312/4408/3903
f 3312/4408/3903 3417/4413/4007 3314/4414/3905
f 3418/4415/4009 3419/4416/4010 3416/4411/4008
f 3416/4411/4008 3419/4416/4010 3417/4409/4007
f 3314/4414/3905 3417/4413/4007 3315/4417/3906
f 3315/4417/3906 3417/4413/4007 3419/4418/4010
f 3421/4419/4011 3419/4416/4010 3420/4420/4012
f 3420/4420/4012 3419/4416/4010 3418/4415/4009
f 3421/4421/4011 3317/4422/3908 3419/4418/4010
f 3419/4418/4010 3317/4422/3908 3315/4417/3906
f 3423/4423/4013 3421/4421/4011 3422/4424/4014
f 3422/4424/4014 3421/4421/4011 3420/4425/4012
f 3423/4423/4013 3319/4426/3910 3421/4421/4011
f 3421/4421/4011 3319/4426/3910 3317/4422/3908
f 3325/4280/3916 3423/4423/4013 3327/4284/3919
f 3327/4284/3919 3423/4423/4013 3422/4424/4014
f 3424/4427/4015 3422/4428/4014 3425/4429/4016
f 3425/4429/4016 3422/4428/4014 3420/4420/4012
f 3424/4427/4015 3425/4429/4016 3427/4430/4017
f 3427/4430/4017 3425/4429/4016 3426/4431/4018
f 3427/4430/4017 3426/4431/4018 3429/4432/4019
f 3429/4432/4019 3426/4431/4018 3428/4433/4020
f 3428/4433/4020 3430/4434/4021 3429/4432/4019
f 3429/4432/4019 3430/4434/4021 3431/4435/4022
f 3431/4436/4022 3430/4437/4021 3432/4438/4023
f 3432/4438/4023 3430/4437/4021 3433/4439/4024
f 3433/4439/4024 3434/4440/4025 3432/4438/4023
f 3432/4438/4023 3434/4440/4025 3435/4441/4026
f 3432/4438/4023 3435/4441/4026 3338/4298/3929
f 3338/4298/3929 3435/4441/4026 3339/4299/3930
f 3436/4442/4027 3435/4441/4026 3434/4440/4025
f 3341/4301/3932 3435/4441/4026 3436/4442/4027
f 3437/4443/4028 3341/4301/3932 3436/4442/4027
f 3437/4443/4028 3436/4442/4027 3438/4444/4029
f 3438/4444/4029 3436/4442/4027 3439/4445/4030
f 3438/4444/4029 3439/4445/4030 3440/4446/4031
f 3441/4447/4032 3438/4444/4029 3440/4446/4031
f 3442/4448/4033 3438/4444/4029 3441/4447/4032
f 3442/4448/4033 3441/4447/4032 3443/4449/4034
f 3443/4449/4034 3441/4447/4032 3444/4450/4035
f 3445/4451/4036 3446/4452/4037 3447/4453/4038
f 3448/4454/4039 3446/4452/4037 3445/4451/4036
f 3448/4454/4039 3449/4455/4040 3446/4452/4037
f 3449/4455/4040 3347/4307/3938 3446/4452/4037
f 3347/4307/3938 3450/4456/4041 3446/4452/4037
f 3450/4456/4041 3451/4457/4042 3446/4452/4037
f 3446/4452/4037 3451/4457/4042 3447/4453/4038
f 3447/4453/4038 3451/4457/4042 3443/4449/4034
f 3451/4457/4042 3442/4448/4033 3443/4449/4034
f 3450/4456/4041 3344/4304/3935 3451/4457/4042
f 3451/4457/4042 3344/4304/3935 3437/4443/4028
f 3452/4458/4043 3449/4455/4040 3448/4454/4039
f 3453/4459/4044 3452/4458/4043 3448/4454/4039
f 3355/4318/3946 3452/4458/4043 3453/4459/4044
f 3453/4459/4044 3448/4454/4039 3454/4460/4045
f 3359/4325/3951 3453/4459/4044 3454/4460/4045
f 3452/4458/4043 3348/4308/3939 3449/4455/4040
f 3454/4460/4045 3448/4454/4039 3445/4451/4036
f 3454/4460/4045 3445/4451/4036 3455/4461/4046
f 3455/4461/4046 3445/4451/4036 3456/4462/4047
f 3455/4461/4046 3456/4462/4047 3457/4463/4048
f 3457/4463/4048 3456/4462/4047 3458/4464/4049
f 3456/4462/4047 3459/4465/4050 3458/4464/4049
f 3459/4465/4050 3444/4450/4035 3458/4464/4049
f 3458/4464/4049 3444/4450/4035 3460/4466/4051
f 3458/4464/4049 3460/4466/4051 3371/4337/3963
f 3444/4450/4035 3441/4447/4032 3460/4466/4051
f 3460/4466/4051 3441/4447/4032 3461/4467/4052
f 3460/4466/4051 3461/4467/4052 3462/4468/4053
f 3462/4468/4053 3461/4467/4052 3463/4469/4054
f 3462/4468/4053 3463/4469/4054 3465/4470/4055
f 3465/4470/4055 3463/4469/4054 3464/4471/4056
f 3465/4470/4055 3464/4471/4056 3467/4472/4057
f 3467/4472/4057 3464/4471/4056 3466/4473/4058
f 3466/4474/4058 3468/4475/4059 3467/4476/4057
f 3467/4476/4057 3468/4475/4059 3469/4477/4060
f 3468/4475/4059 3470/4478/4061 3469/4477/4060
f 3469/4477/4060 3470/4478/4061 3471/4479/4062
f 3470/4478/4061 3472/4480/4063 3471/4479/4062
f 3471/4479/4062 3472/4480/4063 3473/4481/4064
f 3471/4479/4062 3473/4481/4064 3379/4346/3970
f 3379/4346/3970 3473/4481/4064 3381/4348/3972
f 3408/4482/4000 3406/4393/3998 3472/4480/4063
f 3472/4480/4063 3406/4393/3998 3473/4481/4064
f 3470/4478/4061 3474/4483/4065 3472/4480/4063
f 3472/4480/4063 3474/4483/4065 3475/4484/4066
f 3476/4485/4067 3475/4486/4066 3477/4487/4068
f 3477/4487/4068 3475/4486/4066 3474/4488/4065
f 3478/4489/4069 3476/4485/4067 3479/4490/4070
f 3479/4490/4070 3476/4485/4067 3477/4487/4068
f 3480/4491/4071 3478/4489/4069 3481/4492/4072
f 3481/4492/4072 3478/4489/4069 3479/4490/4070
f 3482/4493/4073 3483/4494/4074 3481/4492/4072
f 3481/4492/4072 3483/4494/4074 3480/4491/4071
f 3483/4494/4074 3418/4415/4009 3480/4491/4071
f 3480/4491/4071 3418/4415/4009 3416/4411/4008
f 3426/4431/4018 3425/4429/4016 3482/4493/4073
f 3482/4493/4073 3425/4429/4016 3483/4494/4074
f 3482/4493/4073 3481/4492/4072 3485/4495/4075
f 3485/4495/4075 3481/4492/4072 3484/4496/4076
f 3484/4496/4076 3486/4497/4077 3485/4495/4075
f 3485/4495/4075 3486/4497/4077 3487/4498/4078
f 3487/4499/4078 3486/4500/4077 3488/4501/4079
f 3488/4501/4079 3486/4500/4077 3489/4502/4080
f 3490/4503/4081 3491/4504/4082 3489/4502/4080
f 3489/4502/4080 3491/4504/4082 3488/4501/4079
f 3434/4440/4025 3433/4439/4024 3491/4504/4082
f 3491/4504/4082 3433/4439/4024 3488/4501/4079
f 3439/4445/4030 3491/4504/4082 3490/4503/4081
f 3439/4445/4030 3490/4503/4081 3492/4505/4083
f 3492/4505/4083 3490/4503/4081 3493/4506/4084
f 3493/4506/4084 3490/4503/4081 3489/4502/4080
f 3492/4505/4083 3493/4506/4084 3495/4507/4085
f 3495/4507/4085 3493/4506/4084 3494/4508/4086
f 3440/4446/4031 3492/4505/4083 3495/4507/4085
f 3440/4446/4031 3495/4507/4085 3496/4509/4087
f 3461/4467/4052 3440/4446/4031 3496/4509/4087
f 3495/4507/4085 3494/4508/4086 3496/4509/4087
f 3496/4509/4087 3494/4508/4086 3497/4510/4088
f 3463/4469/4054 3496/4509/4087 3464/4471/4056
f 3464/4471/4056 3496/4509/4087 3497/4510/4088
f 3497/4510/4088 3494/4508/4086 3499/4511/4089
f 3499/4511/4089 3494/4508/4086 3498/4512/4090
f 3500/4513/4091 3501/4514/4092 3498/4515/4090
f 3498/4515/4090 3501/4514/4092 3499/4516/4089
f 3500/4513/4091 3477/4487/4068 3501/4514/4092
f 3501/4514/4092 3477/4487/4068 3474/4488/4065
f 3502/4517/4093 3503/4518/4094 3498/4515/4090
f 3498/4515/4090 3503/4518/4094 3500/4513/4091
f 3503/4518/4094 3479/4490/4070 3500/4513/4091
f 3500/4513/4091 3479/4490/4070 3477/4487/4068
f 3484/4496/4076 3503/4518/4094 3486/4497/4077
f 3486/4497/4077 3503/4518/4094 3502/4517/4093
f 3498/4512/4090 3494/4508/4086 3502/4519/4093
f 3502/4519/4093 3494/4508/4086 3493/4506/4084
f 3489/4502/4080 3486/4500/4077 3493/4506/4084
f 3493/4506/4084 3486/4500/4077 3502/4519/4093
f 3501/4520/4092 3468/4475/4059 3499/4521/4089
f 3499/4521/4089 3468/4475/4059 3466/4474/4058
f 3466/4473/4058 3464/4471/4056 3499/4511/4089
f 3499/4511/4089 3464/4471/4056 3497/4510/4088
f 3430/4437/4021 3487/4499/4078 3433/4439/4024
f 3433/4439/4024 3487/4499/4078 3488/4501/4079
f 3484/4496/4076 3481/4492/4072 3503/4518/4094
f 3503/4518/4094 3481/4492/4072 3479/4490/4070
f 3430/4434/4021 3428/4433/4020 3487/4498/4078
f 3487/4498/4078 3428/4433/4020 3485/4495/4075
f 3426/4431/4018 3482/4493/4073 3428/4433/4020
f 3428/4433/4020 3482/4493/4073 3485/4495/4075
f 3480/4491/4071 3416/4411/4008 3478/4489/4069
f 3478/4489/4069 3416/4411/4008 3414/4412/4006
f 3414/4412/4006 3412/4522/4004 3478/4489/4069
f 3478/4489/4069 3412/4522/4004 3476/4485/4067
f 3412/4522/4004 3410/4523/4002 3476/4485/4067
f 3476/4485/4067 3410/4523/4002 3475/4486/4066
f 3501/4520/4092 3474/4483/4065 3468/4475/4059
f 3468/4475/4059 3474/4483/4065 3470/4478/4061
f 3410/4524/4002 3408/4482/4000 3475/4484/4066
f 3475/4484/4066 3408/4482/4000 3472/4480/4063
f 3469/4477/4060 3471/4479/4062 3377/4342/3968
f 3377/4342/3968 3471/4479/4062 3379/4346/3970
f 3469/4477/4060 3377/4342/3968 3467/4476/4057
f 3467/4476/4057 3377/4342/3968 3375/4344/3966
f 3375/4340/3966 3374/4339/3965 3467/4472/4057
f 3467/4472/4057 3374/4339/3965 3465/4470/4055
f 3374/4339/3965 3373/4338/3964 3465/4470/4055
f 3465/4470/4055 3373/4338/3964 3462/4468/4053
f 3461/4467/4052 3496/4509/4087 3463/4469/4054
f 3373/4338/3964 3460/4466/4051 3462/4468/4053
f 3459/4465/4050 3443/4449/4034 3444/4450/4035
f 3456/4462/4047 3447/4453/4038 3459/4465/4050
f 3457/4463/4048 3458/4464/4049 3369/4334/3960
f 3455/4461/4046 3457/4463/4048 3367/4333/3959
f 3363/4328/3954 3454/4460/4045 3455/4461/4046
f 3445/4451/4036 3447/4453/4038 3456/4462/4047
f 3447/4453/4038 3443/4449/4034 3459/4465/4050
f 3451/4457/4042 3438/4444/4029 3442/4448/4033
f 3441/4447/4032 3440/4446/4031 3461/4467/4052
f 3440/4446/4031 3439/4445/4030 3492/4505/4083
f 3436/4442/4027 3491/4504/4082 3439/4445/4030
f 3451/4457/4042 3437/4443/4028 3438/4444/4029
f 3436/4442/4027 3434/4440/4025 3491/4504/4082
f 3336/4296/3927 3431/4436/4022 3338/4298/3929
f 3338/4298/3929 3431/4436/4022 3432/4438/4023
f 3336/4525/3927 3334/4526/3925 3431/4435/4022
f 3431/4435/4022 3334/4526/3925 3429/4432/4019
f 3332/4527/3923 3427/4430/4017 3334/4526/3925
f 3334/4526/3925 3427/4430/4017 3429/4432/4019
f 3425/4429/4016 3420/4420/4012 3483/4494/4074
f 3483/4494/4074 3420/4420/4012 3418/4415/4009
f 3332/4527/3923 3330/4528/3921 3427/4430/4017
f 3427/4430/4017 3330/4528/3921 3424/4427/4015
f 3330/4528/3921 3327/4529/3919 3424/4427/4015
f 3424/4427/4015 3327/4529/3919 3422/4428/4014
f 3473/4481/4064 3406/4393/3998 3381/4348/3972
f 3381/4348/3972 3406/4393/3998 3404/4388/3995
f 3381/4348/3972 3404/4388/3995 3382/4349/3973
f 3382/4349/3973 3404/4388/3995 3402/4382/3993
f 3382/4349/3973 3402/4382/3993 3383/4351/3975
f 3383/4351/3975 3402/4382/3993 3400/4384/3991
f 3400/4384/3991 3396/4371/3987 3383/4351/3975
f 3383/4351/3975 3396/4371/3987 3385/4353/3977
f 3286/4217/3877 3397/4373/3988 3287/4219/3879
f 3287/4219/3879 3397/4373/3988 3399/4375/3989
f 3395/4370/3986 3397/4530/3988 3283/4213/3875
f 3283/4213/3875 3397/4530/3988 3286/4215/3877
f 3370/4335/3961 3372/4336/3962 3389/4359/3980
f 3389/4359/3980 3372/4336/3962 3376/4341/3967
f 3371/4337/3963 3460/4466/4051 3373/4338/3964
f 3369/4334/3960 3458/4464/4049 3371/4337/3963
f 3367/4333/3959 3457/4463/4048 3369/4334/3960
f 3365/4331/3957 3455/4461/4046 3367/4333/3959
f 3363/4328/3954 3455/4461/4046 3365/4331/3957
f 3278/4531/3869 3362/4326/3952 3393/4366/3984
f 3393/4366/3984 3362/4326/3952 3364/4329/3955
f 3361/4327/3953 3454/4460/4045 3363/4328/3954
f 3359/4325/3951 3454/4460/4045 3361/4327/3953
f 3276/4532/3867 3360/4324/3950 3278/4531/3869
f 3278/4531/3869 3360/4324/3950 3362/4326/3952
f 3357/4322/3949 3453/4459/4044 3359/4325/3951
f 3358/4321/3948 3360/4324/3950 3274/4323/3865
f 3274/4323/3865 3360/4324/3950 3276/4532/3867
f 3357/4322/3949 3355/4318/3946 3453/4459/4044
f 3355/4318/3946 3353/4315/3944 3452/4458/4043
f 3353/4315/3944 3350/4310/3941 3452/4458/4043
f 3352/4312/3943 3260/4184/3850 3349/4309/3940
f 3349/4309/3940 3260/4184/3850 3259/4185/3851
f 3350/4310/3941 3348/4308/3939 3452/4458/4043
f 3348/4308/3939 3347/4307/3938 3449/4455/4040
f 3347/4307/3938 3345/4305/3936 3450/4456/4041
f 3345/4305/3936 3344/4304/3935 3450/4456/4041
f 3344/4304/3935 3342/4302/3933 3437/4443/4028
f 3342/4302/3933 3341/4301/3932 3437/4443/4028
f 3341/4301/3932 3339/4299/3930 3435/4441/4026
f 3252/4177/3843 3335/4295/3926 3253/4179/3845
f 3253/4179/3845 3335/4295/3926 3337/4297/3928
f 3252/4175/3843 3250/4173/3841 3335/4293/3926
f 3335/4293/3926 3250/4173/3841 3333/4291/3924
f 3248/4171/3839 3331/4289/3922 3250/4173/3841
f 3250/4173/3841 3331/4289/3922 3333/4291/3924
f 3248/4171/3839 3246/4169/3837 3331/4289/3922
f 3331/4289/3922 3246/4169/3837 3329/4285/3920
f 3244/4166/3835 3328/4286/3918 3246/4169/3837
f 3246/4169/3837 3328/4286/3918 3329/4285/3920
f 3321/4279/3912 3319/4426/3910 3325/4280/3916
f 3325/4280/3916 3319/4426/3910 3423/4423/4013
f 3241/4161/3832 3326/4282/3917 3244/4533/3835
f 3244/4533/3835 3326/4282/3917 3328/4283/3918
f 3241/4161/3832 3240/4160/3830 3326/4282/3917
f 3326/4282/3917 3240/4160/3830 3323/4281/3914
f 3313/4257/3904 3195/4262/3786 3311/4255/3902
f 3311/4255/3902 3195/4262/3786 3193/4534/3784
f 3311/4255/3902 3193/4534/3784 3309/4251/3900
f 3309/4251/3900 3193/4534/3784 3191/4535/3783
f 3309/4251/3900 3191/4535/3783 3307/4252/3898
f 3307/4252/3898 3191/4535/3783 3189/4536/3781
f 3189/4537/3781 3187/4538/3779 3307/4249/3898
f 3307/4249/3898 3187/4538/3779 3306/4248/3897
f 3306/4248/3897 3187/4538/3779 3304/4246/3895
f 3304/4246/3895 3187/4538/3779 3185/4539/3776
f 3304/4246/3895 3185/4539/3776 3302/4244/3893
f 3302/4244/3893 3185/4539/3776 3183/4540/3774
f 3302/4244/3893 3183/4540/3774 3300/4241/3891
f 3300/4241/3891 3183/4540/3774 3181/4242/3772
f 3289/4220/3880 3287/4219/3879 3293/4378/3884
f 3293/4378/3884 3287/4219/3879 3399/4375/3989
f 3165/4067/3757 3163/4065/3754 3292/4224/3882
f 3292/4224/3882 3163/4065/3754 3290/4222/3881
f 3163/4061/3754 3161/4060/3753 3290/4221/3881
f 3290/4221/3881 3161/4060/3753 3288/4218/3878
f 3159/4057/3751 3285/4214/3876 3161/4059/3753
f 3161/4059/3753 3285/4214/3876 3288/4541/3878
f 3159/4057/3751 3158/4055/3749 3285/4214/3876
f 3285/4214/3876 3158/4055/3749 3284/4212/3874
f 3158/4055/3749 3157/4054/3748 3284/4212/3874
f 3284/4212/3874 3157/4054/3748 3280/4209/3871
f 3279/4208/3870 3278/4207/3869 3281/4210/3872
f 3281/4210/3872 3278/4207/3869 3393/4365/3984
f 3264/4189/3855 3265/4192/3856 3249/4172/3840
f 3249/4172/3840 3265/4192/3856 3247/4170/3838
f 3265/4192/3856 3504/4542/4095 3247/4170/3838
f 3247/4170/3838 3504/4542/4095 3245/4168/3836
f 3265/4192/3856 3147/4042/3738 3504/4542/4095
f 3504/4542/4095 3147/4042/3738 3146/4040/3737
f 3146/4040/3737 3144/4041/3735 3504/4542/4095
f 3504/4542/4095 3144/4041/3735 3505/4543/4096
f 3504/4542/4095 3505/4543/4096 3245/4168/3836
f 3245/4168/3836 3505/4543/4096 3243/4164/3834
f 3264/4189/3855 3249/4172/3840 3262/4191/3853
f 3262/4191/3853 3249/4172/3840 3251/4174/3842
f 3251/4176/3842 3254/4178/3844 3262/4187/3853
f 3262/4187/3853 3254/4178/3844 3258/4183/3849
f 3259/4185/3851 3257/4182/3848 3346/4306/3937
f 3346/4306/3937 3257/4182/3848 3256/4180/3846
f 3256/4180/3846 3255/4181/3847 3343/4303/3934
f 3506/4544/4097 3242/4165/3833 3505/4543/4096
f 3505/4543/4096 3242/4165/3833 3243/4164/3834
f 3144/4041/3735 3142/4545/3733 3505/4543/4096
f 3505/4543/4096 3142/4545/3733 3506/4544/4097
f 3506/4546/4097 3236/4547/3827 3242/4163/3833
f 3242/4163/3833 3236/4547/3827 3238/4162/3828
f 3209/4548/3800 3207/4278/3798 3237/4157/3829
f 3237/4157/3829 3207/4278/3798 3239/4159/3831
f 3235/4153/3826 3211/4154/3802 3237/4157/3829
f 3237/4157/3829 3211/4154/3802 3209/4548/3800
f 3140/4035/3730 3236/4547/3827 3142/4034/3733
f 3142/4034/3733 3236/4547/3827 3506/4546/4097
f 3165/4067/3757 3292/4224/3882 3167/4069/3759
f 3167/4069/3759 3292/4224/3882 3171/4226/3762
f 3229/4139/3820 3154/4051/3745 3160/4056/3750
f 3160/4056/3750 3154/4051/3745 3156/4053/3747
f 3232/4549/3822 3143/4039/3734 3150/4045/3741
f 3150/4045/3741 3143/4039/3734 3145/4038/3736
f 3507/4550/4098 3508/4551/4099 3510/4552/4100
f 3510/4552/4100 3508/4551/4099 3509/4553/4101
f 3511/4554/4102 3507/4550/4098 3512/4555/4103
f 3512/4555/4103 3507/4550/4098 3510/4552/4100
f 3513/4556/4104 3511/4554/4102 3514/4557/4105
f 3514/4557/4105 3511/4554/4102 3512/4555/4103
f 3514/4558/4105 3515/4559/4106 3513/4560/4104
f 3513/4560/4104 3515/4559/4106 3516/4561/4107
f 3515/4559/4106 3517/4562/4108 3516/4561/4107
f 3515/4559/4106 3518/4563/4109 3517/4562/4108
f 3518/4563/4109 3519/4564/4110 3517/4562/4108
f 3517/4562/4108 3519/4564/4110 3520/4565/4111
f 3517/4562/4108 3520/4565/4111 3521/4566/4112
f 3520/4565/4111 3522/4567/4113 3521/4566/4112
f 3521/4566/4112 3522/4567/4113 3524/4568/4114
f 3524/4568/4114 3522/4567/4113 3523/4569/4115
f 3524/4568/4114 3523/4569/4115 3526/4570/4116
f 3526/4570/4116 3523/4569/4115 3525/4571/4117
f 3526/4570/4116 3525/4571/4117 3528/4572/4118
f 3528/4572/4118 3525/4571/4117 3527/4573/4119
f 3528/4572/4118 3527/4573/4119 3530/4574/4120
f 3530/4574/4120 3527/4573/4119 3529/4575/4121
f 3530/4574/4120 3529/4575/4121 3532/4576/4122
f 3532/4576/4122 3529/4575/4121 3531/4577/4123
f 3532/4576/4122 3531/4577/4123 3534/4578/4124
f 3534/4578/4124 3531/4577/4123 3533/4579/4125
f 3534/4578/4124 3533/4579/4125 3536/4580/4126
f 3536/4580/4126 3533/4579/4125 3535/4581/4127
f 3536/4580/4126 3535/4581/4127 3538/4582/4128
f 3538/4582/4128 3535/4581/4127 3537/4583/4129
f 3538/4582/4128 3537/4583/4129 3539/4584/4130
f 3539/4584/4130 3537/4583/4129 3540/4585/4131
f 3539/4584/4130 3540/4585/4131 3541/4586/4132
f 3540/4585/4131 3542/4587/4133 3541/4586/4132
f 3541/4586/4132 3542/4587/4133 3543/4588/4134
f 3542/4589/4133 3544/4590/4135 3543/4591/4134
f 3543/4591/4134 3544/4590/4135 3545/4592/4136
f 3544/4590/4135 3546/4593/4137 3545/4592/4136
f 3545/4592/4136 3546/4593/4137 3547/4594/4138
f 3606/4595/4139 3605/4596/4140 3607/4597/4141
f 3607/4597/4141 3605/4596/4140 3604/4598/4142
f 3607/4597/4141 3608/4599/4143 3606/4595/4139
f 3606/4595/4139 3608/4599/4143 3609/4600/4144
f 3610/4601/4145 3611/4602/4146 3608/4603/4143
f 3608/4603/4143 3611/4602/4146 3609/4604/4144
f 3612/4605/4147 3613/4606/4148 3610/4601/4145
f 3610/4601/4145 3613/4606/4148 3611/4602/4146
f 3613/4606/4148 3541/4586/4132 3611/4602/4146
f 3613/4606/4148 3612/4605/4147 3614/4607/4149
f 3614/4607/4149 3612/4605/4147 3615/4608/4150
f 3616/4609/4151 3614/4607/4149 3617/4610/4152
f 3617/4610/4152 3614/4607/4149 3615/4608/4150
f 3618/4611/4153 3616/4612/4151 3619/4613/4154
f 3619/4613/4154 3616/4612/4151 3617/4614/4152
f 3618/4611/4153 3619/4613/4154 3620/4615/4155
f 3620/4615/4155 3619/4613/4154 3621/4616/4156
f 3622/4617/4157 3620/4615/4155 3623/4618/4158
f 3623/4618/4158 3620/4615/4155 3621/4616/4156
f 3623/4618/4158 3621/4616/4156 3625/4619/4159
f 3625/4619/4159 3621/4616/4156 3624/4620/4160
f 3625/4619/4159 3624/4620/4160 3627/4621/4161
f 3627/4621/4161 3624/4620/4160 3626/4622/4162
f 3627/4621/4161 3626/4622/4162 3629/4623/4163
f 3629/4623/4163 3626/4622/4162 3628/4624/4164
f 3629/4623/4163 3628/4624/4164 3631/4625/4165
f 3631/4625/4165 3628/4624/4164 3630/4626/4166
f 3631/4625/4165 3630/4626/4166 3633/4627/4167
f 3633/4627/4167 3630/4626/4166 3632/4628/4168
f 3633/4627/4167 3632/4628/4168 3635/4629/4169
f 3635/4629/4169 3632/4628/4168 3634/4630/4170
f 3636/4631/4171 3637/4632/4172 3634/4630/4170
f 3634/4630/4170 3637/4632/4172 3635/4629/4169
f 3638/4633/4173 3639/4634/4174 3636/4631/4171
f 3636/4631/4171 3639/4634/4174 3637/4632/4172
f 3640/4635/4175 3641/4636/4176 3638/4637/4173
f 3638/4637/4173 3641/4636/4176 3639/4638/4174
f 3642/4639/4177 3643/4640/4178 3640/4635/4175
f 3640/4635/4175 3643/4640/4178 3641/4636/4176
f 3644/4641/4179 3645/4642/4180 3642/4639/4177
f 3642/4639/4177 3645/4642/4180 3643/4640/4178
f 3646/4643/4181 3647/4644/4182 3644/4641/4179
f 3644/4641/4179 3647/4644/4182 3645/4642/4180
f 3648/4645/4183 3649/4646/4184 3646/4643/4181
f 3646/4643/4181 3649/4646/4184 3647/4644/4182
f 3650/4647/4185 3651/4648/4186 3648/4645/4183
f 3648/4645/4183 3651/4648/4186 3649/4646/4184
f 3652/4649/4187 3653/4650/4188 3650/4647/4185
f 3650/4647/4185 3653/4650/4188 3651/4648/4186
f 3654/4651/4189 3655/4652/4190 3652/4649/4187
f 3652/4649/4187 3655/4652/4190 3653/4650/4188
f 3656/4653/4191 3657/4654/4192 3654/4651/4189
f 3654/4651/4189 3657/4654/4192 3655/4652/4190
f 3658/4655/4193 3659/4656/4194 3656/4653/4191
f 3656/4653/4191 3659/4656/4194 3657/4654/4192
f 3660/4657/4195 3661/4658/4196 3658/4655/4193
f 3658/4655/4193 3661/4658/4196 3659/4656/4194
f 3660/4657/4195 3662/4659/4197 3661/4658/4196
f 3661/4658/4196 3662/4659/4197 3663/4660/4198
f 3664/4661/4199 3665/4662/4200 3662/4659/4197
f 3662/4659/4197 3665/4662/4200 3663/4660/4198
f 3666/4663/4201 3667/4664/4202 3664/4661/4199
f 3664/4661/4199 3667/4664/4202 3665/4662/4200
f 3668/4665/4203 3669/4666/4204 3666/4663/4201
f 3666/4663/4201 3669/4666/4204 3667/4664/4202
f 3670/4667/4205 3671/4668/4206 3668/4669/4203
f 3668/4669/4203 3671/4668/4206 3669/4670/4204
f 3672/4671/4207 3673/4672/4208 3670/4667/4205
f 3670/4667/4205 3673/4672/4208 3671/4668/4206
f 3674/4673/4209 3675/4674/4210 3672/4671/4207
f 3672/4671/4207 3675/4674/4210 3673/4672/4208
f 3676/4675/4211 3677/4676/4212 3674/4673/4209
f 3674/4673/4209 3677/4676/4212 3675/4674/4210
f 3678/4677/2420 3679/4678/4213 3676/4675/4211
f 3676/4675/4211 3679/4678/4213 3677/4676/4212
f 3680/4679/4214 3681/4680/4215 3678/4677/2420
f 3678/4677/2420 3681/4680/4215 3679/4678/4213
f 3682/4681/4216 3683/4682/4217 3680/4679/4214
f 3680/4679/4214 3683/4682/4217 3681/4680/4215
f 3684/4683/4218 3685/4684/4219 3682/4681/4216
f 3682/4681/4216 3685/4684/4219 3683/4682/4217
f 3686/4685/4220 3687/4686/4221 3684/4683/4218
f 3684/4683/4218 3687/4686/4221 3685/4684/4219
f 3688/4687/4222 3689/4688/4223 3686/4685/4220
f 3686/4685/4220 3689/4688/4223 3687/4686/4221
f 3690/4689/4224 3691/4690/4225 3688/4687/4222
f 3688/4687/4222 3691/4690/4225 3689/4688/4223
f 3692/4691/4226 3693/4692/4227 3690/4689/4224
f 3690/4689/4224 3693/4692/4227 3691/4690/4225
f 3694/4693/4228 3695/4694/4229 3692/4691/4226
f 3692/4691/4226 3695/4694/4229 3693/4692/4227
f 3696/4695/4230 3697/4696/4231 3694/4693/4228
f 3694/4693/4228 3697/4696/4231 3695/4694/4229
f 3698/4697/4232 3699/4698/4233 3696/4695/4230
f 3696/4695/4230 3699/4698/4233 3697/4696/4231
f 3700/4699/4234 3701/4700/4235 3698/4701/4232
f 3698/4701/4232 3701/4700/4235 3699/4702/4233
f 3702/4703/4236 3703/4704/4237 3700/4699/4234
f 3700/4699/4234 3703/4704/4237 3701/4700/4235
f 3704/4705/4238 3705/4706/4239 3702/4703/4236
f 3702/4703/4236 3705/4706/4239 3703/4704/4237
f 3706/4707/4240 3707/4708/4241 3704/4705/4238
f 3704/4705/4238 3707/4708/4241 3705/4706/4239
f 3708/4709/4242 3709/4710/4243 3706/4707/4240
f 3706/4707/4240 3709/4710/4243 3707/4708/4241
f 3710/4711/4244 3711/4712/4245 3708/4709/4242
f 3708/4709/4242 3711/4712/4245 3709/4710/4243
f 3510/4552/4100 3509/4553/4101 3710/4711/4244
f 3710/4711/4244 3509/4553/4101 3711/4712/4245
f 3712/4713/4246 3710/4711/4244 3713/4714/4247
f 3713/4714/4247 3710/4711/4244 3708/4709/4242
f 3714/4715/4248 3712/4713/4246 3715/4716/4249
f 3715/4716/4249 3712/4713/4246 3713/4714/4247
f 3715/4717/4249 3716/4718/4250 3714/4719/4248
f 3714/4719/4248 3716/4718/4250 3717/4720/4251
f 3716/4718/4250 3718/4721/4252 3717/4720/4251
f 3717/4720/4251 3718/4721/4252 3719/4722/4253
f 3720/4723/4254 3721/4724/4255 3718/4721/4252
f 3718/4721/4252 3721/4724/4255 3719/4722/4253
f 3719/4722/4253 3721/4724/4255 3518/4563/4109
f 3518/4563/4109 3721/4724/4255 3722/4725/4256
f 3721/4724/4255 3723/4726/4257 3722/4725/4256
f 3722/4725/4256 3723/4726/4257 3724/4727/4258
f 3723/4728/4257 3725/4729/4259 3724/4730/4258
f 3724/4730/4258 3725/4729/4259 3726/4731/4260
f 3725/4729/4259 3560/4732/4261 3726/4731/4260
f 3726/4731/4260 3560/4732/4261 3559/4733/4262
f 3727/4734/4263 3728/4735/4264 3723/4728/4257
f 3723/4728/4257 3728/4735/4264 3725/4729/4259
f 3561/4736/4265 3560/4732/4261 3728/4735/4264
f 3728/4735/4264 3560/4732/4261 3725/4729/4259
f 3729/4737/4266 3730/4738/4267 3727/4734/4263
f 3727/4734/4263 3730/4738/4267 3728/4735/4264
f 3730/4738/4267 3562/4739/4268 3728/4735/4264
f 3728/4735/4264 3562/4739/4268 3561/4736/4265
f 3731/4740/4269 3732/4741/4270 3729/4737/4266
f 3729/4737/4266 3732/4741/4270 3730/4738/4267
f 3732/4741/4270 3563/4742/4271 3730/4738/4267
f 3730/4738/4267 3563/4742/4271 3562/4739/4268
f 3733/4743/4272 3734/4744/4273 3731/4745/4269
f 3731/4745/4269 3734/4744/4273 3732/4746/4270
f 3734/4747/4273 3564/4748/4274 3732/4741/4270
f 3732/4741/4270 3564/4748/4274 3563/4742/4271
f 3735/4749/4275 3736/4750/4276 3733/4743/4272
f 3733/4743/4272 3736/4750/4276 3734/4744/4273
f 3736/4751/4276 3565/4752/4277 3734/4747/4273
f 3734/4747/4273 3565/4752/4277 3564/4748/4274
f 3737/4753/4278 3738/4754/4279 3735/4749/4275
f 3735/4749/4275 3738/4754/4279 3736/4750/4276
f 3738/4755/4279 3566/4756/4280 3736/4751/4276
f 3736/4751/4276 3566/4756/4280 3565/4752/4277
f 3739/4757/4281 3740/4758/4282 3737/4753/4278
f 3737/4753/4278 3740/4758/4282 3738/4754/4279
f 3740/4759/4282 3567/4760/4283 3738/4761/4279
f 3738/4761/4279 3567/4760/4283 3566/4762/4280
f 3741/4763/4284 3742/4764/4285 3739/4757/4281
f 3739/4757/4281 3742/4764/4285 3740/4758/4282
f 3742/4765/4285 3568/4766/4286 3740/4759/4282
f 3740/4759/4282 3568/4766/4286 3567/4760/4283
f 3743/4767/4287 3744/4768/4288 3741/4763/4284
f 3741/4763/4284 3744/4768/4288 3742/4764/4285
f 3744/4769/4288 3569/4770/4289 3742/4765/4285
f 3742/4765/4285 3569/4770/4289 3568/4766/4286
f 3745/4771/4290 3746/4772/4291 3743/4773/4287
f 3743/4773/4287 3746/4772/4291 3744/4769/4288
f 3569/4770/4289 3744/4769/4288 3570/4774/4292
f 3570/4774/4292 3744/4769/4288 3746/4772/4291
f 3747/4775/4293 3748/4776/4294 3745/4771/4290
f 3745/4771/4290 3748/4776/4294 3746/4772/4291
f 3570/4774/4292 3746/4772/4291 3571/4777/4295
f 3571/4777/4295 3746/4772/4291 3748/4776/4294
f 3750/4778/4296 3748/4776/4294 3749/4779/4297
f 3749/4779/4297 3748/4776/4294 3747/4775/4293
f 3571/4777/4295 3748/4776/4294 3572/4780/4298
f 3572/4780/4298 3748/4776/4294 3750/4778/4296
f 3752/4781/4299 3750/4778/4296 3751/4782/4300
f 3751/4782/4300 3750/4778/4296 3749/4779/4297
f 3572/4780/4298 3750/4778/4296 3573/4783/4301
f 3573/4783/4301 3750/4778/4296 3752/4781/4299
f 3753/4784/4302 3754/4785/4303 3751/4782/4300
f 3751/4782/4300 3754/4785/4303 3752/4781/4299
f 3573/4783/4301 3752/4781/4299 3574/4786/4304
f 3574/4786/4304 3752/4781/4299 3754/4785/4303
f 3755/4787/4305 3756/4788/4306 3753/4784/4302
f 3753/4784/4302 3756/4788/4306 3754/4785/4303
f 3574/4786/4304 3754/4785/4303 3575/4789/4307
f 3575/4789/4307 3754/4785/4303 3756/4788/4306
f 3756/4788/4306 3755/4787/4305 3758/4790/4308
f 3758/4790/4308 3755/4787/4305 3757/4791/4309
f 3575/4789/4307 3756/4788/4306 3576/4792/4310
f 3576/4792/4310 3756/4788/4306 3758/4790/4308
f 3758/4790/4308 3757/4791/4309 3760/4793/4311
f 3760/4793/4311 3757/4791/4309 3759/4794/4312
f 3576/4792/4310 3758/4790/4308 3577/4795/4313
f 3577/4795/4313 3758/4790/4308 3760/4793/4311
f 3760/4793/4311 3759/4794/4312 3762/4796/4314
f 3762/4796/4314 3759/4794/4312 3761/4797/4315
f 3760/4793/4311 3762/4796/4314 3577/4795/4313
f 3577/4795/4313 3762/4796/4314 3578/4798/4316
f 3762/4799/4314 3761/4800/4315 3764/4801/4317
f 3764/4801/4317 3761/4800/4315 3763/4802/4318
f 3762/4796/4314 3764/4803/4317 3578/4798/4316
f 3578/4798/4316 3764/4803/4317 3579/4804/4319
f 3764/4801/4317 3763/4802/4318 3766/4805/4320
f 3766/4805/4320 3763/4802/4318 3765/4806/4321
f 3764/4803/4317 3766/4807/4320 3579/4804/4319
f 3579/4804/4319 3766/4807/4320 3580/4808/4322
f 3766/4805/4320 3765/4806/4321 3768/4809/4323
f 3768/4809/4323 3765/4806/4321 3767/4810/4324
f 3766/4807/4320 3768/4811/4323 3580/4808/4322
f 3580/4808/4322 3768/4811/4323 3581/4812/4325
f 3768/4809/4323 3767/4810/4324 3770/4813/4326
f 3770/4813/4326 3767/4810/4324 3769/4814/4327
f 3768/4815/4323 3770/4816/4326 3581/4817/4325
f 3581/4817/4325 3770/4816/4326 3582/4818/4328
f 3770/4813/4326 3769/4814/4327 3772/4819/4329
f 3772/4819/4329 3769/4814/4327 3771/4820/4330
f 3770/4816/4326 3772/4821/4329 3582/4818/4328
f 3582/4818/4328 3772/4821/4329 3583/4822/4331
f 3771/4820/4330 3773/4823/4332 3772/4819/4329
f 3772/4819/4329 3773/4823/4332 3774/4824/4333
f 3774/4825/4333 3584/4826/4334 3772/4821/4329
f 3772/4821/4329 3584/4826/4334 3583/4822/4331
f 3773/4827/4332 3775/4828/4335 3774/4825/4333
f 3774/4825/4333 3775/4828/4335 3776/4829/4336
f 3776/4829/4336 3585/4830/4337 3774/4825/4333
f 3774/4825/4333 3585/4830/4337 3584/4826/4334
f 3776/4829/4336 3775/4828/4335 3778/4831/4338
f 3778/4831/4338 3775/4828/4335 3777/4832/4339
f 3778/4831/4338 3586/4833/4340 3776/4829/4336
f 3776/4829/4336 3586/4833/4340 3585/4830/4337
f 3778/4831/4338 3777/4832/4339 3780/4834/4341
f 3780/4834/4341 3777/4832/4339 3779/4835/4342
f 3780/4834/4341 3587/4836/4343 3778/4831/4338
f 3778/4831/4338 3587/4836/4343 3586/4833/4340
f 3780/4834/4341 3779/4835/4342 3782/4837/4344
f 3782/4837/4344 3779/4835/4342 3781/4838/4345
f 3782/4837/4344 3588/4839/4346 3780/4834/4341
f 3780/4834/4341 3588/4839/4346 3587/4836/4343
f 3781/4838/4345 3783/4840/4347 3782/4837/4344
f 3782/4837/4344 3783/4840/4347 3784/4841/4348
f 3784/4841/4348 3589/4842/4349 3782/4837/4344
f 3782/4837/4344 3589/4842/4349 3588/4839/4346
f 3784/4841/4348 3783/4840/4347 3786/4843/4350
f 3786/4843/4350 3783/4840/4347 3785/4844/4351
f 3786/4843/4350 3590/4845/4352 3784/4841/4348
f 3784/4841/4348 3590/4845/4352 3589/4842/4349
f 3786/4843/4350 3785/4844/4351 3788/4846/4353
f 3788/4846/4353 3785/4844/4351 3787/4847/4354
f 3591/4848/4355 3590/4845/4352 3788/4846/4353
f 3788/4846/4353 3590/4845/4352 3786/4843/4350
f 3788/4846/4353 3787/4847/4354 3790/4849/4356
f 3790/4849/4356 3787/4847/4354 3789/4850/4357
f 3790/4849/4356 3592/4851/4358 3788/4846/4353
f 3788/4846/4353 3592/4851/4358 3591/4848/4355
f 3789/4850/4357 3791/4852/4359 3790/4849/4356
f 3790/4849/4356 3791/4852/4359 3792/4853/4360
f 3792/4853/4360 3593/4854/4361 3790/4849/4356
f 3790/4849/4356 3593/4854/4361 3592/4851/4358
f 3791/4855/4359 3793/4856/4362 3792/4857/4360
f 3792/4857/4360 3793/4856/4362 3794/4858/4363
f 3594/4859/4364 3593/4854/4361 3794/4860/4363
f 3794/4860/4363 3593/4854/4361 3792/4853/4360
f 3793/4856/4362 3795/4861/4365 3794/4858/4363
f 3794/4858/4363 3795/4861/4365 3796/4862/4366
f 3796/4863/4366 3595/4864/4367 3794/4860/4363
f 3794/4860/4363 3595/4864/4367 3594/4859/4364
f 3795/4861/4365 3797/4865/4368 3796/4862/4366
f 3796/4862/4366 3797/4865/4368 3798/4866/4369
f 3798/4867/4369 3596/4868/4370 3796/4863/4366
f 3796/4863/4366 3596/4868/4370 3595/4864/4367
f 3797/4865/4368 3799/4869/4371 3798/4866/4369
f 3798/4866/4369 3799/4869/4371 3800/4870/4372
f 3800/4871/4372 3597/4872/4373 3798/4873/4369
f 3798/4873/4369 3597/4872/4373 3596/4874/4370
f 3799/4869/4371 3801/4875/4374 3800/4870/4372
f 3800/4870/4372 3801/4875/4374 3802/4876/4375
f 3802/4877/4375 3598/4878/4376 3800/4871/4372
f 3800/4871/4372 3598/4878/4376 3597/4872/4373
f 3803/4879/4377 3804/4880/4378 3801/4875/4374
f 3801/4875/4374 3804/4880/4378 3802/4876/4375
f 3804/4881/4378 3599/4882/4379 3802/4877/4375
f 3802/4877/4375 3599/4882/4379 3598/4878/4376
f 3803/4883/4377 3805/4884/4380 3804/4881/4378
f 3804/4881/4378 3805/4884/4380 3806/4885/4381
f 3806/4885/4381 3600/4886/4382 3804/4881/4378
f 3804/4881/4378 3600/4886/4382 3599/4882/4379
f 3805/4884/4380 3807/4887/4383 3806/4885/4381
f 3806/4885/4381 3807/4887/4383 3808/4888/4384
f 3808/4888/4384 3601/4889/4385 3806/4885/4381
f 3806/4885/4381 3601/4889/4385 3600/4886/4382
f 3807/4887/4383 3809/4890/4386 3808/4888/4384
f 3808/4888/4384 3809/4890/4386 3810/4891/4387
f 3810/4891/4387 3602/4892/4388 3808/4888/4384
f 3808/4888/4384 3602/4892/4388 3601/4889/4385
f 3809/4890/4386 3811/4893/4389 3810/4891/4387
f 3810/4891/4387 3811/4893/4389 3812/4894/4390
f 3812/4894/4390 3603/4895/4391 3810/4891/4387
f 3810/4891/4387 3603/4895/4391 3602/4892/4388
f 3811/4893/4389 3608/4599/4143 3812/4894/4390
f 3812/4894/4390 3608/4599/4143 3607/4597/4141
f 3809/4896/4386 3813/4897/4392 3811/4898/4389
f 3811/4898/4389 3813/4897/4392 3814/4899/4393
f 3815/4900/4394 3816/4901/4395 3813/4897/4392
f 3813/4897/4392 3816/4901/4395 3814/4899/4393
f 3816/4901/4395 3612/4605/4147 3814/4899/4393
f 3814/4899/4393 3612/4605/4147 3610/4601/4145
f 3817/4902/4396 3816/4901/4395 3818/4903/4397
f 3818/4903/4397 3816/4901/4395 3815/4900/4394
f 3819/4904/4398 3817/4902/4396 3820/4905/4399
f 3820/4905/4399 3817/4902/4396 3818/4903/4397
f 3821/4906/4400 3819/4907/4398 3822/4908/4401
f 3822/4908/4401 3819/4907/4398 3820/4909/4399
f 3624/4620/4160 3821/4906/4400 3626/4622/4162
f 3626/4622/4162 3821/4906/4400 3822/4908/4401
f 3820/4909/4399 3823/4910/4402 3822/4908/4401
f 3822/4908/4401 3823/4910/4402 3824/4911/4403
f 3626/4622/4162 3822/4908/4401 3628/4624/4164
f 3628/4624/4164 3822/4908/4401 3824/4911/4403
f 3823/4910/4402 3825/4912/4404 3824/4911/4403
f 3824/4911/4403 3825/4912/4404 3826/4913/4405
f 3628/4624/4164 3824/4911/4403 3630/4626/4166
f 3630/4626/4166 3824/4911/4403 3826/4913/4405
f 3827/4914/4406 3828/4915/4407 3825/4912/4404
f 3825/4912/4404 3828/4915/4407 3826/4913/4405
f 3630/4626/4166 3826/4913/4405 3632/4628/4168
f 3632/4628/4168 3826/4913/4405 3828/4915/4407
f 3829/4916/4408 3830/4917/4409 3827/4914/4406
f 3827/4914/4406 3830/4917/4409 3828/4915/4407
f 3632/4628/4168 3828/4915/4407 3634/4630/4170
f 3634/4630/4170 3828/4915/4407 3830/4917/4409
f 3831/4918/4410 3832/4919/4411 3829/4916/4408
f 3829/4916/4408 3832/4919/4411 3830/4917/4409
f 3832/4919/4411 3636/4631/4171 3830/4917/4409
f 3830/4917/4409 3636/4631/4171 3634/4630/4170
f 3834/4920/4412 3832/4919/4411 3833/4921/4413
f 3833/4921/4413 3832/4919/4411 3831/4918/4410
f 3834/4920/4412 3638/4633/4173 3832/4919/4411
f 3832/4919/4411 3638/4633/4173 3636/4631/4171
f 3836/4922/4414 3834/4923/4412 3835/4924/4415
f 3835/4924/4415 3834/4923/4412 3833/4925/4413
f 3836/4922/4414 3640/4635/4175 3834/4923/4412
f 3834/4923/4412 3640/4635/4175 3638/4637/4173
f 3837/4926/4416 3838/4927/4417 3835/4924/4415
f 3835/4924/4415 3838/4927/4417 3836/4922/4414
f 3838/4927/4417 3642/4639/4177 3836/4922/4414
f 3836/4922/4414 3642/4639/4177 3640/4635/4175
f 3839/4928/4418 3840/4929/4419 3837/4926/4416
f 3837/4926/4416 3840/4929/4419 3838/4927/4417
f 3644/4641/4179 3642/4639/4177 3840/4929/4419
f 3840/4929/4419 3642/4639/4177 3838/4927/4417
f 3841/4930/4420 3842/4931/4421 3839/4928/4418
f 3839/4928/4418 3842/4931/4421 3840/4929/4419
f 3646/4643/4181 3644/4641/4179 3842/4931/4421
f 3842/4931/4421 3644/4641/4179 3840/4929/4419
f 3843/4932/4422 3844/4933/4423 3841/4930/4420
f 3841/4930/4420 3844/4933/4423 3842/4931/4421
f 3844/4933/4423 3648/4645/4183 3842/4931/4421
f 3842/4931/4421 3648/4645/4183 3646/4643/4181
f 3845/4934/4424 3846/4935/4425 3843/4932/4422
f 3843/4932/4422 3846/4935/4425 3844/4933/4423
f 3846/4935/4425 3650/4647/4185 3844/4933/4423
f 3844/4933/4423 3650/4647/4185 3648/4645/4183
f 3847/4936/4426 3848/4937/4427 3845/4934/4424
f 3845/4934/4424 3848/4937/4427 3846/4935/4425
f 3848/4937/4427 3652/4649/4187 3846/4935/4425
f 3846/4935/4425 3652/4649/4187 3650/4647/4185
f 3849/4938/4428 3850/4939/4429 3847/4936/4426
f 3847/4936/4426 3850/4939/4429 3848/4937/4427
f 3850/4939/4429 3654/4651/4189 3848/4937/4427
f 3848/4937/4427 3654/4651/4189 3652/4649/4187
f 3852/4940/4430 3850/4939/4429 3851/4941/4431
f 3851/4941/4431 3850/4939/4429 3849/4938/4428
f 3852/4940/4430 3656/4653/4191 3850/4939/4429
f 3850/4939/4429 3656/4653/4191 3654/4651/4189
f 3853/4942/4432 3854/4943/4433 3851/4941/4431
f 3851/4941/4431 3854/4943/4433 3852/4940/4430
f 3854/4943/4433 3658/4655/4193 3852/4940/4430
f 3852/4940/4430 3658/4655/4193 3656/4653/4191
f 3855/4944/4434 3856/4945/4435 3853/4942/4432
f 3853/4942/4432 3856/4945/4435 3854/4943/4433
f 3856/4945/4435 3660/4657/4195 3854/4943/4433
f 3854/4943/4433 3660/4657/4195 3658/4655/4193
f 3857/4946/4436 3858/4947/4437 3855/4944/4434
f 3855/4944/4434 3858/4947/4437 3856/4945/4435
f 3858/4947/4437 3662/4659/4197 3856/4945/4435
f 3856/4945/4435 3662/4659/4197 3660/4657/4195
f 3859/4948/4438 3860/4949/4439 3857/4946/4436
f 3857/4946/4436 3860/4949/4439 3858/4947/4437
f 3860/4949/4439 3664/4661/4199 3858/4947/4437
f 3858/4947/4437 3664/4661/4199 3662/4659/4197
f 3861/4950/4440 3862/4951/4441 3859/4948/4438
f 3859/4948/4438 3862/4951/4441 3860/4949/4439
f 3862/4951/4441 3666/4663/4201 3860/4949/4439
f 3860/4949/4439 3666/4663/4201 3664/4661/4199
f 3863/4952/4442 3864/4953/4443 3861/4950/4440
f 3861/4950/4440 3864/4953/4443 3862/4951/4441
f 3668/4665/4203 3666/4663/4201 3864/4953/4443
f 3864/4953/4443 3666/4663/4201 3862/4951/4441
f 3865/4954/4444 3866/4955/4445 3863/4956/4442
f 3863/4956/4442 3866/4955/4445 3864/4957/4443
f 3866/4955/4445 3670/4667/4205 3864/4957/4443
f 3864/4957/4443 3670/4667/4205 3668/4669/4203
f 3867/4958/4446 3868/4959/4447 3865/4954/4444
f 3865/4954/4444 3868/4959/4447 3866/4955/4445
f 3868/4959/4447 3672/4671/4207 3866/4955/4445
f 3866/4955/4445 3672/4671/4207 3670/4667/4205
f 3869/4960/4448 3870/4961/4449 3867/4958/4446
f 3867/4958/4446 3870/4961/4449 3868/4959/4447
f 3870/4961/4449 3674/4673/4209 3868/4959/4447
f 3868/4959/4447 3674/4673/4209 3672/4671/4207
f 3872/4962/4450 3870/4961/4449 3871/4963/4451
f 3871/4963/4451 3870/4961/4449 3869/4960/4448
f 3872/4962/4450 3676/4675/4211 3870/4961/4449
f 3870/4961/4449 3676/4675/4211 3674/4673/4209
f 3873/4964/4452 3874/4965/4453 3871/4963/4451
f 3871/4963/4451 3874/4965/4453 3872/4962/4450
f 3874/4965/4453 3678/4677/2420 3872/4962/4450
f 3872/4962/4450 3678/4677/2420 3676/4675/4211
f 3875/4966/4454 3876/4967/4455 3873/4964/4452
f 3873/4964/4452 3876/4967/4455 3874/4965/4453
f 3876/4967/4455 3680/4679/4214 3874/4965/4453
f 3874/4965/4453 3680/4679/4214 3678/4677/2420
f 3877/4968/4456 3878/4969/4457 3875/4966/4454
f 3875/4966/4454 3878/4969/4457 3876/4967/4455
f 3682/4681/4216 3680/4679/4214 3878/4969/4457
f 3878/4969/4457 3680/4679/4214 3876/4967/4455
f 3879/4970/4458 3880/4971/4459 3877/4968/4456
f 3877/4968/4456 3880/4971/4459 3878/4969/4457
f 3880/4971/4459 3684/4683/4218 3878/4969/4457
f 3878/4969/4457 3684/4683/4218 3682/4681/4216
f 3881/4972/4460 3882/4973/4461 3879/4970/4458
f 3879/4970/4458 3882/4973/4461 3880/4971/4459
f 3882/4973/4461 3686/4685/4220 3880/4971/4459
f 3880/4971/4459 3686/4685/4220 3684/4683/4218
f 3884/4974/4462 3882/4973/4461 3883/4975/4463
f 3883/4975/4463 3882/4973/4461 3881/4972/4460
f 3884/4974/4462 3688/4687/4222 3882/4973/4461
f 3882/4973/4461 3688/4687/4222 3686/4685/4220
f 3885/4976/4464 3886/4977/4465 3883/4975/4463
f 3883/4975/4463 3886/4977/4465 3884/4974/4462
f 3886/4977/4465 3690/4689/4224 3884/4974/4462
f 3884/4974/4462 3690/4689/4224 3688/4687/4222
f 3885/4976/4464 3887/4978/4466 3886/4977/4465
f 3886/4977/4465 3887/4978/4466 3888/4979/4467
f 3888/4979/4467 3692/4691/4226 3886/4977/4465
f 3886/4977/4465 3692/4691/4226 3690/4689/4224
f 3887/4978/4466 3889/4980/4468 3888/4979/4467
f 3888/4979/4467 3889/4980/4468 3890/4981/4469
f 3890/4981/4469 3694/4693/4228 3888/4979/4467
f 3888/4979/4467 3694/4693/4228 3692/4691/4226
f 3889/4980/4468 3891/4982/4470 3890/4981/4469
f 3890/4981/4469 3891/4982/4470 3892/4983/4471
f 3892/4983/4471 3696/4695/4230 3890/4981/4469
f 3890/4981/4469 3696/4695/4230 3694/4693/4228
f 3894/4984/4472 3892/4983/4471 3893/4985/4473
f 3893/4985/4473 3892/4983/4471 3891/4982/4470
f 3894/4984/4472 3698/4697/4232 3892/4983/4471
f 3892/4983/4471 3698/4697/4232 3696/4695/4230
f 3895/4986/4474 3896/4987/4475 3893/4988/4473
f 3893/4988/4473 3896/4987/4475 3894/4989/4472
f 3896/4987/4475 3700/4699/4234 3894/4989/4472
f 3894/4989/4472 3700/4699/4234 3698/4701/4232
f 3897/4990/4476 3898/4991/4477 3895/4986/4474
f 3895/4986/4474 3898/4991/4477 3896/4987/4475
f 3898/4991/4477 3702/4703/4236 3896/4987/4475
f 3896/4987/4475 3702/4703/4236 3700/4699/4234
f 3899/4992/4478 3900/4993/4479 3897/4990/4476
f 3897/4990/4476 3900/4993/4479 3898/4991/4477
f 3900/4993/4479 3704/4705/4238 3898/4991/4477
f 3898/4991/4477 3704/4705/4238 3702/4703/4236
f 3901/4994/4480 3902/4995/4481 3899/4992/4478
f 3899/4992/4478 3902/4995/4481 3900/4993/4479
f 3902/4995/4481 3706/4707/4240 3900/4993/4479
f 3900/4993/4479 3706/4707/4240 3704/4705/4238
f 3715/4716/4249 3713/4714/4247 3901/4994/4480
f 3901/4994/4480 3713/4714/4247 3902/4995/4481
f 3899/4996/4478 3903/4997/4482 3901/4998/4480
f 3901/4998/4480 3903/4997/4482 3904/4999/4483
f 3903/4997/4482 3905/5000/4484 3904/4999/4483
f 3904/4999/4483 3905/5000/4484 3906/5001/4485
f 3907/5002/4486 3908/5003/4487 3905/5000/4484
f 3905/5000/4484 3908/5003/4487 3906/5001/4485
f 3908/5003/4487 3720/4723/4254 3906/5001/4485
f 3906/5001/4485 3720/4723/4254 3718/4721/4252
f 3731/4745/4269 3729/5004/4266 3907/5002/4486
f 3907/5002/4486 3729/5004/4266 3908/5003/4487
f 3909/5005/4488 3907/5002/4486 3910/5006/4489
f 3910/5006/4489 3907/5002/4486 3905/5000/4484
f 3911/5007/4490 3909/5005/4488 3912/5008/4491
f 3912/5008/4491 3909/5005/4488 3910/5006/4489
f 3913/5009/4492 3911/5007/4490 3914/5010/4493
f 3914/5010/4493 3911/5007/4490 3912/5008/4491
f 3915/5011/4494 3913/5009/4492 3916/5012/4495
f 3916/5012/4495 3913/5009/4492 3914/5010/4493
f 3917/5013/4496 3915/5011/4494 3918/5014/4497
f 3918/5014/4497 3915/5011/4494 3916/5012/4495
f 3919/5015/4498 3917/5013/4496 3920/5016/4499
f 3920/5016/4499 3917/5013/4496 3918/5014/4497
f 3921/5017/4500 3919/5015/4498 3922/5018/4501
f 3922/5018/4501 3919/5015/4498 3920/5016/4499
f 3923/5019/4502 3921/5017/4500 3924/5020/4503
f 3924/5020/4503 3921/5017/4500 3922/5018/4501
f 3925/5021/4504 3923/5019/4502 3926/5022/4505
f 3926/5022/4505 3923/5019/4502 3924/5020/4503
f 3927/5023/4506 3925/5021/4504 3928/5024/4507
f 3928/5024/4507 3925/5021/4504 3926/5022/4505
f 3929/5025/4508 3927/5023/4506 3930/5026/4509
f 3930/5026/4509 3927/5023/4506 3928/5024/4507
f 3929/5025/4508 3930/5026/4509 3931/5027/4510
f 3931/5027/4510 3930/5026/4509 3932/5028/4511
f 3933/5029/4512 3931/5027/4510 3934/5030/4513
f 3934/5030/4513 3931/5027/4510 3932/5028/4511
f 3933/5029/4512 3934/5030/4513 3936/5031/4514
f 3936/5031/4514 3934/5030/4513 3935/5032/4515
f 3936/5031/4514 3935/5032/4515 3937/5033/4516
f 3937/5033/4516 3935/5032/4515 3938/5034/4517
f 3937/5033/4516 3938/5034/4517 3939/5035/4518
f 3761/4800/4315 3937/5033/4516 3763/4802/4318
f 3763/4802/4318 3937/5033/4516 3939/5035/4518
f 3939/5035/4518 3938/5034/4517 3940/5036/4519
f 3940/5036/4519 3938/5034/4517 3941/5037/4520
f 3940/5036/4519 3941/5037/4520 3943/5038/4521
f 3943/5038/4521 3941/5037/4520 3942/5039/4522
f 3943/5038/4521 3942/5039/4522 3945/5040/4523
f 3945/5040/4523 3942/5039/4522 3944/5041/4524
f 3945/5040/4523 3944/5041/4524 3947/5042/4525
f 3947/5042/4525 3944/5041/4524 3946/5043/4526
f 3947/5042/4525 3946/5043/4526 3949/5044/4527
f 3949/5044/4527 3946/5043/4526 3948/5045/4528
f 3949/5044/4527 3948/5045/4528 3951/5046/4529
f 3951/5046/4529 3948/5045/4528 3950/5047/4530
f 3951/5046/4529 3950/5047/4530 3952/5048/4531
f 3952/5048/4531 3950/5047/4530 3953/5049/4532
f 3952/5048/4531 3953/5049/4532 3954/5050/4533
f 3777/5051/4339 3952/5048/4531 3779/5052/4342
f 3779/5052/4342 3952/5048/4531 3954/5050/4533
f 3954/5050/4533 3953/5049/4532 3955/5053/4534
f 3953/5049/4532 3956/5054/4535 3955/5053/4534
f 3955/5053/4534 3956/5054/4535 3957/5055/4536
f 3956/5054/4535 3958/5056/4537 3957/5055/4536
f 3957/5055/4536 3958/5056/4537 3959/5057/4538
f 3783/5058/4347 3957/5055/4536 3785/5059/4351
f 3785/5059/4351 3957/5055/4536 3959/5057/4538
f 3958/5056/4537 3960/5060/4539 3959/5057/4538
f 3958/5056/4537 3961/5061/4540 3960/5060/4539
f 3961/5061/4540 3962/5062/4541 3960/5060/4539
f 3960/5060/4539 3962/5062/4541 3963/5063/4542
f 3962/5062/4541 3964/5064/4543 3963/5063/4542
f 3962/5062/4541 3965/5065/4544 3964/5064/4543
f 3964/5064/4543 3965/5065/4544 3966/5066/4545
f 3964/5064/4543 3966/5066/4545 3791/4855/4359
f 3791/4855/4359 3966/5066/4545 3793/4856/4362
f 3965/5065/4544 3967/5067/4546 3966/5066/4545
f 3965/5065/4544 3968/5068/4547 3967/5067/4546
f 3968/5068/4547 3969/5069/4548 3967/5067/4546
f 3968/5068/4547 3970/5070/4549 3969/5069/4548
f 3970/5070/4549 3971/5071/4550 3969/5069/4548
f 3969/5069/4548 3971/5071/4550 3797/4865/4368
f 3797/4865/4368 3971/5071/4550 3799/4869/4371
f 3970/5070/4549 3972/5072/4551 3971/5071/4550
f 3970/5070/4549 3973/5073/4552 3972/5072/4551
f 3973/5073/4552 3974/5074/4553 3972/5072/4551
f 3972/5072/4551 3974/5074/4553 3975/5075/4554
f 3974/5074/4553 3976/5076/4555 3975/5075/4554
f 3975/5075/4554 3976/5076/4555 3977/5077/4556
f 3976/5076/4555 3978/5078/4557 3977/5077/4556
f 3977/5077/4556 3978/5078/4557 3979/5079/4558
f 3978/5078/4557 3815/4900/4394 3979/5079/4558
f 3979/5079/4558 3815/4900/4394 3813/4897/4392
f 3979/5079/4558 3813/4897/4392 3807/5080/4383
f 3807/5080/4383 3813/4897/4392 3809/4896/4386
f 3976/5076/4555 3980/5081/4559 3978/5078/4557
f 3978/5078/4557 3980/5081/4559 3981/5082/4560
f 3980/5081/4559 3825/5083/4404 3981/5082/4560
f 3981/5082/4560 3825/5083/4404 3823/5084/4402
f 3981/5082/4560 3818/4903/4397 3978/5078/4557
f 3978/5078/4557 3818/4903/4397 3815/4900/4394
f 3979/5079/4558 3807/5080/4383 3977/5077/4556
f 3977/5077/4556 3807/5080/4383 3805/5085/4380
f 3974/5074/4553 3982/5086/4561 3976/5076/4555
f 3976/5076/4555 3982/5086/4561 3980/5081/4559
f 3827/5087/4406 3825/5083/4404 3982/5086/4561
f 3982/5086/4561 3825/5083/4404 3980/5081/4559
f 3975/5075/4554 3977/5077/4556 3803/4879/4377
f 3803/4879/4377 3977/5077/4556 3805/5085/4380
f 3973/5073/4552 3983/5088/4562 3974/5074/4553
f 3974/5074/4553 3983/5088/4562 3982/5086/4561
f 3829/5089/4408 3827/5087/4406 3983/5088/4562
f 3983/5088/4562 3827/5087/4406 3982/5086/4561
f 3972/5072/4551 3975/5075/4554 3801/4875/4374
f 3801/4875/4374 3975/5075/4554 3803/4879/4377
f 3970/5070/4549 3983/5088/4562 3973/5073/4552
f 3984/5090/4563 3983/5088/4562 3970/5070/4549
f 3984/5090/4563 3831/5091/4410 3983/5088/4562
f 3983/5088/4562 3831/5091/4410 3829/5089/4408
f 3985/5092/4564 3984/5090/4563 3970/5070/4549
f 3985/5092/4564 3833/5093/4413 3984/5090/4563
f 3984/5090/4563 3833/5093/4413 3831/5091/4410
f 3971/5071/4550 3972/5072/4551 3799/4869/4371
f 3799/4869/4371 3972/5072/4551 3801/4875/4374
f 3968/5068/4547 3985/5092/4564 3970/5070/4549
f 3986/5094/4565 3985/5092/4564 3968/5068/4547
f 3986/5094/4565 3835/5095/4415 3985/5092/4564
f 3985/5092/4564 3835/5095/4415 3833/5093/4413
f 3967/5067/4546 3969/5069/4548 3795/4861/4365
f 3795/4861/4365 3969/5069/4548 3797/4865/4368
f 3965/5065/4544 3986/5094/4565 3968/5068/4547
f 3965/5065/4544 3987/5096/4566 3986/5094/4565
f 3987/5096/4566 3837/5097/4416 3986/5094/4565
f 3986/5094/4565 3837/5097/4416 3835/5095/4415
f 3988/5098/4567 3987/5096/4566 3965/5065/4544
f 3988/5098/4567 3839/5099/4418 3987/5096/4566
f 3987/5096/4566 3839/5099/4418 3837/5097/4416
f 3966/5066/4545 3967/5067/4546 3793/4856/4362
f 3793/4856/4362 3967/5067/4546 3795/4861/4365
f 3962/5062/4541 3988/5098/4567 3965/5065/4544
f 3989/5100/4568 3988/5098/4567 3962/5062/4541
f 3989/5100/4568 3841/5101/4420 3988/5098/4567
f 3988/5098/4567 3841/5101/4420 3839/5099/4418
f 3963/5063/4542 3964/5064/4543 3789/5102/4357
f 3789/5102/4357 3964/5064/4543 3791/4855/4359
f 3961/5061/4540 3990/5103/4569 3962/5062/4541
f 3962/5062/4541 3990/5103/4569 3989/5100/4568
f 3990/5103/4569 3843/5104/4422 3989/5100/4568
f 3989/5100/4568 3843/5104/4422 3841/5101/4420
f 3960/5060/4539 3963/5063/4542 3787/5105/4354
f 3787/5105/4354 3963/5063/4542 3789/5102/4357
f 3958/5056/4537 3990/5103/4569 3961/5061/4540
f 3958/5056/4537 3991/5106/4570 3990/5103/4569
f 3845/5107/4424 3843/5104/4422 3991/5106/4570
f 3991/5106/4570 3843/5104/4422 3990/5103/4569
f 3992/5108/4571 3991/5106/4570 3958/5056/4537
f 3992/5108/4571 3847/5109/4426 3991/5106/4570
f 3991/5106/4570 3847/5109/4426 3845/5107/4424
f 3785/5059/4351 3959/5057/4538 3787/5105/4354
f 3787/5105/4354 3959/5057/4538 3960/5060/4539
f 3956/5054/4535 3992/5108/4571 3958/5056/4537
f 3956/5054/4535 3993/5110/4572 3992/5108/4571
f 3993/5110/4572 3849/5111/4428 3992/5108/4571
f 3992/5108/4571 3849/5111/4428 3847/5109/4426
f 3781/5112/4345 3955/5053/4534 3783/5058/4347
f 3783/5058/4347 3955/5053/4534 3957/5055/4536
f 3953/5049/4532 3993/5110/4572 3956/5054/4535
f 3953/5049/4532 3994/5113/4573 3993/5110/4572
f 3994/5113/4573 3851/5114/4431 3993/5110/4572
f 3993/5110/4572 3851/5114/4431 3849/5111/4428
f 3995/5115/4574 3994/5113/4573 3953/5049/4532
f 3995/5115/4574 3853/5116/4432 3994/5113/4573
f 3994/5113/4573 3853/5116/4432 3851/5114/4431
f 3779/5052/4342 3954/5050/4533 3781/5112/4345
f 3781/5112/4345 3954/5050/4533 3955/5053/4534
f 3950/5047/4530 3995/5115/4574 3953/5049/4532
f 3950/5047/4530 3996/5117/4575 3995/5115/4574
f 3996/5117/4575 3855/5118/4434 3995/5115/4574
f 3995/5115/4574 3855/5118/4434 3853/5116/4432
f 3775/5119/4335 3951/5046/4529 3777/5051/4339
f 3777/5051/4339 3951/5046/4529 3952/5048/4531
f 3997/5120/4576 3996/5117/4575 3948/5045/4528
f 3948/5045/4528 3996/5117/4575 3950/5047/4530
f 3997/5120/4576 3857/5121/4436 3996/5117/4575
f 3996/5117/4575 3857/5121/4436 3855/5118/4434
f 3773/4823/4332 3949/5044/4527 3775/5119/4335
f 3775/5119/4335 3949/5044/4527 3951/5046/4529
f 3998/5122/4577 3997/5120/4576 3946/5043/4526
f 3946/5043/4526 3997/5120/4576 3948/5045/4528
f 3998/5122/4577 3859/5123/4438 3997/5120/4576
f 3997/5120/4576 3859/5123/4438 3857/5121/4436
f 3771/4820/4330 3947/5042/4525 3773/4823/4332
f 3773/4823/4332 3947/5042/4525 3949/5044/4527
f 3999/5124/4578 3998/5122/4577 3944/5041/4524
f 3944/5041/4524 3998/5122/4577 3946/5043/4526
f 3999/5124/4578 3861/5125/4440 3998/5122/4577
f 3998/5122/4577 3861/5125/4440 3859/5123/4438
f 3945/5040/4523 3947/5042/4525 3769/4814/4327
f 3769/4814/4327 3947/5042/4525 3771/4820/4330
f 3942/5039/4522 4000/5126/4579 3944/5041/4524
f 3944/5041/4524 4000/5126/4579 3999/5124/4578
f 4000/5126/4579 3863/5127/4442 3999/5124/4578
f 3999/5124/4578 3863/5127/4442 3861/5125/4440
f 3943/5038/4521 3945/5040/4523 3767/4810/4324
f 3767/4810/4324 3945/5040/4523 3769/4814/4327
f 3941/5037/4520 4001/5128/4580 3942/5039/4522
f 3942/5039/4522 4001/5128/4580 4000/5126/4579
f 4001/5128/4580 3865/5129/4444 4000/5126/4579
f 4000/5126/4579 3865/5129/4444 3863/5127/4442
f 3765/4806/4321 3940/5036/4519 3767/4810/4324
f 3767/4810/4324 3940/5036/4519 3943/5038/4521
f 3938/5034/4517 4001/5128/4580 3941/5037/4520
f 3938/5034/4517 4002/5130/4581 4001/5128/4580
f 3867/5131/4446 3865/5129/4444 4002/5130/4581
f 4002/5130/4581 3865/5129/4444 4001/5128/4580
f 3938/5034/4517 4003/5132/4582 4002/5130/4581
f 4003/5132/4582 3869/5133/4448 4002/5130/4581
f 4002/5130/4581 3869/5133/4448 3867/5131/4446
f 3763/4802/4318 3939/5035/4518 3765/4806/4321
f 3765/4806/4321 3939/5035/4518 3940/5036/4519
f 3935/5032/4515 4003/5132/4582 3938/5034/4517
f 3935/5032/4515 4004/5134/4583 4003/5132/4582
f 4004/5134/4583 3871/5135/4451 4003/5132/4582
f 4003/5132/4582 3871/5135/4451 3869/5133/4448
f 3759/5136/4312 3936/5031/4514 3761/4800/4315
f 3761/4800/4315 3936/5031/4514 3937/5033/4516
f 3934/5030/4513 4005/5137/4584 3935/5032/4515
f 3935/5032/4515 4005/5137/4584 4004/5134/4583
f 4005/5137/4584 3873/5138/4452 4004/5134/4583
f 4004/5134/4583 3873/5138/4452 3871/5135/4451
f 3757/5139/4309 3933/5029/4512 3759/5136/4312
f 3759/5136/4312 3933/5029/4512 3936/5031/4514
f 3934/5030/4513 3932/5028/4511 4005/5137/4584
f 4005/5137/4584 3932/5028/4511 4006/5140/4585
f 4006/5140/4585 3875/5141/4454 4005/5137/4584
f 4005/5137/4584 3875/5141/4454 3873/5138/4452
f 3755/5142/4305 3931/5027/4510 3757/5139/4309
f 3757/5139/4309 3931/5027/4510 3933/5029/4512
f 3932/5028/4511 3930/5026/4509 4006/5140/4585
f 4006/5140/4585 3930/5026/4509 4007/5143/4586
f 4007/5143/4586 3877/5144/4456 4006/5140/4585
f 4006/5140/4585 3877/5144/4456 3875/5141/4454
f 3755/5142/4305 3753/5145/4302 3931/5027/4510
f 3931/5027/4510 3753/5145/4302 3929/5025/4508
f 3930/5026/4509 3928/5024/4507 4007/5143/4586
f 4007/5143/4586 3928/5024/4507 4008/5146/4587
f 4007/5143/4586 4008/5146/4587 3877/5144/4456
f 3877/5144/4456 4008/5146/4587 3879/5147/4458
f 3929/5025/4508 3753/5145/4302 3927/5023/4506
f 3927/5023/4506 3753/5145/4302 3751/5148/4300
f 3928/5024/4507 3926/5022/4505 4008/5146/4587
f 4008/5146/4587 3926/5022/4505 4009/5149/4588
f 4009/5149/4588 3881/5150/4460 4008/5146/4587
f 4008/5146/4587 3881/5150/4460 3879/5147/4458
f 3927/5023/4506 3751/5148/4300 3925/5021/4504
f 3925/5021/4504 3751/5148/4300 3749/5151/4297
f 3926/5022/4505 3924/5020/4503 4009/5149/4588
f 4009/5149/4588 3924/5020/4503 4010/5152/4589
f 4009/5149/4588 4010/5152/4589 3881/5150/4460
f 3881/5150/4460 4010/5152/4589 3883/5153/4463
f 3925/5021/4504 3749/5151/4297 3923/5019/4502
f 3923/5019/4502 3749/5151/4297 3747/5154/4293
f 3924/5020/4503 3922/5018/4501 4010/5152/4589
f 4010/5152/4589 3922/5018/4501 4011/5155/4590
f 4010/5152/4589 4011/5155/4590 3883/5153/4463
f 3883/5153/4463 4011/5155/4590 3885/5156/4464
f 3923/5019/4502 3747/5154/4293 3921/5017/4500
f 3921/5017/4500 3747/5154/4293 3745/5157/4290
f 3920/5016/4499 4012/5158/4591 3922/5018/4501
f 3922/5018/4501 4012/5158/4591 4011/5155/4590
f 4011/5155/4590 4012/5158/4591 3885/5156/4464
f 3885/5156/4464 4012/5158/4591 3887/5159/4466
f 3921/5017/4500 3745/5157/4290 3919/5015/4498
f 3919/5015/4498 3745/5157/4290 3743/4767/4287
f 3918/5014/4497 4013/5160/4592 3920/5016/4499
f 3920/5016/4499 4013/5160/4592 4012/5158/4591
f 4012/5158/4591 4013/5160/4592 3887/5159/4466
f 3887/5159/4466 4013/5160/4592 3889/5161/4468
f 3919/5015/4498 3743/4767/4287 3917/5013/4496
f 3917/5013/4496 3743/4767/4287 3741/4763/4284
f 3916/5012/4495 4014/5162/4593 3918/5014/4497
f 3918/5014/4497 4014/5162/4593 4013/5160/4592
f 4013/5160/4592 4014/5162/4593 3889/5161/4468
f 3889/5161/4468 4014/5162/4593 3891/5163/4470
f 3917/5013/4496 3741/4763/4284 3915/5011/4494
f 3915/5011/4494 3741/4763/4284 3739/4757/4281
f 3916/5012/4495 3914/5010/4493 4014/5162/4593
f 4014/5162/4593 3914/5010/4493 4015/5164/4594
f 4014/5162/4593 4015/5164/4594 3891/5163/4470
f 3891/5163/4470 4015/5164/4594 3893/5165/4473
f 3915/5011/4494 3739/4757/4281 3913/5009/4492
f 3913/5009/4492 3739/4757/4281 3737/4753/4278
f 3914/5010/4493 3912/5008/4491 4015/5164/4594
f 4015/5164/4594 3912/5008/4491 4016/5166/4595
f 4015/5164/4594 4016/5166/4595 3893/5165/4473
f 3893/5165/4473 4016/5166/4595 3895/5167/4474
f 3737/4753/4278 3735/4749/4275 3913/5009/4492
f 3913/5009/4492 3735/4749/4275 3911/5007/4490
f 3912/5008/4491 3910/5006/4489 4016/5166/4595
f 4016/5166/4595 3910/5006/4489 4017/5168/4596
f 4016/5166/4595 4017/5168/4596 3895/5167/4474
f 3895/5167/4474 4017/5168/4596 3897/5169/4476
f 3911/5007/4490 3735/4749/4275 3909/5005/4488
f 3909/5005/4488 3735/4749/4275 3733/4743/4272
f 3910/5006/4489 3905/5000/4484 4017/5168/4596
f 4017/5168/4596 3905/5000/4484 3903/4997/4482
f 3909/5005/4488 3733/4743/4272 3907/5002/4486
f 3907/5002/4486 3733/4743/4272 3731/4745/4269
f 4017/5168/4596 3903/4997/4482 3897/5169/4476
f 3897/5169/4476 3903/4997/4482 3899/4996/4478
f 3906/5001/4485 3718/4721/4252 3904/4999/4483
f 3904/4999/4483 3718/4721/4252 3716/4718/4250
f 3716/4718/4250 3715/4717/4249 3904/4999/4483
f 3904/4999/4483 3715/4717/4249 3901/4998/4480
f 3823/5084/4402 3820/4905/4399 3981/5082/4560
f 3981/5082/4560 3820/4905/4399 3818/4903/4397
f 3619/4613/4154 3617/4614/4152 3821/4906/4400
f 3821/4906/4400 3617/4614/4152 3819/4907/4398
f 3819/4904/4398 3617/4610/4152 3817/4902/4396
f 3817/4902/4396 3617/4610/4152 3615/4608/4150
f 3817/4902/4396 3615/4608/4150 3816/4901/4395
f 3816/4901/4395 3615/4608/4150 3612/4605/4147
f 3814/4899/4393 3610/4601/4145 3811/4898/4389
f 3811/4898/4389 3610/4601/4145 3608/4603/4143
f 3729/5004/4266 3727/5170/4263 3908/5003/4487
f 3908/5003/4487 3727/5170/4263 3720/4723/4254
f 3727/5170/4263 3723/4726/4257 3720/4723/4254
f 3720/4723/4254 3723/4726/4257 3721/4724/4255
f 3724/4730/4258 3726/4731/4260 4019/5171/4597
f 4019/5171/4597 3726/4731/4260 4018/5172/4598
f 4019/5171/4597 4018/5172/4598 4021/5173/4599
f 4021/5173/4599 4018/5172/4598 4020/5174/4600
f 3519/4564/4110 4019/5175/4597 3520/4565/4111
f 3520/4565/4111 4019/5175/4597 4021/5176/4599
f 3722/4725/4256 3724/4727/4258 3519/4564/4110
f 3519/4564/4110 3724/4727/4258 4019/5175/4597
f 4021/5173/4599 4020/5174/4600 4023/5177/4601
f 4023/5177/4601 4020/5174/4600 4022/5178/4602
f 3520/4565/4111 4021/5176/4599 3522/4567/4113
f 3522/4567/4113 4021/5176/4599 4023/5179/4601
f 4023/5177/4601 4022/5178/4602 4025/5180/4603
f 4025/5180/4603 4022/5178/4602 4024/5181/4604
f 3522/4567/4113 4023/5179/4601 3523/4569/4115
f 3523/4569/4115 4023/5179/4601 4025/5182/4603
f 4025/5180/4603 4024/5181/4604 4027/5183/4605
f 4027/5183/4605 4024/5181/4604 4026/5184/4606
f 3523/4569/4115 4025/5182/4603 3525/4571/4117
f 3525/4571/4117 4025/5182/4603 4027/5185/4605
f 4026/5186/4606 4028/5187/4607 4027/5185/4605
f 4027/5185/4605 4028/5187/4607 4029/5188/4608
f 3525/4571/4117 4027/5185/4605 3527/4573/4119
f 3527/4573/4119 4027/5185/4605 4029/5188/4608
f 4029/5188/4608 4028/5187/4607 4031/5189/4609
f 4031/5189/4609 4028/5187/4607 4030/5190/4610
f 3527/4573/4119 4029/5188/4608 3529/4575/4121
f 3529/4575/4121 4029/5188/4608 4031/5189/4609
f 4031/5189/4609 4030/5190/4610 4033/5191/4611
f 4033/5191/4611 4030/5190/4610 4032/5192/4612
f 3529/4575/4121 4031/5189/4609 3531/4577/4123
f 3531/4577/4123 4031/5189/4609 4033/5191/4611
f 4033/5191/4611 4032/5192/4612 4035/5193/4613
f 4035/5193/4613 4032/5192/4612 4034/5194/4614
f 3531/4577/4123 4033/5191/4611 3533/4579/4125
f 3533/4579/4125 4033/5191/4611 4035/5193/4613
f 4035/5193/4613 4034/5194/4614 4037/5195/4615
f 4037/5195/4615 4034/5194/4614 4036/5196/4616
f 3533/4579/4125 4035/5193/4613 3535/4581/4127
f 3535/4581/4127 4035/5193/4613 4037/5195/4615
f 4037/5195/4615 4036/5196/4616 4039/5197/4617
f 4039/5197/4617 4036/5196/4616 4038/5198/4618
f 3535/4581/4127 4037/5195/4615 3537/4583/4129
f 3537/4583/4129 4037/5195/4615 4039/5197/4617
f 4039/5199/4617 4038/5200/4618 3542/4589/4133
f 3542/4589/4133 4038/5200/4618 3544/4590/4135
f 4036/5201/4616 3549/5202/4619 4038/5200/4618
f 4038/5200/4618 3549/5202/4619 3548/5203/4620
f 3550/5204/4621 3549/5202/4619 4034/5205/4614
f 4034/5205/4614 3549/5202/4619 4036/5201/4616
f 3551/5206/4622 3550/5204/4621 4032/5207/4612
f 4032/5207/4612 3550/5204/4621 4034/5205/4614
f 4030/5208/4610 3552/5209/4623 4032/5210/4612
f 4032/5210/4612 3552/5209/4623 3551/5211/4622
f 4028/5212/4607 3553/5213/4624 4030/5208/4610
f 4030/5208/4610 3553/5213/4624 3552/5209/4623
f 4026/5184/4606 3554/5214/4625 4028/5212/4607
f 4028/5212/4607 3554/5214/4625 3553/5213/4624
f 4024/5181/4604 3555/5215/4626 4026/5184/4606
f 4026/5184/4606 3555/5215/4626 3554/5214/4625
f 4022/5178/4602 3556/5216/4627 4024/5181/4604
f 4024/5181/4604 3556/5216/4627 3555/5215/4626
f 4020/5174/4600 3557/5217/4628 4022/5178/4602
f 4022/5178/4602 3557/5217/4628 3556/5216/4627
f 4018/5172/4598 3558/5218/4629 4020/5174/4600
f 4020/5174/4600 3558/5218/4629 3557/5217/4628
f 3726/4731/4260 3559/4733/4262 4018/5172/4598
f 4018/5172/4598 3559/4733/4262 3558/5218/4629
f 3717/4720/4251 3719/4722/4253 3515/4559/4106
f 3515/4559/4106 3719/4722/4253 3518/4563/4109
f 3714/4719/4248 3717/4720/4251 3514/4558/4105
f 3514/4558/4105 3717/4720/4251 3515/4559/4106
f 3708/4709/4242 3706/4707/4240 3713/4714/4247
f 3713/4714/4247 3706/4707/4240 3902/4995/4481
f 3514/4557/4105 3512/4555/4103 3714/4715/4248
f 3714/4715/4248 3512/4555/4103 3712/4713/4246
f 3512/4555/4103 3510/4552/4100 3712/4713/4246
f 3712/4713/4246 3510/4552/4100 3710/4711/4244
f 3619/4613/4154 3821/4906/4400 3621/4616/4156
f 3621/4616/4156 3821/4906/4400 3624/4620/4160
f 4040/5219/4630 4041/5220/4631 3622/4617/4157
f 3622/4617/4157 4041/5220/4631 3620/4615/4155
f 4042/5221/4632 4043/5222/4633 4040/5219/4630
f 4040/5219/4630 4043/5222/4633 4041/5220/4631
f 4043/5222/4633 4044/5223/4634 4041/5220/4631
f 4041/5220/4631 4044/5223/4634 4045/5224/4635
f 4044/5223/4634 4046/5225/4636 4045/5224/4635
f 4045/5224/4635 4046/5225/4636 4047/5226/4637
f 4048/5227/4638 4049/5228/4639 4046/5229/4636
f 4046/5229/4636 4049/5228/4639 4047/5230/4637
f 4048/5227/4638 3539/4584/4130 4049/5228/4639
f 4050/5231/4640 3539/4584/4130 4048/5227/4638
f 4050/5231/4640 4048/5227/4638 4051/5232/4641
f 4051/5232/4641 4048/5227/4638 4046/5229/4636
f 4052/5233/4642 4053/5234/4643 4051/5232/4641
f 4051/5232/4641 4053/5234/4643 4050/5231/4640
f 4053/5234/4643 3536/4580/4126 4050/5231/4640
f 4050/5231/4640 3536/4580/4126 3538/4582/4128
f 4055/5235/4644 4053/5234/4643 4054/5236/4645
f 4054/5236/4645 4053/5234/4643 4052/5233/4642
f 4055/5235/4644 3534/4578/4124 4053/5234/4643
f 4053/5234/4643 3534/4578/4124 3536/4580/4126
f 4056/5237/4646 4057/5238/4647 4054/5236/4645
f 4054/5236/4645 4057/5238/4647 4055/5235/4644
f 4057/5238/4647 3532/4576/4122 4055/5235/4644
f 4055/5235/4644 3532/4576/4122 3534/4578/4124
f 4058/5239/4648 4059/5240/4649 4056/5237/4646
f 4056/5237/4646 4059/5240/4649 4057/5238/4647
f 4059/5240/4649 3530/4574/4120 4057/5238/4647
f 4057/5238/4647 3530/4574/4120 3532/4576/4122
f 4060/5241/4650 4061/5242/4651 4058/5239/4648
f 4058/5239/4648 4061/5242/4651 4059/5240/4649
f 3528/4572/4118 3530/4574/4120 4061/5242/4651
f 4061/5242/4651 3530/4574/4120 4059/5240/4649
f 4062/5243/4652 4063/5244/4653 4060/5241/4650
f 4060/5241/4650 4063/5244/4653 4061/5242/4651
f 3526/4570/4116 3528/4572/4118 4063/5244/4653
f 4063/5244/4653 3528/4572/4118 4061/5242/4651
f 4064/5245/4654 4065/5246/4655 4062/5243/4652
f 4062/5243/4652 4065/5246/4655 4063/5244/4653
f 3524/4568/4114 3526/4570/4116 4065/5246/4655
f 4065/5246/4655 3526/4570/4116 4063/5244/4653
f 4066/5247/4656 4067/5248/4657 4064/5245/4654
f 4064/5245/4654 4067/5248/4657 4065/5246/4655
f 4067/5248/4657 3521/4566/4112 4065/5246/4655
f 4065/5246/4655 3521/4566/4112 3524/4568/4114
f 4068/5249/4658 4069/5250/4659 4066/5247/4656
f 4066/5247/4656 4069/5250/4659 4067/5248/4657
f 4069/5250/4659 3521/4566/4112 4067/5248/4657
f 3513/4560/4104 3516/4561/4107 4068/5249/4658
f 4068/5249/4658 3516/4561/4107 4069/5250/4659
f 4066/5251/4656 4070/5252/4660 4068/5253/4658
f 4068/5253/4658 4070/5252/4660 4071/5254/4661
f 4070/5252/4660 4072/5255/4662 4071/5254/4661
f 4071/5254/4661 4072/5255/4662 4073/5256/4663
f 4072/5255/4662 4074/5257/4664 4073/5256/4663
f 4073/5256/4663 4074/5257/4664 4075/5258/4665
f 4076/5259/4666 4077/5260/4667 4072/5255/4662
f 4072/5255/4662 4077/5260/4667 4074/5257/4664
f 4078/5261/4668 4079/5262/4669 4076/5259/4666
f 4076/5259/4666 4079/5262/4669 4077/5260/4667
f 4080/5263/4670 4081/5264/4671 4078/5261/4668
f 4078/5261/4668 4081/5264/4671 4079/5262/4669
f 4080/5263/4670 4082/5265/4672 4081/5264/4671
f 4081/5264/4671 4082/5265/4672 4083/5266/4673
f 4082/5265/4672 4084/5267/4674 4083/5266/4673
f 4083/5266/4673 4084/5267/4674 4085/5268/4675
f 4084/5269/4674 4086/5270/4676 4085/5271/4675
f 4085/5271/4675 4086/5270/4676 4087/5272/4677
f 4086/5270/4676 4088/5273/4678 4087/5272/4677
f 4087/5272/4677 4088/5273/4678 4089/5274/4679
f 4088/5273/4678 4090/5275/4680 4089/5274/4679
f 4089/5274/4679 4090/5275/4680 4091/5276/4681
f 4090/5275/4680 4043/5222/4633 4091/5276/4681
f 4091/5276/4681 4043/5222/4633 4042/5221/4632
f 4088/5273/4678 4092/5277/4682 4090/5275/4680
f 4090/5275/4680 4092/5277/4682 4093/5278/4683
f 4092/5277/4682 4052/5279/4642 4093/5278/4683
f 4093/5278/4683 4052/5279/4642 4051/5280/4641
f 4051/5280/4641 4046/5225/4636 4093/5278/4683
f 4093/5278/4683 4046/5225/4636 4044/5223/4634
f 4044/5223/4634 4043/5222/4633 4093/5278/4683
f 4093/5278/4683 4043/5222/4633 4090/5275/4680
f 4086/5270/4676 4094/5281/4684 4088/5273/4678
f 4088/5273/4678 4094/5281/4684 4092/5277/4682
f 4094/5281/4684 4054/5282/4645 4092/5277/4682
f 4092/5277/4682 4054/5282/4645 4052/5279/4642
f 4084/5269/4674 4095/5283/4685 4086/5270/4676
f 4086/5270/4676 4095/5283/4685 4094/5281/4684
f 4095/5283/4685 4056/5284/4646 4094/5281/4684
f 4094/5281/4684 4056/5284/4646 4054/5282/4645
f 4082/5265/4672 4096/5285/4686 4084/5267/4674
f 4084/5267/4674 4096/5285/4686 4095/5286/4685
f 4096/5285/4686 4058/5287/4648 4095/5286/4685
f 4095/5286/4685 4058/5287/4648 4056/5288/4646
f 4080/5263/4670 4097/5289/4687 4082/5265/4672
f 4082/5265/4672 4097/5289/4687 4096/5285/4686
f 4097/5289/4687 4060/5290/4650 4096/5285/4686
f 4096/5285/4686 4060/5290/4650 4058/5287/4648
f 4078/5261/4668 4098/5291/4688 4080/5263/4670
f 4080/5263/4670 4098/5291/4688 4097/5289/4687
f 4098/5291/4688 4062/5292/4652 4097/5289/4687
f 4097/5289/4687 4062/5292/4652 4060/5290/4650
f 4098/5291/4688 4078/5261/4668 4099/5293/4689
f 4099/5293/4689 4078/5261/4668 4076/5259/4666
f 4099/5293/4689 4064/5294/4654 4098/5291/4688
f 4098/5291/4688 4064/5294/4654 4062/5292/4652
f 4099/5293/4689 4076/5259/4666 4070/5252/4660
f 4070/5252/4660 4076/5259/4666 4072/5255/4662
f 4073/5256/4663 4075/5258/4665 3507/4550/4098
f 3507/4550/4098 4075/5258/4665 3508/4551/4099
f 4064/5294/4654 4099/5293/4689 4066/5251/4656
f 4066/5251/4656 4099/5293/4689 4070/5252/4660
f 4071/5254/4661 4073/5256/4663 3511/4554/4102
f 3511/4554/4102 4073/5256/4663 3507/4550/4098
f 4068/5253/4658 4071/5254/4661 3513/4556/4104
f 3513/4556/4104 4071/5254/4661 3511/4554/4102
f 4049/5228/4639 3539/4584/4130 3613/4606/4148
f 4047/5230/4637 4049/5228/4639 3616/4609/4151
f 3616/4609/4151 4049/5228/4639 3614/4607/4149
f 4047/5226/4637 3616/4612/4151 4045/5224/4635
f 4045/5224/4635 3616/4612/4151 3618/4611/4153
f 4045/5224/4635 3618/4611/4153 4041/5220/4631
f 4041/5220/4631 3618/4611/4153 3620/4615/4155
f 3614/4607/4149 4049/5228/4639 3613/4606/4148
f 3611/4602/4146 3541/4586/4132 3609/4604/4144
f 3609/4604/4144 3541/4586/4132 3543/4588/4134
f 3607/4597/4141 3604/4598/4142 3812/4894/4390
f 3812/4894/4390 3604/4598/4142 3603/4895/4391
f 3609/4600/4144 3543/4591/4134 3606/4595/4139
f 3606/4595/4139 3543/4591/4134 3545/4592/4136
f 3545/4592/4136 3547/4594/4138 3606/4595/4139
f 3606/4595/4139 3547/4594/4138 3605/4596/4140
f 3548/5203/4620 3546/4593/4137 4038/5200/4618
f 4038/5200/4618 3546/4593/4137 3544/4590/4135
f 3537/4583/4129 4039/5197/4617 3540/4585/4131
f 3540/4585/4131 4039/5197/4617 3542/4587/4133
f 3613/4606/4148 3539/4584/4130 3541/4586/4132
f 4050/5231/4640 3538/4582/4128 3539/4584/4130
f 3517/4562/4108 3521/4566/4112 4069/5250/4659
f 3518/4563/4109 3722/4725/4256 3519/4564/4110
f 3516/4561/4107 3517/4562/4108 4069/5250/4659
f 4101/5295/4690 4102/5296/4691 4103/5297/4692
f 4103/5297/4692 4102/5296/4691 4104/5298/4693
f 4102/5296/4691 4101/5295/4690 4106/5299/4694
f 4106/5299/4694 4101/5295/4690 4105/5300/4695
f 4103/5301/4692 4104/5302/4693 4219/5303/4696
f 4219/5303/4696 4104/5302/4693 4220/5304/4697
f 4106/5299/4694 4105/5300/4695 4108/5305/4698
f 4108/5305/4698 4105/5300/4695 4107/5306/4699
f 4108/5305/4698 4107/5306/4699 4110/5307/4700
f 4110/5307/4700 4107/5306/4699 4109/5308/4701
f 4110/5307/4700 4109/5308/4701 4112/5309/4702
f 4112/5309/4702 4109/5308/4701 4111/5310/4703
f 4112/5309/4702 4111/5310/4703 4114/5311/4704
f 4114/5311/4704 4111/5310/4703 4113/5312/4705
f 4114/5311/4704 4113/5312/4705 4116/5313/4706
f 4116/5313/4706 4113/5312/4705 4115/5314/4707
f 4116/5313/4706 4115/5314/4707 4118/5315/4708
f 4118/5315/4708 4115/5314/4707 4117/5316/4709
f 4118/5315/4708 4117/5316/4709 4120/5317/4710
f 4120/5317/4710 4117/5316/4709 4119/5318/4711
f 4120/5317/4710 4119/5318/4711 4122/5319/4712
f 4122/5319/4712 4119/5318/4711 4121/5320/4713
f 4122/5321/4712 4121/5322/4713 4124/5323/4714
f 4124/5323/4714 4121/5322/4713 4123/5324/4715
f 4124/5323/4714 4123/5324/4715 4126/5325/4716
f 4126/5325/4716 4123/5324/4715 4125/5326/4717
f 4126/5325/4716 4125/5326/4717 4128/5327/4718
f 4128/5327/4718 4125/5326/4717 4127/5328/4719
f 4128/5327/4718 4127/5328/4719 4130/5329/4720
f 4130/5329/4720 4127/5328/4719 4129/5330/4721
f 4130/5329/4720 4129/5330/4721 4132/5331/4722
f 4132/5331/4722 4129/5330/4721 4131/5332/4723
f 4132/5333/4722 4131/5334/4723 4134/5335/4724
f 4134/5335/4724 4131/5334/4723 4133/5336/4725
f 4134/5335/4724 4133/5336/4725 4136/5337/4726
f 4136/5337/4726 4133/5336/4725 4135/5338/4727
f 4136/5337/4726 4135/5338/4727 4138/5339/4728
f 4138/5339/4728 4135/5338/4727 4137/5340/4729
f 4138/5339/4728 4137/5340/4729 4140/5341/4730
f 4140/5341/4730 4137/5340/4729 4139/5342/4731
f 4140/5341/4730 4139/5342/4731 4142/5343/4732
f 4142/5343/4732 4139/5342/4731 4141/5344/4733
f 4142/5343/4732 4141/5344/4733 4144/5345/4734
f 4144/5345/4734 4141/5344/4733 4143/5346/4735
f 4144/5345/4734 4143/5346/4735 4146/5347/4736
f 4146/5347/4736 4143/5346/4735 4145/5348/4737
f 4146/5347/4736 4145/5348/4737 4148/5349/4738
f 4148/5349/4738 4145/5348/4737 4147/5350/4739
f 4148/5349/4738 4147/5350/4739 4150/5351/4740
f 4150/5351/4740 4147/5350/4739 4149/5352/4741
f 4150/5351/4740 4149/5352/4741 4152/5353/4742
f 4152/5353/4742 4149/5352/4741 4151/5354/4743
f 4152/5355/4742 4151/5356/4743 4154/5357/4744
f 4154/5357/4744 4151/5356/4743 4153/5358/4745
f 4154/5357/4744 4153/5358/4745 4156/5359/4746
f 4156/5359/4746 4153/5358/4745 4155/5360/4747
f 4156/5359/4746 4155/5360/4747 4158/5361/4748
f 4158/5361/4748 4155/5360/4747 4157/5362/4749
f 4158/5361/4748 4157/5362/4749 4160/5363/4750
f 4160/5363/4750 4157/5362/4749 4159/5364/4751
f 4160/5363/4750 4159/5364/4751 4162/5365/4752
f 4162/5365/4752 4159/5364/4751 4161/5366/4753
f 4162/5367/4752 4161/5368/4753 4164/5369/4754
f 4164/5369/4754 4161/5368/4753 4163/5370/4755
f 4164/5369/4754 4163/5370/4755 4166/5371/4756
f 4166/5371/4756 4163/5370/4755 4165/5372/4757
f 4166/5371/4756 4165/5372/4757 4168/5373/4758
f 4168/5373/4758 4165/5372/4757 4167/5374/4759
f 4168/5373/4758 4167/5374/4759 4170/5375/4760
f 4170/5375/4760 4167/5374/4759 4169/5376/4761
f 4170/5375/4760 4169/5376/4761 4172/5377/4762
f 4172/5377/4762 4169/5376/4761 4171/5378/4763
f 4172/5377/4762 4171/5378/4763 4174/5379/4764
f 4174/5379/4764 4171/5378/4763 4173/5380/4765
f 4174/5379/4764 4173/5380/4765 4176/5381/4766
f 4176/5381/4766 4173/5380/4765 4175/5382/4767
f 4176/5381/4766 4175/5382/4767 4178/5383/4768
f 4178/5383/4768 4175/5382/4767 4177/5384/4769
f 4178/5383/4768 4177/5384/4769 4180/5385/4770
f 4180/5385/4770 4177/5384/4769 4179/5386/4771
f 4180/5385/4770 4179/5386/4771 4182/5387/4772
f 4182/5387/4772 4179/5386/4771 4181/5388/4773
f 4182/5389/4772 4181/5390/4773 4184/5391/4774
f 4184/5391/4774 4181/5390/4773 4183/5392/4775
f 4184/5391/4774 4183/5392/4775 4186/5393/4776
f 4186/5393/4776 4183/5392/4775 4185/5394/4777
f 4186/5393/4776 4185/5394/4777 4188/5395/4778
f 4188/5395/4778 4185/5394/4777 4187/5396/4779
f 4188/5395/4778 4187/5396/4779 4190/5397/4780
f 4190/5397/4780 4187/5396/4779 4189/5398/4781
f 4190/5397/4780 4189/5398/4781 4192/5399/4782
f 4192/5399/4782 4189/5398/4781 4191/5400/4783
f 4192/5401/4782 4191/5402/4783 4194/5403/4784
f 4194/5403/4784 4191/5402/4783 4193/5404/4785
f 4194/5403/4784 4193/5404/4785 4196/5405/4786
f 4196/5405/4786 4193/5404/4785 4195/5406/4787
f 4196/5405/4786 4195/5406/4787 4198/5407/4788
f 4198/5407/4788 4195/5406/4787 4197/5408/4789
f 4198/5407/4788 4197/5408/4789 4200/5409/4790
f 4200/5409/4790 4197/5408/4789 4199/5410/4791
f 4200/5409/4790 4199/5410/4791 4202/5411/4792
f 4202/5411/4792 4199/5410/4791 4201/5412/4793
f 4202/5411/4792 4201/5412/4793 4204/5413/4794
f 4204/5413/4794 4201/5412/4793 4203/5414/4795
f 4204/5413/4794 4203/5414/4795 4206/5415/4796
f 4206/5415/4796 4203/5414/4795 4205/5416/4797
f 4206/5415/4796 4205/5416/4797 4208/5417/4798
f 4208/5417/4798 4205/5416/4797 4207/5418/4799
f 4208/5417/4798 4207/5418/4799 4210/5419/4800
f 4210/5419/4800 4207/5418/4799 4209/5420/4801
f 4210/5419/4800 4209/5420/4801 4212/5421/4802
f 4212/5421/4802 4209/5420/4801 4211/5422/4803
f 4212/5423/4802 4211/5424/4803 4214/5425/4804
f 4214/5425/4804 4211/5424/4803 4213/5426/4805
f 4214/5425/4804 4213/5426/4805 4216/5427/4806
f 4216/5427/4806 4213/5426/4805 4215/5428/4807
f 4216/5427/4806 4215/5428/4807 4218/5429/4808
f 4218/5429/4808 4215/5428/4807 4217/5430/4809
f 4218/5429/4808 4217/5430/4809 4220/5304/4697
f 4220/5304/4697 4217/5430/4809 4219/5303/4696
f 4221/5431/4810 4222/5432/4811 4223/5433/4812
f 4223/5433/4812 4222/5432/4811 4224/5434/4813
f 4222/5432/4811 4221/5431/4810 4226/5435/4814
f 4226/5435/4814 4221/5431/4810 4225/5436/4815
f 4223/5433/4812 4224/5434/4813 4339/5437/4816
f 4339/5437/4816 4224/5434/4813 4340/5438/4817
f 4226/5435/4814 4225/5436/4815 4228/5439/4818
f 4228/5439/4818 4225/5436/4815 4227/5440/4819
f 4228/5439/4818 4227/5440/4819 4230/5441/4820
f 4230/5441/4820 4227/5440/4819 4229/5442/4821
f 4230/5441/4820 4229/5442/4821 4232/5443/4822
f 4232/5443/4822 4229/5442/4821 4231/5444/4823
f 4232/5443/4822 4231/5444/4823 4234/5445/4824
f 4234/5445/4824 4231/5444/4823 4233/5446/4825
f 4234/5445/4824 4233/5446/4825 4236/5447/4826
f 4236/5447/4826 4233/5446/4825 4235/5448/4827
f 4236/5447/4826 4235/5448/4827 4238/5449/4828
f 4238/5449/4828 4235/5448/4827 4237/5450/4829
f 4238/5449/4828 4237/5450/4829 4240/5451/4830
f 4240/5451/4830 4237/5450/4829 4239/5452/4831
f 4240/5451/4830 4239/5452/4831 4242/5453/4832
f 4242/5453/4832 4239/5452/4831 4241/5454/4833
f 4242/5453/4832 4241/5454/4833 4244/5455/4834
f 4244/5455/4834 4241/5454/4833 4243/5456/4835
f 4244/5455/4834 4243/5456/4835 4246/5457/4836
f 4246/5457/4836 4243/5456/4835 4245/5458/4837
f 4246/5457/4836 4245/5458/4837 4248/5459/4838
f 4248/5459/4838 4245/5458/4837 4247/5460/4839
f 4248/5459/4838 4247/5460/4839 4250/5461/4840
f 4250/5461/4840 4247/5460/4839 4249/5462/4841
f 4250/5461/4840 4249/5462/4841 4252/5463/4842
f 4252/5463/4842 4249/5462/4841 4251/5464/4843
f 4252/5463/4842 4251/5464/4843 4254/5465/4844
f 4254/5465/4844 4251/5464/4843 4253/5466/4845
f 4254/5465/4844 4253/5466/4845 4256/5467/4846
f 4256/5467/4846 4253/5466/4845 4255/5468/4847
f 4256/5467/4846 4255/5468/4847 4258/5469/4848
f 4258/5469/4848 4255/5468/4847 4257/5470/4849
f 4258/5469/4848 4257/5470/4849 4260/5471/4850
f 4260/5471/4850 4257/5470/4849 4259/5472/4851
f 4260/5471/4850 4259/5472/4851 4262/5473/4852
f 4262/5473/4852 4259/5472/4851 4261/5474/4853
f 4262/5473/4852 4261/5474/4853 4264/5475/4854
f 4264/5475/4854 4261/5474/4853 4263/5476/4855
f 4264/5475/4854 4263/5476/4855 4266/5477/4856
f 4266/5477/4856 4263/5476/4855 4265/5478/4857
f 4266/5477/4856 4265/5478/4857 4268/5479/4858
f 4268/5479/4858 4265/5478/4857 4267/5480/4859
f 4268/5479/4858 4267/5480/4859 4270/5481/4860
f 4270/5481/4860 4267/5480/4859 4269/5482/4861
f 4270/5481/4860 4269/5482/4861 4272/5483/4862
f 4272/5483/4862 4269/5482/4861 4271/5484/4863
f 4272/5483/4862 4271/5484/4863 4274/5485/4864
f 4274/5485/4864 4271/5484/4863 4273/5486/4865
f 4274/5485/4864 4273/5486/4865 4276/5487/4866
f 4276/5487/4866 4273/5486/4865 4275/5488/4867
f 4276/5487/4866 4275/5488/4867 4278/5489/4868
f 4278/5489/4868 4275/5488/4867 4277/5490/4869
f 4278/5489/4868 4277/5490/4869 4280/5491/4870
f 4280/5491/4870 4277/5490/4869 4279/5492/4871
f 4280/5491/4870 4279/5492/4871 4282/5493/4872
f 4282/5493/4872 4279/5492/4871 4281/5494/4873
f 4282/5493/4872 4281/5494/4873 4284/5495/4874
f 4284/5495/4874 4281/5494/4873 4283/5496/4875
f 4284/5495/4874 4283/5496/4875 4286/5497/4876
f 4286/5497/4876 4283/5496/4875 4285/5498/4877
f 4286/5497/4876 4285/5498/4877 4288/5499/4878
f 4288/5499/4878 4285/5498/4877 4287/5500/4879
f 4288/5499/4878 4287/5500/4879 4290/5501/4880
f 4290/5501/4880 4287/5500/4879 4289/5502/4881
f 4290/5501/4880 4289/5502/4881 4292/5503/4882
f 4292/5503/4882 4289/5502/4881 4291/5504/4883
f 4292/5503/4882 4291/5504/4883 4294/5505/4884
f 4294/5505/4884 4291/5504/4883 4293/5506/4885
f 4294/5505/4884 4293/5506/4885 4296/5507/4886
f 4296/5507/4886 4293/5506/4885 4295/5508/4887
f 4296/5507/4886 4295/5508/4887 4298/5509/4888
f 4298/5509/4888 4295/5508/4887 4297/5510/4889
f 4298/5509/4888 4297/5510/4889 4300/5511/4890
f 4300/5511/4890 4297/5510/4889 4299/5512/4891
f 4300/5511/4890 4299/5512/4891 4302/5513/4892
f 4302/5513/4892 4299/5512/4891 4301/5514/4893
f 4302/5513/4892 4301/5514/4893 4304/5515/4894
f 4304/5515/4894 4301/5514/4893 4303/5516/4895
f 4304/5515/4894 4303/5516/4895 4306/5517/4896
f 4306/5517/4896 4303/5516/4895 4305/5518/4897
f 4306/5517/4896 4305/5518/4897 4308/5519/4898
f 4308/5519/4898 4305/5518/4897 4307/5520/4899
f 4308/5519/4898 4307/5520/4899 4310/5521/4900
f 4310/5521/4900 4307/5520/4899 4309/5522/4901
f 4310/5521/4900 4309/5522/4901 4312/5523/4902
f 4312/5523/4902 4309/5522/4901 4311/5524/4903
f 4312/5523/4902 4311/5524/4903 4314/5525/4904
f 4314/5525/4904 4311/5524/4903 4313/5526/4905
f 4314/5525/4904 4313/5526/4905 4316/5527/4906
f 4316/5527/4906 4313/5526/4905 4315/5528/4907
f 4316/5527/4906 4315/5528/4907 4318/5529/4908
f 4318/5529/4908 4315/5528/4907 4317/5530/4909
f 4318/5529/4908 4317/5530/4909 4320/5531/4910
f 4320/5531/4910 4317/5530/4909 4319/5532/4911
f 4320/5531/4910 4319/5532/4911 4322/5533/4912
f 4322/5533/4912 4319/5532/4911 4321/5534/4913
f 4322/5533/4912 4321/5534/4913 4324/5535/4914
f 4324/5535/4914 4321/5534/4913 4323/5536/4915
f 4324/5535/4914 4323/5536/4915 4326/5537/4916
f 4326/5537/4916 4323/5536/4915 4325/5538/4917
f 4326/5537/4916 4325/5538/4917 4328/5539/4918
f 4328/5539/4918 4325/5538/4917 4327/5540/4919
f 4328/5539/4918 4327/5540/4919 4330/5541/4920
f 4330/5541/4920 4327/5540/4919 4329/5542/4921
f 4330/5541/4920 4329/5542/4921 4332/5543/4922
f 4332/5543/4922 4329/5542/4921 4331/5544/4923
f 4332/5543/4922 4331/5544/4923 4334/5545/4924
f 4334/5545/4924 4331/5544/4923 4333/5546/4925
f 4334/5545/4924 4333/5546/4925 4336/5547/4926
f 4336/5547/4926 4333/5546/4925 4335/5548/4927
f 4336/5547/4926 4335/5548/4927 4338/5549/4928
f 4338/5549/4928 4335/5548/4927 4337/5550/4929
f 4338/5549/4928 4337/5550/4929 4340/5438/4817
f 4340/5438/4817 4337/5550/4929 4339/5437/4816
f 4341/5551/4930 4342/5552/4931 4343/5553/4932
f 4343/5553/4932 4342/5552/4931 4344/5554/4933
f 4342/5552/4931 4341/5551/4930 4346/5555/4934
f 4346/5555/4934 4341/5551/4930 4345/5556/4935
f 4343/5553/4932 4344/5554/4933 4459/5557/4936
f 4459/5557/4936 4344/5554/4933 4460/5558/4937
f 4346/5555/4934 4345/5556/4935 4348/5559/4938
f 4348/5559/4938 4345/5556/4935 4347/5560/4939
f 4348/5559/4938 4347/5560/4939 4350/5561/4940
f 4350/5561/4940 4347/5560/4939 4349/5562/4941
f 4350/5561/4940 4349/5562/4941 4352/5563/4942
f 4352/5563/4942 4349/5562/4941 4351/5564/4943
f 4352/5563/4942 4351/5564/4943 4354/5565/4944
f 4354/5565/4944 4351/5564/4943 4353/5566/4945
f 4354/5565/4944 4353/5566/4945 4356/5567/4946
f 4356/5567/4946 4353/5566/4945 4355/5568/4947
f 4356/5567/4946 4355/5568/4947 4358/5569/4948
f 4358/5569/4948 4355/5568/4947 4357/5570/4949
f 4358/5569/4948 4357/5570/4949 4360/5571/4950
f 4360/5571/4950 4357/5570/4949 4359/5572/4951
f 4360/5571/4950 4359/5572/4951 4362/5573/4952
f 4362/5573/4952 4359/5572/4951 4361/5574/4953
f 4362/5573/4952 4361/5574/4953 4364/5575/4954
f 4364/5575/4954 4361/5574/4953 4363/5576/4955
f 4364/5575/4954 4363/5576/4955 4366/5577/4956
f 4366/5577/4956 4363/5576/4955 4365/5578/4957
f 4366/5577/4956 4365/5578/4957 4368/5579/4958
f 4368/5579/4958 4365/5578/4957 4367/5580/4959
f 4368/5579/4958 4367/5580/4959 4370/5581/4960
f 4370/5581/4960 4367/5580/4959 4369/5582/4961
f 4370/5581/4960 4369/5582/4961 4372/5583/4962
f 4372/5583/4962 4369/5582/4961 4371/5584/4963
f 4372/5583/4962 4371/5584/4963 4374/5585/4964
f 4374/5585/4964 4371/5584/4963 4373/5586/4965
f 4374/5585/4964 4373/5586/4965 4376/5587/4966
f 4376/5587/4966 4373/5586/4965 4375/5588/4967
f 4376/5587/4966 4375/5588/4967 4378/5589/4968
f 4378/5589/4968 4375/5588/4967 4377/5590/4969
f 4378/5589/4968 4377/5590/4969 4380/5591/4970
f 4380/5591/4970 4377/5590/4969 4379/5592/4971
f 4380/5591/4970 4379/5592/4971 4382/5593/4972
f 4382/5593/4972 4379/5592/4971 4381/5594/4973
f 4382/5593/4972 4381/5594/4973 4384/5595/4974
f 4384/5595/4974 4381/5594/4973 4383/5596/4975
f 4384/5595/4974 4383/5596/4975 4386/5597/4976
f 4386/5597/4976 4383/5596/4975 4385/5598/4977
f 4386/5597/4976 4385/5598/4977 4388/5599/4978
f 4388/5599/4978 4385/5598/4977 4387/5600/4979
f 4388/5599/4978 4387/5600/4979 4390/5601/4980
f 4390/5601/4980 4387/5600/4979 4389/5602/4981
f 4390/5601/4980 4389/5602/4981 4392/5603/4982
f 4392/5603/4982 4389/5602/4981 4391/5604/4983
f 4392/5603/4982 4391/5604/4983 4394/5605/4984
f 4394/5605/4984 4391/5604/4983 4393/5606/4985
f 4394/5605/4984 4393/5606/4985 4396/5607/4986
f 4396/5607/4986 4393/5606/4985 4395/5608/4987
f 4396/5607/4986 4395/5608/4987 4398/5609/4988
f 4398/5609/4988 4395/5608/4987 4397/5610/4989
f 4398/5609/4988 4397/5610/4989 4400/5611/4990
f 4400/5611/4990 4397/5610/4989 4399/5612/4991
f 4400/5611/4990 4399/5612/4991 4402/5613/4992
f 4402/5613/4992 4399/5612/4991 4401/5614/4993
f 4402/5613/4992 4401/5614/4993 4404/5615/4994
f 4404/5615/4994 4401/5614/4993 4403/5616/4995
f 4404/5615/4994 4403/5616/4995 4406/5617/4996
f 4406/5617/4996 4403/5616/4995 4405/5618/4997
f 4406/5617/4996 4405/5618/4997 4408/5619/4998
f 4408/5619/4998 4405/5618/4997 4407/5620/4999
f 4408/5619/4998 4407/5620/4999 4410/5621/5000
f 4410/5621/5000 4407/5620/4999 4409/5622/5001
f 4410/5621/5000 4409/5622/5001 4412/5623/5002
f 4412/5623/5002 4409/5622/5001 4411/5624/5003
f 4411/5624/5003 4413/5625/5004 4412/5623/5002
f 4412/5623/5002 4413/5625/5004 4414/5626/5005
f 4414/5626/5005 4413/5625/5004 4416/5627/5006
f 4416/5627/5006 4413/5625/5004 4415/5628/5007
f 4416/5627/5006 4415/5628/5007 4418/5629/5008
f 4418/5629/5008 4415/5628/5007 4417/5630/5009
f 4418/5629/5008 4417/5630/5009 4420/5631/5010
f 4420/5631/5010 4417/5630/5009 4419/5632/5011
f 4420/5631/5010 4419/5632/5011 4422/5633/5012
f 4422/5633/5012 4419/5632/5011 4421/5634/5013
f 4422/5633/5012 4421/5634/5013 4424/5635/5014
f 4424/5635/5014 4421/5634/5013 4423/5636/5015
f 4424/5635/5014 4423/5636/5015 4426/5637/5016
f 4426/5637/5016 4423/5636/5015 4425/5638/5017
f 4426/5637/5016 4425/5638/5017 4428/5639/5018
f 4428/5639/5018 4425/5638/5017 4427/5640/5019
f 4428/5639/5018 4427/5640/5019 4430/5641/5020
f 4430/5641/5020 4427/5640/5019 4429/5642/5021
f 4430/5641/5020 4429/5642/5021 4432/5643/5022
f 4432/5643/5022 4429/5642/5021 4431/5644/5023
f 4432/5643/5022 4431/5644/5023 4434/5645/5024
f 4434/5645/5024 4431/5644/5023 4433/5646/5025
f 4434/5645/5024 4433/5646/5025 4436/5647/5026
f 4436/5647/5026 4433/5646/5025 4435/5648/5027
f 4436/5647/5026 4435/5648/5027 4438/5649/5028
f 4438/5649/5028 4435/5648/5027 4437/5650/5029
f 4438/5649/5028 4437/5650/5029 4440/5651/5030
f 4440/5651/5030 4437/5650/5029 4439/5652/5031
f 4440/5651/5030 4439/5652/5031 4442/5653/5032
f 4442/5653/5032 4439/5652/5031 4441/5654/5033
f 4442/5653/5032 4441/5654/5033 4444/5655/5034
f 4444/5655/5034 4441/5654/5033 4443/5656/5035
f 4444/5655/5034 4443/5656/5035 4446/5657/5036
f 4446/5657/5036 4443/5656/5035 4445/5658/5037
f 4446/5657/5036 4445/5658/5037 4448/5659/5038
f 4448/5659/5038 4445/5658/5037 4447/5660/5039
f 4448/5659/5038 4447/5660/5039 4450/5661/5040
f 4450/5661/5040 4447/5660/5039 4449/5662/5041
f 4450/5661/5040 4449/5662/5041 4452/5663/5042
f 4452/5663/5042 4449/5662/5041 4451/5664/5043
f 4452/5663/5042 4451/5664/5043 4454/5665/5044
f 4454/5665/5044 4451/5664/5043 4453/5666/5045
f 4454/5665/5044 4453/5666/5045 4456/5667/5046
f 4456/5667/5046 4453/5666/5045 4455/5668/5047
f 4456/5667/5046 4455/5668/5047 4458/5669/5048
f 4458/5669/5048 4455/5668/5047 4457/5670/5049
f 4458/5669/5048 4457/5670/5049 4460/5558/4937
f 4460/5558/4937 4457/5670/5049 4459/5557/4936
f 3546/4593/4137 4101/5671/4690 3547/4594/4138
f 3547/4594/4138 4101/5671/4690 4103/5301/4692
f 3548/5203/4620 4105/5672/4695 3546/4593/4137
f 3546/4593/4137 4105/5672/4695 4101/5671/4690
f 3549/5202/4619 4107/5673/4699 3548/5203/4620
f 3548/5203/4620 4107/5673/4699 4105/5672/4695
f 3550/5204/4621 4109/5674/4701 3549/5202/4619
f 3549/5202/4619 4109/5674/4701 4107/5673/4699
f 3551/5206/4622 4111/5675/4703 3550/5204/4621
f 3550/5204/4621 4111/5675/4703 4109/5674/4701
f 3552/5209/4623 4113/5676/4705 3551/5211/4622
f 3551/5211/4622 4113/5676/4705 4111/5677/4703
f 3553/5213/4624 4115/5678/4707 3552/5209/4623
f 3552/5209/4623 4115/5678/4707 4113/5676/4705
f 3554/5214/4625 4117/5679/4709 3553/5213/4624
f 3553/5213/4624 4117/5679/4709 4115/5678/4707
f 3555/5215/4626 4119/5680/4711 3554/5214/4625
f 3554/5214/4625 4119/5680/4711 4117/5679/4709
f 3556/5216/4627 4121/5322/4713 3555/5215/4626
f 3555/5215/4626 4121/5322/4713 4119/5680/4711
f 3557/5217/4628 4123/5324/4715 3556/5216/4627
f 3556/5216/4627 4123/5324/4715 4121/5322/4713
f 3558/5218/4629 4125/5326/4717 3557/5217/4628
f 3557/5217/4628 4125/5326/4717 4123/5324/4715
f 3559/4733/4262 4127/5328/4719 3558/5218/4629
f 3558/5218/4629 4127/5328/4719 4125/5326/4717
f 3560/4732/4261 4129/5330/4721 3559/4733/4262
f 3559/4733/4262 4129/5330/4721 4127/5328/4719
f 3561/4736/4265 4131/5332/4723 3560/4732/4261
f 3560/4732/4261 4131/5332/4723 4129/5330/4721
f 3562/4739/4268 4133/5681/4725 3561/4736/4265
f 3561/4736/4265 4133/5681/4725 4131/5332/4723
f 3563/4742/4271 4135/5682/4727 3562/4739/4268
f 3562/4739/4268 4135/5682/4727 4133/5681/4725
f 3564/4748/4274 4137/5683/4729 3563/4742/4271
f 3563/4742/4271 4137/5683/4729 4135/5682/4727
f 3565/4752/4277 4139/5684/4731 3564/4748/4274
f 3564/4748/4274 4139/5684/4731 4137/5683/4729
f 3566/4756/4280 4141/5685/4733 3565/4752/4277
f 3565/4752/4277 4141/5685/4733 4139/5684/4731
f 3567/4760/4283 4143/5686/4735 3566/4762/4280
f 3566/4762/4280 4143/5686/4735 4141/5687/4733
f 3568/4766/4286 4145/5688/4737 3567/4760/4283
f 3567/4760/4283 4145/5688/4737 4143/5686/4735
f 3568/4766/4286 3569/4770/4289 4145/5688/4737
f 4145/5688/4737 3569/4770/4289 4147/5689/4739
f 3569/4770/4289 3570/4774/4292 4147/5689/4739
f 4147/5689/4739 3570/4774/4292 4149/5690/4741
f 4149/5690/4741 3570/4774/4292 4151/5356/4743
f 4151/5356/4743 3570/4774/4292 3571/4777/4295
f 3571/4777/4295 3572/4780/4298 4151/5356/4743
f 4151/5356/4743 3572/4780/4298 4153/5358/4745
f 3572/4780/4298 3573/4783/4301 4153/5358/4745
f 4153/5358/4745 3573/4783/4301 4155/5360/4747
f 3573/4783/4301 3574/4786/4304 4155/5360/4747
f 4155/5360/4747 3574/4786/4304 4157/5362/4749
f 3574/4786/4304 3575/4789/4307 4157/5362/4749
f 4157/5362/4749 3575/4789/4307 4159/5364/4751
f 4159/5364/4751 3575/4789/4307 4161/5366/4753
f 4161/5366/4753 3575/4789/4307 3576/4792/4310
f 3576/4792/4310 3577/4795/4313 4161/5366/4753
f 4161/5366/4753 3577/4795/4313 4163/5691/4755
f 3577/4795/4313 3578/4798/4316 4163/5691/4755
f 4163/5691/4755 3578/4798/4316 4165/5692/4757
f 3578/4798/4316 3579/4804/4319 4165/5692/4757
f 4165/5692/4757 3579/4804/4319 4167/5693/4759
f 4167/5693/4759 3579/4804/4319 4169/5694/4761
f 4169/5694/4761 3579/4804/4319 3580/4808/4322
f 3580/4808/4322 3581/4812/4325 4169/5694/4761
f 4169/5694/4761 3581/4812/4325 4171/5695/4763
f 3581/4817/4325 3582/4818/4328 4171/5696/4763
f 4171/5696/4763 3582/4818/4328 4173/5697/4765
f 3582/4818/4328 3583/4822/4331 4173/5697/4765
f 4173/5697/4765 3583/4822/4331 4175/5698/4767
f 3584/4826/4334 4177/5699/4769 3583/4822/4331
f 3583/4822/4331 4177/5699/4769 4175/5698/4767
f 3585/4830/4337 4179/5700/4771 3584/4826/4334
f 3584/4826/4334 4179/5700/4771 4177/5699/4769
f 3586/4833/4340 4181/5390/4773 3585/4830/4337
f 3585/4830/4337 4181/5390/4773 4179/5700/4771
f 3587/4836/4343 4183/5392/4775 3586/4833/4340
f 3586/4833/4340 4183/5392/4775 4181/5390/4773
f 3588/4839/4346 4185/5394/4777 3587/4836/4343
f 3587/4836/4343 4185/5394/4777 4183/5392/4775
f 3589/4842/4349 4187/5396/4779 3588/4839/4346
f 3588/4839/4346 4187/5396/4779 4185/5394/4777
f 3590/4845/4352 4189/5398/4781 3589/4842/4349
f 3589/4842/4349 4189/5398/4781 4187/5396/4779
f 3591/4848/4355 4191/5400/4783 3590/4845/4352
f 3590/4845/4352 4191/5400/4783 4189/5398/4781
f 3592/4851/4358 4193/5701/4785 3591/4848/4355
f 3591/4848/4355 4193/5701/4785 4191/5400/4783
f 3593/4854/4361 4195/5702/4787 3592/4851/4358
f 3592/4851/4358 4195/5702/4787 4193/5701/4785
f 3594/4859/4364 4197/5703/4789 3593/4854/4361
f 3593/4854/4361 4197/5703/4789 4195/5702/4787
f 3595/4864/4367 4199/5704/4791 3594/4859/4364
f 3594/4859/4364 4199/5704/4791 4197/5703/4789
f 3596/4868/4370 4201/5705/4793 3595/4864/4367
f 3595/4864/4367 4201/5705/4793 4199/5704/4791
f 3597/4872/4373 4203/5706/4795 3596/4874/4370
f 3596/4874/4370 4203/5706/4795 4201/5707/4793
f 3598/4878/4376 4205/5708/4797 3597/4872/4373
f 3597/4872/4373 4205/5708/4797 4203/5706/4795
f 3599/4882/4379 4207/5709/4799 3598/4878/4376
f 3598/4878/4376 4207/5709/4799 4205/5708/4797
f 3600/4886/4382 4209/5710/4801 3599/4882/4379
f 3599/4882/4379 4209/5710/4801 4207/5709/4799
f 3601/4889/4385 4211/5424/4803 3600/4886/4382
f 3600/4886/4382 4211/5424/4803 4209/5710/4801
f 3602/4892/4388 4213/5426/4805 3601/4889/4385
f 3601/4889/4385 4213/5426/4805 4211/5424/4803
f 3603/4895/4391 4215/5428/4807 3602/4892/4388
f 3602/4892/4388 4215/5428/4807 4213/5426/4805
f 3604/4598/4142 4217/5430/4809 3603/4895/4391
f 3603/4895/4391 4217/5430/4809 4215/5428/4807
f 3605/4596/4140 4219/5303/4696 3604/4598/4142
f 3604/4598/4142 4219/5303/4696 4217/5430/4809
f 3547/4594/4138 4103/5301/4692 3605/4596/4140
f 3605/4596/4140 4103/5301/4692 4219/5303/4696
f 4104/5298/4693 4102/5296/4691 4223/5433/4812
f 4223/5433/4812 4102/5296/4691 4221/5431/4810
f 4102/5296/4691 4106/5299/4694 4221/5431/4810
f 4221/5431/4810 4106/5299/4694 4225/5436/4815
f 4106/5299/4694 4108/5305/4698 4225/5436/4815
f 4225/5436/4815 4108/5305/4698 4227/5440/4819
f 4108/5305/4698 4110/5307/4700 4227/5440/4819
f 4227/5440/4819 4110/5307/4700 4229/5442/4821
f 4110/5307/4700 4112/5309/4702 4229/5442/4821
f 4229/5442/4821 4112/5309/4702 4231/5444/4823
f 4112/5309/4702 4114/5311/4704 4231/5444/4823
f 4231/5444/4823 4114/5311/4704 4233/5446/4825
f 4114/5311/4704 4116/5313/4706 4233/5446/4825
f 4233/5446/4825 4116/5313/4706 4235/5448/4827
f 4116/5313/4706 4118/5315/4708 4235/5448/4827
f 4235/5448/4827 4118/5315/4708 4237/5450/4829
f 4118/5315/4708 4120/5317/4710 4237/5450/4829
f 4237/5450/4829 4120/5317/4710 4239/5452/4831
f 4120/5317/4710 4122/5319/4712 4239/5452/4831
f 4239/5452/4831 4122/5319/4712 4241/5454/4833
f 4122/5319/4712 4124/5711/4714 4241/5454/4833
f 4241/5454/4833 4124/5711/4714 4243/5456/4835
f 4124/5711/4714 4126/5712/4716 4243/5456/4835
f 4243/5456/4835 4126/5712/4716 4245/5458/4837
f 4126/5712/4716 4128/5713/4718 4245/5458/4837
f 4245/5458/4837 4128/5713/4718 4247/5460/4839
f 4128/5713/4718 4130/5714/4720 4247/5460/4839
f 4247/5460/4839 4130/5714/4720 4249/5462/4841
f 4130/5714/4720 4132/5333/4722 4249/5462/4841
f 4249/5462/4841 4132/5333/4722 4251/5464/4843
f 4132/5333/4722 4134/5335/4724 4251/5464/4843
f 4251/5464/4843 4134/5335/4724 4253/5466/4845
f 4134/5335/4724 4136/5337/4726 4253/5466/4845
f 4253/5466/4845 4136/5337/4726 4255/5468/4847
f 4136/5337/4726 4138/5339/4728 4255/5468/4847
f 4255/5468/4847 4138/5339/4728 4257/5470/4849
f 4138/5339/4728 4140/5341/4730 4257/5470/4849
f 4257/5470/4849 4140/5341/4730 4259/5472/4851
f 4140/5341/4730 4142/5343/4732 4259/5472/4851
f 4259/5472/4851 4142/5343/4732 4261/5474/4853
f 4142/5343/4732 4144/5345/4734 4261/5474/4853
f 4261/5474/4853 4144/5345/4734 4263/5476/4855
f 4144/5345/4734 4146/5347/4736 4263/5476/4855
f 4263/5476/4855 4146/5347/4736 4265/5478/4857
f 4146/5347/4736 4148/5349/4738 4265/5478/4857
f 4265/5478/4857 4148/5349/4738 4267/5480/4859
f 4148/5349/4738 4150/5351/4740 4267/5480/4859
f 4267/5480/4859 4150/5351/4740 4269/5482/4861
f 4150/5351/4740 4152/5353/4742 4269/5482/4861
f 4269/5482/4861 4152/5353/4742 4271/5484/4863
f 4152/5353/4742 4154/5715/4744 4271/5484/4863
f 4271/5484/4863 4154/5715/4744 4273/5486/4865
f 4154/5715/4744 4156/5716/4746 4273/5486/4865
f 4273/5486/4865 4156/5716/4746 4275/5488/4867
f 4156/5716/4746 4158/5717/4748 4275/5488/4867
f 4275/5488/4867 4158/5717/4748 4277/5490/4869
f 4158/5717/4748 4160/5718/4750 4277/5490/4869
f 4277/5490/4869 4160/5718/4750 4279/5492/4871
f 4162/5367/4752 4281/5494/4873 4160/5718/4750
f 4160/5718/4750 4281/5494/4873 4279/5492/4871
f 4162/5367/4752 4164/5369/4754 4281/5494/4873
f 4281/5494/4873 4164/5369/4754 4283/5496/4875
f 4164/5369/4754 4166/5371/4756 4283/5496/4875
f 4283/5496/4875 4166/5371/4756 4285/5498/4877
f 4166/5371/4756 4168/5373/4758 4285/5498/4877
f 4285/5498/4877 4168/5373/4758 4287/5500/4879
f 4168/5373/4758 4170/5375/4760 4287/5500/4879
f 4287/5500/4879 4170/5375/4760 4289/5502/4881
f 4170/5375/4760 4172/5377/4762 4289/5502/4881
f 4289/5502/4881 4172/5377/4762 4291/5504/4883
f 4172/5377/4762 4174/5379/4764 4291/5504/4883
f 4291/5504/4883 4174/5379/4764 4293/5506/4885
f 4174/5379/4764 4176/5381/4766 4293/5506/4885
f 4293/5506/4885 4176/5381/4766 4295/5508/4887
f 4176/5381/4766 4178/5383/4768 4295/5508/4887
f 4295/5508/4887 4178/5383/4768 4297/5510/4889
f 4178/5383/4768 4180/5385/4770 4297/5510/4889
f 4297/5510/4889 4180/5385/4770 4299/5512/4891
f 4180/5385/4770 4182/5387/4772 4299/5512/4891
f 4299/5512/4891 4182/5387/4772 4301/5514/4893
f 4182/5387/4772 4184/5719/4774 4301/5514/4893
f 4301/5514/4893 4184/5719/4774 4303/5516/4895
f 4184/5719/4774 4186/5720/4776 4303/5516/4895
f 4303/5516/4895 4186/5720/4776 4305/5518/4897
f 4186/5720/4776 4188/5721/4778 4305/5518/4897
f 4305/5518/4897 4188/5721/4778 4307/5520/4899
f 4188/5721/4778 4190/5722/4780 4307/5520/4899
f 4307/5520/4899 4190/5722/4780 4309/5522/4901
f 4190/5722/4780 4192/5401/4782 4309/5522/4901
f 4309/5522/4901 4192/5401/4782 4311/5524/4903
f 4192/5401/4782 4194/5403/4784 4311/5524/4903
f 4311/5524/4903 4194/5403/4784 4313/5526/4905
f 4194/5403/4784 4196/5405/4786 4313/5526/4905
f 4313/5526/4905 4196/5405/4786 4315/5528/4907
f 4196/5405/4786 4198/5407/4788 4315/5528/4907
f 4315/5528/4907 4198/5407/4788 4317/5530/4909
f 4198/5407/4788 4200/5409/4790 4317/5530/4909
f 4317/5530/4909 4200/5409/4790 4319/5532/4911
f 4200/5409/4790 4202/5411/4792 4319/5532/4911
f 4319/5532/4911 4202/5411/4792 4321/5534/4913
f 4202/5411/4792 4204/5413/4794 4321/5534/4913
f 4321/5534/4913 4204/5413/4794 4323/5536/4915
f 4204/5413/4794 4206/5415/4796 4323/5536/4915
f 4323/5536/4915 4206/5415/4796 4325/5538/4917
f 4206/5415/4796 4208/5417/4798 4325/5538/4917
f 4325/5538/4917 4208/5417/4798 4327/5540/4919
f 4210/5419/4800 4329/5542/4921 4208/5417/4798
f 4208/5417/4798 4329/5542/4921 4327/5540/4919
f 4210/5419/4800 4212/5421/4802 4329/5542/4921
f 4329/5542/4921 4212/5421/4802 4331/5544/4923
f 4212/5421/4802 4214/5723/4804 4331/5544/4923
f 4331/5544/4923 4214/5723/4804 4333/5546/4925
f 4214/5723/4804 4216/5724/4806 4333/5546/4925
f 4333/5546/4925 4216/5724/4806 4335/5548/4927
f 4216/5724/4806 4218/5725/4808 4335/5548/4927
f 4335/5548/4927 4218/5725/4808 4337/5550/4929
f 4218/5725/4808 4220/5726/4697 4337/5550/4929
f 4337/5550/4929 4220/5726/4697 4339/5437/4816
f 4220/5726/4697 4104/5298/4693 4339/5437/4816
f 4339/5437/4816 4104/5298/4693 4223/5433/4812
f 4224/5727/4813 4222/5728/4811 4343/5729/4932
f 4343/5729/4932 4222/5728/4811 4341/5730/4930
f 4222/5432/4811 4226/5435/4814 4341/5551/4930
f 4341/5551/4930 4226/5435/4814 4345/5556/4935
f 4226/5435/4814 4228/5439/4818 4345/5556/4935
f 4345/5556/4935 4228/5439/4818 4347/5560/4939
f 4228/5439/4818 4230/5441/4820 4347/5560/4939
f 4347/5560/4939 4230/5441/4820 4349/5562/4941
f 4230/5441/4820 4232/5443/4822 4349/5562/4941
f 4349/5562/4941 4232/5443/4822 4351/5564/4943
f 4232/5443/4822 4234/5445/4824 4351/5564/4943
f 4351/5564/4943 4234/5445/4824 4353/5566/4945
f 4234/5445/4824 4236/5447/4826 4353/5566/4945
f 4353/5566/4945 4236/5447/4826 4355/5568/4947
f 4236/5447/4826 4238/5449/4828 4355/5568/4947
f 4355/5568/4947 4238/5449/4828 4357/5570/4949
f 4238/5449/4828 4240/5451/4830 4357/5570/4949
f 4357/5570/4949 4240/5451/4830 4359/5572/4951
f 4240/5731/4830 4242/5732/4832 4359/5733/4951
f 4359/5733/4951 4242/5732/4832 4361/5734/4953
f 4242/5732/4832 4244/5735/4834 4361/5734/4953
f 4361/5734/4953 4244/5735/4834 4363/5736/4955
f 4244/5735/4834 4246/5737/4836 4363/5736/4955
f 4363/5736/4955 4246/5737/4836 4365/5738/4957
f 4246/5737/4836 4248/5739/4838 4365/5738/4957
f 4365/5738/4957 4248/5739/4838 4367/5740/4959
f 4248/5739/4838 4250/5741/4840 4367/5740/4959
f 4367/5740/4959 4250/5741/4840 4369/5742/4961
f 4250/5741/4840 4252/5743/4842 4369/5742/4961
f 4369/5742/4961 4252/5743/4842 4371/5744/4963
f 4252/5743/4842 4254/5745/4844 4371/5744/4963
f 4371/5744/4963 4254/5745/4844 4373/5746/4965
f 4254/5465/4844 4256/5467/4846 4373/5586/4965
f 4373/5586/4965 4256/5467/4846 4375/5588/4967
f 4256/5467/4846 4258/5469/4848 4375/5588/4967
f 4375/5588/4967 4258/5469/4848 4377/5590/4969
f 4258/5469/4848 4260/5471/4850 4377/5590/4969
f 4377/5590/4969 4260/5471/4850 4379/5592/4971
f 4260/5471/4850 4262/5473/4852 4379/5592/4971
f 4379/5592/4971 4262/5473/4852 4381/5594/4973
f 4262/5473/4852 4264/5475/4854 4381/5594/4973
f 4381/5594/4973 4264/5475/4854 4383/5596/4975
f 4264/5475/4854 4266/5477/4856 4383/5596/4975
f 4383/5596/4975 4266/5477/4856 4385/5598/4977
f 4266/5477/4856 4268/5479/4858 4385/5598/4977
f 4385/5598/4977 4268/5479/4858 4387/5600/4979
f 4268/5479/4858 4270/5481/4860 4387/5600/4979
f 4387/5600/4979 4270/5481/4860 4389/5602/4981
f 4270/5747/4860 4272/5748/4862 4389/5749/4981
f 4389/5749/4981 4272/5748/4862 4391/5750/4983
f 4272/5748/4862 4274/5751/4864 4391/5750/4983
f 4391/5750/4983 4274/5751/4864 4393/5752/4985
f 4274/5751/4864 4276/5753/4866 4393/5752/4985
f 4393/5752/4985 4276/5753/4866 4395/5754/4987
f 4276/5753/4866 4278/5755/4868 4395/5754/4987
f 4395/5754/4987 4278/5755/4868 4397/5756/4989
f 4278/5755/4868 4280/5757/4870 4397/5756/4989
f 4397/5756/4989 4280/5757/4870 4399/5758/4991
f 4280/5757/4870 4282/5759/4872 4399/5758/4991
f 4399/5758/4991 4282/5759/4872 4401/5760/4993
f 4282/5759/4872 4284/5761/4874 4401/5760/4993
f 4401/5760/4993 4284/5761/4874 4403/5762/4995
f 4284/5495/4874 4286/5497/4876 4403/5616/4995
f 4403/5616/4995 4286/5497/4876 4405/5618/4997
f 4286/5497/4876 4288/5499/4878 4405/5618/4997
f 4405/5618/4997 4288/5499/4878 4407/5620/4999
f 4288/5499/4878 4290/5501/4880 4407/5620/4999
f 4407/5620/4999 4290/5501/4880 4409/5622/5001
f 4290/5501/4880 4292/5503/4882 4409/5622/5001
f 4409/5622/5001 4292/5503/4882 4411/5624/5003
f 4292/5503/4882 4294/5505/4884 4411/5624/5003
f 4411/5624/5003 4294/5505/4884 4413/5625/5004
f 4294/5505/4884 4296/5507/4886 4413/5625/5004
f 4413/5625/5004 4296/5507/4886 4415/5628/5007
f 4296/5507/4886 4298/5509/4888 4415/5628/5007
f 4415/5628/5007 4298/5509/4888 4417/5630/5009
f 4298/5509/4888 4300/5511/4890 4417/5630/5009
f 4417/5630/5009 4300/5511/4890 4419/5632/5011
f 4300/5763/4890 4302/5764/4892 4419/5765/5011
f 4419/5765/5011 4302/5764/4892 4421/5766/5013
f 4302/5764/4892 4304/5767/4894 4421/5766/5013
f 4421/5766/5013 4304/5767/4894 4423/5768/5015
f 4304/5767/4894 4306/5769/4896 4423/5768/5015
f 4423/5768/5015 4306/5769/4896 4425/5770/5017
f 4306/5769/4896 4308/5771/4898 4425/5770/5017
f 4425/5770/5017 4308/5771/4898 4427/5772/5019
f 4308/5771/4898 4310/5773/4900 4427/5772/5019
f 4427/5772/5019 4310/5773/4900 4429/5774/5021
f 4310/5773/4900 4312/5775/4902 4429/5774/5021
f 4429/5774/5021 4312/5775/4902 4431/5776/5023
f 4312/5775/4902 4314/5777/4904 4431/5776/5023
f 4431/5776/5023 4314/5777/4904 4433/5778/5025
f 4314/5525/4904 4316/5527/4906 4433/5646/5025
f 4433/5646/5025 4316/5527/4906 4435/5648/5027
f 4316/5527/4906 4318/5529/4908 4435/5648/5027
f 4435/5648/5027 4318/5529/4908 4437/5650/5029
f 4318/5529/4908 4320/5531/4910 4437/5650/5029
f 4437/5650/5029 4320/5531/4910 4439/5652/5031
f 4320/5531/4910 4322/5533/4912 4439/5652/5031
f 4439/5652/5031 4322/5533/4912 4441/5654/5033
f 4322/5533/4912 4324/5535/4914 4441/5654/5033
f 4441/5654/5033 4324/5535/4914 4443/5656/5035
f 4324/5535/4914 4326/5537/4916 4443/5656/5035
f 4443/5656/5035 4326/5537/4916 4445/5658/5037
f 4326/5537/4916 4328/5539/4918 4445/5658/5037
f 4445/5658/5037 4328/5539/4918 4447/5660/5039
f 4328/5539/4918 4330/5541/4920 4447/5660/5039
f 4447/5660/5039 4330/5541/4920 4449/5662/5041
f 4330/5779/4920 4332/5780/4922 4449/5781/5041
f 4449/5781/5041 4332/5780/4922 4451/5782/5043
f 4332/5780/4922 4334/5783/4924 4451/5782/5043
f 4451/5782/5043 4334/5783/4924 4453/5784/5045
f 4334/5783/4924 4336/5785/4926 4453/5784/5045
f 4453/5784/5045 4336/5785/4926 4455/5786/5047
f 4336/5785/4926 4338/5787/4928 4455/5786/5047
f 4455/5786/5047 4338/5787/4928 4457/5788/5049
f 4338/5787/4928 4340/5789/4817 4457/5788/5049
f 4457/5788/5049 4340/5789/4817 4459/5790/4936
f 4340/5789/4817 4224/5727/4813 4459/5790/4936
f 4459/5790/4936 4224/5727/4813 4343/5729/4932
f 4344/5554/4933 4681/5791/154 4689/5792/154
f 4100/5793/154 4692/5794/154 4693/5795/154
f 4342/5552/4931 4695/5796/154 4691/5797/154
f 4100/5793/154 4693/5795/154 4697/5798/154
f 4348/5559/4938 4694/5799/154 4346/5555/4934
f 4100/5793/154 4697/5798/154 4698/5800/154
f 4348/5559/4938 4699/5801/154 4696/5802/154
f 4100/5793/154 4698/5800/154 4700/5803/154
f 4350/5561/4940 4701/5804/154 4699/5801/154
f 4100/5793/154 4707/5805/154 4708/5806/154
f 4354/5565/4944 4704/5807/154 4703/5808/154
f 4356/5567/4946 4714/5809/154 4710/5810/154
f 4358/5569/4948 4100/5793/154 4356/5567/4946
f 4360/5571/4950 4100/5793/154 4358/5569/4948
f 4360/5571/4950 4717/5811/5050 4716/5812/5051
f 4100/5793/154 4728/5813/154 4729/5814/154
f 4364/5575/4954 4731/5815/154 4726/5816/154
f 4100/5793/154 4729/5814/154 4732/5817/154
f 4366/5577/4956 4730/5818/154 4364/5575/4954
f 4100/5793/154 4732/5817/154 4734/5819/154
f 4366/5577/4956 4735/5820/154 4733/5821/154
f 4100/5793/154 4734/5819/154 4736/5822/154
f 4368/5579/4958 4737/5823/154 4735/5820/154
f 4740/5824/154 4100/5793/154 4742/5825/2422
f 4372/5583/4962 4739/5826/154 4738/5827/154
f 4374/5585/4964 4748/5828/154 4747/5829/2422
f 4374/5585/4964 4376/5587/4966 4100/5793/154
f 4376/5587/4966 4378/5589/4968 4100/5793/154
f 4378/5589/4968 4761/5830/154 4753/5831/154
f 4100/5793/154 4763/5832/154 4762/5833/154
f 4764/5834/154 4767/5835/154 4380/5591/4970
f 4762/5833/154 4768/5836/154 4100/5793/154
f 4384/5595/4974 4765/5837/154 4382/5593/4972
f 4770/5838/154 4100/5793/154 4768/5836/154
f 4384/5595/4974 4771/5839/154 4769/5840/154
f 4770/5838/154 4772/5841/154 4100/5793/154
f 4386/5597/4976 4773/5842/154 4771/5839/154
f 4100/5793/154 4774/5843/154 4776/5844/5052
f 4390/5601/4980 4779/5845/154 4780/5846/154
f 4782/5847/154 4786/5848/5053 4392/5603/4982
f 4392/5603/4982 4394/5605/4984 4100/5793/154
f 4394/5605/4984 4787/5849/5054 4788/5850/5055
f 4100/5793/154 4793/5851/154 4792/5852/154
f 4396/5607/4986 4801/5853/154 4797/5854/154
f 4791/5855/154 4802/5856/154 4100/5793/154
f 4803/5857/154 4805/5858/154 4398/5609/4988
f 4806/5859/154 4100/5793/154 4802/5856/154
f 4402/5613/4992 4804/5860/154 4400/5611/4990
f 4806/5859/154 4808/5861/154 4100/5793/154
f 4402/5613/4992 4809/5862/154 4807/5863/154
f 4808/5861/154 4810/5864/154 4100/5793/154
f 4406/5617/4996 4812/5865/154 4811/5866/154
f 4408/5619/4998 4815/5867/5050 4822/5868/154
f 4100/5793/154 4408/5619/4998 4410/5621/5000
f 4100/5793/154 4410/5621/5000 4412/5623/5002
f 4412/5623/5002 4829/5869/154 4833/5870/5056
f 4838/5871/154 4839/5872/154 4414/5626/5005
f 4100/5793/154 4835/5873/154 4834/5874/154
f 4418/5629/5008 4836/5875/154 4416/5627/5006
f 4100/5793/154 4834/5874/154 4840/5876/154
f 4418/5629/5008 4843/5877/154 4841/5878/154
f 4100/5793/154 4840/5876/154 4842/5879/154
f 4420/5631/5010 4845/5880/154 4843/5877/154
f 4100/5793/154 4842/5879/154 4844/5881/154
f 4424/5635/5014 4849/5882/154 4850/5883/154
f 4100/5793/154 4848/5884/5050 4846/5885/5057
f 4426/5637/5016 4858/5886/154 4855/5887/154
f 4859/5888/154 4100/5793/154 4426/5637/5016
f 4100/5793/154 4869/5889/154 4865/5890/154
f 4428/5639/5018 4867/5891/154 4871/5892/154
f 4100/5793/154 4864/5893/154 4877/5894/154
f 4432/5643/5022 4876/5895/154 4875/5896/154
f 4878/5897/154 4100/5793/154 4877/5894/154
f 4434/5645/5024 4876/5895/154 4432/5643/5022
f 4878/5897/154 4881/5898/154 4100/5793/154
f 4434/5645/5024 4880/5899/154 4879/5900/154
f 4881/5898/154 4884/5901/154 4100/5793/154
f 4438/5649/5028 4883/5902/154 4882/5903/154
f 4440/5651/5030 4888/5904/5050 4886/5905/2422
f 4442/5653/5032 4100/5793/154 4440/5651/5030
f 4442/5653/5032 4903/5906/5050 4899/5907/154
f 4100/5793/154 4908/5908/154 4909/5909/154
f 4444/5655/5034 4907/5910/154 4906/5911/154
f 4910/5912/154 4912/5913/154 4100/5793/154
f 4448/5659/5038 4905/5914/154 4446/5657/5036
f 4915/5915/154 4100/5793/154 4912/5913/154
f 4450/5661/5040 4913/5916/154 4448/5659/5038
f 4915/5915/154 4917/5917/154 4100/5793/154
f 4450/5661/5040 4916/5918/154 4914/5919/154
f 4921/5920/154 4100/5793/154 4917/5917/154
f 4918/5921/154 4920/5922/154 4454/5665/5044
f 4456/5667/5046 4926/5923/154 4930/5924/154
f 4458/5669/5048 4100/5793/154 4456/5667/5046
f 4458/5669/5048 4460/5558/4937 4100/5793/154
f 4460/5558/4937 4344/5554/4933 4100/5793/154
f 4492/5925/5058 4857/5925/5059 4855/5925/5058
f 4491/5925/5059 4856/5925/5060 4857/5925/5059
f 4495/5925/5061 4851/5925/5061 4847/5925/5062
f 4494/5925/5063 4849/5925/5064 4851/5925/5061
f 4558/5925/5065 4849/5925/5064 4560/5925/5064
f 4836/5925/5066 4841/5925/5066 4563/5925/5066
f 4622/5925/5067 4838/5925/5068 4837/5925/5067
f 4623/5925/5068 4839/5925/5069 4838/5925/5068
f 4625/5925/5070 4830/5925/5070 4831/5925/5071
f 4627/5925/5072 4830/5925/5070 4625/5925/5070
f 4628/5925/5073 4832/5925/5072 4627/5925/5072
f 4624/5925/5074 4828/5925/5073 4628/5925/5073
f 4829/5925/5074 4629/5925/5075 4833/5925/5075
f 4833/5925/5075 4621/5925/5076 4827/5925/5076
f 4827/5925/5076 4620/5925/5077 4826/5925/5077
f 4620/5925/5077 4825/5925/5078 4826/5925/5077
f 4619/5925/5078 4823/5925/5079 4825/5925/5078
f 4617/5925/5080 4835/5925/5080 4824/5925/5081
f 4561/5925/5082 4496/5925/5082 4844/5925/5082
f 4489/5925/5083 4854/5925/5083 4846/5925/5084
f 4489/5925/5083 4853/5925/5085 4854/5925/5083
f 4487/5925/5085 4852/5925/5086 4853/5925/5085
f 4486/5925/5086 4858/5925/5087 4852/5925/5086
f 4488/5925/5087 4855/5925/5058 4858/5925/5087
f 4612/5925/5088 4819/5925/5089 4822/5925/5088
f 4613/5925/5089 4818/5925/5090 4819/5925/5089
f 4615/5925/5090 4820/5925/5091 4818/5925/5090
f 4607/5925/5092 4821/5925/5093 4820/5925/5091
f 4604/5925/5094 4811/5925/5094 4812/5925/5095
f 4809/5925/5096 4811/5925/5094 4605/5925/5096
f 4568/5925/5097 4805/5925/5098 4803/5925/5097
f 4571/5925/5099 4800/5925/5099 4799/5925/1240
f 4570/5925/5100 4801/5925/5101 4800/5925/5099
f 4801/5925/5101 4579/5925/5102 4797/5925/5102
f 4797/5925/5102 4577/5925/5103 4798/5925/5103
f 4798/5925/5103 4576/5925/5104 4796/5925/5104
f 4580/5925/5105 4788/5925/5105 4787/5925/5106
f 4575/5925/5107 4795/5925/5107 4789/5925/5108
f 4575/5925/5107 4794/5925/5109 4795/5925/5107
f 4574/5925/5109 4793/5925/5110 4794/5925/5109
f 4573/5925/5110 4792/5925/5111 4793/5925/5110
f 4565/5925/5112 4564/5925/5113 4790/5925/5113
f 4566/5925/5114 4802/5925/5114 4791/5925/5114
f 4813/5925/5115 4608/5925/5116 4814/5925/5116
f 4814/5925/5116 4610/5925/5117 4817/5925/5117
f 4611/5925/5118 4817/5925/5117 4610/5925/5117
f 4611/5925/5118 4815/5925/5119 4816/5925/5120
f 4616/5925/5119 4822/5925/5088 4815/5925/5119
f 4590/5925/5121 4785/5925/5122 4784/5925/5121
f 4588/5925/5123 4777/5925/5123 4778/5925/5124
f 4589/5925/5125 4777/5925/5123 4588/5925/5123
f 4592/5925/5126 4779/5925/5125 4589/5925/5125
f 4593/5925/5127 4780/5925/5126 4592/5925/5126
f 4769/5925/5128 4771/5925/5128 4595/5925/5128
f 4766/5925/5129 4601/5925/5130 4764/5925/5130
f 4764/5925/5130 4597/5925/5131 4767/5925/5131
f 4647/5925/5132 4758/5925/5132 4757/5925/5133
f 4647/5925/5132 4756/5925/5134 4758/5925/5132
f 4648/5925/5134 4755/5925/5135 4756/5925/5134
f 4646/5925/5135 4761/5925/5136 4755/5925/5135
f 4650/5925/5136 4753/5925/5137 4761/5925/5136
f 4753/5925/5137 4643/5925/5138 4752/5925/5138
f 4752/5925/5138 4642/5925/5139 4751/5925/5139
f 4751/5925/5139 4644/5925/5140 4754/5925/5140
f 4754/5925/5140 4649/5925/5141 4760/5925/5141
f 4759/5925/5142 4760/5925/5141 4596/5925/5142
f 4770/5925/5143 4768/5925/5143 4594/5925/5143
f 4583/5925/5144 4781/5925/5145 4776/5925/5146
f 4586/5925/5147 4781/5925/5145 4583/5925/5144
f 4585/5925/5148 4783/5925/5147 4586/5925/5147
f 4585/5925/5148 4786/5925/5149 4782/5925/5148
f 4584/5925/5149 4784/5925/5121 4786/5925/5149
f 4504/5925/5150 4750/5925/5151 4749/5925/5150
f 4499/5925/5152 4744/5925/5152 4743/5925/5153
f 4499/5925/5152 4745/5925/5154 4744/5925/5152
f 4465/5925/5155 4463/5925/5156 4739/5925/5156
f 4463/5925/5156 4738/5925/5157 4739/5925/5156
f 4733/5925/5158 4735/5925/5158 4461/5925/5158
f 4481/5925/5159 4726/5925/5160 4731/5925/5159
f 4477/5925/5160 4727/5925/5161 4726/5925/5160
f 4474/5925/5162 4719/5925/5162 4725/5925/5163
f 4719/5925/5162 4471/5925/5164 4718/5925/5164
f 4718/5925/5164 4469/5925/5165 4715/5925/5165
f 4715/5925/5165 4470/5925/5166 4717/5925/5166
f 4717/5925/5166 4472/5925/5167 4716/5925/5167
f 4716/5925/5167 4473/5925/5168 4720/5925/5168
f 4476/5925/5169 4720/5925/5168 4473/5925/5168
f 4476/5925/5169 4721/5925/5170 4724/5925/5171
f 4479/5925/5170 4723/5925/5172 4721/5925/5170
f 4478/5925/5173 4728/5925/5173 4722/5925/5174
f 4729/5925/5175 4728/5925/5173 4467/5925/5175
f 4500/5925/5176 4740/5925/5177 4742/5925/5176
f 4501/5925/5178 4746/5925/5178 4741/5925/5179
f 4501/5925/5178 4748/5925/5180 4746/5925/5178
f 4503/5925/5180 4747/5925/5181 4748/5925/5180
f 4502/5925/5181 4749/5925/5150 4747/5925/5181
f 4507/5925/5182 4711/5925/5183 4710/5925/5182
f 4506/5925/5184 4705/5925/5185 4706/5925/5184
f 4705/5925/5185 4638/5925/5186 4704/5925/5186
f 4638/5925/5186 4703/5925/5187 4704/5925/5186
f 4703/5925/5187 4636/5925/5188 4702/5925/5188
f 4694/5925/5189 4696/5925/5189 4630/5925/5189
f 4634/5925/5190 4691/5925/5191 4695/5925/5190
f 4633/5925/5191 4690/5925/5192 4691/5925/5191
f 4680/5925/5193 4517/5925/5193 4679/5925/5194
f 4518/5925/5194 4683/5925/5195 4679/5925/5194
f 4520/5925/5196 4683/5925/5195 4521/5925/5195
f 4519/5925/5197 4682/5925/5196 4520/5925/5196
f 4527/5925/5198 4681/5925/5197 4519/5925/5197
f 4522/5925/5199 4689/5925/5198 4527/5925/5198
f 4526/5925/5200 4685/5925/5199 4522/5925/5199
f 4523/5925/5201 4684/5925/5200 4526/5925/5200
f 4525/5925/5202 4687/5925/5201 4523/5925/5201
f 4686/5925/5203 4688/5925/5202 4524/5925/5203
f 4700/5925/5204 4698/5925/5204 4516/5925/5204
f 4640/5925/5205 4708/5925/5206 4707/5925/5205
f 4709/5925/5207 4708/5925/5206 4510/5925/5207
f 4511/5925/5208 4712/5925/5209 4713/5925/5208
f 4509/5925/5209 4714/5925/5210 4712/5925/5209
f 4512/5925/5210 4710/5925/5182 4714/5925/5210
f 4673/5925/5211 4924/5925/5212 4923/5925/5211
f 4670/5925/5212 4925/5925/5213 4924/5925/5212
f 4672/5925/5213 4922/5925/5214 4925/5925/5213
f 4668/5925/5215 4918/5925/5215 4919/5925/5216
f 4918/5925/5215 4671/5925/5217 4920/5925/5217
f 4913/5925/5218 4914/5925/5218 4529/5925/5218
f 4532/5925/5219 4907/5925/5220 4904/5925/5221
f 4534/5925/5222 4907/5925/5220 4533/5925/5220
f 4538/5925/5223 4906/5925/5222 4534/5925/5222
f 4536/5925/5224 4895/5925/5224 4896/5925/5225
f 4535/5925/5226 4895/5925/5224 4536/5925/5224
f 4537/5925/5227 4898/5925/5226 4535/5925/5226
f 4543/5925/5228 4903/5925/5229 4897/5925/5227
f 4542/5925/5230 4899/5925/5231 4903/5925/5229
f 4539/5925/5232 4899/5925/5231 4541/5925/5231
f 4540/5925/5233 4900/5925/5232 4539/5925/5232
f 4544/5925/5234 4908/5925/5234 4902/5925/5235
f 4545/5925/5236 4908/5925/5234 4544/5925/5234
f 4910/5925/5237 4909/5925/5236 4531/5925/5237
f 4928/5925/5238 4677/5925/5239 4927/5925/5239
f 4927/5925/5239 4678/5925/5240 4929/5925/5240
f 4929/5925/5240 4674/5925/5241 4926/5925/5241
f 4674/5925/5241 4930/5925/5242 4926/5925/5241
f 4675/5925/5242 4923/5925/5211 4930/5925/5242
f 4547/5925/5243 4885/5925/5244 4886/5925/5243
f 4548/5925/5244 4887/5925/5245 4885/5925/5244
f 4551/5925/5245 4893/5925/5246 4887/5925/5245
f 4550/5925/5246 4892/5925/5247 4893/5925/5246
f 4554/5925/5248 4882/5925/5248 4883/5925/5249
f 4880/5925/5250 4882/5925/5248 4482/5925/5250
f 4657/5925/5251 4868/5925/5251 4866/5925/5252
f 4657/5925/5251 4867/5925/5253 4868/5925/5251
f 4655/5925/5253 4871/5925/5254 4867/5925/5253
f 4653/5925/5255 4872/5925/5256 4871/5925/5254
f 4660/5925/5256 4870/5925/5257 4872/5925/5256
f 4662/5925/5258 4862/5925/5258 4861/5925/5258
f 4663/5925/5259 4862/5925/5260 4662/5925/5260
f 4665/5925/5261 4863/5925/5259 4663/5925/5259
f 4661/5925/5262 4873/5925/5262 4860/5925/5263
f 4873/5925/5262 4659/5925/5264 4874/5925/5264
f 4656/5925/5265 4658/5925/5266 4869/5925/5267
f 4869/5925/5267 4652/5925/5268 4865/5925/5268
s 0
f 4877/5925/5269 4864/5925/5269 4652/5925/5269
s 1
f 4555/5925/5270 4891/5925/5271 4890/5925/5270
f 4556/5925/5271 4889/5925/5272 4891/5925/5271
f 4557/5925/5272 4894/5925/5273 4889/5925/5272
f 4549/5925/5273 4888/5925/5274 4894/5925/5273
f 4552/5925/5275 4886/5925/5243 4888/5925/5274
f 4465/5926/931 2251/2685/2839 4463/5927/3727
f 2251/2685/2839 2253/2687/2841 4462/3933/931
f 4463/5927/3727 2251/2685/2839 4462/3933/931
f 2253/2687/2841 2272/2716/2860 4468/3937/931
f 4481/5928/931 4468/3937/931 2272/2716/2860
f 3136/3934/931 4467/3938/931 4478/5929/931
f 3136/3934/931 4478/5929/931 4480/5930/931
f 4481/5928/931 2272/2716/2860 4477/5931/931
f 2272/2716/2860 2276/2723/2864 4475/5932/931
f 4477/5931/931 2272/2716/2860 4475/5932/931
f 3136/3934/931 4480/5930/931 4479/5933/931
f 3136/3934/931 4479/5933/931 4476/5934/3727
f 4474/5935/931 4475/5932/931 2276/2723/2864
f 3136/3934/931 4476/5934/3727 4473/5936/931
f 3136/3934/931 4473/5936/931 2276/2723/2864
f 4473/5936/931 4472/3939/3724 2276/2723/2864
f 4471/5937/931 4474/5935/931 2276/2723/2864
f 4469/5938/931 4471/5937/931 2276/2723/2864
f 4470/3940/931 4469/5938/931 2276/2723/2864
f 4482/3943/931 2282/2732/2870 2281/2731/2869
f 2311/3945/2899 2310/2773/2898 4495/5939/931
f 2310/2773/2898 4494/5940/931 4495/5939/931
f 4490/5941/931 4496/3969/931 3136/3934/931
f 4489/5942/931 4490/5941/931 3136/3934/931
f 2311/3945/2899 4495/5939/931 4493/5943/931
f 2311/3945/2899 4493/5943/931 4491/5944/931
f 4487/5945/931 4489/5942/931 3136/3934/931
f 4486/5946/931 4487/5945/931 3136/3934/931
f 2311/3945/2899 4491/5944/931 4492/3946/931
f 4488/3947/3725 4486/5946/931 2311/3945/2899
f 4486/5946/931 3136/3934/931 2311/3945/2899
f 4500/5947/3724 4464/3935/931 3136/3934/931
f 2313/3677/2901 2251/2685/2839 4497/5948/931
f 2251/2685/2839 4465/5926/931 4497/5948/931
f 4498/5949/931 4500/5947/3724 3136/3934/931
f 4501/5950/931 4498/5949/931 3136/3934/931
f 2313/3677/2901 4497/5948/931 4499/5951/931
f 2313/3677/2901 4499/5951/931 4505/5952/931
f 4503/5953/931 4501/5950/931 3136/3934/931
f 4502/3949/931 4503/5953/931 2313/3677/2901
f 4503/5953/931 3136/3934/931 2313/3677/2901
f 2313/3677/2901 4505/5952/931 4504/3948/931
f 4511/5954/931 4510/5955/931 3136/3934/931
f 2280/2730/2868 2363/2847/2951 4506/5956/931
f 2280/2730/2868 4506/5956/931 4508/5957/931
f 4511/5954/931 3136/3934/931 4509/5958/931
f 3136/3934/931 2280/2730/2868 4509/5958/931
f 2280/2730/2868 4508/5957/931 4507/3950/931
f 4512/3951/3726 4509/5958/931 2280/2730/2868
f 2366/2849/2953 4513/4005/931 4514/3952/931
f 4518/5959/931 4517/5960/931 2389/2881/2977
f 3136/3934/931 4524/4010/931 4525/5961/931
f 3136/3934/931 4525/5961/931 4523/5962/931
f 4518/5959/931 2389/2881/2977 4521/5963/931
f 2389/2881/2977 2390/2880/2978 4521/5963/931
f 2390/2880/2978 3136/3934/931 4526/5964/931
f 3136/3934/931 4523/5962/931 4526/5964/931
f 4520/5965/931 4521/5963/931 2390/2880/2978
f 4519/5966/931 4520/5965/931 2390/2880/2978
f 2390/2880/2978 4526/5964/931 4522/3955/931
f 4527/3956/931 4519/5966/931 2390/2880/2978
f 4528/3958/931 4529/4024/931 2417/2925/3005
f 2417/2925/3005 2419/2927/3007 4528/3958/931
f 4533/5967/931 4532/3957/931 2419/2927/3007
f 2421/2931/3009 4543/5968/931 4537/5969/3724
f 2421/2931/3009 4537/5969/3724 4535/5970/931
f 4533/5967/931 2419/2927/3007 4534/5971/931
f 2419/2927/3007 2421/2931/3009 4534/5971/931
f 2421/2931/3009 4535/5970/931 4536/3961/931
f 4538/3962/931 4534/5971/931 2421/2931/3009
f 3136/3934/931 4531/3960/931 4545/5972/931
f 3136/3934/931 4545/5972/931 4544/5973/931
f 4541/5974/931 4542/3965/931 3136/3934/931
f 4539/3964/3727 4541/5974/931 3136/3934/931
f 3136/3934/931 4544/5973/931 4540/3963/931
f 4546/3966/931 4543/5968/931 2425/2936/3013
f 4543/5968/931 2421/2931/3009 2425/2936/3013
f 2425/2936/3013 3136/3934/931 4542/3965/931
f 4555/5975/931 4483/3942/931 3136/3934/931
f 2425/2936/3013 2282/2732/2870 4554/5976/931
f 2282/2732/2870 4482/3943/931 4554/5976/931
f 4556/5977/3727 4555/5975/931 3136/3934/931
f 4557/5978/3725 4556/5977/3727 3136/3934/931
f 2425/2936/3013 4554/5976/931 4553/5979/931
f 2425/2936/3013 4553/5979/931 4550/5980/931
f 4549/5981/931 4557/5978/3725 3136/3934/931
f 4552/3968/931 4549/5981/931 3136/3934/931
f 2425/2936/3013 4550/5980/931 4551/5982/931
f 2425/2936/3013 4551/5982/931 4548/5983/931
f 4552/3968/931 3136/3934/931 2425/2936/3013
f 2425/2936/3013 4548/5983/931 4547/3967/3727
f 4560/3972/3724 4494/5940/931 2310/2773/2898
f 2310/2773/2898 2806/3358/3394 4558/3971/931
f 2806/3358/3394 4559/3974/931 4558/3971/931
f 2806/3358/3394 2810/3365/3398 4563/3973/931
f 4568/3977/931 4569/3998/931 2813/3518/3401
f 2813/3518/3401 2812/3978/3400 4568/3977/931
f 2812/3978/3400 4570/5984/931 4571/5985/931
f 2812/3978/3400 4571/5985/931 4567/3976/931
f 3136/3934/931 4566/3999/931 4564/3979/931
f 4578/5986/931 4570/5984/931 2812/3978/3400
f 3136/3934/931 4565/3980/931 4572/5987/931
f 3136/3934/931 4572/5987/931 4573/5988/931
f 4578/5986/931 2812/3978/3400 2815/3920/3403
f 4579/5989/931 4578/5986/931 2815/3920/3403
f 3136/3934/931 4573/5988/931 4574/5990/931
f 3136/3934/931 4574/5990/931 4575/3981/931
f 4577/5991/931 4579/5989/931 2815/3920/3403
f 4576/5992/931 4577/5991/931 2815/3920/3403
f 2815/3920/3403 3136/3934/931 4575/3981/931
f 4580/3982/3727 4576/5992/931 2815/3920/3403
f 4582/5993/931 4581/3988/931 3136/3934/931
f 2836/3400/3424 2837/3401/3425 4592/5994/931
f 2837/3401/3425 4587/3985/931 4593/5995/931
f 2837/3401/3425 4593/5995/931 4592/5994/931
f 4583/5996/931 4582/5993/931 3136/3934/931
f 4586/5997/931 4583/5996/931 3136/3934/931
f 2836/3400/3424 4592/5994/931 4589/5998/931
f 4585/5999/931 4586/5997/931 3136/3934/931
f 4584/3984/3724 4585/5999/931 2836/3400/3424
f 4585/5999/931 3136/3934/931 2836/3400/3424
f 2836/3400/3424 4589/5998/931 4588/6000/931
f 2836/3400/3424 4588/6000/931 4591/6001/931
f 2836/3400/3424 4591/6001/931 4590/3983/931
f 4587/3985/931 2837/3401/3425 2841/3405/3429
f 4600/3990/931 4595/3986/931 2841/3405/3429
f 2841/3405/3429 2845/3409/3433 4600/3990/931
f 2845/3409/3433 4598/6002/931 4597/6003/931
f 2845/3409/3433 4597/6003/931 4601/3989/931
f 3136/3934/931 4594/3987/931 4599/3991/931
f 4606/3994/931 4607/6004/931 2925/3512/3513
f 2925/3512/3513 2926/3511/3514 4604/3993/931
f 2926/3511/3514 4605/3997/931 4604/3993/931
f 4605/3997/931 2926/3511/3514 2813/3518/3401
f 4609/6005/931 4603/3996/931 3136/3934/931
f 2922/3505/3510 2925/3512/3513 4614/6006/931
f 2925/3512/3513 4607/6004/931 4614/6006/931
f 4608/6007/931 4609/6005/931 3136/3934/931
f 4610/6008/5276 4608/6007/931 3136/3934/931
f 2922/3505/3510 4614/6006/931 4615/6009/931
f 2922/3505/3510 4615/6009/931 4613/6010/931
f 4611/6011/931 4610/6008/5276 3136/3934/931
f 4616/4001/931 4611/6011/931 2922/3505/3510
f 4611/6011/931 3136/3934/931 2922/3505/3510
f 2922/3505/3510 4613/6010/931 4612/4000/931
f 4622/6012/931 4563/3973/931 2810/3365/3398
f 3136/3934/931 4562/3975/931 4617/6013/931
f 3136/3934/931 4617/6013/931 4618/6014/931
f 4622/6012/931 2810/3365/3398 4623/6015/3727
f 2810/3365/3398 2977/3604/3565 4626/6016/931
f 4623/6015/3727 2810/3365/3398 4626/6016/931
f 3136/3934/931 4618/6014/931 4619/6017/931
f 3136/3934/931 4619/6017/931 4620/6018/931
f 4625/6019/931 4626/6016/931 2977/3604/3565
f 3136/3934/931 4620/6018/931 4621/6020/931
f 3136/3934/931 4621/6020/931 2977/3604/3565
f 4621/6020/931 4629/4002/931 2977/3604/3565
f 4627/6021/931 4625/6019/931 2977/3604/3565
f 4628/6022/931 4627/6021/931 2977/3604/3565
f 4624/4003/931 4628/6022/931 2977/3604/3565
f 2366/2849/2953 3135/3917/3723 4630/4004/931
f 4630/4004/931 3135/3917/3723 4634/4008/931
f 3135/3917/3723 2389/2881/2977 4634/4008/931
f 2389/2881/2977 4517/5960/931 4632/6023/931
f 2389/2881/2977 4632/6023/931 4633/4007/931
f 3136/3934/931 4631/4006/931 4635/4009/931
f 4639/6024/931 4506/5956/931 2363/2847/2951
f 2363/2847/2951 2364/2850/2954 4637/4011/931
f 2364/2850/2954 4514/3952/931 4636/6025/931
f 2364/2850/2954 4636/6025/931 4637/4011/931
f 4638/4012/931 4639/6024/931 2363/2847/2951
f 3136/3934/931 4510/5955/931 4641/4013/3727
f 4640/4014/931 4516/3954/931 3136/3934/931
f 4647/6026/931 4598/6002/931 2845/3409/3433
f 3136/3934/931 4596/3992/931 4649/6027/931
f 3136/3934/931 4649/6027/931 4644/6028/931
f 4647/6026/931 2845/3409/3433 4648/6029/931
f 2845/3409/3433 3016/3676/3604 4648/6029/931
f 3136/3934/931 4644/6028/931 4642/6030/931
f 3136/3934/931 4642/6030/931 3016/3676/3604
f 4642/6030/931 4643/4015/931 3016/3676/3604
f 4646/6031/931 4648/6029/931 3016/3676/3604
f 4650/6032/931 4646/6031/931 3016/3676/3604
f 4645/4016/931 4650/6032/931 3016/3676/3604
f 4651/4018/931 4485/3944/931 2281/2731/2869
f 2306/2764/2894 4653/6033/5277 4654/6034/931
f 2306/2764/2894 4654/6034/931 4655/6035/931
f 4651/4018/931 2281/2731/2869 2306/2764/2894
f 2306/2764/2894 4655/6035/931 4657/4017/931
f 4658/4020/3724 4656/6036/3724 3136/3934/931
f 3136/3934/931 4484/3941/931 4652/4019/931
f 4660/6037/3724 4653/6033/5277 2306/2764/2894
f 3136/3934/931 4656/6036/3724 4659/6038/931
f 3136/3934/931 4659/6038/931 4661/6039/931
f 4660/6037/3724 2306/2764/2894 2311/3945/2899
f 4664/6040/931 4660/6037/3724 2311/3945/2899
f 2311/3945/2899 3136/3934/931 4665/6041/931
f 3136/3934/931 4661/6039/931 4665/6041/931
f 4662/4022/931 4664/6040/931 2311/3945/2899
f 2311/3945/2899 4665/6041/931 4663/4021/931
f 4666/4023/931 2415/3926/3003 2417/2925/3005
f 4676/6042/931 4667/4025/931 3136/3934/931
f 2394/2887/2982 2415/3926/3003 4668/6043/931
f 2415/3926/3003 4666/4023/931 4671/6044/931
f 2415/3926/3003 4671/6044/931 4668/6043/931
f 4677/6045/931 4676/6042/931 3136/3934/931
f 4678/6046/931 4677/6045/931 3136/3934/931
f 2394/2887/2982 4668/6043/931 4669/6047/931
f 4674/6048/931 4678/6046/931 3136/3934/931
f 4675/4027/931 4674/6048/931 3136/3934/931
f 2394/2887/2982 4669/6047/931 4672/6049/931
f 2394/2887/2982 4672/6049/931 4670/6050/931
f 4675/4027/931 3136/3934/931 2394/2887/2982
f 2394/2887/2982 4670/6050/931 4673/4026/931
f 4688/6051/154 4686/6052/154 4100/5793/154
f 4344/5554/4933 4342/5552/4931 4680/6053/154
f 4344/5554/4933 4680/6053/154 4679/6054/154
f 4687/6055/154 4688/6051/154 4100/5793/154
f 4684/6056/154 4687/6055/154 4100/5793/154
f 4344/5554/4933 4679/6054/154 4683/6057/154
f 4344/5554/4933 4683/6057/154 4682/6058/154
f 4685/6059/154 4684/6056/154 4100/5793/154
f 4689/5792/154 4685/6059/154 4100/5793/154
f 4344/5554/4933 4682/6058/154 4681/5791/154
f 4689/5792/154 4100/5793/154 4344/5554/4933
f 4100/5793/154 4686/6052/154 4692/5794/154
f 4690/6060/154 4680/6053/154 4342/5552/4931
f 4342/5552/4931 4346/5555/4934 4695/5796/154
f 4346/5555/4934 4694/5799/154 4695/5796/154
f 4691/5797/154 4690/6060/154 4342/5552/4931
f 4348/5559/4938 4696/5802/154 4694/5799/154
f 4348/5559/4938 4350/5561/4940 4699/5801/154
f 4350/5561/4940 4352/5563/4942 4701/5804/154
f 4708/5806/154 4709/6061/154 4100/5793/154
f 4100/5793/154 4700/5803/154 4707/5805/154
f 4702/6062/154 4701/5804/154 4352/5563/4942
f 4352/5563/4942 4354/5565/4944 4702/6062/154
f 4354/5565/4944 4706/6063/154 4705/6064/154
f 4354/5565/4944 4705/6064/154 4704/5807/154
f 4703/5808/154 4702/6062/154 4354/5565/4944
f 4100/5793/154 4709/6061/154 4713/6065/5050
f 4100/5793/154 4713/6065/5050 4712/6066/154
f 4706/6063/154 4354/5565/4944 4356/5567/4946
f 4711/6067/154 4706/6063/154 4356/5567/4946
f 4356/5567/4946 4100/5793/154 4712/6066/154
f 4356/5567/4946 4712/6066/154 4714/5809/154
f 4710/5810/154 4711/6067/154 4356/5567/4946
f 4723/6068/154 4722/6069/2422 4100/5793/154
f 4360/5571/4950 4362/5573/4952 4725/6070/154
f 4360/5571/4950 4725/6070/154 4719/6071/154
f 4721/6072/154 4723/6068/154 4100/5793/154
f 4724/6073/154 4721/6072/154 4100/5793/154
f 4360/5571/4950 4719/6071/154 4718/6074/154
f 4360/5571/4950 4718/6074/154 4715/6075/2422
f 4720/6076/154 4724/6073/154 4100/5793/154
f 4716/5812/5051 4720/6076/154 4360/5571/4950
f 4720/6076/154 4100/5793/154 4360/5571/4950
f 4360/5571/4950 4715/6075/2422 4717/5811/5050
f 4100/5793/154 4722/6069/2422 4728/5813/154
f 4725/6070/154 4362/5573/4952 4727/6077/154
f 4362/5573/4952 4364/5575/4954 4726/5816/154
f 4727/6077/154 4362/5573/4952 4726/5816/154
f 4364/5575/4954 4730/5818/154 4731/5815/154
f 4366/5577/4956 4733/5821/154 4730/5818/154
f 4366/5577/4956 4368/5579/4958 4735/5820/154
f 4368/5579/4958 4370/5581/4960 4737/5823/154
f 4740/5824/154 4741/6078/2422 4100/5793/154
f 4100/5793/154 4736/5822/154 4742/5825/2422
f 4737/5823/154 4370/5581/4960 4738/5827/154
f 4370/5581/4960 4372/5583/4962 4738/5827/154
f 4372/5583/4962 4743/6079/5050 4744/6080/5278
f 4372/5583/4962 4744/6080/5278 4745/6081/154
f 4372/5583/4962 4745/6081/154 4739/5826/154
f 4743/6079/5050 4372/5583/4962 4374/5585/4964
f 4100/5793/154 4741/6078/2422 4746/6082/2422
f 4100/5793/154 4746/6082/2422 4748/5828/154
f 4750/6083/154 4743/6079/5050 4374/5585/4964
f 4749/6084/154 4750/6083/154 4374/5585/4964
f 4374/5585/4964 4100/5793/154 4748/5828/154
f 4747/5829/2422 4749/6084/154 4374/5585/4964
f 4760/6085/154 4759/6086/154 4100/5793/154
f 4378/5589/4968 4380/5591/4970 4757/6087/154
f 4378/5589/4968 4757/6087/154 4758/6088/154
f 4754/6089/2422 4760/6085/154 4100/5793/154
f 4751/6090/154 4754/6089/2422 4100/5793/154
f 4378/5589/4968 4758/6088/154 4756/6091/154
f 4378/5589/4968 4756/6091/154 4755/6092/154
f 4752/6093/154 4751/6090/154 4100/5793/154
f 4753/5831/154 4752/6093/154 4378/5589/4968
f 4752/6093/154 4100/5793/154 4378/5589/4968
f 4378/5589/4968 4755/6092/154 4761/5830/154
f 4100/5793/154 4759/6086/154 4763/5832/154
f 4767/5835/154 4757/6087/154 4380/5591/4970
f 4380/5591/4970 4382/5593/4972 4764/5834/154
f 4382/5593/4972 4765/5837/154 4766/6094/154
f 4382/5593/4972 4766/6094/154 4764/5834/154
f 4384/5595/4974 4769/5840/154 4765/5837/154
f 4384/5595/4974 4386/5597/4976 4771/5839/154
f 4386/5597/4976 4388/5599/4978 4773/5842/154
f 4100/5793/154 4772/5841/154 4774/5843/154
f 4775/6095/154 4773/5842/154 4388/5599/4978
f 4388/5599/4978 4390/5601/4980 4775/6095/154
f 4390/5601/4980 4778/6096/154 4777/6097/154
f 4390/5601/4980 4777/6097/154 4779/5845/154
f 4780/5846/154 4775/6095/154 4390/5601/4980
f 4778/6096/154 4390/5601/4980 4392/5603/4982
f 4100/5793/154 4776/5844/5052 4781/6098/5279
f 4100/5793/154 4781/6098/5279 4783/6099/154
f 4785/6100/154 4778/6096/154 4392/5603/4982
f 4784/6101/154 4785/6100/154 4392/5603/4982
f 4100/5793/154 4783/6099/154 4782/5847/154
f 4786/5848/5053 4784/6101/154 4392/5603/4982
f 4100/5793/154 4782/5847/154 4392/5603/4982
f 4789/6102/5050 4100/5793/154 4394/5605/4984
f 4394/5605/4984 4396/5607/4986 4787/5849/5054
f 4788/5850/5055 4789/6102/5050 4394/5605/4984
f 4790/6103/154 4791/5855/154 4100/5793/154
f 4100/5793/154 4789/6102/5050 4795/6104/154
f 4100/5793/154 4795/6104/154 4794/6105/154
f 4792/5852/154 4790/6103/154 4100/5793/154
f 4100/5793/154 4794/6105/154 4793/5851/154
f 4796/6106/5050 4787/5849/5054 4396/5607/4986
f 4396/5607/4986 4398/5609/4988 4800/6107/154
f 4398/5609/4988 4799/6108/154 4800/6107/154
f 4798/6109/154 4796/6106/5050 4396/5607/4986
f 4797/5854/154 4798/6109/154 4396/5607/4986
f 4396/5607/4986 4800/6107/154 4801/5853/154
f 4805/5858/154 4799/6108/154 4398/5609/4988
f 4398/5609/4988 4400/5611/4990 4803/5857/154
f 4400/5611/4990 4804/5860/154 4803/5857/154
f 4402/5613/4992 4807/5863/154 4804/5860/154
f 4402/5613/4992 4404/5615/4994 4809/5862/154
f 4811/5866/154 4809/5862/154 4404/5615/4994
f 4404/5615/4994 4406/5617/4996 4811/5866/154
f 4821/6110/154 4812/5865/154 4406/5617/4996
f 4100/5793/154 4810/5864/154 4813/6111/154
f 4100/5793/154 4813/6111/154 4814/6112/154
f 4821/6110/154 4406/5617/4996 4408/5619/4998
f 4820/6113/154 4821/6110/154 4408/5619/4998
f 4100/5793/154 4814/6112/154 4817/6114/154
f 4100/5793/154 4817/6114/154 4816/6115/2422
f 4818/6116/154 4820/6113/154 4408/5619/4998
f 4819/6117/154 4818/6116/154 4408/5619/4998
f 4100/5793/154 4816/6115/2422 4815/5867/5050
f 4822/5868/154 4819/6117/154 4408/5619/4998
f 4408/5619/4998 4100/5793/154 4815/5867/5050
f 4412/5623/5002 4414/5626/5005 4830/6118/154
f 4414/5626/5005 4831/6119/154 4830/6118/154
f 4823/6120/154 4824/6121/154 4100/5793/154
f 4825/6122/154 4823/6120/154 4100/5793/154
f 4412/5623/5002 4830/6118/154 4832/6123/154
f 4412/5623/5002 4832/6123/154 4828/6124/154
f 4826/6125/154 4825/6122/154 4100/5793/154
f 4827/6126/154 4826/6125/154 4100/5793/154
f 4412/5623/5002 4828/6124/154 4829/5869/154
f 4833/5870/5056 4827/6126/154 4412/5623/5002
f 4827/6126/154 4100/5793/154 4412/5623/5002
f 4839/5872/154 4831/6119/154 4414/5626/5005
f 4414/5626/5005 4416/5627/5006 4838/5871/154
f 4416/5627/5006 4836/5875/154 4837/6127/154
f 4416/5627/5006 4837/6127/154 4838/5871/154
f 4100/5793/154 4824/6121/154 4835/5873/154
f 4418/5629/5008 4841/5878/154 4836/5875/154
f 4418/5629/5008 4420/5631/5010 4843/5877/154
f 4420/5631/5010 4422/5633/5012 4845/5880/154
f 4845/5880/154 4422/5633/5012 4850/5883/154
f 4422/5633/5012 4424/5635/5014 4850/5883/154
f 4424/5635/5014 4847/6128/154 4851/6129/154
f 4424/5635/5014 4851/6129/154 4849/5882/154
f 4100/5793/154 4844/5881/154 4848/5884/5050
f 4847/6128/154 4424/5635/5014 4426/5637/5016
f 4100/5793/154 4846/5885/5057 4854/6130/2422
f 4100/5793/154 4854/6130/2422 4853/6131/5050
f 4856/6132/154 4847/6128/154 4426/5637/5016
f 4857/6133/154 4856/6132/154 4426/5637/5016
f 4100/5793/154 4853/6131/5050 4852/6134/154
f 4100/5793/154 4852/6134/154 4426/5637/5016
f 4852/6134/154 4858/5886/154 4426/5637/5016
f 4855/5887/154 4857/6133/154 4426/5637/5016
f 4426/5637/5016 4428/5639/5018 4861/6135/154
f 4426/5637/5016 4861/6135/154 4862/6136/154
f 4859/5888/154 4860/6137/154 4100/5793/154
f 4426/5637/5016 4862/6136/154 4863/6138/154
f 4863/6138/154 4859/5888/154 4426/5637/5016
f 4100/5793/154 4860/6137/154 4873/6139/5050
f 4100/5793/154 4873/6139/5050 4874/6140/2422
f 4865/5890/154 4864/5893/154 4100/5793/154
f 4100/5793/154 4874/6140/2422 4869/5889/154
f 4870/6141/154 4861/6135/154 4428/5639/5018
f 4428/5639/5018 4430/5641/5020 4867/5891/154
f 4430/5641/5020 4866/6142/5050 4868/6143/154
f 4430/5641/5020 4868/6143/154 4867/5891/154
f 4872/6144/154 4870/6141/154 4428/5639/5018
f 4871/5892/154 4872/6144/154 4428/5639/5018
f 4875/5896/154 4866/6142/5050 4430/5641/5020
f 4430/5641/5020 4432/5643/5022 4875/5896/154
f 4434/5645/5024 4879/5900/154 4876/5895/154
f 4434/5645/5024 4436/5647/5026 4880/5899/154
f 4882/5903/154 4880/5899/154 4436/5647/5026
f 4436/5647/5026 4438/5649/5028 4882/5903/154
f 4892/6145/154 4883/5902/154 4438/5649/5028
f 4100/5793/154 4884/5901/154 4890/6146/154
f 4100/5793/154 4890/6146/154 4891/6147/154
f 4892/6145/154 4438/5649/5028 4440/5651/5030
f 4893/6148/154 4892/6145/154 4440/5651/5030
f 4100/5793/154 4891/6147/154 4889/6149/154
f 4100/5793/154 4889/6149/154 4894/6150/2422
f 4887/6151/2422 4893/6148/154 4440/5651/5030
f 4885/6152/154 4887/6151/2422 4440/5651/5030
f 4100/5793/154 4894/6150/2422 4888/5904/5050
f 4886/5905/2422 4885/6152/154 4440/5651/5030
f 4440/5651/5030 4100/5793/154 4888/5904/5050
f 4901/6153/154 4902/6154/154 4100/5793/154
f 4442/5653/5032 4444/5655/5034 4896/6155/154
f 4442/5653/5032 4896/6155/154 4895/6156/154
f 4900/6157/154 4901/6153/154 4100/5793/154
f 4899/5907/154 4900/6157/154 4100/5793/154
f 4442/5653/5032 4895/6156/154 4898/6158/154
f 4442/5653/5032 4898/6158/154 4897/6159/154
f 4899/5907/154 4100/5793/154 4442/5653/5032
f 4442/5653/5032 4897/6159/154 4903/5906/5050
f 4909/5909/154 4910/5912/154 4100/5793/154
f 4100/5793/154 4902/6154/154 4908/5908/154
f 4911/6160/154 4896/6155/154 4444/5655/5034
f 4444/5655/5034 4446/5657/5036 4907/5910/154
f 4446/5657/5036 4905/5914/154 4904/6161/154
f 4446/5657/5036 4904/6161/154 4907/5910/154
f 4906/5911/154 4911/6160/154 4444/5655/5034
f 4448/5659/5038 4913/5916/154 4905/5914/154
f 4450/5661/5040 4914/5919/154 4913/5916/154
f 4450/5661/5040 4452/5663/5042 4916/5918/154
f 4920/5922/154 4916/5918/154 4452/5663/5042
f 4452/5663/5042 4454/5665/5044 4920/5922/154
f 4454/5665/5044 4919/6162/154 4918/5921/154
f 4922/6163/154 4919/6162/154 4454/5665/5044
f 4100/5793/154 4921/5920/154 4928/6164/154
f 4100/5793/154 4928/6164/154 4927/6165/154
f 4922/6163/154 4454/5665/5044 4456/5667/5046
f 4925/6166/154 4922/6163/154 4456/5667/5046
f 4100/5793/154 4927/6165/154 4929/6167/154
f 4100/5793/154 4929/6167/154 4926/5923/154
f 4924/6168/154 4925/6166/154 4456/5667/5046
f 4923/6169/154 4924/6168/154 4456/5667/5046
f 4456/5667/5046 4100/5793/154 4926/5923/154
f 4930/5924/154 4923/6169/154 4456/5667/5046
f 4492/5925/5058 4491/5925/5059 4857/5925/5059
f 4491/5925/5059 4493/5925/5060 4856/5925/5060
f 4856/5925/5060 4493/5925/5060 4847/5925/5062
f 4493/5925/5060 4495/5925/5061 4847/5925/5062
f 4851/5925/5061 4495/5925/5061 4494/5925/5063
f 4494/5925/5063 4560/5925/5064 4849/5925/5064
f 4558/5925/5065 4850/5925/5065 4849/5925/5064
f 4843/5925/5066 4845/5925/5066 4558/5925/5065
f 4845/5925/5066 4850/5925/5065 4558/5925/5065
f 4558/5925/5065 4559/5925/5066 4843/5925/5066
f 4563/5925/5066 4622/5925/5067 4837/5925/5067
f 4559/5925/5066 4563/5925/5066 4841/5925/5066
f 4841/5925/5066 4843/5925/5066 4559/5925/5066
f 4563/5925/5066 4837/5925/5067 4836/5925/5066
f 4622/5925/5067 4623/5925/5068 4838/5925/5068
f 4623/5925/5068 4626/5925/5069 4839/5925/5069
f 4839/5925/5069 4626/5925/5069 4831/5925/5071
f 4626/5925/5069 4625/5925/5070 4831/5925/5071
f 4627/5925/5072 4832/5925/5072 4830/5925/5070
f 4628/5925/5073 4828/5925/5073 4832/5925/5072
f 4624/5925/5074 4829/5925/5074 4828/5925/5073
f 4829/5925/5074 4624/5925/5074 4629/5925/5075
f 4833/5925/5075 4629/5925/5075 4621/5925/5076
f 4827/5925/5076 4621/5925/5076 4620/5925/5077
f 4620/5925/5077 4619/5925/5078 4825/5925/5078
f 4619/5925/5078 4618/5925/5280 4823/5925/5079
f 4824/5925/5081 4823/5925/5079 4618/5925/5280
f 4618/5925/5280 4617/5925/5080 4824/5925/5081
f 4834/5925/5082 4835/5925/5080 4562/5925/5082
f 4835/5925/5080 4617/5925/5080 4562/5925/5082
f 4842/5925/5082 4840/5925/5082 4561/5925/5082
f 4840/5925/5082 4834/5925/5082 4562/5925/5082
f 4561/5925/5082 4840/5925/5082 4562/5925/5082
f 4848/5925/5281 4844/5925/5082 4496/5925/5082
f 4844/5925/5082 4842/5925/5082 4561/5925/5082
f 4496/5925/5082 4490/5925/5281 4848/5925/5281
f 4846/5925/5084 4848/5925/5281 4490/5925/5281
f 4490/5925/5281 4489/5925/5083 4846/5925/5084
f 4489/5925/5083 4487/5925/5085 4853/5925/5085
f 4487/5925/5085 4486/5925/5086 4852/5925/5086
f 4486/5925/5086 4488/5925/5087 4858/5925/5087
f 4488/5925/5087 4492/5925/5058 4855/5925/5058
f 4612/5925/5088 4613/5925/5089 4819/5925/5089
f 4613/5925/5089 4615/5925/5090 4818/5925/5090
f 4615/5925/5090 4614/5925/5091 4820/5925/5091
f 4820/5925/5091 4614/5925/5091 4607/5925/5092
f 4607/5925/5092 4606/5925/5282 4821/5925/5093
f 4821/5925/5093 4606/5925/5282 4812/5925/5095
f 4606/5925/5282 4604/5925/5094 4812/5925/5095
f 4811/5925/5094 4604/5925/5094 4605/5925/5096
f 4605/5925/5096 4569/5925/5096 4807/5925/5096
f 4569/5925/5096 4568/5925/5097 4804/5925/5096
f 4568/5925/5097 4803/5925/5097 4804/5925/5096
f 4804/5925/5096 4807/5925/5096 4569/5925/5096
f 4807/5925/5096 4809/5925/5096 4605/5925/5096
f 4568/5925/5097 4567/5925/5098 4805/5925/5098
f 4805/5925/5098 4567/5925/5098 4799/5925/1240
f 4567/5925/5098 4571/5925/5099 4799/5925/1240
f 4800/5925/5099 4571/5925/5099 4570/5925/5100
f 4570/5925/5100 4578/5925/5101 4801/5925/5101
f 4801/5925/5101 4578/5925/5101 4579/5925/5102
f 4797/5925/5102 4579/5925/5102 4577/5925/5103
f 4798/5925/5103 4577/5925/5103 4576/5925/5104
f 4787/5925/5106 4796/5925/5104 4576/5925/5104
f 4576/5925/5104 4580/5925/5105 4787/5925/5106
f 4789/5925/5108 4788/5925/5105 4580/5925/5105
f 4580/5925/5105 4575/5925/5107 4789/5925/5108
f 4575/5925/5107 4574/5925/5109 4794/5925/5109
f 4574/5925/5109 4573/5925/5110 4793/5925/5110
f 4573/5925/5110 4572/5925/5111 4792/5925/5111
f 4790/5925/5113 4792/5925/5111 4565/5925/5112
f 4792/5925/5111 4572/5925/5111 4565/5925/5112
f 4791/5925/5114 4790/5925/5113 4564/5925/5113
f 4564/5925/5113 4566/5925/5114 4791/5925/5114
f 4566/5925/5114 4602/5925/5114 4806/5925/5114
f 4802/5925/5114 4566/5925/5114 4806/5925/5114
f 4602/5925/5114 4603/5925/5114 4810/5925/5114
f 4603/5925/5114 4609/5925/5115 4813/5925/5115
f 4810/5925/5114 4603/5925/5114 4813/5925/5115
f 4808/5925/5114 4806/5925/5114 4602/5925/5114
f 4810/5925/5114 4808/5925/5114 4602/5925/5114
f 4813/5925/5115 4609/5925/5115 4608/5925/5116
f 4814/5925/5116 4608/5925/5116 4610/5925/5117
f 4611/5925/5118 4816/5925/5120 4817/5925/5117
f 4611/5925/5118 4616/5925/5119 4815/5925/5119
f 4616/5925/5119 4612/5925/5088 4822/5925/5088
f 4590/5925/5121 4591/5925/5122 4785/5925/5122
f 4785/5925/5122 4591/5925/5122 4778/5925/5124
f 4591/5925/5122 4588/5925/5123 4778/5925/5124
f 4589/5925/5125 4779/5925/5125 4777/5925/5123
f 4592/5925/5126 4780/5925/5126 4779/5925/5125
f 4593/5925/5127 4775/5925/5127 4780/5925/5126
f 4773/5925/5128 4775/5925/5127 4593/5925/5127
f 4593/5925/5127 4587/5925/5128 4773/5925/5128
f 4587/5925/5128 4595/5925/5128 4771/5925/5128
f 4773/5925/5128 4587/5925/5128 4771/5925/5128
f 4595/5925/5128 4600/5925/5129 4765/5925/5128
f 4600/5925/5129 4766/5925/5129 4765/5925/5128
f 4765/5925/5128 4769/5925/5128 4595/5925/5128
f 4766/5925/5129 4600/5925/5129 4601/5925/5130
f 4764/5925/5130 4601/5925/5130 4597/5925/5131
f 4757/5925/5133 4767/5925/5131 4598/5925/5133
f 4767/5925/5131 4597/5925/5131 4598/5925/5133
f 4598/5925/5133 4647/5925/5132 4757/5925/5133
f 4647/5925/5132 4648/5925/5134 4756/5925/5134
f 4648/5925/5134 4646/5925/5135 4755/5925/5135
f 4646/5925/5135 4650/5925/5136 4761/5925/5136
f 4650/5925/5136 4645/5925/5137 4753/5925/5137
f 4753/5925/5137 4645/5925/5137 4643/5925/5138
f 4752/5925/5138 4643/5925/5138 4642/5925/5139
f 4751/5925/5139 4642/5925/5139 4644/5925/5140
f 4754/5925/5140 4644/5925/5140 4649/5925/5141
f 4760/5925/5141 4649/5925/5141 4596/5925/5142
f 4596/5925/5142 4599/5925/5283 4763/5925/5283
f 4763/5925/5283 4759/5925/5142 4596/5925/5142
f 4762/5925/5143 4763/5925/5283 4599/5925/5283
f 4599/5925/5283 4594/5925/5143 4762/5925/5143
f 4594/5925/5143 4581/5925/5143 4770/5925/5143
f 4581/5925/5143 4582/5925/5284 4772/5925/5143
f 4582/5925/5284 4774/5925/5284 4772/5925/5143
f 4772/5925/5143 4770/5925/5143 4581/5925/5143
f 4768/5925/5143 4762/5925/5143 4594/5925/5143
f 4774/5925/5284 4582/5925/5284 4776/5925/5146
f 4582/5925/5284 4583/5925/5144 4776/5925/5146
f 4586/5925/5147 4783/5925/5147 4781/5925/5145
f 4585/5925/5148 4782/5925/5148 4783/5925/5147
f 4585/5925/5148 4584/5925/5149 4786/5925/5149
f 4584/5925/5149 4590/5925/5121 4784/5925/5121
f 4504/5925/5150 4505/5925/5151 4750/5925/5151
f 4750/5925/5151 4505/5925/5151 4743/5925/5153
f 4505/5925/5151 4499/5925/5152 4743/5925/5153
f 4499/5925/5152 4497/5925/5154 4745/5925/5154
f 4739/5925/5156 4745/5925/5154 4465/5925/5155
f 4745/5925/5154 4497/5925/5154 4465/5925/5155
f 4463/5925/5156 4462/5925/5157 4738/5925/5157
f 4737/5925/5158 4738/5925/5157 4462/5925/5157
f 4462/5925/5157 4461/5925/5158 4737/5925/5158
f 4461/5925/5158 4468/5925/5158 4733/5925/5158
f 4737/5925/5158 4461/5925/5158 4735/5925/5158
f 4468/5925/5158 4481/5925/5159 4731/5925/5159
f 4731/5925/5159 4730/5925/5158 4468/5925/5158
f 4730/5925/5158 4733/5925/5158 4468/5925/5158
f 4481/5925/5159 4477/5925/5160 4726/5925/5160
f 4477/5925/5160 4475/5925/5161 4727/5925/5161
f 4725/5925/5163 4727/5925/5161 4475/5925/5161
f 4475/5925/5161 4474/5925/5162 4725/5925/5163
f 4719/5925/5162 4474/5925/5162 4471/5925/5164
f 4718/5925/5164 4471/5925/5164 4469/5925/5165
f 4715/5925/5165 4469/5925/5165 4470/5925/5166
f 4717/5925/5166 4470/5925/5166 4472/5925/5167
f 4716/5925/5167 4472/5925/5167 4473/5925/5168
f 4476/5925/5169 4724/5925/5171 4720/5925/5168
f 4476/5925/5169 4479/5925/5170 4721/5925/5170
f 4479/5925/5170 4480/5925/5172 4723/5925/5172
f 4723/5925/5172 4480/5925/5172 4722/5925/5174
f 4480/5925/5172 4478/5925/5173 4722/5925/5174
f 4467/5925/5175 4466/5925/5175 4732/5925/5175
f 4466/5925/5175 4464/5925/5175 4736/5925/5175
f 4464/5925/5175 4500/5925/5176 4742/5925/5176
f 4736/5925/5175 4734/5925/5175 4466/5925/5175
f 4734/5925/5175 4732/5925/5175 4466/5925/5175
f 4464/5925/5175 4742/5925/5176 4736/5925/5175
f 4728/5925/5173 4478/5925/5173 4467/5925/5175
f 4467/5925/5175 4732/5925/5175 4729/5925/5175
f 4500/5925/5176 4498/5925/5177 4740/5925/5177
f 4740/5925/5177 4498/5925/5177 4741/5925/5179
f 4498/5925/5177 4501/5925/5178 4741/5925/5179
f 4501/5925/5178 4503/5925/5180 4748/5925/5180
f 4503/5925/5180 4502/5925/5181 4747/5925/5181
f 4502/5925/5181 4504/5925/5150 4749/5925/5150
f 4507/5925/5182 4508/5925/5183 4711/5925/5183
f 4706/5925/5184 4711/5925/5183 4508/5925/5183
f 4506/5925/5184 4639/5925/5185 4705/5925/5185
f 4706/5925/5184 4508/5925/5183 4506/5925/5184
f 4705/5925/5185 4639/5925/5185 4638/5925/5186
f 4638/5925/5186 4637/5925/5187 4703/5925/5187
f 4703/5925/5187 4637/5925/5187 4636/5925/5188
f 4701/5925/5189 4702/5925/5188 4636/5925/5188
f 4636/5925/5188 4514/5925/5189 4701/5925/5189
f 4514/5925/5189 4513/5925/5189 4699/5925/5189
f 4699/5925/5189 4513/5925/5189 4696/5925/5189
f 4630/5925/5189 4634/5925/5190 4694/5925/5189
f 4634/5925/5190 4695/5925/5190 4694/5925/5189
f 4513/5925/5189 4630/5925/5189 4696/5925/5189
f 4699/5925/5189 4701/5925/5189 4514/5925/5189
f 4634/5925/5190 4633/5925/5191 4691/5925/5191
f 4633/5925/5191 4632/5925/5192 4690/5925/5192
f 4680/5925/5193 4690/5925/5192 4632/5925/5192
f 4632/5925/5192 4517/5925/5193 4680/5925/5193
f 4517/5925/5193 4518/5925/5194 4679/5925/5194
f 4518/5925/5194 4521/5925/5195 4683/5925/5195
f 4520/5925/5196 4682/5925/5196 4683/5925/5195
f 4519/5925/5197 4681/5925/5197 4682/5925/5196
f 4527/5925/5198 4689/5925/5198 4681/5925/5197
f 4522/5925/5199 4685/5925/5199 4689/5925/5198
f 4526/5925/5200 4684/5925/5200 4685/5925/5199
f 4523/5925/5201 4687/5925/5201 4684/5925/5200
f 4525/5925/5202 4688/5925/5202 4687/5925/5201
f 4688/5925/5202 4525/5925/5202 4524/5925/5203
f 4524/5925/5203 4635/5925/5285 4686/5925/5203
f 4635/5925/5285 4692/5925/5285 4686/5925/5203
f 4697/5925/5204 4693/5925/5204 4631/5925/5204
f 4693/5925/5204 4692/5925/5285 4635/5925/5285
f 4697/5925/5204 4515/5925/5204 4698/5925/5204
f 4635/5925/5285 4631/5925/5204 4693/5925/5204
f 4631/5925/5204 4515/5925/5204 4697/5925/5204
f 4515/5925/5204 4516/5925/5204 4698/5925/5204
f 4516/5925/5204 4640/5925/5205 4700/5925/5204
f 4640/5925/5205 4707/5925/5205 4700/5925/5204
f 4640/5925/5205 4641/5925/5206 4708/5925/5206
f 4708/5925/5206 4641/5925/5206 4510/5925/5207
f 4510/5925/5207 4511/5925/5208 4713/5925/5208
f 4713/5925/5208 4709/5925/5207 4510/5925/5207
f 4511/5925/5208 4509/5925/5209 4712/5925/5209
f 4509/5925/5209 4512/5925/5210 4714/5925/5210
f 4512/5925/5210 4507/5925/5182 4710/5925/5182
f 4673/5925/5211 4670/5925/5212 4924/5925/5212
f 4670/5925/5212 4672/5925/5213 4925/5925/5213
f 4672/5925/5213 4669/5925/5214 4922/5925/5214
f 4919/5925/5216 4922/5925/5214 4669/5925/5214
f 4669/5925/5214 4668/5925/5215 4919/5925/5216
f 4918/5925/5215 4668/5925/5215 4671/5925/5217
f 4916/5925/5218 4920/5925/5217 4666/5925/5218
f 4920/5925/5217 4671/5925/5217 4666/5925/5218
f 4666/5925/5218 4529/5925/5218 4914/5925/5218
f 4916/5925/5218 4666/5925/5218 4914/5925/5218
f 4529/5925/5218 4528/5925/5221 4913/5925/5218
f 4528/5925/5221 4904/5925/5221 4905/5925/5218
f 4905/5925/5218 4913/5925/5218 4528/5925/5221
f 4904/5925/5221 4528/5925/5221 4532/5925/5219
f 4532/5925/5219 4533/5925/5220 4907/5925/5220
f 4534/5925/5222 4906/5925/5222 4907/5925/5220
f 4538/5925/5223 4911/5925/5223 4906/5925/5222
f 4911/5925/5223 4538/5925/5223 4896/5925/5225
f 4538/5925/5223 4536/5925/5224 4896/5925/5225
f 4535/5925/5226 4898/5925/5226 4895/5925/5224
f 4537/5925/5227 4897/5925/5227 4898/5925/5226
f 4897/5925/5227 4537/5925/5227 4543/5925/5228
f 4543/5925/5228 4546/5925/5229 4903/5925/5229
f 4903/5925/5229 4546/5925/5229 4542/5925/5230
f 4542/5925/5230 4541/5925/5231 4899/5925/5231
f 4539/5925/5232 4900/5925/5232 4899/5925/5231
f 4540/5925/5233 4901/5925/5233 4900/5925/5232
f 4901/5925/5233 4540/5925/5233 4902/5925/5235
f 4540/5925/5233 4544/5925/5234 4902/5925/5235
f 4545/5925/5236 4909/5925/5236 4908/5925/5234
f 4545/5925/5236 4531/5925/5237 4909/5925/5236
f 4531/5925/5237 4530/5925/5237 4910/5925/5237
f 4530/5925/5237 4667/5925/5237 4915/5925/5237
f 4667/5925/5237 4676/5925/5238 4921/5925/5237
f 4676/5925/5238 4928/5925/5238 4921/5925/5237
f 4921/5925/5237 4917/5925/5237 4667/5925/5237
f 4917/5925/5237 4915/5925/5237 4667/5925/5237
f 4915/5925/5237 4912/5925/5237 4530/5925/5237
f 4912/5925/5237 4910/5925/5237 4530/5925/5237
f 4928/5925/5238 4676/5925/5238 4677/5925/5239
f 4927/5925/5239 4677/5925/5239 4678/5925/5240
f 4929/5925/5240 4678/5925/5240 4674/5925/5241
f 4674/5925/5241 4675/5925/5242 4930/5925/5242
f 4675/5925/5242 4673/5925/5211 4923/5925/5211
f 4547/5925/5243 4548/5925/5244 4885/5925/5244
f 4548/5925/5244 4551/5925/5245 4887/5925/5245
f 4551/5925/5245 4550/5925/5246 4893/5925/5246
f 4550/5925/5246 4553/5925/5247 4892/5925/5247
f 4892/5925/5247 4553/5925/5247 4883/5925/5249
f 4553/5925/5247 4554/5925/5248 4883/5925/5249
f 4882/5925/5248 4554/5925/5248 4482/5925/5250
f 4482/5925/5250 4485/5925/5250 4879/5925/5250
f 4485/5925/5250 4651/5925/5286 4876/5925/5250
f 4651/5925/5286 4875/5925/5286 4876/5925/5250
f 4876/5925/5250 4879/5925/5250 4485/5925/5250
f 4879/5925/5250 4880/5925/5250 4482/5925/5250
f 4875/5925/5286 4651/5925/5286 4866/5925/5252
f 4651/5925/5286 4657/5925/5251 4866/5925/5252
f 4657/5925/5251 4655/5925/5253 4867/5925/5253
f 4655/5925/5253 4654/5925/5254 4871/5925/5254
f 4871/5925/5254 4654/5925/5254 4653/5925/5255
f 4653/5925/5255 4660/5925/5256 4872/5925/5256
f 4660/5925/5256 4664/5925/5287 4870/5925/5257
f 4870/5925/5257 4664/5925/5287 4861/5925/5258
f 4664/5925/5287 4662/5925/5258 4861/5925/5258
f 4663/5925/5259 4863/5925/5259 4862/5925/5260
f 4665/5925/5261 4859/5925/5261 4863/5925/5259
f 4859/5925/5261 4665/5925/5261 4860/5925/5263
f 4665/5925/5261 4661/5925/5262 4860/5925/5263
f 4873/5925/5262 4661/5925/5262 4659/5925/5264
f 4869/5925/5267 4874/5925/5264 4656/5925/5265
f 4874/5925/5264 4659/5925/5264 4656/5925/5265
f 4869/5925/5267 4658/5925/5266 4652/5925/5268
s 0
f 4864/5925/5269 4865/5925/5269 4652/5925/5269
f 4652/5925/5269 4484/5925/5269 4877/5925/5269
f 4484/5925/5269 4483/5925/5269 4878/5925/5269
f 4878/5925/5269 4483/5925/5269 4881/5925/5269
f 4483/5925/5269 4555/5925/5269 4884/5925/5269
f 4555/5925/5269 4890/5925/5269 4884/5925/5269
f 4884/5925/5269 4881/5925/5269 4483/5925/5269
f 4878/5925/5269 4877/5925/5269 4484/5925/5269
s 1
f 4555/5925/5270 4556/5925/5271 4891/5925/5271
f 4556/5925/5271 4557/5925/5272 4889/5925/5272
f 4557/5925/5272 4549/5925/5273 4894/5925/5273
f 4549/5925/5273 4552/5925/5275 4888/5925/5274
f 4552/5925/5275 4547/5925/5243 4886/5925/5243
