# Blender 4.0.0
# www.blender.org
o handle
v 0.041509 0.203949 -0.010427
v 0.041509 0.204072 -0.007653
v 0.041699 0.203718 -0.010397
v 0.041699 0.203245 -0.013079
v 0.041509 0.202529 -0.015728
v 0.041699 0.202314 -0.015639
v 0.041509 0.201229 -0.018185
v 0.041509 0.173610 0.011209
v 0.041699 0.173718 0.011007
v 0.041509 0.177988 0.012762
v 0.041699 0.170627 0.009211
v 0.041509 0.163459 -0.015728
v 0.041509 0.164759 -0.018185
v 0.041699 0.163674 -0.015639
v 0.041699 0.162742 -0.013079
v 0.041699 0.190980 -0.026973
v 0.041509 0.191069 -0.027188
v 0.041509 0.193513 -0.025900
v 0.041699 0.188420 -0.027904
v 0.041699 0.185738 -0.028377
v 0.041509 0.185768 -0.028608
v 0.041509 0.182994 -0.028731
v 0.041509 0.202529 0.000422
v 0.041509 0.201229 0.002879
v 0.041699 0.202314 0.000333
v 0.041699 0.203245 -0.002226
v 0.032585 0.179060 0.099859
v 0.032644 0.179000 0.099825
v 0.033853 0.180839 0.099825
v 0.030807 0.177792 0.099824
v 0.041699 0.175008 -0.026973
v 0.041509 0.172474 -0.025900
v 0.041509 0.174919 -0.027188
v 0.041699 0.177567 -0.027904
v 0.022405 0.178041 -0.026063
v 0.022133 0.175314 -0.026200
v 0.022088 0.175718 -0.025221
v 0.022650 0.185639 -0.027549
v 0.022564 0.185500 -0.026499
v 0.022405 0.187946 -0.026063
v 0.017763 0.165414 -0.014938
v 0.016792 0.163547 -0.012893
v 0.016794 0.164571 -0.012619
v 0.019734 0.192294 0.011433
v 0.017258 0.192324 0.011308
v 0.017250 0.187957 0.012829
v 0.019790 0.195515 0.009454
v 0.015238 0.162542 -0.002204
v 0.015238 0.163474 0.000396
v 0.015015 0.162810 -0.002274
v 0.015231 0.162067 -0.004904
v 0.041509 0.163459 0.000422
v 0.041699 0.163674 0.000333
v 0.041509 0.164759 0.002879
v 0.041699 0.162742 -0.002226
v 0.034129 0.185301 0.013609
v 0.033917 0.185175 0.013678
v 0.034565 0.182994 0.013902
v 0.032695 0.187037 0.013163
v 0.041764 0.201668 0.000067
v 0.041764 0.202569 -0.002408
v 0.041764 0.198941 0.004633
v 0.041764 0.197127 0.006732
v 0.041764 0.196632 -0.002388
v 0.014966 0.202427 -0.002529
v 0.014956 0.201392 -0.002855
v 0.014950 0.200558 -0.000463
v 0.016823 0.202447 -0.012940
v 0.016818 0.201401 -0.012715
v 0.015879 0.201815 -0.010315
v 0.018703 0.166580 -0.017129
v 0.018703 0.165667 -0.017657
v 0.017760 0.164436 -0.015342
v 0.019571 0.167126 -0.019839
v 0.019645 0.166501 -0.020322
v 0.018777 0.164982 -0.018052
v 0.034369 0.182994 0.013954
v 0.034129 0.180686 0.013608
v 0.023075 0.188783 0.012588
v 0.021749 0.190133 0.012224
v 0.020534 0.187028 0.013095
v 0.028700 0.190320 0.011913
v 0.025559 0.190028 0.012095
v 0.026077 0.189067 0.012377
v 0.014947 0.165439 -0.000414
v 0.014947 0.164610 -0.002757
v 0.014945 0.164460 -0.000009
v 0.021048 0.170812 -0.023525
v 0.021122 0.170332 -0.024154
v 0.020430 0.168278 -0.022381
v 0.020357 0.168835 -0.021818
v 0.033853 0.185148 0.099825
v 0.032585 0.186928 0.099859
v 0.033775 0.185116 0.099859
v 0.034215 0.182994 0.099859
v 0.041699 0.178047 0.012544
v 0.041699 0.182983 0.013264
v 0.041699 0.162269 -0.010397
v 0.041764 0.162961 -0.010305
v 0.041699 0.162147 -0.007653
v 0.041764 0.163419 -0.012898
v 0.041699 0.195318 0.009278
v 0.041699 0.192206 0.011108
v 0.041764 0.194895 0.008725
v 0.041699 0.197619 0.007226
v 0.022933 0.182994 0.013946
v 0.023202 0.185302 0.013589
v 0.022762 0.182994 0.013895
v 0.023386 0.180811 0.013666
v 0.015031 0.202276 0.000290
v 0.014956 0.201540 -0.000033
v 0.015025 0.200999 0.002740
v 0.015039 0.199471 0.005039
v 0.014968 0.198845 0.004557
v 0.014981 0.197045 0.006644
v 0.014981 0.196303 0.005897
v 0.014968 0.194184 0.007788
v 0.014983 0.168931 0.006627
v 0.014969 0.171763 0.007720
v 0.014983 0.169676 0.005879
v 0.024667 0.186979 0.017941
v 0.024646 0.187000 0.018042
v 0.026488 0.188212 0.018042
v 0.023433 0.185155 0.018042
v 0.024667 0.179008 0.017941
v 0.024646 0.178987 0.018042
v 0.023433 0.180832 0.018042
v 0.026488 0.177775 0.018042
v 0.026529 0.188118 0.099859
v 0.024717 0.186928 0.099859
v 0.028652 0.177430 0.099859
v 0.026496 0.188196 0.099824
v 0.023016 0.182994 0.017941
v 0.022984 0.182994 0.018042
v 0.023460 0.185144 0.017941
v 0.023460 0.180844 0.017941
v 0.028779 0.172710 0.010927
v 0.024085 0.172745 0.010951
v 0.028797 0.170464 0.009410
v 0.028741 0.174412 0.011619
v 0.030801 0.177803 0.017941
v 0.030812 0.177775 0.018042
v 0.028652 0.177327 0.018042
v 0.032636 0.179008 0.017941
v 0.014950 0.165677 0.002346
v 0.015022 0.164991 0.002741
v 0.015043 0.166515 0.005040
v 0.014969 0.167141 0.004557
v 0.033596 0.193179 0.011053
v 0.028779 0.193214 0.011028
v 0.028741 0.191534 0.011684
v 0.028798 0.195481 0.009478
v 0.041699 0.187899 0.012611
v 0.041509 0.187957 0.012829
v 0.028652 0.188670 0.018257
v 0.030812 0.188212 0.018042
v 0.028652 0.188660 0.018042
v 0.028652 0.177345 0.099824
v 0.026496 0.177792 0.099824
v 0.022133 0.190674 -0.026200
v 0.022482 0.188220 -0.027090
v 0.022088 0.190270 -0.025221
v 0.022850 0.188494 -0.028116
v 0.022612 0.188426 -0.027859
v 0.022239 0.190977 -0.026934
v 0.022612 0.177562 -0.027859
v 0.022467 0.174910 -0.027179
v 0.022239 0.175011 -0.026934
v 0.022482 0.177767 -0.027090
v 0.033890 0.180824 0.013868
v 0.033917 0.180812 0.013677
v 0.034337 0.182994 0.014132
v 0.032695 0.178950 0.013163
v 0.019734 0.173629 0.011330
v 0.017258 0.173601 0.011207
v 0.017278 0.170448 0.009387
v 0.018936 0.178226 0.012837
v 0.024611 0.178949 0.013146
v 0.024632 0.178972 0.013356
v 0.026482 0.177756 0.012932
v 0.041509 0.203471 -0.013139
v 0.041509 0.203949 -0.004878
v 0.041509 0.203471 -0.002166
v 0.041509 0.162517 -0.002166
v 0.041509 0.162038 -0.004878
v 0.041509 0.162517 -0.013139
v 0.041509 0.162038 -0.010427
v 0.015198 0.202995 -0.007750
v 0.015184 0.201916 -0.007836
v 0.014956 0.201810 -0.005331
v 0.041699 0.168284 -0.022436
v 0.041509 0.166311 -0.020505
v 0.041509 0.168121 -0.022600
v 0.041509 0.170191 -0.024385
v 0.041509 0.197867 -0.022600
v 0.041699 0.197703 -0.022436
v 0.041509 0.195796 -0.024385
v 0.041509 0.199676 -0.020505
v 0.041509 0.177507 -0.028130
v 0.041509 0.180219 -0.028608
v 0.041509 0.170487 0.009395
v 0.041509 0.168194 0.007374
v 0.016898 0.203232 -0.013109
v 0.015890 0.202890 -0.010380
v 0.018065 0.202544 -0.015745
v 0.017852 0.202297 -0.015650
v 0.015273 0.168188 0.007375
v 0.015043 0.170642 0.009187
v 0.015057 0.168373 0.007189
v 0.015052 0.197601 0.007205
v 0.015272 0.197787 0.007391
v 0.015039 0.195302 0.009254
v 0.041764 0.197212 -0.021942
v 0.041699 0.199492 -0.020363
v 0.034319 0.182994 0.018042
v 0.034328 0.182994 0.018257
v 0.033870 0.180832 0.018042
v 0.033870 0.185155 0.018042
v 0.041764 0.200425 -0.017721
v 0.041699 0.201028 -0.018069
v 0.041764 0.201668 -0.015372
v 0.015015 0.178055 0.012514
v 0.015022 0.173732 0.010980
v 0.015232 0.177988 0.012762
v 0.015015 0.182983 0.013233
v 0.041699 0.168358 0.007209
v 0.041509 0.166311 0.005199
v 0.017834 0.163701 -0.015645
v 0.017090 0.162508 -0.013166
v 0.016865 0.162775 -0.013098
v 0.016148 0.162044 -0.010445
v 0.033841 0.185144 0.017941
v 0.032636 0.186979 0.017941
v 0.021642 0.192993 -0.024978
v 0.021630 0.192467 -0.024064
v 0.021048 0.194533 -0.022684
v 0.040124 0.192323 0.011308
v 0.040124 0.195494 0.009454
v 0.038074 0.192294 0.011435
v 0.038831 0.187725 0.012898
v 0.032658 0.178987 0.017015
v 0.032636 0.179008 0.017394
v 0.030812 0.177775 0.016967
v 0.033841 0.180844 0.017394
v 0.041764 0.168630 -0.004979
v 0.041764 0.167046 -0.019939
v 0.041764 0.168776 -0.021942
v 0.041699 0.166495 -0.020363
v 0.026472 0.177726 0.012713
v 0.028652 0.177307 0.012741
v 0.028652 0.177317 0.018257
v 0.015851 0.164162 -0.010168
v 0.015151 0.163016 -0.007664
v 0.015155 0.164072 -0.007664
v 0.021630 0.173520 -0.024064
v 0.021048 0.171453 -0.022686
v 0.032658 0.187000 0.018042
v 0.032658 0.178987 0.018042
v 0.014948 0.191823 0.010393
v 0.015019 0.192192 0.011081
v 0.014968 0.194823 0.008626
v 0.015015 0.187891 0.012582
v 0.014948 0.174101 0.010292
v 0.014969 0.171122 0.008558
v 0.041509 0.199676 0.005199
v 0.041509 0.197782 0.007391
v 0.014953 0.200314 0.002340
v 0.014950 0.199400 0.001806
v 0.014968 0.198012 0.003914
v 0.024431 0.187251 0.013036
v 0.023386 0.185176 0.013657
v 0.014969 0.167977 0.003913
v 0.014950 0.166590 0.001818
v 0.015232 0.187957 0.012829
v 0.015045 0.203202 -0.002285
v 0.015258 0.203460 -0.002204
v 0.018708 0.200321 -0.017662
v 0.018708 0.199405 -0.017141
v 0.017773 0.200564 -0.014986
v 0.017778 0.201554 -0.015365
v 0.019571 0.198859 -0.019838
v 0.019571 0.198025 -0.019193
v 0.022602 0.182994 -0.026615
v 0.022650 0.180349 -0.027549
v 0.022564 0.180487 -0.026499
v 0.035946 0.190133 0.012235
v 0.034440 0.188783 0.012608
v 0.037206 0.187028 0.013102
v 0.019571 0.167961 -0.019194
v 0.031885 0.190027 0.012108
v 0.031290 0.189066 0.012395
v 0.041509 0.192314 0.011310
v 0.028652 0.188630 0.017394
v 0.028652 0.188660 0.016942
v 0.026500 0.188184 0.017394
v 0.030801 0.188184 0.017394
v 0.028652 0.177358 0.017394
v 0.026500 0.177803 0.017394
v 0.028652 0.177327 0.016943
v 0.030801 0.177803 0.017394
v 0.019802 0.197867 0.007378
v 0.017278 0.195497 0.009455
v 0.023202 0.180685 0.013597
v 0.041764 0.195232 -0.023648
v 0.041699 0.195655 -0.024201
v 0.041764 0.190713 -0.026327
v 0.041699 0.193397 -0.025699
v 0.030801 0.188184 0.017941
v 0.026500 0.177803 0.017941
v 0.026500 0.188184 0.017941
v 0.033841 0.180844 0.017941
v 0.022984 0.182994 0.017084
v 0.023433 0.180832 0.017060
v 0.023460 0.180844 0.017394
v 0.024667 0.179008 0.017394
v 0.023460 0.185144 0.017394
v 0.023433 0.185155 0.017059
v 0.023016 0.182994 0.017394
v 0.024646 0.187000 0.017011
v 0.040124 0.197835 0.007378
v 0.037997 0.197862 0.007377
v 0.037997 0.195512 0.009453
v 0.040124 0.199711 0.005191
v 0.019790 0.170431 0.009386
v 0.017291 0.168137 0.007362
v 0.019802 0.168110 0.007361
v 0.017278 0.166273 0.005192
v 0.021120 0.195653 -0.024154
v 0.021046 0.195173 -0.023524
v 0.020354 0.197149 -0.021818
v 0.021722 0.193388 -0.025664
v 0.041699 0.166495 0.005058
v 0.041764 0.167046 0.004633
v 0.041764 0.168849 0.006715
v 0.015243 0.201228 0.002873
v 0.040124 0.170451 0.009386
v 0.037997 0.170433 0.009385
v 0.037997 0.168114 0.007360
v 0.040124 0.173602 0.011207
v 0.032898 0.178738 0.013066
v 0.030955 0.177507 0.012615
v 0.019643 0.199485 -0.020322
v 0.020426 0.197707 -0.022381
v 0.035946 0.175818 0.012176
v 0.032795 0.174569 0.011731
v 0.033596 0.172746 0.010952
v 0.034440 0.177195 0.012593
v 0.031885 0.175949 0.012093
v 0.032667 0.187008 0.099723
v 0.030816 0.188222 0.099722
v 0.032644 0.186988 0.099825
v 0.033879 0.185159 0.099724
v 0.038831 0.178226 0.012838
v 0.037206 0.178938 0.013068
v 0.038074 0.173629 0.011331
v 0.037365 0.182988 0.013635
v 0.015046 0.203676 -0.004957
v 0.015275 0.203804 -0.007685
v 0.014968 0.202876 -0.005117
v 0.015910 0.170475 0.009393
v 0.015923 0.168176 0.007372
v 0.032636 0.186979 0.017394
v 0.032658 0.187000 0.017015
v 0.033870 0.185155 0.017062
v 0.024646 0.178987 0.017013
v 0.024667 0.186979 0.017394
v 0.026488 0.188212 0.016965
v 0.026485 0.177766 0.099722
v 0.024656 0.179000 0.099825
v 0.028652 0.177317 0.099721
v 0.030807 0.188196 0.099824
v 0.028652 0.188670 0.099721
v 0.017291 0.197840 0.007379
v 0.017278 0.199714 0.005192
v 0.015923 0.197800 0.007388
v 0.015910 0.195471 0.009461
v 0.020644 0.197892 -0.022569
v 0.015016 0.163724 0.000295
v 0.014942 0.163584 -0.002481
v 0.033879 0.180828 0.099724
v 0.034328 0.182994 0.099724
v 0.023448 0.180839 0.099825
v 0.023424 0.180828 0.099724
v 0.022975 0.182994 0.099724
v 0.032795 0.191377 0.011798
v 0.022788 0.185743 -0.028336
v 0.022826 0.182994 -0.028463
v 0.022689 0.182994 -0.027671
v 0.023066 0.182994 -0.028726
v 0.028652 0.177276 0.012522
v 0.030832 0.177727 0.012724
v 0.040124 0.168142 0.007361
v 0.037997 0.166258 0.005190
v 0.034287 0.182994 0.017394
v 0.034319 0.182994 0.017085
v 0.033841 0.185144 0.017394
v 0.033870 0.180832 0.017062
v 0.015003 0.162345 -0.004939
v 0.015225 0.162219 -0.007664
v 0.019790 0.199732 0.005191
v 0.019772 0.201241 0.002872
v 0.020534 0.178938 0.013064
v 0.020378 0.182988 0.013632
v 0.040124 0.177988 0.012762
v 0.026472 0.188261 0.012702
v 0.026482 0.188231 0.012920
v 0.028652 0.188681 0.012736
v 0.024611 0.187039 0.013132
v 0.032671 0.187015 0.013374
v 0.030821 0.188231 0.012941
v 0.021722 0.172599 -0.025664
v 0.021338 0.170173 -0.024363
v 0.021642 0.172993 -0.024978
v 0.030821 0.177756 0.012943
v 0.030832 0.188260 0.012723
v 0.023002 0.182994 0.099825
v 0.023448 0.185148 0.099825
v 0.015240 0.164761 0.002873
v 0.040124 0.187957 0.012829
v 0.040124 0.182983 0.013490
v 0.040124 0.166276 0.005191
v 0.037997 0.164745 0.002877
v 0.024632 0.187015 0.013342
v 0.023414 0.185163 0.013848
v 0.022788 0.180245 -0.028336
v 0.041764 0.188239 -0.027228
v 0.028652 0.188712 0.012516
v 0.015923 0.162322 -0.010411
v 0.015848 0.163114 -0.010307
v 0.019863 0.166293 -0.020483
v 0.041699 0.180250 -0.028377
v 0.041699 0.203718 -0.004909
v 0.028700 0.175657 0.011900
v 0.025559 0.175949 0.012085
v 0.024773 0.174568 0.011727
v 0.021749 0.175818 0.012170
v 0.024637 0.178980 0.099722
v 0.041699 0.164960 0.002763
v 0.041699 0.201028 0.002763
v 0.041699 0.199492 0.005058
v 0.028673 0.176537 0.012183
v 0.031290 0.176921 0.012396
v 0.041764 0.198941 -0.019939
v 0.041699 0.164960 -0.018069
v 0.014934 0.164187 -0.005183
v 0.014931 0.163138 -0.005044
v 0.041764 0.162844 -0.007653
v 0.041764 0.164319 0.000067
v 0.041764 0.165562 0.002416
v 0.041764 0.163419 -0.002408
v 0.041764 0.162961 -0.005000
v 0.041699 0.162269 -0.004909
v 0.041764 0.203026 -0.010305
v 0.041764 0.202569 -0.012898
v 0.041764 0.203144 -0.007653
v 0.041764 0.180341 -0.027685
v 0.041764 0.177748 -0.027228
v 0.041764 0.182994 -0.027803
v 0.041764 0.183334 -0.022440
v 0.041699 0.172590 -0.025699
v 0.041699 0.170332 -0.024201
v 0.041764 0.170755 -0.023648
v 0.023424 0.185159 0.099724
v 0.024656 0.186988 0.099825
v 0.033890 0.185163 0.013869
v 0.041509 0.161915 -0.007653
v 0.022966 0.182994 0.014124
v 0.023414 0.180824 0.013857
v 0.041509 0.182983 0.013490
v 0.015255 0.203942 -0.004904
v 0.030812 0.188212 0.016967
v 0.026488 0.177775 0.016966
v 0.015247 0.202522 0.000397
v 0.019790 0.166255 0.005191
v 0.017259 0.164751 0.002871
v 0.040124 0.201237 0.002877
v 0.037997 0.199729 0.005190
v 0.041699 0.182994 -0.028499
v 0.041699 0.203840 -0.007653
v 0.041764 0.203026 -0.005000
v 0.016791 0.162029 -0.010445
v 0.017468 0.161914 -0.007664
v 0.016108 0.161919 -0.007664
v 0.017259 0.162045 -0.004904
v 0.024431 0.178736 0.013049
v 0.034299 0.182994 0.099825
v 0.041764 0.171050 0.008658
v 0.041764 0.178222 0.011891
v 0.041764 0.174043 0.010402
v 0.033864 0.170449 0.009399
v 0.033867 0.168137 0.007380
v 0.026366 0.177505 0.012604
v 0.018056 0.163451 -0.015745
v 0.018782 0.201008 -0.018053
v 0.019861 0.199693 -0.020483
v 0.041764 0.191882 0.010504
v 0.041764 0.187724 0.011958
v 0.041032 0.173608 0.011208
v 0.017250 0.177988 0.012762
v 0.015890 0.173607 0.011208
v 0.015967 0.203696 -0.010428
v 0.015890 0.192317 0.011310
v 0.028673 0.189450 0.012178
v 0.015232 0.182983 0.013490
v 0.023869 0.195499 0.009467
v 0.023876 0.197842 0.007398
v 0.021858 0.186218 0.013325
v 0.024773 0.191377 0.011790
v 0.024085 0.193179 0.011051
v 0.018936 0.187725 0.012896
v 0.014942 0.178519 0.010780
v 0.014948 0.174593 0.009375
v 0.014942 0.178254 0.011771
v 0.014942 0.182983 0.012464
v 0.021943 0.193520 -0.025892
v 0.028652 0.188551 0.017908
v 0.028652 0.188630 0.017941
v 0.028652 0.177436 0.017908
v 0.028652 0.177358 0.017941
v 0.034287 0.182994 0.017941
v 0.034209 0.182994 0.017908
v 0.033451 0.178161 0.012883
v 0.028652 0.188642 0.099824
v 0.014942 0.187426 0.010848
v 0.014942 0.187692 0.011839
v 0.014948 0.191332 0.009477
v 0.017250 0.182983 0.013490
v 0.041032 0.195468 0.009460
v 0.041032 0.192316 0.011309
v 0.016176 0.203965 -0.010444
v 0.017111 0.203494 -0.013165
v 0.028658 0.188917 0.012404
v 0.030955 0.188481 0.012614
v 0.026366 0.188482 0.012593
v 0.038872 0.182984 0.013526
v 0.020357 0.196407 -0.021066
v 0.020357 0.169578 -0.021068
v 0.015483 0.204074 -0.007663
v 0.020649 0.168093 -0.022568
v 0.032671 0.178972 0.013373
v 0.026485 0.188222 0.099721
v 0.041764 0.182983 0.012587
v 0.033448 0.184981 0.017848
v 0.032336 0.186677 0.017848
v 0.033494 0.184999 0.017885
v 0.033861 0.182994 0.017848
v 0.033861 0.162038 -0.010427
v 0.041509 0.188480 -0.028130
v 0.030774 0.177870 0.099859
v 0.023852 0.181006 0.017487
v 0.023442 0.182994 0.017487
v 0.023808 0.180988 0.017450
v 0.024968 0.179310 0.017487
v 0.033494 0.180988 0.017450
v 0.033448 0.181006 0.017487
v 0.032336 0.179310 0.017487
v 0.033861 0.182994 0.017487
v 0.023852 0.184981 0.017848
v 0.023442 0.182994 0.017848
v 0.023808 0.184999 0.017885
v 0.024968 0.186677 0.017848
v 0.026665 0.178196 0.017848
v 0.028652 0.177784 0.017848
v 0.026646 0.178151 0.017885
v 0.024968 0.179310 0.017848
v 0.030658 0.178151 0.017450
v 0.030638 0.178196 0.017487
v 0.028652 0.177784 0.017487
v 0.030638 0.187791 0.017487
v 0.032336 0.186677 0.017487
v 0.030658 0.187836 0.017450
v 0.028652 0.188203 0.017487
v 0.026646 0.187836 0.017450
v 0.026665 0.187791 0.017487
v 0.024968 0.186677 0.017487
v 0.015453 0.161937 -0.007664
v 0.015888 0.162051 -0.004904
v 0.015893 0.162531 -0.002204
v 0.018998 0.201237 -0.018184
v 0.030638 0.178196 0.017848
v 0.032336 0.179310 0.017848
v 0.030658 0.178151 0.017885
v 0.030638 0.187791 0.017848
v 0.028652 0.188203 0.017848
v 0.030658 0.187836 0.017885
v 0.023852 0.184981 0.017487
v 0.023808 0.184999 0.017450
v 0.026665 0.178196 0.017487
v 0.026646 0.178151 0.017450
v 0.033448 0.181006 0.017848
v 0.033494 0.180988 0.017885
v 0.026646 0.187836 0.017885
v 0.026665 0.187791 0.017848
v 0.023808 0.180988 0.017885
v 0.023852 0.181006 0.017848
v 0.032667 0.178980 0.099723
v 0.030816 0.177766 0.099722
v 0.035681 0.179764 0.013330
v 0.033992 0.199675 -0.020505
v 0.033923 0.201228 -0.018185
v 0.015890 0.163468 0.000397
v 0.033890 0.193513 -0.025900
v 0.034930 0.195795 -0.024385
v 0.018995 0.164752 -0.018184
v 0.041764 0.195134 -0.015439
v 0.033627 0.185055 0.017438
v 0.034054 0.182994 0.017438
v 0.033770 0.185114 0.017427
v 0.032470 0.186814 0.017438
v 0.021338 0.195813 -0.024364
v 0.021566 0.182992 0.013754
v 0.023855 0.201238 0.002877
v 0.023855 0.202525 0.000409
v 0.022850 0.177493 -0.028116
v 0.021943 0.172467 -0.025892
v 0.034062 0.174919 -0.027188
v 0.024637 0.187007 0.099722
v 0.033861 0.204072 -0.007653
v 0.034236 0.185767 -0.028608
v 0.039469 0.185768 -0.028608
v 0.034316 0.182994 -0.028731
v 0.022467 0.191078 -0.027179
v 0.023943 0.187828 0.012856
v 0.017722 0.162498 -0.013167
v 0.025736 0.164755 -0.018186
v 0.029125 0.163457 -0.015731
v 0.025197 0.163454 -0.015740
v 0.034236 0.180220 -0.028608
v 0.030413 0.182994 -0.028731
v 0.023027 0.180210 -0.028599
v 0.037997 0.201242 0.002877
v 0.040124 0.202529 0.000422
v 0.024723 0.186923 0.017908
v 0.024723 0.179064 0.017908
v 0.032581 0.186923 0.017908
v 0.032581 0.179064 0.017908
v 0.032581 0.179064 0.017427
v 0.024723 0.186923 0.017427
v 0.024723 0.179064 0.017427
v 0.032581 0.186923 0.017427
v 0.023095 0.182994 0.017427
v 0.034209 0.182994 0.017427
v 0.033451 0.187826 0.012883
v 0.032898 0.187249 0.013067
v 0.033448 0.184981 0.017487
v 0.033494 0.184999 0.017450
v 0.024933 0.179276 0.017885
v 0.032369 0.186711 0.017885
v 0.028652 0.177736 0.017450
v 0.033909 0.182994 0.017885
v 0.023394 0.182994 0.017450
v 0.032369 0.179276 0.017450
v 0.028652 0.188251 0.017885
v 0.041764 0.200426 0.002416
v 0.041764 0.165562 -0.017721
v 0.041764 0.164319 -0.015372
v 0.024933 0.186711 0.017885
v 0.024717 0.179060 0.099859
v 0.041764 0.193050 -0.025096
v 0.018895 0.182984 0.013525
v 0.028652 0.188551 0.017427
v 0.028652 0.177436 0.017427
v 0.024933 0.186711 0.017450
v 0.033909 0.182994 0.017450
v 0.023394 0.182994 0.017885
v 0.028652 0.188251 0.017450
v 0.032369 0.179276 0.017885
v 0.024981 0.188499 -0.028111
v 0.026665 0.188499 -0.028111
v 0.025099 0.185780 -0.028596
v 0.026411 0.191081 -0.027175
v 0.024933 0.179276 0.017450
v 0.032369 0.186711 0.017450
v 0.028652 0.177736 0.017885
v 0.024981 0.177488 -0.028111
v 0.025099 0.180207 -0.028596
v 0.026665 0.177488 -0.028111
v 0.026411 0.174906 -0.027175
v 0.023855 0.163462 0.000409
v 0.023855 0.164750 0.002877
v 0.019770 0.163465 0.000400
v 0.015238 0.192315 0.011310
v 0.023095 0.182994 0.017908
v 0.015240 0.173609 0.011209
v 0.041032 0.197796 0.007387
v 0.019772 0.164746 0.002872
v 0.017259 0.163466 0.000397
v 0.033861 0.163459 0.000422
v 0.033861 0.162517 -0.002166
v 0.037994 0.163459 0.000422
v 0.023692 0.185778 -0.028598
v 0.023723 0.182994 -0.028726
v 0.026529 0.177870 0.099859
v 0.030774 0.188118 0.099859
v 0.028652 0.188557 0.099859
v 0.029732 0.172473 -0.025899
v 0.034887 0.170192 -0.024385
v 0.029580 0.170190 -0.024383
v 0.023528 0.180871 0.099859
v 0.023087 0.182994 0.099859
v 0.023528 0.185116 0.099859
v 0.033775 0.180871 0.099859
v 0.026759 0.180206 -0.028595
v 0.025113 0.182994 -0.028725
v 0.029253 0.201229 -0.018185
v 0.029361 0.199678 -0.020503
v 0.015259 0.170482 0.009396
v 0.030773 0.188112 0.017427
v 0.026531 0.177875 0.017427
v 0.033840 0.166312 -0.020505
v 0.039560 0.166311 -0.020505
v 0.033930 0.164759 -0.018185
v 0.030773 0.177875 0.017427
v 0.026531 0.188112 0.017427
v 0.023943 0.178160 0.012868
v 0.026077 0.176921 0.012386
v 0.028658 0.177070 0.012409
v 0.023533 0.185114 0.017427
v 0.033770 0.180874 0.017427
v 0.023533 0.180874 0.017427
v 0.015258 0.195462 0.009463
v 0.026531 0.177875 0.017908
v 0.023533 0.185114 0.017908
v 0.023533 0.180874 0.017908
v 0.030773 0.188112 0.017908
v 0.026531 0.188112 0.017908
v 0.030773 0.177875 0.017908
v 0.033770 0.180874 0.017908
v 0.033770 0.185114 0.017908
v 0.033861 0.164749 0.002880
v 0.023027 0.185777 -0.028599
v 0.019770 0.202523 0.000400
v 0.023857 0.203466 -0.002185
v 0.021343 0.197894 -0.022569
v 0.022851 0.197898 -0.022570
v 0.022047 0.195814 -0.024364
v 0.021982 0.199697 -0.020485
v 0.022333 0.182994 0.013836
v 0.022720 0.185646 0.013484
v 0.033864 0.199714 0.005204
v 0.033861 0.201238 0.002880
v 0.028798 0.199698 0.005214
v 0.033861 0.202529 0.000422
v 0.028803 0.197816 0.007413
v 0.015258 0.199679 0.005200
v 0.028797 0.166289 0.005214
v 0.028803 0.168161 0.007396
v 0.023869 0.166272 0.005204
v 0.015259 0.166307 0.005200
v 0.041764 0.172937 -0.025096
v 0.041764 0.175274 -0.026327
v 0.033829 0.168122 -0.022601
v 0.039837 0.168121 -0.022600
v 0.039964 0.180219 -0.028608
v 0.039679 0.177507 -0.028130
v 0.028998 0.162515 -0.013144
v 0.033861 0.162517 -0.013139
v 0.029732 0.193514 -0.025899
v 0.029580 0.195798 -0.024383
v 0.028791 0.162518 -0.002171
v 0.028789 0.163460 0.000419
v 0.028998 0.203473 -0.013144
v 0.029125 0.202530 -0.015731
v 0.024683 0.203478 -0.013158
v 0.025197 0.202534 -0.015740
v 0.035070 0.182994 0.013843
v 0.034686 0.185645 0.013502
v 0.020012 0.163446 -0.015748
v 0.019019 0.162497 -0.013171
v 0.018693 0.163445 -0.015746
v 0.019649 0.164751 -0.018184
v 0.028789 0.162039 -0.004882
v 0.023855 0.162042 -0.004891
v 0.030816 0.177766 0.018257
v 0.039837 0.188480 -0.028130
v 0.034129 0.188479 -0.028131
v 0.033861 0.202529 -0.015728
v 0.033861 0.203471 -0.013139
v 0.021344 0.168093 -0.022569
v 0.022047 0.170173 -0.024364
v 0.022851 0.168089 -0.022570
v 0.021982 0.166290 -0.020485
v 0.023962 0.199696 -0.020488
v 0.021024 0.201237 -0.018185
v 0.026008 0.172466 -0.025893
v 0.024674 0.174906 -0.027175
v 0.041509 0.195459 0.009462
v 0.023869 0.199716 0.005204
v 0.028791 0.201234 0.002882
v 0.022720 0.180341 0.013491
v 0.033864 0.166273 0.005203
v 0.028791 0.164753 0.002882
v 0.033627 0.185055 0.017898
v 0.034054 0.182994 0.017898
v 0.032470 0.186814 0.017898
v 0.034000 0.191068 -0.027188
v 0.034129 0.177508 -0.028131
v 0.032667 0.178980 0.015964
v 0.030816 0.177766 0.013488
v 0.032667 0.178980 0.013897
v 0.023249 0.182994 0.017438
v 0.023677 0.180933 0.017438
v 0.023677 0.185055 0.017438
v 0.033627 0.180933 0.017438
v 0.024830 0.186814 0.017438
v 0.026590 0.187969 0.017438
v 0.028652 0.177317 0.013290
v 0.028652 0.177317 0.015677
v 0.026485 0.177766 0.013477
v 0.030712 0.187969 0.017438
v 0.024830 0.179174 0.017438
v 0.026591 0.178018 0.017438
v 0.028652 0.177591 0.017438
v 0.030712 0.178018 0.017438
v 0.028652 0.188396 0.017438
v 0.028887 0.203950 -0.010430
v 0.024247 0.203954 -0.010439
v 0.023952 0.204072 -0.007659
v 0.023424 0.180828 0.016146
v 0.023424 0.180828 0.014329
v 0.024637 0.178980 0.013881
v 0.023075 0.177195 0.012582
v 0.021858 0.179764 0.013322
v 0.033861 0.203949 -0.010427
v 0.021249 0.162502 -0.013170
v 0.024247 0.162033 -0.010439
v 0.020476 0.162029 -0.010448
v 0.023952 0.161915 -0.007659
v 0.041764 0.185646 -0.027685
v 0.023424 0.185159 0.018257
v 0.022975 0.182994 0.018257
v 0.026485 0.188222 0.013466
v 0.024637 0.187007 0.013867
v 0.026485 0.188222 0.015763
v 0.033879 0.185159 0.018257
v 0.024674 0.191081 -0.027175
v 0.026008 0.193522 -0.025893
v 0.030816 0.188222 0.015773
v 0.032667 0.187007 0.013898
v 0.030816 0.188222 0.013487
v 0.040124 0.163459 0.000422
v 0.041032 0.164757 0.002879
v 0.040124 0.164750 0.002877
v 0.041032 0.166303 0.005197
v 0.041032 0.168181 0.007371
v 0.041032 0.170478 0.009393
v 0.023962 0.166291 -0.020488
v 0.023070 0.164751 -0.018186
v 0.032470 0.179174 0.017438
v 0.032470 0.179174 0.017898
v 0.030712 0.178018 0.017898
v 0.033627 0.180933 0.017898
v 0.014942 0.182983 0.011437
v 0.024637 0.187007 0.018257
v 0.026485 0.188222 0.018257
v 0.024637 0.178980 0.018257
v 0.023424 0.180828 0.018257
v 0.026485 0.177766 0.018257
v 0.033861 0.203949 -0.004878
v 0.028791 0.203469 -0.002171
v 0.033861 0.203471 -0.002166
v 0.033867 0.197840 0.007397
v 0.033864 0.195497 0.009467
v 0.033861 0.161915 -0.007653
v 0.023876 0.168135 0.007381
v 0.023869 0.170447 0.009399
v 0.024683 0.162509 -0.013158
v 0.022138 0.163449 -0.015748
v 0.015910 0.199688 0.005198
v 0.017259 0.201236 0.002871
v 0.015891 0.201230 0.002873
v 0.017259 0.202522 0.000397
v 0.023677 0.180933 0.017898
v 0.024830 0.179174 0.017898
v 0.023249 0.182994 0.017898
v 0.041032 0.199685 0.005197
v 0.033861 0.163459 -0.015728
v 0.034328 0.182994 0.014570
v 0.033879 0.185159 0.014341
v 0.033879 0.180828 0.014340
v 0.022975 0.182994 0.014562
v 0.023424 0.185159 0.014320
v 0.023424 0.185159 0.016142
v 0.032667 0.187007 0.018257
v 0.028652 0.188670 0.013284
v 0.041032 0.201231 0.002879
v 0.022975 0.182994 0.016241
v 0.033879 0.180828 0.016152
v 0.023857 0.162522 -0.002185
v 0.019775 0.162526 -0.002199
v 0.019770 0.162044 -0.004901
v 0.030816 0.188222 0.018257
v 0.033879 0.180828 0.018257
v 0.032667 0.178980 0.018257
v 0.023070 0.201236 -0.018186
v 0.020012 0.202542 -0.015748
v 0.030712 0.187969 0.017898
v 0.035973 0.182992 0.013759
v 0.028178 0.185775 -0.028601
v 0.028039 0.188491 -0.028119
v 0.030340 0.185769 -0.028607
v 0.015910 0.166299 0.005198
v 0.026591 0.178018 0.017898
v 0.028652 0.177591 0.017898
v 0.019770 0.203943 -0.004901
v 0.017468 0.204074 -0.007664
v 0.017259 0.203942 -0.004904
v 0.017264 0.203460 -0.002204
v 0.015891 0.164758 0.002873
v 0.021024 0.164750 -0.018185
v 0.020538 0.166293 -0.020484
v 0.026590 0.187969 0.017898
v 0.024830 0.186814 0.017898
v 0.023677 0.185055 0.017898
v 0.023855 0.203945 -0.004891
v 0.019775 0.203462 -0.002199
v 0.023593 0.195817 -0.024365
v 0.024204 0.193522 -0.025892
v 0.028652 0.188396 0.017898
v 0.027796 0.191076 -0.027181
v 0.030171 0.188482 -0.028128
v 0.028039 0.177496 -0.028119
v 0.030171 0.177505 -0.028128
v 0.029949 0.174918 -0.027187
v 0.028178 0.180212 -0.028601
v 0.024204 0.172466 -0.025892
v 0.025459 0.170171 -0.024368
v 0.023593 0.170171 -0.024365
v 0.024773 0.168090 -0.022576
v 0.034686 0.180342 0.013501
v 0.030816 0.177766 0.015774
v 0.026485 0.177766 0.015769
v 0.028652 0.188670 0.015674
v 0.028219 0.182994 -0.028727
v 0.030340 0.180218 -0.028607
v 0.033829 0.197865 -0.022601
v 0.040027 0.197867 -0.022600
v 0.026245 0.199687 -0.020496
v 0.026714 0.197884 -0.022587
v 0.019649 0.201237 -0.018184
v 0.018694 0.202544 -0.015746
v 0.019019 0.203490 -0.013171
v 0.024637 0.187007 0.015950
v 0.034328 0.182994 0.016244
v 0.033879 0.185159 0.016152
v 0.024637 0.178980 0.015956
v 0.032667 0.187007 0.015965
v 0.019944 0.204073 -0.007663
v 0.018112 0.162025 -0.010448
v 0.026245 0.166300 -0.020496
v 0.026714 0.168104 -0.022587
v 0.029361 0.166309 -0.020503
v 0.029253 0.164758 -0.018185
v 0.027119 0.195807 -0.024376
v 0.029465 0.197869 -0.022598
v 0.022655 0.193520 -0.025892
v 0.023164 0.191078 -0.027178
v 0.029465 0.168118 -0.022598
v 0.027119 0.170180 -0.024376
v 0.018112 0.203962 -0.010448
v 0.017728 0.203493 -0.013167
v 0.016798 0.203964 -0.010445
v 0.035681 0.186218 0.013339
v 0.019944 0.161914 -0.007663
v 0.022655 0.172467 -0.025892
v 0.023164 0.174909 -0.027178
v 0.027796 0.174912 -0.027181
v 0.033861 0.162038 -0.004878
v 0.033890 0.172474 -0.025900
v 0.028789 0.203948 -0.004882
v 0.028813 0.204072 -0.007654
v 0.029949 0.191069 -0.027187
v 0.028789 0.202528 0.000419
v 0.025736 0.201233 -0.018186
v 0.022138 0.202538 -0.015748
v 0.021249 0.203485 -0.013170
v 0.028887 0.162037 -0.010430
v 0.028813 0.161915 -0.007654
v 0.020476 0.203958 -0.010448
v 0.017264 0.162527 -0.002204
v 0.041032 0.202529 0.000422
v 0.027477 0.193518 -0.025896
v 0.027477 0.172469 -0.025896
v 0.016115 0.204074 -0.007664
v 0.026759 0.185781 -0.028595
v 0.023528 0.188495 -0.028115
v 0.023528 0.177492 -0.028115
v 0.023692 0.180209 -0.028598
v 0.025459 0.195816 -0.024368
v 0.020535 0.199694 -0.020484
v 0.026767 0.182994 -0.028725
v 0.024773 0.197897 -0.022576
v 0.019558 0.174147 0.012652
v 0.019117 0.174173 0.012599
v 0.019175 0.173970 0.012512
v 0.019335 0.173821 0.012448
v 0.019555 0.173765 0.012425
v 0.019776 0.173818 0.012448
v 0.019938 0.173965 0.012512
v 0.019999 0.174167 0.012599
v 0.019941 0.174370 0.012686
v 0.019781 0.174519 0.012749
v 0.019561 0.174575 0.012773
v 0.019340 0.174522 0.012749
v 0.019178 0.174375 0.012686
v 0.018707 0.174243 0.012442
v 0.018819 0.173851 0.012275
v 0.019128 0.173562 0.012152
v 0.019553 0.173455 0.012107
v 0.019980 0.173556 0.012152
v 0.020293 0.173841 0.012275
v 0.020410 0.174231 0.012442
v 0.020299 0.174623 0.012610
v 0.019989 0.174911 0.012733
v 0.019564 0.175019 0.012778
v 0.019138 0.174917 0.012733
v 0.018824 0.174633 0.012610
v 0.018355 0.174352 0.012194
v 0.018513 0.173798 0.011956
v 0.018951 0.173390 0.011782
v 0.019552 0.173237 0.011719
v 0.020155 0.173381 0.011782
v 0.020598 0.173783 0.011956
v 0.020763 0.174335 0.012194
v 0.020606 0.174890 0.012431
v 0.020168 0.175298 0.012605
v 0.019567 0.175450 0.012669
v 0.018964 0.175306 0.012605
v 0.018521 0.174904 0.012431
v 0.018086 0.174493 0.011870
v 0.018279 0.173814 0.011579
v 0.018815 0.173314 0.011366
v 0.019551 0.173128 0.011288
v 0.020290 0.173304 0.011366
v 0.020833 0.173796 0.011579
v 0.021035 0.174472 0.011870
v 0.020842 0.175151 0.012160
v 0.020306 0.175651 0.012373
v 0.019570 0.175838 0.012451
v 0.018831 0.175661 0.012373
v 0.018288 0.175169 0.012160
v 0.017917 0.174656 0.011492
v 0.018132 0.173899 0.011168
v 0.018730 0.173342 0.010930
v 0.019551 0.173133 0.010844
v 0.020375 0.173330 0.010930
v 0.020981 0.173879 0.011168
v 0.021206 0.174633 0.011492
v 0.020991 0.175390 0.011817
v 0.020393 0.175948 0.012054
v 0.019572 0.176156 0.012141
v 0.018748 0.175959 0.012054
v 0.018142 0.175410 0.011817
v 0.017921 0.190601 0.011915
v 0.018519 0.190041 0.012145
v 0.019340 0.189832 0.012230
v 0.020164 0.190029 0.012145
v 0.020770 0.190581 0.011915
v 0.020996 0.191340 0.011601
v 0.020781 0.192101 0.011286
v 0.020183 0.192662 0.011056
v 0.019362 0.192871 0.010972
v 0.018538 0.192673 0.011056
v 0.017932 0.192121 0.011286
v 0.017706 0.191363 0.011601
v 0.018070 0.190836 0.012262
v 0.018607 0.190334 0.012469
v 0.019343 0.190146 0.012544
v 0.020081 0.190323 0.012469
v 0.020624 0.190818 0.012262
v 0.020827 0.191498 0.011980
v 0.020634 0.192181 0.011698
v 0.020098 0.192683 0.011492
v 0.019362 0.192871 0.011416
v 0.018623 0.192693 0.011492
v 0.018080 0.192199 0.011698
v 0.017877 0.191519 0.011980
v 0.018306 0.191094 0.012536
v 0.018744 0.190684 0.012705
v 0.019345 0.190531 0.012767
v 0.019948 0.190676 0.012705
v 0.020392 0.191080 0.012536
v 0.020557 0.191635 0.012306
v 0.020400 0.192192 0.012076
v 0.019962 0.192602 0.011907
v 0.019361 0.192756 0.011846
v 0.018758 0.192611 0.011907
v 0.018314 0.192207 0.012076
v 0.018149 0.191652 0.012306
v 0.018614 0.191359 0.012719
v 0.018923 0.191068 0.012838
v 0.019348 0.190960 0.012882
v 0.019775 0.191062 0.012838
v 0.020088 0.191348 0.012719
v 0.020205 0.191741 0.012556
v 0.020094 0.192135 0.012393
v 0.019784 0.192425 0.012274
v 0.019359 0.192533 0.012230
v 0.018933 0.192431 0.012274
v 0.018619 0.192145 0.012393
v 0.018502 0.191753 0.012556
v 0.018971 0.191611 0.012798
v 0.019131 0.191461 0.012859
v 0.019351 0.191405 0.012882
v 0.019572 0.191458 0.012859
v 0.019734 0.191605 0.012798
v 0.019795 0.191809 0.012713
v 0.019737 0.192013 0.012629
v 0.019577 0.192163 0.012567
v 0.019357 0.192219 0.012545
v 0.019136 0.192166 0.012567
v 0.018974 0.192018 0.012629
v 0.018914 0.191815 0.012713
v 0.019354 0.191834 0.012767
v 0.040456 0.178041 -0.026063
v 0.040138 0.175718 -0.025221
v 0.040615 0.185500 -0.026499
v 0.040456 0.187946 -0.026063
v 0.035813 0.165414 -0.014938
v 0.034844 0.164571 -0.012619
v 0.033006 0.201392 -0.002855
v 0.033000 0.200558 -0.000463
v 0.034869 0.201401 -0.012715
v 0.033930 0.201815 -0.010315
v 0.036754 0.166580 -0.017129
v 0.032997 0.165439 -0.000414
v 0.032997 0.164610 -0.002757
v 0.033032 0.196303 0.005897
v 0.033018 0.194184 0.007788
v 0.033020 0.171763 0.007720
v 0.033033 0.169676 0.005879
v 0.040138 0.190270 -0.025221
v 0.033234 0.201916 -0.007836
v 0.033006 0.201810 -0.005331
v 0.039680 0.192467 -0.024064
v 0.039098 0.194533 -0.022684
v 0.033901 0.164162 -0.010168
v 0.033206 0.164072 -0.007664
v 0.039680 0.173520 -0.024064
v 0.039098 0.171453 -0.022686
v 0.033000 0.199400 0.001806
v 0.033018 0.198012 0.003914
v 0.033020 0.167977 0.003913
v 0.033000 0.166590 0.001818
v 0.036758 0.199405 -0.017141
v 0.035824 0.200564 -0.014986
v 0.037621 0.198025 -0.019193
v 0.040652 0.182994 -0.026615
v 0.040615 0.180487 -0.026499
v 0.037621 0.167961 -0.019194
v 0.032985 0.164187 -0.005183
v 0.032993 0.178519 0.010780
v 0.032999 0.174593 0.009375
v 0.032993 0.187426 0.010848
v 0.032999 0.191332 0.009477
v 0.038407 0.196407 -0.021066
v 0.038407 0.169578 -0.021068
v 0.032993 0.182983 0.011437
v 0.033220 0.182836 -0.007749
v 0.033915 0.182845 -0.010241
v 0.034856 0.182864 -0.012667
v 0.035819 0.182886 -0.014962
v 0.032996 0.182847 -0.005257
v 0.033002 0.182867 -0.002805
v 0.032999 0.182886 -0.000439
v 0.033000 0.182905 0.001812
v 0.033019 0.182923 0.003914
v 0.036756 0.182908 -0.017135
v 0.037621 0.182927 -0.019194
v 0.038407 0.182945 -0.021067
v 0.033033 0.182939 0.005888
v 0.033019 0.182954 0.007754
v 0.039098 0.182961 -0.022685
vn 0.4214 0.9014 -0.0993
vn 0.4230 0.9061 -0.0000
vn 0.9208 0.3877 -0.0424
vn 0.9197 0.3792 -0.1016
vn 0.4210 0.8291 -0.3678
vn 0.9206 0.3568 -0.1587
vn 0.4220 0.7785 -0.4646
vn 0.4152 -0.3828 0.8253
vn 0.9168 -0.1671 0.3628
vn 0.4115 -0.2195 0.8846
vn 0.9182 -0.2312 0.3216
vn 0.4210 -0.8291 -0.3678
vn 0.4220 -0.7785 -0.4646
vn 0.9206 -0.3568 -0.1587
vn 0.9197 -0.3792 -0.1016
vn 0.9206 0.1583 -0.3569
vn 0.4211 0.3670 -0.8294
vn 0.4222 0.4624 -0.7797
vn 0.9197 0.1016 -0.3792
vn 0.9208 0.0424 -0.3876
vn 0.4214 0.0993 -0.9014
vn 0.4229 -0.0000 -0.9062
vn 0.4210 0.8292 0.3677
vn 0.4235 0.7779 0.4643
vn 0.9206 0.3569 0.1587
vn 0.9197 0.3792 0.1016
vn 0.1518 -0.1515 0.9767
vn 0.5392 -0.5416 0.6449
vn 0.7083 -0.2935 0.6421
vn 0.2965 -0.7120 0.6365
vn 0.9206 -0.1583 -0.3569
vn 0.4222 -0.4624 -0.7797
vn 0.4211 -0.3670 -0.8294
vn 0.9197 -0.1016 -0.3792
vn -0.7413 0.2470 0.6241
vn -0.9838 0.1101 -0.1415
vn -0.7207 0.3849 0.5766
vn -0.9910 -0.0244 -0.1320
vn -0.7451 -0.1041 0.6588
vn -0.7420 -0.2454 0.6239
vn -0.6765 0.7356 0.0348
vn -0.9379 0.0465 -0.3438
vn -0.6788 0.7287 -0.0903
vn -0.0260 0.4250 0.9048
vn -0.0176 0.4229 0.9060
vn -0.0075 0.2311 0.9729
vn -0.0052 0.5924 0.8056
vn -0.4294 -0.8727 0.2324
vn -0.4241 -0.8300 0.3623
vn -0.9212 -0.3757 0.1014
vn -0.4423 -0.8931 0.0828
vn 0.4211 -0.8292 0.3677
vn 0.9206 -0.3568 0.1587
vn 0.4235 -0.7779 0.4643
vn 0.9197 -0.3792 0.1016
vn 0.1046 0.2299 0.9676
vn 0.6138 0.3899 0.6865
vn 0.1775 -0.0004 0.9841
vn 0.3983 0.6227 0.6735
vn 0.9988 0.0442 0.0197
vn 0.9988 0.0472 0.0126
vn 0.9988 0.0385 0.0293
vn 0.9988 0.0345 0.0340
vn 1.0000 -0.0000 -0.0000
vn -0.9985 0.0540 0.0120
vn -0.7299 -0.6618 -0.1710
vn -0.7252 -0.6326 -0.2718
vn -0.9369 -0.0244 -0.3487
vn -0.6825 -0.7253 -0.0902
vn -0.7000 -0.6952 -0.1634
vn -0.6756 0.7233 0.1429
vn -0.9439 0.1247 -0.3058
vn -0.9376 0.0912 -0.3356
vn -0.9526 0.1477 -0.2661
vn -0.8859 -0.1382 -0.4429
vn -0.8785 -0.1748 -0.4446
vn 0.7224 0.0005 0.6915
vn 0.1055 -0.2290 0.9677
vn 0.0226 0.2855 0.9581
vn -0.0022 0.3024 0.9532
vn -0.0352 0.2063 0.9779
vn -0.0017 0.2428 0.9701
vn 0.0355 0.2704 0.9621
vn 0.0233 0.3193 0.9474
vn -0.7224 0.6349 -0.2739
vn -0.7246 0.6671 -0.1728
vn -0.9990 -0.0413 0.0194
vn -0.9701 0.1605 -0.1821
vn -0.8986 -0.0627 -0.4344
vn -0.8911 -0.1006 -0.4426
vn -0.9612 0.1609 -0.2239
vn 0.7083 0.2935 0.6421
vn 0.1518 0.1516 0.9767
vn 0.1934 0.0802 0.9778
vn 0.2103 -0.0000 0.9776
vn 0.9149 -0.0969 0.3919
vn 0.9122 -0.0028 0.4097
vn 0.9208 -0.3876 -0.0424
vn 0.9988 -0.0481 -0.0052
vn 0.9219 -0.3873 -0.0000
vn 0.9988 -0.0472 -0.0126
vn 0.9182 0.2329 0.3203
vn 0.9164 0.1674 0.3636
vn 0.9988 0.0291 0.0400
vn 0.9206 0.2784 0.2739
vn -0.7334 0.0007 0.6798
vn -0.1106 0.2367 0.9653
vn -0.2027 -0.0005 0.9792
vn -0.6215 -0.3901 0.6793
vn -0.9220 0.3557 0.1527
vn -0.9987 0.0482 0.0180
vn -0.9216 0.3333 0.1990
vn -0.9199 0.3096 0.2408
vn -0.9989 0.0341 0.0323
vn -0.9989 0.0333 0.0329
vn -0.7210 -0.4942 -0.4856
vn -0.7294 -0.4006 -0.5545
vn -0.9988 -0.0346 0.0343
vn -0.7293 0.3974 -0.5569
vn -0.7215 0.4921 -0.4871
vn -0.5418 0.5412 -0.6431
vn -0.6967 0.6972 -0.1685
vn -0.3779 0.9108 -0.1663
vn -0.9114 0.3780 -0.1627
vn -0.5416 -0.5411 -0.6433
vn -0.6968 -0.6972 -0.1685
vn -0.9114 -0.3780 -0.1626
vn -0.3780 -0.9108 -0.1661
vn -0.0813 0.1972 0.9770
vn -0.1499 0.1502 0.9772
vn -0.0000 -0.2164 0.9763
vn -0.2947 0.7110 0.6385
vn -0.7611 -0.0000 -0.6487
vn -0.9855 -0.0000 -0.1697
vn -0.7080 0.2933 -0.6424
vn -0.7078 -0.2933 -0.6426
vn -0.0016 -0.4725 0.8813
vn -0.0023 -0.4776 0.8786
vn 0.0001 -0.6100 0.7924
vn -0.0056 -0.3060 0.9520
vn 0.2936 -0.7078 -0.6424
vn 0.3768 -0.9114 -0.1651
vn 0.0001 -0.9861 -0.1663
vn 0.5415 -0.5413 -0.6433
vn -0.9989 -0.0384 0.0278
vn -0.9215 -0.3325 0.2007
vn -0.9203 -0.3082 0.2410
vn -0.9988 -0.0348 0.0343
vn 0.0015 0.4764 0.8792
vn -0.0001 0.4678 0.8838
vn -0.0006 0.2810 0.9597
vn 0.0001 0.6144 0.7890
vn 0.9146 0.0933 0.3935
vn 0.4110 0.2116 0.8867
vn 0.0001 0.9997 -0.0235
vn 0.3768 0.9114 -0.1651
vn 0.0001 0.9860 -0.1665
vn -0.0000 -0.7718 0.6358
vn -0.2947 -0.7109 0.6386
vn -0.9837 -0.1109 -0.1416
vn -0.9882 -0.0634 -0.1392
vn -0.7214 -0.3853 0.5754
vn -0.3911 0.2021 -0.8979
vn -0.8917 0.0292 -0.4516
vn -0.8981 0.0343 -0.4384
vn -0.8915 -0.0283 -0.4522
vn -0.4027 -0.3114 -0.8607
vn -0.8980 -0.0351 -0.4387
vn -0.9880 0.0650 -0.1398
vn 0.9150 -0.3939 0.0877
vn 0.6126 -0.3903 0.6873
vn 0.9956 -0.0004 0.0934
vn 0.3976 -0.6239 0.6728
vn -0.0298 -0.4166 0.9086
vn -0.0185 -0.4170 0.9087
vn -0.0092 -0.5858 0.8104
vn -0.0220 -0.2402 0.9705
vn -0.4012 -0.6240 0.6706
vn -0.6918 -0.7172 0.0839
vn -0.3707 -0.9250 0.0831
vn 0.4198 0.8767 -0.2349
vn 0.4214 0.9014 0.0993
vn 0.4198 0.8767 0.2349
vn 0.4198 -0.8767 0.2349
vn 0.4214 -0.9014 0.0993
vn 0.4198 -0.8767 -0.2349
vn 0.4214 -0.9014 -0.0993
vn -0.9834 0.0664 -0.1691
vn -0.7306 -0.6689 -0.1371
vn -0.7353 -0.6694 -0.1061
vn 0.9200 -0.2770 -0.2773
vn 0.4210 -0.7215 -0.5497
vn 0.4200 -0.6414 -0.6420
vn 0.4210 -0.5480 -0.7228
vn 0.4200 0.6414 -0.6420
vn 0.9200 0.2770 -0.2772
vn 0.4210 0.5480 -0.7228
vn 0.4210 0.7215 -0.5497
vn 0.4198 -0.2349 -0.8767
vn 0.4214 -0.0993 -0.9014
vn 0.4205 -0.5301 0.7363
vn 0.4273 -0.6417 0.6369
vn -0.8717 0.2944 -0.3919
vn -0.9531 0.0338 -0.3008
vn -0.4069 0.7691 -0.4928
vn -0.8709 0.2287 -0.4349
vn -0.4230 -0.6431 0.6383
vn -0.9181 -0.2349 0.3193
vn -0.9199 -0.2785 0.2760
vn -0.9196 0.2800 0.2756
vn -0.4216 0.6459 0.6364
vn -0.9175 0.2374 0.3191
vn 0.9988 0.0344 -0.0344
vn 0.9207 0.3105 -0.2364
vn 0.9855 -0.0000 -0.1700
vn 0.9998 -0.0000 -0.0211
vn 0.9106 -0.3772 -0.1686
vn 0.9106 0.3772 -0.1686
vn 0.9988 0.0413 -0.0247
vn 0.9213 0.3338 -0.1994
vn 0.9988 0.0443 -0.0197
vn -0.9147 -0.0976 0.3921
vn -0.9163 -0.1705 0.3623
vn -0.4106 -0.2199 0.8849
vn -0.9120 -0.0028 0.4102
vn 0.9205 -0.2777 0.2751
vn 0.4261 -0.7193 0.5487
vn -0.8714 -0.2255 -0.4356
vn -0.4158 -0.8329 -0.3651
vn -0.8749 -0.2848 -0.3918
vn -0.4372 -0.8722 -0.2194
vn 0.7054 0.2926 -0.6456
vn 0.5415 0.5413 -0.6432
vn -0.9773 -0.1478 -0.1517
vn -0.7007 -0.4874 0.5210
vn -0.6921 -0.5683 0.4450
vn 0.0236 0.4172 0.9085
vn 0.0118 0.5909 0.8066
vn 0.0336 0.4166 0.9085
vn 0.0282 0.2251 0.9739
vn 0.7058 -0.7069 0.0452
vn 0.5871 -0.5875 0.5569
vn 0.3818 -0.9234 0.0394
vn 0.7640 -0.3174 0.5618
vn 0.9988 -0.0385 -0.0293
vn 0.9988 -0.0344 -0.0344
vn 0.9207 -0.3105 -0.2365
vn -0.1996 -0.7463 0.6349
vn -0.0001 -0.9964 0.0843
vn 0.0001 -0.9997 -0.0235
vn -0.6918 0.7038 -0.1616
vn -0.9844 -0.0430 -0.1708
vn -0.7223 0.6780 -0.1365
vn -0.7018 0.4846 0.5221
vn -0.6954 0.5653 0.4437
vn 0.6966 0.6974 -0.1685
vn 0.6966 -0.6974 -0.1685
vn -0.9988 0.0232 0.0423
vn -0.9160 0.1704 0.3632
vn -0.9989 0.0320 0.0355
vn -0.9144 0.0939 0.3937
vn -0.9987 -0.0243 0.0437
vn -0.9988 -0.0331 0.0371
vn 0.4262 0.7195 0.5483
vn 0.4274 0.6438 0.6347
vn -0.9988 0.0404 0.0266
vn -0.7217 -0.5995 -0.3461
vn -0.7218 -0.5548 -0.4137
vn -0.0280 0.3285 0.9441
vn -0.6178 0.3925 0.6814
vn -0.7215 0.5546 -0.4145
vn -0.7203 0.6001 -0.3480
vn -0.4100 0.2119 0.8871
vn -0.9227 0.3731 0.0968
vn -0.4268 0.8737 0.2334
vn -0.9440 -0.1209 -0.3071
vn -0.6726 -0.7251 0.1478
vn -0.6782 -0.7340 0.0366
vn -0.9373 -0.0782 -0.3398
vn -0.9527 -0.1473 -0.2660
vn -0.6780 -0.6944 0.2411
vn -0.7435 -0.0001 0.6687
vn -0.9910 0.0245 -0.1319
vn -0.7451 0.1042 0.6588
vn 0.0049 0.3049 0.9524
vn -0.0183 0.2896 0.9570
vn 0.0375 0.2047 0.9781
vn -0.6815 0.6924 0.2367
vn -0.0359 0.2779 0.9599
vn -0.0252 0.3252 0.9453
vn 0.4147 0.3829 0.8255
vn 0.0001 0.8341 0.5517
vn 0.0001 0.9993 0.0375
vn -0.3182 0.7686 0.5550
vn 0.3179 0.7695 0.5538
vn 0.0001 -0.8341 0.5516
vn -0.3178 -0.7686 0.5552
vn 0.0001 -0.9993 0.0375
vn 0.3184 -0.7695 0.5537
vn -0.0030 0.7135 0.7007
vn -0.0058 0.5869 0.8096
vn -0.1149 -0.2330 0.9657
vn 0.9988 0.0292 -0.0386
vn 0.9207 0.2358 -0.3111
vn 0.9988 0.0197 -0.0442
vn 0.9215 0.1983 -0.3341
vn 0.2936 0.7078 -0.6424
vn -0.2922 -0.7060 -0.6451
vn -0.2922 0.7058 -0.6454
vn 0.7054 -0.2927 -0.6456
vn -0.9984 0.0005 0.0560
vn -0.9225 -0.3830 0.0492
vn -0.7636 -0.3168 0.5626
vn -0.5869 -0.5874 0.5572
vn -0.7640 0.3169 0.5621
vn -0.9224 0.3829 0.0496
vn -0.8245 0.0006 0.5659
vn -0.7060 0.7068 0.0447
vn 0.0156 0.7126 0.7014
vn 0.0039 0.7131 0.7011
vn 0.0078 0.5995 0.8004
vn 0.0123 0.7982 0.6022
vn -0.0072 -0.5947 0.8039
vn -0.0107 -0.7103 0.7038
vn -0.0029 -0.7108 0.7034
vn -0.0085 -0.7988 0.6015
vn -0.8972 0.0632 -0.4372
vn -0.9696 -0.1624 -0.1833
vn -0.9610 -0.1617 -0.2242
vn -0.9017 0.0402 -0.4305
vn 0.9206 -0.3104 0.2368
vn 0.9988 -0.0385 0.0294
vn 0.9988 -0.0345 0.0341
vn -0.4233 0.7794 0.4620
vn 0.0080 -0.5831 0.8123
vn 0.0058 -0.5884 0.8086
vn 0.0039 -0.7112 0.7030
vn 0.0218 -0.4238 0.9055
vn 0.0289 -0.3296 0.9437
vn 0.0089 -0.3889 0.9212
vn -0.8856 0.1394 -0.4430
vn -0.8912 0.0998 -0.4425
vn 0.0223 -0.3190 0.9475
vn -0.0084 -0.3407 0.9401
vn 0.0130 -0.4788 0.8778
vn -0.0091 -0.2929 0.9561
vn -0.0318 -0.2886 0.9569
vn 0.7009 0.6993 0.1404
vn 0.3788 0.9165 0.1284
vn 0.5393 0.5416 0.6449
vn 0.9157 0.3794 0.1321
vn 0.0220 -0.2346 0.9718
vn 0.0494 -0.2196 0.9743
vn 0.0297 -0.4253 0.9046
vn 0.0802 -0.0039 0.9968
vn -0.9254 0.3790 0.0036
vn -0.9148 0.3756 -0.1483
vn -0.9974 0.0629 -0.0365
vn -0.0056 -0.5834 0.8122
vn -0.0118 -0.7098 0.7043
vn 0.5868 0.5874 0.5573
vn 0.7058 0.7070 0.0446
vn 0.9224 0.3827 0.0514
vn -0.7061 -0.7068 0.0444
vn -0.5872 0.5876 0.5567
vn -0.3822 0.9232 0.0396
vn -0.3792 -0.9160 0.1307
vn -0.5442 -0.5438 0.6388
vn -0.0000 -0.9914 0.1305
vn 0.2965 0.7120 0.6365
vn -0.0000 0.9914 0.1307
vn -0.0110 0.7136 0.7005
vn -0.0091 0.7995 0.6006
vn -0.0131 0.7130 0.7011
vn -0.0068 0.5877 0.8090
vn -0.4097 0.5657 -0.7156
vn -0.9209 -0.3568 0.1567
vn -0.9990 -0.0433 0.0140
vn 0.9157 -0.3794 0.1321
vn 0.9907 -0.0000 0.1359
vn -0.7111 -0.2939 0.6388
vn -0.9165 -0.3799 0.1256
vn -0.9916 -0.0000 0.1294
vn -0.0189 0.3181 0.9479
vn -0.8930 0.0150 -0.4499
vn -0.8946 -0.0000 -0.4468
vn -0.9918 -0.0000 -0.1275
vn -0.3966 -0.0000 -0.9180
vn -0.0000 -0.7877 0.6161
vn 0.1979 -0.7493 0.6320
vn 0.0155 -0.7115 0.7026
vn 0.0033 -0.7999 0.6002
vn 0.8244 -0.0004 0.5661
vn 0.9984 -0.0003 0.0563
vn 0.7638 0.3170 0.5622
vn 0.9223 -0.3829 0.0519
vn -0.9228 -0.3852 0.0067
vn -0.9153 -0.3739 -0.1496
vn -0.0027 0.8010 0.5987
vn -0.0016 0.8637 0.5040
vn -0.0499 -0.2211 0.9740
vn -0.0863 -0.0031 0.9963
vn 0.0105 -0.2412 0.9704
vn -0.2012 0.7461 0.6347
vn -0.3708 0.9250 0.0832
vn -0.0003 0.9965 0.0841
vn -0.3989 0.6251 0.6709
vn 0.6906 0.7179 0.0870
vn 0.3705 0.9252 0.0820
vn -0.9022 -0.0417 -0.4292
vn -0.4127 -0.4737 -0.7780
vn -0.9781 0.1445 -0.1500
vn 0.3705 -0.9252 0.0821
vn 0.1962 0.7488 0.6331
vn -0.7699 -0.0000 0.6382
vn -0.7110 0.2939 0.6388
vn -0.4243 -0.7793 0.4612
vn 0.0038 0.2374 0.9714
vn 0.0146 -0.0062 0.9999
vn 0.0126 -0.7983 0.6021
vn 0.0013 -0.8620 0.5069
vn -0.6920 0.7171 0.0838
vn -0.9147 0.3944 0.0881
vn -0.8930 -0.0150 -0.4499
vn 0.9988 0.0126 -0.0472
vn -0.0050 0.7876 0.6161
vn -0.8922 -0.3368 -0.3010
vn -0.9539 -0.0052 -0.2999
vn -0.4090 -0.6475 -0.6430
vn 0.9208 -0.0424 -0.3876
vn 0.9208 0.3877 0.0424
vn -0.0056 -0.2640 0.9645
vn 0.0314 -0.2906 0.9563
vn 0.0152 -0.3322 0.9431
vn -0.0210 -0.3119 0.9499
vn -0.7011 -0.7010 0.1310
vn 0.9213 -0.3338 0.1994
vn 0.9213 0.3338 0.1994
vn 0.9207 0.3105 0.2366
vn -0.0002 -0.3436 0.9391
vn -0.0225 -0.3307 0.9435
vn 0.9988 0.0385 -0.0293
vn 0.9213 -0.3338 -0.1994
vn -0.7301 0.6749 -0.1067
vn -0.9982 -0.0488 -0.0353
vn 0.9989 -0.0478 -0.0000
vn 0.9988 -0.0443 0.0197
vn 0.9988 -0.0413 0.0247
vn 0.9988 -0.0472 0.0126
vn 0.9988 -0.0480 0.0052
vn 0.9208 -0.3876 0.0424
vn 0.9988 0.0480 -0.0052
vn 0.9988 0.0472 -0.0126
vn 0.9989 0.0478 -0.0000
vn 0.9988 -0.0052 -0.0481
vn 0.9988 -0.0126 -0.0472
vn 0.9989 -0.0000 -0.0478
vn 0.9214 -0.1983 -0.3341
vn 0.9207 -0.2358 -0.3111
vn 0.9988 -0.0292 -0.0386
vn -0.9164 0.3799 0.1257
vn -0.5444 0.5439 0.6386
vn 0.9148 0.3943 0.0878
vn 0.4230 -0.9061 -0.0000
vn -0.9953 0.0007 0.0970
vn -0.9146 -0.3946 0.0885
vn 0.4078 -0.0057 0.9130
vn -0.4422 0.8930 0.0840
vn 0.3815 0.9235 0.0391
vn -0.3819 -0.9234 0.0394
vn -0.4243 0.8296 0.3628
vn -0.0016 -0.8006 0.5992
vn -0.0031 -0.8630 0.5051
vn 0.0038 0.8611 0.5085
vn 0.0023 0.8001 0.5998
vn 0.9219 -0.0000 -0.3874
vn 0.9219 0.3873 -0.0000
vn 0.9988 0.0480 0.0052
vn -0.0131 -0.9940 -0.1083
vn -0.0019 -1.0000 0.0035
vn -0.0161 -0.9999 0.0017
vn -0.0022 -0.9937 0.1116
vn -0.0312 -0.3264 0.9447
vn 0.7649 -0.0000 0.6441
vn 0.9988 -0.0289 0.0402
vn 0.9987 -0.0122 0.0494
vn 0.9987 -0.0209 0.0455
vn 0.0059 -0.6053 0.7960
vn -0.0007 -0.7105 0.7037
vn -0.0095 -0.3856 0.9226
vn -0.4080 -0.7682 -0.4934
vn -0.8776 0.1784 -0.4449
vn -0.4094 0.6476 -0.6427
vn 0.9987 0.0210 0.0457
vn 0.9987 0.0117 0.0496
vn 0.0016 -0.4195 0.9078
vn -0.0041 -0.2446 0.9696
vn -0.0007 -0.4195 0.9077
vn -0.8891 0.3458 -0.2998
vn -0.0011 0.4191 0.9079
vn -0.0030 0.3337 0.9427
vn -0.4067 -0.0057 0.9135
vn -0.0057 0.6093 0.7929
vn 0.0011 0.7128 0.7014
vn -0.0435 0.2080 0.9772
vn 0.0188 0.3136 0.9494
vn -0.0088 0.4795 0.8775
vn -0.0215 0.2212 0.9750
vn -0.7301 0.1651 -0.6630
vn -0.7290 0.2866 -0.6216
vn -0.9988 -0.0127 0.0483
vn -0.9987 -0.0004 0.0511
vn -0.4115 0.3934 -0.8221
vn -0.0000 0.2507 -0.9681
vn 0.0001 0.7656 -0.6433
vn -0.0000 -0.2507 -0.9681
vn 0.0001 -0.7657 -0.6432
vn 0.7612 -0.0000 -0.6486
vn 0.2506 -0.0000 -0.9681
vn -0.0083 -0.3008 0.9536
vn -0.0000 0.7717 0.6360
vn -0.7311 -0.1582 -0.6637
vn -0.9987 0.0122 0.0485
vn -0.7303 -0.2860 -0.6204
vn -0.0108 -0.0063 0.9999
vn 0.0092 0.5880 0.8088
vn 0.0013 0.4197 0.9077
vn -0.4285 0.8772 -0.2165
vn -0.4089 0.8374 -0.3628
vn -0.0047 0.4285 0.9035
vn 0.0080 0.3904 0.9206
vn -0.0118 0.3848 0.9229
vn 0.0502 -0.0057 0.9987
vn -0.6861 -0.6413 0.3436
vn -0.6904 0.6385 0.3400
vn -0.4468 0.8920 -0.0687
vn -0.4076 -0.5668 -0.7160
vn 0.6906 -0.7179 0.0871
vn -0.3792 0.9161 0.1305
vn 0.9986 -0.0004 0.0521
vn 0.8170 0.3387 -0.4667
vn 0.6274 0.6265 -0.4624
vn 0.3053 0.1263 -0.9438
vn 0.8847 -0.0000 -0.4661
vn 0.0002 -0.9940 -0.1092
vn 0.4198 0.2349 -0.8767
vn 0.0814 -0.1972 0.9770
vn -0.8202 -0.3394 0.4605
vn -0.8846 -0.0000 0.4664
vn -0.3105 -0.1286 0.9418
vn -0.6244 -0.6255 0.4679
vn 0.3048 -0.1261 0.9440
vn 0.8167 -0.3385 0.4673
vn 0.6272 -0.6262 0.4631
vn 0.8844 -0.0000 0.4667
vn -0.8205 0.3395 -0.4600
vn -0.8849 -0.0000 -0.4658
vn -0.3109 0.1288 -0.9417
vn -0.6245 0.6256 -0.4675
vn -0.3379 -0.8185 -0.4647
vn -0.0000 -0.8851 -0.4654
vn -0.1276 -0.3066 -0.9433
vn -0.6246 -0.6257 -0.4673
vn 0.1273 -0.3059 0.9435
vn 0.3377 -0.8180 0.4656
vn -0.0000 -0.8848 0.4660
vn 0.3377 0.8181 0.4655
vn 0.6272 0.6262 0.4631
vn 0.1273 0.3059 0.9435
vn -0.0000 0.8848 0.4660
vn -0.1272 0.3057 0.9436
vn -0.3377 0.8181 0.4655
vn -0.6243 0.6253 0.4682
vn -0.4527 -0.8888 -0.0718
vn -0.0145 -0.9937 0.1108
vn -0.0102 -0.9662 0.2577
vn -0.4077 0.7082 -0.5764
vn 0.3378 -0.8183 -0.4650
vn 0.6274 -0.6265 -0.4625
vn 0.1275 -0.3064 -0.9433
vn 0.3378 0.8183 -0.4651
vn -0.0000 0.8851 -0.4654
vn 0.1275 0.3064 -0.9433
vn -0.8202 0.3393 0.4607
vn -0.3103 0.1286 0.9419
vn -0.3377 -0.8182 0.4653
vn -0.1274 -0.3061 0.9434
vn 0.8170 -0.3387 -0.4667
vn 0.3053 -0.1263 -0.9438
vn -0.1274 0.3064 -0.9433
vn -0.3378 0.8184 -0.4648
vn -0.3110 -0.1288 -0.9416
vn -0.8205 -0.3395 -0.4599
vn 0.7009 -0.6994 0.1404
vn 0.3788 -0.9165 0.1284
vn 0.0501 -0.2102 0.9764
vn -0.0000 0.7954 -0.6061
vn 0.0001 0.8586 -0.5127
vn -0.0055 -0.9162 0.4008
vn -0.0001 0.5102 -0.8600
vn -0.0000 0.6041 -0.7969
vn -0.4089 -0.7074 -0.5765
vn 0.0712 0.0295 0.9970
vn 0.0770 -0.0000 0.9970
vn 0.2337 0.0966 0.9675
vn 0.0544 0.0544 0.9970
vn -0.4112 0.4740 -0.7786
vn -0.1040 -0.0009 0.9946
vn 0.0001 0.8628 0.5056
vn -0.0012 0.9155 0.4024
vn -0.3910 -0.2019 -0.8980
vn -0.4116 -0.3936 -0.8220
vn -0.0001 -0.4050 -0.9143
vn -0.7011 0.7009 0.1308
vn 0.0001 1.0000 -0.0000
vn -0.0001 0.1091 -0.9940
vn -0.0000 0.1092 -0.9940
vn -0.0000 -0.0000 -1.0000
vn -0.4027 0.3112 -0.8608
vn 0.0152 0.2939 0.9557
vn -0.0084 -0.9653 -0.2608
vn 0.0012 -0.8583 -0.5131
vn 0.0011 -0.9137 -0.4063
vn 0.0020 -0.9133 -0.4073
vn -0.0001 -0.1091 -0.9940
vn -0.0010 0.0001 -1.0000
vn -0.3940 -0.0871 -0.9150
vn 0.0004 0.8621 0.5067
vn 0.0002 0.9145 0.4045
vn -0.1770 0.1772 -0.9681
vn -0.1768 -0.1769 -0.9682
vn 0.1766 0.1767 -0.9683
vn 0.1766 -0.1766 -0.9683
vn 0.1768 -0.1768 0.9682
vn -0.1770 0.1772 0.9681
vn -0.1770 -0.1771 0.9681
vn 0.1768 0.1769 0.9682
vn -0.2509 -0.0000 0.9680
vn 0.2509 -0.0000 0.9680
vn -0.0112 0.2971 0.9548
vn 0.0308 0.3294 0.9437
vn 0.8167 0.3385 0.4673
vn 0.3049 0.1261 0.9440
vn -0.2325 -0.2322 -0.9445
vn 0.2356 0.2359 -0.9428
vn -0.0000 -0.3299 0.9440
vn 0.3298 -0.0000 -0.9441
vn -0.3294 -0.0000 0.9442
vn 0.2351 -0.2355 0.9430
vn -0.0000 0.3304 -0.9438
vn 0.9988 0.0413 0.0247
vn 0.9988 -0.0413 -0.0247
vn 0.9988 -0.0443 -0.0197
vn -0.2324 0.2321 -0.9445
vn -0.1498 -0.1502 0.9772
vn 0.9988 0.0245 -0.0413
vn -0.0465 -0.0056 0.9989
vn -0.0000 0.2507 0.9681
vn -0.0000 -0.2507 0.9681
vn -0.2320 0.2317 0.9447
vn 0.3293 -0.0000 0.9442
vn -0.3299 -0.0000 -0.9440
vn -0.0000 0.3299 0.9440
vn 0.2355 -0.2359 -0.9428
vn 0.0009 0.2591 -0.9658
vn -0.0019 0.2591 -0.9658
vn 0.0008 0.1111 -0.9938
vn -0.0009 0.4040 -0.9148
vn -0.2322 -0.2319 0.9446
vn 0.2351 0.2355 0.9430
vn -0.0000 -0.3304 -0.9438
vn 0.0009 -0.2591 -0.9658
vn 0.0008 -0.1111 -0.9938
vn -0.0020 -0.2592 -0.9658
vn -0.0009 -0.4040 -0.9148
vn -0.0012 -0.9153 0.4027
vn 0.0001 -0.8628 0.5056
vn -0.0009 -0.9160 0.4011
vn -0.4125 0.3842 0.8260
vn -0.2506 -0.0000 -0.9681
vn -0.4143 -0.3841 0.8251
vn 0.0190 0.7120 0.7019
vn -0.0005 -0.8639 0.5037
vn -0.0013 -0.9161 0.4009
vn -0.0003 -0.9146 0.4043
vn -0.0002 -0.9659 0.2588
vn 0.0002 -0.9147 0.4042
vn 0.0012 0.1108 -0.9938
vn 0.0008 -0.0000 -1.0000
vn -0.0813 -0.1972 0.9770
vn 0.0814 0.1972 0.9770
vn -0.0000 0.2164 0.9763
vn -0.0003 -0.5101 -0.8601
vn -0.0000 -0.6041 -0.7969
vn -0.1905 -0.0792 0.9785
vn -0.2113 -0.0000 0.9774
vn -0.1905 0.0792 0.9785
vn 0.1934 -0.0803 0.9778
vn -0.0018 -0.1111 -0.9938
vn 0.0005 -0.0000 -1.0000
vn 0.0008 0.8584 -0.5129
vn 0.0007 0.7955 -0.6060
vn -0.4189 -0.5319 0.7359
vn 0.0965 0.2317 0.9680
vn -0.0955 -0.2306 0.9684
vn -0.0000 -0.7954 -0.6061
vn -0.0000 -0.7955 -0.6060
vn 0.0001 -0.8586 -0.5127
vn 0.0965 -0.2317 0.9680
vn -0.0955 0.2307 0.9683
vn 0.0077 -0.2990 0.9542
vn 0.0216 -0.3307 0.9435
vn 0.0019 -0.4278 0.9039
vn -0.2304 0.0955 0.9684
vn 0.2337 -0.0966 0.9675
vn -0.2304 -0.0955 0.9684
vn -0.4169 0.5363 0.7338
vn -0.0955 -0.2306 -0.9684
vn -0.2305 0.0955 -0.9684
vn -0.2302 -0.0954 -0.9685
vn 0.0965 0.2317 -0.9680
vn -0.0955 0.2307 -0.9683
vn 0.0965 -0.2317 -0.9680
vn 0.2334 -0.0965 -0.9676
vn 0.2334 0.0965 -0.9676
vn -0.0006 -0.8618 0.5072
vn -0.3940 0.0871 -0.9150
vn -0.0014 0.9160 0.4011
vn -0.0015 0.9660 0.2585
vn -0.0021 0.7067 -0.7075
vn -0.0020 0.7068 -0.7074
vn -0.0013 0.6048 -0.7964
vn -0.0014 0.7952 -0.6064
vn -0.1178 -0.0007 0.9930
vn -0.0482 0.2133 0.9758
vn -0.0011 0.7999 0.6002
vn -0.0006 0.8617 0.5074
vn 0.0004 0.7991 0.6012
vn -0.0003 0.9146 0.4043
vn 0.0003 0.7125 0.7016
vn -0.4215 0.7209 0.5502
vn -0.0002 -0.7988 0.6016
vn 0.0001 -0.7102 0.7040
vn 0.0013 -0.8000 0.6000
vn -0.4237 -0.7197 0.5500
vn 0.9988 -0.0245 -0.0413
vn 0.9988 -0.0197 -0.0442
vn -0.0000 -0.7067 -0.7075
vn -0.0000 -0.7068 -0.7074
vn -0.0000 -0.1092 -0.9940
vn 0.0001 -0.2588 -0.9659
vn 0.0012 -0.9659 -0.2589
vn 0.0003 -0.9659 -0.2588
vn -0.0003 0.5101 -0.8601
vn -0.0009 -0.9659 0.2589
vn -0.0010 -0.9147 0.4042
vn 0.0012 0.9660 -0.2587
vn 0.0013 0.9138 -0.4062
vn 0.0022 0.9660 -0.2584
vn 0.0021 0.9134 -0.4072
vn 0.1024 -0.0015 0.9947
vn 0.0479 0.2101 0.9765
vn 0.0006 -0.9124 -0.4094
vn 0.0005 -0.9659 -0.2590
vn -0.0040 -0.9119 -0.4104
vn -0.0012 -0.8570 -0.5153
vn -0.0004 -0.9940 0.1096
vn -0.0007 -0.9939 0.1105
vn 0.3826 -0.9236 -0.0240
vn 0.0001 0.2588 -0.9659
vn -0.0001 0.2588 -0.9659
vn 0.0002 0.9139 -0.4059
vn 0.0003 0.9659 -0.2588
vn -0.0014 -0.7068 -0.7074
vn -0.0010 -0.6048 -0.7964
vn -0.0019 -0.7068 -0.7074
vn -0.0013 -0.7953 -0.6062
vn 0.0001 0.7958 -0.6056
vn -0.0002 0.8573 -0.5148
vn -0.0005 -0.5099 -0.8602
vn 0.0005 -0.4041 -0.9147
vn 0.4206 0.5339 0.7335
vn 0.0012 0.8002 0.5998
vn 0.0001 0.8614 0.5079
vn -0.0563 -0.2114 0.9758
vn -0.0010 -0.7994 0.6008
vn -0.0006 -0.8615 0.5078
vn 0.0715 0.0296 -0.9970
vn 0.0773 -0.0000 -0.9970
vn 0.0546 0.0546 -0.9970
vn -0.0001 0.4050 -0.9143
vn -0.0001 -0.2588 -0.9659
vn 0.7070 -0.7072 0.0053
vn 0.3813 -0.9244 0.0099
vn 0.7059 -0.7083 0.0084
vn -0.0770 -0.0000 0.9970
vn -0.0715 -0.0296 0.9970
vn -0.0715 0.0296 0.9970
vn 0.0712 -0.0295 0.9970
vn -0.0546 0.0545 0.9970
vn -0.0295 0.0713 0.9970
vn -0.0000 -0.9999 0.0100
vn 0.0001 -1.0000 0.0039
vn -0.3815 -0.9243 0.0096
vn 0.0295 0.0713 0.9970
vn -0.0546 -0.0545 0.9970
vn -0.0294 -0.0713 0.9970
vn -0.0000 -0.0769 0.9970
vn 0.0295 -0.0713 0.9970
vn -0.0000 0.0769 0.9970
vn 0.0005 0.9941 -0.1087
vn 0.0012 0.9942 -0.1075
vn 0.0001 1.0000 0.0016
vn -0.9238 -0.3828 0.0055
vn -0.9233 -0.3839 0.0116
vn -0.7060 -0.7082 0.0086
vn 0.0131 -0.2970 0.9548
vn -0.0544 -0.2112 0.9759
vn 0.0002 0.9940 -0.1092
vn 0.0023 -0.9659 -0.2588
vn 0.0012 -0.9942 -0.1075
vn 0.0013 -0.9943 -0.1062
vn 0.0002 -1.0000 0.0017
vn 0.9988 0.0052 -0.0481
vn -0.9236 0.3826 -0.0230
vn -0.9998 -0.0000 -0.0211
vn -0.3816 0.9243 0.0096
vn -0.7060 0.7082 0.0086
vn -0.3824 0.9240 0.0040
vn 0.9236 0.3826 -0.0230
vn 0.0005 0.4041 -0.9147
vn -0.0006 0.5099 -0.8602
vn 0.3823 0.9240 0.0042
vn 0.7059 0.7083 0.0084
vn 0.3813 0.9244 0.0100
vn 0.0003 -0.9143 0.4050
vn 0.0042 -0.8591 0.5118
vn 0.0042 -0.8606 0.5093
vn 0.0148 -0.7961 0.6050
vn 0.0189 -0.7104 0.7036
vn 0.0097 -0.5836 0.8120
vn -0.0000 -0.7958 -0.6055
vn 0.0008 -0.8579 -0.5138
vn 0.0544 -0.0544 0.9970
vn 0.0546 -0.0547 -0.9970
vn 0.0295 -0.0713 -0.9970
vn 0.0715 -0.0297 -0.9970
vn -0.7397 0.0048 -0.6730
vn -0.7073 0.7064 -0.0265
vn -0.3825 0.9237 -0.0227
vn -0.7073 -0.7064 -0.0266
vn -0.9236 -0.3826 -0.0230
vn -0.3824 -0.9237 -0.0228
vn -0.0001 0.9940 0.1093
vn -0.0009 0.9660 0.2587
vn -0.0002 0.9659 0.2588
vn -0.0008 0.7129 0.7013
vn -0.0000 0.6146 0.7889
vn -0.0000 -1.0000 -0.0000
vn 0.0011 -0.7106 0.7036
vn 0.0002 -0.6098 0.7926
vn 0.0022 -0.9659 -0.2588
vn 0.0020 -0.9128 -0.4084
vn -0.0102 0.7973 0.6035
vn -0.0033 0.8625 0.5060
vn -0.0029 0.8610 0.5085
vn -0.0007 0.9159 0.4014
vn -0.0718 -0.0298 -0.9970
vn -0.0549 -0.0547 -0.9970
vn -0.0773 -0.0000 -0.9970
vn 0.0160 0.7962 0.6049
vn 0.0002 -0.9139 -0.4059
vn 1.0000 -0.0000 0.0097
vn 0.9233 0.3839 0.0115
vn 0.9233 -0.3839 0.0115
vn -1.0000 -0.0000 0.0097
vn -0.9233 0.3839 0.0116
vn -0.9238 0.3828 0.0055
vn 0.7072 0.7065 -0.0266
vn -0.0000 0.9999 0.0101
vn 0.0052 0.8594 0.5112
vn -1.0000 -0.0000 0.0055
vn 0.9238 -0.3828 0.0055
vn -0.0015 -0.9659 0.2588
vn -0.0013 -0.9660 0.2585
vn -0.0007 -0.9938 0.1114
vn 0.3826 0.9236 -0.0240
vn 0.9236 -0.3826 -0.0229
vn 0.7072 -0.7065 -0.0266
vn 0.0008 0.8578 -0.5140
vn 0.0010 0.9124 -0.4093
vn 0.0295 0.0713 -0.9970
vn 0.0908 -0.0019 0.9959
vn -0.0030 0.1102 -0.9939
vn -0.0036 0.2585 -0.9660
vn -0.0016 0.1094 -0.9940
vn -0.0102 -0.7968 0.6041
vn -0.0294 -0.0713 -0.9970
vn -0.0000 -0.0769 -0.9970
vn -0.0005 0.9938 0.1114
vn 0.0005 1.0000 0.0038
vn -0.0002 0.9937 0.1119
vn -0.0004 0.9660 0.2584
vn -0.0048 -0.8619 0.5071
vn -0.0001 -0.8573 -0.5148
vn -0.0009 -0.7951 -0.6065
vn -0.0295 0.0713 -0.9970
vn -0.0546 0.0545 -0.9970
vn -0.0715 0.0296 -0.9970
vn -0.0008 0.9939 0.1104
vn -0.0013 0.9660 0.2584
vn -0.0015 0.6043 -0.7968
vn -0.0003 0.5105 -0.8599
vn -0.0000 0.0769 -0.9970
vn -0.0018 0.4042 -0.9147
vn -0.0016 0.2585 -0.9660
vn -0.0034 -0.2589 -0.9659
vn -0.0016 -0.2588 -0.9659
vn -0.0009 -0.4047 -0.9145
vn -0.0030 -0.1102 -0.9939
vn -0.0003 -0.5103 -0.8600
vn -0.0007 -0.6043 -0.7968
vn -0.0014 -0.6045 -0.7966
vn -0.0004 -0.7070 -0.7072
vn 0.0520 -0.2098 0.9764
vn 0.3823 -0.9240 0.0042
vn -0.3824 -0.9240 0.0040
vn 0.0001 1.0000 0.0039
vn -0.0019 0.0003 -1.0000
vn -0.0013 -0.1094 -0.9940
vn -0.0000 0.7067 -0.7075
vn -0.0001 0.7068 -0.7074
vn 0.0011 0.7958 -0.6055
vn 0.0008 0.7069 -0.7073
vn -0.0005 0.8570 -0.5154
vn 0.0005 0.9122 -0.4098
vn 0.0019 0.9660 -0.2586
vn -0.7072 0.7070 0.0052
vn 1.0000 -0.0000 0.0055
vn 0.9238 0.3828 0.0055
vn -0.7072 -0.7070 0.0052
vn 0.7070 0.7072 0.0053
vn 0.0003 1.0000 0.0029
vn -0.0006 -0.9944 -0.1058
vn 0.0011 -0.7958 -0.6055
vn 0.0008 -0.7069 -0.7073
vn 0.0007 -0.7955 -0.6060
vn 0.0007 -0.8585 -0.5128
vn -0.0001 0.6041 -0.7969
vn 0.0005 0.7067 -0.7075
vn -0.0001 0.5109 -0.8597
vn 0.0006 0.4044 -0.9146
vn 0.0005 -0.7067 -0.7075
vn -0.0001 -0.6041 -0.7969
vn 0.0016 0.9944 -0.1052
vn 0.0011 0.9660 -0.2587
vn 0.0010 0.9945 -0.1050
vn 0.0422 0.2065 0.9775
vn 0.0002 -1.0000 0.0030
vn -0.0002 -0.5107 -0.8598
vn 0.0006 -0.4044 -0.9146
vn -0.0018 -0.4041 -0.9147
vn -0.0001 -0.9940 0.1093
vn -0.0000 -0.5102 -0.8600
vn -0.0006 0.9940 0.1096
vn -0.0001 1.0000 0.0005
vn -0.0008 0.4048 -0.9144
vn -0.0006 0.9147 0.4041
vn 0.0012 0.8582 -0.5133
vn 0.0018 0.9128 -0.4083
vn 0.0023 0.9660 -0.2584
vn 0.0007 -0.9941 -0.1087
vn 0.0001 -1.0000 0.0005
vn 0.0014 0.9944 -0.1061
vn -0.0018 -0.9660 0.2584
vn 0.0003 0.9142 0.4052
vn -0.0005 0.5098 -0.8603
vn -0.0006 -0.5098 -0.8603
vn 0.0003 1.0000 0.0042
vn -0.0015 0.1111 -0.9938
vn 0.0014 0.2590 -0.9659
vn 0.0014 -0.2590 -0.9659
vn 0.0012 -0.1108 -0.9938
vn -0.0008 0.6041 -0.7969
vn -0.0016 0.7948 -0.6069
vn -0.0010 0.0002 -1.0000
vn -0.0004 0.7070 -0.7072
vn -0.2815 -0.3768 0.8825
vn -0.0028 -0.3944 0.9189
vn -0.2432 -0.2489 0.9375
vn -0.2450 -0.5052 0.8275
vn -0.1436 -0.5997 0.7872
vn -0.0044 -0.6350 0.7725
vn 0.1352 -0.6017 0.7872
vn 0.2379 -0.5086 0.8275
vn 0.2762 -0.3807 0.8825
vn 0.2397 -0.2523 0.9375
vn 0.1383 -0.1578 0.9777
vn -0.0009 -0.1225 0.9925
vn -0.1405 -0.1559 0.9777
vn -0.5183 -0.3343 0.7872
vn -0.4475 -0.0977 0.8889
vn -0.4508 -0.5718 0.6854
vn -0.2632 -0.7466 0.6110
vn -0.0057 -0.8119 0.5837
vn 0.2527 -0.7502 0.6110
vn 0.4428 -0.5780 0.6854
vn 0.5135 -0.3415 0.7872
vn 0.4461 -0.1039 0.8889
vn 0.2585 0.0709 0.9634
vn 0.0010 0.1362 0.9907
vn -0.2574 0.0745 0.9634
vn -0.7195 -0.2697 0.6400
vn -0.6211 0.0594 0.7815
vn -0.6257 -0.6000 0.4985
vn -0.3647 -0.8432 0.3949
vn -0.0065 -0.9341 0.3570
vn 0.3529 -0.8483 0.3949
vn 0.6172 -0.6087 0.4985
vn 0.7157 -0.2797 0.6400
vn 0.6218 0.0507 0.7815
vn 0.3609 0.2939 0.8851
vn 0.0027 0.3847 0.9230
vn -0.3567 0.2989 0.8851
vn -0.8726 -0.1875 0.4511
vn -0.7530 0.2120 0.6229
vn -0.7586 -0.5886 0.2793
vn -0.4418 -0.8839 0.1535
vn -0.0070 -0.9942 0.1075
vn 0.4294 -0.8900 0.1535
vn 0.7503 -0.5992 0.2793
vn 0.8698 -0.1997 0.4511
vn 0.7559 0.2014 0.6229
vn 0.4391 0.4967 0.7487
vn 0.0042 0.6070 0.7947
vn -0.4321 0.5028 0.7487
vn -0.9249 -0.1445 0.3517
vn -0.7982 0.2792 0.5339
vn -0.8041 -0.5698 0.1695
vn -0.4681 -0.8829 0.0361
vn -0.0070 -0.9999 -0.0127
vn 0.4557 -0.8894 0.0361
vn 0.7961 -0.5810 0.1694
vn 0.9228 -0.1574 0.3517
vn 0.8020 0.2680 0.5339
vn 0.4660 0.5811 0.6672
vn 0.0049 0.6980 0.7160
vn -0.4578 0.5875 0.6672
vn -0.7560 -0.2095 0.6202
vn -0.8020 -0.2749 0.5303
vn -0.4392 -0.5063 0.7421
vn -0.4661 -0.5897 0.6596
vn -0.0050 -0.7073 0.7069
vn -0.0043 -0.6172 0.7868
vn 0.4320 -0.5124 0.7421
vn 0.4578 -0.5961 0.6596
vn 0.7981 -0.2861 0.5303
vn 0.7530 -0.2200 0.6202
vn 0.9249 0.1399 0.3536
vn 0.8725 0.1816 0.4536
vn 0.7586 0.5849 0.2870
vn 0.8041 0.5676 0.1769
vn 0.4418 0.8818 0.1650
vn 0.4681 0.8824 0.0476
vn 0.0069 0.9927 0.1204
vn 0.0070 1.0000 0.0003
vn -0.4557 0.8888 0.0476
vn -0.4294 0.8879 0.1650
vn -0.7961 0.5788 0.1769
vn -0.7504 0.5955 0.2870
vn -0.9228 0.1528 0.3536
vn -0.8699 0.1938 0.4536
vn -0.3609 -0.3053 0.8812
vn -0.6219 -0.0608 0.7807
vn -0.0028 -0.3967 0.9180
vn 0.3566 -0.3104 0.8812
vn 0.6210 -0.0695 0.7807
vn 0.7194 0.2613 0.6435
vn 0.6256 0.5935 0.5063
vn 0.3647 0.8380 0.4058
vn 0.0065 0.9294 0.3690
vn -0.3529 0.8431 0.4058
vn -0.6173 0.6022 0.5063
vn -0.7157 0.2714 0.6435
vn -0.2586 -0.0834 0.9624
vn -0.4462 0.0924 0.8902
vn -0.0010 -0.1491 0.9888
vn 0.2574 -0.0870 0.9624
vn 0.4474 0.0862 0.8902
vn 0.5182 0.3240 0.7915
vn 0.4508 0.5628 0.6929
vn 0.2631 0.7386 0.6206
vn 0.0056 0.8043 0.5942
vn -0.2528 0.7422 0.6206
vn -0.4428 0.5691 0.6929
vn -0.5136 0.3312 0.7915
vn -0.2398 0.2401 0.9406
vn -0.1384 0.1451 0.9797
vn 0.0008 0.1096 0.9940
vn 0.1404 0.1432 0.9797
vn 0.2432 0.2368 0.9406
vn 0.2814 0.3653 0.8873
vn 0.2450 0.4944 0.8340
vn 0.1436 0.5894 0.7949
vn 0.0044 0.6249 0.7807
vn -0.1353 0.5914 0.7949
vn -0.2380 0.4978 0.8340
vn -0.2763 0.3692 0.8873
vn 0.0027 0.3824 0.9240
vn -0.6652 0.7367 -0.1219
vn -0.6609 0.7387 -0.1325
vn -0.6829 0.1767 -0.7088
vn -0.7909 -0.4411 0.4241
vn -0.6797 0.7253 -0.1092
vn -0.8141 0.0946 0.5729
vn -0.8183 -0.0000 0.5747
vn -0.6838 0.4250 -0.5931
vn -0.6943 0.5127 -0.5051
vn -0.6920 0.6627 -0.2863
vn -0.7753 0.5165 0.3634
vn -0.7910 0.4409 0.4241
vn -0.7541 0.5900 0.2886
vn -0.6826 0.3061 -0.6636
vn -0.6737 0.7367 -0.0587
vn -0.6993 0.7139 0.0364
vn -0.6995 -0.7135 0.0387
vn -0.6917 -0.6638 -0.2846
vn -0.7369 -0.6467 0.1970
vn -0.7216 0.6832 0.1119
vn -0.7365 0.6472 0.1966
vn -0.6946 -0.6226 -0.3605
vn -0.7980 0.3486 0.4916
vn -0.7542 -0.5900 0.2885
vn -0.6950 0.6214 -0.3618
vn -0.6821 -0.1697 -0.7113
vn -0.8141 -0.0946 0.5729
vn -0.6741 -0.7364 -0.0567
vn -0.7980 -0.3487 0.4916
vn -0.6951 0.5756 -0.4307
vn -0.6748 0.0052 -0.7380
vn -0.6604 -0.7395 -0.1300
vn -0.6803 -0.7250 -0.1075
vn -0.6948 -0.5765 -0.4300
vn -0.6946 -0.5142 -0.5030
vn -0.6651 -0.7370 -0.1201
vn -0.6890 -0.7020 -0.1803
vn -0.7223 -0.6824 0.1126
vn -0.8048 0.2228 0.5502
vn -0.6838 -0.4284 -0.5907
vn -0.6894 0.7012 -0.1819
vn -0.6817 -0.3064 -0.6644
vn -0.7753 -0.5168 0.3632
vn -0.8048 -0.2228 0.5502
vn -0.9244 -0.0000 -0.3814
vn -0.9209 -0.0000 -0.3898
vn -0.9220 -0.0000 -0.3872
vn -0.9200 -0.0000 -0.3918
vn -0.9202 -0.0001 -0.3914
vn -0.9273 -0.0003 -0.3742
vn -0.9489 -0.0003 -0.3156
vn -0.9837 -0.0001 -0.1800
vn -0.9990 0.0002 -0.0436
vn -1.0000 0.0002 0.0006
vn -1.0000 -0.0000 -0.0003
vn -1.0000 -0.0000 0.0048
vn -1.0000 -0.0001 0.0079
vn -1.0000 -0.0001 -0.0002
vn -1.0000 -0.0000 -0.0076
vt 0.497624 0.029757
vt 0.497149 0.029254
vt 0.497663 0.029714
vt 0.498190 0.030144
vt 0.498756 0.030526
vt 0.498783 0.030475
vt 0.499402 0.030778
vt 0.499825 0.020728
vt 0.499838 0.020784
vt 0.498745 0.021149
vt 0.500714 0.020620
vt 0.506131 0.024158
vt 0.506286 0.024833
vt 0.506077 0.024176
vt 0.505835 0.023541
vt 0.502770 0.030767
vt 0.502787 0.030821
vt 0.502116 0.030977
vt 0.503404 0.030525
vt 0.503988 0.030177
vt 0.504019 0.030225
vt 0.504563 0.029796
vt 0.496124 0.027478
vt 0.495969 0.026802
vt 0.496180 0.027460
vt 0.496421 0.028095
vt 0.508487 0.019967
vt 0.508500 0.019984
vt 0.508005 0.020187
vt 0.508879 0.019597
vt 0.505785 0.028163
vt 0.506087 0.027547
vt 0.505836 0.028189
vt 0.505453 0.028756
vt 0.497153 0.017969
vt 0.496623 0.017541
vt 0.496860 0.017424
vt 0.498330 0.019501
vt 0.498477 0.019280
vt 0.499009 0.019599
vt 0.496669 0.013745
vt 0.496667 0.013041
vt 0.496904 0.013159
vt 0.493319 0.023555
vt 0.493937 0.023556
vt 0.493931 0.024508
vt 0.493313 0.022909
vt 0.498252 0.010857
vt 0.498854 0.010524
vt 0.498294 0.010910
vt 0.497720 0.011282
vt 0.503499 0.021109
vt 0.503474 0.021162
vt 0.502853 0.020857
vt 0.504067 0.021493
vt 0.489718 0.025096
vt 0.489770 0.025122
vt 0.489606 0.025632
vt 0.490077 0.024707
vt 0.496345 0.027406
vt 0.496578 0.028019
vt 0.496115 0.026099
vt 0.496116 0.025407
vt 0.497696 0.027048
vt 0.505675 0.017479
vt 0.505428 0.017369
vt 0.505665 0.016785
vt 0.503948 0.019454
vt 0.503788 0.019240
vt 0.504272 0.018846
vt 0.496517 0.014359
vt 0.496259 0.014308
vt 0.496420 0.013659
vt 0.496164 0.014968
vt 0.495966 0.014957
vt 0.496065 0.014270
vt 0.489655 0.025629
vt 0.489714 0.026207
vt 0.492480 0.024325
vt 0.492812 0.024024
vt 0.493111 0.024714
vt 0.491080 0.023999
vt 0.491863 0.024057
vt 0.491732 0.024270
vt 0.499092 0.010995
vt 0.498552 0.011296
vt 0.498976 0.010758
vt 0.496231 0.016285
vt 0.496037 0.016325
vt 0.495952 0.015645
vt 0.496149 0.015631
vt 0.506991 0.019969
vt 0.506635 0.019569
vt 0.507000 0.019951
vt 0.507477 0.020166
vt 0.498770 0.021200
vt 0.497721 0.021869
vt 0.505488 0.022958
vt 0.505342 0.023054
vt 0.505063 0.022420
vt 0.505678 0.023618
vt 0.496042 0.024632
vt 0.496331 0.023779
vt 0.496212 0.024667
vt 0.495942 0.025394
vt 0.492507 0.025629
vt 0.492443 0.025097
vt 0.492550 0.025633
vt 0.492393 0.026173
vt 0.506109 0.016928
vt 0.505919 0.016866
vt 0.506272 0.016260
vt 0.506363 0.015579
vt 0.506168 0.015565
vt 0.506173 0.014879
vt 0.505911 0.014897
vt 0.505825 0.014194
vt 0.500902 0.010255
vt 0.501613 0.010516
vt 0.500919 0.010517
vt 0.491886 0.022848
vt 0.491880 0.022823
vt 0.492340 0.022852
vt 0.491876 0.022873
vt 0.491871 0.022899
vt 0.491416 0.022851
vt 0.489883 0.022899
vt 0.489878 0.022874
vt 0.490337 0.022851
vt 0.495881 0.022509
vt 0.495876 0.022535
vt 0.495421 0.022428
vt 0.506668 0.018031
vt 0.507041 0.017649
vt 0.509073 0.019089
vt 0.506653 0.018020
vt 0.490876 0.022868
vt 0.490876 0.022842
vt 0.491413 0.022876
vt 0.490340 0.022876
vt 0.491050 0.028302
vt 0.492220 0.028292
vt 0.491048 0.028942
vt 0.491059 0.027847
vt 0.494346 0.022454
vt 0.494343 0.022428
vt 0.494882 0.022398
vt 0.493889 0.022536
vt 0.499590 0.010518
vt 0.499526 0.010333
vt 0.500188 0.010154
vt 0.500227 0.010347
vt 0.489863 0.023367
vt 0.491065 0.023360
vt 0.491071 0.023722
vt 0.491066 0.022916
vt 0.496899 0.022793
vt 0.496852 0.022761
vt 0.492879 0.022809
vt 0.493418 0.022852
vt 0.492879 0.022862
vt 0.509095 0.019094
vt 0.509101 0.018545
vt 0.499501 0.020070
vt 0.498891 0.019837
vt 0.499586 0.019820
vt 0.498769 0.020080
vt 0.498801 0.020017
vt 0.499436 0.020258
vt 0.496766 0.018229
vt 0.496382 0.017663
vt 0.496444 0.017630
vt 0.496932 0.018117
vt 0.494877 0.030135
vt 0.494830 0.030138
vt 0.494942 0.029594
vt 0.494706 0.030603
vt 0.493305 0.028054
vt 0.493923 0.028069
vt 0.493921 0.028947
vt 0.493503 0.026849
vt 0.494710 0.026568
vt 0.494762 0.026574
vt 0.494862 0.027032
vt 0.495719 0.024557
vt 0.495768 0.024552
vt 0.495735 0.025019
vt 0.498156 0.030191
vt 0.496720 0.028710
vt 0.496368 0.028120
vt 0.504099 0.021444
vt 0.504631 0.021878
vt 0.505887 0.023516
vt 0.505536 0.022926
vt 0.504922 0.018551
vt 0.504706 0.018389
vt 0.505100 0.017900
vt 0.506314 0.026211
vt 0.506371 0.025524
vt 0.506371 0.026215
vt 0.506271 0.026889
vt 0.500756 0.031063
vt 0.500761 0.031006
vt 0.501438 0.031063
vt 0.500073 0.030963
vt 0.505501 0.028788
vt 0.505067 0.029321
vt 0.500710 0.020561
vt 0.501472 0.020569
vt 0.504066 0.019616
vt 0.504462 0.019035
vt 0.503490 0.020012
vt 0.503462 0.019950
vt 0.500882 0.009997
vt 0.501642 0.010059
vt 0.500889 0.010059
vt 0.506368 0.014867
vt 0.506431 0.014866
vt 0.506274 0.014106
vt 0.500773 0.030833
vt 0.500085 0.030907
vt 0.488875 0.022884
vt 0.488875 0.022831
vt 0.489414 0.022883
vt 0.488336 0.022883
vt 0.499479 0.030560
vt 0.499422 0.030724
vt 0.498861 0.030320
vt 0.503578 0.010657
vt 0.502516 0.010232
vt 0.503603 0.010603
vt 0.504619 0.011334
vt 0.501469 0.020628
vt 0.502182 0.020673
vt 0.496231 0.013596
vt 0.496424 0.012925
vt 0.496488 0.012954
vt 0.496795 0.012327
vt 0.488339 0.022908
vt 0.487881 0.022903
vt 0.500142 0.020216
vt 0.500193 0.019959
vt 0.500814 0.020033
vt 0.488234 0.023557
vt 0.488242 0.022915
vt 0.488745 0.023555
vt 0.488548 0.024559
vt 0.494824 0.026550
vt 0.494735 0.026544
vt 0.494758 0.026090
vt 0.495762 0.030588
vt 0.495667 0.030594
vt 0.495757 0.030131
vt 0.503404 0.022973
vt 0.506141 0.025538
vt 0.506141 0.026198
vt 0.506314 0.025528
vt 0.495786 0.025017
vt 0.495746 0.025560
vt 0.494882 0.022345
vt 0.497241 0.012620
vt 0.497446 0.011953
vt 0.497644 0.012127
vt 0.496643 0.016840
vt 0.496489 0.016234
vt 0.487876 0.022878
vt 0.493873 0.022848
vt 0.493879 0.022823
vt 0.493883 0.022510
vt 0.489874 0.022878
vt 0.489869 0.022903
vt 0.505810 0.013319
vt 0.505991 0.013252
vt 0.506082 0.014143
vt 0.505432 0.012264
vt 0.502473 0.010421
vt 0.501630 0.010254
vt 0.495884 0.026111
vt 0.495884 0.025389
vt 0.506079 0.016221
vt 0.505820 0.016170
vt 0.505906 0.015548
vt 0.492139 0.024664
vt 0.492396 0.025123
vt 0.500278 0.010604
vt 0.499674 0.010767
vt 0.505482 0.012232
vt 0.505860 0.017562
vt 0.505919 0.017592
vt 0.502751 0.020013
vt 0.502665 0.019765
vt 0.503247 0.019540
vt 0.503371 0.019774
vt 0.502110 0.020192
vt 0.502059 0.019934
vt 0.497988 0.018890
vt 0.497338 0.018630
vt 0.497538 0.018455
vt 0.489272 0.024023
vt 0.489645 0.024324
vt 0.488953 0.024714
vt 0.496426 0.014985
vt 0.490285 0.024057
vt 0.490432 0.024269
vt 0.496278 0.023758
vt 0.495845 0.023543
vt 0.495732 0.023543
vt 0.495856 0.023007
vt 0.495856 0.024079
vt 0.494632 0.025550
vt 0.494667 0.025013
vt 0.494738 0.025551
vt 0.494657 0.026086
vt 0.507507 0.020568
vt 0.507509 0.021138
vt 0.506880 0.020567
vt 0.492439 0.026208
vt 0.492088 0.026655
vt 0.493939 0.022914
vt 0.501425 0.030833
vt 0.501435 0.031006
vt 0.502715 0.030602
vt 0.502106 0.030920
vt 0.493416 0.022876
vt 0.495418 0.022454
vt 0.492343 0.022876
vt 0.489411 0.022908
vt 0.495720 0.027576
vt 0.495705 0.027037
vt 0.495788 0.027040
vt 0.495765 0.026583
vt 0.495788 0.028113
vt 0.495705 0.028116
vt 0.495796 0.027576
vt 0.495670 0.028576
vt 0.512578 0.021138
vt 0.512047 0.021139
vt 0.512048 0.020568
vt 0.512577 0.021725
vt 0.493294 0.028951
vt 0.493921 0.029635
vt 0.493295 0.029642
vt 0.493929 0.030226
vt 0.500782 0.020493
vt 0.500796 0.020295
vt 0.501455 0.020291
vt 0.500102 0.020411
vt 0.502171 0.020730
vt 0.502136 0.020900
vt 0.501457 0.020801
vt 0.506334 0.016276
vt 0.488223 0.028946
vt 0.488753 0.028951
vt 0.488757 0.029641
vt 0.488220 0.028069
vt 0.489767 0.026172
vt 0.490071 0.026654
vt 0.490021 0.026711
vt 0.490506 0.027037
vt 0.502146 0.020386
vt 0.501466 0.020489
vt 0.489261 0.027472
vt 0.490047 0.027802
vt 0.489848 0.028292
vt 0.489637 0.027113
vt 0.490274 0.027446
vt 0.493881 0.010023
vt 0.493419 0.010051
vt 0.493875 0.009997
vt 0.487874 0.010022
vt 0.487879 0.009997
vt 0.488335 0.010027
vt 0.488541 0.026849
vt 0.488947 0.026663
vt 0.488731 0.028054
vt 0.488908 0.025651
vt 0.505510 0.018139
vt 0.505083 0.018673
vt 0.505335 0.018036
vt 0.494262 0.028940
vt 0.494263 0.029625
vt 0.495884 0.024537
vt 0.495789 0.024543
vt 0.495674 0.029055
vt 0.495667 0.028595
vt 0.495762 0.028600
vt 0.494752 0.024556
vt 0.494842 0.024552
vt 0.495671 0.026578
vt 0.495884 0.022550
vt 0.495748 0.023004
vt 0.495788 0.022544
vt 0.495765 0.028571
vt 0.495422 0.010050
vt 0.495420 0.010027
vt 0.495879 0.010108
vt 0.494882 0.010020
vt 0.493417 0.010025
vt 0.492879 0.010062
vt 0.506883 0.021137
vt 0.506879 0.021724
vt 0.506542 0.021134
vt 0.506539 0.020565
vt 0.501467 0.020558
vt 0.498887 0.010581
vt 0.498406 0.011075
vt 0.489415 0.010027
vt 0.488875 0.010029
vt 0.489412 0.010002
vt 0.489871 0.009997
vt 0.490339 0.010005
vt 0.490336 0.010030
vt 0.489881 0.010028
vt 0.490876 0.010021
vt 0.490060 0.023752
vt 0.498218 0.019667
vt 0.497682 0.019238
vt 0.497813 0.019089
vt 0.497636 0.019291
vt 0.495796 0.025561
vt 0.495773 0.026104
vt 0.488227 0.029635
vt 0.488762 0.030230
vt 0.495755 0.029594
vt 0.495678 0.029594
vt 0.495757 0.029058
vt 0.495674 0.030133
vt 0.497769 0.011332
vt 0.497295 0.011823
vt 0.507506 0.021725
vt 0.507501 0.022336
vt 0.493105 0.026663
vt 0.493145 0.025651
vt 0.488219 0.026912
vt 0.494689 0.023000
vt 0.494744 0.023002
vt 0.494687 0.023543
vt 0.494824 0.022536
vt 0.494707 0.028586
vt 0.494759 0.028591
vt 0.494830 0.029050
vt 0.494885 0.024546
vt 0.494832 0.024552
vt 0.494749 0.024084
vt 0.496207 0.016988
vt 0.495971 0.016341
vt 0.496394 0.016924
vt 0.495746 0.026568
vt 0.495723 0.026101
vt 0.494694 0.024087
vt 0.490876 0.009997
vt 0.491414 0.010005
vt 0.499502 0.010273
vt 0.488226 0.024508
vt 0.488221 0.025662
vt 0.488232 0.030226
vt 0.488768 0.030745
vt 0.494758 0.028580
vt 0.494706 0.028586
vt 0.494907 0.028118
vt 0.494877 0.022541
vt 0.497188 0.018762
vt 0.503329 0.030368
vt 0.494632 0.023543
vt 0.496855 0.012363
vt 0.497022 0.012473
vt 0.495898 0.014956
vt 0.505024 0.029283
vt 0.496769 0.028679
vt 0.512578 0.020568
vt 0.488772 0.022910
vt 0.491069 0.027529
vt 0.491852 0.027446
vt 0.492048 0.027802
vt 0.492802 0.027472
vt 0.489876 0.010053
vt 0.495884 0.010131
vt 0.502835 0.020913
vt 0.496026 0.026792
vt 0.495942 0.026109
vt 0.491076 0.027299
vt 0.490423 0.027192
vt 0.500120 0.030737
vt 0.506230 0.024845
vt 0.498075 0.011679
vt 0.497901 0.011480
vt 0.504932 0.022534
vt 0.503395 0.021318
vt 0.502778 0.021077
vt 0.503969 0.021638
vt 0.504478 0.022053
vt 0.504593 0.021922
vt 0.497779 0.029585
vt 0.498288 0.029999
vt 0.497325 0.029103
vt 0.504894 0.029167
vt 0.505309 0.028658
vt 0.504412 0.029622
vt 0.503474 0.028665
vt 0.506033 0.027529
vt 0.506215 0.026878
vt 0.506046 0.026843
vt 0.491417 0.010030
vt 0.491873 0.010028
vt 0.494897 0.029594
vt 0.494878 0.029053
vt 0.505107 0.022382
vt 0.494860 0.028121
vt 0.494940 0.027576
vt 0.494984 0.027576
vt 0.494909 0.027035
vt 0.497684 0.021825
vt 0.505566 0.018176
vt 0.495749 0.024082
vt 0.494768 0.025011
vt 0.506170 0.016952
vt 0.493303 0.030230
vt 0.493939 0.030744
vt 0.512577 0.022335
vt 0.512047 0.021725
vt 0.504526 0.029753
vt 0.497193 0.029216
vt 0.496915 0.028583
vt 0.512596 0.013012
vt 0.512427 0.012336
vt 0.512766 0.012336
vt 0.512479 0.011682
vt 0.492133 0.026713
vt 0.491624 0.026978
vt 0.488875 0.010003
vt 0.488337 0.010002
vt 0.500724 0.020793
vt 0.498844 0.021352
vt 0.499875 0.020952
vt 0.489784 0.028946
vt 0.489787 0.029634
vt 0.491650 0.027038
vt 0.491080 0.027099
vt 0.496165 0.013576
vt 0.502815 0.020201
vt 0.502156 0.020454
vt 0.496491 0.023840
vt 0.497039 0.022888
vt 0.487874 0.026912
vt 0.487994 0.028067
vt 0.493924 0.026911
vt 0.494264 0.028067
vt 0.504604 0.019178
vt 0.494278 0.023558
vt 0.491085 0.024191
vt 0.504659 0.011289
vt 0.508524 0.020564
vt 0.508525 0.021133
vt 0.492296 0.022913
vt 0.492779 0.024894
vt 0.492060 0.023753
vt 0.492235 0.023367
vt 0.493510 0.024559
vt 0.503381 0.011057
vt 0.502415 0.010673
vt 0.503494 0.010828
vt 0.504494 0.011477
vt 0.500087 0.020478
vt 0.487896 0.031841
vt 0.487874 0.032385
vt 0.487876 0.031837
vt 0.488093 0.031335
vt 0.490585 0.032402
vt 0.490604 0.031859
vt 0.490603 0.032406
vt 0.490385 0.032909
vt 0.489526 0.030745
vt 0.489523 0.030765
vt 0.488983 0.030746
vt 0.490024 0.030963
vt 0.489883 0.026862
vt 0.492342 0.010025
vt 0.492879 0.010036
vt 0.507032 0.017632
vt 0.507527 0.017430
vt 0.505061 0.012510
vt 0.505274 0.012369
vt 0.505568 0.013409
vt 0.494434 0.024508
vt 0.493925 0.025661
vt 0.488015 0.022921
vt 0.488007 0.023558
vt 0.512521 0.013697
vt 0.512756 0.013013
vt 0.504649 0.019228
vt 0.504103 0.019672
vt 0.491088 0.024304
vt 0.490514 0.024396
vt 0.491659 0.024397
vt 0.488533 0.025659
vt 0.501439 0.020029
vt 0.496412 0.015613
vt 0.505135 0.018717
vt 0.495884 0.015653
vt 0.495698 0.026562
vt 0.494759 0.030597
vt 0.492339 0.010051
vt 0.491883 0.009997
vt 0.497831 0.021997
vt 0.489006 0.030851
vt 0.488539 0.031037
vt 0.489002 0.030838
vt 0.489507 0.030850
vt 0.506431 0.013011
vt 0.506431 0.012336
vt 0.508338 0.013010
vt 0.503429 0.030577
vt 0.508860 0.019585
vt 0.492645 0.031049
vt 0.492199 0.030849
vt 0.492654 0.031039
vt 0.492987 0.031406
vt 0.492156 0.033403
vt 0.492151 0.033390
vt 0.492608 0.033204
vt 0.491662 0.033391
vt 0.488517 0.033194
vt 0.488977 0.033394
vt 0.488509 0.033203
vt 0.488163 0.032836
vt 0.494544 0.026992
vt 0.494517 0.027488
vt 0.494532 0.026987
vt 0.490302 0.032849
vt 0.490310 0.032856
vt 0.489946 0.033207
vt 0.492969 0.032854
vt 0.492957 0.032846
vt 0.493156 0.032382
vt 0.490699 0.032362
vt 0.490874 0.032833
vt 0.490690 0.032365
vt 0.494516 0.023950
vt 0.494506 0.023955
vt 0.494507 0.023454
vt 0.494506 0.022954
vt 0.494517 0.022959
vt 0.490904 0.031393
vt 0.490897 0.031386
vt 0.491253 0.031035
vt 0.512985 0.011684
vt 0.512929 0.012338
vt 0.512821 0.011683
vt 0.512820 0.011067
vt 0.487876 0.025662
vt 0.487881 0.024508
vt 0.502834 0.020266
vt 0.494486 0.023041
vt 0.494497 0.022536
vt 0.494497 0.023042
vt 0.494545 0.027983
vt 0.494533 0.027988
vt 0.488183 0.031395
vt 0.487982 0.031859
vt 0.488172 0.031388
vt 0.491710 0.030848
vt 0.491710 0.030837
vt 0.493162 0.031877
vt 0.493176 0.031875
vt 0.489967 0.031051
vt 0.489973 0.031041
vt 0.490321 0.031409
vt 0.487967 0.032367
vt 0.487980 0.032365
vt 0.489479 0.033406
vt 0.489479 0.033394
vt 0.493881 0.010132
vt 0.493887 0.010109
vt 0.494342 0.010050
vt 0.489876 0.010022
vt 0.489327 0.026447
vt 0.512923 0.028105
vt 0.511048 0.028104
vt 0.511030 0.027565
vt 0.497240 0.011780
vt 0.494429 0.025661
vt 0.494427 0.026911
vt 0.512821 0.010506
vt 0.512983 0.011068
vt 0.511769 0.029821
vt 0.509869 0.029819
vt 0.510129 0.029204
vt 0.495998 0.014260
vt 0.494882 0.009997
vt 0.494344 0.010027
vt 0.494632 0.022536
vt 0.494543 0.022536
vt 0.494525 0.024373
vt 0.494615 0.024373
vt 0.494504 0.024797
vt 0.494586 0.025293
vt 0.494497 0.025293
vt 0.494504 0.025788
vt 0.494700 0.029324
vt 0.494610 0.029324
vt 0.494702 0.028829
vt 0.500106 0.029267
vt 0.494612 0.029820
vt 0.494706 0.028406
vt 0.494620 0.028406
vt 0.494631 0.027983
vt 0.494706 0.030243
vt 0.494617 0.030243
vt 0.494702 0.029820
vt 0.494596 0.023454
vt 0.494542 0.024373
vt 0.494632 0.024373
vt 0.494617 0.028406
vt 0.494706 0.026568
vt 0.494631 0.026992
vt 0.494619 0.026568
vt 0.494615 0.026211
vt 0.494525 0.026211
vt 0.494594 0.025788
vt 0.494603 0.027488
vt 0.491193 0.033230
vt 0.491656 0.033439
vt 0.491172 0.033262
vt 0.490838 0.032859
vt 0.500775 0.020561
vt 0.492848 0.025642
vt 0.508519 0.022334
vt 0.508519 0.022977
vt 0.496708 0.018269
vt 0.496142 0.017013
vt 0.511763 0.034459
vt 0.511762 0.035020
vt 0.509906 0.034457
vt 0.491878 0.010053
vt 0.491878 0.010023
vt 0.512922 0.025702
vt 0.511015 0.025016
vt 0.512922 0.025016
vt 0.509953 0.031824
vt 0.511258 0.031825
vt 0.509972 0.032514
vt 0.499412 0.020324
vt 0.492262 0.024537
vt 0.512364 0.013697
vt 0.512281 0.014380
vt 0.510366 0.015055
vt 0.509520 0.014379
vt 0.510500 0.014380
vt 0.509951 0.033195
vt 0.508998 0.032512
vt 0.497135 0.018809
vt 0.512047 0.022335
vt 0.512577 0.022975
vt 0.488072 0.032893
vt 0.488089 0.032883
vt 0.488455 0.033280
vt 0.490000 0.033295
vt 0.489495 0.033497
vt 0.489991 0.033279
vt 0.488478 0.030947
vt 0.488490 0.030964
vt 0.490406 0.031350
vt 0.490391 0.031361
vt 0.492657 0.033277
vt 0.492669 0.033294
vt 0.492175 0.033495
vt 0.493047 0.032907
vt 0.491212 0.030963
vt 0.491204 0.030947
vt 0.491698 0.030745
vt 0.490826 0.031334
vt 0.493061 0.031360
vt 0.492710 0.030962
vt 0.493080 0.031349
vt 0.493269 0.031858
vt 0.490807 0.032881
vt 0.491163 0.033279
vt 0.490794 0.032892
vt 0.490604 0.032383
vt 0.492227 0.030745
vt 0.492221 0.030764
vt 0.491646 0.033496
vt 0.491648 0.033476
vt 0.489890 0.024536
vt 0.490027 0.024663
vt 0.491216 0.033190
vt 0.491212 0.033200
vt 0.489951 0.033217
vt 0.488531 0.031027
vt 0.493170 0.032385
vt 0.489509 0.030838
vt 0.492204 0.030837
vt 0.492616 0.033215
vt 0.487969 0.031856
vt 0.496197 0.026760
vt 0.506060 0.024877
vt 0.505912 0.024231
vt 0.488152 0.032842
vt 0.508893 0.018047
vt 0.508542 0.017648
vt 0.508912 0.018035
vt 0.506621 0.019581
vt 0.506431 0.019072
vt 0.502073 0.030750
vt 0.493515 0.025659
vt 0.490627 0.031840
vt 0.490610 0.031836
vt 0.493242 0.032401
vt 0.493263 0.032405
vt 0.491250 0.031025
vt 0.491662 0.033403
vt 0.488973 0.033406
vt 0.494497 0.023454
vt 0.490330 0.031402
vt 0.494473 0.022969
vt 0.494473 0.022536
vt 0.494486 0.022962
vt 0.507645 0.031129
vt 0.508065 0.031130
vt 0.507674 0.031818
vt 0.508003 0.030460
vt 0.492999 0.031400
vt 0.490867 0.032840
vt 0.494504 0.027488
vt 0.507642 0.033850
vt 0.507672 0.033195
vt 0.508062 0.033851
vt 0.507998 0.034457
vt 0.510835 0.010503
vt 0.510835 0.009997
vt 0.511853 0.010505
vt 0.506049 0.013233
vt 0.488952 0.033497
vt 0.488957 0.033478
vt 0.502528 0.010173
vt 0.512804 0.021135
vt 0.512805 0.020566
vt 0.493313 0.030745
vt 0.511853 0.009998
vt 0.512480 0.009998
vt 0.512480 0.010506
vt 0.508339 0.010501
vt 0.508339 0.011059
vt 0.507308 0.010501
vt 0.507308 0.009999
vt 0.507323 0.031818
vt 0.507330 0.032510
vt 0.509079 0.018549
vt 0.506449 0.019067
vt 0.506455 0.018527
vt 0.509372 0.017429
vt 0.508086 0.016912
vt 0.509409 0.016910
vt 0.508528 0.017665
vt 0.508051 0.017450
vt 0.507529 0.017451
vt 0.507999 0.020165
vt 0.508086 0.033196
vt 0.507676 0.032511
vt 0.509866 0.027565
vt 0.509893 0.028104
vt 0.501644 0.009997
vt 0.490621 0.032380
vt 0.493248 0.031861
vt 0.508345 0.015718
vt 0.506919 0.015718
vt 0.508322 0.015056
vt 0.493030 0.032896
vt 0.490839 0.031345
vt 0.492254 0.026863
vt 0.491723 0.027193
vt 0.491079 0.027155
vt 0.491699 0.030764
vt 0.492170 0.033476
vt 0.492697 0.030978
vt 0.494606 0.023950
vt 0.494606 0.022959
vt 0.494594 0.024797
vt 0.506336 0.014096
vt 0.490370 0.032898
vt 0.488467 0.033264
vt 0.489492 0.033478
vt 0.488110 0.031346
vt 0.487894 0.032381
vt 0.490586 0.031862
vt 0.490014 0.030979
vt 0.488988 0.030765
vt 0.489799 0.030744
vt 0.490537 0.026977
vt 0.498179 0.019725
vt 0.507500 0.022980
vt 0.508519 0.023644
vt 0.506740 0.028620
vt 0.507117 0.028620
vt 0.506916 0.029195
vt 0.506900 0.028105
vt 0.492657 0.025636
vt 0.492563 0.025021
vt 0.490544 0.024442
vt 0.511016 0.021721
vt 0.511015 0.022334
vt 0.509753 0.021718
vt 0.506437 0.018523
vt 0.512922 0.023639
vt 0.511015 0.022974
vt 0.509754 0.021128
vt 0.506426 0.015587
vt 0.508057 0.017430
vt 0.507475 0.020187
vt 0.491057 0.030221
vt 0.491050 0.029628
vt 0.492286 0.030226
vt 0.500173 0.010093
vt 0.505870 0.027472
vt 0.505629 0.028085
vt 0.508349 0.016343
vt 0.506850 0.016344
vt 0.511379 0.033197
vt 0.511308 0.033851
vt 0.492094 0.024709
vt 0.509552 0.013694
vt 0.508339 0.013693
vt 0.508832 0.029817
vt 0.508794 0.029202
vt 0.509603 0.011059
vt 0.509604 0.010501
vt 0.509802 0.026365
vt 0.509834 0.026985
vt 0.508726 0.026369
vt 0.508854 0.026988
vt 0.489480 0.025636
vt 0.489579 0.025020
vt 0.511793 0.014381
vt 0.512040 0.013698
vt 0.512122 0.014380
vt 0.511884 0.015054
vt 0.509603 0.011678
vt 0.510834 0.011680
vt 0.494342 0.022376
vt 0.511350 0.031139
vt 0.509927 0.031138
vt 0.511768 0.030468
vt 0.511015 0.026985
vt 0.512922 0.026985
vt 0.511015 0.026364
vt 0.491089 0.024347
vt 0.491632 0.024443
vt 0.511463 0.016332
vt 0.511288 0.016904
vt 0.511087 0.016333
vt 0.511303 0.015710
vt 0.507394 0.028105
vt 0.508547 0.028101
vt 0.508053 0.028100
vt 0.507813 0.027565
vt 0.507896 0.035017
vt 0.507565 0.034457
vt 0.509753 0.020561
vt 0.495985 0.024619
vt 0.508523 0.021721
vt 0.509750 0.022333
vt 0.492559 0.026297
vt 0.489793 0.030226
vt 0.491063 0.030743
vt 0.488995 0.030803
vt 0.489516 0.030803
vt 0.488511 0.030997
vt 0.509895 0.030466
vt 0.509923 0.033849
vt 0.495076 0.026555
vt 0.495593 0.026099
vt 0.495572 0.026559
vt 0.492212 0.030802
vt 0.492675 0.031010
vt 0.491705 0.030802
vt 0.492163 0.033438
vt 0.491232 0.030995
vt 0.490869 0.031366
vt 0.495615 0.025559
vt 0.495042 0.025554
vt 0.495605 0.025018
vt 0.490657 0.032372
vt 0.493030 0.031380
vt 0.493211 0.031868
vt 0.493205 0.032393
vt 0.492999 0.032874
vt 0.490696 0.031855
vt 0.490662 0.031848
vt 0.509774 0.025702
vt 0.508617 0.025705
vt 0.508543 0.025017
vt 0.495478 0.027036
vt 0.495026 0.027036
vt 0.494892 0.026576
vt 0.492471 0.027114
vt 0.492774 0.026447
vt 0.512922 0.026364
vt 0.511015 0.025702
vt 0.511484 0.013698
vt 0.510736 0.013011
vt 0.511677 0.013013
vt 0.510810 0.012336
vt 0.503893 0.030032
vt 0.491417 0.022797
vt 0.490876 0.022789
vt 0.494879 0.023003
vt 0.495007 0.022542
vt 0.495450 0.023003
vt 0.488335 0.022829
vt 0.507569 0.030460
vt 0.507903 0.029814
vt 0.495452 0.024083
vt 0.495015 0.024545
vt 0.494884 0.024083
vt 0.506777 0.010501
vt 0.506551 0.009999
vt 0.506777 0.009999
vt 0.488010 0.030743
vt 0.488005 0.030219
vt 0.488237 0.030744
vt 0.488000 0.029625
vt 0.487996 0.028940
vt 0.510809 0.015712
vt 0.511031 0.015055
vt 0.492636 0.033245
vt 0.490359 0.031382
vt 0.490549 0.031870
vt 0.489993 0.031011
vt 0.504325 0.011669
vt 0.491878 0.022820
vt 0.491878 0.022770
vt 0.492339 0.022798
vt 0.489876 0.022820
vt 0.490336 0.022797
vt 0.495884 0.022457
vt 0.495422 0.022375
vt 0.488875 0.022909
vt 0.494882 0.022424
vt 0.492879 0.022886
vt 0.511015 0.024324
vt 0.509750 0.023640
vt 0.511015 0.023639
vt 0.511017 0.021133
vt 0.511017 0.020564
vt 0.508338 0.012335
vt 0.492279 0.029635
vt 0.492277 0.028946
vt 0.510628 0.013696
vt 0.511263 0.014381
vt 0.506538 0.021722
vt 0.506875 0.022336
vt 0.506533 0.022335
vt 0.506874 0.022980
vt 0.489486 0.033440
vt 0.489970 0.033248
vt 0.488965 0.033441
vt 0.512804 0.021723
vt 0.506432 0.014379
vt 0.508339 0.014378
vt 0.495051 0.029594
vt 0.494995 0.029054
vt 0.494995 0.030134
vt 0.495093 0.027576
vt 0.495024 0.028117
vt 0.495477 0.028117
vt 0.493881 0.022770
vt 0.494824 0.023543
vt 0.494890 0.028593
vt 0.494890 0.030595
vt 0.495594 0.024557
vt 0.512804 0.022334
vt 0.495510 0.027576
vt 0.495405 0.030595
vt 0.495447 0.030134
vt 0.494889 0.028578
vt 0.510834 0.011062
vt 0.511852 0.011066
vt 0.511853 0.011682
vt 0.493419 0.022798
vt 0.489415 0.022829
vt 0.487874 0.022824
vt 0.489876 0.022824
vt 0.493881 0.022458
vt 0.508324 0.027565
vt 0.507561 0.026990
vt 0.488142 0.031368
vt 0.489255 0.025642
vt 0.508442 0.031820
vt 0.508408 0.031132
vt 0.508981 0.031822
vt 0.494271 0.030219
vt 0.490339 0.032876
vt 0.490547 0.032394
vt 0.507500 0.024329
vt 0.506926 0.025018
vt 0.506874 0.024330
vt 0.506875 0.023648
vt 0.494281 0.030742
vt 0.511541 0.015054
vt 0.511663 0.015710
vt 0.487932 0.032374
vt 0.488122 0.032862
vt 0.488489 0.033232
vt 0.508519 0.024327
vt 0.507501 0.023647
vt 0.507301 0.029194
vt 0.507453 0.029813
vt 0.494612 0.028829
vt 0.487934 0.031849
vt 0.506432 0.015057
vt 0.508348 0.030462
vt 0.508940 0.031136
vt 0.508405 0.033850
vt 0.508936 0.033848
vt 0.508880 0.034456
vt 0.508440 0.033195
vt 0.492294 0.030744
vt 0.509604 0.009997
vt 0.510751 0.017426
vt 0.510437 0.016905
vt 0.510902 0.016904
vt 0.510608 0.016334
vt 0.489575 0.026297
vt 0.512922 0.024324
vt 0.512984 0.010506
vt 0.512821 0.009998
vt 0.495044 0.026093
vt 0.495055 0.025013
vt 0.495417 0.023543
vt 0.506431 0.011678
vt 0.508451 0.032512
vt 0.508979 0.033194
vt 0.509855 0.028632
vt 0.511401 0.028633
vt 0.509896 0.028114
vt 0.509116 0.028102
vt 0.508741 0.028112
vt 0.508080 0.028625
vt 0.507964 0.028109
vt 0.507471 0.027564
vt 0.507232 0.026989
vt 0.507313 0.026372
vt 0.495524 0.022542
vt 0.495407 0.028578
vt 0.495468 0.029594
vt 0.495447 0.029054
vt 0.495096 0.024552
vt 0.495408 0.026576
vt 0.495528 0.024545
vt 0.495405 0.028593
vt 0.507544 0.025018
vt 0.512266 0.013012
vt 0.490513 0.032387
vt 0.506375 0.023648
vt 0.506372 0.022980
vt 0.494281 0.022920
vt 0.510240 0.015714
vt 0.510123 0.016338
vt 0.509463 0.015717
vt 0.509489 0.015056
vt 0.508180 0.029198
vt 0.508766 0.028629
vt 0.507066 0.029813
vt 0.507193 0.030460
vt 0.509437 0.016342
vt 0.510023 0.016908
vt 0.507087 0.025707
vt 0.506991 0.026371
vt 0.506759 0.025706
vt 0.512923 0.021722
vt 0.512922 0.022334
vt 0.512922 0.022975
vt 0.489332 0.024893
vt 0.511809 0.012336
vt 0.507060 0.035016
vt 0.507188 0.034456
vt 0.507447 0.035017
vt 0.511137 0.017426
vt 0.508343 0.034457
vt 0.508825 0.035017
vt 0.508338 0.011678
vt 0.489803 0.022913
vt 0.494443 0.030742
vt 0.512984 0.009998
vt 0.506435 0.017430
vt 0.508335 0.017429
vt 0.509750 0.024324
vt 0.509756 0.025016
vt 0.508885 0.030465
vt 0.508339 0.009998
vt 0.506432 0.010501
vt 0.506431 0.011059
vt 0.509750 0.022975
vt 0.512923 0.021133
vt 0.494433 0.030217
vt 0.512047 0.015054
vt 0.508988 0.027565
vt 0.508091 0.026990
vt 0.507869 0.026372
vt 0.509579 0.013010
vt 0.509597 0.012335
vt 0.507676 0.025707
vt 0.506431 0.013694
vt 0.512478 0.011067
vt 0.487878 0.028937
vt 0.487882 0.029621
vt 0.512803 0.022975
vt 0.487886 0.030217
vt 0.494425 0.029622
vt 0.511771 0.028116
vt 0.508269 0.029815
vt 0.506379 0.021133
vt 0.506375 0.021721
vt 0.508263 0.035017
vt 0.509935 0.017427
vt 0.506589 0.025018
vt 0.494443 0.022922
vt 0.494440 0.023558
vt 0.506376 0.020564
vt 0.508088 0.031818
vt 0.506371 0.022335
vt 0.506432 0.009999
vt 0.487892 0.030742
vt 0.507283 0.031130
vt 0.507280 0.033849
vt 0.507321 0.033194
vt 0.507766 0.029195
vt 0.506540 0.028105
vt 0.507692 0.028099
vt 0.487875 0.028067
vt 0.512923 0.020565
vt 0.487896 0.022923
vt 0.508089 0.032511
vt 0.494424 0.028938
vt 0.507596 0.028621
vt 0.511465 0.016904
vt 0.511315 0.017426
vt 0.490515 0.031876
vt 0.512922 0.027565
vt 0.510301 0.017426
vt 0.509862 0.035018
vt 0.511766 0.032516
vt 0.507524 0.028099
vt 0.507308 0.027564
vt 0.511636 0.016332
vt 0.487889 0.023559
vt 0.511831 0.015710
vt 0.506374 0.024330
vt 0.494426 0.028067
vt 0.506739 0.029195
vt 0.506889 0.029813
vt 0.506883 0.035016
vt 0.507014 0.034456
vt 0.506566 0.028620
vt 0.507166 0.032510
vt 0.507155 0.033194
vt 0.507157 0.031818
vt 0.507075 0.026989
vt 0.506434 0.016912
vt 0.506837 0.026371
vt 0.511769 0.029206
vt 0.506371 0.028105
vt 0.506604 0.025706
vt 0.507019 0.030460
vt 0.507114 0.031130
vt 0.507110 0.033849
vt 0.506433 0.016344
vt 0.506433 0.015719
vt 0.511764 0.033851
vt 0.511767 0.031139
vt 0.511766 0.031826
vt 0.511770 0.028634
vt 0.506431 0.025018
vt 0.511765 0.033197
vt 0.055126 0.062266
vt 0.055116 0.061691
vt 0.055410 0.062188
vt 0.054843 0.062189
vt 0.054635 0.061980
vt 0.054559 0.061693
vt 0.054635 0.061406
vt 0.054843 0.061196
vt 0.055127 0.061119
vt 0.055410 0.061195
vt 0.055618 0.061405
vt 0.055694 0.061691
vt 0.055618 0.061978
vt 0.055157 0.062802
vt 0.055706 0.062653
vt 0.054609 0.062655
vt 0.054207 0.062250
vt 0.054060 0.061696
vt 0.054207 0.061142
vt 0.054609 0.060736
vt 0.055157 0.060586
vt 0.055706 0.060734
vt 0.056108 0.061139
vt 0.056255 0.061693
vt 0.056108 0.062247
vt 0.055206 0.063265
vt 0.055982 0.063054
vt 0.054431 0.063056
vt 0.053863 0.062483
vt 0.053433 0.061897
vt 0.053861 0.062449
vt 0.053460 0.062680
vt 0.053842 0.061896
vt 0.053863 0.061341
vt 0.053462 0.061113
vt 0.053863 0.060916
vt 0.054431 0.060342
vt 0.055206 0.060131
vt 0.055982 0.060340
vt 0.056550 0.060912
vt 0.056758 0.061696
vt 0.056550 0.062479
vt 0.057943 0.061874
vt 0.057509 0.061119
vt 0.057943 0.060924
vt 0.057509 0.061895
vt 0.057538 0.062685
vt 0.057978 0.062842
vt 0.052964 0.062856
vt 0.053534 0.063250
vt 0.053055 0.063555
vt 0.052932 0.061898
vt 0.052967 0.060937
vt 0.053538 0.060536
vt 0.053060 0.060231
vt 0.059874 0.060060
vt 0.059408 0.059283
vt 0.059872 0.059279
vt 0.059411 0.060239
vt 0.059874 0.058493
vt 0.059411 0.058320
vt 0.056221 0.060039
vt 0.056916 0.060740
vt 0.057171 0.061700
vt 0.056916 0.062659
vt 0.056221 0.063363
vt 0.058461 0.061856
vt 0.058461 0.060796
vt 0.058500 0.062935
vt 0.052511 0.063746
vt 0.052409 0.062967
vt 0.052373 0.061898
vt 0.052412 0.060826
vt 0.052516 0.060039
vt 0.058871 0.059286
vt 0.058875 0.060352
vt 0.058875 0.058212
vt 0.059420 0.057609
vt 0.058884 0.057419
vt 0.058733 0.057059
vt 0.058205 0.058130
vt 0.058283 0.057172
vt 0.058645 0.058128
vt 0.058734 0.059200
vt 0.058284 0.059091
vt 0.057978 0.060245
vt 0.058500 0.060039
vt 0.183956 0.058881
vt 0.184400 0.058770
vt 0.184364 0.059682
vt 0.184855 0.059664
vt 0.184869 0.060759
vt 0.184376 0.060664
vt 0.183991 0.061565
vt 0.184439 0.061763
vt 0.183680 0.062407
vt 0.183310 0.062142
vt 0.181238 0.059940
vt 0.181786 0.060898
vt 0.181247 0.060900
vt 0.181776 0.059827
vt 0.181247 0.061860
vt 0.181786 0.061968
vt 0.186792 0.058770
vt 0.186596 0.059659
vt 0.186268 0.058961
vt 0.187158 0.059549
vt 0.186717 0.060618
vt 0.187293 0.060618
vt 0.187160 0.061689
vt 0.186597 0.061579
vt 0.186794 0.062478
vt 0.186270 0.062285
vt 0.184209 0.060357
vt 0.183710 0.059385
vt 0.184227 0.059391
vt 0.183689 0.060462
vt 0.184209 0.058438
vt 0.183689 0.058322
vt 0.183817 0.059755
vt 0.183484 0.059101
vt 0.183827 0.060557
vt 0.183513 0.061292
vt 0.182957 0.061763
vt 0.180775 0.060119
vt 0.180782 0.060902
vt 0.180782 0.061686
vt 0.185780 0.059266
vt 0.186048 0.059836
vt 0.186147 0.060618
vt 0.186049 0.061403
vt 0.185781 0.061980
vt 0.184644 0.060189
vt 0.184659 0.059401
vt 0.184644 0.058622
vt 0.183253 0.059878
vt 0.183017 0.059415
vt 0.183260 0.060445
vt 0.183037 0.060965
vt 0.182644 0.061298
vt 0.182309 0.061844
vt 0.182186 0.061355
vt 0.180422 0.060904
vt 0.180422 0.061458
vt 0.185362 0.059664
vt 0.185551 0.060067
vt 0.185621 0.060620
vt 0.185552 0.061175
vt 0.185363 0.061583
vt 0.184978 0.059412
vt 0.184967 0.059970
vt 0.182918 0.058770
vt 0.182617 0.059181
vt 0.182587 0.059802
vt 0.182709 0.060041
vt 0.182713 0.060335
vt 0.182597 0.060604
vt 0.182394 0.060776
vt 0.182157 0.060806
vt 0.181786 0.061121
vt 0.181949 0.060685
vt 0.185041 0.060128
vt 0.185139 0.060337
vt 0.185175 0.060623
vt 0.185140 0.060910
vt 0.185042 0.061121
vt 0.182380 0.059681
vt 0.182158 0.059238
vt 0.182142 0.059710
vt 0.182223 0.060235
vt 0.181827 0.060445
vt 0.181824 0.060152
vt 0.181939 0.059883
vt 0.498652 0.018120
vt 0.498927 0.017802
vt 0.499245 0.017432
vt 0.499595 0.017026
vt 0.499966 0.016596
vt 0.500357 0.016142
vt 0.500771 0.015664
vt 0.501190 0.015183
vt 0.501599 0.014721
vt 0.501997 0.014275
vt 0.502382 0.013844
vt 0.502750 0.013433
vt 0.503093 0.013049
vt 0.503415 0.012688
vt 0.503721 0.012345
s 1
f 1/1/1 2/2/2 3/3/3
f 3/3/3 4/4/4 1/1/1
f 5/5/5 6/6/6 7/7/7
f 6/6/6 5/5/5 4/4/4
f 8/8/8 9/9/9 10/10/10
f 9/9/9 8/8/8 11/11/11
f 12/12/12 13/13/13 14/14/14
f 14/14/14 15/15/15 12/12/12
f 16/16/16 17/17/17 18/18/18
f 17/17/17 16/16/16 19/19/19
f 20/20/20 21/21/21 19/19/19
f 21/21/21 20/20/20 22/22/22
f 23/23/23 24/24/24 25/25/25
f 25/25/25 26/26/26 23/23/23
f 27/27/27 28/28/28 29/29/29
f 28/28/28 27/27/27 30/30/30
f 31/31/31 32/32/32 33/33/33
f 31/31/31 33/33/33 34/34/34
f 35/35/35 36/36/36 37/37/37
f 38/38/38 39/39/39 40/40/40
f 41/41/41 42/42/42 43/43/43
f 44/44/44 45/45/45 46/46/46
f 47/47/47 45/45/45 44/44/44
f 48/48/48 49/49/49 50/50/50
f 50/50/50 51/51/51 48/48/48
f 52/52/52 53/53/53 54/54/54
f 53/53/53 52/52/52 55/55/55
f 56/56/56 57/57/57 58/58/58
f 56/56/56 59/59/59 57/57/57
f 60/60/60 61/61/61 25/25/25
f 62/62/62 63/63/63 64/64/64
f 65/65/65 66/66/66 67/67/67
f 68/68/68 69/69/69 70/70/70
f 71/71/71 72/72/72 73/73/73
f 74/74/74 75/75/75 76/76/76
f 58/58/58 77/77/77 78/78/78
f 57/57/57 77/77/77 58/58/58
f 79/79/79 80/80/80 81/81/81
f 82/82/82 83/83/83 84/84/84
f 85/85/85 86/86/86 87/87/87
f 88/88/88 89/89/89 90/90/90
f 91/91/91 75/75/75 74/74/74
f 92/92/92 93/93/93 94/94/94
f 94/94/94 95/95/95 92/92/92
f 10/10/10 96/96/96 97/97/97
f 98/98/98 99/99/99 100/100/100
f 15/15/15 101/101/101 98/98/98
f 102/102/102 103/103/103 104/104/104
f 105/105/105 102/102/102 104/104/104
f 96/96/96 10/10/10 9/9/9
f 106/106/106 107/107/107 108/108/108
f 106/106/106 108/108/108 109/109/109
f 110/110/110 111/111/111 112/112/112
f 113/113/113 114/114/114 115/115/115
f 115/115/115 116/116/116 117/117/117
f 118/118/118 119/119/119 120/120/120
f 121/121/121 122/122/122 123/123/123
f 122/124/122 121/125/121 124/126/124
f 125/127/125 126/128/126 127/129/127
f 126/130/126 125/131/125 128/132/128
f 129/133/129 130/134/130 131/135/131
f 129/133/129 132/136/132 130/134/130
f 133/137/133 134/138/134 135/139/135
f 133/137/133 136/140/136 134/138/134
f 137/141/137 138/142/138 139/143/139
f 140/144/140 138/142/138 137/141/137
f 141/145/141 142/146/142 143/147/143
f 141/145/141 144/148/144 142/146/142
f 145/149/145 87/87/87 146/150/146
f 147/151/147 118/118/118 148/152/148
f 149/153/149 150/154/150 151/155/151
f 152/156/152 150/154/150 149/153/149
f 153/157/153 103/103/103 154/158/154
f 155/159/155 156/160/156 157/161/157
f 157/161/157 123/123/123 155/159/155
f 154/158/154 97/97/97 153/157/153
f 131/135/131 158/162/158 30/30/30
f 158/162/158 131/135/131 159/163/159
f 160/164/160 161/165/161 162/166/162
f 163/167/163 164/168/164 165/169/165
f 166/170/166 167/171/167 168/172/168
f 169/173/169 36/36/36 35/35/35
f 170/174/170 171/175/171 172/176/172
f 173/177/173 171/175/171 170/174/170
f 174/178/174 175/179/175 176/180/176
f 174/178/174 177/181/177 175/179/175
f 178/182/178 179/183/179 109/184/109
f 179/185/179 178/186/178 180/187/180
f 181/188/181 4/4/4 5/5/5
f 181/188/181 1/1/1 4/4/4
f 26/26/26 182/189/182 183/190/183
f 183/190/183 23/23/23 26/26/26
f 184/191/184 185/192/185 55/55/55
f 184/191/184 55/55/55 52/52/52
f 186/193/186 15/15/15 187/194/187
f 186/193/186 12/12/12 15/15/15
f 188/195/188 189/196/189 190/197/190
f 191/198/191 192/199/192 193/200/193
f 193/200/193 194/201/194 191/198/191
f 195/202/195 196/203/196 197/204/197
f 196/203/196 195/202/195 198/205/198
f 199/206/199 200/207/200 34/34/34
f 34/34/34 33/33/33 199/206/199
f 201/208/201 11/11/11 8/8/8
f 11/11/11 201/208/201 202/209/202
f 203/210/203 68/68/68 204/211/204
f 205/212/205 206/213/206 203/210/203
f 207/214/207 208/215/208 209/216/209
f 118/118/118 147/151/147 209/216/209
f 115/115/115 210/217/210 113/113/113
f 211/218/211 210/217/210 212/219/212
f 213/220/213 196/203/196 214/221/214
f 215/222/215 216/223/216 217/224/217
f 215/222/215 218/225/218 216/223/216
f 219/226/219 220/227/220 221/228/221
f 222/229/222 223/230/223 224/231/224
f 224/231/224 225/232/225 222/229/222
f 202/209/202 226/233/226 11/11/11
f 226/233/226 202/209/202 227/234/227
f 228/235/228 229/236/229 230/237/230
f 230/237/230 229/236/229 231/238/231
f 124/126/124 135/139/135 134/138/134
f 135/139/135 124/126/124 121/125/121
f 232/239/232 233/240/233 218/225/218
f 218/225/218 215/222/215 232/239/232
f 72/72/72 228/235/228 73/73/73
f 73/73/73 228/235/228 230/237/230
f 234/241/234 235/242/235 236/243/236
f 237/244/237 238/245/238 239/246/239
f 237/244/237 239/246/239 240/247/240
f 241/248/241 242/249/242 243/250/243
f 242/251/242 241/252/241 244/253/244
f 245/254/64 246/255/245 247/256/246
f 248/257/247 247/256/246 246/255/245
f 180/187/180 249/258/248 250/259/249
f 249/258/248 180/187/180 178/186/178
f 143/147/143 142/146/142 251/260/250
f 143/147/143 251/260/250 128/132/128
f 252/261/251 253/262/252 254/263/253
f 255/264/254 88/88/88 256/265/255
f 257/266/256 218/225/218 233/240/233
f 233/267/233 156/160/156 257/268/256
f 144/148/144 258/269/257 142/146/142
f 258/270/257 144/271/144 217/224/217
f 259/272/258 260/273/259 261/274/260
f 260/273/259 259/272/258 262/275/261
f 263/276/262 264/277/263 223/230/223
f 223/230/223 222/229/222 263/276/262
f 105/105/105 265/278/264 266/279/265
f 266/279/265 102/102/102 105/105/105
f 267/280/266 268/281/267 269/282/268
f 270/283/269 107/107/107 271/284/270
f 271/284/270 107/107/107 106/106/106
f 145/149/145 272/285/271 273/286/272
f 262/275/261 274/287/273 260/273/259
f 274/287/273 262/275/261 225/232/225
f 110/110/110 275/288/274 111/111/111
f 276/289/275 275/288/274 110/110/110
f 277/290/276 278/291/277 279/292/278
f 280/293/279 279/292/278 69/69/69
f 281/294/280 282/295/281 278/291/277
f 283/296/282 284/297/283 285/298/284
f 286/299/285 287/300/286 288/301/287
f 289/302/288 72/72/72 71/71/71
f 290/303/289 82/82/82 291/304/290
f 292/305/291 154/158/154 103/103/103
f 103/103/103 102/102/102 292/305/291
f 293/306/292 294/307/293 295/308/294
f 294/307/293 293/306/292 296/309/295
f 297/310/296 298/311/297 299/312/298
f 297/310/296 299/312/298 300/313/299
f 47/314/47 301/315/300 302/316/301
f 109/109/109 108/108/108 303/317/302
f 109/109/109 303/317/302 178/318/178
f 47/47/47 302/319/301 45/45/45
f 304/320/303 305/321/304 213/220/213
f 306/322/305 16/16/16 307/323/306
f 156/160/156 233/267/233 308/324/307
f 308/324/307 157/161/157 156/160/156
f 128/132/128 309/325/308 143/147/143
f 309/325/308 128/132/128 125/131/125
f 123/123/123 157/161/157 310/326/309
f 310/326/309 121/121/121 123/123/123
f 217/224/217 311/327/310 215/222/215
f 311/327/310 217/224/217 144/271/144
f 136/140/136 125/127/125 127/129/127
f 136/140/136 127/129/127 134/138/134
f 312/328/311 313/329/312 314/330/313
f 314/330/313 313/329/312 315/331/314
f 316/332/315 317/333/316 318/334/317
f 319/335/318 317/333/316 316/332/315
f 320/336/319 321/337/320 322/338/321
f 320/336/319 323/339/322 321/337/320
f 324/340/323 325/341/324 326/342/325
f 326/342/325 325/341/324 327/343/326
f 328/344/327 329/345/328 330/346/329
f 331/347/330 165/169/165 234/241/234
f 332/348/331 333/349/332 334/350/333
f 333/349/332 245/254/64 334/350/333
f 113/113/113 112/112/112 114/114/114
f 335/351/334 112/112/112 113/113/113
f 336/352/335 337/353/336 338/354/337
f 336/352/335 339/355/338 337/353/336
f 171/356/171 173/357/173 340/358/339
f 340/358/339 173/357/173 341/359/340
f 342/360/341 343/361/342 281/294/280
f 343/361/342 328/344/327 330/346/329
f 344/362/343 345/363/344 346/364/345
f 347/365/346 348/366/347 345/363/344
f 349/367/348 350/368/349 351/369/350
f 349/370/348 351/371/350 352/372/351
f 353/373/352 354/374/353 355/375/354
f 356/376/355 354/374/353 353/373/352
f 275/288/274 357/377/356 65/65/65
f 358/378/357 359/379/358 357/377/356
f 175/179/175 360/380/359 176/180/176
f 176/180/176 360/380/359 361/381/360
f 362/382/361 363/383/362 296/309/295
f 364/384/363 363/385/362 362/386/361
f 298/311/297 315/387/314 365/388/364
f 313/329/312 365/389/364 315/331/314
f 366/390/365 367/391/366 319/392/318
f 366/393/365 319/335/318 316/332/315
f 368/394/367 159/395/159 369/396/368
f 368/394/367 370/397/369 159/395/159
f 350/368/349 371/398/370 351/369/350
f 350/368/349 372/399/371 371/398/370
f 373/400/372 374/401/373 375/402/374
f 373/400/372 375/402/374 376/403/375
f 342/360/341 281/294/280 277/290/276
f 377/404/376 343/361/342 342/360/341
f 50/50/50 378/405/377 379/406/378
f 378/405/377 146/150/146 87/87/87
f 380/407/379 381/408/380 29/409/29
f 380/407/379 29/409/29 28/410/28
f 382/411/381 383/412/382 369/413/368
f 383/412/382 382/411/381 384/414/383
f 239/246/239 385/415/384 286/299/285
f 385/415/384 82/82/82 290/303/289
f 38/38/38 161/165/161 386/416/385
f 386/416/385 387/417/386 38/38/38
f 388/418/387 284/297/283 283/296/282
f 387/417/386 386/416/385 389/419/388
f 390/420/389 250/259/249 249/258/248
f 390/420/389 391/421/390 250/259/249
f 392/422/391 338/354/337 393/423/392
f 392/422/391 336/352/335 338/354/337
f 318/334/317 312/328/311 314/330/313
f 317/333/316 312/328/311 318/334/317
f 394/424/393 395/425/394 396/426/395
f 397/427/396 395/425/394 394/424/393
f 398/428/397 51/51/51 50/50/50
f 398/428/397 399/429/398 51/51/51
f 373/400/372 400/430/399 374/401/373
f 400/430/399 401/431/400 374/401/373
f 402/432/401 403/433/402 177/181/177
f 402/432/401 177/181/177 174/178/174
f 339/355/338 355/375/354 337/353/336
f 404/434/403 355/375/354 339/355/338
f 405/435/404 406/436/405 407/437/406
f 405/435/404 408/438/407 406/436/405
f 59/439/59 409/440/408 57/441/57
f 409/442/408 59/443/59 410/444/409
f 411/445/410 412/446/411 89/89/89
f 36/36/36 411/445/410 413/447/412
f 391/421/390 173/448/173 414/449/413
f 414/449/413 250/259/249 391/421/390
f 410/444/409 415/450/414 407/437/406
f 415/450/414 410/444/409 59/443/59
f 384/414/383 416/451/415 417/452/416
f 416/451/415 384/414/383 382/411/381
f 261/274/260 212/219/212 210/217/210
f 212/219/212 261/274/260 260/273/259
f 418/453/417 147/151/147 146/150/146
f 148/152/148 146/150/146 147/151/147
f 419/454/418 240/247/240 420/455/419
f 419/454/418 237/244/237 240/247/240
f 421/456/420 392/422/391 393/423/392
f 421/456/420 393/423/392 422/457/421
f 423/458/422 408/459/407 424/460/423
f 423/461/422 406/436/405 408/438/407
f 209/216/209 208/215/208 264/277/263
f 208/215/208 223/230/223 264/277/263
f 388/418/387 387/417/386 284/297/283
f 284/297/283 425/462/424 169/173/169
f 19/19/19 426/463/425 20/20/20
f 426/463/425 19/19/19 16/16/16
f 427/464/426 405/435/404 407/437/406
f 427/464/426 407/437/406 415/450/414
f 42/42/42 428/465/427 429/466/428
f 429/466/428 428/465/427 399/429/398
f 90/90/90 430/467/429 75/75/75
f 91/91/91 90/90/90 75/75/75
f 431/468/430 34/34/34 200/207/200
f 200/207/200 22/22/22 431/468/430
f 432/469/431 182/189/182 26/26/26
f 182/189/182 432/469/431 2/2/2
f 320/336/319 322/338/321 238/470/238
f 238/245/238 322/471/321 239/246/239
f 433/472/432 434/473/433 435/474/434
f 435/474/434 436/475/435 174/178/174
f 437/476/436 369/413/368 383/412/382
f 437/477/436 368/394/367 369/396/368
f 429/466/428 399/429/398 253/262/252
f 253/262/252 399/429/398 398/428/397
f 332/348/331 438/478/437 333/349/332
f 54/54/54 438/478/437 332/348/331
f 62/62/62 439/479/438 440/480/439
f 24/24/24 440/480/439 439/479/438
f 441/481/440 434/473/433 433/472/432
f 442/482/441 341/359/340 441/481/440
f 220/227/220 214/221/214 7/7/7
f 443/483/442 214/221/214 220/227/220
f 13/13/13 248/257/247 444/484/443
f 246/255/245 444/484/443 248/257/247
f 445/485/444 254/263/253 446/486/445
f 445/485/444 446/486/445 86/86/86
f 99/99/99 245/254/64 447/487/446
f 448/488/447 245/254/64 449/489/448
f 450/490/449 451/491/450 245/254/64
f 451/491/450 450/490/449 452/492/451
f 453/493/452 454/494/453 3/3/3
f 454/494/453 455/495/454 61/61/61
f 395/425/394 364/384/363 396/426/395
f 364/384/363 362/386/361 396/426/395
f 456/496/455 457/497/456 431/468/430
f 457/497/456 458/498/457 459/499/64
f 241/252/241 397/427/396 244/253/244
f 244/253/244 397/427/396 394/424/393
f 243/250/243 242/249/242 300/313/299
f 243/250/243 300/313/299 299/312/298
f 295/308/294 367/391/366 366/390/365
f 367/391/366 295/308/294 294/307/293
f 307/323/306 18/18/18 305/321/304
f 305/321/304 304/320/303 307/323/306
f 460/500/458 461/501/459 32/32/32
f 461/501/459 460/500/458 462/502/460
f 463/503/461 384/414/383 417/452/416
f 463/503/461 417/452/416 464/504/462
f 77/505/77 465/506/463 172/176/172
f 171/175/171 77/505/77 172/176/172
f 185/192/185 466/507/464 452/492/451
f 452/492/451 55/55/55 185/192/185
f 271/508/270 106/509/106 467/510/465
f 106/509/106 468/511/466 467/510/465
f 469/512/467 97/97/97 154/158/154
f 97/97/97 469/512/467 10/10/10
f 248/257/247 13/13/13 192/199/192
f 192/199/192 191/198/191 248/257/247
f 461/501/459 191/198/191 194/201/194
f 194/201/194 32/32/32 461/501/459
f 470/513/468 275/288/274 276/289/275
f 57/441/57 409/440/408 465/506/463
f 57/441/57 465/506/463 77/505/77
f 363/383/362 471/514/469 296/309/295
f 471/514/469 294/307/293 296/309/295
f 472/515/470 298/311/297 365/388/364
f 472/515/470 299/312/298 298/311/297
f 276/289/275 110/110/110 473/516/471
f 474/517/472 327/343/326 475/518/473
f 474/517/472 326/342/325 327/343/326
f 323/339/322 476/519/474 477/520/475
f 321/337/320 323/339/322 477/520/475
f 431/468/430 478/521/476 456/496/455
f 478/521/476 431/468/430 22/22/22
f 479/522/477 2/2/2 432/469/431
f 432/469/431 480/523/478 479/522/477
f 452/492/451 100/100/100 451/491/450
f 100/100/100 452/492/451 466/507/464
f 164/168/164 386/416/385 161/165/161
f 164/168/164 161/165/161 160/164/160
f 481/524/479 482/525/480 483/526/481
f 482/525/480 484/527/482 483/526/481
f 178/318/178 485/528/483 249/529/248
f 178/318/178 303/317/302 485/528/483
f 165/169/165 160/164/160 234/241/234
f 165/169/165 164/168/164 160/164/160
f 381/408/380 486/530/484 29/409/29
f 486/530/484 381/408/380 92/531/92
f 487/532/485 64/64/64 488/533/486
f 489/534/487 9/9/9 487/532/485
f 227/234/227 54/54/54 332/348/331
f 438/478/437 54/54/54 53/53/53
f 166/170/166 169/173/169 425/462/424
f 169/173/169 166/170/166 168/172/168
f 490/535/488 491/536/489 337/353/336
f 355/375/354 490/535/488 337/353/336
f 249/529/248 485/528/483 492/537/490
f 249/529/248 492/537/490 390/538/389
f 72/72/72 76/76/76 228/235/228
f 76/76/76 493/539/491 228/235/228
f 494/540/492 342/360/341 277/290/276
f 495/541/493 342/360/341 494/540/492
f 439/479/438 25/25/25 24/24/24
f 440/480/439 24/24/24 265/278/264
f 169/173/169 168/172/168 36/36/36
f 36/36/36 168/172/168 411/445/410
f 496/542/494 104/104/104 103/103/103
f 104/104/104 497/543/495 64/64/64
f 10/544/10 404/434/403 498/545/496
f 10/544/10 420/455/419 404/434/403
f 175/179/175 499/546/497 500/547/498
f 175/179/175 500/547/498 360/380/359
f 501/548/499 188/195/188 358/378/357
f 358/378/357 188/195/188 359/379/358
f 78/78/78 171/356/171 340/358/339
f 77/77/77 171/356/171 78/78/78
f 45/45/45 302/319/301 502/549/500
f 45/45/45 502/549/500 46/46/46
f 503/550/501 82/82/82 84/84/84
f 82/82/82 503/550/501 291/304/290
f 504/551/502 225/232/225 224/231/224
f 225/232/225 504/551/502 274/287/273
f 140/144/140 435/474/434 138/142/138
f 433/472/432 435/474/434 140/144/140
f 505/552/503 506/553/504 47/314/47
f 505/554/503 47/47/47 44/44/44
f 331/347/330 234/241/234 329/345/328
f 329/345/328 234/241/234 236/243/236
f 413/447/412 411/445/410 89/89/89
f 413/447/412 89/89/89 88/88/88
f 79/79/79 81/81/81 507/555/505
f 151/155/151 508/556/506 82/82/82
f 151/155/151 509/557/507 508/556/506
f 80/80/80 44/44/44 510/558/508
f 501/548/499 204/211/204 188/195/188
f 501/548/499 203/210/203 204/211/204
f 343/361/342 330/346/329 281/294/280
f 281/294/280 330/346/329 282/295/281
f 511/559/509 512/560/510 513/561/511
f 514/562/512 225/232/225 262/275/261
f 225/232/225 514/562/512 222/229/222
f 328/344/327 331/347/330 329/345/328
f 515/563/513 331/347/330 328/344/327
f 516/564/514 310/565/309 517/566/515
f 516/564/514 517/566/515 308/567/307
f 518/568/516 141/569/141 519/570/517
f 519/570/517 309/571/308 518/568/516
f 520/572/518 521/573/519 232/574/232
f 521/573/519 520/572/518 311/575/310
f 348/366/347 433/472/432 140/144/140
f 522/576/520 442/482/441 348/366/347
f 372/399/371 132/577/132 523/578/521
f 372/399/371 523/578/521 371/398/370
f 425/462/424 284/297/283 387/417/386
f 387/417/386 389/419/388 425/462/424
f 87/87/87 145/149/145 85/85/85
f 146/150/146 378/405/377 418/453/417
f 464/579/462 130/134/130 132/136/132
f 130/134/130 464/579/462 417/580/416
f 524/581/522 525/582/523 526/583/524
f 46/46/46 502/549/500 274/584/273
f 46/46/46 274/584/273 527/585/525
f 528/586/526 237/244/237 529/587/527
f 237/244/237 419/454/418 529/587/527
f 229/588/229 481/524/479 231/589/231
f 231/589/231 481/524/479 483/526/481
f 530/590/528 501/548/499 358/378/357
f 530/590/528 531/591/529 501/548/499
f 503/550/501 532/592/530 533/593/531
f 532/592/530 503/550/501 534/594/532
f 420/455/419 535/595/533 353/373/352
f 535/595/533 420/455/419 240/247/240
f 330/346/329 536/596/534 282/295/281
f 537/597/535 74/74/74 289/302/288
f 530/590/528 358/378/357 538/598/536
f 538/598/536 358/378/357 357/377/356
f 89/89/89 412/446/411 539/599/537
f 89/89/89 539/599/537 90/90/90
f 149/153/149 151/155/151 385/415/384
f 509/557/507 44/44/44 508/556/506
f 498/545/496 404/434/403 339/355/338
f 498/545/496 339/355/338 336/352/335
f 540/600/538 414/449/413 173/448/173
f 540/601/538 173/177/173 170/174/170
f 408/459/407 271/508/270 424/460/423
f 424/460/423 271/508/270 467/510/465
f 109/184/109 468/511/466 106/509/106
f 109/184/109 179/183/179 468/511/466
f 541/602/539 464/603/462 132/577/132
f 132/577/132 372/399/371 541/602/539
f 542/604/540 97/97/97 96/96/96
f 97/97/97 542/604/540 153/157/153
f 543/605/541 544/606/542 545/607/543
f 543/605/541 545/607/543 546/608/544
f 160/164/160 162/166/162 235/242/235
f 187/194/187 98/98/98 466/507/464
f 187/609/187 466/610/464 547/611/545
f 88/88/88 90/90/90 91/91/91
f 256/265/255 88/88/88 91/91/91
f 548/612/546 19/19/19 21/21/21
f 19/19/19 548/612/546 17/17/17
f 30/30/30 549/613/547 131/135/131
f 549/613/547 30/30/30 27/27/27
f 550/614/548 551/615/549 552/616/550
f 552/616/550 553/617/551 550/614/548
f 554/618/552 555/619/553 556/620/554
f 555/619/553 554/618/552 557/621/555
f 558/622/556 559/623/557 560/624/558
f 558/622/556 560/624/558 561/625/559
f 562/626/560 563/627/561 564/628/562
f 562/629/560 564/630/562 565/631/563
f 566/632/564 567/633/565 568/634/566
f 567/633/565 566/632/564 556/620/554
f 569/635/567 570/636/568 571/637/569
f 569/638/567 571/639/569 572/640/570
f 573/641/571 574/642/572 572/640/570
f 574/643/572 573/644/571 575/645/573
f 51/646/51 576/647/574 577/648/575
f 577/648/575 578/649/576 51/646/51
f 469/650/467 420/455/419 10/544/10
f 469/650/467 154/651/154 420/455/419
f 111/111/111 268/281/267 267/280/266
f 267/280/266 112/112/112 111/111/111
f 205/212/205 579/652/577 206/213/206
f 531/591/529 205/212/205 203/210/203
f 580/653/578 581/654/579 582/655/580
f 580/656/578 582/657/580 563/627/561
f 583/658/581 584/659/582 585/660/583
f 583/658/581 585/660/583 544/606/542
f 586/661/584 575/645/573 587/662/585
f 586/661/584 587/662/585 551/615/549
f 588/663/586 553/617/551 589/664/587
f 589/664/587 568/634/566 588/663/586
f 590/665/588 546/608/544 591/666/589
f 590/665/588 591/666/589 581/667/579
f 592/668/590 584/659/582 593/669/591
f 593/669/591 561/625/559 592/668/590
f 594/670/592 559/623/557 595/671/593
f 595/671/593 565/631/563 594/670/592
f 596/672/594 28/673/28 597/674/595
f 596/675/594 380/407/379 28/410/28
f 214/221/214 198/205/198 7/7/7
f 344/362/343 347/365/346 345/363/344
f 598/676/596 347/365/346 344/362/343
f 198/677/198 599/678/597 600/679/598
f 230/237/230 231/238/231 428/465/427
f 428/465/427 231/238/231 576/680/574
f 399/429/398 428/465/427 576/680/574
f 399/429/398 576/680/574 51/51/51
f 494/540/492 277/290/276 280/293/279
f 280/293/279 277/290/276 279/292/278
f 504/681/502 224/682/224 527/585/525
f 527/585/525 274/584/273 504/681/502
f 92/531/92 352/372/351 351/371/350
f 352/372/351 92/531/92 381/408/380
f 224/682/224 500/547/498 499/546/497
f 224/682/224 499/546/497 527/585/525
f 197/204/197 305/321/304 18/18/18
f 578/649/576 601/683/599 48/684/48
f 578/649/576 48/684/48 51/646/51
f 18/685/18 602/686/600 603/687/601
f 74/74/74 76/76/76 72/72/72
f 289/302/288 74/74/74 72/72/72
f 90/90/90 539/599/537 430/467/429
f 75/75/75 430/467/429 604/688/602
f 158/689/158 159/395/159 370/397/369
f 158/689/158 370/397/369 30/690/30
f 561/691/559 574/642/572 575/692/573
f 561/693/559 575/694/573 558/695/556
f 551/696/549 559/697/557 558/695/556
f 559/697/557 551/696/549 595/698/593
f 546/699/544 557/700/555 543/701/541
f 605/702/64 213/220/213 219/226/219
f 443/483/442 213/220/213 214/221/214
f 557/700/555 546/699/544 555/703/553
f 556/704/554 581/705/579 567/706/565
f 581/707/579 556/708/554 590/709/588
f 572/640/570 574/642/572 584/710/582
f 572/640/570 584/710/582 569/638/567
f 570/711/568 569/638/567 544/712/542
f 570/713/568 544/704/542 543/701/541
f 553/714/551 588/715/586 565/716/563
f 553/717/551 565/718/563 550/719/548
f 568/720/566 563/627/561 562/626/560
f 563/627/561 568/720/566 580/656/578
f 606/721/603 607/722/604 608/723/605
f 608/723/605 609/724/606 606/721/603
f 610/725/607 515/563/513 328/344/327
f 331/347/330 515/563/513 165/169/165
f 611/726/608 403/433/402 402/432/401
f 611/726/608 507/555/505 403/433/402
f 473/516/471 112/112/112 335/351/334
f 612/727/609 613/728/610 401/431/400
f 166/170/166 614/729/611 167/171/167
f 462/502/460 247/256/246 461/501/459
f 247/256/246 462/502/460 245/254/64
f 168/172/168 167/171/167 615/730/612
f 33/731/33 32/732/32 616/733/613
f 460/500/458 32/32/32 31/31/31
f 470/513/468 357/377/356 275/288/274
f 538/598/536 357/377/356 470/513/468
f 617/734/614 463/503/461 464/504/462
f 464/603/462 541/602/539 617/735/614
f 259/272/258 526/583/524 525/582/523
f 525/582/523 262/275/261 259/272/258
f 479/522/477 3/3/3 2/2/2
f 1/736/1 618/737/615 2/738/2
f 478/521/476 22/22/22 20/20/20
f 619/739/616 620/740/617 621/741/618
f 86/86/86 446/486/445 379/406/378
f 622/742/619 163/167/163 165/169/165
f 165/169/165 515/563/513 622/742/619
f 84/84/84 83/83/83 623/743/620
f 84/84/84 623/743/620 270/283/269
f 229/588/229 624/744/621 481/524/479
f 493/745/491 624/744/621 229/588/229
f 263/276/262 513/561/511 512/560/510
f 513/561/511 263/276/262 222/229/222
f 625/746/622 626/747/623 627/748/624
f 76/76/76 604/688/602 493/539/491
f 68/68/68 280/293/279 69/69/69
f 621/741/618 628/749/625 629/750/626
f 630/751/627 425/462/424 389/419/388
f 477/520/475 476/519/474 631/752/628
f 476/519/474 632/753/629 631/752/628
f 442/482/441 441/481/440 433/472/432
f 348/366/347 442/482/441 433/472/432
f 121/754/121 633/755/630 135/756/135
f 121/754/121 310/565/309 633/755/630
f 125/757/125 136/758/136 634/759/631
f 125/757/125 634/759/631 309/571/308
f 233/760/233 635/761/632 308/567/307
f 233/760/233 232/574/232 635/761/632
f 144/762/144 636/763/633 311/575/310
f 144/762/144 141/569/141 636/763/633
f 637/764/634 242/765/242 244/766/244
f 242/765/242 637/764/634 300/767/299
f 638/768/635 366/769/365 316/770/315
f 366/769/365 638/768/635 295/771/294
f 639/772/636 314/773/313 315/774/314
f 315/774/314 298/775/297 639/772/636
f 640/776/637 396/777/395 362/778/361
f 362/778/361 296/779/295 640/776/637
f 318/780/317 314/773/313 641/781/638
f 318/780/317 641/781/638 316/770/315
f 394/782/393 642/783/639 244/766/244
f 394/782/393 396/777/395 642/783/639
f 643/784/640 291/304/290 644/785/641
f 290/303/289 291/304/290 643/784/640
f 645/786/642 557/621/555 646/787/643
f 646/787/643 570/636/568 645/786/642
f 647/788/644 565/631/563 564/630/562
f 647/788/644 594/670/592 565/631/563
f 648/789/645 544/606/542 585/660/583
f 648/789/645 545/607/543 544/606/542
f 568/634/566 649/790/646 566/632/564
f 649/790/646 568/634/566 589/664/587
f 546/608/544 650/791/647 591/666/589
f 650/791/647 546/608/544 545/607/543
f 651/792/648 552/616/550 551/615/549
f 651/792/648 551/615/549 587/662/585
f 652/793/649 556/620/554 566/632/564
f 556/620/554 652/793/649 554/618/552
f 584/659/582 592/668/590 653/794/650
f 584/659/582 653/794/650 585/660/583
f 60/60/60 654/795/651 64/64/64
f 654/795/651 60/60/60 439/479/438
f 655/796/652 245/254/64 656/797/653
f 655/796/652 656/797/653 444/484/443
f 324/340/323 176/180/176 325/341/324
f 174/178/174 176/180/176 324/340/323
f 657/798/654 561/625/559 560/624/558
f 657/798/654 592/668/590 561/625/559
f 388/418/387 38/38/38 387/417/386
f 38/38/38 388/418/387 39/39/39
f 658/799/655 382/800/381 369/801/368
f 369/801/368 159/163/159 658/799/655
f 93/93/93 92/92/92 351/802/350
f 351/802/350 371/803/370 93/93/93
f 306/322/305 659/804/656 459/499/64
f 307/323/306 659/804/656 306/322/305
f 403/433/402 81/81/81 660/805/657
f 403/433/402 660/805/657 177/181/177
f 661/806/658 293/807/292 295/771/294
f 661/806/658 296/779/295 293/807/292
f 662/808/659 297/809/296 300/767/299
f 297/809/296 662/808/659 298/775/297
f 663/810/660 575/645/573 573/644/571
f 575/645/573 663/810/660 587/662/585
f 664/811/661 646/787/643 557/621/555
f 664/811/661 557/621/555 554/618/552
f 559/623/557 594/670/592 665/812/662
f 665/812/662 560/624/558 559/623/557
f 572/640/570 571/639/569 666/813/663
f 572/640/570 666/813/663 573/641/571
f 667/814/664 581/667/579 591/666/589
f 667/815/664 582/816/580 581/817/579
f 668/818/665 669/819/666 670/820/667
f 669/819/666 668/818/665 671/821/668
f 672/822/669 589/664/587 553/617/551
f 553/617/551 552/616/550 672/822/669
f 570/636/568 646/787/643 673/823/670
f 673/823/670 571/637/569 570/636/568
f 563/627/561 582/657/580 674/824/671
f 674/824/671 564/628/562 563/627/561
f 605/702/64 219/226/219 221/228/221
f 675/825/672 676/826/673 677/827/674
f 677/827/674 678/828/675 675/825/672
f 6/6/6 221/228/221 220/227/220
f 679/829/676 680/830/677 681/831/678
f 497/543/495 104/104/104 496/542/494
f 497/543/495 496/542/494 153/157/153
f 49/49/49 418/453/417 378/405/377
f 682/832/679 260/273/259 274/287/273
f 260/273/259 682/832/679 212/219/212
f 420/455/419 353/373/352 404/434/403
f 404/434/403 353/373/352 355/375/354
f 133/833/133 135/756/135 683/834/680
f 133/833/133 683/834/680 136/758/136
f 377/404/376 610/725/607 343/361/342
f 495/541/493 377/404/376 342/360/341
f 684/835/681 224/231/224 223/230/223
f 223/230/223 208/215/208 684/835/681
f 528/586/526 238/245/238 237/244/237
f 685/836/682 238/470/238 528/837/526
f 203/210/203 206/213/206 68/68/68
f 206/213/206 280/293/279 68/68/68
f 686/838/683 474/517/472 475/518/473
f 686/839/683 475/840/473 687/841/684
f 489/534/487 487/532/485 488/533/486
f 488/533/486 96/96/96 489/534/487
f 73/73/73 230/237/230 42/42/42
f 41/41/41 73/73/73 42/42/42
f 688/842/685 689/843/686 690/844/687
f 690/844/687 422/845/421 688/842/685
f 691/846/688 670/820/667 692/847/689
f 670/820/667 691/846/688 668/818/665
f 177/181/177 499/546/497 175/179/175
f 177/181/177 660/805/657 499/546/497
f 83/83/83 80/80/80 79/79/79
f 508/556/506 80/80/80 83/83/83
f 693/848/690 658/799/655 159/163/159
f 159/163/159 131/135/131 693/848/690
f 694/849/691 371/803/370 695/850/692
f 694/849/691 93/93/93 371/803/370
f 411/445/410 615/730/612 412/446/411
f 696/851/693 697/852/694 698/853/694
f 699/854/695 700/855/696 382/800/381
f 382/800/381 658/799/655 699/854/695
f 701/856/697 130/134/130 417/580/416
f 701/856/697 417/580/416 700/855/696
f 29/29/29 702/857/698 27/27/27
f 702/857/698 29/29/29 95/95/95
f 703/858/699 676/826/673 704/859/700
f 703/858/699 677/827/674 676/826/673
f 705/860/701 600/679/598 706/861/702
f 579/652/577 495/541/493 494/540/492
f 208/215/208 207/214/207 707/862/703
f 707/862/703 684/835/681 208/215/208
f 708/863/704 296/779/295 661/806/658
f 708/863/704 640/776/637 296/779/295
f 298/775/297 662/808/659 709/864/705
f 709/864/705 639/772/636 298/775/297
f 447/487/446 100/100/100 99/99/99
f 101/101/101 656/797/653 245/254/64
f 444/484/443 14/14/14 13/13/13
f 710/865/706 711/866/707 712/867/708
f 713/868/709 300/767/299 637/764/634
f 300/767/299 713/868/709 662/808/659
f 714/869/710 295/771/294 638/768/635
f 295/771/294 714/869/710 661/806/658
f 492/537/490 715/870/711 716/871/712
f 717/872/713 492/537/490 716/871/712
f 718/873/714 316/770/315 641/781/638
f 718/873/714 638/768/635 316/770/315
f 719/874/715 244/766/244 642/783/639
f 244/766/244 719/874/715 637/764/634
f 720/875/716 641/781/638 314/773/313
f 314/773/313 639/772/636 720/875/716
f 595/698/593 550/719/548 565/718/563
f 550/719/548 595/698/593 551/696/549
f 590/709/588 555/703/553 546/699/544
f 608/723/605 642/783/639 396/777/395
f 396/777/395 640/776/637 608/723/605
f 555/703/553 590/709/588 556/708/554
f 569/638/567 583/876/581 544/712/542
f 569/638/567 584/710/582 583/876/581
f 574/642/572 561/691/559 593/877/591
f 593/877/591 584/710/582 574/642/572
f 580/656/578 567/706/565 581/705/579
f 567/706/565 580/656/578 568/720/566
f 558/695/556 586/878/584 551/696/549
f 586/878/584 558/695/556 575/694/573
f 588/715/586 568/720/566 562/626/560
f 562/626/560 565/716/563 588/715/586
f 212/219/212 721/879/717 211/218/211
f 722/880/718 309/571/308 634/759/631
f 722/880/718 518/568/516 309/571/308
f 723/881/719 135/756/135 633/755/630
f 723/881/719 683/834/680 135/756/135
f 724/882/720 634/759/631 136/758/136
f 724/882/720 136/758/136 683/834/680
f 725/883/721 516/564/514 308/567/307
f 725/883/721 308/567/307 635/761/632
f 726/884/722 633/755/630 310/565/309
f 310/565/309 516/564/514 726/884/722
f 727/885/723 141/569/141 518/568/516
f 727/885/723 636/763/633 141/569/141
f 728/886/724 311/575/310 636/763/633
f 728/886/724 521/573/519 311/575/310
f 729/887/725 635/761/632 232/574/232
f 729/887/725 232/574/232 521/573/519
f 721/879/717 212/219/212 682/832/679
f 355/375/354 344/362/343 346/364/345
f 345/363/344 140/144/140 137/141/137
f 227/234/227 332/348/331 226/233/226
f 422/457/421 393/423/392 730/888/726
f 30/690/30 597/674/595 28/673/28
f 597/674/595 30/690/30 370/397/369
f 346/364/345 345/363/344 137/141/137
f 137/141/137 139/143/139 346/364/345
f 390/538/389 492/537/490 717/872/713
f 391/889/390 390/538/389 717/872/713
f 731/890/727 389/419/388 386/416/385
f 386/416/385 164/168/164 731/890/727
f 401/431/400 613/728/610 732/891/728
f 613/728/610 733/892/729 732/891/728
f 734/893/730 735/894/731 736/895/732
f 735/894/731 734/893/730 737/896/733
f 108/108/108 738/897/734 303/317/302
f 108/108/108 739/898/735 738/897/734
f 644/785/641 59/59/59 56/56/56
f 644/785/641 415/899/414 59/59/59
f 265/278/264 105/105/105 440/480/439
f 740/900/736 741/901/737 742/902/738
f 695/850/692 523/903/521 132/136/132
f 695/850/692 371/803/370 523/903/521
f 183/904/183 743/905/739 632/753/629
f 26/26/26 25/25/25 61/61/61
f 744/906/740 742/902/738 506/553/504
f 210/217/210 211/218/211 745/907/741
f 416/908/415 382/800/381 700/855/696
f 416/908/415 700/855/696 417/580/416
f 486/909/484 95/95/95 29/29/29
f 486/909/484 92/92/92 95/95/95
f 746/910/742 747/911/743 748/912/744
f 209/216/209 749/913/745 207/214/207
f 750/914/746 751/915/747 459/499/64
f 750/914/746 460/500/458 751/915/747
f 80/80/80 510/558/508 81/81/81
f 81/81/81 510/558/508 660/805/657
f 752/916/748 697/852/694 753/917/749
f 191/198/191 461/501/459 247/256/246
f 345/363/344 348/366/347 140/144/140
f 347/365/346 522/576/520 348/366/347
f 34/34/34 431/468/430 457/497/456
f 754/918/750 755/919/751 628/749/625
f 408/920/407 270/283/269 271/284/270
f 534/594/532 270/283/269 408/920/407
f 15/15/15 14/14/14 101/101/101
f 756/921/752 626/747/623 757/922/753
f 226/233/226 334/350/333 487/532/485
f 245/254/64 487/532/485 334/350/333
f 758/923/754 759/924/601 603/687/601
f 610/725/607 328/344/327 343/361/342
f 760/925/755 689/843/686 761/926/756
f 55/55/55 450/490/449 53/53/53
f 63/63/63 104/104/104 64/64/64
f 105/105/105 104/104/104 63/63/63
f 762/927/757 763/928/758 764/929/759
f 4/4/4 454/494/453 6/6/6
f 285/298/284 169/173/169 35/35/35
f 42/42/42 230/237/230 428/465/427
f 228/235/228 493/539/491 229/236/229
f 419/454/418 420/455/419 154/651/154
f 154/651/154 529/587/527 419/454/418
f 763/928/758 765/930/760 764/929/759
f 531/591/529 203/210/203 501/548/499
f 766/931/761 58/58/58 78/78/78
f 766/931/761 767/932/762 58/58/58
f 768/933/763 769/934/764 770/935/765
f 770/935/765 771/936/766 768/933/763
f 772/937/767 760/925/755 773/938/768
f 379/406/378 398/428/397 50/50/50
f 142/146/142 774/939/769 251/260/250
f 142/146/142 258/269/257 774/939/769
f 16/16/16 306/322/305 426/463/425
f 775/940/770 776/941/771 17/942/17
f 600/679/598 777/943/772 5/944/5
f 5/944/5 777/943/772 778/945/773
f 173/357/173 391/889/390 341/359/340
f 341/359/340 391/889/390 717/872/713
f 533/593/531 415/899/414 644/785/641
f 533/593/531 427/946/426 415/899/414
f 532/592/530 534/594/532 405/947/404
f 405/947/404 534/594/532 408/920/407
f 779/948/774 780/949/775 781/950/776
f 781/950/776 782/951/777 779/948/774
f 783/952/778 735/894/731 737/896/733
f 783/953/778 737/954/733 784/955/779
f 111/111/111 67/67/67 268/281/267
f 704/859/700 692/847/689 670/820/667
f 704/859/700 676/826/673 692/847/689
f 678/828/675 785/956/780 786/957/781
f 786/957/781 675/825/672 678/828/675
f 487/532/485 11/11/11 226/233/226
f 491/536/489 490/535/488 747/911/743
f 744/906/740 505/552/503 152/958/152
f 102/102/102 266/279/265 787/959/782
f 506/553/504 742/902/738 788/960/783
f 742/902/738 789/961/784 788/960/783
f 46/46/46 527/585/525 510/558/508
f 44/44/44 46/46/46 510/558/508
f 485/528/483 790/962/785 715/870/711
f 485/528/483 715/870/711 492/537/490
f 535/595/533 356/376/355 353/373/352
f 288/301/287 356/376/355 535/595/533
f 148/152/148 120/120/120 272/285/271
f 791/963/786 491/536/489 746/910/742
f 791/963/786 746/910/742 792/964/787
f 793/965/788 729/887/725 794/966/789
f 793/965/788 795/967/790 729/887/725
f 131/135/131 549/613/547 27/27/27
f 774/939/769 596/672/594 597/674/595
f 796/968/791 17/942/17 776/941/771
f 163/167/163 731/890/727 164/168/164
f 196/203/196 213/220/213 305/321/304
f 221/228/221 6/6/6 454/494/453
f 454/494/453 605/702/64 221/228/221
f 450/490/449 245/254/64 448/488/447
f 448/488/447 53/53/53 450/490/449
f 305/321/304 197/204/197 196/203/196
f 745/907/741 335/351/334 113/113/113
f 473/516/471 110/110/110 112/112/112
f 755/919/751 616/733/613 797/969/792
f 614/729/611 166/170/166 630/751/627
f 155/159/155 541/602/539 372/399/371
f 132/136/132 129/133/129 695/850/692
f 340/358/339 341/359/340 442/482/441
f 798/970/793 799/971/794 800/972/795
f 801/973/796 802/974/797 651/792/648
f 801/973/796 651/792/648 803/975/798
f 607/722/604 606/721/603 664/811/661
f 607/722/604 664/811/661 804/976/799
f 752/916/748 753/917/749 710/865/706
f 255/264/254 413/447/412 88/88/88
f 805/977/800 663/810/660 806/978/801
f 663/810/660 805/977/800 803/975/798
f 807/979/802 808/980/803 809/981/804
f 717/872/713 716/871/712 441/481/440
f 609/724/606 810/982/805 673/823/670
f 673/823/670 606/721/603 609/724/606
f 672/822/669 802/974/797 811/983/806
f 811/983/806 812/984/807 672/822/669
f 95/95/95 94/94/94 702/857/698
f 381/408/380 216/223/216 352/372/351
f 813/985/808 649/790/646 812/984/807
f 649/790/646 813/985/808 814/986/809
f 666/987/663 810/982/805 815/988/810
f 666/987/663 815/988/810 806/978/801
f 204/211/204 189/196/189 188/195/188
f 816/989/811 817/990/812 818/991/813
f 147/151/147 418/453/417 749/913/745
f 378/405/377 50/50/50 49/49/49
f 457/497/456 459/499/64 751/915/747
f 751/915/747 31/31/31 457/497/456
f 819/992/814 820/993/815 821/994/816
f 822/995/817 823/996/818 436/475/435
f 181/997/181 778/945/773 824/998/819
f 5/944/5 778/945/773 181/997/181
f 825/999/820 826/1000/821 827/1001/822
f 826/1000/821 828/1002/823 827/1001/822
f 64/64/64 487/532/485 459/499/64
f 459/499/64 659/804/656 605/702/64
f 101/101/101 245/254/64 99/99/99
f 98/98/98 101/101/101 99/99/99
f 426/463/425 459/499/64 829/1003/824
f 829/1003/824 20/20/20 426/463/425
f 480/523/478 432/469/431 61/61/61
f 480/523/478 61/61/61 455/495/454
f 124/126/124 830/1004/825 122/124/122
f 830/1004/825 124/126/124 831/1005/826
f 832/1006/827 833/1007/828 834/1008/829
f 534/594/532 84/84/84 270/283/269
f 218/225/218 257/266/256 835/1009/830
f 835/1009/830 216/223/216 218/225/218
f 836/1010/831 671/821/668 668/818/665
f 837/1011/832 671/821/668 836/1010/831
f 291/304/290 533/593/531 644/785/641
f 838/1012/833 839/1013/834 840/1014/835
f 291/304/290 503/550/501 533/593/531
f 643/784/640 644/785/641 56/56/56
f 841/1015/836 842/1016/837 843/1017/838
f 842/1018/837 844/1019/839 843/1020/838
f 421/456/420 845/1021/840 392/422/391
f 845/1021/840 846/1022/841 392/422/391
f 782/951/777 781/950/776 847/1023/842
f 847/1023/842 848/1024/843 782/951/777
f 359/379/358 66/66/66 65/65/65
f 359/379/358 65/65/65 357/377/356
f 719/874/715 804/976/799 849/1025/844
f 804/976/799 719/874/715 607/722/604
f 130/134/130 701/856/697 700/855/696
f 830/1004/825 384/414/383 463/503/461
f 814/986/809 713/868/709 849/1025/844
f 713/868/709 814/986/809 813/985/808
f 844/1019/839 845/1021/840 421/456/420
f 843/1020/838 844/1019/839 421/456/420
f 806/978/801 714/869/710 805/977/800
f 714/869/710 806/978/801 815/988/810
f 709/864/705 813/985/808 812/984/807
f 812/984/807 811/983/806 709/864/705
f 810/982/805 708/863/704 815/988/810
f 810/982/805 609/724/606 708/863/704
f 850/1026/845 851/1027/846 667/814/664
f 850/1026/845 667/814/664 852/1028/847
f 511/559/509 513/561/511 853/1029/848
f 854/1030/849 122/124/122 830/1004/825
f 122/122/122 854/1031/849 855/1032/850
f 856/1033/851 857/1034/852 126/128/126
f 856/1035/851 126/130/126 858/1036/853
f 520/1037/518 215/222/215 311/327/310
f 520/1037/518 232/239/232 215/222/215
f 519/1038/517 143/147/143 309/325/308
f 519/1038/517 141/145/141 143/147/143
f 517/1039/515 310/326/309 157/161/157
f 157/161/157 308/324/307 517/1039/515
f 859/1040/854 860/1041/855 861/1042/856
f 427/946/426 532/592/530 405/947/404
f 532/592/530 427/946/426 533/593/531
f 87/87/87 379/406/378 378/405/377
f 379/406/378 87/87/87 86/86/86
f 862/1043/857 744/906/740 863/1044/858
f 862/1043/857 740/900/736 744/906/740
f 65/65/65 111/111/111 275/288/274
f 699/854/695 658/799/655 130/134/130
f 856/1033/851 437/476/436 383/412/382
f 823/996/818 402/432/401 436/475/435
f 436/475/435 402/432/401 174/178/174
f 623/743/620 739/898/735 107/107/107
f 107/107/107 739/898/735 108/108/108
f 43/43/43 429/466/428 252/261/251
f 488/533/486 64/64/64 497/543/495
f 440/480/439 63/63/63 62/62/62
f 252/261/251 429/466/428 253/262/252
f 864/1045/859 547/611/545 466/610/464
f 747/911/743 865/1046/860 748/912/744
f 866/1047/861 865/1046/860 747/911/743
f 867/1048/862 826/1000/821 825/999/820
f 868/1049/863 867/1048/862 825/999/820
f 869/1050/864 870/1051/865 871/1052/866
f 870/1051/865 872/1053/867 871/1052/866
f 873/1054/868 874/1055/869 724/882/720
f 724/882/720 875/1056/870 873/1054/868
f 374/401/373 870/1051/865 869/1050/864
f 375/402/374 374/401/373 869/1050/864
f 685/836/682 876/1057/871 320/336/319
f 685/836/682 320/336/319 238/470/238
f 658/799/655 693/848/690 131/135/131
f 251/260/250 370/397/369 368/394/367
f 712/867/708 12/1058/12 877/1059/872
f 877/1059/872 12/1058/12 757/922/753
f 803/975/798 718/873/714 801/973/796
f 803/975/798 805/977/800 718/873/714
f 878/1060/873 172/176/172 879/1061/874
f 172/176/172 878/1060/873 880/1062/875
f 881/1063/876 467/510/465 820/993/815
f 467/510/465 881/1063/876 882/1064/877
f 882/1064/877 881/1063/876 883/1065/878
f 507/555/505 81/81/81 403/433/402
f 129/133/129 93/93/93 694/849/691
f 349/367/348 884/1066/879 350/368/349
f 301/315/300 400/430/399 373/400/372
f 301/315/300 373/400/372 302/316/301
f 286/299/285 385/415/384 290/303/289
f 286/299/285 290/303/289 287/300/286
f 134/138/134 831/1005/826 124/126/124
f 134/138/134 127/129/127 831/1005/826
f 406/436/405 832/1006/827 885/1067/880
f 406/436/405 423/461/422 832/1006/827
f 809/981/804 180/187/180 807/979/802
f 180/187/180 809/981/804 179/185/179
f 767/932/762 643/784/640 56/56/56
f 767/932/762 56/56/56 58/58/58
f 840/1014/835 410/444/409 885/1067/880
f 410/444/409 840/1014/835 409/442/408
f 465/506/463 879/1061/874 172/176/172
f 879/1061/874 465/506/463 839/1068/834
f 799/971/794 807/979/802 414/449/413
f 414/449/413 540/600/538 799/971/794
f 409/440/408 839/1068/834 465/506/463
f 839/1013/834 409/442/408 840/1014/835
f 170/174/170 880/1062/875 800/1069/795
f 170/174/170 172/176/172 880/1062/875
f 179/183/179 821/994/816 468/511/466
f 821/1070/816 179/185/179 809/981/804
f 876/1057/871 886/1071/881 323/339/322
f 876/1057/871 323/339/322 320/336/319
f 883/1065/878 887/1072/882 317/333/316
f 883/1065/878 317/333/316 319/335/318
f 798/1073/793 888/1074/883 241/252/241
f 241/248/241 243/250/243 798/970/793
f 819/992/814 313/329/312 887/1072/882
f 313/329/312 819/992/814 365/389/364
f 423/458/422 424/460/423 833/1075/828
f 833/1007/828 832/1006/827 423/461/422
f 889/1076/884 679/829/676 890/1077/885
f 889/1076/884 890/1077/885 891/1078/886
f 407/437/406 885/1067/880 410/444/409
f 407/437/406 406/436/405 885/1067/880
f 250/259/249 807/979/802 180/187/180
f 250/259/249 414/449/413 807/979/802
f 892/1079/887 257/268/256 156/160/156
f 156/160/156 155/159/155 892/1079/887
f 893/1080/888 217/224/217 216/223/216
f 217/224/217 893/1080/888 258/270/257
f 118/118/118 264/277/263 119/119/119
f 209/216/209 264/277/263 118/118/118
f 127/129/127 126/128/126 857/1034/852
f 857/1034/852 831/1005/826 127/129/127
f 123/123/123 855/1032/850 155/159/155
f 123/123/123 122/122/122 855/1032/850
f 128/132/128 858/1036/853 126/130/126
f 858/1036/853 128/132/128 251/260/250
f 240/247/240 288/301/287 535/595/533
f 240/247/240 286/299/285 288/301/287
f 117/117/117 261/274/260 115/115/115
f 210/217/210 115/115/115 261/274/260
f 743/905/739 789/961/784 741/901/737
f 742/902/738 741/901/737 789/961/784
f 884/1081/879 835/1009/830 257/266/256
f 257/268/256 892/1079/887 884/1066/879
f 894/1082/889 258/270/257 893/1080/888
f 258/269/257 894/1083/889 774/939/769
f 895/1084/890 784/955/779 896/1085/891
f 895/1084/890 783/953/778 784/955/779
f 892/1079/887 350/368/349 884/1066/879
f 897/1086/892 725/883/721 795/967/790
f 483/526/481 577/648/575 576/647/574
f 231/589/231 483/526/481 576/647/574
f 898/1087/893 598/676/596 354/374/353
f 880/1062/875 878/1060/873 888/1074/883
f 899/1088/894 900/1089/895 901/1090/896
f 899/1088/894 901/1090/896 629/750/626
f 176/180/176 361/381/360 325/341/324
f 325/341/324 361/381/360 902/1091/897
f 903/1092/898 904/1093/899 722/880/718
f 368/394/367 858/1036/853 251/260/250
f 256/265/255 91/91/91 537/597/535
f 905/1094/900 906/1095/901 907/1096/902
f 905/1094/900 907/1096/902 908/1097/903
f 327/343/326 325/341/324 902/1091/897
f 327/343/326 902/1091/897 909/1098/904
f 910/1099/905 768/933/763 771/936/766
f 771/936/766 911/1100/906 910/1099/905
f 112/112/112 267/280/266 114/114/114
f 267/280/266 269/282/268 114/114/114
f 912/1101/907 913/1102/908 726/884/722
f 855/1032/850 854/1031/849 541/602/539
f 852/1028/847 794/966/789 728/886/724
f 893/1080/888 216/223/216 380/407/379
f 875/1056/870 914/1103/909 665/812/662
f 665/812/662 873/1054/868 875/1056/870
f 733/892/729 915/1104/910 916/1105/911
f 733/892/729 916/1105/911 732/891/728
f 917/1106/912 736/895/732 735/894/731
f 736/895/732 917/1106/912 918/1107/913
f 849/1025/844 652/793/649 814/986/809
f 652/793/649 849/1025/844 804/976/799
f 720/875/716 811/983/806 802/974/797
f 802/974/797 801/973/796 720/875/716
f 272/285/271 145/149/145 148/152/148
f 146/150/146 148/152/148 145/149/145
f 874/1055/869 873/1054/868 647/788/644
f 874/1055/869 647/788/644 903/1092/898
f 214/221/214 196/203/196 198/205/198
f 220/227/220 7/7/7 6/6/6
f 103/103/103 153/157/153 496/542/494
f 239/246/239 286/299/285 240/247/240
f 645/1108/642 543/701/541 557/700/555
f 645/1108/642 570/713/568 543/701/541
f 526/583/524 259/272/258 117/117/117
f 914/1103/909 723/881/719 913/1102/908
f 914/1103/909 875/1056/870 723/881/719
f 653/794/650 912/1101/907 919/1109/914
f 653/794/650 919/1109/914 897/1086/892
f 354/374/353 344/362/343 355/375/354
f 9/9/9 489/534/487 96/96/96
f 712/867/708 13/1110/13 12/1058/12
f 13/1110/13 712/867/708 711/866/707
f 851/1027/846 727/885/723 904/1093/899
f 851/1027/846 850/1026/845 727/885/723
f 900/1089/895 920/1111/915 921/1112/916
f 900/1089/895 921/1112/916 901/1090/896
f 922/1113/917 923/1114/918 924/1115/919
f 925/1116/920 923/1114/918 922/1113/917
f 792/964/787 746/910/742 680/1117/677
f 792/1118/787 680/830/677 679/829/676
f 926/1119/921 927/1120/922 928/1121/923
f 928/1121/923 927/1120/922 929/1122/924
f 161/165/161 40/40/40 162/166/162
f 766/931/761 78/78/78 930/1123/925
f 930/1123/925 78/78/78 340/358/339
f 434/473/433 822/995/817 436/475/435
f 434/473/433 436/475/435 435/474/434
f 930/1123/925 340/358/339 522/576/520
f 522/576/520 340/358/339 442/482/441
f 182/1124/182 859/1040/854 861/1042/856
f 61/61/61 432/469/431 26/26/26
f 48/684/48 601/683/599 49/1125/49
f 601/683/599 909/1126/904 49/1125/49
f 150/154/150 152/156/152 509/557/507
f 150/154/150 509/557/507 151/155/151
f 808/980/803 931/1127/926 299/312/298
f 808/980/803 299/312/298 932/1128/927
f 933/1129/928 834/1008/829 294/307/293
f 933/1129/928 294/307/293 838/1012/833
f 100/100/100 466/507/464 98/98/98
f 466/610/464 185/1130/185 864/1045/859
f 303/317/302 790/962/785 485/528/483
f 303/317/302 738/897/734 790/962/785
f 449/489/448 245/254/64 333/349/332
f 438/478/437 449/489/448 333/349/332
f 439/479/438 62/62/62 654/795/651
f 654/795/651 62/62/62 64/64/64
f 934/1131/929 935/1132/930 925/1116/920
f 925/1116/920 935/1132/930 923/1114/918
f 245/254/64 655/796/652 246/255/245
f 444/484/443 246/255/245 655/796/652
f 219/226/219 213/220/213 443/483/442
f 219/226/219 443/483/442 220/227/220
f 18/18/18 307/323/306 16/16/16
f 936/1133/931 937/1134/932 603/687/601
f 204/211/204 70/70/70 189/196/189
f 304/320/303 605/702/64 659/804/656
f 659/804/656 307/323/306 304/320/303
f 462/502/460 750/914/746 245/254/64
f 750/914/746 462/502/460 460/500/458
f 138/142/138 174/178/174 324/340/323
f 264/277/263 263/276/262 119/119/119
f 261/274/260 117/117/117 259/272/258
f 509/557/507 505/554/503 44/44/44
f 739/898/735 623/743/620 507/555/505
f 739/898/735 507/555/505 738/897/734
f 599/1135/597 937/1134/932 936/1133/931
f 579/652/577 494/540/492 206/213/206
f 458/498/457 456/496/455 478/521/476
f 456/496/455 458/498/457 457/497/456
f 451/491/450 447/487/446 245/254/64
f 447/487/446 451/491/450 100/100/100
f 453/493/452 455/495/454 454/494/453
f 455/495/454 453/493/452 479/522/477
f 706/861/702 938/1136/933 705/860/701
f 706/1137/702 939/1138/934 938/1139/933
f 577/648/575 483/526/481 484/527/482
f 577/648/575 484/527/482 578/649/576
f 540/601/538 170/174/170 800/1069/795
f 800/972/795 799/971/794 540/600/538
f 1/736/1 824/998/819 618/737/615
f 181/997/181 824/998/819 1/736/1
f 626/747/623 756/921/752 627/748/624
f 75/75/75 604/688/602 76/76/76
f 820/993/815 468/511/466 821/994/816
f 468/511/466 820/993/815 467/510/465
f 424/460/423 882/1064/877 833/1075/828
f 424/460/423 467/510/465 882/1064/877
f 896/1085/891 940/1140/935 941/1141/936
f 896/1085/891 941/1141/936 942/1142/937
f 319/392/318 367/391/366 943/1143/938
f 943/1144/938 883/1065/878 319/335/318
f 243/250/243 299/312/298 931/1127/926
f 931/1127/926 798/970/793 243/250/243
f 888/1074/883 944/1145/939 397/427/396
f 888/1074/883 397/427/396 241/252/241
f 945/1146/940 364/384/363 944/1145/939
f 364/384/363 945/1146/940 363/385/362
f 365/388/364 946/1147/941 472/515/470
f 946/1148/941 365/389/364 819/992/814
f 367/391/366 294/307/293 834/1008/829
f 834/1008/829 943/1143/938 367/391/366
f 363/383/362 947/1149/942 471/514/469
f 947/1150/942 363/385/362 945/1146/940
f 818/991/813 948/1151/943 905/1094/900
f 818/991/813 817/990/812 948/1151/943
f 932/1128/927 472/515/470 946/1147/941
f 472/515/470 932/1128/927 299/312/298
f 838/1012/833 471/514/469 947/1149/942
f 471/514/469 838/1012/833 294/307/293
f 621/741/618 629/750/626 619/739/616
f 425/462/424 630/751/627 166/170/166
f 846/1022/841 336/352/335 392/422/391
f 846/1022/841 498/545/496 336/352/335
f 457/497/456 31/31/31 34/34/34
f 751/915/747 460/500/458 31/31/31
f 624/744/621 949/1152/944 481/524/479
f 949/1152/944 482/525/480 481/524/479
f 795/967/790 648/789/645 897/1086/892
f 897/1086/892 919/1109/914 725/883/721
f 674/1153/671 851/1027/846 904/1093/899
f 904/1093/899 903/1092/898 674/1153/671
f 334/350/333 226/233/226 332/348/331
f 11/11/11 487/532/485 9/9/9
f 794/966/789 852/1028/847 650/791/647
f 878/1060/873 944/1145/939 888/1074/883
f 913/1102/908 657/798/654 914/1103/909
f 872/1053/867 276/1154/275 473/1155/471
f 872/1053/867 473/1155/471 871/1052/866
f 913/1102/908 912/1101/907 657/798/654
f 795/967/790 793/965/788 648/789/645
f 945/1146/940 879/1061/874 947/1150/942
f 302/319/301 376/1156/375 502/549/500
f 302/316/301 373/400/372 376/403/375
f 596/675/594 893/1080/888 380/407/379
f 950/1157/945 951/1158/946 952/1159/947
f 952/1159/947 953/1160/948 950/1157/945
f 312/328/311 887/1072/882 313/329/312
f 887/1072/882 312/328/311 317/333/316
f 395/425/394 944/1145/939 364/384/363
f 944/1145/939 395/425/394 397/427/396
f 954/1161/949 939/1138/934 955/1162/950
f 955/1162/950 939/1138/934 706/1137/702
f 702/857/698 94/94/94 27/27/27
f 956/1163/951 918/1107/913 957/1164/952
f 736/895/732 918/1107/913 956/1163/951
f 958/1165/953 952/1159/947 951/1158/946
f 958/1165/953 951/1158/946 959/1166/954
f 525/582/523 514/562/512 262/275/261
f 660/805/657 510/558/508 527/585/525
f 960/1167/955 961/1168/956 962/1169/957
f 960/1167/955 962/1169/957 906/1095/901
f 903/1092/898 722/880/718 874/1055/869
f 946/1147/941 821/1070/816 932/1128/927
f 82/82/82 508/556/506 83/83/83
f 385/415/384 151/155/151 82/82/82
f 617/735/614 541/602/539 854/1031/849
f 695/850/692 129/133/129 694/849/691
f 187/194/187 15/15/15 98/98/98
f 656/797/653 101/101/101 14/14/14
f 726/884/722 919/1109/914 912/1101/907
f 933/1129/928 832/1006/827 834/1008/829
f 265/1170/264 24/1171/24 886/1071/881
f 886/1071/881 24/1171/24 23/1172/23
f 794/966/789 650/791/647 793/965/788
f 852/1028/847 728/886/724 850/1026/845
f 839/1068/834 947/1150/942 879/1061/874
f 288/301/287 287/300/286 963/1173/958
f 827/1001/822 828/1002/823 964/1174/959
f 828/1002/823 773/938/768 964/1174/959
f 83/83/83 79/79/79 623/743/620
f 623/743/620 79/79/79 507/555/505
f 965/1175/960 966/1176/961 926/1177/921
f 965/1178/960 926/1119/921 928/1121/923
f 857/1034/852 383/412/382 831/1005/826
f 887/1072/882 881/1063/876 819/992/814
f 596/672/594 774/939/769 894/1083/889
f 799/971/794 798/970/793 931/1127/926
f 816/989/811 762/927/757 817/990/812
f 4/4/4 3/3/3 454/494/453
f 942/1142/937 961/1168/956 960/1167/955
f 942/1142/937 941/1141/936 961/1168/956
f 922/1113/917 924/1115/919 967/1179/962
f 696/1180/693 967/1179/962 924/1115/919
f 843/1020/838 421/456/420 422/457/421
f 843/1017/838 422/845/421 690/844/687
f 898/1087/893 930/1123/925 598/676/596
f 598/676/596 930/1123/925 522/576/520
f 787/959/782 292/305/291 102/102/102
f 63/63/63 440/480/439 105/105/105
f 620/740/617 619/739/616 775/940/770
f 20/20/20 829/1003/824 478/521/476
f 287/300/286 290/303/289 643/784/640
f 287/300/286 643/784/640 767/932/762
f 968/1181/963 864/1045/859 185/1130/185
f 185/1130/185 689/843/686 968/1181/963
f 769/934/764 949/1152/944 624/744/621
f 624/744/621 770/935/765 769/934/764
f 862/1043/857 863/1044/858 322/338/321
f 322/471/321 863/1182/858 149/153/149
f 790/962/785 611/726/608 823/996/818
f 790/962/785 823/996/818 715/870/711
f 909/1098/904 902/1091/897 418/1183/417
f 909/1126/904 418/1184/417 49/1125/49
f 615/730/612 411/445/410 168/172/168
f 752/916/748 698/853/694 697/852/694
f 247/256/246 248/257/247 191/198/191
f 32/1185/32 697/852/694 969/1186/964
f 746/910/742 748/912/744 680/1117/677
f 749/913/745 209/216/209 147/151/147
f 401/431/400 732/891/728 870/1051/865
f 374/401/373 401/431/400 870/1051/865
f 733/892/729 970/1187/965 915/1104/910
f 970/1187/965 971/1188/966 915/1104/910
f 866/1047/861 138/142/138 324/340/323
f 866/1047/861 324/340/323 865/1046/860
f 963/1173/958 767/932/762 766/931/761
f 963/1173/958 287/300/286 767/932/762
f 920/1111/915 972/1189/967 921/1112/916
f 972/1189/967 920/1111/915 758/923/754
f 273/286/272 85/85/85 145/149/145
f 730/1190/726 688/842/685 422/845/421
f 53/53/53 448/488/447 438/478/437
f 400/430/399 612/727/609 401/431/400
f 745/907/741 113/113/113 210/217/210
f 841/1015/836 52/1191/52 842/1016/837
f 841/1015/836 184/1192/184 52/1191/52
f 934/1131/929 629/750/626 935/1132/930
f 934/1131/929 899/1088/894 629/750/626
f 908/1097/903 276/1154/275 872/1053/867
f 276/1154/275 908/1097/903 907/1096/902
f 885/1067/880 832/1006/827 933/1129/928
f 503/550/501 84/84/84 534/594/532
f 234/241/234 160/164/160 235/242/235
f 602/686/600 18/685/18 796/968/791
f 612/727/609 973/1193/968 613/728/610
f 973/1193/968 860/1041/855 613/728/610
f 762/927/757 764/929/759 817/990/812
f 204/211/204 68/68/68 70/70/70
f 889/1076/884 761/926/756 679/829/676
f 761/926/756 792/1118/787 679/829/676
f 14/14/14 444/484/443 656/797/653
f 953/1160/948 626/747/623 625/746/622
f 265/1170/264 886/1071/881 876/1057/871
f 266/1194/265 265/1170/264 876/1057/871
f 902/1091/897 749/1195/745 418/1183/417
f 902/1091/897 361/381/360 749/1195/745
f 604/1196/602 770/935/765 493/745/491
f 493/745/491 770/935/765 624/744/621
f 833/1075/828 883/1065/878 943/1144/938
f 854/1030/849 830/1004/825 617/734/614
f 765/930/760 974/1197/969 975/1198/970
f 765/930/760 975/1198/970 976/1199/971
f 867/1048/862 977/1200/972 826/1000/821
f 977/1200/972 978/1201/973 826/1000/821
f 329/345/328 236/243/236 536/596/534
f 497/543/495 153/157/153 542/604/540
f 288/301/287 963/1173/958 356/376/355
f 680/1117/677 748/912/744 686/838/683
f 680/830/677 686/839/683 681/831/678
f 748/912/744 474/517/472 686/838/683
f 748/912/744 865/1046/860 474/517/472
f 764/929/759 976/1199/971 979/1202/974
f 764/929/759 765/930/760 976/1199/971
f 828/1002/823 772/937/767 773/938/768
f 446/486/445 253/262/252 398/428/397
f 435/474/434 174/178/174 138/142/138
f 513/561/511 222/229/222 514/562/512
f 186/1203/186 187/609/187 757/922/753
f 186/1203/186 757/922/753 12/1058/12
f 789/961/784 973/1193/968 612/727/609
f 788/960/783 789/961/784 612/727/609
f 627/748/624 867/1048/862 868/1049/863
f 848/1024/843 627/748/624 868/1049/863
f 700/855/696 699/854/695 130/134/130
f 384/414/383 831/1005/826 383/412/382
f 25/25/25 439/479/438 60/60/60
f 632/753/629 743/905/739 631/752/628
f 807/979/802 799/971/794 808/980/803
f 341/359/340 717/872/713 441/481/440
f 598/676/596 522/576/520 347/365/346
f 441/481/440 716/871/712 434/473/433
f 980/1204/975 687/841/684 578/649/576
f 578/649/576 484/527/482 980/1204/975
f 201/1205/201 498/545/496 846/1022/841
f 201/1205/201 846/1022/841 202/1206/202
f 839/1013/834 838/1012/833 947/1149/942
f 788/960/783 612/727/609 400/430/399
f 301/315/300 788/960/783 400/430/399
f 884/1081/879 349/370/348 835/1009/830
f 886/1071/881 476/519/474 323/339/322
f 886/1071/881 981/1207/976 476/519/474
f 842/1018/837 227/1208/227 844/1019/839
f 227/1208/227 202/1206/202 844/1019/839
f 352/372/351 835/1009/830 349/370/348
f 94/94/94 93/93/93 129/133/129
f 361/381/360 360/380/359 207/1209/207
f 361/381/360 207/1209/207 749/1195/745
f 484/527/482 482/525/480 891/1078/886
f 484/527/482 891/1078/886 980/1204/975
f 937/1134/932 599/1135/597 198/1210/198
f 705/860/701 974/1197/969 765/930/760
f 705/860/701 938/1136/933 974/1197/969
f 605/702/64 304/320/303 213/220/213
f 114/114/114 269/282/268 116/116/116
f 738/897/734 611/726/608 790/962/785
f 738/897/734 507/555/505 611/726/608
f 758/923/754 982/1211/977 759/924/601
f 920/1111/915 982/1211/977 758/923/754
f 183/904/183 861/1042/856 743/905/739
f 182/1124/182 861/1042/856 183/904/183
f 184/1192/184 841/1015/836 689/843/686
f 689/843/686 185/1130/185 184/1192/184
f 37/37/37 413/447/412 255/264/254
f 211/1212/211 869/1050/864 745/1213/741
f 869/1050/864 871/1052/866 745/1213/741
f 782/951/777 848/1024/843 910/1099/905
f 848/1024/843 868/1049/863 910/1099/905
f 696/1180/693 983/1214/978 967/1179/962
f 698/853/694 983/1215/978 696/851/693
f 906/1095/901 984/1216/979 907/1096/902
f 906/1095/901 962/1169/957 984/1216/979
f 376/1156/375 721/1217/717 682/1218/679
f 376/403/375 375/402/374 721/1219/717
f 681/831/678 687/841/684 890/1077/885
f 681/831/678 686/839/683 687/841/684
f 266/1194/265 685/836/682 528/837/526
f 266/1194/265 876/1057/871 685/836/682
f 985/1220/980 899/1088/894 934/1131/929
f 985/1220/980 669/819/666 899/1088/894
f 202/1206/202 846/1022/841 845/1021/840
f 844/1019/839 202/1206/202 845/1021/840
f 475/840/473 909/1126/904 601/683/599
f 475/518/473 327/343/326 909/1098/904
f 858/1036/853 368/394/367 856/1035/851
f 932/1128/927 809/981/804 808/980/803
f 477/520/475 740/900/736 321/337/320
f 477/520/475 631/752/628 740/900/736
f 745/1213/741 871/1052/866 335/1221/334
f 871/1052/866 473/1155/471 335/1221/334
f 820/993/815 819/992/814 881/1063/876
f 823/996/818 611/726/608 402/432/401
f 54/1222/54 842/1016/837 52/1191/52
f 54/1223/54 227/1208/227 842/1018/837
f 986/1224/981 668/818/665 691/846/688
f 668/818/665 986/1224/981 836/1010/831
f 675/825/672 786/957/781 987/1225/982
f 987/1225/982 988/1226/983 675/825/672
f 817/990/812 764/929/759 979/1202/974
f 817/990/812 979/1202/974 948/1151/943
f 375/402/374 869/1050/864 211/1212/211
f 375/402/374 211/1212/211 721/1219/717
f 911/1100/906 779/948/774 782/951/777
f 782/951/777 910/1099/905 911/1100/906
f 627/748/624 756/921/752 867/1048/862
f 756/921/752 977/1200/972 867/1048/862
f 355/375/354 346/364/345 490/535/488
f 96/96/96 488/533/486 542/604/540
f 954/1161/949 837/1011/832 989/1227/984
f 939/1138/934 954/1161/949 989/1227/984
f 778/945/773 762/927/757 824/998/819
f 762/927/757 778/945/773 763/928/758
f 898/1087/893 766/931/761 930/1123/925
f 963/1173/958 766/931/761 898/1087/893
f 737/896/733 734/893/730 990/1228/985
f 737/954/733 990/1229/985 940/1140/935
f 865/1046/860 326/342/325 474/517/472
f 324/340/323 326/342/325 865/1046/860
f 284/297/283 169/173/169 285/298/284
f 797/969/792 628/749/625 755/919/751
f 676/826/673 675/825/672 988/1226/983
f 988/1226/983 692/847/689 676/826/673
f 715/870/711 823/996/818 822/995/817
f 822/995/817 434/473/433 715/870/711
f 740/900/736 631/752/628 741/901/737
f 741/901/737 631/752/628 743/905/739
f 763/928/758 777/943/772 705/860/701
f 777/943/772 763/928/758 778/945/773
f 506/553/504 788/960/783 301/315/300
f 301/315/300 47/314/47 506/553/504
f 868/1049/863 825/999/820 768/933/763
f 910/1099/905 868/1049/863 768/933/763
f 870/1051/865 732/891/728 872/1053/867
f 732/891/728 916/1105/911 872/1053/867
f 626/747/623 953/1160/948 877/1059/872
f 877/1059/872 757/922/753 626/747/623
f 900/1089/895 669/819/666 920/1111/915
f 669/819/666 900/1089/895 899/1088/894
f 677/827/674 922/1113/917 967/1179/962
f 703/858/699 922/1113/917 677/827/674
f 8/1230/8 498/545/496 201/1205/201
f 8/1230/8 10/544/10 498/545/496
f 826/1000/821 978/1201/973 828/1002/823
f 978/1201/973 772/937/767 828/1002/823
f 393/423/392 791/963/786 730/888/726
f 393/423/392 338/354/337 791/963/786
f 266/1194/265 528/837/526 787/1231/782
f 787/1232/782 528/586/526 529/587/527
f 139/143/139 866/1047/861 747/911/743
f 866/1047/861 139/143/139 138/142/138
f 991/1233/986 934/1131/929 925/1116/920
f 991/1233/986 985/1220/980 934/1131/929
f 964/1174/959 891/1078/886 482/525/480
f 949/1152/944 964/1174/959 482/525/480
f 690/844/687 689/843/686 841/1015/836
f 841/1015/836 843/1017/838 690/844/687
f 321/337/320 862/1043/857 322/338/321
f 862/1043/857 321/337/320 740/900/736
f 338/354/337 337/353/336 491/536/489
f 491/536/489 791/963/786 338/354/337
f 730/888/726 791/963/786 792/964/787
f 688/842/685 730/1190/726 792/1118/787
f 981/1207/976 23/1172/23 183/904/183
f 23/1172/23 981/1207/976 886/1071/881
f 769/934/764 827/1001/822 949/1152/944
f 827/1001/822 964/1174/959 949/1152/944
f 360/380/359 500/547/498 707/1234/703
f 707/1234/703 207/1209/207 360/380/359
f 744/906/740 152/958/152 863/1044/858
f 863/1182/858 152/156/152 149/153/149
f 797/969/792 923/1114/918 935/1132/930
f 616/733/613 923/1114/918 797/969/792
f 853/1029/848 514/562/512 525/582/523
f 776/941/771 921/1112/916 796/968/791
f 901/1090/896 921/1112/916 776/941/771
f 508/556/506 44/44/44 80/80/80
f 992/1235/987 735/894/731 783/952/778
f 992/1235/987 917/1106/912 735/894/731
f 760/925/755 889/1076/884 773/938/768
f 760/925/755 761/926/756 889/1076/884
f 780/949/775 779/948/774 412/1236/411
f 412/1236/411 615/1237/612 780/949/775
f 971/1188/966 818/991/813 915/1104/910
f 971/1188/966 816/989/811 818/991/813
f 957/1164/952 836/1010/831 986/1224/981
f 836/1010/831 957/1164/952 918/1107/913
f 786/957/781 926/1177/921 966/1176/961
f 966/1176/961 987/1225/982 786/957/781
f 640/776/637 708/863/704 609/724/606
f 609/724/606 608/723/605 640/776/637
f 633/755/630 913/1102/908 723/881/719
f 633/755/630 726/884/722 913/1102/908
f 849/1025/844 637/764/634 719/874/715
f 637/764/634 849/1025/844 713/868/709
f 639/772/636 709/864/705 811/983/806
f 811/983/806 720/875/716 639/772/636
f 518/568/516 722/880/718 904/1093/899
f 904/1093/899 727/885/723 518/568/516
f 919/1109/914 726/884/722 516/564/514
f 919/1109/914 516/564/514 725/883/721
f 641/781/638 801/973/796 718/873/714
f 641/781/638 720/875/716 801/973/796
f 642/783/639 607/722/604 719/874/715
f 642/783/639 608/723/605 607/722/604
f 815/988/810 661/806/658 714/869/710
f 815/988/810 708/863/704 661/806/658
f 813/985/808 662/808/659 713/868/709
f 662/808/659 813/985/808 709/864/705
f 683/834/680 723/881/719 875/1056/870
f 875/1056/870 724/882/720 683/834/680
f 636/763/633 727/885/723 850/1026/845
f 636/763/633 850/1026/845 728/886/724
f 635/761/632 729/887/725 795/967/790
f 635/761/632 795/967/790 725/883/721
f 634/759/631 724/882/720 874/1055/869
f 634/759/631 874/1055/869 722/880/718
f 805/977/800 638/768/635 718/873/714
f 638/768/635 805/977/800 714/869/710
f 521/573/519 728/886/724 794/966/789
f 521/573/519 794/966/789 729/887/725
f 628/749/625 621/741/618 754/918/750
f 629/750/626 901/1090/896 619/739/616
f 619/739/616 901/1090/896 776/941/771
f 458/498/457 478/521/476 829/1003/824
f 860/1041/855 970/1187/965 733/892/729
f 860/1041/855 733/892/729 613/728/610
f 797/969/792 935/1132/930 628/749/625
f 935/1132/930 629/750/626 628/749/625
f 502/549/500 376/1156/375 682/1218/679
f 502/549/500 682/1218/679 274/584/273
f 915/1104/910 818/991/813 905/1094/900
f 916/1105/911 915/1104/910 905/1094/900
f 837/1011/832 836/1010/831 918/1107/913
f 918/1107/913 917/1106/912 837/1011/832
f 985/1220/980 670/820/667 669/819/666
f 670/820/667 985/1220/980 704/859/700
f 789/961/784 743/905/739 973/1193/968
f 861/1042/856 973/1193/968 743/905/739
f 929/1122/924 781/950/776 928/1121/923
f 929/1122/924 847/1023/842 781/950/776
f 585/660/583 897/1086/892 648/789/645
f 585/660/583 653/794/650 897/1086/892
f 587/662/585 803/975/798 651/792/648
f 587/662/585 663/810/660 803/975/798
f 812/984/807 649/790/646 589/664/587
f 589/664/587 672/822/669 812/984/807
f 564/630/562 674/1153/671 903/1092/898
f 564/630/562 903/1092/898 647/788/644
f 806/978/801 573/644/571 666/987/663
f 573/644/571 806/978/801 663/810/660
f 912/1101/907 653/794/650 592/668/590
f 592/668/590 657/798/654 912/1101/907
f 571/637/569 810/982/805 666/987/663
f 571/637/569 673/823/670 810/982/805
f 560/624/558 914/1103/909 657/798/654
f 560/624/558 665/812/662 914/1103/909
f 606/721/603 673/823/670 646/787/643
f 646/787/643 664/811/661 606/721/603
f 582/1238/580 667/814/664 851/1027/846
f 582/1238/580 851/1027/846 674/1153/671
f 814/986/809 566/632/564 649/790/646
f 566/632/564 814/986/809 652/793/649
f 554/618/552 804/976/799 664/811/661
f 804/976/799 554/618/552 652/793/649
f 802/974/797 672/822/669 552/616/550
f 552/616/550 651/792/648 802/974/797
f 198/677/198 600/679/598 7/1239/7
f 600/679/598 5/944/5 7/1239/7
f 873/1054/868 665/812/662 594/670/592
f 594/670/592 647/788/644 873/1054/868
f 545/607/543 793/965/788 650/791/647
f 545/607/543 648/789/645 793/965/788
f 591/666/589 852/1028/847 667/814/664
f 591/666/589 650/791/647 852/1028/847
f 926/1177/921 786/957/781 785/956/780
f 926/1119/921 785/1240/780 927/1120/922
f 969/1241/964 924/1115/919 616/733/613
f 616/733/613 924/1115/919 923/1114/918
f 703/858/699 925/1116/920 922/1113/917
f 991/1233/986 925/1116/920 703/858/699
f 706/1137/702 599/1135/597 955/1162/950
f 599/678/597 706/861/702 600/679/598
f 712/867/708 877/1059/872 953/1160/948
f 953/1160/948 952/1159/947 712/867/708
f 773/938/768 889/1076/884 891/1078/886
f 964/1174/959 773/938/768 891/1078/886
f 825/999/820 827/1001/822 769/934/764
f 769/934/764 768/933/763 825/999/820
f 891/1078/886 890/1077/885 980/1204/975
f 980/1204/975 890/1077/885 687/841/684
f 688/842/685 761/926/756 689/843/686
f 761/926/756 688/842/685 792/1118/787
f 22/1242/22 621/741/618 620/740/617
f 22/1242/22 754/918/750 621/741/618
f 977/1200/972 756/921/752 547/611/545
f 547/611/545 864/1045/859 977/1200/972
f 974/1197/969 895/1084/890 975/1198/970
f 974/1197/969 783/953/778 895/1084/890
f 816/989/811 824/998/819 762/927/757
f 824/998/819 816/989/811 618/737/615
f 951/1158/946 927/1120/922 959/1166/954
f 959/1166/954 927/1120/922 785/1240/780
f 975/1198/970 895/1084/890 896/1085/891
f 975/1198/970 896/1085/891 976/1199/971
f 254/263/253 253/262/252 446/486/445
f 973/1193/968 861/1042/856 860/1041/855
f 65/65/65 67/67/67 111/111/111
f 94/94/94 131/135/131 27/27/27
f 597/674/595 370/397/369 774/939/769
f 908/1097/903 872/1053/867 916/1105/911
f 905/1094/900 908/1097/903 916/1105/911
f 976/1199/971 896/1085/891 942/1142/937
f 976/1199/971 942/1142/937 960/1167/955
f 920/1111/915 669/819/666 671/821/668
f 982/1211/977 920/1111/915 671/821/668
f 967/1179/962 678/828/675 677/827/674
f 678/828/675 967/1179/962 983/1214/978
f 879/1061/874 945/1146/940 878/1060/873
f 940/1140/935 495/1243/493 579/1244/577
f 940/1140/935 579/1244/577 941/1141/936
f 963/1173/958 898/1087/893 356/376/355
f 848/1024/843 847/1023/842 625/746/622
f 625/746/622 627/748/624 848/1024/843
f 539/1245/537 412/1236/411 779/948/774
f 779/948/774 911/1100/906 539/1245/537
f 943/1143/938 834/1008/829 833/1007/828
f 948/1151/943 979/1202/974 906/1095/901
f 948/1151/943 906/1095/901 905/1094/900
f 541/602/539 155/159/155 855/1032/850
f 970/1187/965 859/1040/854 971/1188/966
f 860/1041/855 859/1040/854 970/1187/965
f 894/1082/889 893/1080/888 596/675/594
f 880/1062/875 888/1074/883 798/1073/793
f 55/55/55 452/492/451 450/490/449
f 689/843/686 760/925/755 968/1181/963
f 687/841/684 475/840/473 601/683/599
f 601/683/599 578/649/576 687/841/684
f 772/937/767 968/1181/963 760/925/755
f 772/937/767 978/1201/973 968/1181/963
f 710/865/706 712/867/708 952/1159/947
f 952/1159/947 958/1165/953 710/865/706
f 992/1235/987 989/1227/984 917/1106/912
f 917/1106/912 989/1227/984 837/1011/832
f 787/1232/782 529/587/527 292/1246/291
f 529/587/527 154/651/154 292/1246/291
f 979/1202/974 960/1167/955 906/1095/901
f 979/1202/974 976/1199/971 960/1167/955
f 938/1139/933 992/1235/987 783/952/778
f 938/1136/933 783/953/778 974/1197/969
f 950/1157/945 625/746/622 847/1023/842
f 847/1023/842 929/1122/924 950/1157/945
f 928/1121/923 781/950/776 780/949/775
f 780/949/775 965/1178/960 928/1121/923
f 703/858/699 704/859/700 991/1233/986
f 991/1233/986 704/859/700 985/1220/980
f 604/1196/602 430/1247/429 771/936/766
f 604/1196/602 771/936/766 770/935/765
f 625/746/622 950/1157/945 953/1160/948
f 921/1112/916 972/1189/967 796/968/791
f 796/968/791 972/1189/967 602/686/600
f 537/597/535 91/91/91 74/74/74
f 907/1096/902 984/1216/979 470/1248/468
f 907/1096/902 470/1248/468 276/1154/275
f 542/604/540 488/533/486 497/543/495
f 322/471/321 149/153/149 239/246/239
f 524/581/522 853/1029/848 525/582/523
f 981/1207/976 183/904/183 632/753/629
f 981/1207/976 632/753/629 476/519/474
f 881/1063/876 887/1072/882 883/1065/878
f 821/994/816 946/1148/941 819/992/814
f 430/1247/429 539/1245/537 911/1100/906
f 911/1100/906 771/936/766 430/1247/429
f 277/290/276 281/294/280 278/291/277
f 684/1249/681 707/1234/703 500/547/498
f 500/547/498 224/682/224 684/1249/681
f 206/213/206 494/540/492 280/293/279
f 752/916/748 710/865/706 958/1165/953
f 698/853/694 752/916/748 958/1165/953
f 763/928/758 705/860/701 765/930/760
f 759/924/601 955/1162/950 936/1133/931
f 936/1133/931 955/1162/950 599/1135/597
f 610/1250/607 736/895/732 515/1251/513
f 736/895/732 610/1250/607 734/893/730
f 951/1158/946 950/1157/945 929/1122/924
f 951/1158/946 929/1122/924 927/1120/922
f 617/734/614 830/1004/825 463/503/461
f 658/799/655 131/135/131 130/134/130
f 939/1138/934 992/1235/987 938/1139/933
f 989/1227/984 992/1235/987 939/1138/934
f 753/917/749 711/866/707 710/865/706
f 750/914/746 487/532/485 245/254/64
f 139/143/139 747/911/743 490/535/488
f 148/152/148 118/118/118 120/120/120
f 864/1045/859 968/1181/963 978/1201/973
f 978/1201/973 977/1200/972 864/1045/859
f 784/955/779 940/1140/935 896/1085/891
f 784/955/779 737/954/733 940/1140/935
f 954/1161/949 982/1211/977 837/1011/832
f 982/1211/977 671/821/668 837/1011/832
f 971/1188/966 618/737/615 816/989/811
f 618/737/615 971/1188/966 859/1040/854
f 933/1129/928 840/1014/835 885/1067/880
f 882/1064/877 883/1065/878 833/1075/828
f 615/1252/612 167/1253/167 965/1175/960
f 965/1178/960 780/949/775 615/1237/612
f 840/1014/835 933/1129/928 838/1012/833
f 785/1240/780 983/1215/978 959/1166/954
f 983/1214/978 785/956/780 678/828/675
f 982/1211/977 954/1161/949 759/924/601
f 759/924/601 954/1161/949 955/1162/950
f 698/853/694 959/1166/954 983/1215/978
f 958/1165/953 959/1166/954 698/853/694
f 944/1145/939 878/1060/873 945/1146/940
f 734/893/730 377/1254/376 990/1228/985
f 377/1254/376 734/893/730 610/1250/607
f 3/3/3 479/522/477 453/493/452
f 600/679/598 705/860/701 777/943/772
f 692/847/689 389/1255/388 691/846/688
f 692/847/689 988/1226/983 389/1255/388
f 809/981/804 932/1128/927 821/1070/816
f 799/971/794 931/1127/926 808/980/803
f 630/1256/627 389/1255/388 988/1226/983
f 988/1226/983 987/1225/982 630/1256/627
f 691/846/688 731/1257/727 986/1224/981
f 731/1257/727 691/846/688 389/1255/388
f 941/1141/936 579/1244/577 205/1258/205
f 941/1141/936 205/1258/205 961/1168/956
f 194/1259/194 753/917/749 697/852/694
f 697/852/694 32/1185/32 194/1259/194
f 961/1168/956 205/1258/205 531/1260/529
f 961/1168/956 531/1260/529 962/1169/957
f 603/687/601 197/1261/197 18/685/18
f 197/1261/197 603/687/601 937/1134/932
f 129/133/129 131/135/131 94/94/94
f 990/1228/985 377/1254/376 495/1262/493
f 990/1229/985 495/1243/493 940/1140/935
f 380/407/379 216/223/216 381/408/380
f 446/486/445 398/428/397 379/406/378
f 43/43/43 42/42/42 429/466/428
f 962/1169/957 531/1260/529 530/1263/528
f 962/1169/957 530/1263/528 984/1216/979
f 383/412/382 857/1034/852 856/1033/851
f 716/871/712 715/870/711 434/473/433
f 61/61/61 60/60/60 64/64/64
f 61/61/61 64/64/64 454/494/453
f 514/562/512 853/1029/848 513/561/511
f 116/116/116 115/115/115 114/114/114
f 37/37/37 36/36/36 413/447/412
f 388/418/387 283/296/282 39/39/39
f 449/489/448 438/478/437 448/488/447
f 491/536/489 747/911/743 746/910/742
f 835/1009/830 352/372/351 216/223/216
f 800/1069/795 880/1062/875 798/1073/793
f 957/1164/952 622/1264/619 956/1163/951
f 622/1264/619 957/1164/952 163/1265/163
f 744/906/740 740/900/736 742/902/738
f 455/495/454 479/522/477 480/523/478
f 987/1225/982 966/1176/961 614/1266/611
f 614/1266/611 630/1256/627 987/1225/982
f 163/1265/163 986/1224/981 731/1257/727
f 986/1224/981 163/1265/163 957/1164/952
f 330/346/329 329/345/328 536/596/534
f 161/165/161 38/38/38 40/40/40
f 167/1253/167 614/1266/611 966/1176/961
f 966/1176/961 965/1175/960 167/1253/167
f 437/477/436 856/1035/851 368/394/367
f 350/368/349 155/159/155 372/399/371
f 697/852/694 696/851/693 969/1186/964
f 969/1241/964 696/1180/693 924/1115/919
f 2/738/2 618/737/615 859/1040/854
f 188/195/188 190/197/190 359/379/358
f 602/686/600 758/923/754 603/687/601
f 972/1189/967 758/923/754 602/686/600
f 71/71/71 73/73/73 41/41/41
f 969/1241/964 616/733/613 32/732/32
f 193/1267/193 192/1268/192 753/917/749
f 193/1267/193 753/917/749 194/1259/194
f 199/1269/199 33/731/33 755/919/751
f 199/1269/199 755/919/751 754/918/750
f 616/733/613 755/919/751 33/731/33
f 829/1003/824 459/499/64 458/498/457
f 490/535/488 346/364/345 139/143/139
f 660/805/657 527/585/525 499/546/497
f 548/1270/546 775/940/770 17/942/17
f 548/1270/546 21/1271/21 775/940/770
f 155/159/155 350/368/349 892/1079/887
f 239/246/239 149/153/149 385/415/384
f 776/941/771 775/940/770 619/739/616
f 605/702/64 64/64/64 459/499/64
f 64/64/64 605/702/64 454/494/453
f 426/463/425 306/322/305 459/499/64
f 195/1272/195 197/1261/197 937/1134/932
f 195/1272/195 937/1134/932 198/1210/198
f 2/738/2 859/1040/854 182/1124/182
f 830/1004/825 831/1005/826 384/414/383
f 984/1216/979 538/1273/536 470/1248/468
f 984/1216/979 530/1263/528 538/1273/536
f 354/374/353 598/676/596 344/362/343
f 251/260/250 774/939/769 370/397/369
f 270/283/269 623/743/620 107/107/107
f 512/560/510 119/119/119 263/276/262
f 711/866/707 753/917/749 192/1268/192
f 192/1268/192 13/1110/13 711/866/707
f 515/1251/513 956/1163/951 622/1264/619
f 956/1163/951 515/1251/513 736/895/732
f 21/1271/21 22/1242/22 620/740/617
f 620/740/617 775/940/770 21/1271/21
f 750/914/746 459/499/64 487/532/485
f 547/611/545 757/922/753 187/609/187
f 200/1274/200 199/1269/199 754/918/750
f 754/918/750 22/1242/22 200/1274/200
f 603/687/601 759/924/601 936/1133/931
f 744/906/740 506/553/504 505/552/503
f 757/922/753 547/611/545 756/921/752
f 359/379/358 190/197/190 66/66/66
f 356/376/355 898/1087/893 354/374/353
f 890/1077/885 679/829/676 681/831/678
f 505/554/503 509/557/507 152/156/152
f 17/942/17 796/968/791 18/685/18
f 994/1275/988 993/1276/989 1005/1277/990
f 995/1278/991 993/1276/989 994/1275/988
f 996/1279/992 993/1276/989 995/1278/991
f 997/1280/993 993/1276/989 996/1279/992
f 998/1281/994 993/1276/989 997/1280/993
f 999/1282/995 993/1276/989 998/1281/994
f 1000/1283/996 993/1276/989 999/1282/995
f 1001/1284/997 993/1276/989 1000/1283/996
f 1002/1285/998 993/1276/989 1001/1284/997
f 1003/1286/999 993/1276/989 1002/1285/998
f 1004/1287/1000 993/1276/989 1003/1286/999
f 1005/1277/990 993/1276/989 1004/1287/1000
f 1006/1288/1001 994/1275/988 1005/1277/990
f 1017/1289/1002 1006/1288/1001 1005/1277/990
f 1007/1290/1003 994/1275/988 1006/1288/1001
f 994/1275/988 1007/1290/1003 995/1278/991
f 995/1278/991 1008/1291/1004 996/1279/992
f 1008/1291/1004 995/1278/991 1007/1290/1003
f 1009/1292/1005 996/1279/992 1008/1291/1004
f 996/1279/992 1009/1292/1005 997/1280/993
f 998/1281/994 1009/1292/1005 1010/1293/1006
f 1009/1292/1005 998/1281/994 997/1280/993
f 999/1282/995 1010/1293/1006 1011/1294/1007
f 1010/1293/1006 999/1282/995 998/1281/994
f 1000/1283/996 1011/1294/1007 1012/1295/1008
f 1011/1294/1007 1000/1283/996 999/1282/995
f 1001/1284/997 1012/1295/1008 1013/1296/1009
f 1012/1295/1008 1001/1284/997 1000/1283/996
f 1013/1296/1009 1002/1285/998 1001/1284/997
f 1002/1285/998 1013/1296/1009 1014/1297/1010
f 1014/1297/1010 1003/1286/999 1002/1285/998
f 1003/1286/999 1014/1297/1010 1015/1298/1011
f 1003/1286/999 1016/1299/1012 1004/1287/1000
f 1016/1299/1012 1003/1286/999 1015/1298/1011
f 1017/1289/1002 1005/1277/990 1004/1287/1000
f 1004/1287/1000 1016/1299/1012 1017/1289/1002
f 1018/1300/1013 1006/1288/1001 1017/1289/1002
f 1029/1301/1014 1018/1300/1013 1017/1289/1002
f 1019/1302/1015 1006/1288/1001 1018/1300/1013
f 1006/1288/1001 1019/1302/1015 1007/1290/1003
f 1020/1303/1016 1007/1290/1003 1019/1302/1015
f 1007/1290/1003 1020/1303/1016 1008/1291/1004
f 1021/1304/1017 1008/1305/1004 1020/1306/1016
f 1008/1305/1004 1021/1304/1017 1009/1307/1005
f 1010/1308/1006 1021/1304/1017 1022/1309/1018
f 1021/1304/1017 1010/1308/1006 1009/1307/1005
f 1011/1294/1007 1022/1310/1018 1023/1311/1019
f 1022/1310/1018 1011/1294/1007 1010/1293/1006
f 1012/1295/1008 1023/1311/1019 1024/1312/1020
f 1023/1311/1019 1012/1295/1008 1011/1294/1007
f 1013/1296/1009 1024/1312/1020 1025/1313/1021
f 1024/1312/1020 1013/1296/1009 1012/1295/1008
f 1025/1313/1021 1014/1297/1010 1013/1296/1009
f 1014/1297/1010 1025/1313/1021 1026/1314/1022
f 1026/1314/1022 1015/1298/1011 1014/1297/1010
f 1015/1298/1011 1026/1314/1022 1027/1315/1023
f 1015/1298/1011 1028/1316/1024 1016/1299/1012
f 1028/1316/1024 1015/1298/1011 1027/1315/1023
f 1029/1301/1014 1017/1289/1002 1016/1299/1012
f 1028/1316/1024 1029/1301/1014 1016/1299/1012
f 1030/1317/1025 1029/1318/1014 1041/1319/1026
f 1029/1318/1014 1030/1317/1025 1018/1320/1013
f 1030/1317/1025 1019/1321/1015 1018/1320/1013
f 1019/1321/1015 1030/1317/1025 1031/1322/1027
f 1032/1323/1028 1019/1324/1015 1031/1325/1027
f 1019/1324/1015 1032/1323/1028 1020/1306/1016
f 1033/1326/1029 1020/1306/1016 1032/1323/1028
f 1020/1306/1016 1033/1326/1029 1021/1304/1017
f 1022/1309/1018 1033/1326/1029 1034/1327/1030
f 1033/1326/1029 1022/1309/1018 1021/1304/1017
f 1023/1328/1019 1034/1327/1030 1035/1329/1031
f 1034/1327/1030 1023/1328/1019 1022/1309/1018
f 1023/1330/1019 1036/1331/1032 1024/1332/1020
f 1036/1331/1032 1023/1330/1019 1035/1333/1031
f 1025/1334/1021 1036/1331/1032 1037/1335/1033
f 1036/1331/1032 1025/1334/1021 1024/1332/1020
f 1037/1336/1033 1026/1314/1022 1025/1313/1021
f 1026/1314/1022 1037/1336/1033 1038/1337/1034
f 1038/1337/1034 1027/1315/1023 1026/1314/1022
f 1027/1315/1023 1038/1337/1034 1039/1338/1035
f 1027/1315/1023 1040/1339/1036 1028/1316/1024
f 1040/1339/1036 1027/1315/1023 1039/1338/1035
f 1041/1340/1026 1029/1301/1014 1028/1316/1024
f 1040/1339/1036 1041/1340/1026 1028/1316/1024
f 1042/1341/1037 1041/1319/1026 1053/1342/1038
f 1041/1319/1026 1042/1341/1037 1030/1317/1025
f 1042/1341/1037 1031/1322/1027 1030/1317/1025
f 1031/1322/1027 1042/1341/1037 1043/1343/1039
f 1043/1344/1039 1032/1323/1028 1031/1325/1027
f 1032/1323/1028 1043/1344/1039 1044/1345/1040
f 1044/1345/1040 1033/1326/1029 1032/1323/1028
f 1033/1326/1029 1044/1345/1040 1045/1346/1041
f 1033/1326/1029 1046/1347/1042 1034/1327/1030
f 1046/1347/1042 1033/1326/1029 1045/1346/1041
f 1034/1327/1030 1047/1348/1043 1035/1329/1031
f 1047/1348/1043 1034/1327/1030 1046/1347/1042
f 1035/1333/1031 1048/1349/1044 1036/1331/1032
f 1048/1349/1044 1035/1333/1031 1047/1350/1043
f 1037/1335/1033 1048/1349/1044 1049/1351/1045
f 1048/1349/1044 1037/1335/1033 1036/1331/1032
f 1038/1352/1034 1049/1351/1045 1050/1353/1046
f 1049/1351/1045 1038/1352/1034 1037/1335/1033
f 1050/1354/1046 1039/1355/1035 1038/1356/1034
f 1039/1355/1035 1050/1354/1046 1051/1357/1047
f 1039/1355/1035 1052/1358/1048 1040/1359/1036
f 1052/1358/1048 1039/1355/1035 1051/1357/1047
f 1053/1342/1038 1040/1360/1036 1052/1361/1048
f 1041/1319/1026 1040/1360/1036 1053/1342/1038
f 1066/1362/1049 1054/1363/1050 1067/1364/1051
f 1054/1363/1050 1055/1365/1052 1067/1364/1051
f 1067/1364/1051 1056/1366/1053 1068/1367/1054
f 1056/1366/1053 1067/1364/1051 1055/1365/1052
f 1069/1368/1055 1068/1367/1054 1056/1366/1053
f 1056/1366/1053 1057/1369/1056 1069/1368/1055
f 1069/1368/1055 1058/1370/1057 1070/1371/1058
f 1058/1370/1057 1069/1368/1055 1057/1369/1056
f 1070/1372/1058 1059/1373/1059 1071/1374/1060
f 1059/1373/1059 1070/1372/1058 1058/1375/1057
f 1059/1373/1059 1072/1376/1061 1071/1374/1060
f 1072/1376/1061 1059/1373/1059 1060/1377/1062
f 1060/1378/1062 1073/1379/1063 1072/1380/1061
f 1073/1379/1063 1060/1378/1062 1061/1381/1064
f 1061/1381/1064 1074/1382/1065 1073/1379/1063
f 1074/1382/1065 1061/1381/1064 1062/1383/1066
f 1074/1382/1065 1063/1384/1067 1075/1385/1068
f 1063/1384/1067 1074/1382/1065 1062/1383/1066
f 1075/1385/1068 1064/1386/1069 1076/1387/1070
f 1064/1386/1069 1075/1385/1068 1063/1384/1067
f 1076/1388/1070 1065/1389/1071 1077/1390/1072
f 1065/1389/1071 1076/1388/1070 1064/1391/1069
f 1066/1392/1049 1077/1390/1072 1065/1389/1071
f 1065/1389/1071 1054/1393/1050 1066/1392/1049
f 1079/1394/1073 1078/1395/1074 1066/1362/1049
f 1066/1362/1049 1067/1364/1051 1079/1394/1073
f 1067/1364/1051 1068/1367/1054 1080/1396/1075
f 1067/1364/1051 1080/1396/1075 1079/1394/1073
f 1069/1368/1055 1080/1396/1075 1068/1367/1054
f 1080/1396/1075 1069/1368/1055 1081/1397/1076
f 1081/1397/1076 1070/1371/1058 1082/1398/1077
f 1070/1371/1058 1081/1397/1076 1069/1368/1055
f 1082/1399/1077 1071/1374/1060 1083/1400/1078
f 1071/1374/1060 1082/1399/1077 1070/1372/1058
f 1071/1374/1060 1084/1401/1079 1083/1400/1078
f 1084/1401/1079 1071/1374/1060 1072/1376/1061
f 1084/1402/1079 1073/1379/1063 1085/1403/1080
f 1073/1379/1063 1084/1402/1079 1072/1380/1061
f 1085/1403/1080 1074/1382/1065 1086/1404/1081
f 1074/1382/1065 1085/1403/1080 1073/1379/1063
f 1087/1405/1082 1086/1404/1081 1074/1382/1065
f 1074/1382/1065 1075/1385/1068 1087/1405/1082
f 1087/1405/1082 1075/1385/1068 1088/1406/1083
f 1075/1385/1068 1076/1387/1070 1088/1406/1083
f 1088/1407/1083 1077/1390/1072 1089/1408/1084
f 1077/1390/1072 1088/1407/1083 1076/1388/1070
f 1078/1409/1074 1089/1408/1084 1077/1390/1072
f 1077/1390/1072 1066/1392/1049 1078/1409/1074
f 1091/1410/1085 1090/1411/1086 1078/1395/1074
f 1078/1395/1074 1079/1394/1073 1091/1410/1085
f 1079/1394/1073 1080/1396/1075 1092/1412/1087
f 1079/1394/1073 1092/1412/1087 1091/1410/1085
f 1081/1397/1076 1092/1412/1087 1080/1396/1075
f 1092/1412/1087 1081/1397/1076 1093/1413/1088
f 1093/1413/1088 1082/1398/1077 1094/1414/1089
f 1082/1398/1077 1093/1413/1088 1081/1397/1076
f 1083/1415/1078 1094/1414/1089 1082/1398/1077
f 1094/1414/1089 1083/1415/1078 1095/1416/1090
f 1084/1401/1079 1095/1417/1090 1083/1400/1078
f 1095/1417/1090 1084/1401/1079 1096/1418/1091
f 1096/1419/1091 1085/1403/1080 1097/1420/1092
f 1085/1403/1080 1096/1419/1091 1084/1402/1079
f 1097/1420/1092 1086/1404/1081 1098/1421/1093
f 1086/1404/1081 1097/1420/1092 1085/1403/1080
f 1099/1422/1094 1098/1421/1093 1086/1404/1081
f 1086/1404/1081 1087/1405/1082 1099/1422/1094
f 1099/1422/1094 1087/1405/1082 1100/1423/1095
f 1087/1405/1082 1088/1406/1083 1100/1423/1095
f 1101/1424/1096 1088/1407/1083 1089/1408/1084
f 1088/1407/1083 1101/1424/1096 1100/1425/1095
f 1089/1426/1084 1078/1395/1074 1090/1411/1086
f 1089/1426/1084 1090/1411/1086 1101/1427/1096
f 1102/1428/1097 1090/1411/1086 1103/1429/1098
f 1090/1411/1086 1091/1410/1085 1103/1429/1098
f 1092/1412/1087 1104/1430/1099 1091/1410/1085
f 1091/1410/1085 1104/1430/1099 1103/1429/1098
f 1093/1413/1088 1104/1430/1099 1092/1412/1087
f 1104/1430/1099 1093/1413/1088 1105/1431/1100
f 1105/1431/1100 1094/1414/1089 1106/1432/1101
f 1094/1414/1089 1105/1431/1100 1093/1413/1088
f 1106/1432/1101 1095/1416/1090 1107/1433/1102
f 1095/1416/1090 1106/1432/1101 1094/1414/1089
f 1096/1434/1091 1107/1433/1102 1095/1416/1090
f 1107/1433/1102 1096/1434/1091 1108/1435/1103
f 1097/1420/1092 1108/1436/1103 1096/1419/1091
f 1108/1436/1103 1097/1420/1092 1109/1437/1104
f 1109/1437/1104 1098/1421/1093 1110/1438/1105
f 1098/1421/1093 1109/1437/1104 1097/1420/1092
f 1110/1438/1105 1098/1421/1093 1111/1439/1106
f 1098/1421/1093 1099/1422/1094 1111/1439/1106
f 1100/1423/1095 1112/1440/1107 1099/1422/1094
f 1099/1422/1094 1112/1440/1107 1111/1439/1106
f 1113/1441/1108 1100/1442/1095 1101/1427/1096
f 1100/1442/1095 1113/1441/1108 1112/1443/1107
f 1101/1427/1096 1090/1411/1086 1102/1428/1097
f 1101/1427/1096 1102/1428/1097 1113/1441/1108
f 1102/1428/1097 1103/1429/1098 1114/1444/1109
f 1103/1429/1098 1104/1430/1099 1114/1444/1109
f 1104/1430/1099 1105/1431/1100 1114/1444/1109
f 1105/1431/1100 1106/1432/1101 1114/1444/1109
f 1106/1432/1101 1107/1433/1102 1114/1444/1109
f 1107/1433/1102 1108/1435/1103 1114/1444/1109
f 1108/1435/1103 1109/1445/1104 1114/1444/1109
f 1109/1445/1104 1110/1446/1105 1114/1444/1109
f 1110/1446/1105 1111/1447/1106 1114/1444/1109
f 1111/1447/1106 1112/1443/1107 1114/1444/1109
f 1112/1443/1107 1113/1441/1108 1114/1444/1109
f 1113/1441/1108 1102/1428/1097 1114/1444/1109
f 252/261/251 1138/263/1110 1137/261/1111
f 853/1029/848 1152/559/1112 511/559/509
f 162/166/162 1135/242/1113 235/242/235
f 86/86/86 1151/485/1114 445/485/444
f 283/296/282 1149/298/1115 1148/296/1116
f 120/120/120 1130/119/1117 1131/120/1118
f 273/286/272 1126/85/1119 85/85/85
f 255/264/254 1140/265/1120 1139/264/1121
f 256/265/255 1157/597/1122 1140/265/1120
f 119/119/119 1153/560/1123 1130/119/1117
f 41/41/41 1120/43/1124 1119/41/1125
f 278/291/277 1146/292/1126 279/292/278
f 512/560/510 1152/559/1112 1153/560/1123
f 66/66/66 1122/67/1127 67/67/67
f 536/596/534 1147/295/1128 282/295/281
f 289/302/288 1125/71/1129 1150/302/1130
f 67/67/67 1141/281/1131 268/281/267
f 71/71/71 1119/41/1125 1125/71/1129
f 37/37/37 1139/264/1121 1116/37/1132
f 236/243/236 1156/596/1133 536/596/534
f 272/285/271 1144/286/1134 273/286/272
f 526/583/524 1154/581/1135 524/581/522
f 283/296/282 1117/39/1136 39/39/39
f 279/292/278 1123/69/1137 69/69/69
f 40/40/40 1132/166/1138 162/166/162
f 120/120/120 1143/285/1139 272/285/271
f 524/581/522 1158/1029/1140 853/1029/848
f 69/69/69 1124/70/1141 70/70/70
f 189/196/189 1134/197/1142 190/197/190
f 116/116/116 1142/282/1143 1128/116/1144
f 43/43/43 1137/261/1111 1120/43/1124
f 537/597/535 1150/302/1130 1157/597/1122
f 70/70/70 1133/196/1145 189/196/189
f 190/197/190 1121/66/1146 66/66/66
f 282/295/281 1145/291/1147 278/291/277
f 254/263/253 1151/485/1114 1138/263/1110
f 35/35/35 1116/37/1132 1115/35/1148
f 285/298/284 1115/35/1148 1149/298/1115
f 116/116/116 1129/117/1149 117/117/117
f 269/282/268 1141/281/1131 1142/282/1143
f 85/85/85 1127/86/1150 86/86/86
f 117/117/117 1155/583/1151 526/583/524
f 235/242/235 1136/243/1152 236/243/236
f 39/39/39 1118/40/1153 40/40/40
f 1116/37/1132 1173/1448/1154 1115/35/1148
f 252/261/251 254/263/253 1138/263/1110
f 1115/35/1148 1173/1448/1154 1149/298/1115
f 1149/298/1115 1173/1448/1154 1148/296/1116
f 1148/296/1116 1173/1448/1154 1117/39/1136
f 1117/39/1136 1173/1448/1154 1118/40/1153
f 1118/40/1153 1173/1448/1154 1132/166/1138
f 1132/166/1138 1173/1448/1154 1135/242/1113
f 1135/242/1113 1173/1448/1154 1136/243/1152
f 1136/243/1152 1170/1449/1155 1156/596/1133
f 1156/596/1133 1169/1450/1156 1147/295/1128
f 1147/295/1128 1168/1451/1157 1145/291/1147
f 1145/291/1147 1162/1452/1158 1146/292/1126
f 1146/292/1126 1161/1453/1159 1123/69/1137
f 1123/69/1137 1160/1454/1160 1124/70/1141
f 1124/70/1141 1159/1455/1161 1133/196/1145
f 1159/1455/1161 1134/197/1142 1133/196/1145
f 1163/1456/1162 1121/66/1146 1134/197/1142
f 1164/1457/1163 1122/67/1127 1121/66/1146
f 1165/1458/1164 1141/281/1131 1122/67/1127
f 1166/1459/1165 1142/282/1143 1141/281/1131
f 1167/1460/1166 1128/116/1144 1142/282/1143
f 1171/1461/1167 1129/117/1149 1128/116/1144
f 1129/117/1149 1172/1462/1168 1155/583/1151
f 1155/583/1151 1172/1462/1168 1154/581/1135
f 1154/581/1135 1172/1462/1168 1158/1029/1140
f 1158/1029/1140 1172/1462/1168 1152/559/1112
f 1152/559/1112 1172/1462/1168 1153/560/1123
f 1153/560/1123 1172/1462/1168 1130/119/1117
f 1130/119/1117 1171/1461/1167 1131/120/1118
f 1131/120/1118 1167/1460/1166 1143/285/1139
f 1143/285/1139 1166/1459/1165 1144/286/1134
f 1144/286/1134 1165/1458/1164 1126/85/1119
f 1126/85/1119 1164/1457/1163 1127/86/1150
f 1127/86/1150 1163/1456/1162 1151/485/1114
f 1151/485/1114 1159/1455/1161 1138/263/1110
f 1159/1455/1161 1137/261/1111 1138/263/1110
f 1160/1454/1160 1120/43/1124 1137/261/1111
f 1161/1453/1159 1119/41/1125 1120/43/1124
f 1162/1452/1158 1125/71/1129 1119/41/1125
f 1168/1451/1157 1150/302/1130 1125/71/1129
f 1169/1450/1156 1157/597/1122 1150/302/1130
f 1170/1449/1155 1140/265/1120 1157/597/1122
f 1140/265/1120 1173/1448/1154 1139/264/1121
f 1139/264/1121 1173/1448/1154 1116/37/1132
f 853/1029/848 1158/1029/1140 1152/559/1112
f 162/166/162 1132/166/1138 1135/242/1113
f 86/86/86 1127/86/1150 1151/485/1114
f 283/296/282 285/298/284 1149/298/1115
f 120/120/120 119/119/119 1130/119/1117
f 273/286/272 1144/286/1134 1126/85/1119
f 255/264/254 256/265/255 1140/265/1120
f 256/265/255 537/597/535 1157/597/1122
f 119/119/119 512/560/510 1153/560/1123
f 41/41/41 43/43/43 1120/43/1124
f 278/291/277 1145/291/1147 1146/292/1126
f 512/560/510 511/559/509 1152/559/1112
f 66/66/66 1121/66/1146 1122/67/1127
f 536/596/534 1156/596/1133 1147/295/1128
f 289/302/288 71/71/71 1125/71/1129
f 67/67/67 1122/67/1127 1141/281/1131
f 71/71/71 41/41/41 1119/41/1125
f 37/37/37 255/264/254 1139/264/1121
f 236/243/236 1136/243/1152 1156/596/1133
f 272/285/271 1143/285/1139 1144/286/1134
f 526/583/524 1155/583/1151 1154/581/1135
f 283/296/282 1148/296/1116 1117/39/1136
f 279/292/278 1146/292/1126 1123/69/1137
f 40/40/40 1118/40/1153 1132/166/1138
f 120/120/120 1131/120/1118 1143/285/1139
f 524/581/522 1154/581/1135 1158/1029/1140
f 69/69/69 1123/69/1137 1124/70/1141
f 189/196/189 1133/196/1145 1134/197/1142
f 116/116/116 269/282/268 1142/282/1143
f 43/43/43 252/261/251 1137/261/1111
f 537/597/535 289/302/288 1150/302/1130
f 70/70/70 1124/70/1141 1133/196/1145
f 190/197/190 1134/197/1142 1121/66/1146
f 282/295/281 1147/295/1128 1145/291/1147
f 254/263/253 445/485/444 1151/485/1114
f 35/35/35 37/37/37 1116/37/1132
f 285/298/284 35/35/35 1115/35/1148
f 116/116/116 1128/116/1144 1129/117/1149
f 269/282/268 268/281/267 1141/281/1131
f 85/85/85 1126/85/1119 1127/86/1150
f 117/117/117 1129/117/1149 1155/583/1151
f 235/242/235 1135/242/1113 1136/243/1152
f 39/39/39 1117/39/1136 1118/40/1153
f 1136/243/1152 1173/1448/1154 1170/1449/1155
f 1156/596/1133 1170/1449/1155 1169/1450/1156
f 1147/295/1128 1169/1450/1156 1168/1451/1157
f 1145/291/1147 1168/1451/1157 1162/1452/1158
f 1146/292/1126 1162/1452/1158 1161/1453/1159
f 1123/69/1137 1161/1453/1159 1160/1454/1160
f 1124/70/1141 1160/1454/1160 1159/1455/1161
f 1159/1455/1161 1163/1456/1162 1134/197/1142
f 1163/1456/1162 1164/1457/1163 1121/66/1146
f 1164/1457/1163 1165/1458/1164 1122/67/1127
f 1165/1458/1164 1166/1459/1165 1141/281/1131
f 1166/1459/1165 1167/1460/1166 1142/282/1143
f 1167/1460/1166 1171/1461/1167 1128/116/1144
f 1171/1461/1167 1172/1462/1168 1129/117/1149
f 1130/119/1117 1172/1462/1168 1171/1461/1167
f 1131/120/1118 1171/1461/1167 1167/1460/1166
f 1143/285/1139 1167/1460/1166 1166/1459/1165
f 1144/286/1134 1166/1459/1165 1165/1458/1164
f 1126/85/1119 1165/1458/1164 1164/1457/1163
f 1127/86/1150 1164/1457/1163 1163/1456/1162
f 1151/485/1114 1163/1456/1162 1159/1455/1161
f 1159/1455/1161 1160/1454/1160 1137/261/1111
f 1160/1454/1160 1161/1453/1159 1120/43/1124
f 1161/1453/1159 1162/1452/1158 1119/41/1125
f 1162/1452/1158 1168/1451/1157 1125/71/1129
f 1168/1451/1157 1169/1450/1156 1150/302/1130
f 1169/1450/1156 1170/1449/1155 1157/597/1122
f 1170/1449/1155 1173/1448/1154 1140/265/1120
