# Blender 4.0.0
# www.blender.org
o spout
v -0.029427 0.195040 0.165343
v -0.029427 0.195040 0.034683
v -0.026583 0.195368 0.034683
v -0.026587 0.195368 0.165349
v -0.029427 0.194637 0.173290
v -0.026587 0.194964 0.173324
v -0.029427 0.193408 0.181326
v -0.026587 0.193730 0.181389
v -0.029427 0.191409 0.189088
v -0.026587 0.191725 0.189185
v -0.029427 0.188682 0.196529
v -0.026587 0.188985 0.196656
v -0.029427 0.185270 0.203608
v -0.026587 0.185558 0.203763
v -0.029427 0.181214 0.210279
v -0.026587 0.181488 0.210464
v -0.029427 0.176555 0.216506
v -0.026587 0.176810 0.216715
v -0.029427 0.171335 0.222251
v -0.026587 0.171568 0.222482
v -0.029427 0.165593 0.227471
v -0.026587 0.165802 0.227723
v -0.029427 0.159365 0.232128
v -0.026587 0.159550 0.232401
v -0.029427 0.152692 0.236183
v -0.026587 0.152849 0.236474
v -0.029427 0.145615 0.239596
v -0.026587 0.145743 0.239899
v -0.029427 0.138171 0.242322
v -0.026587 0.138268 0.242638
v -0.029427 0.130413 0.244321
v -0.026587 0.130476 0.244643
v -0.029427 0.122377 0.245550
v -0.026587 0.122411 0.245877
v -0.029427 0.114427 0.245953
v -0.026587 0.114436 0.246281
v -0.029427 0.016682 0.245953
v -0.026587 0.016682 0.246281
v -0.026587 0.015990 0.246047
v -0.029373 0.015990 0.245726
v -0.026587 0.015759 0.245353
v -0.029217 0.015759 0.245046
v -0.017633 0.015759 0.241051
v -0.016278 0.015759 0.238919
v -0.017090 0.015990 0.241485
v -0.015652 0.015990 0.239225
v -0.015443 0.016682 0.239329
v -0.016906 0.016682 0.241631
v -0.015443 0.114260 0.239329
v -0.016906 0.114318 0.241631
v -0.015443 0.121707 0.238952
v -0.016906 0.121940 0.241246
v -0.015443 0.129081 0.237824
v -0.016906 0.129545 0.240084
v -0.015443 0.136203 0.235992
v -0.016906 0.136888 0.238194
v -0.015443 0.143031 0.233490
v -0.016906 0.143929 0.235613
v -0.015443 0.149525 0.230356
v -0.016906 0.150626 0.232382
v -0.015443 0.155653 0.226634
v -0.016906 0.156945 0.228545
v -0.015443 0.161370 0.222354
v -0.016906 0.162838 0.224135
v -0.015443 0.166645 0.217562
v -0.016906 0.168277 0.219190
v -0.015443 0.171441 0.212287
v -0.016906 0.173219 0.213752
v -0.015443 0.175718 0.206566
v -0.016906 0.177629 0.207858
v -0.015443 0.179443 0.200442
v -0.016906 0.181469 0.201543
v -0.015443 0.182573 0.193944
v -0.016906 0.184700 0.194842
v -0.015443 0.185076 0.187116
v -0.016906 0.187278 0.187802
v -0.016906 0.189171 0.180458
v -0.015443 0.186911 0.179994
v -0.016906 0.190332 0.172854
v -0.015443 0.188036 0.172620
v -0.016906 0.190717 0.165234
v -0.015443 0.188415 0.165176
v -0.016906 0.190717 0.034683
v -0.015443 0.188415 0.034683
v -0.016952 0.190681 0.034280
v -0.015494 0.188388 0.034280
v -0.017090 0.190572 0.033992
v -0.015652 0.188312 0.033992
v -0.017315 0.190390 0.033819
v -0.015913 0.188185 0.033819
v -0.017633 0.190135 0.033761
v -0.016278 0.188006 0.033761
v -0.017633 0.175788 0.033761
v -0.017315 0.175533 0.033819
v -0.015913 0.177738 0.033819
v -0.016278 0.177917 0.033761
v -0.017090 0.175351 0.033992
v -0.015652 0.177610 0.033992
v -0.016952 0.175242 0.034280
v -0.015494 0.177534 0.034280
v -0.016906 0.175205 0.034683
v -0.015443 0.177508 0.034683
v -0.016906 0.175205 0.164840
v -0.015443 0.177508 0.164900
v -0.016906 0.174881 0.171285
v -0.015443 0.177174 0.171519
v -0.016906 0.173953 0.177343
v -0.015443 0.176212 0.177807
v -0.016906 0.172448 0.183188
v -0.015443 0.174650 0.183874
v -0.016906 0.170394 0.188791
v -0.015443 0.172518 0.189692
v -0.016906 0.167822 0.194126
v -0.015443 0.169849 0.195227
v -0.016906 0.164761 0.199162
v -0.015443 0.166672 0.200454
v -0.016906 0.161243 0.203869
v -0.015443 0.163020 0.205334
v -0.016906 0.157297 0.208210
v -0.015443 0.158926 0.209842
v -0.016906 0.152953 0.212156
v -0.015443 0.154421 0.213934
v -0.016906 0.148248 0.215675
v -0.015443 0.149540 0.217586
v -0.016906 0.143213 0.218738
v -0.015443 0.144314 0.220765
v -0.016906 0.137878 0.221311
v -0.015443 0.138776 0.223434
v -0.016906 0.132275 0.223361
v -0.015443 0.132960 0.225563
v -0.016906 0.126429 0.224869
v -0.015443 0.126890 0.227126
v -0.016906 0.120372 0.225794
v -0.015443 0.120605 0.228087
v -0.016906 0.113926 0.226118
v -0.015443 0.113984 0.228424
v -0.016906 0.016682 0.226119
v -0.015443 0.016682 0.228424
v -0.017090 0.015990 0.226264
v -0.015652 0.015990 0.228524
v -0.016278 0.015759 0.228830
v -0.017633 0.015759 0.226701
v -0.019410 0.015759 0.224923
v -0.021542 0.015759 0.223567
v -0.023954 0.015759 0.222703
v -0.026587 0.015759 0.222400
v -0.036893 0.015759 0.228830
v -0.035538 0.015759 0.226701
v -0.036084 0.015990 0.226264
v -0.037523 0.015990 0.228524
v -0.037728 0.016682 0.228424
v -0.036263 0.016682 0.226119
v -0.037728 0.113984 0.228424
v -0.036263 0.113926 0.226118
v -0.037728 0.120605 0.228087
v -0.036263 0.120372 0.225794
v -0.037728 0.126890 0.227126
v -0.036263 0.126429 0.224869
v -0.037728 0.132960 0.225563
v -0.036263 0.132275 0.223361
v -0.037728 0.138776 0.223434
v -0.036263 0.137878 0.221311
v -0.037728 0.144314 0.220765
v -0.036263 0.143213 0.218738
v -0.037728 0.149540 0.217586
v -0.036263 0.148248 0.215675
v -0.037728 0.154421 0.213934
v -0.036263 0.152953 0.212156
v -0.037728 0.158925 0.209839
v -0.036263 0.157297 0.208210
v -0.037728 0.163020 0.205334
v -0.036263 0.161243 0.203869
v -0.037728 0.166672 0.200454
v -0.036263 0.164761 0.199162
v -0.037728 0.169849 0.195227
v -0.036263 0.167822 0.194126
v -0.037728 0.172518 0.189692
v -0.036263 0.170394 0.188791
v -0.037728 0.174650 0.183874
v -0.036263 0.172448 0.183188
v -0.037728 0.176212 0.177807
v -0.036263 0.173953 0.177343
v -0.037728 0.177174 0.171519
v -0.036263 0.174881 0.171285
v -0.037728 0.177508 0.164900
v -0.036263 0.175205 0.164840
v -0.036263 0.175205 0.034683
v -0.037728 0.177508 0.034683
v -0.037677 0.177534 0.034280
v -0.036216 0.175242 0.034280
v -0.037523 0.177610 0.033992
v -0.036081 0.175351 0.033992
v -0.035855 0.175533 0.033819
v -0.037258 0.177738 0.033819
v -0.035538 0.175788 0.033761
v -0.036893 0.177917 0.033761
v -0.037258 0.188185 0.033819
v -0.036893 0.188006 0.033761
v -0.035538 0.190135 0.033761
v -0.035855 0.190390 0.033819
v -0.037523 0.188312 0.033992
v -0.036081 0.190572 0.033992
v -0.036216 0.190681 0.034280
v -0.037677 0.188388 0.034280
v -0.036263 0.190717 0.034683
v -0.037728 0.188415 0.034683
v -0.036263 0.190717 0.165234
v -0.037728 0.188415 0.165176
v -0.036263 0.190332 0.172854
v -0.037728 0.188036 0.172620
v -0.036263 0.189171 0.180458
v -0.037728 0.186911 0.179994
v -0.036263 0.187278 0.187802
v -0.037728 0.185076 0.187116
v -0.036263 0.184700 0.194842
v -0.037728 0.182573 0.193944
v -0.036263 0.181469 0.201543
v -0.037728 0.179443 0.200442
v -0.036263 0.177629 0.207858
v -0.037728 0.175718 0.206566
v -0.036263 0.173219 0.213752
v -0.037728 0.171441 0.212287
v -0.036263 0.168277 0.219190
v -0.037728 0.166645 0.217562
v -0.036263 0.162838 0.224135
v -0.037728 0.161370 0.222354
v -0.036263 0.156945 0.228545
v -0.037728 0.155653 0.226634
v -0.036263 0.150626 0.232382
v -0.037728 0.149525 0.230356
v -0.036263 0.143929 0.235613
v -0.037728 0.143031 0.233489
v -0.036263 0.136888 0.238194
v -0.037728 0.136203 0.235992
v -0.036263 0.129545 0.240084
v -0.037728 0.129081 0.237824
v -0.036263 0.121940 0.241246
v -0.037728 0.121707 0.238952
v -0.036263 0.114318 0.241631
v -0.037728 0.114260 0.239329
v -0.036263 0.016682 0.241631
v -0.037728 0.016682 0.239329
v -0.036084 0.015990 0.241485
v -0.037523 0.015990 0.239225
v -0.035538 0.015759 0.241051
v -0.036893 0.015759 0.238919
v -0.033761 0.015759 0.242829
v -0.031631 0.015759 0.244185
v -0.031938 0.015990 0.244810
v -0.034197 0.015990 0.243372
v -0.034342 0.016682 0.243554
v -0.032036 0.016682 0.245019
v -0.034342 0.114369 0.243554
v -0.032036 0.114406 0.245019
v -0.034342 0.122135 0.243160
v -0.032036 0.122283 0.244619
v -0.034342 0.129930 0.241967
v -0.032036 0.130225 0.243405
v -0.034342 0.137459 0.240029
v -0.032036 0.137896 0.241431
v -0.034342 0.144678 0.237384
v -0.032036 0.145252 0.238737
v -0.034342 0.151545 0.234075
v -0.032036 0.152246 0.235364
v -0.034342 0.158022 0.230138
v -0.032036 0.158841 0.231354
v -0.034342 0.164064 0.225618
v -0.032036 0.164998 0.226749
v -0.034342 0.169636 0.220552
v -0.032036 0.170673 0.221590
v -0.034342 0.174705 0.214977
v -0.032036 0.175833 0.215911
v -0.034342 0.179224 0.208935
v -0.032036 0.180441 0.209757
v -0.034342 0.183159 0.202459
v -0.032036 0.184448 0.203159
v -0.034342 0.186471 0.195594
v -0.032036 0.187821 0.196165
v -0.034342 0.189116 0.188372
v -0.032036 0.190517 0.188809
v -0.034342 0.191054 0.180843
v -0.032036 0.192492 0.181138
v -0.034342 0.192246 0.173048
v -0.032036 0.193706 0.173196
v -0.034342 0.192638 0.165282
v -0.032036 0.194106 0.165319
v -0.034342 0.192638 0.034683
v -0.032036 0.194106 0.034683
v -0.034306 0.192595 0.034280
v -0.032014 0.194051 0.034280
v -0.034197 0.192459 0.033992
v -0.031938 0.193897 0.033992
v -0.034015 0.192231 0.033819
v -0.031808 0.193636 0.033819
v -0.033761 0.191915 0.033761
v -0.031631 0.193269 0.033761
v -0.033761 0.174008 0.033761
v -0.034015 0.173692 0.033819
v -0.031808 0.172287 0.033819
v -0.031631 0.172651 0.033761
v -0.034197 0.173464 0.033992
v -0.031938 0.172026 0.033992
v -0.032014 0.171872 0.034280
v -0.034306 0.173328 0.034280
v -0.032036 0.171817 0.034683
v -0.034342 0.173282 0.034683
v -0.032036 0.171817 0.164755
v -0.034342 0.173285 0.164791
v -0.032036 0.171505 0.170943
v -0.034342 0.172964 0.171091
v -0.032036 0.170631 0.176663
v -0.034342 0.172069 0.176958
v -0.032036 0.169211 0.182181
v -0.034342 0.170613 0.182618
v -0.032036 0.167273 0.187471
v -0.034342 0.168623 0.188041
v -0.032036 0.164843 0.192509
v -0.034342 0.166133 0.193207
v -0.032036 0.161953 0.197266
v -0.034342 0.163169 0.198085
v -0.032036 0.158628 0.201710
v -0.034342 0.159759 0.202644
v -0.032036 0.154897 0.205811
v -0.034342 0.155934 0.206848
v -0.034342 0.151731 0.210673
v -0.032036 0.150796 0.209542
v -0.034342 0.147172 0.214082
v -0.032036 0.146349 0.212866
v -0.034342 0.142294 0.217046
v -0.032036 0.141593 0.215757
v -0.034342 0.137128 0.219536
v -0.032036 0.136558 0.218186
v -0.034342 0.131702 0.221526
v -0.032036 0.131268 0.220125
v -0.034342 0.126045 0.222982
v -0.032036 0.125750 0.221544
v -0.034342 0.120178 0.223880
v -0.032036 0.120029 0.222421
v -0.034342 0.113878 0.224198
v -0.032036 0.113841 0.222733
v -0.034342 0.016682 0.224198
v -0.032036 0.016682 0.222733
v -0.034197 0.015990 0.224377
v -0.031938 0.015990 0.222940
v -0.033761 0.015759 0.224923
v -0.031631 0.015759 0.223567
v -0.029217 0.015759 0.222703
v -0.029373 0.015990 0.222024
v -0.026587 0.015990 0.221702
v -0.029427 0.016682 0.221799
v -0.026587 0.016682 0.221472
v -0.026587 0.113808 0.221472
v -0.029427 0.113818 0.221799
v -0.026587 0.119902 0.221162
v -0.029427 0.119936 0.221490
v -0.026587 0.125495 0.220307
v -0.029427 0.125562 0.220628
v -0.026587 0.130892 0.218917
v -0.029427 0.130988 0.219233
v -0.026587 0.136064 0.217022
v -0.029427 0.136191 0.217325
v -0.026587 0.140993 0.214647
v -0.029427 0.141147 0.214935
v -0.026587 0.145642 0.211820
v -0.029427 0.145828 0.212093
v -0.026587 0.149992 0.208568
v -0.029427 0.150198 0.208820
v -0.026587 0.154005 0.204919
v -0.029427 0.154236 0.205152
v -0.026587 0.157652 0.200906
v -0.029427 0.157906 0.201115
v -0.026587 0.160906 0.196556
v -0.029427 0.161176 0.196741
v -0.026587 0.163733 0.191906
v -0.029427 0.164022 0.192061
v -0.026587 0.166109 0.186980
v -0.029427 0.166412 0.187107
v -0.026587 0.168004 0.181805
v -0.029427 0.168317 0.181902
v -0.026587 0.169394 0.176412
v -0.029427 0.169715 0.176475
v -0.026587 0.170249 0.170815
v -0.029427 0.170573 0.170849
v -0.026587 0.170555 0.164724
v -0.029427 0.170886 0.164730
v -0.026583 0.170555 0.034683
v -0.029427 0.170886 0.034683
v -0.026583 0.170616 0.034280
v -0.029414 0.170940 0.034280
v -0.026583 0.170789 0.033992
v -0.029373 0.171110 0.033992
v -0.026583 0.171080 0.033819
v -0.029310 0.171392 0.033819
v -0.026583 0.171486 0.033761
v -0.029217 0.171790 0.033761
v -0.029310 0.194530 0.033819
v -0.029217 0.194133 0.033761
v -0.026583 0.194437 0.033761
v -0.026583 0.194842 0.033819
v -0.029373 0.194812 0.033992
v -0.026583 0.195134 0.033992
v -0.029414 0.194983 0.034280
v -0.026583 0.195307 0.034280
v -0.023796 0.194812 0.033992
v -0.023756 0.194983 0.034280
v -0.023744 0.195040 0.034683
v -0.021161 0.194051 0.034280
v -0.021132 0.194106 0.034683
v -0.023744 0.195040 0.165343
v -0.021132 0.194106 0.165319
v -0.023744 0.194637 0.173290
v -0.021132 0.193706 0.173196
v -0.023744 0.193408 0.181326
v -0.021132 0.192492 0.181138
v -0.023744 0.191409 0.189088
v -0.021132 0.190517 0.188809
v -0.023744 0.188682 0.196529
v -0.021132 0.187821 0.196165
v -0.023744 0.185270 0.203608
v -0.021132 0.184448 0.203159
v -0.023744 0.181214 0.210279
v -0.021132 0.180441 0.209757
v -0.023744 0.176555 0.216506
v -0.021132 0.175833 0.215911
v -0.023744 0.171335 0.222251
v -0.021132 0.170673 0.221590
v -0.023744 0.165593 0.227471
v -0.021132 0.164998 0.226749
v -0.023744 0.159365 0.232128
v -0.021132 0.158841 0.231354
v -0.023744 0.152692 0.236183
v -0.021132 0.152246 0.235364
v -0.023744 0.145615 0.239596
v -0.021132 0.145252 0.238737
v -0.023744 0.138171 0.242322
v -0.021132 0.137896 0.241431
v -0.023744 0.130413 0.244321
v -0.021132 0.130225 0.243405
v -0.023744 0.122377 0.245550
v -0.021132 0.122283 0.244619
v -0.023744 0.114427 0.245953
v -0.021132 0.114406 0.245019
v -0.023744 0.016682 0.245953
v -0.021132 0.016682 0.245019
v -0.023796 0.015990 0.245726
v -0.021236 0.015990 0.244810
v -0.021542 0.015759 0.244185
v -0.023954 0.015759 0.245046
v -0.019410 0.015759 0.242829
v -0.018976 0.015990 0.243372
v -0.018831 0.016682 0.243554
v -0.018831 0.114369 0.243554
v -0.018831 0.122135 0.243160
v -0.018831 0.129930 0.241967
v -0.018831 0.137459 0.240029
v -0.018831 0.144678 0.237384
v -0.018831 0.151545 0.234075
v -0.018831 0.158022 0.230138
v -0.018831 0.164064 0.225618
v -0.018831 0.169636 0.220552
v -0.018831 0.174705 0.214977
v -0.018831 0.179224 0.208935
v -0.018831 0.183159 0.202459
v -0.018831 0.186471 0.195594
v -0.018831 0.189116 0.188372
v -0.018831 0.191054 0.180843
v -0.018831 0.192246 0.173048
v -0.018831 0.192638 0.165282
v -0.018831 0.192638 0.034683
v -0.018867 0.192595 0.034280
v -0.021236 0.193897 0.033992
v -0.018976 0.192459 0.033992
v -0.021363 0.193636 0.033819
v -0.019156 0.192231 0.033819
v -0.021542 0.193269 0.033761
v -0.019410 0.191915 0.033761
v -0.021542 0.172651 0.033761
v -0.021363 0.172287 0.033819
v -0.019156 0.173692 0.033819
v -0.019410 0.174008 0.033761
v -0.021236 0.172026 0.033992
v -0.018976 0.173464 0.033992
v -0.018867 0.173328 0.034280
v -0.021161 0.171872 0.034280
v -0.018831 0.173282 0.034683
v -0.021132 0.171817 0.034683
v -0.018831 0.173282 0.164791
v -0.021132 0.171817 0.164755
v -0.018831 0.172964 0.171091
v -0.021132 0.171505 0.170943
v -0.018831 0.172069 0.176958
v -0.021132 0.170631 0.176663
v -0.018831 0.170613 0.182618
v -0.021132 0.169211 0.182181
v -0.018831 0.168623 0.188041
v -0.021132 0.167273 0.187471
v -0.018831 0.166133 0.193207
v -0.021132 0.164843 0.192509
v -0.018831 0.163169 0.198085
v -0.021132 0.161953 0.197266
v -0.018831 0.159759 0.202644
v -0.021132 0.158628 0.201710
v -0.018831 0.155934 0.206848
v -0.021132 0.154897 0.205814
v -0.021132 0.150796 0.209542
v -0.018831 0.151731 0.210673
v -0.021132 0.146349 0.212866
v -0.018831 0.147172 0.214082
v -0.021132 0.141593 0.215757
v -0.018831 0.142294 0.217046
v -0.021132 0.136558 0.218186
v -0.018831 0.137128 0.219536
v -0.021132 0.131268 0.220125
v -0.018831 0.131702 0.221526
v -0.021132 0.125750 0.221544
v -0.018831 0.126045 0.222982
v -0.021132 0.120029 0.222421
v -0.018831 0.120178 0.223880
v -0.021132 0.113841 0.222733
v -0.018831 0.113878 0.224198
v -0.021132 0.016682 0.222733
v -0.018831 0.016682 0.224198
v -0.021236 0.015990 0.222940
v -0.018976 0.015990 0.224377
v -0.023796 0.015990 0.222024
v -0.023744 0.016682 0.221799
v -0.023744 0.113818 0.221799
v -0.023744 0.119936 0.221490
v -0.023744 0.125562 0.220628
v -0.023744 0.130988 0.219233
v -0.023744 0.136191 0.217325
v -0.023744 0.141147 0.214935
v -0.023744 0.145828 0.212093
v -0.023744 0.150198 0.208820
v -0.023744 0.154236 0.205152
v -0.023744 0.157906 0.201115
v -0.023744 0.161176 0.196741
v -0.023744 0.164022 0.192061
v -0.023744 0.166412 0.187107
v -0.023744 0.168317 0.181902
v -0.023744 0.169715 0.176475
v -0.023744 0.170573 0.170849
v -0.023744 0.170886 0.164730
v -0.023744 0.170886 0.034683
v -0.023756 0.170940 0.034280
v -0.023796 0.171110 0.033992
v -0.023863 0.171392 0.033819
v -0.023954 0.171790 0.033761
v -0.023954 0.194133 0.033761
v -0.023863 0.194530 0.033819
v -0.037758 0.015759 0.236507
v -0.038062 0.015759 0.233875
v -0.038438 0.015990 0.236665
v -0.038759 0.015990 0.233875
v -0.038662 0.016682 0.236717
v -0.038989 0.016682 0.233875
v -0.038662 0.114193 0.236717
v -0.038989 0.114123 0.233875
v -0.038662 0.121443 0.236350
v -0.038989 0.121155 0.233520
v -0.038662 0.128556 0.235264
v -0.038989 0.127986 0.232476
v -0.038662 0.135426 0.233495
v -0.038989 0.134580 0.230778
v -0.038662 0.142012 0.231081
v -0.038989 0.140904 0.228460
v -0.038662 0.148278 0.228060
v -0.038989 0.146919 0.225560
v -0.038662 0.154191 0.224468
v -0.038989 0.152595 0.222109
v -0.038662 0.159708 0.220340
v -0.038989 0.157897 0.218144
v -0.038662 0.164798 0.215711
v -0.038989 0.162787 0.213700
v -0.038662 0.169427 0.210621
v -0.038989 0.167231 0.208810
v -0.038662 0.173555 0.205104
v -0.038989 0.171195 0.203511
v -0.038662 0.177147 0.199192
v -0.038989 0.174647 0.197833
v -0.038662 0.180168 0.192925
v -0.038989 0.177547 0.191818
v -0.038662 0.182582 0.186340
v -0.038989 0.179865 0.185493
v -0.038662 0.184351 0.179472
v -0.038989 0.181560 0.178902
v -0.038662 0.185437 0.172356
v -0.038989 0.182606 0.172071
v -0.038662 0.185804 0.165110
v -0.038989 0.182961 0.165037
v -0.038989 0.182961 0.034683
v -0.038662 0.185804 0.034683
v -0.038932 0.182961 0.034280
v -0.038604 0.185791 0.034280
v -0.038759 0.182961 0.033992
v -0.038438 0.185752 0.033992
v -0.038469 0.182961 0.033819
v -0.038151 0.185685 0.033819
v -0.038062 0.182961 0.033761
v -0.037758 0.185591 0.033761
v -0.038151 0.180238 0.033819
v -0.037758 0.180332 0.033761
v -0.038438 0.180171 0.033992
v -0.038604 0.180131 0.034280
v -0.038662 0.180119 0.034683
v -0.038662 0.180119 0.164964
v -0.038662 0.179773 0.171783
v -0.038662 0.178772 0.178329
v -0.038662 0.177147 0.184650
v -0.038662 0.174926 0.190708
v -0.038662 0.172145 0.196477
v -0.038662 0.168839 0.201916
v -0.038662 0.165038 0.207000
v -0.038662 0.160773 0.211689
v -0.038662 0.156086 0.215951
v -0.038662 0.151003 0.219752
v -0.038662 0.145561 0.223061
v -0.038662 0.139795 0.225839
v -0.038662 0.133734 0.228060
v -0.038662 0.127416 0.229689
v -0.038662 0.120870 0.230687
v -0.038662 0.114051 0.231032
v -0.038662 0.016682 0.231032
v -0.038438 0.015990 0.231087
v -0.037758 0.015759 0.231245
v -0.015415 0.015759 0.236507
v -0.015112 0.015759 0.233875
v -0.014735 0.015990 0.236665
v -0.014414 0.015990 0.233875
v -0.014180 0.016682 0.233875
v -0.014507 0.016682 0.236717
v -0.014180 0.114123 0.233875
v -0.014507 0.114193 0.236717
v -0.014180 0.121155 0.233520
v -0.014507 0.121443 0.236350
v -0.014180 0.127986 0.232476
v -0.014507 0.128556 0.235264
v -0.014180 0.134580 0.230778
v -0.014507 0.135426 0.233496
v -0.014180 0.140904 0.228460
v -0.014507 0.142012 0.231081
v -0.014180 0.146919 0.225560
v -0.014507 0.148278 0.228060
v -0.014180 0.152595 0.222109
v -0.014507 0.154191 0.224468
v -0.014180 0.157897 0.218144
v -0.014507 0.159708 0.220340
v -0.014180 0.162787 0.213700
v -0.014507 0.164798 0.215711
v -0.014180 0.167231 0.208810
v -0.014507 0.169427 0.210621
v -0.014180 0.171195 0.203511
v -0.014507 0.173555 0.205104
v -0.014180 0.174647 0.197833
v -0.014507 0.177147 0.199192
v -0.014180 0.177547 0.191818
v -0.014507 0.180168 0.192925
v -0.014507 0.182582 0.186340
v -0.014180 0.179865 0.185493
v -0.014507 0.184351 0.179472
v -0.014180 0.181560 0.178902
v -0.014507 0.185437 0.172356
v -0.014180 0.182606 0.172071
v -0.014507 0.185804 0.165110
v -0.014180 0.182961 0.165037
v -0.014507 0.185804 0.034683
v -0.014180 0.182961 0.034683
v -0.014566 0.185791 0.034280
v -0.014239 0.182961 0.034280
v -0.014735 0.185752 0.033992
v -0.014414 0.182961 0.033992
v -0.015018 0.185685 0.033819
v -0.014701 0.182961 0.033819
v -0.015109 0.182961 0.033761
v -0.015412 0.185591 0.033761
v -0.015412 0.180332 0.033761
v -0.015018 0.180238 0.033819
v -0.014735 0.180171 0.033992
v -0.014566 0.180131 0.034280
v -0.014507 0.180119 0.034683
v -0.014507 0.180119 0.164964
v -0.014507 0.179773 0.171783
v -0.014507 0.178772 0.178329
v -0.014507 0.177147 0.184650
v -0.014507 0.174926 0.190708
v -0.014507 0.172145 0.196477
v -0.014507 0.168839 0.201916
v -0.014507 0.165038 0.207000
v -0.014507 0.160773 0.211689
v -0.014507 0.156086 0.215951
v -0.014507 0.151003 0.219752
v -0.014507 0.145561 0.223061
v -0.014507 0.139795 0.225839
v -0.014507 0.133734 0.228060
v -0.014507 0.127416 0.229689
v -0.014507 0.120870 0.230690
v -0.014507 0.114051 0.231032
v -0.014507 0.016682 0.231032
v -0.014735 0.015990 0.231087
v -0.015415 0.015759 0.231245
v -0.026603 -0.038252 0.246284
v -0.026603 0.014837 0.246284
v -0.023759 0.014837 0.245953
v -0.023759 -0.038252 0.245953
v -0.026603 0.015529 0.246050
v -0.023811 0.015529 0.245729
v -0.026603 0.015759 0.245353
v -0.023972 0.015759 0.245049
v -0.024024 0.015759 0.222688
v -0.026571 0.015759 0.222397
v -0.026571 0.015529 0.221702
v -0.023868 0.015529 0.222008
v -0.026571 0.014837 0.221468
v -0.023817 0.014837 0.221784
v -0.026571 -0.038252 0.221469
v -0.023817 -0.038252 0.221784
v -0.021240 -0.038252 0.222685
v -0.018931 -0.038252 0.224120
v -0.016978 -0.038252 0.226028
v -0.015476 -0.038252 0.228357
v -0.014507 -0.038252 0.231048
v -0.014180 -0.038252 0.233890
v -0.014495 -0.038252 0.236647
v -0.015397 -0.038252 0.239223
v -0.016828 -0.038252 0.241531
v -0.018740 -0.038252 0.243484
v -0.021066 -0.038252 0.244989
v -0.021169 -0.038943 0.244779
v -0.023811 -0.038943 0.245729
v -0.026603 -0.038943 0.246050
v -0.029305 -0.038943 0.245741
v -0.031834 -0.038943 0.244858
v -0.034100 -0.038943 0.243451
v -0.036014 -0.038943 0.241576
v -0.037489 -0.038943 0.239292
v -0.038438 -0.038943 0.236650
v -0.038763 -0.038943 0.233860
v -0.038452 -0.038943 0.231157
v -0.037568 -0.038943 0.228630
v -0.036162 -0.038943 0.226364
v -0.034288 -0.038943 0.224447
v -0.032005 -0.038943 0.222973
v -0.029359 -0.038943 0.222024
v -0.026571 -0.038943 0.221702
v -0.023868 -0.038943 0.222008
v -0.021339 -0.038943 0.222894
v -0.019073 -0.038943 0.224302
v -0.017159 -0.038943 0.226173
v -0.015682 -0.038943 0.228460
v -0.014735 -0.038943 0.231102
v -0.014410 -0.038943 0.233893
v -0.014720 -0.038943 0.236593
v -0.015606 -0.038943 0.239122
v -0.017011 -0.038943 0.241388
v -0.018885 -0.038943 0.243302
v -0.019325 -0.039174 0.242765
v -0.021478 -0.039174 0.244155
v -0.023972 -0.039174 0.245049
v -0.026603 -0.039174 0.245353
v -0.029150 -0.039174 0.245062
v -0.031533 -0.039174 0.244227
v -0.033669 -0.039174 0.242902
v -0.035475 -0.039174 0.241136
v -0.036863 -0.039174 0.238983
v -0.037761 -0.039174 0.236492
v -0.038065 -0.039174 0.233860
v -0.037774 -0.039174 0.231315
v -0.036939 -0.039174 0.228930
v -0.035613 -0.039174 0.226792
v -0.033848 -0.039174 0.224987
v -0.031695 -0.039174 0.223598
v -0.029201 -0.039174 0.222703
v -0.017560 -0.039174 0.240957
v -0.016233 -0.039174 0.238822
v -0.015399 -0.039174 0.236438
v -0.015109 -0.039174 0.233893
v -0.015412 -0.039174 0.231260
v -0.016306 -0.039174 0.228767
v -0.017700 -0.039174 0.226616
v -0.019503 -0.039174 0.224851
v -0.021643 -0.039174 0.223522
v -0.024024 -0.039174 0.222688
v -0.026571 -0.039174 0.222397
v -0.029414 -0.038252 0.221796
v -0.032107 -0.038252 0.222764
v -0.029414 0.014837 0.221796
v -0.032107 0.014837 0.222764
v -0.034434 0.014837 0.224268
v -0.034434 -0.038252 0.224268
v -0.036344 0.014837 0.226222
v -0.036344 -0.038252 0.226222
v -0.037777 0.014837 0.228530
v -0.037777 -0.038252 0.228530
v -0.038680 0.014837 0.231105
v -0.038680 -0.038252 0.231105
v -0.038994 0.014837 0.233859
v -0.038994 -0.038252 0.233860
v -0.038665 0.014837 0.236702
v -0.038665 -0.038252 0.236702
v -0.037697 0.014837 0.239395
v -0.037697 -0.038252 0.239395
v -0.036193 0.014837 0.241725
v -0.036193 -0.038252 0.241725
v -0.034242 0.014837 0.243633
v -0.034242 -0.038252 0.243633
v -0.031930 0.014837 0.245067
v -0.031930 -0.038252 0.245068
v -0.029355 0.014837 0.245969
v -0.029355 -0.038252 0.245969
v -0.031834 0.015529 0.244858
v -0.029305 0.015529 0.245741
v -0.031533 0.015759 0.244227
v -0.029150 0.015759 0.245061
v -0.031695 0.015759 0.223598
v -0.029201 0.015759 0.222703
v -0.032005 0.015529 0.222973
v -0.029359 0.015529 0.222024
v -0.034288 0.015529 0.224447
v -0.036162 0.015529 0.226364
v -0.037568 0.015529 0.228630
v -0.038452 0.015529 0.231157
v -0.038763 0.015529 0.233859
v -0.038438 0.015529 0.236650
v -0.037489 0.015529 0.239292
v -0.036014 0.015529 0.241576
v -0.034100 0.015529 0.243451
v -0.035475 0.015759 0.241136
v -0.033669 0.015759 0.242902
v -0.035613 0.015759 0.226792
v -0.033848 0.015759 0.224987
v -0.036939 0.015759 0.228930
v -0.037774 0.015759 0.231315
v -0.038065 0.015759 0.233859
v -0.037761 0.015759 0.236492
v -0.036863 0.015759 0.238983
v -0.021066 0.014837 0.244989
v -0.018740 0.014837 0.243484
v -0.021169 0.015529 0.244779
v -0.018885 0.015529 0.243302
v -0.021478 0.015759 0.244155
v -0.019325 0.015759 0.242765
v -0.019503 0.015759 0.224851
v -0.021643 0.015759 0.223522
v -0.021339 0.015529 0.222894
v -0.019073 0.015529 0.224302
v -0.021240 0.014837 0.222685
v -0.018931 0.014837 0.224120
v -0.016978 0.014837 0.226028
v -0.015476 0.014837 0.228357
v -0.017159 0.015529 0.226173
v -0.015682 0.015529 0.228460
v -0.016306 0.015759 0.228766
v -0.017700 0.015759 0.226616
v -0.017560 0.015759 0.240957
v -0.016233 0.015759 0.238822
v -0.017011 0.015529 0.241388
v -0.015606 0.015529 0.239122
v -0.015397 0.014837 0.239222
v -0.016828 0.014837 0.241531
v -0.014493 0.014837 0.236647
v -0.014180 0.014837 0.233890
v -0.014507 0.014837 0.231048
v -0.014735 0.015529 0.231102
v -0.014410 0.015529 0.233890
v -0.015109 0.015759 0.233893
v -0.015412 0.015759 0.231260
v -0.015399 0.015759 0.236438
v -0.014720 0.015529 0.236593
v -0.019793 -0.022336 0.224192
v -0.019793 -0.022336 0.218287
v -0.019658 -0.023686 0.218287
v -0.019658 -0.023686 0.224192
v -0.019834 -0.022345 0.217998
v -0.019701 -0.023686 0.217998
v -0.020028 -0.023686 0.217671
v -0.020156 -0.022409 0.217671
v -0.020527 -0.026191 0.217671
v -0.020156 -0.024963 0.217671
v -0.020226 -0.026316 0.217998
v -0.019834 -0.025026 0.217998
v -0.020187 -0.026330 0.218287
v -0.019793 -0.025036 0.218287
v -0.020187 -0.026330 0.224192
v -0.019793 -0.025036 0.224192
v -0.020860 -0.027505 0.217998
v -0.020827 -0.027526 0.218287
v -0.020827 -0.027526 0.224192
v -0.021684 -0.028575 0.218287
v -0.021684 -0.028575 0.224192
v -0.021945 -0.028312 0.217671
v -0.021132 -0.027323 0.217671
v -0.021716 -0.028545 0.217998
v -0.022755 -0.029401 0.217998
v -0.022731 -0.029434 0.218287
v -0.023945 -0.030035 0.217998
v -0.023929 -0.030074 0.218287
v -0.022731 -0.029434 0.224192
v -0.023929 -0.030074 0.224192
v -0.024068 -0.029731 0.217671
v -0.022938 -0.029128 0.217671
v -0.025297 -0.030104 0.217671
v -0.025234 -0.030426 0.217998
v -0.026574 -0.030559 0.217998
v -0.025225 -0.030465 0.218287
v -0.026574 -0.030598 0.218287
v -0.025225 -0.030465 0.224192
v -0.026574 -0.030598 0.224192
v -0.026574 -0.030228 0.217671
v -0.027852 -0.030104 0.217671
v -0.029080 -0.029731 0.217671
v -0.027916 -0.030426 0.217998
v -0.029204 -0.030035 0.217998
v -0.027921 -0.030465 0.218287
v -0.029220 -0.030074 0.218287
v -0.027921 -0.030465 0.224192
v -0.029220 -0.030074 0.224192
v -0.030211 -0.029128 0.217671
v -0.031200 -0.028312 0.217671
v -0.030393 -0.029401 0.217998
v -0.031433 -0.028545 0.217998
v -0.030414 -0.029434 0.218287
v -0.031462 -0.028575 0.218287
v -0.030414 -0.029434 0.224192
v -0.031462 -0.028575 0.224192
v -0.032620 -0.026191 0.217671
v -0.032016 -0.027323 0.217671
v -0.032924 -0.026316 0.217998
v -0.032290 -0.027505 0.217998
v -0.032963 -0.026330 0.218287
v -0.032323 -0.027526 0.218287
v -0.032963 -0.026330 0.224192
v -0.032323 -0.027526 0.224192
v -0.032992 -0.024963 0.217671
v -0.033117 -0.023686 0.217671
v -0.033448 -0.023686 0.217998
v -0.033314 -0.025026 0.217998
v -0.033487 -0.023686 0.218287
v -0.033353 -0.025036 0.218287
v -0.033487 -0.023686 0.224192
v -0.033353 -0.025036 0.224192
v -0.032992 -0.022409 0.217671
v -0.032620 -0.021180 0.217671
v -0.032924 -0.021056 0.217998
v -0.033314 -0.022345 0.217998
v -0.032963 -0.021041 0.218287
v -0.033353 -0.022336 0.218287
v -0.032963 -0.021041 0.224192
v -0.033353 -0.022336 0.224192
v -0.032016 -0.020049 0.217671
v -0.031200 -0.019057 0.217671
v -0.031433 -0.018827 0.217998
v -0.032290 -0.019867 0.217998
v -0.031462 -0.018796 0.218287
v -0.032323 -0.019846 0.218287
v -0.031462 -0.018796 0.224192
v -0.032323 -0.019846 0.224192
v -0.030211 -0.018244 0.217671
v -0.029080 -0.017637 0.217671
v -0.030393 -0.017971 0.217998
v -0.029204 -0.017337 0.217998
v -0.030414 -0.017938 0.218287
v -0.029220 -0.017298 0.218287
v -0.030414 -0.017938 0.224192
v -0.029220 -0.017298 0.224192
v -0.027852 -0.017267 0.217671
v -0.026574 -0.017140 0.217671
v -0.027916 -0.016946 0.217998
v -0.026574 -0.016813 0.217998
v -0.027921 -0.016903 0.218287
v -0.026574 -0.016773 0.218287
v -0.027921 -0.016903 0.224192
v -0.026574 -0.016773 0.224192
v -0.025225 -0.016903 0.218287
v -0.025225 -0.016903 0.224192
v -0.024068 -0.017637 0.217671
v -0.025297 -0.017267 0.217671
v -0.025234 -0.016946 0.217998
v -0.023945 -0.017337 0.217998
v -0.023929 -0.017298 0.218287
v -0.022755 -0.017971 0.217998
v -0.022731 -0.017938 0.218287
v -0.023929 -0.017298 0.224192
v -0.022731 -0.017938 0.224192
v -0.021684 -0.018796 0.218287
v -0.021684 -0.018796 0.224192
v -0.021945 -0.019057 0.217671
v -0.022938 -0.018244 0.217671
v -0.021716 -0.018827 0.217998
v -0.020860 -0.019867 0.217998
v -0.020827 -0.019846 0.218287
v -0.020226 -0.021056 0.217998
v -0.020187 -0.021041 0.218287
v -0.020187 -0.021041 0.224192
v -0.020827 -0.019846 0.224192
v -0.020527 -0.021180 0.217671
v -0.021132 -0.020049 0.217671
v -0.020595 -0.023686 0.217628
v -0.020712 -0.022518 0.217628
v -0.021088 -0.023686 0.217792
v -0.021194 -0.022615 0.217792
v -0.021353 -0.022645 0.218287
v -0.021251 -0.023686 0.218287
v -0.021353 -0.022645 0.224192
v -0.021251 -0.023686 0.224192
v -0.021353 -0.024723 0.224192
v -0.021658 -0.025721 0.224192
v -0.021658 -0.025721 0.218287
v -0.021353 -0.024723 0.218287
v -0.021506 -0.025785 0.217792
v -0.021194 -0.024756 0.217792
v -0.021052 -0.025973 0.217628
v -0.020712 -0.024850 0.217628
v -0.022150 -0.026643 0.224192
v -0.022810 -0.027450 0.224192
v -0.022810 -0.027450 0.218287
v -0.022150 -0.026643 0.218287
v -0.022695 -0.027565 0.217792
v -0.022012 -0.026734 0.217792
v -0.022346 -0.027911 0.217628
v -0.021604 -0.027007 0.217628
v -0.024536 -0.028603 0.224192
v -0.024536 -0.028603 0.218287
v -0.023617 -0.028111 0.218287
v -0.023617 -0.028111 0.224192
v -0.024475 -0.028755 0.217792
v -0.023525 -0.028248 0.217792
v -0.024284 -0.029210 0.217628
v -0.023253 -0.028657 0.217628
v -0.026574 -0.029006 0.224192
v -0.026574 -0.029006 0.218287
v -0.025535 -0.028905 0.218287
v -0.025535 -0.028905 0.224192
v -0.026574 -0.029173 0.217792
v -0.025504 -0.029067 0.217792
v -0.026574 -0.029665 0.217628
v -0.025406 -0.029549 0.217628
v -0.028610 -0.028603 0.224192
v -0.028610 -0.028603 0.218287
v -0.027610 -0.028905 0.218287
v -0.027610 -0.028905 0.224192
v -0.028673 -0.028755 0.217792
v -0.027645 -0.029067 0.217792
v -0.028862 -0.029210 0.217628
v -0.027740 -0.029549 0.217628
v -0.030338 -0.027450 0.224192
v -0.030338 -0.027450 0.218287
v -0.029531 -0.028111 0.218287
v -0.029531 -0.028111 0.224192
v -0.030454 -0.027565 0.217792
v -0.029624 -0.028248 0.217792
v -0.030803 -0.027911 0.217628
v -0.029897 -0.028657 0.217628
v -0.031546 -0.027007 0.217628
v -0.031491 -0.025721 0.224192
v -0.031491 -0.025721 0.218287
v -0.030999 -0.026643 0.218287
v -0.030999 -0.026643 0.224192
v -0.031643 -0.025785 0.217792
v -0.031136 -0.026734 0.217792
v -0.031956 -0.024756 0.217792
v -0.032439 -0.024850 0.217628
v -0.032099 -0.025973 0.217628
v -0.032553 -0.023686 0.217628
v -0.031898 -0.023686 0.224192
v -0.031898 -0.023686 0.218287
v -0.031795 -0.024723 0.218287
v -0.031795 -0.024723 0.224192
v -0.032061 -0.023686 0.217792
v -0.031956 -0.022615 0.217792
v -0.031643 -0.021587 0.217792
v -0.032439 -0.022518 0.217628
v -0.032099 -0.021396 0.217628
v -0.031491 -0.021648 0.224192
v -0.031491 -0.021648 0.218287
v -0.031795 -0.022645 0.218287
v -0.031795 -0.022645 0.224192
v -0.030999 -0.020728 0.218287
v -0.031136 -0.020637 0.217792
v -0.030454 -0.019806 0.217792
v -0.031546 -0.020365 0.217628
v -0.030803 -0.019457 0.217628
v -0.030338 -0.019922 0.224192
v -0.030338 -0.019922 0.218287
v -0.030999 -0.020728 0.224192
v -0.029531 -0.019260 0.224192
v -0.029531 -0.019260 0.218287
v -0.028610 -0.018769 0.218287
v -0.028673 -0.018617 0.217792
v -0.029624 -0.019123 0.217792
v -0.029897 -0.018714 0.217628
v -0.028862 -0.018162 0.217628
v -0.027610 -0.018465 0.224192
v -0.027610 -0.018465 0.218287
v -0.028610 -0.018769 0.224192
v -0.026574 -0.018362 0.224192
v -0.026574 -0.018362 0.218287
v -0.026574 -0.018199 0.217792
v -0.027645 -0.018305 0.217792
v -0.027740 -0.017823 0.217628
v -0.026574 -0.017708 0.217628
v -0.024536 -0.018769 0.224192
v -0.024536 -0.018769 0.218287
v -0.025535 -0.018465 0.218287
v -0.025535 -0.018465 0.224192
v -0.024475 -0.018617 0.217792
v -0.025504 -0.018305 0.217792
v -0.024284 -0.018162 0.217628
v -0.025406 -0.017823 0.217628
v -0.022810 -0.019922 0.224192
v -0.022810 -0.019922 0.218287
v -0.023617 -0.019260 0.218287
v -0.023617 -0.019260 0.224192
v -0.022695 -0.019806 0.217792
v -0.023525 -0.019123 0.217792
v -0.022346 -0.019457 0.217628
v -0.023253 -0.018714 0.217628
v -0.022150 -0.020728 0.224192
v -0.021658 -0.021648 0.224192
v -0.021658 -0.021648 0.218287
v -0.022150 -0.020728 0.218287
v -0.022012 -0.020637 0.217792
v -0.021506 -0.021587 0.217792
v -0.021052 -0.021396 0.217628
v -0.021604 -0.020365 0.217628
v -0.026585 0.182961 0.033761
vn -0.0000 1.0000 0.0029
vn -0.0000 1.0000 -0.0004
vn -0.2252 0.9743 0.0028
vn -0.2254 0.9743 -0.0004
vn -0.0000 0.9949 0.1010
vn -0.2252 0.9693 0.0987
vn -0.0001 0.9797 0.2004
vn -0.2247 0.9547 0.1949
vn -0.0000 0.9550 0.2967
vn -0.2251 0.9305 0.2891
vn -0.0000 0.9209 0.3897
vn -0.2250 0.8975 0.3794
vn -0.0001 0.8787 0.4774
vn -0.2248 0.8563 0.4649
vn -0.0001 0.8286 0.5598
vn -0.2250 0.8074 0.5454
vn -0.0000 0.7712 0.6365
vn -0.2252 0.7516 0.6200
vn -0.0000 0.7072 0.7071
vn -0.2250 0.6891 0.6888
vn -0.0001 0.6365 0.7712
vn -0.2248 0.6202 0.7515
vn -0.0001 0.5598 0.8286
vn -0.2249 0.5455 0.8074
vn -0.0000 0.4774 0.8787
vn -0.2251 0.4652 0.8561
vn -0.0000 0.3896 0.9210
vn -0.2244 0.3796 0.8975
vn -0.0000 0.2970 0.9549
vn -0.2253 0.2894 0.9303
vn -0.0000 0.2005 0.9797
vn -0.2249 0.1952 0.9546
vn -0.0001 0.1010 0.9949
vn -0.2252 0.0989 0.9693
vn -0.0000 0.0038 1.0000
vn -0.2252 0.0037 0.9743
vn -0.0000 -0.0024 1.0000
vn -0.2256 -0.0023 0.9742
vn -0.0000 -0.6895 0.7243
vn -0.1646 -0.6879 0.7069
vn -0.0000 -0.9940 0.1091
vn -0.0153 -0.9977 0.0653
vn 0.0866 -0.9938 0.0698
vn 0.1727 -0.9813 0.0849
vn 0.5654 -0.6881 0.4548
vn 0.6518 -0.6879 0.3192
vn 0.7801 -0.0023 0.6256
vn 0.8986 -0.0023 0.4388
vn 0.7792 0.0023 0.6267
vn 0.8979 0.0016 0.4402
vn 0.7779 0.0635 0.6252
vn 0.8970 0.0446 0.4397
vn 0.7786 0.1258 0.6148
vn 0.8971 0.0886 0.4329
vn 0.7782 0.1865 0.5997
vn 0.8971 0.1312 0.4219
vn 0.7786 0.2446 0.5779
vn 0.8971 0.1722 0.4069
vn 0.7789 0.2994 0.5511
vn 0.8971 0.2110 0.3883
vn 0.7783 0.3514 0.5203
vn 0.8971 0.2473 0.3661
vn 0.7789 0.3993 0.4837
vn 0.8971 0.2812 0.3407
vn 0.7787 0.4436 0.4436
vn 0.8971 0.3123 0.3124
vn 0.7788 0.4838 0.3992
vn 0.8970 0.3409 0.2813
vn 0.7788 0.5197 0.3512
vn 0.8971 0.3661 0.2474
vn 0.7786 0.5514 0.2996
vn 0.8971 0.3883 0.2110
vn 0.7788 0.5777 0.2444
vn 0.8971 0.4069 0.1721
vn 0.7787 0.5990 0.1863
vn 0.8970 0.4220 0.1313
vn 0.8970 0.4330 0.0886
vn 0.7786 0.6148 0.1258
vn 0.8971 0.4396 0.0446
vn 0.7787 0.6242 0.0633
vn 0.8979 0.4403 0.0012
vn 0.7790 0.6270 0.0017
vn 0.8986 0.4388 -0.0004
vn 0.7799 0.6259 -0.0004
vn 0.8532 0.4165 -0.3141
vn 0.7400 0.5943 -0.3150
vn 0.6410 0.3139 -0.7004
vn 0.5575 0.4477 -0.6991
vn 0.2955 0.1449 -0.9443
vn 0.2569 0.2058 -0.9443
vn 0.0122 0.1592 -0.9872
vn 0.1634 0.1309 -0.9778
vn 0.1666 -0.0817 -0.9826
vn 0.2958 -0.1439 -0.9444
vn 0.1245 0.0576 -0.9905
vn 0.2569 -0.2053 -0.9444
vn 0.6411 -0.3132 -0.7007
vn 0.5569 -0.4463 -0.7005
vn 0.8532 -0.4165 -0.3138
vn 0.7403 -0.5936 -0.3155
vn 0.8986 -0.4387 -0.0005
vn 0.7801 -0.6256 -0.0004
vn 0.8994 -0.4372 -0.0010
vn 0.7811 -0.6244 -0.0015
vn 0.9007 -0.4323 -0.0432
vn 0.7825 -0.6195 -0.0623
vn 0.9007 -0.4257 -0.0868
vn 0.7826 -0.6100 -0.1247
vn 0.9013 -0.4137 -0.1284
vn 0.7828 -0.5943 -0.1847
vn 0.9005 -0.4006 -0.1693
vn 0.7825 -0.5734 -0.2426
vn 0.9007 -0.3818 -0.2071
vn 0.7828 -0.5468 -0.2970
vn 0.9008 -0.3601 -0.2429
vn 0.7825 -0.5160 -0.3484
vn 0.9008 -0.3351 -0.2761
vn 0.7828 -0.4799 -0.3961
vn 0.9007 -0.3073 -0.3070
vn 0.7830 -0.4398 -0.4399
vn 0.9007 -0.2767 -0.3350
vn 0.7826 -0.3962 -0.4801
vn 0.9008 -0.2433 -0.3596
vn 0.7826 -0.3486 -0.5158
vn 0.9007 -0.2077 -0.3817
vn 0.7828 -0.2971 -0.5468
vn 0.9008 -0.1693 -0.3999
vn 0.7830 -0.2422 -0.5730
vn 0.9009 -0.1291 -0.4145
vn 0.7824 -0.1850 -0.5946
vn 0.9009 -0.0872 -0.4252
vn 0.7827 -0.1246 -0.6098
vn 0.9008 -0.0435 -0.4320
vn 0.7833 -0.0618 -0.6185
vn 0.7811 -0.0020 -0.6244
vn 0.8994 -0.0014 -0.4372
vn 0.7799 -0.0023 -0.6259
vn 0.8986 -0.0023 -0.4387
vn 0.6563 -0.6829 -0.3207
vn 0.5653 -0.6887 -0.4540
vn 0.0163 -0.9998 -0.0130
vn 0.0227 -0.9997 -0.0111
vn 0.0111 -0.9998 -0.0138
vn 0.4542 -0.6875 -0.5667
vn 0.0068 -0.9999 -0.0138
vn 0.3186 -0.6873 -0.6527
vn 0.0031 -0.9999 -0.0134
vn 0.1640 -0.6880 -0.7069
vn -0.0000 -0.9999 -0.0130
vn 0.0005 -0.6909 -0.7229
vn -0.0091 -0.9999 -0.0073
vn -0.0114 -0.9999 -0.0056
vn -0.5683 -0.6851 -0.4557
vn -0.6526 -0.6870 -0.3195
vn -0.7804 -0.0023 -0.6253
vn -0.8986 -0.0023 -0.4387
vn -0.7813 -0.0019 -0.6242
vn -0.8994 -0.0014 -0.4371
vn -0.7826 -0.0625 -0.6194
vn -0.9007 -0.0435 -0.4322
vn -0.7830 -0.1249 -0.6093
vn -0.9009 -0.0872 -0.4252
vn -0.7831 -0.1849 -0.5938
vn -0.9009 -0.1291 -0.4145
vn -0.7833 -0.2424 -0.5725
vn -0.9007 -0.1693 -0.4000
vn -0.7833 -0.2971 -0.5460
vn -0.9008 -0.2076 -0.3815
vn -0.7830 -0.3485 -0.5153
vn -0.9008 -0.2434 -0.3596
vn -0.7828 -0.3963 -0.4798
vn -0.9008 -0.2767 -0.3348
vn -0.7829 -0.4401 -0.4397
vn -0.9006 -0.3075 -0.3073
vn -0.7826 -0.4802 -0.3960
vn -0.9007 -0.3352 -0.2763
vn -0.7827 -0.5159 -0.3482
vn -0.9007 -0.3601 -0.2430
vn -0.7823 -0.5473 -0.2973
vn -0.9007 -0.3819 -0.2071
vn -0.7829 -0.5731 -0.2421
vn -0.9005 -0.4006 -0.1693
vn -0.7829 -0.5942 -0.1845
vn -0.9013 -0.4137 -0.1284
vn -0.7832 -0.6093 -0.1241
vn -0.9008 -0.4255 -0.0867
vn -0.7829 -0.6191 -0.0621
vn -0.9008 -0.4322 -0.0432
vn -0.7811 -0.6245 -0.0015
vn -0.8994 -0.4372 -0.0010
vn -0.8986 -0.4387 -0.0004
vn -0.7804 -0.6253 -0.0004
vn -0.7406 -0.5942 -0.3139
vn -0.8541 -0.4169 -0.3108
vn -0.5581 -0.4479 -0.6985
vn -0.6415 -0.3136 -0.7001
vn -0.2546 -0.2040 -0.9453
vn -0.2943 -0.1441 -0.9448
vn 0.0078 -0.1506 -0.9886
vn -0.1500 0.0574 -0.9870
vn -0.2557 0.2049 -0.9448
vn -0.1503 -0.0577 -0.9870
vn -0.2944 0.1441 -0.9448
vn -0.1919 0.0941 -0.9769
vn -0.5584 0.4473 -0.6987
vn -0.6410 0.3137 -0.7005
vn -0.8544 0.4167 -0.3105
vn -0.7411 0.5941 -0.3129
vn -0.8986 0.4388 -0.0004
vn -0.7801 0.6256 -0.0004
vn -0.8979 0.4403 0.0012
vn -0.7793 0.6266 0.0018
vn -0.8971 0.4396 0.0446
vn -0.7789 0.6240 0.0632
vn -0.8971 0.4329 0.0886
vn -0.7788 0.6146 0.1258
vn -0.8970 0.4220 0.1314
vn -0.7784 0.5995 0.1861
vn -0.8971 0.4068 0.1721
vn -0.7790 0.5775 0.2442
vn -0.8969 0.3887 0.2109
vn -0.7787 0.5512 0.2996
vn -0.8968 0.3667 0.2474
vn -0.7790 0.5196 0.3511
vn -0.8970 0.3409 0.2814
vn -0.7790 0.4836 0.3991
vn -0.8971 0.3124 0.3124
vn -0.7789 0.4435 0.4434
vn -0.8971 0.2812 0.3407
vn -0.7788 0.3994 0.4836
vn -0.8971 0.2473 0.3661
vn -0.7788 0.3511 0.5198
vn -0.8971 0.2109 0.3883
vn -0.7790 0.2993 0.5509
vn -0.8971 0.1722 0.4069
vn -0.7788 0.2445 0.5777
vn -0.8971 0.1312 0.4219
vn -0.7787 0.1864 0.5991
vn -0.8971 0.0886 0.4329
vn -0.7787 0.1257 0.6146
vn -0.8971 0.0446 0.4397
vn -0.7787 0.0633 0.6241
vn -0.8979 0.0016 0.4402
vn -0.7794 0.0023 0.6265
vn -0.8986 -0.0022 0.4388
vn -0.7803 -0.0023 0.6254
vn -0.5667 -0.6875 0.4542
vn -0.6510 -0.6890 0.3185
vn -0.0187 -0.9998 0.0092
vn -0.0200 -0.9997 0.0162
vn -0.4572 -0.6835 0.5690
vn -0.0202 -0.9995 0.0253
vn -0.0200 -0.9990 0.0407
vn -0.3197 -0.6866 0.6529
vn -0.6255 -0.0023 0.7803
vn -0.4387 -0.0023 0.8986
vn -0.4380 0.0034 0.8990
vn -0.6246 0.0029 0.7810
vn -0.4376 0.0912 0.8946
vn -0.6238 0.0792 0.7776
vn -0.4372 0.1802 0.8811
vn -0.6234 0.1568 0.7660
vn -0.4375 0.2671 0.8587
vn -0.6236 0.2322 0.7465
vn -0.4373 0.3504 0.8282
vn -0.6241 0.3045 0.7196
vn -0.4377 0.4293 0.7900
vn -0.6246 0.3729 0.6862
vn -0.4384 0.5032 0.7448
vn -0.6233 0.4379 0.6479
vn -0.4374 0.5725 0.6935
vn -0.6237 0.4977 0.6027
vn -0.4373 0.6360 0.6358
vn -0.6244 0.5523 0.5523
vn -0.4373 0.6936 0.5724
vn -0.6243 0.6025 0.4972
vn -0.4383 0.7447 0.5033
vn -0.6239 0.6476 0.4375
vn -0.4375 0.7902 0.4291
vn -0.6234 0.6871 0.3732
vn -0.4373 0.8283 0.3503
vn -0.6233 0.7202 0.3045
vn -0.4380 0.8584 0.2670
vn -0.6244 0.7459 0.2320
vn -0.4373 0.8811 0.1800
vn -0.6233 0.7661 0.1565
vn -0.4378 0.8944 0.0911
vn -0.6238 0.7775 0.0789
vn -0.6247 0.7809 0.0022
vn -0.4384 0.8988 0.0026
vn -0.4391 0.8984 -0.0005
vn -0.6248 0.7808 -0.0005
vn -0.4176 0.8537 -0.3112
vn -0.5943 0.7414 -0.3117
vn -0.3141 0.6419 -0.6995
vn -0.4471 0.5570 -0.6999
vn -0.1443 0.2946 -0.9446
vn -0.2061 0.2563 -0.9444
vn -0.1578 0.0126 -0.9874
vn -0.1337 0.1662 -0.9770
vn -0.0939 -0.1925 -0.9768
vn -0.1446 -0.2962 -0.9441
vn 0.0707 -0.1331 -0.9886
vn -0.2064 -0.2571 -0.9441
vn -0.3143 -0.6441 -0.6974
vn -0.4457 -0.5562 -0.7014
vn -0.5937 -0.7409 -0.3139
vn -0.4171 -0.8537 -0.3119
vn -0.6254 -0.7803 -0.0005
vn -0.4383 -0.8988 -0.0004
vn -0.6263 -0.7796 -0.0018
vn -0.4395 -0.8982 -0.0021
vn -0.6282 -0.7741 -0.0777
vn -0.4413 -0.8929 -0.0894
vn -0.6278 -0.7626 -0.1559
vn -0.4414 -0.8791 -0.1798
vn -0.6276 -0.7434 -0.2313
vn -0.4416 -0.8568 -0.2664
vn -0.6274 -0.7171 -0.3035
vn -0.4411 -0.8265 -0.3498
vn -0.6280 -0.6839 -0.3714
vn -0.4412 -0.7885 -0.4285
vn -0.6284 -0.6447 -0.4353
vn -0.4414 -0.7435 -0.5023
vn -0.6280 -0.6003 -0.4953
vn -0.4412 -0.6920 -0.5714
vn -0.6278 -0.5504 -0.5503
vn -0.4410 -0.6346 -0.6347
vn -0.4414 -0.5713 -0.6919
vn -0.6278 -0.4956 -0.6002
vn -0.4410 -0.5023 -0.7438
vn -0.6276 -0.4358 -0.6452
vn -0.4413 -0.4285 -0.7885
vn -0.6285 -0.3717 -0.6832
vn -0.4411 -0.3498 -0.8265
vn -0.6283 -0.3033 -0.7164
vn -0.4411 -0.2665 -0.8570
vn -0.6276 -0.2312 -0.7434
vn -0.4413 -0.1800 -0.8791
vn -0.6279 -0.1562 -0.7625
vn -0.4414 -0.0896 -0.8928
vn -0.6283 -0.0775 -0.7741
vn -0.4395 -0.0027 -0.8983
vn -0.6261 -0.0024 -0.7798
vn -0.4387 -0.0023 -0.8986
vn -0.6254 -0.0023 -0.7803
vn -0.4550 -0.6864 -0.5673
vn -0.3188 -0.6879 -0.6520
vn -0.0051 -0.9999 -0.0104
vn -0.0072 -0.9999 -0.0090
vn -0.0028 -0.9999 -0.0117
vn -0.1645 -0.6852 -0.7095
vn -0.0000 -0.0023 -1.0000
vn -0.2256 -0.0023 -0.9742
vn -0.2260 -0.0029 -0.9741
vn -0.0000 -0.0030 -1.0000
vn -0.2277 -0.0968 -0.9689
vn -0.0000 -0.0994 -0.9950
vn -0.2284 -0.1952 -0.9538
vn -0.0000 -0.2005 -0.9797
vn -0.2273 -0.2890 -0.9299
vn -0.0000 -0.2970 -0.9549
vn -0.2272 -0.3795 -0.8969
vn -0.0000 -0.3896 -0.9210
vn -0.2272 -0.4649 -0.8557
vn -0.0000 -0.4775 -0.8786
vn -0.2276 -0.5450 -0.8070
vn -0.0000 -0.5596 -0.8288
vn -0.2274 -0.6201 -0.7509
vn -0.0000 -0.6367 -0.7711
vn -0.2271 -0.6885 -0.6888
vn -0.0000 -0.7071 -0.7071
vn -0.2285 -0.7508 -0.6198
vn -0.0000 -0.7712 -0.6366
vn -0.2279 -0.8069 -0.5450
vn -0.0000 -0.8286 -0.5598
vn -0.2272 -0.8557 -0.4649
vn -0.0000 -0.8786 -0.4775
vn -0.2272 -0.8969 -0.3793
vn -0.0000 -0.9209 -0.3897
vn -0.2279 -0.9298 -0.2889
vn -0.0000 -0.9549 -0.2970
vn -0.2270 -0.9542 -0.1948
vn -0.0000 -0.9797 -0.2005
vn -0.2266 -0.9692 -0.0965
vn -0.0000 -0.9950 -0.0996
vn -0.0000 -1.0000 -0.0023
vn -0.2260 -0.9741 -0.0022
vn -0.2255 -0.9743 -0.0004
vn -0.0000 -1.0000 -0.0005
vn -0.2137 -0.9259 -0.3116
vn 0.0007 -0.9493 -0.3143
vn -0.1605 -0.6972 -0.6987
vn -0.0001 -0.7145 -0.6997
vn -0.0748 -0.3211 -0.9441
vn -0.0000 -0.3286 -0.9445
vn 0.1196 -0.0883 -0.9889
vn -0.1364 -0.0796 -0.9874
vn -0.0004 0.3277 -0.9448
vn -0.1297 0.0795 -0.9884
vn -0.0747 0.3211 -0.9441
vn -0.0472 0.2018 -0.9783
vn -0.0003 0.7144 -0.6997
vn -0.1611 0.6971 -0.6986
vn -0.0004 0.9492 -0.3146
vn -0.2139 0.9246 -0.3152
vn 0.2143 0.9247 -0.3146
vn 0.1613 0.6956 -0.7001
vn 0.2255 0.9742 -0.0005
vn 0.4393 0.8984 -0.0005
vn 0.4161 0.8533 -0.3143
vn 0.4385 0.8987 0.0026
vn 0.2250 0.9744 0.0028
vn 0.4377 0.8945 0.0912
vn 0.2255 0.9692 0.0988
vn 0.4375 0.8810 0.1802
vn 0.2247 0.9547 0.1952
vn 0.4376 0.8586 0.2671
vn 0.2251 0.9304 0.2894
vn 0.4378 0.8280 0.3503
vn 0.2250 0.8974 0.3796
vn 0.4378 0.7900 0.4293
vn 0.2250 0.8562 0.4652
vn 0.4374 0.7451 0.5035
vn 0.2248 0.8074 0.5456
vn 0.4373 0.6935 0.5726
vn 0.2248 0.7514 0.6203
vn 0.4380 0.6356 0.6357
vn 0.2246 0.6890 0.6891
vn 0.4376 0.5721 0.6937
vn 0.2248 0.6201 0.7516
vn 0.4372 0.5032 0.7454
vn 0.2250 0.5452 0.8075
vn 0.4373 0.4292 0.7903
vn 0.2248 0.4650 0.8563
vn 0.4374 0.3500 0.8284
vn 0.2242 0.3794 0.8976
vn 0.4375 0.2667 0.8588
vn 0.2247 0.2891 0.9306
vn 0.4374 0.1797 0.8812
vn 0.2249 0.1951 0.9547
vn 0.4377 0.0910 0.8945
vn 0.2250 0.0987 0.9693
vn 0.4381 0.0034 0.8989
vn 0.2250 0.0037 0.9743
vn 0.4397 -0.0023 0.8981
vn 0.2254 -0.0023 0.9743
vn 0.3196 -0.6861 0.6535
vn 0.1638 -0.6891 0.7059
vn 0.0433 -0.9819 0.1843
vn 0.0065 -0.9999 0.0132
vn 0.4560 -0.6845 0.5687
vn 0.0089 -0.9999 0.0110
vn 0.6255 -0.0023 0.7803
vn 0.6246 0.0029 0.7810
vn 0.6238 0.0792 0.7776
vn 0.6238 0.1565 0.7658
vn 0.6237 0.2320 0.7464
vn 0.6238 0.3043 0.7199
vn 0.6241 0.3730 0.6865
vn 0.6234 0.4377 0.6479
vn 0.6243 0.4973 0.6025
vn 0.6243 0.5524 0.5524
vn 0.6242 0.6026 0.4972
vn 0.6245 0.6472 0.4373
vn 0.6242 0.6865 0.3730
vn 0.6232 0.7203 0.3046
vn 0.6243 0.7459 0.2320
vn 0.6242 0.7654 0.1567
vn 0.6232 0.7780 0.0791
vn 0.6247 0.7809 0.0022
vn 0.6249 0.7807 -0.0004
vn 0.5945 0.7417 -0.3104
vn 0.4469 0.5570 -0.7001
vn 0.3147 0.6433 -0.6980
vn 0.2055 0.2557 -0.9447
vn 0.1450 0.2962 -0.9440
vn -0.0352 0.1310 -0.9908
vn 0.0666 0.1362 -0.9884
vn 0.1283 -0.1596 -0.9788
vn 0.2065 -0.2566 -0.9442
vn 0.1459 0.0046 -0.9893
vn 0.1448 -0.2958 -0.9442
vn 0.4474 -0.5573 -0.6995
vn 0.3147 -0.6434 -0.6978
vn 0.4164 -0.8533 -0.3138
vn 0.5939 -0.7409 -0.3136
vn 0.4384 -0.8988 -0.0005
vn 0.6254 -0.7803 -0.0005
vn 0.4392 -0.8984 -0.0021
vn 0.6263 -0.7796 -0.0018
vn 0.4416 -0.8927 -0.0896
vn 0.6284 -0.7740 -0.0776
vn 0.4417 -0.8790 -0.1797
vn 0.6276 -0.7628 -0.1559
vn 0.4418 -0.8566 -0.2665
vn 0.6275 -0.7435 -0.2313
vn 0.4413 -0.8264 -0.3496
vn 0.6279 -0.7166 -0.3035
vn 0.4415 -0.7884 -0.4284
vn 0.6278 -0.6839 -0.3717
vn 0.4417 -0.7434 -0.5023
vn 0.6279 -0.6448 -0.4358
vn 0.4415 -0.6920 -0.5712
vn 0.6276 -0.6004 -0.4957
vn 0.4412 -0.6345 -0.6346
vn 0.6274 -0.5506 -0.5506
vn 0.6278 -0.4954 -0.6004
vn 0.4417 -0.5711 -0.6919
vn 0.6275 -0.4359 -0.6452
vn 0.4413 -0.5022 -0.7437
vn 0.6278 -0.3716 -0.6840
vn 0.4415 -0.4284 -0.7884
vn 0.6281 -0.3029 -0.7167
vn 0.4414 -0.3498 -0.8263
vn 0.6277 -0.2311 -0.7434
vn 0.4414 -0.2665 -0.8568
vn 0.6280 -0.1558 -0.7624
vn 0.4416 -0.1799 -0.8790
vn 0.6280 -0.0774 -0.7743
vn 0.4413 -0.0897 -0.8929
vn 0.6260 -0.0024 -0.7798
vn 0.4397 -0.0027 -0.8982
vn 0.6251 -0.0023 -0.7805
vn 0.4398 -0.0023 -0.8981
vn 0.2254 -0.0023 -0.9743
vn 0.2258 -0.0029 -0.9742
vn 0.2274 -0.0966 -0.9690
vn 0.2272 -0.1950 -0.9541
vn 0.2284 -0.2891 -0.9297
vn 0.2275 -0.3795 -0.8968
vn 0.2280 -0.4648 -0.8555
vn 0.2268 -0.5451 -0.8071
vn 0.2277 -0.6200 -0.7508
vn 0.2267 -0.6885 -0.6889
vn 0.2274 -0.7510 -0.6199
vn 0.2274 -0.8069 -0.5452
vn 0.2273 -0.8556 -0.4650
vn 0.2278 -0.8968 -0.3794
vn 0.2272 -0.9299 -0.2892
vn 0.2272 -0.9541 -0.1950
vn 0.2269 -0.9691 -0.0968
vn 0.2258 -0.9742 -0.0022
vn 0.2256 -0.9742 -0.0004
vn 0.2148 -0.9258 -0.3109
vn 0.1621 -0.6962 -0.6993
vn 0.0745 -0.3207 -0.9442
vn 0.1446 -0.0271 -0.9891
vn 0.0745 0.3218 -0.9439
vn 0.0444 0.1926 -0.9803
vn -0.0175 -0.9998 0.0040
vn -0.7057 -0.6895 0.1632
vn -0.0150 -0.9999 -0.0000
vn -0.7300 -0.6834 -0.0000
vn -1.0000 -0.0023 -0.0000
vn -0.9743 -0.0023 0.2253
vn -1.0000 -0.0000 0.0018
vn -0.9739 0.0009 0.2271
vn -1.0000 0.0005 0.0044
vn -0.9732 0.0232 0.2290
vn -1.0000 0.0011 0.0053
vn -0.9731 0.0461 0.2256
vn -1.0000 0.0016 0.0050
vn -0.9732 0.0684 0.2197
vn -1.0000 0.0021 0.0049
vn -0.9732 0.0897 0.2119
vn -1.0000 0.0024 0.0044
vn -0.9731 0.1099 0.2023
vn -1.0000 0.0025 0.0037
vn -0.9732 0.1288 0.1907
vn -1.0000 0.0034 0.0041
vn -0.9732 0.1465 0.1775
vn -1.0000 0.0037 0.0037
vn -0.9732 0.1627 0.1626
vn -1.0000 0.0026 0.0022
vn -0.9732 0.1775 0.1465
vn -1.0000 0.0049 0.0034
vn -0.9734 0.1900 0.1282
vn -1.0000 0.0047 0.0025
vn -0.9732 0.2022 0.1098
vn -1.0000 0.0048 0.0020
vn -0.9731 0.2120 0.0897
vn -1.0000 0.0050 0.0016
vn -0.9731 0.2199 0.0684
vn -1.0000 0.0046 0.0009
vn -0.9731 0.2256 0.0461
vn -1.0000 0.0051 0.0005
vn -0.9731 0.2291 0.0233
vn -1.0000 0.0018 -0.0000
vn -0.9739 0.2271 0.0006
vn -1.0000 -0.0000 -0.0004
vn -0.9743 0.2253 -0.0004
vn -0.9263 0.2143 -0.3098
vn -0.9502 -0.0000 -0.3115
vn -0.6949 0.1606 -0.7009
vn -0.7163 -0.0001 -0.6978
vn -0.3207 0.0741 -0.9443
vn -0.3315 -0.0001 -0.9435
vn -0.1099 -0.1182 -0.9869
vn -0.2143 -0.0000 -0.9768
vn -0.1100 0.1183 -0.9869
vn -0.3195 -0.0744 -0.9447
vn -0.6957 -0.1612 -0.7000
vn -0.9263 -0.2147 -0.3096
vn -0.9743 -0.2252 -0.0004
vn -0.9747 -0.2234 -0.0006
vn -0.9754 -0.2192 -0.0220
vn -0.9755 -0.2156 -0.0439
vn -0.9753 -0.2108 -0.0654
vn -0.9757 -0.2018 -0.0853
vn -0.9755 -0.1935 -0.1049
vn -0.9755 -0.1825 -0.1231
vn -0.9755 -0.1698 -0.1399
vn -0.9755 -0.1558 -0.1556
vn -0.9755 -0.1401 -0.1695
vn -0.9755 -0.1234 -0.1823
vn -0.9755 -0.1051 -0.1932
vn -0.9755 -0.0858 -0.2026
vn -0.9755 -0.0654 -0.2100
vn -0.9755 -0.0442 -0.2154
vn -0.9755 -0.0221 -0.2191
vn -0.9747 -0.0009 -0.2235
vn -0.9743 -0.0023 -0.2253
vn -0.7053 -0.6899 -0.1630
vn -0.0138 -0.9999 -0.0032
vn 0.0667 -0.9977 0.0156
vn 0.0461 -0.9989 0.0001
vn 0.7065 -0.6883 0.1646
vn 0.7253 -0.6885 0.0009
vn 0.9742 -0.0023 0.2257
vn 1.0000 -0.0023 0.0001
vn 0.9738 0.0009 0.2275
vn 1.0000 0.0001 0.0018
vn 0.9731 0.0232 0.2294
vn 1.0000 0.0004 0.0040
vn 0.9730 0.0462 0.2259
vn 1.0000 0.0010 0.0051
vn 0.9731 0.0685 0.2201
vn 1.0000 0.0015 0.0050
vn 0.9731 0.0898 0.2122
vn 1.0000 0.0020 0.0050
vn 0.9731 0.1101 0.2026
vn 1.0000 0.0020 0.0037
vn 0.9731 0.1290 0.1910
vn 1.0000 0.0027 0.0042
vn 0.9731 0.1468 0.1778
vn 1.0000 0.0030 0.0037
vn 0.9731 0.1629 0.1629
vn 1.0000 0.0036 0.0037
vn 0.9731 0.1777 0.1467
vn 1.0000 0.0036 0.0030
vn 0.9730 0.1911 0.1291
vn 1.0000 0.0038 0.0026
vn 0.9731 0.2025 0.1100
vn 1.0000 0.0039 0.0021
vn 0.9731 0.2124 0.0898
vn 1.0000 0.0045 0.0020
vn 1.0000 0.0050 0.0016
vn 0.9730 0.2203 0.0685
vn 1.0000 0.0046 0.0010
vn 0.9730 0.2260 0.0462
vn 1.0000 0.0056 0.0006
vn 0.9730 0.2295 0.0233
vn 1.0000 0.0018 -0.0000
vn 0.9738 0.2275 0.0006
vn 1.0000 -0.0000 -0.0005
vn 0.9742 0.2258 -0.0005
vn 0.9489 -0.0000 -0.3156
vn 0.9245 0.2145 -0.3152
vn 0.7169 0.0002 -0.6972
vn 0.6964 0.1620 -0.6991
vn 0.3305 0.0004 -0.9438
vn 0.3211 0.0749 -0.9441
vn 0.2077 0.0491 -0.9770
vn 0.0589 0.1369 -0.9888
vn 0.0826 0.0615 -0.9947
vn 0.3214 -0.0740 -0.9440
vn 0.1200 0.0454 -0.9917
vn 0.6962 -0.1613 -0.6995
vn 0.9244 -0.2147 -0.3152
vn 0.9742 -0.2256 -0.0005
vn 0.9746 -0.2238 -0.0006
vn 0.9754 -0.2192 -0.0219
vn 0.9754 -0.2160 -0.0439
vn 0.9753 -0.2111 -0.0655
vn 0.9756 -0.2021 -0.0854
vn 0.9754 -0.1938 -0.1051
vn 0.9754 -0.1827 -0.1233
vn 0.9754 -0.1701 -0.1402
vn 0.9754 -0.1561 -0.1559
vn 0.9753 -0.1406 -0.1701
vn 0.9754 -0.1236 -0.1827
vn 0.9754 -0.1054 -0.1937
vn 0.9754 -0.0859 -0.2029
vn 0.9754 -0.0656 -0.2104
vn 0.9755 -0.0443 -0.2157
vn 0.9754 -0.0221 -0.2193
vn 0.9746 -0.0008 -0.2239
vn 0.9738 -0.0024 -0.2276
vn 0.7037 -0.6915 -0.1629
vn 0.0336 -0.9994 -0.0078
vn 0.2276 -0.0042 0.9738
vn 0.2278 0.0042 0.9737
vn 0.0027 -0.0042 1.0000
vn 0.0008 0.0042 1.0000
vn 0.0014 0.6866 0.7270
vn 0.1654 0.6871 0.7075
vn 0.0152 0.9977 0.0661
vn -0.0000 0.9990 0.0457
vn -0.0000 0.9999 -0.0134
vn 0.0034 0.9999 -0.0150
vn -0.0020 0.6844 -0.7291
vn 0.1614 0.6857 -0.7098
vn -0.0022 0.0042 -1.0000
vn 0.2225 0.0042 -0.9749
vn 0.2225 -0.0042 -0.9749
vn -0.0003 -0.0042 -1.0000
vn -0.0014 -0.6856 -0.7280
vn 0.1628 -0.6824 -0.7126
vn 0.4313 -0.0042 -0.9022
vn 0.3132 -0.6881 -0.6545
vn 0.6172 -0.0041 -0.7868
vn 0.4448 -0.6933 -0.5670
vn 0.7750 -0.0043 -0.6319
vn 0.5666 -0.6822 -0.4622
vn 0.8972 -0.0042 -0.4417
vn 0.6528 -0.6861 -0.3212
vn 0.9736 -0.0042 -0.2280
vn 0.7070 -0.6877 -0.1650
vn 1.0000 -0.0042 -0.0020
vn 0.7223 -0.6916 -0.0010
vn 0.9749 -0.0042 0.2226
vn 0.7067 -0.6888 0.1619
vn 0.9023 -0.0042 0.4311
vn 0.6564 -0.6860 0.3140
vn 0.7868 -0.0041 0.6172
vn 0.5696 -0.6894 0.4475
vn 0.6322 -0.0042 0.7748
vn 0.4625 -0.6827 0.5657
vn 0.4414 -0.0042 0.8973
vn 0.3196 -0.6918 0.6475
vn 0.1654 -0.6869 0.7077
vn 0.0014 -0.6865 0.7272
vn -0.1624 -0.6880 0.7073
vn -0.2226 -0.0042 0.9749
vn -0.3139 -0.6876 0.6547
vn -0.4311 -0.0042 0.9023
vn -0.4510 -0.6836 0.5738
vn -0.6170 -0.0042 0.7869
vn -0.5632 -0.6874 0.4586
vn -0.7751 -0.0042 0.6318
vn -0.6501 -0.6890 0.3205
vn -0.8972 -0.0042 0.4416
vn -0.7073 -0.6869 0.1670
vn -0.9736 -0.0042 0.2281
vn -0.7235 -0.6903 0.0018
vn -1.0000 -0.0042 0.0026
vn -0.7071 -0.6882 -0.1628
vn -0.9749 -0.0042 -0.2225
vn -0.6544 -0.6880 -0.3137
vn -0.9020 -0.0042 -0.4317
vn -0.5711 -0.6872 -0.4489
vn -0.7868 -0.0042 -0.6172
vn -0.4610 -0.6841 -0.5653
vn -0.6323 -0.0041 -0.7747
vn -0.3217 -0.6863 -0.6523
vn -0.4417 -0.0042 -0.8971
vn -0.1639 -0.6936 -0.7015
vn -0.2278 -0.0042 -0.9737
vn -0.0032 -0.9999 -0.0137
vn -0.0000 -0.9999 -0.0127
vn 0.0026 -0.9999 -0.0114
vn 0.0049 -0.9999 -0.0104
vn 0.0072 -0.9999 -0.0092
vn 0.0087 -0.9999 -0.0071
vn 0.0108 -0.9999 -0.0053
vn 0.0124 -0.9999 -0.0029
vn 0.0141 -0.9999 -0.0000
vn 0.0150 -0.9999 0.0035
vn 0.0159 -0.9998 0.0076
vn 0.0164 -0.9998 0.0130
vn 0.0160 -0.9997 0.0195
vn 0.0153 -0.9994 0.0308
vn 0.0103 -0.9989 0.0449
vn -0.0000 -0.9977 0.0684
vn -0.0433 -0.9813 0.1874
vn -0.0481 -0.9938 0.0998
vn -0.0122 -0.9998 0.0155
vn -0.1485 -0.9814 0.1216
vn -0.0972 -0.9941 0.0483
vn -0.0654 -0.9977 0.0155
vn -0.0469 -0.9989 0.0001
vn -0.0324 -0.9994 -0.0075
vn -0.0232 -0.9997 -0.0111
vn -0.0164 -0.9998 -0.0129
vn -0.0109 -0.9999 -0.0133
vn -0.0068 -0.9999 -0.0137
vn -0.4418 0.0042 -0.8971
vn -0.2278 0.0042 -0.9737
vn -0.6323 0.0042 -0.7747
vn -0.7868 0.0042 -0.6172
vn -0.9021 0.0042 -0.4316
vn -0.9749 0.0042 -0.2225
vn -1.0000 0.0041 0.0027
vn -0.9736 0.0042 0.2281
vn -0.8972 0.0042 0.4417
vn -0.7751 0.0042 0.6318
vn -0.6171 0.0042 0.7869
vn -0.4312 0.0042 0.9022
vn -0.2226 0.0042 0.9749
vn -0.1624 0.6882 0.7071
vn -0.3138 0.6878 0.6546
vn -0.0074 0.9995 0.0323
vn -0.0111 0.9997 0.0231
vn -0.0053 0.9999 -0.0108
vn -0.0030 0.9999 -0.0127
vn -0.3214 0.6877 -0.6509
vn -0.1646 0.6910 -0.7038
vn -0.4599 0.6872 -0.5624
vn -0.5751 0.6829 -0.4504
vn -0.6512 0.6923 -0.3108
vn -0.7073 0.6885 -0.1605
vn -0.7265 0.6872 0.0026
vn -0.7072 0.6870 0.1670
vn -0.6500 0.6891 0.3204
vn -0.5632 0.6874 0.4585
vn -0.4509 0.6837 0.5738
vn -0.0136 0.9998 0.0111
vn -0.0125 0.9998 0.0160
vn -0.0087 0.9999 -0.0068
vn -0.0073 0.9999 -0.0090
vn -0.0106 0.9999 -0.0051
vn -0.0117 0.9999 -0.0026
vn -0.0127 0.9999 0.0001
vn -0.0134 0.9999 0.0032
vn -0.0136 0.9999 0.0068
vn 0.6322 0.0042 0.7748
vn 0.4432 0.0042 0.8964
vn 0.3196 0.6921 0.6472
vn 0.4624 0.6828 0.5657
vn 0.0840 0.9818 0.1706
vn 0.0670 0.9944 0.0821
vn 0.0078 0.9998 -0.0165
vn 0.0162 0.9997 -0.0206
vn 0.3132 0.6882 -0.6544
vn 0.4446 0.6936 -0.5667
vn 0.6171 0.0041 -0.7868
vn 0.4312 0.0041 -0.9023
vn 0.7750 0.0042 -0.6320
vn 0.5650 0.6837 -0.4619
vn 0.8971 0.0042 -0.4417
vn 0.6525 0.6862 -0.3217
vn 0.0410 0.9990 -0.0203
vn 0.0251 0.9995 -0.0205
vn 0.0203 0.9997 0.0097
vn 0.0143 0.9998 0.0112
vn 0.6590 0.6832 0.3145
vn 0.5678 0.6926 0.4449
vn 0.9021 0.0042 0.4314
vn 0.7868 0.0042 0.6172
vn 0.9749 0.0042 0.2226
vn 0.7075 0.6881 0.1612
vn 1.0000 0.0041 -0.0024
vn 0.7224 0.6915 -0.0023
vn 0.9736 0.0042 -0.2281
vn 0.7065 0.6878 -0.1667
vn 0.1098 0.9940 -0.0003
vn 0.0653 0.9977 -0.0155
vn 0.1870 0.9814 0.0433
vn 1.0000 -0.0000 -0.0000
vn 1.0000 -0.0000 -0.0069
vn 0.9805 0.1964 -0.0000
vn 0.9805 0.1962 -0.0067
vn 0.8630 -0.0003 -0.5052
vn 0.8446 0.1686 -0.5082
vn 0.4039 0.0807 -0.9112
vn 0.4043 -0.0005 -0.9146
vn -0.0919 0.0005 -0.9958
vn -0.0939 -0.0182 -0.9954
vn 0.3755 -0.1551 -0.9138
vn -0.0853 0.0355 -0.9957
vn 0.4058 -0.0819 -0.9103
vn -0.0972 0.0197 -0.9951
vn 0.8002 -0.3315 -0.4997
vn 0.8462 -0.1699 -0.5051
vn 0.9805 -0.1963 -0.0067
vn 0.9236 -0.3833 -0.0066
vn 0.9805 -0.1964 -0.0000
vn 0.9237 -0.3832 -0.0000
vn 0.8319 -0.5548 -0.0063
vn 0.7199 -0.4795 -0.5018
vn 0.8319 -0.5549 -0.0000
vn 0.7077 -0.7065 -0.0000
vn 0.7076 -0.7065 -0.0069
vn 0.3362 -0.2238 -0.9148
vn 0.2937 -0.2926 -0.9100
vn -0.0790 0.0527 -0.9955
vn -0.0680 0.0679 -0.9954
vn 0.6097 -0.6100 -0.5061
vn 0.2262 -0.3385 -0.9134
vn 0.4791 -0.7166 -0.5069
vn 0.5554 -0.8315 -0.0066
vn 0.3300 -0.7989 -0.5029
vn 0.3821 -0.9241 -0.0068
vn 0.3820 -0.9242 -0.0000
vn 0.5555 -0.8315 -0.0000
vn 0.1576 -0.3806 -0.9112
vn -0.0530 0.0790 -0.9955
vn -0.0375 0.0916 -0.9951
vn 0.0794 -0.3964 -0.9147
vn 0.1685 -0.8475 -0.5033
vn -0.0000 -0.4173 -0.9088
vn 0.0001 -0.8617 -0.5074
vn -0.0000 -1.0000 -0.0062
vn 0.1943 -0.9809 -0.0064
vn -0.0001 -1.0000 -0.0000
vn 0.1944 -0.9809 -0.0000
vn -0.0177 0.0907 -0.9957
vn 0.0004 0.0992 -0.9951
vn -0.0803 -0.4014 -0.9124
vn 0.0192 0.0937 -0.9954
vn -0.1686 -0.8477 -0.5030
vn -0.1572 -0.3781 -0.9123
vn -0.3306 -0.7970 -0.5055
vn -0.3822 -0.9240 -0.0068
vn -0.1943 -0.9809 -0.0063
vn -0.3822 -0.9241 -0.0000
vn -0.1942 -0.9810 -0.0000
vn -0.2253 -0.3357 -0.9146
vn 0.0529 0.0791 -0.9955
vn 0.0353 0.0856 -0.9957
vn -0.2865 -0.2864 -0.9143
vn 0.0656 0.0656 -0.9957
vn -0.6116 -0.6110 -0.5026
vn -0.4809 -0.7186 -0.5024
vn -0.7071 -0.7071 -0.0066
vn -0.5558 -0.8313 -0.0063
vn -0.7070 -0.7072 -0.0000
vn -0.5558 -0.8313 -0.0000
vn -0.3399 -0.2282 -0.9124
vn -0.3783 -0.1570 -0.9123
vn 0.0790 0.0535 -0.9954
vn 0.0880 0.0371 -0.9954
vn -0.7182 -0.4811 -0.5028
vn -0.7974 -0.3304 -0.5050
vn -0.8312 -0.5560 -0.0063
vn -0.9240 -0.3822 -0.0068
vn -0.8312 -0.5560 -0.0000
vn -0.9241 -0.3821 -0.0000
vn -0.4016 -0.0803 -0.9123
vn -0.4088 -0.0009 -0.9126
vn 0.0938 0.0192 -0.9954
vn 0.0958 0.0005 -0.9954
vn -0.8474 -0.1688 -0.5034
vn -0.8632 -0.0003 -0.5049
vn -0.9809 -0.1942 -0.0064
vn -1.0000 -0.0000 -0.0061
vn -0.9809 -0.1944 -0.0000
vn -1.0000 -0.0000 -0.0000
vn -0.4048 0.0807 -0.9109
vn -0.3788 0.1574 -0.9120
vn 0.0939 -0.0181 -0.9954
vn 0.0884 -0.0360 -0.9954
vn -0.7978 0.3300 -0.5046
vn -0.8460 0.1685 -0.5058
vn -0.9809 0.1942 -0.0064
vn -0.9240 0.3823 -0.0068
vn -0.9809 0.1944 -0.0000
vn -0.9241 0.3822 -0.0000
vn -0.2874 0.2875 -0.9136
vn 0.0653 -0.0654 -0.9957
vn -0.3441 0.2312 -0.9100
vn 0.0848 -0.0566 -0.9948
vn -0.6119 0.6117 -0.5014
vn -0.7181 0.4813 -0.5026
vn -0.8312 0.5560 -0.0062
vn -0.7071 0.7071 -0.0067
vn -0.8312 0.5560 -0.0000
vn -0.7070 0.7072 -0.0000
vn -0.2256 0.3355 -0.9146
vn -0.1571 0.3788 -0.9121
vn 0.0528 -0.0793 -0.9955
vn 0.0355 -0.0853 -0.9957
vn -0.4812 0.7184 -0.5024
vn -0.3309 0.7987 -0.5026
vn -0.3832 0.9237 -0.0068
vn -0.5556 0.8314 -0.0064
vn -0.3832 0.9237 -0.0000
vn -0.5557 0.8314 -0.0000
vn -0.0806 0.4009 -0.9126
vn 0.0001 0.4125 -0.9110
vn 0.0191 -0.0936 -0.9954
vn 0.0006 -0.0955 -0.9954
vn -0.1700 0.8462 -0.5051
vn 0.0006 0.8633 -0.5048
vn -0.0000 1.0000 -0.0064
vn -0.1946 0.9809 -0.0068
vn -0.0001 1.0000 -0.0000
vn -0.1945 0.9809 -0.0000
vn 0.1946 0.9809 -0.0000
vn 0.1946 0.9809 -0.0069
vn 0.0808 0.4011 -0.9125
vn 0.1560 0.3761 -0.9133
vn -0.0182 -0.0938 -0.9954
vn -0.0359 -0.0883 -0.9955
vn 0.3312 0.7998 -0.5007
vn 0.1691 0.8461 -0.5055
vn 0.3831 0.9237 -0.0069
vn 0.5553 0.8316 -0.0066
vn 0.4789 0.7166 -0.5071
vn 0.5554 0.8316 -0.0000
vn 0.3831 0.9237 -0.0000
vn 0.7077 0.7066 -0.0000
vn 0.7076 0.7066 -0.0069
vn 0.2840 0.2842 -0.9157
vn -0.0630 -0.0630 -0.9960
vn 0.2321 0.3473 -0.9086
vn -0.0566 -0.0848 -0.9948
vn 0.6109 0.6119 -0.5023
vn 0.3473 0.2321 -0.9086
vn 0.7182 0.4791 -0.5045
vn 0.8320 0.5548 -0.0063
vn 0.9236 0.3834 -0.0067
vn 0.8002 0.3315 -0.4998
vn 0.8319 0.5549 -0.0000
vn 0.9236 0.3833 -0.0000
vn 0.3759 0.1555 -0.9135
vn -0.0883 -0.0359 -0.9955
vn -0.0848 -0.0566 -0.9948
vn -0.6747 -0.1342 -0.7258
vn -0.6866 -0.0000 -0.7270
vn -0.9997 -0.0001 -0.0262
vn -0.9803 -0.1956 -0.0260
vn -1.0000 0.0001 -0.0000
vn -0.9807 -0.1957 -0.0000
vn -0.9803 0.1958 -0.0261
vn -0.9232 0.3833 -0.0264
vn -0.9806 0.1959 -0.0000
vn -0.9235 0.3836 -0.0000
vn -0.6745 0.1349 -0.7258
vn -0.6398 0.2650 -0.7214
vn -0.8319 0.5542 -0.0267
vn -0.7070 0.7067 -0.0259
vn -0.8322 0.5545 -0.0000
vn -0.7073 0.7069 -0.0000
vn -0.4893 0.4891 -0.7221
vn -0.5677 0.3791 -0.7308
vn -0.5552 0.8317 -0.0000
vn -0.5552 0.8313 -0.0264
vn -0.3829 0.9238 -0.0000
vn -0.3826 0.9235 -0.0263
vn -0.3788 0.5651 -0.7329
vn -0.2622 0.6340 -0.7275
vn -0.1943 0.9809 -0.0000
vn -0.1943 0.9806 -0.0264
vn 0.0002 1.0000 -0.0000
vn -0.0002 0.9996 -0.0268
vn -0.1336 0.6731 -0.7273
vn -0.0003 0.6855 -0.7281
vn 0.1943 0.9809 -0.0000
vn 0.1943 0.9806 -0.0266
vn 0.3822 0.9241 -0.0000
vn 0.3822 0.9237 -0.0265
vn 0.1343 0.6731 -0.7273
vn 0.2649 0.6398 -0.7214
vn 0.5548 0.8320 -0.0000
vn 0.5544 0.8318 -0.0266
vn 0.7070 0.7072 -0.0000
vn 0.7070 0.7067 -0.0263
vn 0.3772 0.5660 -0.7330
vn 0.4908 0.4900 -0.7204
vn 0.5721 0.3829 -0.7253
vn 0.8320 0.5548 -0.0000
vn 0.8317 0.5546 -0.0266
vn 0.9239 0.3826 -0.0000
vn 0.9236 0.3824 -0.0265
vn 0.6335 0.2626 -0.7278
vn 0.6730 0.1342 -0.7274
vn 0.6869 0.0002 -0.7267
vn 0.9806 0.1959 -0.0000
vn 0.9803 0.1957 -0.0264
vn 1.0000 0.0001 -0.0000
vn 0.9997 0.0002 -0.0263
vn 0.6734 -0.1340 -0.7271
vn 0.9803 -0.1957 -0.0264
vn 0.6335 -0.2623 -0.7279
vn 0.9806 -0.1958 -0.0000
vn 0.9237 -0.3831 -0.0000
vn 0.9233 -0.3831 -0.0263
vn 0.8313 -0.5553 -0.0261
vn 0.5643 -0.3770 -0.7345
vn 0.7067 -0.7070 -0.0266
vn 0.4910 -0.4903 -0.7201
vn 0.8316 -0.5554 -0.0000
vn 0.7070 -0.7072 -0.0000
vn 0.5548 -0.8320 -0.0000
vn 0.5544 -0.8318 -0.0266
vn 0.3769 -0.5661 -0.7331
vn 0.3822 -0.9237 -0.0263
vn 0.2650 -0.6402 -0.7211
vn 0.3824 -0.9240 -0.0000
vn 0.1956 -0.9807 -0.0000
vn 0.1952 -0.9804 -0.0264
vn 0.0002 -1.0000 -0.0000
vn 0.0002 -0.9997 -0.0262
vn 0.0001 -0.6871 -0.7265
vn 0.1344 -0.6735 -0.7269
vn -0.1956 -0.9807 -0.0000
vn -0.1956 -0.9803 -0.0263
vn -0.3830 -0.9237 -0.0000
vn -0.3830 -0.9234 -0.0259
vn -0.2611 -0.6325 -0.7292
vn -0.1341 -0.6737 -0.7267
vn -0.5553 -0.8317 -0.0000
vn -0.5551 -0.8313 -0.0267
vn -0.7073 -0.7069 -0.0000
vn -0.7071 -0.7067 -0.0259
vn -0.4883 -0.4881 -0.7234
vn -0.3790 -0.5673 -0.7311
vn -0.8314 -0.5550 -0.0265
vn -0.9230 -0.3840 -0.0263
vn -0.8318 -0.5551 -0.0000
vn -0.9233 -0.3841 -0.0000
vn -0.5656 -0.3786 -0.7327
vn -0.6343 -0.2626 -0.7271
vt 0.506197 0.019353
vt 0.506095 0.031158
vt 0.505938 0.019352
vt 0.505836 0.031156
vt 0.506200 0.018633
vt 0.505941 0.018634
vt 0.506196 0.017904
vt 0.505938 0.017908
vt 0.506186 0.017200
vt 0.505928 0.017207
vt 0.506170 0.016526
vt 0.505912 0.016535
vt 0.506148 0.015884
vt 0.505890 0.015896
vt 0.506121 0.015279
vt 0.505863 0.015294
vt 0.506088 0.014715
vt 0.505830 0.014732
vt 0.506051 0.014195
vt 0.505793 0.014214
vt 0.506008 0.013722
vt 0.505751 0.013743
vt 0.507474 0.025924
vt 0.507583 0.026560
vt 0.507281 0.025884
vt 0.507389 0.026517
vt 0.507403 0.025260
vt 0.507210 0.025222
vt 0.507371 0.024573
vt 0.507178 0.024538
vt 0.507379 0.023865
vt 0.507186 0.023834
vt 0.507429 0.023144
vt 0.507235 0.023115
vt 0.507520 0.022413
vt 0.507327 0.022387
vt 0.507651 0.021705
vt 0.507457 0.021681
vt 0.509489 0.013118
vt 0.509294 0.013095
vt 0.509513 0.013061
vt 0.509322 0.013039
vt 0.502312 0.034957
vt 0.502311 0.035210
vt 0.502251 0.034965
vt 0.502250 0.035204
vt 0.501777 0.034207
vt 0.501573 0.034107
vt 0.501809 0.034153
vt 0.501592 0.034047
vt 0.510436 0.013243
vt 0.510652 0.013299
vt 0.510430 0.013303
vt 0.510649 0.013360
vt 0.508594 0.021879
vt 0.508815 0.021932
vt 0.508469 0.022556
vt 0.508693 0.022593
vt 0.508382 0.023245
vt 0.508609 0.023261
vt 0.508336 0.023925
vt 0.508563 0.023921
vt 0.508328 0.024592
vt 0.508556 0.024567
vt 0.508359 0.025240
vt 0.508586 0.025195
vt 0.508425 0.025865
vt 0.508650 0.025802
vt 0.508528 0.026465
vt 0.508750 0.026384
vt 0.508665 0.027034
vt 0.508882 0.026936
vt 0.508835 0.027568
vt 0.509047 0.027454
vt 0.509037 0.028065
vt 0.509244 0.027936
vt 0.509270 0.028519
vt 0.509470 0.028376
vt 0.509533 0.028926
vt 0.509725 0.028771
vt 0.509825 0.029283
vt 0.510008 0.029117
vt 0.510318 0.029410
vt 0.510145 0.029585
vt 0.510653 0.029645
vt 0.510491 0.029827
vt 0.511006 0.029816
vt 0.510852 0.030002
vt 0.497702 0.028141
vt 0.503925 0.033541
vt 0.497644 0.028357
vt 0.503871 0.033760
vt 0.503949 0.033558
vt 0.503894 0.033776
vt 0.503975 0.033571
vt 0.503921 0.033785
vt 0.504004 0.033579
vt 0.503951 0.033788
vt 0.507872 0.037123
vt 0.507879 0.037088
vt 0.508104 0.037148
vt 0.508103 0.037112
vt 0.507171 0.036520
vt 0.507139 0.036536
vt 0.507096 0.036305
vt 0.507061 0.036313
vt 0.504595 0.032844
vt 0.504581 0.032818
vt 0.504793 0.032744
vt 0.504783 0.032715
vt 0.504563 0.032795
vt 0.504768 0.032690
vt 0.504543 0.032774
vt 0.504749 0.032669
vt 0.498332 0.027386
vt 0.498541 0.027283
vt 0.498036 0.027088
vt 0.498252 0.026993
vt 0.497790 0.026760
vt 0.498016 0.026677
vt 0.497589 0.026399
vt 0.497822 0.026330
vt 0.497433 0.026009
vt 0.497672 0.025953
vt 0.497320 0.025592
vt 0.497563 0.025552
vt 0.497250 0.025152
vt 0.497496 0.025128
vt 0.497224 0.024693
vt 0.497471 0.024686
vt 0.497241 0.024219
vt 0.497487 0.024229
vt 0.497301 0.023733
vt 0.497545 0.023760
vt 0.497403 0.023238
vt 0.497643 0.023283
vt 0.497548 0.022739
vt 0.497782 0.022802
vt 0.497734 0.022239
vt 0.497962 0.022321
vt 0.497962 0.021742
vt 0.498181 0.021842
vt 0.498231 0.021251
vt 0.498440 0.021368
vt 0.498541 0.020769
vt 0.498739 0.020904
vt 0.499089 0.020437
vt 0.498900 0.020289
vt 0.504595 0.013599
vt 0.504409 0.013447
vt 0.504454 0.013402
vt 0.504637 0.013551
vt 0.500447 0.034310
vt 0.500634 0.034158
vt 0.500493 0.034355
vt 0.500670 0.034211
vt 0.500351 0.034533
vt 0.500297 0.034499
vt 0.500252 0.034738
vt 0.500191 0.034716
vt 0.500198 0.034963
vt 0.500134 0.034955
vt 0.500197 0.035202
vt 0.500133 0.035209
vt 0.500672 0.035961
vt 0.500876 0.036060
vt 0.500637 0.036013
vt 0.500853 0.036119
vt 0.486245 0.014303
vt 0.486389 0.014142
vt 0.486286 0.014353
vt 0.486433 0.014188
vt 0.493013 0.019975
vt 0.493164 0.019814
vt 0.493441 0.020370
vt 0.493603 0.020220
vt 0.493807 0.020784
vt 0.493983 0.020650
vt 0.494125 0.021227
vt 0.494313 0.021109
vt 0.494395 0.021693
vt 0.494594 0.021593
vt 0.494617 0.022180
vt 0.494824 0.022099
vt 0.494790 0.022683
vt 0.495004 0.022621
vt 0.494914 0.023200
vt 0.495132 0.023157
vt 0.494989 0.023724
vt 0.495210 0.023701
vt 0.495014 0.024254
vt 0.495235 0.024250
vt 0.494988 0.024784
vt 0.495209 0.024800
vt 0.494911 0.025310
vt 0.495129 0.025346
vt 0.494784 0.025829
vt 0.494997 0.025884
vt 0.494605 0.026336
vt 0.494812 0.026411
vt 0.494375 0.026828
vt 0.494573 0.026922
vt 0.494093 0.027302
vt 0.494280 0.027414
vt 0.493746 0.027768
vt 0.493924 0.027892
vt 0.486473 0.036924
vt 0.486299 0.036796
vt 0.486278 0.036826
vt 0.486451 0.036954
vt 0.486268 0.036853
vt 0.486439 0.036979
vt 0.508080 0.035004
vt 0.508083 0.034977
vt 0.508312 0.035029
vt 0.508321 0.035002
vt 0.508304 0.035065
vt 0.508080 0.035041
vt 0.509123 0.035839
vt 0.509087 0.035847
vt 0.509045 0.035616
vt 0.509012 0.035632
vt 0.509151 0.035833
vt 0.509071 0.035604
vt 0.487179 0.037598
vt 0.487202 0.037581
vt 0.487321 0.037733
vt 0.487346 0.037718
vt 0.487228 0.037555
vt 0.487372 0.037692
vt 0.494694 0.028504
vt 0.494842 0.028637
vt 0.495094 0.027966
vt 0.495251 0.028087
vt 0.495438 0.027389
vt 0.495606 0.027492
vt 0.495719 0.026789
vt 0.495895 0.026873
vt 0.495936 0.026171
vt 0.496120 0.026236
vt 0.496091 0.025539
vt 0.496280 0.025584
vt 0.496184 0.024899
vt 0.496375 0.024924
vt 0.496216 0.024255
vt 0.496408 0.024260
vt 0.496186 0.023612
vt 0.496377 0.023598
vt 0.496095 0.022974
vt 0.496283 0.022940
vt 0.495944 0.022347
vt 0.496128 0.022294
vt 0.495733 0.021735
vt 0.495911 0.021662
vt 0.495463 0.021142
vt 0.495632 0.021051
vt 0.495134 0.020573
vt 0.495293 0.020465
vt 0.494746 0.020035
vt 0.494893 0.019909
vt 0.494301 0.019530
vt 0.494433 0.019389
vt 0.493807 0.019073
vt 0.493928 0.018921
vt 0.487057 0.013432
vt 0.487174 0.013277
vt 0.487116 0.013247
vt 0.487001 0.013400
vt 0.501811 0.036008
vt 0.501779 0.035956
vt 0.501999 0.035856
vt 0.501956 0.035812
vt 0.502149 0.035667
vt 0.502097 0.035635
vt 0.502197 0.035430
vt 0.502255 0.035450
vt 0.487205 0.013122
vt 0.487264 0.013029
vt 0.487265 0.013149
vt 0.487325 0.013055
vt 0.494085 0.018704
vt 0.494022 0.018797
vt 0.494607 0.019188
vt 0.494537 0.019273
vt 0.495087 0.019731
vt 0.495008 0.019807
vt 0.495505 0.020311
vt 0.495418 0.020376
vt 0.495860 0.020923
vt 0.495766 0.020977
vt 0.496150 0.021562
vt 0.496051 0.021604
vt 0.505415 0.013029
vt 0.505465 0.013391
vt 0.505201 0.013144
vt 0.505250 0.013499
vt 0.505511 0.013806
vt 0.505295 0.013906
vt 0.505552 0.014271
vt 0.505336 0.014363
vt 0.505589 0.014784
vt 0.505372 0.014866
vt 0.505621 0.015339
vt 0.505403 0.015412
vt 0.505648 0.015934
vt 0.505430 0.015996
vt 0.505670 0.016566
vt 0.505451 0.016616
vt 0.505686 0.017230
vt 0.505467 0.017268
vt 0.505696 0.017923
vt 0.505476 0.017948
vt 0.505699 0.018640
vt 0.505480 0.018652
vt 0.505477 0.019353
vt 0.505696 0.019352
vt 0.505594 0.031154
vt 0.505374 0.031152
vt 0.505595 0.031190
vt 0.505377 0.031189
vt 0.505600 0.031216
vt 0.505386 0.031215
vt 0.509156 0.036312
vt 0.509128 0.036307
vt 0.509180 0.036072
vt 0.509151 0.036073
vt 0.509092 0.036299
vt 0.509114 0.036073
vt 0.507645 0.035141
vt 0.507630 0.035107
vt 0.507857 0.035066
vt 0.507850 0.035030
vt 0.507622 0.035083
vt 0.507847 0.035004
vt 0.512645 0.028912
vt 0.512634 0.028939
vt 0.512444 0.028902
vt 0.512437 0.028929
vt 0.512648 0.028875
vt 0.512447 0.028865
vt 0.512590 0.017156
vt 0.512388 0.017149
vt 0.512588 0.016586
vt 0.512387 0.016590
vt 0.512590 0.016051
vt 0.512388 0.016068
vt 0.512594 0.015531
vt 0.512392 0.015561
vt 0.512600 0.015029
vt 0.512398 0.015071
vt 0.512609 0.014546
vt 0.512407 0.014600
vt 0.512620 0.014086
vt 0.512417 0.014152
vt 0.512633 0.013652
vt 0.512430 0.013728
vt 0.512648 0.013246
vt 0.512445 0.013333
vt 0.513237 0.013126
vt 0.513195 0.013463
vt 0.513016 0.013029
vt 0.512973 0.013374
vt 0.513158 0.013834
vt 0.512935 0.013755
vt 0.513127 0.014236
vt 0.512904 0.014168
vt 0.513103 0.014668
vt 0.512879 0.014611
vt 0.513085 0.015127
vt 0.512860 0.015082
vt 0.513073 0.015611
vt 0.512849 0.015578
vt 0.513069 0.016118
vt 0.512844 0.016098
vt 0.513073 0.016671
vt 0.512848 0.016661
vt 0.513193 0.025406
vt 0.512968 0.025399
vt 0.512980 0.025460
vt 0.513200 0.025467
vt 0.500298 0.035676
vt 0.500352 0.035643
vt 0.500449 0.035864
vt 0.500495 0.035820
vt 0.500251 0.035435
vt 0.500190 0.035455
vt 0.513694 0.025464
vt 0.513441 0.025468
vt 0.513696 0.025404
vt 0.513438 0.025408
vt 0.513318 0.016675
vt 0.513576 0.016672
vt 0.513315 0.016128
vt 0.513573 0.016127
vt 0.513319 0.015629
vt 0.513577 0.015631
vt 0.513330 0.015154
vt 0.513588 0.015158
vt 0.513347 0.014702
vt 0.513605 0.014709
vt 0.513372 0.014277
vt 0.513629 0.014287
vt 0.513402 0.013881
vt 0.513660 0.013893
vt 0.513438 0.013516
vt 0.513695 0.013530
vt 0.512213 0.013388
vt 0.511958 0.013408
vt 0.512229 0.013029
vt 0.511974 0.013051
vt 0.512198 0.013777
vt 0.511943 0.013794
vt 0.512186 0.014194
vt 0.511931 0.014209
vt 0.512175 0.014635
vt 0.511920 0.014648
vt 0.512167 0.015098
vt 0.511912 0.015108
vt 0.512161 0.015580
vt 0.511906 0.015587
vt 0.512157 0.016079
vt 0.511902 0.016083
vt 0.512156 0.016592
vt 0.511901 0.016593
vt 0.511902 0.017144
vt 0.512157 0.017145
vt 0.512215 0.028859
vt 0.511960 0.028857
vt 0.512214 0.028896
vt 0.511960 0.028894
vt 0.512210 0.028923
vt 0.511959 0.028921
vt 0.507430 0.035233
vt 0.507258 0.035408
vt 0.507416 0.035212
vt 0.507240 0.035391
vt 0.507452 0.035263
vt 0.507286 0.035431
vt 0.508926 0.036744
vt 0.508896 0.036721
vt 0.509054 0.036534
vt 0.509020 0.036518
vt 0.508949 0.036760
vt 0.509080 0.036545
vt 0.506092 0.031220
vt 0.505838 0.031218
vt 0.506094 0.031194
vt 0.505836 0.031192
vt 0.506346 0.031197
vt 0.506340 0.031223
vt 0.506347 0.031160
vt 0.506575 0.031162
vt 0.506572 0.031199
vt 0.506677 0.019361
vt 0.506450 0.019356
vt 0.506680 0.018649
vt 0.506453 0.018638
vt 0.506677 0.017932
vt 0.506449 0.017912
vt 0.506667 0.017239
vt 0.506439 0.017211
vt 0.506651 0.016575
vt 0.506423 0.016540
vt 0.506630 0.015943
vt 0.506401 0.015900
vt 0.506603 0.015348
vt 0.506374 0.015298
vt 0.508369 0.027715
vt 0.508580 0.028233
vt 0.508133 0.027741
vt 0.508347 0.028265
vt 0.508191 0.027157
vt 0.507953 0.027176
vt 0.508048 0.026563
vt 0.507809 0.026575
vt 0.507941 0.025937
vt 0.507701 0.025942
vt 0.507871 0.025283
vt 0.507630 0.025281
vt 0.507840 0.024607
vt 0.507598 0.024596
vt 0.507848 0.023911
vt 0.507606 0.023892
vt 0.507897 0.023200
vt 0.507656 0.023173
vt 0.507987 0.022480
vt 0.507747 0.022445
vt 0.508116 0.021781
vt 0.507877 0.021739
vt 0.509953 0.013197
vt 0.509715 0.013153
vt 0.509969 0.013139
vt 0.509735 0.013096
vt 0.502255 0.034710
vt 0.502198 0.034732
vt 0.502148 0.034490
vt 0.502096 0.034525
vt 0.501996 0.034302
vt 0.501954 0.034348
vt 0.510194 0.013248
vt 0.510205 0.013189
vt 0.508358 0.021829
vt 0.508231 0.022518
vt 0.508142 0.023225
vt 0.508094 0.023922
vt 0.508086 0.024605
vt 0.508117 0.025269
vt 0.508186 0.025911
vt 0.508291 0.026525
vt 0.508431 0.027108
vt 0.508605 0.027657
vt 0.507728 0.027163
vt 0.508812 0.028165
vt 0.506304 0.014218
vt 0.506342 0.014736
vt 0.509052 0.028630
vt 0.508823 0.028707
vt 0.506826 0.016009
vt 0.506847 0.016628
vt 0.509321 0.029048
vt 0.506862 0.017280
vt 0.509621 0.029414
vt 0.506872 0.017960
vt 0.507021 0.017334
vt 0.507030 0.017997
vt 0.506875 0.018664
vt 0.507033 0.018684
vt 0.506873 0.019366
vt 0.507030 0.019372
vt 0.506770 0.031164
vt 0.506928 0.031166
vt 0.506766 0.031201
vt 0.506923 0.031203
vt 0.506755 0.031227
vt 0.506563 0.031225
vt 0.508334 0.037122
vt 0.508554 0.037045
vt 0.508343 0.037146
vt 0.508568 0.037068
vt 0.508325 0.037086
vt 0.508537 0.037012
vt 0.507069 0.036080
vt 0.507033 0.036080
vt 0.507091 0.035853
vt 0.507056 0.035845
vt 0.504992 0.032686
vt 0.504988 0.032655
vt 0.505186 0.032672
vt 0.505186 0.032642
vt 0.511465 0.028903
vt 0.511471 0.028930
vt 0.511252 0.028914
vt 0.511261 0.028941
vt 0.511463 0.028867
vt 0.511248 0.028877
vt 0.511404 0.017150
vt 0.511190 0.017157
vt 0.511403 0.016591
vt 0.511189 0.016588
vt 0.511404 0.016069
vt 0.511190 0.016053
vt 0.511408 0.015562
vt 0.511194 0.015533
vt 0.511414 0.015072
vt 0.511200 0.015031
vt 0.511423 0.014602
vt 0.511209 0.014548
vt 0.511434 0.014153
vt 0.511220 0.014088
vt 0.497940 0.024755
vt 0.497964 0.025173
vt 0.497713 0.024707
vt 0.497737 0.025135
vt 0.497956 0.024323
vt 0.497729 0.024264
vt 0.497784 0.023810
vt 0.498010 0.023880
vt 0.497880 0.023348
vt 0.498104 0.023430
vt 0.498015 0.022883
vt 0.498235 0.022976
vt 0.498189 0.022416
vt 0.498404 0.022521
vt 0.498401 0.021952
vt 0.498612 0.022069
vt 0.498652 0.021494
vt 0.498856 0.021622
vt 0.498941 0.021044
vt 0.499138 0.021184
vt 0.499283 0.020588
vt 0.499474 0.020736
vt 0.504786 0.013753
vt 0.504975 0.013903
vt 0.504824 0.013702
vt 0.505010 0.013849
vt 0.505155 0.014043
vt 0.505186 0.013987
vt 0.513940 0.025454
vt 0.513946 0.025394
vt 0.499655 0.020874
vt 0.513827 0.016661
vt 0.499323 0.021317
vt 0.513823 0.016114
vt 0.499046 0.021748
vt 0.513827 0.015615
vt 0.498805 0.022188
vt 0.513838 0.015140
vt 0.498601 0.022632
vt 0.513856 0.014688
vt 0.498435 0.023080
vt 0.513880 0.014263
vt 0.498305 0.023527
vt 0.513910 0.013867
vt 0.498214 0.023969
vt 0.513946 0.013502
vt 0.498160 0.024405
vt 0.511700 0.013388
vt 0.511716 0.013030
vt 0.511686 0.013778
vt 0.511461 0.013334
vt 0.511446 0.013729
vt 0.511673 0.014195
vt 0.511662 0.014636
vt 0.511654 0.015099
vt 0.497802 0.025546
vt 0.511648 0.015581
vt 0.497907 0.025934
vt 0.511644 0.016080
vt 0.511012 0.015495
vt 0.511018 0.014976
vt 0.511643 0.016592
vt 0.511008 0.016032
vt 0.511644 0.017146
vt 0.511006 0.016584
vt 0.511702 0.028860
vt 0.511008 0.017167
vt 0.511703 0.028897
vt 0.511066 0.028891
vt 0.511706 0.028924
vt 0.511070 0.028927
vt 0.507033 0.035838
vt 0.507131 0.035618
vt 0.507110 0.035606
vt 0.504976 0.032630
vt 0.507163 0.035634
vt 0.508754 0.036919
vt 0.508731 0.036890
vt 0.508773 0.036938
vt 0.503912 0.033991
vt 0.503943 0.033989
vt 0.503885 0.033985
vt 0.513479 0.013185
vt 0.486157 0.014492
vt 0.486118 0.014440
vt 0.512652 0.016645
vt 0.512772 0.025388
vt 0.512648 0.016068
vt 0.493653 0.020899
vt 0.493298 0.020497
vt 0.493961 0.021327
vt 0.494222 0.021779
vt 0.494437 0.022250
vt 0.494605 0.022737
vt 0.494725 0.023238
vt 0.494797 0.023746
vt 0.494821 0.024259
vt 0.494796 0.024772
vt 0.494722 0.025282
vt 0.494599 0.025784
vt 0.494426 0.026275
vt 0.494203 0.026752
vt 0.493929 0.027210
vt 0.493591 0.027666
vt 0.486146 0.036690
vt 0.486126 0.036721
vt 0.486118 0.036749
vt 0.505190 0.031187
vt 0.505201 0.031213
vt 0.505186 0.031151
vt 0.505288 0.019357
vt 0.505291 0.018668
vt 0.505288 0.017981
vt 0.505279 0.017318
vt 0.505263 0.016683
vt 0.505243 0.016078
vt 0.505217 0.015508
vt 0.505186 0.014976
vt 0.496561 0.024267
vt 0.496529 0.023587
vt 0.496434 0.022914
vt 0.496274 0.022251
vt 0.505705 0.013323
vt 0.507065 0.025172
vt 0.507135 0.025825
vt 0.507033 0.024495
vt 0.507041 0.023799
vt 0.507090 0.023089
vt 0.507181 0.022369
vt 0.507309 0.021669
vt 0.509147 0.013085
vt 0.509177 0.013029
vt 0.501572 0.036058
vt 0.501591 0.036117
vt 0.501339 0.036113
vt 0.501344 0.036175
vt 0.486708 0.013767
vt 0.486864 0.013575
vt 0.486758 0.013807
vt 0.486917 0.013610
vt 0.493499 0.019440
vt 0.493663 0.019248
vt 0.493965 0.019871
vt 0.494143 0.019692
vt 0.494377 0.020338
vt 0.494573 0.020179
vt 0.494736 0.020837
vt 0.494947 0.020699
vt 0.495041 0.021364
vt 0.495265 0.021247
vt 0.495292 0.021913
vt 0.495525 0.021819
vt 0.495487 0.022480
vt 0.495729 0.022410
vt 0.495627 0.023062
vt 0.495874 0.023015
vt 0.495711 0.023653
vt 0.495961 0.023630
vt 0.495738 0.024249
vt 0.495990 0.024251
vt 0.495709 0.024846
vt 0.495960 0.024873
vt 0.495623 0.025439
vt 0.495871 0.025490
vt 0.495480 0.026024
vt 0.495721 0.026100
vt 0.495278 0.026596
vt 0.495511 0.026696
vt 0.495018 0.027152
vt 0.495241 0.027274
vt 0.494700 0.027686
vt 0.494909 0.027831
vt 0.494322 0.028194
vt 0.494519 0.028355
vt 0.486863 0.037236
vt 0.487057 0.037401
vt 0.487032 0.037429
vt 0.486840 0.037264
vt 0.487011 0.037447
vt 0.486821 0.037284
vt 0.508942 0.035395
vt 0.508919 0.035413
vt 0.508764 0.035216
vt 0.508745 0.035237
vt 0.508890 0.035435
vt 0.508722 0.035266
vt 0.508521 0.035140
vt 0.508537 0.035106
vt 0.508550 0.035082
vt 0.486625 0.037124
vt 0.486640 0.037101
vt 0.486663 0.037072
vt 0.494118 0.028036
vt 0.494484 0.027543
vt 0.494789 0.027031
vt 0.495038 0.026499
vt 0.495231 0.025950
vt 0.495369 0.025389
vt 0.495452 0.024821
vt 0.495480 0.024249
vt 0.495453 0.023677
vt 0.495372 0.023110
vt 0.495238 0.022553
vt 0.495051 0.022009
vt 0.494811 0.021482
vt 0.494519 0.020978
vt 0.494175 0.020500
vt 0.493779 0.020052
vt 0.493328 0.019634
vt 0.486592 0.014005
vt 0.486545 0.013962
vt 0.501101 0.036113
vt 0.501092 0.036175
vt 0.501348 0.034055
vt 0.501110 0.034055
vt 0.501354 0.033991
vt 0.501101 0.033991
vt 0.504019 0.013029
vt 0.504135 0.013132
vt 0.503965 0.013067
vt 0.504084 0.013172
vt 0.509011 0.021984
vt 0.510845 0.013418
vt 0.509174 0.022033
vt 0.511006 0.013474
vt 0.508893 0.022627
vt 0.509059 0.022658
vt 0.508812 0.023272
vt 0.508981 0.023277
vt 0.508768 0.023908
vt 0.508940 0.023888
vt 0.508761 0.024531
vt 0.508933 0.024486
vt 0.508789 0.025138
vt 0.508960 0.025068
vt 0.508852 0.025723
vt 0.509020 0.025630
vt 0.508948 0.026284
vt 0.509112 0.026169
vt 0.509076 0.026817
vt 0.509235 0.026681
vt 0.496561 0.024889
vt 0.496580 0.024353
vt 0.496755 0.024797
vt 0.496773 0.024282
vt 0.496590 0.025408
vt 0.496783 0.025295
vt 0.496669 0.025905
vt 0.496858 0.025773
vt 0.496797 0.026377
vt 0.496981 0.026225
vt 0.497151 0.026650
vt 0.496974 0.026819
vt 0.497370 0.027042
vt 0.497202 0.027227
vt 0.497636 0.027398
vt 0.497479 0.027598
vt 0.497952 0.027714
vt 0.497804 0.027924
vt 0.504169 0.033109
vt 0.504025 0.033321
vt 0.504191 0.033128
vt 0.504048 0.033339
vt 0.504214 0.033146
vt 0.504072 0.033355
vt 0.504237 0.033165
vt 0.504099 0.033369
vt 0.507662 0.037013
vt 0.507647 0.037046
vt 0.507460 0.036887
vt 0.507439 0.036915
vt 0.507293 0.036717
vt 0.507265 0.036740
vt 0.504407 0.032985
vt 0.504388 0.032963
vt 0.504368 0.032941
vt 0.504346 0.032922
vt 0.498133 0.027530
vt 0.497368 0.027806
vt 0.497827 0.027224
vt 0.497080 0.027422
vt 0.497572 0.026882
vt 0.510162 0.028922
vt 0.510461 0.029204
vt 0.497362 0.026507
vt 0.509889 0.028588
vt 0.497199 0.026100
vt 0.509642 0.028207
vt 0.497082 0.025665
vt 0.509424 0.027782
vt 0.497009 0.025208
vt 0.509235 0.027318
vt 0.496982 0.024730
vt 0.497000 0.024236
vt 0.496838 0.023754
vt 0.497062 0.023730
vt 0.496949 0.023217
vt 0.497169 0.023215
vt 0.497106 0.022675
vt 0.497319 0.022696
vt 0.497308 0.022132
vt 0.497513 0.022175
vt 0.497556 0.021591
vt 0.497750 0.021657
vt 0.497848 0.021057
vt 0.498030 0.021145
vt 0.498185 0.020534
vt 0.498353 0.020644
vt 0.498723 0.020150
vt 0.498566 0.020025
vt 0.504236 0.013302
vt 0.510843 0.013356
vt 0.504285 0.013260
vt 0.500855 0.034049
vt 0.500877 0.034109
vt 0.507695 0.030070
vt 0.507695 0.034839
vt 0.507467 0.030083
vt 0.507467 0.034852
vt 0.507479 0.034915
vt 0.507703 0.034903
vt 0.499170 0.033991
vt 0.499164 0.034054
vt 0.498917 0.033991
vt 0.498926 0.034054
vt 0.499168 0.036114
vt 0.499392 0.036061
vt 0.499173 0.036176
vt 0.499411 0.036121
vt 0.497492 0.034012
vt 0.497730 0.034004
vt 0.497495 0.034076
vt 0.497738 0.034068
vt 0.497780 0.038841
vt 0.497538 0.038850
vt 0.497535 0.038910
vt 0.497773 0.038902
vt 0.506727 0.031303
vt 0.506503 0.031307
vt 0.506716 0.031240
vt 0.506496 0.031244
vt 0.506263 0.031309
vt 0.506261 0.031246
vt 0.506017 0.031309
vt 0.506019 0.031246
vt 0.505773 0.031307
vt 0.505780 0.031244
vt 0.505540 0.031303
vt 0.505552 0.031240
vt 0.505340 0.031297
vt 0.505354 0.031234
vt 0.505186 0.031290
vt 0.505204 0.031227
vt 0.508662 0.030077
vt 0.508652 0.030017
vt 0.508861 0.030093
vt 0.508847 0.030033
vt 0.508438 0.030067
vt 0.508431 0.030007
vt 0.508195 0.030062
vt 0.508194 0.030002
vt 0.507945 0.030063
vt 0.507948 0.030003
vt 0.507703 0.030010
vt 0.507479 0.030022
vt 0.507293 0.030039
vt 0.507278 0.030100
vt 0.507150 0.030060
vt 0.507132 0.030121
vt 0.509151 0.034933
vt 0.509044 0.034946
vt 0.509134 0.034870
vt 0.509026 0.034883
vt 0.509303 0.034923
vt 0.509289 0.034860
vt 0.509495 0.034916
vt 0.509485 0.034852
vt 0.509725 0.034912
vt 0.509719 0.034849
vt 0.509973 0.034912
vt 0.509972 0.034849
vt 0.510219 0.034916
vt 0.510222 0.034853
vt 0.510453 0.034923
vt 0.510462 0.034860
vt 0.510669 0.034933
vt 0.510682 0.034870
vt 0.510858 0.034946
vt 0.510874 0.034883
vt 0.496810 0.038902
vt 0.496799 0.038841
vt 0.497033 0.038910
vt 0.497026 0.038850
vt 0.497282 0.038913
vt 0.497279 0.038852
vt 0.503974 0.036173
vt 0.503728 0.036115
vt 0.503983 0.036109
vt 0.503750 0.036055
vt 0.503508 0.036007
vt 0.503543 0.035953
vt 0.503320 0.035854
vt 0.503366 0.035809
vt 0.503170 0.035666
vt 0.503224 0.035631
vt 0.503063 0.035448
vt 0.503124 0.035426
vt 0.503007 0.035209
vt 0.503071 0.035201
vt 0.503006 0.034956
vt 0.503070 0.034962
vt 0.503063 0.034709
vt 0.503123 0.034729
vt 0.503170 0.034490
vt 0.503225 0.034522
vt 0.503322 0.034302
vt 0.503367 0.034345
vt 0.503509 0.034152
vt 0.503544 0.034205
vt 0.503726 0.034047
vt 0.503749 0.034105
vt 0.503964 0.033991
vt 0.503973 0.034053
vt 0.504212 0.034053
vt 0.504217 0.033991
vt 0.504445 0.034107
vt 0.504464 0.034049
vt 0.504652 0.034210
vt 0.504684 0.034158
vt 0.504830 0.034353
vt 0.504873 0.034310
vt 0.504971 0.034531
vt 0.505023 0.034499
vt 0.505071 0.034736
vt 0.505129 0.034716
vt 0.505124 0.034961
vt 0.505185 0.034955
vt 0.505125 0.035200
vt 0.505186 0.035208
vt 0.505072 0.035433
vt 0.505130 0.035455
vt 0.504970 0.035640
vt 0.505022 0.035675
vt 0.504828 0.035817
vt 0.504871 0.035863
vt 0.504651 0.035958
vt 0.504683 0.036012
vt 0.504447 0.036057
vt 0.504466 0.036118
vt 0.504222 0.036109
vt 0.504228 0.036173
vt 0.496984 0.034076
vt 0.497237 0.034079
vt 0.496756 0.034068
vt 0.496561 0.034055
vt 0.496603 0.038828
vt 0.510750 0.030084
vt 0.510530 0.030074
vt 0.510291 0.030067
vt 0.510041 0.030063
vt 0.509788 0.030063
vt 0.509554 0.030067
vt 0.509358 0.030074
vt 0.509203 0.030084
vt 0.509095 0.030097
vt 0.507278 0.034869
vt 0.507132 0.034890
vt 0.507293 0.034933
vt 0.507150 0.034954
vt 0.498679 0.034047
vt 0.498701 0.034106
vt 0.498462 0.034152
vt 0.498497 0.034206
vt 0.498697 0.036059
vt 0.498929 0.036113
vt 0.498674 0.036118
vt 0.498921 0.036176
vt 0.496990 0.034012
vt 0.497238 0.034015
vt 0.496767 0.034004
vt 0.496575 0.033991
vt 0.510524 0.030013
vt 0.510740 0.030023
vt 0.510289 0.030006
vt 0.510044 0.030002
vt 0.509795 0.030002
vt 0.509566 0.030006
vt 0.509374 0.030013
vt 0.509222 0.030023
vt 0.507033 0.034914
vt 0.507053 0.034977
vt 0.498122 0.034490
vt 0.498274 0.034302
vt 0.498177 0.034524
vt 0.498320 0.034347
vt 0.498314 0.035813
vt 0.498490 0.035956
vt 0.498267 0.035857
vt 0.498455 0.036010
vt 0.498173 0.035634
vt 0.498118 0.035668
vt 0.498073 0.035429
vt 0.498013 0.035451
vt 0.498021 0.035204
vt 0.497957 0.035211
vt 0.498021 0.034964
vt 0.497957 0.034957
vt 0.498075 0.034732
vt 0.498014 0.034711
vt 0.508195 0.034831
vt 0.507945 0.034832
vt 0.507948 0.034896
vt 0.508194 0.034895
vt 0.499416 0.034049
vt 0.499635 0.034158
vt 0.499397 0.034108
vt 0.499603 0.034211
vt 0.499596 0.035962
vt 0.499774 0.035820
vt 0.499628 0.036015
vt 0.499816 0.035865
vt 0.506261 0.036164
vt 0.506263 0.036102
vt 0.506496 0.036162
vt 0.506503 0.036100
vt 0.497945 0.033991
vt 0.497957 0.034055
vt 0.506017 0.036102
vt 0.506019 0.036164
vt 0.505773 0.036100
vt 0.505780 0.036162
vt 0.500076 0.035457
vt 0.499968 0.035678
vt 0.500019 0.035436
vt 0.499917 0.035643
vt 0.499921 0.034532
vt 0.499780 0.034355
vt 0.499972 0.034499
vt 0.499823 0.034311
vt 0.508652 0.034911
vt 0.508431 0.034900
vt 0.508662 0.034846
vt 0.508438 0.034836
vt 0.508861 0.034862
vt 0.508847 0.034926
vt 0.509026 0.034882
vt 0.509009 0.034946
vt 0.509026 0.030113
vt 0.505340 0.036090
vt 0.505540 0.036096
vt 0.505355 0.036152
vt 0.505552 0.036158
vt 0.500133 0.034957
vt 0.500133 0.035210
vt 0.500073 0.034963
vt 0.500073 0.035203
vt 0.500077 0.034717
vt 0.500020 0.034738
vt 0.506727 0.036096
vt 0.503703 0.036742
vt 0.504075 0.036755
vt 0.503712 0.036863
vt 0.504084 0.036877
vt 0.504096 0.036756
vt 0.504105 0.036877
vt 0.504147 0.036871
vt 0.504138 0.036756
vt 0.509390 0.036050
vt 0.509421 0.036011
vt 0.509485 0.036115
vt 0.509508 0.036070
vt 0.509245 0.035870
vt 0.509289 0.035847
vt 0.509309 0.035967
vt 0.509347 0.035935
vt 0.504170 0.036529
vt 0.504147 0.036640
vt 0.504130 0.036517
vt 0.504105 0.036635
vt 0.504084 0.036633
vt 0.504110 0.036515
vt 0.503712 0.036619
vt 0.503737 0.036502
vt 0.504151 0.036406
vt 0.504171 0.036408
vt 0.503778 0.036392
vt 0.502987 0.033991
vt 0.502994 0.034073
vt 0.502455 0.033991
vt 0.502462 0.034073
vt 0.509202 0.035763
vt 0.509180 0.035649
vt 0.509249 0.035749
vt 0.509229 0.035645
vt 0.504210 0.036425
vt 0.504262 0.036334
vt 0.504227 0.036313
vt 0.504326 0.036258
vt 0.504294 0.036233
vt 0.502441 0.034174
vt 0.502436 0.034076
vt 0.502467 0.034172
vt 0.502445 0.034284
vt 0.502471 0.034283
vt 0.503003 0.034283
vt 0.502999 0.034172
vt 0.509180 0.035533
vt 0.509202 0.035420
vt 0.509229 0.035539
vt 0.509250 0.035436
vt 0.504399 0.036201
vt 0.504371 0.036173
vt 0.502414 0.034294
vt 0.502416 0.034406
vt 0.502447 0.034402
vt 0.502416 0.034522
vt 0.502448 0.034524
vt 0.502474 0.034524
vt 0.502474 0.034401
vt 0.503006 0.034524
vt 0.503006 0.034401
vt 0.509246 0.035314
vt 0.509310 0.035218
vt 0.509290 0.035338
vt 0.509348 0.035251
vt 0.509391 0.035136
vt 0.509422 0.035177
vt 0.502415 0.034637
vt 0.502446 0.034644
vt 0.502412 0.034746
vt 0.502443 0.034758
vt 0.502470 0.034760
vt 0.502473 0.034645
vt 0.503002 0.034760
vt 0.503005 0.034645
vt 0.509591 0.035029
vt 0.509605 0.035079
vt 0.509486 0.035073
vt 0.509509 0.035118
vt 0.509703 0.035008
vt 0.509708 0.035059
vt 0.509705 0.034977
vt 0.509588 0.035000
vt 0.502432 0.034953
vt 0.502439 0.034863
vt 0.502458 0.034956
vt 0.502465 0.034865
vt 0.502990 0.034956
vt 0.502997 0.034865
vt 0.509818 0.035009
vt 0.509930 0.035032
vt 0.509812 0.035060
vt 0.509915 0.035081
vt 0.509826 0.034978
vt 0.509943 0.035003
vt 0.504407 0.036278
vt 0.504433 0.036276
vt 0.504413 0.036389
vt 0.504439 0.036388
vt 0.504964 0.036273
vt 0.504970 0.036384
vt 0.510035 0.035078
vt 0.510130 0.035143
vt 0.510011 0.035123
vt 0.510098 0.035182
vt 0.510054 0.035050
vt 0.510154 0.035119
vt 0.504442 0.036507
vt 0.504444 0.036629
vt 0.504416 0.036507
vt 0.504417 0.036629
vt 0.504973 0.036503
vt 0.504975 0.036626
vt 0.510211 0.035225
vt 0.510275 0.035322
vt 0.510172 0.035257
vt 0.510230 0.035346
vt 0.510305 0.035307
vt 0.510239 0.035205
vt 0.504416 0.036749
vt 0.504442 0.036750
vt 0.504413 0.036863
vt 0.504439 0.036864
vt 0.504973 0.036747
vt 0.504970 0.036861
vt 0.510341 0.035543
vt 0.510290 0.035548
vt 0.510318 0.035429
vt 0.510269 0.035444
vt 0.510374 0.035539
vt 0.510351 0.035420
vt 0.504407 0.036967
vt 0.504433 0.036968
vt 0.504399 0.037055
vt 0.504426 0.037058
vt 0.504964 0.036965
vt 0.504957 0.037055
vt 0.510341 0.035659
vt 0.510318 0.035772
vt 0.510290 0.035654
vt 0.510269 0.035757
vt 0.510374 0.035661
vt 0.510351 0.035780
vt 0.506408 0.036377
vt 0.506382 0.036379
vt 0.506408 0.036265
vt 0.506382 0.036267
vt 0.506941 0.036377
vt 0.506941 0.036265
vt 0.510274 0.035879
vt 0.510211 0.035975
vt 0.510229 0.035855
vt 0.510171 0.035942
vt 0.510305 0.035892
vt 0.510238 0.035992
vt 0.506408 0.036620
vt 0.506382 0.036619
vt 0.506408 0.036497
vt 0.506382 0.036498
vt 0.506941 0.036620
vt 0.506941 0.036497
vt 0.506941 0.036740
vt 0.506408 0.036740
vt 0.510130 0.036056
vt 0.510035 0.036120
vt 0.510097 0.036016
vt 0.510010 0.036074
vt 0.510053 0.036144
vt 0.510153 0.036078
vt 0.506408 0.036854
vt 0.506382 0.036852
vt 0.506382 0.036739
vt 0.506408 0.036956
vt 0.506381 0.036954
vt 0.506941 0.036956
vt 0.506941 0.036854
vt 0.506941 0.037044
vt 0.506407 0.037044
vt 0.509817 0.036185
vt 0.509811 0.036134
vt 0.509929 0.036163
vt 0.509914 0.036114
vt 0.504262 0.037169
vt 0.504326 0.037241
vt 0.504227 0.037190
vt 0.504294 0.037265
vt 0.504210 0.037082
vt 0.504171 0.037098
vt 0.504151 0.037099
vt 0.504206 0.037192
vt 0.504110 0.036993
vt 0.504130 0.036992
vt 0.503778 0.037086
vt 0.503737 0.036979
vt 0.509590 0.036160
vt 0.509605 0.036111
vt 0.509703 0.036184
vt 0.509707 0.036133
vt 0.504170 0.036981
vt 0.506941 0.037112
vt 0.506407 0.037112
vt 0.504371 0.037319
vt 0.504399 0.037293
vt 0.506381 0.037040
vt 0.506941 0.036164
vt 0.506408 0.036164
vt 0.506381 0.036166
vt 0.504426 0.036176
vt 0.504957 0.036173
vt 0.504399 0.036179
vt 0.509477 0.035046
vt 0.502429 0.033994
vt 0.509531 0.036030
vt 0.509451 0.035976
vt 0.499114 0.036517
vt 0.499160 0.036517
vt 0.499115 0.036614
vt 0.499161 0.036612
vt 0.499691 0.036514
vt 0.499692 0.036608
vt 0.499161 0.036424
vt 0.499164 0.036336
vt 0.499692 0.036421
vt 0.499695 0.036333
vt 0.499115 0.036421
vt 0.499118 0.036330
vt 0.509331 0.035826
vt 0.509384 0.035907
vt 0.499168 0.036256
vt 0.499174 0.036187
vt 0.499699 0.036252
vt 0.499705 0.036184
vt 0.499129 0.036176
vt 0.499123 0.036247
vt 0.509275 0.035640
vt 0.509294 0.035736
vt 0.498536 0.036264
vt 0.499070 0.036264
vt 0.498536 0.036350
vt 0.499070 0.036350
vt 0.499114 0.036256
vt 0.499114 0.036346
vt 0.509294 0.035448
vt 0.509275 0.035543
vt 0.498536 0.036442
vt 0.499070 0.036442
vt 0.498536 0.036537
vt 0.499070 0.036537
vt 0.499114 0.036441
vt 0.499114 0.036538
vt 0.509384 0.035278
vt 0.509331 0.035359
vt 0.498536 0.036629
vt 0.499070 0.036629
vt 0.498536 0.036717
vt 0.499070 0.036717
vt 0.499114 0.036634
vt 0.499114 0.036724
vt 0.509532 0.035157
vt 0.509452 0.035210
vt 0.498536 0.036796
vt 0.499069 0.036796
vt 0.498536 0.036863
vt 0.499069 0.036863
vt 0.499114 0.036805
vt 0.499114 0.036874
vt 0.509714 0.035102
vt 0.509620 0.035121
vt 0.509810 0.035103
vt 0.509180 0.036252
vt 0.509552 0.036266
vt 0.509211 0.036334
vt 0.509584 0.036348
vt 0.509625 0.036343
vt 0.509592 0.036258
vt 0.509904 0.035123
vt 0.509993 0.035161
vt 0.509645 0.036435
vt 0.509687 0.036426
vt 0.509652 0.036531
vt 0.509694 0.036531
vt 0.509231 0.036423
vt 0.509604 0.036437
vt 0.509238 0.036517
vt 0.509610 0.036530
vt 0.509645 0.036628
vt 0.509604 0.036625
vt 0.509687 0.036636
vt 0.509625 0.036722
vt 0.509665 0.036738
vt 0.509231 0.036611
vt 0.509211 0.036702
vt 0.509584 0.036715
vt 0.509552 0.036800
vt 0.509592 0.036809
vt 0.509510 0.036874
vt 0.509548 0.036885
vt 0.510249 0.035551
vt 0.510230 0.035456
vt 0.501737 0.036928
vt 0.501205 0.036928
vt 0.501731 0.036865
vt 0.501199 0.036865
vt 0.501727 0.036789
vt 0.501195 0.036789
vt 0.501150 0.036797
vt 0.501154 0.036875
vt 0.501192 0.036704
vt 0.501146 0.036709
vt 0.510230 0.035743
vt 0.510249 0.035648
vt 0.501724 0.036704
vt 0.501722 0.036612
vt 0.501190 0.036612
vt 0.501722 0.036518
vt 0.501190 0.036518
vt 0.501144 0.036517
vt 0.501145 0.036615
vt 0.510193 0.035833
vt 0.510140 0.035913
vt 0.501723 0.036425
vt 0.501191 0.036425
vt 0.501725 0.036336
vt 0.501193 0.036336
vt 0.501148 0.036330
vt 0.501145 0.036421
vt 0.510072 0.035981
vt 0.509992 0.036034
vt 0.501729 0.036255
vt 0.501197 0.036255
vt 0.501734 0.036185
vt 0.501202 0.036185
vt 0.501157 0.036175
vt 0.501152 0.036246
vt 0.509809 0.036089
vt 0.509903 0.036071
vt 0.499168 0.036789
vt 0.499164 0.036703
vt 0.499699 0.036786
vt 0.499695 0.036700
vt 0.499123 0.036797
vt 0.499118 0.036708
vt 0.509620 0.036068
vt 0.509714 0.036088
vt 0.499174 0.036866
vt 0.499129 0.036876
vt 0.499705 0.036862
vt 0.510193 0.035366
vt 0.509180 0.036786
vt 0.509510 0.036194
vt 0.509548 0.036185
vt 0.498536 0.036916
vt 0.499069 0.036916
vt 0.499069 0.036186
vt 0.499114 0.036176
vt 0.498536 0.036186
s 1
f 4/1/1 3/2/2 1/3/3
f 1/3/3 3/2/2 2/4/4
f 6/5/5 4/1/1 5/6/6
f 5/6/6 4/1/1 1/3/3
f 8/7/7 6/5/5 7/8/8
f 7/8/8 6/5/5 5/6/6
f 10/9/9 8/7/7 9/10/10
f 9/10/10 8/7/7 7/8/8
f 12/11/11 10/9/9 11/12/12
f 11/12/12 10/9/9 9/10/10
f 14/13/13 12/11/11 13/14/14
f 13/14/14 12/11/11 11/12/12
f 16/15/15 14/13/13 15/16/16
f 15/16/16 14/13/13 13/14/14
f 18/17/17 16/15/15 17/18/18
f 17/18/18 16/15/15 15/16/16
f 20/19/19 18/17/17 19/20/20
f 19/20/20 18/17/17 17/18/18
f 22/21/21 20/19/19 21/22/22
f 21/22/22 20/19/19 19/20/20
f 24/23/23 22/24/21 23/25/24
f 23/25/24 22/24/21 21/26/22
f 26/27/25 24/23/23 25/28/26
f 25/28/26 24/23/23 23/25/24
f 28/29/27 26/27/25 27/30/28
f 27/30/28 26/27/25 25/28/26
f 30/31/29 28/29/27 29/32/30
f 29/32/30 28/29/27 27/30/28
f 32/33/31 30/31/29 31/34/32
f 31/34/32 30/31/29 29/32/30
f 34/35/33 32/33/31 33/36/34
f 33/36/34 32/33/31 31/34/32
f 34/35/33 33/36/34 36/37/35
f 36/37/35 33/36/34 35/38/36
f 38/39/37 36/37/35 37/40/38
f 37/40/38 36/37/35 35/38/36
f 38/39/37 37/40/38 39/41/39
f 39/41/39 37/40/38 40/42/40
f 39/43/39 40/44/40 41/45/41
f 41/45/41 40/44/40 42/46/42
f 43/47/43 44/48/44 45/49/45
f 45/49/45 44/48/44 46/50/46
f 45/51/45 46/52/46 48/53/47
f 48/53/47 46/52/46 47/54/48
f 50/55/49 48/53/47 49/56/50
f 49/56/50 48/53/47 47/54/48
f 52/57/51 50/55/49 51/58/52
f 51/58/52 50/55/49 49/56/50
f 54/59/53 52/57/51 53/60/54
f 53/60/54 52/57/51 51/58/52
f 56/61/55 54/59/53 55/62/56
f 55/62/56 54/59/53 53/60/54
f 58/63/57 56/61/55 57/64/58
f 57/64/58 56/61/55 55/62/56
f 60/65/59 58/63/57 59/66/60
f 59/66/60 58/63/57 57/64/58
f 62/67/61 60/65/59 61/68/62
f 61/68/62 60/65/59 59/66/60
f 64/69/63 62/67/61 63/70/64
f 63/70/64 62/67/61 61/68/62
f 66/71/65 64/69/63 65/72/66
f 65/72/66 64/69/63 63/70/64
f 68/73/67 66/71/65 67/74/68
f 67/74/68 66/71/65 65/72/66
f 70/75/69 68/73/67 69/76/70
f 69/76/70 68/73/67 67/74/68
f 72/77/71 70/75/69 71/78/72
f 71/78/72 70/75/69 69/76/70
f 74/79/73 72/77/71 73/80/74
f 73/80/74 72/77/71 71/78/72
f 76/81/75 74/79/73 75/82/76
f 75/82/76 74/79/73 73/80/74
f 75/82/76 78/83/77 76/81/75
f 76/81/75 78/83/77 77/84/78
f 78/83/77 80/85/79 77/84/78
f 77/84/78 80/85/79 79/86/80
f 82/87/81 81/88/82 80/85/79
f 80/85/79 81/88/82 79/86/80
f 82/89/81 84/90/83 81/91/82
f 81/91/82 84/90/83 83/92/84
f 84/90/83 86/93/85 83/92/84
f 83/92/84 86/93/85 85/94/86
f 86/93/85 88/95/87 85/94/86
f 85/94/86 88/95/87 87/96/88
f 88/95/87 90/97/89 87/96/88
f 87/96/88 90/97/89 89/98/90
f 90/99/89 92/100/91 89/101/90
f 89/101/90 92/100/91 91/102/92
f 96/103/93 95/104/94 93/105/95
f 93/105/95 95/104/94 94/106/96
f 95/107/94 98/108/97 94/109/96
f 94/109/96 98/108/97 97/110/98
f 100/111/99 99/112/100 98/108/97
f 98/108/97 99/112/100 97/110/98
f 102/113/101 101/114/102 100/111/99
f 100/111/99 101/114/102 99/112/100
f 104/115/103 103/116/104 102/113/101
f 102/113/101 103/116/104 101/114/102
f 106/117/105 105/118/106 104/115/103
f 104/115/103 105/118/106 103/116/104
f 108/119/107 107/120/108 106/117/105
f 106/117/105 107/120/108 105/118/106
f 110/121/109 109/122/110 108/119/107
f 108/119/107 109/122/110 107/120/108
f 112/123/111 111/124/112 110/121/109
f 110/121/109 111/124/112 109/122/110
f 114/125/113 113/126/114 112/123/111
f 112/123/111 113/126/114 111/124/112
f 116/127/115 115/128/116 114/125/113
f 114/125/113 115/128/116 113/126/114
f 118/129/117 117/130/118 116/127/115
f 116/127/115 117/130/118 115/128/116
f 120/131/119 119/132/120 118/129/117
f 118/129/117 119/132/120 117/130/118
f 122/133/121 121/134/122 120/131/119
f 120/131/119 121/134/122 119/132/120
f 124/135/123 123/136/124 122/133/121
f 122/133/121 123/136/124 121/134/122
f 126/137/125 125/138/126 124/135/123
f 124/135/123 125/138/126 123/136/124
f 128/139/127 127/140/128 126/137/125
f 126/137/125 127/140/128 125/138/126
f 130/141/129 129/142/130 128/139/127
f 128/139/127 129/142/130 127/140/128
f 132/143/131 131/144/132 130/141/129
f 130/141/129 131/144/132 129/142/130
f 134/145/133 133/146/134 132/143/131
f 132/143/131 133/146/134 131/144/132
f 135/147/135 133/146/134 136/148/136
f 136/148/136 133/146/134 134/145/133
f 137/149/137 135/147/135 138/150/138
f 138/150/138 135/147/135 136/148/136
f 138/150/138 140/151/139 137/149/137
f 137/149/137 140/151/139 139/152/140
f 139/153/140 140/154/139 142/155/141
f 142/155/141 140/154/139 141/156/142
f 142/155/141 143/157/143 139/153/140
f 139/153/140 143/157/143 524/158/144
f 143/157/143 144/159/145 524/158/144
f 524/158/144 144/159/145 523/160/146
f 144/159/145 145/161/147 523/160/146
f 523/160/146 145/161/147 525/162/148
f 145/161/147 146/163/149 525/162/148
f 525/162/148 146/163/149 349/164/150
f 148/165/151 147/166/152 149/167/153
f 149/167/153 147/166/152 150/168/154
f 149/169/153 150/170/154 152/171/155
f 152/171/155 150/170/154 151/172/156
f 152/171/155 151/172/156 154/173/157
f 154/173/157 151/172/156 153/174/158
f 154/173/157 153/174/158 156/175/159
f 156/175/159 153/174/158 155/176/160
f 158/177/161 156/175/159 157/178/162
f 157/178/162 156/175/159 155/176/160
f 160/179/163 158/177/161 159/180/164
f 159/180/164 158/177/161 157/178/162
f 162/181/165 160/179/163 161/182/166
f 161/182/166 160/179/163 159/180/164
f 164/183/167 162/181/165 163/184/168
f 163/184/168 162/181/165 161/182/166
f 166/185/169 164/183/167 165/186/170
f 165/186/170 164/183/167 163/184/168
f 168/187/171 166/185/169 167/188/172
f 167/188/172 166/185/169 165/186/170
f 170/189/173 168/187/171 169/190/174
f 169/190/174 168/187/171 167/188/172
f 172/191/175 170/189/173 171/192/176
f 171/192/176 170/189/173 169/190/174
f 174/193/177 172/191/175 173/194/178
f 173/194/178 172/191/175 171/192/176
f 176/195/179 174/193/177 175/196/180
f 175/196/180 174/193/177 173/194/178
f 178/197/181 176/195/179 177/198/182
f 177/198/182 176/195/179 175/196/180
f 180/199/183 178/197/181 179/200/184
f 179/200/184 178/197/181 177/198/182
f 182/201/185 180/199/183 181/202/186
f 181/202/186 180/199/183 179/200/184
f 184/203/187 182/201/185 183/204/188
f 183/204/188 182/201/185 181/202/186
f 186/205/189 184/203/187 185/206/190
f 185/206/190 184/203/187 183/204/188
f 188/207/191 187/208/192 185/206/190
f 185/206/190 187/208/192 186/205/189
f 190/209/193 187/208/192 189/210/194
f 189/210/194 187/208/192 188/207/191
f 192/211/195 190/209/193 191/212/196
f 191/212/196 190/209/193 189/210/194
f 193/213/197 192/214/195 194/215/198
f 194/215/198 192/214/195 191/216/196
f 196/217/199 195/218/200 194/215/198
f 194/215/198 195/218/200 193/213/197
f 200/219/201 199/220/202 197/221/203
f 197/221/203 199/220/202 198/222/204
f 200/219/201 197/221/203 202/223/205
f 202/223/205 197/221/203 201/224/206
f 201/225/206 204/226/207 202/227/205
f 202/227/205 204/226/207 203/228/208
f 204/226/207 206/229/209 203/228/208
f 203/228/208 206/229/209 205/230/210
f 206/229/209 208/231/211 205/230/210
f 205/230/210 208/231/211 207/232/212
f 208/231/211 210/233/213 207/232/212
f 207/232/212 210/233/213 209/234/214
f 210/233/213 212/235/215 209/234/214
f 209/234/214 212/235/215 211/236/216
f 212/235/215 214/237/217 211/236/216
f 211/236/216 214/237/217 213/238/218
f 214/237/217 216/239/219 213/238/218
f 213/238/218 216/239/219 215/240/220
f 216/239/219 218/241/221 215/240/220
f 215/240/220 218/241/221 217/242/222
f 218/241/221 220/243/223 217/242/222
f 217/242/222 220/243/223 219/244/224
f 220/243/223 222/245/225 219/244/224
f 219/244/224 222/245/225 221/246/226
f 222/245/225 224/247/227 221/246/226
f 221/246/226 224/247/227 223/248/228
f 224/247/227 226/249/229 223/248/228
f 223/248/228 226/249/229 225/250/230
f 226/249/229 228/251/231 225/250/230
f 225/250/230 228/251/231 227/252/232
f 228/251/231 230/253/233 227/252/232
f 227/252/232 230/253/233 229/254/234
f 230/253/233 232/255/235 229/254/234
f 229/254/234 232/255/235 231/256/236
f 232/255/235 234/257/237 231/256/236
f 231/256/236 234/257/237 233/258/238
f 234/257/237 236/259/239 233/258/238
f 233/258/238 236/259/239 235/260/240
f 236/259/239 238/261/241 235/260/240
f 235/260/240 238/261/241 237/262/242
f 240/263/243 239/264/244 238/261/241
f 238/261/241 239/264/244 237/262/242
f 242/265/245 241/266/246 240/263/243
f 240/263/243 241/266/246 239/264/244
f 241/266/246 242/265/245 243/267/247
f 243/267/247 242/265/245 244/268/248
f 244/269/248 246/270/249 243/271/247
f 243/271/247 246/270/249 245/272/250
f 243/271/247 245/272/250 250/273/251
f 250/273/251 245/272/250 247/274/252
f 247/274/252 248/275/253 250/273/251
f 250/273/251 248/275/253 249/276/254
f 248/275/253 42/46/42 249/276/254
f 249/276/254 42/46/42 40/44/40
f 250/277/251 249/278/254 251/279/255
f 251/279/255 249/278/254 252/280/256
f 252/280/256 254/281/257 251/279/255
f 251/279/255 254/281/257 253/282/258
f 256/283/259 255/284/260 254/281/257
f 254/281/257 255/284/260 253/282/258
f 256/283/259 258/285/261 255/284/260
f 255/284/260 258/285/261 257/286/262
f 258/285/261 260/287/263 257/286/262
f 257/286/262 260/287/263 259/288/264
f 260/287/263 262/289/265 259/288/264
f 259/288/264 262/289/265 261/290/266
f 262/289/265 264/291/267 261/290/266
f 261/290/266 264/291/267 263/292/268
f 264/293/267 266/294/269 263/295/268
f 263/295/268 266/294/269 265/296/270
f 266/294/269 268/297/271 265/296/270
f 265/296/270 268/297/271 267/298/272
f 268/297/271 270/299/273 267/298/272
f 267/298/272 270/299/273 269/300/274
f 272/301/275 271/302/276 270/299/273
f 270/299/273 271/302/276 269/300/274
f 274/303/277 273/304/278 272/301/275
f 272/301/275 273/304/278 271/302/276
f 276/305/279 275/306/280 274/303/277
f 274/303/277 275/306/280 273/304/278
f 278/307/281 277/308/282 276/305/279
f 276/305/279 277/308/282 275/306/280
f 280/309/283 279/310/284 278/307/281
f 278/307/281 279/310/284 277/308/282
f 282/311/285 281/312/286 280/309/283
f 280/309/283 281/312/286 279/310/284
f 284/313/287 283/314/288 282/311/285
f 282/311/285 283/314/288 281/312/286
f 285/315/289 283/314/288 286/316/290
f 286/316/290 283/314/288 284/313/287
f 288/317/291 287/318/292 286/316/290
f 286/316/290 287/318/292 285/315/289
f 288/317/291 290/319/293 287/318/292
f 287/318/292 290/319/293 289/320/294
f 292/321/295 291/322/296 290/319/293
f 290/319/293 291/322/296 289/320/294
f 292/323/295 294/324/297 291/325/296
f 291/325/296 294/324/297 293/326/298
f 294/324/297 296/327/299 293/326/298
f 293/326/298 296/327/299 295/328/300
f 300/329/301 299/330/302 297/331/303
f 297/331/303 299/330/302 298/332/304
f 299/330/302 302/333/305 298/332/304
f 298/332/304 302/333/305 301/334/306
f 304/335/307 301/336/306 303/337/308
f 303/337/308 301/336/306 302/338/305
f 304/335/307 303/337/308 306/339/309
f 306/339/309 303/337/308 305/340/310
f 308/341/311 306/339/309 307/342/312
f 307/342/312 306/339/309 305/340/310
f 310/343/313 308/341/311 309/344/314
f 309/344/314 308/341/311 307/342/312
f 312/345/315 310/343/313 311/346/316
f 311/346/316 310/343/313 309/344/314
f 314/347/317 312/345/315 313/348/318
f 313/348/318 312/345/315 311/346/316
f 316/349/319 314/347/317 315/350/320
f 315/350/320 314/347/317 313/348/318
f 316/349/319 315/350/320 318/351/321
f 318/351/321 315/350/320 317/352/322
f 318/351/321 317/352/322 320/353/323
f 320/353/323 317/352/322 319/354/324
f 322/355/325 320/353/323 321/356/326
f 321/356/326 320/353/323 319/354/324
f 324/357/327 322/355/325 323/358/328
f 323/358/328 322/355/325 321/356/326
f 323/359/328 326/360/329 324/361/327
f 324/361/327 326/360/329 325/362/330
f 326/360/329 328/363/331 325/362/330
f 325/362/330 328/363/331 327/364/332
f 328/363/331 330/365/333 327/364/332
f 327/364/332 330/365/333 329/366/334
f 330/365/333 332/367/335 329/366/334
f 329/366/334 332/367/335 331/368/336
f 332/367/335 334/369/337 331/368/336
f 331/368/336 334/369/337 333/370/338
f 334/369/337 336/371/339 333/370/338
f 333/370/338 336/371/339 335/372/340
f 336/371/339 338/373/341 335/372/340
f 335/372/340 338/373/341 337/374/342
f 340/375/343 339/376/344 338/373/341
f 338/373/341 339/376/344 337/374/342
f 340/375/343 342/377/345 339/376/344
f 339/376/344 342/377/345 341/378/346
f 341/378/346 342/377/345 343/379/347
f 343/379/347 342/377/345 344/380/348
f 344/381/348 346/382/349 343/383/347
f 343/383/347 346/382/349 345/384/350
f 343/383/347 345/384/350 149/167/153
f 149/167/153 345/384/350 148/165/151
f 346/382/349 344/381/348 347/385/351
f 347/385/351 344/381/348 348/386/352
f 347/385/351 348/386/352 146/163/149
f 146/163/149 348/386/352 349/164/150
f 349/387/150 348/388/352 351/389/353
f 351/389/353 348/388/352 350/390/354
f 353/391/355 352/392/356 350/390/354
f 350/390/354 352/392/356 351/389/353
f 355/393/357 354/394/358 353/391/355
f 353/391/355 354/394/358 352/392/356
f 357/395/359 356/396/360 355/393/357
f 355/393/357 356/396/360 354/394/358
f 359/397/361 358/398/362 357/395/359
f 357/395/359 358/398/362 356/396/360
f 361/399/363 360/400/364 359/397/361
f 359/397/361 360/400/364 358/398/362
f 363/401/365 362/402/366 361/399/363
f 361/399/363 362/402/366 360/400/364
f 365/403/367 364/404/368 363/401/365
f 363/401/365 364/404/368 362/402/366
f 367/405/369 366/406/370 365/403/367
f 365/403/367 366/406/370 364/404/368
f 369/407/371 368/408/372 367/409/369
f 367/409/369 368/408/372 366/410/370
f 371/411/373 370/412/374 369/407/371
f 369/407/371 370/412/374 368/408/372
f 373/413/375 372/414/376 371/411/373
f 371/411/373 372/414/376 370/412/374
f 375/415/377 374/416/378 373/413/375
f 373/413/375 374/416/378 372/414/376
f 377/417/379 376/418/380 375/415/377
f 375/415/377 376/418/380 374/416/378
f 379/419/381 378/420/382 377/417/379
f 377/417/379 378/420/382 376/418/380
f 381/421/383 380/422/384 379/419/381
f 379/419/381 380/422/384 378/420/382
f 383/423/385 382/424/386 381/421/383
f 381/421/383 382/424/386 380/422/384
f 384/425/387 382/424/386 385/426/388
f 385/426/388 382/424/386 383/423/385
f 387/427/389 386/428/390 385/426/388
f 385/426/388 386/428/390 384/425/387
f 387/427/389 389/429/391 386/428/390
f 386/428/390 389/429/391 388/430/392
f 389/429/391 391/431/393 388/430/392
f 388/430/392 391/431/393 390/432/394
f 393/433/395 392/434/396 391/435/393
f 391/435/393 392/434/396 390/436/394
f 395/437/397 394/438/398 393/433/395
f 393/433/395 394/438/398 392/434/396
f 399/439/399 398/440/400 396/441/401
f 396/441/401 398/440/400 397/442/402
f 401/443/403 399/439/399 400/444/404
f 400/444/404 399/439/399 396/441/401
f 401/445/403 400/446/404 403/447/405
f 403/447/405 400/446/404 402/448/406
f 3/2/2 403/447/405 2/4/4
f 2/4/4 403/447/405 402/448/406
f 290/319/293 288/317/291 402/448/406
f 402/448/406 288/317/291 2/4/4
f 405/449/407 404/450/408 403/447/405
f 403/447/405 404/450/408 401/445/403
f 406/451/409 405/449/407 3/2/2
f 3/2/2 405/449/407 403/447/405
f 408/452/410 407/453/411 406/451/409
f 406/451/409 407/453/411 405/449/407
f 410/454/412 408/452/410 409/455/413
f 409/455/413 408/452/410 406/451/409
f 410/454/412 409/455/413 412/456/414
f 412/456/414 409/455/413 411/457/415
f 414/458/416 412/456/414 413/459/417
f 413/459/417 412/456/414 411/457/415
f 416/460/418 414/458/416 415/461/419
f 415/461/419 414/458/416 413/459/417
f 418/462/420 416/460/418 417/463/421
f 417/463/421 416/460/418 415/461/419
f 420/464/422 418/462/420 419/465/423
f 419/465/423 418/462/420 417/463/421
f 422/466/424 420/464/422 421/467/425
f 421/467/425 420/464/422 419/465/423
f 424/468/426 422/469/424 423/470/427
f 423/470/427 422/469/424 421/471/425
f 426/472/428 424/468/426 425/473/429
f 425/473/429 424/468/426 423/470/427
f 428/474/430 426/472/428 427/475/431
f 427/475/431 426/472/428 425/473/429
f 430/476/432 428/474/430 429/477/433
f 429/477/433 428/474/430 427/475/431
f 432/478/434 430/476/432 431/479/435
f 431/479/435 430/476/432 429/477/433
f 434/480/436 432/478/434 433/481/437
f 433/481/437 432/478/434 431/479/435
f 436/482/438 434/480/436 435/483/439
f 435/483/439 434/480/436 433/481/437
f 438/484/440 436/482/438 437/485/441
f 437/485/441 436/482/438 435/483/439
f 440/486/442 438/484/440 439/487/443
f 439/487/443 438/484/440 437/485/441
f 442/488/444 440/486/442 441/489/445
f 441/489/445 440/486/442 439/487/443
f 444/490/446 442/488/444 443/491/447
f 443/491/447 442/488/444 441/489/445
f 444/490/446 443/491/447 446/492/448
f 446/492/448 443/491/447 445/493/449
f 445/494/449 448/495/450 446/496/448
f 446/496/448 448/495/450 447/497/451
f 446/496/448 447/497/451 450/498/452
f 450/498/452 447/497/451 449/499/453
f 449/499/453 43/47/43 450/498/452
f 450/498/452 43/47/43 45/49/45
f 39/43/39 41/45/41 445/494/449
f 445/494/449 41/45/41 448/495/450
f 444/490/446 446/492/448 451/500/454
f 451/500/454 446/492/448 450/501/452
f 450/501/452 45/51/45 451/500/454
f 451/500/454 45/51/45 48/53/47
f 38/39/37 39/41/39 443/491/447
f 443/491/447 39/41/39 445/493/449
f 451/500/454 452/502/455 444/490/446
f 444/490/446 452/502/455 442/488/444
f 48/53/47 50/55/49 451/500/454
f 451/500/454 50/55/49 452/502/455
f 452/502/455 453/503/456 442/488/444
f 442/488/444 453/503/456 440/486/442
f 50/55/49 52/57/51 452/502/455
f 452/502/455 52/57/51 453/503/456
f 443/491/447 441/489/445 38/39/37
f 38/39/37 441/489/445 36/37/35
f 453/503/456 454/504/457 440/486/442
f 440/486/442 454/504/457 438/484/440
f 453/503/456 52/57/51 454/504/457
f 454/504/457 52/57/51 54/59/53
f 441/489/445 439/487/443 36/37/35
f 36/37/35 439/487/443 34/35/33
f 454/504/457 455/505/458 438/484/440
f 438/484/440 455/505/458 436/482/438
f 454/504/457 54/59/53 455/505/458
f 455/505/458 54/59/53 56/61/55
f 439/487/443 437/485/441 34/35/33
f 34/35/33 437/485/441 32/33/31
f 455/505/458 456/506/459 436/482/438
f 436/482/438 456/506/459 434/480/436
f 455/505/458 56/61/55 456/506/459
f 456/506/459 56/61/55 58/63/57
f 437/485/441 435/483/439 32/33/31
f 32/33/31 435/483/439 30/31/29
f 456/506/459 457/507/460 434/480/436
f 434/480/436 457/507/460 432/478/434
f 456/506/459 58/63/57 457/507/460
f 457/507/460 58/63/57 60/65/59
f 435/483/439 433/481/437 30/31/29
f 30/31/29 433/481/437 28/29/27
f 457/507/460 458/508/461 432/478/434
f 432/478/434 458/508/461 430/476/432
f 457/507/460 60/65/59 458/508/461
f 458/508/461 60/65/59 62/67/61
f 433/481/437 431/479/435 28/29/27
f 28/29/27 431/479/435 26/27/25
f 458/508/461 459/509/462 430/476/432
f 430/476/432 459/509/462 428/474/430
f 458/508/461 62/67/61 459/509/462
f 459/509/462 62/67/61 64/69/63
f 431/479/435 429/477/433 26/27/25
f 26/27/25 429/477/433 24/23/23
f 459/509/462 460/510/463 428/474/430
f 428/474/430 460/510/463 426/472/428
f 459/509/462 64/69/63 460/510/463
f 460/510/463 64/69/63 66/71/65
f 429/477/433 427/475/431 24/23/23
f 24/23/23 427/475/431 22/24/21
f 460/510/463 461/511/464 426/472/428
f 426/472/428 461/511/464 424/468/426
f 460/510/463 66/71/65 461/511/464
f 461/511/464 66/71/65 68/73/67
f 427/475/431 425/473/429 22/24/21
f 22/24/21 425/473/429 20/512/19
f 461/511/464 462/513/465 424/468/426
f 424/468/426 462/513/465 422/469/424
f 461/511/464 68/73/67 462/513/465
f 462/513/465 68/73/67 70/75/69
f 425/514/429 423/515/427 20/19/19
f 20/19/19 423/515/427 18/17/17
f 462/513/465 463/516/466 422/469/424
f 422/469/424 463/516/466 420/517/422
f 462/513/465 70/75/69 463/516/466
f 463/516/466 70/75/69 72/77/71
f 423/515/427 421/467/425 18/17/17
f 18/17/17 421/467/425 16/15/15
f 463/518/466 464/519/467 420/464/422
f 420/464/422 464/519/467 418/462/420
f 463/516/466 72/77/71 464/520/467
f 464/520/467 72/77/71 74/79/73
f 421/467/425 419/465/423 16/15/15
f 16/15/15 419/465/423 14/13/13
f 464/519/467 465/521/468 418/462/420
f 418/462/420 465/521/468 416/460/418
f 464/520/467 74/79/73 465/522/468
f 465/522/468 74/79/73 76/81/75
f 419/465/423 417/463/421 14/13/13
f 14/13/13 417/463/421 12/11/11
f 465/521/468 466/523/469 416/460/418
f 416/460/418 466/523/469 414/458/416
f 465/521/468 76/524/75 466/523/469
f 466/523/469 76/524/75 77/525/78
f 417/463/421 415/461/419 12/11/11
f 12/11/11 415/461/419 10/9/9
f 466/523/469 467/526/470 414/458/416
f 414/458/416 467/526/470 412/456/414
f 466/523/469 77/525/78 467/526/470
f 467/526/470 77/525/78 79/527/80
f 415/461/419 413/459/417 10/9/9
f 10/9/9 413/459/417 8/7/7
f 468/528/471 410/454/412 467/526/470
f 467/526/470 410/454/412 412/456/414
f 467/526/470 79/527/80 468/528/471
f 468/528/471 79/527/80 81/529/82
f 413/459/417 411/457/415 8/7/7
f 8/7/7 411/457/415 6/5/5
f 468/528/471 469/530/472 410/454/412
f 410/454/412 469/530/472 408/452/410
f 81/529/82 83/531/84 468/528/471
f 468/528/471 83/531/84 469/530/472
f 409/455/413 4/1/1 411/457/415
f 411/457/415 4/1/1 6/5/5
f 469/530/472 470/532/473 408/452/410
f 408/452/410 470/532/473 407/453/411
f 83/531/84 85/533/86 469/530/472
f 469/530/472 85/533/86 470/532/473
f 409/455/413 406/451/409 4/1/1
f 4/1/1 406/451/409 3/2/2
f 472/534/474 471/535/475 470/532/473
f 470/532/473 471/535/475 407/453/411
f 474/536/476 473/537/477 472/538/474
f 472/538/474 473/537/477 471/539/475
f 474/536/476 476/540/478 473/537/477
f 473/537/477 476/540/478 475/541/479
f 480/542/480 479/543/481 477/544/482
f 477/544/482 479/543/481 478/545/483
f 479/546/481 482/547/484 478/548/483
f 478/548/483 482/547/484 481/549/485
f 484/550/486 481/551/485 483/552/487
f 483/552/487 481/551/485 482/553/484
f 486/554/488 484/550/486 485/555/489
f 485/555/489 484/550/486 483/552/487
f 488/556/490 486/554/488 487/557/491
f 487/557/491 486/554/488 485/555/489
f 488/556/490 487/557/491 490/558/492
f 490/558/492 487/557/491 489/559/493
f 492/560/494 490/558/492 491/561/495
f 491/561/495 490/558/492 489/559/493
f 494/562/496 492/560/494 493/563/497
f 493/563/497 492/560/494 491/561/495
f 496/564/498 494/562/496 495/565/499
f 495/565/499 494/562/496 493/563/497
f 498/566/500 496/564/498 497/567/501
f 497/567/501 496/564/498 495/565/499
f 500/568/502 498/566/500 499/569/503
f 499/569/503 498/566/500 497/567/501
f 502/570/504 500/571/502 501/572/505
f 501/572/505 500/571/502 499/573/503
f 504/574/506 502/570/504 503/575/507
f 503/575/507 502/570/504 501/572/505
f 503/575/507 506/576/508 504/574/506
f 504/574/506 506/576/508 505/577/509
f 506/576/508 508/578/510 505/577/509
f 505/577/509 508/578/510 507/579/511
f 508/578/510 510/580/512 507/579/511
f 507/579/511 510/580/512 509/581/513
f 510/580/512 512/582/514 509/581/513
f 509/581/513 512/582/514 511/583/515
f 512/582/514 514/584/516 511/583/515
f 511/583/515 514/584/516 513/585/517
f 514/584/516 516/586/518 513/585/517
f 513/585/517 516/586/518 515/587/519
f 516/586/518 518/588/520 515/587/519
f 515/587/519 518/588/520 517/589/521
f 518/588/520 520/590/522 517/589/521
f 517/589/521 520/590/522 519/591/523
f 520/590/522 522/592/524 519/591/523
f 519/591/523 522/592/524 521/593/525
f 522/592/524 524/594/144 521/593/525
f 521/593/525 524/594/144 523/595/146
f 521/593/525 523/595/146 526/596/526
f 526/596/526 523/595/146 525/597/148
f 525/598/148 349/387/150 526/599/526
f 526/599/526 349/387/150 351/389/353
f 137/149/137 139/152/140 522/592/524
f 522/592/524 139/152/140 524/594/144
f 527/600/527 519/591/523 526/596/526
f 526/596/526 519/591/523 521/593/525
f 527/601/527 526/599/526 352/392/356
f 352/392/356 526/599/526 351/389/353
f 517/589/521 519/591/523 528/602/528
f 528/602/528 519/591/523 527/600/527
f 528/603/528 527/601/527 354/394/358
f 354/394/358 527/601/527 352/392/356
f 135/147/135 137/149/137 520/590/522
f 520/590/522 137/149/137 522/592/524
f 529/604/529 515/587/519 528/602/528
f 528/602/528 515/587/519 517/589/521
f 529/605/529 528/603/528 356/396/360
f 356/396/360 528/603/528 354/394/358
f 133/146/134 135/147/135 518/588/520
f 518/588/520 135/147/135 520/590/522
f 530/606/530 513/585/517 529/604/529
f 529/604/529 513/585/517 515/587/519
f 530/607/530 529/605/529 358/398/362
f 358/398/362 529/605/529 356/396/360
f 131/144/132 133/146/134 516/586/518
f 516/586/518 133/146/134 518/588/520
f 531/608/531 511/583/515 530/606/530
f 530/606/530 511/583/515 513/585/517
f 531/609/531 530/607/530 360/400/364
f 360/400/364 530/607/530 358/398/362
f 129/142/130 131/144/132 514/584/516
f 514/584/516 131/144/132 516/586/518
f 532/610/532 509/581/513 531/608/531
f 531/608/531 509/581/513 511/583/515
f 532/611/532 531/609/531 362/402/366
f 362/402/366 531/609/531 360/400/364
f 127/140/128 129/142/130 512/582/514
f 512/582/514 129/142/130 514/584/516
f 533/612/533 507/579/511 532/610/532
f 532/610/532 507/579/511 509/581/513
f 533/613/533 532/611/532 364/404/368
f 364/404/368 532/611/532 362/402/366
f 125/138/126 127/140/128 510/580/512
f 510/580/512 127/140/128 512/582/514
f 534/614/534 505/577/509 533/612/533
f 533/612/533 505/577/509 507/579/511
f 534/615/534 533/613/533 366/406/370
f 366/406/370 533/613/533 364/404/368
f 123/136/124 125/138/126 508/578/510
f 508/578/510 125/138/126 510/580/512
f 535/616/535 504/574/506 534/614/534
f 534/614/534 504/574/506 505/577/509
f 535/617/535 534/618/534 368/408/372
f 368/408/372 534/618/534 366/410/370
f 121/134/122 123/136/124 506/576/508
f 506/576/508 123/136/124 508/578/510
f 535/617/535 536/619/536 504/620/506
f 504/620/506 536/619/536 502/621/504
f 368/408/372 370/412/374 535/617/535
f 535/617/535 370/412/374 536/619/536
f 119/132/120 121/134/122 503/575/507
f 503/575/507 121/134/122 506/576/508
f 536/619/536 537/622/537 502/621/504
f 502/621/504 537/622/537 500/568/502
f 370/412/374 372/414/376 536/619/536
f 536/619/536 372/414/376 537/622/537
f 117/130/118 119/132/120 501/572/505
f 501/572/505 119/132/120 503/575/507
f 537/622/537 538/623/538 500/568/502
f 500/568/502 538/623/538 498/566/500
f 372/414/376 374/416/378 537/622/537
f 537/622/537 374/416/378 538/623/538
f 115/128/116 117/130/118 499/573/503
f 499/573/503 117/130/118 501/572/505
f 538/623/538 539/624/539 498/566/500
f 498/566/500 539/624/539 496/564/498
f 374/416/378 376/418/380 538/623/538
f 538/623/538 376/418/380 539/624/539
f 113/126/114 115/128/116 497/625/501
f 497/625/501 115/128/116 499/573/503
f 539/624/539 540/626/540 496/564/498
f 496/564/498 540/626/540 494/562/496
f 376/418/380 378/420/382 539/624/539
f 539/624/539 378/420/382 540/626/540
f 111/124/112 113/126/114 495/627/499
f 495/627/499 113/126/114 497/625/501
f 540/626/540 541/628/541 494/562/496
f 494/562/496 541/628/541 492/560/494
f 378/420/382 380/422/384 540/626/540
f 540/626/540 380/422/384 541/628/541
f 109/629/110 111/630/112 493/563/497
f 493/563/497 111/630/112 495/565/499
f 541/628/541 542/631/542 492/560/494
f 492/560/494 542/631/542 490/558/492
f 380/422/384 382/424/386 541/628/541
f 541/628/541 382/424/386 542/631/542
f 493/563/497 491/561/495 109/629/110
f 109/629/110 491/561/495 107/632/108
f 543/633/543 488/556/490 542/631/542
f 542/631/542 488/556/490 490/558/492
f 384/425/387 543/633/543 382/424/386
f 382/424/386 543/633/543 542/631/542
f 491/561/495 489/559/493 107/632/108
f 107/632/108 489/559/493 105/634/106
f 543/633/543 544/635/544 488/556/490
f 488/556/490 544/635/544 486/554/488
f 384/425/387 386/428/390 543/633/543
f 543/633/543 386/428/390 544/635/544
f 487/557/491 103/636/104 489/559/493
f 489/559/493 103/636/104 105/634/106
f 545/637/545 484/550/486 544/635/544
f 544/635/544 484/550/486 486/554/488
f 386/428/390 388/430/392 544/635/544
f 544/635/544 388/430/392 545/637/545
f 487/557/491 485/555/489 103/636/104
f 103/636/104 485/555/489 101/638/102
f 545/637/545 546/639/546 484/550/486
f 484/550/486 546/639/546 481/551/485
f 388/430/392 390/432/394 545/637/545
f 545/637/545 390/432/394 546/639/546
f 485/555/489 483/552/487 101/638/102
f 101/638/102 483/552/487 99/640/100
f 478/545/483 481/641/485 547/642/547
f 547/642/547 481/641/485 546/643/546
f 547/642/547 546/643/546 392/434/396
f 392/434/396 546/643/546 390/436/394
f 483/644/487 482/547/484 99/112/100
f 99/112/100 482/547/484 97/110/98
f 477/544/482 478/545/483 548/645/548
f 548/645/548 478/545/483 547/642/547
f 548/645/548 547/642/547 394/438/398
f 394/438/398 547/642/547 392/434/396
f 94/109/96 97/110/98 479/546/481
f 479/546/481 97/110/98 482/547/484
f 93/105/95 94/106/96 480/542/480
f 480/542/480 94/106/96 479/543/481
f 550/646/549 473/537/477 549/647/550
f 549/647/550 473/537/477 475/541/479
f 549/647/550 398/440/400 550/646/549
f 550/646/549 398/440/400 399/439/399
f 404/648/408 471/539/475 550/646/549
f 550/646/549 471/539/475 473/537/477
f 474/536/476 89/101/90 476/540/478
f 476/540/478 89/101/90 91/102/92
f 472/649/474 87/96/88 474/650/476
f 474/650/476 87/96/88 89/98/90
f 85/94/86 87/96/88 470/651/473
f 470/651/473 87/96/88 472/649/474
f 471/535/475 404/450/408 407/453/411
f 407/453/411 404/450/408 405/449/407
f 404/648/408 550/646/549 401/443/403
f 401/443/403 550/646/549 399/439/399
f 402/448/406 400/446/404 290/319/293
f 290/319/293 400/446/404 292/321/295
f 400/444/404 396/441/401 292/323/295
f 292/323/295 396/441/401 294/324/297
f 396/441/401 397/442/402 294/324/297
f 294/324/297 397/442/402 296/327/299
f 393/433/395 299/330/302 395/437/397
f 395/437/397 299/330/302 300/329/301
f 391/435/393 302/333/305 393/433/395
f 393/433/395 302/333/305 299/330/302
f 303/337/308 302/338/305 389/429/391
f 389/429/391 302/338/305 391/431/393
f 303/337/308 389/429/391 305/340/310
f 305/340/310 389/429/391 387/427/389
f 307/342/312 305/340/310 385/426/388
f 385/426/388 305/340/310 387/427/389
f 309/344/314 307/342/312 383/423/385
f 383/423/385 307/342/312 385/426/388
f 311/346/316 309/344/314 381/421/383
f 381/421/383 309/344/314 383/423/385
f 313/348/318 311/346/316 379/419/381
f 379/419/381 311/346/316 381/421/383
f 315/350/320 313/348/318 377/417/379
f 377/417/379 313/348/318 379/419/381
f 317/352/322 315/350/320 375/415/377
f 375/415/377 315/350/320 377/417/379
f 319/354/324 317/352/322 373/413/375
f 373/413/375 317/352/322 375/415/377
f 321/356/326 319/354/324 371/411/373
f 371/411/373 319/354/324 373/413/375
f 321/356/326 371/411/373 323/358/328
f 323/358/328 371/411/373 369/407/371
f 369/652/371 367/405/369 323/359/328
f 323/359/328 367/405/369 326/360/329
f 367/405/369 365/403/367 326/360/329
f 326/360/329 365/403/367 328/363/331
f 365/403/367 363/401/365 328/363/331
f 328/363/331 363/401/365 330/365/333
f 363/401/365 361/399/363 330/365/333
f 330/365/333 361/399/363 332/367/335
f 361/399/363 359/397/361 332/367/335
f 332/367/335 359/397/361 334/369/337
f 359/397/361 357/395/359 334/369/337
f 334/369/337 357/395/359 336/371/339
f 357/395/359 355/393/357 336/371/339
f 336/371/339 355/393/357 338/373/341
f 353/391/355 340/375/343 355/393/357
f 355/393/357 340/375/343 338/373/341
f 353/391/355 350/390/354 340/375/343
f 340/375/343 350/390/354 342/377/345
f 344/380/348 342/377/345 348/388/352
f 348/388/352 342/377/345 350/390/354
f 341/653/346 343/654/347 152/171/155
f 152/171/155 343/654/347 149/169/153
f 339/376/344 341/378/346 154/655/157
f 154/655/157 341/378/346 152/656/155
f 339/376/344 154/655/157 337/374/342
f 337/374/342 154/655/157 156/657/159
f 335/658/340 337/659/342 158/177/161
f 158/177/161 337/659/342 156/175/159
f 333/660/338 335/658/340 160/179/163
f 160/179/163 335/658/340 158/177/161
f 331/661/336 333/660/338 162/181/165
f 162/181/165 333/660/338 160/179/163
f 329/662/334 331/661/336 164/183/167
f 164/183/167 331/661/336 162/181/165
f 327/663/332 329/662/334 166/185/169
f 166/185/169 329/662/334 164/183/167
f 325/664/330 327/663/332 168/187/171
f 168/187/171 327/663/332 166/185/169
f 324/665/327 325/664/330 170/189/173
f 170/189/173 325/664/330 168/187/171
f 322/666/325 324/665/327 172/191/175
f 172/191/175 324/665/327 170/189/173
f 320/667/323 322/666/325 174/193/177
f 174/193/177 322/666/325 172/191/175
f 318/668/321 320/667/323 176/195/179
f 176/195/179 320/667/323 174/193/177
f 316/669/319 318/668/321 178/197/181
f 178/197/181 318/668/321 176/195/179
f 314/670/317 316/669/319 180/199/183
f 180/199/183 316/669/319 178/197/181
f 312/671/315 314/670/317 182/201/185
f 182/201/185 314/670/317 180/199/183
f 310/672/313 312/671/315 184/203/187
f 184/203/187 312/671/315 182/201/185
f 308/673/311 310/672/313 186/205/189
f 186/205/189 310/672/313 184/203/187
f 306/674/309 308/673/311 187/208/192
f 187/208/192 308/673/311 186/205/189
f 304/675/307 306/674/309 190/209/193
f 190/209/193 306/674/309 187/208/192
f 301/676/306 304/675/307 192/211/195
f 192/211/195 304/675/307 190/209/193
f 301/334/306 192/214/195 298/332/304
f 298/332/304 192/214/195 193/213/197
f 297/331/303 298/332/304 195/218/200
f 195/218/200 298/332/304 193/213/197
f 293/326/298 295/328/300 200/219/201
f 200/219/201 295/328/300 199/220/202
f 291/325/296 293/326/298 202/223/205
f 202/223/205 293/326/298 200/219/201
f 289/320/294 291/322/296 203/677/208
f 203/677/208 291/322/296 202/678/205
f 289/320/294 203/677/208 287/318/292
f 287/318/292 203/677/208 205/679/210
f 287/318/292 205/679/210 285/315/289
f 285/315/289 205/679/210 207/680/212
f 1/3/3 2/4/4 286/316/290
f 286/316/290 2/4/4 288/317/291
f 207/680/212 209/681/214 285/315/289
f 285/315/289 209/681/214 283/314/288
f 5/6/6 1/3/3 284/313/287
f 284/313/287 1/3/3 286/316/290
f 209/681/214 211/682/216 283/314/288
f 283/314/288 211/682/216 281/312/286
f 7/8/8 5/6/6 282/311/285
f 282/311/285 5/6/6 284/313/287
f 211/682/216 213/683/218 281/312/286
f 281/312/286 213/683/218 279/310/284
f 9/10/10 7/8/8 280/309/283
f 280/309/283 7/8/8 282/311/285
f 213/683/218 215/684/220 279/310/284
f 279/310/284 215/684/220 277/308/282
f 11/12/12 9/10/10 278/307/281
f 278/307/281 9/10/10 280/309/283
f 215/684/220 217/685/222 277/308/282
f 277/308/282 217/685/222 275/306/280
f 13/14/14 11/12/12 276/305/279
f 276/305/279 11/12/12 278/307/281
f 217/685/222 219/686/224 275/306/280
f 275/306/280 219/686/224 273/304/278
f 15/16/16 13/14/14 274/303/277
f 274/303/277 13/14/14 276/305/279
f 219/686/224 221/687/226 273/304/278
f 273/304/278 221/687/226 271/302/276
f 17/18/18 15/16/16 272/301/275
f 272/301/275 15/16/16 274/303/277
f 221/246/226 223/248/228 271/688/276
f 271/688/276 223/248/228 269/689/274
f 19/20/20 17/18/18 270/299/273
f 270/299/273 17/18/18 272/301/275
f 223/248/228 225/250/230 269/689/274
f 269/689/274 225/250/230 267/690/272
f 21/22/22 19/20/20 268/297/271
f 268/297/271 19/20/20 270/299/273
f 225/250/230 227/252/232 267/690/272
f 267/690/272 227/252/232 265/691/270
f 23/692/24 21/22/22 266/294/269
f 266/294/269 21/22/22 268/297/271
f 227/252/232 229/254/234 265/691/270
f 265/691/270 229/254/234 263/292/268
f 25/28/26 23/25/24 264/693/267
f 264/693/267 23/25/24 266/694/269
f 229/254/234 231/256/236 263/292/268
f 263/292/268 231/256/236 261/290/266
f 27/30/28 25/28/26 262/695/265
f 262/695/265 25/28/26 264/693/267
f 231/256/236 233/258/238 261/290/266
f 261/290/266 233/258/238 259/288/264
f 29/32/30 27/30/28 260/696/263
f 260/696/263 27/30/28 262/695/265
f 233/258/238 235/260/240 259/288/264
f 259/288/264 235/260/240 257/286/262
f 31/34/32 29/32/30 258/697/261
f 258/697/261 29/32/30 260/696/263
f 235/260/240 237/262/242 257/286/262
f 257/286/262 237/262/242 255/284/260
f 33/36/34 31/34/32 256/698/259
f 256/698/259 31/34/32 258/697/261
f 239/264/244 253/282/258 237/262/242
f 237/262/242 253/282/258 255/284/260
f 33/36/34 256/698/259 35/38/36
f 35/38/36 256/698/259 254/699/257
f 241/266/246 251/279/255 239/264/244
f 239/264/244 251/279/255 253/282/258
f 37/40/38 35/38/36 252/700/256
f 252/700/256 35/38/36 254/699/257
f 251/279/255 241/266/246 250/277/251
f 250/277/251 241/266/246 243/267/247
f 37/40/38 252/700/256 40/42/40
f 40/42/40 252/700/256 249/701/254
f 246/270/249 244/269/248 551/702/551
f 551/702/551 244/269/248 553/703/552
f 552/704/553 551/702/551 554/705/554
f 554/705/554 551/702/551 553/703/552
f 554/706/554 553/707/552 556/708/555
f 556/708/555 553/707/552 555/709/556
f 556/708/555 555/709/556 558/710/557
f 558/710/557 555/709/556 557/711/558
f 558/710/557 557/711/558 560/712/559
f 560/712/559 557/711/558 559/713/560
f 562/714/561 560/712/559 561/715/562
f 561/715/562 560/712/559 559/713/560
f 564/716/563 562/714/561 563/717/564
f 563/717/564 562/714/561 561/715/562
f 566/718/565 564/716/563 565/719/566
f 565/719/566 564/716/563 563/717/564
f 568/720/567 566/718/565 567/721/568
f 567/721/568 566/718/565 565/719/566
f 570/722/569 568/720/567 569/723/570
f 569/723/570 568/720/567 567/721/568
f 572/724/571 570/722/569 571/725/572
f 571/725/572 570/722/569 569/723/570
f 574/726/573 572/724/571 573/727/574
f 573/727/574 572/724/571 571/725/572
f 576/728/575 574/726/573 575/729/576
f 575/729/576 574/726/573 573/727/574
f 576/728/575 575/729/576 578/730/577
f 578/730/577 575/729/576 577/731/578
f 580/732/579 578/730/577 579/733/580
f 579/733/580 578/730/577 577/731/578
f 582/734/581 580/732/579 581/735/582
f 581/735/582 580/732/579 579/733/580
f 584/736/583 582/734/581 583/737/584
f 583/737/584 582/734/581 581/735/582
f 586/738/585 584/736/583 585/739/586
f 585/739/586 584/736/583 583/737/584
f 588/740/587 586/738/585 587/741/588
f 587/741/588 586/738/585 585/739/586
f 590/742/589 588/740/587 589/743/590
f 589/743/590 588/740/587 587/741/588
f 591/744/591 590/742/589 592/745/592
f 592/745/592 590/742/589 589/743/590
f 594/746/593 593/747/594 592/745/592
f 592/745/592 593/747/594 591/744/591
f 596/748/595 595/749/596 594/746/593
f 594/746/593 595/749/596 593/747/594
f 596/750/595 598/751/597 595/752/596
f 595/752/596 598/751/597 597/753/598
f 598/751/597 600/754/599 597/753/598
f 597/753/598 600/754/599 599/755/600
f 599/755/600 602/756/601 597/753/598
f 597/753/598 602/756/601 601/757/602
f 602/756/601 196/217/199 601/757/602
f 601/757/602 196/217/199 194/215/198
f 601/757/602 603/758/603 597/753/598
f 597/753/598 603/758/603 595/752/596
f 194/215/198 191/216/196 601/757/602
f 601/757/602 191/216/196 603/758/603
f 197/221/203 198/222/204 598/751/597
f 598/751/597 198/222/204 600/754/599
f 603/759/603 604/760/604 595/749/596
f 595/749/596 604/760/604 593/747/594
f 189/210/194 604/760/604 191/212/196
f 191/212/196 604/760/604 603/759/603
f 197/221/203 598/751/597 201/224/206
f 201/224/206 598/751/597 596/750/595
f 604/760/604 605/761/605 593/747/594
f 593/747/594 605/761/605 591/744/591
f 189/210/194 188/207/191 604/760/604
f 604/760/604 188/207/191 605/761/605
f 596/748/595 594/746/593 201/225/206
f 201/225/206 594/746/593 204/226/207
f 605/761/605 606/762/606 591/744/591
f 591/744/591 606/762/606 590/742/589
f 605/761/605 188/207/191 606/762/606
f 606/762/606 188/207/191 185/206/190
f 594/746/593 592/745/592 204/226/207
f 204/226/207 592/745/592 206/229/209
f 606/762/606 607/763/607 590/742/589
f 590/742/589 607/763/607 588/740/587
f 185/206/190 183/204/188 606/762/606
f 606/762/606 183/204/188 607/763/607
f 592/745/592 589/743/590 206/229/209
f 206/229/209 589/743/590 208/231/211
f 607/763/607 608/764/608 588/740/587
f 588/740/587 608/764/608 586/738/585
f 183/204/188 181/202/186 607/763/607
f 607/763/607 181/202/186 608/764/608
f 589/743/590 587/741/588 208/231/211
f 208/231/211 587/741/588 210/233/213
f 608/764/608 609/765/609 586/738/585
f 586/738/585 609/765/609 584/736/583
f 181/202/186 179/200/184 608/764/608
f 608/764/608 179/200/184 609/765/609
f 587/741/588 585/739/586 210/233/213
f 210/233/213 585/739/586 212/235/215
f 609/765/609 610/766/610 584/736/583
f 584/736/583 610/766/610 582/734/581
f 177/198/182 610/766/610 179/200/184
f 179/200/184 610/766/610 609/765/609
f 585/739/586 583/737/584 212/235/215
f 212/235/215 583/737/584 214/237/217
f 610/766/610 611/767/611 582/734/581
f 582/734/581 611/767/611 580/732/579
f 177/198/182 175/196/180 610/766/610
f 610/766/610 175/196/180 611/767/611
f 583/737/584 581/735/582 214/237/217
f 214/237/217 581/735/582 216/239/219
f 611/767/611 612/768/612 580/732/579
f 580/732/579 612/768/612 578/730/577
f 175/196/180 173/194/178 611/767/611
f 611/767/611 173/194/178 612/768/612
f 581/735/582 579/733/580 216/239/219
f 216/239/219 579/733/580 218/241/221
f 612/768/612 613/769/613 578/730/577
f 578/730/577 613/769/613 576/728/575
f 173/194/178 171/192/176 612/768/612
f 612/768/612 171/192/176 613/769/613
f 579/733/580 577/731/578 218/241/221
f 218/241/221 577/731/578 220/243/223
f 613/769/613 614/770/614 576/728/575
f 576/728/575 614/770/614 574/726/573
f 171/192/176 169/190/174 613/769/613
f 613/769/613 169/190/174 614/770/614
f 577/731/578 575/729/576 220/243/223
f 220/243/223 575/729/576 222/245/225
f 614/770/614 615/771/615 574/726/573
f 574/726/573 615/771/615 572/724/571
f 169/190/174 167/188/172 614/770/614
f 614/770/614 167/188/172 615/771/615
f 575/729/576 573/727/574 222/245/225
f 222/245/225 573/727/574 224/247/227
f 615/771/615 616/772/616 572/724/571
f 572/724/571 616/772/616 570/722/569
f 167/188/172 165/186/170 615/771/615
f 615/771/615 165/186/170 616/772/616
f 573/727/574 571/725/572 224/247/227
f 224/247/227 571/725/572 226/249/229
f 616/772/616 617/773/617 570/722/569
f 570/722/569 617/773/617 568/720/567
f 165/186/170 163/184/168 616/772/616
f 616/772/616 163/184/168 617/773/617
f 571/725/572 569/723/570 226/249/229
f 226/249/229 569/723/570 228/251/231
f 617/773/617 618/774/618 568/720/567
f 568/720/567 618/774/618 566/718/565
f 163/184/168 161/182/166 617/773/617
f 617/773/617 161/182/166 618/774/618
f 569/723/570 567/721/568 228/251/231
f 228/251/231 567/721/568 230/253/233
f 618/774/618 619/775/619 566/718/565
f 566/718/565 619/775/619 564/716/563
f 161/182/166 159/180/164 618/774/618
f 618/774/618 159/180/164 619/775/619
f 567/721/568 565/719/566 230/253/233
f 230/253/233 565/719/566 232/255/235
f 619/775/619 620/776/620 564/716/563
f 564/716/563 620/776/620 562/714/561
f 159/180/164 157/178/162 619/775/619
f 619/775/619 157/178/162 620/776/620
f 565/719/566 563/717/564 232/255/235
f 232/255/235 563/717/564 234/257/237
f 620/776/620 621/777/621 562/714/561
f 562/714/561 621/777/621 560/712/559
f 157/178/162 155/176/160 620/776/620
f 620/776/620 155/176/160 621/777/621
f 563/717/564 561/715/562 234/257/237
f 234/257/237 561/715/562 236/259/239
f 622/778/622 558/710/557 621/777/621
f 621/777/621 558/710/557 560/712/559
f 153/174/158 622/778/622 155/176/160
f 155/176/160 622/778/622 621/777/621
f 561/715/562 559/713/560 236/259/239
f 236/259/239 559/713/560 238/261/241
f 623/779/623 556/708/555 622/778/622
f 622/778/622 556/708/555 558/710/557
f 151/172/156 623/779/623 153/174/158
f 153/174/158 623/779/623 622/778/622
f 557/711/558 240/263/243 559/713/560
f 559/713/560 240/263/243 238/261/241
f 554/706/554 556/708/555 624/780/624
f 624/780/624 556/708/555 623/779/623
f 623/779/623 151/172/156 624/780/624
f 624/780/624 151/172/156 150/170/154
f 555/709/556 242/265/245 557/711/558
f 557/711/558 242/265/245 240/263/243
f 244/268/248 242/265/245 553/707/552
f 553/707/552 242/265/245 555/709/556
f 552/704/553 554/705/554 625/781/625
f 625/781/625 554/705/554 624/782/624
f 624/782/624 150/168/154 625/781/625
f 625/781/625 150/168/154 147/166/152
f 626/783/626 627/784/627 628/785/628
f 628/785/628 627/784/627 629/786/629
f 628/787/628 629/788/629 631/789/630
f 631/789/630 629/788/629 630/790/631
f 633/791/632 631/792/630 632/793/633
f 632/793/633 631/792/630 630/794/631
f 635/795/634 633/791/632 634/796/635
f 634/796/635 633/791/632 632/793/633
f 637/797/636 635/795/634 636/798/637
f 636/798/637 635/795/634 634/796/635
f 639/799/638 637/797/636 638/800/639
f 638/800/639 637/797/636 636/798/637
f 641/801/640 639/799/638 640/802/641
f 640/802/641 639/799/638 638/800/639
f 643/803/642 641/801/640 642/804/643
f 642/804/643 641/801/640 640/802/641
f 645/805/644 643/803/642 644/806/645
f 644/806/645 643/803/642 642/804/643
f 647/807/646 645/805/644 646/808/647
f 646/808/647 645/805/644 644/806/645
f 649/809/648 647/807/646 648/810/649
f 648/810/649 647/807/646 646/808/647
f 651/811/650 649/812/648 650/813/651
f 650/813/651 649/812/648 648/814/649
f 653/815/652 651/811/650 652/816/653
f 652/816/653 651/811/650 650/813/651
f 655/817/654 653/815/652 654/818/655
f 654/818/655 653/815/652 652/816/653
f 657/819/656 655/817/654 656/820/657
f 656/820/657 655/817/654 654/818/655
f 656/820/657 659/821/658 657/819/656
f 657/819/656 659/821/658 658/822/659
f 659/821/658 661/823/660 658/822/659
f 658/822/659 661/823/660 660/824/661
f 661/823/660 663/825/662 660/824/661
f 660/824/661 663/825/662 662/826/663
f 665/827/664 664/828/665 663/825/662
f 663/825/662 664/828/665 662/826/663
f 667/829/666 666/830/667 665/827/664
f 665/827/664 666/830/667 664/828/665
f 667/829/666 669/831/668 666/830/667
f 666/830/667 669/831/668 668/832/669
f 669/831/668 671/833/670 668/832/669
f 668/832/669 671/833/670 670/834/671
f 671/833/670 673/835/672 670/834/671
f 670/834/671 673/835/672 672/836/673
f 675/837/674 672/838/673 674/839/675
f 674/839/675 672/838/673 673/840/672
f 672/838/673 675/837/674 90/99/89
f 90/99/89 675/837/674 92/100/91
f 674/839/675 673/840/672 676/841/676
f 676/841/676 673/840/672 677/842/677
f 676/841/676 677/842/677 96/103/93
f 96/103/93 677/842/677 95/104/94
f 297/331/303 195/218/200 1125/331/678
f 300/329/301 297/331/303 1125/329/678
f 475/541/479 476/540/478 1125/541/678
f 398/440/400 549/647/550 1125/440/678
f 674/839/675 676/841/676 1125/839/678
f 198/222/204 199/220/202 1125/222/678
f 602/756/601 599/755/600 1125/756/678
f 96/103/93 93/105/95 1125/103/678
f 394/438/398 395/437/397 1125/438/678
f 549/647/550 475/541/479 1125/647/678
f 395/437/397 300/329/301 1125/437/678
f 295/328/300 296/327/299 1125/328/678
f 599/755/600 600/754/599 1125/755/678
f 93/105/95 480/542/480 1125/105/678
f 92/100/91 675/837/674 1125/100/678
f 296/327/299 397/442/402 1125/327/678
f 195/218/200 196/217/199 1125/218/678
f 675/837/674 674/839/675 1125/837/678
f 548/645/548 394/438/398 1125/645/678
f 91/102/92 92/100/91 1125/102/678
f 600/754/599 198/222/204 1125/754/678
f 477/544/482 548/645/548 1125/544/678
f 480/542/480 477/544/482 1125/542/678
f 476/540/478 91/102/92 1125/540/678
f 397/442/402 398/440/400 1125/442/678
f 199/220/202 295/328/300 1125/220/678
f 670/834/671 672/836/673 88/95/87
f 88/95/87 672/836/673 90/97/89
f 673/835/672 671/833/670 677/843/677
f 677/843/677 671/833/670 678/844/679
f 677/843/677 678/844/679 95/107/94
f 95/107/94 678/844/679 98/108/97
f 668/832/669 670/834/671 86/93/85
f 86/93/85 670/834/671 88/95/87
f 669/831/668 679/845/680 671/833/670
f 671/833/670 679/845/680 678/844/679
f 679/845/680 100/111/99 678/844/679
f 678/844/679 100/111/99 98/108/97
f 666/830/667 668/832/669 84/90/83
f 84/90/83 668/832/669 86/93/85
f 667/829/666 680/846/681 669/831/668
f 669/831/668 680/846/681 679/845/680
f 680/846/681 102/113/101 679/845/680
f 679/845/680 102/113/101 100/111/99
f 666/830/667 84/90/83 664/828/665
f 664/828/665 84/90/83 82/89/81
f 665/827/664 681/847/682 667/829/666
f 667/829/666 681/847/682 680/846/681
f 681/847/682 104/115/103 680/846/681
f 680/846/681 104/115/103 102/113/101
f 664/828/665 82/89/81 662/826/663
f 662/826/663 82/89/81 80/848/79
f 663/825/662 682/849/683 665/827/664
f 665/827/664 682/849/683 681/847/682
f 682/849/683 106/117/105 681/847/682
f 681/847/682 106/117/105 104/115/103
f 660/824/661 662/826/663 78/850/77
f 78/850/77 662/826/663 80/848/79
f 661/823/660 683/851/684 663/825/662
f 663/825/662 683/851/684 682/849/683
f 683/851/684 108/119/107 682/849/683
f 682/849/683 108/119/107 106/117/105
f 658/852/659 660/853/661 75/82/76
f 75/82/76 660/853/661 78/83/77
f 659/821/658 684/854/685 661/823/660
f 661/823/660 684/854/685 683/851/684
f 684/854/685 110/121/109 683/851/684
f 683/851/684 110/121/109 108/119/107
f 75/82/76 73/80/74 658/852/659
f 658/852/659 73/80/74 657/855/656
f 656/820/657 685/856/686 659/821/658
f 659/821/658 685/856/686 684/854/685
f 112/123/111 110/121/109 685/856/686
f 685/856/686 110/121/109 684/854/685
f 73/80/74 71/78/72 657/855/656
f 657/855/656 71/78/72 655/857/654
f 654/818/655 686/858/687 656/820/657
f 656/820/657 686/858/687 685/856/686
f 686/858/687 114/125/113 685/856/686
f 685/856/686 114/125/113 112/123/111
f 71/78/72 69/76/70 655/857/654
f 655/857/654 69/76/70 653/859/652
f 652/816/653 687/860/688 654/818/655
f 654/818/655 687/860/688 686/858/687
f 687/860/688 116/127/115 686/858/687
f 686/858/687 116/127/115 114/125/113
f 69/76/70 67/74/68 653/859/652
f 653/859/652 67/74/68 651/861/650
f 650/813/651 688/862/689 652/816/653
f 652/816/653 688/862/689 687/860/688
f 688/862/689 118/129/117 687/860/688
f 687/860/688 118/129/117 116/127/115
f 67/74/68 65/72/66 651/861/650
f 651/861/650 65/72/66 649/809/648
f 648/814/649 689/863/690 650/813/651
f 650/813/651 689/863/690 688/862/689
f 689/863/690 120/131/119 688/862/689
f 688/862/689 120/131/119 118/129/117
f 65/72/66 63/70/64 649/809/648
f 649/809/648 63/70/64 647/807/646
f 646/864/647 690/865/691 648/814/649
f 648/814/649 690/865/691 689/863/690
f 690/865/691 122/133/121 689/863/690
f 689/863/690 122/133/121 120/131/119
f 63/70/64 61/68/62 647/807/646
f 647/807/646 61/68/62 645/805/644
f 644/866/645 691/867/692 646/864/647
f 646/864/647 691/867/692 690/865/691
f 691/867/692 124/135/123 690/865/691
f 690/865/691 124/135/123 122/133/121
f 61/68/62 59/66/60 645/805/644
f 645/805/644 59/66/60 643/803/642
f 642/868/643 692/869/693 644/866/645
f 644/866/645 692/869/693 691/867/692
f 692/869/693 126/137/125 691/867/692
f 691/867/692 126/137/125 124/135/123
f 59/66/60 57/64/58 643/803/642
f 643/803/642 57/64/58 641/801/640
f 640/870/641 693/871/694 642/868/643
f 642/868/643 693/871/694 692/869/693
f 693/871/694 128/139/127 692/869/693
f 692/869/693 128/139/127 126/137/125
f 57/64/58 55/62/56 641/801/640
f 641/801/640 55/62/56 639/799/638
f 638/872/639 694/873/695 640/870/641
f 640/870/641 694/873/695 693/871/694
f 694/873/695 130/141/129 693/871/694
f 693/871/694 130/141/129 128/139/127
f 55/62/56 53/60/54 639/799/638
f 639/799/638 53/60/54 637/797/636
f 636/874/637 695/875/696 638/872/639
f 638/872/639 695/875/696 694/873/695
f 695/875/696 132/143/131 694/873/695
f 694/873/695 132/143/131 130/141/129
f 53/60/54 51/58/52 637/797/636
f 637/797/636 51/58/52 635/795/634
f 634/876/635 696/877/697 636/874/637
f 636/874/637 696/877/697 695/875/696
f 696/877/697 134/145/133 695/875/696
f 695/875/696 134/145/133 132/143/131
f 51/58/52 49/56/50 635/795/634
f 635/795/634 49/56/50 633/791/632
f 697/878/698 696/877/697 632/879/633
f 632/879/633 696/877/697 634/876/635
f 136/148/136 134/145/133 697/878/698
f 697/878/698 134/145/133 696/877/697
f 49/56/50 47/54/48 633/791/632
f 633/791/632 47/54/48 631/792/630
f 698/880/699 697/878/698 630/790/631
f 630/790/631 697/878/698 632/879/633
f 138/150/138 136/148/136 698/880/699
f 698/880/699 136/148/136 697/878/698
f 631/792/630 47/54/48 628/881/628
f 628/881/628 47/54/48 46/52/46
f 698/880/699 630/790/631 699/882/700
f 699/882/700 630/790/631 629/788/629
f 140/151/139 138/150/138 699/882/700
f 699/882/700 138/150/138 698/880/699
f 628/785/628 46/50/46 626/783/626
f 626/783/626 46/50/46 44/48/44
f 699/883/700 629/786/629 700/884/701
f 700/884/701 629/786/629 627/784/627
f 141/156/142 140/154/139 700/884/701
f 700/884/701 140/154/139 699/883/700
f 448/495/450 41/45/41 447/497/451
f 41/45/41 42/46/42 447/497/451
f 42/46/42 248/275/253 447/497/451
f 248/275/253 247/274/252 447/497/451
f 247/274/252 245/272/250 447/497/451
f 245/272/250 246/270/249 447/497/451
f 246/270/249 551/702/551 447/497/451
f 551/702/551 552/704/553 447/497/451
f 552/704/553 625/781/625 447/497/451
f 625/781/625 147/166/152 447/497/451
f 147/166/152 148/165/151 447/497/451
f 148/165/151 345/384/350 447/497/451
f 447/497/451 345/384/350 449/499/453
f 345/384/350 346/382/349 449/499/453
f 346/382/349 347/385/351 449/499/453
f 347/385/351 146/163/149 449/499/453
f 146/163/149 145/161/147 449/499/453
f 145/161/147 144/159/145 449/499/453
f 144/159/145 143/157/143 449/499/453
f 143/157/143 142/155/141 449/499/453
f 142/155/141 141/156/142 449/499/453
f 141/156/142 700/884/701 449/499/453
f 700/884/701 627/784/627 449/499/453
f 627/784/627 626/783/626 449/499/453
f 449/499/453 626/783/626 43/47/43
f 626/783/626 44/48/44 43/47/43
f 704/885/702 703/886/703 701/887/704
f 701/887/704 703/886/703 702/888/705
f 702/888/705 703/886/703 705/889/706
f 705/889/706 703/886/703 706/890/707
f 706/891/707 708/892/708 705/893/706
f 705/893/706 708/892/708 707/894/709
f 710/895/710 709/896/711 711/897/712
f 711/897/712 709/896/711 712/898/713
f 711/899/712 712/900/713 713/901/714
f 713/901/714 712/900/713 714/902/715
f 714/902/715 716/903/716 713/901/714
f 713/901/714 716/903/716 715/904/717
f 715/904/717 716/903/716 744/905/718
f 744/905/718 716/903/716 745/906/719
f 716/907/716 717/908/720 745/909/719
f 745/909/719 717/908/720 746/910/721
f 717/908/720 718/911/722 746/910/721
f 746/910/721 718/911/722 747/912/723
f 719/913/724 748/914/725 718/911/722
f 718/911/722 748/914/725 747/912/723
f 719/913/724 720/915/726 748/914/725
f 748/914/725 720/915/726 749/916/727
f 720/915/726 721/917/728 749/916/727
f 749/916/727 721/917/728 750/918/729
f 721/917/728 722/919/730 750/918/729
f 750/918/729 722/919/730 751/920/731
f 722/919/730 723/921/732 751/920/731
f 751/920/731 723/921/732 752/922/733
f 724/923/734 753/924/735 723/925/732
f 723/925/732 753/924/735 752/926/733
f 724/923/734 725/927/736 753/924/735
f 753/924/735 725/927/736 754/928/737
f 726/929/738 755/930/739 725/927/736
f 725/927/736 755/930/739 754/928/737
f 727/931/740 728/932/741 726/929/738
f 726/929/738 728/932/741 755/930/739
f 704/885/702 729/933/742 727/931/740
f 727/931/740 729/933/742 728/932/741
f 729/933/742 704/885/702 730/934/743
f 730/934/743 704/885/702 701/887/704
f 731/935/744 730/934/743 809/936/745
f 809/936/745 730/934/743 701/887/704
f 732/937/746 731/935/744 807/938/747
f 807/938/747 731/935/744 809/936/745
f 733/939/748 732/940/746 805/941/749
f 805/941/749 732/940/746 807/942/747
f 734/943/750 733/939/748 803/944/751
f 803/944/751 733/939/748 805/941/749
f 735/945/752 734/943/750 801/946/753
f 801/946/753 734/943/750 803/944/751
f 735/945/752 801/946/753 736/947/754
f 736/947/754 801/946/753 799/948/755
f 736/947/754 799/948/755 737/949/756
f 737/949/756 799/948/755 797/950/757
f 738/951/758 737/949/756 795/952/759
f 795/952/759 737/949/756 797/950/757
f 739/953/760 738/951/758 793/954/761
f 793/954/761 738/951/758 795/952/759
f 740/955/762 739/953/760 791/956/763
f 791/956/763 739/953/760 793/954/761
f 741/957/764 740/955/762 789/958/765
f 789/958/765 740/955/762 791/956/763
f 741/959/764 789/960/765 742/961/766
f 742/961/766 789/960/765 785/962/767
f 743/963/768 742/961/766 784/964/769
f 784/964/769 742/961/766 785/962/767
f 715/904/717 744/905/718 784/964/769
f 784/964/769 744/905/718 743/963/768
f 743/965/768 744/966/718 772/967/770
f 772/967/770 744/966/718 783/968/771
f 744/966/718 745/969/719 783/968/771
f 783/968/771 745/969/719 782/970/772
f 746/971/721 781/972/773 745/969/719
f 745/969/719 781/972/773 782/970/772
f 747/973/723 780/974/774 746/971/721
f 746/971/721 780/974/774 781/972/773
f 747/973/723 748/975/725 780/974/774
f 780/974/774 748/975/725 779/976/775
f 749/977/727 778/978/776 748/975/725
f 748/975/725 778/978/776 779/976/775
f 750/979/729 777/980/777 749/977/727
f 749/977/727 777/980/777 778/978/776
f 751/981/731 776/982/778 750/979/729
f 750/979/729 776/982/778 777/980/777
f 751/981/731 752/983/733 776/982/778
f 776/982/778 752/983/733 775/984/779
f 752/983/733 753/985/735 775/984/779
f 775/984/779 753/985/735 774/986/780
f 753/985/735 754/987/737 774/986/780
f 774/986/780 754/987/737 773/988/781
f 754/987/737 755/989/739 773/988/781
f 773/988/781 755/989/739 756/990/782
f 728/991/741 757/992/783 755/989/739
f 755/989/739 757/992/783 756/990/782
f 758/993/784 757/992/783 729/994/742
f 729/994/742 757/992/783 728/991/741
f 759/995/785 758/993/784 730/996/743
f 730/996/743 758/993/784 729/994/742
f 760/997/786 759/995/785 731/998/744
f 731/998/744 759/995/785 730/996/743
f 761/999/787 760/997/786 732/1000/746
f 732/1000/746 760/997/786 731/998/744
f 762/1001/788 761/999/787 733/1002/748
f 733/1002/748 761/999/787 732/1000/746
f 762/1001/788 733/1002/748 763/1003/789
f 763/1003/789 733/1002/748 734/1004/750
f 763/1003/789 734/1004/750 764/1005/790
f 764/1005/790 734/1004/750 735/1006/752
f 764/1005/790 735/1006/752 765/1007/791
f 765/1007/791 735/1006/752 736/1008/754
f 765/1007/791 736/1008/754 766/1009/792
f 766/1009/792 736/1008/754 737/1010/756
f 767/1011/793 766/1009/792 738/1012/758
f 738/1012/758 766/1009/792 737/1010/756
f 768/1013/794 767/1011/793 739/1014/760
f 739/1014/760 767/1011/793 738/1012/758
f 769/1015/795 768/1013/794 740/1016/762
f 740/1016/762 768/1013/794 739/1014/760
f 770/1017/796 769/1015/795 741/1018/764
f 741/1018/764 769/1015/795 740/1016/762
f 770/1017/796 741/1018/764 771/1019/797
f 771/1019/797 741/1018/764 742/1020/766
f 743/965/768 772/967/770 742/1020/766
f 742/1020/766 772/967/770 771/1019/797
f 763/1003/789 764/1005/790 762/1001/788
f 764/1005/790 765/1007/791 762/1001/788
f 765/1007/791 766/1009/792 762/1001/788
f 766/1009/792 767/1011/793 762/1001/788
f 767/1011/793 768/1013/794 762/1001/788
f 768/1013/794 769/1015/795 762/1001/788
f 769/1015/795 770/1017/796 762/1001/788
f 770/1017/796 771/1019/797 762/1001/788
f 771/1019/797 772/967/770 762/1001/788
f 772/967/770 783/968/771 762/1001/788
f 783/968/771 782/970/772 762/1001/788
f 782/970/772 781/972/773 762/1001/788
f 781/972/773 780/974/774 762/1001/788
f 780/974/774 779/976/775 762/1001/788
f 779/976/775 778/978/776 762/1001/788
f 778/978/776 777/980/777 762/1001/788
f 777/980/777 776/982/778 762/1001/788
f 776/982/778 775/984/779 762/1001/788
f 775/984/779 774/986/780 762/1001/788
f 774/986/780 773/988/781 762/1001/788
f 773/988/781 756/990/782 762/1001/788
f 756/990/782 757/992/783 762/1001/788
f 757/992/783 758/993/784 762/1001/788
f 758/993/784 759/995/785 762/1001/788
f 762/1001/788 759/995/785 761/999/787
f 759/995/785 760/997/786 761/999/787
f 787/1021/798 786/1022/799 785/962/767
f 785/962/767 786/1022/799 784/964/769
f 787/1021/798 785/962/767 788/1023/800
f 788/1023/800 785/962/767 789/960/765
f 788/1023/800 789/960/765 790/1024/801
f 790/1024/801 789/960/765 791/1025/763
f 791/956/763 793/954/761 790/1026/801
f 790/1026/801 793/954/761 792/1027/802
f 792/1027/802 793/954/761 794/1028/803
f 794/1028/803 793/954/761 795/952/759
f 794/1028/803 795/952/759 796/1029/804
f 796/1029/804 795/952/759 797/950/757
f 797/950/757 799/948/755 796/1029/804
f 796/1029/804 799/948/755 798/1030/805
f 799/948/755 801/946/753 798/1030/805
f 798/1030/805 801/946/753 800/1031/806
f 801/946/753 803/944/751 800/1031/806
f 800/1031/806 803/944/751 802/1032/807
f 805/941/749 804/1033/808 803/944/751
f 803/944/751 804/1033/808 802/1032/807
f 807/942/747 806/1034/809 805/941/749
f 805/941/749 806/1034/809 804/1033/808
f 809/936/745 808/1035/810 807/938/747
f 807/938/747 808/1035/810 806/1036/809
f 701/887/704 702/888/705 809/936/745
f 809/936/745 702/888/705 808/1035/810
f 808/1035/810 811/1037/811 806/1036/809
f 806/1036/809 811/1037/811 810/1038/812
f 811/1039/811 813/1040/813 810/1041/812
f 810/1041/812 813/1040/813 812/1042/814
f 814/1043/815 815/1044/816 816/1045/817
f 816/1045/817 815/1044/816 817/1046/818
f 816/1047/817 817/1048/818 787/1021/798
f 787/1021/798 817/1048/818 786/1022/799
f 711/899/712 713/901/714 817/1048/818
f 817/1048/818 713/901/714 786/1022/799
f 818/1049/819 816/1047/817 788/1023/800
f 788/1023/800 816/1047/817 787/1021/798
f 819/1050/820 818/1049/819 790/1024/801
f 790/1024/801 818/1049/819 788/1023/800
f 820/1051/821 819/1052/820 792/1027/802
f 792/1027/802 819/1052/820 790/1026/801
f 821/1053/822 820/1051/821 794/1028/803
f 794/1028/803 820/1051/821 792/1027/802
f 822/1054/823 821/1053/822 796/1029/804
f 796/1029/804 821/1053/822 794/1028/803
f 823/1055/824 822/1054/823 798/1030/805
f 798/1030/805 822/1054/823 796/1029/804
f 824/1056/825 823/1055/824 800/1031/806
f 800/1031/806 823/1055/824 798/1030/805
f 824/1056/825 800/1031/806 825/1057/826
f 825/1057/826 800/1031/806 802/1032/807
f 825/1057/826 802/1032/807 826/1058/827
f 826/1058/827 802/1032/807 804/1033/808
f 806/1036/809 810/1038/812 804/1059/808
f 804/1059/808 810/1038/812 826/1060/827
f 825/1061/826 826/1062/827 827/1063/828
f 827/1063/828 826/1062/827 828/1064/829
f 829/1065/830 830/1066/831 819/1067/820
f 819/1067/820 830/1066/831 818/1068/819
f 829/1065/830 819/1067/820 831/1069/832
f 831/1069/832 819/1067/820 820/1070/821
f 832/1071/833 831/1069/832 821/1072/822
f 821/1072/822 831/1069/832 820/1070/821
f 833/1073/834 832/1071/833 822/1074/823
f 822/1074/823 832/1071/833 821/1072/822
f 834/1075/835 833/1073/834 823/1076/824
f 823/1076/824 833/1073/834 822/1074/823
f 835/1077/836 834/1075/835 824/1078/825
f 824/1078/825 834/1075/835 823/1076/824
f 827/1063/828 835/1077/836 825/1061/826
f 825/1061/826 835/1077/836 824/1078/825
f 830/1066/831 814/1043/815 818/1068/819
f 818/1068/819 814/1043/815 816/1045/817
f 810/1041/812 812/1042/814 826/1062/827
f 826/1062/827 812/1042/814 828/1064/829
f 710/895/710 711/897/712 815/1044/816
f 815/1044/816 711/897/712 817/1046/818
f 705/893/706 707/894/709 811/1039/811
f 811/1039/811 707/894/709 813/1040/813
f 702/888/705 705/889/706 808/1035/810
f 808/1035/810 705/889/706 811/1037/811
f 786/1022/799 713/901/714 784/964/769
f 784/964/769 713/901/714 715/904/717
f 726/929/738 837/1079/837 727/931/740
f 727/931/740 837/1079/837 836/1080/838
f 836/1080/838 837/1079/837 838/1081/839
f 838/1081/839 837/1079/837 839/1082/840
f 838/1083/839 839/1084/840 840/1085/841
f 840/1085/841 839/1084/840 841/1086/842
f 843/1087/843 842/1088/844 844/1089/845
f 844/1089/845 842/1088/844 845/1090/846
f 845/1091/846 847/1092/847 844/1093/845
f 844/1093/845 847/1092/847 846/1094/848
f 846/1094/848 847/1092/847 717/908/720
f 717/908/720 847/1092/847 718/911/722
f 844/1095/845 846/1096/848 712/900/713
f 712/900/713 846/1096/848 714/902/715
f 848/1097/849 847/1092/847 850/1098/850
f 850/1098/850 847/1092/847 845/1091/846
f 849/1099/851 848/1097/849 851/1100/852
f 851/1100/852 848/1097/849 850/1098/850
f 851/1101/852 850/1102/850 852/1103/853
f 852/1103/853 850/1102/850 853/1104/854
f 855/1105/855 854/1106/856 857/1107/857
f 857/1107/857 854/1106/856 856/1108/858
f 857/1109/857 856/1110/858 858/1111/859
f 858/1111/859 856/1110/858 859/1112/860
f 859/1112/860 725/927/736 858/1111/859
f 858/1111/859 725/927/736 724/923/734
f 858/1111/859 724/923/734 860/1113/861
f 860/1113/861 724/923/734 723/925/732
f 858/1111/859 860/1113/861 857/1109/857
f 857/1109/857 860/1113/861 868/1114/862
f 860/1113/861 861/1115/863 868/1114/862
f 868/1114/862 861/1115/863 864/1116/864
f 860/1113/861 723/925/732 861/1115/863
f 861/1115/863 723/925/732 722/1117/730
f 861/1118/863 862/1119/865 864/1120/864
f 864/1120/864 862/1119/865 863/1121/866
f 861/1118/863 722/919/730 862/1119/865
f 862/1119/865 722/919/730 721/917/728
f 862/1119/865 721/917/728 849/1099/851
f 849/1099/851 721/917/728 720/915/726
f 862/1119/865 849/1099/851 863/1121/866
f 863/1121/866 849/1099/851 851/1100/852
f 864/1122/864 863/1123/866 865/1124/867
f 865/1124/867 863/1123/866 866/1125/868
f 864/1122/864 865/1124/867 868/1126/862
f 868/1126/862 865/1124/867 867/1127/869
f 867/1127/869 865/1124/867 855/1105/855
f 865/1124/867 866/1125/868 855/1105/855
f 866/1125/868 852/1103/853 855/1105/855
f 852/1103/853 853/1104/854 855/1105/855
f 853/1104/854 842/1088/844 855/1105/855
f 842/1088/844 843/1087/843 855/1105/855
f 855/1105/855 843/1087/843 854/1106/856
f 843/1087/843 709/896/711 854/1106/856
f 709/896/711 710/895/710 854/1106/856
f 710/895/710 815/1044/816 854/1106/856
f 815/1044/816 814/1043/815 854/1106/856
f 814/1043/815 830/1066/831 854/1106/856
f 830/1066/831 829/1065/830 854/1106/856
f 829/1065/830 831/1069/832 854/1106/856
f 831/1069/832 832/1071/833 854/1106/856
f 832/1071/833 833/1073/834 854/1106/856
f 833/1073/834 834/1075/835 854/1106/856
f 834/1075/835 835/1077/836 854/1106/856
f 835/1077/836 827/1063/828 854/1106/856
f 827/1063/828 828/1064/829 854/1106/856
f 828/1064/829 812/1042/814 854/1106/856
f 812/1042/814 813/1040/813 854/1106/856
f 813/1040/813 707/894/709 854/1106/856
f 707/894/709 708/892/708 854/1106/856
f 854/1106/856 708/892/708 841/1086/842
f 708/892/708 840/1085/841 841/1086/842
f 855/1105/855 857/1107/857 867/1127/869
f 867/1127/869 857/1107/857 868/1126/862
f 852/1103/853 866/1125/868 851/1101/852
f 851/1101/852 866/1125/868 863/1123/866
f 837/1079/837 859/1112/860 839/1082/840
f 839/1082/840 859/1112/860 856/1110/858
f 837/1079/837 726/929/738 859/1112/860
f 859/1112/860 726/929/738 725/927/736
f 841/1086/842 839/1084/840 854/1106/856
f 854/1106/856 839/1084/840 856/1108/858
f 845/1090/846 842/1088/844 850/1102/850
f 850/1102/850 842/1088/844 853/1104/854
f 849/1099/851 720/915/726 848/1097/849
f 848/1097/849 720/915/726 719/913/724
f 847/1092/847 848/1097/849 718/911/722
f 718/911/722 848/1097/849 719/913/724
f 844/1089/845 712/898/713 843/1087/843
f 843/1087/843 712/898/713 709/896/711
f 838/1083/839 840/1085/841 706/891/707
f 706/891/707 840/1085/841 708/892/708
f 838/1081/839 706/890/707 836/1080/838
f 836/1080/838 706/890/707 703/886/703
f 704/885/702 727/931/740 703/886/703
f 703/886/703 727/931/740 836/1080/838
f 714/1128/715 846/1094/848 716/907/716
f 716/907/716 846/1094/848 717/908/720
f 872/1129/870 871/1130/871 869/1131/872
f 869/1131/872 871/1130/871 870/1132/873
f 871/1130/871 874/1133/874 870/1132/873
f 870/1132/873 874/1133/874 873/1134/875
f 873/1134/875 874/1133/874 876/1135/876
f 876/1135/876 874/1133/874 875/1136/877
f 875/1137/877 997/1138/878 876/1139/876
f 876/1139/876 997/1138/878 998/1140/879
f 877/1141/880 1011/1142/881 878/1143/882
f 878/1143/882 1011/1142/881 1012/1144/883
f 877/1145/880 878/1146/882 879/1147/884
f 879/1147/884 878/1146/882 880/1148/885
f 882/1149/886 881/1150/887 880/1148/885
f 880/1148/885 881/1150/887 879/1147/884
f 884/1151/888 883/1152/889 882/1149/886
f 882/1149/886 883/1152/889 881/1150/887
f 881/1150/887 886/1153/890 879/1147/884
f 879/1147/884 886/1153/890 885/1154/891
f 883/1152/889 887/1155/892 881/1150/887
f 881/1150/887 887/1155/892 886/1153/890
f 887/1156/892 889/1157/893 886/1158/890
f 886/1158/890 889/1157/893 888/1159/894
f 891/1160/895 890/1161/896 1020/1162/897
f 1020/1162/897 890/1161/896 1019/1163/898
f 891/1164/895 885/1154/891 890/1165/896
f 890/1165/896 885/1154/891 892/1166/899
f 890/1165/896 892/1166/899 900/1167/900
f 900/1167/900 892/1166/899 893/1168/901
f 893/1169/901 892/1170/899 894/1171/902
f 894/1171/902 892/1170/899 888/1159/894
f 895/1172/903 893/1169/901 896/1173/904
f 896/1173/904 893/1169/901 894/1171/902
f 898/1174/905 896/1173/904 897/1175/906
f 897/1175/906 896/1173/904 894/1171/902
f 900/1176/900 899/1177/907 1028/1178/908
f 1028/1178/908 899/1177/907 1027/1179/909
f 899/1180/907 900/1167/900 895/1181/903
f 895/1181/903 900/1167/900 893/1168/901
f 899/1182/907 895/1172/903 901/1183/910
f 901/1183/910 895/1172/903 902/1184/911
f 901/1183/910 902/1184/911 908/1185/912
f 908/1185/912 902/1184/911 903/1186/913
f 903/1186/913 902/1184/911 905/1187/914
f 905/1187/914 902/1184/911 904/1188/915
f 907/1189/916 905/1187/914 906/1190/917
f 906/1190/917 905/1187/914 904/1188/915
f 901/1191/910 908/1192/912 1036/1193/918
f 1036/1193/918 908/1192/912 1035/1194/919
f 909/1195/920 1044/1196/921 908/1192/912
f 908/1192/912 1044/1196/921 1035/1194/919
f 909/1197/920 908/1185/912 911/1198/922
f 911/1198/922 908/1185/912 903/1186/913
f 910/1199/923 909/1197/920 912/1200/924
f 912/1200/924 909/1197/920 911/1198/922
f 912/1200/924 911/1198/922 914/1201/925
f 914/1201/925 911/1198/922 913/1202/926
f 916/1203/927 914/1201/925 915/1204/928
f 915/1204/928 914/1201/925 913/1202/926
f 917/1205/929 1052/1206/930 910/1207/923
f 910/1207/923 1052/1206/930 1043/1208/931
f 917/1205/929 918/1209/932 1052/1206/930
f 1052/1206/930 918/1209/932 1051/1210/933
f 918/1209/932 917/1205/929 920/1211/934
f 920/1211/934 917/1205/929 919/1212/935
f 920/1213/934 919/1214/935 922/1215/936
f 922/1215/936 919/1214/935 921/1216/937
f 924/1217/938 922/1215/936 923/1218/939
f 923/1218/939 922/1215/936 921/1216/937
f 926/1219/940 925/1220/941 1053/1221/942
f 1053/1221/942 925/1220/941 1062/1222/943
f 926/1219/940 928/1223/944 925/1220/941
f 925/1220/941 928/1223/944 927/1224/945
f 928/1225/944 930/1226/946 927/1227/945
f 927/1227/945 930/1226/946 929/1228/947
f 930/1226/946 932/1229/948 929/1228/947
f 929/1228/947 932/1229/948 931/1230/949
f 933/1231/950 934/1232/951 1061/1233/952
f 1061/1233/952 934/1232/951 1063/1234/953
f 933/1231/950 936/1235/954 934/1232/951
f 934/1232/951 936/1235/954 935/1236/955
f 938/1237/956 937/1238/957 936/1239/954
f 936/1239/954 937/1238/957 935/1240/955
f 938/1237/956 940/1241/958 937/1238/957
f 937/1238/957 940/1241/958 939/1242/959
f 941/1243/960 942/1244/961 1071/1245/962
f 1071/1245/962 942/1244/961 1072/1246/963
f 942/1244/961 941/1243/960 943/1247/964
f 943/1247/964 941/1243/960 944/1248/965
f 944/1249/965 946/1250/966 943/1251/964
f 943/1251/964 946/1250/966 945/1252/967
f 946/1250/966 948/1253/968 945/1252/967
f 945/1252/967 948/1253/968 947/1254/969
f 950/1255/970 1081/1256/971 949/1257/972
f 949/1257/972 1081/1256/971 1080/1258/973
f 950/1255/970 949/1257/972 951/1259/974
f 951/1259/974 949/1257/972 952/1260/975
f 952/1261/975 954/1262/976 951/1263/974
f 951/1263/974 954/1262/976 953/1264/977
f 954/1262/976 956/1265/978 953/1264/977
f 953/1264/977 956/1265/978 955/1266/979
f 957/1267/980 958/1268/981 1090/1269/982
f 1090/1269/982 958/1268/981 1091/1270/983
f 957/1267/980 959/1271/984 958/1268/981
f 958/1268/981 959/1271/984 960/1272/985
f 962/1273/986 960/1274/985 961/1275/987
f 961/1275/987 960/1274/985 959/1276/984
f 964/1277/988 962/1273/986 963/1278/989
f 963/1278/989 962/1273/986 961/1275/987
f 965/1279/990 966/1280/991 1099/1281/992
f 1099/1281/992 966/1280/991 1100/1282/993
f 965/1279/990 967/1283/994 966/1280/991
f 966/1280/991 967/1283/994 968/1284/995
f 970/1285/996 968/1286/995 969/1287/997
f 969/1287/997 968/1286/995 967/1288/994
f 972/1289/998 970/1285/996 971/1290/999
f 971/1290/999 970/1285/996 969/1287/997
f 974/1291/1000 973/1292/1001 972/1289/998
f 972/1289/998 973/1292/1001 970/1285/996
f 976/1293/1002 975/1294/1003 1108/1295/1004
f 1108/1295/1004 975/1294/1003 1107/1296/1005
f 975/1294/1003 976/1293/1002 978/1297/1006
f 978/1297/1006 976/1293/1002 977/1298/1007
f 979/1299/1008 978/1300/1006 973/1292/1001
f 973/1292/1001 978/1300/1006 977/1301/1007
f 981/1302/1009 980/1303/1010 979/1299/1008
f 979/1299/1008 980/1303/1010 978/1300/1006
f 983/1304/1011 981/1302/1009 982/1305/1012
f 982/1305/1012 981/1302/1009 979/1299/1008
f 985/1306/1013 984/1307/1014 983/1304/1011
f 983/1304/1011 984/1307/1014 981/1302/1009
f 986/1308/1015 1115/1309/1016 987/1310/1017
f 987/1310/1017 1115/1309/1016 1116/1311/1018
f 986/1312/1015 987/1313/1017 988/1314/1019
f 988/1314/1019 987/1313/1017 980/1315/1010
f 986/1312/1015 988/1314/1019 996/1316/1020
f 996/1316/1020 988/1314/1019 989/1317/1021
f 990/1318/1022 989/1317/1021 984/1319/1014
f 984/1319/1014 989/1317/1021 988/1314/1019
f 992/1320/1023 991/1321/1024 990/1318/1022
f 990/1318/1022 991/1321/1024 989/1317/1021
f 994/1322/1025 993/1323/1026 990/1318/1022
f 990/1318/1022 993/1323/1026 992/1320/1023
f 995/1324/1027 1123/1325/1028 996/1326/1020
f 996/1326/1020 1123/1325/1028 1124/1327/1029
f 995/1328/1027 996/1316/1020 991/1321/1024
f 991/1321/1024 996/1316/1020 989/1317/1021
f 873/1134/875 876/1135/876 991/1321/1024
f 991/1321/1024 876/1135/876 995/1328/1027
f 876/1139/876 998/1140/879 995/1324/1027
f 995/1324/1027 998/1140/879 1123/1325/1028
f 986/1308/1015 996/1326/1020 1115/1309/1016
f 1115/1309/1016 996/1326/1020 1124/1327/1029
f 993/1323/1026 869/1131/872 992/1320/1023
f 992/1320/1023 869/1131/872 870/1132/873
f 994/1329/1025 990/1330/1022 985/1306/1013
f 985/1306/1013 990/1330/1022 984/1307/1014
f 870/1132/873 873/1134/875 992/1320/1023
f 992/1320/1023 873/1134/875 991/1321/1024
f 980/1315/1010 987/1313/1017 978/1331/1006
f 978/1331/1006 987/1313/1017 975/1332/1003
f 975/1294/1003 987/1310/1017 1107/1296/1005
f 1107/1296/1005 987/1310/1017 1116/1311/1018
f 984/1307/1014 988/1333/1019 981/1302/1009
f 981/1302/1009 988/1333/1019 980/1303/1010
f 968/1284/995 977/1298/1007 966/1280/991
f 966/1280/991 977/1298/1007 976/1293/1002
f 966/1280/991 976/1293/1002 1100/1282/993
f 1100/1282/993 976/1293/1002 1108/1295/1004
f 982/1305/1012 979/1299/1008 974/1291/1000
f 974/1291/1000 979/1299/1008 973/1292/1001
f 973/1292/1001 977/1301/1007 970/1285/996
f 970/1285/996 977/1301/1007 968/1286/995
f 969/1287/997 967/1288/994 962/1273/986
f 962/1273/986 967/1288/994 960/1274/985
f 958/1268/981 960/1272/985 965/1279/990
f 965/1279/990 960/1272/985 967/1283/994
f 958/1268/981 965/1279/990 1091/1270/983
f 1091/1270/983 965/1279/990 1099/1281/992
f 971/1290/999 969/1287/997 964/1277/988
f 964/1277/988 969/1287/997 962/1273/986
f 963/1278/989 961/1275/987 955/1334/979
f 955/1334/979 961/1275/987 953/1335/977
f 961/1275/987 959/1276/984 953/1335/977
f 953/1335/977 959/1276/984 951/1336/974
f 950/1255/970 951/1259/974 957/1267/980
f 957/1267/980 951/1259/974 959/1271/984
f 957/1267/980 1090/1269/982 950/1255/970
f 950/1255/970 1090/1269/982 1081/1256/971
f 954/1262/976 945/1252/967 956/1265/978
f 956/1265/978 945/1252/967 947/1254/969
f 952/1261/975 943/1251/964 954/1262/976
f 954/1262/976 943/1251/964 945/1252/967
f 943/1247/964 952/1260/975 942/1244/961
f 942/1244/961 952/1260/975 949/1257/972
f 942/1244/961 949/1257/972 1072/1246/963
f 1072/1246/963 949/1257/972 1080/1258/973
f 946/1250/966 937/1238/957 948/1253/968
f 948/1253/968 937/1238/957 939/1242/959
f 935/1240/955 937/1238/957 944/1249/965
f 944/1249/965 937/1238/957 946/1250/966
f 934/1232/951 935/1236/955 941/1243/960
f 941/1243/960 935/1236/955 944/1248/965
f 934/1232/951 941/1243/960 1063/1234/953
f 1063/1234/953 941/1243/960 1071/1245/962
f 938/1237/956 929/1228/947 940/1241/958
f 940/1241/958 929/1228/947 931/1230/949
f 927/1227/945 929/1228/947 936/1239/954
f 936/1239/954 929/1228/947 938/1237/956
f 925/1220/941 927/1224/945 933/1231/950
f 933/1231/950 927/1224/945 936/1235/954
f 925/1220/941 933/1231/950 1062/1222/943
f 1062/1222/943 933/1231/950 1061/1233/952
f 930/1226/946 922/1337/936 932/1229/948
f 932/1229/948 922/1337/936 924/1338/938
f 922/1337/936 930/1226/946 920/1339/934
f 920/1339/934 930/1226/946 928/1225/944
f 918/1209/932 920/1211/934 926/1219/940
f 926/1219/940 920/1211/934 928/1223/944
f 918/1209/932 926/1219/940 1051/1210/933
f 1051/1210/933 926/1219/940 1053/1221/942
f 923/1218/939 921/1216/937 916/1203/927
f 916/1203/927 921/1216/937 914/1201/925
f 919/1214/935 912/1200/924 921/1216/937
f 921/1216/937 912/1200/924 914/1201/925
f 912/1340/924 919/1212/935 910/1207/923
f 910/1207/923 919/1212/935 917/1205/929
f 915/1204/928 913/1202/926 907/1189/916
f 907/1189/916 913/1202/926 905/1187/914
f 911/1198/922 903/1186/913 913/1202/926
f 913/1202/926 903/1186/913 905/1187/914
f 910/1207/923 1043/1208/931 909/1195/920
f 909/1195/920 1043/1208/931 1044/1196/921
f 906/1190/917 904/1188/915 898/1174/905
f 898/1174/905 904/1188/915 896/1173/904
f 902/1184/911 895/1172/903 904/1188/915
f 904/1188/915 895/1172/903 896/1173/904
f 901/1191/910 1036/1193/918 899/1177/907
f 899/1177/907 1036/1193/918 1027/1179/909
f 900/1176/900 1028/1178/908 890/1161/896
f 890/1161/896 1028/1178/908 1019/1163/898
f 897/1175/906 894/1171/902 889/1157/893
f 889/1157/893 894/1171/902 888/1159/894
f 885/1154/891 891/1164/895 879/1147/884
f 879/1147/884 891/1164/895 877/1145/880
f 891/1160/895 1020/1162/897 877/1141/880
f 877/1141/880 1020/1162/897 1011/1142/881
f 892/1170/899 885/1341/891 888/1159/894
f 888/1159/894 885/1341/891 886/1158/890
f 882/1149/886 880/1148/885 871/1130/871
f 871/1130/871 880/1148/885 874/1133/874
f 874/1133/874 880/1148/885 875/1136/877
f 875/1136/877 880/1148/885 878/1146/882
f 875/1137/877 878/1143/882 997/1138/878
f 997/1138/878 878/1143/882 1012/1144/883
f 884/1151/888 882/1149/886 872/1129/870
f 872/1129/870 882/1149/886 871/1130/871
f 998/1140/879 997/1138/878 1000/1342/1030
f 1000/1342/1030 997/1138/878 999/1343/1031
f 999/1344/1031 1002/1345/1032 1000/1346/1030
f 1000/1346/1030 1002/1345/1032 1001/1347/1033
f 1002/1345/1032 1004/1348/1034 1001/1347/1033
f 1001/1347/1033 1004/1348/1034 1003/1349/1035
f 1008/1350/1036 1007/1351/1037 1005/1352/1038
f 1005/1352/1038 1007/1351/1037 1006/1353/1039
f 1008/1350/1036 1010/1354/1040 1007/1351/1037
f 1007/1351/1037 1010/1354/1040 1009/1355/1041
f 1009/1356/1041 1010/1357/1040 1011/1142/881
f 1011/1142/881 1010/1357/1040 1012/1144/883
f 1016/1358/1042 1015/1359/1043 1013/1360/1044
f 1013/1360/1044 1015/1359/1043 1014/1361/1045
f 1015/1359/1043 1016/1358/1042 1017/1362/1046
f 1017/1362/1046 1016/1358/1042 1018/1363/1047
f 1017/1364/1046 1018/1365/1047 1019/1163/898
f 1019/1163/898 1018/1365/1047 1020/1162/897
f 1024/1366/1048 1023/1367/1049 1021/1368/1050
f 1021/1368/1050 1023/1367/1049 1022/1369/1051
f 1023/1367/1049 1026/1370/1052 1022/1369/1051
f 1022/1369/1051 1026/1370/1052 1025/1371/1053
f 1025/1372/1053 1026/1373/1052 1027/1179/909
f 1027/1179/909 1026/1373/1052 1028/1178/908
f 1032/1374/1054 1031/1375/1055 1029/1376/1056
f 1029/1376/1056 1031/1375/1055 1030/1377/1057
f 1031/1375/1055 1034/1378/1058 1030/1377/1057
f 1030/1377/1057 1034/1378/1058 1033/1379/1059
f 1033/1380/1059 1034/1381/1058 1035/1194/919
f 1035/1194/919 1034/1381/1058 1036/1193/918
f 1040/1382/1060 1039/1383/1061 1037/1384/1062
f 1037/1384/1062 1039/1383/1061 1038/1385/1063
f 1039/1383/1061 1042/1386/1064 1038/1385/1063
f 1038/1385/1063 1042/1386/1064 1041/1387/1065
f 1041/1388/1065 1042/1389/1064 1043/1208/931
f 1043/1208/931 1042/1389/1064 1044/1196/921
f 1048/1390/1066 1047/1391/1067 1045/1392/1068
f 1045/1392/1068 1047/1391/1067 1046/1393/1069
f 1047/1391/1067 1050/1394/1070 1046/1393/1069
f 1046/1393/1069 1050/1394/1070 1049/1395/1071
f 1049/1396/1071 1050/1397/1070 1051/1210/933
f 1051/1210/933 1050/1397/1070 1052/1206/930
f 1049/1396/1071 1051/1210/933 1059/1398/1072
f 1059/1398/1072 1051/1210/933 1053/1221/942
f 1057/1399/1073 1056/1400/1074 1054/1401/1075
f 1054/1401/1075 1056/1400/1074 1055/1402/1076
f 1055/1402/1076 1056/1400/1074 1058/1403/1077
f 1058/1403/1077 1056/1400/1074 1059/1404/1072
f 1059/1398/1072 1053/1221/942 1058/1405/1077
f 1058/1405/1077 1053/1221/942 1062/1222/943
f 1058/1405/1077 1062/1222/943 1060/1406/1078
f 1060/1406/1078 1062/1222/943 1061/1233/952
f 1060/1407/1078 1061/1408/952 1068/1409/1079
f 1068/1409/1079 1061/1408/952 1063/1410/953
f 1067/1411/1080 1066/1412/1081 1064/1413/1082
f 1064/1413/1082 1066/1412/1081 1065/1414/1083
f 1065/1414/1083 1066/1412/1081 1068/1409/1079
f 1068/1409/1079 1066/1412/1081 1060/1407/1078
f 1068/1409/1079 1069/1415/1084 1065/1414/1083
f 1065/1414/1083 1069/1415/1084 1075/1416/1085
f 1068/1409/1079 1063/1410/953 1069/1415/1084
f 1069/1415/1084 1063/1410/953 1071/1417/962
f 1069/1415/1084 1071/1417/962 1070/1418/1086
f 1070/1418/1086 1071/1417/962 1072/1419/963
f 1076/1420/1087 1075/1416/1085 1073/1421/1088
f 1073/1421/1088 1075/1416/1085 1074/1422/1089
f 1074/1422/1089 1075/1416/1085 1070/1418/1086
f 1070/1418/1086 1075/1416/1085 1069/1415/1084
f 1077/1423/1090 1074/1422/1089 1078/1424/1091
f 1078/1424/1091 1074/1422/1089 1070/1418/1086
f 1077/1423/1090 1078/1424/1091 1083/1425/1092
f 1083/1425/1092 1078/1424/1091 1079/1426/1093
f 1079/1427/1093 1078/1428/1091 1081/1256/971
f 1081/1256/971 1078/1428/1091 1080/1258/973
f 1084/1429/1094 1077/1430/1090 1082/1431/1095
f 1082/1431/1095 1077/1430/1090 1083/1432/1092
f 1082/1431/1095 1083/1432/1092 1085/1433/1096
f 1085/1433/1096 1083/1432/1092 1086/1434/1097
f 1086/1434/1097 1083/1432/1092 1089/1435/1098
f 1089/1435/1098 1083/1432/1092 1079/1436/1093
f 1087/1437/1099 1086/1434/1097 1088/1438/1100
f 1088/1438/1100 1086/1434/1097 1089/1435/1098
f 1088/1439/1100 1089/1440/1098 1091/1270/983
f 1091/1270/983 1089/1440/1098 1090/1269/982
f 1094/1441/1101 1087/1437/1099 1092/1442/1102
f 1092/1442/1102 1087/1437/1099 1093/1443/1103
f 1092/1442/1102 1093/1443/1103 1095/1444/1104
f 1095/1444/1104 1093/1443/1103 1096/1445/1105
f 1096/1445/1105 1093/1443/1103 1097/1446/1106
f 1097/1446/1106 1093/1443/1103 1098/1447/1107
f 1098/1448/1107 1099/1281/992 1097/1449/1106
f 1097/1449/1106 1099/1281/992 1100/1282/993
f 1104/1450/1108 1103/1451/1109 1101/1452/1110
f 1101/1452/1110 1103/1451/1109 1102/1453/1111
f 1102/1453/1111 1103/1451/1109 1105/1454/1112
f 1105/1454/1112 1103/1451/1109 1106/1455/1113
f 1106/1456/1113 1108/1295/1004 1105/1457/1112
f 1105/1457/1112 1108/1295/1004 1107/1296/1005
f 1112/1458/1114 1111/1459/1115 1109/1460/1116
f 1109/1460/1116 1111/1459/1115 1110/1461/1117
f 1110/1461/1117 1111/1459/1115 1113/1462/1118
f 1113/1462/1118 1111/1459/1115 1114/1463/1119
f 1113/1464/1118 1114/1465/1119 1115/1309/1016
f 1115/1309/1016 1114/1465/1119 1116/1311/1018
f 1120/1466/1120 1119/1467/1121 1117/1468/1122
f 1117/1468/1122 1119/1467/1121 1118/1469/1123
f 1120/1466/1120 1121/1470/1124 1119/1467/1121
f 1119/1467/1121 1121/1470/1124 1122/1471/1125
f 1122/1472/1125 1121/1473/1124 1123/1325/1028
f 1123/1325/1028 1121/1473/1124 1124/1327/1029
f 1123/1325/1028 998/1140/879 1122/1472/1125
f 1122/1472/1125 998/1140/879 1000/1342/1030
f 1113/1464/1118 1115/1309/1016 1121/1473/1124
f 1121/1473/1124 1115/1309/1016 1124/1327/1029
f 1119/1467/1121 1122/1471/1125 1001/1347/1033
f 1001/1347/1033 1122/1471/1125 1000/1346/1030
f 1110/1474/1117 1113/1475/1118 1120/1466/1120
f 1120/1466/1120 1113/1475/1118 1121/1470/1124
f 1119/1467/1121 1001/1347/1033 1118/1469/1123
f 1118/1469/1123 1001/1347/1033 1003/1349/1035
f 1120/1466/1120 1117/1468/1122 1110/1474/1117
f 1110/1474/1117 1117/1468/1122 1109/1476/1116
f 1105/1457/1112 1107/1296/1005 1114/1465/1119
f 1114/1465/1119 1107/1296/1005 1116/1311/1018
f 1102/1453/1111 1105/1454/1112 1111/1459/1115
f 1111/1459/1115 1105/1454/1112 1114/1463/1119
f 1101/1452/1110 1102/1453/1111 1112/1458/1114
f 1112/1458/1114 1102/1453/1111 1111/1459/1115
f 1097/1449/1106 1100/1282/993 1106/1456/1113
f 1106/1456/1113 1100/1282/993 1108/1295/1004
f 1097/1446/1106 1106/1455/1113 1096/1445/1105
f 1096/1445/1105 1106/1455/1113 1103/1451/1109
f 1095/1444/1104 1096/1445/1105 1104/1450/1108
f 1104/1450/1108 1096/1445/1105 1103/1451/1109
f 1088/1439/1100 1091/1270/983 1098/1448/1107
f 1098/1448/1107 1091/1270/983 1099/1281/992
f 1088/1438/1100 1098/1447/1107 1087/1437/1099
f 1087/1437/1099 1098/1447/1107 1093/1443/1103
f 1079/1427/1093 1081/1256/971 1089/1440/1098
f 1089/1440/1098 1081/1256/971 1090/1269/982
f 1085/1433/1096 1086/1434/1097 1094/1441/1101
f 1094/1441/1101 1086/1434/1097 1087/1437/1099
f 1070/1477/1086 1072/1246/963 1078/1428/1091
f 1078/1428/1091 1072/1246/963 1080/1258/973
f 1084/1478/1094 1073/1421/1088 1077/1423/1090
f 1077/1423/1090 1073/1421/1088 1074/1422/1089
f 1076/1420/1087 1064/1413/1082 1075/1416/1085
f 1075/1416/1085 1064/1413/1082 1065/1414/1083
f 1066/1412/1081 1055/1402/1076 1060/1407/1078
f 1060/1407/1078 1055/1402/1076 1058/1403/1077
f 1054/1401/1075 1055/1402/1076 1067/1411/1080
f 1067/1411/1080 1055/1402/1076 1066/1412/1081
f 1046/1479/1069 1049/1480/1071 1056/1400/1074
f 1056/1400/1074 1049/1480/1071 1059/1404/1072
f 1057/1481/1073 1045/1392/1068 1056/1482/1074
f 1056/1482/1074 1045/1392/1068 1046/1393/1069
f 1052/1206/930 1050/1397/1070 1043/1208/931
f 1043/1208/931 1050/1397/1070 1041/1388/1065
f 1038/1385/1063 1041/1387/1065 1047/1391/1067
f 1047/1391/1067 1041/1387/1065 1050/1394/1070
f 1037/1384/1062 1038/1385/1063 1048/1390/1066
f 1048/1390/1066 1038/1385/1063 1047/1391/1067
f 1035/1194/919 1044/1196/921 1033/1380/1059
f 1033/1380/1059 1044/1196/921 1042/1389/1064
f 1030/1377/1057 1033/1379/1059 1039/1383/1061
f 1039/1383/1061 1033/1379/1059 1042/1386/1064
f 1029/1376/1056 1030/1377/1057 1040/1382/1060
f 1040/1382/1060 1030/1377/1057 1039/1383/1061
f 1027/1179/909 1036/1193/918 1025/1372/1053
f 1025/1372/1053 1036/1193/918 1034/1381/1058
f 1022/1369/1051 1025/1371/1053 1031/1375/1055
f 1031/1375/1055 1025/1371/1053 1034/1378/1058
f 1021/1368/1050 1022/1369/1051 1032/1374/1054
f 1032/1374/1054 1022/1369/1051 1031/1375/1055
f 1017/1364/1046 1019/1163/898 1026/1373/1052
f 1026/1373/1052 1019/1163/898 1028/1178/908
f 1015/1483/1043 1017/1484/1046 1023/1367/1049
f 1023/1367/1049 1017/1484/1046 1026/1370/1052
f 1014/1485/1045 1015/1483/1043 1024/1366/1048
f 1024/1366/1048 1015/1483/1043 1023/1367/1049
f 1009/1356/1041 1011/1142/881 1018/1365/1047
f 1018/1365/1047 1011/1142/881 1020/1162/897
f 1007/1351/1037 1009/1355/1041 1016/1358/1042
f 1016/1358/1042 1009/1355/1041 1018/1363/1047
f 1016/1358/1042 1013/1360/1044 1007/1351/1037
f 1007/1351/1037 1013/1360/1044 1006/1353/1039
f 997/1138/878 1012/1144/883 999/1343/1031
f 999/1343/1031 1012/1144/883 1010/1357/1040
f 1002/1345/1032 999/1344/1031 1008/1350/1036
f 1008/1350/1036 999/1344/1031 1010/1354/1040
f 1008/1350/1036 1005/1352/1038 1002/1345/1032
f 1002/1345/1032 1005/1352/1038 1004/1348/1034
f 676/841/676 96/103/93 1125/841/678
f 196/217/199 602/756/601 1125/217/678
