# Blender 4.0.0
# www.blender.org
o knob_front_center
v -0.04220950 -0.21801600 -0.00082300
v -0.04201750 -0.22078500 -0.00593700
v -0.04279650 -0.21532200 -0.00082800
v -0.04376050 -0.21275800 -0.00077400
v -0.04508450 -0.21033600 -0.00076800
v -0.04673950 -0.20812700 -0.00077400
v -0.04867350 -0.20618700 -0.00082300
v -0.05089050 -0.20454900 -0.00071200
v -0.05328850 -0.20322900 -0.00077400
v -0.05587050 -0.20226000 -0.00082300
v -0.05855450 -0.20168300 -0.00077400
v -0.06129850 -0.20148600 -0.00077400
v -0.06403350 -0.20168300 -0.00076900
v -0.06673050 -0.20226700 -0.00077200
v -0.06932450 -0.20323600 -0.00077400
v -0.07173350 -0.20454100 -0.00088200
v -0.07393750 -0.20621900 -0.00072000
v -0.07586250 -0.20813500 -0.00076900
v -0.07751450 -0.21033500 -0.00077900
v -0.07883650 -0.21275800 -0.00077400
v -0.07979050 -0.21535000 -0.00071400
v -0.08037750 -0.21802400 -0.00073400
v -0.08058550 -0.22076800 -0.00082800
v -0.08037950 -0.22352000 -0.00076900
v -0.07980950 -0.22620000 -0.00088500
v -0.07883850 -0.22876800 -0.00076900
v -0.07751450 -0.23118800 -0.00073400
v -0.07586350 -0.23340000 -0.00076800
v -0.07391050 -0.23535000 -0.00077400
v -0.07170750 -0.23699700 -0.00077400
v -0.06930250 -0.23829400 -0.00070700
v -0.06672250 -0.23927100 -0.00077900
v -0.06402950 -0.23984600 -0.00072900
v -0.06128050 -0.24004800 -0.00077400
v -0.05853650 -0.23984900 -0.00077400
v -0.05585950 -0.23927600 -0.00088500
v -0.05328950 -0.23830600 -0.00077400
v -0.05087450 -0.23698700 -0.00077400
v -0.04867250 -0.23533900 -0.00077400
v -0.04672150 -0.23338600 -0.00076800
v -0.04507850 -0.23117700 -0.00072900
v -0.04375250 -0.22876000 -0.00077400
v -0.04279550 -0.22619100 -0.00078300
v -0.04221950 -0.22349800 -0.00072900
v -0.06129850 -0.20371900 -0.00019000
v -0.06129850 -0.23781500 -0.00019000
v -0.06380050 -0.23768700 -0.00017800
v -0.06611450 -0.23716700 -0.00018100
v -0.06834250 -0.23634900 -0.00018000
v -0.07056950 -0.23519300 -0.00017400
v -0.07254650 -0.23364700 -0.00018000
v -0.07421650 -0.23196000 -0.00018100
v -0.07579250 -0.23004200 -0.00016900
v -0.07684650 -0.22786800 -0.00018100
v -0.07768750 -0.22564800 -0.00018000
v -0.07821450 -0.22326600 -0.00018000
v -0.07834350 -0.22083700 -0.00018900
v -0.07823350 -0.21839900 -0.00018000
v -0.07775150 -0.21593600 -0.00017400
v -0.07686050 -0.21366000 -0.00017900
v -0.07564850 -0.21146700 -0.00018000
v -0.07429950 -0.20957700 -0.00017400
v -0.07244650 -0.20780100 -0.00018000
v -0.07048750 -0.20634600 -0.00018000
v -0.06834250 -0.20518500 -0.00018000
v -0.06605250 -0.20434200 -0.00018000
v -0.06373850 -0.20379400 -0.00017400
v -0.05762950 -0.20390000 -0.00016900
v -0.05415450 -0.20529200 -0.00018900
v -0.05210950 -0.20634600 -0.00018000
v -0.05015050 -0.20780100 -0.00018000
v -0.04829150 -0.20949700 -0.00016900
v -0.04694850 -0.21146700 -0.00018000
v -0.04570050 -0.21364400 -0.00017400
v -0.04487250 -0.21601300 -0.00018000
v -0.04441850 -0.21834000 -0.00018800
v -0.04440950 -0.22385400 -0.00017500
v -0.04575050 -0.22786800 -0.00018100
v -0.04690650 -0.23001600 -0.00017900
v -0.04838050 -0.23196000 -0.00018100
v -0.05013050 -0.23365500 -0.00018800
v -0.05202750 -0.23519200 -0.00017400
v -0.05425550 -0.23634900 -0.00018000
v -0.05648350 -0.23716700 -0.00018100
v -0.05879950 -0.23768300 -0.00018000
v -0.06122950 -0.20208600 -0.00653300
v -0.04413450 -0.22076800 -0.00654000
v -0.06402050 -0.23925900 -0.00653000
v -0.06657550 -0.23874000 -0.00652400
v -0.07072850 -0.23685700 -0.00654100
v -0.07354250 -0.23481100 -0.00653800
v -0.07537650 -0.23305300 -0.00653200
v -0.07702450 -0.23087300 -0.00653100
v -0.07832250 -0.22846900 -0.00653200
v -0.07925950 -0.22611400 -0.00652300
v -0.07974650 -0.22342000 -0.00653800
v -0.08003850 -0.22083700 -0.00652300
v -0.07980350 -0.21817300 -0.00653200
v -0.07925950 -0.21542000 -0.00652300
v -0.07830250 -0.21300200 -0.00653100
v -0.07698250 -0.21061000 -0.00653200
v -0.07537650 -0.20848100 -0.00653200
v -0.07352950 -0.20665100 -0.00653300
v -0.07145650 -0.20508400 -0.00653200
v -0.06904150 -0.20381400 -0.00653800
v -0.06656450 -0.20283100 -0.00653100
v -0.06389250 -0.20226200 -0.00653200
v -0.05864650 -0.20231900 -0.00653800
v -0.05498450 -0.20324900 -0.00654300
v -0.05125150 -0.20501200 -0.00653200
v -0.04897350 -0.20665000 -0.00652300
v -0.04722050 -0.20848100 -0.00653200
v -0.04557350 -0.21066100 -0.00653100
v -0.04427450 -0.21306500 -0.00653200
v -0.04333750 -0.21542000 -0.00652300
v -0.04279350 -0.21817300 -0.00653200
v -0.04333750 -0.22611400 -0.00652300
v -0.04427450 -0.22846900 -0.00653200
v -0.04557350 -0.23087300 -0.00653100
v -0.04722050 -0.23305300 -0.00653200
v -0.04905450 -0.23481100 -0.00653800
v -0.05122250 -0.23644600 -0.00653800
v -0.05353950 -0.23775700 -0.00653300
v -0.05608650 -0.23876800 -0.00652300
v -0.05942450 -0.23932500 -0.00654200
v -0.04496650 -0.21841900 -0.00589400
v -0.04480150 -0.22076100 -0.00083500
v -0.04547350 -0.21612000 -0.00582900
v -0.04628050 -0.21391900 -0.00594400
v -0.04741550 -0.21185300 -0.00588900
v -0.04881750 -0.20996500 -0.00594300
v -0.05049950 -0.20830100 -0.00582600
v -0.05236850 -0.20689500 -0.00588400
v -0.05442550 -0.20576200 -0.00593700
v -0.05664050 -0.20493500 -0.00592900
v -0.05894950 -0.20443100 -0.00593700
v -0.06129850 -0.20426300 -0.00593700
v -0.06363450 -0.20443500 -0.00588400
v -0.06593950 -0.20491800 -0.00599900
v -0.06815450 -0.20575400 -0.00593700
v -0.07021750 -0.20688800 -0.00588400
v -0.07209450 -0.20829800 -0.00583000
v -0.07376250 -0.20993400 -0.00599200
v -0.07517450 -0.21184200 -0.00588900
v -0.07630450 -0.21389400 -0.00593700
v -0.07712350 -0.21611700 -0.00583300
v -0.07763550 -0.21841800 -0.00593700
v -0.07779750 -0.22076100 -0.00588900
v -0.07764450 -0.22311700 -0.00599200
v -0.07713950 -0.22540000 -0.00593700
v -0.07631450 -0.22761500 -0.00592900
v -0.07518250 -0.22969000 -0.00593700
v -0.07377850 -0.23156900 -0.00594400
v -0.07210250 -0.23323500 -0.00588400
v -0.07022650 -0.23465900 -0.00599200
v -0.06815850 -0.23578800 -0.00599200
v -0.06595650 -0.23660000 -0.00592900
v -0.06365650 -0.23710300 -0.00594400
v -0.06131650 -0.23727200 -0.00593700
v -0.05896750 -0.23710600 -0.00593700
v -0.05665750 -0.23660500 -0.00592900
v -0.05446050 -0.23579900 -0.00599200
v -0.05237550 -0.23465200 -0.00593700
v -0.05049050 -0.23324000 -0.00593700
v -0.04883250 -0.23157600 -0.00588900
v -0.04742250 -0.22968200 -0.00582600
v -0.04628550 -0.22762300 -0.00593700
v -0.04545850 -0.22540900 -0.00594300
v -0.04496950 -0.22311500 -0.00588500
v -0.04232950 -0.21804000 -0.00051800
v -0.04249850 -0.22347000 -0.00032700
v -0.04252250 -0.21806100 -0.00032000
v -0.04279350 -0.21817300 -0.00018000
v -0.04277450 -0.22285600 -0.00017000
v -0.05361150 -0.20385400 -0.00016900
v -0.06129850 -0.23934500 -0.00016900
v -0.04201750 -0.22076700 -0.00077400
v -0.04219050 -0.22075500 -0.00044500
v -0.04246850 -0.22076700 -0.00023200
v -0.07168350 -0.20458800 -0.00062500
v -0.07974250 -0.22619400 -0.00062500
v -0.05588150 -0.23921700 -0.00063100
v -0.04292250 -0.21540200 -0.00048000
v -0.04877450 -0.20629700 -0.00047300
v -0.05590650 -0.20237400 -0.00052400
v -0.08047050 -0.22078700 -0.00053000
v -0.04395750 -0.21282600 -0.00040000
v -0.04523550 -0.21044400 -0.00042800
v -0.04686650 -0.20830600 -0.00039300
v -0.05337150 -0.20338000 -0.00044500
v -0.05858450 -0.20185700 -0.00043800
v -0.06130850 -0.20170000 -0.00039300
v -0.06402350 -0.20182500 -0.00048500
v -0.06667050 -0.20247300 -0.00039400
v -0.06922550 -0.20338000 -0.00044500
v -0.07571950 -0.20830000 -0.00038700
v -0.07737350 -0.21045300 -0.00043300
v -0.07865650 -0.21286200 -0.00040000
v -0.08024050 -0.22348900 -0.00048500
v -0.07862950 -0.22871800 -0.00039300
v -0.07571050 -0.23324100 -0.00038700
v -0.07380950 -0.23515600 -0.00039300
v -0.07163950 -0.23683500 -0.00044500
v -0.06667950 -0.23906000 -0.00039300
v -0.06131150 -0.23987600 -0.00044500
v -0.05860250 -0.23967900 -0.00043800
v -0.05335950 -0.23809800 -0.00038700
v -0.05095750 -0.23683500 -0.00044500
v -0.04875750 -0.23522200 -0.00048500
v -0.04688650 -0.23324100 -0.00038700
v -0.04396750 -0.22871800 -0.00039300
v -0.04296150 -0.22614200 -0.00044300
v -0.05101050 -0.20477500 -0.00035200
v -0.07157150 -0.20476500 -0.00035200
v -0.07373550 -0.20637400 -0.00035700
v -0.07954250 -0.21538300 -0.00035700
v -0.08009850 -0.21806400 -0.00032700
v -0.07958550 -0.22613100 -0.00039500
v -0.07731050 -0.23105700 -0.00036700
v -0.06918950 -0.23806800 -0.00035200
v -0.06400750 -0.23960700 -0.00036700
v -0.05593050 -0.23905000 -0.00039200
v -0.04528650 -0.23105700 -0.00036700
v -0.05593750 -0.20256500 -0.00032400
v -0.06402250 -0.20203400 -0.00028800
v -0.08027350 -0.22075100 -0.00032400
v -0.08004550 -0.22344300 -0.00029300
v -0.04892550 -0.23509300 -0.00028800
v -0.04333750 -0.21542000 -0.00018900
v -0.04554050 -0.21064000 -0.00018800
v -0.04897350 -0.20665000 -0.00018900
v -0.05346550 -0.20363800 -0.00023500
v -0.05870050 -0.20220800 -0.00018900
v -0.06914450 -0.20358600 -0.00026700
v -0.07705650 -0.21064000 -0.00018800
v -0.07925950 -0.22611400 -0.00018900
v -0.07151050 -0.23665700 -0.00026700
v -0.06129850 -0.23961000 -0.00024000
v -0.05856250 -0.23930700 -0.00018900
v -0.05602150 -0.23874000 -0.00018800
v -0.05108650 -0.23665700 -0.00026700
v -0.04333750 -0.22611400 -0.00018900
v -0.04429450 -0.21300200 -0.00018100
v -0.04722050 -0.20848100 -0.00018000
v -0.05125150 -0.20501200 -0.00018000
v -0.05609750 -0.20282000 -0.00018000
v -0.06136750 -0.20208600 -0.00017800
v -0.06656450 -0.20283100 -0.00018100
v -0.07145650 -0.20508400 -0.00018000
v -0.07358450 -0.20668900 -0.00018000
v -0.07541450 -0.20853600 -0.00017900
v -0.07830250 -0.21300200 -0.00018100
v -0.07924550 -0.21556600 -0.00018000
v -0.07998450 -0.22083300 -0.00018000
v -0.07832250 -0.22846900 -0.00018000
v -0.07702450 -0.23087300 -0.00018100
v -0.07537650 -0.23305300 -0.00018000
v -0.07348550 -0.23493200 -0.00018000
v -0.06912050 -0.23773700 -0.00018000
v -0.06662650 -0.23867700 -0.00018000
v -0.06395950 -0.23927500 -0.00018300
v -0.05353950 -0.23775700 -0.00017900
v -0.04722050 -0.23305300 -0.00018000
v -0.04557350 -0.23087300 -0.00018100
v -0.04427450 -0.22846900 -0.00018000
v -0.06389350 -0.20231700 -0.00017400
v -0.06904150 -0.20381400 -0.00017400
v -0.07974650 -0.21811500 -0.00017400
v -0.07974650 -0.22342000 -0.00017400
v -0.07137450 -0.23644600 -0.00017400
v -0.05122250 -0.23644600 -0.00017400
v -0.04905450 -0.23481100 -0.00017400
v -0.04456450 -0.22317300 -0.00026300
v -0.04481650 -0.21839700 -0.00046700
v -0.04481650 -0.22313700 -0.00046700
v -0.04496950 -0.21841900 -0.00082700
v -0.04496650 -0.22311500 -0.00081800
v -0.06594950 -0.20494300 -0.00087900
v -0.07712550 -0.21612400 -0.00087900
v -0.04413450 -0.22076600 -0.00017200
v -0.04439250 -0.22076700 -0.00026100
v -0.04466650 -0.22076700 -0.00049400
v -0.04848450 -0.20966400 -0.00023200
v -0.05655150 -0.20459900 -0.00028100
v -0.05889550 -0.20398800 -0.00023500
v -0.07555250 -0.22993900 -0.00023500
v -0.04503250 -0.22553300 -0.00023500
v -0.04605550 -0.21380600 -0.00035100
v -0.06368850 -0.20414600 -0.00032700
v -0.07400850 -0.20977300 -0.00031700
v -0.07742350 -0.21603200 -0.00031900
v -0.07040150 -0.23488500 -0.00032300
v -0.05216350 -0.23498200 -0.00026700
v -0.04521050 -0.21603400 -0.00035200
v -0.04714850 -0.21169300 -0.00032400
v -0.05030950 -0.20810000 -0.00035200
v -0.05221350 -0.20662400 -0.00032400
v -0.06603250 -0.20467900 -0.00035200
v -0.06823450 -0.20555600 -0.00039300
v -0.07038350 -0.20662400 -0.00032400
v -0.07228750 -0.20810000 -0.00035200
v -0.07544850 -0.21169300 -0.00032400
v -0.07651850 -0.21384100 -0.00038700
v -0.07784150 -0.21835500 -0.00039300
v -0.07789450 -0.22312700 -0.00035700
v -0.07733650 -0.22548600 -0.00039300
v -0.07649450 -0.22770700 -0.00040500
v -0.07393350 -0.23171600 -0.00039400
v -0.07230550 -0.23347900 -0.00032000
v -0.06828550 -0.23600500 -0.00035700
v -0.06598750 -0.23680800 -0.00040000
v -0.06364550 -0.23732000 -0.00039300
v -0.05890950 -0.23731300 -0.00039300
v -0.05659150 -0.23679700 -0.00040500
v -0.05431150 -0.23600500 -0.00035700
v -0.04863850 -0.23173700 -0.00036700
v -0.04718750 -0.22983600 -0.00034800
v -0.04610550 -0.22772800 -0.00040000
v -0.04870350 -0.20983700 -0.00044500
v -0.05438950 -0.20558300 -0.00043800
v -0.05891250 -0.20426200 -0.00044500
v -0.06128450 -0.20408200 -0.00043300
v -0.07794650 -0.22075600 -0.00047300
v -0.07533450 -0.22977300 -0.00044500
v -0.06128450 -0.23745300 -0.00043300
v -0.05229250 -0.23480300 -0.00044500
v -0.05038250 -0.23338600 -0.00043300
v -0.04530050 -0.22547800 -0.00044500
v -0.04732350 -0.21177600 -0.00052400
v -0.05231950 -0.20679000 -0.00053000
v -0.07027750 -0.20679000 -0.00053000
v -0.07527350 -0.21177600 -0.00052400
v -0.07218850 -0.23331700 -0.00052500
v -0.04545050 -0.21611400 -0.00070700
v -0.05048150 -0.20828400 -0.00070700
v -0.05665750 -0.20491800 -0.00071200
v -0.06366050 -0.20442500 -0.00072900
v -0.06596550 -0.20487400 -0.00061800
v -0.07216350 -0.20822800 -0.00057300
v -0.07377850 -0.20995300 -0.00072000
v -0.07719150 -0.21610100 -0.00061800
v -0.07764050 -0.22314200 -0.00072000
v -0.07020550 -0.23467300 -0.00072000
v -0.06813650 -0.23579900 -0.00072000
v -0.05443850 -0.23578800 -0.00072000
v -0.04882150 -0.23157900 -0.00073400
v -0.04740350 -0.22969700 -0.00070700
v -0.04628850 -0.21390200 -0.00076800
v -0.04882050 -0.20996700 -0.00077900
v -0.05444250 -0.20575400 -0.00077400
v -0.05896750 -0.20442800 -0.00077400
v -0.06131650 -0.20426300 -0.00077400
v -0.06817150 -0.20576200 -0.00077400
v -0.07631150 -0.21391100 -0.00077400
v -0.07763750 -0.21843600 -0.00077400
v -0.07713450 -0.22541700 -0.00077400
v -0.07630750 -0.22763100 -0.00078300
v -0.07517350 -0.22970600 -0.00077400
v -0.07376650 -0.23158300 -0.00076800
v -0.06594850 -0.23660300 -0.00077400
v -0.06364750 -0.23710400 -0.00077400
v -0.06129850 -0.23727200 -0.00077400
v -0.05894950 -0.23710400 -0.00077400
v -0.05664050 -0.23660000 -0.00078300
v -0.05236050 -0.23464200 -0.00077400
v -0.05047650 -0.23322900 -0.00077400
v -0.04627750 -0.22760700 -0.00077400
v -0.04546150 -0.22540800 -0.00077900
v -0.04742250 -0.21184200 -0.00082300
v -0.05237950 -0.20688800 -0.00082800
v -0.07022850 -0.20689500 -0.00082800
v -0.07210750 -0.20830300 -0.00082300
v -0.07518150 -0.21185300 -0.00082300
v -0.07779750 -0.22077300 -0.00082300
v -0.07209350 -0.23324400 -0.00082800
v -0.04249850 -0.22347000 -0.00638400
v -0.04252250 -0.21806100 -0.00639100
v -0.04232950 -0.21804000 -0.00619300
v -0.04222350 -0.22352200 -0.00598300
v -0.04220750 -0.21802900 -0.00588900
v -0.05086350 -0.20454100 -0.00583000
v -0.04277450 -0.22285800 -0.00654100
v -0.04246850 -0.22076700 -0.00648000
v -0.04219050 -0.22075500 -0.00626700
v -0.05347650 -0.20363900 -0.00648000
v -0.05601650 -0.20268600 -0.00647500
v -0.06912650 -0.23790700 -0.00647200
v -0.06128950 -0.23960200 -0.00647700
v -0.05858450 -0.20202600 -0.00641800
v -0.06914450 -0.20358600 -0.00644500
v -0.08004550 -0.22344300 -0.00641800
v -0.07367150 -0.23509300 -0.00642400
v -0.07154250 -0.23675300 -0.00638800
v -0.05860250 -0.23951700 -0.00641500
v -0.05108650 -0.23665700 -0.00644500
v -0.04892550 -0.23509300 -0.00642400
v -0.04395350 -0.21283300 -0.00631400
v -0.04525850 -0.21045900 -0.00631700
v -0.04686650 -0.20830600 -0.00631900
v -0.05101050 -0.20477500 -0.00636000
v -0.06133150 -0.20170000 -0.00631900
v -0.06401450 -0.20198700 -0.00638800
v -0.06667050 -0.20247300 -0.00631700
v -0.07157150 -0.20476500 -0.00636000
v -0.07379850 -0.20637500 -0.00632500
v -0.07563950 -0.20834900 -0.00639100
v -0.07733950 -0.21047200 -0.00632500
v -0.07865350 -0.21284100 -0.00630700
v -0.08007550 -0.21806100 -0.00639100
v -0.07862950 -0.22871800 -0.00631900
v -0.07731050 -0.23105700 -0.00634500
v -0.07571050 -0.23324100 -0.00632500
v -0.06398350 -0.23955200 -0.00638800
v -0.05335950 -0.23809800 -0.00632500
v -0.04688650 -0.23324100 -0.00632500
v -0.04528650 -0.23105700 -0.00634500
v -0.04396750 -0.22871800 -0.00631900
v -0.04297250 -0.21539500 -0.00627900
v -0.04877450 -0.20629700 -0.00623800
v -0.05337150 -0.20338000 -0.00626700
v -0.05589650 -0.20240800 -0.00623800
v -0.06922550 -0.20338000 -0.00626700
v -0.07962550 -0.21539500 -0.00627900
v -0.08044150 -0.22077400 -0.00623200
v -0.07963550 -0.22614200 -0.00626900
v -0.06924750 -0.23814400 -0.00626700
v -0.06669250 -0.23908900 -0.00627900
v -0.06131150 -0.23987600 -0.00626700
v -0.05590650 -0.23909900 -0.00626900
v -0.05095750 -0.23683500 -0.00626700
v -0.04296150 -0.22614200 -0.00626900
v -0.05858750 -0.20182300 -0.00622700
v -0.06400650 -0.20178700 -0.00618100
v -0.07579350 -0.20822300 -0.00618700
v -0.08027450 -0.21805100 -0.00618700
v -0.08024050 -0.22348900 -0.00622700
v -0.07383950 -0.23522200 -0.00622700
v -0.06402450 -0.23974500 -0.00618200
v -0.05858150 -0.23971300 -0.00622200
v -0.04875750 -0.23522200 -0.00622700
v -0.05091350 -0.20458800 -0.00608600
v -0.07170650 -0.20454900 -0.00599900
v -0.07751050 -0.23118600 -0.00598800
v -0.07173850 -0.23696600 -0.00599200
v -0.04509150 -0.23119700 -0.00598300
v -0.04279750 -0.21534400 -0.00594400
v -0.04375550 -0.21276500 -0.00592900
v -0.04507450 -0.21035100 -0.00594400
v -0.04672750 -0.20814100 -0.00593700
v -0.05327250 -0.20323600 -0.00593700
v -0.05853650 -0.20168500 -0.00593700
v -0.06128050 -0.20148700 -0.00593700
v -0.06672950 -0.20227000 -0.00594900
v -0.06930850 -0.20322900 -0.00593700
v -0.07391050 -0.20618400 -0.00593700
v -0.07751650 -0.21034500 -0.00594900
v -0.07883450 -0.21274900 -0.00592900
v -0.07979950 -0.21533500 -0.00593900
v -0.08038350 -0.22352000 -0.00593300
v -0.07979750 -0.22619900 -0.00593400
v -0.07884250 -0.22876900 -0.00593300
v -0.07587550 -0.23338600 -0.00594400
v -0.07392450 -0.23533900 -0.00593700
v -0.06930050 -0.23831100 -0.00593300
v -0.06672150 -0.23926800 -0.00594300
v -0.06129850 -0.24004800 -0.00593700
v -0.05855450 -0.23985200 -0.00593700
v -0.05587450 -0.23927000 -0.00592900
v -0.05330550 -0.23831300 -0.00593700
v -0.05089050 -0.23699700 -0.00593700
v -0.04868650 -0.23535000 -0.00593700
v -0.04673350 -0.23340000 -0.00594400
v -0.04376050 -0.22877700 -0.00593700
v -0.04280050 -0.22620800 -0.00592900
v -0.04866350 -0.20619500 -0.00588900
v -0.05585850 -0.20226300 -0.00588900
v -0.06404950 -0.20167600 -0.00588000
v -0.07587150 -0.20813200 -0.00588000
v -0.08038750 -0.21801700 -0.00588900
v -0.08058550 -0.22075500 -0.00588400
v -0.06405550 -0.23985600 -0.00588400
v -0.04481650 -0.21839700 -0.00624400
v -0.04481650 -0.22313700 -0.00624400
v -0.04441850 -0.21834000 -0.00652400
v -0.04456450 -0.22317300 -0.00644900
v -0.04829150 -0.20949700 -0.00654300
v -0.06065250 -0.20361400 -0.00653600
v -0.07579250 -0.23004200 -0.00654300
v -0.04440950 -0.22385400 -0.00653700
v -0.04480150 -0.22077300 -0.00587600
v -0.04466650 -0.22076700 -0.00621800
v -0.04439250 -0.22076700 -0.00645000
v -0.04540550 -0.21610100 -0.00609400
v -0.05044650 -0.20825900 -0.00608600
v -0.07215050 -0.20825900 -0.00608600
v -0.07719150 -0.21610100 -0.00609400
v -0.04737350 -0.22972900 -0.00608600
v -0.04732350 -0.21177600 -0.00618800
v -0.05231950 -0.20679000 -0.00618200
v -0.06367450 -0.20432200 -0.00618700
v -0.07027750 -0.20679000 -0.00618200
v -0.07527350 -0.21177600 -0.00618800
v -0.07794650 -0.22075600 -0.00623800
v -0.07218850 -0.23331700 -0.00618700
v -0.04871750 -0.23166000 -0.00623200
v -0.04608050 -0.21381800 -0.00633000
v -0.04870350 -0.20983700 -0.00626700
v -0.05437950 -0.20558400 -0.00627800
v -0.05659150 -0.20473800 -0.00630700
v -0.05891250 -0.20426200 -0.00626700
v -0.06129750 -0.20411900 -0.00622700
v -0.06823450 -0.20555600 -0.00631900
v -0.07651850 -0.21384100 -0.00632500
v -0.07783750 -0.21836900 -0.00631200
v -0.07733650 -0.22548600 -0.00631900
v -0.07649450 -0.22770700 -0.00630700
v -0.07533450 -0.22977300 -0.00626700
v -0.07393350 -0.23171600 -0.00631700
v -0.06600550 -0.23679700 -0.00630700
v -0.06368350 -0.23735400 -0.00636100
v -0.06127650 -0.23748900 -0.00632500
v -0.05890950 -0.23731300 -0.00631900
v -0.05659150 -0.23679700 -0.00630700
v -0.05230850 -0.23477900 -0.00622700
v -0.05036950 -0.23341000 -0.00631200
v -0.04610550 -0.22772800 -0.00631200
v -0.04530050 -0.22547800 -0.00626700
v -0.04517350 -0.21603200 -0.00639300
v -0.05030950 -0.20810000 -0.00636000
v -0.06603650 -0.20463000 -0.00640400
v -0.07228750 -0.20810000 -0.00636000
v -0.07398450 -0.20980900 -0.00635500
v -0.07742350 -0.21603200 -0.00639300
v -0.07789750 -0.22313700 -0.00635900
v -0.07040150 -0.23488500 -0.00638800
v -0.06828550 -0.23600500 -0.00635500
v -0.05431150 -0.23600500 -0.00635500
v -0.04718750 -0.22983600 -0.00636400
v -0.04714850 -0.21169300 -0.00638800
v -0.05221350 -0.20662400 -0.00638800
v -0.06127950 -0.20391900 -0.00641800
v -0.06369750 -0.20412400 -0.00639100
v -0.07038350 -0.20662400 -0.00638800
v -0.07544850 -0.21169300 -0.00638800
v -0.07230550 -0.23347900 -0.00639100
v -0.05217350 -0.23493100 -0.00641800
v -0.04848450 -0.20966400 -0.00648000
v -0.05421450 -0.20525500 -0.00652400
v -0.05889550 -0.20398800 -0.00647600
v -0.07834350 -0.22083700 -0.00652300
v -0.07555250 -0.22993900 -0.00647600
v -0.04837050 -0.23187600 -0.00652300
v -0.04503250 -0.22553300 -0.00647600
v -0.04573750 -0.21366000 -0.00653300
v -0.04694850 -0.21146700 -0.00653200
v -0.05015050 -0.20780100 -0.00653200
v -0.05210950 -0.20634600 -0.00653200
v -0.05648350 -0.20436700 -0.00653100
v -0.06366650 -0.20383200 -0.00653200
v -0.06834250 -0.20518500 -0.00653200
v -0.07048750 -0.20634600 -0.00653200
v -0.07244650 -0.20780100 -0.00653200
v -0.07417850 -0.20951900 -0.00653200
v -0.07564850 -0.21146700 -0.00653200
v -0.07686050 -0.21366000 -0.00653300
v -0.07821650 -0.21833500 -0.00653100
v -0.07823150 -0.22320200 -0.00653300
v -0.07768750 -0.22564800 -0.00653200
v -0.07684650 -0.22786800 -0.00653100
v -0.07421650 -0.23196000 -0.00653100
v -0.07254650 -0.23364700 -0.00653200
v -0.06834250 -0.23634900 -0.00653200
v -0.06611450 -0.23716700 -0.00653100
v -0.06129850 -0.23786900 -0.00653100
v -0.05879950 -0.23768300 -0.00653200
v -0.05648350 -0.23716700 -0.00653100
v -0.05425550 -0.23634900 -0.00653200
v -0.05010550 -0.23368500 -0.00653100
v -0.04690650 -0.23001600 -0.00653300
v -0.04575050 -0.22786800 -0.00653100
v -0.04484550 -0.21593600 -0.00653800
v -0.06613350 -0.20430200 -0.00653900
v -0.07775150 -0.21593600 -0.00653800
v -0.07056950 -0.23519300 -0.00653800
v -0.06373950 -0.23774400 -0.00653900
v -0.05202750 -0.23519300 -0.00653800
v -0.07660150 -0.22076700 0.00440300
v -0.04494650 -0.22076700 0.00441500
v -0.04610850 -0.22293400 0.00441500
v -0.04656750 -0.22511000 0.00441700
v -0.04737750 -0.22712500 0.00440500
v -0.04838050 -0.22904800 0.00441500
v -0.04971150 -0.23078300 0.00440800
v -0.05124250 -0.23237200 0.00441700
v -0.05302450 -0.23364200 0.00440500
v -0.05491950 -0.23469200 0.00440800
v -0.05697650 -0.23548800 0.00441400
v -0.05913750 -0.23593000 0.00440800
v -0.06129850 -0.23607200 0.00440500
v -0.06349550 -0.23591100 0.00440400
v -0.06562050 -0.23548800 0.00441400
v -0.06767750 -0.23473500 0.00441700
v -0.06955550 -0.23365100 0.00440400
v -0.07133050 -0.23234400 0.00440900
v -0.07288650 -0.23078300 0.00440800
v -0.07421650 -0.22904800 0.00441500
v -0.07522050 -0.22712500 0.00440500
v -0.07599950 -0.22506400 0.00440800
v -0.07649050 -0.22293300 0.00441500
v -0.07650250 -0.21859800 0.00441700
v -0.07597550 -0.21643800 0.00440400
v -0.07521050 -0.21439300 0.00440400
v -0.07422750 -0.21247800 0.00441700
v -0.07286550 -0.21074500 0.00440500
v -0.07130550 -0.20919000 0.00440400
v -0.06958750 -0.20783800 0.00441700
v -0.06766250 -0.20683300 0.00440900
v -0.06563850 -0.20604900 0.00441500
v -0.06349950 -0.20558200 0.00441500
v -0.06129850 -0.20546100 0.00440600
v -0.05909650 -0.20556800 0.00441700
v -0.05697250 -0.20603300 0.00441700
v -0.05493350 -0.20679000 0.00441700
v -0.05304150 -0.20788400 0.00440400
v -0.05127650 -0.20920100 0.00440500
v -0.04971150 -0.21075100 0.00440800
v -0.04836950 -0.21247800 0.00441700
v -0.04737450 -0.21438800 0.00440800
v -0.04662150 -0.21643800 0.00440400
v -0.04611350 -0.21856600 0.00441500
v -0.04625350 -0.21860100 0.00399300
v -0.04608950 -0.22076700 0.00426900
v -0.04672850 -0.21648100 0.00394800
v -0.04748450 -0.21445100 0.00395300
v -0.04851350 -0.21254700 0.00399000
v -0.04981950 -0.21081400 0.00396700
v -0.05134350 -0.20927800 0.00400600
v -0.05309250 -0.20798100 0.00396400
v -0.05498750 -0.20693700 0.00400600
v -0.05702250 -0.20618800 0.00396700
v -0.05913750 -0.20572000 0.00400400
v -0.06130450 -0.20557500 0.00396200
v -0.06347050 -0.20573000 0.00396400
v -0.06558350 -0.20618200 0.00400400
v -0.06761750 -0.20694100 0.00400600
v -0.06951650 -0.20798000 0.00399200
v -0.07125450 -0.20928200 0.00399000
v -0.07278450 -0.21082100 0.00396700
v -0.07408650 -0.21255300 0.00399000
v -0.07511750 -0.21446300 0.00395300
v -0.07587350 -0.21649500 0.00394800
v -0.07634650 -0.21860800 0.00400600
v -0.07648650 -0.22077800 0.00395000
v -0.07633250 -0.22293500 0.00395300
v -0.07587550 -0.22505300 0.00396700
v -0.07510950 -0.22708700 0.00395000
v -0.07408750 -0.22898600 0.00400600
v -0.07278550 -0.23072400 0.00400400
v -0.07125250 -0.23225400 0.00399200
v -0.06951650 -0.23355400 0.00399200
v -0.06760850 -0.23458800 0.00396400
v -0.06557850 -0.23535200 0.00399400
v -0.06346250 -0.23581400 0.00400600
v -0.06128750 -0.23595600 0.00395000
v -0.05913050 -0.23581400 0.00400600
v -0.05701250 -0.23533900 0.00395300
v -0.05498450 -0.23459300 0.00399200
v -0.05307550 -0.23355300 0.00400600
v -0.05134050 -0.23225000 0.00399200
v -0.04980950 -0.23071900 0.00399400
v -0.04851450 -0.22897600 0.00396200
v -0.04747050 -0.22707600 0.00399200
v -0.04671850 -0.22504300 0.00396700
v -0.04625350 -0.22293000 0.00399200
v -0.04620450 -0.22076700 0.00386600
v -0.04511450 -0.22309400 -0.00654000
v -0.04561950 -0.22537100 -0.00654200
v -0.04642150 -0.22756100 -0.00653900
v -0.04751650 -0.22964600 -0.00652800
v -0.04894850 -0.23146800 -0.00654200
v -0.05061050 -0.23312600 -0.00654200
v -0.05244350 -0.23454600 -0.00653300
v -0.05447750 -0.23566000 -0.00653200
v -0.05669050 -0.23646000 -0.00653900
v -0.05898750 -0.23695600 -0.00653900
v -0.06129850 -0.23711800 -0.00654000
v -0.06362650 -0.23695600 -0.00653900
v -0.06590150 -0.23644300 -0.00654200
v -0.06808650 -0.23563200 -0.00654200
v -0.07014650 -0.23456900 -0.00652800
v -0.07199750 -0.23311400 -0.00654200
v -0.07364850 -0.23146800 -0.00654200
v -0.07508050 -0.22964600 -0.00652800
v -0.07617550 -0.22756100 -0.00653900
v -0.07697750 -0.22537100 -0.00654200
v -0.07752950 -0.22308200 -0.00652800
v -0.07769350 -0.22074900 -0.00652800
v -0.07751050 -0.21841800 -0.00653200
v -0.07699150 -0.21615900 -0.00653900
v -0.07616250 -0.21397900 -0.00654200
v -0.07508850 -0.21192600 -0.00653200
v -0.07369050 -0.21005400 -0.00653200
v -0.07203950 -0.20839900 -0.00653200
v -0.07014650 -0.20696500 -0.00652800
v -0.06808650 -0.20590300 -0.00654200
v -0.06591650 -0.20503900 -0.00652900
v -0.06362650 -0.20457900 -0.00653900
v -0.06129850 -0.20441600 -0.00654000
v -0.05898350 -0.20453700 -0.00652800
v -0.05669450 -0.20508800 -0.00654200
v -0.05450450 -0.20589000 -0.00653900
v -0.05247750 -0.20701300 -0.00654200
v -0.05056350 -0.20837900 -0.00652900
v -0.04893850 -0.21005700 -0.00653900
v -0.04750850 -0.21192600 -0.00653200
v -0.04642150 -0.21397300 -0.00653900
v -0.04557050 -0.21614900 -0.00652900
v -0.04512350 -0.21845700 -0.00654200
v -0.04482050 -0.22077200 -0.00643300
v -0.04499450 -0.21841200 0.00432400
v -0.04548050 -0.21612000 0.00427000
v -0.04631150 -0.21391700 0.00430800
v -0.04743450 -0.21185000 0.00428200
v -0.04884850 -0.20997200 0.00430800
v -0.05050250 -0.20830700 0.00426900
v -0.05239450 -0.20690700 0.00432400
v -0.05445750 -0.20577600 0.00430800
v -0.05666350 -0.20495900 0.00432200
v -0.05895250 -0.20444800 0.00426900
v -0.06129850 -0.20428100 0.00426900
v -0.06364850 -0.20445700 0.00430800
v -0.06594350 -0.20494900 0.00427200
v -0.06814050 -0.20577600 0.00430900
v -0.07021550 -0.20690000 0.00426900
v -0.07209350 -0.20831700 0.00430800
v -0.07376150 -0.20997400 0.00426900
v -0.07516650 -0.21185500 0.00428200
v -0.07628950 -0.21392600 0.00430800
v -0.07711450 -0.21612300 0.00428500
v -0.07760250 -0.21841200 0.00432400
v -0.07777650 -0.22076700 0.00431100
v -0.07761650 -0.22311800 0.00426900
v -0.07710350 -0.22541500 0.00432200
v -0.07628550 -0.22761700 0.00430800
v -0.07516850 -0.22967800 0.00427000
v -0.07374950 -0.23155600 0.00432000
v -0.07208050 -0.23322100 0.00432600
v -0.07021350 -0.23463500 0.00427000
v -0.06814250 -0.23575300 0.00432000
v -0.06593650 -0.23658600 0.00428200
v -0.06363150 -0.23707400 0.00432400
v -0.06129350 -0.23724400 0.00431200
v -0.05894750 -0.23707300 0.00432200
v -0.05665150 -0.23657700 0.00430800
v -0.05444750 -0.23576000 0.00428400
v -0.05238850 -0.23462800 0.00431000
v -0.05050250 -0.23320900 0.00432400
v -0.04884350 -0.23155000 0.00432200
v -0.04742650 -0.22967700 0.00426900
v -0.04630750 -0.22760800 0.00430800
v -0.04548950 -0.22540200 0.00432200
v -0.04498850 -0.22310600 0.00431200
v -0.04511550 -0.22309400 0.00441500
v -0.04512450 -0.21845800 0.00441700
v -0.04482050 -0.22076200 0.00430800
v -0.04557150 -0.21614900 0.00440500
v -0.05057750 -0.20836500 0.00440400
v -0.05898450 -0.20453800 0.00440400
v -0.06131650 -0.20437200 0.00440300
v -0.06591650 -0.20504000 0.00440500
v -0.07014550 -0.20696600 0.00440400
v -0.07367550 -0.21001700 0.00440400
v -0.07752950 -0.22308200 0.00440300
v -0.07507950 -0.22964600 0.00440400
v -0.07014550 -0.23456800 0.00440400
v -0.04751750 -0.22964600 0.00440400
v -0.04750950 -0.21192700 0.00440800
v -0.07508750 -0.21192700 0.00440800
v -0.07701250 -0.21615300 0.00440900
v -0.06593050 -0.23647800 0.00440800
v -0.05449550 -0.23566400 0.00440900
v -0.04642250 -0.21397400 0.00441400
v -0.04893950 -0.21005800 0.00441400
v -0.05450550 -0.20589100 0.00441400
v -0.06362550 -0.20458000 0.00441400
v -0.06810750 -0.20590100 0.00441500
v -0.07200750 -0.20840800 0.00441400
v -0.07617450 -0.21397400 0.00441400
v -0.07764650 -0.22076700 0.00441600
v -0.07617450 -0.22756100 0.00441400
v -0.06129850 -0.23711700 0.00441500
v -0.05669150 -0.23645800 0.00441400
v -0.05244350 -0.23451300 0.00441500
v -0.04642250 -0.22756100 0.00441400
v -0.05247950 -0.20701400 0.00441700
v -0.05669550 -0.20508900 0.00441700
v -0.07747250 -0.21845800 0.00441700
v -0.07697650 -0.22537100 0.00441700
v -0.07364750 -0.23146700 0.00441700
v -0.07199650 -0.23311300 0.00441700
v -0.06808650 -0.23563000 0.00441700
v -0.06363950 -0.23693600 0.00441700
v -0.05897350 -0.23694100 0.00441700
v -0.05061250 -0.23312500 0.00441700
v -0.04894950 -0.23146700 0.00441700
v -0.04562050 -0.22537100 0.00441700
v -0.04635350 -0.21863700 0.00386700
v -0.04635350 -0.22289800 0.00386700
v -0.04609950 -0.22076700 0.00398900
v -0.05141750 -0.20933600 0.00387200
v -0.05500450 -0.20703000 0.00387200
v -0.05914850 -0.20581300 0.00387100
v -0.06555450 -0.20627100 0.00387100
v -0.06755850 -0.20701500 0.00387200
v -0.07625250 -0.21859900 0.00387200
v -0.07400050 -0.22895200 0.00387200
v -0.07271650 -0.23066100 0.00387100
v -0.06343050 -0.23572600 0.00387200
v -0.05916650 -0.23572600 0.00387200
v -0.05314450 -0.23348800 0.00387200
v -0.04860050 -0.21260700 0.00386700
v -0.06947550 -0.20807700 0.00386700
v -0.07118250 -0.20936000 0.00386700
v -0.07399650 -0.21260700 0.00386700
v -0.07117050 -0.23218800 0.00386700
v -0.06944550 -0.23347600 0.00386700
v -0.06555250 -0.23525400 0.00386800
v -0.05501150 -0.23449200 0.00386700
v -0.05142650 -0.23218800 0.00386700
v -0.04988850 -0.23065400 0.00386800
v -0.04757450 -0.22705500 0.00386700
v -0.04990950 -0.21089800 0.00386100
v -0.05313850 -0.20810000 0.00386000
v -0.05705250 -0.20630700 0.00386100
v -0.06129850 -0.20570100 0.00386000
v -0.06342650 -0.20585000 0.00386000
v -0.07268750 -0.21089800 0.00386100
v -0.07575850 -0.22501300 0.00386100
v -0.06754250 -0.23448100 0.00386000
v -0.04862450 -0.22891200 0.00386000
v -0.04685050 -0.22501000 0.00385500
v -0.04685550 -0.21652600 0.00385700
v -0.04760250 -0.21451300 0.00385800
v -0.07499450 -0.21451300 0.00385800
v -0.07574150 -0.21652600 0.00385700
v -0.07635350 -0.22075200 0.00385800
v -0.07620150 -0.22291000 0.00385800
v -0.07499950 -0.22700700 0.00385800
v -0.06131450 -0.23582200 0.00385800
v -0.05705650 -0.23521400 0.00385800
v -0.04623350 -0.21860500 0.00431100
v -0.04623550 -0.22293200 0.00431000
v -0.04599550 -0.22076700 0.00440300
v -0.04849850 -0.21252800 0.00432400
v -0.05497750 -0.20691900 0.00432400
v -0.05701650 -0.20616000 0.00432200
v -0.05914350 -0.20569800 0.00432400
v -0.06953750 -0.20796700 0.00432400
v -0.07410650 -0.21254000 0.00432400
v -0.07636650 -0.21860400 0.00432400
v -0.06761550 -0.23461600 0.00432200
v -0.05132550 -0.23226700 0.00432200
v -0.04668950 -0.22504500 0.00432400
v -0.06346550 -0.20570400 0.00431000
v -0.06558750 -0.20616600 0.00431000
v -0.07636050 -0.22294200 0.00431000
v -0.07409550 -0.22900300 0.00431000
v -0.06558050 -0.23537000 0.00430800
v -0.05700650 -0.23536700 0.00430800
v -0.04849550 -0.22899300 0.00431000
v -0.04746150 -0.21444800 0.00428200
v -0.04980650 -0.21080100 0.00428200
v -0.06762050 -0.20693100 0.00428400
v -0.07589150 -0.22505900 0.00428200
v -0.07279050 -0.23073300 0.00428200
v -0.07125750 -0.23226500 0.00428400
v -0.05912750 -0.23582300 0.00428200
v -0.05497950 -0.23460400 0.00428200
v -0.04980250 -0.23072800 0.00428200
v -0.04670550 -0.21648200 0.00426900
v -0.05134050 -0.20927100 0.00427000
v -0.05307550 -0.20797300 0.00426900
v -0.06130050 -0.20555800 0.00427000
v -0.07126150 -0.20927600 0.00426900
v -0.07279450 -0.21080900 0.00427000
v -0.07513550 -0.21445300 0.00426900
v -0.07589250 -0.21648700 0.00426900
v -0.07650750 -0.22076900 0.00427000
v -0.07513250 -0.22708700 0.00427000
v -0.06952150 -0.23356200 0.00426900
v -0.06345850 -0.23582200 0.00426900
v -0.06129650 -0.23597600 0.00427000
v -0.05307350 -0.23356100 0.00427000
v -0.04746250 -0.22708300 0.00427000
v -0.04499250 -0.21842600 -0.00644900
v -0.04498950 -0.22311800 -0.00643700
v -0.04495550 -0.22076700 -0.00654500
v -0.05238350 -0.20691500 -0.00644900
v -0.05665050 -0.20496200 -0.00644700
v -0.06814150 -0.20578300 -0.00644800
v -0.07628150 -0.21391800 -0.00644700
v -0.07710750 -0.22540200 -0.00644700
v -0.07374750 -0.23155500 -0.00644800
v -0.07209150 -0.23321200 -0.00645100
v -0.06814150 -0.23575100 -0.00644800
v -0.06594650 -0.23657000 -0.00645100
v -0.05051350 -0.23321900 -0.00644900
v -0.04885250 -0.23156000 -0.00644700
v -0.04549350 -0.22541500 -0.00644700
v -0.04630750 -0.21392600 -0.00643300
v -0.04884150 -0.20998000 -0.00643300
v -0.05444850 -0.20578000 -0.00643300
v -0.06129350 -0.20429000 -0.00643700
v -0.06363850 -0.20445600 -0.00643300
v -0.07711050 -0.21612400 -0.00643200
v -0.07628950 -0.22760800 -0.00643300
v -0.06364850 -0.23707700 -0.00643300
v -0.06130450 -0.23724400 -0.00643700
v -0.05895450 -0.23707700 -0.00643500
v -0.05666150 -0.23657900 -0.00643300
v -0.04631150 -0.22761700 -0.00643300
v -0.04743050 -0.21185500 -0.00640700
v -0.07208850 -0.20830500 -0.00640700
v -0.07375250 -0.20996800 -0.00640700
v -0.07516250 -0.21185000 -0.00640700
v -0.07761650 -0.21842700 -0.00640700
v -0.05445650 -0.23576400 -0.00640700
v -0.05238950 -0.23463600 -0.00640900
v -0.04547950 -0.21612500 -0.00639500
v -0.05050050 -0.20830900 -0.00639500
v -0.05894750 -0.20444900 -0.00639400
v -0.06594350 -0.20494800 -0.00639400
v -0.07021150 -0.20689800 -0.00639400
v -0.07778450 -0.22076900 -0.00639500
v -0.07761750 -0.22311300 -0.00639400
v -0.07516950 -0.22967900 -0.00639300
v -0.07021450 -0.23463600 -0.00639300
v -0.04742950 -0.22968000 -0.00639400
v -0.06240550 -0.20450600 0.00444100
v -0.06016450 -0.20458900 0.00442600
v -0.06008750 -0.23693700 0.00443300
v -0.06240550 -0.23695700 0.00444100
v -0.06245650 -0.23717500 0.01627900
v -0.06011650 -0.23716700 0.01631700
v -0.05779450 -0.23684000 0.00467100
v -0.05751150 -0.23661800 0.00470800
v -0.05758650 -0.23672900 0.00471000
v -0.05768950 -0.23680700 0.00468800
v -0.05749450 -0.23653800 0.00465700
v -0.05773150 -0.23663400 0.00447200
v -0.05759650 -0.23668200 0.00460000
v -0.05772850 -0.23673700 0.00453900
v -0.05758550 -0.23647100 0.00451900
v -0.05776650 -0.23651700 0.00443200
v -0.05766550 -0.20466500 0.00470700
v -0.05779550 -0.20493600 0.00442900
v -0.05781150 -0.20470000 0.00454300
v -0.05750650 -0.20500600 0.00462500
v -0.05766050 -0.20494700 0.00447600
v -0.05776850 -0.20481000 0.00447400
v -0.05762350 -0.20482200 0.00454000
v -0.05754050 -0.20492300 0.00457700
v -0.05755250 -0.20478200 0.00468400
v -0.05766550 -0.20473600 0.00457400
v -0.05778750 -0.20462800 0.00465500
v -0.05748650 -0.20491500 0.00471000
v -0.05778750 -0.23684100 0.01628400
v -0.05774950 -0.23666500 0.01647900
v -0.05778150 -0.23678000 0.01639900
v -0.05776950 -0.23652100 0.01653100
v -0.05756450 -0.23653900 0.01641900
v -0.05758750 -0.23665900 0.01637300
v -0.05762750 -0.23676800 0.01627400
v -0.05749150 -0.23656800 0.01627000
v -0.05748250 -0.20500400 0.01627100
v -0.05750250 -0.20486300 0.01624500
v -0.05771250 -0.20464100 0.01625800
v -0.05756250 -0.20500500 0.01641700
v -0.05753150 -0.20489400 0.01636200
v -0.05776650 -0.20476000 0.01645800
v -0.05779550 -0.20491700 0.01653200
v -0.05758550 -0.20474400 0.01629400
v -0.05771750 -0.20468600 0.01637100
v -0.05763650 -0.20488600 0.01646600
v -0.06477550 -0.20493800 0.01653400
v -0.06485750 -0.20477000 0.01645300
v -0.06484150 -0.20467700 0.01636400
v -0.06485850 -0.20464000 0.01625500
v -0.06491650 -0.20491600 0.01648200
v -0.06505250 -0.20495300 0.01635800
v -0.06500650 -0.20483000 0.01636200
v -0.06500050 -0.20475400 0.01627400
v -0.06508350 -0.20491400 0.01625400
v -0.06508150 -0.20496000 0.00466500
v -0.06477950 -0.20495400 0.00442800
v -0.06500550 -0.20500500 0.00454300
v -0.06477650 -0.20462300 0.00466900
v -0.06480650 -0.20483600 0.00446300
v -0.06494050 -0.20491700 0.00449600
v -0.06484850 -0.20472900 0.00453900
v -0.06501950 -0.20484400 0.00460500
v -0.06488150 -0.20465600 0.00468700
v -0.06498050 -0.20473300 0.00468900
v -0.06505550 -0.20484300 0.00468900
v -0.06506650 -0.23645900 0.00462200
v -0.06477450 -0.23683300 0.00464200
v -0.06485650 -0.23682100 0.00470800
v -0.06497150 -0.23674500 0.00471100
v -0.06505150 -0.23661500 0.00466000
v -0.06508650 -0.23652800 0.00471300
v -0.06495350 -0.23655700 0.00450500
v -0.06494050 -0.23672900 0.00460700
v -0.06482150 -0.23670200 0.00450700
v -0.06478250 -0.23655100 0.00443200
v -0.06508050 -0.23646000 0.01630800
v -0.06507150 -0.23659500 0.01624800
v -0.06476950 -0.23649200 0.01653800
v -0.06496450 -0.23646300 0.01646300
v -0.06482550 -0.23682600 0.01630300
v -0.06481850 -0.23661000 0.01650400
v -0.06500850 -0.23660100 0.01638700
v -0.06481750 -0.23672000 0.01644400
v -0.06494450 -0.23671500 0.01636100
v -0.06496450 -0.23675000 0.01626100
v -0.06337150 -0.20460300 0.01652100
v -0.06342650 -0.20439600 0.01632000
v -0.06012450 -0.20438400 0.00452200
v -0.06246250 -0.20429300 0.00465100
v -0.06010850 -0.20428500 0.00469400
v -0.06246250 -0.23716700 0.00464600
v -0.06012250 -0.23716800 0.00464600
v -0.06244150 -0.23707800 0.01644300
v -0.06009350 -0.23695200 0.01652100
v -0.06243550 -0.23687200 0.01653600
v -0.06076750 -0.21895000 0.01189700
v -0.06180350 -0.21895000 0.01189700
v -0.06180550 -0.21895200 0.01640400
v -0.05917850 -0.20445300 0.01640800
v -0.05920150 -0.20463100 0.01652700
v -0.05915550 -0.20438500 0.01627800
v -0.06060350 -0.20446400 0.01650300
v -0.06058150 -0.20425800 0.01626600
v -0.06194650 -0.20425600 0.01177100
v -0.06073750 -0.21899700 0.01649100
v -0.06065850 -0.21905800 0.01653600
v -0.06076050 -0.21895600 0.01643000
v -0.06070850 -0.21895400 0.01649600
v -0.06189250 -0.20428400 0.01185200
v -0.06184250 -0.20432900 0.01186900
v -0.06181150 -0.20439200 0.01189200
v -0.06183850 -0.20427500 0.01181300
v -0.06074450 -0.20436000 0.01188400
v -0.06061050 -0.20425800 0.01182000
v -0.06069050 -0.20429200 0.01186100
v -0.06074250 -0.20425200 0.01176400
v -0.06073650 -0.20428300 0.01182500
v -0.06076150 -0.20440600 0.01189500
v -0.06182050 -0.21896600 0.01645200
v -0.06193150 -0.21898700 0.01653600
v -0.06183650 -0.21901200 0.01650100
v -0.06187750 -0.21907700 0.01653600
v -0.06189850 -0.20428700 0.01627100
v -0.06184350 -0.20433900 0.01628700
v -0.06076250 -0.20451900 0.01639900
v -0.06067650 -0.20429200 0.01627800
v -0.06062450 -0.20460900 0.01653600
v -0.06060550 -0.20432900 0.01640200
v -0.06072550 -0.20458500 0.01647900
v -0.06071750 -0.20439800 0.01639900
v -0.06073050 -0.20433900 0.01623900
v -0.06076450 -0.20441700 0.01626100
v -0.06180650 -0.20459400 0.01641000
v -0.06185150 -0.20453900 0.01647800
v -0.06192850 -0.20461300 0.01653200
v -0.06193050 -0.20432900 0.01639300
v -0.06200450 -0.20426000 0.01628500
v -0.06180750 -0.20441700 0.01626700
v -0.06182750 -0.20445200 0.01639400
v -0.06196750 -0.20446400 0.01650300
vn 0.0096 -0.0584 0.9982
vn -0.0001 -0.1379 0.9904
vn -0.0004 0.0681 0.9977
vn -0.0000 -0.0172 0.9999
vn 0.0001 0.2022 0.9793
vn 0.0077 0.0590 0.9982
vn -0.0075 0.0450 0.9990
vn 0.0305 -0.1075 0.9937
vn -0.0298 0.1024 0.9943
vn 0.0432 -0.0881 0.9952
vn -0.0144 0.0316 0.9994
vn 0.0438 -0.0663 0.9968
vn -0.0582 0.0869 0.9945
vn 0.0553 -0.0603 0.9966
vn -0.0674 0.0742 0.9950
vn 0.0382 -0.0332 0.9987
vn -0.0630 0.0528 0.9966
vn 0.0818 -0.0535 0.9952
vn -0.1256 0.0803 0.9888
vn 0.0828 -0.0343 0.9960
vn -0.1000 0.0443 0.9940
vn 0.0479 -0.0139 0.9988
vn -0.0894 0.0243 0.9957
vn 0.0966 -0.0161 0.9952
vn -0.0536 0.0066 0.9985
vn 0.1477 -0.0008 0.9890
vn -0.0908 0.0016 0.9959
vn 0.0673 0.0111 0.9977
vn -0.0448 -0.0075 0.9990
vn 0.0931 0.0232 0.9954
vn -0.1215 -0.0378 0.9919
vn 0.1021 0.0478 0.9936
vn -0.0751 -0.0327 0.9966
vn 0.0176 0.0111 0.9998
vn -0.1144 -0.0747 0.9906
vn 0.0755 0.0653 0.9950
vn -0.0805 -0.0733 0.9941
vn 0.0462 0.0567 0.9973
vn -0.0611 -0.0700 0.9957
vn 0.0297 0.0475 0.9984
vn -0.0200 -0.0311 0.9993
vn 0.0387 0.0771 0.9963
vn -0.0333 -0.0720 0.9968
vn 0.0360 0.1235 0.9917
vn -0.0315 -0.1001 0.9945
vn -0.0251 -0.1436 0.9893
vn -0.0085 0.0737 0.9972
vn -0.0078 -0.0323 0.9994
vn 0.0234 -0.1297 0.9913
vn -0.0349 0.1183 0.9924
vn 0.0307 -0.1060 0.9939
vn -0.0338 0.0667 0.9972
vn 0.0371 -0.0830 0.9959
vn -0.0194 0.0305 0.9993
vn 0.0311 -0.0451 0.9985
vn -0.0841 0.0964 0.9918
vn 0.0248 -0.0292 0.9993
vn -0.0724 0.0604 0.9955
vn 0.0705 -0.0618 0.9956
vn -0.0500 0.0323 0.9982
vn 0.1094 -0.0700 0.9915
vn -0.0870 0.0390 0.9954
vn 0.0596 -0.0273 0.9979
vn -0.0376 0.0051 0.9993
vn 0.1726 -0.0519 0.9836
vn 0.0588 -0.0072 0.9982
vn -0.0310 0.0021 0.9995
vn 0.0267 0.1975 0.9799
vn 0.0175 0.0572 0.9982
vn -0.0483 -0.1072 0.9931
vn 0.0068 0.0176 0.9998
vn -0.0457 -0.0692 0.9966
vn 0.0415 0.0624 0.9972
vn -0.0429 -0.0477 0.9979
vn 0.1036 0.1201 0.9873
vn -0.0147 -0.0112 0.9998
vn 0.0667 0.0558 0.9962
vn -0.0673 -0.0437 0.9968
vn 0.1251 0.0809 0.9888
vn -0.0540 -0.0238 0.9983
vn 0.0773 0.0345 0.9964
vn -0.0774 -0.0267 0.9966
vn 0.1463 0.0436 0.9883
vn -0.1238 -0.0169 0.9922
vn 0.0554 0.0090 0.9984
vn 0.0003 0.0936 -0.9956
vn -0.0030 -0.0487 -0.9988
vn 0.0117 -0.0840 -0.9964
vn 0.0044 0.0408 -0.9992
vn 0.0037 0.1475 -0.9891
vn 0.0042 -0.0356 -0.9994
vn -0.0093 0.0910 -0.9958
vn 0.0126 -0.0440 -0.9990
vn -0.0323 0.1125 -0.9931
vn 0.0474 -0.1033 -0.9935
vn -0.0144 0.0317 -0.9994
vn 0.0438 -0.0663 -0.9968
vn -0.0612 0.0908 -0.9940
vn 0.0596 -0.0657 -0.9961
vn -0.0500 0.0576 -0.9971
vn 0.0652 -0.0544 -0.9964
vn -0.0643 0.0599 -0.9961
vn 0.0714 -0.0435 -0.9965
vn -0.0812 0.0539 -0.9952
vn 0.0837 -0.0357 -0.9959
vn -0.1043 0.0506 -0.9933
vn 0.0439 -0.0140 -0.9989
vn -0.1388 0.0415 -0.9895
vn 0.0909 -0.0149 -0.9957
vn -0.0520 0.0065 -0.9986
vn 0.1416 -0.0011 -0.9899
vn -0.1370 0.0018 -0.9906
vn 0.0635 0.0118 -0.9979
vn -0.0450 -0.0069 -0.9990
vn 0.0924 0.0229 -0.9955
vn -0.1346 -0.0415 -0.9900
vn 0.1021 0.0478 -0.9936
vn -0.0751 -0.0327 -0.9966
vn 0.0176 0.0111 -0.9998
vn -0.1144 -0.0747 -0.9906
vn 0.0755 0.0653 -0.9950
vn -0.0708 -0.0617 -0.9956
vn 0.0488 0.0609 -0.9970
vn -0.0295 -0.0333 -0.9990
vn 0.0292 0.0458 -0.9985
vn -0.0310 -0.0523 -0.9982
vn 0.0578 0.1178 -0.9913
vn 0.0302 0.0999 -0.9945
vn -0.0295 -0.1003 -0.9945
vn -0.0106 -0.0777 -0.9969
vn -0.0184 0.1508 -0.9884
vn -0.0315 0.1141 -0.9930
vn 0.0385 -0.1270 -0.9912
vn -0.0354 0.0692 -0.9970
vn 0.0369 -0.0833 -0.9958
vn -0.0249 0.0379 -0.9990
vn 0.0321 -0.0463 -0.9984
vn -0.0619 0.0755 -0.9952
vn 0.0265 -0.0288 -0.9992
vn -0.1145 0.1005 -0.9883
vn 0.0674 -0.0602 -0.9959
vn -0.0510 0.0322 -0.9982
vn 0.1094 -0.0700 -0.9915
vn -0.0870 0.0390 -0.9954
vn 0.0595 -0.0273 -0.9979
vn -0.0376 0.0051 -0.9993
vn 0.1726 -0.0519 -0.9836
vn 0.0588 -0.0072 -0.9982
vn -0.0310 0.0021 -0.9995
vn 0.0070 0.0430 -0.9991
vn -0.0195 -0.0745 -0.9970
vn 0.0086 0.0230 -0.9997
vn -0.0815 -0.1801 -0.9803
vn -0.0397 -0.0607 -0.9974
vn 0.0354 0.0568 -0.9978
vn -0.0429 -0.0477 -0.9979
vn 0.1036 0.1201 -0.9873
vn -0.0147 -0.0112 -0.9998
vn 0.0660 0.0557 -0.9963
vn -0.0740 -0.0475 -0.9961
vn 0.1158 0.0744 -0.9905
vn -0.0826 -0.0350 -0.9960
vn 0.0755 0.0347 -0.9965
vn -0.0443 -0.0148 -0.9989
vn 0.1366 0.0400 -0.9898
vn -0.1190 -0.0166 -0.9928
vn 0.0554 0.0090 -0.9984
vn -0.5603 0.8282 0.0064
vn -0.6710 0.7399 0.0480
vn -0.4744 0.7347 0.4849
vn -0.9083 -0.4160 0.0435
vn -0.8556 -0.2564 0.4496
vn -0.9595 -0.2817 0.0055
vn 0.4355 -0.8997 0.0302
vn 0.2536 -0.8538 0.4547
vn 0.3043 -0.9525 0.0068
vn 0.9994 0.0215 0.0284
vn 0.9858 0.1663 0.0233
vn 0.8501 0.1065 0.5158
vn 0.9525 0.3039 0.0171
vn 0.8997 0.4352 0.0342
vn 0.7681 0.2231 0.6002
vn 0.6365 0.7710 0.0201
vn 0.5199 0.8527 0.0519
vn 0.5180 0.5958 0.6137
vn 0.2589 0.9658 0.0151
vn 0.1207 0.9923 0.0287
vn 0.2429 0.8288 0.5041
vn -0.9891 -0.1412 0.0410
vn -0.8354 -0.0012 0.5497
vn -0.9996 -0.0238 0.0147
vn 0.7406 0.6710 0.0350
vn 0.5309 0.4500 0.7180
vn 0.3277 0.7024 0.6319
vn 0.3958 0.9179 0.0283
vn -0.4364 0.8994 0.0238
vn -0.3318 0.7384 0.5871
vn -0.9565 0.2796 0.0834
vn -0.6456 0.2915 0.7059
vn -0.9181 0.3947 0.0366
vn -0.8019 -0.1262 0.5840
vn -0.8406 -0.5402 0.0401
vn -0.6309 -0.2926 0.7186
vn -0.5207 -0.8535 0.0207
vn -0.4134 -0.9073 0.0771
vn -0.4407 -0.6832 0.5822
vn -0.2826 -0.9590 0.0211
vn -0.1196 -0.9914 0.0525
vn -0.1985 -0.6934 0.6927
vn 0.1641 -0.9861 0.0250
vn 0.0990 -0.7478 0.6565
vn 0.7701 -0.6369 0.0349
vn 0.8513 -0.5221 0.0524
vn 0.5333 -0.4486 0.7171
vn 0.9912 -0.1216 0.0527
vn 0.7488 -0.2202 0.6251
vn 0.9661 -0.2574 0.0215
vn 0.3519 0.5414 0.7636
vn -0.5338 0.4606 0.7091
vn -0.4272 0.5131 0.7445
vn -0.6441 0.0979 0.7586
vn -0.9890 0.1439 0.0329
vn -0.6471 -0.1820 0.7403
vn -0.5384 -0.4454 0.7153
vn -0.5788 -0.3726 0.7254
vn -0.2623 -0.5785 0.7723
vn -0.0142 -0.7886 0.6147
vn -0.0902 -0.6697 0.7371
vn 0.2994 -0.6505 0.6980
vn 0.1713 -0.6216 0.7644
vn 0.6189 -0.2910 0.7296
vn 0.5772 -0.3716 0.7271
vn 0.7744 -0.0079 0.6326
vn 0.6256 -0.0917 0.7747
vn 0.5758 0.0876 0.8129
vn 0.1013 0.7554 0.6474
vn 0.1611 0.5583 0.8138
vn -0.1964 0.6695 0.7164
vn -0.0732 0.5068 0.8589
vn -0.1346 0.8157 0.5626
vn -0.5425 -0.0732 0.8368
vn 0.5546 -0.6132 0.5624
vn 0.3340 -0.3884 0.8588
vn 0.6325 0.2970 0.7153
vn 0.6117 0.3927 0.6867
vn 0.1916 0.4174 0.8883
vn -0.0058 0.7105 0.7037
vn -0.3382 0.5380 0.7721
vn -0.2018 0.4465 0.8717
vn -0.6516 0.4021 0.6432
vn -0.2685 -0.4135 0.8700
vn 0.2569 -0.4198 0.8705
vn 0.4471 -0.6618 0.6018
vn 0.4334 0.0016 0.9012
vn -0.6110 0.1869 0.7692
vn -0.5841 -0.0006 0.8117
vn -0.4673 -0.5214 0.7140
vn 0.0032 -0.4878 0.8730
vn -0.3444 -0.3000 0.8896
vn -0.0591 -0.4750 0.8780
vn -0.1703 -0.5753 0.8000
vn 0.4011 0.2576 0.8791
vn -0.5994 -0.2702 0.7535
vn 0.0951 -0.6279 0.7725
vn 0.4721 -0.4106 0.7801
vn 0.5377 -0.1575 0.8283
vn 0.3456 0.5430 0.7653
vn -0.2751 0.4252 0.8623
vn -0.6248 -0.1738 0.7612
vn -0.4882 -0.3253 0.8098
vn -0.3037 -0.4917 0.8161
vn 0.3850 -0.4644 0.7976
vn 0.6250 -0.2872 0.7259
vn 0.6885 -0.1000 0.7183
vn 0.6848 0.3188 0.6553
vn 0.3721 0.4165 0.8295
vn 0.1048 0.6767 0.7287
vn -0.2655 0.5819 0.7687
vn -0.5249 0.1532 0.8373
vn -0.6774 0.3037 0.6700
vn -0.7426 -0.1103 0.6606
vn -0.4171 -0.4878 0.7668
vn -0.5819 -0.5097 0.6337
vn -0.3051 -0.6802 0.6665
vn 0.0052 -0.7344 0.6787
vn 0.6213 0.0878 0.7786
vn 0.7907 -0.0003 0.6122
vn 0.5239 0.4541 0.7206
vn 0.6613 0.4421 0.6060
vn -0.0885 0.6785 0.7293
vn 0.0126 0.7654 0.6435
vn -0.5230 0.4498 0.7240
vn -0.4878 0.5556 0.6733
vn -0.7225 -0.4625 0.5139
vn -0.4599 -0.7150 0.5265
vn 0.2944 -0.4757 0.8289
vn 0.4677 -0.7209 0.5115
vn 0.7109 -0.4561 0.5353
vn 0.4878 -0.3150 0.8141
vn 0.5524 0.6380 0.5365
vn -0.9566 -0.2798 0.0820
vn -0.6528 -0.7541 0.0728
vn -0.1151 -0.7871 0.6061
vn -0.3016 -0.9515 0.0611
vn 0.2809 -0.6298 0.7241
vn 0.2453 -0.8335 0.4951
vn 0.1774 -0.6077 0.7741
vn 0.7394 -0.6716 0.0476
vn 0.8367 -0.2459 0.4893
vn 0.6700 0.1922 0.7170
vn 0.9917 0.1185 0.0508
vn 0.2590 0.5871 0.7669
vn 0.2193 0.7024 0.6772
vn 0.4329 0.8996 0.0576
vn -0.4403 0.6864 0.5787
vn -0.3941 0.9176 0.0514
vn -0.8389 0.5374 0.0866
vn -0.5126 0.3281 0.7935
vn -0.9170 -0.3970 0.0391
vn -0.7569 -0.6532 0.0226
vn -0.4390 -0.8980 0.0289
vn 0.1226 -0.9912 0.0500
vn -0.0241 -0.9992 0.0324
vn 0.3962 -0.9175 0.0353
vn 0.8996 -0.4350 0.0376
vn 0.9856 -0.1647 0.0390
vn 0.7684 0.6385 0.0427
vn -0.2160 0.7332 0.6448
vn -0.2586 0.9657 0.0250
vn -0.7546 0.6553 0.0329
vn -0.6361 0.7709 0.0324
vn -0.7411 0.2174 0.6352
vn -0.7660 0.1191 0.6318
vn -0.9593 0.2805 0.0321
vn -0.9899 -0.1401 0.0218
vn -0.8530 -0.5218 0.0151
vn -0.5591 -0.8289 0.0161
vn 0.6355 -0.7719 0.0196
vn 0.5686 -0.6317 0.5269
vn 0.8298 -0.5579 0.0150
vn 0.9996 -0.0224 0.0188
vn 0.5622 0.8259 0.0412
vn 0.6718 0.7406 0.0149
vn 0.2585 -0.9660 0.0071
vn 0.9530 -0.3028 0.0091
vn 0.1238 0.4365 -0.8912
vn -0.1893 -0.4336 -0.8810
vn 0.0775 0.5350 -0.8413
vn -0.2018 0.4465 -0.8717
vn -0.5451 -0.0773 -0.8348
vn -0.3541 -0.5512 -0.7555
vn 0.0811 -0.5518 -0.8300
vn 0.3340 -0.3884 -0.8588
vn 0.4333 0.0015 -0.9013
vn 0.5714 0.0845 -0.8163
vn 0.5274 0.4461 -0.7231
vn 0.1971 0.4408 -0.8757
vn 0.3378 0.5189 -0.7852
vn -0.1962 0.6714 -0.7146
vn -0.6821 0.3065 -0.6639
vn -0.5700 0.0793 -0.8178
vn -0.3121 -0.3619 -0.8784
vn -0.5325 -0.4482 -0.7180
vn -0.0039 -0.4406 -0.8977
vn -0.0854 -0.5775 -0.8119
vn 0.2569 -0.4198 -0.8705
vn 0.2976 -0.6377 -0.7104
vn 0.6192 -0.2913 -0.7292
vn 0.7749 -0.0081 -0.6321
vn 0.6525 0.2988 -0.6964
vn 0.7012 0.1998 -0.6844
vn 0.5176 0.5906 -0.6191
vn 0.2256 0.7597 -0.6099
vn -0.3564 0.5640 -0.7449
vn -0.3369 0.7395 -0.5828
vn -0.7032 0.2001 -0.6822
vn -0.7696 -0.0076 -0.6384
vn -0.6196 -0.2911 -0.7289
vn -0.7484 -0.2184 -0.6262
vn -0.2184 -0.7084 -0.6712
vn -0.0000 -0.7551 -0.6556
vn 0.2189 -0.7502 -0.6239
vn 0.4469 -0.6617 -0.6021
vn 0.6256 -0.0917 -0.7747
vn 0.7487 -0.2201 -0.6253
vn 0.8528 0.1226 -0.5077
vn -0.0041 0.6775 -0.7355
vn 0.1000 0.8235 -0.5584
vn -0.0893 0.5541 -0.8277
vn -0.1221 0.8520 -0.5091
vn -0.5641 0.3599 -0.7432
vn -0.6485 0.5624 -0.5130
vn -0.4271 0.3579 -0.8303
vn -0.8613 0.1234 -0.4928
vn -0.8063 -0.1171 -0.5798
vn -0.5383 -0.6223 -0.5683
vn -0.1234 -0.8552 -0.5034
vn 0.1033 -0.8278 -0.5514
vn 0.5329 -0.4484 -0.7176
vn 0.5543 -0.6132 -0.5629
vn 0.3306 0.6992 -0.6338
vn 0.4837 0.7511 -0.4494
vn -0.4395 0.5153 -0.7357
vn -0.5204 0.8521 -0.0561
vn -0.5755 -0.3704 -0.7291
vn -0.8389 -0.5390 -0.0755
vn -0.3407 -0.7090 -0.6175
vn -0.5576 -0.8284 -0.0528
vn 0.5772 -0.3716 -0.7271
vn 0.8286 -0.5574 -0.0524
vn 0.9993 -0.0239 -0.0283
vn 0.7694 0.6378 -0.0348
vn 0.4352 0.8998 -0.0320
vn 0.0229 0.9989 -0.0402
vn -0.3950 0.9185 -0.0214
vn -0.6389 0.7686 -0.0335
vn -0.9590 0.2820 -0.0294
vn -0.9086 -0.4168 -0.0281
vn -0.6718 -0.7405 -0.0179
vn -0.2806 -0.9589 -0.0426
vn 0.7400 -0.6717 -0.0349
vn 0.9853 -0.1626 -0.0527
vn 0.9528 -0.3029 -0.0216
vn 0.9643 0.2614 -0.0425
vn 0.9929 0.1182 -0.0155
vn 0.6722 0.7401 -0.0226
vn 0.1648 0.9860 -0.0269
vn 0.3050 0.9522 -0.0188
vn -0.2826 0.9573 -0.0611
vn -0.1423 0.9898 -0.0103
vn -0.8402 0.5385 -0.0644
vn -0.7551 0.6555 -0.0103
vn -0.9894 -0.1422 -0.0280
vn -0.9994 0.0248 -0.0241
vn -0.0222 -0.9991 -0.0348
vn -0.1639 -0.9864 -0.0127
vn 0.5579 0.8299 -0.0057
vn -0.9598 -0.2808 -0.0046
vn -0.8996 -0.4350 -0.0382
vn -0.8451 -0.2486 -0.4734
vn -0.5244 -0.8513 -0.0185
vn -0.5872 -0.6760 -0.4452
vn -0.6545 -0.7561 -0.0042
vn 0.6693 -0.7430 -0.0079
vn 0.7699 -0.6369 -0.0406
vn 0.5794 -0.6663 -0.4694
vn 0.9654 -0.2605 -0.0090
vn 0.9920 -0.1203 -0.0381
vn 0.8371 -0.2463 -0.4884
vn -0.9173 0.3970 -0.0294
vn -0.7495 0.4814 -0.4544
vn -0.8414 0.5404 -0.0035
vn -0.9888 -0.1424 -0.0451
vn -0.7326 -0.1077 -0.6721
vn -0.8291 -0.5589 -0.0152
vn -0.7545 -0.6547 -0.0464
vn -0.7237 -0.4632 -0.5117
vn -0.3968 -0.9170 -0.0396
vn -0.4569 -0.7146 -0.5297
vn 0.1660 -0.9860 -0.0143
vn 0.3004 -0.9521 -0.0581
vn 0.1142 -0.8213 -0.5589
vn 0.4549 -0.7135 -0.5329
vn 0.5614 -0.8274 -0.0182
vn 0.8532 -0.5214 -0.0151
vn 0.9183 -0.3941 -0.0378
vn 0.7139 -0.4580 -0.5297
vn 0.9996 0.0206 -0.0187
vn 0.9852 0.1634 -0.0512
vn 0.7905 -0.0001 -0.6124
vn 0.5240 0.8508 -0.0408
vn 0.5528 0.6376 -0.5364
vn 0.6391 0.7690 -0.0148
vn -0.7580 0.6516 -0.0294
vn -0.5920 0.5157 -0.6194
vn -0.6229 -0.2863 -0.7280
vn -0.5770 -0.5029 -0.6435
vn 0.0006 -0.8134 -0.5817
vn 0.0219 -0.9992 -0.0340
vn 0.2981 -0.6642 -0.6855
vn 0.4389 -0.8979 -0.0331
vn 0.6251 -0.2873 -0.7257
vn 0.6904 -0.1004 -0.7165
vn 0.7395 0.6718 -0.0429
vn 0.5239 0.4541 -0.7206
vn -0.4352 0.8990 -0.0496
vn -0.2156 0.7334 -0.6447
vn -0.3007 0.9534 -0.0250
vn -0.4494 0.5150 -0.7300
vn -0.6707 0.7405 -0.0412
vn -0.7670 0.1191 -0.6305
vn -0.7380 0.2166 -0.6391
vn -0.9581 0.2800 -0.0607
vn -0.5521 -0.1599 -0.8183
vn -0.4020 -0.4703 -0.7856
vn 0.1651 -0.5801 -0.7977
vn 0.5031 -0.4441 -0.7414
vn 0.5393 -0.1580 -0.8272
vn 0.6698 0.1918 -0.7173
vn 0.6185 0.0874 -0.7809
vn 0.2142 0.7321 -0.6467
vn 0.2592 0.5873 -0.7668
vn 0.3930 0.9177 -0.0578
vn -0.4478 0.6967 -0.5605
vn -0.2695 0.5890 -0.7618
vn -0.6718 0.2996 -0.6774
vn -0.5013 0.3241 -0.8023
vn -0.4873 -0.3265 -0.8099
vn -0.3117 -0.6589 -0.6846
vn -0.3026 -0.4903 -0.8173
vn 0.0834 -0.5743 -0.8144
vn 0.3965 -0.4783 -0.7836
vn 0.2944 -0.4757 -0.8289
vn 0.4624 -0.3070 -0.8318
vn 0.3458 0.5431 -0.7652
vn 0.3721 0.4165 -0.8295
vn -0.2768 0.4295 -0.8596
vn -0.3444 -0.3001 -0.8896
vn -0.2059 -0.7001 -0.6837
vn 0.0041 -0.5475 -0.8368
vn -0.0824 -0.5241 -0.8476
vn -0.0939 -0.7777 -0.6215
vn 0.4011 0.2576 -0.8791
vn 0.6617 0.4421 -0.6056
vn 0.6849 0.3186 -0.6553
vn 0.0882 0.6108 -0.7868
vn -0.5249 0.1532 -0.8373
vn -0.5276 0.0028 -0.8495
vn 0.0863 -0.0013 0.9963
vn -0.1926 -0.0001 0.9813
vn -0.0879 0.0158 0.9960
vn 0.0444 0.0068 0.9990
vn 0.1890 -0.0010 0.9820
vn -0.0669 -0.0000 0.9978
vn 0.0889 -0.0143 0.9959
vn -0.0542 0.0150 0.9984
vn 0.0535 -0.0173 0.9984
vn -0.1218 0.0552 0.9910
vn 0.0797 -0.0346 0.9962
vn -0.0483 0.0294 0.9984
vn 0.1161 -0.0746 0.9904
vn -0.0930 0.0831 0.9922
vn 0.0598 -0.0513 0.9969
vn -0.0398 0.0450 0.9982
vn 0.0344 -0.0421 0.9985
vn -0.0774 0.1188 0.9899
vn 0.0453 -0.0677 0.9967
vn -0.0406 0.0943 0.9947
vn 0.0543 -0.1172 0.9916
vn -0.0170 0.0608 0.9980
vn 0.0234 -0.0858 0.9960
vn -0.0184 0.1064 0.9942
vn 0.0069 -0.0491 0.9988
vn -0.0034 0.1212 0.9926
vn 0.0003 -0.1001 0.9950
vn 0.0221 0.1488 0.9886
vn -0.0066 -0.0498 0.9987
vn 0.0261 0.0824 0.9963
vn -0.0366 -0.1252 0.9915
vn 0.0230 0.0501 0.9985
vn -0.0266 -0.0525 0.9983
vn 0.0697 0.1125 0.9912
vn -0.0661 -0.1047 0.9923
vn 0.0530 0.0575 0.9969
vn -0.0303 -0.0373 0.9988
vn 0.1060 0.0917 0.9901
vn -0.0603 -0.0538 0.9967
vn 0.0464 0.0327 0.9984
vn -0.1157 -0.0725 0.9906
vn 0.1258 0.0562 0.9905
vn -0.0740 -0.0340 0.9967
vn 0.1057 0.0274 0.9940
vn -0.0542 -0.0153 0.9984
vn -0.1894 -0.0268 0.9815
vn 0.0591 -0.0085 0.9982
vn -0.0661 -0.0097 0.9978
vn -0.0544 0.0103 0.9985
vn 0.1020 -0.0251 0.9945
vn -0.1126 0.0336 0.9931
vn 0.1283 -0.0602 0.9899
vn -0.0562 0.0239 0.9981
vn 0.0444 -0.0273 0.9986
vn -0.0924 0.0602 0.9939
vn 0.0753 -0.0600 0.9954
vn -0.1043 0.0886 0.9906
vn 0.0894 -0.1067 0.9903
vn -0.0417 0.0457 0.9981
vn 0.0273 -0.0405 0.9988
vn -0.0775 0.1220 0.9895
vn 0.0492 -0.1114 0.9926
vn -0.0271 0.0577 0.9980
vn 0.0223 -0.0801 0.9965
vn -0.0401 0.1366 0.9898
vn 0.0077 -0.0581 0.9983
vn -0.0078 0.0651 0.9978
vn 0.0011 -0.0919 0.9958
vn 0.0539 0.0104 0.9985
vn -0.1307 -0.0363 0.9908
vn 0.1222 0.0359 0.9919
vn -0.0887 -0.0458 0.9950
vn 0.0590 0.0252 0.9979
vn -0.0434 -0.0267 0.9987
vn 0.1154 0.0730 0.9906
vn -0.0758 -0.0625 0.9952
vn 0.0448 0.0402 0.9982
vn -0.0756 -0.0803 0.9939
vn 0.0864 0.0930 0.9919
vn -0.0744 -0.1206 0.9899
vn 0.0292 0.0401 0.9988
vn -0.0234 -0.0529 0.9983
vn 0.0491 0.1079 0.9929
vn -0.0290 -0.1000 0.9946
vn 0.0199 0.0602 0.9980
vn -0.0096 -0.0457 0.9989
vn 0.0172 0.1481 0.9888
vn -0.0012 0.1520 0.9884
vn -0.1759 -0.0000 0.9844
vn -0.1512 -0.0193 0.9883
vn -0.0004 0.0001 1.0000
vn -0.0415 -0.0103 0.9991
vn -0.0291 -0.0144 0.9995
vn -0.0353 -0.0235 0.9991
vn -0.0096 -0.0099 0.9999
vn -0.0188 -0.0215 0.9996
vn -0.0054 -0.0084 1.0000
vn -0.0080 -0.0177 0.9998
vn -0.0023 -0.0072 1.0000
vn -0.0023 -0.0146 0.9999
vn -0.0025 -0.0074 1.0000
vn 0.0032 -0.0054 1.0000
vn 0.0045 -0.0062 1.0000
vn 0.0040 -0.0109 0.9999
vn 0.0034 -0.0073 1.0000
vn 0.0037 -0.0064 1.0000
vn 0.0029 -0.0025 1.0000
vn 0.0064 -0.0049 1.0000
vn 0.0037 -0.0038 1.0000
vn 0.0038 0.0022 1.0000
vn 0.0080 -0.0011 1.0000
vn 0.0028 -0.0032 1.0000
vn 0.0050 0.0012 1.0000
vn 0.0071 0.0020 1.0000
vn 0.0031 0.0043 1.0000
vn 0.0083 0.0090 0.9999
vn 0.0070 0.0049 1.0000
vn 0.0062 0.0062 1.0000
vn 0.0058 0.0065 1.0000
vn 0.0025 0.0059 1.0000
vn 0.0019 0.0152 0.9999
vn 0.0049 0.0169 0.9998
vn -0.0000 0.0087 1.0000
vn -0.0039 0.0268 0.9996
vn -0.0024 0.0118 0.9999
vn -0.0187 0.0354 0.9992
vn -0.0383 0.0595 0.9975
vn -0.0331 0.0395 0.9987
vn -0.1137 0.1011 0.9884
vn -0.1193 0.0769 0.9899
vn -0.4540 0.2065 0.8668
vn -0.5259 0.0742 0.8473
vn 0.2796 -0.3260 -0.9031
vn 0.1172 -0.0345 -0.9925
vn 0.0005 0.0001 -1.0000
vn 0.0785 -0.0362 -0.9963
vn 0.0749 -0.0474 -0.9961
vn 0.0321 -0.0253 -0.9992
vn 0.0071 -0.0109 -0.9999
vn 0.0097 -0.0180 -0.9998
vn 0.0126 -0.0245 -0.9996
vn 0.0055 -0.0146 -0.9999
vn 0.0016 -0.0114 -0.9999
vn -0.0001 -0.0064 -1.0000
vn -0.0011 -0.0114 -0.9999
vn -0.0008 -0.0048 -1.0000
vn -0.0044 -0.0026 -1.0000
vn -0.0052 -0.0082 -1.0000
vn -0.0009 -0.0055 -1.0000
vn -0.0048 -0.0003 -1.0000
vn -0.0072 -0.0040 -1.0000
vn -0.0041 -0.0049 -1.0000
vn -0.0033 0.0015 -1.0000
vn -0.0082 0.0018 -1.0000
vn -0.0065 0.0019 -1.0000
vn -0.0060 -0.0014 -1.0000
vn -0.0050 -0.0004 -1.0000
vn -0.0025 0.0027 -1.0000
vn -0.0046 0.0052 -1.0000
vn -0.0054 0.0044 -1.0000
vn -0.0045 0.0064 -1.0000
vn -0.0067 0.0067 -1.0000
vn -0.0018 0.0036 -1.0000
vn -0.0029 0.0119 -0.9999
vn -0.0031 0.0063 -1.0000
vn 0.0024 0.0089 -1.0000
vn 0.0020 0.0170 -0.9999
vn -0.0008 0.0056 -1.0000
vn 0.0087 0.0191 -0.9998
vn 0.0106 0.0126 -0.9999
vn 0.0287 0.0321 -0.9991
vn 0.0185 0.0170 -0.9997
vn 0.0716 0.0461 -0.9964
vn 0.0659 0.0293 -0.9974
vn 0.2486 0.0739 -0.9658
vn 0.2976 -0.2912 -0.9092
vn 0.9523 0.3051 0.0059
vn 0.8998 0.4362 0.0137
vn 0.5204 0.8538 0.0148
vn 0.6347 0.7728 0.0058
vn -0.1643 0.9863 0.0133
vn -0.0242 0.9997 0.0079
vn -0.2817 0.9595 0.0088
vn -0.4154 0.9096 0.0099
vn -0.5607 0.8280 0.0060
vn -0.6724 0.7401 0.0136
vn -0.7705 0.6374 0.0056
vn -0.8550 0.5186 0.0093
vn -0.9857 -0.1682 0.0057
vn -0.9523 -0.3047 0.0148
vn -0.7539 -0.6570 0.0082
vn -0.8408 -0.5413 0.0087
vn -0.4138 -0.9103 0.0103
vn -0.5409 -0.8410 0.0087
vn 0.8542 -0.5199 0.0058
vn 0.9200 -0.3918 0.0106
vn 0.8276 0.5612 0.0065
vn 0.7411 0.6713 0.0138
vn -0.9188 0.3945 0.0136
vn -0.9597 0.2809 0.0094
vn -0.9861 0.1655 0.0160
vn -0.2594 -0.9658 0.0059
vn -0.1177 -0.9929 0.0157
vn 0.4370 -0.8994 0.0068
vn 0.5628 -0.8265 0.0114
vn 0.2619 0.9650 0.0150
vn 0.3932 0.9194 0.0077
vn -1.0000 0.0015 0.0087
vn -0.9007 -0.4343 0.0106
vn 0.0238 -0.9997 0.0080
vn 0.1654 -0.9861 0.0161
vn 0.3024 -0.9531 0.0110
vn 0.6727 -0.7398 0.0161
vn 0.9657 -0.2592 0.0159
vn 0.9866 0.1627 0.0150
vn -0.6397 -0.7685 0.0154
vn 0.7689 -0.6393 0.0110
vn -0.4992 -0.8036 0.3240
vn -0.6276 -0.7545 0.1919
vn -0.3887 -0.9001 0.1968
vn -0.2530 -0.9130 0.3201
vn -0.1203 -0.9725 0.1993
vn 0.0153 -0.9361 0.3514
vn 0.4251 -0.8847 0.1911
vn 0.5296 -0.8074 0.2600
vn 0.9730 -0.1198 0.1973
vn 0.9286 0.0155 0.3707
vn 0.7278 0.6424 0.2401
vn 0.6259 0.7353 0.2601
vn -0.0136 0.9400 0.3409
vn 0.1192 0.9738 0.1935
vn -0.1605 0.9681 0.1925
vn -0.2776 0.8966 0.3452
vn -0.5470 0.8148 0.1920
vn -0.6354 0.7117 0.2997
vn -0.9727 -0.1418 0.1836
vn -0.8812 -0.2743 0.3851
vn -0.8104 -0.5437 0.2183
vn -0.7026 -0.6269 0.3366
vn 0.6379 -0.7207 0.2716
vn 0.7198 -0.6036 0.3428
vn 0.8310 -0.5109 0.2198
vn 0.8656 -0.3826 0.3232
vn 0.3781 0.8637 0.3334
vn 0.5113 0.8169 0.2669
vn 0.2509 0.9335 0.2563
vn -0.4219 0.8695 0.2570
vn -0.7987 0.4969 0.3392
vn -0.7521 0.6249 0.2095
vn -0.8970 0.3869 0.2138
vn -0.9038 0.2501 0.3472
vn 0.1577 -0.9432 0.2925
vn 0.8396 0.4001 0.3673
vn 0.9226 0.2914 0.2527
vn -0.8531 -0.4143 0.3171
vn 0.8935 -0.2461 0.3757
vn 0.9310 0.1563 0.3299
vn -0.7937 -0.4912 0.3588
vn -0.1459 -0.9151 0.3759
vn 0.4948 -0.7929 0.3557
vn 0.7819 -0.5198 0.3443
vn 0.9261 -0.1496 0.3463
vn 0.3998 0.8413 0.3638
vn -0.6024 0.7152 0.3545
vn -0.8881 0.2758 0.3677
vn -0.9100 -0.1311 0.3933
vn 0.2570 -0.9163 0.3073
vn 0.9348 0.1196 0.3343
vn 0.7997 0.4940 0.3413
vn 0.2800 0.9143 0.2928
vn -0.2537 0.9056 0.3400
vn -0.7860 0.5194 0.3352
vn -0.9441 0.1466 0.2952
vn -0.8872 -0.3801 0.2614
vn -0.7355 -0.6251 0.2613
vn 0.3880 -0.8952 0.2193
vn 0.9294 0.2613 0.2606
vn 0.6325 0.7105 0.3086
vn -0.1117 0.9581 0.2639
vn -0.3901 0.8830 0.2610
vn -0.7251 0.6542 0.2151
vn -0.9452 -0.2599 0.1974
vn -0.4005 -0.8338 0.3799
vn -0.5431 -0.8169 0.1941
vn 0.1174 -0.9292 0.3505
vn -0.0173 -0.9793 0.2017
vn 0.7185 -0.6513 0.2440
vn 0.9242 -0.2949 0.2427
vn 0.9796 -0.0165 0.2001
vn 0.8981 0.3915 0.2003
vn 0.5458 0.8157 0.1916
vn 0.0198 0.9690 0.2463
vn -0.5143 0.8349 0.1959
vn -0.8828 0.4264 0.1970
vn -0.9861 0.0001 0.1663
vn 0.9928 0.1187 -0.0151
vn 0.5578 0.8298 -0.0148
vn 0.3047 0.9523 -0.0148
vn -0.4154 0.9094 -0.0208
vn -0.9002 0.4353 -0.0153
vn -0.9650 -0.2619 -0.0148
vn -0.6735 -0.7391 -0.0152
vn -0.3063 -0.9518 -0.0168
vn 0.7390 -0.6736 -0.0109
vn 0.9527 -0.3036 -0.0157
vn 0.9997 -0.0234 -0.0084
vn 0.9185 0.3953 -0.0135
vn 0.7704 0.6374 -0.0136
vn 0.4379 0.8990 -0.0076
vn -0.1190 0.9928 -0.0107
vn -0.9593 0.2822 -0.0082
vn -0.9200 -0.3918 -0.0105
vn 0.2577 -0.9662 -0.0107
vn 0.9007 -0.4343 -0.0105
vn 0.8543 0.5197 -0.0064
vn -0.8290 0.5592 -0.0096
vn -0.9927 0.1203 -0.0081
vn 0.6383 -0.7697 -0.0153
vn 0.5224 -0.8527 -0.0092
vn 0.9666 0.2563 -0.0059
vn 0.6732 0.7395 -0.0058
vn 0.0225 0.9996 -0.0149
vn 0.1681 0.9858 -0.0057
vn -0.2822 0.9593 -0.0045
vn -0.6378 0.7702 -0.0089
vn -0.5180 0.8554 -0.0058
vn -0.9929 -0.1192 -0.0054
vn -0.7541 -0.6565 -0.0163
vn -0.8407 -0.5414 -0.0043
vn -0.4133 -0.9105 -0.0163
vn -0.5409 -0.8411 -0.0043
vn 0.8267 -0.5626 -0.0057
vn -0.0169 0.0005 -0.9999
vn -0.0003 0.0099 -1.0000
vn 0.0003 -0.0029 -1.0000
vn -0.0024 0.0027 -1.0000
vn 0.0100 0.0020 -0.9999
vn 0.0501 -0.0013 -0.9987
vn -0.0284 -0.4997 -0.8658
vn -0.0149 -0.0016 -0.9999
vn 0.3169 -0.3917 -0.8638
vn 0.5972 -0.4841 -0.6395
vn 0.4190 -0.6232 -0.6603
vn 0.6602 -0.0014 -0.7511
vn 0.8645 -0.5026 -0.0013
vn 1.0000 -0.0008 -0.0096
vn 0.4486 -0.8937 -0.0052
vn 0.7302 -0.6833 -0.0031
vn 0.1430 -0.9897 -0.0041
vn 0.4197 0.2032 -0.8846
vn 0.4736 0.0011 -0.8808
vn 0.7567 0.2073 -0.6200
vn 0.6983 0.0036 -0.7158
vn 0.4082 0.6409 -0.6501
vn 0.3268 0.5404 -0.7754
vn 0.8153 0.5790 -0.0066
vn 0.8832 0.0001 -0.4690
vn 1.0000 0.0011 -0.0012
vn 0.1421 0.9898 -0.0080
vn 0.5788 0.8155 -0.0032
vn 0.0260 -0.0010 0.9997
vn 0.5785 -0.2718 0.7691
vn 0.6906 -0.0016 0.7233
vn 0.5402 -0.5839 0.6060
vn 0.4339 -0.5350 0.7250
vn 0.6983 -0.7157 0.0049
vn 0.1645 -0.9864 0.0048
vn 0.7239 0.6899 0.0094
vn 0.8873 0.0023 0.4612
vn 0.9197 0.3926 0.0023
vn 0.4619 0.0035 0.8869
vn 0.7076 0.0005 0.7066
vn 0.5105 0.4790 0.7141
vn -0.0123 0.0013 0.9999
vn -0.5021 0.1762 0.8466
vn -0.4715 0.0015 0.8819
vn -0.5994 0.2997 0.7422
vn -0.6815 0.6423 0.3506
vn -0.7867 0.6173 0.0067
vn -1.0000 0.0033 0.0025
vn -0.8047 0.0008 0.5937
vn -0.4541 0.0035 -0.8910
vn -0.5338 0.5555 -0.6375
vn -0.5365 0.3112 -0.7844
vn -0.4735 0.8808 -0.0071
vn -0.1485 0.9889 -0.0077
vn -0.6900 0.7238 -0.0055
vn -1.0000 0.0004 -0.0039
vn -0.9025 0.4306 -0.0018
vn -0.8836 -0.4680 -0.0154
vn -0.5137 -0.0023 -0.8580
vn -0.8022 -0.4287 -0.4155
vn -0.5056 -0.6197 -0.6002
vn -0.4399 -0.8981 -0.0021
vn -0.1436 -0.9896 -0.0109
vn -0.8450 -0.0007 -0.5348
vn -1.0000 -0.0012 -0.0012
vn -0.0158 -0.0006 0.9999
vn -0.6216 -0.0007 0.7834
vn -0.1746 -0.0688 0.9822
vn -0.4651 -0.5383 0.7028
vn -0.2777 -0.2869 0.9168
vn -1.0000 -0.0001 0.0064
vn -0.9094 -0.4160 0.0027
vn -0.1959 0.7425 0.6406
vn -0.1320 0.9909 0.0246
vn -0.0588 0.4632 0.8843
vn 0.0466 0.6482 -0.7601
vn -0.1056 0.9942 -0.0199
vn 0.0728 0.9973 -0.0088
vn -0.7478 0.0005 -0.6639
vn -0.1555 -0.9878 0.0084
vn 1.0000 -0.0027 0.0049
vn 0.2274 0.9738 0.0036
vn 1.0000 0.0003 0.0038
vn 0.0936 -0.9955 0.0163
vn 0.0203 -0.2540 0.9670
vn -0.0473 -0.6607 0.7492
vn -0.0210 -0.2406 0.9704
vn -0.0487 -0.9988 0.0051
vn -0.9928 0.0356 0.1145
vn -0.9900 0.1395 0.0212
vn -1.0000 -0.0001 0.0096
vn -1.0000 0.0038 -0.0001
vn -0.9027 0.0016 0.4302
vn 0.9999 0.0002 0.0129
vn 0.9974 0.0726 0.0039
vn 0.9719 0.0700 0.2246
vn 0.9727 0.0056 0.2321
vn 1.0000 0.0031 -0.0011
vn 0.3001 0.6808 0.6682
vn 0.3390 0.6838 0.6461
vn 0.2337 0.2943 0.9267
vn 0.0168 0.0010 0.9999
vn -0.0306 0.0017 0.9995
vn -0.2506 0.0633 0.9660
vn 0.1321 0.9912 0.0059
vn 0.1120 0.9937 0.0008
vn -0.0764 0.9971 0.0065
vn -0.0053 1.0000 -0.0035
vn 0.0024 1.0000 0.0021
vn 0.0021 1.0000 0.0015
vn -0.1913 0.9815 -0.0003
vn 0.0454 0.0021 0.9990
vn 0.0092 0.0002 1.0000
vn -0.0010 0.0002 1.0000
vn 0.0001 0.0043 1.0000
vn -0.0302 0.7259 0.6871
vn -0.6257 0.0012 0.7800
vn 0.4087 0.9116 0.0435
vn -0.1219 0.7705 0.6256
vn 0.6629 0.6902 0.2902
vn 0.1200 0.8195 0.5603
vn 0.2679 0.7448 0.6111
vn 0.7062 0.0335 0.7072
vn -0.7283 0.0049 0.6853
vn 0.4751 0.8619 -0.1773
vn 0.7888 0.6031 -0.1183
vn -0.9147 0.3114 0.2577
vn 0.7068 0.0109 0.7073
vn -0.6977 0.1528 0.6999
vn -0.3758 0.8760 0.3023
vn -0.6195 0.5761 0.5331
vn 0.8766 0.4543 0.1585
vn 0.5104 0.2360 0.8269
vn -0.8049 0.5802 -0.1243
vn -0.6786 0.6229 0.3893
vn 0.9182 0.3952 -0.0261
vn 0.8517 0.5217 -0.0490
vn 0.8283 0.5584 0.0460
vn -0.0200 0.9991 0.0367
vn -0.2826 0.9587 0.0337
vn -0.1399 0.9891 0.0459
vn -0.8404 0.5413 0.0267
vn -0.7548 0.6547 0.0410
vn -0.8995 0.4362 -0.0250
vn -0.9895 0.1434 -0.0194
vn -0.9589 -0.2816 -0.0342
vn -0.7701 -0.6369 -0.0350
vn -0.7397 -0.6719 0.0387
vn -0.6355 -0.7713 0.0355
vn -0.4149 -0.9095 -0.0234
vn 0.1215 -0.9922 -0.0278
vn 0.0236 -0.9992 0.0314
vn 0.2580 -0.9659 -0.0231
vn 0.3948 -0.9180 -0.0374
vn 0.5194 -0.8539 -0.0338
vn 0.6360 -0.7712 -0.0279
vn 0.5573 -0.8296 0.0338
vn 0.6705 -0.7414 0.0279
vn 0.8993 -0.4359 -0.0361
vn 0.9183 -0.3942 0.0363
vn -0.9996 -0.0226 -0.0172
vn -0.9996 0.0226 0.0172
vn -0.2587 -0.9657 -0.0234
vn -0.1635 -0.9863 0.0220
vn -0.1216 -0.9920 -0.0332
vn 0.5227 -0.8524 0.0145
vn 0.9637 0.2643 0.0379
vn 0.9515 0.3054 -0.0379
vn 0.9185 0.3947 0.0250
vn 0.8998 0.4356 -0.0250
vn 0.8535 0.5200 0.0332
vn 0.8296 0.5573 -0.0333
vn 0.2989 0.9535 0.0379
vn 0.2590 0.9655 -0.0249
vn 0.1630 0.9860 0.0366
vn 0.1213 0.9911 -0.0545
vn 0.0208 0.9992 0.0347
vn -0.0234 0.9990 -0.0390
vn -0.1218 0.9918 0.0380
vn -0.1656 0.9855 -0.0379
vn -0.5228 0.8522 0.0213
vn -0.5605 0.8280 -0.0180
vn -0.8998 0.4354 0.0271
vn -0.9899 0.1399 -0.0207
vn -0.9895 0.1387 0.0398
vn -0.5276 0.0028 0.8495
vn -0.4965 0.0714 0.8651
vn -0.8555 -0.0002 0.5178
vn 0.5949 0.3820 -0.7072
vn -0.8555 0.0002 -0.5178
vn 0.0054 0.7032 -0.7109
vn -0.0966 0.7007 -0.7069
vn -0.4966 0.0714 -0.8651
vn -0.9251 -0.0000 0.3797
vn -0.6426 -0.7257 0.2456
vn -0.2872 -0.9182 0.2728
vn 0.2956 -0.9246 0.2404
vn 0.6273 -0.7542 0.1943
vn 0.8841 -0.4234 0.1977
vn 0.7502 0.6250 0.2160
vn 0.8158 0.5457 0.1915
vn 0.1594 0.9681 0.1932
vn -0.9695 0.1213 0.2130
vn 0.9997 0.0253 0.0078
vn 0.1191 0.9929 0.0055
vn -0.7390 0.6737 -0.0095
vn -0.9999 -0.0026 -0.0117
vn -0.1649 -0.9863 -0.0077
vn -0.0239 -0.9996 -0.0151
vn 0.1193 -0.9928 -0.0112
vn 0.3922 -0.9199 -0.0064
vn 0.9860 -0.1665 -0.0119
vn 0.9928 -0.1193 0.0117
vn -0.0969 -0.9952 -0.0160
vn 0.0480 -0.9986 -0.0215
vn -0.1692 0.1175 -0.9785
vn -0.6496 -0.7603 0.0040
vn -0.7659 -0.6430 -0.0018
vn -0.3662 -0.6203 0.6937
vt 0.135353 0.926116
vt 0.134884 0.926020
vt 0.134952 0.925707
vt 0.133689 0.932904
vt 0.133740 0.932608
vt 0.134228 0.932668
vt 0.135433 0.925836
vt 0.135782 0.926300
vt 0.135932 0.926025
vt 0.136196 0.926540
vt 0.136377 0.926298
vt 0.136572 0.926836
vt 0.136801 0.926624
vt 0.136901 0.927183
vt 0.137159 0.927006
vt 0.137200 0.927588
vt 0.137450 0.927424
vt 0.137397 0.927998
vt 0.137697 0.927886
vt 0.137558 0.928463
vt 0.137859 0.928384
vt 0.137654 0.928933
vt 0.137955 0.928911
vt 0.137664 0.929425
vt 0.137966 0.929421
vt 0.137604 0.929900
vt 0.137921 0.929954
vt 0.137497 0.930365
vt 0.137788 0.930446
vt 0.137315 0.930807
vt 0.137604 0.930950
vt 0.137078 0.931208
vt 0.137344 0.931374
vt 0.136802 0.931593
vt 0.137012 0.931795
vt 0.136433 0.931910
vt 0.136621 0.932161
vt 0.136054 0.932180
vt 0.136192 0.932460
vt 0.135620 0.932413
vt 0.135733 0.932682
vt 0.135151 0.932561
vt 0.135255 0.932856
vt 0.134693 0.932645
vt 0.134741 0.932954
vt 0.134205 0.932980
vt 0.133262 0.932499
vt 0.134169 0.925932
vt 0.133161 0.932805
vt 0.132831 0.932322
vt 0.132689 0.932610
vt 0.132428 0.932089
vt 0.132243 0.932337
vt 0.132037 0.931791
vt 0.131839 0.932006
vt 0.131722 0.931430
vt 0.131475 0.931617
vt 0.131440 0.931044
vt 0.131179 0.931216
vt 0.131221 0.930619
vt 0.130934 0.930739
vt 0.131069 0.930165
vt 0.130764 0.930231
vt 0.130945 0.929344
vt 0.130662 0.929745
vt 0.130662 0.929096
vt 0.130995 0.928738
vt 0.134433 0.925641
vt 0.133909 0.925672
vt 0.133451 0.926084
vt 0.133394 0.925788
vt 0.133020 0.926219
vt 0.132899 0.925933
vt 0.132593 0.926435
vt 0.132404 0.926173
vt 0.132177 0.926700
vt 0.132004 0.926468
vt 0.131851 0.927036
vt 0.131607 0.926829
vt 0.131537 0.927414
vt 0.131287 0.927243
vt 0.131297 0.927844
vt 0.131021 0.927678
vt 0.131132 0.928279
vt 0.130823 0.928192
vt 0.115642 0.934394
vt 0.115804 0.934672
vt 0.115226 0.934813
vt 0.116324 0.941389
vt 0.116802 0.941334
vt 0.117213 0.941555
vt 0.115131 0.934516
vt 0.114764 0.934985
vt 0.114632 0.934714
vt 0.114364 0.935228
vt 0.114184 0.934985
vt 0.113986 0.935524
vt 0.113757 0.935311
vt 0.113654 0.935870
vt 0.113407 0.935683
vt 0.113375 0.936260
vt 0.113109 0.936098
vt 0.113154 0.936686
vt 0.112867 0.936563
vt 0.112991 0.937150
vt 0.112690 0.937070
vt 0.112893 0.937621
vt 0.112583 0.937570
vt 0.112881 0.938101
vt 0.112568 0.938122
vt 0.112939 0.938590
vt 0.112610 0.938646
vt 0.113038 0.939045
vt 0.112751 0.939137
vt 0.113224 0.939502
vt 0.112934 0.939643
vt 0.113460 0.939904
vt 0.113193 0.940069
vt 0.113735 0.940291
vt 0.113524 0.940493
vt 0.114104 0.940611
vt 0.113914 0.940861
vt 0.114483 0.940884
vt 0.114328 0.941142
vt 0.114917 0.941119
vt 0.114940 0.941446
vt 0.115386 0.941270
vt 0.115845 0.941355
vt 0.115807 0.941675
vt 0.116320 0.941692
vt 0.117280 0.941216
vt 0.117712 0.941040
vt 0.117842 0.941337
vt 0.118117 0.940808
vt 0.118302 0.941058
vt 0.118511 0.940511
vt 0.118708 0.940728
vt 0.118834 0.940156
vt 0.119075 0.940339
vt 0.119111 0.939748
vt 0.119373 0.939939
vt 0.119334 0.939340
vt 0.119621 0.939462
vt 0.119488 0.938885
vt 0.119794 0.938953
vt 0.119616 0.938063
vt 0.119898 0.938466
vt 0.119900 0.937816
vt 0.119568 0.937456
vt 0.116150 0.934355
vt 0.116637 0.934681
vt 0.116890 0.934415
vt 0.117106 0.934779
vt 0.117549 0.934921
vt 0.117672 0.934635
vt 0.117977 0.935139
vt 0.118167 0.934878
vt 0.118393 0.935407
vt 0.118567 0.935175
vt 0.118718 0.935745
vt 0.118958 0.935544
vt 0.119025 0.936131
vt 0.119289 0.935967
vt 0.119272 0.936542
vt 0.119548 0.936393
vt 0.119434 0.936994
vt 0.119743 0.936909
vt 0.168452 0.977265
vt 0.168496 0.976825
vt 0.168504 0.977275
vt 0.167442 0.936469
vt 0.167411 0.935951
vt 0.167464 0.935952
vt 0.165643 0.967110
vt 0.165619 0.966577
vt 0.165671 0.966581
vt 0.170890 0.948381
vt 0.170881 0.947822
vt 0.170943 0.947826
vt 0.170883 0.947271
vt 0.170899 0.946746
vt 0.170954 0.947287
vt 0.168498 0.981912
vt 0.168505 0.981462
vt 0.168569 0.981892
vt 0.168459 0.980455
vt 0.168462 0.979913
vt 0.168520 0.980447
vt 0.167438 0.935411
vt 0.167387 0.934857
vt 0.167448 0.934853
vt 0.170915 0.945789
vt 0.170987 0.945405
vt 0.170994 0.945824
vt 0.168547 0.980960
vt 0.168479 0.980977
vt 0.168465 0.977748
vt 0.168532 0.977768
vt 0.167420 0.933749
vt 0.167353 0.933237
vt 0.167429 0.933217
vt 0.167380 0.935404
vt 0.167436 0.936953
vt 0.167365 0.936458
vt 0.165636 0.963342
vt 0.165629 0.963830
vt 0.165568 0.963356
vt 0.165650 0.964356
vt 0.165643 0.964906
vt 0.165569 0.964366
vt 0.165652 0.966031
vt 0.165582 0.966018
vt 0.170915 0.950914
vt 0.170915 0.950475
vt 0.170994 0.950884
vt 0.170900 0.948934
vt 0.170962 0.949466
vt 0.170892 0.949477
vt 0.168579 0.981438
vt 0.168579 0.976470
vt 0.168571 0.976866
vt 0.167344 0.934302
vt 0.167426 0.934295
vt 0.167364 0.935937
vt 0.167366 0.937360
vt 0.167361 0.936926
vt 0.165556 0.963854
vt 0.165585 0.965463
vt 0.165567 0.964912
vt 0.165563 0.967096
vt 0.165569 0.966567
vt 0.170977 0.949983
vt 0.170989 0.950450
vt 0.170957 0.948377
vt 0.170983 0.948927
vt 0.170985 0.947829
vt 0.168531 0.979907
vt 0.168562 0.980441
vt 0.135964 0.925959
vt 0.135467 0.925785
vt 0.135474 0.925745
vt 0.137882 0.930475
vt 0.137666 0.930964
vt 0.137845 0.930460
vt 0.131404 0.931686
vt 0.131109 0.931240
vt 0.131441 0.931667
vt 0.131228 0.927197
vt 0.130941 0.927660
vt 0.131555 0.926780
vt 0.131941 0.926422
vt 0.132378 0.926097
vt 0.132861 0.925878
vt 0.133887 0.925617
vt 0.133373 0.925741
vt 0.133364 0.925688
vt 0.134954 0.925630
vt 0.134422 0.925569
vt 0.136834 0.926566
vt 0.136405 0.926257
vt 0.136427 0.926220
vt 0.137765 0.927860
vt 0.137932 0.928369
vt 0.137395 0.931432
vt 0.135257 0.932922
vt 0.135753 0.932727
vt 0.135772 0.932766
vt 0.132662 0.932667
vt 0.132197 0.932396
vt 0.131806 0.932042
vt 0.131775 0.932072
vt 0.130589 0.929737
vt 0.130589 0.929205
vt 0.130673 0.928682
vt 0.130620 0.928670
vt 0.130775 0.928161
vt 0.137517 0.927389
vt 0.138036 0.929422
vt 0.138018 0.928886
vt 0.137980 0.929947
vt 0.136247 0.932514
vt 0.133680 0.932955
vt 0.134204 0.933045
vt 0.130696 0.930269
vt 0.132208 0.926739
vt 0.134411 0.925991
vt 0.133937 0.926031
vt 0.136759 0.931565
vt 0.131600 0.927457
vt 0.135332 0.926182
vt 0.137137 0.927616
vt 0.137587 0.928940
vt 0.135598 0.932347
vt 0.132070 0.931754
vt 0.131362 0.927859
vt 0.131882 0.927086
vt 0.133031 0.926276
vt 0.136861 0.927235
vt 0.137486 0.928486
vt 0.137590 0.929403
vt 0.137016 0.931165
vt 0.136013 0.932140
vt 0.134210 0.932591
vt 0.132451 0.932024
vt 0.131009 0.929689
vt 0.131143 0.930149
vt 0.131207 0.928303
vt 0.132614 0.926497
vt 0.132245 0.926779
vt 0.133486 0.926148
vt 0.134869 0.926089
vt 0.137440 0.930327
vt 0.137530 0.929870
vt 0.136387 0.931853
vt 0.136723 0.931525
vt 0.133296 0.932431
vt 0.133750 0.932537
vt 0.131498 0.931009
vt 0.131779 0.931386
vt 0.131913 0.927107
vt 0.133046 0.926311
vt 0.136542 0.926886
vt 0.136516 0.926914
vt 0.137315 0.928045
vt 0.137351 0.928035
vt 0.135996 0.932104
vt 0.163748 0.983664
vt 0.163676 0.983199
vt 0.163748 0.983217
vt 0.171555 0.973591
vt 0.171511 0.973219
vt 0.171585 0.973184
vt 0.171587 0.974933
vt 0.171529 0.974473
vt 0.171618 0.974451
vt 0.171590 0.976843
vt 0.171548 0.976377
vt 0.171603 0.976390
vt 0.134790 0.981549
vt 0.134743 0.981188
vt 0.134826 0.981151
vt 0.134828 0.982869
vt 0.134780 0.982415
vt 0.134842 0.982400
vt 0.134834 0.983836
vt 0.134823 0.984318
vt 0.134759 0.983840
vt 0.137822 0.945833
vt 0.137824 0.945369
vt 0.137897 0.945803
vt 0.137852 0.942616
vt 0.137899 0.943046
vt 0.137824 0.943020
vt 0.163737 0.980842
vt 0.163674 0.980436
vt 0.163747 0.980409
vt 0.163712 0.984068
vt 0.163663 0.983643
vt 0.171487 0.972884
vt 0.171556 0.972860
vt 0.171511 0.974023
vt 0.171581 0.974011
vt 0.171590 0.975417
vt 0.171528 0.975904
vt 0.171519 0.975425
vt 0.171555 0.977264
vt 0.171511 0.976830
vt 0.134744 0.981976
vt 0.134824 0.981961
vt 0.134812 0.983355
vt 0.134750 0.982886
vt 0.132484 0.964157
vt 0.132396 0.963782
vt 0.132484 0.963739
vt 0.137827 0.943477
vt 0.137905 0.943488
vt 0.163728 0.979671
vt 0.163668 0.980046
vt 0.163659 0.979703
vt 0.163729 0.981302
vt 0.163725 0.981779
vt 0.163661 0.981316
vt 0.163652 0.982735
vt 0.163725 0.982740
vt 0.163660 0.984427
vt 0.163652 0.984054
vt 0.171494 0.973604
vt 0.171499 0.977988
vt 0.171487 0.977642
vt 0.171539 0.977654
vt 0.134729 0.981565
vt 0.134740 0.983359
vt 0.137878 0.946625
vt 0.137906 0.946223
vt 0.137939 0.946606
vt 0.171494 0.976374
vt 0.134727 0.982420
vt 0.116672 0.934340
vt 0.115286 0.941597
vt 0.116153 0.934296
vt 0.114156 0.934944
vt 0.112695 0.939151
vt 0.114779 0.941453
vt 0.117379 0.941564
vt 0.119110 0.940390
vt 0.119891 0.937401
vt 0.119792 0.936878
vt 0.118630 0.935129
vt 0.117196 0.934441
vt 0.117711 0.934580
vt 0.114600 0.934647
vt 0.112617 0.937050
vt 0.112512 0.938109
vt 0.114312 0.941201
vt 0.113856 0.940908
vt 0.116860 0.941669
vt 0.116337 0.941747
vt 0.118742 0.940764
vt 0.118349 0.941117
vt 0.119862 0.938991
vt 0.119945 0.937389
vt 0.119344 0.935911
vt 0.119618 0.936376
vt 0.118195 0.934802
vt 0.116687 0.934281
vt 0.113725 0.935252
vt 0.114134 0.934907
vt 0.112512 0.937577
vt 0.112530 0.938646
vt 0.113142 0.940127
vt 0.112863 0.939661
vt 0.115796 0.941746
vt 0.116866 0.941722
vt 0.117888 0.941395
vt 0.118773 0.940794
vt 0.119974 0.937926
vt 0.119972 0.938459
vt 0.119829 0.936867
vt 0.115610 0.934322
vt 0.116146 0.934256
vt 0.115099 0.934466
vt 0.115094 0.934427
vt 0.112794 0.936548
vt 0.113020 0.936061
vt 0.113054 0.936081
vt 0.168546 0.934849
vt 0.168534 0.934295
vt 0.168576 0.934296
vt 0.112658 0.939166
vt 0.114284 0.941231
vt 0.166800 0.964917
vt 0.166777 0.965463
vt 0.166758 0.964908
vt 0.117390 0.941601
vt 0.119444 0.939964
vt 0.119147 0.940409
vt 0.167375 0.980966
vt 0.167424 0.981463
vt 0.167370 0.981444
vt 0.167370 0.976859
vt 0.167422 0.977276
vt 0.167352 0.977304
vt 0.168576 0.936921
vt 0.168573 0.937355
vt 0.168503 0.936948
vt 0.166784 0.963376
vt 0.166767 0.963843
vt 0.166704 0.963336
vt 0.169776 0.950449
vt 0.169775 0.949982
vt 0.169849 0.950478
vt 0.169776 0.948376
vt 0.169792 0.947825
vt 0.169842 0.948384
vt 0.169818 0.945404
vt 0.169868 0.945790
vt 0.169791 0.945823
vt 0.167371 0.980455
vt 0.167440 0.980985
vt 0.167344 0.979359
vt 0.167370 0.978821
vt 0.167419 0.979369
vt 0.167426 0.977756
vt 0.167361 0.977773
vt 0.168549 0.931888
vt 0.168524 0.932274
vt 0.168471 0.931850
vt 0.168481 0.933741
vt 0.168550 0.933752
vt 0.168569 0.936453
vt 0.168491 0.936465
vt 0.166684 0.962892
vt 0.166743 0.962910
vt 0.166707 0.964357
vt 0.166775 0.964363
vt 0.169865 0.950916
vt 0.169789 0.950882
vt 0.169779 0.949465
vt 0.169834 0.948938
vt 0.169848 0.949479
vt 0.169845 0.947275
vt 0.169853 0.947823
vt 0.167479 0.981919
vt 0.167410 0.981897
vt 0.167423 0.979922
vt 0.167440 0.980462
vt 0.167418 0.978273
vt 0.167429 0.978812
vt 0.168478 0.932715
vt 0.168461 0.932257
vt 0.168487 0.935407
vt 0.168475 0.934847
vt 0.166710 0.965466
vt 0.166698 0.964901
vt 0.167475 0.981473
vt 0.162637 0.983198
vt 0.162614 0.983640
vt 0.162584 0.983203
vt 0.170460 0.973601
vt 0.170411 0.973212
vt 0.170464 0.973223
vt 0.170464 0.977639
vt 0.170421 0.977985
vt 0.170411 0.977651
vt 0.133722 0.982416
vt 0.133702 0.982880
vt 0.133669 0.982412
vt 0.162615 0.980862
vt 0.162584 0.980430
vt 0.162636 0.980439
vt 0.162624 0.982735
vt 0.162553 0.982740
vt 0.162625 0.984053
vt 0.162613 0.984428
vt 0.162564 0.984069
vt 0.170456 0.974019
vt 0.170400 0.973591
vt 0.170474 0.975899
vt 0.170448 0.976371
vt 0.170412 0.975907
vt 0.170400 0.977264
vt 0.170460 0.977252
vt 0.133701 0.981561
vt 0.133697 0.981970
vt 0.133641 0.981546
vt 0.133712 0.983354
vt 0.133690 0.983833
vt 0.133642 0.983352
vt 0.138967 0.946227
vt 0.139017 0.946625
vt 0.138956 0.946608
vt 0.162623 0.980047
vt 0.162554 0.980031
vt 0.162536 0.983662
vt 0.134204 0.965513
vt 0.134278 0.965127
vt 0.134278 0.965552
vt 0.170405 0.975420
vt 0.170464 0.975420
vt 0.170379 0.976842
vt 0.170456 0.976827
vt 0.133620 0.981958
vt 0.133628 0.982869
vt 0.133676 0.985570
vt 0.133618 0.985933
vt 0.133601 0.985598
vt 0.138959 0.943051
vt 0.139014 0.943478
vt 0.138940 0.943491
vt 0.162537 0.979667
vt 0.162612 0.979701
vt 0.162553 0.981780
vt 0.162548 0.981303
vt 0.162614 0.981316
vt 0.162523 0.983218
vt 0.170356 0.973183
vt 0.170366 0.976390
vt 0.133674 0.981182
vt 0.133601 0.981155
vt 0.133610 0.982397
vt 0.133621 0.984315
vt 0.133617 0.983835
vt 0.139013 0.945373
vt 0.139029 0.945834
vt 0.138957 0.945808
vt 0.139015 0.942620
vt 0.139031 0.943020
vt 0.162539 0.980842
vt 0.162528 0.980409
vt 0.118325 0.935486
vt 0.118687 0.935795
vt 0.118656 0.935816
vt 0.117524 0.935014
vt 0.117085 0.934847
vt 0.117539 0.934978
vt 0.115241 0.934907
vt 0.114793 0.935045
vt 0.115230 0.934870
vt 0.113695 0.935922
vt 0.114016 0.935574
vt 0.114042 0.935602
vt 0.113237 0.936732
vt 0.113063 0.937174
vt 0.113200 0.936722
vt 0.114542 0.940807
vt 0.114939 0.941053
vt 0.114524 0.940843
vt 0.118444 0.940439
vt 0.118775 0.940111
vt 0.118474 0.940465
vt 0.119359 0.937018
vt 0.119212 0.936572
vt 0.117956 0.935202
vt 0.118361 0.935446
vt 0.116628 0.934756
vt 0.115692 0.934751
vt 0.116157 0.934687
vt 0.116163 0.934740
vt 0.113014 0.938561
vt 0.113101 0.939021
vt 0.114151 0.940554
vt 0.113778 0.940263
vt 0.113816 0.940223
vt 0.119038 0.939717
vt 0.119274 0.939313
vt 0.112960 0.937629
vt 0.112956 0.938095
vt 0.113523 0.939861
vt 0.116323 0.941312
vt 0.115854 0.941279
vt 0.118095 0.940743
vt 0.119551 0.938409
vt 0.119415 0.938869
vt 0.119518 0.937464
vt 0.134139 0.962534
vt 0.134154 0.962330
vt 0.134576 0.962339
vt 0.135003 0.956449
vt 0.134585 0.956397
vt 0.134600 0.956195
vt 0.134593 0.962534
vt 0.135004 0.962281
vt 0.135041 0.962468
vt 0.135406 0.962152
vt 0.135477 0.962343
vt 0.135793 0.961984
vt 0.135897 0.962160
vt 0.136148 0.961751
vt 0.136270 0.961908
vt 0.136478 0.961477
vt 0.136615 0.961609
vt 0.136749 0.961149
vt 0.136909 0.961274
vt 0.136979 0.960796
vt 0.137161 0.960892
vt 0.137162 0.960409
vt 0.137346 0.960478
vt 0.137278 0.959996
vt 0.137472 0.960042
vt 0.137336 0.959579
vt 0.137539 0.959594
vt 0.137336 0.959151
vt 0.137537 0.959137
vt 0.137284 0.958733
vt 0.137480 0.958687
vt 0.137167 0.958324
vt 0.137346 0.958257
vt 0.136983 0.957944
vt 0.137169 0.957843
vt 0.136755 0.957582
vt 0.136913 0.957464
vt 0.136474 0.957259
vt 0.136618 0.957121
vt 0.136157 0.956976
vt 0.136285 0.956817
vt 0.135798 0.956755
vt 0.135896 0.956576
vt 0.135410 0.956574
vt 0.135483 0.956389
vt 0.135047 0.956250
vt 0.134163 0.956386
vt 0.133729 0.962276
vt 0.134150 0.956196
vt 0.133737 0.956458
vt 0.133696 0.956253
vt 0.133330 0.956577
vt 0.133262 0.956384
vt 0.132945 0.956741
vt 0.132850 0.956566
vt 0.132590 0.956980
vt 0.132460 0.956813
vt 0.132266 0.957261
vt 0.132125 0.957114
vt 0.131980 0.957575
vt 0.131819 0.957454
vt 0.131758 0.957934
vt 0.131584 0.957835
vt 0.131578 0.958315
vt 0.131386 0.958247
vt 0.131457 0.958723
vt 0.131265 0.958685
vt 0.131403 0.959148
vt 0.133694 0.962467
vt 0.133324 0.962148
vt 0.133253 0.962347
vt 0.132937 0.961973
vt 0.132843 0.962152
vt 0.132581 0.961753
vt 0.132462 0.961912
vt 0.132265 0.961469
vt 0.132120 0.961609
vt 0.131986 0.961144
vt 0.131815 0.961267
vt 0.131756 0.960783
vt 0.131579 0.960880
vt 0.131571 0.960401
vt 0.131390 0.960471
vt 0.131453 0.959995
vt 0.131266 0.960035
vt 0.131392 0.959577
vt 0.131191 0.959584
vt 0.131192 0.959129
vt 0.153545 0.944543
vt 0.153175 0.944716
vt 0.154194 0.944042
vt 0.152776 0.944827
vt 0.152370 0.944889
vt 0.151959 0.944899
vt 0.151552 0.944838
vt 0.151151 0.944731
vt 0.150785 0.944558
vt 0.150433 0.944345
vt 0.150123 0.944069
vt 0.149846 0.943765
vt 0.149628 0.943416
vt 0.149455 0.943046
vt 0.149329 0.942651
vt 0.149267 0.942248
vt 0.149267 0.941829
vt 0.149324 0.941424
vt 0.149441 0.941030
vt 0.149606 0.940653
vt 0.149832 0.940310
vt 0.150099 0.939998
vt 0.150398 0.939721
vt 0.150749 0.939505
vt 0.151123 0.939330
vt 0.151516 0.939209
vt 0.151920 0.939151
vt 0.152337 0.939138
vt 0.152742 0.939195
vt 0.153140 0.939311
vt 0.153516 0.939480
vt 0.153860 0.939705
vt 0.154174 0.939967
vt 0.154449 0.940277
vt 0.154661 0.940622
vt 0.154844 0.940990
vt 0.154954 0.941390
vt 0.155023 0.941799
vt 0.155028 0.942204
vt 0.154970 0.942612
vt 0.154856 0.943011
vt 0.154682 0.943384
vt 0.154469 0.943732
vt 0.153887 0.944321
vt 0.112536 0.964113
vt 0.112599 0.963671
vt 0.112541 0.964559
vt 0.112719 0.963242
vt 0.112896 0.962828
vt 0.113142 0.962459
vt 0.113434 0.962119
vt 0.113762 0.961820
vt 0.114133 0.961578
vt 0.114543 0.961392
vt 0.114973 0.961263
vt 0.115411 0.961198
vt 0.115857 0.961194
vt 0.116299 0.961257
vt 0.116727 0.961379
vt 0.117136 0.961551
vt 0.117510 0.961801
vt 0.117850 0.962090
vt 0.118150 0.962416
vt 0.118390 0.962797
vt 0.118576 0.963202
vt 0.118715 0.963630
vt 0.118782 0.964072
vt 0.118782 0.964519
vt 0.118716 0.964958
vt 0.118591 0.965386
vt 0.118417 0.965793
vt 0.118179 0.966171
vt 0.117889 0.966511
vt 0.117550 0.966813
vt 0.117173 0.967046
vt 0.116772 0.967243
vt 0.116343 0.967365
vt 0.115901 0.967431
vt 0.115458 0.967443
vt 0.115014 0.967372
vt 0.114584 0.967252
vt 0.114181 0.967068
vt 0.113796 0.966836
vt 0.113461 0.966541
vt 0.113160 0.966206
vt 0.112922 0.965832
vt 0.112727 0.965430
vt 0.112608 0.964997
vt 0.162562 0.942044
vt 0.162550 0.942493
vt 0.162534 0.942039
vt 0.163989 0.966433
vt 0.164015 0.966799
vt 0.163988 0.966814
vt 0.163972 0.964183
vt 0.163989 0.964648
vt 0.163961 0.964651
vt 0.163970 0.963726
vt 0.163985 0.963290
vt 0.163997 0.963732
vt 0.163988 0.962878
vt 0.164008 0.962506
vt 0.164015 0.962892
vt 0.157966 0.979479
vt 0.157968 0.979093
vt 0.157993 0.979471
vt 0.157965 0.976812
vt 0.157976 0.976353
vt 0.157992 0.976820
vt 0.157977 0.975134
vt 0.157994 0.975512
vt 0.157967 0.975505
vt 0.159807 0.951537
vt 0.159831 0.951941
vt 0.159803 0.951955
vt 0.162551 0.939328
vt 0.162549 0.939738
vt 0.162523 0.939334
vt 0.132446 0.961926
vt 0.132102 0.961625
vt 0.157973 0.978670
vt 0.157994 0.979079
vt 0.157968 0.978223
vt 0.157976 0.977760
vt 0.157993 0.978217
vt 0.159795 0.951090
vt 0.159801 0.950623
vt 0.159821 0.951089
vt 0.159800 0.948752
vt 0.159811 0.948330
vt 0.159826 0.948761
vt 0.132831 0.962173
vt 0.131240 0.960040
vt 0.131367 0.960479
vt 0.131241 0.958678
vt 0.131560 0.957826
vt 0.132108 0.957096
vt 0.133254 0.956361
vt 0.134601 0.956169
vt 0.135908 0.956555
vt 0.137563 0.959597
vt 0.137497 0.960049
vt 0.137368 0.960487
vt 0.136629 0.961632
vt 0.136931 0.961286
vt 0.135045 0.962493
vt 0.135484 0.962366
vt 0.133683 0.962491
vt 0.131557 0.960895
vt 0.134142 0.956170
vt 0.135493 0.956365
vt 0.136935 0.957449
vt 0.137371 0.958248
vt 0.137563 0.959141
vt 0.136284 0.961930
vt 0.165563 0.977513
vt 0.165536 0.977165
vt 0.165564 0.977149
vt 0.165578 0.977908
vt 0.165574 0.978333
vt 0.165549 0.977911
vt 0.165585 0.978775
vt 0.165577 0.979229
vt 0.165556 0.978778
vt 0.165579 0.980558
vt 0.165570 0.980959
vt 0.165550 0.980546
vt 0.148708 0.982923
vt 0.148698 0.983369
vt 0.148680 0.982921
vt 0.148693 0.985440
vt 0.148682 0.985764
vt 0.148665 0.985427
vt 0.173464 0.955751
vt 0.173482 0.956195
vt 0.173454 0.956202
vt 0.173454 0.955305
vt 0.173469 0.954868
vt 0.173482 0.955313
vt 0.173473 0.954058
vt 0.173487 0.953702
vt 0.173501 0.954072
vt 0.173454 0.932745
vt 0.173464 0.932310
vt 0.173480 0.932753
vt 0.151957 0.944919
vt 0.151546 0.944861
vt 0.149304 0.941420
vt 0.149420 0.941021
vt 0.148691 0.981688
vt 0.148689 0.982076
vt 0.148665 0.981700
vt 0.173473 0.957062
vt 0.173502 0.957444
vt 0.173476 0.957459
vt 0.173487 0.956635
vt 0.173460 0.956640
vt 0.173494 0.954456
vt 0.173467 0.954450
vt 0.173461 0.934903
vt 0.173482 0.935257
vt 0.173455 0.935270
vt 0.173455 0.934504
vt 0.173460 0.934080
vt 0.173481 0.934500
vt 0.150769 0.944576
vt 0.150105 0.944085
vt 0.149432 0.943050
vt 0.151923 0.939125
vt 0.151512 0.939186
vt 0.153872 0.939684
vt 0.154703 0.943396
vt 0.154212 0.944061
vt 0.152371 0.944914
vt 0.150082 0.939979
vt 0.151116 0.939306
vt 0.154686 0.940614
vt 0.154979 0.941386
vt 0.132592 0.961729
vt 0.131418 0.959569
vt 0.132004 0.957586
vt 0.132955 0.956765
vt 0.134162 0.956412
vt 0.137143 0.958334
vt 0.136458 0.961459
vt 0.134993 0.962256
vt 0.133738 0.962254
vt 0.131599 0.958327
vt 0.135003 0.956475
vt 0.136146 0.956999
vt 0.137260 0.958739
vt 0.137139 0.960401
vt 0.135784 0.961961
vt 0.134577 0.962314
vt 0.173387 0.931503
vt 0.173395 0.931894
vt 0.173369 0.931881
vt 0.132276 0.961451
vt 0.165640 0.980964
vt 0.165637 0.980559
vt 0.165664 0.980567
vt 0.148791 0.984255
vt 0.148787 0.984684
vt 0.148765 0.984254
vt 0.136738 0.957595
vt 0.173369 0.955307
vt 0.173395 0.954867
vt 0.173396 0.955305
vt 0.173390 0.954047
vt 0.173407 0.954449
vt 0.173380 0.954437
vt 0.136138 0.961732
vt 0.173398 0.932310
vt 0.173370 0.932300
vt 0.165645 0.977905
vt 0.165627 0.977509
vt 0.165656 0.977502
vt 0.165649 0.979683
vt 0.165642 0.979229
vt 0.165671 0.979228
vt 0.148760 0.981686
vt 0.148741 0.981337
vt 0.148769 0.981323
vt 0.148787 0.982478
vt 0.148774 0.982921
vt 0.148759 0.982488
vt 0.148772 0.983815
vt 0.148764 0.983367
vt 0.148792 0.983366
vt 0.148762 0.985077
vt 0.148759 0.984677
vt 0.173399 0.957064
vt 0.173419 0.957460
vt 0.173390 0.957467
vt 0.173398 0.955753
vt 0.173369 0.955754
vt 0.173419 0.953698
vt 0.173418 0.954057
vt 0.173386 0.934080
vt 0.173397 0.934505
vt 0.173370 0.934514
vt 0.173397 0.933192
vt 0.173389 0.933640
vt 0.173369 0.933192
vt 0.112583 0.965005
vt 0.114164 0.967088
vt 0.115007 0.967396
vt 0.117185 0.967068
vt 0.118615 0.965396
vt 0.118600 0.963194
vt 0.117527 0.961781
vt 0.116305 0.961233
vt 0.113122 0.962443
vt 0.112574 0.963665
vt 0.112515 0.964560
vt 0.112901 0.965843
vt 0.113443 0.966557
vt 0.114575 0.967274
vt 0.116347 0.967389
vt 0.118739 0.964963
vt 0.118411 0.962786
vt 0.114535 0.961370
vt 0.112697 0.963233
vt 0.113146 0.966221
vt 0.155294 0.979078
vt 0.155310 0.978671
vt 0.155319 0.979093
vt 0.155294 0.977288
vt 0.155318 0.977756
vt 0.155293 0.977758
vt 0.113414 0.962103
vt 0.113750 0.961804
vt 0.165208 0.942492
vt 0.165204 0.942045
vt 0.165231 0.942041
vt 0.161350 0.966429
vt 0.161371 0.966807
vt 0.161345 0.966795
vt 0.161318 0.965107
vt 0.161336 0.964646
vt 0.161344 0.965114
vt 0.161350 0.963283
vt 0.161352 0.963719
vt 0.161326 0.963725
vt 0.161381 0.962501
vt 0.161371 0.962872
vt 0.161345 0.962885
vt 0.155311 0.976355
vt 0.155321 0.976812
vt 0.155294 0.976819
vt 0.155295 0.975511
vt 0.155312 0.975134
vt 0.155323 0.975504
vt 0.157107 0.951940
vt 0.157117 0.951535
vt 0.157134 0.951954
vt 0.165207 0.939737
vt 0.165193 0.939328
vt 0.165219 0.939336
vt 0.163310 0.931752
vt 0.162854 0.931837
vt 0.162422 0.925612
vt 0.162424 0.931820
vt 0.161970 0.931753
vt 0.161977 0.925692
vt 0.162867 0.925610
vt 0.163323 0.925689
vt 0.161969 0.925650
vt 0.161970 0.925670
vt 0.161944 0.925661
vt 0.161942 0.925701
vt 0.158274 0.940285
vt 0.158294 0.940273
vt 0.158284 0.940301
vt 0.158310 0.940314
vt 0.115545 0.959607
vt 0.115527 0.959623
vt 0.115525 0.959602
vt 0.115552 0.959635
vt 0.115565 0.959610
vt 0.161965 0.931777
vt 0.161944 0.931750
vt 0.161936 0.931775
vt 0.161921 0.931755
vt 0.161973 0.931798
vt 0.161944 0.931791
vt 0.158310 0.946375
vt 0.158303 0.946392
vt 0.158282 0.946382
vt 0.158294 0.946339
vt 0.158303 0.946355
vt 0.158278 0.946356
vt 0.115571 0.928203
vt 0.115547 0.928213
vt 0.115547 0.928188
vt 0.160902 0.933198
vt 0.160906 0.933171
vt 0.160941 0.933195
vt 0.160900 0.933149
vt 0.160937 0.933172
vt 0.115563 0.957828
vt 0.115533 0.957852
vt 0.115525 0.957832
vt 0.115564 0.957850
vt 0.156531 0.946389
vt 0.156518 0.946360
vt 0.156541 0.946366
vt 0.156498 0.946362
vt 0.156508 0.946339
vt 0.156516 0.946401
vt 0.159564 0.939270
vt 0.159548 0.939303
vt 0.159537 0.939275
vt 0.159519 0.939291
vt 0.116929 0.930011
vt 0.116927 0.929993
vt 0.116957 0.929976
vt 0.154082 0.974611
vt 0.154061 0.974595
vt 0.154081 0.974588
vt 0.163341 0.931759
vt 0.163356 0.931774
vt 0.163323 0.931795
vt 0.116934 0.928187
vt 0.116941 0.928215
vt 0.116921 0.928211
vt 0.152301 0.974608
vt 0.152317 0.974629
vt 0.152288 0.974630
vt 0.152312 0.974585
vt 0.152317 0.974608
vt 0.152315 0.968520
vt 0.152286 0.968532
vt 0.152305 0.968499
vt 0.163353 0.925655
vt 0.163356 0.925687
vt 0.163330 0.925660
vt 0.116925 0.959602
vt 0.116941 0.959621
vt 0.116909 0.959615
vt 0.116918 0.959641
vt 0.152308 0.968550
vt 0.152325 0.968537
vt 0.159557 0.933206
vt 0.159519 0.933212
vt 0.159547 0.933183
vt 0.159511 0.933185
vt 0.159547 0.933162
vt 0.154090 0.968524
vt 0.154075 0.968551
vt 0.154063 0.968525
vt 0.156503 0.940301
vt 0.160111 0.939387
vt 0.159823 0.939375
vt 0.159834 0.939334
vt 0.154065 0.974626
vt 0.162416 0.931860
vt 0.162865 0.931878
vt 0.116023 0.928177
vt 0.116474 0.928204
vt 0.116020 0.928210
vt 0.115575 0.928182
vt 0.163353 0.931742
vt 0.152289 0.974577
vt 0.116919 0.957846
vt 0.154105 0.968551
vt 0.159511 0.939268
vt 0.156532 0.940295
vt 0.115550 0.929967
vt 0.158277 0.946405
vt 0.156536 0.946339
vt 0.116013 0.957845
vt 0.116008 0.957805
vt 0.160455 0.933116
vt 0.160004 0.933093
vt 0.160005 0.933132
vt 0.116463 0.957853
vt 0.116460 0.957820
vt 0.116917 0.957818
vt 0.125446 0.939343
vt 0.124579 0.939346
vt 0.124578 0.936585
vt 0.124605 0.936566
vt 0.125440 0.936561
vt 0.120359 0.953943
vt 0.120365 0.951200
vt 0.121226 0.951202
vt 0.121222 0.953984
vt 0.120386 0.953977
vt 0.115551 0.929989
vt 0.115833 0.929995
vt 0.115560 0.930006
vt 0.160911 0.939303
vt 0.160640 0.939362
vt 0.160635 0.939328
vt 0.160905 0.939272
vt 0.160362 0.939332
vt 0.160366 0.939360
vt 0.115829 0.929969
vt 0.116105 0.929967
vt 0.116379 0.929972
vt 0.116371 0.929101
vt 0.116139 0.929099
vt 0.116113 0.929109
vt 0.116930 0.929972
vt 0.116654 0.929981
vt 0.160111 0.939332
vt 0.160107 0.936570
vt 0.160351 0.936556
vt 0.160117 0.936552
vt 0.124568 0.939353
vt 0.124567 0.939345
vt 0.116351 0.929120
vt 0.116351 0.929109
vt 0.116361 0.929117
vt 0.035342 0.988307
vt 0.035144 0.988306
vt 0.035158 0.985528
vt 0.035358 0.985526
vt 0.116138 0.929111
vt 0.160125 0.936565
vt 0.160128 0.936574
vt 0.160342 0.936576
vt 0.160342 0.939337
vt 0.124563 0.936598
vt 0.116359 0.929969
vt 0.116348 0.929973
vt 0.121226 0.953996
vt 0.120382 0.953992
vt 0.171781 0.985514
vt 0.171775 0.985526
vt 0.171572 0.985519
vt 0.171575 0.985528
vt 0.171570 0.985504
vt 0.160126 0.939346
vt 0.120355 0.951197
vt 0.120345 0.953954
vt 0.160344 0.939373
vt 0.116109 0.929994
vt 0.116123 0.929970
vt 0.116131 0.929994
vt 0.124578 0.936562
vt 0.120361 0.953971
vt 0.120361 0.953995
vt 0.116365 0.929993
vt 0.160104 0.939361
vt 0.125442 0.936553
vt 0.124609 0.936551
vt 0.125446 0.936539
vt 0.116129 0.929118
vt 0.116133 0.929963
vt 0.160336 0.936567
vt 0.138424 0.950058
vt 0.138627 0.950064
vt 0.138427 0.950068
vt 0.169853 0.946746
vt 0.169857 0.946249
vt 0.170908 0.946246
vt 0.169888 0.945384
vt 0.168457 0.979360
vt 0.168459 0.978268
vt 0.168458 0.978810
vt 0.167446 0.976835
vt 0.167411 0.931862
vt 0.167428 0.932717
vt 0.167423 0.932262
vt 0.168477 0.933211
vt 0.168474 0.934289
vt 0.168489 0.935948
vt 0.168495 0.937386
vt 0.165615 0.962500
vt 0.166675 0.962498
vt 0.165627 0.962895
vt 0.166700 0.963831
vt 0.166709 0.966028
vt 0.165653 0.965469
vt 0.166704 0.966578
vt 0.166701 0.967107
vt 0.166693 0.967605
vt 0.166684 0.968061
vt 0.165636 0.967608
vt 0.166675 0.968466
vt 0.165627 0.968064
vt 0.169851 0.949995
vt 0.170899 0.949993
vt 0.162628 0.982259
vt 0.163650 0.982261
vt 0.170462 0.974470
vt 0.171519 0.974945
vt 0.170463 0.974941
vt 0.171494 0.977254
vt 0.134745 0.984305
vt 0.133698 0.984299
vt 0.134738 0.984759
vt 0.133694 0.984753
vt 0.134733 0.985186
vt 0.133686 0.985181
vt 0.134726 0.985575
vt 0.134704 0.985922
vt 0.133679 0.985918
vt 0.137901 0.945361
vt 0.138938 0.945363
vt 0.137898 0.944897
vt 0.138937 0.944899
vt 0.137897 0.944424
vt 0.138935 0.944428
vt 0.137898 0.943951
vt 0.138937 0.943955
vt 0.137920 0.942630
vt 0.138958 0.942633
vt 0.137932 0.942254
vt 0.138970 0.942257
vt 0.163661 0.980865
vt 0.162626 0.981783
vt 0.163653 0.981783
vt 0.170976 0.946758
vt 0.170978 0.946268
vt 0.168526 0.982306
vt 0.168536 0.979358
vt 0.168516 0.978812
vt 0.168537 0.978280
vt 0.167345 0.932295
vt 0.167357 0.932741
vt 0.165548 0.962916
vt 0.167444 0.937393
vt 0.165568 0.967592
vt 0.165567 0.968047
vt 0.165615 0.968468
vt 0.165536 0.968435
vt 0.168560 0.977298
vt 0.167347 0.933754
vt 0.138017 0.929961
vt 0.167345 0.934849
vt 0.133157 0.932878
vt 0.133674 0.933006
vt 0.137199 0.926950
vt 0.137061 0.931839
vt 0.136679 0.932208
vt 0.134739 0.933029
vt 0.130873 0.930765
vt 0.131045 0.928747
vt 0.130998 0.929217
vt 0.136163 0.926607
vt 0.135767 0.926364
vt 0.137253 0.930764
vt 0.135151 0.932493
vt 0.134680 0.932571
vt 0.132865 0.932253
vt 0.131281 0.930593
vt 0.134405 0.926044
vt 0.132101 0.931724
vt 0.131048 0.929219
vt 0.131063 0.929687
vt 0.131098 0.928756
vt 0.171611 0.975909
vt 0.136833 0.927255
vt 0.137087 0.927642
vt 0.171585 0.977678
vt 0.137824 0.946261
vt 0.163743 0.980015
vt 0.149358 0.946167
vt 0.149267 0.946122
vt 0.149358 0.945746
vt 0.163728 0.984454
vt 0.134816 0.984773
vt 0.134801 0.985199
vt 0.134803 0.985601
vt 0.137819 0.944896
vt 0.137826 0.944421
vt 0.137820 0.943943
vt 0.137862 0.942235
vt 0.163719 0.982260
vt 0.134766 0.985936
vt 0.119013 0.935494
vt 0.113346 0.935637
vt 0.113475 0.940537
vt 0.119683 0.939488
vt 0.117208 0.934387
vt 0.115270 0.941647
vt 0.169776 0.946759
vt 0.169754 0.948925
vt 0.169778 0.947284
vt 0.169783 0.946269
vt 0.167366 0.979912
vt 0.167345 0.978286
vt 0.168553 0.933228
vt 0.168555 0.932740
vt 0.168557 0.935935
vt 0.168547 0.935400
vt 0.168553 0.937748
vt 0.168495 0.937772
vt 0.166766 0.966023
vt 0.166773 0.966572
vt 0.166779 0.967097
vt 0.166760 0.967592
vt 0.166743 0.968047
vt 0.166752 0.968436
vt 0.162559 0.982261
vt 0.128178 0.984387
vt 0.128238 0.984371
vt 0.128238 0.984760
vt 0.170386 0.974459
vt 0.162548 0.984454
vt 0.170387 0.974009
vt 0.170397 0.974932
vt 0.133618 0.984770
vt 0.133620 0.985196
vt 0.139019 0.944904
vt 0.139011 0.944419
vt 0.139012 0.943943
vt 0.139044 0.942232
vt 0.113423 0.936309
vt 0.113728 0.935948
vt 0.113470 0.936325
vt 0.117935 0.935237
vt 0.170356 0.977678
vt 0.139044 0.946262
vt 0.118963 0.936172
vt 0.115696 0.934790
vt 0.119466 0.937472
vt 0.114398 0.935296
vt 0.119514 0.937937
vt 0.119564 0.937936
vt 0.119497 0.938406
vt 0.113287 0.939458
vt 0.115386 0.941201
vt 0.116794 0.941259
vt 0.117247 0.941147
vt 0.117679 0.940971
vt 0.173455 0.933192
vt 0.173388 0.932746
vt 0.173463 0.931895
vt 0.173396 0.931153
vt 0.173456 0.931507
vt 0.165620 0.977149
vt 0.165547 0.976834
vt 0.165614 0.976831
vt 0.165649 0.978331
vt 0.165652 0.978776
vt 0.165647 0.980130
vt 0.165577 0.979684
vt 0.165583 0.980129
vt 0.165621 0.981329
vt 0.165613 0.981655
vt 0.165562 0.981328
vt 0.148678 0.981340
vt 0.148754 0.982074
vt 0.148693 0.982490
vt 0.148699 0.983814
vt 0.148700 0.984253
vt 0.148693 0.984677
vt 0.148750 0.985442
vt 0.148699 0.985074
vt 0.148743 0.985766
vt 0.173487 0.957821
vt 0.173427 0.957822
vt 0.173395 0.956641
vt 0.173399 0.956201
vt 0.173396 0.935272
vt 0.173457 0.935595
vt 0.173388 0.935598
vt 0.173390 0.934906
vt 0.173454 0.933640
vt 0.165217 0.941579
vt 0.162557 0.941106
vt 0.165215 0.941106
vt 0.162553 0.941580
vt 0.165197 0.942915
vt 0.162549 0.942915
vt 0.165194 0.943301
vt 0.162537 0.943301
vt 0.165178 0.943647
vt 0.162536 0.943646
vt 0.161345 0.966014
vt 0.163977 0.966019
vt 0.161336 0.965573
vt 0.163974 0.965577
vt 0.163961 0.965120
vt 0.161339 0.964178
vt 0.157974 0.979822
vt 0.155319 0.979480
vt 0.155313 0.978222
vt 0.157973 0.977284
vt 0.155320 0.977283
vt 0.155314 0.975915
vt 0.157974 0.975914
vt 0.159830 0.952665
vt 0.157130 0.952332
vt 0.159822 0.952330
vt 0.157112 0.951091
vt 0.157113 0.950625
vt 0.157111 0.950149
vt 0.159797 0.950148
vt 0.157112 0.949671
vt 0.159800 0.949670
vt 0.157116 0.949203
vt 0.159800 0.949202
vt 0.157125 0.948753
vt 0.157131 0.948329
vt 0.157131 0.947944
vt 0.159822 0.947943
vt 0.157140 0.947602
vt 0.159831 0.947601
vt 0.162533 0.938959
vt 0.165214 0.940176
vt 0.162551 0.940177
vt 0.165215 0.940635
vt 0.162555 0.940636
vt 0.163989 0.965113
vt 0.164008 0.967147
vt 0.134593 0.962558
vt 0.162523 0.942900
vt 0.132837 0.956550
vt 0.134136 0.962558
vt 0.136636 0.957102
vt 0.165554 0.980123
vt 0.148671 0.985068
vt 0.165543 0.980951
vt 0.165536 0.981313
vt 0.173482 0.931520
vt 0.173513 0.957804
vt 0.149588 0.940643
vt 0.153144 0.939292
vt 0.154989 0.942621
vt 0.154875 0.943018
vt 0.173513 0.953719
vt 0.173480 0.933634
vt 0.173480 0.933193
vt 0.149606 0.943426
vt 0.152780 0.944853
vt 0.149812 0.940294
vt 0.150741 0.939480
vt 0.131596 0.960394
vt 0.131478 0.959988
vt 0.131480 0.958732
vt 0.136463 0.957276
vt 0.165648 0.977135
vt 0.165650 0.981338
vt 0.165641 0.981670
vt 0.148783 0.982061
vt 0.173371 0.956208
vt 0.117867 0.962072
vt 0.116736 0.961356
vt 0.115902 0.967455
vt 0.115410 0.961174
vt 0.115860 0.961170
vt 0.114965 0.961241
vt 0.112512 0.964111
vt 0.118192 0.966187
vt 0.165221 0.942901
vt 0.117900 0.966528
vt 0.118432 0.965807
vt 0.157100 0.948757
vt 0.157106 0.948340
vt 0.113785 0.966851
vt 0.165196 0.938958
vt 0.116465 0.959616
vt 0.116014 0.959616
vt 0.158273 0.940264
vt 0.115525 0.928210
vt 0.156512 0.940278
vt 0.156531 0.940257
vt 0.160920 0.939317
vt 0.160936 0.939278
vt 0.115525 0.929974
vt 0.154105 0.974595
vt 0.116958 0.929994
vt 0.163315 0.931775
vt 0.154066 0.968496
vt 0.116960 0.928216
vt 0.116946 0.959601
vt 0.152325 0.968496
vt 0.159523 0.933163
vt 0.116941 0.957834
vt 0.116945 0.957853
vt 0.160950 0.939256
vt 0.162878 0.925570
vt 0.162429 0.925569
vt 0.160451 0.933075
vt 0.138422 0.950929
vt 0.171561 0.985506
vt 0.160365 0.939387
vt 0.124602 0.936541
vt 0.160131 0.939363
vt 0.138422 0.950049
vt 0.138632 0.950052
vt 0.170916 0.945384
vt 0.170431 0.972883
vt 0.165536 0.962532
vt 0.173461 0.931156
vt 0.165549 0.981653
vt 0.155320 0.979824
vt 0.157140 0.952664
vt 0.152280 0.974594
vt 0.154085 0.968503
vt 0.159551 0.939321
vt 0.163321 0.925635
vt 0.138620 0.950930
s 1
f 67/1/1 45/2/2 247/3/3
f 176/4/4 46/5/5 47/6/6
f 67/1/1 247/3/3 266/7/7
f 66/8/8 67/1/1 266/7/7
f 66/8/8 266/7/7 248/9/9
f 65/10/10 66/8/8 248/9/9
f 65/10/10 248/9/9 267/11/11
f 64/12/12 65/10/10 267/11/11
f 64/12/12 267/11/11 249/13/13
f 63/14/14 64/12/12 249/13/13
f 63/14/14 249/13/13 250/15/15
f 62/16/16 63/14/14 250/15/15
f 62/16/16 250/15/15 251/17/17
f 61/18/18 62/16/16 251/17/17
f 61/18/18 251/17/17 235/19/19
f 60/20/20 61/18/18 235/19/19
f 60/20/20 235/19/19 252/21/21
f 59/22/22 60/20/20 252/21/21
f 59/22/22 252/21/21 253/23/23
f 58/24/24 59/22/22 253/23/23
f 58/24/24 253/23/23 268/25/25
f 57/26/26 58/24/24 268/25/25
f 57/26/26 268/25/25 254/27/27
f 56/28/28 57/26/26 254/27/27
f 56/28/28 254/27/27 269/29/29
f 55/30/30 56/28/28 269/29/29
f 55/30/30 269/29/29 236/31/31
f 54/32/32 55/30/30 236/31/31
f 54/32/32 236/31/31 255/33/33
f 53/34/34 54/32/32 255/33/33
f 53/34/34 255/33/33 256/35/35
f 52/36/36 53/34/34 256/35/35
f 52/36/36 256/35/35 257/37/37
f 51/38/38 52/36/36 257/37/37
f 51/38/38 257/37/37 258/39/39
f 50/40/40 51/38/38 258/39/39
f 50/40/40 258/39/39 270/41/41
f 49/42/42 50/40/40 270/41/41
f 49/42/42 270/41/41 259/43/43
f 48/44/44 49/42/42 259/43/43
f 48/44/44 259/43/43 260/45/45
f 47/6/6 48/44/44 260/45/45
f 47/6/6 260/45/45 261/46/46
f 261/46/46 176/4/4 47/6/6
f 85/47/47 46/5/5 176/4/4
f 247/3/3 45/2/2 68/48/48
f 85/47/47 176/4/4 239/49/49
f 84/50/50 85/47/47 239/49/49
f 84/50/50 239/49/49 240/51/51
f 83/52/52 84/50/50 240/51/51
f 83/52/52 240/51/51 262/53/53
f 82/54/54 83/52/52 262/53/53
f 82/54/54 262/53/53 271/55/55
f 81/56/56 82/54/54 271/55/55
f 81/56/56 271/55/55 272/57/57
f 80/58/58 81/56/56 272/57/57
f 80/58/58 272/57/57 263/59/59
f 79/60/60 80/58/58 263/59/59
f 79/60/60 263/59/59 264/61/61
f 78/62/62 79/60/60 264/61/61
f 78/62/62 264/61/61 265/63/63
f 77/64/64 78/62/62 265/63/63
f 77/64/64 265/63/63 242/65/65
f 77/64/64 242/65/65 174/66/66
f 280/67/67 77/64/64 174/66/66
f 233/68/68 247/3/3 68/48/48
f 246/69/69 233/68/68 68/48/48
f 246/69/69 68/48/48 69/70/70
f 175/71/71 246/69/69 69/70/70
f 175/71/71 69/70/70 70/72/72
f 245/73/73 175/71/71 70/72/72
f 245/73/73 70/72/72 71/74/74
f 231/75/75 245/73/73 71/74/74
f 231/75/75 71/74/74 72/76/76
f 244/77/77 231/75/75 72/76/76
f 244/77/77 72/76/76 73/78/78
f 230/79/79 244/77/77 73/78/78
f 230/79/79 73/78/78 74/80/80
f 243/81/81 230/79/79 74/80/80
f 243/81/81 74/80/80 75/82/82
f 229/83/83 243/81/81 75/82/82
f 229/83/83 75/82/82 76/84/84
f 173/85/85 229/83/83 76/84/84
f 173/85/85 76/84/84 280/67/67
f 174/66/66 173/85/85 280/67/67
f 86/86/86 487/87/87 559/88/88
f 585/89/89 574/90/90 125/91/91
f 107/92/92 86/86/86 559/88/88
f 107/92/92 559/88/88 582/93/93
f 106/94/94 107/92/92 582/93/93
f 106/94/94 582/93/93 560/95/95
f 105/96/96 106/94/94 560/95/95
f 105/96/96 560/95/95 561/97/97
f 104/98/98 105/96/96 561/97/97
f 104/98/98 561/97/97 562/99/99
f 103/100/100 104/98/98 562/99/99
f 103/100/100 562/99/99 563/101/101
f 102/102/102 103/100/100 563/101/101
f 102/102/102 563/101/101 564/103/103
f 101/104/104 102/102/102 564/103/103
f 101/104/104 564/103/103 565/105/105
f 100/106/106 101/104/104 565/105/105
f 100/106/106 565/105/105 583/107/107
f 99/108/108 100/106/106 583/107/107
f 99/108/108 583/107/107 566/109/109
f 98/110/110 99/108/108 566/109/109
f 98/110/110 566/109/109 550/111/111
f 97/112/112 98/110/110 550/111/111
f 97/112/112 550/111/111 567/113/113
f 96/114/114 97/112/112 567/113/113
f 96/114/114 567/113/113 568/115/115
f 95/116/116 96/114/114 568/115/115
f 95/116/116 568/115/115 569/117/117
f 94/118/118 95/116/116 569/117/117
f 94/118/118 569/117/117 488/119/119
f 93/120/120 94/118/118 488/119/119
f 93/120/120 488/119/119 570/121/121
f 92/122/122 93/120/120 570/121/121
f 92/122/122 570/121/121 571/123/123
f 91/124/124 92/122/122 571/123/123
f 91/124/124 571/123/123 584/125/125
f 90/126/126 91/124/124 584/125/125
f 90/126/126 584/125/125 572/127/127
f 90/126/126 572/127/127 573/128/128
f 89/129/129 90/126/126 573/128/128
f 89/129/129 573/128/128 585/89/89
f 88/130/130 89/129/129 585/89/89
f 585/89/89 125/91/91 88/130/130
f 125/91/91 574/90/90 575/131/131
f 125/91/91 575/131/131 576/132/132
f 124/133/133 125/91/91 576/132/132
f 124/133/133 576/132/132 577/134/134
f 123/135/135 124/133/133 577/134/134
f 123/135/135 577/134/134 586/136/136
f 122/137/137 123/135/135 586/136/136
f 122/137/137 586/136/136 578/138/138
f 121/139/139 122/137/137 578/138/138
f 121/139/139 578/138/138 552/140/140
f 120/141/141 121/139/139 552/140/140
f 120/141/141 552/140/140 579/142/142
f 119/143/143 120/141/141 579/142/142
f 119/143/143 579/142/142 580/144/144
f 118/145/145 119/143/143 580/144/144
f 118/145/145 580/144/144 489/146/146
f 117/147/147 118/145/145 489/146/146
f 382/148/148 117/147/147 489/146/146
f 382/148/148 489/146/146 87/149/149
f 487/87/87 86/86/86 108/150/150
f 558/151/151 487/87/87 108/150/150
f 558/151/151 108/150/150 109/152/152
f 548/153/153 558/151/151 109/152/152
f 557/154/154 548/153/153 109/152/152
f 557/154/154 109/152/152 110/155/155
f 556/156/156 557/154/154 110/155/155
f 556/156/156 110/155/155 111/157/157
f 486/158/158 556/156/156 111/157/157
f 486/158/158 111/157/157 112/159/159
f 555/160/160 486/158/158 112/159/159
f 555/160/160 112/159/159 113/161/161
f 554/162/162 555/160/160 113/161/161
f 554/162/162 113/161/161 114/163/163
f 581/164/164 554/162/162 114/163/163
f 581/164/164 114/163/163 115/165/165
f 484/166/166 581/164/164 115/165/165
f 484/166/166 115/165/165 116/167/167
f 87/149/149 484/166/166 116/167/167
f 87/149/149 116/167/167 382/148/148
f 16/168/168 17/169/169 180/170/170
f 26/171/171 181/172/172 25/173/173
f 37/174/174 182/175/175 36/176/176
f 177/177/177 1/178/178 170/179/179
f 3/180/180 4/181/181 183/182/182
f 7/183/183 8/184/184 184/185/185
f 10/186/186 11/187/187 185/188/188
f 24/189/189 186/190/190 23/191/191
f 6/192/192 184/193/185 189/194/193
f 185/188/188 190/195/194 9/196/195
f 15/197/196 180/170/170 195/198/197
f 21/199/198 198/200/199 20/201/200
f 24/189/189 181/172/172 199/202/201
f 27/203/202 200/204/203 26/171/171
f 30/205/204 31/206/205 203/207/206
f 32/208/207 33/209/208 204/210/209
f 35/211/210 182/175/175 206/212/211
f 40/213/212 41/214/213 210/215/214
f 44/216/215 212/217/216 43/218/217
f 8/184/184 190/195/194 213/219/218
f 17/169/169 196/220/219 215/221/220
f 186/190/190 217/222/221 22/223/222
f 181/172/172 200/204/203 218/224/223
f 201/225/224 219/226/225 27/203/202
f 31/206/205 204/210/209 220/227/226
f 205/228/227 221/229/228 33/209/208
f 182/175/175 207/230/229 222/231/230
f 211/232/231 223/233/232 41/214/213
f 178/234/233 171/235/234 44/216/215
f 178/234/233 170/179/179 172/236/235
f 170/179/179 183/182/182 172/236/235
f 185/188/188 191/237/236 224/238/237
f 194/239/238 225/240/239 193/241/240
f 199/242/201 218/243/223 227/244/241
f 209/245/242 210/246/214 228/247/243
f 187/248/244 229/83/83 183/249/182
f 188/250/245 189/251/193 230/79/79
f 184/252/185 213/253/218 231/75/75
f 224/254/237 232/255/246 190/256/194
f 192/257/247 233/68/68 191/258/236
f 214/259/248 234/260/249 195/261/197
f 197/262/250 198/263/199 235/19/19
f 200/264/203 236/31/31 218/243/223
f 220/265/226 237/266/251 203/267/206
f 222/268/230 207/269/229 240/51/51
f 228/247/243 241/270/252 208/271/253
f 212/272/216 171/273/234 242/65/65
f 179/274/254 171/273/234 178/275/233
f 172/276/235 229/83/83 173/85/85
f 230/79/79 243/81/81 187/248/244
f 231/75/75 244/77/77 189/251/193
f 232/255/246 245/73/73 213/253/218
f 233/68/68 246/69/69 224/254/237
f 225/240/239 247/3/3 192/257/247
f 234/260/249 248/9/9 194/239/238
f 196/277/219 235/19/19 251/17/17
f 217/278/221 253/23/23 216/279/255
f 227/244/241 254/27/27 226/280/256
f 237/266/251 258/39/39 202/281/257
f 238/282/258 261/46/46 221/283/228
f 207/269/229 241/270/252 262/53/53
f 242/65/65 265/63/63 211/284/231
f 225/240/239 248/9/9 266/7/7
f 249/13/13 267/11/11 234/260/249
f 254/27/27 268/25/25 217/278/221
f 236/31/31 269/29/29 227/244/241
f 259/43/43 270/41/41 237/266/251
f 263/59/59 272/57/57 228/247/243
f 179/274/254 174/66/66 171/273/234
f 179/274/254 173/85/85 174/66/66
f 246/69/69 175/71/71 232/255/246
f 239/49/49 176/4/4 238/282/258
f 71/74/74 283/285/259 72/76/76
f 68/48/48 285/286/260 284/287/261
f 68/48/48 45/2/2 285/286/260
f 53/34/34 52/36/36 286/288/262
f 74/80/80 73/78/78 288/289/263
f 67/1/1 66/8/8 289/290/264
f 61/18/18 290/291/265 62/16/16
f 59/22/22 58/24/24 291/292/266
f 50/40/40 49/42/42 292/293/267
f 82/54/54 81/56/56 293/294/268
f 75/82/82 288/289/263 294/295/269
f 283/285/259 295/296/270 73/78/78
f 69/70/70 297/297/271 70/72/72
f 63/14/14 290/291/265 301/298/272
f 291/292/266 303/299/273 60/20/20
f 57/26/26 304/300/274 58/24/24
f 54/32/32 286/288/262 307/301/275
f 51/38/38 292/293/267 309/302/276
f 47/6/6 46/5/5 312/303/277
f 83/52/52 293/294/268 315/304/278
f 78/62/62 287/305/279 318/306/280
f 294/295/269 274/307/281 76/84/84
f 283/285/259 296/308/282 319/309/283
f 69/70/70 284/287/261 320/310/284
f 289/290/264 322/311/285 45/2/2
f 305/312/286 323/313/287 57/26/26
f 286/288/262 308/314/288 324/315/289
f 313/316/290 325/317/291 46/5/5
f 316/318/292 327/319/293 81/56/56
f 295/296/270 319/309/283 329/320/294
f 320/310/284 330/321/295 297/297/271
f 300/322/296 301/298/272 331/323/297
f 303/299/273 332/324/298 302/325/299
f 292/293/267 333/326/300 309/302/276
f 288/327/263 334/328/301 294/329/269
f 330/330/295 335/331/302 296/332/282
f 321/333/303 336/334/304 284/335/261
f 299/336/305 338/337/306 298/338/307
f 332/339/298 340/340/308 290/341/265
f 304/342/274 341/343/309 291/344/266
f 305/345/286 306/346/310 342/347/311
f 310/348/312 311/349/313 344/350/314
f 326/351/315 345/352/316 315/353/278
f 318/354/280 347/355/317 317/356/318
f 329/357/294 348/358/319 288/327/263
f 335/331/302 349/359/320 319/360/283
f 336/334/304 350/361/321 320/362/284
f 322/363/285 337/364/322 352/365/323
f 299/336/305 331/366/297 353/367/324
f 341/343/309 354/368/325 303/369/273
f 304/342/274 323/370/287 355/371/326
f 333/372/300 359/373/327 308/374/288
f 314/375/328 345/352/316 364/376/329
f 327/377/293 346/378/330 366/379/331
f 328/380/332 275/381/333 368/382/334
f 334/328/301 276/383/335 274/384/281
f 349/385/320 369/386/336 329/357/294
f 350/361/321 370/387/337 330/330/295
f 340/388/308 372/389/338 339/390/339
f 354/368/325 373/391/340 332/339/298
f 342/347/311 374/392/341 323/370/287
f 333/393/300 343/394/342 375/395/343
f 353/367/324 278/396/344 338/337/306
f 355/371/326 279/397/345 341/343/309
f 109/152/152 108/150/150 386/398/346
f 90/126/126 89/129/129 387/399/347
f 108/150/150 86/86/86 389/400/348
f 105/96/96 104/98/98 390/401/349
f 96/114/114 95/116/116 391/402/350
f 90/126/126 387/399/347 393/403/351
f 125/91/91 124/133/133 394/404/352
f 121/139/139 120/141/141 396/405/353
f 383/406/354 116/167/167 377/407/355
f 115/165/165 377/407/355 116/167/167
f 112/159/159 111/157/157 399/408/356
f 110/155/155 385/409/357 400/410/358
f 106/94/94 390/401/349 403/411/359
f 100/106/106 99/108/108 408/412/360
f 98/110/110 97/112/112 409/413/361
f 92/122/122 392/414/362 412/415/363
f 388/416/364 413/417/365 88/130/130
f 395/418/366 414/419/367 123/135/135
f 118/145/145 117/147/147 417/420/368
f 383/406/354 377/407/355 384/421/369
f 115/165/165 397/422/370 418/423/371
f 400/410/358 419/424/372 111/157/157
f 386/398/346 389/400/348 421/425/373
f 390/401/349 404/426/374 422/427/375
f 409/413/361 423/428/376 99/108/108
f 97/112/112 391/402/350 424/429/377
f 95/116/116 410/430/378 425/431/379
f 413/417/365 427/432/380 89/129/129
f 388/416/364 394/404/352 428/433/381
f 414/419/367 429/434/382 124/133/133
f 395/418/366 396/405/353 430/435/383
f 376/436/384 431/437/385 117/147/147
f 418/423/371 378/438/386 377/407/355
f 401/439/387 432/440/388 389/400/348
f 402/441/389 403/411/359 433/442/390
f 407/443/391 434/444/392 406/445/393
f 424/446/377 435/447/394 409/448/361
f 425/431/379 436/449/395 391/402/350
f 392/414/362 393/403/351 437/450/396
f 413/451/365 428/452/381 438/453/397
f 394/404/352 429/434/382 439/454/398
f 415/455/399 440/456/400 396/405/353
f 420/457/401 441/458/402 400/459/358
f 405/460/403 442/461/404 404/462/374
f 411/463/405 412/464/363 443/465/406
f 393/466/351 426/467/407 444/468/408
f 416/469/409 417/470/368 445/471/410
f 384/472/369 378/473/386 2/474/411
f 419/475/372 449/476/412 399/477/356
f 420/457/401 421/478/373 450/479/413
f 401/480/387 433/481/390 452/482/414
f 442/461/404 454/483/415 422/484/375
f 405/485/403 434/486/392 455/487/416
f 435/447/394 458/488/417 423/489/376
f 410/490/378 443/465/406 461/491/418
f 444/468/408 463/492/419 437/493/396
f 438/453/397 465/494/420 427/495/380
f 445/471/410 472/496/421 415/497/399
f 431/498/385 379/499/422 474/500/423
f 2/474/411 379/499/422 384/472/369
f 446/501/424 380/502/425 378/473/386
f 441/458/402 475/503/426 419/504/372
f 451/505/427 476/506/428 421/478/373
f 453/507/429 477/508/430 433/481/390
f 434/486/392 456/509/431 478/510/432
f 424/446/377 459/511/433 480/512/434
f 438/453/397 466/513/435 481/514/436
f 441/458/402 450/479/413 381/515/437
f 128/516/438 129/517/439 493/518/440
f 133/519/441 494/520/442 132/521/443
f 142/522/444 143/523/445 495/524/446
f 146/525/447 147/526/448 496/527/449
f 167/528/450 497/529/451 166/530/452
f 126/531/453 493/518/440 482/532/454
f 130/533/455 131/534/456 498/535/457
f 133/519/441 134/536/458 499/537/459
f 138/538/460 139/539/461 500/540/462
f 495/524/446 501/541/463 141/542/464
f 144/543/465 145/544/466 502/545/467
f 148/546/468 149/547/469 503/548/470
f 155/549/471 504/550/472 154/551/473
f 165/552/474 497/529/451 505/553/475
f 129/517/439 498/535/457 506/554/476
f 131/555/456 494/556/442 507/557/477
f 500/540/462 511/558/478 137/559/479
f 501/541/463 512/560/480 140/561/481
f 145/544/466 496/527/449 513/562/482
f 503/548/470 514/563/483 147/526/448
f 153/564/484 504/565/472 518/566/485
f 162/567/486 523/568/487 161/569/488
f 505/553/475 525/570/489 164/571/490
f 483/572/491 527/573/492 168/574/493
f 493/518/440 506/554/476 528/575/494
f 494/520/442 499/537/459 529/576/495
f 139/539/461 512/560/480 530/577/496
f 143/578/445 502/545/467 532/579/497
f 496/527/449 514/563/483 533/580/498
f 515/581/499 534/582/500 149/547/469
f 519/583/501 536/584/502 156/585/503
f 162/567/486 524/586/504 537/587/505
f 497/529/451 526/588/506 538/589/507
f 507/590/477 539/591/508 498/592/457
f 499/593/459 508/594/509 540/595/510
f 500/596/462 530/597/496 542/598/511
f 531/599/512 543/600/513 501/601/463
f 502/602/467 513/603/482 544/604/514
f 504/605/472 535/606/515 545/607/516
f 524/608/504 525/609/489 546/610/517
f 482/611/454 528/612/494 484/166/166
f 529/613/495 547/614/518 507/590/477
f 508/594/509 509/615/519 548/153/153
f 541/616/520 549/617/521 510/618/522
f 503/619/470 534/620/500 550/111/111
f 518/621/485 551/622/523 517/623/524
f 505/624/475 538/625/507 552/140/140
f 539/591/508 547/614/518 555/160/160
f 540/595/510 548/153/153 557/154/154
f 549/617/521 558/151/151 509/615/519
f 530/597/496 559/88/88 542/598/511
f 513/603/482 533/626/498 565/105/105
f 550/111/111 566/109/109 514/627/483
f 551/622/523 569/117/117 516/628/525
f 535/606/515 571/123/123 545/607/516
f 520/629/526 573/128/128 519/630/501
f 546/610/517 577/134/134 537/631/505
f 552/140/140 578/138/138 525/609/489
f 553/632/527 580/144/144 526/633/506
f 492/634/528 484/166/166 87/149/149
f 554/162/162 581/164/164 528/612/494
f 559/88/88 487/87/87 541/616/520
f 530/597/496 560/95/95 582/93/93
f 566/109/109 583/107/107 533/626/498
f 572/127/127 584/125/125 535/606/515
f 574/90/90 585/89/89 520/629/526
f 578/138/138 586/136/136 546/610/517
f 547/614/518 556/156/156 486/158/158
f 570/121/121 488/119/119 551/622/523
f 588/635/529 853/636/530 589/637/531
f 609/638/532 587/639/533 789/640/534
f 763/641/535 588/635/529 589/637/531
f 763/641/535 589/637/531 590/642/536
f 806/643/537 763/641/535 590/642/536
f 806/643/537 590/642/536 591/644/538
f 794/645/539 806/643/537 591/644/538
f 794/645/539 591/644/538 592/646/540
f 776/647/541 794/645/539 592/646/540
f 776/647/541 592/646/540 593/648/542
f 805/649/543 776/647/541 593/648/542
f 805/649/543 593/648/542 594/650/544
f 804/651/545 805/649/543 594/650/544
f 804/651/545 594/650/544 595/652/546
f 793/653/547 804/651/545 595/652/546
f 793/653/547 595/652/546 596/654/548
f 781/655/549 793/653/547 596/654/548
f 781/655/549 596/654/548 597/656/550
f 792/657/551 781/655/549 597/656/550
f 792/657/551 597/656/550 598/658/552
f 803/659/553 792/657/551 598/658/552
f 803/659/553 598/658/552 599/660/554
f 791/661/555 803/659/553 599/660/554
f 791/661/555 599/660/554 600/662/556
f 802/663/557 791/661/555 600/662/556
f 802/663/557 600/662/556 601/664/558
f 780/665/559 802/663/557 601/664/558
f 780/665/559 601/664/558 602/666/560
f 801/667/561 780/665/559 602/666/560
f 801/667/561 602/666/560 603/668/562
f 775/669/563 801/667/561 603/668/562
f 775/669/563 603/668/562 604/670/564
f 800/671/565 775/669/563 604/670/564
f 800/671/565 604/670/564 605/672/566
f 799/673/567 800/671/565 605/672/566
f 799/673/567 605/672/566 606/674/568
f 774/675/569 799/673/567 606/674/568
f 774/675/569 606/674/568 607/676/570
f 790/677/571 774/675/569 607/676/570
f 790/677/571 607/676/570 608/678/572
f 798/679/573 790/677/571 608/678/572
f 798/679/573 608/678/572 609/638/532
f 773/680/574 798/679/573 609/638/532
f 789/640/534 773/680/574 609/638/532
f 789/640/534 587/639/533 610/681/575
f 630/682/576 853/636/530 588/635/529
f 797/683/577 789/640/534 610/681/575
f 797/683/577 610/681/575 611/684/578
f 779/685/579 797/683/577 611/684/578
f 779/685/579 611/684/578 612/686/580
f 788/687/581 779/685/579 612/686/580
f 788/687/581 612/686/580 613/688/582
f 778/689/583 788/687/581 613/688/582
f 778/689/583 613/688/582 614/690/584
f 772/691/585 778/689/583 614/690/584
f 772/691/585 614/690/584 615/692/586
f 787/693/587 772/691/585 615/692/586
f 787/693/587 615/692/586 616/694/588
f 771/695/589 787/693/587 616/694/588
f 771/695/589 616/694/588 617/696/590
f 786/697/591 771/695/589 617/696/590
f 786/697/591 617/696/590 618/698/592
f 770/699/593 786/697/591 618/698/592
f 770/699/593 618/698/592 619/700/594
f 785/701/595 770/699/593 619/700/594
f 785/701/595 619/700/594 620/702/596
f 630/682/576 588/635/529 764/703/597
f 629/704/598 630/682/576 764/703/597
f 629/704/598 764/703/597 766/705/599
f 628/706/600 629/704/598 766/705/599
f 628/706/600 766/705/599 782/707/601
f 627/708/602 628/706/600 782/707/601
f 627/708/602 782/707/601 777/709/603
f 626/710/604 627/708/602 777/709/603
f 626/710/604 777/709/603 783/711/605
f 625/712/606 626/710/604 783/711/605
f 625/712/606 783/711/605 767/713/607
f 624/714/608 625/712/606 767/713/607
f 624/714/608 767/713/607 795/715/609
f 623/716/610 624/714/608 795/715/609
f 623/716/610 795/715/609 784/717/611
f 622/718/612 623/716/610 784/717/611
f 622/718/612 784/717/611 796/719/613
f 621/720/614 622/718/612 796/719/613
f 621/720/614 796/719/613 768/721/615
f 620/702/596 621/720/614 768/721/615
f 620/702/596 768/721/615 769/722/616
f 769/722/616 785/701/595 620/702/596
f 675/723/617 807/724/618 841/725/619
f 807/724/618 842/726/620 841/725/619
f 842/726/620 843/727/621 841/725/619
f 843/727/621 821/728/622 841/725/619
f 821/728/622 832/729/623 841/725/619
f 832/729/623 810/730/624 841/725/619
f 810/730/624 833/731/625 841/725/619
f 833/731/625 811/732/626 841/725/619
f 811/732/626 834/733/627 841/725/619
f 834/733/627 812/734/628 841/725/619
f 812/734/628 835/735/629 841/725/619
f 835/735/629 836/736/630 841/725/619
f 836/736/630 813/737/631 841/725/619
f 813/737/631 814/738/632 841/725/619
f 814/738/632 822/739/633 841/725/619
f 822/739/633 823/740/634 841/725/619
f 823/740/634 837/741/635 841/725/619
f 837/741/635 824/742/636 841/725/619
f 824/742/636 844/743/637 841/725/619
f 844/743/637 845/744/638 841/725/619
f 845/744/638 815/745/639 841/725/619
f 815/745/639 846/746/640 841/725/619
f 846/746/640 847/747/641 841/725/619
f 847/747/641 838/748/642 841/725/619
f 838/748/642 848/749/643 841/725/619
f 848/749/643 816/750/644 841/725/619
f 816/750/644 817/751/645 841/725/619
f 817/751/645 825/752/646 841/725/619
f 825/752/646 826/753/647 841/725/619
f 826/753/647 839/754/648 841/725/619
f 839/754/648 827/755/649 841/725/619
f 827/755/649 818/756/650 841/725/619
f 818/756/650 849/757/651 841/725/619
f 849/757/651 819/758/652 841/725/619
f 819/758/652 850/759/653 841/725/619
f 850/759/653 828/760/654 841/725/619
f 828/760/654 820/761/655 841/725/619
f 820/761/655 829/762/656 841/725/619
f 829/762/656 830/763/657 841/725/619
f 830/763/657 840/764/658 841/725/619
f 840/764/658 831/765/659 841/725/619
f 808/766/660 675/723/617 841/725/619
f 676/767/661 677/768/662 897/769/663
f 677/768/662 678/770/664 897/769/663
f 678/770/664 679/771/665 897/769/663
f 679/771/665 680/772/666 897/769/663
f 680/772/666 681/773/667 897/769/663
f 681/773/667 682/774/668 897/769/663
f 682/774/668 683/775/669 897/769/663
f 683/775/669 684/776/670 897/769/663
f 684/776/670 685/777/671 897/769/663
f 685/777/671 686/778/672 897/769/663
f 686/778/672 687/779/673 897/769/663
f 687/779/673 688/780/674 897/769/663
f 688/780/674 689/781/675 897/769/663
f 689/781/675 690/782/676 897/769/663
f 690/782/676 691/783/677 897/769/663
f 691/783/677 692/784/678 897/769/663
f 692/784/678 693/785/679 897/769/663
f 693/785/679 694/786/680 897/769/663
f 694/786/680 695/787/681 897/769/663
f 695/787/681 696/788/682 897/769/663
f 696/788/682 697/789/683 897/769/663
f 697/789/683 698/790/684 897/769/663
f 698/790/684 699/791/685 897/769/663
f 699/791/685 700/792/686 897/769/663
f 700/792/686 701/793/687 897/769/663
f 701/793/687 702/794/688 897/769/663
f 702/794/688 703/795/689 897/769/663
f 703/795/689 704/796/690 897/769/663
f 704/796/690 705/797/691 897/769/663
f 705/797/691 706/798/692 897/769/663
f 706/798/692 707/799/693 897/769/663
f 707/799/693 708/800/694 897/769/663
f 708/800/694 709/801/695 897/769/663
f 709/801/695 710/802/696 897/769/663
f 710/802/696 711/803/697 897/769/663
f 711/803/697 712/804/698 897/769/663
f 712/804/698 713/805/699 897/769/663
f 713/805/699 714/806/700 897/769/663
f 714/806/700 715/807/701 897/769/663
f 715/807/701 716/808/702 897/769/663
f 716/808/702 717/809/703 897/769/663
f 717/809/703 718/810/704 897/769/663
f 721/811/705 722/812/706 766/813/599
f 726/814/707 767/815/607 725/816/708
f 731/817/709 769/818/616 730/819/710
f 732/820/711 733/821/712 770/822/593
f 734/823/713 735/824/714 771/825/589
f 736/826/715 737/827/716 772/828/585
f 742/829/717 743/830/718 773/831/574
f 746/832/719 774/833/569 745/834/720
f 749/835/721 775/836/563 748/837/722
f 759/838/723 760/839/724 776/840/541
f 723/841/725 724/842/726 777/709/603
f 738/843/727 778/844/583 737/827/716
f 739/845/728 740/846/729 779/847/579
f 750/848/730 751/849/731 780/850/559
f 755/851/732 756/852/733 781/853/549
f 777/709/603 782/707/601 722/854/706
f 767/713/607 783/711/605 724/842/726
f 728/855/734 784/717/611 727/856/735
f 770/699/593 785/701/595 731/857/709
f 771/695/589 786/697/591 733/858/712
f 772/691/585 787/693/587 735/859/714
f 779/685/579 788/687/581 738/860/727
f 741/861/736 773/680/574 789/640/534
f 774/675/569 790/677/571 744/862/737
f 752/863/738 753/864/739 791/661/555
f 781/655/549 792/657/551 754/865/740
f 757/866/741 793/653/547 756/867/733
f 761/868/742 794/645/539 760/869/724
f 720/870/743 766/705/599 764/703/597
f 784/717/611 795/715/609 726/871/707
f 768/721/615 796/719/613 728/855/734
f 789/640/534 797/683/577 740/872/729
f 790/677/571 798/679/573 743/873/718
f 747/874/744 775/669/563 800/671/565
f 780/665/559 801/667/561 749/875/721
f 751/876/731 791/661/555 802/663/557
f 792/657/551 803/659/553 753/864/739
f 776/647/541 805/649/543 758/877/745
f 763/641/535 806/643/537 761/868/742
f 638/878/746 810/879/624 637/880/747
f 639/881/748 640/882/749 811/883/626
f 641/884/750 642/885/751 812/886/628
f 645/887/752 646/888/753 814/889/632
f 652/890/754 653/891/755 815/892/639
f 658/893/756 659/894/757 817/895/645
f 664/896/758 818/897/650 663/898/759
f 665/899/760 666/900/761 819/901/652
f 668/902/762 669/903/763 820/904/655
f 631/905/764 633/906/765 807/907/618
f 635/908/766 636/909/767 821/728/622
f 647/910/768 648/911/769 823/740/634
f 649/912/770 650/913/771 824/914/636
f 661/915/772 826/916/647 660/917/773
f 818/897/650 827/918/649 662/919/774
f 820/904/655 828/920/654 667/921/775
f 671/922/776 830/923/657 670/924/777
f 672/925/778 673/926/779 831/927/659
f 810/730/624 832/729/623 636/909/767
f 638/928/746 811/732/626 833/731/625
f 812/734/628 834/733/627 640/929/749
f 643/930/780 813/737/631 836/736/630
f 824/742/636 837/741/635 648/911/769
f 656/931/781 838/748/642 655/932/782
f 827/755/649 839/754/648 661/933/772
f 671/934/776 831/765/659 840/764/658
f 808/766/660 841/725/619 673/935/779
f 821/728/622 843/727/621 634/936/783
f 651/937/784 815/745/639 845/744/638
f 838/748/642 847/747/641 654/938/785
f 656/931/781 816/750/644 848/749/643
f 664/939/758 819/758/652 849/757/651
f 828/760/654 850/759/653 666/940/761
f 627/708/602 626/710/604 854/941/786
f 621/720/614 620/702/596 857/942/787
f 616/694/588 615/692/586 858/943/788
f 612/686/580 859/944/789 613/688/582
f 587/639/533 860/945/790 610/681/575
f 602/666/560 601/664/558 861/946/791
f 594/650/544 593/648/542 862/947/792
f 590/642/536 589/637/531 863/948/793
f 853/636/530 630/682/576 851/949/794
f 629/704/598 851/949/794 630/682/576
f 617/696/590 865/950/795 618/698/592
f 609/638/532 608/678/572 866/951/796
f 606/674/568 605/672/566 867/952/797
f 601/664/558 600/662/556 868/953/798
f 597/656/550 596/654/548 869/954/799
f 591/644/538 870/955/800 592/646/540
f 853/636/530 852/956/801 589/637/531
f 854/957/786 871/958/802 628/959/600
f 626/710/604 625/712/606 872/960/803
f 858/961/788 873/962/804 617/963/590
f 608/964/572 607/965/570 874/966/805
f 603/668/562 876/967/806 604/670/564
f 598/968/552 869/969/799 877/970/807
f 595/971/546 878/972/808 596/973/548
f 870/955/800 879/974/809 593/648/542
f 871/958/802 880/975/810 629/976/598
f 855/977/811 882/978/812 624/979/608
f 864/980/813 883/981/814 620/982/596
f 859/983/789 885/984/815 614/985/584
f 611/986/578 860/987/790 887/988/816
f 866/989/796 888/990/817 587/991/533
f 867/992/797 889/993/818 607/965/570
f 861/994/791 890/995/819 603/996/562
f 877/970/807 892/997/820 599/998/554
f 862/999/792 893/1000/821 595/971/546
f 863/1001/793 894/1002/822 591/1003/538
f 632/1004/823 852/1005/801 853/1006/530
f 897/769/663 718/810/704 895/1007/824
f 717/809/703 895/1007/824 718/810/704
f 712/804/698 711/803/697 898/1008/825
f 710/802/696 709/801/695 899/1009/826
f 705/797/691 704/796/690 900/1010/827
f 700/792/686 699/791/685 901/1011/828
f 695/787/681 694/786/680 902/1012/829
f 690/782/676 904/1013/830 691/783/677
f 687/779/673 906/1014/831 688/780/674
f 680/772/666 679/771/665 908/1015/832
f 677/768/662 676/767/661 909/1016/833
f 897/769/663 895/1007/824 719/1017/834
f 716/808/702 715/807/701 910/1018/835
f 714/806/700 713/805/699 911/1019/836
f 711/803/697 899/1009/826 912/1020/837
f 707/799/693 706/798/692 914/1021/838
f 699/791/685 698/790/684 915/1022/839
f 694/786/680 693/785/679 916/1023/840
f 684/776/670 683/775/669 920/1024/841
f 678/770/664 909/1016/833 921/1025/842
f 911/1019/836 922/1026/843 715/807/701
f 701/1027/687 901/1028/828 925/1029/844
f 697/1030/683 926/1031/845 698/1032/684
f 907/1033/846 928/1034/847 682/774/668
f 910/1035/835 929/1036/848 717/1037/703
f 898/1038/825 930/1039/849 713/1040/699
f 709/1041/695 913/1042/850 931/1043/851
f 900/1044/827 932/1045/852 706/1046/692
f 923/1047/853 933/1048/854 704/1049/690
f 902/1050/829 935/1051/855 696/1052/682
f 693/1053/679 903/1054/856 936/1055/857
f 690/1056/676 905/1057/858 937/1058/859
f 921/1059/842 938/1060/860 679/1061/665
f 995/1062/861 939/1063/862 941/1064/863
f 939/1063/862 940/1065/864 941/1064/863
f 940/1065/864 956/1066/865 941/1064/863
f 956/1066/865 954/1067/866 941/1064/863
f 942/1068/867 1014/1069/868 941/1064/863
f 1014/1069/868 995/1062/861 941/1064/863
f 952/1070/869 950/1071/870 951/1072/871
f 950/1071/870 954/1067/866 953/1073/872
f 946/1074/873 951/1075/871 949/1076/874
f 951/1075/871 953/1077/872 949/1076/874
f 948/1078/875 951/1079/871 947/1080/876
f 948/1078/875 952/1081/869 951/1079/871
f 945/1082/877 952/1081/869 948/1078/875
f 956/1066/865 960/1083/878 959/1084/879
f 959/1084/879 961/1085/880 962/1086/881
f 960/1083/878 957/1087/882 964/1088/883
f 961/1089/880 964/1090/883 963/1091/884
f 958/1092/885 962/1093/881 966/1094/886
f 963/1091/884 966/1094/886 962/1093/881
f 965/1095/887 955/1096/888 964/1097/883
f 970/1098/889 968/1099/890 971/1100/891
f 968/1099/890 969/1101/892 972/1102/893
f 969/1103/892 973/1104/894 972/1105/893
f 969/1103/892 967/1106/895 973/1104/894
f 982/1107/896 979/1108/897 976/1109/898
f 984/1110/899 978/1111/900 979/1108/897
f 983/1112/901 984/1110/899 982/1107/896
f 985/1113/902 986/1114/903 989/1115/904
f 986/1114/903 991/1116/905 989/1115/904
f 986/1117/903 987/1118/906 992/1119/907
f 991/1120/905 993/1121/908 990/1122/909
f 999/1123/910 1001/1124/911 1000/1125/912
f 1000/1126/912 1002/1127/913 997/1128/914
f 1001/1129/911 1003/1130/915 1000/1131/912
f 994/1132/916 1004/1133/917 1001/1129/911
f 1001/1129/911 1004/1133/917 1003/1130/915
f 1009/1134/918 1011/1135/919 1012/1136/920
f 1012/1137/920 1011/1138/919 1013/1139/921
f 1011/1138/919 1014/1069/868 1013/1139/921
f 1007/1140/922 1012/1141/920 1006/1142/923
f 1006/1142/923 1012/1141/920 1013/1143/921
f 1005/1144/924 1009/1134/918 1010/1145/925
f 1005/1144/924 1011/1135/919 1009/1134/918
f 1017/1146/926 1018/1147/927 1020/1148/928
f 1020/1148/928 1021/1149/929 1022/1150/930
f 1018/1147/927 1021/1149/929 1020/1148/928
f 1021/1151/929 1015/1152/931 1016/1153/932
f 962/1093/881 958/1092/885 953/1077/872
f 949/1076/874 953/1077/872 958/1092/885
f 949/1076/874 958/1092/885 966/1094/886
f 971/1154/891 979/1108/897 978/1111/900
f 1075/1155/933 1026/1156/934 1025/1157/935
f 994/1132/916 993/1121/908 1004/1133/917
f 1004/1133/917 992/1158/907 1003/1130/915
f 940/1065/864 939/1063/862 1027/1159/936
f 960/1083/878 1027/1159/936 957/1087/882
f 1000/1125/912 1028/1160/937 939/1063/862
f 1027/1161/936 1028/1162/937 1029/1163/938
f 957/1164/882 1027/1161/936 965/1095/887
f 997/1128/914 1028/1162/937 1000/1126/912
f 999/1123/910 1011/1138/919 996/1165/939
f 996/1166/939 1011/1135/919 1005/1144/924
f 994/1132/916 1005/1144/924 1010/1145/925
f 994/1132/916 996/1166/939 1005/1144/924
f 1006/1142/923 1019/1167/940 1007/1140/922
f 1009/1134/918 1016/1153/932 1010/1145/925
f 1015/1152/931 1010/1145/925 1016/1153/932
f 990/1122/909 993/1121/908 1015/1152/931
f 1015/1152/931 1018/1168/927 990/1122/909
f 990/1169/909 1018/1147/927 989/1115/904
f 949/1076/874 974/1170/941 946/1074/873
f 947/1080/876 973/1104/894 948/1078/875
f 965/1095/887 977/1171/942 955/1096/888
f 955/1172/888 982/1107/896 963/1091/884
f 963/1091/884 976/1109/898 966/1094/886
f 975/1173/943 966/1094/886 976/1109/898
f 969/1103/892 944/1174/944 967/1106/895
f 969/1103/892 1033/1175/945 944/1174/944
f 968/1099/890 1033/1176/945 969/1101/892
f 1022/1150/930 1032/1177/946 1020/1148/928
f 1020/1148/928 1032/1177/946 1034/1178/947
f 1032/1177/946 1033/1176/945 1034/1178/947
f 1020/1148/928 1034/1178/947 1017/1146/926
f 1019/1167/940 943/1179/948 1032/1180/946
f 944/1174/944 1032/1180/946 943/1179/948
f 1019/1167/940 1032/1180/946 1022/1181/930
f 1035/1182/949 1046/1183/950 1064/1184/951
f 1071/1185/952 1057/1186/953 1035/1182/949
f 1035/1182/949 1064/1184/951 1071/1185/952
f 1072/1187/954 1037/1188/955 1036/1189/956
f 1036/1189/956 1050/1190/957 1077/1191/958
f 1036/1189/956 1077/1191/958 1072/1187/954
f 983/1192/901 1038/1193/959 980/1194/960
f 980/1195/960 1038/1196/959 1039/1197/961
f 980/1195/960 1039/1197/961 981/1198/962
f 1066/1199/963 1039/1197/961 1041/1200/964
f 977/1171/942 1040/1201/965 983/1192/901
f 983/1192/901 1040/1201/965 1038/1193/959
f 965/1095/887 1029/1163/938 1042/1202/966
f 965/1095/887 1042/1202/966 1040/1201/965
f 1040/1201/965 977/1171/942 965/1095/887
f 1028/1162/937 1076/1203/967 1043/1204/968
f 1029/1163/938 1028/1162/937 1043/1204/968
f 1029/1163/938 1043/1204/968 1055/1205/969
f 1029/1163/938 1055/1205/969 1053/1206/970
f 1029/1163/938 1053/1206/970 1042/1202/966
f 1028/1162/937 997/1128/914 988/1207/971
f 1026/1208/934 1076/1203/967 1028/1162/937
f 1028/1162/937 988/1207/971 1026/1208/934
f 1074/1209/972 1025/1157/935 985/1113/902
f 1059/1210/973 1074/1209/972 985/1113/902
f 981/1198/962 1039/1197/961 1066/1199/963
f 981/1198/962 1066/1199/963 1045/1211/974
f 1017/1146/926 1034/1178/947 1033/1176/945
f 1017/1146/926 1033/1176/945 970/1098/889
f 970/1098/889 981/1198/962 1045/1211/974
f 1017/1146/926 970/1098/889 1045/1211/974
f 1017/1146/926 1045/1211/974 1061/1212/975
f 1017/1146/926 1061/1212/975 1059/1210/973
f 1059/1210/973 985/1113/902 1017/1146/926
f 1046/1183/950 1044/1213/976 1047/1214/977
f 1049/1215/978 1051/1216/979 1048/1217/980
f 1036/1218/956 1035/1219/949 1057/1220/953
f 1057/1220/953 1050/1221/957 1036/1218/956
f 1055/1205/969 1056/1222/981 1053/1206/970
f 1060/1223/982 1058/1224/983 1059/1210/973
f 1047/1225/977 1045/1211/974 1066/1199/963
f 1066/1199/963 1068/1226/984 1047/1225/977
f 1046/1183/950 1047/1214/977 1068/1227/984
f 1068/1227/984 1064/1184/951 1046/1183/950
f 1076/1203/967 1062/1228/985 1048/1217/980
f 1048/1217/980 1043/1204/968 1076/1203/967
f 1049/1215/978 1048/1217/980 1062/1228/985
f 1063/1229/986 1049/1215/978 1062/1228/985
f 1050/1190/957 1049/1230/978 1063/1231/986
f 1077/1191/958 1050/1190/957 1063/1231/986
f 1049/1232/978 1050/1233/957 1052/1234/987
f 1050/1233/957 1057/1235/953 1052/1234/987
f 1052/1234/987 1056/1236/981 1049/1232/978
f 1051/1216/979 1049/1215/978 1056/1222/981
f 1051/1216/979 1056/1222/981 1055/1205/969
f 1043/1204/968 1051/1216/979 1055/1205/969
f 1058/1224/983 1073/1237/988 1074/1209/972
f 1074/1209/972 1059/1210/973 1058/1224/983
f 1072/1187/954 1058/1238/983 1037/1188/955
f 1058/1238/983 1072/1187/954 1073/1239/988
f 1041/1200/964 1069/1240/989 1068/1226/984
f 1067/1241/990 1065/1242/991 1069/1243/989
f 1069/1244/989 1071/1185/952 1064/1184/951
f 1078/1245/992 1077/1191/958 1063/1231/986
f 1063/1231/986 1075/1246/933 1078/1245/992
f 1062/1228/985 1075/1247/933 1063/1229/986
f 1075/1155/933 1079/1248/993 1073/1237/988
f 1062/1228/985 1076/1203/967 1075/1247/933
f 1078/1245/992 1073/1239/988 1072/1187/954
f 1077/1191/958 1078/1245/992 1072/1187/954
f 1071/1185/952 1052/1249/987 1057/1186/953
f 1052/1249/987 1071/1185/952 1070/1250/994
f 1054/1251/995 1052/1249/987 1070/1250/994
f 1054/1252/995 1070/1253/994 1065/1242/991
f 1054/1252/995 1065/1242/991 1042/1202/966
f 1053/1206/970 1054/1252/995 1042/1202/966
f 1061/1212/975 1045/1211/974 1044/1254/976
f 1061/1212/975 1044/1254/976 1060/1223/982
f 1058/1255/983 1046/1256/950 1037/1257/955
f 446/501/424 1/178/178 380/502/425
f 447/1258/996 3/180/180 446/501/424
f 448/1259/997 4/181/181 447/1258/996
f 449/476/412 5/1260/998 448/1259/997
f 475/1261/426 6/192/192 449/476/412
f 381/515/437 7/183/183 475/503/426
f 450/479/413 8/184/184 381/515/437
f 476/506/428 9/196/195 450/479/413
f 451/505/427 10/186/186 476/506/428
f 452/482/414 11/187/187 451/505/427
f 477/508/430 12/1262/999 452/482/414
f 477/508/430 14/1263/1000 13/1264/1001
f 454/483/415 14/1263/1000 453/507/429
f 442/461/404 15/197/196 454/483/415
f 455/1265/416 16/168/168 442/461/404
f 478/510/432 17/1266/169 455/487/416
f 478/510/432 19/1267/1002 18/1268/1003
f 457/1269/1004 19/1267/1002 456/509/431
f 458/488/417 20/201/200 457/1269/1004
f 458/488/417 22/223/222 21/199/198
f 480/512/434 22/223/222 479/1270/1005
f 459/511/433 23/191/191 480/512/434
f 459/511/433 25/173/173 24/189/189
f 461/491/418 25/173/173 460/1271/1006
f 461/491/418 27/203/202 26/171/171
f 462/1272/1007 27/203/202 443/465/406
f 463/492/419 28/1273/1008 462/1274/1007
f 444/468/408 29/1275/1009 463/492/419
f 464/1276/1010 30/205/204 444/468/408
f 464/1276/1010 32/208/207 31/206/205
f 481/514/436 32/208/207 465/494/420
f 466/513/435 33/209/208 481/514/436
f 467/1277/1011 34/1278/1012 466/513/435
f 468/1279/1013 35/211/210 467/1277/1011
f 469/1280/1014 36/176/176 468/1279/1013
f 470/1281/1015 37/174/174 469/1280/1014
f 471/1282/1016 38/1283/1017 470/1281/1015
f 472/1284/421 39/1285/1018 471/1282/1016
f 445/471/410 40/213/212 472/496/421
f 473/1286/1019 41/214/213 445/471/410
f 474/500/423 42/1287/1020 473/1286/1019
f 379/499/422 43/218/217 474/500/423
f 44/216/215 2/474/411 177/177/177
f 276/383/335 490/1288/1021 127/1289/1022
f 128/516/438 276/383/335 334/328/301
f 128/516/438 348/358/319 129/517/439
f 129/517/439 369/386/336 130/533/455
f 130/533/455 349/385/320 131/534/456
f 132/521/443 349/359/320 335/331/302
f 132/521/443 370/387/337 133/519/441
f 133/519/441 350/361/321 134/536/458
f 134/536/458 336/334/304 135/1290/1023
f 135/1290/1023 351/1291/1024 136/1292/1025
f 136/1292/1025 352/365/323 137/559/479
f 137/559/479 337/364/322 138/538/460
f 138/538/460 278/396/344 139/539/461
f 139/539/461 353/367/324 140/561/481
f 140/561/481 371/1293/1026 141/542/464
f 141/542/464 372/389/338 142/522/444
f 142/522/444 340/388/308 143/523/445
f 143/578/445 373/391/340 144/543/465
f 144/543/465 354/368/325 145/544/466
f 145/544/466 279/397/345 146/525/447
f 146/525/447 355/371/326 147/526/448
f 147/526/448 374/392/341 148/546/468
f 148/546/468 342/347/311 149/547/469
f 149/547/469 356/1294/1027 150/1295/1028
f 150/1295/1028 357/1296/1029 151/1297/1030
f 151/1297/1030 358/1298/1031 152/1299/1032
f 152/1299/1032 359/1300/327 153/564/484
f 153/564/484 375/1301/343 154/1302/473
f 154/551/473 343/394/342 155/549/471
f 155/549/471 344/350/314 156/585/503
f 156/585/503 360/1303/1033 157/1304/1034
f 157/1304/1034 361/1305/1035 158/1306/1036
f 158/1306/1036 362/1307/1037 159/1308/1038
f 159/1308/1038 363/1309/1039 160/1310/1040
f 160/1310/1040 364/376/329 161/569/488
f 161/569/488 345/352/316 162/567/486
f 162/567/486 365/1311/1041 163/1312/1042
f 163/1312/1042 366/1313/331 164/1314/490
f 164/571/490 346/378/330 165/552/474
f 166/530/452 346/378/330 347/355/317
f 166/530/452 367/1315/1043 167/528/450
f 167/528/450 368/382/334 168/574/493
f 169/1316/1044 368/382/334 277/1317/1045
f 169/1316/1044 127/1289/1022 490/1288/1021
f 183/182/182 1/178/178 3/180/180
f 380/502/425 177/177/177 2/474/411
f 15/197/196 16/168/168 180/170/170
f 25/173/173 181/172/172 24/189/189
f 35/211/210 36/176/176 182/175/175
f 187/1318/244 5/1260/998 188/1319/245
f 7/183/183 184/185/185 6/1320/192
f 10/186/186 185/188/188 9/196/195
f 23/191/191 186/190/190 22/223/222
f 178/234/233 177/177/177 170/179/179
f 4/181/181 187/1318/244 183/182/182
f 189/194/193 5/1260/998 6/192/192
f 191/237/236 12/1262/999 192/1321/247
f 9/196/195 190/195/194 8/184/184
f 11/187/187 191/237/236 185/188/188
f 192/1321/247 13/1264/1001 193/1322/240
f 193/1322/240 14/1263/1000 194/1323/238
f 195/198/197 14/1263/1000 15/197/196
f 196/1324/219 19/1267/1002 197/1325/250
f 18/1268/1003 196/1324/219 17/1266/169
f 197/1325/250 20/201/200 198/200/199
f 202/1326/257 28/1273/1008 29/1275/1009
f 186/190/190 24/189/189 199/202/201
f 26/171/171 200/204/203 181/172/172
f 28/1327/1008 201/225/224 27/203/202
f 203/207/206 29/1275/1009 30/205/204
f 206/212/211 34/1278/1012 35/211/210
f 31/206/205 32/208/207 204/210/209
f 33/209/208 34/1278/1012 205/228/227
f 207/230/229 38/1283/1017 208/1328/253
f 37/174/174 207/230/229 182/175/175
f 208/1328/253 39/1285/1018 209/1329/242
f 209/1329/242 40/1330/212 210/1331/214
f 212/217/216 42/1287/1020 43/218/217
f 41/214/213 42/1287/1020 211/232/231
f 215/221/220 180/170/170 17/169/169
f 177/177/177 178/234/233 44/216/215
f 8/184/184 213/219/218 184/185/185
f 180/170/170 214/1332/248 195/198/197
f 217/222/221 21/199/198 22/223/222
f 198/200/199 21/199/198 216/1333/255
f 227/244/241 186/1334/190 199/242/201
f 181/172/172 218/224/223 199/202/201
f 200/204/203 27/203/202 219/226/225
f 31/206/205 220/227/226 203/207/206
f 204/210/209 33/209/208 221/229/228
f 182/175/175 222/231/230 206/212/211
f 210/215/214 41/214/213 223/233/232
f 212/217/216 44/216/215 171/235/234
f 190/195/194 185/188/188 224/238/237
f 193/241/240 225/240/239 192/257/247
f 217/222/221 186/190/190 226/1335/256
f 238/282/258 206/1336/211 239/49/49
f 208/271/253 209/245/242 228/247/243
f 179/274/254 178/275/233 172/276/235
f 183/249/182 229/83/83 172/276/235
f 188/250/245 230/79/79 187/248/244
f 189/251/193 184/252/185 231/75/75
f 213/253/218 190/256/194 232/255/246
f 191/258/236 233/68/68 224/254/237
f 194/239/238 195/261/197 234/260/249
f 197/262/250 235/19/19 196/277/219
f 218/243/223 236/31/31 227/244/241
f 202/281/257 203/267/206 237/266/251
f 221/283/228 205/1337/227 238/282/258
f 239/49/49 222/268/230 240/51/51
f 249/13/13 215/1338/220 250/15/15
f 207/269/229 208/271/253 241/270/252
f 211/284/231 212/272/216 242/65/65
f 179/274/254 172/276/235 173/85/85
f 229/83/83 187/248/244 243/81/81
f 189/251/193 244/77/77 230/79/79
f 213/253/218 245/73/73 231/75/75
f 224/254/237 246/69/69 232/255/246
f 192/257/247 247/3/3 233/68/68
f 225/240/239 194/239/238 248/9/9
f 214/259/248 249/13/13 234/260/249
f 250/15/15 196/277/219 251/17/17
f 252/21/21 216/279/255 253/23/23
f 235/19/19 198/263/199 252/21/21
f 256/35/35 200/264/203 219/1339/225
f 226/280/256 254/27/27 217/278/221
f 236/31/31 200/264/203 255/33/33
f 256/35/35 201/1340/224 257/37/37
f 257/37/37 202/281/257 258/39/39
f 260/45/45 220/265/226 204/1341/209
f 237/266/251 220/265/226 259/43/43
f 261/46/46 204/1341/209 221/283/228
f 264/61/61 210/246/214 223/1342/232
f 207/269/229 262/53/53 240/51/51
f 228/247/243 210/246/214 263/59/59
f 264/61/61 211/284/231 265/63/63
f 271/55/55 228/247/243 272/57/57
f 247/3/3 225/240/239 266/7/7
f 248/9/9 234/260/249 267/11/11
f 253/23/23 217/278/221 268/25/25
f 254/27/27 227/244/241 269/29/29
f 258/39/39 237/266/251 270/41/41
f 262/53/53 241/270/252 271/55/55
f 77/64/64 281/1343/1046 273/1344/1047
f 242/65/65 171/273/234 174/66/66
f 232/255/246 175/71/71 245/73/73
f 261/46/46 238/282/258 176/4/4
f 73/78/78 72/76/76 283/285/259
f 68/48/48 284/287/261 69/70/70
f 54/32/32 53/34/34 286/288/262
f 78/62/62 77/64/64 287/305/279
f 281/1343/1046 280/67/67 76/84/84
f 74/80/80 288/289/263 75/82/82
f 67/1/1 289/290/264 45/2/2
f 62/16/16 290/291/265 63/14/14
f 59/22/22 291/292/266 60/20/20
f 50/40/40 292/293/267 51/38/38
f 82/54/54 293/294/268 83/52/52
f 77/64/64 273/1344/1047 287/305/279
f 296/308/282 70/72/72 297/297/271
f 76/84/84 75/82/82 294/295/269
f 73/78/78 295/296/270 288/289/263
f 71/74/74 296/308/282 283/285/259
f 299/1345/305 66/8/8 65/10/10
f 289/290/264 66/8/8 298/1346/307
f 300/322/296 65/10/10 64/12/12
f 301/298/272 64/12/12 63/14/14
f 303/299/273 61/18/18 60/20/20
f 290/291/265 61/18/18 302/325/299
f 305/312/286 55/30/30 306/1347/310
f 58/24/24 304/300/274 291/292/266
f 56/28/28 305/312/286 57/26/26
f 306/1347/310 54/32/32 307/301/275
f 309/302/276 52/36/36 51/38/38
f 52/36/36 308/314/288 286/288/262
f 310/1348/312 48/44/44 311/1349/313
f 49/42/42 310/1348/312 292/293/267
f 312/303/277 48/44/44 47/6/6
f 313/316/290 84/50/50 314/1350/328
f 85/47/47 313/316/290 46/5/5
f 315/304/278 84/50/50 83/52/52
f 317/1351/318 80/58/58 79/60/60
f 80/58/58 316/318/292 81/56/56
f 317/1351/318 78/62/62 318/306/280
f 274/307/281 281/1343/1046 76/84/84
f 322/311/285 285/286/260 45/2/2
f 283/285/259 319/309/283 295/296/270
f 297/297/271 69/70/70 320/310/284
f 285/286/260 321/1352/303 284/287/261
f 327/319/293 293/294/268 81/56/56
f 57/26/26 323/313/287 304/300/274
f 286/288/262 324/315/289 307/301/275
f 312/303/277 46/5/5 325/317/291
f 293/294/268 326/1353/315 315/304/278
f 275/1354/333 287/305/279 273/1344/1047
f 287/305/279 328/1355/332 318/306/280
f 275/1354/333 281/1343/1046 282/1356/1048
f 338/337/306 289/1357/264 298/338/307
f 288/289/263 295/296/270 329/320/294
f 297/297/271 330/321/295 296/308/282
f 299/1345/305 300/322/296 331/323/297
f 302/325/299 332/324/298 290/291/265
f 308/314/288 309/302/276 333/326/300
f 274/384/281 294/329/269 334/328/301
f 319/360/283 296/332/282 335/331/302
f 320/362/284 284/335/261 336/334/304
f 289/1357/264 337/364/322 322/363/285
f 339/1358/339 290/291/265 340/1359/308
f 331/366/297 301/1360/272 339/390/339
f 344/350/314 292/1361/267 310/348/312
f 303/369/273 291/344/266 341/343/309
f 323/370/287 305/345/286 342/347/311
f 333/393/300 292/1361/267 343/394/342
f 347/355/317 316/1362/292 317/356/318
f 315/353/278 345/352/316 314/375/328
f 316/1363/292 346/1364/330 327/1365/293
f 352/365/323 321/333/303 322/363/285
f 334/328/301 288/327/263 348/358/319
f 319/1366/283 349/385/320 329/357/294
f 320/362/284 350/361/321 330/330/295
f 336/334/304 321/333/303 351/1291/1024
f 356/1294/1027 307/1367/275 357/1296/1029
f 338/337/306 299/336/305 353/367/324
f 303/369/273 354/368/325 332/339/298
f 341/343/309 304/342/274 355/371/326
f 306/346/310 356/1294/1027 342/347/311
f 358/1298/1031 307/1367/275 324/1368/289
f 359/1300/327 324/1368/289 308/1369/288
f 360/1303/1033 312/1370/277 361/1305/1035
f 311/349/313 360/1303/1033 344/350/314
f 361/1305/1035 325/1371/291 362/1307/1037
f 362/1307/1037 313/1372/290 363/1309/1039
f 363/1309/1039 314/375/328 364/376/329
f 366/1313/331 326/351/315 327/1373/293
f 345/352/316 326/351/315 365/1311/1041
f 368/382/334 318/354/280 328/380/332
f 347/355/317 318/354/280 367/1315/1043
f 276/383/335 282/1374/1048 274/384/281
f 372/389/338 331/366/297 339/390/339
f 348/358/319 329/357/294 369/386/336
f 330/330/295 370/387/337 335/331/302
f 353/367/324 331/366/297 371/1293/1026
f 277/1317/1045 282/1374/1048 127/1289/1022
f 340/340/308 332/339/298 373/391/340
f 355/371/326 323/370/287 374/392/341
f 359/1300/327 333/1375/300 375/1301/343
f 368/382/334 275/381/333 277/1317/1045
f 392/414/362 90/126/126 393/403/351
f 337/364/322 338/337/306 278/396/344
f 354/368/325 341/343/309 279/397/345
f 383/406/354 382/148/148 116/167/167
f 110/155/155 109/152/152 385/409/357
f 109/152/152 386/398/346 385/409/357
f 125/91/91 388/416/364 88/130/130
f 108/150/150 389/400/348 386/398/346
f 105/96/96 390/401/349 106/94/94
f 96/114/114 391/402/350 97/112/112
f 91/124/124 392/414/362 92/122/122
f 396/405/353 122/137/137 121/139/139
f 125/91/91 394/404/352 388/416/364
f 122/137/137 395/418/366 123/135/135
f 397/422/370 113/161/161 398/1376/1049
f 382/148/148 376/436/384 117/147/147
f 383/406/354 376/436/384 382/148/148
f 114/163/163 397/422/370 115/165/165
f 399/408/356 113/161/161 112/159/159
f 401/439/387 107/92/92 402/441/389
f 111/157/157 110/155/155 400/410/358
f 86/86/86 401/439/387 389/400/348
f 402/441/389 106/94/94 403/411/359
f 405/1377/403 104/98/98 103/100/100
f 390/401/349 104/98/98 404/426/374
f 405/1377/403 102/102/102 406/445/393
f 406/445/393 101/104/104 407/443/391
f 407/443/391 100/106/106 408/412/360
f 410/430/378 93/120/120 411/1378/405
f 99/108/108 98/110/110 409/413/361
f 94/118/118 410/430/378 95/116/116
f 412/415/363 93/120/120 92/122/122
f 415/455/399 119/143/143 416/1379/409
f 88/130/130 413/417/365 89/129/129
f 124/133/133 123/135/135 414/419/367
f 120/141/141 415/455/399 396/405/353
f 417/420/368 119/143/143 118/145/145
f 421/425/373 385/409/357 386/398/346
f 377/407/355 115/165/165 418/423/371
f 111/157/157 419/424/372 399/408/356
f 385/409/357 420/1380/401 400/410/358
f 427/432/380 387/399/347 89/129/129
f 390/401/349 422/427/375 403/411/359
f 99/108/108 423/428/376 408/412/360
f 409/413/361 97/112/112 424/429/377
f 391/402/350 95/116/116 425/431/379
f 387/399/347 426/1381/407 393/403/351
f 446/501/424 397/1382/370 447/1258/996
f 388/416/364 428/433/381 413/417/365
f 124/133/133 429/434/382 394/404/352
f 395/418/366 430/435/383 414/419/367
f 117/147/147 431/437/385 417/420/368
f 383/406/354 384/421/369 376/436/384
f 384/421/369 377/407/355 378/438/386
f 389/400/348 432/440/388 421/425/373
f 401/439/387 402/441/389 433/442/390
f 405/1377/403 406/445/393 434/444/392
f 423/489/376 409/448/361 435/447/394
f 391/402/350 436/449/395 424/429/377
f 412/415/363 392/414/362 437/450/396
f 427/495/380 413/451/365 438/453/397
f 394/404/352 439/454/398 428/433/381
f 396/405/353 440/456/400 430/435/383
f 419/504/372 400/459/358 441/458/402
f 422/484/375 404/462/374 442/461/404
f 411/463/405 443/465/406 410/490/378
f 437/493/396 393/466/351 444/468/408
f 416/469/409 445/471/410 415/497/399
f 376/1383/384 379/499/422 431/498/385
f 384/472/369 379/499/422 376/1383/384
f 378/473/386 418/1384/371 446/501/424
f 448/1259/997 397/1382/370 398/1385/1049
f 448/1259/997 399/477/356 449/476/412
f 452/482/414 432/1386/388 401/480/387
f 441/458/402 420/457/401 450/479/413
f 421/478/373 432/1386/388 451/505/427
f 453/507/429 422/484/375 454/483/415
f 433/481/390 403/1387/359 453/507/429
f 456/509/431 408/1388/360 457/1269/1004
f 442/461/404 405/460/403 455/1265/416
f 434/486/392 407/1389/391 456/509/431
f 458/488/417 408/1388/360 423/489/376
f 459/511/433 425/1390/379 460/1271/1006
f 436/1391/395 459/511/433 424/446/377
f 461/491/418 425/1390/379 410/490/378
f 462/1272/1007 437/1392/396 463/1393/419
f 443/465/406 412/464/363 462/1272/1007
f 464/1276/1010 427/495/380 465/494/420
f 426/467/407 464/1276/1010 444/468/408
f 466/513/435 439/1394/398 467/1277/1011
f 428/452/381 466/513/435 438/453/397
f 467/1277/1011 429/1395/382 468/1279/1013
f 469/1280/1014 429/1395/382 414/1396/367
f 470/1281/1015 414/1396/367 430/1397/383
f 471/1282/1016 430/1397/383 440/1398/400
f 472/1284/421 440/1398/400 415/1399/399
f 473/1286/1019 431/498/385 474/500/423
f 417/470/368 473/1286/1019 445/471/410
f 480/512/434 435/447/394 424/446/377
f 2/474/411 378/473/386 380/502/425
f 449/476/412 419/475/372 475/1261/426
f 450/479/413 421/478/373 476/506/428
f 433/481/390 477/508/430 452/482/414
f 455/487/416 434/486/392 478/510/432
f 458/488/417 435/447/394 479/1270/1005
f 126/531/453 491/1400/1050 490/1288/1021
f 465/494/420 438/453/397 481/514/436
f 475/503/426 441/458/402 381/515/437
f 128/516/438 493/518/440 126/531/453
f 132/1401/443 494/1402/442 131/1403/456
f 141/542/464 142/522/444 495/524/446
f 146/525/447 496/527/449 145/544/466
f 166/530/452 497/529/451 165/552/474
f 169/1316/1044 491/1400/1050 483/572/491
f 130/533/455 498/535/457 129/517/439
f 494/520/442 133/519/441 499/537/459
f 137/559/479 138/538/460 500/540/462
f 141/542/464 501/541/463 140/561/481
f 144/543/465 502/545/467 143/578/445
f 148/546/468 503/548/470 147/526/448
f 154/1302/473 504/565/472 153/564/484
f 164/571/490 165/552/474 505/553/475
f 169/1316/1044 483/572/491 168/574/493
f 509/1404/519 134/536/458 135/1290/1023
f 129/517/439 506/554/476 493/518/440
f 498/535/457 131/534/456 507/1405/477
f 499/537/459 134/536/458 508/1406/509
f 509/1404/519 136/1292/1025 510/1407/522
f 510/1407/522 137/559/479 511/558/478
f 516/1408/525 150/1295/1028 151/1297/1030
f 140/561/481 512/560/480 139/539/461
f 502/545/467 145/544/466 513/562/482
f 147/526/448 514/563/483 496/527/449
f 149/547/469 150/1295/1028 515/581/499
f 516/1408/525 152/1299/1032 517/1409/524
f 517/1409/524 153/564/484 518/566/485
f 519/583/501 158/1306/1036 520/1410/526
f 156/585/503 157/1304/1034 519/583/501
f 521/1411/1051 158/1306/1036 159/1308/1038
f 522/1412/1052 159/1308/1038 160/1310/1040
f 523/568/487 160/1310/1040 161/569/488
f 524/586/504 164/1314/490 525/1413/489
f 163/1312/1042 524/586/504 162/567/486
f 526/588/506 168/574/493 527/573/492
f 167/528/450 526/588/506 497/529/451
f 532/1414/497 495/1415/446 143/1416/445
f 493/518/440 528/575/494 482/532/454
f 494/1417/442 529/613/495 507/590/477
f 139/539/461 530/577/496 500/540/462
f 495/524/446 531/1418/512 501/541/463
f 535/1419/515 156/585/503 536/584/502
f 496/527/449 533/580/498 513/562/482
f 149/547/469 534/582/500 503/548/470
f 155/549/471 535/1419/515 504/550/472
f 541/616/520 500/596/462 542/598/511
f 523/568/487 162/567/486 537/587/505
f 497/529/451 538/589/507 505/553/475
f 498/592/457 539/591/508 506/1420/476
f 529/613/495 499/593/459 540/595/510
f 511/1421/478 541/616/520 510/618/522
f 482/611/454 492/634/528 491/1422/1050
f 501/601/463 543/600/513 512/1423/480
f 532/1414/497 502/602/467 544/604/514
f 504/605/472 545/607/516 518/621/485
f 537/631/505 524/608/504 546/610/517
f 553/632/527 483/1424/491 485/1425/1053
f 539/591/508 507/590/477 547/614/518
f 508/594/509 548/153/153 540/595/510
f 509/615/519 510/618/522 549/617/521
f 514/627/483 503/619/470 550/111/111
f 516/628/525 517/623/524 551/622/523
f 525/609/489 505/624/475 552/140/140
f 526/633/506 527/1426/492 553/632/527
f 483/1424/491 492/634/528 485/1425/1053
f 555/160/160 506/1420/476 539/591/508
f 506/1420/476 554/162/162 528/612/494
f 557/154/154 529/613/495 540/595/510
f 547/614/518 529/613/495 556/156/156
f 560/95/95 543/600/513 561/97/97
f 548/153/153 509/615/519 558/151/151
f 542/598/511 559/88/88 541/616/520
f 512/1423/480 560/95/95 530/597/496
f 561/97/97 531/599/512 562/99/99
f 562/99/99 532/1414/497 563/101/101
f 563/101/101 544/604/514 564/103/103
f 564/103/103 513/603/482 565/105/105
f 568/115/115 534/620/500 515/1427/499
f 533/626/498 514/627/483 566/109/109
f 534/620/500 567/113/113 550/111/111
f 569/117/117 515/1427/499 516/628/525
f 570/121/121 545/607/516 571/123/123
f 551/622/523 518/621/485 570/121/121
f 573/128/128 536/1428/502 519/630/501
f 535/606/515 536/1428/502 572/127/127
f 575/131/131 521/1429/1051 522/1430/1052
f 521/1429/1051 574/90/90 520/629/526
f 576/132/132 522/1430/1052 523/1431/487
f 576/132/132 537/631/505 577/134/134
f 580/144/144 538/625/507 526/633/506
f 546/610/517 525/609/489 578/138/138
f 538/625/507 579/142/142 552/140/140
f 489/146/146 492/634/528 87/149/149
f 484/166/166 528/612/494 581/164/164
f 549/617/521 541/616/520 487/87/87
f 530/597/496 582/93/93 559/88/88
f 565/105/105 533/626/498 583/107/107
f 571/123/123 535/606/515 584/125/125
f 573/128/128 520/629/526 585/89/89
f 577/134/134 546/610/517 586/136/136
f 553/632/527 485/1425/1053 489/146/146
f 632/1004/823 631/905/764 809/1432/1054
f 547/614/518 486/158/158 555/160/160
f 549/617/521 487/87/87 558/151/151
f 551/622/523 488/119/119 569/117/117
f 553/632/527 489/146/146 580/144/144
f 880/975/810 631/905/764 851/1433/794
f 871/958/802 633/906/765 880/975/810
f 854/957/786 634/1434/783 871/958/802
f 872/1435/803 635/1436/766 854/957/786
f 881/1437/1055 636/1438/767 872/1439/803
f 882/978/812 637/880/747 881/1437/1055
f 855/977/811 638/878/746 882/978/812
f 856/1440/1056 639/881/748 855/977/811
f 857/1441/787 640/882/749 856/1440/1056
f 883/981/814 641/884/750 857/1441/787
f 864/980/813 642/885/751 883/981/814
f 865/1442/795 643/1443/780 864/980/813
f 873/962/804 644/1444/1057 865/1442/795
f 858/961/788 645/887/752 873/962/804
f 884/1445/1058 646/888/753 858/961/788
f 885/1446/815 647/1447/768 884/1445/1058
f 859/983/789 648/1448/769 885/984/815
f 886/1449/1059 649/912/770 859/983/789
f 887/988/816 650/913/771 886/1449/1059
f 860/987/790 651/1450/784 887/988/816
f 888/990/817 652/890/754 860/987/790
f 866/989/796 653/891/755 888/990/817
f 874/966/805 654/1451/785 866/989/796
f 889/993/818 655/1452/782 874/966/805
f 867/992/797 656/1453/781 889/993/818
f 875/1454/1060 657/1455/1061 867/992/797
f 876/1456/806 658/893/756 875/1454/1060
f 890/995/819 659/1457/757 876/1458/806
f 861/994/791 660/917/773 890/995/819
f 868/1459/798 661/915/772 861/994/791
f 891/1460/1062 662/919/774 868/1459/798
f 892/997/820 663/898/759 891/1460/1062
f 877/970/807 664/896/758 892/997/820
f 869/969/799 665/899/760 877/970/807
f 878/972/808 666/900/761 869/969/799
f 893/1000/821 667/921/775 878/972/808
f 862/999/792 668/902/762 893/1000/821
f 879/1461/809 669/1462/763 862/1463/792
f 870/1464/800 670/924/777 879/1461/809
f 894/1002/822 671/922/776 870/1464/800
f 863/1001/793 672/925/778 894/1002/822
f 852/1005/801 673/926/779 863/1001/793
f 674/1465/1063 632/1004/823 809/1432/1054
f 895/1466/824 765/1467/1064 719/1468/834
f 720/1469/743 929/1036/848 721/811/705
f 721/811/705 910/1035/835 722/812/706
f 722/812/706 922/1470/843 723/1471/725
f 723/1471/725 911/1472/836 724/1473/726
f 724/1473/726 930/1474/849 725/1475/708
f 725/816/708 898/1038/825 726/814/707
f 726/814/707 912/1476/837 727/1477/735
f 727/1477/735 899/1478/826 728/1479/734
f 728/1479/734 931/1043/851 729/1480/1065
f 729/1480/1065 913/1042/850 730/819/710
f 730/819/710 914/1481/838 731/817/709
f 731/817/709 932/1045/852 732/820/711
f 733/821/712 932/1045/852 900/1044/827
f 733/821/712 933/1048/854 734/823/713
f 734/823/713 923/1047/853 735/824/714
f 735/1482/714 924/1483/1066 736/826/715
f 736/826/715 925/1029/844 737/827/716
f 737/827/716 901/1028/828 738/843/727
f 738/843/727 915/1484/839 739/845/728
f 740/846/729 915/1484/839 926/1031/845
f 741/1485/736 926/1031/845 934/1486/1067
f 741/1485/736 935/1051/855 742/829/717
f 742/829/717 902/1050/829 743/830/718
f 743/830/718 916/1487/840 744/1488/737
f 744/1488/737 936/1055/857 745/834/720
f 746/832/719 936/1055/857 903/1054/856
f 746/1489/719 904/1490/830 747/1491/744
f 747/1491/744 937/1058/859 748/837/722
f 749/835/721 937/1058/859 905/1057/858
f 749/835/721 906/1492/831 750/848/730
f 750/848/730 917/1493/1068 751/849/731
f 751/849/731 918/1494/1069 752/1495/738
f 752/1495/738 919/1496/1070 753/1497/739
f 753/1497/739 920/1498/841 754/1499/740
f 754/1499/740 927/1500/1071 755/851/732
f 755/851/732 928/1501/847 756/852/733
f 756/852/733 907/1502/846 757/1503/741
f 757/1503/741 908/1504/832 758/1505/745
f 758/1506/745 938/1060/860 759/838/723
f 759/838/723 921/1059/842 760/839/724
f 760/839/724 909/1507/833 761/1508/742
f 761/1508/742 896/1509/1072 762/1510/1073
f 762/1510/1073 719/1468/834 765/1467/1064
f 768/1511/615 730/819/710 769/818/616
f 721/811/705 766/813/599 720/1469/743
f 725/816/708 767/815/607 724/1512/726
f 729/1480/1065 768/1511/615 728/1479/734
f 762/1513/1073 588/635/529 763/641/535
f 732/820/711 770/822/593 731/817/709
f 733/821/712 734/823/713 771/825/589
f 735/1482/714 736/826/715 772/828/585
f 741/1485/736 742/829/717 773/831/574
f 745/834/720 774/833/569 744/1488/737
f 748/837/722 775/836/563 747/1491/744
f 758/1506/745 759/838/723 776/840/541
f 722/812/706 723/1471/725 777/1514/603
f 737/1515/716 778/689/583 772/691/585
f 739/845/728 779/847/579 738/843/727
f 749/835/721 750/848/730 780/850/559
f 755/851/732 781/853/549 754/1499/740
f 588/635/529 765/1516/1064 720/870/743
f 766/705/599 722/854/706 782/707/601
f 777/709/603 724/842/726 783/711/605
f 726/871/707 727/856/735 784/717/611
f 769/722/616 731/857/709 785/701/595
f 733/858/712 786/697/591 770/699/593
f 771/695/589 735/859/714 787/693/587
f 778/689/583 738/860/727 788/687/581
f 741/861/736 789/640/534 740/872/729
f 743/873/718 744/862/737 790/677/571
f 752/863/738 791/661/555 751/876/731
f 753/864/739 754/865/740 792/657/551
f 756/867/733 793/653/547 781/655/549
f 776/647/541 760/869/724 794/645/539
f 762/1513/1073 763/641/535 761/868/742
f 799/673/567 747/874/744 800/671/565
f 588/635/529 720/870/743 764/703/597
f 726/871/707 795/715/609 767/713/607
f 784/717/611 728/855/734 796/719/613
f 740/872/729 797/683/577 779/685/579
f 773/680/574 743/873/718 798/679/573
f 774/675/569 746/1517/719 799/673/567
f 805/649/543 757/866/741 758/877/745
f 775/669/563 749/875/721 801/667/561
f 780/665/559 751/876/731 802/663/557
f 791/661/555 753/864/739 803/659/553
f 793/653/547 757/866/741 804/651/545
f 814/889/632 644/1444/1057 645/887/752
f 794/645/539 761/868/742 806/643/537
f 637/880/747 810/879/624 636/1438/767
f 638/878/746 639/881/748 811/883/626
f 641/884/750 812/886/628 640/882/749
f 644/1444/1057 813/1518/631 643/1443/780
f 816/1519/644 658/893/756 817/895/645
f 651/1450/784 652/890/754 815/892/639
f 657/1455/1061 816/1519/644 656/1453/781
f 807/907/618 809/1432/1054 631/905/764
f 663/898/759 818/897/650 662/919/774
f 664/896/758 665/899/760 819/901/652
f 667/921/775 668/902/762 820/904/655
f 822/1520/633 647/1447/768 823/1521/634
f 635/1436/766 821/1522/622 634/1434/783
f 646/888/753 822/1520/633 814/889/632
f 825/1523/646 660/917/773 826/916/647
f 649/1524/770 824/742/636 648/911/769
f 659/1525/757 825/752/646 817/751/645
f 830/763/657 669/1526/763 670/1527/777
f 661/915/772 662/919/774 827/918/649
f 667/921/775 828/920/654 666/900/761
f 820/904/655 669/903/763 829/1528/656
f 808/1529/660 809/1432/1054 675/1530/617
f 671/922/776 672/925/778 831/927/659
f 674/1465/1063 808/1529/660 673/926/779
f 836/736/630 642/1531/751 643/930/780
f 821/728/622 636/909/767 832/729/623
f 810/730/624 638/928/746 833/731/625
f 811/732/626 640/929/749 834/733/627
f 642/1531/751 835/735/629 812/734/628
f 843/727/621 633/1532/765 634/936/783
f 823/740/634 648/911/769 837/741/635
f 654/938/785 655/932/782 838/748/642
f 661/933/772 839/754/648 826/753/647
f 671/934/776 840/764/658 830/763/657
f 831/765/659 673/935/779 841/725/619
f 633/1532/765 842/726/620 807/724/618
f 844/743/637 651/937/784 845/744/638
f 824/742/636 650/1533/771 844/743/637
f 847/747/641 653/1534/755 654/938/785
f 815/745/639 653/1534/755 846/746/640
f 855/1535/811 622/718/612 856/1536/1056
f 838/748/642 656/931/781 848/749/643
f 818/756/650 664/939/758 849/757/651
f 819/758/652 666/940/761 850/759/653
f 628/706/600 627/708/602 854/941/786
f 623/716/610 855/1535/811 624/714/608
f 857/942/787 622/718/612 621/720/614
f 864/1537/813 618/698/592 865/950/795
f 617/696/590 616/694/588 858/943/788
f 613/688/582 859/944/789 614/690/584
f 610/681/575 860/945/790 611/684/578
f 602/666/560 861/946/791 603/668/562
f 594/650/544 862/947/792 595/652/546
f 591/644/538 590/642/536 863/948/793
f 619/700/594 864/1537/813 620/702/596
f 876/967/806 605/672/566 604/670/564
f 587/639/533 609/638/532 866/951/796
f 607/676/570 606/674/568 867/952/797
f 601/664/558 868/953/798 861/946/791
f 597/656/550 869/954/799 598/658/552
f 592/646/540 870/955/800 593/648/542
f 589/637/531 852/956/801 863/948/793
f 628/959/600 871/958/802 629/976/598
f 854/941/786 626/710/604 872/960/803
f 865/1442/795 617/963/590 873/962/804
f 866/989/796 608/964/572 874/966/805
f 867/952/797 605/672/566 875/1538/1060
f 881/1437/1055 624/979/608 882/978/812
f 599/998/554 598/968/552 877/970/807
f 596/973/548 878/972/808 869/969/799
f 593/648/542 879/974/809 862/947/792
f 632/1004/823 853/1006/530 851/1433/794
f 629/976/598 880/975/810 851/1433/794
f 872/1439/803 625/1539/606 881/1437/1055
f 885/1446/815 615/1540/586 614/1541/584
f 857/1441/787 620/982/596 883/981/814
f 858/961/788 615/1540/586 884/1445/1058
f 887/988/816 612/1542/580 611/986/578
f 859/983/789 612/1542/580 886/1449/1059
f 892/997/820 600/1543/556 599/998/554
f 860/987/790 587/991/533 888/990/817
f 874/966/805 607/965/570 889/993/818
f 603/996/562 890/995/819 876/1458/806
f 868/1459/798 600/1543/556 891/1460/1062
f 904/1013/830 692/784/678 691/783/677
f 878/972/808 595/971/546 893/1000/821
f 870/1464/800 591/1003/538 894/1002/822
f 713/805/699 712/804/698 898/1008/825
f 710/802/696 899/1009/826 711/803/697
f 705/797/691 900/1010/827 706/798/692
f 700/792/686 901/1011/828 701/793/687
f 695/787/681 902/1012/829 696/788/682
f 692/784/678 903/1544/856 693/785/679
f 906/1014/831 689/781/675 688/780/674
f 689/781/675 905/1545/858 690/782/676
f 907/1033/846 680/772/666 908/1015/832
f 681/773/667 907/1033/846 682/774/668
f 913/1546/850 707/799/693 914/1021/838
f 677/768/662 909/1016/833 678/770/664
f 716/808/702 910/1018/835 717/809/703
f 714/806/700 911/1019/836 715/807/701
f 711/803/697 912/1020/837 898/1008/825
f 709/801/695 708/800/694 913/1546/850
f 918/1547/1069 687/779/673 686/778/672
f 699/791/685 915/1022/839 901/1011/828
f 694/786/680 916/1023/840 902/1012/829
f 687/779/673 917/1548/1068 906/1014/831
f 918/1547/1069 685/777/671 919/1549/1070
f 919/1549/1070 684/776/670 920/1024/841
f 896/1550/1072 897/769/663 719/1017/834
f 678/770/664 921/1025/842 679/771/665
f 909/1016/833 676/767/661 896/1550/1072
f 924/1551/1066 703/795/689 702/794/688
f 715/1552/701 922/1470/843 910/1035/835
f 704/796/690 703/795/689 923/1553/853
f 925/1554/844 702/794/688 701/793/687
f 928/1501/847 683/1555/669 682/1556/668
f 698/1032/684 926/1031/845 915/1484/839
f 920/1498/841 683/1555/669 927/1500/1071
f 934/1486/1067 696/1052/682 935/1051/855
f 895/1466/824 717/1037/703 929/1036/848
f 911/1019/836 713/805/699 930/1557/849
f 899/1478/826 709/1041/695 931/1043/851
f 914/1481/838 706/1046/692 932/1045/852
f 704/1049/690 933/1048/854 900/1044/827
f 697/1030/683 934/1486/1067 926/1031/845
f 1015/1152/931 994/1132/916 1010/1145/925
f 916/1487/840 693/1053/679 936/1055/857
f 904/1490/830 690/1056/676 937/1058/859
f 679/1061/665 938/1060/860 908/1558/832
f 966/1094/886 974/1170/941 949/1076/874
f 1030/1559/1074 1019/1167/940 1006/1142/923
f 1031/1560/1075 943/1179/948 1030/1559/1074
f 944/1174/944 945/1082/877 967/1106/895
f 1001/1129/911 996/1166/939 994/1132/916
f 951/1072/871 950/1071/870 953/1073/872
f 946/1074/873 947/1561/876 951/1075/871
f 959/1084/879 960/1083/878 961/1085/880
f 961/1085/880 960/1083/878 964/1088/883
f 964/1097/883 957/1164/882 965/1095/887
f 962/1093/881 961/1089/880 963/1091/884
f 963/1562/884 964/1097/883 955/1096/888
f 971/1100/891 968/1099/890 972/1102/893
f 971/1154/891 972/1563/893 974/1170/941
f 972/1563/893 973/1564/894 974/1170/941
f 983/1565/901 980/1195/960 984/1566/899
f 980/1195/960 981/1198/962 984/1566/899
f 975/1173/943 976/1109/898 979/1108/897
f 979/1108/897 982/1107/896 984/1110/899
f 977/1171/942 983/1192/901 982/1567/896
f 989/1568/904 991/1120/905 990/1122/909
f 991/1569/905 986/1117/903 992/1119/907
f 991/1120/905 992/1158/907 993/1121/908
f 992/1119/907 987/1118/906 988/1207/971
f 995/1062/861 999/1123/910 998/1570/1076
f 998/1570/1076 999/1123/910 1000/1125/912
f 1024/1571/1077 1021/1151/929 1016/1153/932
f 1000/1126/912 1003/1572/915 1002/1127/913
f 1008/1573/1078 1012/1141/920 1007/1140/922
f 1008/1574/1078 1009/1134/918 1012/1136/920
f 1022/1150/930 1021/1149/929 1023/1575/1079
f 1022/1181/930 1023/1576/1079 1019/1167/940
f 1021/1151/929 1018/1168/927 1015/1152/931
f 979/1108/897 974/1170/941 975/1173/943
f 1023/1576/1079 1024/1577/1077 1019/1167/940
f 954/1067/866 956/1066/865 959/1084/879
f 953/1073/872 954/1067/866 959/1084/879
f 953/1073/872 959/1084/879 962/1086/881
f 1026/1156/934 986/1114/903 1025/1157/935
f 971/1100/891 978/1578/900 984/1566/899
f 970/1098/889 971/1100/891 984/1566/899
f 970/1098/889 984/1566/899 981/1198/962
f 988/1207/971 1003/1572/915 992/1119/907
f 1079/1248/993 1075/1155/933 1025/1157/935
f 986/1114/903 985/1113/902 1025/1157/935
f 1074/1209/972 1079/1248/993 1025/1157/935
f 988/1207/971 987/1118/906 1026/1208/934
f 1075/1247/933 1076/1203/967 1026/1208/934
f 1004/1133/917 993/1121/908 992/1158/907
f 1027/1159/936 956/1066/865 940/1065/864
f 988/1207/971 997/1128/914 1002/1127/913
f 995/1062/861 998/1570/1076 939/1063/862
f 1011/1138/919 995/1062/861 1014/1069/868
f 998/1570/1076 1000/1125/912 939/1063/862
f 939/1063/862 1028/1160/937 1027/1159/936
f 965/1095/887 1027/1161/936 1029/1163/938
f 1030/1579/1074 1013/1139/921 942/1068/867
f 954/1067/866 950/1071/870 941/1064/863
f 1013/1139/921 1014/1069/868 942/1068/867
f 950/1071/870 952/1070/869 941/1064/863
f 1031/1580/1075 942/1068/867 941/1064/863
f 1024/1577/1077 1007/1140/922 1019/1167/940
f 952/1070/869 1031/1580/1075 941/1064/863
f 952/1081/869 945/1082/877 1031/1560/1075
f 1016/1153/932 1008/1574/1078 1024/1571/1077
f 1017/1146/926 989/1115/904 1018/1147/927
f 973/1564/894 946/1074/873 974/1170/941
f 1038/1196/959 1041/1200/964 1039/1197/961
f 948/1078/875 973/1104/894 967/1106/895
f 967/1106/895 945/1082/877 948/1078/875
f 955/1096/888 977/1171/942 982/1567/896
f 963/1091/884 982/1107/896 976/1109/898
f 944/1581/944 1033/1176/945 1032/1177/946
f 968/1099/890 970/1098/889 1033/1176/945
f 1040/1201/965 1067/1241/990 1038/1193/959
f 1046/1256/950 1036/1582/956 1037/1257/955
f 1044/1254/976 1045/1211/974 1047/1225/977
f 1048/1217/980 1051/1216/979 1043/1204/968
f 1053/1206/970 1056/1222/981 1054/1252/995
f 1056/1236/981 1052/1234/987 1054/1583/995
f 1061/1212/975 1060/1223/982 1059/1210/973
f 1067/1241/990 1042/1202/966 1065/1242/991
f 1066/1199/963 1041/1200/964 1068/1226/984
f 1041/1200/964 1067/1584/990 1069/1240/989
f 1068/1227/984 1069/1244/989 1064/1184/951
f 1069/1244/989 1065/1585/991 1070/1250/994
f 1069/1244/989 1070/1250/994 1071/1185/952
f 1078/1586/992 1075/1155/933 1073/1237/988
f 1073/1237/988 1079/1248/993 1074/1209/972
f 1058/1255/983 1060/1587/982 1044/1588/976
f 1058/1255/983 1044/1588/976 1046/1256/950
f 446/501/424 3/180/180 1/178/178
f 447/1258/996 4/181/181 3/180/180
f 448/1259/997 5/1260/998 4/181/181
f 449/476/412 6/192/192 5/1260/998
f 475/1261/426 7/1589/183 6/192/192
f 381/515/437 8/184/184 7/183/183
f 450/479/413 9/196/195 8/184/184
f 476/506/428 10/186/186 9/196/195
f 451/505/427 11/187/187 10/186/186
f 452/482/414 12/1262/999 11/187/187
f 477/508/430 13/1264/1001 12/1262/999
f 477/508/430 453/507/429 14/1263/1000
f 454/483/415 15/197/196 14/1263/1000
f 442/461/404 16/168/168 15/197/196
f 455/1265/416 17/169/169 16/168/168
f 478/510/432 18/1268/1003 17/1266/169
f 478/510/432 456/509/431 19/1267/1002
f 457/1269/1004 20/201/200 19/1267/1002
f 458/488/417 21/199/198 20/201/200
f 458/488/417 479/1270/1005 22/223/222
f 480/512/434 23/191/191 22/223/222
f 459/511/433 24/189/189 23/191/191
f 459/511/433 460/1271/1006 25/173/173
f 461/491/418 26/171/171 25/173/173
f 461/491/418 443/465/406 27/203/202
f 462/1272/1007 28/1327/1008 27/203/202
f 463/492/419 29/1275/1009 28/1273/1008
f 444/468/408 30/205/204 29/1275/1009
f 464/1276/1010 31/206/205 30/205/204
f 464/1276/1010 465/494/420 32/208/207
f 481/514/436 33/209/208 32/208/207
f 466/513/435 34/1278/1012 33/209/208
f 467/1277/1011 35/211/210 34/1278/1012
f 468/1279/1013 36/176/176 35/211/210
f 469/1280/1014 37/174/174 36/176/176
f 470/1281/1015 38/1283/1017 37/174/174
f 471/1282/1016 39/1285/1018 38/1283/1017
f 472/1284/421 40/1330/212 39/1285/1018
f 445/471/410 41/214/213 40/213/212
f 473/1286/1019 42/1287/1020 41/214/213
f 474/500/423 43/218/217 42/1287/1020
f 379/499/422 44/216/215 43/218/217
f 44/216/215 379/499/422 2/474/411
f 276/383/335 126/531/453 490/1288/1021
f 128/516/438 126/531/453 276/383/335
f 128/516/438 334/328/301 348/358/319
f 129/517/439 348/358/319 369/386/336
f 130/533/455 369/386/336 349/385/320
f 132/521/443 131/1590/456 349/359/320
f 132/521/443 335/331/302 370/387/337
f 133/519/441 370/387/337 350/361/321
f 134/536/458 350/361/321 336/334/304
f 135/1290/1023 336/334/304 351/1291/1024
f 136/1292/1025 351/1291/1024 352/365/323
f 137/559/479 352/365/323 337/364/322
f 138/538/460 337/364/322 278/396/344
f 139/539/461 278/396/344 353/367/324
f 140/561/481 353/367/324 371/1293/1026
f 141/542/464 371/1293/1026 372/389/338
f 142/522/444 372/389/338 340/388/308
f 143/578/445 340/340/308 373/391/340
f 144/543/465 373/391/340 354/368/325
f 145/544/466 354/368/325 279/397/345
f 146/525/447 279/397/345 355/371/326
f 147/526/448 355/371/326 374/392/341
f 148/546/468 374/392/341 342/347/311
f 149/547/469 342/347/311 356/1294/1027
f 150/1295/1028 356/1294/1027 357/1296/1029
f 151/1297/1030 357/1296/1029 358/1298/1031
f 152/1299/1032 358/1298/1031 359/1300/327
f 153/564/484 359/1300/327 375/1301/343
f 154/551/473 375/395/343 343/394/342
f 155/549/471 343/394/342 344/350/314
f 156/585/503 344/350/314 360/1303/1033
f 157/1304/1034 360/1303/1033 361/1305/1035
f 158/1306/1036 361/1305/1035 362/1307/1037
f 159/1308/1038 362/1307/1037 363/1309/1039
f 160/1310/1040 363/1309/1039 364/376/329
f 161/569/488 364/376/329 345/352/316
f 162/567/486 345/352/316 365/1311/1041
f 163/1312/1042 365/1311/1041 366/1313/331
f 164/571/490 366/379/331 346/378/330
f 166/530/452 165/552/474 346/378/330
f 166/530/452 347/355/317 367/1315/1043
f 167/528/450 367/1315/1043 368/382/334
f 169/1316/1044 168/574/493 368/382/334
f 169/1316/1044 277/1317/1045 127/1289/1022
f 183/182/182 170/179/179 1/178/178
f 380/502/425 1/178/178 177/177/177
f 187/1318/244 4/181/181 5/1260/998
f 189/194/193 188/1319/245 5/1260/998
f 191/237/236 11/187/187 12/1262/999
f 192/1321/247 12/1262/999 13/1264/1001
f 193/1322/240 13/1264/1001 14/1263/1000
f 195/198/197 194/1323/238 14/1263/1000
f 196/1324/219 18/1268/1003 19/1267/1002
f 197/1325/250 19/1267/1002 20/201/200
f 202/1326/257 201/1591/224 28/1273/1008
f 203/207/206 202/1326/257 29/1275/1009
f 206/212/211 205/228/227 34/1278/1012
f 207/230/229 37/174/174 38/1283/1017
f 208/1328/253 38/1283/1017 39/1285/1018
f 209/1329/242 39/1285/1018 40/1330/212
f 212/217/216 211/232/231 42/1287/1020
f 215/221/220 214/1332/248 180/170/170
f 217/222/221 216/1333/255 21/199/198
f 227/244/241 226/280/256 186/1334/190
f 238/282/258 205/1337/227 206/1336/211
f 239/49/49 206/1336/211 222/268/230
f 249/13/13 214/259/248 215/1338/220
f 250/15/15 215/1338/220 196/277/219
f 252/21/21 198/263/199 216/279/255
f 256/35/35 255/33/33 200/264/203
f 256/35/35 219/1339/225 201/1340/224
f 257/37/37 201/1340/224 202/281/257
f 260/45/45 259/43/43 220/265/226
f 261/46/46 260/45/45 204/1341/209
f 264/61/61 263/59/59 210/246/214
f 264/61/61 223/1342/232 211/284/231
f 271/55/55 241/270/252 228/247/243
f 77/64/64 280/67/67 281/1343/1046
f 296/308/282 71/74/74 70/72/72
f 299/1345/305 298/1346/307 66/8/8
f 300/322/296 299/1345/305 65/10/10
f 301/298/272 300/322/296 64/12/12
f 303/299/273 302/325/299 61/18/18
f 305/312/286 56/28/28 55/30/30
f 306/1347/310 55/30/30 54/32/32
f 309/302/276 308/314/288 52/36/36
f 310/1348/312 49/42/42 48/44/44
f 312/303/277 311/1349/313 48/44/44
f 313/316/290 85/47/47 84/50/50
f 315/304/278 314/1350/328 84/50/50
f 317/1351/318 316/318/292 80/58/58
f 317/1351/318 79/60/60 78/62/62
f 274/307/281 282/1356/1048 281/1343/1046
f 322/311/285 321/1352/303 285/286/260
f 327/319/293 326/1353/315 293/294/268
f 275/1354/333 328/1355/332 287/305/279
f 275/1354/333 273/1344/1047 281/1343/1046
f 338/337/306 337/364/322 289/1357/264
f 339/1358/339 301/298/272 290/291/265
f 344/350/314 343/394/342 292/1361/267
f 347/355/317 346/378/330 316/1362/292
f 352/365/323 351/1291/1024 321/333/303
f 356/1294/1027 306/346/310 307/1367/275
f 358/1298/1031 357/1296/1029 307/1367/275
f 359/1300/327 358/1298/1031 324/1368/289
f 360/1303/1033 311/349/313 312/1370/277
f 361/1305/1035 312/1370/277 325/1371/291
f 362/1307/1037 325/1371/291 313/1372/290
f 363/1309/1039 313/1372/290 314/375/328
f 366/1313/331 365/1311/1041 326/351/315
f 368/382/334 367/1315/1043 318/354/280
f 276/383/335 127/1289/1022 282/1374/1048
f 372/389/338 371/1293/1026 331/366/297
f 277/1317/1045 275/381/333 282/1374/1048
f 392/414/362 91/124/124 90/126/126
f 396/405/353 395/418/366 122/137/137
f 397/422/370 114/163/163 113/161/161
f 399/408/356 398/1376/1049 113/161/161
f 401/439/387 86/86/86 107/92/92
f 402/441/389 107/92/92 106/94/94
f 405/1377/403 404/426/374 104/98/98
f 405/1377/403 103/100/100 102/102/102
f 406/445/393 102/102/102 101/104/104
f 407/443/391 101/104/104 100/106/106
f 410/430/378 94/118/118 93/120/120
f 412/415/363 411/1378/405 93/120/120
f 415/455/399 120/141/141 119/143/143
f 417/420/368 416/1379/409 119/143/143
f 421/425/373 420/1380/401 385/409/357
f 427/432/380 426/1381/407 387/399/347
f 446/501/424 418/1384/371 397/1382/370
f 448/1259/997 447/1258/996 397/1382/370
f 448/1259/997 398/1385/1049 399/477/356
f 452/482/414 451/505/427 432/1386/388
f 453/507/429 403/1387/359 422/484/375
f 456/509/431 407/1389/391 408/1388/360
f 458/488/417 457/1269/1004 408/1388/360
f 459/511/433 436/1391/395 425/1390/379
f 461/491/418 460/1271/1006 425/1390/379
f 462/1272/1007 412/464/363 437/1392/396
f 464/1276/1010 426/467/407 427/495/380
f 466/513/435 428/452/381 439/1394/398
f 467/1277/1011 439/1394/398 429/1395/382
f 469/1280/1014 468/1279/1013 429/1395/382
f 470/1281/1015 469/1280/1014 414/1396/367
f 471/1282/1016 470/1281/1015 430/1397/383
f 472/1284/421 471/1282/1016 440/1398/400
f 473/1286/1019 417/470/368 431/498/385
f 480/512/434 479/1270/1005 435/447/394
f 126/531/453 482/532/454 491/1400/1050
f 169/1316/1044 490/1288/1021 491/1400/1050
f 509/1404/519 508/1406/509 134/536/458
f 509/1404/519 135/1290/1023 136/1292/1025
f 510/1407/522 136/1292/1025 137/559/479
f 516/1408/525 515/581/499 150/1295/1028
f 516/1408/525 151/1297/1030 152/1299/1032
f 517/1409/524 152/1299/1032 153/564/484
f 519/583/501 157/1304/1034 158/1306/1036
f 521/1411/1051 520/1410/526 158/1306/1036
f 522/1412/1052 521/1411/1051 159/1308/1038
f 523/568/487 522/1412/1052 160/1310/1040
f 524/586/504 163/1312/1042 164/1314/490
f 526/588/506 167/528/450 168/574/493
f 532/1414/497 531/599/512 495/1415/446
f 535/1419/515 155/549/471 156/585/503
f 541/616/520 511/1421/478 500/596/462
f 482/611/454 484/166/166 492/634/528
f 553/632/527 527/1426/492 483/1424/491
f 483/1424/491 491/1422/1050 492/634/528
f 555/160/160 554/162/162 506/1420/476
f 557/154/154 556/156/156 529/613/495
f 560/95/95 512/1423/480 543/600/513
f 561/97/97 543/600/513 531/599/512
f 562/99/99 531/599/512 532/1414/497
f 563/101/101 532/1414/497 544/604/514
f 564/103/103 544/604/514 513/603/482
f 568/115/115 567/113/113 534/620/500
f 569/117/117 568/115/115 515/1427/499
f 570/121/121 518/621/485 545/607/516
f 573/128/128 572/127/127 536/1428/502
f 575/131/131 574/90/90 521/1429/1051
f 576/132/132 575/131/131 522/1430/1052
f 576/132/132 523/1431/487 537/631/505
f 580/144/144 579/142/142 538/625/507
f 489/146/146 485/1425/1053 492/634/528
f 632/1004/823 851/1433/794 631/905/764
f 880/975/810 633/906/765 631/905/764
f 871/958/802 634/1434/783 633/906/765
f 854/957/786 635/1436/766 634/1434/783
f 872/1435/803 636/1592/767 635/1436/766
f 881/1437/1055 637/880/747 636/1438/767
f 882/978/812 638/878/746 637/880/747
f 855/977/811 639/881/748 638/878/746
f 856/1440/1056 640/882/749 639/881/748
f 857/1441/787 641/884/750 640/882/749
f 883/981/814 642/885/751 641/884/750
f 864/980/813 643/1443/780 642/885/751
f 865/1442/795 644/1444/1057 643/1443/780
f 873/962/804 645/887/752 644/1444/1057
f 858/961/788 646/888/753 645/887/752
f 884/1445/1058 647/1447/768 646/888/753
f 885/1446/815 648/1593/769 647/1447/768
f 859/983/789 649/912/770 648/1448/769
f 886/1449/1059 650/913/771 649/912/770
f 887/988/816 651/1450/784 650/913/771
f 860/987/790 652/890/754 651/1450/784
f 888/990/817 653/891/755 652/890/754
f 866/989/796 654/1451/785 653/891/755
f 874/966/805 655/1452/782 654/1451/785
f 889/993/818 656/1453/781 655/1452/782
f 867/992/797 657/1455/1061 656/1453/781
f 875/1454/1060 658/893/756 657/1455/1061
f 876/1456/806 659/894/757 658/893/756
f 890/995/819 660/917/773 659/1457/757
f 861/994/791 661/915/772 660/917/773
f 868/1459/798 662/919/774 661/915/772
f 891/1460/1062 663/898/759 662/919/774
f 892/997/820 664/896/758 663/898/759
f 877/970/807 665/899/760 664/896/758
f 869/969/799 666/900/761 665/899/760
f 878/972/808 667/921/775 666/900/761
f 893/1000/821 668/902/762 667/921/775
f 862/999/792 669/903/763 668/902/762
f 879/1461/809 670/924/777 669/1462/763
f 870/1464/800 671/922/776 670/924/777
f 894/1002/822 672/925/778 671/922/776
f 863/1001/793 673/926/779 672/925/778
f 852/1005/801 674/1465/1063 673/926/779
f 674/1465/1063 852/1005/801 632/1004/823
f 895/1466/824 720/1469/743 765/1467/1064
f 720/1469/743 895/1466/824 929/1036/848
f 721/811/705 929/1036/848 910/1035/835
f 722/812/706 910/1035/835 922/1470/843
f 723/1471/725 922/1470/843 911/1472/836
f 724/1473/726 911/1472/836 930/1474/849
f 725/816/708 930/1039/849 898/1038/825
f 726/814/707 898/1038/825 912/1476/837
f 727/1477/735 912/1476/837 899/1478/826
f 728/1479/734 899/1478/826 931/1043/851
f 729/1480/1065 931/1043/851 913/1042/850
f 730/819/710 913/1042/850 914/1481/838
f 731/817/709 914/1481/838 932/1045/852
f 733/821/712 732/820/711 932/1045/852
f 733/821/712 900/1044/827 933/1048/854
f 734/823/713 933/1048/854 923/1047/853
f 735/1482/714 923/1594/853 924/1483/1066
f 736/826/715 924/1483/1066 925/1029/844
f 737/827/716 925/1029/844 901/1028/828
f 738/843/727 901/1028/828 915/1484/839
f 740/846/729 739/845/728 915/1484/839
f 741/1485/736 740/846/729 926/1031/845
f 741/1485/736 934/1486/1067 935/1051/855
f 742/829/717 935/1051/855 902/1050/829
f 743/830/718 902/1050/829 916/1487/840
f 744/1488/737 916/1487/840 936/1055/857
f 746/832/719 745/834/720 936/1055/857
f 746/1489/719 903/1595/856 904/1490/830
f 747/1491/744 904/1490/830 937/1058/859
f 749/835/721 748/837/722 937/1058/859
f 749/835/721 905/1057/858 906/1492/831
f 750/848/730 906/1492/831 917/1493/1068
f 751/849/731 917/1493/1068 918/1494/1069
f 752/1495/738 918/1494/1069 919/1496/1070
f 753/1497/739 919/1496/1070 920/1498/841
f 754/1499/740 920/1498/841 927/1500/1071
f 755/851/732 927/1500/1071 928/1501/847
f 756/852/733 928/1501/847 907/1502/846
f 757/1503/741 907/1502/846 908/1504/832
f 758/1506/745 908/1558/832 938/1060/860
f 759/838/723 938/1060/860 921/1059/842
f 760/839/724 921/1059/842 909/1507/833
f 761/1508/742 909/1507/833 896/1509/1072
f 762/1510/1073 896/1509/1072 719/1468/834
f 768/1511/615 729/1480/1065 730/819/710
f 762/1513/1073 765/1516/1064 588/635/529
f 799/673/567 746/1517/719 747/874/744
f 805/649/543 804/651/545 757/866/741
f 814/889/632 813/1518/631 644/1444/1057
f 816/1519/644 657/1455/1061 658/893/756
f 807/907/618 675/1530/617 809/1432/1054
f 822/1520/633 646/888/753 647/1447/768
f 825/1523/646 659/1457/757 660/917/773
f 830/763/657 829/762/656 669/1526/763
f 808/1529/660 674/1465/1063 809/1432/1054
f 836/736/630 835/735/629 642/1531/751
f 843/727/621 842/726/620 633/1532/765
f 844/743/637 650/1533/771 651/937/784
f 847/747/641 846/746/640 653/1534/755
f 855/1535/811 623/716/610 622/718/612
f 857/942/787 856/1536/1056 622/718/612
f 864/1537/813 619/700/594 618/698/592
f 876/967/806 875/1538/1060 605/672/566
f 881/1437/1055 625/1539/606 624/979/608
f 885/1446/815 884/1445/1058 615/1540/586
f 887/988/816 886/1449/1059 612/1542/580
f 892/997/820 891/1460/1062 600/1543/556
f 904/1013/830 903/1544/856 692/784/678
f 906/1014/831 905/1545/858 689/781/675
f 907/1033/846 681/773/667 680/772/666
f 913/1546/850 708/800/694 707/799/693
f 918/1547/1069 917/1548/1068 687/779/673
f 918/1547/1069 686/778/672 685/777/671
f 919/1549/1070 685/777/671 684/776/670
f 896/1550/1072 676/767/661 897/769/663
f 924/1551/1066 923/1553/853 703/795/689
f 925/1554/844 924/1551/1066 702/794/688
f 928/1501/847 927/1500/1071 683/1555/669
f 934/1486/1067 697/1030/683 696/1052/682
f 1015/1152/931 993/1121/908 994/1132/916
f 966/1094/886 975/1173/943 974/1170/941
f 1030/1559/1074 943/1179/948 1019/1167/940
f 1031/1560/1075 944/1174/944 943/1179/948
f 944/1174/944 1031/1560/1075 945/1082/877
f 1001/1129/911 999/1596/910 996/1166/939
f 1024/1571/1077 1023/1597/1079 1021/1151/929
f 979/1108/897 971/1154/891 974/1170/941
f 1026/1156/934 987/1598/906 986/1114/903
f 988/1207/971 1002/1127/913 1003/1572/915
f 1027/1159/936 960/1083/878 956/1066/865
f 1011/1138/919 999/1123/910 995/1062/861
f 1030/1579/1074 1006/1599/923 1013/1139/921
f 1031/1580/1075 1030/1579/1074 942/1068/867
f 1024/1577/1077 1008/1573/1078 1007/1140/922
f 1016/1153/932 1009/1134/918 1008/1574/1078
f 1017/1146/926 985/1113/902 989/1115/904
f 973/1564/894 947/1561/876 946/1074/873
f 1038/1196/959 1067/1584/990 1041/1200/964
f 1040/1201/965 1042/1202/966 1067/1241/990
f 1046/1256/950 1035/1600/949 1036/1582/956
