# Blender 4.0.0
# www.blender.org
o knob_front_right
v 0.37256150 -0.21801600 -0.00082300
v 0.37275250 -0.22078500 -0.00593700
v 0.37197450 -0.21532200 -0.00082800
v 0.37101050 -0.21275800 -0.00077400
v 0.36968650 -0.21033600 -0.00076800
v 0.36803150 -0.20812700 -0.00077400
v 0.36609750 -0.20618700 -0.00082300
v 0.36387950 -0.20454900 -0.00071200
v 0.36148150 -0.20322900 -0.00077400
v 0.35889950 -0.20226000 -0.00082300
v 0.35621650 -0.20168300 -0.00077400
v 0.35347250 -0.20148600 -0.00077400
v 0.35073750 -0.20168300 -0.00076900
v 0.34803950 -0.20226700 -0.00077200
v 0.34544550 -0.20323600 -0.00077400
v 0.34303650 -0.20454100 -0.00088200
v 0.34083350 -0.20621900 -0.00072000
v 0.33890750 -0.20813500 -0.00076900
v 0.33725550 -0.21033500 -0.00077900
v 0.33593350 -0.21275800 -0.00077400
v 0.33498050 -0.21535000 -0.00071400
v 0.33439250 -0.21802400 -0.00073400
v 0.33418450 -0.22076800 -0.00082800
v 0.33439050 -0.22352000 -0.00076900
v 0.33496050 -0.22620000 -0.00088500
v 0.33593150 -0.22876800 -0.00076900
v 0.33725650 -0.23118800 -0.00073400
v 0.33890750 -0.23340000 -0.00076800
v 0.34085950 -0.23535000 -0.00077400
v 0.34306350 -0.23699700 -0.00077400
v 0.34546750 -0.23829400 -0.00070700
v 0.34804850 -0.23927100 -0.00077900
v 0.35074050 -0.23984600 -0.00072900
v 0.35349050 -0.24004800 -0.00077400
v 0.35623350 -0.23984900 -0.00077400
v 0.35891150 -0.23927600 -0.00088500
v 0.36148150 -0.23830600 -0.00077400
v 0.36389550 -0.23698700 -0.00077400
v 0.36609850 -0.23533900 -0.00077400
v 0.36804850 -0.23338600 -0.00076800
v 0.36969150 -0.23117700 -0.00072900
v 0.37101750 -0.22876000 -0.00077400
v 0.37197550 -0.22619100 -0.00078300
v 0.37255050 -0.22349800 -0.00072900
v 0.35347150 -0.20371900 -0.00019000
v 0.35347150 -0.23781500 -0.00019000
v 0.35096950 -0.23768700 -0.00017800
v 0.34865650 -0.23716700 -0.00018100
v 0.34642850 -0.23634900 -0.00018000
v 0.34420150 -0.23519300 -0.00017400
v 0.34222450 -0.23364700 -0.00018000
v 0.34055450 -0.23196000 -0.00018100
v 0.33897850 -0.23004200 -0.00016900
v 0.33792450 -0.22786800 -0.00018100
v 0.33708350 -0.22564800 -0.00018000
v 0.33655550 -0.22326600 -0.00018000
v 0.33642650 -0.22083700 -0.00018900
v 0.33653650 -0.21839900 -0.00018000
v 0.33701950 -0.21593600 -0.00017400
v 0.33791050 -0.21366000 -0.00017900
v 0.33912250 -0.21146700 -0.00018000
v 0.34047050 -0.20957700 -0.00017400
v 0.34232350 -0.20780100 -0.00018000
v 0.34428250 -0.20634600 -0.00018000
v 0.34642850 -0.20518500 -0.00018000
v 0.34871750 -0.20434200 -0.00018000
v 0.35103150 -0.20379400 -0.00017400
v 0.35714150 -0.20390000 -0.00016900
v 0.36061650 -0.20529200 -0.00018900
v 0.36266150 -0.20634600 -0.00018000
v 0.36462050 -0.20780100 -0.00018000
v 0.36647850 -0.20949700 -0.00016900
v 0.36782150 -0.21146700 -0.00018000
v 0.36906950 -0.21364400 -0.00017400
v 0.36989750 -0.21601300 -0.00018000
v 0.37035150 -0.21834000 -0.00018800
v 0.37036050 -0.22385400 -0.00017500
v 0.36901950 -0.22786800 -0.00018100
v 0.36786350 -0.23001600 -0.00017900
v 0.36638950 -0.23196000 -0.00018100
v 0.36463950 -0.23365500 -0.00018800
v 0.36274250 -0.23519200 -0.00017400
v 0.36051550 -0.23634900 -0.00018000
v 0.35828750 -0.23716700 -0.00018100
v 0.35597050 -0.23768300 -0.00018000
v 0.35354050 -0.20208600 -0.00653300
v 0.37063550 -0.22076800 -0.00654000
v 0.35075050 -0.23925900 -0.00653000
v 0.34819450 -0.23874000 -0.00652400
v 0.34404150 -0.23685700 -0.00654100
v 0.34122750 -0.23481100 -0.00653800
v 0.33939350 -0.23305300 -0.00653200
v 0.33774650 -0.23087300 -0.00653100
v 0.33644750 -0.22846900 -0.00653200
v 0.33551050 -0.22611400 -0.00652300
v 0.33502350 -0.22342000 -0.00653800
v 0.33473150 -0.22083700 -0.00652300
v 0.33496750 -0.21817300 -0.00653200
v 0.33551050 -0.21542000 -0.00652300
v 0.33646850 -0.21300200 -0.00653100
v 0.33778850 -0.21061000 -0.00653200
v 0.33939350 -0.20848100 -0.00653200
v 0.34124050 -0.20665100 -0.00653300
v 0.34331450 -0.20508400 -0.00653200
v 0.34572950 -0.20381400 -0.00653800
v 0.34820550 -0.20283100 -0.00653100
v 0.35087750 -0.20226200 -0.00653200
v 0.35612450 -0.20231900 -0.00653800
v 0.35978550 -0.20324900 -0.00654300
v 0.36351850 -0.20501200 -0.00653200
v 0.36579750 -0.20665000 -0.00652300
v 0.36755050 -0.20848100 -0.00653200
v 0.36919750 -0.21066100 -0.00653100
v 0.37049650 -0.21306500 -0.00653200
v 0.37143350 -0.21542000 -0.00652300
v 0.37197650 -0.21817300 -0.00653200
v 0.37143350 -0.22611400 -0.00652300
v 0.37049650 -0.22846900 -0.00653200
v 0.36919750 -0.23087300 -0.00653100
v 0.36755050 -0.23305300 -0.00653200
v 0.36571650 -0.23481100 -0.00653800
v 0.36354850 -0.23644600 -0.00653800
v 0.36123050 -0.23775700 -0.00653300
v 0.35868450 -0.23876800 -0.00652300
v 0.35534650 -0.23932500 -0.00654200
v 0.36980350 -0.21841900 -0.00589400
v 0.36996950 -0.22076100 -0.00083500
v 0.36929750 -0.21612000 -0.00582900
v 0.36848950 -0.21391900 -0.00594400
v 0.36735450 -0.21185300 -0.00588900
v 0.36595250 -0.20996500 -0.00594300
v 0.36427150 -0.20830100 -0.00582600
v 0.36240150 -0.20689500 -0.00588400
v 0.36034450 -0.20576200 -0.00593700
v 0.35812950 -0.20493500 -0.00592900
v 0.35582050 -0.20443100 -0.00593700
v 0.35347150 -0.20426300 -0.00593700
v 0.35113550 -0.20443500 -0.00588400
v 0.34883150 -0.20491800 -0.00599900
v 0.34661550 -0.20575400 -0.00593700
v 0.34455250 -0.20688800 -0.00588400
v 0.34267550 -0.20829800 -0.00583000
v 0.34100750 -0.20993400 -0.00599200
v 0.33959550 -0.21184200 -0.00588900
v 0.33846650 -0.21389400 -0.00593700
v 0.33764750 -0.21611700 -0.00583300
v 0.33713550 -0.21841800 -0.00593700
v 0.33697350 -0.22076100 -0.00588900
v 0.33712650 -0.22311700 -0.00599200
v 0.33763050 -0.22540000 -0.00593700
v 0.33845650 -0.22761500 -0.00592900
v 0.33958750 -0.22969000 -0.00593700
v 0.34099150 -0.23156900 -0.00594400
v 0.34266750 -0.23323500 -0.00588400
v 0.34454350 -0.23465900 -0.00599200
v 0.34661150 -0.23578800 -0.00599200
v 0.34881450 -0.23660000 -0.00592900
v 0.35111350 -0.23710300 -0.00594400
v 0.35345350 -0.23727200 -0.00593700
v 0.35580250 -0.23710600 -0.00593700
v 0.35811350 -0.23660500 -0.00592900
v 0.36030950 -0.23579900 -0.00599200
v 0.36239550 -0.23465200 -0.00593700
v 0.36428050 -0.23324000 -0.00593700
v 0.36593750 -0.23157600 -0.00588900
v 0.36734750 -0.22968200 -0.00582600
v 0.36848550 -0.22762300 -0.00593700
v 0.36931250 -0.22540900 -0.00594300
v 0.36980150 -0.22311500 -0.00588500
v 0.37244150 -0.21804000 -0.00051800
v 0.37227250 -0.22347000 -0.00032700
v 0.37224850 -0.21806100 -0.00032000
v 0.37197650 -0.21817300 -0.00018000
v 0.37199550 -0.22285600 -0.00017000
v 0.36115950 -0.20385400 -0.00016900
v 0.35347150 -0.23934500 -0.00016900
v 0.37275250 -0.22076700 -0.00077400
v 0.37258050 -0.22075500 -0.00044500
v 0.37230150 -0.22076700 -0.00023200
v 0.34308650 -0.20458800 -0.00062500
v 0.33502850 -0.22619400 -0.00062500
v 0.35888950 -0.23921700 -0.00063100
v 0.37184850 -0.21540200 -0.00048000
v 0.36599550 -0.20629700 -0.00047300
v 0.35886350 -0.20237400 -0.00052400
v 0.33429950 -0.22078700 -0.00053000
v 0.37081350 -0.21282600 -0.00040000
v 0.36953450 -0.21044400 -0.00042800
v 0.36790350 -0.20830600 -0.00039300
v 0.36139850 -0.20338000 -0.00044500
v 0.35618650 -0.20185700 -0.00043800
v 0.35346250 -0.20170000 -0.00039300
v 0.35074750 -0.20182500 -0.00048500
v 0.34810050 -0.20247300 -0.00039400
v 0.34554550 -0.20338000 -0.00044500
v 0.33905050 -0.20830000 -0.00038700
v 0.33739650 -0.21045300 -0.00043300
v 0.33611350 -0.21286200 -0.00040000
v 0.33452950 -0.22348900 -0.00048500
v 0.33614150 -0.22871800 -0.00039300
v 0.33905950 -0.23324100 -0.00038700
v 0.34096050 -0.23515600 -0.00039300
v 0.34313050 -0.23683500 -0.00044500
v 0.34809050 -0.23906000 -0.00039300
v 0.35345950 -0.23987600 -0.00044500
v 0.35616850 -0.23967900 -0.00043800
v 0.36141150 -0.23809800 -0.00038700
v 0.36381350 -0.23683500 -0.00044500
v 0.36601350 -0.23522200 -0.00048500
v 0.36788450 -0.23324100 -0.00038700
v 0.37080250 -0.22871800 -0.00039300
v 0.37180850 -0.22614200 -0.00044300
v 0.36376050 -0.20477500 -0.00035200
v 0.34319950 -0.20476500 -0.00035200
v 0.34103450 -0.20637400 -0.00035700
v 0.33522750 -0.21538300 -0.00035700
v 0.33467150 -0.21806400 -0.00032700
v 0.33518450 -0.22613100 -0.00039500
v 0.33746050 -0.23105700 -0.00036700
v 0.34558150 -0.23806800 -0.00035200
v 0.35076350 -0.23960700 -0.00036700
v 0.35884050 -0.23905000 -0.00039200
v 0.36948350 -0.23105700 -0.00036700
v 0.35883350 -0.20256500 -0.00032400
v 0.35074750 -0.20203400 -0.00028800
v 0.33449650 -0.22075100 -0.00032400
v 0.33472550 -0.22344300 -0.00029300
v 0.36584550 -0.23509300 -0.00028800
v 0.37143350 -0.21542000 -0.00018900
v 0.36923050 -0.21064000 -0.00018800
v 0.36579750 -0.20665000 -0.00018900
v 0.36130450 -0.20363800 -0.00023500
v 0.35606950 -0.20220800 -0.00018900
v 0.34562550 -0.20358600 -0.00026700
v 0.33771350 -0.21064000 -0.00018800
v 0.33551050 -0.22611400 -0.00018900
v 0.34326050 -0.23665700 -0.00026700
v 0.35347150 -0.23961000 -0.00024000
v 0.35620850 -0.23930700 -0.00018900
v 0.35874950 -0.23874000 -0.00018800
v 0.36368350 -0.23665700 -0.00026700
v 0.37143350 -0.22611400 -0.00018900
v 0.37047550 -0.21300200 -0.00018100
v 0.36755050 -0.20848100 -0.00018000
v 0.36351850 -0.20501200 -0.00018000
v 0.35867350 -0.20282000 -0.00018000
v 0.35340350 -0.20208600 -0.00017800
v 0.34820550 -0.20283100 -0.00018100
v 0.34331450 -0.20508400 -0.00018000
v 0.34118550 -0.20668900 -0.00018000
v 0.33935650 -0.20853600 -0.00017900
v 0.33646850 -0.21300200 -0.00018100
v 0.33552450 -0.21556600 -0.00018000
v 0.33478650 -0.22083300 -0.00018000
v 0.33644750 -0.22846900 -0.00018000
v 0.33774650 -0.23087300 -0.00018100
v 0.33939350 -0.23305300 -0.00018000
v 0.34128550 -0.23493200 -0.00018000
v 0.34564950 -0.23773700 -0.00018000
v 0.34814450 -0.23867700 -0.00018000
v 0.35081050 -0.23927500 -0.00018300
v 0.36123050 -0.23775700 -0.00017900
v 0.36755050 -0.23305300 -0.00018000
v 0.36919750 -0.23087300 -0.00018100
v 0.37049650 -0.22846900 -0.00018000
v 0.35087650 -0.20231700 -0.00017400
v 0.34572950 -0.20381400 -0.00017400
v 0.33502350 -0.21811500 -0.00017400
v 0.33502350 -0.22342000 -0.00017400
v 0.34339550 -0.23644600 -0.00017400
v 0.36354850 -0.23644600 -0.00017400
v 0.36571650 -0.23481100 -0.00017400
v 0.37020650 -0.22317300 -0.00026300
v 0.36995450 -0.21839700 -0.00046700
v 0.36995450 -0.22313700 -0.00046700
v 0.36980150 -0.21841900 -0.00082700
v 0.36980350 -0.22311500 -0.00081800
v 0.34882150 -0.20494300 -0.00087900
v 0.33764550 -0.21612400 -0.00087900
v 0.37063550 -0.22076600 -0.00017200
v 0.37037750 -0.22076700 -0.00026100
v 0.37010450 -0.22076700 -0.00049400
v 0.36628550 -0.20966400 -0.00023200
v 0.35821950 -0.20459900 -0.00028100
v 0.35587450 -0.20398800 -0.00023500
v 0.33921750 -0.22993900 -0.00023500
v 0.36973850 -0.22553300 -0.00023500
v 0.36871450 -0.21380600 -0.00035100
v 0.35108250 -0.20414600 -0.00032700
v 0.34076150 -0.20977300 -0.00031700
v 0.33734650 -0.21603200 -0.00031900
v 0.34436950 -0.23488500 -0.00032300
v 0.36260750 -0.23498200 -0.00026700
v 0.36955950 -0.21603400 -0.00035200
v 0.36762250 -0.21169300 -0.00032400
v 0.36446050 -0.20810000 -0.00035200
v 0.36255750 -0.20662400 -0.00032400
v 0.34873850 -0.20467900 -0.00035200
v 0.34653650 -0.20555600 -0.00039300
v 0.34438650 -0.20662400 -0.00032400
v 0.34248350 -0.20810000 -0.00035200
v 0.33932150 -0.21169300 -0.00032400
v 0.33825150 -0.21384100 -0.00038700
v 0.33692850 -0.21835500 -0.00039300
v 0.33687550 -0.22312700 -0.00035700
v 0.33743450 -0.22548600 -0.00039300
v 0.33827550 -0.22770700 -0.00040500
v 0.34083650 -0.23171600 -0.00039400
v 0.34246550 -0.23347900 -0.00032000
v 0.34648450 -0.23600500 -0.00035700
v 0.34878250 -0.23680800 -0.00040000
v 0.35112550 -0.23732000 -0.00039300
v 0.35586050 -0.23731300 -0.00039300
v 0.35817850 -0.23679700 -0.00040500
v 0.36045850 -0.23600500 -0.00035700
v 0.36613250 -0.23173700 -0.00036700
v 0.36758350 -0.22983600 -0.00034800
v 0.36866550 -0.22772800 -0.00040000
v 0.36606750 -0.20983700 -0.00044500
v 0.36038150 -0.20558300 -0.00043800
v 0.35585750 -0.20426200 -0.00044500
v 0.35348550 -0.20408200 -0.00043300
v 0.33682350 -0.22075600 -0.00047300
v 0.33943550 -0.22977300 -0.00044500
v 0.35348550 -0.23745300 -0.00043300
v 0.36247750 -0.23480300 -0.00044500
v 0.36438850 -0.23338600 -0.00043300
v 0.36946950 -0.22547800 -0.00044500
v 0.36744750 -0.21177600 -0.00052400
v 0.36245150 -0.20679000 -0.00053000
v 0.34449250 -0.20679000 -0.00053000
v 0.33949650 -0.21177600 -0.00052400
v 0.34258150 -0.23331700 -0.00052500
v 0.36932050 -0.21611400 -0.00070700
v 0.36428850 -0.20828400 -0.00070700
v 0.35811250 -0.20491800 -0.00071200
v 0.35111050 -0.20442500 -0.00072900
v 0.34880550 -0.20487400 -0.00061800
v 0.34260650 -0.20822800 -0.00057300
v 0.34099150 -0.20995300 -0.00072000
v 0.33757850 -0.21610100 -0.00061800
v 0.33712950 -0.22314200 -0.00072000
v 0.34456450 -0.23467300 -0.00072000
v 0.34663450 -0.23579900 -0.00072000
v 0.36033250 -0.23578800 -0.00072000
v 0.36594950 -0.23157900 -0.00073400
v 0.36736750 -0.22969700 -0.00070700
v 0.36848250 -0.21390200 -0.00076800
v 0.36595050 -0.20996700 -0.00077900
v 0.36032850 -0.20575400 -0.00077400
v 0.35580250 -0.20442800 -0.00077400
v 0.35345350 -0.20426300 -0.00077400
v 0.34659950 -0.20576200 -0.00077400
v 0.33845850 -0.21391100 -0.00077400
v 0.33713250 -0.21843600 -0.00077400
v 0.33763550 -0.22541700 -0.00077400
v 0.33846350 -0.22763100 -0.00078300
v 0.33959750 -0.22970600 -0.00077400
v 0.34100450 -0.23158300 -0.00076800
v 0.34882150 -0.23660300 -0.00077400
v 0.35112250 -0.23710400 -0.00077400
v 0.35347150 -0.23727200 -0.00077400
v 0.35582050 -0.23710400 -0.00077400
v 0.35812950 -0.23660000 -0.00078300
v 0.36241050 -0.23464200 -0.00077400
v 0.36429350 -0.23322900 -0.00077400
v 0.36849250 -0.22760700 -0.00077400
v 0.36930950 -0.22540800 -0.00077900
v 0.36734750 -0.21184200 -0.00082300
v 0.36239050 -0.20688800 -0.00082800
v 0.34454250 -0.20689500 -0.00082800
v 0.34266250 -0.20830300 -0.00082300
v 0.33958950 -0.21185300 -0.00082300
v 0.33697350 -0.22077300 -0.00082300
v 0.34267750 -0.23324400 -0.00082800
v 0.37227250 -0.22347000 -0.00638400
v 0.37224850 -0.21806100 -0.00639100
v 0.37244150 -0.21804000 -0.00619300
v 0.37254750 -0.22352200 -0.00598300
v 0.37256350 -0.21802900 -0.00588900
v 0.36390650 -0.20454100 -0.00583000
v 0.37199550 -0.22285800 -0.00654100
v 0.37230150 -0.22076700 -0.00648000
v 0.37258050 -0.22075500 -0.00626700
v 0.36129450 -0.20363900 -0.00648000
v 0.35875450 -0.20268600 -0.00647500
v 0.34564450 -0.23790700 -0.00647200
v 0.35348150 -0.23960200 -0.00647700
v 0.35618550 -0.20202600 -0.00641800
v 0.34562550 -0.20358600 -0.00644500
v 0.33472550 -0.22344300 -0.00641800
v 0.34109850 -0.23509300 -0.00642400
v 0.34322750 -0.23675300 -0.00638800
v 0.35616750 -0.23951700 -0.00641500
v 0.36368350 -0.23665700 -0.00644500
v 0.36584550 -0.23509300 -0.00642400
v 0.37081650 -0.21283300 -0.00631400
v 0.36951150 -0.21045900 -0.00631700
v 0.36790350 -0.20830600 -0.00631900
v 0.36376050 -0.20477500 -0.00636000
v 0.35343850 -0.20170000 -0.00631900
v 0.35075550 -0.20198700 -0.00638800
v 0.34810050 -0.20247300 -0.00631700
v 0.34319950 -0.20476500 -0.00636000
v 0.34097150 -0.20637500 -0.00632500
v 0.33913050 -0.20834900 -0.00639100
v 0.33743150 -0.21047200 -0.00632500
v 0.33611650 -0.21284100 -0.00630700
v 0.33469550 -0.21806100 -0.00639100
v 0.33614150 -0.22871800 -0.00631900
v 0.33746050 -0.23105700 -0.00634500
v 0.33905950 -0.23324100 -0.00632500
v 0.35078750 -0.23955200 -0.00638800
v 0.36141150 -0.23809800 -0.00632500
v 0.36788450 -0.23324100 -0.00632500
v 0.36948350 -0.23105700 -0.00634500
v 0.37080250 -0.22871800 -0.00631900
v 0.37179850 -0.21539500 -0.00627900
v 0.36599550 -0.20629700 -0.00623800
v 0.36139850 -0.20338000 -0.00626700
v 0.35887450 -0.20240800 -0.00623800
v 0.34554550 -0.20338000 -0.00626700
v 0.33514550 -0.21539500 -0.00627900
v 0.33432850 -0.22077400 -0.00623200
v 0.33513550 -0.22614200 -0.00626900
v 0.34552250 -0.23814400 -0.00626700
v 0.34807750 -0.23908900 -0.00627900
v 0.35345950 -0.23987600 -0.00626700
v 0.35886350 -0.23909900 -0.00626900
v 0.36381350 -0.23683500 -0.00626700
v 0.37180850 -0.22614200 -0.00626900
v 0.35618350 -0.20182300 -0.00622700
v 0.35076350 -0.20178700 -0.00618100
v 0.33897650 -0.20822300 -0.00618700
v 0.33449550 -0.21805100 -0.00618700
v 0.33452950 -0.22348900 -0.00622700
v 0.34093050 -0.23522200 -0.00622700
v 0.35074650 -0.23974500 -0.00618200
v 0.35618950 -0.23971300 -0.00622200
v 0.36601350 -0.23522200 -0.00622700
v 0.36385750 -0.20458800 -0.00608600
v 0.34306450 -0.20454900 -0.00599900
v 0.33726050 -0.23118600 -0.00598800
v 0.34303250 -0.23696600 -0.00599200
v 0.36967950 -0.23119700 -0.00598300
v 0.37197350 -0.21534400 -0.00594400
v 0.37101450 -0.21276500 -0.00592900
v 0.36969650 -0.21035100 -0.00594400
v 0.36804350 -0.20814100 -0.00593700
v 0.36149850 -0.20323600 -0.00593700
v 0.35623350 -0.20168500 -0.00593700
v 0.35349050 -0.20148700 -0.00593700
v 0.34804050 -0.20227000 -0.00594900
v 0.34546250 -0.20322900 -0.00593700
v 0.34085950 -0.20618400 -0.00593700
v 0.33725450 -0.21034500 -0.00594900
v 0.33593650 -0.21274900 -0.00592900
v 0.33497150 -0.21533500 -0.00593900
v 0.33438750 -0.22352000 -0.00593300
v 0.33497250 -0.22619900 -0.00593400
v 0.33592850 -0.22876900 -0.00593300
v 0.33889550 -0.23338600 -0.00594400
v 0.34084550 -0.23533900 -0.00593700
v 0.34547050 -0.23831100 -0.00593300
v 0.34804950 -0.23926800 -0.00594300
v 0.35347250 -0.24004800 -0.00593700
v 0.35621650 -0.23985200 -0.00593700
v 0.35889550 -0.23927000 -0.00592900
v 0.36146450 -0.23831300 -0.00593700
v 0.36388050 -0.23699700 -0.00593700
v 0.36608450 -0.23535000 -0.00593700
v 0.36803650 -0.23340000 -0.00594400
v 0.37101050 -0.22877700 -0.00593700
v 0.37197050 -0.22620800 -0.00592900
v 0.36610650 -0.20619500 -0.00588900
v 0.35891150 -0.20226300 -0.00588900
v 0.35072150 -0.20167600 -0.00588000
v 0.33889850 -0.20813200 -0.00588000
v 0.33438350 -0.21801700 -0.00588900
v 0.33418450 -0.22075500 -0.00588400
v 0.35071550 -0.23985600 -0.00588400
v 0.36995450 -0.21839700 -0.00624400
v 0.36995450 -0.22313700 -0.00624400
v 0.37035150 -0.21834000 -0.00652400
v 0.37020650 -0.22317300 -0.00644900
v 0.36647850 -0.20949700 -0.00654300
v 0.35411750 -0.20361400 -0.00653600
v 0.33897850 -0.23004200 -0.00654300
v 0.37036050 -0.22385400 -0.00653700
v 0.36996950 -0.22077300 -0.00587600
v 0.37010450 -0.22076700 -0.00621800
v 0.37037750 -0.22076700 -0.00645000
v 0.36936450 -0.21610100 -0.00609400
v 0.36432450 -0.20825900 -0.00608600
v 0.34261950 -0.20825900 -0.00608600
v 0.33757850 -0.21610100 -0.00609400
v 0.36739750 -0.22972900 -0.00608600
v 0.36744750 -0.21177600 -0.00618800
v 0.36245150 -0.20679000 -0.00618200
v 0.35109550 -0.20432200 -0.00618700
v 0.34449250 -0.20679000 -0.00618200
v 0.33949650 -0.21177600 -0.00618800
v 0.33682350 -0.22075600 -0.00623800
v 0.34258150 -0.23331700 -0.00618700
v 0.36605350 -0.23166000 -0.00623200
v 0.36868950 -0.21381800 -0.00633000
v 0.36606750 -0.20983700 -0.00626700
v 0.36039050 -0.20558400 -0.00627800
v 0.35817850 -0.20473800 -0.00630700
v 0.35585750 -0.20426200 -0.00626700
v 0.35347350 -0.20411900 -0.00622700
v 0.34653650 -0.20555600 -0.00631900
v 0.33825150 -0.21384100 -0.00632500
v 0.33693350 -0.21836900 -0.00631200
v 0.33743450 -0.22548600 -0.00631900
v 0.33827550 -0.22770700 -0.00630700
v 0.33943550 -0.22977300 -0.00626700
v 0.34083650 -0.23171600 -0.00631700
v 0.34876550 -0.23679700 -0.00630700
v 0.35108750 -0.23735400 -0.00636100
v 0.35349450 -0.23748900 -0.00632500
v 0.35586050 -0.23731300 -0.00631900
v 0.35817850 -0.23679700 -0.00630700
v 0.36246250 -0.23477900 -0.00622700
v 0.36440050 -0.23341000 -0.00631200
v 0.36866550 -0.22772800 -0.00631200
v 0.36946950 -0.22547800 -0.00626700
v 0.36959750 -0.21603200 -0.00639300
v 0.36446050 -0.20810000 -0.00636000
v 0.34873350 -0.20463000 -0.00640400
v 0.34248350 -0.20810000 -0.00636000
v 0.34078650 -0.20980900 -0.00635500
v 0.33734650 -0.21603200 -0.00639300
v 0.33687250 -0.22313700 -0.00635900
v 0.34436950 -0.23488500 -0.00638800
v 0.34648450 -0.23600500 -0.00635500
v 0.36045850 -0.23600500 -0.00635500
v 0.36758350 -0.22983600 -0.00636400
v 0.36762250 -0.21169300 -0.00638800
v 0.36255750 -0.20662400 -0.00638800
v 0.35349050 -0.20391900 -0.00641800
v 0.35107250 -0.20412400 -0.00639100
v 0.34438650 -0.20662400 -0.00638800
v 0.33932150 -0.21169300 -0.00638800
v 0.34246550 -0.23347900 -0.00639100
v 0.36259650 -0.23493100 -0.00641800
v 0.36628550 -0.20966400 -0.00648000
v 0.36055650 -0.20525500 -0.00652400
v 0.35587450 -0.20398800 -0.00647600
v 0.33642650 -0.22083700 -0.00652300
v 0.33921750 -0.22993900 -0.00647600
v 0.36639950 -0.23187600 -0.00652300
v 0.36973850 -0.22553300 -0.00647600
v 0.36903350 -0.21366000 -0.00653300
v 0.36782150 -0.21146700 -0.00653200
v 0.36462050 -0.20780100 -0.00653200
v 0.36266150 -0.20634600 -0.00653200
v 0.35828750 -0.20436700 -0.00653100
v 0.35110350 -0.20383200 -0.00653200
v 0.34642850 -0.20518500 -0.00653200
v 0.34428250 -0.20634600 -0.00653200
v 0.34232350 -0.20780100 -0.00653200
v 0.34059250 -0.20951900 -0.00653200
v 0.33912250 -0.21146700 -0.00653200
v 0.33791050 -0.21366000 -0.00653300
v 0.33655350 -0.21833500 -0.00653100
v 0.33653850 -0.22320200 -0.00653300
v 0.33708350 -0.22564800 -0.00653200
v 0.33792450 -0.22786800 -0.00653100
v 0.34055450 -0.23196000 -0.00653100
v 0.34222450 -0.23364700 -0.00653200
v 0.34642850 -0.23634900 -0.00653200
v 0.34865650 -0.23716700 -0.00653100
v 0.35347150 -0.23786900 -0.00653100
v 0.35597050 -0.23768300 -0.00653200
v 0.35828750 -0.23716700 -0.00653100
v 0.36051550 -0.23634900 -0.00653200
v 0.36466550 -0.23368500 -0.00653100
v 0.36786350 -0.23001600 -0.00653300
v 0.36901950 -0.22786800 -0.00653100
v 0.36992450 -0.21593600 -0.00653800
v 0.34863750 -0.20430200 -0.00653900
v 0.33701950 -0.21593600 -0.00653800
v 0.34420150 -0.23519300 -0.00653800
v 0.35103150 -0.23774400 -0.00653900
v 0.36274250 -0.23519300 -0.00653800
v 0.33816850 -0.22076700 0.00440300
v 0.36982450 -0.22076700 0.00441500
v 0.36866250 -0.22293400 0.00441500
v 0.36820350 -0.22511000 0.00441700
v 0.36739350 -0.22712500 0.00440500
v 0.36638950 -0.22904800 0.00441500
v 0.36505950 -0.23078300 0.00440800
v 0.36352750 -0.23237200 0.00441700
v 0.36174650 -0.23364200 0.00440500
v 0.35985150 -0.23469200 0.00440800
v 0.35779450 -0.23548800 0.00441400
v 0.35563350 -0.23593000 0.00440800
v 0.35347150 -0.23607200 0.00440500
v 0.35127550 -0.23591100 0.00440400
v 0.34914950 -0.23548800 0.00441400
v 0.34709250 -0.23473500 0.00441700
v 0.34521450 -0.23365100 0.00440400
v 0.34344050 -0.23234400 0.00440900
v 0.34188450 -0.23078300 0.00440800
v 0.34055450 -0.22904800 0.00441500
v 0.33955050 -0.22712500 0.00440500
v 0.33877050 -0.22506400 0.00440800
v 0.33828050 -0.22293300 0.00441500
v 0.33826850 -0.21859800 0.00441700
v 0.33879450 -0.21643800 0.00440400
v 0.33956050 -0.21439300 0.00440400
v 0.34054350 -0.21247800 0.00441700
v 0.34190550 -0.21074500 0.00440500
v 0.34346550 -0.20919000 0.00440400
v 0.34518250 -0.20783800 0.00441700
v 0.34710850 -0.20683300 0.00440900
v 0.34913250 -0.20604900 0.00441500
v 0.35127050 -0.20558200 0.00441500
v 0.35347150 -0.20546100 0.00440600
v 0.35567350 -0.20556800 0.00441700
v 0.35779850 -0.20603300 0.00441700
v 0.35983650 -0.20679000 0.00441700
v 0.36172950 -0.20788400 0.00440400
v 0.36349450 -0.20920100 0.00440500
v 0.36505950 -0.21075100 0.00440800
v 0.36640050 -0.21247800 0.00441700
v 0.36739650 -0.21438800 0.00440800
v 0.36814950 -0.21643800 0.00440400
v 0.36865750 -0.21856600 0.00441500
v 0.36851650 -0.21860100 0.00399300
v 0.36868050 -0.22076700 0.00426900
v 0.36804250 -0.21648100 0.00394800
v 0.36728550 -0.21445100 0.00395300
v 0.36625650 -0.21254700 0.00399000
v 0.36495150 -0.21081400 0.00396700
v 0.36342750 -0.20927800 0.00400600
v 0.36167750 -0.20798100 0.00396400
v 0.35978250 -0.20693700 0.00400600
v 0.35774750 -0.20618800 0.00396700
v 0.35563350 -0.20572000 0.00400400
v 0.35346650 -0.20557500 0.00396200
v 0.35130050 -0.20573000 0.00396400
v 0.34918650 -0.20618200 0.00400400
v 0.34715250 -0.20694100 0.00400600
v 0.34525450 -0.20798000 0.00399200
v 0.34351650 -0.20928200 0.00399000
v 0.34198650 -0.21082100 0.00396700
v 0.34068350 -0.21255300 0.00399000
v 0.33965250 -0.21446300 0.00395300
v 0.33889750 -0.21649500 0.00394800
v 0.33842450 -0.21860800 0.00400600
v 0.33828350 -0.22077800 0.00395000
v 0.33843850 -0.22293500 0.00395300
v 0.33889550 -0.22505300 0.00396700
v 0.33966050 -0.22708700 0.00395000
v 0.34068350 -0.22898600 0.00400600
v 0.34198450 -0.23072400 0.00400400
v 0.34351850 -0.23225400 0.00399200
v 0.34525450 -0.23355400 0.00399200
v 0.34716150 -0.23458800 0.00396400
v 0.34919250 -0.23535200 0.00399400
v 0.35130850 -0.23581400 0.00400600
v 0.35348350 -0.23595600 0.00395000
v 0.35563950 -0.23581400 0.00400600
v 0.35775750 -0.23533900 0.00395300
v 0.35978650 -0.23459300 0.00399200
v 0.36169450 -0.23355300 0.00400600
v 0.36343050 -0.23225000 0.00399200
v 0.36496150 -0.23071900 0.00399400
v 0.36625550 -0.22897600 0.00396200
v 0.36730050 -0.22707600 0.00399200
v 0.36805150 -0.22504300 0.00396700
v 0.36851650 -0.22293000 0.00399200
v 0.36856550 -0.22076700 0.00386600
v 0.36965650 -0.22309400 -0.00654000
v 0.36915150 -0.22537100 -0.00654200
v 0.36834850 -0.22756100 -0.00653900
v 0.36725450 -0.22964600 -0.00652800
v 0.36582150 -0.23146800 -0.00654200
v 0.36416050 -0.23312600 -0.00654200
v 0.36232650 -0.23454600 -0.00653300
v 0.36029350 -0.23566000 -0.00653200
v 0.35807950 -0.23646000 -0.00653900
v 0.35578250 -0.23695600 -0.00653900
v 0.35347150 -0.23711800 -0.00654000
v 0.35114450 -0.23695600 -0.00653900
v 0.34886950 -0.23644300 -0.00654200
v 0.34668350 -0.23563200 -0.00654200
v 0.34462350 -0.23456900 -0.00652800
v 0.34277350 -0.23311400 -0.00654200
v 0.34112250 -0.23146800 -0.00654200
v 0.33968950 -0.22964600 -0.00652800
v 0.33859450 -0.22756100 -0.00653900
v 0.33779250 -0.22537100 -0.00654200
v 0.33724150 -0.22308200 -0.00652800
v 0.33707750 -0.22074900 -0.00652800
v 0.33726050 -0.21841800 -0.00653200
v 0.33777950 -0.21615900 -0.00653900
v 0.33860750 -0.21397900 -0.00654200
v 0.33968150 -0.21192600 -0.00653200
v 0.34108050 -0.21005400 -0.00653200
v 0.34273150 -0.20839900 -0.00653200
v 0.34462350 -0.20696500 -0.00652800
v 0.34668350 -0.20590300 -0.00654200
v 0.34885350 -0.20503900 -0.00652900
v 0.35114450 -0.20457900 -0.00653900
v 0.35347150 -0.20441600 -0.00654000
v 0.35578650 -0.20453700 -0.00652800
v 0.35807550 -0.20508800 -0.00654200
v 0.36026650 -0.20589000 -0.00653900
v 0.36229250 -0.20701300 -0.00654200
v 0.36420650 -0.20837900 -0.00652900
v 0.36583250 -0.21005700 -0.00653900
v 0.36726250 -0.21192600 -0.00653200
v 0.36834850 -0.21397300 -0.00653900
v 0.36920050 -0.21614900 -0.00652900
v 0.36964750 -0.21845700 -0.00654200
v 0.36995050 -0.22077200 -0.00643300
v 0.36977550 -0.21841200 0.00432400
v 0.36928950 -0.21612000 0.00427000
v 0.36845950 -0.21391700 0.00430800
v 0.36733650 -0.21185000 0.00428200
v 0.36592250 -0.20997200 0.00430800
v 0.36426850 -0.20830700 0.00426900
v 0.36237550 -0.20690700 0.00432400
v 0.36031250 -0.20577600 0.00430800
v 0.35810650 -0.20495900 0.00432200
v 0.35581850 -0.20444800 0.00426900
v 0.35347150 -0.20428100 0.00426900
v 0.35112150 -0.20445700 0.00430800
v 0.34882750 -0.20494900 0.00427200
v 0.34663050 -0.20577600 0.00430900
v 0.34455450 -0.20690000 0.00426900
v 0.34267750 -0.20831700 0.00430800
v 0.34100950 -0.20997400 0.00426900
v 0.33960450 -0.21185500 0.00428200
v 0.33848050 -0.21392600 0.00430800
v 0.33765650 -0.21612300 0.00428500
v 0.33716850 -0.21841200 0.00432400
v 0.33699350 -0.22076700 0.00431100
v 0.33715350 -0.22311800 0.00426900
v 0.33766750 -0.22541500 0.00432200
v 0.33848450 -0.22761700 0.00430800
v 0.33960150 -0.22967800 0.00427000
v 0.34102050 -0.23155600 0.00432000
v 0.34269050 -0.23322100 0.00432600
v 0.34455650 -0.23463500 0.00427000
v 0.34662750 -0.23575300 0.00432000
v 0.34883350 -0.23658600 0.00428200
v 0.35113850 -0.23707400 0.00432400
v 0.35347750 -0.23724400 0.00431200
v 0.35582350 -0.23707300 0.00432200
v 0.35811950 -0.23657700 0.00430800
v 0.36032250 -0.23576000 0.00428400
v 0.36238150 -0.23462800 0.00431000
v 0.36426750 -0.23320900 0.00432400
v 0.36592650 -0.23155000 0.00432200
v 0.36734350 -0.22967700 0.00426900
v 0.36846350 -0.22760800 0.00430800
v 0.36928050 -0.22540200 0.00432200
v 0.36978250 -0.22310600 0.00431200
v 0.36965450 -0.22309400 0.00441500
v 0.36964550 -0.21845800 0.00441700
v 0.36995050 -0.22076200 0.00430800
v 0.36919950 -0.21614900 0.00440500
v 0.36419350 -0.20836500 0.00440400
v 0.35578650 -0.20453800 0.00440400
v 0.35345350 -0.20437200 0.00440300
v 0.34885450 -0.20504000 0.00440500
v 0.34462450 -0.20696600 0.00440400
v 0.34109550 -0.21001700 0.00440400
v 0.33724150 -0.22308200 0.00440300
v 0.33969150 -0.22964600 0.00440400
v 0.34462450 -0.23456800 0.00440400
v 0.36725250 -0.22964600 0.00440400
v 0.36726150 -0.21192700 0.00440800
v 0.33968250 -0.21192700 0.00440800
v 0.33775850 -0.21615300 0.00440900
v 0.34883950 -0.23647800 0.00440800
v 0.36027550 -0.23566400 0.00440900
v 0.36834750 -0.21397400 0.00441400
v 0.36583150 -0.21005800 0.00441400
v 0.36026550 -0.20589100 0.00441400
v 0.35114450 -0.20458000 0.00441400
v 0.34666350 -0.20590100 0.00441500
v 0.34276250 -0.20840800 0.00441400
v 0.33859650 -0.21397400 0.00441400
v 0.33712350 -0.22076700 0.00441600
v 0.33859650 -0.22756100 0.00441400
v 0.35347150 -0.23711700 0.00441500
v 0.35807950 -0.23645800 0.00441400
v 0.36232750 -0.23451300 0.00441500
v 0.36834750 -0.22756100 0.00441400
v 0.36229050 -0.20701400 0.00441700
v 0.35807550 -0.20508900 0.00441700
v 0.33729850 -0.21845800 0.00441700
v 0.33779450 -0.22537100 0.00441700
v 0.34112350 -0.23146700 0.00441700
v 0.34277450 -0.23311300 0.00441700
v 0.34668450 -0.23563000 0.00441700
v 0.35113050 -0.23693600 0.00441700
v 0.35579750 -0.23694100 0.00441700
v 0.36415850 -0.23312500 0.00441700
v 0.36582050 -0.23146700 0.00441700
v 0.36914950 -0.22537100 0.00441700
v 0.36841650 -0.21863700 0.00386700
v 0.36841650 -0.22289800 0.00386700
v 0.36867050 -0.22076700 0.00398900
v 0.36335350 -0.20933600 0.00387200
v 0.35976550 -0.20703000 0.00387200
v 0.35562250 -0.20581300 0.00387100
v 0.34921550 -0.20627100 0.00387100
v 0.34721150 -0.20701500 0.00387200
v 0.33851850 -0.21859900 0.00387200
v 0.34077050 -0.22895200 0.00387200
v 0.34205450 -0.23066100 0.00387100
v 0.35133950 -0.23572600 0.00387200
v 0.35560450 -0.23572600 0.00387200
v 0.36162550 -0.23348800 0.00387200
v 0.36616950 -0.21260700 0.00386700
v 0.34529550 -0.20807700 0.00386700
v 0.34358750 -0.20936000 0.00386700
v 0.34077450 -0.21260700 0.00386700
v 0.34359950 -0.23218800 0.00386700
v 0.34532550 -0.23347600 0.00386700
v 0.34921850 -0.23525400 0.00386800
v 0.35975950 -0.23449200 0.00386700
v 0.36334450 -0.23218800 0.00386700
v 0.36488250 -0.23065400 0.00386800
v 0.36719650 -0.22705500 0.00386700
v 0.36486150 -0.21089800 0.00386100
v 0.36163250 -0.20810000 0.00386000
v 0.35771750 -0.20630700 0.00386100
v 0.35347150 -0.20570100 0.00386000
v 0.35134450 -0.20585000 0.00386000
v 0.34208250 -0.21089800 0.00386100
v 0.33901250 -0.22501300 0.00386100
v 0.34722750 -0.23448100 0.00386000
v 0.36614650 -0.22891200 0.00386000
v 0.36792050 -0.22501000 0.00385500
v 0.36791450 -0.21652600 0.00385700
v 0.36716750 -0.21451300 0.00385800
v 0.33977650 -0.21451300 0.00385800
v 0.33902950 -0.21652600 0.00385700
v 0.33841750 -0.22075200 0.00385800
v 0.33856850 -0.22291000 0.00385800
v 0.33977150 -0.22700700 0.00385800
v 0.35345650 -0.23582200 0.00385800
v 0.35771350 -0.23521400 0.00385800
v 0.36853650 -0.21860500 0.00431100
v 0.36853550 -0.22293200 0.00431000
v 0.36877550 -0.22076700 0.00440300
v 0.36627150 -0.21252800 0.00432400
v 0.35979350 -0.20691900 0.00432400
v 0.35775350 -0.20616000 0.00432200
v 0.35562750 -0.20569800 0.00432400
v 0.34523250 -0.20796700 0.00432400
v 0.34066450 -0.21254000 0.00432400
v 0.33840350 -0.21860400 0.00432400
v 0.34715450 -0.23461600 0.00432200
v 0.36344550 -0.23226700 0.00432200
v 0.36808050 -0.22504500 0.00432400
v 0.35130450 -0.20570400 0.00431000
v 0.34918350 -0.20616600 0.00431000
v 0.33841050 -0.22294200 0.00431000
v 0.34067450 -0.22900300 0.00431000
v 0.34918950 -0.23537000 0.00430800
v 0.35776450 -0.23536700 0.00430800
v 0.36627450 -0.22899300 0.00431000
v 0.36730850 -0.21444800 0.00428200
v 0.36496350 -0.21080100 0.00428200
v 0.34714950 -0.20693100 0.00428400
v 0.33887850 -0.22505900 0.00428200
v 0.34198050 -0.23073300 0.00428200
v 0.34351250 -0.23226500 0.00428400
v 0.35564250 -0.23582300 0.00428200
v 0.35979050 -0.23460400 0.00428200
v 0.36496750 -0.23072800 0.00428200
v 0.36806450 -0.21648200 0.00426900
v 0.36343050 -0.20927100 0.00427000
v 0.36169450 -0.20797300 0.00426900
v 0.35346950 -0.20555800 0.00427000
v 0.34350850 -0.20927600 0.00426900
v 0.34197650 -0.21080900 0.00427000
v 0.33963550 -0.21445300 0.00426900
v 0.33887750 -0.21648700 0.00426900
v 0.33826250 -0.22076900 0.00427000
v 0.33963850 -0.22708700 0.00427000
v 0.34524950 -0.23356200 0.00426900
v 0.35131150 -0.23582200 0.00426900
v 0.35347450 -0.23597600 0.00427000
v 0.36169650 -0.23356100 0.00427000
v 0.36730750 -0.22708300 0.00427000
v 0.36977750 -0.21842600 -0.00644900
v 0.36978050 -0.22311800 -0.00643700
v 0.36981550 -0.22076700 -0.00654500
v 0.36238750 -0.20691500 -0.00644900
v 0.35811950 -0.20496200 -0.00644700
v 0.34662850 -0.20578300 -0.00644800
v 0.33848950 -0.21391800 -0.00644700
v 0.33766350 -0.22540200 -0.00644700
v 0.34102250 -0.23155500 -0.00644800
v 0.34267950 -0.23321200 -0.00645100
v 0.34662850 -0.23575100 -0.00644800
v 0.34882450 -0.23657000 -0.00645100
v 0.36425750 -0.23321900 -0.00644900
v 0.36591750 -0.23156000 -0.00644700
v 0.36927650 -0.22541500 -0.00644700
v 0.36846350 -0.21392600 -0.00643300
v 0.36592850 -0.20998000 -0.00643300
v 0.36032150 -0.20578000 -0.00643300
v 0.35347750 -0.20429000 -0.00643700
v 0.35113150 -0.20445600 -0.00643300
v 0.33766050 -0.21612400 -0.00643200
v 0.33848050 -0.22760800 -0.00643300
v 0.35112150 -0.23707700 -0.00643300
v 0.35346650 -0.23724400 -0.00643700
v 0.35581550 -0.23707700 -0.00643500
v 0.35810950 -0.23657900 -0.00643300
v 0.36845950 -0.22761700 -0.00643300
v 0.36733950 -0.21185500 -0.00640700
v 0.34268150 -0.20830500 -0.00640700
v 0.34101750 -0.20996800 -0.00640700
v 0.33960750 -0.21185000 -0.00640700
v 0.33715450 -0.21842700 -0.00640700
v 0.36031450 -0.23576400 -0.00640700
v 0.36238150 -0.23463600 -0.00640900
v 0.36929150 -0.21612500 -0.00639500
v 0.36427050 -0.20830900 -0.00639500
v 0.35582250 -0.20444900 -0.00639400
v 0.34882750 -0.20494800 -0.00639400
v 0.34455850 -0.20689800 -0.00639400
v 0.33698550 -0.22076900 -0.00639500
v 0.33715350 -0.22311300 -0.00639400
v 0.33960050 -0.22967900 -0.00639300
v 0.34455650 -0.23463600 -0.00639300
v 0.36734150 -0.22968000 -0.00639400
v 0.35236550 -0.20450600 0.00444100
v 0.35460550 -0.20458900 0.00442600
v 0.35468250 -0.23693700 0.00443300
v 0.35236550 -0.23695700 0.00444100
v 0.35231450 -0.23717500 0.01627900
v 0.35465450 -0.23716700 0.01631700
v 0.35697650 -0.23684000 0.00467100
v 0.35725850 -0.23661800 0.00470800
v 0.35718350 -0.23672900 0.00471000
v 0.35708150 -0.23680700 0.00468800
v 0.35727550 -0.23653800 0.00465700
v 0.35703950 -0.23663400 0.00447200
v 0.35717350 -0.23668200 0.00460000
v 0.35704150 -0.23673700 0.00453900
v 0.35718550 -0.23647100 0.00451900
v 0.35700350 -0.23651700 0.00443200
v 0.35710450 -0.20466500 0.00470700
v 0.35697550 -0.20493600 0.00442900
v 0.35695950 -0.20470000 0.00454300
v 0.35726350 -0.20500600 0.00462500
v 0.35710950 -0.20494700 0.00447600
v 0.35700150 -0.20481000 0.00447400
v 0.35714750 -0.20482200 0.00454000
v 0.35722950 -0.20492300 0.00457700
v 0.35721850 -0.20478200 0.00468400
v 0.35710550 -0.20473600 0.00457400
v 0.35698250 -0.20462800 0.00465500
v 0.35728350 -0.20491500 0.00471000
v 0.35698250 -0.23684100 0.01628400
v 0.35702050 -0.23666500 0.01647900
v 0.35698850 -0.23678000 0.01639900
v 0.35700050 -0.23652100 0.01653100
v 0.35720550 -0.23653900 0.01641900
v 0.35718350 -0.23665900 0.01637300
v 0.35714350 -0.23676800 0.01627400
v 0.35727950 -0.23656800 0.01627000
v 0.35728750 -0.20500400 0.01627100
v 0.35726850 -0.20486300 0.01624500
v 0.35705750 -0.20464100 0.01625800
v 0.35720750 -0.20500500 0.01641700
v 0.35723850 -0.20489400 0.01636200
v 0.35700350 -0.20476000 0.01645800
v 0.35697550 -0.20491700 0.01653200
v 0.35718450 -0.20474400 0.01629400
v 0.35705350 -0.20468600 0.01637100
v 0.35713450 -0.20488600 0.01646600
v 0.34999450 -0.20493800 0.01653400
v 0.34991250 -0.20477000 0.01645300
v 0.34992850 -0.20467700 0.01636400
v 0.34991150 -0.20464000 0.01625500
v 0.34985350 -0.20491600 0.01648200
v 0.34971850 -0.20495300 0.01635800
v 0.34976350 -0.20483000 0.01636200
v 0.34977050 -0.20475400 0.01627400
v 0.34968650 -0.20491400 0.01625400
v 0.34968950 -0.20496000 0.00466500
v 0.34999050 -0.20495400 0.00442800
v 0.34976450 -0.20500500 0.00454300
v 0.34999450 -0.20462300 0.00466900
v 0.34996450 -0.20483600 0.00446300
v 0.34982950 -0.20491700 0.00449600
v 0.34992250 -0.20472900 0.00453900
v 0.34975150 -0.20484400 0.00460500
v 0.34988850 -0.20465600 0.00468700
v 0.34979050 -0.20473300 0.00468900
v 0.34971450 -0.20484300 0.00468900
v 0.34970450 -0.23645900 0.00462200
v 0.34999650 -0.23683300 0.00464200
v 0.34991450 -0.23682100 0.00470800
v 0.34979950 -0.23674500 0.00471100
v 0.34971850 -0.23661500 0.00466000
v 0.34968450 -0.23652800 0.00471300
v 0.34981750 -0.23655700 0.00450500
v 0.34982950 -0.23672900 0.00460700
v 0.34994850 -0.23670200 0.00450700
v 0.34998850 -0.23655100 0.00443200
v 0.34969050 -0.23646000 0.01630800
v 0.34969950 -0.23659500 0.01624800
v 0.35000050 -0.23649200 0.01653800
v 0.34980550 -0.23646300 0.01646300
v 0.34994450 -0.23682600 0.01630300
v 0.34995150 -0.23661000 0.01650400
v 0.34976250 -0.23660100 0.01638700
v 0.34995250 -0.23672000 0.01644400
v 0.34982550 -0.23671500 0.01636100
v 0.34980650 -0.23675000 0.01626100
v 0.35139850 -0.20460300 0.01652100
v 0.35134450 -0.20439600 0.01632000
v 0.35464550 -0.20438400 0.00452200
v 0.35230850 -0.20429300 0.00465100
v 0.35466250 -0.20428500 0.00469400
v 0.35230850 -0.23716700 0.00464600
v 0.35464850 -0.23716800 0.00464600
v 0.35232950 -0.23707800 0.01644300
v 0.35467650 -0.23695200 0.01652100
v 0.35233550 -0.23687200 0.01653600
v 0.35400350 -0.21895000 0.01189700
v 0.35296650 -0.21895000 0.01189700
v 0.35296450 -0.21895200 0.01640400
v 0.35559250 -0.20445300 0.01640800
v 0.35556850 -0.20463100 0.01652700
v 0.35561550 -0.20438500 0.01627800
v 0.35416650 -0.20446400 0.01650300
v 0.35418950 -0.20425800 0.01626600
v 0.35282450 -0.20425600 0.01177100
v 0.35403250 -0.21899700 0.01649100
v 0.35411150 -0.21905800 0.01653600
v 0.35400950 -0.21895600 0.01643000
v 0.35406150 -0.21895400 0.01649600
v 0.35287850 -0.20428400 0.01185200
v 0.35292750 -0.20432900 0.01186900
v 0.35295850 -0.20439200 0.01189200
v 0.35293150 -0.20427500 0.01181300
v 0.35402550 -0.20436000 0.01188400
v 0.35416050 -0.20425800 0.01182000
v 0.35408050 -0.20429200 0.01186100
v 0.35402750 -0.20425200 0.01176400
v 0.35403450 -0.20428300 0.01182500
v 0.35400850 -0.20440600 0.01189500
v 0.35295050 -0.21896600 0.01645200
v 0.35283950 -0.21898700 0.01653600
v 0.35293450 -0.21901200 0.01650100
v 0.35289250 -0.21907700 0.01653600
v 0.35287150 -0.20428700 0.01627100
v 0.35292650 -0.20433900 0.01628700
v 0.35400750 -0.20451900 0.01639900
v 0.35409450 -0.20429200 0.01627800
v 0.35414550 -0.20460900 0.01653600
v 0.35416550 -0.20432900 0.01640200
v 0.35404450 -0.20458500 0.01647900
v 0.35405250 -0.20439800 0.01639900
v 0.35404050 -0.20433900 0.01623900
v 0.35400650 -0.20441700 0.01626100
v 0.35296450 -0.20459400 0.01641000
v 0.35291850 -0.20453900 0.01647800
v 0.35284250 -0.20461300 0.01653200
v 0.35284050 -0.20432900 0.01639300
v 0.35276550 -0.20426000 0.01628500
v 0.35296350 -0.20441700 0.01626700
v 0.35294350 -0.20445200 0.01639400
v 0.35280350 -0.20446400 0.01650300
vn 0.0096 -0.0584 0.9982
vn -0.0001 -0.1379 0.9904
vn -0.0004 0.0681 0.9977
vn -0.0000 -0.0172 0.9999
vn 0.0001 0.2022 0.9793
vn 0.0077 0.0590 0.9982
vn -0.0075 0.0450 0.9990
vn 0.0305 -0.1075 0.9937
vn -0.0298 0.1024 0.9943
vn 0.0432 -0.0881 0.9952
vn -0.0144 0.0316 0.9994
vn 0.0438 -0.0663 0.9968
vn -0.0582 0.0869 0.9945
vn 0.0553 -0.0603 0.9966
vn -0.0674 0.0742 0.9950
vn 0.0382 -0.0332 0.9987
vn -0.0630 0.0528 0.9966
vn 0.0818 -0.0535 0.9952
vn -0.1256 0.0803 0.9888
vn 0.0828 -0.0343 0.9960
vn -0.1000 0.0443 0.9940
vn 0.0479 -0.0139 0.9988
vn -0.0894 0.0243 0.9957
vn 0.0966 -0.0161 0.9952
vn -0.0536 0.0066 0.9985
vn 0.1477 -0.0008 0.9890
vn -0.0908 0.0016 0.9959
vn 0.0673 0.0111 0.9977
vn -0.0448 -0.0075 0.9990
vn 0.0931 0.0232 0.9954
vn -0.1215 -0.0378 0.9919
vn 0.1021 0.0478 0.9936
vn -0.0751 -0.0327 0.9966
vn 0.0176 0.0111 0.9998
vn -0.1144 -0.0747 0.9906
vn 0.0755 0.0653 0.9950
vn -0.0805 -0.0733 0.9941
vn 0.0462 0.0567 0.9973
vn -0.0611 -0.0700 0.9957
vn 0.0297 0.0475 0.9984
vn -0.0200 -0.0311 0.9993
vn 0.0387 0.0771 0.9963
vn -0.0333 -0.0720 0.9968
vn 0.0360 0.1235 0.9917
vn -0.0315 -0.1001 0.9945
vn -0.0251 -0.1436 0.9893
vn -0.0085 0.0737 0.9972
vn -0.0078 -0.0323 0.9994
vn 0.0234 -0.1297 0.9913
vn -0.0349 0.1183 0.9924
vn 0.0307 -0.1060 0.9939
vn -0.0338 0.0667 0.9972
vn 0.0371 -0.0830 0.9959
vn -0.0194 0.0305 0.9993
vn 0.0311 -0.0451 0.9985
vn -0.0841 0.0964 0.9918
vn 0.0248 -0.0292 0.9993
vn -0.0724 0.0604 0.9955
vn 0.0705 -0.0618 0.9956
vn -0.0500 0.0323 0.9982
vn 0.1094 -0.0700 0.9915
vn -0.0870 0.0390 0.9954
vn 0.0596 -0.0273 0.9979
vn -0.0376 0.0051 0.9993
vn 0.1726 -0.0519 0.9836
vn 0.0588 -0.0072 0.9982
vn -0.0310 0.0021 0.9995
vn 0.0267 0.1975 0.9799
vn 0.0175 0.0572 0.9982
vn -0.0483 -0.1072 0.9931
vn 0.0068 0.0176 0.9998
vn -0.0457 -0.0692 0.9966
vn 0.0415 0.0624 0.9972
vn -0.0429 -0.0477 0.9979
vn 0.1036 0.1201 0.9873
vn -0.0147 -0.0112 0.9998
vn 0.0667 0.0558 0.9962
vn -0.0673 -0.0437 0.9968
vn 0.1251 0.0809 0.9888
vn -0.0540 -0.0238 0.9983
vn 0.0773 0.0345 0.9964
vn -0.0774 -0.0267 0.9966
vn 0.1463 0.0436 0.9883
vn -0.1238 -0.0169 0.9922
vn 0.0554 0.0090 0.9984
vn 0.0003 0.0936 -0.9956
vn -0.0030 -0.0487 -0.9988
vn 0.0117 -0.0840 -0.9964
vn 0.0044 0.0408 -0.9992
vn 0.0037 0.1475 -0.9891
vn 0.0042 -0.0356 -0.9994
vn -0.0093 0.0910 -0.9958
vn 0.0126 -0.0440 -0.9990
vn -0.0323 0.1125 -0.9931
vn 0.0474 -0.1033 -0.9935
vn -0.0144 0.0317 -0.9994
vn 0.0438 -0.0663 -0.9968
vn -0.0612 0.0908 -0.9940
vn 0.0596 -0.0657 -0.9961
vn -0.0500 0.0576 -0.9971
vn 0.0652 -0.0544 -0.9964
vn -0.0643 0.0599 -0.9961
vn 0.0714 -0.0435 -0.9965
vn -0.0812 0.0539 -0.9952
vn 0.0837 -0.0357 -0.9959
vn -0.1043 0.0506 -0.9933
vn 0.0439 -0.0140 -0.9989
vn -0.1388 0.0415 -0.9895
vn 0.0909 -0.0149 -0.9957
vn -0.0520 0.0065 -0.9986
vn 0.1416 -0.0011 -0.9899
vn -0.1370 0.0018 -0.9906
vn 0.0635 0.0118 -0.9979
vn -0.0450 -0.0069 -0.9990
vn 0.0924 0.0229 -0.9955
vn -0.1346 -0.0415 -0.9900
vn 0.1021 0.0478 -0.9936
vn -0.0751 -0.0327 -0.9966
vn 0.0176 0.0111 -0.9998
vn -0.1144 -0.0747 -0.9906
vn 0.0755 0.0653 -0.9950
vn -0.0708 -0.0617 -0.9956
vn 0.0488 0.0609 -0.9970
vn -0.0295 -0.0333 -0.9990
vn 0.0292 0.0458 -0.9985
vn -0.0310 -0.0523 -0.9982
vn 0.0578 0.1178 -0.9913
vn 0.0302 0.0999 -0.9945
vn -0.0295 -0.1003 -0.9945
vn -0.0106 -0.0777 -0.9969
vn -0.0184 0.1508 -0.9884
vn -0.0315 0.1141 -0.9930
vn 0.0385 -0.1270 -0.9912
vn -0.0354 0.0692 -0.9970
vn 0.0369 -0.0833 -0.9958
vn -0.0249 0.0379 -0.9990
vn 0.0321 -0.0463 -0.9984
vn -0.0619 0.0755 -0.9952
vn 0.0265 -0.0288 -0.9992
vn -0.1145 0.1005 -0.9883
vn 0.0674 -0.0602 -0.9959
vn -0.0510 0.0322 -0.9982
vn 0.1094 -0.0700 -0.9915
vn -0.0870 0.0390 -0.9954
vn 0.0595 -0.0273 -0.9979
vn -0.0376 0.0051 -0.9993
vn 0.1726 -0.0519 -0.9836
vn 0.0588 -0.0072 -0.9982
vn -0.0310 0.0021 -0.9995
vn 0.0070 0.0430 -0.9991
vn -0.0195 -0.0745 -0.9970
vn 0.0086 0.0230 -0.9997
vn -0.0815 -0.1801 -0.9803
vn -0.0397 -0.0607 -0.9974
vn 0.0354 0.0568 -0.9978
vn -0.0429 -0.0477 -0.9979
vn 0.1036 0.1201 -0.9873
vn -0.0147 -0.0112 -0.9998
vn 0.0660 0.0557 -0.9963
vn -0.0740 -0.0475 -0.9961
vn 0.1158 0.0744 -0.9905
vn -0.0826 -0.0350 -0.9960
vn 0.0755 0.0347 -0.9965
vn -0.0443 -0.0148 -0.9989
vn 0.1366 0.0400 -0.9898
vn -0.1190 -0.0166 -0.9928
vn 0.0554 0.0090 -0.9984
vn -0.5603 0.8282 0.0064
vn -0.6710 0.7399 0.0480
vn -0.4744 0.7347 0.4849
vn -0.9083 -0.4160 0.0435
vn -0.8556 -0.2564 0.4496
vn -0.9595 -0.2817 0.0055
vn 0.4355 -0.8997 0.0302
vn 0.2536 -0.8538 0.4547
vn 0.3043 -0.9525 0.0068
vn 0.9994 0.0215 0.0284
vn 0.9858 0.1663 0.0233
vn 0.8501 0.1065 0.5158
vn 0.9525 0.3039 0.0171
vn 0.8997 0.4352 0.0342
vn 0.7681 0.2231 0.6002
vn 0.6365 0.7710 0.0201
vn 0.5199 0.8527 0.0519
vn 0.5180 0.5958 0.6137
vn 0.2589 0.9658 0.0151
vn 0.1207 0.9923 0.0287
vn 0.2429 0.8288 0.5041
vn -0.9891 -0.1412 0.0410
vn -0.8354 -0.0012 0.5497
vn -0.9996 -0.0238 0.0147
vn 0.7406 0.6710 0.0350
vn 0.5309 0.4500 0.7180
vn 0.3277 0.7024 0.6319
vn 0.3958 0.9179 0.0283
vn -0.4364 0.8994 0.0238
vn -0.3318 0.7384 0.5871
vn -0.9565 0.2796 0.0834
vn -0.6456 0.2915 0.7059
vn -0.9181 0.3947 0.0366
vn -0.8019 -0.1262 0.5840
vn -0.8406 -0.5402 0.0401
vn -0.6309 -0.2926 0.7186
vn -0.5207 -0.8535 0.0207
vn -0.4134 -0.9073 0.0771
vn -0.4407 -0.6832 0.5822
vn -0.2826 -0.9590 0.0211
vn -0.1196 -0.9914 0.0525
vn -0.1985 -0.6934 0.6927
vn 0.1641 -0.9861 0.0250
vn 0.0990 -0.7478 0.6565
vn 0.7701 -0.6369 0.0349
vn 0.8513 -0.5221 0.0524
vn 0.5333 -0.4486 0.7171
vn 0.9912 -0.1216 0.0527
vn 0.7488 -0.2202 0.6251
vn 0.9661 -0.2574 0.0215
vn 0.3519 0.5414 0.7636
vn -0.5338 0.4606 0.7091
vn -0.4272 0.5131 0.7445
vn -0.6441 0.0979 0.7586
vn -0.9890 0.1439 0.0329
vn -0.6471 -0.1820 0.7403
vn -0.5384 -0.4454 0.7153
vn -0.5788 -0.3726 0.7254
vn -0.2623 -0.5785 0.7723
vn -0.0142 -0.7886 0.6147
vn -0.0902 -0.6697 0.7371
vn 0.2994 -0.6505 0.6980
vn 0.1713 -0.6216 0.7644
vn 0.6189 -0.2910 0.7296
vn 0.5772 -0.3716 0.7271
vn 0.7744 -0.0079 0.6326
vn 0.6256 -0.0917 0.7747
vn 0.5758 0.0876 0.8129
vn 0.1013 0.7554 0.6474
vn 0.1611 0.5583 0.8138
vn -0.1964 0.6695 0.7164
vn -0.0732 0.5068 0.8589
vn -0.1346 0.8157 0.5626
vn -0.5425 -0.0732 0.8368
vn 0.5546 -0.6132 0.5624
vn 0.3340 -0.3884 0.8588
vn 0.6325 0.2970 0.7153
vn 0.6117 0.3927 0.6867
vn 0.1916 0.4174 0.8883
vn -0.0058 0.7105 0.7037
vn -0.3382 0.5380 0.7721
vn -0.2018 0.4465 0.8717
vn -0.6516 0.4021 0.6432
vn -0.2685 -0.4135 0.8700
vn 0.2569 -0.4198 0.8705
vn 0.4471 -0.6618 0.6018
vn 0.4334 0.0016 0.9012
vn -0.6110 0.1869 0.7692
vn -0.5841 -0.0006 0.8117
vn -0.4673 -0.5214 0.7140
vn 0.0032 -0.4878 0.8730
vn -0.3444 -0.3000 0.8896
vn -0.0591 -0.4750 0.8780
vn -0.1703 -0.5753 0.8000
vn 0.4011 0.2576 0.8791
vn -0.5994 -0.2702 0.7535
vn 0.0951 -0.6279 0.7725
vn 0.4721 -0.4106 0.7801
vn 0.5377 -0.1575 0.8283
vn 0.3456 0.5430 0.7653
vn -0.2751 0.4252 0.8623
vn -0.6248 -0.1738 0.7612
vn -0.4882 -0.3253 0.8098
vn -0.3037 -0.4917 0.8161
vn 0.3850 -0.4644 0.7976
vn 0.6250 -0.2872 0.7259
vn 0.6885 -0.1000 0.7183
vn 0.6848 0.3188 0.6553
vn 0.3721 0.4165 0.8295
vn 0.1048 0.6767 0.7287
vn -0.2655 0.5819 0.7687
vn -0.5249 0.1532 0.8373
vn -0.6774 0.3037 0.6700
vn -0.7426 -0.1103 0.6606
vn -0.4171 -0.4878 0.7668
vn -0.5819 -0.5097 0.6337
vn -0.3051 -0.6802 0.6665
vn 0.0052 -0.7344 0.6787
vn 0.6213 0.0878 0.7786
vn 0.7907 -0.0003 0.6122
vn 0.5239 0.4541 0.7206
vn 0.6613 0.4421 0.6060
vn -0.0885 0.6785 0.7293
vn 0.0126 0.7654 0.6435
vn -0.5230 0.4498 0.7240
vn -0.4878 0.5556 0.6733
vn -0.7225 -0.4625 0.5139
vn -0.4599 -0.7150 0.5265
vn 0.2944 -0.4757 0.8289
vn 0.4677 -0.7209 0.5115
vn 0.7109 -0.4561 0.5353
vn 0.4878 -0.3150 0.8141
vn 0.5524 0.6380 0.5365
vn -0.9566 -0.2798 0.0820
vn -0.6528 -0.7541 0.0728
vn -0.1151 -0.7871 0.6061
vn -0.3016 -0.9515 0.0611
vn 0.2809 -0.6298 0.7241
vn 0.2453 -0.8335 0.4951
vn 0.1774 -0.6077 0.7741
vn 0.7394 -0.6716 0.0476
vn 0.8367 -0.2459 0.4893
vn 0.6700 0.1922 0.7170
vn 0.9917 0.1185 0.0508
vn 0.2590 0.5871 0.7669
vn 0.2193 0.7024 0.6772
vn 0.4329 0.8996 0.0576
vn -0.4403 0.6864 0.5787
vn -0.3941 0.9176 0.0514
vn -0.8389 0.5374 0.0866
vn -0.5126 0.3281 0.7935
vn -0.9170 -0.3970 0.0391
vn -0.7569 -0.6532 0.0226
vn -0.4390 -0.8980 0.0289
vn 0.1226 -0.9912 0.0500
vn -0.0241 -0.9992 0.0324
vn 0.3962 -0.9175 0.0353
vn 0.8996 -0.4350 0.0376
vn 0.9856 -0.1647 0.0390
vn 0.7684 0.6385 0.0427
vn -0.2160 0.7332 0.6448
vn -0.2586 0.9657 0.0250
vn -0.7546 0.6553 0.0329
vn -0.6361 0.7709 0.0324
vn -0.7411 0.2174 0.6352
vn -0.7660 0.1191 0.6318
vn -0.9593 0.2805 0.0321
vn -0.9899 -0.1401 0.0218
vn -0.8530 -0.5218 0.0151
vn -0.5591 -0.8289 0.0161
vn 0.6355 -0.7719 0.0196
vn 0.5686 -0.6317 0.5269
vn 0.8298 -0.5579 0.0150
vn 0.9996 -0.0224 0.0188
vn 0.5622 0.8259 0.0412
vn 0.6718 0.7406 0.0149
vn 0.2585 -0.9660 0.0071
vn 0.9530 -0.3028 0.0091
vn 0.1238 0.4365 -0.8912
vn -0.1893 -0.4336 -0.8810
vn 0.0775 0.5350 -0.8413
vn -0.2018 0.4465 -0.8717
vn -0.5451 -0.0773 -0.8348
vn -0.3541 -0.5512 -0.7555
vn 0.0811 -0.5518 -0.8300
vn 0.3340 -0.3884 -0.8588
vn 0.4333 0.0015 -0.9013
vn 0.5714 0.0845 -0.8163
vn 0.5274 0.4461 -0.7231
vn 0.1971 0.4408 -0.8757
vn 0.3378 0.5189 -0.7852
vn -0.1962 0.6714 -0.7146
vn -0.6821 0.3065 -0.6639
vn -0.5700 0.0793 -0.8178
vn -0.3121 -0.3619 -0.8784
vn -0.5325 -0.4482 -0.7180
vn -0.0039 -0.4406 -0.8977
vn -0.0854 -0.5775 -0.8119
vn 0.2569 -0.4198 -0.8705
vn 0.2976 -0.6377 -0.7104
vn 0.6192 -0.2913 -0.7292
vn 0.7749 -0.0081 -0.6321
vn 0.6525 0.2988 -0.6964
vn 0.7012 0.1998 -0.6844
vn 0.5176 0.5906 -0.6191
vn 0.2256 0.7597 -0.6099
vn -0.3564 0.5640 -0.7449
vn -0.3369 0.7395 -0.5828
vn -0.7032 0.2001 -0.6822
vn -0.7696 -0.0076 -0.6384
vn -0.6196 -0.2911 -0.7289
vn -0.7484 -0.2184 -0.6262
vn -0.2184 -0.7084 -0.6712
vn -0.0000 -0.7551 -0.6556
vn 0.2189 -0.7502 -0.6239
vn 0.4469 -0.6617 -0.6021
vn 0.6256 -0.0917 -0.7747
vn 0.7487 -0.2201 -0.6253
vn 0.8528 0.1226 -0.5077
vn -0.0041 0.6775 -0.7355
vn 0.1000 0.8235 -0.5584
vn -0.0893 0.5541 -0.8277
vn -0.1221 0.8520 -0.5091
vn -0.5641 0.3599 -0.7432
vn -0.6485 0.5624 -0.5130
vn -0.4271 0.3579 -0.8303
vn -0.8613 0.1234 -0.4928
vn -0.8063 -0.1171 -0.5798
vn -0.5383 -0.6223 -0.5683
vn -0.1234 -0.8552 -0.5034
vn 0.1033 -0.8278 -0.5514
vn 0.5329 -0.4484 -0.7176
vn 0.5543 -0.6132 -0.5629
vn 0.3306 0.6992 -0.6338
vn 0.4837 0.7511 -0.4494
vn -0.4395 0.5153 -0.7357
vn -0.5204 0.8521 -0.0561
vn -0.5755 -0.3704 -0.7291
vn -0.8389 -0.5390 -0.0755
vn -0.3407 -0.7090 -0.6175
vn -0.5576 -0.8284 -0.0528
vn 0.5772 -0.3716 -0.7271
vn 0.8286 -0.5574 -0.0524
vn 0.9993 -0.0239 -0.0283
vn 0.7694 0.6378 -0.0348
vn 0.4352 0.8998 -0.0320
vn 0.0229 0.9989 -0.0402
vn -0.3950 0.9185 -0.0214
vn -0.6389 0.7686 -0.0335
vn -0.9590 0.2820 -0.0294
vn -0.9086 -0.4168 -0.0281
vn -0.6718 -0.7405 -0.0179
vn -0.2806 -0.9589 -0.0426
vn 0.7400 -0.6717 -0.0349
vn 0.9853 -0.1626 -0.0527
vn 0.9528 -0.3029 -0.0216
vn 0.9643 0.2614 -0.0425
vn 0.9929 0.1182 -0.0155
vn 0.6722 0.7401 -0.0226
vn 0.1648 0.9860 -0.0269
vn 0.3050 0.9522 -0.0188
vn -0.2826 0.9573 -0.0611
vn -0.1423 0.9898 -0.0103
vn -0.8402 0.5385 -0.0644
vn -0.7551 0.6555 -0.0103
vn -0.9894 -0.1422 -0.0280
vn -0.9994 0.0248 -0.0241
vn -0.0222 -0.9991 -0.0348
vn -0.1639 -0.9864 -0.0127
vn 0.5579 0.8299 -0.0057
vn -0.9598 -0.2808 -0.0046
vn -0.8996 -0.4350 -0.0382
vn -0.8451 -0.2486 -0.4734
vn -0.5244 -0.8513 -0.0185
vn -0.5872 -0.6760 -0.4452
vn -0.6545 -0.7561 -0.0042
vn 0.6693 -0.7430 -0.0079
vn 0.7699 -0.6369 -0.0406
vn 0.5794 -0.6663 -0.4694
vn 0.9654 -0.2605 -0.0090
vn 0.9920 -0.1203 -0.0381
vn 0.8371 -0.2463 -0.4884
vn -0.9173 0.3970 -0.0294
vn -0.7495 0.4814 -0.4544
vn -0.8414 0.5404 -0.0035
vn -0.9888 -0.1424 -0.0451
vn -0.7326 -0.1077 -0.6721
vn -0.8291 -0.5589 -0.0152
vn -0.7545 -0.6547 -0.0464
vn -0.7237 -0.4632 -0.5117
vn -0.3968 -0.9170 -0.0396
vn -0.4569 -0.7146 -0.5297
vn 0.1660 -0.9860 -0.0143
vn 0.3004 -0.9521 -0.0581
vn 0.1142 -0.8213 -0.5589
vn 0.4549 -0.7135 -0.5329
vn 0.5614 -0.8274 -0.0182
vn 0.8532 -0.5214 -0.0151
vn 0.9183 -0.3941 -0.0378
vn 0.7139 -0.4580 -0.5297
vn 0.9996 0.0206 -0.0187
vn 0.9852 0.1634 -0.0512
vn 0.7905 -0.0001 -0.6124
vn 0.5240 0.8508 -0.0408
vn 0.5528 0.6376 -0.5364
vn 0.6391 0.7690 -0.0148
vn -0.7580 0.6516 -0.0294
vn -0.5920 0.5157 -0.6194
vn -0.6229 -0.2863 -0.7280
vn -0.5770 -0.5029 -0.6435
vn 0.0006 -0.8134 -0.5817
vn 0.0219 -0.9992 -0.0340
vn 0.2981 -0.6642 -0.6855
vn 0.4389 -0.8979 -0.0331
vn 0.6251 -0.2873 -0.7257
vn 0.6904 -0.1004 -0.7165
vn 0.7395 0.6718 -0.0429
vn 0.5239 0.4541 -0.7206
vn -0.4352 0.8990 -0.0496
vn -0.2156 0.7334 -0.6447
vn -0.3007 0.9534 -0.0250
vn -0.4494 0.5150 -0.7300
vn -0.6707 0.7405 -0.0412
vn -0.7670 0.1191 -0.6305
vn -0.7380 0.2166 -0.6391
vn -0.9581 0.2800 -0.0607
vn -0.5521 -0.1599 -0.8183
vn -0.4020 -0.4703 -0.7856
vn 0.1651 -0.5801 -0.7977
vn 0.5031 -0.4441 -0.7414
vn 0.5393 -0.1580 -0.8272
vn 0.6698 0.1918 -0.7173
vn 0.6185 0.0874 -0.7809
vn 0.2142 0.7321 -0.6467
vn 0.2592 0.5873 -0.7668
vn 0.3930 0.9177 -0.0578
vn -0.4478 0.6967 -0.5605
vn -0.2695 0.5890 -0.7618
vn -0.6718 0.2996 -0.6774
vn -0.5013 0.3241 -0.8023
vn -0.4873 -0.3265 -0.8099
vn -0.3117 -0.6589 -0.6846
vn -0.3026 -0.4903 -0.8173
vn 0.0834 -0.5743 -0.8144
vn 0.3965 -0.4783 -0.7836
vn 0.2944 -0.4757 -0.8289
vn 0.4624 -0.3070 -0.8318
vn 0.3458 0.5431 -0.7652
vn 0.3721 0.4165 -0.8295
vn -0.2768 0.4295 -0.8596
vn -0.3444 -0.3001 -0.8896
vn -0.2059 -0.7001 -0.6837
vn 0.0041 -0.5475 -0.8368
vn -0.0824 -0.5241 -0.8476
vn -0.0939 -0.7777 -0.6215
vn 0.4011 0.2576 -0.8791
vn 0.6617 0.4421 -0.6056
vn 0.6849 0.3186 -0.6553
vn 0.0882 0.6108 -0.7868
vn -0.5249 0.1532 -0.8373
vn -0.5276 0.0028 -0.8495
vn 0.0863 -0.0013 0.9963
vn -0.1926 -0.0001 0.9813
vn -0.0879 0.0158 0.9960
vn 0.0444 0.0068 0.9990
vn 0.1890 -0.0010 0.9820
vn -0.0669 -0.0000 0.9978
vn 0.0889 -0.0143 0.9959
vn -0.0542 0.0150 0.9984
vn 0.0535 -0.0173 0.9984
vn -0.1218 0.0552 0.9910
vn 0.0797 -0.0346 0.9962
vn -0.0483 0.0294 0.9984
vn 0.1161 -0.0746 0.9904
vn -0.0930 0.0831 0.9922
vn 0.0598 -0.0513 0.9969
vn -0.0398 0.0450 0.9982
vn 0.0344 -0.0421 0.9985
vn -0.0774 0.1188 0.9899
vn 0.0453 -0.0677 0.9967
vn -0.0406 0.0943 0.9947
vn 0.0543 -0.1172 0.9916
vn -0.0170 0.0608 0.9980
vn 0.0234 -0.0858 0.9960
vn -0.0184 0.1064 0.9942
vn 0.0069 -0.0491 0.9988
vn -0.0034 0.1212 0.9926
vn 0.0003 -0.1001 0.9950
vn 0.0221 0.1488 0.9886
vn -0.0066 -0.0498 0.9987
vn 0.0261 0.0824 0.9963
vn -0.0366 -0.1252 0.9915
vn 0.0230 0.0501 0.9985
vn -0.0266 -0.0525 0.9983
vn 0.0697 0.1125 0.9912
vn -0.0661 -0.1047 0.9923
vn 0.0530 0.0575 0.9969
vn -0.0303 -0.0373 0.9988
vn 0.1060 0.0917 0.9901
vn -0.0603 -0.0538 0.9967
vn 0.0464 0.0327 0.9984
vn -0.1157 -0.0725 0.9906
vn 0.1258 0.0562 0.9905
vn -0.0740 -0.0340 0.9967
vn 0.1057 0.0274 0.9940
vn -0.0542 -0.0153 0.9984
vn -0.1894 -0.0268 0.9815
vn 0.0591 -0.0085 0.9982
vn -0.0661 -0.0097 0.9978
vn -0.0544 0.0103 0.9985
vn 0.1020 -0.0251 0.9945
vn -0.1126 0.0336 0.9931
vn 0.1283 -0.0602 0.9899
vn -0.0562 0.0239 0.9981
vn 0.0444 -0.0273 0.9986
vn -0.0924 0.0602 0.9939
vn 0.0753 -0.0600 0.9954
vn -0.1043 0.0886 0.9906
vn 0.0894 -0.1067 0.9903
vn -0.0417 0.0457 0.9981
vn 0.0273 -0.0405 0.9988
vn -0.0775 0.1220 0.9895
vn 0.0492 -0.1114 0.9926
vn -0.0271 0.0577 0.9980
vn 0.0223 -0.0801 0.9965
vn -0.0401 0.1366 0.9898
vn 0.0077 -0.0581 0.9983
vn -0.0078 0.0651 0.9978
vn 0.0011 -0.0919 0.9958
vn 0.0539 0.0104 0.9985
vn -0.1307 -0.0363 0.9908
vn 0.1222 0.0359 0.9919
vn -0.0887 -0.0458 0.9950
vn 0.0590 0.0252 0.9979
vn -0.0434 -0.0267 0.9987
vn 0.1154 0.0730 0.9906
vn -0.0758 -0.0625 0.9952
vn 0.0448 0.0402 0.9982
vn -0.0756 -0.0803 0.9939
vn 0.0864 0.0930 0.9919
vn -0.0744 -0.1206 0.9899
vn 0.0292 0.0401 0.9988
vn -0.0234 -0.0529 0.9983
vn 0.0491 0.1079 0.9929
vn -0.0290 -0.1000 0.9946
vn 0.0199 0.0602 0.9980
vn -0.0096 -0.0457 0.9989
vn 0.0172 0.1481 0.9888
vn -0.0012 0.1520 0.9884
vn -0.1759 -0.0000 0.9844
vn -0.1512 -0.0193 0.9883
vn -0.0004 0.0001 1.0000
vn -0.0415 -0.0103 0.9991
vn -0.0291 -0.0144 0.9995
vn -0.0353 -0.0235 0.9991
vn -0.0096 -0.0099 0.9999
vn -0.0188 -0.0215 0.9996
vn -0.0054 -0.0084 1.0000
vn -0.0080 -0.0177 0.9998
vn -0.0023 -0.0072 1.0000
vn -0.0023 -0.0146 0.9999
vn -0.0025 -0.0074 1.0000
vn 0.0032 -0.0054 1.0000
vn 0.0045 -0.0062 1.0000
vn 0.0040 -0.0109 0.9999
vn 0.0034 -0.0073 1.0000
vn 0.0037 -0.0064 1.0000
vn 0.0029 -0.0025 1.0000
vn 0.0064 -0.0049 1.0000
vn 0.0037 -0.0038 1.0000
vn 0.0038 0.0022 1.0000
vn 0.0080 -0.0011 1.0000
vn 0.0028 -0.0032 1.0000
vn 0.0050 0.0012 1.0000
vn 0.0071 0.0020 1.0000
vn 0.0031 0.0043 1.0000
vn 0.0083 0.0090 0.9999
vn 0.0070 0.0049 1.0000
vn 0.0062 0.0062 1.0000
vn 0.0058 0.0065 1.0000
vn 0.0025 0.0059 1.0000
vn 0.0019 0.0152 0.9999
vn 0.0049 0.0169 0.9998
vn -0.0000 0.0087 1.0000
vn -0.0039 0.0268 0.9996
vn -0.0024 0.0118 0.9999
vn -0.0187 0.0354 0.9992
vn -0.0383 0.0595 0.9975
vn -0.0331 0.0395 0.9987
vn -0.1137 0.1011 0.9884
vn -0.1193 0.0769 0.9899
vn -0.4540 0.2065 0.8668
vn -0.5259 0.0742 0.8473
vn 0.2796 -0.3260 -0.9031
vn 0.1172 -0.0345 -0.9925
vn 0.0005 0.0001 -1.0000
vn 0.0785 -0.0362 -0.9963
vn 0.0749 -0.0474 -0.9961
vn 0.0321 -0.0253 -0.9992
vn 0.0071 -0.0109 -0.9999
vn 0.0097 -0.0180 -0.9998
vn 0.0126 -0.0245 -0.9996
vn 0.0055 -0.0146 -0.9999
vn 0.0016 -0.0114 -0.9999
vn -0.0001 -0.0064 -1.0000
vn -0.0011 -0.0114 -0.9999
vn -0.0008 -0.0048 -1.0000
vn -0.0044 -0.0026 -1.0000
vn -0.0052 -0.0082 -1.0000
vn -0.0009 -0.0055 -1.0000
vn -0.0048 -0.0003 -1.0000
vn -0.0072 -0.0040 -1.0000
vn -0.0041 -0.0049 -1.0000
vn -0.0033 0.0015 -1.0000
vn -0.0082 0.0018 -1.0000
vn -0.0065 0.0019 -1.0000
vn -0.0060 -0.0014 -1.0000
vn -0.0050 -0.0004 -1.0000
vn -0.0025 0.0027 -1.0000
vn -0.0046 0.0052 -1.0000
vn -0.0054 0.0044 -1.0000
vn -0.0045 0.0064 -1.0000
vn -0.0067 0.0067 -1.0000
vn -0.0018 0.0036 -1.0000
vn -0.0029 0.0119 -0.9999
vn -0.0031 0.0063 -1.0000
vn 0.0024 0.0089 -1.0000
vn 0.0020 0.0170 -0.9999
vn -0.0008 0.0056 -1.0000
vn 0.0087 0.0191 -0.9998
vn 0.0106 0.0126 -0.9999
vn 0.0287 0.0321 -0.9991
vn 0.0185 0.0170 -0.9997
vn 0.0716 0.0461 -0.9964
vn 0.0659 0.0293 -0.9974
vn 0.2486 0.0739 -0.9658
vn 0.2976 -0.2912 -0.9092
vn 0.9523 0.3051 0.0059
vn 0.8998 0.4362 0.0137
vn 0.5204 0.8538 0.0148
vn 0.6347 0.7728 0.0058
vn -0.1643 0.9863 0.0133
vn -0.0242 0.9997 0.0079
vn -0.2817 0.9595 0.0088
vn -0.4154 0.9096 0.0099
vn -0.5607 0.8280 0.0060
vn -0.6724 0.7401 0.0136
vn -0.7705 0.6374 0.0056
vn -0.8550 0.5186 0.0093
vn -0.9857 -0.1682 0.0057
vn -0.9523 -0.3047 0.0148
vn -0.7539 -0.6570 0.0082
vn -0.8408 -0.5413 0.0087
vn -0.4138 -0.9103 0.0103
vn -0.5409 -0.8410 0.0087
vn 0.8542 -0.5199 0.0058
vn 0.9200 -0.3918 0.0106
vn 0.8276 0.5612 0.0065
vn 0.7411 0.6713 0.0138
vn -0.9188 0.3945 0.0136
vn -0.9597 0.2809 0.0094
vn -0.9861 0.1655 0.0160
vn -0.2594 -0.9658 0.0059
vn -0.1177 -0.9929 0.0157
vn 0.4370 -0.8994 0.0068
vn 0.5628 -0.8265 0.0114
vn 0.2619 0.9650 0.0150
vn 0.3932 0.9194 0.0077
vn -1.0000 0.0015 0.0087
vn -0.9007 -0.4343 0.0106
vn 0.0238 -0.9997 0.0080
vn 0.1654 -0.9861 0.0161
vn 0.3024 -0.9531 0.0110
vn 0.6727 -0.7398 0.0161
vn 0.9657 -0.2592 0.0159
vn 0.9866 0.1627 0.0150
vn -0.6397 -0.7685 0.0154
vn 0.7689 -0.6393 0.0110
vn -0.4992 -0.8036 0.3240
vn -0.6276 -0.7545 0.1919
vn -0.3887 -0.9001 0.1968
vn -0.2530 -0.9130 0.3201
vn -0.1203 -0.9725 0.1993
vn 0.0153 -0.9361 0.3514
vn 0.4251 -0.8847 0.1911
vn 0.5296 -0.8074 0.2600
vn 0.9730 -0.1198 0.1973
vn 0.9286 0.0155 0.3707
vn 0.7278 0.6424 0.2401
vn 0.6259 0.7353 0.2601
vn -0.0136 0.9400 0.3409
vn 0.1192 0.9738 0.1935
vn -0.1605 0.9681 0.1925
vn -0.2776 0.8966 0.3452
vn -0.5470 0.8148 0.1920
vn -0.6354 0.7117 0.2997
vn -0.9727 -0.1418 0.1836
vn -0.8812 -0.2743 0.3851
vn -0.8104 -0.5437 0.2183
vn -0.7026 -0.6269 0.3366
vn 0.6379 -0.7207 0.2716
vn 0.7198 -0.6036 0.3428
vn 0.8310 -0.5109 0.2198
vn 0.8656 -0.3826 0.3232
vn 0.3781 0.8637 0.3334
vn 0.5113 0.8169 0.2669
vn 0.2509 0.9335 0.2563
vn -0.4219 0.8695 0.2570
vn -0.7987 0.4969 0.3392
vn -0.7521 0.6249 0.2095
vn -0.8970 0.3869 0.2138
vn -0.9038 0.2501 0.3472
vn 0.1577 -0.9432 0.2925
vn 0.8396 0.4001 0.3673
vn 0.9226 0.2914 0.2527
vn -0.8531 -0.4143 0.3171
vn 0.8935 -0.2461 0.3757
vn 0.9310 0.1563 0.3299
vn -0.7937 -0.4912 0.3588
vn -0.1459 -0.9151 0.3759
vn 0.4948 -0.7929 0.3557
vn 0.7819 -0.5198 0.3443
vn 0.9261 -0.1496 0.3463
vn 0.3998 0.8413 0.3638
vn -0.6024 0.7152 0.3545
vn -0.8881 0.2758 0.3677
vn -0.9100 -0.1311 0.3933
vn 0.2570 -0.9163 0.3073
vn 0.9348 0.1196 0.3343
vn 0.7997 0.4940 0.3413
vn 0.2800 0.9143 0.2928
vn -0.2537 0.9056 0.3400
vn -0.7860 0.5194 0.3352
vn -0.9441 0.1466 0.2952
vn -0.8872 -0.3801 0.2614
vn -0.7355 -0.6251 0.2613
vn 0.3880 -0.8952 0.2193
vn 0.9294 0.2613 0.2606
vn 0.6325 0.7105 0.3086
vn -0.1117 0.9581 0.2639
vn -0.3901 0.8830 0.2610
vn -0.7251 0.6542 0.2151
vn -0.9452 -0.2599 0.1974
vn -0.4005 -0.8338 0.3799
vn -0.5431 -0.8169 0.1941
vn 0.1174 -0.9292 0.3505
vn -0.0173 -0.9793 0.2017
vn 0.7185 -0.6513 0.2440
vn 0.9242 -0.2949 0.2427
vn 0.9796 -0.0165 0.2001
vn 0.8981 0.3915 0.2003
vn 0.5458 0.8157 0.1916
vn 0.0198 0.9690 0.2463
vn -0.5143 0.8349 0.1959
vn -0.8828 0.4264 0.1970
vn -0.9861 0.0001 0.1663
vn 0.9928 0.1187 -0.0151
vn 0.5578 0.8298 -0.0148
vn 0.3047 0.9523 -0.0148
vn -0.4154 0.9094 -0.0208
vn -0.9002 0.4353 -0.0153
vn -0.9650 -0.2619 -0.0148
vn -0.6735 -0.7391 -0.0152
vn -0.3063 -0.9518 -0.0168
vn 0.7390 -0.6736 -0.0109
vn 0.9527 -0.3036 -0.0157
vn 0.9997 -0.0234 -0.0084
vn 0.9185 0.3953 -0.0135
vn 0.7704 0.6374 -0.0136
vn 0.4379 0.8990 -0.0076
vn -0.1190 0.9928 -0.0107
vn -0.9593 0.2822 -0.0082
vn -0.9200 -0.3918 -0.0105
vn 0.2577 -0.9662 -0.0107
vn 0.9007 -0.4343 -0.0105
vn 0.8543 0.5197 -0.0064
vn -0.8290 0.5592 -0.0096
vn -0.9927 0.1203 -0.0081
vn 0.6383 -0.7697 -0.0153
vn 0.5224 -0.8527 -0.0092
vn 0.9666 0.2563 -0.0059
vn 0.6732 0.7395 -0.0058
vn 0.0225 0.9996 -0.0149
vn 0.1681 0.9858 -0.0057
vn -0.2822 0.9593 -0.0045
vn -0.6378 0.7702 -0.0089
vn -0.5180 0.8554 -0.0058
vn -0.9929 -0.1192 -0.0054
vn -0.7541 -0.6565 -0.0163
vn -0.8407 -0.5414 -0.0043
vn -0.4133 -0.9105 -0.0163
vn -0.5409 -0.8411 -0.0043
vn 0.8267 -0.5626 -0.0057
vn -0.0169 0.0005 -0.9999
vn -0.0003 0.0099 -1.0000
vn 0.0003 -0.0029 -1.0000
vn -0.0024 0.0027 -1.0000
vn 0.0100 0.0020 -0.9999
vn 0.0501 -0.0013 -0.9987
vn -0.0284 -0.4997 -0.8658
vn -0.0149 -0.0016 -0.9999
vn 0.3169 -0.3917 -0.8638
vn 0.5972 -0.4841 -0.6395
vn 0.4190 -0.6232 -0.6603
vn 0.6602 -0.0014 -0.7511
vn 0.8645 -0.5026 -0.0013
vn 1.0000 -0.0008 -0.0096
vn 0.4486 -0.8937 -0.0052
vn 0.7302 -0.6833 -0.0031
vn 0.1430 -0.9897 -0.0041
vn 0.4197 0.2032 -0.8846
vn 0.4736 0.0011 -0.8808
vn 0.7567 0.2073 -0.6200
vn 0.6983 0.0036 -0.7158
vn 0.4082 0.6409 -0.6501
vn 0.3268 0.5404 -0.7754
vn 0.8153 0.5790 -0.0066
vn 0.8832 0.0001 -0.4690
vn 1.0000 0.0011 -0.0012
vn 0.1421 0.9898 -0.0080
vn 0.5788 0.8155 -0.0032
vn 0.0260 -0.0010 0.9997
vn 0.5785 -0.2718 0.7691
vn 0.6906 -0.0016 0.7233
vn 0.5402 -0.5839 0.6060
vn 0.4339 -0.5350 0.7250
vn 0.6983 -0.7157 0.0049
vn 0.1645 -0.9864 0.0048
vn 0.7239 0.6899 0.0094
vn 0.8873 0.0023 0.4612
vn 0.9197 0.3926 0.0023
vn 0.4619 0.0035 0.8869
vn 0.7076 0.0005 0.7066
vn 0.5105 0.4790 0.7141
vn -0.0123 0.0013 0.9999
vn -0.5021 0.1762 0.8466
vn -0.4715 0.0015 0.8819
vn -0.5994 0.2997 0.7422
vn -0.6815 0.6423 0.3506
vn -0.7867 0.6173 0.0067
vn -1.0000 0.0033 0.0025
vn -0.8047 0.0008 0.5937
vn -0.4541 0.0035 -0.8910
vn -0.5338 0.5555 -0.6375
vn -0.5365 0.3112 -0.7844
vn -0.4735 0.8808 -0.0071
vn -0.1485 0.9889 -0.0077
vn -0.6900 0.7238 -0.0055
vn -1.0000 0.0004 -0.0039
vn -0.9025 0.4306 -0.0018
vn -0.8836 -0.4680 -0.0154
vn -0.5137 -0.0023 -0.8580
vn -0.8022 -0.4287 -0.4155
vn -0.5056 -0.6197 -0.6002
vn -0.4399 -0.8981 -0.0021
vn -0.1436 -0.9896 -0.0109
vn -0.8450 -0.0007 -0.5348
vn -1.0000 -0.0012 -0.0012
vn -0.0158 -0.0006 0.9999
vn -0.6216 -0.0007 0.7834
vn -0.1746 -0.0688 0.9822
vn -0.4651 -0.5383 0.7028
vn -0.2777 -0.2869 0.9168
vn -1.0000 -0.0001 0.0064
vn -0.9094 -0.4160 0.0027
vn -0.1959 0.7425 0.6406
vn -0.1320 0.9909 0.0246
vn -0.0588 0.4632 0.8843
vn 0.0466 0.6482 -0.7601
vn -0.1056 0.9942 -0.0199
vn 0.0728 0.9973 -0.0088
vn -0.7478 0.0005 -0.6639
vn -0.1555 -0.9878 0.0084
vn 1.0000 -0.0027 0.0049
vn 0.2274 0.9738 0.0036
vn 1.0000 0.0003 0.0038
vn 0.0936 -0.9955 0.0163
vn 0.0203 -0.2540 0.9670
vn -0.0473 -0.6607 0.7492
vn -0.0210 -0.2406 0.9704
vn -0.0487 -0.9988 0.0051
vn -0.9928 0.0356 0.1145
vn -0.9900 0.1395 0.0212
vn -1.0000 -0.0001 0.0096
vn -1.0000 0.0038 -0.0001
vn -0.9027 0.0016 0.4302
vn 0.9999 0.0002 0.0129
vn 0.9974 0.0726 0.0039
vn 0.9719 0.0700 0.2246
vn 0.9727 0.0056 0.2321
vn 1.0000 0.0031 -0.0011
vn 0.3001 0.6808 0.6682
vn 0.3390 0.6838 0.6461
vn 0.2337 0.2943 0.9267
vn 0.0168 0.0010 0.9999
vn -0.0306 0.0017 0.9995
vn -0.2506 0.0633 0.9660
vn 0.1321 0.9912 0.0059
vn 0.1120 0.9937 0.0008
vn -0.0764 0.9971 0.0065
vn -0.0053 1.0000 -0.0035
vn 0.0024 1.0000 0.0021
vn 0.0021 1.0000 0.0015
vn -0.1913 0.9815 -0.0003
vn 0.0454 0.0021 0.9990
vn 0.0092 0.0002 1.0000
vn -0.0010 0.0002 1.0000
vn 0.0001 0.0043 1.0000
vn -0.0302 0.7259 0.6871
vn -0.6257 0.0012 0.7800
vn 0.4087 0.9116 0.0435
vn -0.1219 0.7705 0.6256
vn 0.6629 0.6902 0.2902
vn 0.1200 0.8195 0.5603
vn 0.2679 0.7448 0.6111
vn 0.7062 0.0335 0.7072
vn -0.7283 0.0049 0.6853
vn 0.4751 0.8619 -0.1773
vn 0.7888 0.6031 -0.1183
vn -0.9147 0.3114 0.2577
vn 0.7068 0.0109 0.7073
vn -0.6977 0.1528 0.6999
vn -0.3758 0.8760 0.3023
vn -0.6195 0.5761 0.5331
vn 0.8766 0.4543 0.1585
vn 0.5104 0.2360 0.8269
vn -0.8049 0.5802 -0.1243
vn -0.6786 0.6229 0.3893
vn 0.9182 0.3952 -0.0261
vn 0.8517 0.5217 -0.0490
vn 0.8283 0.5584 0.0460
vn -0.0200 0.9991 0.0367
vn -0.2826 0.9587 0.0337
vn -0.1399 0.9891 0.0459
vn -0.8404 0.5413 0.0267
vn -0.7548 0.6547 0.0410
vn -0.8995 0.4362 -0.0250
vn -0.9895 0.1434 -0.0194
vn -0.9589 -0.2816 -0.0342
vn -0.7701 -0.6369 -0.0350
vn -0.7397 -0.6719 0.0387
vn -0.6355 -0.7713 0.0355
vn -0.4149 -0.9095 -0.0234
vn 0.1215 -0.9922 -0.0278
vn 0.0236 -0.9992 0.0314
vn 0.2580 -0.9659 -0.0231
vn 0.3948 -0.9180 -0.0374
vn 0.5194 -0.8539 -0.0338
vn 0.6360 -0.7712 -0.0279
vn 0.5573 -0.8296 0.0338
vn 0.6705 -0.7414 0.0279
vn 0.8993 -0.4359 -0.0361
vn 0.9183 -0.3942 0.0363
vn -0.9996 -0.0226 -0.0172
vn -0.9996 0.0226 0.0172
vn -0.2587 -0.9657 -0.0234
vn -0.1635 -0.9863 0.0220
vn -0.1216 -0.9920 -0.0332
vn 0.5227 -0.8524 0.0145
vn 0.9637 0.2643 0.0379
vn 0.9515 0.3054 -0.0379
vn 0.9185 0.3947 0.0250
vn 0.8998 0.4356 -0.0250
vn 0.8535 0.5200 0.0332
vn 0.8296 0.5573 -0.0333
vn 0.2989 0.9535 0.0379
vn 0.2590 0.9655 -0.0249
vn 0.1630 0.9860 0.0366
vn 0.1213 0.9911 -0.0545
vn 0.0208 0.9992 0.0347
vn -0.0234 0.9990 -0.0390
vn -0.1218 0.9918 0.0380
vn -0.1656 0.9855 -0.0379
vn -0.5228 0.8522 0.0213
vn -0.5605 0.8280 -0.0180
vn -0.8998 0.4354 0.0271
vn -0.9899 0.1399 -0.0207
vn -0.9895 0.1387 0.0398
vn -0.5276 0.0028 0.8495
vn -0.4965 0.0714 0.8651
vn -0.8555 -0.0002 0.5178
vn 0.5949 0.3820 -0.7072
vn -0.8555 0.0002 -0.5178
vn 0.0054 0.7032 -0.7109
vn -0.0966 0.7007 -0.7069
vn -0.4966 0.0714 -0.8651
vn -0.9251 -0.0000 0.3797
vn -0.6426 -0.7257 0.2456
vn -0.2872 -0.9182 0.2728
vn 0.2956 -0.9246 0.2404
vn 0.6273 -0.7542 0.1943
vn 0.8841 -0.4234 0.1977
vn 0.7502 0.6250 0.2160
vn 0.8158 0.5457 0.1915
vn 0.1594 0.9681 0.1932
vn -0.9695 0.1213 0.2130
vn 0.9997 0.0253 0.0078
vn 0.1191 0.9929 0.0055
vn -0.7390 0.6737 -0.0095
vn -0.9999 -0.0026 -0.0117
vn -0.1649 -0.9863 -0.0077
vn -0.0239 -0.9996 -0.0151
vn 0.1193 -0.9928 -0.0112
vn 0.3922 -0.9199 -0.0064
vn 0.9860 -0.1665 -0.0119
vn 0.9928 -0.1193 0.0117
vn -0.0969 -0.9952 -0.0160
vn 0.0480 -0.9986 -0.0215
vn -0.1692 0.1175 -0.9785
vn -0.6496 -0.7603 0.0040
vn -0.7659 -0.6430 -0.0018
vn -0.3662 -0.6203 0.6937
vt 0.133545 0.941127
vt 0.133076 0.941031
vt 0.133145 0.940717
vt 0.131881 0.947915
vt 0.131933 0.947619
vt 0.132420 0.947678
vt 0.133625 0.940847
vt 0.133974 0.941310
vt 0.134124 0.941036
vt 0.134388 0.941550
vt 0.134569 0.941308
vt 0.134764 0.941846
vt 0.134994 0.941635
vt 0.135094 0.942193
vt 0.135351 0.942016
vt 0.135392 0.942599
vt 0.135643 0.942435
vt 0.135590 0.943009
vt 0.135889 0.942896
vt 0.135750 0.943474
vt 0.136051 0.943395
vt 0.135846 0.943943
vt 0.136147 0.943922
vt 0.135857 0.944435
vt 0.136159 0.944431
vt 0.135796 0.944910
vt 0.136113 0.944964
vt 0.135690 0.945375
vt 0.135981 0.945456
vt 0.135508 0.945818
vt 0.135796 0.945961
vt 0.135271 0.946218
vt 0.135536 0.946384
vt 0.134994 0.946603
vt 0.135204 0.946805
vt 0.134625 0.946921
vt 0.134813 0.947171
vt 0.134246 0.947191
vt 0.134384 0.947471
vt 0.133812 0.947423
vt 0.133926 0.947693
vt 0.133343 0.947572
vt 0.133447 0.947866
vt 0.132885 0.947655
vt 0.132933 0.947964
vt 0.132398 0.947990
vt 0.131454 0.947510
vt 0.132361 0.940942
vt 0.131354 0.947815
vt 0.131024 0.947332
vt 0.130882 0.947621
vt 0.130621 0.947099
vt 0.130435 0.947347
vt 0.130229 0.946801
vt 0.130031 0.947016
vt 0.129914 0.946441
vt 0.129667 0.946628
vt 0.129633 0.946054
vt 0.129372 0.946227
vt 0.129413 0.945629
vt 0.129127 0.945750
vt 0.129262 0.945175
vt 0.128956 0.945242
vt 0.129137 0.944355
vt 0.128854 0.944755
vt 0.128855 0.944107
vt 0.129188 0.943749
vt 0.132625 0.940651
vt 0.132102 0.940682
vt 0.131643 0.941095
vt 0.131586 0.940799
vt 0.131213 0.941230
vt 0.131092 0.940943
vt 0.130785 0.941445
vt 0.130596 0.941183
vt 0.130369 0.941711
vt 0.130196 0.941478
vt 0.130044 0.942046
vt 0.129799 0.941839
vt 0.129729 0.942425
vt 0.129479 0.942254
vt 0.129490 0.942855
vt 0.129213 0.942689
vt 0.129324 0.943289
vt 0.129016 0.943203
vt 0.120462 0.942650
vt 0.120624 0.942928
vt 0.120047 0.943069
vt 0.121145 0.949645
vt 0.121622 0.949589
vt 0.122033 0.949810
vt 0.119951 0.942772
vt 0.119584 0.943241
vt 0.119452 0.942970
vt 0.119185 0.943484
vt 0.119004 0.943241
vt 0.118807 0.943780
vt 0.118578 0.943567
vt 0.118475 0.944126
vt 0.118227 0.943938
vt 0.118195 0.944516
vt 0.117929 0.944354
vt 0.117974 0.944941
vt 0.117688 0.944819
vt 0.117811 0.945406
vt 0.117510 0.945326
vt 0.117713 0.945877
vt 0.117404 0.945826
vt 0.117702 0.946357
vt 0.117389 0.946378
vt 0.117759 0.946846
vt 0.117430 0.946902
vt 0.117858 0.947301
vt 0.117572 0.947393
vt 0.118044 0.947757
vt 0.117755 0.947899
vt 0.118280 0.948160
vt 0.118013 0.948325
vt 0.118556 0.948547
vt 0.118344 0.948749
vt 0.118924 0.948867
vt 0.118735 0.949117
vt 0.119303 0.949140
vt 0.119148 0.949398
vt 0.119737 0.949374
vt 0.119761 0.949702
vt 0.120207 0.949526
vt 0.120665 0.949611
vt 0.120628 0.949931
vt 0.121140 0.949948
vt 0.122100 0.949472
vt 0.122533 0.949296
vt 0.122662 0.949593
vt 0.122938 0.949064
vt 0.123123 0.949313
vt 0.123331 0.948767
vt 0.123529 0.948983
vt 0.123655 0.948411
vt 0.123895 0.948595
vt 0.123932 0.948004
vt 0.124193 0.948195
vt 0.124155 0.947595
vt 0.124441 0.947718
vt 0.124308 0.947141
vt 0.124614 0.947209
vt 0.124436 0.946319
vt 0.124719 0.946722
vt 0.124721 0.946072
vt 0.124389 0.945712
vt 0.120970 0.942611
vt 0.121457 0.942937
vt 0.121711 0.942671
vt 0.121926 0.943035
vt 0.122370 0.943177
vt 0.122492 0.942891
vt 0.122797 0.943395
vt 0.122988 0.943133
vt 0.123213 0.943663
vt 0.123388 0.943431
vt 0.123538 0.944001
vt 0.123778 0.943800
vt 0.123845 0.944386
vt 0.124109 0.944223
vt 0.124092 0.944798
vt 0.124368 0.944649
vt 0.124254 0.945250
vt 0.124564 0.945165
vt 0.167247 0.946803
vt 0.167291 0.946362
vt 0.167299 0.946813
vt 0.136712 0.981324
vt 0.136681 0.980806
vt 0.136734 0.980808
vt 0.124670 0.979790
vt 0.124646 0.979257
vt 0.124699 0.979261
vt 0.169685 0.969153
vt 0.169676 0.968594
vt 0.169738 0.968598
vt 0.169678 0.968044
vt 0.169694 0.967518
vt 0.169749 0.968059
vt 0.167293 0.951449
vt 0.167300 0.950999
vt 0.167364 0.951429
vt 0.167254 0.949992
vt 0.167256 0.949450
vt 0.167315 0.949985
vt 0.136708 0.980267
vt 0.136658 0.979712
vt 0.136718 0.979709
vt 0.169710 0.966561
vt 0.169782 0.966177
vt 0.169788 0.966596
vt 0.167342 0.950497
vt 0.167274 0.950514
vt 0.167260 0.947285
vt 0.167327 0.947305
vt 0.136690 0.978604
vt 0.136624 0.978093
vt 0.136700 0.978072
vt 0.136651 0.980260
vt 0.136706 0.981809
vt 0.136635 0.981313
vt 0.124663 0.976021
vt 0.124657 0.976510
vt 0.124595 0.976036
vt 0.124677 0.977036
vt 0.124670 0.977586
vt 0.124597 0.977045
vt 0.124679 0.978711
vt 0.124609 0.978698
vt 0.169710 0.971686
vt 0.169710 0.971247
vt 0.169788 0.971656
vt 0.169695 0.969706
vt 0.169757 0.970238
vt 0.169687 0.970249
vt 0.167374 0.950975
vt 0.167374 0.946007
vt 0.167366 0.946403
vt 0.136614 0.979157
vt 0.136697 0.979150
vt 0.136634 0.980793
vt 0.136637 0.982216
vt 0.136631 0.981781
vt 0.124583 0.976534
vt 0.124612 0.978143
vt 0.124594 0.977591
vt 0.124590 0.979776
vt 0.124596 0.979247
vt 0.169772 0.970755
vt 0.169784 0.971222
vt 0.169752 0.969150
vt 0.169778 0.969699
vt 0.169780 0.968601
vt 0.167325 0.949444
vt 0.167357 0.949979
vt 0.134156 0.940969
vt 0.133659 0.940796
vt 0.133667 0.940755
vt 0.136074 0.945486
vt 0.135859 0.945974
vt 0.136038 0.945471
vt 0.129596 0.946697
vt 0.129301 0.946251
vt 0.129633 0.946678
vt 0.129420 0.942208
vt 0.129134 0.942671
vt 0.129747 0.941791
vt 0.130134 0.941432
vt 0.130570 0.941108
vt 0.131053 0.940889
vt 0.132079 0.940627
vt 0.131565 0.940752
vt 0.131556 0.940699
vt 0.133146 0.940640
vt 0.132614 0.940579
vt 0.135027 0.941577
vt 0.134597 0.941268
vt 0.134620 0.941230
vt 0.135957 0.942870
vt 0.136124 0.943379
vt 0.135587 0.946442
vt 0.133449 0.947932
vt 0.133945 0.947738
vt 0.133964 0.947776
vt 0.130854 0.947677
vt 0.130389 0.947407
vt 0.129998 0.947052
vt 0.129967 0.947082
vt 0.128781 0.944748
vt 0.128781 0.944216
vt 0.128866 0.943693
vt 0.128812 0.943681
vt 0.128967 0.943172
vt 0.135710 0.942399
vt 0.136228 0.944433
vt 0.136211 0.943896
vt 0.136172 0.944958
vt 0.134440 0.947524
vt 0.131872 0.947966
vt 0.132396 0.948056
vt 0.128889 0.945279
vt 0.130401 0.941749
vt 0.132603 0.941002
vt 0.132130 0.941041
vt 0.134951 0.946575
vt 0.129793 0.942468
vt 0.133524 0.941193
vt 0.135330 0.942627
vt 0.135780 0.943951
vt 0.133790 0.947358
vt 0.130262 0.946765
vt 0.129555 0.942870
vt 0.130075 0.942096
vt 0.131223 0.941287
vt 0.135053 0.942245
vt 0.135678 0.943497
vt 0.135782 0.944413
vt 0.135208 0.946175
vt 0.134205 0.947150
vt 0.132403 0.947601
vt 0.130643 0.947034
vt 0.129201 0.944700
vt 0.129335 0.945160
vt 0.129399 0.943313
vt 0.130806 0.941508
vt 0.130437 0.941790
vt 0.131679 0.941158
vt 0.133062 0.941100
vt 0.135633 0.945337
vt 0.135722 0.944881
vt 0.134579 0.946864
vt 0.134915 0.946535
vt 0.131488 0.947441
vt 0.131942 0.947548
vt 0.129690 0.946019
vt 0.129972 0.946396
vt 0.130106 0.942118
vt 0.131238 0.941322
vt 0.134735 0.941896
vt 0.134709 0.941924
vt 0.135507 0.943055
vt 0.135543 0.943046
vt 0.134188 0.947114
vt 0.126993 0.986421
vt 0.126921 0.985957
vt 0.126993 0.985975
vt 0.113711 0.981523
vt 0.113667 0.981151
vt 0.113741 0.981116
vt 0.113743 0.982865
vt 0.113685 0.982405
vt 0.113774 0.982383
vt 0.113746 0.984775
vt 0.113704 0.984309
vt 0.113759 0.984322
vt 0.128765 0.976858
vt 0.128718 0.976497
vt 0.128801 0.976459
vt 0.128803 0.978177
vt 0.128754 0.977724
vt 0.128816 0.977709
vt 0.128809 0.979145
vt 0.128798 0.979627
vt 0.128734 0.979149
vt 0.172769 0.940436
vt 0.172772 0.939972
vt 0.172844 0.940407
vt 0.172800 0.937220
vt 0.172846 0.937649
vt 0.172772 0.937623
vt 0.126982 0.983600
vt 0.126919 0.983193
vt 0.126992 0.983166
vt 0.126957 0.986826
vt 0.126908 0.986401
vt 0.113643 0.980816
vt 0.113712 0.980792
vt 0.113667 0.981954
vt 0.113737 0.981943
vt 0.113746 0.983349
vt 0.113684 0.983836
vt 0.113675 0.983356
vt 0.113711 0.985196
vt 0.113667 0.984762
vt 0.128719 0.977284
vt 0.128798 0.977269
vt 0.128786 0.978664
vt 0.128724 0.978195
vt 0.132484 0.965621
vt 0.132396 0.965246
vt 0.132484 0.965203
vt 0.172774 0.938081
vt 0.172852 0.938091
vt 0.126973 0.982429
vt 0.126913 0.982804
vt 0.126904 0.982461
vt 0.126974 0.984060
vt 0.126970 0.984537
vt 0.126906 0.984073
vt 0.126897 0.985492
vt 0.126970 0.985498
vt 0.126905 0.987184
vt 0.126897 0.986812
vt 0.113650 0.981536
vt 0.113655 0.985920
vt 0.113643 0.985574
vt 0.113695 0.985585
vt 0.128704 0.976874
vt 0.128715 0.978668
vt 0.172825 0.941228
vt 0.172853 0.940826
vt 0.172887 0.941209
vt 0.113650 0.984306
vt 0.128701 0.977729
vt 0.121492 0.942596
vt 0.120106 0.949853
vt 0.120973 0.942552
vt 0.118977 0.943200
vt 0.117515 0.947407
vt 0.119600 0.949709
vt 0.122199 0.949820
vt 0.123930 0.948646
vt 0.124712 0.945657
vt 0.124613 0.945134
vt 0.123451 0.943385
vt 0.122016 0.942697
vt 0.122532 0.942836
vt 0.119420 0.942903
vt 0.117437 0.945306
vt 0.117333 0.946365
vt 0.119132 0.949457
vt 0.118677 0.949164
vt 0.121681 0.949925
vt 0.121157 0.950003
vt 0.123562 0.949020
vt 0.123169 0.949373
vt 0.124682 0.947247
vt 0.124766 0.945645
vt 0.124164 0.944167
vt 0.124438 0.944631
vt 0.123015 0.943058
vt 0.121507 0.942537
vt 0.118545 0.943508
vt 0.118955 0.943163
vt 0.117333 0.945833
vt 0.117351 0.946902
vt 0.117963 0.948383
vt 0.117683 0.947916
vt 0.120617 0.950002
vt 0.121686 0.949978
vt 0.122708 0.949651
vt 0.123593 0.949050
vt 0.124795 0.946182
vt 0.124793 0.946714
vt 0.124650 0.945123
vt 0.120430 0.942578
vt 0.120966 0.942512
vt 0.119919 0.942722
vt 0.119914 0.942683
vt 0.117614 0.944803
vt 0.117840 0.944317
vt 0.117874 0.944336
vt 0.137816 0.979705
vt 0.137805 0.979151
vt 0.137846 0.979152
vt 0.117479 0.947422
vt 0.119104 0.949487
vt 0.125827 0.977597
vt 0.125804 0.978143
vt 0.125786 0.977588
vt 0.122210 0.949857
vt 0.124265 0.948219
vt 0.123967 0.948665
vt 0.166170 0.950503
vt 0.166219 0.951000
vt 0.166165 0.950981
vt 0.166165 0.946396
vt 0.166217 0.946813
vt 0.166147 0.946841
vt 0.137846 0.981776
vt 0.137843 0.982211
vt 0.137774 0.981804
vt 0.125811 0.976056
vt 0.125794 0.976522
vt 0.125731 0.976015
vt 0.168571 0.971221
vt 0.168569 0.970754
vt 0.168644 0.971250
vt 0.168571 0.969148
vt 0.168587 0.968597
vt 0.168637 0.969156
vt 0.168613 0.966176
vt 0.168663 0.966562
vt 0.168586 0.966595
vt 0.166166 0.949992
vt 0.166235 0.950522
vt 0.166138 0.948897
vt 0.166164 0.948358
vt 0.166214 0.948906
vt 0.166221 0.947293
vt 0.166156 0.947311
vt 0.137820 0.976744
vt 0.137794 0.977130
vt 0.137741 0.976706
vt 0.137752 0.978597
vt 0.137821 0.978608
vt 0.137839 0.981308
vt 0.137761 0.981320
vt 0.125711 0.975572
vt 0.125770 0.975590
vt 0.125734 0.977037
vt 0.125802 0.977043
vt 0.168660 0.971688
vt 0.168584 0.971654
vt 0.168574 0.970237
vt 0.168629 0.969710
vt 0.168643 0.970251
vt 0.168640 0.968047
vt 0.168648 0.968595
vt 0.166274 0.951456
vt 0.166205 0.951434
vt 0.166218 0.949459
vt 0.166235 0.949999
vt 0.166213 0.947810
vt 0.166224 0.948349
vt 0.137749 0.977571
vt 0.137732 0.977112
vt 0.137758 0.980263
vt 0.137745 0.979702
vt 0.125737 0.978145
vt 0.125725 0.977581
vt 0.166270 0.951010
vt 0.125882 0.985956
vt 0.125859 0.986398
vt 0.125829 0.985960
vt 0.112616 0.981533
vt 0.112567 0.981143
vt 0.112620 0.981154
vt 0.112620 0.985571
vt 0.112577 0.985916
vt 0.112567 0.985582
vt 0.127696 0.977725
vt 0.127677 0.978189
vt 0.127644 0.977721
vt 0.125860 0.983620
vt 0.125829 0.983187
vt 0.125881 0.983196
vt 0.125869 0.985493
vt 0.125798 0.985498
vt 0.125870 0.986810
vt 0.125858 0.987185
vt 0.125809 0.986826
vt 0.112612 0.981951
vt 0.112556 0.981523
vt 0.112630 0.983830
vt 0.112604 0.984303
vt 0.112568 0.983838
vt 0.112556 0.985195
vt 0.112616 0.985183
vt 0.127676 0.976869
vt 0.127671 0.977279
vt 0.127616 0.976855
vt 0.127687 0.978663
vt 0.127664 0.979141
vt 0.127617 0.978661
vt 0.173914 0.940830
vt 0.173964 0.941228
vt 0.173904 0.941211
vt 0.125868 0.982805
vt 0.125799 0.982788
vt 0.125781 0.986419
vt 0.136614 0.973991
vt 0.136688 0.973604
vt 0.136688 0.974029
vt 0.112561 0.983351
vt 0.112620 0.983352
vt 0.112535 0.984774
vt 0.112612 0.984758
vt 0.127594 0.977266
vt 0.127602 0.978177
vt 0.127651 0.980878
vt 0.127592 0.981242
vt 0.127576 0.980907
vt 0.173907 0.937654
vt 0.173962 0.938081
vt 0.173887 0.938095
vt 0.125782 0.982425
vt 0.125857 0.982458
vt 0.125798 0.984537
vt 0.125793 0.984060
vt 0.125859 0.984073
vt 0.125768 0.985975
vt 0.112512 0.981115
vt 0.112522 0.984322
vt 0.127648 0.976490
vt 0.127576 0.976463
vt 0.127584 0.977706
vt 0.127596 0.979624
vt 0.127591 0.979144
vt 0.173960 0.939976
vt 0.173976 0.940437
vt 0.173905 0.940412
vt 0.173963 0.937223
vt 0.173978 0.937624
vt 0.125784 0.983600
vt 0.125773 0.983167
vt 0.123145 0.943742
vt 0.123507 0.944051
vt 0.123476 0.944072
vt 0.122344 0.943269
vt 0.121905 0.943103
vt 0.122359 0.943234
vt 0.120062 0.943163
vt 0.119614 0.943301
vt 0.120050 0.943126
vt 0.118516 0.944178
vt 0.118836 0.943830
vt 0.118863 0.943858
vt 0.118058 0.944988
vt 0.117884 0.945430
vt 0.118021 0.944978
vt 0.119362 0.949063
vt 0.119760 0.949309
vt 0.119345 0.949099
vt 0.123264 0.948695
vt 0.123595 0.948366
vt 0.123295 0.948721
vt 0.124179 0.945274
vt 0.124032 0.944827
vt 0.122776 0.943458
vt 0.123181 0.943702
vt 0.121448 0.943012
vt 0.120512 0.943007
vt 0.120977 0.942942
vt 0.120983 0.942996
vt 0.117834 0.946817
vt 0.117921 0.947277
vt 0.118971 0.948810
vt 0.118599 0.948519
vt 0.118636 0.948479
vt 0.123858 0.947973
vt 0.124095 0.947569
vt 0.117780 0.945884
vt 0.117777 0.946351
vt 0.118343 0.948117
vt 0.121143 0.949567
vt 0.120675 0.949535
vt 0.122916 0.948999
vt 0.124371 0.946665
vt 0.124235 0.947125
vt 0.124339 0.945720
vt 0.144383 0.947471
vt 0.144397 0.947268
vt 0.144819 0.947276
vt 0.145247 0.941387
vt 0.144828 0.941335
vt 0.144843 0.941132
vt 0.144836 0.947471
vt 0.145247 0.947218
vt 0.145284 0.947405
vt 0.145649 0.947089
vt 0.145720 0.947280
vt 0.146036 0.946922
vt 0.146140 0.947098
vt 0.146391 0.946688
vt 0.146513 0.946846
vt 0.146721 0.946414
vt 0.146858 0.946547
vt 0.146992 0.946086
vt 0.147153 0.946211
vt 0.147222 0.945734
vt 0.147405 0.945830
vt 0.147405 0.945346
vt 0.147589 0.945415
vt 0.147522 0.944934
vt 0.147715 0.944980
vt 0.147579 0.944517
vt 0.147782 0.944531
vt 0.147579 0.944089
vt 0.147780 0.944075
vt 0.147527 0.943671
vt 0.147723 0.943624
vt 0.147410 0.943261
vt 0.147589 0.943195
vt 0.147226 0.942882
vt 0.147413 0.942780
vt 0.146998 0.942519
vt 0.147157 0.942401
vt 0.146717 0.942196
vt 0.146861 0.942058
vt 0.146400 0.941914
vt 0.146528 0.941755
vt 0.146041 0.941692
vt 0.146139 0.941513
vt 0.145653 0.941512
vt 0.145726 0.941327
vt 0.145290 0.941187
vt 0.144406 0.941323
vt 0.143972 0.947214
vt 0.144393 0.941133
vt 0.143980 0.941395
vt 0.143940 0.941190
vt 0.143573 0.941515
vt 0.143505 0.941322
vt 0.143188 0.941678
vt 0.143093 0.941504
vt 0.142833 0.941918
vt 0.142703 0.941751
vt 0.142510 0.942198
vt 0.142368 0.942051
vt 0.142223 0.942512
vt 0.142062 0.942392
vt 0.142001 0.942871
vt 0.141827 0.942772
vt 0.141821 0.943253
vt 0.141629 0.943185
vt 0.141700 0.943661
vt 0.141508 0.943622
vt 0.141646 0.944086
vt 0.143938 0.947404
vt 0.143567 0.947085
vt 0.143496 0.947285
vt 0.143180 0.946911
vt 0.143086 0.947089
vt 0.142824 0.946691
vt 0.142705 0.946850
vt 0.142508 0.946406
vt 0.142363 0.946546
vt 0.142230 0.946081
vt 0.142058 0.946205
vt 0.141999 0.945720
vt 0.141823 0.945817
vt 0.141814 0.945338
vt 0.141634 0.945409
vt 0.141696 0.944932
vt 0.141509 0.944973
vt 0.141636 0.944514
vt 0.141434 0.944521
vt 0.141435 0.944067
vt 0.135468 0.972480
vt 0.135099 0.972653
vt 0.136118 0.971980
vt 0.134699 0.972765
vt 0.134293 0.972826
vt 0.133882 0.972836
vt 0.133476 0.972776
vt 0.133075 0.972668
vt 0.132709 0.972495
vt 0.132357 0.972282
vt 0.132046 0.972007
vt 0.131769 0.971702
vt 0.131551 0.971353
vt 0.131379 0.970984
vt 0.131252 0.970589
vt 0.131191 0.970185
vt 0.131191 0.969766
vt 0.131247 0.969362
vt 0.131365 0.968968
vt 0.131529 0.968591
vt 0.131755 0.968247
vt 0.132023 0.967936
vt 0.132322 0.967658
vt 0.132672 0.967442
vt 0.133047 0.967267
vt 0.133440 0.967147
vt 0.133844 0.967089
vt 0.134261 0.967076
vt 0.134666 0.967132
vt 0.135064 0.967249
vt 0.135440 0.967418
vt 0.135784 0.967643
vt 0.136097 0.967904
vt 0.136373 0.968215
vt 0.136585 0.968560
vt 0.136768 0.968928
vt 0.136878 0.969328
vt 0.136947 0.969737
vt 0.136952 0.970142
vt 0.136894 0.970549
vt 0.136780 0.970949
vt 0.136606 0.971321
vt 0.136393 0.971669
vt 0.135811 0.972258
vt 0.146279 0.950837
vt 0.146341 0.950395
vt 0.146283 0.951283
vt 0.146461 0.949966
vt 0.146638 0.949552
vt 0.146884 0.949183
vt 0.147176 0.948842
vt 0.147504 0.948544
vt 0.147875 0.948301
vt 0.148285 0.948116
vt 0.148716 0.947987
vt 0.149154 0.947921
vt 0.149600 0.947918
vt 0.150041 0.947981
vt 0.150470 0.948103
vt 0.150878 0.948275
vt 0.151253 0.948524
vt 0.151592 0.948813
vt 0.151893 0.949139
vt 0.152132 0.949520
vt 0.152318 0.949926
vt 0.152458 0.950354
vt 0.152524 0.950796
vt 0.152524 0.951243
vt 0.152459 0.951681
vt 0.152334 0.952109
vt 0.152160 0.952517
vt 0.151921 0.952895
vt 0.151631 0.953235
vt 0.151292 0.953536
vt 0.150915 0.953770
vt 0.150515 0.953967
vt 0.150085 0.954089
vt 0.149644 0.954155
vt 0.149201 0.954166
vt 0.148756 0.954096
vt 0.148327 0.953975
vt 0.147923 0.953792
vt 0.147538 0.953560
vt 0.147203 0.953265
vt 0.146903 0.952930
vt 0.146665 0.952556
vt 0.146470 0.952154
vt 0.146350 0.951720
vt 0.162562 0.936160
vt 0.162550 0.936608
vt 0.162534 0.936154
vt 0.151938 0.979755
vt 0.151965 0.980120
vt 0.151937 0.980135
vt 0.151921 0.977505
vt 0.151938 0.977970
vt 0.151910 0.977973
vt 0.151919 0.977048
vt 0.151935 0.976611
vt 0.151946 0.977053
vt 0.151937 0.976200
vt 0.151958 0.975828
vt 0.151965 0.976214
vt 0.164594 0.955074
vt 0.164596 0.954687
vt 0.164621 0.955066
vt 0.164593 0.952407
vt 0.164604 0.951947
vt 0.164620 0.952414
vt 0.164605 0.950729
vt 0.164622 0.951106
vt 0.164595 0.951099
vt 0.115219 0.972586
vt 0.115243 0.972991
vt 0.115215 0.973004
vt 0.162551 0.933443
vt 0.162549 0.933853
vt 0.162523 0.933450
vt 0.142689 0.946863
vt 0.142345 0.946563
vt 0.164601 0.954264
vt 0.164622 0.954673
vt 0.164596 0.953818
vt 0.164604 0.953354
vt 0.164621 0.953812
vt 0.115207 0.972140
vt 0.115213 0.971673
vt 0.115233 0.972139
vt 0.115212 0.969802
vt 0.115223 0.969380
vt 0.115238 0.969811
vt 0.143074 0.947110
vt 0.141483 0.944977
vt 0.141610 0.945416
vt 0.141484 0.943616
vt 0.141803 0.942764
vt 0.142351 0.942033
vt 0.143498 0.941299
vt 0.144845 0.941107
vt 0.146151 0.941492
vt 0.147806 0.944534
vt 0.147740 0.944986
vt 0.147612 0.945425
vt 0.146872 0.946569
vt 0.147174 0.946223
vt 0.145288 0.947431
vt 0.145727 0.947304
vt 0.143926 0.947429
vt 0.141801 0.945832
vt 0.144386 0.941107
vt 0.145736 0.941303
vt 0.147178 0.942386
vt 0.147614 0.943185
vt 0.147806 0.944078
vt 0.146527 0.946867
vt 0.115552 0.983956
vt 0.115525 0.983608
vt 0.115553 0.983593
vt 0.115567 0.984351
vt 0.115563 0.984776
vt 0.115538 0.984355
vt 0.115574 0.985218
vt 0.115566 0.985673
vt 0.115545 0.985221
vt 0.115568 0.987001
vt 0.115559 0.987403
vt 0.115539 0.986989
vt 0.143888 0.950287
vt 0.143878 0.950733
vt 0.143860 0.950285
vt 0.143872 0.952804
vt 0.143862 0.953128
vt 0.143844 0.952791
vt 0.159605 0.942635
vt 0.159624 0.943079
vt 0.159595 0.943085
vt 0.159595 0.942189
vt 0.159610 0.941752
vt 0.159624 0.942197
vt 0.159615 0.940942
vt 0.159629 0.940585
vt 0.159643 0.940956
vt 0.139109 0.958182
vt 0.139119 0.957746
vt 0.139135 0.958190
vt 0.133881 0.972856
vt 0.133470 0.972798
vt 0.131228 0.969357
vt 0.131343 0.968959
vt 0.143870 0.949053
vt 0.143869 0.949440
vt 0.143844 0.949064
vt 0.159614 0.943946
vt 0.159644 0.944328
vt 0.159617 0.944343
vt 0.159629 0.943519
vt 0.159601 0.943524
vt 0.159635 0.941340
vt 0.159608 0.941334
vt 0.139117 0.960339
vt 0.139137 0.960694
vt 0.139111 0.960706
vt 0.139110 0.959940
vt 0.139115 0.959516
vt 0.139136 0.959937
vt 0.132693 0.972514
vt 0.132029 0.972023
vt 0.131355 0.970987
vt 0.133847 0.967063
vt 0.133436 0.967123
vt 0.135796 0.967622
vt 0.136627 0.971334
vt 0.136136 0.971998
vt 0.134294 0.972852
vt 0.132006 0.967917
vt 0.133040 0.967243
vt 0.136610 0.968552
vt 0.136903 0.969324
vt 0.142835 0.946666
vt 0.141661 0.944507
vt 0.142247 0.942524
vt 0.143198 0.941703
vt 0.144405 0.941350
vt 0.147386 0.943272
vt 0.146701 0.946396
vt 0.145236 0.947193
vt 0.143981 0.947191
vt 0.141843 0.943264
vt 0.145246 0.941412
vt 0.146389 0.941936
vt 0.147503 0.943677
vt 0.147382 0.945339
vt 0.146027 0.946899
vt 0.144820 0.947252
vt 0.139042 0.956939
vt 0.139050 0.957330
vt 0.139024 0.957317
vt 0.142519 0.946389
vt 0.115629 0.987407
vt 0.115626 0.987002
vt 0.115653 0.987010
vt 0.143971 0.951619
vt 0.143967 0.952048
vt 0.143944 0.951618
vt 0.146982 0.942532
vt 0.159511 0.942190
vt 0.159537 0.941751
vt 0.159538 0.942189
vt 0.159531 0.940931
vt 0.159548 0.941333
vt 0.159522 0.941320
vt 0.146382 0.946670
vt 0.139053 0.957747
vt 0.139025 0.957737
vt 0.115634 0.984349
vt 0.115616 0.983953
vt 0.115645 0.983945
vt 0.115638 0.986127
vt 0.115631 0.985672
vt 0.115660 0.985671
vt 0.143939 0.949050
vt 0.143921 0.948701
vt 0.143949 0.948687
vt 0.143967 0.949842
vt 0.143953 0.950285
vt 0.143939 0.949852
vt 0.143952 0.951179
vt 0.143944 0.950731
vt 0.143972 0.950730
vt 0.143942 0.952441
vt 0.143939 0.952041
vt 0.159540 0.943947
vt 0.159560 0.944344
vt 0.159531 0.944351
vt 0.159539 0.942637
vt 0.159511 0.942637
vt 0.159560 0.940582
vt 0.159560 0.940941
vt 0.139041 0.959516
vt 0.139052 0.959942
vt 0.139025 0.959950
vt 0.139052 0.958629
vt 0.139044 0.959077
vt 0.139024 0.958628
vt 0.146325 0.951729
vt 0.147907 0.953812
vt 0.148749 0.954120
vt 0.150927 0.953792
vt 0.152357 0.952120
vt 0.152342 0.949918
vt 0.151269 0.948505
vt 0.150047 0.947956
vt 0.146864 0.949167
vt 0.146316 0.950389
vt 0.146257 0.951284
vt 0.146643 0.952567
vt 0.147186 0.953281
vt 0.148317 0.953997
vt 0.150089 0.954112
vt 0.152482 0.951687
vt 0.152153 0.949510
vt 0.148277 0.948094
vt 0.146439 0.949957
vt 0.146889 0.952945
vt 0.161921 0.954673
vt 0.161938 0.954266
vt 0.161947 0.954688
vt 0.161922 0.952883
vt 0.161946 0.953351
vt 0.161921 0.953353
vt 0.147156 0.948826
vt 0.147492 0.948528
vt 0.165208 0.936607
vt 0.165204 0.936160
vt 0.165231 0.936156
vt 0.149299 0.979750
vt 0.149320 0.980129
vt 0.149294 0.980116
vt 0.149267 0.978429
vt 0.149285 0.977968
vt 0.149293 0.978436
vt 0.149299 0.976604
vt 0.149301 0.977041
vt 0.149275 0.977047
vt 0.149330 0.975822
vt 0.149320 0.976194
vt 0.149294 0.976207
vt 0.161938 0.951949
vt 0.161949 0.952407
vt 0.161922 0.952414
vt 0.161923 0.951106
vt 0.161940 0.950729
vt 0.161950 0.951099
vt 0.112519 0.972990
vt 0.112529 0.972585
vt 0.112546 0.973004
vt 0.165207 0.933852
vt 0.165193 0.933444
vt 0.165219 0.933451
vt 0.128965 0.975138
vt 0.128509 0.975223
vt 0.128077 0.968998
vt 0.128080 0.975206
vt 0.127625 0.975138
vt 0.127632 0.969078
vt 0.128522 0.968995
vt 0.128978 0.969074
vt 0.127624 0.969036
vt 0.127625 0.969055
vt 0.127599 0.969046
vt 0.127597 0.969087
vt 0.156466 0.954964
vt 0.156486 0.954952
vt 0.156476 0.954979
vt 0.156502 0.954993
vt 0.158928 0.988197
vt 0.158910 0.988214
vt 0.158908 0.988193
vt 0.158935 0.988226
vt 0.158948 0.988201
vt 0.127620 0.975162
vt 0.127599 0.975136
vt 0.127592 0.975160
vt 0.127576 0.975141
vt 0.127628 0.975184
vt 0.127600 0.975177
vt 0.156502 0.961054
vt 0.156495 0.961071
vt 0.156475 0.961061
vt 0.156486 0.961018
vt 0.156495 0.961034
vt 0.156470 0.961035
vt 0.115571 0.936891
vt 0.115547 0.936901
vt 0.115547 0.936876
vt 0.118724 0.968724
vt 0.118728 0.968697
vt 0.118763 0.968721
vt 0.118722 0.968675
vt 0.118759 0.968698
vt 0.158946 0.986418
vt 0.158916 0.986442
vt 0.158908 0.986423
vt 0.158947 0.986441
vt 0.154724 0.961068
vt 0.154711 0.961039
vt 0.154733 0.961045
vt 0.154690 0.961041
vt 0.154700 0.961018
vt 0.154708 0.961080
vt 0.117386 0.974796
vt 0.117370 0.974829
vt 0.117359 0.974800
vt 0.117341 0.974817
vt 0.116929 0.938699
vt 0.116927 0.938681
vt 0.116957 0.938664
vt 0.157094 0.968396
vt 0.157073 0.968379
vt 0.157093 0.968372
vt 0.128996 0.975145
vt 0.129011 0.975159
vt 0.128978 0.975181
vt 0.116934 0.936875
vt 0.116941 0.936903
vt 0.116921 0.936899
vt 0.155314 0.968392
vt 0.155330 0.968413
vt 0.155301 0.968415
vt 0.155325 0.968369
vt 0.155330 0.968392
vt 0.155328 0.962305
vt 0.155298 0.962316
vt 0.155318 0.962283
vt 0.129008 0.969040
vt 0.129011 0.969073
vt 0.128986 0.969045
vt 0.160308 0.988193
vt 0.160324 0.988212
vt 0.160292 0.988206
vt 0.160301 0.988231
vt 0.155321 0.962335
vt 0.155338 0.962321
vt 0.117379 0.968731
vt 0.117341 0.968737
vt 0.117369 0.968709
vt 0.117333 0.968711
vt 0.117369 0.968688
vt 0.157103 0.962309
vt 0.157088 0.962335
vt 0.157076 0.962309
vt 0.154695 0.954980
vt 0.117933 0.974913
vt 0.117645 0.974900
vt 0.117656 0.974860
vt 0.157077 0.968410
vt 0.128072 0.975245
vt 0.128520 0.975264
vt 0.116023 0.936865
vt 0.116474 0.936891
vt 0.116020 0.936898
vt 0.115575 0.936870
vt 0.129008 0.975128
vt 0.155302 0.968361
vt 0.160302 0.986436
vt 0.157117 0.962335
vt 0.117333 0.974794
vt 0.154724 0.954974
vt 0.115550 0.938654
vt 0.156470 0.961084
vt 0.154728 0.961018
vt 0.159396 0.986436
vt 0.159391 0.986396
vt 0.118277 0.968642
vt 0.117826 0.968619
vt 0.117827 0.968658
vt 0.159846 0.986443
vt 0.159843 0.986411
vt 0.160300 0.986409
vt 0.121228 0.947598
vt 0.120361 0.947602
vt 0.120361 0.944841
vt 0.120387 0.944822
vt 0.121222 0.944817
vt 0.173382 0.976393
vt 0.173388 0.973649
vt 0.174250 0.973652
vt 0.174245 0.976434
vt 0.173409 0.976427
vt 0.115551 0.938676
vt 0.115833 0.938683
vt 0.115560 0.938694
vt 0.118733 0.974829
vt 0.118462 0.974888
vt 0.118457 0.974854
vt 0.118727 0.974798
vt 0.118184 0.974858
vt 0.118188 0.974886
vt 0.115829 0.938657
vt 0.116105 0.938655
vt 0.116379 0.938660
vt 0.116371 0.937789
vt 0.116139 0.937786
vt 0.116113 0.937797
vt 0.116930 0.938659
vt 0.116654 0.938669
vt 0.117933 0.974858
vt 0.117929 0.972095
vt 0.118173 0.972081
vt 0.117939 0.972078
vt 0.120350 0.947609
vt 0.120349 0.947601
vt 0.116351 0.937808
vt 0.116351 0.937797
vt 0.116361 0.937804
vt 0.038355 0.945223
vt 0.038157 0.945222
vt 0.038170 0.942445
vt 0.038371 0.942443
vt 0.116138 0.937798
vt 0.117947 0.972090
vt 0.117950 0.972099
vt 0.118164 0.972101
vt 0.118164 0.974863
vt 0.120345 0.944854
vt 0.116359 0.938657
vt 0.116348 0.938661
vt 0.174250 0.976446
vt 0.173406 0.976442
vt 0.174794 0.942431
vt 0.174788 0.942443
vt 0.174584 0.942436
vt 0.174588 0.942445
vt 0.174583 0.942421
vt 0.117948 0.974872
vt 0.173379 0.973647
vt 0.173369 0.976404
vt 0.118166 0.974899
vt 0.116109 0.938682
vt 0.116123 0.938658
vt 0.116131 0.938682
vt 0.120361 0.944818
vt 0.173385 0.976420
vt 0.173385 0.976444
vt 0.116365 0.938681
vt 0.117926 0.974886
vt 0.121224 0.944809
vt 0.120391 0.944807
vt 0.121228 0.944795
vt 0.116129 0.937805
vt 0.116133 0.938650
vt 0.118158 0.972093
vt 0.139027 0.935700
vt 0.139230 0.935706
vt 0.139030 0.935710
vt 0.168648 0.967518
vt 0.168652 0.967021
vt 0.169703 0.967018
vt 0.168683 0.966156
vt 0.167252 0.948897
vt 0.167254 0.947805
vt 0.167253 0.948347
vt 0.166241 0.946373
vt 0.136681 0.976717
vt 0.136698 0.977573
vt 0.136693 0.977117
vt 0.137747 0.978066
vt 0.137744 0.979145
vt 0.137760 0.980803
vt 0.137766 0.982242
vt 0.124642 0.975180
vt 0.125702 0.975178
vt 0.124654 0.975574
vt 0.125727 0.976511
vt 0.125736 0.978708
vt 0.124680 0.978149
vt 0.125731 0.979258
vt 0.125728 0.979787
vt 0.125720 0.980285
vt 0.125711 0.980741
vt 0.124663 0.980288
vt 0.125702 0.981146
vt 0.124654 0.980744
vt 0.168646 0.970767
vt 0.169693 0.970765
vt 0.125873 0.985017
vt 0.126895 0.985019
vt 0.112618 0.982401
vt 0.113675 0.982876
vt 0.112619 0.982872
vt 0.113650 0.985186
vt 0.128719 0.979613
vt 0.127672 0.979607
vt 0.128712 0.980067
vt 0.127669 0.980062
vt 0.128707 0.980495
vt 0.127660 0.980489
vt 0.128701 0.980884
vt 0.128679 0.981230
vt 0.127654 0.981226
vt 0.172849 0.939965
vt 0.173886 0.939967
vt 0.172845 0.939500
vt 0.173885 0.939503
vt 0.172844 0.939027
vt 0.173883 0.939031
vt 0.172846 0.938555
vt 0.173884 0.938559
vt 0.172867 0.937233
vt 0.173906 0.937237
vt 0.172879 0.936857
vt 0.173918 0.936860
vt 0.126906 0.983623
vt 0.125871 0.984541
vt 0.126898 0.984541
vt 0.169771 0.967530
vt 0.169773 0.967040
vt 0.167321 0.951843
vt 0.167331 0.948895
vt 0.167311 0.948349
vt 0.167332 0.947817
vt 0.136616 0.977150
vt 0.136628 0.977596
vt 0.124575 0.975596
vt 0.136714 0.982249
vt 0.124595 0.980272
vt 0.124594 0.980726
vt 0.124642 0.981148
vt 0.124563 0.981115
vt 0.167355 0.946835
vt 0.136617 0.978610
vt 0.136209 0.944971
vt 0.136616 0.979704
vt 0.131349 0.947888
vt 0.131866 0.948017
vt 0.135391 0.941960
vt 0.135254 0.946850
vt 0.134871 0.947218
vt 0.132931 0.948040
vt 0.129065 0.945776
vt 0.129238 0.943757
vt 0.129190 0.944228
vt 0.134355 0.941618
vt 0.133959 0.941374
vt 0.135446 0.945774
vt 0.133344 0.947503
vt 0.132873 0.947581
vt 0.131057 0.947264
vt 0.129474 0.945603
vt 0.132597 0.941055
vt 0.130294 0.946734
vt 0.129240 0.944229
vt 0.129255 0.944698
vt 0.129291 0.943766
vt 0.113767 0.983841
vt 0.135025 0.942266
vt 0.135279 0.942653
vt 0.113741 0.985610
vt 0.172772 0.940865
vt 0.126988 0.982773
vt 0.147551 0.940115
vt 0.147460 0.940070
vt 0.147551 0.939694
vt 0.126973 0.987211
vt 0.128790 0.980082
vt 0.128775 0.980508
vt 0.128777 0.980910
vt 0.172766 0.939499
vt 0.172774 0.939024
vt 0.172767 0.938546
vt 0.172809 0.936838
vt 0.126964 0.985018
vt 0.128741 0.981245
vt 0.123833 0.943750
vt 0.118166 0.943893
vt 0.118295 0.948793
vt 0.124503 0.947744
vt 0.122028 0.942643
vt 0.120090 0.949903
vt 0.168571 0.967531
vt 0.168549 0.969698
vt 0.168573 0.968056
vt 0.168578 0.967041
vt 0.166161 0.949449
vt 0.166140 0.947823
vt 0.137824 0.978084
vt 0.137825 0.977595
vt 0.137828 0.980791
vt 0.137817 0.980255
vt 0.137824 0.982603
vt 0.137765 0.982628
vt 0.125794 0.978703
vt 0.125800 0.979252
vt 0.125806 0.979777
vt 0.125787 0.980272
vt 0.125770 0.980727
vt 0.125779 0.981115
vt 0.125804 0.985018
vt 0.128781 0.933482
vt 0.128840 0.933467
vt 0.128840 0.933856
vt 0.112542 0.982391
vt 0.125792 0.987212
vt 0.112543 0.981941
vt 0.112553 0.982864
vt 0.127593 0.980079
vt 0.127594 0.980505
vt 0.173967 0.939507
vt 0.173959 0.939023
vt 0.173959 0.938547
vt 0.173992 0.936836
vt 0.118243 0.944565
vt 0.118548 0.944204
vt 0.118291 0.944581
vt 0.122756 0.943493
vt 0.112512 0.985610
vt 0.173992 0.940865
vt 0.123784 0.944428
vt 0.120516 0.943046
vt 0.124286 0.945728
vt 0.119218 0.943552
vt 0.124335 0.946193
vt 0.124384 0.946192
vt 0.124317 0.946662
vt 0.118107 0.947714
vt 0.120207 0.949457
vt 0.121614 0.949515
vt 0.122067 0.949403
vt 0.122500 0.949227
vt 0.139110 0.958629
vt 0.139044 0.958183
vt 0.139118 0.957331
vt 0.139051 0.956590
vt 0.139111 0.956943
vt 0.115609 0.983592
vt 0.115536 0.983277
vt 0.115603 0.983274
vt 0.115638 0.984775
vt 0.115641 0.985220
vt 0.115636 0.986573
vt 0.115566 0.986128
vt 0.115572 0.986572
vt 0.115610 0.987773
vt 0.115602 0.988098
vt 0.115551 0.987771
vt 0.143858 0.948704
vt 0.143934 0.949438
vt 0.143873 0.949854
vt 0.143878 0.951178
vt 0.143879 0.951617
vt 0.143872 0.952041
vt 0.143930 0.952806
vt 0.143879 0.952438
vt 0.143922 0.953130
vt 0.159628 0.944705
vt 0.159568 0.944706
vt 0.159537 0.943525
vt 0.159541 0.943085
vt 0.139051 0.960708
vt 0.139112 0.961032
vt 0.139044 0.961035
vt 0.139045 0.960343
vt 0.139109 0.959077
vt 0.165218 0.935694
vt 0.162557 0.935222
vt 0.165215 0.935221
vt 0.162553 0.935696
vt 0.165197 0.937031
vt 0.162549 0.937030
vt 0.165194 0.937416
vt 0.162537 0.937416
vt 0.165178 0.937762
vt 0.162536 0.937761
vt 0.149294 0.979336
vt 0.151926 0.979341
vt 0.149286 0.978895
vt 0.151924 0.978899
vt 0.151910 0.978441
vt 0.149288 0.977500
vt 0.164602 0.955416
vt 0.161947 0.955075
vt 0.161941 0.953817
vt 0.164601 0.952879
vt 0.161948 0.952878
vt 0.161942 0.951510
vt 0.164602 0.951508
vt 0.115242 0.973715
vt 0.112542 0.973381
vt 0.115234 0.973380
vt 0.112524 0.972141
vt 0.112525 0.971675
vt 0.112523 0.971199
vt 0.115209 0.971198
vt 0.112524 0.970721
vt 0.115212 0.970720
vt 0.112527 0.970253
vt 0.115212 0.970252
vt 0.112537 0.969802
vt 0.112543 0.969379
vt 0.112543 0.968994
vt 0.115234 0.968993
vt 0.112552 0.968652
vt 0.115243 0.968651
vt 0.162533 0.933074
vt 0.165214 0.934291
vt 0.162551 0.934292
vt 0.165215 0.934750
vt 0.162555 0.934751
vt 0.151938 0.978435
vt 0.151958 0.980469
vt 0.144836 0.947496
vt 0.162523 0.937015
vt 0.143080 0.941487
vt 0.144380 0.947495
vt 0.146879 0.942039
vt 0.115543 0.986567
vt 0.143851 0.952431
vt 0.115532 0.987394
vt 0.115525 0.987756
vt 0.139137 0.956956
vt 0.159655 0.944688
vt 0.131512 0.968580
vt 0.135068 0.967229
vt 0.136912 0.970558
vt 0.136798 0.970956
vt 0.159655 0.940603
vt 0.139135 0.959071
vt 0.139135 0.958629
vt 0.131530 0.971364
vt 0.134704 0.972790
vt 0.131736 0.968231
vt 0.132665 0.967417
vt 0.141839 0.945332
vt 0.141721 0.944926
vt 0.141723 0.943669
vt 0.146706 0.942214
vt 0.115638 0.983578
vt 0.115639 0.987781
vt 0.115630 0.988113
vt 0.143962 0.949425
vt 0.159512 0.943092
vt 0.151610 0.948796
vt 0.150478 0.948080
vt 0.149644 0.954179
vt 0.149152 0.947897
vt 0.149602 0.947894
vt 0.148707 0.947964
vt 0.146255 0.950834
vt 0.151934 0.952910
vt 0.165221 0.937017
vt 0.151642 0.953252
vt 0.152175 0.952531
vt 0.112512 0.969806
vt 0.112518 0.969390
vt 0.147527 0.953575
vt 0.165196 0.933074
vt 0.159848 0.988207
vt 0.159397 0.988207
vt 0.156465 0.954943
vt 0.115525 0.936898
vt 0.154704 0.954957
vt 0.154723 0.954936
vt 0.118742 0.974843
vt 0.118758 0.974804
vt 0.115525 0.938662
vt 0.157117 0.968380
vt 0.116958 0.938682
vt 0.128970 0.975160
vt 0.157079 0.962280
vt 0.116960 0.936904
vt 0.160329 0.988192
vt 0.155338 0.962280
vt 0.117345 0.968689
vt 0.160324 0.986425
vt 0.160328 0.986444
vt 0.118772 0.974781
vt 0.128533 0.968955
vt 0.128084 0.968954
vt 0.118273 0.968601
vt 0.139024 0.936571
vt 0.174574 0.942423
vt 0.118188 0.974912
vt 0.120384 0.944797
vt 0.117953 0.974889
vt 0.139024 0.935691
vt 0.139234 0.935694
vt 0.169711 0.966156
vt 0.112587 0.980815
vt 0.124563 0.975211
vt 0.139117 0.956592
vt 0.115538 0.988096
vt 0.161948 0.955418
vt 0.112552 0.973714
vt 0.155293 0.968378
vt 0.157098 0.962287
vt 0.117373 0.974847
vt 0.128976 0.969020
vt 0.139222 0.936572
s 1
f 67/1/1 45/2/2 247/3/3
f 176/4/4 46/5/5 47/6/6
f 67/1/1 247/3/3 266/7/7
f 66/8/8 67/1/1 266/7/7
f 66/8/8 266/7/7 248/9/9
f 65/10/10 66/8/8 248/9/9
f 65/10/10 248/9/9 267/11/11
f 64/12/12 65/10/10 267/11/11
f 64/12/12 267/11/11 249/13/13
f 63/14/14 64/12/12 249/13/13
f 63/14/14 249/13/13 250/15/15
f 62/16/16 63/14/14 250/15/15
f 62/16/16 250/15/15 251/17/17
f 61/18/18 62/16/16 251/17/17
f 61/18/18 251/17/17 235/19/19
f 60/20/20 61/18/18 235/19/19
f 60/20/20 235/19/19 252/21/21
f 59/22/22 60/20/20 252/21/21
f 59/22/22 252/21/21 253/23/23
f 58/24/24 59/22/22 253/23/23
f 58/24/24 253/23/23 268/25/25
f 57/26/26 58/24/24 268/25/25
f 57/26/26 268/25/25 254/27/27
f 56/28/28 57/26/26 254/27/27
f 56/28/28 254/27/27 269/29/29
f 55/30/30 56/28/28 269/29/29
f 55/30/30 269/29/29 236/31/31
f 54/32/32 55/30/30 236/31/31
f 54/32/32 236/31/31 255/33/33
f 53/34/34 54/32/32 255/33/33
f 53/34/34 255/33/33 256/35/35
f 52/36/36 53/34/34 256/35/35
f 52/36/36 256/35/35 257/37/37
f 51/38/38 52/36/36 257/37/37
f 51/38/38 257/37/37 258/39/39
f 50/40/40 51/38/38 258/39/39
f 50/40/40 258/39/39 270/41/41
f 49/42/42 50/40/40 270/41/41
f 49/42/42 270/41/41 259/43/43
f 48/44/44 49/42/42 259/43/43
f 48/44/44 259/43/43 260/45/45
f 47/6/6 48/44/44 260/45/45
f 47/6/6 260/45/45 261/46/46
f 261/46/46 176/4/4 47/6/6
f 85/47/47 46/5/5 176/4/4
f 247/3/3 45/2/2 68/48/48
f 85/47/47 176/4/4 239/49/49
f 84/50/50 85/47/47 239/49/49
f 84/50/50 239/49/49 240/51/51
f 83/52/52 84/50/50 240/51/51
f 83/52/52 240/51/51 262/53/53
f 82/54/54 83/52/52 262/53/53
f 82/54/54 262/53/53 271/55/55
f 81/56/56 82/54/54 271/55/55
f 81/56/56 271/55/55 272/57/57
f 80/58/58 81/56/56 272/57/57
f 80/58/58 272/57/57 263/59/59
f 79/60/60 80/58/58 263/59/59
f 79/60/60 263/59/59 264/61/61
f 78/62/62 79/60/60 264/61/61
f 78/62/62 264/61/61 265/63/63
f 77/64/64 78/62/62 265/63/63
f 77/64/64 265/63/63 242/65/65
f 77/64/64 242/65/65 174/66/66
f 280/67/67 77/64/64 174/66/66
f 233/68/68 247/3/3 68/48/48
f 246/69/69 233/68/68 68/48/48
f 246/69/69 68/48/48 69/70/70
f 175/71/71 246/69/69 69/70/70
f 175/71/71 69/70/70 70/72/72
f 245/73/73 175/71/71 70/72/72
f 245/73/73 70/72/72 71/74/74
f 231/75/75 245/73/73 71/74/74
f 231/75/75 71/74/74 72/76/76
f 244/77/77 231/75/75 72/76/76
f 244/77/77 72/76/76 73/78/78
f 230/79/79 244/77/77 73/78/78
f 230/79/79 73/78/78 74/80/80
f 243/81/81 230/79/79 74/80/80
f 243/81/81 74/80/80 75/82/82
f 229/83/83 243/81/81 75/82/82
f 229/83/83 75/82/82 76/84/84
f 173/85/85 229/83/83 76/84/84
f 173/85/85 76/84/84 280/67/67
f 174/66/66 173/85/85 280/67/67
f 86/86/86 487/87/87 559/88/88
f 585/89/89 574/90/90 125/91/91
f 107/92/92 86/86/86 559/88/88
f 107/92/92 559/88/88 582/93/93
f 106/94/94 107/92/92 582/93/93
f 106/94/94 582/93/93 560/95/95
f 105/96/96 106/94/94 560/95/95
f 105/96/96 560/95/95 561/97/97
f 104/98/98 105/96/96 561/97/97
f 104/98/98 561/97/97 562/99/99
f 103/100/100 104/98/98 562/99/99
f 103/100/100 562/99/99 563/101/101
f 102/102/102 103/100/100 563/101/101
f 102/102/102 563/101/101 564/103/103
f 101/104/104 102/102/102 564/103/103
f 101/104/104 564/103/103 565/105/105
f 100/106/106 101/104/104 565/105/105
f 100/106/106 565/105/105 583/107/107
f 99/108/108 100/106/106 583/107/107
f 99/108/108 583/107/107 566/109/109
f 98/110/110 99/108/108 566/109/109
f 98/110/110 566/109/109 550/111/111
f 97/112/112 98/110/110 550/111/111
f 97/112/112 550/111/111 567/113/113
f 96/114/114 97/112/112 567/113/113
f 96/114/114 567/113/113 568/115/115
f 95/116/116 96/114/114 568/115/115
f 95/116/116 568/115/115 569/117/117
f 94/118/118 95/116/116 569/117/117
f 94/118/118 569/117/117 488/119/119
f 93/120/120 94/118/118 488/119/119
f 93/120/120 488/119/119 570/121/121
f 92/122/122 93/120/120 570/121/121
f 92/122/122 570/121/121 571/123/123
f 91/124/124 92/122/122 571/123/123
f 91/124/124 571/123/123 584/125/125
f 90/126/126 91/124/124 584/125/125
f 90/126/126 584/125/125 572/127/127
f 90/126/126 572/127/127 573/128/128
f 89/129/129 90/126/126 573/128/128
f 89/129/129 573/128/128 585/89/89
f 88/130/130 89/129/129 585/89/89
f 585/89/89 125/91/91 88/130/130
f 125/91/91 574/90/90 575/131/131
f 125/91/91 575/131/131 576/132/132
f 124/133/133 125/91/91 576/132/132
f 124/133/133 576/132/132 577/134/134
f 123/135/135 124/133/133 577/134/134
f 123/135/135 577/134/134 586/136/136
f 122/137/137 123/135/135 586/136/136
f 122/137/137 586/136/136 578/138/138
f 121/139/139 122/137/137 578/138/138
f 121/139/139 578/138/138 552/140/140
f 120/141/141 121/139/139 552/140/140
f 120/141/141 552/140/140 579/142/142
f 119/143/143 120/141/141 579/142/142
f 119/143/143 579/142/142 580/144/144
f 118/145/145 119/143/143 580/144/144
f 118/145/145 580/144/144 489/146/146
f 117/147/147 118/145/145 489/146/146
f 382/148/148 117/147/147 489/146/146
f 382/148/148 489/146/146 87/149/149
f 487/87/87 86/86/86 108/150/150
f 558/151/151 487/87/87 108/150/150
f 558/151/151 108/150/150 109/152/152
f 548/153/153 558/151/151 109/152/152
f 557/154/154 548/153/153 109/152/152
f 557/154/154 109/152/152 110/155/155
f 556/156/156 557/154/154 110/155/155
f 556/156/156 110/155/155 111/157/157
f 486/158/158 556/156/156 111/157/157
f 486/158/158 111/157/157 112/159/159
f 555/160/160 486/158/158 112/159/159
f 555/160/160 112/159/159 113/161/161
f 554/162/162 555/160/160 113/161/161
f 554/162/162 113/161/161 114/163/163
f 581/164/164 554/162/162 114/163/163
f 581/164/164 114/163/163 115/165/165
f 484/166/166 581/164/164 115/165/165
f 484/166/166 115/165/165 116/167/167
f 87/149/149 484/166/166 116/167/167
f 87/149/149 116/167/167 382/148/148
f 16/168/168 17/169/169 180/170/170
f 26/171/171 181/172/172 25/173/173
f 37/174/174 182/175/175 36/176/176
f 177/177/177 1/178/178 170/179/179
f 3/180/180 4/181/181 183/182/182
f 7/183/183 8/184/184 184/185/185
f 10/186/186 11/187/187 185/188/188
f 24/189/189 186/190/190 23/191/191
f 6/192/192 184/193/185 189/194/193
f 185/188/188 190/195/194 9/196/195
f 15/197/196 180/170/170 195/198/197
f 21/199/198 198/200/199 20/201/200
f 24/189/189 181/172/172 199/202/201
f 27/203/202 200/204/203 26/171/171
f 30/205/204 31/206/205 203/207/206
f 32/208/207 33/209/208 204/210/209
f 35/211/210 182/175/175 206/212/211
f 40/213/212 41/214/213 210/215/214
f 44/216/215 212/217/216 43/218/217
f 8/184/184 190/195/194 213/219/218
f 17/169/169 196/220/219 215/221/220
f 186/190/190 217/222/221 22/223/222
f 181/172/172 200/204/203 218/224/223
f 201/225/224 219/226/225 27/203/202
f 31/206/205 204/210/209 220/227/226
f 205/228/227 221/229/228 33/209/208
f 182/175/175 207/230/229 222/231/230
f 211/232/231 223/233/232 41/214/213
f 178/234/233 171/235/234 44/216/215
f 178/234/233 170/179/179 172/236/235
f 170/179/179 183/182/182 172/236/235
f 185/188/188 191/237/236 224/238/237
f 194/239/238 225/240/239 193/241/240
f 199/242/201 218/243/223 227/244/241
f 209/245/242 210/246/214 228/247/243
f 187/248/244 229/83/83 183/249/182
f 188/250/245 189/251/193 230/79/79
f 184/252/185 213/253/218 231/75/75
f 224/254/237 232/255/246 190/256/194
f 192/257/247 233/68/68 191/258/236
f 214/259/248 234/260/249 195/261/197
f 197/262/250 198/263/199 235/19/19
f 200/264/203 236/31/31 218/243/223
f 220/265/226 237/266/251 203/267/206
f 222/268/230 207/269/229 240/51/51
f 228/247/243 241/270/252 208/271/253
f 212/272/216 171/273/234 242/65/65
f 179/274/254 171/273/234 178/275/233
f 172/276/235 229/83/83 173/85/85
f 230/79/79 243/81/81 187/248/244
f 231/75/75 244/77/77 189/251/193
f 232/255/246 245/73/73 213/253/218
f 233/68/68 246/69/69 224/254/237
f 225/240/239 247/3/3 192/257/247
f 234/260/249 248/9/9 194/239/238
f 196/277/219 235/19/19 251/17/17
f 217/278/221 253/23/23 216/279/255
f 227/244/241 254/27/27 226/280/256
f 237/266/251 258/39/39 202/281/257
f 238/282/258 261/46/46 221/283/228
f 207/269/229 241/270/252 262/53/53
f 242/65/65 265/63/63 211/284/231
f 225/240/239 248/9/9 266/7/7
f 249/13/13 267/11/11 234/260/249
f 254/27/27 268/25/25 217/278/221
f 236/31/31 269/29/29 227/244/241
f 259/43/43 270/41/41 237/266/251
f 263/59/59 272/57/57 228/247/243
f 179/274/254 174/66/66 171/273/234
f 179/274/254 173/85/85 174/66/66
f 246/69/69 175/71/71 232/255/246
f 239/49/49 176/4/4 238/282/258
f 71/74/74 283/285/259 72/76/76
f 68/48/48 285/286/260 284/287/261
f 68/48/48 45/2/2 285/286/260
f 53/34/34 52/36/36 286/288/262
f 74/80/80 73/78/78 288/289/263
f 67/1/1 66/8/8 289/290/264
f 61/18/18 290/291/265 62/16/16
f 59/22/22 58/24/24 291/292/266
f 50/40/40 49/42/42 292/293/267
f 82/54/54 81/56/56 293/294/268
f 75/82/82 288/289/263 294/295/269
f 283/285/259 295/296/270 73/78/78
f 69/70/70 297/297/271 70/72/72
f 63/14/14 290/291/265 301/298/272
f 291/292/266 303/299/273 60/20/20
f 57/26/26 304/300/274 58/24/24
f 54/32/32 286/288/262 307/301/275
f 51/38/38 292/293/267 309/302/276
f 47/6/6 46/5/5 312/303/277
f 83/52/52 293/294/268 315/304/278
f 78/62/62 287/305/279 318/306/280
f 294/295/269 274/307/281 76/84/84
f 283/285/259 296/308/282 319/309/283
f 69/70/70 284/287/261 320/310/284
f 289/290/264 322/311/285 45/2/2
f 305/312/286 323/313/287 57/26/26
f 286/288/262 308/314/288 324/315/289
f 313/316/290 325/317/291 46/5/5
f 316/318/292 327/319/293 81/56/56
f 295/296/270 319/309/283 329/320/294
f 320/310/284 330/321/295 297/297/271
f 300/322/296 301/298/272 331/323/297
f 303/299/273 332/324/298 302/325/299
f 292/293/267 333/326/300 309/302/276
f 288/327/263 334/328/301 294/329/269
f 330/330/295 335/331/302 296/332/282
f 321/333/303 336/334/304 284/335/261
f 299/336/305 338/337/306 298/338/307
f 332/339/298 340/340/308 290/341/265
f 304/342/274 341/343/309 291/344/266
f 305/345/286 306/346/310 342/347/311
f 310/348/312 311/349/313 344/350/314
f 326/351/315 345/352/316 315/353/278
f 318/354/280 347/355/317 317/356/318
f 329/357/294 348/358/319 288/327/263
f 335/331/302 349/359/320 319/360/283
f 336/334/304 350/361/321 320/362/284
f 322/363/285 337/364/322 352/365/323
f 299/336/305 331/366/297 353/367/324
f 341/343/309 354/368/325 303/369/273
f 304/342/274 323/370/287 355/371/326
f 333/372/300 359/373/327 308/374/288
f 314/375/328 345/352/316 364/376/329
f 327/377/293 346/378/330 366/379/331
f 328/380/332 275/381/333 368/382/334
f 334/328/301 276/383/335 274/384/281
f 349/385/320 369/386/336 329/357/294
f 350/361/321 370/387/337 330/330/295
f 340/388/308 372/389/338 339/390/339
f 354/368/325 373/391/340 332/339/298
f 342/347/311 374/392/341 323/370/287
f 333/393/300 343/394/342 375/395/343
f 353/367/324 278/396/344 338/337/306
f 355/371/326 279/397/345 341/343/309
f 109/152/152 108/150/150 386/398/346
f 90/126/126 89/129/129 387/399/347
f 108/150/150 86/86/86 389/400/348
f 105/96/96 104/98/98 390/401/349
f 96/114/114 95/116/116 391/402/350
f 90/126/126 387/399/347 393/403/351
f 125/91/91 124/133/133 394/404/352
f 121/139/139 120/141/141 396/405/353
f 383/406/354 116/167/167 377/407/355
f 115/165/165 377/407/355 116/167/167
f 112/159/159 111/157/157 399/408/356
f 110/155/155 385/409/357 400/410/358
f 106/94/94 390/401/349 403/411/359
f 100/106/106 99/108/108 408/412/360
f 98/110/110 97/112/112 409/413/361
f 92/122/122 392/414/362 412/415/363
f 388/416/364 413/417/365 88/130/130
f 395/418/366 414/419/367 123/135/135
f 118/145/145 117/147/147 417/420/368
f 383/406/354 377/407/355 384/421/369
f 115/165/165 397/422/370 418/423/371
f 400/410/358 419/424/372 111/157/157
f 386/398/346 389/400/348 421/425/373
f 390/401/349 404/426/374 422/427/375
f 409/413/361 423/428/376 99/108/108
f 97/112/112 391/402/350 424/429/377
f 95/116/116 410/430/378 425/431/379
f 413/417/365 427/432/380 89/129/129
f 388/416/364 394/404/352 428/433/381
f 414/419/367 429/434/382 124/133/133
f 395/418/366 396/405/353 430/435/383
f 376/436/384 431/437/385 117/147/147
f 418/423/371 378/438/386 377/407/355
f 401/439/387 432/440/388 389/400/348
f 402/441/389 403/411/359 433/442/390
f 407/443/391 434/444/392 406/445/393
f 424/446/377 435/447/394 409/448/361
f 425/431/379 436/449/395 391/402/350
f 392/414/362 393/403/351 437/450/396
f 413/451/365 428/452/381 438/453/397
f 394/404/352 429/434/382 439/454/398
f 415/455/399 440/456/400 396/405/353
f 420/457/401 441/458/402 400/459/358
f 405/460/403 442/461/404 404/462/374
f 411/463/405 412/464/363 443/465/406
f 393/466/351 426/467/407 444/468/408
f 416/469/409 417/470/368 445/471/410
f 384/472/369 378/473/386 2/474/411
f 419/475/372 449/476/412 399/477/356
f 420/457/401 421/478/373 450/479/413
f 401/480/387 433/481/390 452/482/414
f 442/461/404 454/483/415 422/484/375
f 405/485/403 434/486/392 455/487/416
f 435/447/394 458/488/417 423/489/376
f 410/490/378 443/465/406 461/491/418
f 444/468/408 463/492/419 437/493/396
f 438/453/397 465/494/420 427/495/380
f 445/471/410 472/496/421 415/497/399
f 431/498/385 379/499/422 474/500/423
f 2/474/411 379/499/422 384/472/369
f 446/501/424 380/502/425 378/473/386
f 441/458/402 475/503/426 419/504/372
f 451/505/427 476/506/428 421/478/373
f 453/507/429 477/508/430 433/481/390
f 434/486/392 456/509/431 478/510/432
f 424/446/377 459/511/433 480/512/434
f 438/453/397 466/513/435 481/514/436
f 441/458/402 450/479/413 381/515/437
f 128/516/438 129/517/439 493/518/440
f 133/519/441 494/520/442 132/521/443
f 142/522/444 143/523/445 495/524/446
f 146/525/447 147/526/448 496/527/449
f 167/528/450 497/529/451 166/530/452
f 126/531/453 493/518/440 482/532/454
f 130/533/455 131/534/456 498/535/457
f 133/519/441 134/536/458 499/537/459
f 138/538/460 139/539/461 500/540/462
f 495/524/446 501/541/463 141/542/464
f 144/543/465 145/544/466 502/545/467
f 148/546/468 149/547/469 503/548/470
f 155/549/471 504/550/472 154/551/473
f 165/552/474 497/529/451 505/553/475
f 129/517/439 498/535/457 506/554/476
f 131/555/456 494/556/442 507/557/477
f 500/540/462 511/558/478 137/559/479
f 501/541/463 512/560/480 140/561/481
f 145/544/466 496/527/449 513/562/482
f 503/548/470 514/563/483 147/526/448
f 153/564/484 504/565/472 518/566/485
f 162/567/486 523/568/487 161/569/488
f 505/553/475 525/570/489 164/571/490
f 483/572/491 527/573/492 168/574/493
f 493/518/440 506/554/476 528/575/494
f 494/520/442 499/537/459 529/576/495
f 139/539/461 512/560/480 530/577/496
f 143/578/445 502/545/467 532/579/497
f 496/527/449 514/563/483 533/580/498
f 515/581/499 534/582/500 149/547/469
f 519/583/501 536/584/502 156/585/503
f 162/567/486 524/586/504 537/587/505
f 497/529/451 526/588/506 538/589/507
f 507/590/477 539/591/508 498/592/457
f 499/593/459 508/594/509 540/595/510
f 500/596/462 530/597/496 542/598/511
f 531/599/512 543/600/513 501/601/463
f 502/602/467 513/603/482 544/604/514
f 504/605/472 535/606/515 545/607/516
f 524/608/504 525/609/489 546/610/517
f 482/611/454 528/612/494 484/166/166
f 529/613/495 547/614/518 507/590/477
f 508/594/509 509/615/519 548/153/153
f 541/616/520 549/617/521 510/618/522
f 503/619/470 534/620/500 550/111/111
f 518/621/485 551/622/523 517/623/524
f 505/624/475 538/625/507 552/140/140
f 539/591/508 547/614/518 555/160/160
f 540/595/510 548/153/153 557/154/154
f 549/617/521 558/151/151 509/615/519
f 530/597/496 559/88/88 542/598/511
f 513/603/482 533/626/498 565/105/105
f 550/111/111 566/109/109 514/627/483
f 551/622/523 569/117/117 516/628/525
f 535/606/515 571/123/123 545/607/516
f 520/629/526 573/128/128 519/630/501
f 546/610/517 577/134/134 537/631/505
f 552/140/140 578/138/138 525/609/489
f 553/632/527 580/144/144 526/633/506
f 492/634/528 484/166/166 87/149/149
f 554/162/162 581/164/164 528/612/494
f 559/88/88 487/87/87 541/616/520
f 530/597/496 560/95/95 582/93/93
f 566/109/109 583/107/107 533/626/498
f 572/127/127 584/125/125 535/606/515
f 574/90/90 585/89/89 520/629/526
f 578/138/138 586/136/136 546/610/517
f 547/614/518 556/156/156 486/158/158
f 570/121/121 488/119/119 551/622/523
f 588/635/529 853/636/530 589/637/531
f 609/638/532 587/639/533 789/640/534
f 763/641/535 588/635/529 589/637/531
f 763/641/535 589/637/531 590/642/536
f 806/643/537 763/641/535 590/642/536
f 806/643/537 590/642/536 591/644/538
f 794/645/539 806/643/537 591/644/538
f 794/645/539 591/644/538 592/646/540
f 776/647/541 794/645/539 592/646/540
f 776/647/541 592/646/540 593/648/542
f 805/649/543 776/647/541 593/648/542
f 805/649/543 593/648/542 594/650/544
f 804/651/545 805/649/543 594/650/544
f 804/651/545 594/650/544 595/652/546
f 793/653/547 804/651/545 595/652/546
f 793/653/547 595/652/546 596/654/548
f 781/655/549 793/653/547 596/654/548
f 781/655/549 596/654/548 597/656/550
f 792/657/551 781/655/549 597/656/550
f 792/657/551 597/656/550 598/658/552
f 803/659/553 792/657/551 598/658/552
f 803/659/553 598/658/552 599/660/554
f 791/661/555 803/659/553 599/660/554
f 791/661/555 599/660/554 600/662/556
f 802/663/557 791/661/555 600/662/556
f 802/663/557 600/662/556 601/664/558
f 780/665/559 802/663/557 601/664/558
f 780/665/559 601/664/558 602/666/560
f 801/667/561 780/665/559 602/666/560
f 801/667/561 602/666/560 603/668/562
f 775/669/563 801/667/561 603/668/562
f 775/669/563 603/668/562 604/670/564
f 800/671/565 775/669/563 604/670/564
f 800/671/565 604/670/564 605/672/566
f 799/673/567 800/671/565 605/672/566
f 799/673/567 605/672/566 606/674/568
f 774/675/569 799/673/567 606/674/568
f 774/675/569 606/674/568 607/676/570
f 790/677/571 774/675/569 607/676/570
f 790/677/571 607/676/570 608/678/572
f 798/679/573 790/677/571 608/678/572
f 798/679/573 608/678/572 609/638/532
f 773/680/574 798/679/573 609/638/532
f 789/640/534 773/680/574 609/638/532
f 789/640/534 587/639/533 610/681/575
f 630/682/576 853/636/530 588/635/529
f 797/683/577 789/640/534 610/681/575
f 797/683/577 610/681/575 611/684/578
f 779/685/579 797/683/577 611/684/578
f 779/685/579 611/684/578 612/686/580
f 788/687/581 779/685/579 612/686/580
f 788/687/581 612/686/580 613/688/582
f 778/689/583 788/687/581 613/688/582
f 778/689/583 613/688/582 614/690/584
f 772/691/585 778/689/583 614/690/584
f 772/691/585 614/690/584 615/692/586
f 787/693/587 772/691/585 615/692/586
f 787/693/587 615/692/586 616/694/588
f 771/695/589 787/693/587 616/694/588
f 771/695/589 616/694/588 617/696/590
f 786/697/591 771/695/589 617/696/590
f 786/697/591 617/696/590 618/698/592
f 770/699/593 786/697/591 618/698/592
f 770/699/593 618/698/592 619/700/594
f 785/701/595 770/699/593 619/700/594
f 785/701/595 619/700/594 620/702/596
f 630/682/576 588/635/529 764/703/597
f 629/704/598 630/682/576 764/703/597
f 629/704/598 764/703/597 766/705/599
f 628/706/600 629/704/598 766/705/599
f 628/706/600 766/705/599 782/707/601
f 627/708/602 628/706/600 782/707/601
f 627/708/602 782/707/601 777/709/603
f 626/710/604 627/708/602 777/709/603
f 626/710/604 777/709/603 783/711/605
f 625/712/606 626/710/604 783/711/605
f 625/712/606 783/711/605 767/713/607
f 624/714/608 625/712/606 767/713/607
f 624/714/608 767/713/607 795/715/609
f 623/716/610 624/714/608 795/715/609
f 623/716/610 795/715/609 784/717/611
f 622/718/612 623/716/610 784/717/611
f 622/718/612 784/717/611 796/719/613
f 621/720/614 622/718/612 796/719/613
f 621/720/614 796/719/613 768/721/615
f 620/702/596 621/720/614 768/721/615
f 620/702/596 768/721/615 769/722/616
f 769/722/616 785/701/595 620/702/596
f 675/723/617 807/724/618 841/725/619
f 807/724/618 842/726/620 841/725/619
f 842/726/620 843/727/621 841/725/619
f 843/727/621 821/728/622 841/725/619
f 821/728/622 832/729/623 841/725/619
f 832/729/623 810/730/624 841/725/619
f 810/730/624 833/731/625 841/725/619
f 833/731/625 811/732/626 841/725/619
f 811/732/626 834/733/627 841/725/619
f 834/733/627 812/734/628 841/725/619
f 812/734/628 835/735/629 841/725/619
f 835/735/629 836/736/630 841/725/619
f 836/736/630 813/737/631 841/725/619
f 813/737/631 814/738/632 841/725/619
f 814/738/632 822/739/633 841/725/619
f 822/739/633 823/740/634 841/725/619
f 823/740/634 837/741/635 841/725/619
f 837/741/635 824/742/636 841/725/619
f 824/742/636 844/743/637 841/725/619
f 844/743/637 845/744/638 841/725/619
f 845/744/638 815/745/639 841/725/619
f 815/745/639 846/746/640 841/725/619
f 846/746/640 847/747/641 841/725/619
f 847/747/641 838/748/642 841/725/619
f 838/748/642 848/749/643 841/725/619
f 848/749/643 816/750/644 841/725/619
f 816/750/644 817/751/645 841/725/619
f 817/751/645 825/752/646 841/725/619
f 825/752/646 826/753/647 841/725/619
f 826/753/647 839/754/648 841/725/619
f 839/754/648 827/755/649 841/725/619
f 827/755/649 818/756/650 841/725/619
f 818/756/650 849/757/651 841/725/619
f 849/757/651 819/758/652 841/725/619
f 819/758/652 850/759/653 841/725/619
f 850/759/653 828/760/654 841/725/619
f 828/760/654 820/761/655 841/725/619
f 820/761/655 829/762/656 841/725/619
f 829/762/656 830/763/657 841/725/619
f 830/763/657 840/764/658 841/725/619
f 840/764/658 831/765/659 841/725/619
f 808/766/660 675/723/617 841/725/619
f 676/767/661 677/768/662 897/769/663
f 677/768/662 678/770/664 897/769/663
f 678/770/664 679/771/665 897/769/663
f 679/771/665 680/772/666 897/769/663
f 680/772/666 681/773/667 897/769/663
f 681/773/667 682/774/668 897/769/663
f 682/774/668 683/775/669 897/769/663
f 683/775/669 684/776/670 897/769/663
f 684/776/670 685/777/671 897/769/663
f 685/777/671 686/778/672 897/769/663
f 686/778/672 687/779/673 897/769/663
f 687/779/673 688/780/674 897/769/663
f 688/780/674 689/781/675 897/769/663
f 689/781/675 690/782/676 897/769/663
f 690/782/676 691/783/677 897/769/663
f 691/783/677 692/784/678 897/769/663
f 692/784/678 693/785/679 897/769/663
f 693/785/679 694/786/680 897/769/663
f 694/786/680 695/787/681 897/769/663
f 695/787/681 696/788/682 897/769/663
f 696/788/682 697/789/683 897/769/663
f 697/789/683 698/790/684 897/769/663
f 698/790/684 699/791/685 897/769/663
f 699/791/685 700/792/686 897/769/663
f 700/792/686 701/793/687 897/769/663
f 701/793/687 702/794/688 897/769/663
f 702/794/688 703/795/689 897/769/663
f 703/795/689 704/796/690 897/769/663
f 704/796/690 705/797/691 897/769/663
f 705/797/691 706/798/692 897/769/663
f 706/798/692 707/799/693 897/769/663
f 707/799/693 708/800/694 897/769/663
f 708/800/694 709/801/695 897/769/663
f 709/801/695 710/802/696 897/769/663
f 710/802/696 711/803/697 897/769/663
f 711/803/697 712/804/698 897/769/663
f 712/804/698 713/805/699 897/769/663
f 713/805/699 714/806/700 897/769/663
f 714/806/700 715/807/701 897/769/663
f 715/807/701 716/808/702 897/769/663
f 716/808/702 717/809/703 897/769/663
f 717/809/703 718/810/704 897/769/663
f 721/811/705 722/812/706 766/813/599
f 726/814/707 767/815/607 725/816/708
f 731/817/709 769/818/616 730/819/710
f 732/820/711 733/821/712 770/822/593
f 734/823/713 735/824/714 771/825/589
f 736/826/715 737/827/716 772/828/585
f 742/829/717 743/830/718 773/831/574
f 746/832/719 774/833/569 745/834/720
f 749/835/721 775/836/563 748/837/722
f 759/838/723 760/839/724 776/840/541
f 723/841/725 724/842/726 777/709/603
f 738/843/727 778/844/583 737/827/716
f 739/845/728 740/846/729 779/847/579
f 750/848/730 751/849/731 780/850/559
f 755/851/732 756/852/733 781/853/549
f 777/709/603 782/707/601 722/854/706
f 767/713/607 783/711/605 724/842/726
f 728/855/734 784/717/611 727/856/735
f 770/699/593 785/701/595 731/857/709
f 771/695/589 786/697/591 733/858/712
f 772/691/585 787/693/587 735/859/714
f 779/685/579 788/687/581 738/860/727
f 741/861/736 773/680/574 789/640/534
f 774/675/569 790/677/571 744/862/737
f 752/863/738 753/864/739 791/661/555
f 781/655/549 792/657/551 754/865/740
f 757/866/741 793/653/547 756/867/733
f 761/868/742 794/645/539 760/869/724
f 720/870/743 766/705/599 764/703/597
f 784/717/611 795/715/609 726/871/707
f 768/721/615 796/719/613 728/855/734
f 789/640/534 797/683/577 740/872/729
f 790/677/571 798/679/573 743/873/718
f 747/874/744 775/669/563 800/671/565
f 780/665/559 801/667/561 749/875/721
f 751/876/731 791/661/555 802/663/557
f 792/657/551 803/659/553 753/864/739
f 776/647/541 805/649/543 758/877/745
f 763/641/535 806/643/537 761/868/742
f 638/878/746 810/879/624 637/880/747
f 639/881/748 640/882/749 811/883/626
f 641/884/750 642/885/751 812/886/628
f 645/887/752 646/888/753 814/889/632
f 652/890/754 653/891/755 815/892/639
f 658/893/756 659/894/757 817/895/645
f 664/896/758 818/897/650 663/898/759
f 665/899/760 666/900/761 819/901/652
f 668/902/762 669/903/763 820/904/655
f 631/905/764 633/906/765 807/907/618
f 635/908/766 636/909/767 821/728/622
f 647/910/768 648/911/769 823/740/634
f 649/912/770 650/913/771 824/914/636
f 661/915/772 826/916/647 660/917/773
f 818/897/650 827/918/649 662/919/774
f 820/904/655 828/920/654 667/921/775
f 671/922/776 830/923/657 670/924/777
f 672/925/778 673/926/779 831/927/659
f 810/730/624 832/729/623 636/909/767
f 638/928/746 811/732/626 833/731/625
f 812/734/628 834/733/627 640/929/749
f 643/930/780 813/737/631 836/736/630
f 824/742/636 837/741/635 648/911/769
f 656/931/781 838/748/642 655/932/782
f 827/755/649 839/754/648 661/933/772
f 671/934/776 831/765/659 840/764/658
f 808/766/660 841/725/619 673/935/779
f 821/728/622 843/727/621 634/936/783
f 651/937/784 815/745/639 845/744/638
f 838/748/642 847/747/641 654/938/785
f 656/931/781 816/750/644 848/749/643
f 664/939/758 819/758/652 849/757/651
f 828/760/654 850/759/653 666/940/761
f 627/708/602 626/710/604 854/941/786
f 621/720/614 620/702/596 857/942/787
f 616/694/588 615/692/586 858/943/788
f 612/686/580 859/944/789 613/688/582
f 587/639/533 860/945/790 610/681/575
f 602/666/560 601/664/558 861/946/791
f 594/650/544 593/648/542 862/947/792
f 590/642/536 589/637/531 863/948/793
f 853/636/530 630/682/576 851/949/794
f 629/704/598 851/949/794 630/682/576
f 617/696/590 865/950/795 618/698/592
f 609/638/532 608/678/572 866/951/796
f 606/674/568 605/672/566 867/952/797
f 601/664/558 600/662/556 868/953/798
f 597/656/550 596/654/548 869/954/799
f 591/644/538 870/955/800 592/646/540
f 853/636/530 852/956/801 589/637/531
f 854/957/786 871/958/802 628/959/600
f 626/710/604 625/712/606 872/960/803
f 858/961/788 873/962/804 617/963/590
f 608/964/572 607/965/570 874/966/805
f 603/668/562 876/967/806 604/670/564
f 598/968/552 869/969/799 877/970/807
f 595/971/546 878/972/808 596/973/548
f 870/955/800 879/974/809 593/648/542
f 871/958/802 880/975/810 629/976/598
f 855/977/811 882/978/812 624/979/608
f 864/980/813 883/981/814 620/982/596
f 859/983/789 885/984/815 614/985/584
f 611/986/578 860/987/790 887/988/816
f 866/989/796 888/990/817 587/991/533
f 867/992/797 889/993/818 607/965/570
f 861/994/791 890/995/819 603/996/562
f 877/970/807 892/997/820 599/998/554
f 862/999/792 893/1000/821 595/971/546
f 863/1001/793 894/1002/822 591/1003/538
f 632/1004/823 852/1005/801 853/1006/530
f 897/769/663 718/810/704 895/1007/824
f 717/809/703 895/1007/824 718/810/704
f 712/804/698 711/803/697 898/1008/825
f 710/802/696 709/801/695 899/1009/826
f 705/797/691 704/796/690 900/1010/827
f 700/792/686 699/791/685 901/1011/828
f 695/787/681 694/786/680 902/1012/829
f 690/782/676 904/1013/830 691/783/677
f 687/779/673 906/1014/831 688/780/674
f 680/772/666 679/771/665 908/1015/832
f 677/768/662 676/767/661 909/1016/833
f 897/769/663 895/1007/824 719/1017/834
f 716/808/702 715/807/701 910/1018/835
f 714/806/700 713/805/699 911/1019/836
f 711/803/697 899/1009/826 912/1020/837
f 707/799/693 706/798/692 914/1021/838
f 699/791/685 698/790/684 915/1022/839
f 694/786/680 693/785/679 916/1023/840
f 684/776/670 683/775/669 920/1024/841
f 678/770/664 909/1016/833 921/1025/842
f 911/1019/836 922/1026/843 715/807/701
f 701/1027/687 901/1028/828 925/1029/844
f 697/1030/683 926/1031/845 698/1032/684
f 907/1033/846 928/1034/847 682/774/668
f 910/1035/835 929/1036/848 717/1037/703
f 898/1038/825 930/1039/849 713/1040/699
f 709/1041/695 913/1042/850 931/1043/851
f 900/1044/827 932/1045/852 706/1046/692
f 923/1047/853 933/1048/854 704/1049/690
f 902/1050/829 935/1051/855 696/1052/682
f 693/1053/679 903/1054/856 936/1055/857
f 690/1056/676 905/1057/858 937/1058/859
f 921/1059/842 938/1060/860 679/1061/665
f 995/1062/861 939/1063/862 941/1064/863
f 939/1063/862 940/1065/864 941/1064/863
f 940/1065/864 956/1066/865 941/1064/863
f 956/1066/865 954/1067/866 941/1064/863
f 942/1068/867 1014/1069/868 941/1064/863
f 1014/1069/868 995/1062/861 941/1064/863
f 952/1070/869 950/1071/870 951/1072/871
f 950/1071/870 954/1067/866 953/1073/872
f 946/1074/873 951/1075/871 949/1076/874
f 951/1075/871 953/1077/872 949/1076/874
f 948/1078/875 951/1079/871 947/1080/876
f 948/1078/875 952/1081/869 951/1079/871
f 945/1082/877 952/1081/869 948/1078/875
f 956/1066/865 960/1083/878 959/1084/879
f 959/1084/879 961/1085/880 962/1086/881
f 960/1083/878 957/1087/882 964/1088/883
f 961/1089/880 964/1090/883 963/1091/884
f 958/1092/885 962/1093/881 966/1094/886
f 963/1091/884 966/1094/886 962/1093/881
f 965/1095/887 955/1096/888 964/1097/883
f 970/1098/889 968/1099/890 971/1100/891
f 968/1099/890 969/1101/892 972/1102/893
f 969/1103/892 973/1104/894 972/1105/893
f 969/1103/892 967/1106/895 973/1104/894
f 982/1107/896 979/1108/897 976/1109/898
f 984/1110/899 978/1111/900 979/1108/897
f 983/1112/901 984/1110/899 982/1107/896
f 985/1113/902 986/1114/903 989/1115/904
f 986/1114/903 991/1116/905 989/1115/904
f 986/1117/903 987/1118/906 992/1119/907
f 991/1120/905 993/1121/908 990/1122/909
f 999/1123/910 1001/1124/911 1000/1125/912
f 1000/1126/912 1002/1127/913 997/1128/914
f 1001/1129/911 1003/1130/915 1000/1131/912
f 994/1132/916 1004/1133/917 1001/1129/911
f 1001/1129/911 1004/1133/917 1003/1130/915
f 1009/1134/918 1011/1135/919 1012/1136/920
f 1012/1137/920 1011/1138/919 1013/1139/921
f 1011/1138/919 1014/1069/868 1013/1139/921
f 1007/1140/922 1012/1141/920 1006/1142/923
f 1006/1142/923 1012/1141/920 1013/1143/921
f 1005/1144/924 1009/1134/918 1010/1145/925
f 1005/1144/924 1011/1135/919 1009/1134/918
f 1017/1146/926 1018/1147/927 1020/1148/928
f 1020/1148/928 1021/1149/929 1022/1150/930
f 1018/1147/927 1021/1149/929 1020/1148/928
f 1021/1151/929 1015/1152/931 1016/1153/932
f 962/1093/881 958/1092/885 953/1077/872
f 949/1076/874 953/1077/872 958/1092/885
f 949/1076/874 958/1092/885 966/1094/886
f 971/1154/891 979/1108/897 978/1111/900
f 1075/1155/933 1026/1156/934 1025/1157/935
f 994/1132/916 993/1121/908 1004/1133/917
f 1004/1133/917 992/1158/907 1003/1130/915
f 940/1065/864 939/1063/862 1027/1159/936
f 960/1083/878 1027/1159/936 957/1087/882
f 1000/1125/912 1028/1160/937 939/1063/862
f 1027/1161/936 1028/1162/937 1029/1163/938
f 957/1164/882 1027/1161/936 965/1095/887
f 997/1128/914 1028/1162/937 1000/1126/912
f 999/1123/910 1011/1138/919 996/1165/939
f 996/1166/939 1011/1135/919 1005/1144/924
f 994/1132/916 1005/1144/924 1010/1145/925
f 994/1132/916 996/1166/939 1005/1144/924
f 1006/1142/923 1019/1167/940 1007/1140/922
f 1009/1134/918 1016/1153/932 1010/1145/925
f 1015/1152/931 1010/1145/925 1016/1153/932
f 990/1122/909 993/1121/908 1015/1152/931
f 1015/1152/931 1018/1168/927 990/1122/909
f 990/1169/909 1018/1147/927 989/1115/904
f 949/1076/874 974/1170/941 946/1074/873
f 947/1080/876 973/1104/894 948/1078/875
f 965/1095/887 977/1171/942 955/1096/888
f 955/1172/888 982/1107/896 963/1091/884
f 963/1091/884 976/1109/898 966/1094/886
f 975/1173/943 966/1094/886 976/1109/898
f 969/1103/892 944/1174/944 967/1106/895
f 969/1103/892 1033/1175/945 944/1174/944
f 968/1099/890 1033/1176/945 969/1101/892
f 1022/1150/930 1032/1177/946 1020/1148/928
f 1020/1148/928 1032/1177/946 1034/1178/947
f 1032/1177/946 1033/1176/945 1034/1178/947
f 1020/1148/928 1034/1178/947 1017/1146/926
f 1019/1167/940 943/1179/948 1032/1180/946
f 944/1174/944 1032/1180/946 943/1179/948
f 1019/1167/940 1032/1180/946 1022/1181/930
f 1035/1182/949 1046/1183/950 1064/1184/951
f 1071/1185/952 1057/1186/953 1035/1182/949
f 1035/1182/949 1064/1184/951 1071/1185/952
f 1072/1187/954 1037/1188/955 1036/1189/956
f 1036/1189/956 1050/1190/957 1077/1191/958
f 1036/1189/956 1077/1191/958 1072/1187/954
f 983/1192/901 1038/1193/959 980/1194/960
f 980/1195/960 1038/1196/959 1039/1197/961
f 980/1195/960 1039/1197/961 981/1198/962
f 1066/1199/963 1039/1197/961 1041/1200/964
f 977/1171/942 1040/1201/965 983/1192/901
f 983/1192/901 1040/1201/965 1038/1193/959
f 965/1095/887 1029/1163/938 1042/1202/966
f 965/1095/887 1042/1202/966 1040/1201/965
f 1040/1201/965 977/1171/942 965/1095/887
f 1028/1162/937 1076/1203/967 1043/1204/968
f 1029/1163/938 1028/1162/937 1043/1204/968
f 1029/1163/938 1043/1204/968 1055/1205/969
f 1029/1163/938 1055/1205/969 1053/1206/970
f 1029/1163/938 1053/1206/970 1042/1202/966
f 1028/1162/937 997/1128/914 988/1207/971
f 1026/1208/934 1076/1203/967 1028/1162/937
f 1028/1162/937 988/1207/971 1026/1208/934
f 1074/1209/972 1025/1157/935 985/1113/902
f 1059/1210/973 1074/1209/972 985/1113/902
f 981/1198/962 1039/1197/961 1066/1199/963
f 981/1198/962 1066/1199/963 1045/1211/974
f 1017/1146/926 1034/1178/947 1033/1176/945
f 1017/1146/926 1033/1176/945 970/1098/889
f 970/1098/889 981/1198/962 1045/1211/974
f 1017/1146/926 970/1098/889 1045/1211/974
f 1017/1146/926 1045/1211/974 1061/1212/975
f 1017/1146/926 1061/1212/975 1059/1210/973
f 1059/1210/973 985/1113/902 1017/1146/926
f 1046/1183/950 1044/1213/976 1047/1214/977
f 1049/1215/978 1051/1216/979 1048/1217/980
f 1036/1218/956 1035/1219/949 1057/1220/953
f 1057/1220/953 1050/1221/957 1036/1218/956
f 1055/1205/969 1056/1222/981 1053/1206/970
f 1060/1223/982 1058/1224/983 1059/1210/973
f 1047/1225/977 1045/1211/974 1066/1199/963
f 1066/1199/963 1068/1226/984 1047/1225/977
f 1046/1183/950 1047/1214/977 1068/1227/984
f 1068/1227/984 1064/1184/951 1046/1183/950
f 1076/1203/967 1062/1228/985 1048/1217/980
f 1048/1217/980 1043/1204/968 1076/1203/967
f 1049/1215/978 1048/1217/980 1062/1228/985
f 1063/1229/986 1049/1215/978 1062/1228/985
f 1050/1190/957 1049/1230/978 1063/1231/986
f 1077/1191/958 1050/1190/957 1063/1231/986
f 1049/1232/978 1050/1233/957 1052/1234/987
f 1050/1233/957 1057/1235/953 1052/1234/987
f 1052/1234/987 1056/1236/981 1049/1232/978
f 1051/1216/979 1049/1215/978 1056/1222/981
f 1051/1216/979 1056/1222/981 1055/1205/969
f 1043/1204/968 1051/1216/979 1055/1205/969
f 1058/1224/983 1073/1237/988 1074/1209/972
f 1074/1209/972 1059/1210/973 1058/1224/983
f 1072/1187/954 1058/1238/983 1037/1188/955
f 1058/1238/983 1072/1187/954 1073/1239/988
f 1041/1200/964 1069/1240/989 1068/1226/984
f 1067/1241/990 1065/1242/991 1069/1243/989
f 1069/1244/989 1071/1185/952 1064/1184/951
f 1078/1245/992 1077/1191/958 1063/1231/986
f 1063/1231/986 1075/1246/933 1078/1245/992
f 1062/1228/985 1075/1247/933 1063/1229/986
f 1075/1155/933 1079/1248/993 1073/1237/988
f 1062/1228/985 1076/1203/967 1075/1247/933
f 1078/1245/992 1073/1239/988 1072/1187/954
f 1077/1191/958 1078/1245/992 1072/1187/954
f 1071/1185/952 1052/1249/987 1057/1186/953
f 1052/1249/987 1071/1185/952 1070/1250/994
f 1054/1251/995 1052/1249/987 1070/1250/994
f 1054/1252/995 1070/1253/994 1065/1242/991
f 1054/1252/995 1065/1242/991 1042/1202/966
f 1053/1206/970 1054/1252/995 1042/1202/966
f 1061/1212/975 1045/1211/974 1044/1254/976
f 1061/1212/975 1044/1254/976 1060/1223/982
f 1058/1255/983 1046/1256/950 1037/1257/955
f 446/501/424 1/178/178 380/502/425
f 447/1258/996 3/180/180 446/501/424
f 448/1259/997 4/181/181 447/1258/996
f 449/476/412 5/1260/998 448/1259/997
f 475/1261/426 6/192/192 449/476/412
f 381/515/437 7/183/183 475/503/426
f 450/479/413 8/184/184 381/515/437
f 476/506/428 9/196/195 450/479/413
f 451/505/427 10/186/186 476/506/428
f 452/482/414 11/187/187 451/505/427
f 477/508/430 12/1262/999 452/482/414
f 477/508/430 14/1263/1000 13/1264/1001
f 454/483/415 14/1263/1000 453/507/429
f 442/461/404 15/197/196 454/483/415
f 455/1265/416 16/168/168 442/461/404
f 478/510/432 17/1266/169 455/487/416
f 478/510/432 19/1267/1002 18/1268/1003
f 457/1269/1004 19/1267/1002 456/509/431
f 458/488/417 20/201/200 457/1269/1004
f 458/488/417 22/223/222 21/199/198
f 480/512/434 22/223/222 479/1270/1005
f 459/511/433 23/191/191 480/512/434
f 459/511/433 25/173/173 24/189/189
f 461/491/418 25/173/173 460/1271/1006
f 461/491/418 27/203/202 26/171/171
f 462/1272/1007 27/203/202 443/465/406
f 463/492/419 28/1273/1008 462/1274/1007
f 444/468/408 29/1275/1009 463/492/419
f 464/1276/1010 30/205/204 444/468/408
f 464/1276/1010 32/208/207 31/206/205
f 481/514/436 32/208/207 465/494/420
f 466/513/435 33/209/208 481/514/436
f 467/1277/1011 34/1278/1012 466/513/435
f 468/1279/1013 35/211/210 467/1277/1011
f 469/1280/1014 36/176/176 468/1279/1013
f 470/1281/1015 37/174/174 469/1280/1014
f 471/1282/1016 38/1283/1017 470/1281/1015
f 472/1284/421 39/1285/1018 471/1282/1016
f 445/471/410 40/213/212 472/496/421
f 473/1286/1019 41/214/213 445/471/410
f 474/500/423 42/1287/1020 473/1286/1019
f 379/499/422 43/218/217 474/500/423
f 44/216/215 2/474/411 177/177/177
f 276/383/335 490/1288/1021 127/1289/1022
f 128/516/438 276/383/335 334/328/301
f 128/516/438 348/358/319 129/517/439
f 129/517/439 369/386/336 130/533/455
f 130/533/455 349/385/320 131/534/456
f 132/521/443 349/359/320 335/331/302
f 132/521/443 370/387/337 133/519/441
f 133/519/441 350/361/321 134/536/458
f 134/536/458 336/334/304 135/1290/1023
f 135/1290/1023 351/1291/1024 136/1292/1025
f 136/1292/1025 352/365/323 137/559/479
f 137/559/479 337/364/322 138/538/460
f 138/538/460 278/396/344 139/539/461
f 139/539/461 353/367/324 140/561/481
f 140/561/481 371/1293/1026 141/542/464
f 141/542/464 372/389/338 142/522/444
f 142/522/444 340/388/308 143/523/445
f 143/578/445 373/391/340 144/543/465
f 144/543/465 354/368/325 145/544/466
f 145/544/466 279/397/345 146/525/447
f 146/525/447 355/371/326 147/526/448
f 147/526/448 374/392/341 148/546/468
f 148/546/468 342/347/311 149/547/469
f 149/547/469 356/1294/1027 150/1295/1028
f 150/1295/1028 357/1296/1029 151/1297/1030
f 151/1297/1030 358/1298/1031 152/1299/1032
f 152/1299/1032 359/1300/327 153/564/484
f 153/564/484 375/1301/343 154/1302/473
f 154/551/473 343/394/342 155/549/471
f 155/549/471 344/350/314 156/585/503
f 156/585/503 360/1303/1033 157/1304/1034
f 157/1304/1034 361/1305/1035 158/1306/1036
f 158/1306/1036 362/1307/1037 159/1308/1038
f 159/1308/1038 363/1309/1039 160/1310/1040
f 160/1310/1040 364/376/329 161/569/488
f 161/569/488 345/352/316 162/567/486
f 162/567/486 365/1311/1041 163/1312/1042
f 163/1312/1042 366/1313/331 164/1314/490
f 164/571/490 346/378/330 165/552/474
f 166/530/452 346/378/330 347/355/317
f 166/530/452 367/1315/1043 167/528/450
f 167/528/450 368/382/334 168/574/493
f 169/1316/1044 368/382/334 277/1317/1045
f 169/1316/1044 127/1289/1022 490/1288/1021
f 183/182/182 1/178/178 3/180/180
f 380/502/425 177/177/177 2/474/411
f 15/197/196 16/168/168 180/170/170
f 25/173/173 181/172/172 24/189/189
f 35/211/210 36/176/176 182/175/175
f 187/1318/244 5/1260/998 188/1319/245
f 7/183/183 184/185/185 6/1320/192
f 10/186/186 185/188/188 9/196/195
f 23/191/191 186/190/190 22/223/222
f 178/234/233 177/177/177 170/179/179
f 4/181/181 187/1318/244 183/182/182
f 189/194/193 5/1260/998 6/192/192
f 191/237/236 12/1262/999 192/1321/247
f 9/196/195 190/195/194 8/184/184
f 11/187/187 191/237/236 185/188/188
f 192/1321/247 13/1264/1001 193/1322/240
f 193/1322/240 14/1263/1000 194/1323/238
f 195/198/197 14/1263/1000 15/197/196
f 196/1324/219 19/1267/1002 197/1325/250
f 18/1268/1003 196/1324/219 17/1266/169
f 197/1325/250 20/201/200 198/200/199
f 202/1326/257 28/1273/1008 29/1275/1009
f 186/190/190 24/189/189 199/202/201
f 26/171/171 200/204/203 181/172/172
f 28/1327/1008 201/225/224 27/203/202
f 203/207/206 29/1275/1009 30/205/204
f 206/212/211 34/1278/1012 35/211/210
f 31/206/205 32/208/207 204/210/209
f 33/209/208 34/1278/1012 205/228/227
f 207/230/229 38/1283/1017 208/1328/253
f 37/174/174 207/230/229 182/175/175
f 208/1328/253 39/1285/1018 209/1329/242
f 209/1329/242 40/1330/212 210/1331/214
f 212/217/216 42/1287/1020 43/218/217
f 41/214/213 42/1287/1020 211/232/231
f 215/221/220 180/170/170 17/169/169
f 177/177/177 178/234/233 44/216/215
f 8/184/184 213/219/218 184/185/185
f 180/170/170 214/1332/248 195/198/197
f 217/222/221 21/199/198 22/223/222
f 198/200/199 21/199/198 216/1333/255
f 227/244/241 186/1334/190 199/242/201
f 181/172/172 218/224/223 199/202/201
f 200/204/203 27/203/202 219/226/225
f 31/206/205 220/227/226 203/207/206
f 204/210/209 33/209/208 221/229/228
f 182/175/175 222/231/230 206/212/211
f 210/215/214 41/214/213 223/233/232
f 212/217/216 44/216/215 171/235/234
f 190/195/194 185/188/188 224/238/237
f 193/241/240 225/240/239 192/257/247
f 217/222/221 186/190/190 226/1335/256
f 238/282/258 206/1336/211 239/49/49
f 208/271/253 209/245/242 228/247/243
f 179/274/254 178/275/233 172/276/235
f 183/249/182 229/83/83 172/276/235
f 188/250/245 230/79/79 187/248/244
f 189/251/193 184/252/185 231/75/75
f 213/253/218 190/256/194 232/255/246
f 191/258/236 233/68/68 224/254/237
f 194/239/238 195/261/197 234/260/249
f 197/262/250 235/19/19 196/277/219
f 218/243/223 236/31/31 227/244/241
f 202/281/257 203/267/206 237/266/251
f 221/283/228 205/1337/227 238/282/258
f 239/49/49 222/268/230 240/51/51
f 249/13/13 215/1338/220 250/15/15
f 207/269/229 208/271/253 241/270/252
f 211/284/231 212/272/216 242/65/65
f 179/274/254 172/276/235 173/85/85
f 229/83/83 187/248/244 243/81/81
f 189/251/193 244/77/77 230/79/79
f 213/253/218 245/73/73 231/75/75
f 224/254/237 246/69/69 232/255/246
f 192/257/247 247/3/3 233/68/68
f 225/240/239 194/239/238 248/9/9
f 214/259/248 249/13/13 234/260/249
f 250/15/15 196/277/219 251/17/17
f 252/21/21 216/279/255 253/23/23
f 235/19/19 198/263/199 252/21/21
f 256/35/35 200/264/203 219/1339/225
f 226/280/256 254/27/27 217/278/221
f 236/31/31 200/264/203 255/33/33
f 256/35/35 201/1340/224 257/37/37
f 257/37/37 202/281/257 258/39/39
f 260/45/45 220/265/226 204/1341/209
f 237/266/251 220/265/226 259/43/43
f 261/46/46 204/1341/209 221/283/228
f 264/61/61 210/246/214 223/1342/232
f 207/269/229 262/53/53 240/51/51
f 228/247/243 210/246/214 263/59/59
f 264/61/61 211/284/231 265/63/63
f 271/55/55 228/247/243 272/57/57
f 247/3/3 225/240/239 266/7/7
f 248/9/9 234/260/249 267/11/11
f 253/23/23 217/278/221 268/25/25
f 254/27/27 227/244/241 269/29/29
f 258/39/39 237/266/251 270/41/41
f 262/53/53 241/270/252 271/55/55
f 77/64/64 281/1343/1046 273/1344/1047
f 242/65/65 171/273/234 174/66/66
f 232/255/246 175/71/71 245/73/73
f 261/46/46 238/282/258 176/4/4
f 73/78/78 72/76/76 283/285/259
f 68/48/48 284/287/261 69/70/70
f 54/32/32 53/34/34 286/288/262
f 78/62/62 77/64/64 287/305/279
f 281/1343/1046 280/67/67 76/84/84
f 74/80/80 288/289/263 75/82/82
f 67/1/1 289/290/264 45/2/2
f 62/16/16 290/291/265 63/14/14
f 59/22/22 291/292/266 60/20/20
f 50/40/40 292/293/267 51/38/38
f 82/54/54 293/294/268 83/52/52
f 77/64/64 273/1344/1047 287/305/279
f 296/308/282 70/72/72 297/297/271
f 76/84/84 75/82/82 294/295/269
f 73/78/78 295/296/270 288/289/263
f 71/74/74 296/308/282 283/285/259
f 299/1345/305 66/8/8 65/10/10
f 289/290/264 66/8/8 298/1346/307
f 300/322/296 65/10/10 64/12/12
f 301/298/272 64/12/12 63/14/14
f 303/299/273 61/18/18 60/20/20
f 290/291/265 61/18/18 302/325/299
f 305/312/286 55/30/30 306/1347/310
f 58/24/24 304/300/274 291/292/266
f 56/28/28 305/312/286 57/26/26
f 306/1347/310 54/32/32 307/301/275
f 309/302/276 52/36/36 51/38/38
f 52/36/36 308/314/288 286/288/262
f 310/1348/312 48/44/44 311/1349/313
f 49/42/42 310/1348/312 292/293/267
f 312/303/277 48/44/44 47/6/6
f 313/316/290 84/50/50 314/1350/328
f 85/47/47 313/316/290 46/5/5
f 315/304/278 84/50/50 83/52/52
f 317/1351/318 80/58/58 79/60/60
f 80/58/58 316/318/292 81/56/56
f 317/1351/318 78/62/62 318/306/280
f 274/307/281 281/1343/1046 76/84/84
f 322/311/285 285/286/260 45/2/2
f 283/285/259 319/309/283 295/296/270
f 297/297/271 69/70/70 320/310/284
f 285/286/260 321/1352/303 284/287/261
f 327/319/293 293/294/268 81/56/56
f 57/26/26 323/313/287 304/300/274
f 286/288/262 324/315/289 307/301/275
f 312/303/277 46/5/5 325/317/291
f 293/294/268 326/1353/315 315/304/278
f 275/1354/333 287/305/279 273/1344/1047
f 287/305/279 328/1355/332 318/306/280
f 275/1354/333 281/1343/1046 282/1356/1048
f 338/337/306 289/1357/264 298/338/307
f 288/289/263 295/296/270 329/320/294
f 297/297/271 330/321/295 296/308/282
f 299/1345/305 300/322/296 331/323/297
f 302/325/299 332/324/298 290/291/265
f 308/314/288 309/302/276 333/326/300
f 274/384/281 294/329/269 334/328/301
f 319/360/283 296/332/282 335/331/302
f 320/362/284 284/335/261 336/334/304
f 289/1357/264 337/364/322 322/363/285
f 339/1358/339 290/291/265 340/1359/308
f 331/366/297 301/1360/272 339/390/339
f 344/350/314 292/1361/267 310/348/312
f 303/369/273 291/344/266 341/343/309
f 323/370/287 305/345/286 342/347/311
f 333/393/300 292/1361/267 343/394/342
f 347/355/317 316/1362/292 317/356/318
f 315/353/278 345/352/316 314/375/328
f 316/1363/292 346/1364/330 327/1365/293
f 352/365/323 321/333/303 322/363/285
f 334/328/301 288/327/263 348/358/319
f 319/1366/283 349/385/320 329/357/294
f 320/362/284 350/361/321 330/330/295
f 336/334/304 321/333/303 351/1291/1024
f 356/1294/1027 307/1367/275 357/1296/1029
f 338/337/306 299/336/305 353/367/324
f 303/369/273 354/368/325 332/339/298
f 341/343/309 304/342/274 355/371/326
f 306/346/310 356/1294/1027 342/347/311
f 358/1298/1031 307/1367/275 324/1368/289
f 359/1300/327 324/1368/289 308/1369/288
f 360/1303/1033 312/1370/277 361/1305/1035
f 311/349/313 360/1303/1033 344/350/314
f 361/1305/1035 325/1371/291 362/1307/1037
f 362/1307/1037 313/1372/290 363/1309/1039
f 363/1309/1039 314/375/328 364/376/329
f 366/1313/331 326/351/315 327/1373/293
f 345/352/316 326/351/315 365/1311/1041
f 368/382/334 318/354/280 328/380/332
f 347/355/317 318/354/280 367/1315/1043
f 276/383/335 282/1374/1048 274/384/281
f 372/389/338 331/366/297 339/390/339
f 348/358/319 329/357/294 369/386/336
f 330/330/295 370/387/337 335/331/302
f 353/367/324 331/366/297 371/1293/1026
f 277/1317/1045 282/1374/1048 127/1289/1022
f 340/340/308 332/339/298 373/391/340
f 355/371/326 323/370/287 374/392/341
f 359/1300/327 333/1375/300 375/1301/343
f 368/382/334 275/381/333 277/1317/1045
f 392/414/362 90/126/126 393/403/351
f 337/364/322 338/337/306 278/396/344
f 354/368/325 341/343/309 279/397/345
f 383/406/354 382/148/148 116/167/167
f 110/155/155 109/152/152 385/409/357
f 109/152/152 386/398/346 385/409/357
f 125/91/91 388/416/364 88/130/130
f 108/150/150 389/400/348 386/398/346
f 105/96/96 390/401/349 106/94/94
f 96/114/114 391/402/350 97/112/112
f 91/124/124 392/414/362 92/122/122
f 396/405/353 122/137/137 121/139/139
f 125/91/91 394/404/352 388/416/364
f 122/137/137 395/418/366 123/135/135
f 397/422/370 113/161/161 398/1376/1049
f 382/148/148 376/436/384 117/147/147
f 383/406/354 376/436/384 382/148/148
f 114/163/163 397/422/370 115/165/165
f 399/408/356 113/161/161 112/159/159
f 401/439/387 107/92/92 402/441/389
f 111/157/157 110/155/155 400/410/358
f 86/86/86 401/439/387 389/400/348
f 402/441/389 106/94/94 403/411/359
f 405/1377/403 104/98/98 103/100/100
f 390/401/349 104/98/98 404/426/374
f 405/1377/403 102/102/102 406/445/393
f 406/445/393 101/104/104 407/443/391
f 407/443/391 100/106/106 408/412/360
f 410/430/378 93/120/120 411/1378/405
f 99/108/108 98/110/110 409/413/361
f 94/118/118 410/430/378 95/116/116
f 412/415/363 93/120/120 92/122/122
f 415/455/399 119/143/143 416/1379/409
f 88/130/130 413/417/365 89/129/129
f 124/133/133 123/135/135 414/419/367
f 120/141/141 415/455/399 396/405/353
f 417/420/368 119/143/143 118/145/145
f 421/425/373 385/409/357 386/398/346
f 377/407/355 115/165/165 418/423/371
f 111/157/157 419/424/372 399/408/356
f 385/409/357 420/1380/401 400/410/358
f 427/432/380 387/399/347 89/129/129
f 390/401/349 422/427/375 403/411/359
f 99/108/108 423/428/376 408/412/360
f 409/413/361 97/112/112 424/429/377
f 391/402/350 95/116/116 425/431/379
f 387/399/347 426/1381/407 393/403/351
f 446/501/424 397/1382/370 447/1258/996
f 388/416/364 428/433/381 413/417/365
f 124/133/133 429/434/382 394/404/352
f 395/418/366 430/435/383 414/419/367
f 117/147/147 431/437/385 417/420/368
f 383/406/354 384/421/369 376/436/384
f 384/421/369 377/407/355 378/438/386
f 389/400/348 432/440/388 421/425/373
f 401/439/387 402/441/389 433/442/390
f 405/1377/403 406/445/393 434/444/392
f 423/489/376 409/448/361 435/447/394
f 391/402/350 436/449/395 424/429/377
f 412/415/363 392/414/362 437/450/396
f 427/495/380 413/451/365 438/453/397
f 394/404/352 439/454/398 428/433/381
f 396/405/353 440/456/400 430/435/383
f 419/504/372 400/459/358 441/458/402
f 422/484/375 404/462/374 442/461/404
f 411/463/405 443/465/406 410/490/378
f 437/493/396 393/466/351 444/468/408
f 416/469/409 445/471/410 415/497/399
f 376/1383/384 379/499/422 431/498/385
f 384/472/369 379/499/422 376/1383/384
f 378/473/386 418/1384/371 446/501/424
f 448/1259/997 397/1382/370 398/1385/1049
f 448/1259/997 399/477/356 449/476/412
f 452/482/414 432/1386/388 401/480/387
f 441/458/402 420/457/401 450/479/413
f 421/478/373 432/1386/388 451/505/427
f 453/507/429 422/484/375 454/483/415
f 433/481/390 403/1387/359 453/507/429
f 456/509/431 408/1388/360 457/1269/1004
f 442/461/404 405/460/403 455/1265/416
f 434/486/392 407/1389/391 456/509/431
f 458/488/417 408/1388/360 423/489/376
f 459/511/433 425/1390/379 460/1271/1006
f 436/1391/395 459/511/433 424/446/377
f 461/491/418 425/1390/379 410/490/378
f 462/1272/1007 437/1392/396 463/1393/419
f 443/465/406 412/464/363 462/1272/1007
f 464/1276/1010 427/495/380 465/494/420
f 426/467/407 464/1276/1010 444/468/408
f 466/513/435 439/1394/398 467/1277/1011
f 428/452/381 466/513/435 438/453/397
f 467/1277/1011 429/1395/382 468/1279/1013
f 469/1280/1014 429/1395/382 414/1396/367
f 470/1281/1015 414/1396/367 430/1397/383
f 471/1282/1016 430/1397/383 440/1398/400
f 472/1284/421 440/1398/400 415/1399/399
f 473/1286/1019 431/498/385 474/500/423
f 417/470/368 473/1286/1019 445/471/410
f 480/512/434 435/447/394 424/446/377
f 2/474/411 378/473/386 380/502/425
f 449/476/412 419/475/372 475/1261/426
f 450/479/413 421/478/373 476/506/428
f 433/481/390 477/508/430 452/482/414
f 455/487/416 434/486/392 478/510/432
f 458/488/417 435/447/394 479/1270/1005
f 126/531/453 491/1400/1050 490/1288/1021
f 465/494/420 438/453/397 481/514/436
f 475/503/426 441/458/402 381/515/437
f 128/516/438 493/518/440 126/531/453
f 132/1401/443 494/1402/442 131/1403/456
f 141/542/464 142/522/444 495/524/446
f 146/525/447 496/527/449 145/544/466
f 166/530/452 497/529/451 165/552/474
f 169/1316/1044 491/1400/1050 483/572/491
f 130/533/455 498/535/457 129/517/439
f 494/520/442 133/519/441 499/537/459
f 137/559/479 138/538/460 500/540/462
f 141/542/464 501/541/463 140/561/481
f 144/543/465 502/545/467 143/578/445
f 148/546/468 503/548/470 147/526/448
f 154/1302/473 504/565/472 153/564/484
f 164/571/490 165/552/474 505/553/475
f 169/1316/1044 483/572/491 168/574/493
f 509/1404/519 134/536/458 135/1290/1023
f 129/517/439 506/554/476 493/518/440
f 498/535/457 131/534/456 507/1405/477
f 499/537/459 134/536/458 508/1406/509
f 509/1404/519 136/1292/1025 510/1407/522
f 510/1407/522 137/559/479 511/558/478
f 516/1408/525 150/1295/1028 151/1297/1030
f 140/561/481 512/560/480 139/539/461
f 502/545/467 145/544/466 513/562/482
f 147/526/448 514/563/483 496/527/449
f 149/547/469 150/1295/1028 515/581/499
f 516/1408/525 152/1299/1032 517/1409/524
f 517/1409/524 153/564/484 518/566/485
f 519/583/501 158/1306/1036 520/1410/526
f 156/585/503 157/1304/1034 519/583/501
f 521/1411/1051 158/1306/1036 159/1308/1038
f 522/1412/1052 159/1308/1038 160/1310/1040
f 523/568/487 160/1310/1040 161/569/488
f 524/586/504 164/1314/490 525/1413/489
f 163/1312/1042 524/586/504 162/567/486
f 526/588/506 168/574/493 527/573/492
f 167/528/450 526/588/506 497/529/451
f 532/1414/497 495/1415/446 143/1416/445
f 493/518/440 528/575/494 482/532/454
f 494/1417/442 529/613/495 507/590/477
f 139/539/461 530/577/496 500/540/462
f 495/524/446 531/1418/512 501/541/463
f 535/1419/515 156/585/503 536/584/502
f 496/527/449 533/580/498 513/562/482
f 149/547/469 534/582/500 503/548/470
f 155/549/471 535/1419/515 504/550/472
f 541/616/520 500/596/462 542/598/511
f 523/568/487 162/567/486 537/587/505
f 497/529/451 538/589/507 505/553/475
f 498/592/457 539/591/508 506/1420/476
f 529/613/495 499/593/459 540/595/510
f 511/1421/478 541/616/520 510/618/522
f 482/611/454 492/634/528 491/1422/1050
f 501/601/463 543/600/513 512/1423/480
f 532/1414/497 502/602/467 544/604/514
f 504/605/472 545/607/516 518/621/485
f 537/631/505 524/608/504 546/610/517
f 553/632/527 483/1424/491 485/1425/1053
f 539/591/508 507/590/477 547/614/518
f 508/594/509 548/153/153 540/595/510
f 509/615/519 510/618/522 549/617/521
f 514/627/483 503/619/470 550/111/111
f 516/628/525 517/623/524 551/622/523
f 525/609/489 505/624/475 552/140/140
f 526/633/506 527/1426/492 553/632/527
f 483/1424/491 492/634/528 485/1425/1053
f 555/160/160 506/1420/476 539/591/508
f 506/1420/476 554/162/162 528/612/494
f 557/154/154 529/613/495 540/595/510
f 547/614/518 529/613/495 556/156/156
f 560/95/95 543/600/513 561/97/97
f 548/153/153 509/615/519 558/151/151
f 542/598/511 559/88/88 541/616/520
f 512/1423/480 560/95/95 530/597/496
f 561/97/97 531/599/512 562/99/99
f 562/99/99 532/1414/497 563/101/101
f 563/101/101 544/604/514 564/103/103
f 564/103/103 513/603/482 565/105/105
f 568/115/115 534/620/500 515/1427/499
f 533/626/498 514/627/483 566/109/109
f 534/620/500 567/113/113 550/111/111
f 569/117/117 515/1427/499 516/628/525
f 570/121/121 545/607/516 571/123/123
f 551/622/523 518/621/485 570/121/121
f 573/128/128 536/1428/502 519/630/501
f 535/606/515 536/1428/502 572/127/127
f 575/131/131 521/1429/1051 522/1430/1052
f 521/1429/1051 574/90/90 520/629/526
f 576/132/132 522/1430/1052 523/1431/487
f 576/132/132 537/631/505 577/134/134
f 580/144/144 538/625/507 526/633/506
f 546/610/517 525/609/489 578/138/138
f 538/625/507 579/142/142 552/140/140
f 489/146/146 492/634/528 87/149/149
f 484/166/166 528/612/494 581/164/164
f 549/617/521 541/616/520 487/87/87
f 530/597/496 582/93/93 559/88/88
f 565/105/105 533/626/498 583/107/107
f 571/123/123 535/606/515 584/125/125
f 573/128/128 520/629/526 585/89/89
f 577/134/134 546/610/517 586/136/136
f 553/632/527 485/1425/1053 489/146/146
f 632/1004/823 631/905/764 809/1432/1054
f 547/614/518 486/158/158 555/160/160
f 549/617/521 487/87/87 558/151/151
f 551/622/523 488/119/119 569/117/117
f 553/632/527 489/146/146 580/144/144
f 880/975/810 631/905/764 851/1433/794
f 871/958/802 633/906/765 880/975/810
f 854/957/786 634/1434/783 871/958/802
f 872/1435/803 635/1436/766 854/957/786
f 881/1437/1055 636/1438/767 872/1439/803
f 882/978/812 637/880/747 881/1437/1055
f 855/977/811 638/878/746 882/978/812
f 856/1440/1056 639/881/748 855/977/811
f 857/1441/787 640/882/749 856/1440/1056
f 883/981/814 641/884/750 857/1441/787
f 864/980/813 642/885/751 883/981/814
f 865/1442/795 643/1443/780 864/980/813
f 873/962/804 644/1444/1057 865/1442/795
f 858/961/788 645/887/752 873/962/804
f 884/1445/1058 646/888/753 858/961/788
f 885/1446/815 647/1447/768 884/1445/1058
f 859/983/789 648/1448/769 885/984/815
f 886/1449/1059 649/912/770 859/983/789
f 887/988/816 650/913/771 886/1449/1059
f 860/987/790 651/1450/784 887/988/816
f 888/990/817 652/890/754 860/987/790
f 866/989/796 653/891/755 888/990/817
f 874/966/805 654/1451/785 866/989/796
f 889/993/818 655/1452/782 874/966/805
f 867/992/797 656/1453/781 889/993/818
f 875/1454/1060 657/1455/1061 867/992/797
f 876/1456/806 658/893/756 875/1454/1060
f 890/995/819 659/1457/757 876/1458/806
f 861/994/791 660/917/773 890/995/819
f 868/1459/798 661/915/772 861/994/791
f 891/1460/1062 662/919/774 868/1459/798
f 892/997/820 663/898/759 891/1460/1062
f 877/970/807 664/896/758 892/997/820
f 869/969/799 665/899/760 877/970/807
f 878/972/808 666/900/761 869/969/799
f 893/1000/821 667/921/775 878/972/808
f 862/999/792 668/902/762 893/1000/821
f 879/1461/809 669/1462/763 862/1463/792
f 870/1464/800 670/924/777 879/1461/809
f 894/1002/822 671/922/776 870/1464/800
f 863/1001/793 672/925/778 894/1002/822
f 852/1005/801 673/926/779 863/1001/793
f 674/1465/1063 632/1004/823 809/1432/1054
f 895/1466/824 765/1467/1064 719/1468/834
f 720/1469/743 929/1036/848 721/811/705
f 721/811/705 910/1035/835 722/812/706
f 722/812/706 922/1470/843 723/1471/725
f 723/1471/725 911/1472/836 724/1473/726
f 724/1473/726 930/1474/849 725/1475/708
f 725/816/708 898/1038/825 726/814/707
f 726/814/707 912/1476/837 727/1477/735
f 727/1477/735 899/1478/826 728/1479/734
f 728/1479/734 931/1043/851 729/1480/1065
f 729/1480/1065 913/1042/850 730/819/710
f 730/819/710 914/1481/838 731/817/709
f 731/817/709 932/1045/852 732/820/711
f 733/821/712 932/1045/852 900/1044/827
f 733/821/712 933/1048/854 734/823/713
f 734/823/713 923/1047/853 735/824/714
f 735/1482/714 924/1483/1066 736/826/715
f 736/826/715 925/1029/844 737/827/716
f 737/827/716 901/1028/828 738/843/727
f 738/843/727 915/1484/839 739/845/728
f 740/846/729 915/1484/839 926/1031/845
f 741/1485/736 926/1031/845 934/1486/1067
f 741/1485/736 935/1051/855 742/829/717
f 742/829/717 902/1050/829 743/830/718
f 743/830/718 916/1487/840 744/1488/737
f 744/1488/737 936/1055/857 745/834/720
f 746/832/719 936/1055/857 903/1054/856
f 746/1489/719 904/1490/830 747/1491/744
f 747/1491/744 937/1058/859 748/837/722
f 749/835/721 937/1058/859 905/1057/858
f 749/835/721 906/1492/831 750/848/730
f 750/848/730 917/1493/1068 751/849/731
f 751/849/731 918/1494/1069 752/1495/738
f 752/1495/738 919/1496/1070 753/1497/739
f 753/1497/739 920/1498/841 754/1499/740
f 754/1499/740 927/1500/1071 755/851/732
f 755/851/732 928/1501/847 756/852/733
f 756/852/733 907/1502/846 757/1503/741
f 757/1503/741 908/1504/832 758/1505/745
f 758/1506/745 938/1060/860 759/838/723
f 759/838/723 921/1059/842 760/839/724
f 760/839/724 909/1507/833 761/1508/742
f 761/1508/742 896/1509/1072 762/1510/1073
f 762/1510/1073 719/1468/834 765/1467/1064
f 768/1511/615 730/819/710 769/818/616
f 721/811/705 766/813/599 720/1469/743
f 725/816/708 767/815/607 724/1512/726
f 729/1480/1065 768/1511/615 728/1479/734
f 762/1513/1073 588/635/529 763/641/535
f 732/820/711 770/822/593 731/817/709
f 733/821/712 734/823/713 771/825/589
f 735/1482/714 736/826/715 772/828/585
f 741/1485/736 742/829/717 773/831/574
f 745/834/720 774/833/569 744/1488/737
f 748/837/722 775/836/563 747/1491/744
f 758/1506/745 759/838/723 776/840/541
f 722/812/706 723/1471/725 777/1514/603
f 737/1515/716 778/689/583 772/691/585
f 739/845/728 779/847/579 738/843/727
f 749/835/721 750/848/730 780/850/559
f 755/851/732 781/853/549 754/1499/740
f 588/635/529 765/1516/1064 720/870/743
f 766/705/599 722/854/706 782/707/601
f 777/709/603 724/842/726 783/711/605
f 726/871/707 727/856/735 784/717/611
f 769/722/616 731/857/709 785/701/595
f 733/858/712 786/697/591 770/699/593
f 771/695/589 735/859/714 787/693/587
f 778/689/583 738/860/727 788/687/581
f 741/861/736 789/640/534 740/872/729
f 743/873/718 744/862/737 790/677/571
f 752/863/738 791/661/555 751/876/731
f 753/864/739 754/865/740 792/657/551
f 756/867/733 793/653/547 781/655/549
f 776/647/541 760/869/724 794/645/539
f 762/1513/1073 763/641/535 761/868/742
f 799/673/567 747/874/744 800/671/565
f 588/635/529 720/870/743 764/703/597
f 726/871/707 795/715/609 767/713/607
f 784/717/611 728/855/734 796/719/613
f 740/872/729 797/683/577 779/685/579
f 773/680/574 743/873/718 798/679/573
f 774/675/569 746/1517/719 799/673/567
f 805/649/543 757/866/741 758/877/745
f 775/669/563 749/875/721 801/667/561
f 780/665/559 751/876/731 802/663/557
f 791/661/555 753/864/739 803/659/553
f 793/653/547 757/866/741 804/651/545
f 814/889/632 644/1444/1057 645/887/752
f 794/645/539 761/868/742 806/643/537
f 637/880/747 810/879/624 636/1438/767
f 638/878/746 639/881/748 811/883/626
f 641/884/750 812/886/628 640/882/749
f 644/1444/1057 813/1518/631 643/1443/780
f 816/1519/644 658/893/756 817/895/645
f 651/1450/784 652/890/754 815/892/639
f 657/1455/1061 816/1519/644 656/1453/781
f 807/907/618 809/1432/1054 631/905/764
f 663/898/759 818/897/650 662/919/774
f 664/896/758 665/899/760 819/901/652
f 667/921/775 668/902/762 820/904/655
f 822/1520/633 647/1447/768 823/1521/634
f 635/1436/766 821/1522/622 634/1434/783
f 646/888/753 822/1520/633 814/889/632
f 825/1523/646 660/917/773 826/916/647
f 649/1524/770 824/742/636 648/911/769
f 659/1525/757 825/752/646 817/751/645
f 830/763/657 669/1526/763 670/1527/777
f 661/915/772 662/919/774 827/918/649
f 667/921/775 828/920/654 666/900/761
f 820/904/655 669/903/763 829/1528/656
f 808/1529/660 809/1432/1054 675/1530/617
f 671/922/776 672/925/778 831/927/659
f 674/1465/1063 808/1529/660 673/926/779
f 836/736/630 642/1531/751 643/930/780
f 821/728/622 636/909/767 832/729/623
f 810/730/624 638/928/746 833/731/625
f 811/732/626 640/929/749 834/733/627
f 642/1531/751 835/735/629 812/734/628
f 843/727/621 633/1532/765 634/936/783
f 823/740/634 648/911/769 837/741/635
f 654/938/785 655/932/782 838/748/642
f 661/933/772 839/754/648 826/753/647
f 671/934/776 840/764/658 830/763/657
f 831/765/659 673/935/779 841/725/619
f 633/1532/765 842/726/620 807/724/618
f 844/743/637 651/937/784 845/744/638
f 824/742/636 650/1533/771 844/743/637
f 847/747/641 653/1534/755 654/938/785
f 815/745/639 653/1534/755 846/746/640
f 855/1535/811 622/718/612 856/1536/1056
f 838/748/642 656/931/781 848/749/643
f 818/756/650 664/939/758 849/757/651
f 819/758/652 666/940/761 850/759/653
f 628/706/600 627/708/602 854/941/786
f 623/716/610 855/1535/811 624/714/608
f 857/942/787 622/718/612 621/720/614
f 864/1537/813 618/698/592 865/950/795
f 617/696/590 616/694/588 858/943/788
f 613/688/582 859/944/789 614/690/584
f 610/681/575 860/945/790 611/684/578
f 602/666/560 861/946/791 603/668/562
f 594/650/544 862/947/792 595/652/546
f 591/644/538 590/642/536 863/948/793
f 619/700/594 864/1537/813 620/702/596
f 876/967/806 605/672/566 604/670/564
f 587/639/533 609/638/532 866/951/796
f 607/676/570 606/674/568 867/952/797
f 601/664/558 868/953/798 861/946/791
f 597/656/550 869/954/799 598/658/552
f 592/646/540 870/955/800 593/648/542
f 589/637/531 852/956/801 863/948/793
f 628/959/600 871/958/802 629/976/598
f 854/941/786 626/710/604 872/960/803
f 865/1442/795 617/963/590 873/962/804
f 866/989/796 608/964/572 874/966/805
f 867/952/797 605/672/566 875/1538/1060
f 881/1437/1055 624/979/608 882/978/812
f 599/998/554 598/968/552 877/970/807
f 596/973/548 878/972/808 869/969/799
f 593/648/542 879/974/809 862/947/792
f 632/1004/823 853/1006/530 851/1433/794
f 629/976/598 880/975/810 851/1433/794
f 872/1439/803 625/1539/606 881/1437/1055
f 885/1446/815 615/1540/586 614/1541/584
f 857/1441/787 620/982/596 883/981/814
f 858/961/788 615/1540/586 884/1445/1058
f 887/988/816 612/1542/580 611/986/578
f 859/983/789 612/1542/580 886/1449/1059
f 892/997/820 600/1543/556 599/998/554
f 860/987/790 587/991/533 888/990/817
f 874/966/805 607/965/570 889/993/818
f 603/996/562 890/995/819 876/1458/806
f 868/1459/798 600/1543/556 891/1460/1062
f 904/1013/830 692/784/678 691/783/677
f 878/972/808 595/971/546 893/1000/821
f 870/1464/800 591/1003/538 894/1002/822
f 713/805/699 712/804/698 898/1008/825
f 710/802/696 899/1009/826 711/803/697
f 705/797/691 900/1010/827 706/798/692
f 700/792/686 901/1011/828 701/793/687
f 695/787/681 902/1012/829 696/788/682
f 692/784/678 903/1544/856 693/785/679
f 906/1014/831 689/781/675 688/780/674
f 689/781/675 905/1545/858 690/782/676
f 907/1033/846 680/772/666 908/1015/832
f 681/773/667 907/1033/846 682/774/668
f 913/1546/850 707/799/693 914/1021/838
f 677/768/662 909/1016/833 678/770/664
f 716/808/702 910/1018/835 717/809/703
f 714/806/700 911/1019/836 715/807/701
f 711/803/697 912/1020/837 898/1008/825
f 709/801/695 708/800/694 913/1546/850
f 918/1547/1069 687/779/673 686/778/672
f 699/791/685 915/1022/839 901/1011/828
f 694/786/680 916/1023/840 902/1012/829
f 687/779/673 917/1548/1068 906/1014/831
f 918/1547/1069 685/777/671 919/1549/1070
f 919/1549/1070 684/776/670 920/1024/841
f 896/1550/1072 897/769/663 719/1017/834
f 678/770/664 921/1025/842 679/771/665
f 909/1016/833 676/767/661 896/1550/1072
f 924/1551/1066 703/795/689 702/794/688
f 715/1552/701 922/1470/843 910/1035/835
f 704/796/690 703/795/689 923/1553/853
f 925/1554/844 702/794/688 701/793/687
f 928/1501/847 683/1555/669 682/1556/668
f 698/1032/684 926/1031/845 915/1484/839
f 920/1498/841 683/1555/669 927/1500/1071
f 934/1486/1067 696/1052/682 935/1051/855
f 895/1466/824 717/1037/703 929/1036/848
f 911/1019/836 713/805/699 930/1557/849
f 899/1478/826 709/1041/695 931/1043/851
f 914/1481/838 706/1046/692 932/1045/852
f 704/1049/690 933/1048/854 900/1044/827
f 697/1030/683 934/1486/1067 926/1031/845
f 1015/1152/931 994/1132/916 1010/1145/925
f 916/1487/840 693/1053/679 936/1055/857
f 904/1490/830 690/1056/676 937/1058/859
f 679/1061/665 938/1060/860 908/1558/832
f 966/1094/886 974/1170/941 949/1076/874
f 1030/1559/1074 1019/1167/940 1006/1142/923
f 1031/1560/1075 943/1179/948 1030/1559/1074
f 944/1174/944 945/1082/877 967/1106/895
f 1001/1129/911 996/1166/939 994/1132/916
f 951/1072/871 950/1071/870 953/1073/872
f 946/1074/873 947/1561/876 951/1075/871
f 959/1084/879 960/1083/878 961/1085/880
f 961/1085/880 960/1083/878 964/1088/883
f 964/1097/883 957/1164/882 965/1095/887
f 962/1093/881 961/1089/880 963/1091/884
f 963/1562/884 964/1097/883 955/1096/888
f 971/1100/891 968/1099/890 972/1102/893
f 971/1154/891 972/1563/893 974/1170/941
f 972/1563/893 973/1564/894 974/1170/941
f 983/1565/901 980/1195/960 984/1566/899
f 980/1195/960 981/1198/962 984/1566/899
f 975/1173/943 976/1109/898 979/1108/897
f 979/1108/897 982/1107/896 984/1110/899
f 977/1171/942 983/1192/901 982/1567/896
f 989/1568/904 991/1120/905 990/1122/909
f 991/1569/905 986/1117/903 992/1119/907
f 991/1120/905 992/1158/907 993/1121/908
f 992/1119/907 987/1118/906 988/1207/971
f 995/1062/861 999/1123/910 998/1570/1076
f 998/1570/1076 999/1123/910 1000/1125/912
f 1024/1571/1077 1021/1151/929 1016/1153/932
f 1000/1126/912 1003/1572/915 1002/1127/913
f 1008/1573/1078 1012/1141/920 1007/1140/922
f 1008/1574/1078 1009/1134/918 1012/1136/920
f 1022/1150/930 1021/1149/929 1023/1575/1079
f 1022/1181/930 1023/1576/1079 1019/1167/940
f 1021/1151/929 1018/1168/927 1015/1152/931
f 979/1108/897 974/1170/941 975/1173/943
f 1023/1576/1079 1024/1577/1077 1019/1167/940
f 954/1067/866 956/1066/865 959/1084/879
f 953/1073/872 954/1067/866 959/1084/879
f 953/1073/872 959/1084/879 962/1086/881
f 1026/1156/934 986/1114/903 1025/1157/935
f 971/1100/891 978/1578/900 984/1566/899
f 970/1098/889 971/1100/891 984/1566/899
f 970/1098/889 984/1566/899 981/1198/962
f 988/1207/971 1003/1572/915 992/1119/907
f 1079/1248/993 1075/1155/933 1025/1157/935
f 986/1114/903 985/1113/902 1025/1157/935
f 1074/1209/972 1079/1248/993 1025/1157/935
f 988/1207/971 987/1118/906 1026/1208/934
f 1075/1247/933 1076/1203/967 1026/1208/934
f 1004/1133/917 993/1121/908 992/1158/907
f 1027/1159/936 956/1066/865 940/1065/864
f 988/1207/971 997/1128/914 1002/1127/913
f 995/1062/861 998/1570/1076 939/1063/862
f 1011/1138/919 995/1062/861 1014/1069/868
f 998/1570/1076 1000/1125/912 939/1063/862
f 939/1063/862 1028/1160/937 1027/1159/936
f 965/1095/887 1027/1161/936 1029/1163/938
f 1030/1579/1074 1013/1139/921 942/1068/867
f 954/1067/866 950/1071/870 941/1064/863
f 1013/1139/921 1014/1069/868 942/1068/867
f 950/1071/870 952/1070/869 941/1064/863
f 1031/1580/1075 942/1068/867 941/1064/863
f 1024/1577/1077 1007/1140/922 1019/1167/940
f 952/1070/869 1031/1580/1075 941/1064/863
f 952/1081/869 945/1082/877 1031/1560/1075
f 1016/1153/932 1008/1574/1078 1024/1571/1077
f 1017/1146/926 989/1115/904 1018/1147/927
f 973/1564/894 946/1074/873 974/1170/941
f 1038/1196/959 1041/1200/964 1039/1197/961
f 948/1078/875 973/1104/894 967/1106/895
f 967/1106/895 945/1082/877 948/1078/875
f 955/1096/888 977/1171/942 982/1567/896
f 963/1091/884 982/1107/896 976/1109/898
f 944/1581/944 1033/1176/945 1032/1177/946
f 968/1099/890 970/1098/889 1033/1176/945
f 1040/1201/965 1067/1241/990 1038/1193/959
f 1046/1256/950 1036/1582/956 1037/1257/955
f 1044/1254/976 1045/1211/974 1047/1225/977
f 1048/1217/980 1051/1216/979 1043/1204/968
f 1053/1206/970 1056/1222/981 1054/1252/995
f 1056/1236/981 1052/1234/987 1054/1583/995
f 1061/1212/975 1060/1223/982 1059/1210/973
f 1067/1241/990 1042/1202/966 1065/1242/991
f 1066/1199/963 1041/1200/964 1068/1226/984
f 1041/1200/964 1067/1584/990 1069/1240/989
f 1068/1227/984 1069/1244/989 1064/1184/951
f 1069/1244/989 1065/1585/991 1070/1250/994
f 1069/1244/989 1070/1250/994 1071/1185/952
f 1078/1586/992 1075/1155/933 1073/1237/988
f 1073/1237/988 1079/1248/993 1074/1209/972
f 1058/1255/983 1060/1587/982 1044/1588/976
f 1058/1255/983 1044/1588/976 1046/1256/950
f 446/501/424 3/180/180 1/178/178
f 447/1258/996 4/181/181 3/180/180
f 448/1259/997 5/1260/998 4/181/181
f 449/476/412 6/192/192 5/1260/998
f 475/1261/426 7/1589/183 6/192/192
f 381/515/437 8/184/184 7/183/183
f 450/479/413 9/196/195 8/184/184
f 476/506/428 10/186/186 9/196/195
f 451/505/427 11/187/187 10/186/186
f 452/482/414 12/1262/999 11/187/187
f 477/508/430 13/1264/1001 12/1262/999
f 477/508/430 453/507/429 14/1263/1000
f 454/483/415 15/197/196 14/1263/1000
f 442/461/404 16/168/168 15/197/196
f 455/1265/416 17/169/169 16/168/168
f 478/510/432 18/1268/1003 17/1266/169
f 478/510/432 456/509/431 19/1267/1002
f 457/1269/1004 20/201/200 19/1267/1002
f 458/488/417 21/199/198 20/201/200
f 458/488/417 479/1270/1005 22/223/222
f 480/512/434 23/191/191 22/223/222
f 459/511/433 24/189/189 23/191/191
f 459/511/433 460/1271/1006 25/173/173
f 461/491/418 26/171/171 25/173/173
f 461/491/418 443/465/406 27/203/202
f 462/1272/1007 28/1327/1008 27/203/202
f 463/492/419 29/1275/1009 28/1273/1008
f 444/468/408 30/205/204 29/1275/1009
f 464/1276/1010 31/206/205 30/205/204
f 464/1276/1010 465/494/420 32/208/207
f 481/514/436 33/209/208 32/208/207
f 466/513/435 34/1278/1012 33/209/208
f 467/1277/1011 35/211/210 34/1278/1012
f 468/1279/1013 36/176/176 35/211/210
f 469/1280/1014 37/174/174 36/176/176
f 470/1281/1015 38/1283/1017 37/174/174
f 471/1282/1016 39/1285/1018 38/1283/1017
f 472/1284/421 40/1330/212 39/1285/1018
f 445/471/410 41/214/213 40/213/212
f 473/1286/1019 42/1287/1020 41/214/213
f 474/500/423 43/218/217 42/1287/1020
f 379/499/422 44/216/215 43/218/217
f 44/216/215 379/499/422 2/474/411
f 276/383/335 126/531/453 490/1288/1021
f 128/516/438 126/531/453 276/383/335
f 128/516/438 334/328/301 348/358/319
f 129/517/439 348/358/319 369/386/336
f 130/533/455 369/386/336 349/385/320
f 132/521/443 131/1590/456 349/359/320
f 132/521/443 335/331/302 370/387/337
f 133/519/441 370/387/337 350/361/321
f 134/536/458 350/361/321 336/334/304
f 135/1290/1023 336/334/304 351/1291/1024
f 136/1292/1025 351/1291/1024 352/365/323
f 137/559/479 352/365/323 337/364/322
f 138/538/460 337/364/322 278/396/344
f 139/539/461 278/396/344 353/367/324
f 140/561/481 353/367/324 371/1293/1026
f 141/542/464 371/1293/1026 372/389/338
f 142/522/444 372/389/338 340/388/308
f 143/578/445 340/340/308 373/391/340
f 144/543/465 373/391/340 354/368/325
f 145/544/466 354/368/325 279/397/345
f 146/525/447 279/397/345 355/371/326
f 147/526/448 355/371/326 374/392/341
f 148/546/468 374/392/341 342/347/311
f 149/547/469 342/347/311 356/1294/1027
f 150/1295/1028 356/1294/1027 357/1296/1029
f 151/1297/1030 357/1296/1029 358/1298/1031
f 152/1299/1032 358/1298/1031 359/1300/327
f 153/564/484 359/1300/327 375/1301/343
f 154/551/473 375/395/343 343/394/342
f 155/549/471 343/394/342 344/350/314
f 156/585/503 344/350/314 360/1303/1033
f 157/1304/1034 360/1303/1033 361/1305/1035
f 158/1306/1036 361/1305/1035 362/1307/1037
f 159/1308/1038 362/1307/1037 363/1309/1039
f 160/1310/1040 363/1309/1039 364/376/329
f 161/569/488 364/376/329 345/352/316
f 162/567/486 345/352/316 365/1311/1041
f 163/1312/1042 365/1311/1041 366/1313/331
f 164/571/490 366/379/331 346/378/330
f 166/530/452 165/552/474 346/378/330
f 166/530/452 347/355/317 367/1315/1043
f 167/528/450 367/1315/1043 368/382/334
f 169/1316/1044 168/574/493 368/382/334
f 169/1316/1044 277/1317/1045 127/1289/1022
f 183/182/182 170/179/179 1/178/178
f 380/502/425 1/178/178 177/177/177
f 187/1318/244 4/181/181 5/1260/998
f 189/194/193 188/1319/245 5/1260/998
f 191/237/236 11/187/187 12/1262/999
f 192/1321/247 12/1262/999 13/1264/1001
f 193/1322/240 13/1264/1001 14/1263/1000
f 195/198/197 194/1323/238 14/1263/1000
f 196/1324/219 18/1268/1003 19/1267/1002
f 197/1325/250 19/1267/1002 20/201/200
f 202/1326/257 201/1591/224 28/1273/1008
f 203/207/206 202/1326/257 29/1275/1009
f 206/212/211 205/228/227 34/1278/1012
f 207/230/229 37/174/174 38/1283/1017
f 208/1328/253 38/1283/1017 39/1285/1018
f 209/1329/242 39/1285/1018 40/1330/212
f 212/217/216 211/232/231 42/1287/1020
f 215/221/220 214/1332/248 180/170/170
f 217/222/221 216/1333/255 21/199/198
f 227/244/241 226/280/256 186/1334/190
f 238/282/258 205/1337/227 206/1336/211
f 239/49/49 206/1336/211 222/268/230
f 249/13/13 214/259/248 215/1338/220
f 250/15/15 215/1338/220 196/277/219
f 252/21/21 198/263/199 216/279/255
f 256/35/35 255/33/33 200/264/203
f 256/35/35 219/1339/225 201/1340/224
f 257/37/37 201/1340/224 202/281/257
f 260/45/45 259/43/43 220/265/226
f 261/46/46 260/45/45 204/1341/209
f 264/61/61 263/59/59 210/246/214
f 264/61/61 223/1342/232 211/284/231
f 271/55/55 241/270/252 228/247/243
f 77/64/64 280/67/67 281/1343/1046
f 296/308/282 71/74/74 70/72/72
f 299/1345/305 298/1346/307 66/8/8
f 300/322/296 299/1345/305 65/10/10
f 301/298/272 300/322/296 64/12/12
f 303/299/273 302/325/299 61/18/18
f 305/312/286 56/28/28 55/30/30
f 306/1347/310 55/30/30 54/32/32
f 309/302/276 308/314/288 52/36/36
f 310/1348/312 49/42/42 48/44/44
f 312/303/277 311/1349/313 48/44/44
f 313/316/290 85/47/47 84/50/50
f 315/304/278 314/1350/328 84/50/50
f 317/1351/318 316/318/292 80/58/58
f 317/1351/318 79/60/60 78/62/62
f 274/307/281 282/1356/1048 281/1343/1046
f 322/311/285 321/1352/303 285/286/260
f 327/319/293 326/1353/315 293/294/268
f 275/1354/333 328/1355/332 287/305/279
f 275/1354/333 273/1344/1047 281/1343/1046
f 338/337/306 337/364/322 289/1357/264
f 339/1358/339 301/298/272 290/291/265
f 344/350/314 343/394/342 292/1361/267
f 347/355/317 346/378/330 316/1362/292
f 352/365/323 351/1291/1024 321/333/303
f 356/1294/1027 306/346/310 307/1367/275
f 358/1298/1031 357/1296/1029 307/1367/275
f 359/1300/327 358/1298/1031 324/1368/289
f 360/1303/1033 311/349/313 312/1370/277
f 361/1305/1035 312/1370/277 325/1371/291
f 362/1307/1037 325/1371/291 313/1372/290
f 363/1309/1039 313/1372/290 314/375/328
f 366/1313/331 365/1311/1041 326/351/315
f 368/382/334 367/1315/1043 318/354/280
f 276/383/335 127/1289/1022 282/1374/1048
f 372/389/338 371/1293/1026 331/366/297
f 277/1317/1045 275/381/333 282/1374/1048
f 392/414/362 91/124/124 90/126/126
f 396/405/353 395/418/366 122/137/137
f 397/422/370 114/163/163 113/161/161
f 399/408/356 398/1376/1049 113/161/161
f 401/439/387 86/86/86 107/92/92
f 402/441/389 107/92/92 106/94/94
f 405/1377/403 404/426/374 104/98/98
f 405/1377/403 103/100/100 102/102/102
f 406/445/393 102/102/102 101/104/104
f 407/443/391 101/104/104 100/106/106
f 410/430/378 94/118/118 93/120/120
f 412/415/363 411/1378/405 93/120/120
f 415/455/399 120/141/141 119/143/143
f 417/420/368 416/1379/409 119/143/143
f 421/425/373 420/1380/401 385/409/357
f 427/432/380 426/1381/407 387/399/347
f 446/501/424 418/1384/371 397/1382/370
f 448/1259/997 447/1258/996 397/1382/370
f 448/1259/997 398/1385/1049 399/477/356
f 452/482/414 451/505/427 432/1386/388
f 453/507/429 403/1387/359 422/484/375
f 456/509/431 407/1389/391 408/1388/360
f 458/488/417 457/1269/1004 408/1388/360
f 459/511/433 436/1391/395 425/1390/379
f 461/491/418 460/1271/1006 425/1390/379
f 462/1272/1007 412/464/363 437/1392/396
f 464/1276/1010 426/467/407 427/495/380
f 466/513/435 428/452/381 439/1394/398
f 467/1277/1011 439/1394/398 429/1395/382
f 469/1280/1014 468/1279/1013 429/1395/382
f 470/1281/1015 469/1280/1014 414/1396/367
f 471/1282/1016 470/1281/1015 430/1397/383
f 472/1284/421 471/1282/1016 440/1398/400
f 473/1286/1019 417/470/368 431/498/385
f 480/512/434 479/1270/1005 435/447/394
f 126/531/453 482/532/454 491/1400/1050
f 169/1316/1044 490/1288/1021 491/1400/1050
f 509/1404/519 508/1406/509 134/536/458
f 509/1404/519 135/1290/1023 136/1292/1025
f 510/1407/522 136/1292/1025 137/559/479
f 516/1408/525 515/581/499 150/1295/1028
f 516/1408/525 151/1297/1030 152/1299/1032
f 517/1409/524 152/1299/1032 153/564/484
f 519/583/501 157/1304/1034 158/1306/1036
f 521/1411/1051 520/1410/526 158/1306/1036
f 522/1412/1052 521/1411/1051 159/1308/1038
f 523/568/487 522/1412/1052 160/1310/1040
f 524/586/504 163/1312/1042 164/1314/490
f 526/588/506 167/528/450 168/574/493
f 532/1414/497 531/599/512 495/1415/446
f 535/1419/515 155/549/471 156/585/503
f 541/616/520 511/1421/478 500/596/462
f 482/611/454 484/166/166 492/634/528
f 553/632/527 527/1426/492 483/1424/491
f 483/1424/491 491/1422/1050 492/634/528
f 555/160/160 554/162/162 506/1420/476
f 557/154/154 556/156/156 529/613/495
f 560/95/95 512/1423/480 543/600/513
f 561/97/97 543/600/513 531/599/512
f 562/99/99 531/599/512 532/1414/497
f 563/101/101 532/1414/497 544/604/514
f 564/103/103 544/604/514 513/603/482
f 568/115/115 567/113/113 534/620/500
f 569/117/117 568/115/115 515/1427/499
f 570/121/121 518/621/485 545/607/516
f 573/128/128 572/127/127 536/1428/502
f 575/131/131 574/90/90 521/1429/1051
f 576/132/132 575/131/131 522/1430/1052
f 576/132/132 523/1431/487 537/631/505
f 580/144/144 579/142/142 538/625/507
f 489/146/146 485/1425/1053 492/634/528
f 632/1004/823 851/1433/794 631/905/764
f 880/975/810 633/906/765 631/905/764
f 871/958/802 634/1434/783 633/906/765
f 854/957/786 635/1436/766 634/1434/783
f 872/1435/803 636/1592/767 635/1436/766
f 881/1437/1055 637/880/747 636/1438/767
f 882/978/812 638/878/746 637/880/747
f 855/977/811 639/881/748 638/878/746
f 856/1440/1056 640/882/749 639/881/748
f 857/1441/787 641/884/750 640/882/749
f 883/981/814 642/885/751 641/884/750
f 864/980/813 643/1443/780 642/885/751
f 865/1442/795 644/1444/1057 643/1443/780
f 873/962/804 645/887/752 644/1444/1057
f 858/961/788 646/888/753 645/887/752
f 884/1445/1058 647/1447/768 646/888/753
f 885/1446/815 648/1593/769 647/1447/768
f 859/983/789 649/912/770 648/1448/769
f 886/1449/1059 650/913/771 649/912/770
f 887/988/816 651/1450/784 650/913/771
f 860/987/790 652/890/754 651/1450/784
f 888/990/817 653/891/755 652/890/754
f 866/989/796 654/1451/785 653/891/755
f 874/966/805 655/1452/782 654/1451/785
f 889/993/818 656/1453/781 655/1452/782
f 867/992/797 657/1455/1061 656/1453/781
f 875/1454/1060 658/893/756 657/1455/1061
f 876/1456/806 659/894/757 658/893/756
f 890/995/819 660/917/773 659/1457/757
f 861/994/791 661/915/772 660/917/773
f 868/1459/798 662/919/774 661/915/772
f 891/1460/1062 663/898/759 662/919/774
f 892/997/820 664/896/758 663/898/759
f 877/970/807 665/899/760 664/896/758
f 869/969/799 666/900/761 665/899/760
f 878/972/808 667/921/775 666/900/761
f 893/1000/821 668/902/762 667/921/775
f 862/999/792 669/903/763 668/902/762
f 879/1461/809 670/924/777 669/1462/763
f 870/1464/800 671/922/776 670/924/777
f 894/1002/822 672/925/778 671/922/776
f 863/1001/793 673/926/779 672/925/778
f 852/1005/801 674/1465/1063 673/926/779
f 674/1465/1063 852/1005/801 632/1004/823
f 895/1466/824 720/1469/743 765/1467/1064
f 720/1469/743 895/1466/824 929/1036/848
f 721/811/705 929/1036/848 910/1035/835
f 722/812/706 910/1035/835 922/1470/843
f 723/1471/725 922/1470/843 911/1472/836
f 724/1473/726 911/1472/836 930/1474/849
f 725/816/708 930/1039/849 898/1038/825
f 726/814/707 898/1038/825 912/1476/837
f 727/1477/735 912/1476/837 899/1478/826
f 728/1479/734 899/1478/826 931/1043/851
f 729/1480/1065 931/1043/851 913/1042/850
f 730/819/710 913/1042/850 914/1481/838
f 731/817/709 914/1481/838 932/1045/852
f 733/821/712 732/820/711 932/1045/852
f 733/821/712 900/1044/827 933/1048/854
f 734/823/713 933/1048/854 923/1047/853
f 735/1482/714 923/1594/853 924/1483/1066
f 736/826/715 924/1483/1066 925/1029/844
f 737/827/716 925/1029/844 901/1028/828
f 738/843/727 901/1028/828 915/1484/839
f 740/846/729 739/845/728 915/1484/839
f 741/1485/736 740/846/729 926/1031/845
f 741/1485/736 934/1486/1067 935/1051/855
f 742/829/717 935/1051/855 902/1050/829
f 743/830/718 902/1050/829 916/1487/840
f 744/1488/737 916/1487/840 936/1055/857
f 746/832/719 745/834/720 936/1055/857
f 746/1489/719 903/1595/856 904/1490/830
f 747/1491/744 904/1490/830 937/1058/859
f 749/835/721 748/837/722 937/1058/859
f 749/835/721 905/1057/858 906/1492/831
f 750/848/730 906/1492/831 917/1493/1068
f 751/849/731 917/1493/1068 918/1494/1069
f 752/1495/738 918/1494/1069 919/1496/1070
f 753/1497/739 919/1496/1070 920/1498/841
f 754/1499/740 920/1498/841 927/1500/1071
f 755/851/732 927/1500/1071 928/1501/847
f 756/852/733 928/1501/847 907/1502/846
f 757/1503/741 907/1502/846 908/1504/832
f 758/1506/745 908/1558/832 938/1060/860
f 759/838/723 938/1060/860 921/1059/842
f 760/839/724 921/1059/842 909/1507/833
f 761/1508/742 909/1507/833 896/1509/1072
f 762/1510/1073 896/1509/1072 719/1468/834
f 768/1511/615 729/1480/1065 730/819/710
f 762/1513/1073 765/1516/1064 588/635/529
f 799/673/567 746/1517/719 747/874/744
f 805/649/543 804/651/545 757/866/741
f 814/889/632 813/1518/631 644/1444/1057
f 816/1519/644 657/1455/1061 658/893/756
f 807/907/618 675/1530/617 809/1432/1054
f 822/1520/633 646/888/753 647/1447/768
f 825/1523/646 659/1457/757 660/917/773
f 830/763/657 829/762/656 669/1526/763
f 808/1529/660 674/1465/1063 809/1432/1054
f 836/736/630 835/735/629 642/1531/751
f 843/727/621 842/726/620 633/1532/765
f 844/743/637 650/1533/771 651/937/784
f 847/747/641 846/746/640 653/1534/755
f 855/1535/811 623/716/610 622/718/612
f 857/942/787 856/1536/1056 622/718/612
f 864/1537/813 619/700/594 618/698/592
f 876/967/806 875/1538/1060 605/672/566
f 881/1437/1055 625/1539/606 624/979/608
f 885/1446/815 884/1445/1058 615/1540/586
f 887/988/816 886/1449/1059 612/1542/580
f 892/997/820 891/1460/1062 600/1543/556
f 904/1013/830 903/1544/856 692/784/678
f 906/1014/831 905/1545/858 689/781/675
f 907/1033/846 681/773/667 680/772/666
f 913/1546/850 708/800/694 707/799/693
f 918/1547/1069 917/1548/1068 687/779/673
f 918/1547/1069 686/778/672 685/777/671
f 919/1549/1070 685/777/671 684/776/670
f 896/1550/1072 676/767/661 897/769/663
f 924/1551/1066 923/1553/853 703/795/689
f 925/1554/844 924/1551/1066 702/794/688
f 928/1501/847 927/1500/1071 683/1555/669
f 934/1486/1067 697/1030/683 696/1052/682
f 1015/1152/931 993/1121/908 994/1132/916
f 966/1094/886 975/1173/943 974/1170/941
f 1030/1559/1074 943/1179/948 1019/1167/940
f 1031/1560/1075 944/1174/944 943/1179/948
f 944/1174/944 1031/1560/1075 945/1082/877
f 1001/1129/911 999/1596/910 996/1166/939
f 1024/1571/1077 1023/1597/1079 1021/1151/929
f 979/1108/897 971/1154/891 974/1170/941
f 1026/1156/934 987/1598/906 986/1114/903
f 988/1207/971 1002/1127/913 1003/1572/915
f 1027/1159/936 960/1083/878 956/1066/865
f 1011/1138/919 999/1123/910 995/1062/861
f 1030/1579/1074 1006/1599/923 1013/1139/921
f 1031/1580/1075 1030/1579/1074 942/1068/867
f 1024/1577/1077 1008/1573/1078 1007/1140/922
f 1016/1153/932 1009/1134/918 1008/1574/1078
f 1017/1146/926 985/1113/902 989/1115/904
f 973/1564/894 947/1561/876 946/1074/873
f 1038/1196/959 1067/1584/990 1041/1200/964
f 1040/1201/965 1042/1202/966 1067/1241/990
f 1046/1256/950 1035/1600/949 1036/1582/956
