# Blender 4.0.0
# www.blender.org
o Refrigerator033_Body001
v 0.341922 -0.278003 -0.212949
v 0.351945 -0.278003 -0.212949
v 0.351945 -0.277564 -0.212201
v 0.341922 -0.277564 -0.212201
v 0.340671 -0.277606 -0.214034
v 0.340671 -0.277480 -0.213139
v 0.340671 -0.276831 -0.212949
v 0.340671 -0.276831 -0.213994
v 0.340671 -0.277168 -0.212606
v 0.340671 -0.276646 -0.212286
v 0.340671 -0.275766 -0.212157
v 0.340671 0.364326 -0.212157
v 0.340671 0.364364 -0.212949
v 0.340671 -0.275805 -0.212949
v 0.340671 -0.275805 -0.213994
v 0.340671 -0.276831 -0.229721
v 0.340671 -0.277606 -0.229680
v 0.341922 -0.275805 -0.211603
v 0.341922 -0.276831 -0.211752
v 0.351945 -0.276831 -0.211752
v 0.351945 -0.275805 -0.211603
v 0.340671 0.366166 -0.214034
v 0.340671 0.365390 -0.213994
v 0.340671 0.365390 -0.212949
v 0.340671 0.366041 -0.213139
v 0.340671 0.365205 -0.212286
v 0.340671 0.365727 -0.212606
v 0.340671 0.364364 -0.213994
v 0.340671 0.365390 -0.229721
v 0.340671 0.364364 -0.229721
v 0.341922 -0.278003 -0.230766
v 0.341922 -0.277564 -0.231513
v 0.351945 -0.277564 -0.231513
v 0.351945 -0.278003 -0.230766
v 0.340671 -0.276831 -0.230766
v 0.340671 -0.277480 -0.230576
v 0.340671 -0.276646 -0.231429
v 0.340671 -0.277168 -0.231109
v 0.340671 -0.275766 -0.231558
v 0.340671 -0.275805 -0.230766
v 0.340671 0.364364 -0.230766
v 0.340671 0.364326 -0.231558
v 0.340671 -0.275805 -0.229721
v 0.351945 -0.275805 -0.232112
v 0.341922 -0.275805 -0.232112
v 0.341921 0.364364 -0.232112
v 0.351945 0.364364 -0.232112
v 0.351945 -0.276831 -0.231962
v 0.341922 -0.276831 -0.231962
v 0.340671 0.366166 -0.229680
v 0.340671 0.366041 -0.230576
v 0.340671 0.365390 -0.230766
v 0.340671 0.365727 -0.231109
v 0.340671 0.365205 -0.231429
v 0.341921 0.365390 -0.231962
v 0.351945 0.365390 -0.231962
v 0.341921 0.366123 -0.231513
v 0.351945 0.366123 -0.231513
v 0.351945 -0.278150 -0.213994
v 0.341922 -0.278150 -0.213994
v 0.353196 -0.277606 -0.214034
v 0.353196 -0.276831 -0.213994
v 0.353196 -0.276831 -0.212949
v 0.353196 -0.277480 -0.213139
v 0.353196 -0.276646 -0.212286
v 0.353196 -0.277168 -0.212606
v 0.353196 -0.275766 -0.212157
v 0.353196 -0.275805 -0.212949
v 0.353196 0.364364 -0.212949
v 0.353196 0.364326 -0.212157
v 0.353196 -0.275805 -0.213994
v 0.353196 -0.277606 -0.229680
v 0.353196 -0.276831 -0.229721
v 0.351945 0.364364 -0.211603
v 0.341921 0.364364 -0.211603
v 0.341922 -0.278150 -0.229721
v 0.351945 -0.278150 -0.229721
v 0.351945 0.366709 -0.213994
v 0.341921 0.366709 -0.213994
v 0.341921 0.366563 -0.212949
v 0.351945 0.366563 -0.212949
v 0.341921 0.366123 -0.212201
v 0.351945 0.366123 -0.212201
v 0.353196 0.366166 -0.214034
v 0.353196 0.366041 -0.213139
v 0.353196 0.365390 -0.212949
v 0.353196 0.365390 -0.213994
v 0.353196 0.365727 -0.212606
v 0.353196 0.365205 -0.212286
v 0.353196 0.364364 -0.213994
v 0.353196 0.364364 -0.229721
v 0.353196 0.365390 -0.229721
v 0.351945 0.365390 -0.211752
v 0.341921 0.365390 -0.211752
v 0.351945 0.366709 -0.229721
v 0.341921 0.366709 -0.229721
v 0.353196 -0.277480 -0.230576
v 0.353196 -0.276831 -0.230766
v 0.353196 -0.277168 -0.231109
v 0.353196 -0.276646 -0.231429
v 0.353196 -0.275766 -0.231558
v 0.353196 0.364326 -0.231558
v 0.353196 0.364364 -0.230766
v 0.353196 -0.275805 -0.230766
v 0.353196 -0.275805 -0.229721
v 0.351945 0.366563 -0.230766
v 0.341921 0.366563 -0.230766
v 0.353196 0.366166 -0.229680
v 0.353196 0.365390 -0.230766
v 0.353196 0.366041 -0.230576
v 0.353196 0.365205 -0.231429
v 0.353196 0.365727 -0.231109
v 0.352493 -0.277971 -0.212960
v 0.352493 -0.277539 -0.212226
v 0.352882 -0.277872 -0.212996
v 0.352882 -0.277465 -0.212302
v 0.341375 -0.277539 -0.212226
v 0.341375 -0.277971 -0.212960
v 0.340984 -0.277465 -0.212302
v 0.340984 -0.277872 -0.212996
v 0.340749 -0.277844 -0.214016
v 0.340749 -0.277710 -0.213055
v 0.340984 -0.278014 -0.214004
v 0.340749 -0.277341 -0.212428
v 0.340749 -0.276726 -0.212052
v 0.340984 -0.276785 -0.211886
v 0.340749 -0.275783 -0.211915
v 0.340749 0.364343 -0.211915
v 0.340984 -0.275795 -0.211742
v 0.340984 0.364355 -0.211742
v 0.340749 -0.277844 -0.229698
v 0.340984 -0.278014 -0.229710
v 0.341375 -0.275803 -0.211638
v 0.341375 -0.276819 -0.211786
v 0.352493 -0.276819 -0.211786
v 0.352493 -0.275803 -0.211638
v 0.352882 -0.276785 -0.211886
v 0.352882 -0.275795 -0.211742
v 0.340749 0.366269 -0.213055
v 0.340749 0.366404 -0.214016
v 0.340984 0.366433 -0.212996
v 0.340984 0.366574 -0.214004
v 0.340749 0.365286 -0.212052
v 0.340749 0.365901 -0.212428
v 0.340984 0.365344 -0.211886
v 0.340984 0.366024 -0.212302
v 0.341375 -0.277971 -0.230754
v 0.341375 -0.277539 -0.231488
v 0.340984 -0.277872 -0.230718
v 0.340984 -0.277465 -0.231412
v 0.352493 -0.277539 -0.231488
v 0.352493 -0.277971 -0.230754
v 0.352882 -0.277465 -0.231412
v 0.352882 -0.277872 -0.230718
v 0.340749 -0.277710 -0.230659
v 0.340749 -0.276726 -0.231662
v 0.340749 -0.277341 -0.231287
v 0.340984 -0.276785 -0.231829
v 0.340749 0.364343 -0.231799
v 0.340749 -0.275783 -0.231799
v 0.340984 0.364355 -0.231973
v 0.340984 -0.275795 -0.231973
v 0.341375 -0.275803 -0.232076
v 0.341375 0.364362 -0.232076
v 0.352492 0.364362 -0.232076
v 0.352493 -0.275803 -0.232076
v 0.352882 0.364355 -0.231973
v 0.352882 -0.275795 -0.231973
v 0.352493 -0.276819 -0.231929
v 0.352882 -0.276785 -0.231829
v 0.341375 -0.276819 -0.231929
v 0.340749 0.366404 -0.229698
v 0.340749 0.366269 -0.230659
v 0.340984 0.366574 -0.229710
v 0.340984 0.366433 -0.230718
v 0.340749 0.365901 -0.231287
v 0.340984 0.366024 -0.231412
v 0.340749 0.365286 -0.231662
v 0.340984 0.365344 -0.231829
v 0.341375 0.365379 -0.231929
v 0.352492 0.365379 -0.231929
v 0.352882 0.365344 -0.231829
v 0.341375 0.366098 -0.231488
v 0.352492 0.366098 -0.231488
v 0.352882 0.366024 -0.231412
v 0.352493 -0.278116 -0.213997
v 0.352882 -0.278014 -0.214004
v 0.341375 -0.278116 -0.213997
v 0.353118 -0.277710 -0.213055
v 0.353118 -0.277844 -0.214016
v 0.353118 -0.276726 -0.212052
v 0.353118 -0.277341 -0.212428
v 0.353118 0.364343 -0.211915
v 0.353118 -0.275783 -0.211915
v 0.352882 0.364355 -0.211742
v 0.353118 -0.277844 -0.229698
v 0.352882 -0.278014 -0.229710
v 0.352492 0.364362 -0.211638
v 0.341375 0.364362 -0.211638
v 0.341375 -0.278116 -0.229717
v 0.352493 -0.278116 -0.229717
v 0.341375 0.366676 -0.213997
v 0.341375 0.366530 -0.212960
v 0.352492 0.366530 -0.212960
v 0.352492 0.366676 -0.213997
v 0.352882 0.366433 -0.212996
v 0.352882 0.366574 -0.214004
v 0.341375 0.366098 -0.212226
v 0.352492 0.366098 -0.212226
v 0.352882 0.366024 -0.212302
v 0.353118 0.366404 -0.214016
v 0.353118 0.366269 -0.213055
v 0.353118 0.365901 -0.212428
v 0.353118 0.365286 -0.212052
v 0.352882 0.365344 -0.211886
v 0.352492 0.365379 -0.211785
v 0.341375 0.365379 -0.211785
v 0.352492 0.366676 -0.229717
v 0.352882 0.366574 -0.229710
v 0.341375 0.366676 -0.229717
v 0.353118 -0.277710 -0.230659
v 0.353118 -0.277341 -0.231287
v 0.353118 -0.276726 -0.231662
v 0.353118 -0.275783 -0.231799
v 0.353118 0.364343 -0.231799
v 0.352492 0.366530 -0.230754
v 0.352882 0.366433 -0.230718
v 0.341375 0.366530 -0.230754
v 0.353118 0.366269 -0.230659
v 0.353118 0.366404 -0.229698
v 0.353118 0.365286 -0.231662
v 0.353118 0.365901 -0.231287
v -0.340485 -0.277564 -0.212201
v -0.350519 -0.277564 -0.212201
v -0.350519 -0.278004 -0.212949
v -0.340485 -0.278004 -0.212949
v -0.339235 -0.276831 -0.213994
v -0.339235 -0.276831 -0.212949
v -0.339235 -0.277481 -0.213138
v -0.339235 -0.277606 -0.214034
v -0.339235 -0.276646 -0.212286
v -0.339235 -0.277168 -0.212606
v -0.339235 -0.275805 -0.212949
v -0.339235 0.364364 -0.212949
v -0.339235 0.364326 -0.212158
v -0.339235 -0.275766 -0.212157
v -0.339235 -0.275805 -0.213994
v -0.339235 -0.277606 -0.229680
v -0.339235 -0.276831 -0.229721
v -0.350519 -0.275805 -0.211603
v -0.350519 -0.276831 -0.211752
v -0.340485 -0.276831 -0.211752
v -0.340485 -0.275805 -0.211603
v -0.339235 0.366040 -0.213138
v -0.339235 0.365390 -0.212949
v -0.339235 0.365390 -0.213995
v -0.339235 0.366166 -0.214035
v -0.339235 0.365727 -0.212606
v -0.339235 0.365205 -0.212286
v -0.339235 0.364364 -0.213995
v -0.339235 0.364364 -0.229721
v -0.339235 0.365390 -0.229721
v -0.350519 -0.278004 -0.230766
v -0.350519 -0.277564 -0.231513
v -0.340485 -0.277564 -0.231513
v -0.340485 -0.278004 -0.230766
v -0.339235 -0.277481 -0.230576
v -0.339235 -0.276831 -0.230766
v -0.339235 -0.277168 -0.231109
v -0.339235 -0.276646 -0.231428
v -0.339235 0.364326 -0.231557
v -0.339235 0.364364 -0.230767
v -0.339235 -0.275805 -0.230766
v -0.339235 -0.275766 -0.231557
v -0.339235 -0.275805 -0.229721
v -0.350520 0.364364 -0.232112
v -0.340485 0.364364 -0.232112
v -0.340485 -0.275805 -0.232112
v -0.350519 -0.275805 -0.232112
v -0.340485 -0.276831 -0.231962
v -0.350519 -0.276831 -0.231962
v -0.339235 0.365390 -0.230767
v -0.339235 0.366040 -0.230577
v -0.339235 0.366166 -0.229681
v -0.339235 0.365205 -0.231429
v -0.339235 0.365727 -0.231110
v -0.350520 0.365390 -0.231963
v -0.340485 0.365390 -0.231963
v -0.350520 0.366123 -0.231514
v -0.340485 0.366123 -0.231514
v -0.340485 -0.278150 -0.213994
v -0.350519 -0.278150 -0.213994
v -0.351770 -0.277481 -0.213138
v -0.351770 -0.276831 -0.212949
v -0.351770 -0.276831 -0.213994
v -0.351770 -0.277606 -0.214034
v -0.351770 -0.277168 -0.212606
v -0.351770 -0.276646 -0.212286
v -0.351770 0.364326 -0.212158
v -0.351770 0.364364 -0.212949
v -0.351770 -0.275805 -0.212949
v -0.351770 -0.275766 -0.212157
v -0.351770 -0.275805 -0.213994
v -0.351770 -0.276831 -0.229721
v -0.351770 -0.277606 -0.229680
v -0.340485 0.364364 -0.211604
v -0.350520 0.364364 -0.211604
v -0.350519 -0.278150 -0.229721
v -0.340485 -0.278150 -0.229721
v -0.350520 0.366562 -0.212949
v -0.340485 0.366562 -0.212949
v -0.340485 0.366709 -0.213995
v -0.350520 0.366709 -0.213995
v -0.350520 0.366123 -0.212202
v -0.340485 0.366123 -0.212202
v -0.351770 0.365390 -0.213995
v -0.351770 0.365390 -0.212949
v -0.351770 0.366040 -0.213138
v -0.351770 0.366166 -0.214035
v -0.351770 0.365205 -0.212286
v -0.351770 0.365727 -0.212606
v -0.351770 0.364364 -0.213995
v -0.351770 0.365390 -0.229721
v -0.351770 0.364364 -0.229721
v -0.340485 0.365390 -0.211753
v -0.350520 0.365390 -0.211753
v -0.340485 0.366709 -0.229721
v -0.350520 0.366709 -0.229721
v -0.351770 -0.276831 -0.230766
v -0.351770 -0.277481 -0.230576
v -0.351770 -0.276646 -0.231428
v -0.351770 -0.277168 -0.231109
v -0.351770 -0.275805 -0.230766
v -0.351770 0.364364 -0.230767
v -0.351770 0.364326 -0.231557
v -0.351770 -0.275766 -0.231557
v -0.351770 -0.275805 -0.229721
v -0.340485 0.366562 -0.230767
v -0.350520 0.366562 -0.230767
v -0.351770 0.366040 -0.230577
v -0.351770 0.365390 -0.230767
v -0.351770 0.366166 -0.229681
v -0.351770 0.365727 -0.231110
v -0.351770 0.365205 -0.231429
v -0.351066 -0.277539 -0.212226
v -0.351066 -0.277971 -0.212960
v -0.351457 -0.277465 -0.212302
v -0.351457 -0.277873 -0.212996
v -0.339938 -0.277971 -0.212960
v -0.339938 -0.277539 -0.212226
v -0.339547 -0.277873 -0.212996
v -0.339547 -0.277465 -0.212302
v -0.339313 -0.277710 -0.213055
v -0.339313 -0.277845 -0.214016
v -0.339547 -0.278014 -0.214004
v -0.339313 -0.277342 -0.212428
v -0.339313 -0.276726 -0.212052
v -0.339547 -0.276785 -0.211886
v -0.339313 0.364342 -0.211916
v -0.339313 -0.275783 -0.211915
v -0.339548 0.364355 -0.211743
v -0.339547 -0.275795 -0.211742
v -0.339313 -0.277845 -0.229697
v -0.339547 -0.278014 -0.229710
v -0.339938 -0.276819 -0.211785
v -0.339938 -0.275802 -0.211638
v -0.351066 -0.275802 -0.211638
v -0.351066 -0.276819 -0.211785
v -0.351457 -0.275795 -0.211742
v -0.351457 -0.276785 -0.211886
v -0.339313 0.366403 -0.214017
v -0.339313 0.366269 -0.213055
v -0.339548 0.366573 -0.214005
v -0.339548 0.366432 -0.212997
v -0.339313 0.365900 -0.212429
v -0.339313 0.365286 -0.212053
v -0.339548 0.366024 -0.212303
v -0.339548 0.365344 -0.211886
v -0.339938 -0.277539 -0.231488
v -0.339938 -0.277971 -0.230754
v -0.339547 -0.277465 -0.231412
v -0.339547 -0.277873 -0.230718
v -0.351066 -0.277971 -0.230754
v -0.351066 -0.277539 -0.231488
v -0.351457 -0.277873 -0.230718
v -0.351457 -0.277465 -0.231412
v -0.339313 -0.277710 -0.230659
v -0.339313 -0.277342 -0.231287
v -0.339313 -0.276726 -0.231661
v -0.339547 -0.276785 -0.231829
v -0.339313 -0.275783 -0.231799
v -0.339313 0.364342 -0.231800
v -0.339547 -0.275795 -0.231973
v -0.339548 0.364355 -0.231974
v -0.339938 0.364362 -0.232077
v -0.339938 -0.275802 -0.232076
v -0.351066 -0.275802 -0.232076
v -0.351066 0.364362 -0.232077
v -0.351457 -0.275795 -0.231973
v -0.351457 0.364355 -0.231974
v -0.351066 -0.276820 -0.231929
v -0.351457 -0.276785 -0.231829
v -0.339938 -0.276820 -0.231929
v -0.339313 0.366269 -0.230660
v -0.339313 0.366403 -0.229698
v -0.339548 0.366432 -0.230719
v -0.339548 0.366573 -0.229710
v -0.339313 0.365900 -0.231287
v -0.339548 0.366024 -0.231413
v -0.339313 0.365286 -0.231662
v -0.339548 0.365344 -0.231829
v -0.339938 0.365378 -0.231930
v -0.351066 0.365378 -0.231930
v -0.351457 0.365344 -0.231829
v -0.339938 0.366098 -0.231489
v -0.351066 0.366098 -0.231489
v -0.351457 0.366024 -0.231413
v -0.351066 -0.278116 -0.213997
v -0.351457 -0.278014 -0.214004
v -0.339938 -0.278116 -0.213997
v -0.351691 -0.277845 -0.214016
v -0.351691 -0.277710 -0.213055
v -0.351691 -0.277341 -0.212428
v -0.351691 -0.276726 -0.212052
v -0.351691 -0.275783 -0.211915
v -0.351692 0.364342 -0.211916
v -0.351457 0.364355 -0.211743
v -0.351691 -0.277845 -0.229697
v -0.351457 -0.278014 -0.229710
v -0.351066 0.364362 -0.211639
v -0.339938 0.364362 -0.211639
v -0.339938 -0.278116 -0.229717
v -0.351066 -0.278116 -0.229717
v -0.339938 0.366530 -0.212961
v -0.339938 0.366675 -0.213998
v -0.351066 0.366675 -0.213998
v -0.351066 0.366530 -0.212961
v -0.351457 0.366573 -0.214005
v -0.351457 0.366432 -0.212997
v -0.339938 0.366098 -0.212226
v -0.351066 0.366098 -0.212226
v -0.351457 0.366024 -0.212303
v -0.351692 0.366269 -0.213055
v -0.351692 0.366403 -0.214017
v -0.351692 0.365900 -0.212429
v -0.351692 0.365286 -0.212053
v -0.351457 0.365344 -0.211886
v -0.351066 0.365378 -0.211786
v -0.339938 0.365378 -0.211786
v -0.351066 0.366675 -0.229718
v -0.351457 0.366573 -0.229710
v -0.339938 0.366675 -0.229718
v -0.351691 -0.277710 -0.230659
v -0.351691 -0.277341 -0.231287
v -0.351691 -0.276726 -0.231661
v -0.351692 0.364342 -0.231800
v -0.351691 -0.275783 -0.231799
v -0.351066 0.366530 -0.230755
v -0.351457 0.366432 -0.230719
v -0.339938 0.366530 -0.230755
v -0.351692 0.366403 -0.229698
v -0.351692 0.366269 -0.230660
v -0.351692 0.365900 -0.231287
v -0.351692 0.365286 -0.231662
v 0.345721 0.452771 -0.912268
v 0.345721 0.450388 -0.913621
v 0.345721 0.448005 -0.915004
v 0.345721 0.445620 -0.916448
v 0.345721 0.443232 -0.917984
v 0.345721 0.440841 -0.919640
v 0.345721 0.438446 -0.921450
v 0.345721 0.436046 -0.923441
v 0.345721 0.434394 -0.924596
v 0.345721 0.432581 -0.925362
v 0.345721 0.430673 -0.925739
v 0.345721 0.428734 -0.925728
v 0.345721 0.426830 -0.925328
v 0.345721 0.425027 -0.924540
v 0.345721 0.423389 -0.923365
v 0.345721 0.421057 -0.921385
v 0.345721 0.418724 -0.919587
v 0.345721 0.416392 -0.917940
v 0.345721 0.414059 -0.916416
v 0.345721 0.411727 -0.914982
v 0.345721 0.409395 -0.913610
v 0.345721 0.407063 -0.912268
v 0.345721 0.407063 -0.901807
v 0.345719 0.452864 -0.901807
v 0.350609 0.452771 -0.912268
v 0.350609 0.450388 -0.913621
v 0.350609 0.448005 -0.915004
v 0.350609 0.445620 -0.916448
v 0.350609 0.443232 -0.917984
v 0.350609 0.440841 -0.919640
v 0.350609 0.438446 -0.921450
v 0.350609 0.436046 -0.923441
v 0.350609 0.434394 -0.924596
v 0.350609 0.432581 -0.925362
v 0.350609 0.430673 -0.925739
v 0.350608 0.428734 -0.925728
v 0.350609 0.426830 -0.925328
v 0.350609 0.425027 -0.924540
v 0.350609 0.423389 -0.923365
v 0.350609 0.421057 -0.921385
v 0.350608 0.418725 -0.919587
v 0.350609 0.416392 -0.917940
v 0.350608 0.414060 -0.916416
v 0.350609 0.411727 -0.914982
v 0.350609 0.409395 -0.913610
v 0.350609 0.407063 -0.912268
v 0.350609 0.407062 -0.901807
v 0.350609 0.452865 -0.901807
v 0.379260 0.424449 -0.917739
v 0.379260 0.424515 -0.916915
v 0.379260 0.424712 -0.916112
v 0.379260 0.425034 -0.915349
v 0.379260 0.425473 -0.914645
v 0.379260 0.426019 -0.914017
v 0.379260 0.426659 -0.913480
v 0.379260 0.427376 -0.913049
v 0.379260 0.428153 -0.912733
v 0.379260 0.428971 -0.912540
v 0.379260 0.429810 -0.912475
v 0.379260 0.430648 -0.912540
v 0.379260 0.431466 -0.912733
v 0.379260 0.432243 -0.913049
v 0.379260 0.432961 -0.913480
v 0.379260 0.433600 -0.914017
v 0.379260 0.434147 -0.914645
v 0.379260 0.434586 -0.915349
v 0.379260 0.434908 -0.916112
v 0.379260 0.435104 -0.916915
v 0.379260 0.435170 -0.917739
v 0.379260 0.435104 -0.918562
v 0.379260 0.434908 -0.919365
v 0.379260 0.434586 -0.920128
v 0.379260 0.434147 -0.920832
v 0.379260 0.433600 -0.921460
v 0.379260 0.432960 -0.921997
v 0.379260 0.432243 -0.922428
v 0.379260 0.431466 -0.922744
v 0.379260 0.430648 -0.922937
v 0.379260 0.429810 -0.923002
v 0.379260 0.428971 -0.922937
v 0.379260 0.428153 -0.922744
v 0.379260 0.427376 -0.922428
v 0.379260 0.426659 -0.921997
v 0.379260 0.426019 -0.921460
v 0.379260 0.425473 -0.920832
v 0.379260 0.425033 -0.920128
v 0.379260 0.424712 -0.919365
v 0.379260 0.424515 -0.918562
v 0.349331 0.424449 -0.917739
v 0.349329 0.424515 -0.916915
v 0.349331 0.424712 -0.916112
v 0.349331 0.425034 -0.915349
v 0.349329 0.425473 -0.914645
v 0.349331 0.426019 -0.914017
v 0.349331 0.426659 -0.913480
v 0.349331 0.427376 -0.913049
v 0.349329 0.428153 -0.912733
v 0.349331 0.428971 -0.912540
v 0.349329 0.429810 -0.912475
v 0.349329 0.430648 -0.912540
v 0.349331 0.431466 -0.912733
v 0.349329 0.432243 -0.913049
v 0.349331 0.432960 -0.913480
v 0.349331 0.433600 -0.914017
v 0.349331 0.434146 -0.914645
v 0.349331 0.434586 -0.915349
v 0.349331 0.434908 -0.916112
v 0.349331 0.435104 -0.916915
v 0.349329 0.435170 -0.917739
v 0.349331 0.435104 -0.918562
v 0.349331 0.434908 -0.919365
v 0.349331 0.434586 -0.920128
v 0.349331 0.434146 -0.920832
v 0.349331 0.433600 -0.921460
v 0.349331 0.432960 -0.921997
v 0.349331 0.432243 -0.922428
v 0.349331 0.431466 -0.922744
v 0.349331 0.430648 -0.922937
v 0.349331 0.429810 -0.923002
v 0.349331 0.428971 -0.922937
v 0.349331 0.428153 -0.922744
v 0.349331 0.427376 -0.922428
v 0.349331 0.426659 -0.921997
v 0.349331 0.426019 -0.921460
v 0.349329 0.425473 -0.920832
v 0.349331 0.425034 -0.920128
v 0.349331 0.424712 -0.919365
v 0.349331 0.424515 -0.918562
v 0.383061 0.452771 -0.912268
v 0.383061 0.450388 -0.913630
v 0.383061 0.448005 -0.915023
v 0.383061 0.445620 -0.916476
v 0.383061 0.443232 -0.918018
v 0.383061 0.440841 -0.919681
v 0.383061 0.438446 -0.921494
v 0.383061 0.436046 -0.923486
v 0.383061 0.434394 -0.924642
v 0.383061 0.432581 -0.925408
v 0.383061 0.430673 -0.925785
v 0.383061 0.428734 -0.925773
v 0.383061 0.426831 -0.925374
v 0.383061 0.425027 -0.924586
v 0.383061 0.423389 -0.923411
v 0.383061 0.421057 -0.921429
v 0.383061 0.418724 -0.919627
v 0.383061 0.416392 -0.917975
v 0.383061 0.414060 -0.916443
v 0.383061 0.411727 -0.915001
v 0.383061 0.409395 -0.913620
v 0.383061 0.407063 -0.912268
v 0.383061 0.407063 -0.901807
v 0.383061 0.452865 -0.901807
v 0.378173 0.452771 -0.912268
v 0.378173 0.450389 -0.913630
v 0.378174 0.448005 -0.915023
v 0.378173 0.445620 -0.916476
v 0.378173 0.443232 -0.918018
v 0.378173 0.440841 -0.919681
v 0.378173 0.438446 -0.921493
v 0.378173 0.436046 -0.923486
v 0.378173 0.434394 -0.924642
v 0.378173 0.432581 -0.925408
v 0.378173 0.430673 -0.925785
v 0.378174 0.428734 -0.925773
v 0.378173 0.426831 -0.925374
v 0.378173 0.425027 -0.924586
v 0.378174 0.423389 -0.923411
v 0.378174 0.421057 -0.921429
v 0.378174 0.418724 -0.919627
v 0.378173 0.416392 -0.917975
v 0.378173 0.414060 -0.916443
v 0.378173 0.411728 -0.915001
v 0.378173 0.409395 -0.913620
v 0.378174 0.407063 -0.912268
v 0.378174 0.407063 -0.901807
v 0.378173 0.452865 -0.901807
v 0.377147 0.429810 -0.902835
v 0.351557 0.429810 -0.902835
v 0.351557 0.429810 -0.912105
v 0.377147 0.429810 -0.912105
v 0.377146 0.427383 -0.903028
v 0.351557 0.427383 -0.903028
v 0.351557 0.428897 -0.912177
v 0.377146 0.428898 -0.912177
v 0.377147 0.425020 -0.903600
v 0.351557 0.425019 -0.903600
v 0.351557 0.428009 -0.912392
v 0.377146 0.428009 -0.912392
v 0.377146 0.422780 -0.904537
v 0.351557 0.422780 -0.904537
v 0.351557 0.427167 -0.912744
v 0.377146 0.427167 -0.912744
v 0.377146 0.420722 -0.905814
v 0.351557 0.420722 -0.905814
v 0.351557 0.426393 -0.913225
v 0.377147 0.426393 -0.913225
v 0.377147 0.418900 -0.907399
v 0.351557 0.418900 -0.907400
v 0.351557 0.425708 -0.913821
v 0.377147 0.425708 -0.913821
v 0.377147 0.417360 -0.909251
v 0.351557 0.417360 -0.909251
v 0.351557 0.425129 -0.914517
v 0.377146 0.425129 -0.914517
v 0.377147 0.416143 -0.911321
v 0.351557 0.416143 -0.911321
v 0.351557 0.424671 -0.915295
v 0.377146 0.424672 -0.915295
v 0.377146 0.415280 -0.913557
v 0.351557 0.415280 -0.913557
v 0.351556 0.424347 -0.916135
v 0.377147 0.424347 -0.916135
v 0.377146 0.414793 -0.915898
v 0.351557 0.414793 -0.915898
v 0.351557 0.424164 -0.917016
v 0.377147 0.424164 -0.917016
v 0.377146 0.414695 -0.918287
v 0.351557 0.414695 -0.918287
v 0.351556 0.424127 -0.917914
v 0.377147 0.424127 -0.917914
v 0.377147 0.414988 -0.920660
v 0.351557 0.414988 -0.920660
v 0.351557 0.424237 -0.918806
v 0.377146 0.424237 -0.918806
v 0.377147 0.415666 -0.922956
v 0.351557 0.415666 -0.922956
v 0.351557 0.424492 -0.919669
v 0.377147 0.424492 -0.919669
v 0.377146 0.416709 -0.925116
v 0.351556 0.416709 -0.925116
v 0.351557 0.424884 -0.920481
v 0.377146 0.424884 -0.920481
v 0.377146 0.418092 -0.927083
v 0.351556 0.418092 -0.927083
v 0.351557 0.425404 -0.921221
v 0.377146 0.425404 -0.921221
v 0.377146 0.419778 -0.928807
v 0.351557 0.419778 -0.928807
v 0.351557 0.426038 -0.921869
v 0.377146 0.426038 -0.921869
v 0.377146 0.421725 -0.930243
v 0.351556 0.421725 -0.930243
v 0.351557 0.426770 -0.922409
v 0.377146 0.426770 -0.922409
v 0.377146 0.423880 -0.931354
v 0.351557 0.423880 -0.931354
v 0.351556 0.427581 -0.922826
v 0.377146 0.427581 -0.922826
v 0.377146 0.426190 -0.932111
v 0.351557 0.426190 -0.932111
v 0.351557 0.428449 -0.923111
v 0.377146 0.428449 -0.923111
v 0.377147 0.428593 -0.932494
v 0.351557 0.428592 -0.932495
v 0.351557 0.429352 -0.923255
v 0.377146 0.429352 -0.923255
v 0.377147 0.431027 -0.932494
v 0.351557 0.431027 -0.932495
v 0.351557 0.430267 -0.923255
v 0.377146 0.430267 -0.923255
v 0.377146 0.433430 -0.932111
v 0.351557 0.433430 -0.932111
v 0.351557 0.431171 -0.923111
v 0.377147 0.431171 -0.923111
v 0.377146 0.435739 -0.931354
v 0.351557 0.435739 -0.931354
v 0.351557 0.432039 -0.922826
v 0.377146 0.432039 -0.922826
v 0.377146 0.437895 -0.930243
v 0.351557 0.437894 -0.930243
v 0.351557 0.432849 -0.922409
v 0.377146 0.432849 -0.922409
v 0.377147 0.439841 -0.928807
v 0.351557 0.439841 -0.928807
v 0.351557 0.433581 -0.921869
v 0.377147 0.433581 -0.921869
v 0.377146 0.441527 -0.927083
v 0.351557 0.441527 -0.927083
v 0.351557 0.434215 -0.921221
v 0.377147 0.434215 -0.921221
v 0.377146 0.442911 -0.925116
v 0.351557 0.442910 -0.925116
v 0.351557 0.434735 -0.920481
v 0.377146 0.434735 -0.920481
v 0.377146 0.443954 -0.922956
v 0.351557 0.443954 -0.922956
v 0.351557 0.435127 -0.919669
v 0.377147 0.435127 -0.919669
v 0.377147 0.444631 -0.920660
v 0.351557 0.444631 -0.920660
v 0.351556 0.435382 -0.918806
v 0.377146 0.435382 -0.918806
v 0.377146 0.444925 -0.918287
v 0.351557 0.444925 -0.918287
v 0.351557 0.435492 -0.917914
v 0.377146 0.435492 -0.917914
v 0.377146 0.444827 -0.915899
v 0.351557 0.444827 -0.915899
v 0.351557 0.435456 -0.917016
v 0.377146 0.435456 -0.917016
v 0.377147 0.444340 -0.913557
v 0.351557 0.444340 -0.913557
v 0.351557 0.435272 -0.916135
v 0.377146 0.435273 -0.916135
v 0.377146 0.443477 -0.911321
v 0.351557 0.443476 -0.911321
v 0.351557 0.434948 -0.915295
v 0.377146 0.434948 -0.915295
v 0.377147 0.442259 -0.909251
v 0.351557 0.442259 -0.909251
v 0.351557 0.434490 -0.914517
v 0.377146 0.434490 -0.914517
v 0.377147 0.440720 -0.907400
v 0.351557 0.440719 -0.907400
v 0.351556 0.433911 -0.913821
v 0.377146 0.433911 -0.913821
v 0.377146 0.438897 -0.905814
v 0.351557 0.438897 -0.905814
v 0.351557 0.433226 -0.913225
v 0.377146 0.433226 -0.913225
v 0.377146 0.436840 -0.904537
v 0.351557 0.436840 -0.904537
v 0.351557 0.432453 -0.912744
v 0.377146 0.432453 -0.912744
v 0.377147 0.434600 -0.903600
v 0.351556 0.434600 -0.903600
v 0.351557 0.431611 -0.912392
v 0.377146 0.431611 -0.912392
v 0.377146 0.432236 -0.903028
v 0.351557 0.432236 -0.903028
v 0.351557 0.430722 -0.912177
v 0.377146 0.430722 -0.912177
v -0.362408 0.450387 -0.913621
v -0.357520 0.452770 -0.912269
v -0.362408 0.452770 -0.912269
v -0.357520 0.450387 -0.913621
v -0.362408 0.448004 -0.915005
v -0.357520 0.448004 -0.915005
v -0.362408 0.445619 -0.916449
v -0.357521 0.445619 -0.916449
v -0.362408 0.443231 -0.917984
v -0.357520 0.443231 -0.917984
v -0.362408 0.440840 -0.919641
v -0.357520 0.440840 -0.919641
v -0.362408 0.438445 -0.921450
v -0.357520 0.438445 -0.921450
v -0.362408 0.436046 -0.923442
v -0.357520 0.436045 -0.923442
v -0.362409 0.434393 -0.924597
v -0.357520 0.434393 -0.924597
v -0.362408 0.432580 -0.925363
v -0.357520 0.432580 -0.925363
v -0.362408 0.430672 -0.925740
v -0.357520 0.430672 -0.925740
v -0.362408 0.428733 -0.925729
v -0.357520 0.428733 -0.925729
v -0.362408 0.426830 -0.925329
v -0.357520 0.426829 -0.925329
v -0.362408 0.425026 -0.924541
v -0.357520 0.425026 -0.924541
v -0.362408 0.423388 -0.923366
v -0.357520 0.423388 -0.923366
v -0.362408 0.421056 -0.921385
v -0.357520 0.421056 -0.921385
v -0.362408 0.418724 -0.919587
v -0.357520 0.418724 -0.919587
v -0.362409 0.416391 -0.917941
v -0.357520 0.416391 -0.917941
v -0.362408 0.414059 -0.916417
v -0.357520 0.414059 -0.916417
v -0.362409 0.411726 -0.914983
v -0.357520 0.411726 -0.914983
v -0.362408 0.409394 -0.913611
v -0.357520 0.409394 -0.913611
v -0.362408 0.407062 -0.912269
v -0.357520 0.407062 -0.912269
v -0.362409 0.407061 -0.901808
v -0.357520 0.407062 -0.901808
v -0.362409 0.452864 -0.901808
v -0.357520 0.452863 -0.901808
v -0.391059 0.424711 -0.919366
v -0.391060 0.425032 -0.920129
v -0.391059 0.425472 -0.920833
v -0.391060 0.426019 -0.921461
v -0.391059 0.426658 -0.921997
v -0.391060 0.427375 -0.922429
v -0.391060 0.428152 -0.922745
v -0.391060 0.428970 -0.922938
v -0.391060 0.429809 -0.923003
v -0.391060 0.430647 -0.922938
v -0.391060 0.431465 -0.922745
v -0.391060 0.432242 -0.922429
v -0.391060 0.432959 -0.921997
v -0.391059 0.433599 -0.921461
v -0.391060 0.434146 -0.920833
v -0.391060 0.434585 -0.920129
v -0.391060 0.434907 -0.919366
v -0.391060 0.435103 -0.918563
v -0.391060 0.435169 -0.917739
v -0.391060 0.435103 -0.916916
v -0.391059 0.434907 -0.916113
v -0.391060 0.434585 -0.915350
v -0.391060 0.434146 -0.914646
v -0.391059 0.433599 -0.914018
v -0.391060 0.432959 -0.913481
v -0.391060 0.432242 -0.913050
v -0.391060 0.431465 -0.912734
v -0.391059 0.430647 -0.912541
v -0.391060 0.429809 -0.912476
v -0.391060 0.428970 -0.912541
v -0.391059 0.428152 -0.912734
v -0.391060 0.427375 -0.913050
v -0.391060 0.426658 -0.913481
v -0.391060 0.426019 -0.914018
v -0.391060 0.425472 -0.914646
v -0.391060 0.425033 -0.915350
v -0.391059 0.424711 -0.916113
v -0.391059 0.424514 -0.916916
v -0.391060 0.424448 -0.917739
v -0.391060 0.424514 -0.918563
v -0.361129 0.424514 -0.916916
v -0.361130 0.424449 -0.917739
v -0.361130 0.424711 -0.916113
v -0.361130 0.425033 -0.915350
v -0.361129 0.425472 -0.914646
v -0.361130 0.426019 -0.914018
v -0.361130 0.426658 -0.913481
v -0.361130 0.427375 -0.913050
v -0.361130 0.428152 -0.912734
v -0.361130 0.428970 -0.912541
v -0.361130 0.429809 -0.912476
v -0.361129 0.430647 -0.912541
v -0.361130 0.431465 -0.912734
v -0.361130 0.432242 -0.913050
v -0.361130 0.432960 -0.913481
v -0.361130 0.433599 -0.914018
v -0.361130 0.434146 -0.914646
v -0.361130 0.434585 -0.915350
v -0.361130 0.434907 -0.916113
v -0.361130 0.435103 -0.916916
v -0.361130 0.435169 -0.917739
v -0.361130 0.435103 -0.918563
v -0.361130 0.434907 -0.919366
v -0.361130 0.434585 -0.920129
v -0.361130 0.434145 -0.920833
v -0.361130 0.433599 -0.921461
v -0.361130 0.432959 -0.921997
v -0.361130 0.432242 -0.922429
v -0.361130 0.431465 -0.922745
v -0.361130 0.430647 -0.922938
v -0.361130 0.429809 -0.923003
v -0.361130 0.428970 -0.922938
v -0.361130 0.428152 -0.922745
v -0.361130 0.427375 -0.922429
v -0.361130 0.426658 -0.921997
v -0.361130 0.426019 -0.921461
v -0.361129 0.425472 -0.920833
v -0.361130 0.425033 -0.920129
v -0.361130 0.424711 -0.919366
v -0.361130 0.424514 -0.918563
v -0.389972 0.450388 -0.913631
v -0.389973 0.452770 -0.912269
v -0.394861 0.452770 -0.912269
v -0.394861 0.450387 -0.913631
v -0.389973 0.448004 -0.915024
v -0.394861 0.448004 -0.915024
v -0.389973 0.445619 -0.916476
v -0.394861 0.445619 -0.916476
v -0.389972 0.443231 -0.918019
v -0.394861 0.443231 -0.918019
v -0.389972 0.440840 -0.919682
v -0.394861 0.440840 -0.919682
v -0.389972 0.438445 -0.921494
v -0.394861 0.438445 -0.921494
v -0.389972 0.436045 -0.923487
v -0.394861 0.436045 -0.923487
v -0.389972 0.434393 -0.924643
v -0.394861 0.434393 -0.924643
v -0.389972 0.432580 -0.925409
v -0.394861 0.432580 -0.925409
v -0.389972 0.430672 -0.925786
v -0.394861 0.430672 -0.925786
v -0.389973 0.428733 -0.925774
v -0.394861 0.428733 -0.925774
v -0.389973 0.426830 -0.925374
v -0.394861 0.426830 -0.925374
v -0.389973 0.425026 -0.924587
v -0.394861 0.425026 -0.924587
v -0.389973 0.423388 -0.923411
v -0.394861 0.423388 -0.923411
v -0.389973 0.421056 -0.921430
v -0.394861 0.421056 -0.921430
v -0.389973 0.418723 -0.919628
v -0.394861 0.418723 -0.919628
v -0.389973 0.416391 -0.917976
v -0.394861 0.416391 -0.917976
v -0.389973 0.414059 -0.916444
v -0.394861 0.414059 -0.916444
v -0.389973 0.411727 -0.915002
v -0.394861 0.411726 -0.915002
v -0.389973 0.409394 -0.913620
v -0.394861 0.409394 -0.913620
v -0.389974 0.407062 -0.912269
v -0.394861 0.407062 -0.912269
v -0.389973 0.407062 -0.901808
v -0.394861 0.407062 -0.901808
v -0.389973 0.452864 -0.901808
v -0.394861 0.452864 -0.901808
v -0.388946 0.429809 -0.902836
v -0.363356 0.429809 -0.902836
v -0.363356 0.427382 -0.903028
v -0.388945 0.427382 -0.903028
v -0.363356 0.429809 -0.912105
v -0.363356 0.428896 -0.912178
v -0.388946 0.429809 -0.912106
v -0.388946 0.428897 -0.912178
v -0.363356 0.425019 -0.903601
v -0.388946 0.425019 -0.903601
v -0.363356 0.428008 -0.912393
v -0.388946 0.428008 -0.912393
v -0.363356 0.422779 -0.904537
v -0.388946 0.422779 -0.904537
v -0.363356 0.427166 -0.912745
v -0.388946 0.427166 -0.912745
v -0.363356 0.420721 -0.905815
v -0.388945 0.420721 -0.905815
v -0.363356 0.426392 -0.913225
v -0.388946 0.426392 -0.913225
v -0.363356 0.418899 -0.907400
v -0.388946 0.418899 -0.907400
v -0.363356 0.425707 -0.913821
v -0.388946 0.425707 -0.913821
v -0.363356 0.417359 -0.909252
v -0.388946 0.417359 -0.909252
v -0.363356 0.425128 -0.914518
v -0.388946 0.425128 -0.914518
v -0.363356 0.416142 -0.911322
v -0.388946 0.416142 -0.911322
v -0.363356 0.424671 -0.915296
v -0.388946 0.424671 -0.915296
v -0.363356 0.415279 -0.913557
v -0.388946 0.415279 -0.913557
v -0.363356 0.424346 -0.916136
v -0.388946 0.424346 -0.916136
v -0.363356 0.414792 -0.915899
v -0.388946 0.414792 -0.915899
v -0.363356 0.424163 -0.917017
v -0.388946 0.424163 -0.917017
v -0.363356 0.414694 -0.918288
v -0.388946 0.414694 -0.918288
v -0.363356 0.424126 -0.917915
v -0.388946 0.424126 -0.917915
v -0.363356 0.414987 -0.920661
v -0.388946 0.414987 -0.920661
v -0.363356 0.424237 -0.918807
v -0.388945 0.424237 -0.918807
v -0.363356 0.415665 -0.922957
v -0.388946 0.415665 -0.922957
v -0.363356 0.424491 -0.919670
v -0.388946 0.424491 -0.919670
v -0.363356 0.416708 -0.925117
v -0.388945 0.416708 -0.925117
v -0.363356 0.424884 -0.920482
v -0.388946 0.424883 -0.920482
v -0.363356 0.418091 -0.927084
v -0.388945 0.418091 -0.927084
v -0.363356 0.425403 -0.921222
v -0.388945 0.425404 -0.921222
v -0.363356 0.419777 -0.928808
v -0.388946 0.419778 -0.928808
v -0.363356 0.426037 -0.921870
v -0.388945 0.426038 -0.921870
v -0.363355 0.421724 -0.930244
v -0.388945 0.421724 -0.930244
v -0.363356 0.426769 -0.922410
v -0.388945 0.426769 -0.922410
v -0.363356 0.423879 -0.931355
v -0.388945 0.423879 -0.931355
v -0.363355 0.427580 -0.922827
v -0.388945 0.427580 -0.922827
v -0.363356 0.426189 -0.932112
v -0.388946 0.426189 -0.932112
v -0.363356 0.428448 -0.923112
v -0.388946 0.428448 -0.923112
v -0.363356 0.428591 -0.932495
v -0.388946 0.428592 -0.932495
v -0.363356 0.429351 -0.923256
v -0.388945 0.429351 -0.923256
v -0.363356 0.431026 -0.932495
v -0.388946 0.431026 -0.932495
v -0.363356 0.430266 -0.923256
v -0.388946 0.430266 -0.923256
v -0.363356 0.433429 -0.932112
v -0.388946 0.433429 -0.932112
v -0.363356 0.431170 -0.923112
v -0.388946 0.431170 -0.923112
v -0.363356 0.435738 -0.931355
v -0.388946 0.435738 -0.931355
v -0.363356 0.432038 -0.922827
v -0.388946 0.432038 -0.922827
v -0.363356 0.437894 -0.930244
v -0.388945 0.437894 -0.930244
v -0.363356 0.432848 -0.922410
v -0.388945 0.432848 -0.922410
v -0.363356 0.439840 -0.928808
v -0.388946 0.439840 -0.928808
v -0.363356 0.433580 -0.921870
v -0.388946 0.433580 -0.921870
v -0.363356 0.441527 -0.927084
v -0.388946 0.441526 -0.927084
v -0.363356 0.434214 -0.921222
v -0.388946 0.434214 -0.921222
v -0.363356 0.442910 -0.925117
v -0.388946 0.442910 -0.925117
v -0.363356 0.434734 -0.920482
v -0.388946 0.434734 -0.920482
v -0.363356 0.443953 -0.922957
v -0.388946 0.443953 -0.922957
v -0.363356 0.435127 -0.919670
v -0.388946 0.435126 -0.919670
v -0.363356 0.444630 -0.920661
v -0.388946 0.444630 -0.920661
v -0.363356 0.435381 -0.918807
v -0.388945 0.435381 -0.918807
v -0.363356 0.444924 -0.918288
v -0.388946 0.444924 -0.918288
v -0.363356 0.435491 -0.917915
v -0.388946 0.435491 -0.917915
v -0.363356 0.444826 -0.915899
v -0.388946 0.444826 -0.915899
v -0.363356 0.435455 -0.917017
v -0.388946 0.435455 -0.917017
v -0.363356 0.444339 -0.913557
v -0.388946 0.444339 -0.913557
v -0.363356 0.435271 -0.916136
v -0.388946 0.435272 -0.916136
v -0.363356 0.443476 -0.911322
v -0.388946 0.443476 -0.911322
v -0.363356 0.434947 -0.915296
v -0.388946 0.434947 -0.915296
v -0.363356 0.442258 -0.909252
v -0.388946 0.442259 -0.909252
v -0.363356 0.434489 -0.914518
v -0.388946 0.434489 -0.914518
v -0.363356 0.440719 -0.907400
v -0.388946 0.440719 -0.907400
v -0.363356 0.433910 -0.913821
v -0.388946 0.433911 -0.913821
v -0.363356 0.438896 -0.905815
v -0.388946 0.438896 -0.905815
v -0.363356 0.433225 -0.913225
v -0.388946 0.433225 -0.913225
v -0.363356 0.436839 -0.904537
v -0.388945 0.436839 -0.904537
v -0.363356 0.432452 -0.912745
v -0.388946 0.432452 -0.912745
v -0.363356 0.434599 -0.903601
v -0.388946 0.434599 -0.903601
v -0.363356 0.431610 -0.912393
v -0.388946 0.431610 -0.912393
v -0.363356 0.432235 -0.903028
v -0.388946 0.432236 -0.903028
v -0.363356 0.430721 -0.912178
v -0.388945 0.430721 -0.912178
v 0.414920 0.462100 0.932539
v -0.416208 0.465261 0.929315
v -0.416208 0.465261 -0.898915
v 0.418957 0.462100 -0.898915
v 0.414921 -0.324994 0.932539
v -0.420244 -0.324994 0.929315
v -0.416208 -0.324994 -0.902139
v 0.418957 -0.324994 -0.898915
v 0.382686 -0.328155 0.908126
v -0.389682 -0.328156 0.903567
v -0.383974 -0.328155 -0.877727
v 0.388395 -0.328155 -0.873167
v 0.380322 0.435003 0.904903
v -0.385646 0.435003 0.901678
v -0.381610 0.435003 -0.874502
v 0.384358 0.435003 -0.871278
v 0.418957 0.462100 0.929315
v 0.414920 0.465261 0.929315
v -0.420245 0.462099 0.929315
v -0.416208 0.462099 0.932540
v -0.416208 0.462100 -0.902139
v -0.420245 0.462100 -0.898915
v 0.414920 0.462100 -0.902139
v 0.414920 0.465261 -0.898915
v 0.409212 -0.328155 0.929315
v 0.414921 -0.328155 0.924755
v 0.418957 -0.324994 0.929315
v -0.416208 -0.328156 0.924755
v -0.410499 -0.328156 0.929315
v -0.416208 -0.324994 0.932539
v -0.410499 -0.328155 -0.898915
v -0.416208 -0.328155 -0.894355
v -0.420245 -0.324994 -0.898915
v 0.414920 -0.328155 -0.894355
v 0.409212 -0.328155 -0.898915
v 0.414920 -0.324994 -0.902140
v 0.380322 -0.324994 0.904902
v 0.384359 -0.324994 0.901678
v 0.388395 -0.328155 0.903567
v -0.385646 -0.324994 0.901678
v -0.381609 -0.324994 0.904902
v -0.383974 -0.328156 0.908127
v -0.381610 -0.324994 -0.874503
v -0.385646 -0.324994 -0.871278
v -0.389683 -0.328155 -0.873167
v 0.384358 -0.324994 -0.871278
v 0.380322 -0.324994 -0.874503
v 0.382686 -0.328155 -0.877727
v 0.380322 0.261041 0.901678
v 0.384358 0.435003 0.901678
v -0.381610 0.261041 0.901678
v -0.381610 0.435003 0.904903
v -0.381610 0.261041 -0.871278
v -0.385646 0.435003 -0.871278
v 0.380322 0.261041 -0.871278
v 0.380322 0.435003 -0.874503
v 0.417948 0.462100 0.931733
v 0.417948 0.464471 0.929315
v 0.414920 0.464471 0.931733
v -0.419235 0.464470 0.929315
v -0.419235 0.462099 0.931733
v -0.416208 0.464470 0.931733
v -0.416208 0.464471 -0.901333
v -0.419236 0.462100 -0.901333
v -0.419236 0.464471 -0.898915
v 0.417947 0.462100 -0.901333
v 0.414920 0.464471 -0.901333
v 0.417947 0.464471 -0.898915
v 0.413494 -0.327365 0.931733
v 0.414085 -0.328155 0.928647
v 0.417948 -0.327365 0.928174
v 0.417948 -0.324994 0.931733
v -0.419235 -0.327365 0.928175
v -0.415372 -0.328156 0.928647
v -0.414781 -0.327365 0.931733
v -0.419235 -0.324994 0.931733
v -0.414782 -0.327365 -0.901333
v -0.415372 -0.328155 -0.898247
v -0.419236 -0.327365 -0.897776
v -0.419236 -0.324994 -0.901333
v 0.417948 -0.327365 -0.897776
v 0.414084 -0.328155 -0.898247
v 0.413494 -0.327365 -0.901333
v 0.417948 -0.324994 -0.901333
v 0.380914 -0.327365 0.905708
v 0.383350 -0.324994 0.904096
v 0.385368 -0.327365 0.902150
v 0.386377 -0.328155 0.906515
v -0.386655 -0.327365 0.902150
v -0.384637 -0.324994 0.904096
v -0.382201 -0.327365 0.905708
v -0.387664 -0.328156 0.906515
v -0.382201 -0.327365 -0.875309
v -0.384637 -0.324994 -0.873697
v -0.386655 -0.327365 -0.871751
v -0.387664 -0.328155 -0.876115
v 0.385367 -0.327365 -0.871751
v 0.383349 -0.324994 -0.873697
v 0.380914 -0.327365 -0.875309
v 0.386377 -0.328155 -0.876115
v 0.380322 0.437374 0.904096
v 0.383349 0.437374 0.901678
v 0.383349 0.435003 0.904096
v -0.384637 0.437374 0.901678
v -0.381610 0.437374 0.904097
v -0.384637 0.435003 0.904097
v -0.381610 0.437374 -0.873696
v -0.384637 0.437374 -0.871278
v -0.384637 0.435003 -0.873696
v 0.383349 0.437374 -0.871278
v 0.380322 0.437374 -0.873696
v 0.383349 0.435003 -0.873696
v 0.417422 0.464058 0.931313
v -0.418710 0.464058 0.931313
v -0.418710 0.464059 -0.900913
v 0.417422 0.464059 -0.900913
v 0.417234 -0.327365 0.931163
v -0.418521 -0.327365 0.931163
v -0.418522 -0.327365 -0.900763
v 0.417234 -0.327365 -0.900763
v 0.384063 -0.327365 0.904667
v -0.385351 -0.327365 0.904667
v -0.385351 -0.327365 -0.874267
v 0.384063 -0.327365 -0.874267
v 0.382823 0.436962 0.903676
v -0.384111 0.436962 0.903676
v -0.384111 0.436962 -0.873276
v 0.382823 0.436962 -0.873276
v 0.416540 0.462100 0.932375
v 0.418750 0.463368 0.929315
v 0.414920 0.465099 0.930608
v -0.417827 0.465099 0.929315
v -0.420038 0.462099 0.930608
v -0.416208 0.463368 0.932375
v -0.416208 0.465099 -0.900208
v -0.417828 0.462100 -0.901974
v -0.420039 0.463368 -0.898915
v 0.418750 0.462100 -0.900208
v 0.414920 0.463368 -0.901974
v 0.416539 0.465100 -0.898915
v 0.414564 -0.326377 0.932337
v 0.411766 -0.328155 0.929426
v 0.416473 -0.328009 0.926509
v 0.418751 -0.324994 0.930608
v -0.419992 -0.326377 0.929030
v -0.416346 -0.328156 0.926795
v -0.412695 -0.328009 0.930555
v -0.417827 -0.324994 0.932374
v -0.415852 -0.326377 -0.901939
v -0.413054 -0.328155 -0.899027
v -0.417761 -0.328009 -0.896109
v -0.420038 -0.324994 -0.900209
v 0.418704 -0.326376 -0.898630
v 0.415059 -0.328155 -0.896396
v 0.411407 -0.328009 -0.900155
v 0.416540 -0.324994 -0.901975
v 0.381752 -0.327999 0.906853
v 0.381941 -0.324994 0.904738
v 0.384574 -0.326286 0.901779
v 0.387634 -0.328155 0.905150
v -0.388087 -0.327999 0.902820
v -0.385440 -0.324994 0.902972
v -0.381735 -0.326286 0.905075
v -0.385956 -0.328156 0.907519
v -0.383040 -0.327999 -0.876453
v -0.383229 -0.324994 -0.874338
v -0.385862 -0.326286 -0.871380
v -0.388922 -0.328155 -0.874750
v 0.386800 -0.327999 -0.872421
v 0.384152 -0.324994 -0.872573
v 0.380448 -0.326285 -0.874675
v 0.384669 -0.328155 -0.877119
v 0.380322 0.436271 0.904738
v 0.381941 0.438003 0.901678
v 0.384152 0.435003 0.902972
v -0.385440 0.436271 0.901678
v -0.381610 0.438002 0.902972
v -0.383229 0.435003 0.904738
v -0.381610 0.436272 -0.874338
v -0.383229 0.438003 -0.871278
v -0.385440 0.435003 -0.872573
v 0.384152 0.436272 -0.871278
v 0.380322 0.438003 -0.872573
v 0.381941 0.435003 -0.874338
v 0.418750 0.462100 0.930608
v 0.416540 0.465099 0.929315
v 0.414920 0.463368 0.932375
v -0.420038 0.463368 0.929315
v -0.417827 0.462099 0.932375
v -0.416208 0.465099 0.930608
v -0.416208 0.463368 -0.901974
v -0.420039 0.462100 -0.900208
v -0.417828 0.465099 -0.898915
v 0.416539 0.462100 -0.901974
v 0.414920 0.465100 -0.900208
v 0.418750 0.463368 -0.898915
v 0.411408 -0.328008 0.930555
v 0.415059 -0.328155 0.926795
v 0.418705 -0.326377 0.929030
v 0.416540 -0.324994 0.932374
v -0.417760 -0.328008 0.926509
v -0.413054 -0.328156 0.929426
v -0.415852 -0.326377 0.932337
v -0.420038 -0.324994 0.930608
v -0.412695 -0.328008 -0.900155
v -0.416347 -0.328155 -0.896396
v -0.419992 -0.326377 -0.898630
v -0.417827 -0.324994 -0.901974
v 0.416473 -0.328008 -0.896109
v 0.411766 -0.328155 -0.899027
v 0.414564 -0.326376 -0.901938
v 0.418750 -0.324994 -0.900210
v 0.380448 -0.326286 0.905074
v 0.384152 -0.324994 0.902972
v 0.386800 -0.327999 0.902820
v 0.384669 -0.328155 0.907519
v -0.385862 -0.326286 0.901779
v -0.383229 -0.324994 0.904738
v -0.383039 -0.327999 0.906853
v -0.388921 -0.328156 0.905150
v -0.381736 -0.326286 -0.874675
v -0.385440 -0.324994 -0.872573
v -0.388088 -0.327999 -0.872421
v -0.385956 -0.328155 -0.877119
v 0.384574 -0.326285 -0.871380
v 0.381941 -0.324994 -0.874338
v 0.381752 -0.327999 -0.876453
v 0.387634 -0.328155 -0.874750
v 0.380322 0.438003 0.902972
v 0.384152 0.436271 0.901678
v 0.381941 0.435003 0.904738
v -0.383229 0.438002 0.901678
v -0.381610 0.436271 0.904738
v -0.385440 0.435003 0.902972
v -0.381610 0.438003 -0.872573
v -0.385440 0.436272 -0.871278
v -0.383229 0.435003 -0.874338
v 0.381941 0.438003 -0.871278
v 0.380322 0.436272 -0.874338
v 0.384152 0.435003 -0.872573
v 0.417842 0.463348 0.931649
v 0.416515 0.464387 0.931649
v 0.417842 0.464387 0.930589
v -0.419129 0.464387 0.930589
v -0.417803 0.464387 0.931649
v -0.419129 0.463348 0.931649
v -0.417803 0.464388 -0.901248
v -0.419130 0.464388 -0.900189
v -0.419130 0.463349 -0.901248
v 0.417841 0.463349 -0.901248
v 0.417841 0.464388 -0.900189
v 0.416515 0.464388 -0.901248
v 0.415477 -0.327365 0.931789
v 0.418018 -0.327365 0.929758
v 0.415706 -0.328009 0.929942
v 0.417896 -0.326377 0.931692
v -0.419306 -0.327365 0.929758
v -0.416764 -0.327365 0.931789
v -0.416993 -0.328009 0.929942
v -0.419183 -0.326377 0.931692
v -0.416764 -0.327365 -0.901391
v -0.419306 -0.327365 -0.899359
v -0.416994 -0.328009 -0.899543
v -0.419184 -0.326377 -0.901292
v 0.418018 -0.327365 -0.899359
v 0.415476 -0.327365 -0.901391
v 0.415706 -0.328009 -0.899544
v 0.417896 -0.326376 -0.901292
v 0.382609 -0.327365 0.905405
v 0.384988 -0.327365 0.903505
v 0.383478 -0.326286 0.904198
v 0.385156 -0.327999 0.905539
v -0.386276 -0.327365 0.903505
v -0.383896 -0.327365 0.905405
v -0.384765 -0.326286 0.904198
v -0.386443 -0.327999 0.905539
v -0.383897 -0.327365 -0.875006
v -0.386276 -0.327365 -0.873106
v -0.384765 -0.326286 -0.873799
v -0.386443 -0.327999 -0.875139
v 0.384988 -0.327365 -0.873106
v 0.382609 -0.327365 -0.875006
v 0.383477 -0.326285 -0.873799
v 0.385155 -0.327999 -0.875139
v 0.381917 0.437291 0.904012
v 0.383243 0.436252 0.904012
v 0.383243 0.437291 0.902951
v -0.384531 0.437290 0.902951
v -0.384531 0.436251 0.904012
v -0.383205 0.437290 0.904012
v -0.383205 0.437291 -0.873612
v -0.384531 0.436252 -0.873612
v -0.384531 0.437291 -0.872552
v 0.383243 0.437291 -0.872552
v 0.383243 0.436252 -0.873612
v 0.381917 0.437291 -0.873612
v 0.416624 0.463434 0.932226
v -0.417912 0.464953 0.930676
v -0.417912 0.464954 -0.900276
v 0.418564 0.463434 -0.900276
v 0.416339 -0.326377 0.932304
v -0.419950 -0.326377 0.930447
v -0.417627 -0.326377 -0.901904
v 0.418663 -0.326376 -0.900048
v 0.383584 -0.327999 0.906403
v -0.387526 -0.327999 0.904283
v -0.384871 -0.327999 -0.876004
v 0.386238 -0.327999 -0.873884
v 0.382025 0.436337 0.904588
v -0.385254 0.436337 0.903039
v -0.383313 0.436337 -0.874189
v 0.383966 0.436337 -0.872639
v 0.418565 0.463434 0.930676
v 0.416624 0.464953 0.930676
v -0.419852 0.463433 0.930676
v -0.417912 0.463433 0.932226
v -0.417912 0.463434 -0.901826
v -0.419853 0.463434 -0.900276
v 0.416624 0.463434 -0.901826
v 0.416624 0.464954 -0.900276
v 0.413672 -0.328009 0.930642
v 0.416581 -0.328009 0.928317
v 0.418663 -0.326377 0.930447
v -0.417870 -0.328009 0.928317
v -0.414959 -0.328009 0.930642
v -0.417626 -0.326377 0.932304
v -0.414959 -0.328009 -0.900243
v -0.417869 -0.328009 -0.897918
v -0.419951 -0.326377 -0.900048
v 0.416582 -0.328009 -0.897918
v 0.413671 -0.328009 -0.900243
v 0.416339 -0.326376 -0.901905
v 0.382076 -0.326286 0.904864
v 0.384311 -0.326286 0.903079
v 0.386237 -0.327999 0.904282
v -0.385599 -0.326286 0.903079
v -0.383364 -0.326286 0.904864
v -0.384871 -0.327999 0.906403
v -0.383364 -0.326286 -0.874465
v -0.385599 -0.326286 -0.872679
v -0.387526 -0.327999 -0.873884
v 0.384311 -0.326285 -0.872680
v 0.382076 -0.326285 -0.874465
v 0.383583 -0.327999 -0.876004
v 0.382025 0.437857 0.903039
v 0.383966 0.436337 0.903039
v -0.383313 0.437857 0.903039
v -0.383313 0.436337 0.904589
v -0.383313 0.437857 -0.872639
v -0.385254 0.436337 -0.872639
v 0.382025 0.437857 -0.872639
v 0.382025 0.436337 -0.874189
v 0.351172 -0.326310 -0.053181
v 0.351173 -0.326311 0.860305
v 0.351173 -0.323981 0.860305
v 0.351172 -0.323981 -0.053181
v 0.322718 -0.326311 0.883035
v 0.322718 -0.323981 0.883035
v 0.380519 0.442374 -0.101625
v 0.380519 -0.326310 -0.101625
v 0.346503 -0.326310 -0.101625
v 0.346503 0.442374 -0.101625
v 0.383364 0.442374 0.906477
v 0.383364 -0.326311 0.882145
v 0.383364 0.442374 0.882145
v 0.346133 -0.328539 -0.071885
v 0.336137 -0.328539 -0.076675
v 0.346503 -0.328539 -0.099352
v 0.380519 -0.328539 -0.099352
v 0.346133 -0.328539 0.879009
v 0.352129 -0.328539 0.871025
v 0.380519 -0.328539 0.882145
v 0.380519 -0.328539 0.906475
v 0.322717 0.442374 -0.075910
v 0.322717 -0.323980 -0.075910
v 0.335166 -0.323980 -0.074489
v 0.335166 0.442374 -0.074489
v 0.344058 -0.323980 -0.070228
v 0.344058 0.442374 -0.070228
v 0.351172 0.442374 0.860305
v 0.349393 -0.323981 0.870248
v 0.349393 0.442374 0.870249
v 0.344058 -0.323981 0.877352
v 0.344058 0.442374 0.877352
v 0.349393 -0.323980 -0.063125
v 0.349393 -0.326310 -0.063125
v 0.344058 -0.326310 -0.070228
v 0.335166 -0.323981 0.881613
v 0.335166 -0.326311 0.881613
v 0.344058 -0.326311 0.877352
v 0.383365 -0.326310 -0.053181
v 0.383365 -0.326310 -0.074966
v 0.383365 0.442374 -0.074966
v 0.383365 0.442374 -0.053181
v 0.383365 -0.326310 -0.099352
v 0.383365 0.442374 -0.099352
v 0.322717 -0.326310 -0.101625
v 0.322717 0.442374 -0.101625
v 0.354018 -0.328539 -0.053342
v 0.352130 -0.328539 -0.063901
v 0.380519 -0.328539 -0.074966
v 0.380519 -0.328539 -0.053181
v 0.322919 -0.328539 -0.078183
v 0.322717 -0.328539 -0.099352
v 0.351514 -0.326311 0.908749
v 0.380519 0.442374 0.908749
v 0.351514 0.442374 0.908749
v 0.322718 -0.326311 0.908749
v 0.322717 0.442374 0.908749
v 0.383364 -0.326311 0.860305
v 0.383364 0.442374 0.860305
v 0.322919 -0.328539 0.885307
v 0.336137 -0.328539 0.883799
v 0.351514 -0.328539 0.906477
v 0.322718 -0.328539 0.906477
v 0.354018 -0.328539 0.860467
v 0.380519 -0.328539 0.860305
v 0.322717 -0.326310 -0.075910
v -0.353974 -0.326311 -0.053181
v -0.353974 -0.323981 -0.053181
v -0.353974 -0.323981 0.860305
v -0.353974 -0.326311 0.860305
v -0.325519 -0.326311 0.883034
v -0.325519 -0.323981 0.883034
v -0.383321 0.442374 -0.101625
v -0.349304 0.442374 -0.101625
v -0.349304 -0.326310 -0.101625
v -0.383320 -0.326310 -0.101625
v -0.386167 0.442374 0.906476
v -0.386167 0.442374 0.882144
v -0.386166 -0.326311 0.882144
v -0.348934 -0.328540 -0.071885
v -0.383320 -0.328540 -0.099352
v -0.349304 -0.328540 -0.099352
v -0.338939 -0.328540 -0.076675
v -0.348934 -0.328540 0.879009
v -0.383320 -0.328540 0.906475
v -0.383320 -0.328540 0.882144
v -0.354931 -0.328540 0.871025
v -0.325519 0.442374 -0.075910
v -0.337968 0.442374 -0.074489
v -0.337968 -0.323980 -0.074489
v -0.325519 -0.323980 -0.075910
v -0.346860 0.442374 -0.070227
v -0.346859 -0.323980 -0.070227
v -0.353974 0.442374 0.860305
v -0.352196 0.442374 0.870250
v -0.352195 -0.323981 0.870249
v -0.346859 0.442374 0.877352
v -0.346859 -0.323981 0.877352
v -0.352196 -0.326311 -0.063125
v -0.352196 -0.323980 -0.063125
v -0.346859 -0.326311 -0.070227
v -0.337967 -0.326311 0.881613
v -0.337967 -0.323981 0.881613
v -0.346859 -0.326311 0.877352
v -0.386167 -0.326311 -0.053181
v -0.386167 0.442374 -0.053181
v -0.386167 0.442374 -0.074966
v -0.386167 -0.326311 -0.074966
v -0.386167 0.442374 -0.099352
v -0.386167 -0.326311 -0.099352
v -0.325519 0.442374 -0.101625
v -0.325519 -0.326310 -0.101625
v -0.356819 -0.328540 -0.053342
v -0.383320 -0.328540 -0.053181
v -0.383320 -0.328540 -0.074966
v -0.354931 -0.328540 -0.063901
v -0.325519 -0.328540 -0.099352
v -0.325721 -0.328540 -0.078183
v -0.354315 -0.326311 0.908750
v -0.354315 0.442374 0.908750
v -0.383320 0.442374 0.908750
v -0.325519 -0.326311 0.908750
v -0.325519 0.442374 0.908750
v -0.386167 0.442374 0.860305
v -0.386166 -0.326311 0.860305
v -0.325721 -0.328540 0.885306
v -0.325519 -0.328540 0.906476
v -0.354315 -0.328540 0.906476
v -0.338938 -0.328540 0.883799
v -0.356819 -0.328540 0.860466
v -0.383320 -0.328540 0.860305
v -0.325519 -0.326311 -0.075910
v 0.381764 -0.326310 -0.101483
v 0.381676 -0.327216 -0.101341
v 0.380519 -0.327286 -0.101483
v 0.381497 -0.327913 -0.100986
v 0.380519 -0.327982 -0.101057
v 0.382654 -0.326310 -0.101057
v 0.382565 -0.327076 -0.100986
v 0.382297 -0.327703 -0.100773
v 0.383187 -0.326311 0.907471
v 0.383009 -0.327216 0.907400
v 0.383187 -0.327286 0.906475
v 0.382565 -0.327913 0.907258
v 0.382654 -0.327983 0.906475
v 0.382654 -0.326311 0.908181
v 0.382565 -0.327076 0.908110
v 0.382297 -0.327704 0.907897
v 0.383186 -0.327286 -0.099352
v 0.383009 -0.327216 -0.100276
v 0.383186 -0.326310 -0.100347
v 0.382654 -0.327982 -0.099352
v 0.382565 -0.327913 -0.100133
v 0.380519 -0.327286 0.908608
v 0.381676 -0.327216 0.908465
v 0.381765 -0.326311 0.908608
v 0.380519 -0.327983 0.908181
v 0.381497 -0.327913 0.908110
v -0.383320 -0.327286 -0.101483
v -0.384477 -0.327216 -0.101341
v -0.384566 -0.326310 -0.101483
v -0.385366 -0.327076 -0.100986
v -0.385455 -0.326310 -0.101057
v -0.383320 -0.327982 -0.101057
v -0.384298 -0.327913 -0.100986
v -0.385099 -0.327703 -0.100772
v -0.385988 -0.327286 0.906475
v -0.385810 -0.327216 0.907400
v -0.385988 -0.326311 0.907471
v -0.385366 -0.327076 0.908110
v -0.385455 -0.326311 0.908182
v -0.385455 -0.327983 0.906475
v -0.385366 -0.327913 0.907257
v -0.385099 -0.327704 0.907897
v -0.385988 -0.326311 -0.100347
v -0.385810 -0.327216 -0.100276
v -0.385988 -0.327286 -0.099352
v -0.385366 -0.327913 -0.100133
v -0.385455 -0.327982 -0.099352
v -0.384566 -0.326311 0.908607
v -0.384477 -0.327216 0.908464
v -0.383320 -0.327286 0.908607
v -0.384298 -0.327913 0.908110
v -0.383320 -0.327983 0.908182
v 0.351350 -0.327286 -0.053191
v 0.351350 -0.327286 0.860316
v 0.351883 -0.327982 -0.053222
v 0.351883 -0.327983 0.860345
v 0.322730 -0.327286 0.883176
v 0.322768 -0.327983 0.883603
v 0.381764 0.442374 -0.101483
v 0.382653 0.442374 -0.101057
v 0.346503 -0.327286 -0.101483
v 0.346503 -0.327982 -0.101057
v 0.383186 0.442374 0.907471
v 0.382654 0.442374 0.908181
v 0.383187 -0.327286 0.882145
v 0.382654 -0.327983 0.882145
v 0.345225 -0.328399 -0.071160
v 0.335713 -0.328399 -0.075719
v 0.344577 -0.327982 -0.070642
v 0.335409 -0.327982 -0.075035
v 0.346503 -0.328399 -0.100347
v 0.380519 -0.328399 -0.100347
v 0.345225 -0.328400 0.878283
v 0.350933 -0.328400 0.870686
v 0.344577 -0.327983 0.877766
v 0.350077 -0.327983 0.870443
v 0.381765 -0.328400 0.882145
v 0.381765 -0.328400 0.906475
v 0.335166 -0.326310 -0.074489
v 0.322730 -0.327286 -0.076052
v 0.335227 -0.327286 -0.074626
v 0.322768 -0.327982 -0.076478
v 0.344188 -0.327286 -0.070332
v 0.349393 -0.326311 0.870248
v 0.349565 -0.327286 0.870297
v 0.344188 -0.327286 0.877455
v 0.349565 -0.327286 -0.063174
v 0.350077 -0.327982 -0.063319
v 0.335227 -0.327286 0.881751
v 0.335410 -0.327983 0.882161
v 0.383186 -0.327286 -0.053181
v 0.383186 -0.327286 -0.074966
v 0.382654 -0.327982 -0.053181
v 0.382654 -0.327982 -0.074966
v 0.383186 0.442374 -0.100347
v 0.322717 -0.327286 -0.101483
v 0.322717 -0.327982 -0.101057
v 0.352772 -0.328399 -0.053272
v 0.350932 -0.328399 -0.063562
v 0.381764 -0.328399 -0.074966
v 0.381764 -0.328399 -0.053181
v 0.381764 -0.328399 -0.099352
v 0.322830 -0.328399 -0.077188
v 0.322717 -0.328399 -0.100347
v 0.351514 -0.327286 0.908608
v 0.351514 -0.327983 0.908181
v 0.381764 0.442374 0.908608
v 0.322718 -0.327286 0.908608
v 0.322718 -0.327983 0.908181
v 0.383187 -0.327286 0.860305
v 0.382654 -0.327983 0.860305
v 0.322831 -0.328400 0.884313
v 0.335713 -0.328400 0.882843
v 0.351514 -0.328400 0.907471
v 0.322718 -0.328400 0.907471
v 0.380519 -0.328400 0.907471
v 0.352772 -0.328400 0.860397
v 0.381765 -0.328400 0.860305
v -0.354151 -0.327286 0.860314
v -0.354152 -0.327286 -0.053191
v -0.354684 -0.327983 0.860345
v -0.354684 -0.327982 -0.053222
v -0.325531 -0.327286 0.883177
v -0.325570 -0.327983 0.883602
v -0.349304 -0.327286 -0.101483
v -0.349304 -0.327982 -0.101057
v -0.384566 0.442374 -0.101483
v -0.385455 0.442374 -0.101057
v -0.385988 -0.327286 0.882144
v -0.385455 -0.327983 0.882144
v -0.385988 0.442374 0.907472
v -0.385455 0.442374 0.908182
v -0.383320 -0.328400 -0.100347
v -0.349304 -0.328400 -0.100347
v -0.338514 -0.328400 -0.075719
v -0.348026 -0.328400 -0.071160
v -0.338211 -0.327982 -0.075035
v -0.347378 -0.327982 -0.070642
v -0.384566 -0.328400 0.906475
v -0.384566 -0.328400 0.882144
v -0.353734 -0.328401 0.870685
v -0.348026 -0.328400 0.878283
v -0.352879 -0.327983 0.870443
v -0.347378 -0.327983 0.877766
v -0.337968 -0.326311 -0.074489
v -0.338029 -0.327286 -0.074626
v -0.325532 -0.327286 -0.076052
v -0.325570 -0.327982 -0.076478
v -0.346990 -0.327286 -0.070332
v -0.352195 -0.326311 0.870249
v -0.352366 -0.327286 0.870298
v -0.346989 -0.327286 0.877455
v -0.352366 -0.327286 -0.063174
v -0.352879 -0.327982 -0.063319
v -0.338028 -0.327286 0.881750
v -0.338211 -0.327983 0.882160
v -0.385988 -0.327286 -0.074966
v -0.385988 -0.327286 -0.053181
v -0.385455 -0.327982 -0.074966
v -0.385455 -0.327982 -0.053181
v -0.385988 0.442374 -0.100347
v -0.325519 -0.327286 -0.101483
v -0.325519 -0.327982 -0.101057
v -0.384566 -0.328400 -0.053181
v -0.384566 -0.328400 -0.074966
v -0.353734 -0.328400 -0.063561
v -0.355574 -0.328400 -0.053271
v -0.384566 -0.328400 -0.099352
v -0.325519 -0.328400 -0.100347
v -0.325633 -0.328400 -0.077188
v -0.384566 0.442374 0.908607
v -0.354315 -0.327286 0.908607
v -0.354315 -0.327983 0.908182
v -0.325519 -0.327286 0.908607
v -0.325519 -0.327983 0.908182
v -0.385988 -0.327286 0.860305
v -0.385455 -0.327983 0.860305
v -0.325519 -0.328400 0.907471
v -0.354315 -0.328400 0.907471
v -0.338514 -0.328400 0.882842
v -0.325633 -0.328400 0.884313
v -0.383320 -0.328400 0.907471
v -0.384566 -0.328401 0.860305
v -0.355573 -0.328401 0.860396
v 0.381676 -0.328261 -0.100276
v 0.381676 -0.328261 0.907400
v -0.384477 -0.328261 -0.100276
v -0.384477 -0.328261 0.907400
v 0.351172 0.442374 -0.053181
v 0.322717 0.442374 0.883035
v 0.349393 0.442374 -0.063125
v 0.335166 0.442374 0.881613
v -0.353974 0.442374 -0.053181
v -0.325519 0.442374 0.883034
v -0.352196 0.442374 -0.063125
v -0.337968 0.442374 0.881613
v 0.383364 -0.326311 0.906475
v 0.380519 -0.326311 0.908749
v -0.383320 -0.326311 0.908750
v -0.386166 -0.326311 0.906475
v 0.335166 0.349146 -0.074489
v 0.335166 0.348056 -0.074489
v 0.322717 0.348056 -0.075910
v 0.322717 0.349146 -0.075910
v 0.322717 -0.258046 -0.075910
v 0.322717 -0.254433 -0.075910
v 0.335166 -0.254433 -0.074489
v 0.335166 -0.258046 -0.074489
v 0.344058 0.349146 -0.070228
v 0.344058 0.348056 -0.070228
v 0.344058 -0.254433 -0.070228
v 0.344058 -0.258046 -0.070228
v 0.349393 0.349146 0.870249
v 0.349393 0.348056 0.870249
v 0.351172 0.348056 0.860305
v 0.351172 0.349146 0.860305
v 0.351173 -0.258047 0.860305
v 0.351173 -0.254434 0.860305
v 0.349393 -0.254434 0.870249
v 0.349393 -0.258047 0.870249
v 0.344058 0.349146 0.877352
v 0.344058 0.348056 0.877352
v 0.344058 -0.254434 0.877352
v 0.344058 -0.258047 0.877352
v -0.337968 -0.258046 -0.074489
v -0.337968 -0.254433 -0.074489
v -0.325519 -0.254433 -0.075910
v -0.325519 -0.258046 -0.075910
v -0.325519 0.349146 -0.075910
v -0.325519 0.348056 -0.075910
v -0.337968 0.348056 -0.074489
v -0.337968 0.349146 -0.074489
v -0.346859 -0.258046 -0.070227
v -0.346859 -0.254433 -0.070227
v -0.346860 0.348056 -0.070227
v -0.346860 0.349146 -0.070227
v -0.352195 -0.258047 0.870249
v -0.352195 -0.254434 0.870249
v -0.353974 -0.254434 0.860305
v -0.353974 -0.258047 0.860305
v -0.353974 0.349146 0.860305
v -0.353974 0.348056 0.860305
v -0.352196 0.348056 0.870249
v -0.352196 0.349146 0.870249
v -0.346859 -0.258047 0.877352
v -0.346859 -0.254434 0.877352
v -0.346859 0.348056 0.877352
v -0.346859 0.349146 0.877352
v 0.351172 -0.258047 -0.053181
v 0.351172 -0.254434 -0.053181
v 0.351172 0.348056 -0.053181
v 0.351172 0.349146 -0.053181
v 0.322718 -0.258047 0.883035
v 0.322718 -0.254434 0.883035
v 0.322717 0.348056 0.883035
v 0.322717 0.349146 0.883035
v 0.349393 -0.258046 -0.063125
v 0.349393 -0.254433 -0.063125
v 0.349393 0.348056 -0.063125
v 0.349393 0.349146 -0.063125
v 0.335166 -0.258047 0.881613
v 0.335166 -0.254434 0.881613
v 0.335166 0.348056 0.881613
v 0.335166 0.349146 0.881613
v -0.353974 -0.254434 -0.053181
v -0.353974 -0.258047 -0.053181
v -0.353974 0.349146 -0.053181
v -0.353974 0.348056 -0.053181
v -0.325519 -0.254434 0.883034
v -0.325519 -0.258047 0.883034
v -0.325519 0.349146 0.883034
v -0.325519 0.348056 0.883034
v -0.352196 -0.254433 -0.063125
v -0.352196 -0.258046 -0.063125
v -0.352196 0.349146 -0.063125
v -0.352196 0.348056 -0.063125
v -0.337967 -0.254434 0.881613
v -0.337967 -0.258047 0.881613
v -0.337968 0.349146 0.881613
v -0.337968 0.348056 0.881613
v 0.322717 0.356228 -0.075910
v 0.322717 0.357319 -0.075910
v 0.335166 0.357319 -0.074489
v 0.335166 0.356228 -0.074489
v 0.335166 -0.281529 -0.074489
v 0.335166 -0.285142 -0.074489
v 0.322717 -0.285142 -0.075910
v 0.322717 -0.281529 -0.075910
v 0.344058 0.357319 -0.070228
v 0.344058 0.356228 -0.070228
v 0.344058 -0.281529 -0.070228
v 0.344058 -0.285142 -0.070228
v 0.351172 0.356228 0.860305
v 0.351172 0.357319 0.860305
v 0.349393 0.357319 0.870249
v 0.349393 0.356228 0.870249
v 0.349393 -0.281530 0.870249
v 0.349393 -0.285143 0.870249
v 0.351173 -0.285143 0.860305
v 0.351173 -0.281530 0.860305
v 0.344058 0.357319 0.877352
v 0.344058 0.356228 0.877352
v 0.344058 -0.281530 0.877352
v 0.344058 -0.285143 0.877352
v -0.325519 -0.281530 -0.075910
v -0.325519 -0.285143 -0.075910
v -0.337968 -0.285143 -0.074489
v -0.337968 -0.281530 -0.074489
v -0.337968 0.356228 -0.074489
v -0.337968 0.357318 -0.074489
v -0.325519 0.357318 -0.075910
v -0.325519 0.356228 -0.075910
v -0.346859 -0.285143 -0.070227
v -0.346859 -0.281530 -0.070227
v -0.346860 0.356228 -0.070227
v -0.346860 0.357318 -0.070227
v -0.353974 -0.281531 0.860305
v -0.353974 -0.285143 0.860305
v -0.352195 -0.285143 0.870249
v -0.352195 -0.281531 0.870249
v -0.352196 0.356228 0.870249
v -0.352196 0.357318 0.870249
v -0.353974 0.357318 0.860305
v -0.353974 0.356228 0.860305
v -0.346859 -0.285143 0.877352
v -0.346859 -0.281531 0.877352
v -0.346859 0.356228 0.877352
v -0.346859 0.357318 0.877352
v 0.351172 -0.285143 -0.053181
v 0.351172 -0.281530 -0.053181
v 0.351172 0.356228 -0.053181
v 0.351172 0.357319 -0.053181
v 0.322718 -0.285143 0.883035
v 0.322718 -0.281530 0.883035
v 0.322717 0.356228 0.883035
v 0.322717 0.357319 0.883035
v 0.349393 -0.285142 -0.063125
v 0.349393 -0.281529 -0.063125
v 0.349393 0.356228 -0.063125
v 0.349393 0.357319 -0.063125
v 0.335166 -0.285143 0.881613
v 0.335166 -0.281530 0.881613
v 0.335166 0.356228 0.881613
v 0.335166 0.357319 0.881613
v -0.353974 -0.281531 -0.053181
v -0.353974 -0.285143 -0.053181
v -0.353974 0.357318 -0.053181
v -0.353974 0.356228 -0.053181
v -0.325519 -0.281530 0.883034
v -0.325519 -0.285143 0.883034
v -0.325519 0.357318 0.883034
v -0.325519 0.356228 0.883034
v -0.352196 -0.281530 -0.063125
v -0.352196 -0.285143 -0.063125
v -0.352196 0.357318 -0.063125
v -0.352196 0.356228 -0.063125
v -0.337967 -0.281531 0.881613
v -0.337967 -0.285143 0.881613
v -0.337968 0.357318 0.881613
v -0.337968 0.356228 0.881613
v 0.186997 -0.323981 0.883035
v 0.182384 -0.323981 0.883035
v 0.182384 -0.326311 0.883035
v 0.186997 -0.326311 0.883035
v -0.181764 -0.326311 0.883035
v -0.177151 -0.326311 0.883035
v -0.177151 -0.323981 0.883035
v -0.181764 -0.323981 0.883035
v -0.177151 0.442374 0.908749
v -0.181764 0.442374 0.908749
v -0.177151 -0.326311 0.908749
v -0.181764 -0.326311 0.908749
v 0.186997 -0.326311 0.908749
v 0.182384 -0.326311 0.908749
v 0.186997 0.442374 0.908749
v 0.182383 0.442374 0.908749
v -0.181764 -0.328539 0.906477
v -0.177151 -0.328540 0.906477
v -0.177254 -0.328553 0.885511
v -0.181867 -0.328551 0.885481
v 0.187101 -0.328551 0.885486
v 0.182487 -0.328554 0.885517
v 0.182384 -0.328539 0.906477
v 0.186997 -0.328539 0.906477
v -0.181770 -0.327286 0.883176
v -0.177157 -0.327286 0.883176
v 0.182391 -0.327286 0.883176
v 0.187004 -0.327286 0.883176
v -0.181789 -0.327983 0.883602
v -0.177176 -0.327983 0.883602
v 0.182410 -0.327983 0.883602
v 0.187023 -0.327983 0.883602
v 0.186997 -0.327286 0.908608
v 0.182384 -0.327286 0.908608
v -0.177151 -0.327286 0.908608
v -0.181764 -0.327286 0.908608
v 0.186997 -0.327983 0.908181
v 0.182384 -0.327983 0.908181
v -0.177151 -0.327983 0.908181
v -0.181764 -0.327983 0.908181
v 0.187056 -0.328400 0.884313
v 0.182442 -0.328400 0.884313
v -0.177210 -0.328400 0.884313
v -0.181823 -0.328400 0.884313
v -0.181764 -0.328400 0.907470
v -0.177151 -0.328400 0.907470
v 0.182384 -0.328400 0.907470
v 0.186997 -0.328400 0.907470
v -0.181764 -0.254434 0.883035
v -0.177151 -0.254434 0.883035
v -0.177151 0.348056 0.883035
v -0.181764 0.348056 0.883035
v 0.186997 0.348056 0.883035
v 0.182383 0.348056 0.883035
v 0.182384 -0.254434 0.883035
v 0.186997 -0.254434 0.883035
v -0.177151 -0.285143 0.883035
v -0.181764 -0.285143 0.883035
v 0.186997 -0.285143 0.883035
v 0.182384 -0.285143 0.883035
v 0.182383 0.442374 0.883034
v 0.186997 0.442374 0.883034
v 0.182383 0.357319 0.883035
v 0.186997 0.357319 0.883035
v -0.181764 0.357319 0.883035
v -0.177151 0.357319 0.883035
v -0.181764 0.442374 0.883034
v -0.177151 0.442374 0.883034
v -0.177151 -0.281530 0.883035
v -0.177151 -0.258047 0.883035
v 0.182384 -0.258047 0.883035
v 0.182384 -0.281530 0.883035
v -0.177151 0.349146 0.883035
v -0.177151 0.356228 0.883035
v 0.182383 0.356228 0.883035
v 0.182383 0.349146 0.883035
v 0.248415 -0.326311 0.883035
v 0.253028 -0.326311 0.883035
v 0.253028 -0.323981 0.883035
v 0.248415 -0.323981 0.883035
v -0.243181 -0.323981 0.883035
v -0.247794 -0.323981 0.883035
v -0.247794 -0.326311 0.883035
v -0.243181 -0.326311 0.883035
v -0.243181 -0.326311 0.908749
v -0.247794 -0.326311 0.908749
v -0.243181 0.442374 0.908749
v -0.247794 0.442374 0.908749
v 0.253028 0.442374 0.908749
v 0.248415 0.442374 0.908749
v 0.253028 -0.326311 0.908749
v 0.248415 -0.326311 0.908749
v -0.243286 -0.328528 0.885139
v -0.247899 -0.328524 0.885099
v -0.247794 -0.328540 0.906477
v -0.243181 -0.328540 0.906477
v 0.248415 -0.328539 0.906477
v 0.253028 -0.328539 0.906477
v 0.253133 -0.328524 0.885094
v 0.248520 -0.328527 0.885134
v -0.247801 -0.327286 0.883176
v -0.243188 -0.327286 0.883176
v 0.248421 -0.327286 0.883176
v 0.253034 -0.327286 0.883176
v -0.247821 -0.327983 0.883602
v -0.243208 -0.327983 0.883602
v 0.248440 -0.327983 0.883602
v 0.253053 -0.327983 0.883602
v 0.253028 -0.327286 0.908608
v 0.248415 -0.327286 0.908608
v -0.243181 -0.327286 0.908608
v -0.247794 -0.327286 0.908608
v 0.253028 -0.327983 0.908181
v 0.248415 -0.327983 0.908181
v -0.243181 -0.327983 0.908181
v -0.247794 -0.327983 0.908181
v 0.253086 -0.328400 0.884313
v 0.248472 -0.328400 0.884313
v -0.243240 -0.328400 0.884313
v -0.247853 -0.328400 0.884313
v -0.247794 -0.328400 0.907470
v -0.243181 -0.328400 0.907470
v 0.248415 -0.328400 0.907470
v 0.253028 -0.328400 0.907470
v -0.243181 0.348056 0.883035
v -0.247794 0.348056 0.883035
v -0.247794 -0.254434 0.883035
v -0.243181 -0.254434 0.883035
v 0.248415 -0.254434 0.883035
v 0.253028 -0.254434 0.883035
v 0.253028 0.348056 0.883035
v 0.248415 0.348056 0.883035
v -0.243181 -0.285143 0.883035
v -0.247794 -0.285143 0.883035
v 0.253028 -0.285143 0.883035
v 0.248415 -0.285143 0.883035
v 0.248415 0.357319 0.883035
v 0.253028 0.357319 0.883035
v 0.248415 0.442374 0.883034
v 0.253028 0.442374 0.883034
v -0.247794 0.442374 0.883034
v -0.243181 0.442374 0.883034
v -0.247794 0.357318 0.883035
v -0.243181 0.357318 0.883035
v -0.247794 -0.258047 0.883035
v -0.247794 -0.281530 0.883035
v 0.253028 -0.281530 0.883035
v 0.253028 -0.258047 0.883035
v -0.247794 0.356228 0.883035
v -0.247794 0.349146 0.883035
v 0.253028 0.349146 0.883035
v 0.253028 0.356228 0.883035
v -0.181911 -0.258161 0.883287
v -0.181447 -0.259040 0.883287
v -0.183033 -0.257798 0.883287
v -0.182135 -0.258338 0.884047
v -0.181911 -0.281415 0.883287
v -0.181447 -0.280537 0.883287
v -0.182135 -0.281239 0.884047
v -0.183033 -0.281779 0.883287
v -0.243033 -0.281415 0.883287
v -0.241912 -0.281779 0.883287
v -0.242810 -0.281239 0.884047
v -0.243498 -0.280537 0.883287
v -0.243033 -0.258161 0.883287
v -0.243498 -0.259040 0.883287
v -0.242810 -0.258338 0.884047
v -0.241912 -0.257798 0.883287
v 0.187144 -0.281415 0.883287
v 0.186680 -0.280537 0.883287
v 0.188265 -0.281779 0.883287
v 0.187368 -0.281239 0.884047
v 0.187144 -0.258161 0.883287
v 0.186680 -0.259040 0.883287
v 0.187368 -0.258337 0.884047
v 0.188265 -0.257798 0.883287
v 0.248267 -0.258161 0.883287
v 0.247146 -0.257798 0.883287
v 0.248042 -0.258337 0.884047
v 0.248732 -0.259040 0.883287
v 0.248267 -0.281415 0.883287
v 0.248732 -0.280537 0.883287
v 0.248042 -0.281239 0.884047
v 0.247146 -0.281779 0.883287
v -0.181911 0.356194 0.883287
v -0.181447 0.355929 0.883287
v -0.183033 0.356303 0.883287
v -0.182136 0.356141 0.884047
v -0.181911 0.349180 0.883287
v -0.181447 0.349446 0.883287
v -0.182136 0.349234 0.884047
v -0.183033 0.349071 0.883287
v -0.243034 0.349180 0.883287
v -0.241913 0.349071 0.883287
v -0.242810 0.349234 0.884047
v -0.243498 0.349446 0.883287
v -0.243034 0.356194 0.883287
v -0.243498 0.355929 0.883287
v -0.242810 0.356141 0.884047
v -0.241913 0.356303 0.883287
v 0.187144 0.349181 0.883287
v 0.186679 0.349446 0.883287
v 0.188265 0.349071 0.883287
v 0.187368 0.349234 0.884047
v 0.187144 0.356194 0.883287
v 0.186679 0.355929 0.883287
v 0.187368 0.356141 0.884047
v 0.188265 0.356303 0.883287
v 0.248267 0.356194 0.883287
v 0.247146 0.356303 0.883287
v 0.248042 0.356141 0.884047
v 0.248732 0.355929 0.883287
v 0.248267 0.349181 0.883287
v 0.248732 0.349446 0.883287
v 0.248042 0.349234 0.884047
v 0.247146 0.349071 0.883287
v -0.182081 -0.258295 0.892952
v -0.181764 -0.259040 0.892952
v -0.183033 -0.258047 0.892952
v -0.182081 -0.281282 0.892952
v -0.183033 -0.281530 0.892952
v -0.181764 -0.280537 0.892952
v -0.242864 -0.281282 0.892952
v -0.243181 -0.280537 0.892952
v -0.241912 -0.281530 0.892952
v -0.242864 -0.258295 0.892952
v -0.241912 -0.258047 0.892952
v -0.243181 -0.259040 0.892952
v 0.187314 -0.281282 0.892952
v 0.186997 -0.280537 0.892952
v 0.188265 -0.281530 0.892952
v 0.187314 -0.258295 0.892952
v 0.188265 -0.258047 0.892952
v 0.186997 -0.259040 0.892952
v 0.248098 -0.258295 0.892952
v 0.248415 -0.259040 0.892952
v 0.247146 -0.258047 0.892952
v 0.248098 -0.281282 0.892952
v 0.247146 -0.281530 0.892952
v 0.248415 -0.280537 0.892952
v -0.182081 0.356153 0.892952
v -0.181764 0.355929 0.892952
v -0.183033 0.356228 0.892952
v -0.182081 0.349221 0.892952
v -0.183033 0.349146 0.892952
v -0.181764 0.349446 0.892952
v -0.242864 0.349221 0.892952
v -0.243181 0.349446 0.892952
v -0.241913 0.349146 0.892952
v -0.242864 0.356153 0.892952
v -0.241913 0.356228 0.892952
v -0.243181 0.355929 0.892952
v 0.187314 0.349221 0.892952
v 0.186997 0.349446 0.892952
v 0.188265 0.349146 0.892952
v 0.187314 0.356153 0.892952
v 0.188265 0.356228 0.892952
v 0.186997 0.355929 0.892952
v 0.248097 0.356153 0.892952
v 0.248415 0.355929 0.892952
v 0.247146 0.356228 0.892952
v 0.248097 0.349221 0.892952
v 0.247146 0.349146 0.892952
v 0.248415 0.349446 0.892952
v -0.244450 -0.259040 0.883035
v -0.241912 -0.257053 0.883035
v -0.243707 -0.257635 0.883035
v 0.185728 -0.259040 0.883035
v 0.188265 -0.257053 0.883035
v 0.186472 -0.257635 0.883035
v -0.180496 0.349446 0.883035
v -0.183033 0.348846 0.883035
v -0.181238 0.349021 0.883035
v 0.249683 0.349446 0.883035
v 0.247146 0.348846 0.883035
v 0.248939 0.349022 0.883035
v -0.180495 -0.280537 0.883035
v -0.183033 -0.282524 0.883035
v -0.181238 -0.281942 0.883035
v 0.249683 -0.280537 0.883035
v 0.247146 -0.282524 0.883035
v 0.248940 -0.281941 0.883035
v -0.244450 0.355929 0.883035
v -0.241913 0.356528 0.883035
v -0.243707 0.356353 0.883035
v 0.185728 0.355929 0.883035
v 0.188265 0.356528 0.883035
v 0.186472 0.356353 0.883035
v -0.183033 -0.257053 0.883035
v -0.180495 -0.259040 0.883035
v -0.181238 -0.257635 0.883035
v 0.188265 -0.282524 0.883035
v 0.185728 -0.280537 0.883035
v 0.186471 -0.281941 0.883035
v -0.183033 0.356528 0.883035
v -0.180496 0.355929 0.883035
v -0.181238 0.356353 0.883035
v 0.188265 0.348846 0.883035
v 0.185728 0.349446 0.883035
v 0.186471 0.349022 0.883035
v -0.241912 -0.282524 0.883035
v -0.244450 -0.280537 0.883035
v -0.243707 -0.281942 0.883035
v 0.247146 -0.257053 0.883035
v 0.249683 -0.259040 0.883035
v 0.248940 -0.257635 0.883035
v -0.241913 0.348846 0.883035
v -0.244450 0.349446 0.883035
v -0.243707 0.349021 0.883035
v 0.247146 0.356528 0.883035
v 0.249683 0.355929 0.883035
v 0.248939 0.356353 0.883035
v -0.181764 -0.259040 0.884047
v -0.181764 -0.280537 0.884047
v -0.183033 -0.281530 0.884047
v -0.241912 -0.281530 0.884047
v -0.243181 -0.280537 0.884047
v -0.243181 -0.259040 0.884047
v -0.241912 -0.258047 0.884047
v -0.183033 -0.258047 0.884047
v 0.186997 -0.280537 0.884047
v 0.186997 -0.259040 0.884047
v 0.188265 -0.258047 0.884047
v 0.247146 -0.258047 0.884047
v 0.248415 -0.259040 0.884047
v 0.248415 -0.280537 0.884047
v 0.247146 -0.281530 0.884047
v 0.188265 -0.281530 0.884047
v -0.181764 0.355929 0.884047
v -0.181764 0.349446 0.884047
v -0.183033 0.349146 0.884047
v -0.241913 0.349146 0.884047
v -0.243181 0.349446 0.884047
v -0.243181 0.355929 0.884047
v -0.241913 0.356228 0.884047
v -0.183033 0.356228 0.884047
v 0.186997 0.349446 0.884047
v 0.186997 0.355929 0.884047
v 0.188265 0.356228 0.884047
v 0.247146 0.356228 0.884047
v 0.248415 0.355929 0.884047
v 0.248415 0.349446 0.884047
v 0.247146 0.349146 0.884047
v 0.188265 0.349146 0.884047
v 0.345845 -0.328565 0.860002
v 0.349611 -0.327342 0.860216
v 0.351171 -0.324393 0.860305
v 0.349611 -0.321444 0.860216
v 0.345845 -0.320222 0.860002
v 0.342079 -0.321444 0.859789
v 0.340519 -0.324393 0.859700
v 0.342079 -0.327342 0.859789
v 0.345845 -0.328565 -0.052879
v 0.349611 -0.327342 -0.053092
v 0.351171 -0.324393 -0.053181
v 0.349611 -0.321444 -0.053092
v 0.345845 -0.320222 -0.052879
v 0.342080 -0.321444 -0.052665
v 0.340518 -0.324393 -0.052576
v 0.342080 -0.327342 -0.052665
v 0.344272 -0.328565 -0.061673
v 0.347892 -0.327342 -0.062699
v 0.349393 -0.324393 -0.063125
v 0.347892 -0.321444 -0.062699
v 0.344272 -0.320222 -0.061673
v 0.340652 -0.321444 -0.060646
v 0.339151 -0.324393 -0.060220
v 0.340652 -0.327342 -0.060646
v 0.340176 -0.328565 -0.067127
v 0.342919 -0.327342 -0.069319
v 0.344058 -0.324393 -0.070228
v 0.342919 -0.321444 -0.069319
v 0.340176 -0.320222 -0.067127
v 0.337431 -0.321444 -0.064934
v 0.336293 -0.324393 -0.064025
v 0.337431 -0.327342 -0.064934
v 0.333347 -0.328565 -0.070399
v 0.334633 -0.327342 -0.073291
v 0.335166 -0.324393 -0.074490
v 0.334633 -0.321444 -0.073291
v 0.333347 -0.320222 -0.070399
v 0.332062 -0.321444 -0.067507
v 0.331530 -0.324393 -0.066308
v 0.332062 -0.327342 -0.067507
v 0.322338 -0.328565 -0.071655
v 0.322606 -0.327342 -0.074663
v 0.322717 -0.324393 -0.075910
v 0.322606 -0.321444 -0.074663
v 0.322338 -0.320222 -0.071655
v 0.322070 -0.321444 -0.068647
v 0.321960 -0.324393 -0.067400
v 0.322070 -0.327342 -0.068647
v 0.002616 -0.328565 -0.071655
v 0.002616 -0.327342 -0.074663
v 0.002616 -0.324393 -0.075910
v 0.002616 -0.321444 -0.074663
v 0.002616 -0.320222 -0.071655
v 0.002616 -0.321444 -0.068647
v 0.002616 -0.324393 -0.067400
v 0.002616 -0.327342 -0.068647
v -0.325141 -0.328565 -0.071655
v -0.325408 -0.327342 -0.074663
v -0.325519 -0.324393 -0.075910
v -0.325408 -0.321444 -0.074663
v -0.325141 -0.320222 -0.071655
v -0.324873 -0.321444 -0.068647
v -0.324762 -0.324393 -0.067400
v -0.324873 -0.327342 -0.068647
v -0.336150 -0.328565 -0.070399
v -0.337435 -0.327342 -0.073291
v -0.337968 -0.324393 -0.074490
v -0.337435 -0.321444 -0.073291
v -0.336150 -0.320222 -0.070399
v -0.334864 -0.321444 -0.067507
v -0.334331 -0.324393 -0.066308
v -0.334864 -0.327342 -0.067507
v -0.342977 -0.328565 -0.067126
v -0.345722 -0.327342 -0.069319
v -0.346859 -0.324393 -0.070228
v -0.345722 -0.321444 -0.069319
v -0.342977 -0.320222 -0.067126
v -0.340233 -0.321444 -0.064934
v -0.339095 -0.324393 -0.064025
v -0.340233 -0.327342 -0.064934
v -0.347074 -0.328565 -0.061673
v -0.350694 -0.327342 -0.062699
v -0.352196 -0.324393 -0.063125
v -0.350694 -0.321444 -0.062699
v -0.347074 -0.320222 -0.061673
v -0.343454 -0.321444 -0.060646
v -0.341953 -0.324393 -0.060220
v -0.343454 -0.327342 -0.060646
v -0.348647 -0.328565 -0.052879
v -0.352412 -0.327342 -0.053092
v -0.353974 -0.324393 -0.053181
v -0.352412 -0.321444 -0.053092
v -0.348647 -0.320222 -0.052879
v -0.344881 -0.321444 -0.052665
v -0.343320 -0.324393 -0.052576
v -0.344881 -0.327342 -0.052665
v -0.348647 -0.328565 0.860002
v -0.352412 -0.327342 0.860216
v -0.353974 -0.324393 0.860305
v -0.352412 -0.321444 0.860216
v -0.348647 -0.320222 0.860002
v -0.344881 -0.321444 0.859789
v -0.343320 -0.324393 0.859700
v -0.344881 -0.327342 0.859789
v -0.347074 -0.328565 0.868796
v -0.350694 -0.327342 0.869824
v -0.352195 -0.324393 0.870249
v -0.350694 -0.321444 0.869824
v -0.347074 -0.320222 0.868796
v -0.343454 -0.321444 0.867770
v -0.341953 -0.324393 0.867344
v -0.343454 -0.327342 0.867770
v -0.342977 -0.328565 0.874251
v -0.345722 -0.327342 0.876444
v -0.346859 -0.324393 0.877352
v -0.345722 -0.321444 0.876444
v -0.342977 -0.320222 0.874251
v -0.340232 -0.321444 0.872059
v -0.339094 -0.324393 0.871149
v -0.340232 -0.327342 0.872059
v -0.336150 -0.328565 0.877523
v -0.337435 -0.327342 0.880415
v -0.337967 -0.324393 0.881613
v -0.337435 -0.321444 0.880415
v -0.336150 -0.320222 0.877523
v -0.334864 -0.321444 0.874632
v -0.334331 -0.324393 0.873432
v -0.334864 -0.327342 0.874632
v -0.325141 -0.328565 0.878780
v -0.325408 -0.327342 0.881787
v -0.325519 -0.324393 0.883034
v -0.325408 -0.321444 0.881787
v -0.325141 -0.320222 0.878780
v -0.324872 -0.321444 0.875771
v -0.324761 -0.324393 0.874525
v -0.324872 -0.327342 0.875771
v 0.002617 -0.328565 0.878780
v 0.002617 -0.327342 0.881787
v 0.002617 -0.324393 0.883034
v 0.002617 -0.321444 0.881787
v 0.002617 -0.320222 0.878780
v 0.002617 -0.321444 0.875771
v 0.002617 -0.324393 0.874525
v 0.002617 -0.327342 0.875771
v 0.322338 -0.328565 0.878780
v 0.322606 -0.327342 0.881787
v 0.322718 -0.324393 0.883034
v 0.322606 -0.321444 0.881787
v 0.322338 -0.320222 0.878780
v 0.322071 -0.321444 0.875771
v 0.321960 -0.324393 0.874525
v 0.322071 -0.327342 0.875771
v 0.333347 -0.328565 0.877523
v 0.334633 -0.327342 0.880415
v 0.335166 -0.324393 0.881613
v 0.334633 -0.321444 0.880415
v 0.333347 -0.320222 0.877523
v 0.332063 -0.321444 0.874632
v 0.331529 -0.324393 0.873433
v 0.332063 -0.327342 0.874632
v 0.340176 -0.328565 0.874251
v 0.342920 -0.327342 0.876444
v 0.344058 -0.324393 0.877352
v 0.342920 -0.321444 0.876444
v 0.340176 -0.320222 0.874251
v 0.337431 -0.321444 0.872059
v 0.336293 -0.324393 0.871150
v 0.337431 -0.327342 0.872059
v 0.344272 -0.328565 0.868797
v 0.347893 -0.327342 0.869824
v 0.349393 -0.324393 0.870249
v 0.347893 -0.321444 0.869824
v 0.344272 -0.320222 0.868797
v 0.340652 -0.321444 0.867770
v 0.339151 -0.324393 0.867344
v 0.340652 -0.327342 0.867770
v 0.323499 -0.325742 -0.155545
v 0.323499 0.442286 -0.155545
v 0.351954 -0.325743 -0.826230
v 0.351954 -0.325742 -0.178273
v 0.351954 0.442286 -0.178273
v 0.351953 0.442286 -0.826230
v 0.381300 0.442286 -0.874675
v 0.350816 -0.325742 -0.874675
v 0.350816 0.442286 -0.874675
v 0.384146 0.442286 -0.132102
v 0.384147 -0.325742 -0.156873
v 0.384146 0.442286 -0.156873
v 0.346914 -0.327971 -0.844934
v 0.336918 -0.327971 -0.849724
v 0.350816 -0.327970 -0.872401
v 0.381300 -0.327970 -0.872401
v 0.346914 -0.327970 -0.159570
v 0.352911 -0.327970 -0.167554
v 0.381300 -0.327970 -0.156873
v 0.381300 -0.327970 -0.132102
v 0.323499 -0.325743 -0.848959
v 0.323498 0.442286 -0.848959
v 0.323499 -0.325742 -0.129830
v 0.323499 0.442286 -0.129830
v 0.323701 -0.327970 -0.153271
v 0.323499 -0.327970 -0.132102
v 0.335947 0.442286 -0.156966
v 0.335947 -0.325742 -0.156965
v 0.344839 0.442286 -0.161227
v 0.344839 -0.325742 -0.161227
v 0.350174 -0.325742 -0.168330
v 0.350174 0.442286 -0.168330
v 0.350174 0.442286 -0.836174
v 0.350174 -0.325743 -0.836174
v 0.344839 0.442286 -0.843277
v 0.344839 -0.325743 -0.843277
v 0.335947 -0.325743 -0.847539
v 0.335947 0.442286 -0.847539
v 0.384145 -0.325743 -0.826230
v 0.384145 -0.325743 -0.849255
v 0.384145 0.442286 -0.849255
v 0.384145 0.442286 -0.826230
v 0.384145 -0.325742 -0.872401
v 0.384145 0.442286 -0.872401
v 0.354799 -0.327971 -0.826391
v 0.352910 -0.327971 -0.836950
v 0.381300 -0.327971 -0.849255
v 0.381300 -0.327971 -0.826230
v 0.323499 -0.325742 -0.874675
v 0.323498 0.442286 -0.874675
v 0.323700 -0.327971 -0.851232
v 0.323499 -0.327970 -0.872401
v 0.347284 -0.325742 -0.129830
v 0.381300 0.442286 -0.129830
v 0.347284 0.442286 -0.129830
v 0.384147 -0.325742 -0.178273
v 0.384146 0.442286 -0.178273
v 0.354799 -0.327970 -0.178112
v 0.381300 -0.327970 -0.178273
v 0.336918 -0.327970 -0.154780
v 0.347284 -0.327970 -0.132102
v -0.324738 -0.325743 -0.155545
v -0.324738 0.442285 -0.155545
v -0.353193 -0.325743 -0.826230
v -0.353193 0.442285 -0.826230
v -0.353193 0.442285 -0.178273
v -0.353193 -0.325743 -0.178273
v -0.382539 0.442285 -0.874675
v -0.352056 0.442285 -0.874675
v -0.352056 -0.325743 -0.874675
v -0.385385 0.442285 -0.132102
v -0.385385 0.442285 -0.156873
v -0.385385 -0.325743 -0.156873
v -0.348153 -0.327972 -0.844934
v -0.382539 -0.327972 -0.872401
v -0.352056 -0.327972 -0.872401
v -0.338157 -0.327972 -0.849724
v -0.348153 -0.327972 -0.159570
v -0.382539 -0.327972 -0.132102
v -0.382539 -0.327972 -0.156873
v -0.354150 -0.327972 -0.167554
v -0.324738 0.442285 -0.848959
v -0.324738 -0.325743 -0.848959
v -0.324738 0.442285 -0.129830
v -0.324738 -0.325743 -0.129830
v -0.324738 -0.327972 -0.132102
v -0.324939 -0.327971 -0.153271
v -0.337186 -0.325743 -0.156965
v -0.337186 0.442285 -0.156965
v -0.346078 -0.325743 -0.161227
v -0.346078 0.442285 -0.161227
v -0.351414 0.442285 -0.168330
v -0.351414 -0.325743 -0.168330
v -0.351414 -0.325743 -0.836174
v -0.351415 0.442285 -0.836173
v -0.346078 -0.325743 -0.843277
v -0.346078 0.442285 -0.843277
v -0.337186 0.442285 -0.847539
v -0.337186 -0.325743 -0.847539
v -0.385385 -0.325743 -0.826230
v -0.385386 0.442285 -0.826230
v -0.385386 0.442285 -0.849255
v -0.385385 -0.325743 -0.849255
v -0.385386 0.442285 -0.872401
v -0.385385 -0.325743 -0.872401
v -0.356038 -0.327971 -0.826391
v -0.382539 -0.327971 -0.826230
v -0.382539 -0.327972 -0.849255
v -0.354150 -0.327971 -0.836950
v -0.324738 0.442285 -0.874675
v -0.324738 -0.325743 -0.874675
v -0.324738 -0.327972 -0.872401
v -0.324940 -0.327972 -0.851232
v -0.348523 -0.325743 -0.129830
v -0.348523 0.442285 -0.129830
v -0.382539 0.442285 -0.129830
v -0.385385 0.442285 -0.178273
v -0.385385 -0.325743 -0.178273
v -0.356038 -0.327972 -0.178112
v -0.382539 -0.327972 -0.178273
v -0.338157 -0.327972 -0.154780
v -0.348523 -0.327972 -0.132102
v 0.382546 -0.325742 -0.874533
v 0.382457 -0.326647 -0.874390
v 0.381300 -0.326717 -0.874533
v 0.382278 -0.327344 -0.874035
v 0.381300 -0.327413 -0.874106
v 0.383435 -0.325742 -0.874106
v 0.383346 -0.326508 -0.874035
v 0.383078 -0.327135 -0.873822
v 0.383968 -0.325742 -0.131108
v 0.383790 -0.326647 -0.131179
v 0.383968 -0.326717 -0.132102
v 0.383346 -0.327344 -0.131321
v 0.383435 -0.327413 -0.132102
v 0.383435 -0.325742 -0.130397
v 0.383346 -0.326508 -0.130468
v 0.383079 -0.327135 -0.130682
v 0.383968 -0.326717 -0.872401
v 0.383790 -0.326647 -0.873325
v 0.383968 -0.325742 -0.873397
v 0.383435 -0.327413 -0.872401
v 0.383346 -0.327344 -0.873183
v 0.381300 -0.326717 -0.129972
v 0.382457 -0.326647 -0.130114
v 0.382546 -0.325742 -0.129972
v 0.381300 -0.327413 -0.130397
v 0.382278 -0.327344 -0.130468
v -0.382539 -0.326718 -0.874532
v -0.383696 -0.326648 -0.874390
v -0.383785 -0.325743 -0.874532
v -0.384585 -0.326508 -0.874035
v -0.384674 -0.325743 -0.874106
v -0.382539 -0.327413 -0.874106
v -0.383517 -0.327345 -0.874035
v -0.384317 -0.327136 -0.873822
v -0.385206 -0.326718 -0.132102
v -0.385029 -0.326648 -0.131178
v -0.385206 -0.325743 -0.131107
v -0.384585 -0.326508 -0.130468
v -0.384674 -0.325743 -0.130397
v -0.384674 -0.327413 -0.132102
v -0.384585 -0.327345 -0.131321
v -0.384317 -0.327136 -0.130682
v -0.385207 -0.325743 -0.873397
v -0.385029 -0.326648 -0.873325
v -0.385207 -0.326718 -0.872401
v -0.384585 -0.327345 -0.873183
v -0.384674 -0.327413 -0.872401
v -0.383785 -0.325743 -0.129972
v -0.383696 -0.326648 -0.130113
v -0.382539 -0.326718 -0.129972
v -0.383518 -0.327345 -0.130468
v -0.382539 -0.327413 -0.130397
v 0.323512 -0.326717 -0.155402
v 0.323550 -0.327413 -0.154977
v 0.352131 -0.326718 -0.826240
v 0.352131 -0.326717 -0.178263
v 0.352664 -0.327413 -0.826270
v 0.352664 -0.327413 -0.178233
v 0.382545 0.442286 -0.874532
v 0.383435 0.442286 -0.874106
v 0.350816 -0.326717 -0.874533
v 0.350816 -0.327413 -0.874106
v 0.383968 0.442286 -0.131108
v 0.383435 0.442286 -0.130397
v 0.383968 -0.326717 -0.156873
v 0.383435 -0.327413 -0.156873
v 0.346006 -0.327832 -0.844209
v 0.336494 -0.327832 -0.848768
v 0.345358 -0.327413 -0.843691
v 0.336191 -0.327413 -0.848085
v 0.350816 -0.327831 -0.873397
v 0.381300 -0.327831 -0.873397
v 0.346006 -0.327831 -0.160295
v 0.351714 -0.327831 -0.167893
v 0.345358 -0.327413 -0.160812
v 0.350858 -0.327413 -0.168135
v 0.382546 -0.327831 -0.156873
v 0.382546 -0.327831 -0.132102
v 0.323511 -0.326718 -0.849101
v 0.323549 -0.327413 -0.849529
v 0.323499 -0.326717 -0.129972
v 0.323499 -0.327413 -0.130397
v 0.323612 -0.327831 -0.154266
v 0.323499 -0.327831 -0.131108
v 0.336008 -0.326717 -0.156828
v 0.336191 -0.327413 -0.156419
v 0.344969 -0.326717 -0.161123
v 0.350346 -0.326717 -0.168281
v 0.350346 -0.326718 -0.836222
v 0.350858 -0.327413 -0.836368
v 0.344969 -0.326718 -0.843380
v 0.336008 -0.326718 -0.847675
v 0.383968 -0.326718 -0.826230
v 0.383968 -0.326718 -0.849255
v 0.383435 -0.327413 -0.826230
v 0.383435 -0.327413 -0.849255
v 0.383967 0.442286 -0.873397
v 0.353553 -0.327832 -0.826321
v 0.351714 -0.327832 -0.836610
v 0.382546 -0.327832 -0.849255
v 0.382546 -0.327832 -0.826230
v 0.382546 -0.327831 -0.872401
v 0.323499 -0.326717 -0.874533
v 0.323499 -0.327413 -0.874106
v 0.323612 -0.327832 -0.850239
v 0.323499 -0.327831 -0.873397
v 0.347284 -0.326717 -0.129972
v 0.347284 -0.327413 -0.130397
v 0.382546 0.442286 -0.129972
v 0.383968 -0.326717 -0.178273
v 0.383435 -0.327413 -0.178273
v 0.353553 -0.327831 -0.178183
v 0.382546 -0.327831 -0.178273
v 0.336494 -0.327831 -0.155736
v 0.381300 -0.327831 -0.131108
v 0.347284 -0.327831 -0.131108
v -0.324750 -0.326718 -0.155402
v -0.324788 -0.327413 -0.154976
v -0.353370 -0.326718 -0.178263
v -0.353370 -0.326718 -0.826240
v -0.353903 -0.327413 -0.178233
v -0.353903 -0.327413 -0.826270
v -0.352056 -0.326718 -0.874532
v -0.352056 -0.327413 -0.874106
v -0.383785 0.442285 -0.874532
v -0.384674 0.442285 -0.874106
v -0.385206 -0.326718 -0.156873
v -0.384674 -0.327413 -0.156873
v -0.385207 0.442285 -0.131107
v -0.384674 0.442285 -0.130397
v -0.382539 -0.327832 -0.873397
v -0.352056 -0.327832 -0.873397
v -0.337733 -0.327832 -0.848768
v -0.347245 -0.327832 -0.844208
v -0.337430 -0.327413 -0.848085
v -0.346597 -0.327413 -0.843691
v -0.383785 -0.327832 -0.132102
v -0.383785 -0.327832 -0.156873
v -0.352953 -0.327832 -0.167893
v -0.347245 -0.327832 -0.160295
v -0.352098 -0.327413 -0.168135
v -0.346597 -0.327413 -0.160812
v -0.324750 -0.326718 -0.849101
v -0.324788 -0.327413 -0.849529
v -0.324738 -0.326718 -0.129972
v -0.324738 -0.327413 -0.130397
v -0.324738 -0.327832 -0.131107
v -0.324852 -0.327832 -0.154266
v -0.337247 -0.326718 -0.156828
v -0.337429 -0.327413 -0.156419
v -0.346208 -0.326718 -0.161123
v -0.351585 -0.326718 -0.168281
v -0.351585 -0.326718 -0.836222
v -0.352098 -0.327413 -0.836368
v -0.346208 -0.326718 -0.843380
v -0.337247 -0.326718 -0.847675
v -0.385207 -0.326718 -0.849255
v -0.385207 -0.326718 -0.826230
v -0.384674 -0.327413 -0.849255
v -0.384674 -0.327413 -0.826230
v -0.385207 0.442285 -0.873397
v -0.383785 -0.327832 -0.826230
v -0.383785 -0.327832 -0.849255
v -0.352953 -0.327832 -0.836610
v -0.354792 -0.327832 -0.826321
v -0.383785 -0.327832 -0.872401
v -0.324738 -0.326718 -0.874532
v -0.324738 -0.327413 -0.874106
v -0.324738 -0.327832 -0.873397
v -0.324852 -0.327832 -0.850239
v -0.383785 0.442285 -0.129972
v -0.348523 -0.326718 -0.129972
v -0.348523 -0.327413 -0.130397
v -0.385206 -0.326718 -0.178273
v -0.384674 -0.327413 -0.178273
v -0.383785 -0.327832 -0.178273
v -0.354792 -0.327832 -0.178183
v -0.348523 -0.327832 -0.131107
v -0.382539 -0.327832 -0.131107
v -0.337733 -0.327832 -0.155736
v 0.382457 -0.327692 -0.873325
v 0.382457 -0.327692 -0.131179
v -0.383696 -0.327692 -0.873325
v -0.383696 -0.327692 -0.131178
v 0.384147 -0.325742 -0.132102
v 0.381300 -0.325742 -0.129830
v 0.381300 -0.325742 -0.874675
v -0.382539 -0.325743 -0.874675
v -0.382539 -0.325743 -0.129830
v -0.385385 -0.325743 -0.132102
v 0.387870 -0.328009 -0.105431
v -0.387976 -0.328009 -0.105431
v -0.387976 -0.324848 -0.102207
v 0.387870 -0.324847 -0.102207
v 0.387870 0.435003 -0.102207
v -0.387976 0.435003 -0.102206
v -0.387976 -0.326139 -0.102379
v 0.387870 -0.326139 -0.102379
v -0.387976 0.438164 -0.098982
v -0.387976 0.438003 -0.100276
v 0.387870 0.438003 -0.100276
v 0.387870 0.438165 -0.098982
v -0.387976 -0.327219 -0.103013
v -0.387976 -0.327853 -0.104157
v 0.387870 -0.327852 -0.104157
v 0.387870 -0.327218 -0.103013
v -0.387976 0.437374 -0.101400
v -0.387976 0.436271 -0.102042
v 0.387870 0.436272 -0.102042
v 0.387870 0.437374 -0.101401
v -0.387976 -0.324848 -0.129844
v 0.387870 -0.324847 -0.129844
v 0.387870 0.435003 -0.129844
v -0.387976 0.435003 -0.129844
v -0.387976 -0.326139 -0.129672
v 0.387870 -0.326139 -0.129672
v -0.387976 0.438164 -0.133068
v -0.387976 0.438003 -0.131774
v 0.387870 0.438003 -0.131774
v 0.387870 0.438165 -0.133068
v -0.387976 -0.327219 -0.129038
v -0.387976 -0.327853 -0.127894
v 0.387870 -0.327852 -0.127894
v 0.387870 -0.327218 -0.129038
v -0.387976 0.437374 -0.130650
v -0.387976 0.436271 -0.130009
v 0.387870 0.436272 -0.130009
v 0.387870 0.437374 -0.130650
v -0.387976 -0.328009 -0.126620
v 0.387870 -0.328009 -0.126620
v 0.387870 -0.328009 -0.116025
v -0.387976 -0.328009 -0.116025
v 0.342720 -0.339490 -0.917800
v 0.342720 -0.342110 -0.916777
v 0.342720 -0.343877 -0.914555
v 0.342720 -0.344319 -0.911729
v 0.342720 -0.343315 -0.909057
v 0.342720 -0.341137 -0.907255
v 0.342720 -0.338367 -0.906805
v 0.342720 -0.335747 -0.907828
v 0.342720 -0.333979 -0.910050
v 0.342720 -0.333538 -0.912875
v 0.342720 -0.334541 -0.915547
v 0.342720 -0.336720 -0.917350
v 0.387380 -0.339490 -0.917800
v 0.387380 -0.342110 -0.916777
v 0.387380 -0.343877 -0.914555
v 0.387380 -0.344319 -0.911729
v 0.387380 -0.343315 -0.909057
v 0.387380 -0.341137 -0.907255
v 0.387380 -0.338367 -0.906805
v 0.387380 -0.335747 -0.907828
v 0.387380 -0.333979 -0.910050
v 0.387380 -0.333538 -0.912875
v 0.387380 -0.334541 -0.915547
v 0.387380 -0.336720 -0.917350
v 0.359977 -0.359293 -0.880949
v 0.360750 -0.361551 -0.880949
v 0.362860 -0.363204 -0.880949
v 0.365744 -0.363809 -0.880949
v 0.368627 -0.363204 -0.880949
v 0.370737 -0.361551 -0.880949
v 0.371510 -0.359293 -0.880949
v 0.370737 -0.357035 -0.880949
v 0.368627 -0.355381 -0.880949
v 0.365744 -0.354777 -0.880949
v 0.362860 -0.355381 -0.880949
v 0.360750 -0.357035 -0.880949
v 0.359977 -0.359293 -0.920671
v 0.360750 -0.361551 -0.920671
v 0.362860 -0.363204 -0.920671
v 0.365744 -0.363809 -0.920671
v 0.368627 -0.363204 -0.920671
v 0.370737 -0.361551 -0.920671
v 0.371510 -0.359293 -0.920671
v 0.370737 -0.357035 -0.920671
v 0.368627 -0.355381 -0.920671
v 0.365744 -0.354777 -0.920671
v 0.362860 -0.355381 -0.920671
v 0.360750 -0.357035 -0.920671
v -0.398539 -0.339490 -0.917800
v -0.398539 -0.342110 -0.916777
v -0.398539 -0.343877 -0.914555
v -0.398539 -0.344319 -0.911729
v -0.398539 -0.343316 -0.909057
v -0.398539 -0.341137 -0.907255
v -0.398539 -0.338367 -0.906805
v -0.398539 -0.335747 -0.907827
v -0.398539 -0.333980 -0.910050
v -0.398539 -0.333538 -0.912875
v -0.398539 -0.334541 -0.915547
v -0.398539 -0.336720 -0.917350
v -0.353878 -0.339490 -0.917800
v -0.353878 -0.342110 -0.916777
v -0.353878 -0.343877 -0.914555
v -0.353878 -0.344319 -0.911729
v -0.353878 -0.343316 -0.909057
v -0.353878 -0.341137 -0.907255
v -0.353878 -0.338367 -0.906805
v -0.353878 -0.335747 -0.907827
v -0.353878 -0.333980 -0.910050
v -0.353878 -0.333538 -0.912875
v -0.353878 -0.334541 -0.915547
v -0.353878 -0.336720 -0.917350
v -0.381276 -0.359293 -0.880949
v -0.380504 -0.361551 -0.880949
v -0.378393 -0.363204 -0.880949
v -0.375510 -0.363809 -0.880949
v -0.372627 -0.363204 -0.880949
v -0.370516 -0.361551 -0.880949
v -0.369744 -0.359293 -0.880949
v -0.370516 -0.357035 -0.880949
v -0.372627 -0.355381 -0.880949
v -0.375510 -0.354777 -0.880949
v -0.378393 -0.355381 -0.880949
v -0.380504 -0.357035 -0.880949
v -0.381276 -0.359293 -0.920671
v -0.380504 -0.361551 -0.920671
v -0.378393 -0.363204 -0.920671
v -0.375510 -0.363809 -0.920671
v -0.372627 -0.363204 -0.920671
v -0.370516 -0.361551 -0.920671
v -0.369744 -0.359293 -0.920671
v -0.370516 -0.357035 -0.920671
v -0.372627 -0.355381 -0.920671
v -0.375510 -0.354777 -0.920671
v -0.378393 -0.355381 -0.920671
v -0.380504 -0.357035 -0.920671
v 0.366659 -0.374084 -0.914585
v 0.376079 -0.346882 -0.914628
v 0.367148 -0.361984 -0.932540
v 0.377636 -0.347276 -0.932475
v 0.383622 -0.353415 -0.932482
v 0.384959 -0.361281 -0.932500
v 0.381542 -0.367616 -0.914592
v 0.357122 -0.346013 -0.914690
v 0.373989 -0.346578 -0.932430
v 0.357486 -0.372011 -0.932418
v 0.363158 -0.375013 -0.914601
v 0.368311 -0.343562 -0.914633
v 0.365758 -0.344701 -0.914658
v 0.353328 -0.346721 -0.914632
v 0.353874 -0.371304 -0.932477
v 0.347056 -0.353123 -0.914647
v 0.345650 -0.357264 -0.914628
v 0.349685 -0.368979 -0.914609
v 0.353326 -0.371859 -0.914653
v 0.355171 -0.371678 -0.914659
v 0.357846 -0.373906 -0.914638
v 0.368320 -0.375020 -0.914669
v 0.378130 -0.371856 -0.914656
v 0.385831 -0.361329 -0.914605
v 0.384406 -0.353111 -0.914657
v 0.381790 -0.349597 -0.914668
v 0.378143 -0.346719 -0.914653
v 0.373631 -0.344679 -0.914618
v 0.363142 -0.343563 -0.914608
v 0.357829 -0.344681 -0.914651
v 0.349675 -0.349617 -0.914651
v 0.347852 -0.365163 -0.932506
v 0.346521 -0.357334 -0.932476
v 0.347857 -0.353398 -0.932467
v 0.349512 -0.352825 -0.932457
v 0.350399 -0.349988 -0.932488
v 0.353830 -0.347277 -0.932470
v 0.355625 -0.347421 -0.932453
v 0.358204 -0.345314 -0.932506
v 0.364603 -0.345039 -0.932508
v 0.368262 -0.344235 -0.932505
v 0.384946 -0.357347 -0.932472
v 0.381071 -0.368590 -0.932485
v 0.375899 -0.371146 -0.932509
v 0.363245 -0.374328 -0.932502
v 0.350388 -0.368599 -0.932466
v 0.366805 -0.373523 -0.932452
v 0.377634 -0.371330 -0.932301
v 0.346492 -0.361234 -0.932301
v 0.363229 -0.344207 -0.932303
v 0.381109 -0.349995 -0.932303
v 0.383607 -0.365207 -0.932307
v 0.347552 -0.358461 -0.932411
v 0.349521 -0.365767 -0.932415
v 0.364609 -0.374171 -0.914812
v 0.345645 -0.361325 -0.914652
v 0.385822 -0.357252 -0.914632
v 0.384392 -0.365469 -0.914650
v 0.374377 -0.346023 -0.914820
v 0.350578 -0.367210 -0.932463
v 0.373639 -0.373899 -0.914647
v 0.373275 -0.345316 -0.932492
v 0.368247 -0.374345 -0.932490
v 0.358198 -0.373277 -0.932488
v 0.346752 -0.358410 -0.914668
v 0.346751 -0.360150 -0.914709
v 0.348787 -0.366035 -0.914678
v 0.357103 -0.372548 -0.914672
v 0.375047 -0.371937 -0.914692
v 0.382662 -0.366054 -0.914705
v 0.384720 -0.360183 -0.914619
v 0.384710 -0.358426 -0.914627
v 0.382683 -0.352543 -0.914678
v 0.355202 -0.346894 -0.914666
v 0.349906 -0.351014 -0.914693
v 0.348807 -0.352524 -0.914705
v 0.347553 -0.360151 -0.932508
v 0.350565 -0.351378 -0.932392
v 0.357468 -0.346586 -0.932414
v 0.366787 -0.345053 -0.932401
v 0.375824 -0.347418 -0.932454
v 0.380882 -0.351336 -0.932502
v 0.381944 -0.352814 -0.932449
v 0.383914 -0.358456 -0.932427
v 0.383915 -0.360115 -0.932411
v 0.381985 -0.365729 -0.932506
v 0.380904 -0.367200 -0.932392
v 0.374002 -0.371992 -0.932414
v 0.364674 -0.373530 -0.932401
v 0.355651 -0.371160 -0.932453
v 0.381564 -0.351044 -0.914635
v 0.373270 -0.373263 -0.932487
v 0.347065 -0.365461 -0.914604
v 0.381805 -0.368995 -0.914832
v 0.349896 -0.367540 -0.914727
v -0.386176 -0.352828 -0.914579
v -0.393404 -0.365167 -0.932482
v -0.357636 -0.353408 -0.932482
v -0.387422 -0.371306 -0.932452
v -0.366904 -0.372565 -0.914702
v -0.384128 -0.346005 -0.914701
v -0.367270 -0.346567 -0.932418
v -0.383775 -0.372001 -0.932417
v -0.387925 -0.371858 -0.914635
v -0.378133 -0.343553 -0.914600
v -0.387911 -0.346724 -0.914626
v -0.394734 -0.361242 -0.932485
v -0.378030 -0.344234 -0.932491
v -0.360176 -0.350012 -0.932487
v -0.356304 -0.357330 -0.932483
v -0.383060 -0.373263 -0.932486
v -0.394195 -0.353125 -0.914616
v -0.395617 -0.361337 -0.914654
v -0.392468 -0.366033 -0.914663
v -0.383416 -0.373899 -0.914617
v -0.378096 -0.375017 -0.914642
v -0.372912 -0.375028 -0.914663
v -0.356862 -0.365466 -0.914649
v -0.355424 -0.357244 -0.914616
v -0.356870 -0.353106 -0.914633
v -0.363113 -0.346721 -0.914632
v -0.394737 -0.357322 -0.932481
v -0.393398 -0.353401 -0.932479
v -0.390852 -0.349988 -0.932501
v -0.385630 -0.347420 -0.932445
v -0.363614 -0.347280 -0.932490
v -0.356306 -0.361258 -0.932507
v -0.357644 -0.365177 -0.932490
v -0.360185 -0.368583 -0.932498
v -0.365408 -0.371159 -0.932445
v -0.390867 -0.368565 -0.932473
v -0.374439 -0.373531 -0.932434
v -0.387410 -0.347274 -0.932482
v -0.363627 -0.371305 -0.932482
v -0.393700 -0.358463 -0.932411
v -0.391727 -0.365763 -0.932467
v -0.363126 -0.371871 -0.914816
v -0.359467 -0.349597 -0.914616
v -0.391575 -0.368984 -0.914668
v -0.390682 -0.367214 -0.932414
v -0.372942 -0.343562 -0.914633
v -0.383436 -0.344698 -0.914635
v -0.367595 -0.373870 -0.914630
v -0.367966 -0.345321 -0.932490
v -0.373002 -0.374346 -0.932492
v -0.368917 -0.356005 -0.932539
v -0.394511 -0.358403 -0.914692
v -0.384869 -0.371920 -0.914705
v -0.375542 -0.373879 -0.914675
v -0.364877 -0.371665 -0.914603
v -0.359691 -0.367565 -0.914693
v -0.358592 -0.366051 -0.914671
v -0.356533 -0.360168 -0.914693
v -0.356536 -0.358428 -0.914709
v -0.358571 -0.352542 -0.914688
v -0.359682 -0.351040 -0.914709
v -0.364956 -0.346897 -0.914684
v -0.366887 -0.346030 -0.914681
v -0.375502 -0.344700 -0.914677
v -0.386052 -0.346894 -0.914667
v -0.391347 -0.351014 -0.914693
v -0.392447 -0.352524 -0.914705
v -0.393693 -0.360123 -0.932462
v -0.391744 -0.352822 -0.932431
v -0.390684 -0.351382 -0.932424
v -0.383784 -0.346590 -0.932439
v -0.376599 -0.345048 -0.932434
v -0.374467 -0.345059 -0.932443
v -0.365438 -0.347416 -0.932444
v -0.360358 -0.351365 -0.932426
v -0.359310 -0.352815 -0.932457
v -0.357333 -0.358446 -0.932428
v -0.357343 -0.360108 -0.932410
v -0.359296 -0.365754 -0.932456
v -0.360350 -0.367200 -0.932392
v -0.367254 -0.371989 -0.932439
v -0.376570 -0.373518 -0.932460
v -0.385607 -0.371159 -0.932460
v -0.367628 -0.344675 -0.914640
v -0.383056 -0.345319 -0.932497
v -0.372994 -0.344233 -0.932487
v -0.367989 -0.373269 -0.932496
v -0.378044 -0.374346 -0.932487
v -0.395597 -0.357276 -0.914635
v -0.394169 -0.365476 -0.914654
v -0.391577 -0.349591 -0.914636
v -0.355423 -0.361326 -0.914654
v -0.359461 -0.368992 -0.914639
v -0.394495 -0.360151 -0.914647
v -0.391350 -0.367535 -0.914646
v 0.342325 0.430564 -0.917931
v 0.342455 0.430527 -0.916617
v 0.342448 0.428741 -0.916927
v 0.342407 0.429355 -0.918919
v 0.342878 0.429018 -0.915343
v 0.342886 0.427664 -0.916379
v 0.342862 0.427298 -0.918273
v 0.342885 0.428425 -0.919845
v 0.342836 0.430599 -0.920124
v 0.342877 0.432277 -0.918428
v 0.342878 0.432054 -0.916516
v 0.342887 0.430745 -0.915404
v 0.343531 0.428698 -0.914277
v 0.343889 0.426245 -0.915664
v 0.343532 0.426134 -0.918134
v 0.343886 0.427039 -0.920761
v 0.343563 0.429125 -0.921306
v 0.343564 0.431258 -0.921080
v 0.343532 0.433088 -0.919418
v 0.343918 0.433865 -0.916747
v 0.343887 0.433130 -0.915307
v 0.343895 0.431528 -0.914027
v 0.344504 0.430252 -0.913148
v 0.344506 0.428427 -0.913332
v 0.344506 0.426817 -0.914185
v 0.344470 0.425108 -0.917771
v 0.344505 0.425678 -0.919930
v 0.344472 0.428920 -0.922273
v 0.344473 0.431637 -0.921995
v 0.344506 0.433451 -0.920650
v 0.344471 0.434427 -0.918613
v 0.345805 0.429296 -0.912235
v 0.345805 0.427190 -0.912847
v 0.345803 0.425119 -0.914608
v 0.345805 0.424212 -0.917158
v 0.345802 0.424552 -0.919826
v 0.345805 0.426211 -0.921988
v 0.345805 0.428138 -0.923016
v 0.345807 0.430870 -0.923212
v 0.345805 0.433350 -0.922035
v 0.345805 0.434756 -0.920376
v 0.345805 0.435407 -0.918318
v 0.345805 0.435207 -0.916171
v 0.345803 0.433856 -0.913836
v 0.345805 0.431481 -0.912461
v 0.386360 0.429002 -0.918768
v 0.386458 0.430438 -0.918202
v 0.386329 0.430915 -0.916974
v 0.386347 0.429028 -0.916668
v 0.385906 0.427804 -0.916168
v 0.385921 0.427299 -0.918270
v 0.385905 0.428635 -0.919978
v 0.385946 0.431051 -0.919934
v 0.385906 0.432366 -0.917950
v 0.385898 0.431917 -0.916320
v 0.385946 0.430017 -0.915234
v 0.385220 0.427172 -0.915192
v 0.385220 0.427214 -0.920326
v 0.385252 0.429482 -0.921354
v 0.385251 0.432184 -0.920522
v 0.385251 0.433493 -0.918059
v 0.385252 0.432646 -0.915411
v 0.384806 0.428548 -0.913782
v 0.384313 0.426462 -0.914496
v 0.384888 0.425767 -0.916809
v 0.384824 0.425652 -0.918471
v 0.384313 0.425914 -0.920324
v 0.384277 0.427610 -0.921813
v 0.384312 0.429833 -0.922356
v 0.384313 0.432446 -0.921561
v 0.384277 0.433959 -0.919898
v 0.384279 0.434484 -0.918174
v 0.384278 0.434298 -0.916383
v 0.384278 0.433428 -0.914800
v 0.384280 0.432003 -0.913663
v 0.384898 0.430404 -0.913715
v 0.382979 0.427190 -0.912847
v 0.382981 0.425119 -0.914609
v 0.382979 0.424212 -0.917161
v 0.382978 0.424413 -0.919308
v 0.382981 0.425766 -0.921643
v 0.382979 0.428143 -0.923017
v 0.382979 0.430328 -0.923242
v 0.382978 0.432430 -0.922630
v 0.382981 0.434500 -0.920869
v 0.382978 0.435408 -0.918316
v 0.382978 0.435207 -0.916169
v 0.382978 0.434185 -0.914261
v 0.382979 0.432497 -0.912882
v 0.382978 0.429858 -0.912167
v -0.354248 0.428528 -0.918165
v -0.354123 0.429841 -0.918476
v -0.354248 0.431114 -0.918085
v -0.354206 0.429767 -0.916481
v -0.354678 0.429023 -0.915341
v -0.354663 0.427420 -0.916808
v -0.354686 0.427460 -0.918729
v -0.354663 0.428861 -0.920085
v -0.354678 0.431053 -0.919943
v -0.354678 0.432275 -0.918434
v -0.354679 0.432055 -0.916519
v -0.354686 0.430753 -0.915408
v -0.355331 0.428699 -0.914277
v -0.355331 0.426134 -0.918131
v -0.355331 0.431587 -0.920920
v -0.356305 0.428429 -0.913332
v -0.356305 0.426816 -0.914187
v -0.355688 0.426246 -0.915662
v -0.356305 0.425133 -0.917304
v -0.356305 0.425319 -0.919091
v -0.355695 0.426775 -0.920523
v -0.356305 0.427609 -0.921813
v -0.355687 0.429216 -0.921764
v -0.356305 0.431189 -0.922147
v -0.356304 0.432803 -0.921290
v -0.355779 0.433553 -0.919660
v -0.355696 0.433960 -0.917876
v -0.356305 0.434298 -0.916385
v -0.355688 0.433129 -0.915306
v -0.355695 0.431527 -0.914027
v -0.356304 0.430252 -0.913149
v -0.357605 0.429297 -0.912235
v -0.357604 0.427190 -0.912847
v -0.357602 0.425118 -0.914610
v -0.357604 0.424211 -0.917162
v -0.357604 0.424412 -0.919309
v -0.357602 0.425765 -0.921643
v -0.357605 0.431409 -0.923038
v -0.357605 0.433351 -0.922034
v -0.357602 0.435031 -0.919910
v -0.357605 0.435414 -0.917233
v -0.357605 0.434790 -0.915166
v -0.357605 0.433409 -0.913491
v -0.357604 0.431481 -0.912462
v -0.357607 0.428656 -0.923195
v -0.398260 0.430491 -0.917429
v -0.398128 0.429767 -0.916414
v -0.398121 0.428566 -0.917273
v -0.398136 0.428983 -0.918789
v -0.398128 0.430792 -0.918647
v -0.397697 0.429775 -0.915231
v -0.397705 0.428153 -0.915815
v -0.397720 0.427239 -0.917777
v -0.397720 0.428412 -0.919856
v -0.397720 0.430827 -0.920055
v -0.397747 0.432355 -0.917945
v -0.397705 0.431408 -0.915769
v -0.397052 0.428033 -0.914556
v -0.397051 0.426261 -0.916721
v -0.396694 0.426068 -0.919491
v -0.397051 0.428097 -0.920958
v -0.396689 0.430481 -0.921761
v -0.396696 0.432889 -0.920458
v -0.396555 0.434026 -0.918583
v -0.397052 0.433335 -0.916653
v -0.396697 0.431928 -0.914245
v -0.396605 0.430184 -0.913609
v -0.396077 0.428429 -0.913332
v -0.396077 0.426816 -0.914186
v -0.396112 0.425453 -0.915999
v -0.396078 0.425138 -0.918210
v -0.396077 0.426842 -0.921314
v -0.396078 0.428465 -0.922157
v -0.396078 0.432039 -0.921796
v -0.396077 0.434297 -0.916384
v -0.396078 0.433427 -0.914801
v -0.394778 0.429294 -0.912236
v -0.394778 0.427187 -0.912848
v -0.394781 0.425118 -0.914610
v -0.394781 0.424138 -0.917694
v -0.394776 0.424827 -0.920313
v -0.394778 0.426210 -0.921989
v -0.394778 0.428140 -0.923018
v -0.394778 0.430324 -0.923243
v -0.394778 0.432430 -0.922630
v -0.394779 0.434138 -0.921272
v -0.394778 0.435184 -0.919377
v -0.394778 0.435414 -0.917234
v -0.394778 0.434790 -0.915166
v -0.394778 0.433408 -0.913490
v -0.394779 0.431477 -0.912461
v 0.359541 -0.367542 -0.916023
v 0.365643 -0.368864 -0.916027
v 0.371778 -0.367618 -0.916023
v 0.376295 -0.364132 -0.916021
v 0.377973 -0.359352 -0.916021
v 0.376378 -0.354566 -0.916021
v 0.371946 -0.351043 -0.916023
v 0.365847 -0.349719 -0.916023
v 0.359709 -0.350966 -0.916023
v 0.355192 -0.354453 -0.916021
v 0.355226 -0.364151 -0.912315
v 0.359755 -0.367623 -0.912314
v 0.371978 -0.367511 -0.912314
v 0.376385 -0.363982 -0.912316
v 0.377956 -0.359204 -0.912314
v 0.376262 -0.354434 -0.912315
v 0.371731 -0.350961 -0.912314
v 0.365593 -0.349734 -0.912313
v 0.359509 -0.351074 -0.912314
v 0.355102 -0.354603 -0.912316
v 0.355109 -0.364018 -0.916021
v 0.353912 -0.361767 -0.915869
v 0.353927 -0.361787 -0.912462
v 0.357077 -0.366068 -0.915874
v 0.357103 -0.366080 -0.912458
v 0.362564 -0.368554 -0.915876
v 0.362594 -0.368554 -0.912455
v 0.368894 -0.368553 -0.915882
v 0.368923 -0.368554 -0.912462
v 0.374395 -0.366080 -0.915873
v 0.374410 -0.366060 -0.912458
v 0.377570 -0.361783 -0.915869
v 0.377570 -0.361760 -0.912462
v 0.377575 -0.356818 -0.915869
v 0.377560 -0.356798 -0.912462
v 0.374410 -0.352516 -0.915874
v 0.374385 -0.352505 -0.912458
v 0.368923 -0.350030 -0.915876
v 0.368894 -0.350031 -0.912455
v 0.362584 -0.350026 -0.915876
v 0.362559 -0.350038 -0.912455
v 0.357092 -0.352505 -0.915873
v 0.357078 -0.352525 -0.912458
v 0.353917 -0.356802 -0.915869
v 0.353918 -0.356825 -0.912462
v 0.353515 -0.359233 -0.916021
v 0.353532 -0.359381 -0.912314
v 0.365892 -0.368850 -0.912310
v 0.387691 -0.276357 -0.909494
v 0.363018 -0.265521 -0.909727
v 0.348547 -0.275032 -0.907002
v 0.381871 -0.276865 -0.906577
v 0.386040 -0.278600 -0.909952
v 0.344170 -0.277089 -0.910684
v 0.380331 -0.270934 -0.910745
v 0.362742 -0.267163 -0.911141
v 0.348896 -0.271759 -0.910652
v 0.386088 -0.277345 -0.913064
v 0.343996 -0.278916 -0.909957
v 0.382493 -0.269932 -0.913904
v 0.341991 -0.276653 -0.913189
v 0.388080 -0.276682 -0.913192
v 0.381350 -0.271402 -0.913773
v 0.343992 -0.277339 -0.913064
v 0.386875 -0.350151 -0.906240
v 0.342482 -0.362137 -0.899641
v 0.342509 -0.359246 -0.899008
v 0.348179 -0.368139 -0.898193
v 0.387542 -0.354076 -0.899550
v 0.375701 -0.365601 -0.897025
v 0.382052 -0.368141 -0.898193
v 0.365002 -0.372077 -0.897724
v 0.349018 -0.367150 -0.899813
v 0.386088 -0.361980 -0.904068
v 0.365014 -0.371980 -0.903010
v 0.349010 -0.368217 -0.903482
v 0.343992 -0.361986 -0.904067
v 0.384172 -0.362227 -0.899866
v 0.381214 -0.367152 -0.899813
v 0.385894 -0.361727 -0.901104
v 0.388081 -0.362681 -0.904047
v 0.388888 -0.359589 -0.904386
v 0.365002 -0.373716 -0.902876
v 0.347830 -0.369648 -0.903307
v 0.341279 -0.291553 -0.913003
v 0.388768 -0.343610 -0.917797
v 0.386945 -0.303905 -0.922038
v 0.343097 -0.343477 -0.918049
v 0.341276 -0.343488 -0.918038
v 0.341273 -0.304180 -0.922248
v 0.342534 -0.278723 -0.908306
v 0.386065 -0.359505 -0.900568
v 0.343314 -0.343369 -0.917897
v 0.388879 -0.351577 -0.905253
v 0.344017 -0.359517 -0.900557
v 0.341280 -0.302449 -0.921165
v 0.341981 -0.362667 -0.904046
v 0.382393 -0.369654 -0.903307
v 0.387722 -0.362167 -0.899919
v 0.364981 -0.264976 -0.910817
v 0.347701 -0.269958 -0.913904
v 0.342391 -0.276401 -0.909507
v 0.355232 -0.266357 -0.914281
v 0.356283 -0.267880 -0.914150
v 0.353769 -0.367443 -0.899312
v 0.358977 -0.370539 -0.899457
v 0.356760 -0.371148 -0.903098
v 0.355995 -0.372778 -0.902975
v 0.358372 -0.371608 -0.897773
v 0.371569 -0.371626 -0.897780
v 0.373960 -0.372791 -0.902974
v 0.373227 -0.371154 -0.903097
v 0.376536 -0.369361 -0.899569
v 0.373536 -0.267805 -0.914158
v 0.374576 -0.266277 -0.914290
v 0.344775 -0.273854 -0.908767
v 0.385502 -0.272979 -0.910001
v 0.369855 -0.265298 -0.910788
v 0.351417 -0.267706 -0.910548
v 0.380438 -0.271009 -0.908013
v 0.346009 -0.276489 -0.909779
v 0.384172 -0.276488 -0.909779
v 0.386881 -0.278535 -0.913035
v 0.341155 -0.279668 -0.912880
v 0.377818 -0.269143 -0.912042
v 0.346009 -0.274077 -0.911518
v 0.343339 -0.279887 -0.910900
v 0.351905 -0.370937 -0.898983
v 0.385365 -0.364578 -0.898431
v 0.343339 -0.358956 -0.902096
v 0.346009 -0.364999 -0.901454
v 0.386704 -0.358956 -0.902096
v 0.384809 -0.279271 -0.907091
v 0.345359 -0.279289 -0.907094
v 0.386957 -0.348356 -0.909147
v 0.388743 -0.291270 -0.912781
v 0.341286 -0.347826 -0.910163
v 0.343085 -0.295354 -0.915749
v 0.343340 -0.349923 -0.903048
v 0.344685 -0.272972 -0.910002
v 0.385496 -0.365755 -0.899549
v 0.344689 -0.365759 -0.899546
v 0.351843 -0.269815 -0.908164
v 0.352213 -0.269189 -0.912038
v 0.358234 -0.372461 -0.898743
v 0.354246 -0.368737 -0.897217
v 0.352702 -0.369807 -0.900943
v 0.372395 -0.267915 -0.908352
v 0.369508 -0.266856 -0.912286
v 0.378196 -0.370946 -0.898982
v 0.348338 -0.272024 -0.908067
v 0.377797 -0.272788 -0.906994
v 0.385425 -0.273964 -0.908735
v 0.385779 -0.273142 -0.913562
v 0.372374 -0.266218 -0.909624
v 0.378771 -0.267730 -0.914138
v 0.353003 -0.267548 -0.909456
v 0.359997 -0.265392 -0.914391
v 0.344441 -0.273137 -0.913570
v 0.388879 -0.279719 -0.912879
v 0.364983 -0.267256 -0.908422
v 0.346009 -0.274605 -0.910350
v 0.386078 -0.290094 -0.908703
v 0.384304 -0.274488 -0.910520
v 0.381317 -0.271218 -0.911822
v 0.362766 -0.266594 -0.912227
v 0.369502 -0.267032 -0.914165
v 0.348896 -0.271229 -0.911821
v 0.352180 -0.269369 -0.913989
v 0.386721 -0.280083 -0.912765
v 0.380207 -0.272689 -0.910183
v 0.343153 -0.278785 -0.913009
v 0.364984 -0.266735 -0.914268
v 0.348878 -0.271405 -0.913771
v 0.364983 -0.265022 -0.914434
v 0.386704 -0.279887 -0.910900
v 0.386071 -0.277156 -0.911191
v 0.384209 -0.274271 -0.913468
v 0.377851 -0.269323 -0.913994
v 0.360390 -0.267077 -0.914160
v 0.345997 -0.274241 -0.913471
v 0.343317 -0.280087 -0.912773
v 0.350483 -0.359065 -0.897545
v 0.345026 -0.357627 -0.898386
v 0.341286 -0.350003 -0.906562
v 0.348297 -0.365097 -0.897515
v 0.344880 -0.364707 -0.898422
v 0.385145 -0.357654 -0.898382
v 0.379658 -0.359406 -0.897507
v 0.382189 -0.368973 -0.899197
v 0.378062 -0.370108 -0.897957
v 0.365002 -0.372964 -0.898745
v 0.348040 -0.368971 -0.899197
v 0.387556 -0.360540 -0.899118
v 0.366942 -0.369903 -0.897110
v 0.353079 -0.364944 -0.897088
v 0.381770 -0.366064 -0.897618
v 0.346009 -0.364211 -0.900126
v 0.346137 -0.362619 -0.899822
v 0.384208 -0.365245 -0.903798
v 0.377436 -0.370076 -0.903285
v 0.360881 -0.371779 -0.903031
v 0.345995 -0.365273 -0.903795
v 0.386721 -0.359185 -0.904363
v 0.352702 -0.369009 -0.899616
v 0.380524 -0.365719 -0.899495
v 0.384282 -0.364364 -0.900265
v 0.367552 -0.370882 -0.899414
v 0.381244 -0.368203 -0.903484
v 0.343286 -0.359312 -0.904430
v 0.386875 -0.360759 -0.904295
v 0.385742 -0.366369 -0.903662
v 0.369475 -0.373486 -0.902901
v 0.351729 -0.371641 -0.903096
v 0.344404 -0.366327 -0.903666
v 0.341154 -0.359576 -0.904387
v 0.341036 -0.351741 -0.905068
v 0.388991 -0.355134 -0.904498
v 0.381214 -0.367946 -0.901141
v 0.367216 -0.371729 -0.900735
v 0.349018 -0.367944 -0.901141
v 0.344193 -0.361713 -0.901092
v 0.388903 -0.288844 -0.911909
v 0.346004 -0.289922 -0.908346
v 0.386703 -0.291523 -0.911405
v 0.343175 -0.291245 -0.912846
v 0.341048 -0.289977 -0.911425
v 0.343340 -0.289290 -0.909907
v 0.386953 -0.291171 -0.912730
v 0.387539 -0.278714 -0.908303
v 0.346021 -0.349916 -0.901178
v 0.384185 -0.289746 -0.908365
v 0.382362 -0.360298 -0.897624
v 0.386702 -0.350491 -0.902985
v 0.348406 -0.280326 -0.906182
v 0.388981 -0.343516 -0.917593
v 0.386730 -0.303882 -0.921817
v 0.341059 -0.304227 -0.922098
v 0.388756 -0.305451 -0.922530
v 0.341286 -0.305451 -0.922530
v 0.386957 -0.305452 -0.922530
v 0.386704 -0.291672 -0.909641
v 0.343085 -0.342505 -0.918570
v 0.388756 -0.342505 -0.918570
v 0.388988 -0.283912 -0.912061
v 0.343303 -0.288873 -0.911917
v 0.341146 -0.288869 -0.911907
v 0.386821 -0.288889 -0.911926
v 0.388994 -0.290255 -0.911681
v 0.348079 -0.357095 -0.897935
v 0.384169 -0.349759 -0.901196
v 0.341286 -0.351578 -0.905272
v 0.343314 -0.351574 -0.905244
v 0.386740 -0.351573 -0.905248
v 0.388992 -0.349599 -0.905217
v 0.388765 -0.349877 -0.906540
v 0.388961 -0.349734 -0.906082
v 0.386750 -0.291155 -0.912323
v 0.343089 -0.349782 -0.906770
v 0.343293 -0.349641 -0.906276
v 0.341082 -0.291337 -0.912458
v 0.343085 -0.305451 -0.922530
v 0.386957 -0.342505 -0.918570
v 0.341286 -0.342505 -0.918570
v 0.341050 -0.349624 -0.906241
v 0.341060 -0.343367 -0.917918
v 0.343312 -0.304233 -0.922107
v 0.343091 -0.344432 -0.916681
v 0.341286 -0.344426 -0.916692
v 0.343096 -0.303834 -0.922131
v 0.388985 -0.303870 -0.921812
v 0.386729 -0.343524 -0.917576
v 0.388763 -0.344963 -0.915661
v 0.386959 -0.343920 -0.917527
v 0.386951 -0.301335 -0.920315
v 0.388756 -0.303437 -0.921850
v 0.388492 -0.358906 -0.900134
v 0.382341 -0.270078 -0.909684
v 0.348081 -0.269910 -0.909770
v 0.360028 -0.265344 -0.910784
v 0.341544 -0.279467 -0.909284
v 0.388495 -0.279444 -0.909280
v 0.341549 -0.358924 -0.900140
v 0.350662 -0.278729 -0.906091
v 0.352811 -0.272485 -0.907011
v 0.351234 -0.267786 -0.914132
v 0.353600 -0.269011 -0.910947
v 0.362455 -0.372139 -0.903086
v 0.360488 -0.373477 -0.902902
v 0.352039 -0.370100 -0.897958
v 0.355385 -0.266289 -0.910693
v 0.357640 -0.267981 -0.908334
v 0.352031 -0.271219 -0.910339
v 0.356023 -0.267798 -0.912185
v 0.352831 -0.370140 -0.903280
v 0.358716 -0.371313 -0.900784
v 0.378370 -0.371650 -0.903095
v 0.368129 -0.368974 -0.899149
v 0.371821 -0.267692 -0.911085
v 0.369900 -0.265338 -0.914394
v 0.378649 -0.267852 -0.909913
v 0.367679 -0.270775 -0.907220
v 0.379562 -0.278385 -0.906129
v 0.374461 -0.266220 -0.910700
v 0.369271 -0.269141 -0.910560
v 0.373829 -0.267730 -0.912193
v 0.371608 -0.372487 -0.898742
v 0.376931 -0.368418 -0.897285
v 0.369464 -0.371781 -0.903106
v 0.376336 -0.370223 -0.900851
v -0.353567 -0.276358 -0.909494
v -0.378239 -0.265521 -0.909727
v -0.392711 -0.275032 -0.907002
v -0.359387 -0.276866 -0.906577
v -0.355218 -0.278601 -0.909952
v -0.397088 -0.277090 -0.910684
v -0.360927 -0.270934 -0.910745
v -0.378515 -0.267163 -0.911141
v -0.392362 -0.271759 -0.910652
v -0.355170 -0.277345 -0.913064
v -0.397262 -0.278916 -0.909957
v -0.358766 -0.269932 -0.913904
v -0.399267 -0.276654 -0.913189
v -0.353178 -0.276682 -0.913192
v -0.359908 -0.271402 -0.913773
v -0.397266 -0.277339 -0.913064
v -0.354383 -0.350151 -0.906240
v -0.398776 -0.362137 -0.899641
v -0.398749 -0.359247 -0.899008
v -0.393080 -0.368139 -0.898193
v -0.353716 -0.354075 -0.899550
v -0.365557 -0.365602 -0.897025
v -0.359206 -0.368142 -0.898193
v -0.376256 -0.372077 -0.897724
v -0.392240 -0.367150 -0.899813
v -0.355170 -0.361980 -0.904068
v -0.376244 -0.371981 -0.903010
v -0.392248 -0.368217 -0.903482
v -0.397266 -0.361986 -0.904066
v -0.357086 -0.362227 -0.899866
v -0.360044 -0.367152 -0.899813
v -0.355365 -0.361727 -0.901104
v -0.353177 -0.362681 -0.904047
v -0.352370 -0.359590 -0.904386
v -0.376256 -0.373716 -0.902876
v -0.393428 -0.369649 -0.903307
v -0.399979 -0.291553 -0.913003
v -0.352491 -0.343610 -0.917797
v -0.354313 -0.303905 -0.922038
v -0.398161 -0.343478 -0.918049
v -0.399985 -0.304180 -0.922248
v -0.398724 -0.278723 -0.908306
v -0.355193 -0.359505 -0.900568
v -0.397944 -0.343370 -0.917897
v -0.400104 -0.288902 -0.911920
v -0.352380 -0.351577 -0.905253
v -0.397241 -0.359518 -0.900557
v -0.398167 -0.344431 -0.916684
v -0.352495 -0.344964 -0.915660
v -0.399277 -0.362667 -0.904046
v -0.358865 -0.369654 -0.903307
v -0.353536 -0.362168 -0.899919
v -0.376277 -0.264977 -0.910817
v -0.393557 -0.269958 -0.913904
v -0.398867 -0.276401 -0.909507
v -0.386026 -0.266357 -0.914281
v -0.384975 -0.267880 -0.914150
v -0.387488 -0.367443 -0.899312
v -0.382281 -0.370539 -0.899457
v -0.384498 -0.371148 -0.903098
v -0.385263 -0.372778 -0.902975
v -0.382886 -0.371608 -0.897773
v -0.369689 -0.371626 -0.897780
v -0.367298 -0.372791 -0.902974
v -0.368032 -0.371155 -0.903097
v -0.364722 -0.369361 -0.899569
v -0.367722 -0.267805 -0.914157
v -0.366682 -0.266277 -0.914290
v -0.396483 -0.273854 -0.908766
v -0.355756 -0.272980 -0.910001
v -0.371403 -0.265298 -0.910788
v -0.389841 -0.267706 -0.910548
v -0.360819 -0.271010 -0.908013
v -0.395249 -0.276489 -0.909779
v -0.357087 -0.276488 -0.909779
v -0.354377 -0.278535 -0.913035
v -0.400103 -0.279668 -0.912880
v -0.363441 -0.269144 -0.912042
v -0.395249 -0.274077 -0.911518
v -0.389353 -0.370937 -0.898983
v -0.355893 -0.364578 -0.898431
v -0.397919 -0.358956 -0.902096
v -0.395249 -0.365000 -0.901454
v -0.354555 -0.358956 -0.902096
v -0.356449 -0.279271 -0.907091
v -0.395899 -0.279289 -0.907094
v -0.398173 -0.305451 -0.922530
v -0.354301 -0.348356 -0.909147
v -0.352515 -0.291270 -0.912781
v -0.399972 -0.347826 -0.910163
v -0.398173 -0.295354 -0.915749
v -0.397919 -0.349923 -0.903047
v -0.396574 -0.272972 -0.910002
v -0.355762 -0.365755 -0.899548
v -0.396569 -0.365759 -0.899546
v -0.389415 -0.269816 -0.908164
v -0.389045 -0.269189 -0.912037
v -0.383025 -0.372461 -0.898743
v -0.387012 -0.368737 -0.897217
v -0.388556 -0.369807 -0.900943
v -0.368863 -0.267916 -0.908352
v -0.371750 -0.266856 -0.912285
v -0.392920 -0.272024 -0.908066
v -0.363461 -0.272788 -0.906994
v -0.355833 -0.273965 -0.908734
v -0.355479 -0.273142 -0.913562
v -0.368884 -0.266219 -0.909623
v -0.362488 -0.267730 -0.914138
v -0.388254 -0.267548 -0.909455
v -0.381261 -0.265392 -0.914391
v -0.396817 -0.273138 -0.913570
v -0.352380 -0.279719 -0.912879
v -0.376275 -0.267256 -0.908422
v -0.395249 -0.274605 -0.910350
v -0.355180 -0.290095 -0.908703
v -0.356954 -0.274488 -0.910520
v -0.359941 -0.271218 -0.911822
v -0.378492 -0.266595 -0.912226
v -0.371756 -0.267032 -0.914165
v -0.392362 -0.271229 -0.911821
v -0.389078 -0.269369 -0.913989
v -0.354537 -0.280083 -0.912765
v -0.361051 -0.272690 -0.910182
v -0.398105 -0.278786 -0.913009
v -0.376274 -0.266735 -0.914268
v -0.392380 -0.271405 -0.913771
v -0.376276 -0.265022 -0.914433
v -0.354555 -0.279887 -0.910900
v -0.355187 -0.277156 -0.911191
v -0.397919 -0.279887 -0.910900
v -0.357049 -0.274271 -0.913467
v -0.363407 -0.269324 -0.913994
v -0.380868 -0.267077 -0.914160
v -0.395261 -0.274241 -0.913471
v -0.397937 -0.280073 -0.912772
v -0.354301 -0.342505 -0.918570
v -0.390776 -0.359066 -0.897545
v -0.396232 -0.357627 -0.898386
v -0.399972 -0.350003 -0.906562
v -0.392961 -0.365098 -0.897515
v -0.396378 -0.364707 -0.898422
v -0.356113 -0.357654 -0.898382
v -0.361600 -0.359407 -0.897506
v -0.359069 -0.368973 -0.899197
v -0.363196 -0.370108 -0.897957
v -0.376257 -0.372964 -0.898745
v -0.393218 -0.368971 -0.899197
v -0.353702 -0.360540 -0.899117
v -0.374317 -0.369903 -0.897110
v -0.388178 -0.364944 -0.897088
v -0.359488 -0.366065 -0.897618
v -0.395249 -0.364211 -0.900126
v -0.395115 -0.362619 -0.899820
v -0.357050 -0.365246 -0.903797
v -0.363822 -0.370076 -0.903285
v -0.380377 -0.371779 -0.903031
v -0.395263 -0.365273 -0.903795
v -0.354537 -0.359185 -0.904363
v -0.388556 -0.369009 -0.899616
v -0.360733 -0.365719 -0.899495
v -0.356976 -0.364365 -0.900265
v -0.373706 -0.370882 -0.899414
v -0.360014 -0.368203 -0.903484
v -0.397972 -0.359312 -0.904430
v -0.354383 -0.360760 -0.904295
v -0.355516 -0.366369 -0.903662
v -0.371783 -0.373486 -0.902900
v -0.389529 -0.371642 -0.903096
v -0.396854 -0.366328 -0.903665
v -0.400104 -0.359576 -0.904387
v -0.400225 -0.351740 -0.905062
v -0.352267 -0.355133 -0.904498
v -0.360044 -0.367946 -0.901141
v -0.374043 -0.371729 -0.900735
v -0.392240 -0.367944 -0.901141
v -0.397066 -0.361713 -0.901092
v -0.352362 -0.288873 -0.911920
v -0.352502 -0.305451 -0.922530
v -0.395252 -0.289852 -0.908354
v -0.354555 -0.291523 -0.911405
v -0.398083 -0.291246 -0.912845
v -0.400211 -0.289980 -0.911418
v -0.397918 -0.289292 -0.909908
v -0.354305 -0.291171 -0.912730
v -0.353719 -0.278715 -0.908303
v -0.395237 -0.349916 -0.901178
v -0.357073 -0.289748 -0.908365
v -0.358896 -0.360298 -0.897624
v -0.354556 -0.350491 -0.902985
v -0.392852 -0.280326 -0.906182
v -0.352277 -0.343517 -0.917593
v -0.354528 -0.303882 -0.921817
v -0.400199 -0.304227 -0.922098
v -0.399972 -0.305451 -0.922530
v -0.354301 -0.305452 -0.922530
v -0.354555 -0.291678 -0.909641
v -0.398173 -0.342505 -0.918570
v -0.352502 -0.342505 -0.918570
v -0.352271 -0.283906 -0.912061
v -0.397951 -0.288838 -0.911903
v -0.354440 -0.288880 -0.911922
v -0.352264 -0.290255 -0.911680
v -0.393179 -0.357095 -0.897935
v -0.357090 -0.349759 -0.901196
v -0.399972 -0.351579 -0.905271
v -0.397944 -0.351574 -0.905244
v -0.354518 -0.351573 -0.905248
v -0.352266 -0.349600 -0.905217
v -0.352493 -0.349877 -0.906540
v -0.352297 -0.349735 -0.906082
v -0.354508 -0.291155 -0.912323
v -0.398169 -0.349782 -0.906770
v -0.397965 -0.349641 -0.906276
v -0.400176 -0.291337 -0.912458
v -0.399972 -0.342505 -0.918570
v -0.400208 -0.349624 -0.906241
v -0.400198 -0.343367 -0.917918
v -0.397946 -0.304233 -0.922107
v -0.399968 -0.343784 -0.917825
v -0.399978 -0.302449 -0.921165
v -0.398171 -0.303778 -0.922114
v -0.352273 -0.303871 -0.921812
v -0.354529 -0.343524 -0.917576
v -0.354294 -0.343948 -0.917505
v -0.354307 -0.301335 -0.920314
v -0.352502 -0.303438 -0.921850
v -0.352766 -0.358906 -0.900134
v -0.358917 -0.270078 -0.909684
v -0.393177 -0.269910 -0.909770
v -0.381231 -0.265344 -0.910784
v -0.399714 -0.279467 -0.909284
v -0.352763 -0.279445 -0.909280
v -0.399705 -0.358935 -0.900135
v -0.390596 -0.278729 -0.906091
v -0.388447 -0.272485 -0.907011
v -0.390024 -0.267786 -0.914132
v -0.387658 -0.269011 -0.910947
v -0.378803 -0.372139 -0.903086
v -0.380770 -0.373478 -0.902902
v -0.389219 -0.370100 -0.897958
v -0.385873 -0.266289 -0.910693
v -0.383617 -0.267981 -0.908334
v -0.389227 -0.271219 -0.910339
v -0.385235 -0.267799 -0.912185
v -0.388427 -0.370140 -0.903280
v -0.382542 -0.371314 -0.900784
v -0.363060 -0.370945 -0.898982
v -0.362884 -0.371641 -0.903098
v -0.373128 -0.368974 -0.899149
v -0.369437 -0.267692 -0.911085
v -0.371358 -0.265338 -0.914393
v -0.362609 -0.267852 -0.909913
v -0.373579 -0.270775 -0.907220
v -0.361695 -0.278386 -0.906129
v -0.366797 -0.266220 -0.910700
v -0.371988 -0.269141 -0.910560
v -0.367429 -0.267731 -0.912192
v -0.369650 -0.372487 -0.898742
v -0.364327 -0.368419 -0.897285
v -0.371795 -0.371781 -0.903106
v -0.364923 -0.370223 -0.900851
v -0.381744 -0.367511 -0.916024
v -0.375613 -0.368865 -0.916023
v -0.369520 -0.367622 -0.916028
v -0.364992 -0.364151 -0.916023
v -0.363281 -0.359352 -0.916021
v -0.364876 -0.354567 -0.916021
v -0.369308 -0.351043 -0.916023
v -0.375406 -0.349720 -0.916023
v -0.381544 -0.350966 -0.916023
v -0.386062 -0.354453 -0.916021
v -0.363298 -0.359204 -0.912314
v -0.364992 -0.354434 -0.912314
v -0.369522 -0.350961 -0.912314
v -0.375661 -0.349734 -0.912313
v -0.381745 -0.351074 -0.912314
v -0.386152 -0.354603 -0.912316
v -0.386151 -0.363983 -0.916023
v -0.387336 -0.361760 -0.915876
v -0.387337 -0.361783 -0.912469
v -0.384176 -0.366069 -0.915873
v -0.384151 -0.366080 -0.912458
v -0.378694 -0.368546 -0.915882
v -0.378669 -0.368558 -0.912461
v -0.372351 -0.368558 -0.915876
v -0.372325 -0.368546 -0.912455
v -0.366858 -0.366080 -0.915873
v -0.366844 -0.366060 -0.912458
v -0.363683 -0.361783 -0.915869
v -0.363684 -0.361760 -0.912462
v -0.363684 -0.356825 -0.915876
v -0.363683 -0.356803 -0.912468
v -0.366844 -0.352516 -0.915873
v -0.366869 -0.352505 -0.912458
v -0.372331 -0.350031 -0.915876
v -0.372360 -0.350031 -0.912455
v -0.378669 -0.350026 -0.915876
v -0.378694 -0.350038 -0.912455
v -0.384162 -0.352505 -0.915873
v -0.384176 -0.352525 -0.912458
v -0.387337 -0.356802 -0.915869
v -0.387336 -0.356825 -0.912462
v -0.387739 -0.359233 -0.916021
v -0.386062 -0.364132 -0.912316
v -0.381545 -0.367619 -0.912315
v -0.369307 -0.367542 -0.912315
v -0.364875 -0.364018 -0.912318
v -0.387722 -0.359381 -0.912314
v -0.375362 -0.368850 -0.912310
v -0.347489 -0.288513 0.236435
v 0.343652 -0.288508 0.235073
v 0.343762 -0.297744 0.242782
v 0.343222 -0.297700 0.242459
v 0.343222 -0.297562 0.242664
v 0.343222 -0.297700 0.236838
v 0.343654 -0.297916 0.236766
v 0.343673 -0.288530 0.244231
v 0.343652 -0.288508 0.242857
v 0.343222 -0.297227 0.242750
v 0.343222 -0.297518 0.236590
v 0.343222 -0.288852 0.236548
v 0.343682 -0.288521 0.236421
v 0.343820 -0.297993 0.236434
v -0.347489 -0.288513 0.244219
v -0.347470 -0.288525 0.235062
v -0.347465 -0.297238 0.236502
v -0.347259 -0.297765 0.236812
v 0.343222 -0.297562 0.236633
v -0.347481 -0.288514 0.242876
v -0.347039 -0.288852 0.242750
v -0.347638 -0.297993 0.236434
v -0.347579 -0.297743 0.242782
v -0.347039 -0.297585 0.242678
v -0.347492 -0.297819 0.236838
v -0.347039 -0.297227 0.242750
v 0.343743 -0.298444 0.244238
v 0.343745 -0.298446 0.235058
v -0.347564 -0.298445 0.235060
v -0.347560 -0.298444 0.244240
v 0.341511 0.224816 0.236594
v -0.346007 0.224830 0.235190
v -0.346182 0.234216 0.243083
v -0.345986 0.233969 0.242858
v -0.345984 0.233973 0.236762
v -0.346185 0.261046 0.235417
v -0.346032 0.224833 0.244391
v -0.346011 0.224811 0.243017
v -0.346032 0.224833 0.236606
v -0.346098 0.233911 0.244467
v -0.346182 0.234302 0.236590
v -0.346071 0.261226 0.250516
v 0.341511 0.224816 0.244379
v 0.341465 0.233967 0.236757
v -0.345995 0.261257 0.235224
v 0.341476 0.261259 0.235232
v 0.341488 0.224844 0.235187
v 0.341492 0.224828 0.243006
v 0.341580 0.233919 0.244463
v 0.341662 0.234302 0.236590
v 0.341662 0.234216 0.243083
v 0.341466 0.233975 0.242853
v 0.341551 0.261222 0.250520
v 0.341665 0.261046 0.235417
v 0.343672 0.224816 0.556368
v -0.347465 0.224830 0.554963
v -0.347641 0.234216 0.562857
v -0.347445 0.233969 0.562632
v -0.347443 0.233973 0.556536
v -0.347644 0.261046 0.555191
v -0.347491 0.224834 0.564165
v -0.347470 0.224811 0.562791
v -0.347491 0.224833 0.556380
v -0.347557 0.233912 0.564241
v -0.347641 0.234302 0.556364
v -0.347530 0.261226 0.570290
v 0.343672 0.224816 0.564152
v 0.343625 0.233967 0.556531
v -0.347454 0.261257 0.554998
v 0.343636 0.261259 0.555006
v 0.343649 0.224844 0.554961
v 0.343653 0.224828 0.562779
v 0.343741 0.233919 0.564237
v 0.343823 0.234302 0.556364
v 0.343823 0.234216 0.562857
v 0.343627 0.233975 0.562626
v 0.343712 0.261222 0.570294
v 0.343826 0.261046 0.555191
v -0.347489 -0.288513 0.556071
v 0.343652 -0.288507 0.554709
v 0.343762 -0.297744 0.562418
v 0.343222 -0.297700 0.562095
v 0.343222 -0.297561 0.562301
v 0.343222 -0.297700 0.556475
v 0.343654 -0.297916 0.556402
v 0.343673 -0.288529 0.563868
v 0.343652 -0.288507 0.562494
v 0.343222 -0.297227 0.562386
v 0.343222 -0.297516 0.556226
v 0.343222 -0.288852 0.556184
v 0.343682 -0.288520 0.556057
v 0.343820 -0.297992 0.556070
v -0.347489 -0.288513 0.563856
v -0.347470 -0.288525 0.554698
v -0.347465 -0.297238 0.556138
v -0.347260 -0.297765 0.556449
v 0.343222 -0.297561 0.556269
v -0.347481 -0.288514 0.562512
v -0.347039 -0.288853 0.562386
v -0.347638 -0.297993 0.556070
v -0.347579 -0.297743 0.562418
v -0.347039 -0.297585 0.562314
v -0.347492 -0.297819 0.556475
v -0.347039 -0.297227 0.562386
v 0.343743 -0.298445 0.563874
v 0.343745 -0.298446 0.554694
v -0.347563 -0.298446 0.554697
v -0.347560 -0.298445 0.563877
v 0.343882 -0.251507 0.230526
v 0.318183 -0.251465 0.230448
v 0.318380 -0.270597 0.232423
v 0.343673 -0.251186 0.231229
v 0.343863 -0.269961 0.234223
v 0.343885 -0.262350 0.216711
v 0.343818 -0.270528 0.228610
v 0.318180 -0.262428 0.221820
v 0.318211 -0.270546 0.228780
v 0.318264 -0.251234 0.234540
v 0.343729 -0.251304 0.234838
v 0.318400 -0.251360 0.234866
v 0.343671 -0.250940 0.230711
v 0.318394 -0.250935 0.230709
v 0.318180 0.255265 0.221820
v 0.343677 -0.270606 0.232456
v 0.318397 -0.268203 0.234902
v 0.318390 -0.262619 0.221335
v 0.343685 -0.262562 0.216312
v 0.318380 -0.251194 0.231201
v 0.318251 -0.269962 0.234249
v 0.343692 -0.268194 0.234880
v 0.343885 0.255222 0.216712
v 0.318230 0.259695 0.228761
v 0.318395 0.258425 0.234901
v 0.343739 0.249202 0.234846
v 0.343693 0.258419 0.234880
v 0.343691 0.259736 0.232454
v 0.343866 0.259378 0.234223
v 0.343689 0.255342 0.216314
v 0.343880 0.249257 0.230344
v 0.318325 0.249194 0.234837
v 0.318195 0.259385 0.234199
v 0.343671 0.249048 0.230693
v 0.318395 0.249046 0.230693
v 0.318184 0.249248 0.230358
v 0.343863 0.259660 0.228582
v 0.318368 0.259731 0.232422
v 0.318391 0.255367 0.221333
v -0.326329 -0.270545 0.228780
v -0.351848 -0.251304 0.234838
v -0.351809 -0.268195 0.234880
v -0.326516 -0.268205 0.234901
v -0.352004 -0.262350 0.216711
v -0.352000 -0.251504 0.230528
v -0.326299 -0.262428 0.221820
v -0.351794 -0.270606 0.232457
v -0.326498 -0.251194 0.231201
v -0.326302 -0.251465 0.230448
v -0.326302 0.249248 0.230358
v -0.326369 -0.269962 0.234249
v -0.326382 -0.251234 0.234540
v -0.351982 -0.269961 0.234222
v -0.326519 -0.251360 0.234865
v -0.351793 -0.250903 0.230671
v -0.326512 -0.250935 0.230709
v -0.351791 -0.251186 0.231229
v -0.326510 0.255366 0.221332
v -0.351800 -0.262562 0.216311
v -0.351937 -0.270528 0.228610
v -0.326499 -0.270597 0.232424
v -0.326514 0.249046 0.230693
v -0.326507 -0.262619 0.221334
v -0.352001 0.249258 0.230341
v -0.326299 0.255265 0.221820
v -0.326486 0.259731 0.232422
v -0.351986 0.259377 0.234222
v -0.326348 0.259695 0.228759
v -0.351955 0.259671 0.228590
v -0.352004 0.255222 0.216711
v -0.351858 0.249203 0.234846
v -0.326444 0.249194 0.234837
v -0.351793 0.249055 0.230719
v -0.351809 0.259736 0.232454
v -0.326513 0.258424 0.234901
v -0.351810 0.255341 0.216314
v -0.326314 0.259384 0.234199
v -0.351811 0.258419 0.234880
v 0.343882 -0.251507 0.550163
v 0.318183 -0.251466 0.550085
v 0.318380 -0.270596 0.552059
v 0.343673 -0.251186 0.550865
v 0.343863 -0.269961 0.553860
v 0.343885 -0.262350 0.536347
v 0.343818 -0.270528 0.548246
v 0.318180 -0.262429 0.541456
v 0.318211 -0.270546 0.548416
v 0.318264 -0.251234 0.554178
v 0.343729 -0.251305 0.554475
v 0.318400 -0.251361 0.554502
v 0.343672 -0.250939 0.550347
v 0.318394 -0.250933 0.550345
v 0.318180 0.255265 0.541456
v 0.343677 -0.270605 0.552093
v 0.318397 -0.268203 0.554538
v 0.318390 -0.262620 0.540971
v 0.343685 -0.262562 0.535948
v 0.318380 -0.251195 0.550837
v 0.318251 -0.269962 0.553885
v 0.343692 -0.268194 0.554517
v 0.343885 0.255222 0.536348
v 0.318230 0.259695 0.548396
v 0.318395 0.258424 0.554538
v 0.343739 0.249203 0.554482
v 0.343693 0.258418 0.554516
v 0.343691 0.259736 0.552089
v 0.343866 0.259378 0.553858
v 0.343689 0.255342 0.535950
v 0.343880 0.249257 0.549980
v 0.318325 0.249194 0.554473
v 0.318195 0.259385 0.553835
v 0.343672 0.249047 0.550329
v 0.318395 0.249046 0.550329
v 0.318184 0.249248 0.549994
v 0.343863 0.259660 0.548218
v 0.318368 0.259731 0.552058
v 0.318390 0.255367 0.540969
v -0.326329 -0.270546 0.548416
v -0.351848 -0.251305 0.554474
v -0.351809 -0.268195 0.554516
v -0.326516 -0.268205 0.554538
v -0.352004 -0.262350 0.536347
v -0.352000 -0.251505 0.550165
v -0.326377 -0.262568 0.541117
v -0.351794 -0.270606 0.552092
v -0.326498 -0.251195 0.550837
v -0.326302 -0.251466 0.550084
v -0.326302 0.249248 0.549994
v -0.326369 -0.269963 0.553885
v -0.326383 -0.251235 0.554178
v -0.351982 -0.269961 0.553859
v -0.326519 -0.251361 0.554502
v -0.351794 -0.250902 0.550306
v -0.326512 -0.250934 0.550345
v -0.351790 -0.251187 0.550865
v -0.326483 0.255376 0.541000
v -0.351800 -0.262563 0.535948
v -0.351937 -0.270529 0.548246
v -0.326498 -0.270597 0.552058
v -0.326514 0.249046 0.550329
v -0.352001 0.249258 0.549977
v -0.326299 0.255265 0.541456
v -0.326922 -0.262621 0.540818
v -0.326486 0.259731 0.552058
v -0.351986 0.259377 0.553858
v -0.326348 0.259695 0.548395
v -0.351955 0.259671 0.548225
v -0.352004 0.255222 0.536347
v -0.351858 0.249203 0.554482
v -0.326444 0.249194 0.554473
v -0.351793 0.249054 0.550355
v -0.351809 0.259736 0.552089
v -0.326514 0.258424 0.554538
v -0.351810 0.255341 0.535950
v -0.326314 0.259384 0.553835
v -0.351811 0.258419 0.554516
v -0.351804 -0.262794 0.216669
vn 0.0023 -0.9497 0.3130
vn 0.0049 -0.7099 0.7042
vn -0.0025 -0.7166 0.6975
vn -0.0048 -0.9520 0.3059
vn -0.9965 -0.0817 0.0196
vn -1.0000 -0.0000 -0.0000
vn -0.9971 -0.0760 0.0006
vn -0.9849 -0.1239 0.1208
vn -0.9966 -0.0200 0.0802
vn -0.9991 -0.0000 0.0423
vn -0.9928 -0.0000 0.1202
vn -0.9971 -0.0759 -0.0003
vn -0.0032 -0.2654 0.9641
vn 0.0036 -0.3805 0.9248
vn 0.0063 -0.0004 1.0000
vn -0.0017 -0.0001 1.0000
vn -0.9965 0.0818 0.0196
vn -0.9971 0.0759 0.0003
vn -0.9966 0.0201 0.0802
vn -0.9849 0.1239 0.1208
vn -0.0033 -0.7641 -0.6451
vn 0.0033 -0.6599 -0.7514
vn 0.0025 -0.9513 -0.3083
vn -0.0046 -0.9489 -0.3154
vn -0.9965 -0.0818 -0.0196
vn -0.9966 -0.0201 -0.0802
vn -0.9849 -0.1239 -0.1209
vn -0.9972 -0.0000 -0.0746
vn -0.0034 -0.0002 -1.0000
vn -0.0034 0.0003 -1.0000
vn 0.0034 0.0002 -1.0000
vn 0.0034 -0.0002 -1.0000
vn -0.0036 -0.3808 -0.9247
vn 0.0031 -0.2660 -0.9640
vn -0.9965 0.0818 -0.0196
vn -0.9971 0.0760 -0.0006
vn -0.9849 0.1239 -0.1209
vn -0.9966 0.0200 -0.0803
vn -0.0031 0.2660 -0.9640
vn 0.0036 0.3807 -0.9247
vn -0.0033 0.6598 -0.7514
vn 0.0033 0.7641 -0.6451
vn -0.0055 -0.9999 0.0153
vn 0.0018 -1.0000 0.0048
vn 1.0000 -0.0000 -0.0000
vn 0.9964 -0.0829 0.0199
vn 0.9970 -0.0769 0.0003
vn 0.9965 -0.0203 0.0813
vn 0.9845 -0.1255 0.1224
vn 0.9971 -0.0000 0.0757
vn 0.9971 -0.0000 0.0756
vn 0.9970 -0.0770 -0.0006
vn 0.0017 0.0001 1.0000
vn -0.0063 0.0004 1.0000
vn -0.0017 -1.0000 -0.0089
vn 0.0058 -0.9999 -0.0083
vn -0.0017 1.0000 0.0090
vn -0.0032 0.9273 0.3743
vn 0.0032 0.9683 0.2498
vn 0.0059 0.9999 0.0084
vn -0.0049 0.7099 0.7042
vn 0.0026 0.7165 0.6975
vn 0.9964 0.0830 0.0199
vn 0.9970 0.0772 0.0006
vn 0.9845 0.1256 0.1225
vn 0.9965 0.0204 0.0814
vn 0.0031 0.2654 0.9641
vn -0.0035 0.3805 0.9248
vn 0.0018 1.0000 -0.0049
vn -0.0055 0.9999 -0.0154
vn 0.9964 -0.0829 -0.0199
vn 0.9845 -0.1255 -0.1225
vn 0.9965 -0.0204 -0.0814
vn 0.9991 -0.0000 -0.0430
vn 0.9925 -0.0000 -0.1222
vn 0.0030 0.9667 -0.2560
vn -0.0035 0.9299 -0.3679
vn 0.9963 0.0830 -0.0199
vn 0.9970 0.0771 -0.0003
vn 0.9965 0.0204 -0.0815
vn 0.9845 0.1257 -0.1226
vn 0.1421 -0.9450 0.2945
vn 0.1473 -0.7177 0.6806
vn 0.4248 -0.8548 0.2980
vn 0.4283 -0.6445 0.6334
vn -0.1301 -0.6669 0.7337
vn -0.1454 -0.9180 0.3690
vn -0.4278 -0.6446 0.6336
vn -0.4244 -0.8550 0.2981
vn -0.8564 -0.5163 0.0041
vn -0.7948 -0.5731 0.1997
vn -0.4562 -0.8899 0.0074
vn -0.7951 -0.4331 0.4246
vn -0.7986 -0.2045 0.5660
vn -0.4289 -0.3071 0.8496
vn -0.7323 -0.0001 0.6810
vn -0.8603 0.0001 0.5099
vn -0.3513 -0.0002 0.9363
vn -0.4635 0.0002 0.8861
vn -0.7337 -0.6795 -0.0039
vn -0.3511 -0.9363 -0.0067
vn -0.1165 -0.0002 0.9932
vn -0.1452 -0.3051 0.9412
vn 0.1314 -0.3627 0.9226
vn 0.1800 -0.0003 0.9837
vn 0.3803 -0.3118 0.8707
vn 0.4640 -0.0002 0.8858
vn -0.7953 0.5725 0.1994
vn -0.7332 0.6800 0.0039
vn -0.4244 0.8550 0.2981
vn -0.3512 0.9363 0.0066
vn -0.7984 0.2050 0.5661
vn -0.7951 0.4329 0.4247
vn -0.3800 0.3119 0.8708
vn -0.4277 0.6445 0.6337
vn -0.1426 -0.9450 -0.2945
vn -0.1476 -0.7177 -0.6805
vn -0.4242 -0.8551 -0.2980
vn -0.4277 -0.6453 -0.6330
vn 0.1297 -0.6672 -0.7335
vn 0.1457 -0.9179 -0.3690
vn 0.4279 -0.6451 -0.6331
vn 0.4247 -0.8549 -0.2980
vn -0.7947 -0.5733 -0.1994
vn -0.7992 -0.2040 -0.5653
vn -0.7946 -0.4335 -0.4251
vn -0.3799 -0.3119 -0.8709
vn -0.7327 0.0001 -0.6806
vn -0.8599 -0.0001 -0.5105
vn -0.3504 0.0002 -0.9366
vn -0.4641 -0.0002 -0.8858
vn -0.1793 -0.0003 -0.9838
vn -0.1172 0.0002 -0.9931
vn 0.1794 0.0003 -0.9838
vn 0.1171 -0.0002 -0.9931
vn 0.4647 0.0002 -0.8855
vn 0.3511 -0.0002 -0.9363
vn 0.1447 -0.3052 -0.9412
vn 0.4299 -0.3069 -0.8491
vn -0.1304 -0.3623 -0.9229
vn -0.8556 0.5176 -0.0041
vn -0.7952 0.5727 -0.1991
vn -0.4563 0.8898 -0.0074
vn -0.4243 0.8551 -0.2980
vn -0.7946 0.4333 -0.4252
vn -0.4274 0.6451 -0.6334
vn -0.7990 0.2045 -0.5655
vn -0.4293 0.3070 -0.8494
vn -0.1449 0.3052 -0.9412
vn 0.1303 0.3624 -0.9229
vn 0.3803 0.3119 -0.8707
vn -0.1298 0.6672 -0.7335
vn 0.1476 0.7179 -0.6804
vn 0.4280 0.6450 -0.6331
vn 0.1165 -0.9932 0.0077
vn 0.3519 -0.9360 0.0067
vn -0.1732 -0.9848 0.0117
vn 0.7937 -0.5744 0.2001
vn 0.7331 -0.6801 0.0040
vn 0.7976 -0.2050 0.5673
vn 0.7941 -0.4340 0.4255
vn 0.7317 0.0001 0.6817
vn 0.8590 -0.0001 0.5120
vn 0.3519 0.0002 0.9360
vn 0.8551 -0.5185 -0.0041
vn 0.4567 -0.8896 -0.0075
vn 0.1165 0.0002 0.9932
vn -0.1800 0.0003 0.9837
vn -0.1166 -0.9932 -0.0077
vn 0.1733 -0.9848 -0.0118
vn -0.1166 0.9931 0.0077
vn -0.1416 0.9450 0.2948
vn 0.1448 0.9180 0.3692
vn 0.1733 0.9848 0.0117
vn 0.4248 0.8548 0.2980
vn 0.4568 0.8895 0.0074
vn -0.1476 0.7177 0.6805
vn 0.1297 0.6672 0.7335
vn 0.4282 0.6444 0.6335
vn 0.8544 0.5197 0.0041
vn 0.7942 0.5739 0.1999
vn 0.7941 0.4339 0.4257
vn 0.7973 0.2055 0.5675
vn 0.4299 0.3068 0.8492
vn 0.1447 0.3052 0.9412
vn -0.1314 0.3627 0.9226
vn 0.1165 0.9932 -0.0077
vn 0.3518 0.9360 -0.0067
vn -0.1732 0.9848 -0.0117
vn 0.7937 -0.5746 -0.1998
vn 0.7935 -0.4344 -0.4261
vn 0.7982 -0.2045 -0.5666
vn 0.7322 -0.0001 -0.6811
vn 0.8587 0.0001 -0.5126
vn 0.1419 0.9450 -0.2945
vn 0.4247 0.8549 -0.2980
vn -0.1451 0.9180 -0.3691
vn 0.7941 0.5740 -0.1996
vn 0.7325 0.6807 -0.0039
vn 0.7979 0.2050 -0.5668
vn 0.7936 0.4343 -0.4262
vn 0.0025 -0.7165 0.6975
vn -0.0049 -0.7099 0.7042
vn -0.0024 -0.9497 0.3130
vn 0.0049 -0.9520 0.3060
vn 0.9963 -0.0831 0.0199
vn 0.9970 -0.0772 0.0006
vn 0.9965 -0.0203 0.0814
vn 0.9845 -0.1257 0.1226
vn 0.9991 -0.0000 0.0430
vn 0.9925 -0.0000 0.1220
vn 0.9970 -0.0771 -0.0003
vn -0.0063 -0.0004 1.0000
vn -0.0035 -0.3805 0.9248
vn 0.0031 -0.2654 0.9641
vn 0.0017 -0.0001 1.0000
vn 0.9964 0.0829 0.0199
vn 0.9970 0.0771 0.0003
vn 0.9844 0.1258 0.1228
vn 0.9965 0.0203 0.0814
vn -0.0026 -0.9513 -0.3084
vn -0.0033 -0.6598 -0.7514
vn 0.0033 -0.7641 -0.6451
vn 0.0046 -0.9489 -0.3154
vn 0.9963 -0.0831 -0.0199
vn 0.9844 -0.1258 -0.1227
vn 0.9965 -0.0204 -0.0815
vn 0.9971 -0.0000 -0.0757
vn 0.9971 -0.0000 -0.0758
vn -0.0034 0.0002 -1.0000
vn 0.0033 0.0002 -1.0000
vn -0.0034 -0.0003 -1.0000
vn 0.0036 -0.3808 -0.9247
vn -0.0031 -0.2660 -0.9640
vn 0.9964 0.0830 -0.0199
vn 0.9970 0.0771 -0.0006
vn 0.9965 0.0203 -0.0814
vn 0.9844 0.1257 -0.1227
vn -0.0035 0.3805 -0.9248
vn 0.0031 0.2654 -0.9641
vn -0.0033 0.7641 -0.6450
vn 0.0033 0.6599 -0.7514
vn 0.0055 -0.9999 0.0153
vn -0.0018 -1.0000 0.0049
vn -0.9964 -0.0829 0.0199
vn -0.9970 -0.0771 0.0003
vn -0.9844 -0.1259 0.1227
vn -0.9965 -0.0203 0.0814
vn -0.9971 -0.0000 0.0757
vn -0.9970 -0.0772 -0.0006
vn 0.0063 0.0004 1.0000
vn -0.0017 0.0001 1.0000
vn -0.0058 -0.9999 -0.0083
vn 0.0017 -1.0000 -0.0089
vn -0.0033 0.9683 0.2498
vn 0.0033 0.9273 0.3744
vn 0.0017 1.0000 0.0089
vn -0.0058 0.9999 0.0083
vn -0.0025 0.7163 0.6978
vn 0.0048 0.7097 0.7045
vn -0.9964 0.0829 0.0199
vn -0.9970 0.0772 0.0006
vn -0.9965 0.0204 0.0815
vn -0.9844 0.1258 0.1228
vn 0.0036 0.3805 0.9248
vn -0.0031 0.2654 0.9641
vn 0.0055 0.9999 -0.0154
vn -0.0018 1.0000 -0.0048
vn -0.9964 -0.0829 -0.0199
vn -0.9965 -0.0203 -0.0815
vn -0.9844 -0.1259 -0.1228
vn -0.9991 -0.0000 -0.0430
vn -0.9925 -0.0000 -0.1221
vn 0.0035 0.9299 -0.3678
vn -0.0031 0.9667 -0.2558
vn -0.9963 0.0830 -0.0199
vn -0.9970 0.0770 -0.0003
vn -0.9844 0.1258 -0.1228
vn -0.9965 0.0203 -0.0814
vn -0.1474 -0.7178 0.6804
vn -0.1420 -0.9450 0.2946
vn -0.4295 -0.6442 0.6329
vn -0.4255 -0.8545 0.2980
vn 0.1454 -0.9180 0.3690
vn 0.1297 -0.6672 0.7335
vn 0.4254 -0.8546 0.2979
vn 0.4290 -0.6443 0.6331
vn 0.7944 -0.5736 0.1998
vn 0.8557 -0.5175 0.0041
vn 0.4572 -0.8893 0.0075
vn 0.7948 -0.4334 0.4249
vn 0.7982 -0.2046 0.5665
vn 0.4308 -0.3066 0.8487
vn 0.8596 0.0001 0.5110
vn 0.7329 -0.0001 0.6803
vn 0.4643 0.0002 0.8857
vn 0.3515 -0.0002 0.9362
vn 0.7344 -0.6787 -0.0039
vn 0.3515 -0.9362 -0.0067
vn 0.1447 -0.3052 0.9412
vn 0.1166 -0.0002 0.9932
vn -0.1797 -0.0003 0.9837
vn -0.1312 -0.3625 0.9227
vn -0.4643 -0.0002 0.8857
vn -0.3809 -0.3116 0.8706
vn 0.7338 0.6793 0.0039
vn 0.7948 0.5731 0.1995
vn 0.3516 0.9361 0.0066
vn 0.4254 0.8546 0.2979
vn 0.7946 0.4335 0.4251
vn 0.7979 0.2052 0.5668
vn 0.4294 0.6442 0.6330
vn 0.3808 0.3117 0.8706
vn 0.1475 -0.7177 -0.6805
vn 0.1426 -0.9450 -0.2945
vn 0.4287 -0.6450 -0.6326
vn 0.4253 -0.8546 -0.2979
vn -0.1455 -0.9180 -0.3690
vn -0.1295 -0.6672 -0.7335
vn -0.4254 -0.8546 -0.2980
vn -0.4292 -0.6447 -0.6326
vn 0.7944 -0.5737 -0.1996
vn 0.7942 -0.4339 -0.4254
vn 0.7988 -0.2041 -0.5659
vn 0.3803 -0.3117 -0.8708
vn 0.8596 -0.0001 -0.5110
vn 0.7340 0.0001 -0.6791
vn 0.4652 -0.0002 -0.8852
vn 0.3508 0.0002 -0.9364
vn 0.1166 0.0002 -0.9932
vn 0.1792 -0.0003 -0.9838
vn -0.1165 -0.0002 -0.9932
vn -0.1786 0.0003 -0.9839
vn -0.3508 -0.0002 -0.9364
vn -0.4651 0.0002 -0.8852
vn -0.1445 -0.3052 -0.9413
vn -0.4306 -0.3068 -0.8488
vn 0.1303 -0.3622 -0.9229
vn 0.7948 0.5732 -0.1995
vn 0.8551 0.5185 -0.0041
vn 0.4254 0.8546 -0.2979
vn 0.4573 0.8893 -0.0074
vn 0.7946 0.4334 -0.4251
vn 0.4293 0.6442 -0.6330
vn 0.7979 0.2054 -0.5667
vn 0.4304 0.3070 -0.8488
vn 0.1450 0.3050 -0.9413
vn -0.1311 0.3623 -0.9228
vn -0.3804 0.3119 -0.8706
vn 0.1298 0.6673 -0.7334
vn -0.1479 0.7177 -0.6805
vn -0.4294 0.6442 -0.6329
vn -0.1164 -0.9932 0.0077
vn -0.3514 -0.9362 0.0067
vn 0.1732 -0.9848 0.0117
vn -0.7344 -0.6787 0.0039
vn -0.7944 -0.5735 0.2001
vn -0.7951 -0.4329 0.4247
vn -0.7982 -0.2048 0.5665
vn -0.8596 -0.0001 0.5110
vn -0.7330 0.0001 0.6802
vn -0.3515 0.0002 0.9362
vn -0.8557 -0.5175 -0.0041
vn -0.4571 -0.8894 -0.0075
vn -0.1165 0.0002 0.9932
vn 0.1800 0.0003 0.9837
vn 0.1166 -0.9931 -0.0077
vn -0.1730 -0.9848 -0.0117
vn 0.1420 0.9450 0.2946
vn 0.1166 0.9931 0.0077
vn -0.1732 0.9848 0.0117
vn -0.1451 0.9180 0.3691
vn -0.4574 0.8892 0.0074
vn -0.4255 0.8545 0.2979
vn 0.1478 0.7176 0.6806
vn -0.1298 0.6672 0.7334
vn -0.4293 0.6441 0.6330
vn -0.7949 0.5730 0.1995
vn -0.8551 0.5185 0.0042
vn -0.7946 0.4334 0.4251
vn -0.7980 0.2052 0.5667
vn -0.4306 0.3067 0.8488
vn -0.1450 0.3050 0.9412
vn 0.1310 0.3623 0.9228
vn -0.1166 0.9931 -0.0077
vn -0.3516 0.9361 -0.0067
vn 0.1732 0.9848 -0.0117
vn -0.7943 -0.5737 -0.1999
vn -0.7946 -0.4333 -0.4253
vn -0.7988 -0.2043 -0.5658
vn -0.8596 0.0001 -0.5110
vn -0.7335 -0.0001 -0.6797
vn -0.1420 0.9450 -0.2946
vn -0.4254 0.8546 -0.2979
vn 0.1451 0.9180 -0.3691
vn -0.7340 0.6792 -0.0039
vn -0.7948 0.5731 -0.1995
vn -0.7947 0.4334 -0.4251
vn -0.7980 0.2053 -0.5666
vn -0.0000 0.4966 -0.8680
vn -0.0000 0.4991 -0.8666
vn -0.0000 0.4937 -0.8696
vn -0.0000 0.5074 -0.8617
vn -0.0000 0.5125 -0.8587
vn -0.0000 0.5257 -0.8507
vn -0.0000 0.5334 -0.8459
vn -0.0000 0.5508 -0.8347
vn -0.0000 0.5602 -0.8283
vn -0.0000 0.5810 -0.8139
vn -0.0000 0.5920 -0.8059
vn -0.0000 0.6152 -0.7884
vn -0.0000 0.6271 -0.7789
vn -0.0000 0.6230 -0.7822
vn -0.0000 0.6022 -0.7984
vn -0.0000 0.5152 -0.8570
vn -0.0000 0.4537 -0.8911
vn -0.0000 0.3261 -0.9453
vn -0.0000 0.2607 -0.9654
vn -0.0000 0.1280 -0.9918
vn -0.0000 0.0611 -0.9981
vn -0.0000 -0.0730 -0.9973
vn -0.0000 -0.1398 -0.9902
vn -0.0000 -0.2722 -0.9622
vn -0.0000 -0.3374 -0.9414
vn -0.0000 -0.4644 -0.8856
vn -0.0000 -0.5256 -0.8507
vn -0.0000 -0.6112 -0.7914
vn -0.0000 -0.6318 -0.7751
vn -0.0000 -0.6355 -0.7721
vn -0.0000 -0.6233 -0.7820
vn -0.0000 -0.5996 -0.8003
vn -0.0000 -0.5883 -0.8087
vn -0.0000 -0.5670 -0.8237
vn -0.0000 -0.5572 -0.8304
vn -0.0000 -0.5394 -0.8420
vn -0.0000 -0.5316 -0.8470
vn -0.0000 -0.5181 -0.8553
vn -0.0000 -0.5129 -0.8585
vn -0.0000 -0.5044 -0.8635
vn -0.0000 -0.5019 -0.8649
vn -0.0000 -0.4987 -0.8668
vn -0.0001 -1.0000 -0.0000
vn -0.0000 -1.0000 -0.0000
vn -0.0000 -0.0000 1.0000
vn -0.0000 1.0000 -0.0089
vn -0.0001 1.0000 -0.0089
vn -1.0000 -0.0000 -0.0001
vn 1.0000 -0.0001 -0.0006
vn 1.0000 -0.0001 -0.0001
vn 1.0000 -0.0000 0.0002
vn 1.0000 -0.0000 0.0004
vn 1.0000 -0.0000 -0.0002
vn 1.0000 -0.0000 -0.0003
vn 1.0000 -0.0000 -0.0007
vn 1.0000 -0.0002 -0.0014
vn 1.0000 -0.0006 0.0029
vn 1.0000 -0.0005 -0.0000
vn 1.0000 -0.0003 -0.0000
vn 1.0000 0.0003 -0.0000
vn 1.0000 0.0005 -0.0000
vn -0.0000 -0.9911 0.1329
vn -0.0000 -0.9996 -0.0267
vn -0.0000 -0.9996 0.0265
vn -0.0000 -0.9826 0.1856
vn -0.0000 -0.9574 0.2888
vn -0.0000 -0.9407 0.3393
vn -0.0000 -0.8995 0.4368
vn -0.0000 -0.8751 0.4839
vn -0.0000 -0.8193 0.5733
vn -0.0000 -0.7879 0.6158
vn -0.0000 -0.7190 0.6950
vn -0.0000 -0.6816 0.7317
vn -0.0000 -0.6019 0.7986
vn -0.0000 -0.5595 0.8289
vn -0.0000 -0.4705 0.8824
vn -0.0000 -0.4241 0.9056
vn -0.0000 -0.3284 0.9445
vn -0.0000 -0.2792 0.9602
vn -0.0000 -0.1790 0.9838
vn -0.0000 -0.1281 0.9918
vn -0.0000 -0.0258 0.9997
vn -0.0000 0.0258 0.9997
vn -0.0000 0.1282 0.9918
vn -0.0000 0.1790 0.9838
vn -0.0000 0.2791 0.9602
vn -0.0000 0.3284 0.9445
vn -0.0000 0.4241 0.9056
vn -0.0000 0.4706 0.8824
vn -0.0000 0.5593 0.8289
vn -0.0000 0.6018 0.7987
vn -0.0000 0.6817 0.7316
vn -0.0000 0.7191 0.6949
vn -0.0000 0.7879 0.6158
vn -0.0000 0.8193 0.5733
vn -0.0000 0.8752 0.4837
vn -0.0000 0.8995 0.4368
vn -0.0000 0.9407 0.3394
vn -0.0000 0.9574 0.2889
vn -0.0000 0.9826 0.1856
vn -0.0000 0.9911 0.1329
vn -0.0000 0.9996 0.0266
vn -0.0000 0.9996 -0.0266
vn -0.0001 0.9912 -0.1327
vn -0.0000 0.9827 -0.1855
vn -0.0000 0.9574 -0.2887
vn -0.0000 0.9406 -0.3394
vn -0.0000 0.8995 -0.4369
vn -0.0000 0.8750 -0.4840
vn -0.0000 0.8193 -0.5734
vn -0.0000 0.7879 -0.6158
vn -0.0000 0.7191 -0.6950
vn -0.0000 0.6816 -0.7317
vn -0.0000 0.6017 -0.7987
vn -0.0000 0.5593 -0.8289
vn -0.0000 0.4705 -0.8824
vn -0.0000 0.4242 -0.9056
vn -0.0000 0.3285 -0.9445
vn -0.0000 0.2792 -0.9602
vn -0.0000 0.1790 -0.9838
vn -0.0000 0.1281 -0.9918
vn -0.0000 0.0258 -0.9997
vn -0.0000 -0.0258 -0.9997
vn -0.0000 -0.1282 -0.9918
vn -0.0000 -0.1790 -0.9838
vn -0.0000 -0.2792 -0.9602
vn -0.0000 -0.3284 -0.9445
vn -0.0000 -0.4241 -0.9056
vn -0.0000 -0.4705 -0.8824
vn -0.0000 -0.5594 -0.8289
vn -0.0000 -0.6018 -0.7986
vn -0.0000 -0.6817 -0.7316
vn -0.0000 -0.7190 -0.6950
vn -0.0000 -0.7878 -0.6159
vn -0.0000 -0.8192 -0.5734
vn -0.0000 -0.8750 -0.4840
vn -0.0000 -0.8995 -0.4369
vn -0.0000 -0.9407 -0.3393
vn -0.0000 -0.9574 -0.2886
vn -0.0000 -0.9827 -0.1854
vn -0.0000 -0.9912 -0.1327
vn -1.0000 0.0038 0.0027
vn -0.9999 -0.0097 -0.0042
vn -1.0000 -0.0000 0.0001
vn -1.0000 0.0005 -0.0001
vn -0.9998 0.0219 -0.0034
vn -0.9999 -0.0102 0.0041
vn -1.0000 0.0039 -0.0027
vn -0.9999 -0.0072 0.0082
vn -1.0000 -0.0001 -0.0000
vn -0.9999 -0.0057 0.0092
vn -1.0000 0.0001 -0.0018
vn -0.9998 -0.0032 0.0214
vn -1.0000 -0.0000 -0.0009
vn -0.9999 -0.0008 -0.0108
vn -1.0000 0.0009 0.0015
vn -0.9998 -0.0094 -0.0192
vn -1.0000 -0.0000 -0.0002
vn -1.0000 -0.0005 -0.0000
vn -0.9999 0.0102 0.0025
vn -1.0000 -0.0045 -0.0000
vn -0.9999 0.0107 -0.0025
vn -1.0000 0.0003 -0.0000
vn -1.0000 0.0001 -0.0000
vn -1.0000 -0.0003 -0.0000
vn -1.0000 0.0003 0.0002
vn -0.9999 -0.0072 -0.0083
vn -0.0000 0.4964 -0.8681
vn -0.0000 0.5017 -0.8650
vn -0.0000 0.4993 -0.8665
vn -0.0000 0.4965 -0.8681
vn -0.0000 0.5149 -0.8573
vn -0.0000 0.5099 -0.8603
vn -0.0000 0.5352 -0.8447
vn -0.0000 0.5278 -0.8494
vn -0.0000 0.5617 -0.8274
vn -0.0000 0.5524 -0.8336
vn -0.0000 0.5929 -0.8053
vn -0.0000 0.5821 -0.8131
vn -0.0000 0.6275 -0.7786
vn -0.0000 0.6157 -0.7879
vn -0.0000 0.6023 -0.7983
vn -0.0000 0.6232 -0.7821
vn -0.0000 0.4538 -0.8911
vn -0.0000 0.5153 -0.8570
vn -0.0000 0.0610 -0.9981
vn -0.0000 0.1279 -0.9918
vn -0.0000 -0.1397 -0.9902
vn -0.0000 -0.6319 -0.7750
vn -0.0000 -0.6114 -0.7913
vn -0.0000 -0.6239 -0.7815
vn -0.0000 -0.6359 -0.7718
vn -0.0000 -0.5895 -0.8078
vn -0.0000 -0.6006 -0.7996
vn -0.0000 -0.5589 -0.8293
vn -0.0000 -0.5685 -0.8227
vn -0.0000 -0.5337 -0.8457
vn -0.0000 -0.5413 -0.8408
vn -0.0000 -0.5152 -0.8571
vn -0.0000 -0.5204 -0.8539
vn -0.0000 -0.5046 -0.8634
vn -0.0000 -0.5070 -0.8619
vn -0.0000 -0.5014 -0.8652
vn -1.0000 -0.0000 -0.0005
vn -1.0000 -0.0006 0.0030
vn -1.0000 -0.0001 -0.0019
vn -1.0000 -0.0001 0.0007
vn -1.0000 -0.0001 -0.0001
vn -1.0000 0.0001 0.0004
vn -1.0000 -0.0000 0.0002
vn -1.0000 0.0001 0.0005
vn -1.0000 -0.0001 -0.0007
vn -1.0000 -0.0001 0.0001
vn -0.0000 -0.1314 0.9913
vn -0.0000 -0.1836 0.9830
vn -0.0000 -0.0264 0.9997
vn -0.0000 0.0265 0.9996
vn -0.0000 0.1314 -0.9913
vn -0.0000 0.1836 -0.9830
vn -0.0000 0.0264 -0.9997
vn -0.0000 -0.0264 -0.9997
vn 1.0000 -0.0004 -0.0000
vn 1.0000 -0.0006 -0.0002
vn 1.0000 0.0001 -0.0001
vn 1.0000 0.0004 -0.0000
vn -0.0000 -0.2862 0.9582
vn -0.0000 -0.3366 0.9417
vn -0.0000 0.2861 -0.9582
vn -0.0000 0.3365 -0.9417
vn 1.0000 -0.0000 -0.0001
vn 1.0000 -0.0003 -0.0002
vn -0.0000 -0.4343 0.9008
vn -0.0000 -0.4816 0.8764
vn -0.0000 0.4344 -0.9007
vn -0.0000 0.4816 -0.8764
vn 1.0000 -0.0002 -0.0001
vn 1.0000 0.0004 0.0004
vn -0.0000 -0.5720 0.8203
vn -0.0000 -0.6150 0.7885
vn -0.0000 0.5721 -0.8202
vn -0.0000 0.6150 -0.7885
vn 1.0000 0.0002 0.0002
vn 1.0000 0.0005 0.0005
vn -0.0000 -0.6958 0.7183
vn -0.0000 -0.7335 0.6797
vn -0.0000 0.6957 -0.7183
vn -0.0000 0.7334 -0.6798
vn 1.0000 -0.0003 -0.0005
vn -0.0000 -0.8022 0.5970
vn -0.0000 -0.8334 0.5527
vn -0.0000 0.8023 -0.5970
vn -0.0000 0.8334 -0.5527
vn 1.0000 -0.0001 -0.0004
vn -0.0000 -0.8882 0.4594
vn -0.0000 -0.9119 0.4105
vn -1.0000 0.0003 0.0007
vn -0.0000 0.8882 -0.4595
vn -0.0000 0.9119 -0.4104
vn -0.0000 -0.9511 0.3090
vn -0.0000 -0.9665 0.2566
vn -0.0000 0.9511 -0.3089
vn -0.0000 0.9665 -0.2566
vn 1.0000 -0.0001 -0.0002
vn 1.0000 0.0001 0.0007
vn -0.0000 -0.9887 0.1498
vn -0.0000 -0.9954 0.0955
vn -0.0000 0.9887 -0.1500
vn -0.0000 0.9954 -0.0957
vn 1.0000 -0.0001 -0.0000
vn -0.0000 -0.9999 -0.0136
vn -0.0000 -0.9977 -0.0683
vn -0.0000 0.9999 0.0136
vn -0.0000 0.9977 0.0685
vn 1.0000 -0.0001 0.0003
vn 1.0000 0.0001 -0.0005
vn -0.0000 -0.9843 -0.1766
vn -0.0000 -0.9731 -0.2302
vn -1.0000 -0.0000 -0.0006
vn -0.0000 0.9843 0.1768
vn -0.0000 0.9731 0.2304
vn -0.0000 -0.9423 -0.3347
vn -0.0000 -0.9227 -0.3856
vn -1.0000 -0.0001 0.0002
vn -0.0000 0.9424 0.3346
vn -0.0000 0.9227 0.3855
vn 1.0000 0.0001 -0.0002
vn 1.0000 0.0001 0.0001
vn -0.0000 -0.8755 -0.4833
vn -0.0000 -0.8480 -0.5300
vn -1.0000 0.0001 0.0001
vn -1.0000 -0.0000 0.0003
vn -0.0000 0.8755 0.4832
vn -0.0000 0.8479 0.5301
vn 1.0000 0.0001 -0.0003
vn 1.0000 0.0003 -0.0006
vn -0.0000 -0.7859 -0.6183
vn -0.0000 -0.7514 -0.6598
vn -1.0000 0.0002 -0.0001
vn -0.0000 0.7859 0.6184
vn -0.0000 0.7514 0.6598
vn -0.0000 -0.6763 -0.7366
vn -0.0000 -0.6358 -0.7718
vn -0.0000 0.6764 0.7366
vn -0.0000 0.6359 0.7718
vn -0.0000 -0.5500 -0.8352
vn -0.0000 -0.5047 -0.8633
vn -1.0000 -0.0006 0.0005
vn -0.0000 0.5500 0.8352
vn -0.0000 0.5046 0.8634
vn -0.0000 -0.4103 -0.9120
vn -0.0000 -0.3613 -0.9324
vn -1.0000 0.0002 -0.0000
vn -1.0000 0.0002 -0.0002
vn -0.0000 0.4102 0.9120
vn -0.0000 0.3614 0.9324
vn -0.0000 -0.2609 -0.9654
vn -0.0000 -0.2094 -0.9778
vn -1.0000 0.0006 -0.0003
vn -0.0000 0.2610 0.9654
vn -0.0000 0.2095 0.9778
vn 1.0000 -0.0002 0.0001
vn 1.0000 -0.0000 0.0001
vn -0.0000 -0.1053 -0.9944
vn -0.0000 -0.0526 -0.9986
vn -0.0000 0.1053 0.9944
vn -0.0000 0.0526 0.9986
vn -0.0000 0.0527 -0.9986
vn -0.0000 0.1053 -0.9944
vn -0.0000 -0.0526 0.9986
vn -0.0000 -0.1052 0.9944
vn -0.0000 0.2094 -0.9778
vn -0.0000 0.2609 -0.9654
vn -0.0000 -0.2094 0.9778
vn -0.0000 -0.2609 0.9654
vn 1.0000 0.0002 -0.0000
vn -0.0000 0.3613 -0.9324
vn -0.0000 0.4103 -0.9120
vn -0.0000 -0.3614 0.9324
vn -0.0000 -0.4104 0.9119
vn 1.0000 0.0004 0.0001
vn 1.0000 0.0006 0.0003
vn -0.0000 0.5046 -0.8634
vn -0.0000 0.5500 -0.8352
vn -0.0000 -0.5046 0.8633
vn -0.0000 -0.5500 0.8352
vn 1.0000 -0.0004 -0.0004
vn -0.0000 0.6358 -0.7718
vn -0.0000 0.6764 -0.7366
vn -0.0000 -0.6358 0.7718
vn -0.0000 -0.6763 0.7366
vn -0.0000 0.7514 -0.6598
vn -0.0000 0.7859 -0.6184
vn -0.0000 -0.7513 0.6599
vn -0.0000 -0.7859 0.6184
vn 1.0000 0.0002 0.0001
vn 1.0000 0.0003 0.0005
vn -0.0000 0.8480 -0.5301
vn -0.0000 0.8755 -0.4832
vn -0.0000 -0.8480 0.5300
vn -0.0000 -0.8755 0.4833
vn 1.0000 0.0001 -0.0000
vn -0.0000 0.9227 -0.3855
vn -0.0000 0.9423 -0.3347
vn -1.0000 -0.0001 -0.0002
vn -1.0000 -0.0001 -0.0004
vn -0.0000 -0.9227 0.3855
vn -0.0000 -0.9423 0.3348
vn -0.0000 0.9731 -0.2303
vn -0.0000 0.9843 -0.1768
vn -0.0000 -0.9731 0.2302
vn -0.0000 -0.9843 0.1766
vn -0.0000 0.9977 -0.0684
vn -0.0000 0.9999 -0.0136
vn -1.0000 0.0002 0.0006
vn -0.0000 -0.9977 0.0684
vn -0.0000 -0.9999 0.0137
vn -0.0000 0.9954 0.0956
vn -0.0000 0.9887 0.1499
vn -0.0000 -0.9954 -0.0954
vn -0.0000 -0.9887 -0.1499
vn 1.0000 -0.0000 -0.0004
vn -0.0000 0.9665 0.2566
vn -0.0000 0.9511 0.3090
vn -0.0000 -0.9665 -0.2567
vn -0.0000 -0.9510 -0.3092
vn -0.0000 0.9119 0.4104
vn -0.0000 0.8882 0.4594
vn -0.0000 -0.9119 -0.4105
vn -0.0000 -0.8882 -0.4594
vn 1.0000 0.0001 -0.0004
vn -0.0000 0.8334 0.5527
vn -0.0000 0.8022 0.5970
vn -1.0000 0.0004 -0.0006
vn -0.0000 -0.8334 -0.5527
vn -0.0000 -0.8023 -0.5970
vn -0.0000 0.7334 0.6798
vn -0.0000 0.6958 0.7183
vn -0.0000 -0.7334 -0.6798
vn -0.0000 -0.6957 -0.7183
vn 1.0000 -0.0003 0.0001
vn -0.0000 0.6151 0.7885
vn -0.0000 0.5720 0.8202
vn -0.0000 -0.6151 -0.7885
vn -0.0000 -0.5720 -0.8202
vn -0.0000 0.4816 0.8764
vn -0.0000 0.4343 0.9008
vn -0.0000 -0.4816 -0.8764
vn -0.0000 -0.4343 -0.9008
vn 1.0000 0.0002 -0.0001
vn -0.0000 0.3366 0.9417
vn -0.0000 0.2862 0.9582
vn -1.0000 0.0003 -0.0002
vn -0.0000 -0.3365 -0.9417
vn -0.0000 -0.2861 -0.9582
vn -0.0000 0.1836 0.9830
vn -0.0000 0.1314 0.9913
vn -0.0000 -0.1836 -0.9830
vn -0.0000 -0.1315 -0.9913
vn 1.0000 0.0006 -0.0000
vn -0.0000 0.4992 -0.8665
vn -0.0000 0.5126 -0.8586
vn -0.0000 0.5333 -0.8459
vn -0.0000 0.5507 -0.8347
vn -0.0000 0.4537 -0.8912
vn -0.0000 0.5152 -0.8571
vn -0.0000 -0.6317 -0.7752
vn -0.0000 -0.6112 -0.7915
vn -0.0000 -0.5883 -0.8086
vn -0.0000 -0.5315 -0.8470
vn -0.0000 -0.5394 -0.8421
vn -0.0000 -0.5128 -0.8585
vn -0.0000 -0.5018 -0.8650
vn -0.0000 -0.4988 -0.8667
vn 0.0001 -1.0000 -0.0000
vn 0.0001 1.0000 -0.0089
vn 1.0000 0.0001 0.0004
vn 1.0000 0.0001 0.0003
vn 1.0000 -0.0000 0.0007
vn -1.0000 -0.0002 0.0010
vn -1.0000 -0.0016 0.0004
vn -1.0000 0.0032 -0.0021
vn -1.0000 0.0005 -0.0000
vn -1.0000 0.0007 -0.0008
vn -1.0000 0.0021 -0.0033
vn -1.0000 0.0001 -0.0002
vn -1.0000 0.0008 -0.0057
vn -1.0000 0.0008 0.0059
vn -1.0000 0.0019 0.0031
vn -1.0000 0.0002 0.0002
vn -1.0000 0.0054 0.0052
vn -1.0000 0.0002 0.0001
vn -1.0000 -0.0021 -0.0020
vn -1.0000 0.0018 0.0005
vn -1.0000 -0.0032 -0.0003
vn -0.9999 0.0086 -0.0085
vn -1.0000 0.0003 -0.0003
vn -1.0000 0.0013 -0.0021
vn -1.0000 0.0001 -0.0012
vn -1.0000 -0.0000 -0.0003
vn -1.0000 0.0013 0.0026
vn -1.0000 -0.0003 -0.0003
vn -1.0000 0.0038 0.0039
vn -1.0000 -0.0004 -0.0002
vn -1.0000 0.0059 0.0030
vn -1.0000 -0.0008 -0.0003
vn -1.0000 0.0038 0.0003
vn -1.0000 -0.0002 -0.0000
vn -1.0000 -0.0043 0.0009
vn -0.0000 -0.9996 0.0266
vn -0.0000 -0.9911 0.1328
vn -0.0000 -0.9574 0.2889
vn -0.0000 -0.8995 0.4369
vn -0.0000 -0.8193 0.5734
vn -0.0000 -0.7878 0.6159
vn -0.0000 -0.6817 0.7316
vn -0.0000 -0.5594 0.8289
vn -0.0000 -0.4240 0.9057
vn -0.0000 -0.1792 0.9838
vn -0.0000 0.0257 0.9997
vn -0.0000 0.1282 0.9917
vn -0.0000 0.1791 0.9838
vn -0.0000 0.2793 0.9602
vn -0.0000 0.4240 0.9057
vn -0.0000 0.4704 0.8825
vn -0.0000 0.6018 0.7986
vn -0.0000 0.8193 0.5734
vn -0.0000 0.8752 0.4838
vn -0.0000 0.9407 0.3393
vn -0.0000 0.9911 0.1328
vn -0.0000 0.9996 0.0267
vn -0.0000 0.9996 -0.0267
vn -0.0000 0.9912 -0.1327
vn -0.0000 0.9826 -0.1855
vn -0.0000 0.9407 -0.3393
vn -0.0000 0.8751 -0.4840
vn -0.0000 0.8193 -0.5733
vn -0.0000 0.7191 -0.6949
vn -0.0000 0.5593 -0.8290
vn -0.0000 0.1791 -0.9838
vn -0.0000 0.1283 -0.9917
vn -0.0000 -0.1282 -0.9917
vn -0.0000 -0.1791 -0.9838
vn -0.0000 -0.4706 -0.8824
vn -0.0000 -0.7878 -0.6160
vn -0.0000 -0.8192 -0.5735
vn -0.0000 -0.9574 -0.2887
vn 1.0000 -0.0064 -0.0065
vn 1.0000 -0.0036 -0.0065
vn 1.0000 -0.0002 -0.0032
vn 1.0000 -0.0001 0.0002
vn 1.0000 -0.0005 0.0004
vn 1.0000 0.0037 -0.0010
vn 1.0000 -0.0016 -0.0000
vn 1.0000 0.0037 0.0010
vn 1.0000 -0.0036 -0.0074
vn 1.0000 -0.0006 -0.0060
vn 1.0000 -0.0012 0.0082
vn 1.0000 0.0001 -0.0007
vn 1.0000 -0.0019 0.0027
vn 1.0000 -0.0001 0.0001
vn 1.0000 -0.0040 0.0047
vn 1.0000 0.0016 -0.0011
vn 1.0000 -0.0043 0.0021
vn 1.0000 0.0085 -0.0014
vn 1.0000 -0.0027 -0.0003
vn 1.0000 -0.0064 -0.0033
vn -0.0000 0.4996 -0.8663
vn -0.0000 0.5016 -0.8651
vn -0.0000 0.5149 -0.8572
vn -0.0000 0.5278 -0.8493
vn -0.0000 0.5523 -0.8336
vn -0.0000 0.5617 -0.8273
vn -0.0000 0.5930 -0.8052
vn -0.0000 0.6157 -0.7880
vn -0.0000 -0.3375 -0.9413
vn 0.0001 -0.5256 -0.8507
vn -0.0000 -0.6113 -0.7914
vn -0.0000 -0.6320 -0.7750
vn -0.0000 -0.6359 -0.7717
vn -0.0000 -0.5894 -0.8078
vn -0.0000 -0.5588 -0.8293
vn -0.0000 -0.5414 -0.8408
vn -0.0000 -0.5151 -0.8571
vn -0.0000 -0.5068 -0.8621
vn -0.0000 -0.5015 -0.8652
vn -1.0000 -0.0000 0.0004
vn -1.0000 0.0001 0.0002
vn 1.0000 0.0001 0.0002
vn 1.0000 0.0001 0.0008
vn 1.0000 -0.0000 0.0003
vn 1.0000 -0.0001 -0.0003
vn 1.0000 -0.0001 -0.0016
vn 1.0000 -0.0003 0.0010
vn -0.0000 -0.1837 0.9830
vn -0.0000 -0.1315 0.9913
vn -0.0000 0.0264 0.9997
vn 1.0000 -0.0002 -0.0000
vn -0.0000 0.1837 -0.9830
vn -0.0000 0.2862 -0.9582
vn -0.0000 0.4817 -0.8764
vn -0.0000 0.4342 -0.9008
vn -0.0000 -0.5720 0.8202
vn -0.0000 0.5722 -0.8201
vn -0.0000 -0.7334 0.6798
vn -0.0000 -0.6958 0.7182
vn -0.0000 0.6958 -0.7183
vn -0.0000 -0.8333 0.5527
vn -0.0000 0.8333 -0.5528
vn -0.0000 0.8022 -0.5971
vn -0.0000 -0.9119 0.4104
vn 1.0000 0.0002 0.0003
vn -0.0000 0.8882 -0.4594
vn -0.0000 -0.9954 0.0956
vn -0.0000 0.9954 -0.0955
vn -0.0000 0.9976 0.0685
vn -0.0000 -0.9731 -0.2303
vn -0.0000 0.9731 0.2303
vn -0.0000 0.9227 0.3854
vn -1.0000 0.0002 -0.0004
vn -0.0000 -0.8480 -0.5301
vn -0.0000 -0.7514 -0.6599
vn -0.0000 -0.7859 -0.6184
vn -0.0000 0.7514 0.6599
vn -1.0000 0.0001 -0.0001
vn -0.0000 0.6764 0.7365
vn 1.0000 -0.0002 0.0002
vn -0.0000 0.5047 0.8633
vn -0.0000 0.5501 0.8351
vn -0.0000 -0.4103 -0.9119
vn -0.0000 0.3613 0.9325
vn -0.0000 0.4103 0.9120
vn -1.0000 -0.0002 0.0001
vn -0.0000 -0.2095 -0.9778
vn -0.0000 0.2094 0.9778
vn -0.0000 0.2608 0.9654
vn -0.0000 -0.0527 -0.9986
vn -0.0000 -0.1054 -0.9944
vn -0.0000 0.0527 0.9986
vn -0.0000 0.1054 0.9944
vn -0.0000 0.1054 -0.9944
vn -0.0000 -0.1053 0.9944
vn -0.0000 -0.0527 0.9986
vn -0.0000 0.2095 -0.9778
vn -0.0000 0.4103 -0.9119
vn -1.0000 0.0005 0.0003
vn -0.0000 0.5046 -0.8633
vn -0.0000 -0.5499 0.8352
vn -0.0000 -0.5047 0.8633
vn -1.0000 -0.0004 -0.0003
vn -0.0000 0.7514 -0.6599
vn -0.0000 -0.7859 0.6183
vn -0.0000 -0.8755 0.4831
vn -0.0000 -0.9227 0.3856
vn -0.0000 0.9842 -0.1768
vn -0.0000 -0.9843 0.1767
vn -0.0000 -0.9999 0.0138
vn -0.0000 -0.9977 0.0683
vn 1.0000 0.0002 -0.0003
vn -0.0000 0.6958 0.7182
vn -0.0000 -0.6958 -0.7183
vn -0.0000 -0.5722 -0.8201
vn -0.0000 -0.6152 -0.7884
vn -0.0000 -0.4342 -0.9008
vn -0.0000 0.3365 0.9417
vn -0.0000 -0.2862 -0.9582
vn -0.0000 0.1315 0.9913
vn -0.0000 0.1837 0.9830
vn -0.0000 -0.1314 -0.9913
vn -0.0002 -0.0001 1.0000
vn 0.0002 -0.0005 1.0000
vn 0.0002 0.0001 1.0000
vn -0.0002 0.0004 1.0000
vn -1.0000 -0.0002 -0.0001
vn -1.0000 -0.0006 0.0001
vn 0.0002 -0.0001 -1.0000
vn -0.0002 -0.0005 -1.0000
vn -0.0002 0.0001 -1.0000
vn 0.0002 0.0004 -1.0000
vn 1.0000 -0.0006 -0.0001
vn 1.0000 0.0005 0.0001
vn -0.0001 1.0000 -0.0001
vn -0.0004 1.0000 0.0001
vn 0.0001 1.0000 0.0001
vn 0.0004 1.0000 -0.0001
vn -0.0000 -1.0000 0.0035
vn -0.0000 -0.9999 0.0124
vn -0.0000 -1.0000 -0.0035
vn -0.0000 -0.9999 -0.0131
vn -0.0027 -1.0000 -0.0000
vn -0.0099 -1.0000 -0.0000
vn 0.0028 -1.0000 -0.0000
vn 0.0105 -0.9999 -0.0000
vn -0.0000 -0.9999 -0.0124
vn -0.0000 -1.0000 0.0034
vn -0.0000 -0.9999 0.0132
vn 0.0027 -1.0000 -0.0000
vn 0.0099 -1.0000 -0.0000
vn -0.0028 -1.0000 -0.0000
vn -0.0105 -0.9999 -0.0000
vn -0.0002 -0.0001 -1.0000
vn 0.0002 -0.0004 -1.0000
vn -0.0002 -0.0004 -1.0000
vn 1.0000 -0.0005 0.0001
vn 0.0003 -0.0001 1.0000
vn -0.0002 -0.0005 1.0000
vn 0.0002 -0.0004 1.0000
vn -1.0000 -0.0005 -0.0001
vn 0.3102 0.0002 0.9507
vn 0.2249 0.2871 0.9311
vn 0.0001 0.2580 0.9661
vn -0.3047 0.9525 0.0001
vn -0.2214 0.9349 0.2772
vn -0.0001 0.9686 0.2487
vn -0.0001 0.9283 -0.3718
vn -0.2215 0.9349 -0.2772
vn -0.2008 0.9796 -0.0001
vn 0.8903 0.0002 -0.4554
vn 0.8796 0.3394 -0.3332
vn 0.9484 0.3169 -0.0001
vn -0.0000 -0.3869 0.9221
vn 0.1848 -0.3391 0.9224
vn 0.2047 -0.0001 0.9788
vn -0.8852 -0.4653 -0.0000
vn -0.8736 -0.4021 0.2742
vn -0.9502 -0.0002 0.3115
vn -0.0000 -0.3870 -0.9221
vn -0.1850 -0.3388 -0.9225
vn -0.2048 -0.0001 -0.9788
vn 0.8852 -0.4652 -0.0000
vn 0.8736 -0.4021 -0.2741
vn 0.9503 -0.0002 -0.3115
vn -0.0002 -0.9286 -0.3711
vn -0.1023 -0.9627 -0.2505
vn -0.0021 -1.0000 -0.0045
vn 0.3042 -0.9526 -0.0001
vn 0.2018 -0.9709 -0.1292
vn 0.0036 -1.0000 -0.0026
vn 0.0002 -0.9286 0.3711
vn 0.1023 -0.9627 0.2505
vn 0.0021 -1.0000 0.0045
vn -0.3041 -0.9526 0.0001
vn -0.2018 -0.9709 0.1292
vn -0.0036 -1.0000 0.0026
vn -0.0002 -0.3846 -0.9231
vn -0.2250 -0.2872 -0.9311
vn -0.2047 -0.0002 -0.9788
vn 0.8866 -0.4625 -0.0001
vn 0.8796 -0.3397 -0.3330
vn 0.0001 -0.3846 0.9231
vn 0.2249 -0.2871 0.9311
vn 0.2047 -0.0002 0.9788
vn -0.8866 -0.4625 0.0001
vn -0.8796 -0.3397 0.3329
vn -0.9503 -0.0002 0.3114
vn -0.0002 0.3846 0.9231
vn -0.2048 0.0002 0.9788
vn -0.3102 -0.0001 0.9507
vn -0.0000 -0.9687 0.2483
vn -0.0000 -0.9290 0.3701
vn -0.9485 0.3169 0.0001
vn -0.8866 0.4625 -0.0001
vn -0.9503 0.0002 -0.3114
vn -0.8904 -0.0002 -0.4552
vn -0.2004 -0.9797 -0.0000
vn -0.3033 -0.9529 -0.0000
vn -0.0001 0.2580 -0.9661
vn 0.0002 0.3846 -0.9231
vn 0.2047 0.0002 -0.9788
vn 0.3102 -0.0001 -0.9507
vn -0.0000 -0.9687 -0.2483
vn -0.0000 -0.9290 -0.3701
vn 0.8867 0.4624 0.0001
vn 0.2004 -0.9797 -0.0000
vn 0.3033 -0.9529 -0.0000
vn -0.0002 -0.2581 -0.9661
vn 0.0002 -0.3850 -0.9229
vn 0.9484 -0.3172 -0.0001
vn 0.8864 -0.4630 0.0001
vn 0.0003 -0.2581 0.9661
vn -0.0003 -0.3849 0.9230
vn -0.9484 -0.3172 0.0001
vn -0.8864 -0.4630 -0.0001
vn 0.0042 -1.0000 0.0005
vn -0.0035 -1.0000 -0.0026
vn -0.0004 -1.0000 0.0052
vn 0.0021 -1.0000 -0.0045
vn -0.0042 -1.0000 -0.0005
vn 0.0036 -1.0000 0.0026
vn 0.0004 -1.0000 -0.0052
vn -0.0021 -1.0000 0.0045
vn -0.0000 -0.0073 1.0000
vn 0.0001 -0.0073 1.0000
vn 0.0002 -0.0073 1.0000
vn -0.0002 -0.0073 1.0000
vn -1.0000 -0.0091 -0.0000
vn -1.0000 -0.0091 0.0003
vn -1.0000 -0.0091 -0.0003
vn -0.0000 -0.0073 -1.0000
vn -0.0002 -0.0073 -1.0000
vn 0.0002 -0.0073 -1.0000
vn 1.0000 -0.0092 -0.0000
vn 1.0000 -0.0091 -0.0001
vn 1.0000 -0.0091 -0.0003
vn 1.0000 -0.0092 0.0003
vn -0.9503 -0.0003 -0.3112
vn -0.8903 -0.0002 -0.4553
vn 0.2045 -0.0002 -0.9789
vn 0.3101 -0.0001 -0.9507
vn 0.9504 -0.0002 0.3111
vn 0.8903 -0.0002 0.4554
vn -0.2045 -0.0002 0.9789
vn -0.3102 -0.0002 0.9507
vn 0.9503 0.0001 0.3115
vn 0.8796 0.3396 0.3331
vn 0.6090 0.2191 0.7623
vn 0.6922 0.0001 0.7217
vn 0.2008 0.9796 0.0001
vn 0.2214 0.9349 0.2772
vn 0.6024 0.7693 0.2127
vn 0.5462 0.8376 0.0001
vn -0.8796 0.3396 0.3331
vn -0.6024 0.7693 0.2127
vn -0.6850 0.7285 0.0001
vn -0.2250 0.2872 0.9311
vn -0.6090 0.2192 0.7623
vn -0.5539 0.0001 0.8326
vn -0.2249 0.2872 -0.9311
vn -0.1558 0.7054 -0.6915
vn -0.0001 0.6475 -0.7621
vn -0.8796 0.3396 -0.3330
vn -0.6090 0.2191 -0.7623
vn -0.6921 0.0001 -0.7218
vn 0.2250 0.2872 -0.9311
vn 0.6090 0.2191 -0.7623
vn 0.5539 0.0001 -0.8326
vn 0.0001 0.9686 -0.2487
vn 0.2214 0.9349 -0.2772
vn 0.1558 0.7054 -0.6915
vn 0.0001 0.7746 -0.6324
vn -0.0001 -0.7927 0.6096
vn 0.0286 -0.9662 0.2561
vn 0.0913 -0.8007 0.5921
vn 0.0045 -1.0000 0.0056
vn 0.2070 -0.9777 0.0363
vn 0.1461 -0.9722 0.1828
vn 0.3627 -0.8139 0.4539
vn 0.5048 -0.8546 0.1220
vn 0.8736 -0.4021 0.2742
vn 0.6006 -0.2726 0.7517
vn -0.5232 -0.8522 -0.0000
vn -0.2071 -0.9777 0.0362
vn -0.5048 -0.8546 0.1220
vn -0.0045 -1.0000 0.0056
vn -0.0287 -0.9662 0.2561
vn -0.1460 -0.9722 0.1828
vn -0.3627 -0.8139 0.4539
vn -0.0913 -0.8007 0.5921
vn -0.1847 -0.3391 0.9224
vn -0.6006 -0.2725 0.7517
vn -0.0000 -0.7928 -0.6094
vn -0.0285 -0.9662 -0.2561
vn -0.0914 -0.8006 -0.5921
vn -0.0045 -1.0000 -0.0056
vn -0.2069 -0.9777 -0.0363
vn -0.1461 -0.9722 -0.1828
vn -0.3628 -0.8138 -0.4540
vn -0.5048 -0.8546 -0.1220
vn -0.8736 -0.4021 -0.2741
vn -0.6004 -0.2726 -0.7518
vn 0.5232 -0.8522 -0.0000
vn 0.2070 -0.9777 -0.0362
vn 0.5049 -0.8545 -0.1221
vn 0.0045 -1.0000 -0.0056
vn 0.0286 -0.9662 -0.2560
vn 0.1460 -0.9723 -0.1828
vn 0.3628 -0.8138 -0.4540
vn 0.0913 -0.8006 -0.5922
vn 0.1848 -0.3389 -0.9225
vn 0.6004 -0.2725 -0.7518
vn -0.0003 -0.6537 -0.7567
vn -0.2694 -0.3372 -0.9021
vn -0.2129 -0.7585 -0.6159
vn -0.6921 -0.0003 -0.7218
vn -0.8340 -0.3903 -0.3901
vn -0.5608 -0.4383 -0.7024
vn -0.3431 -0.8353 -0.4295
vn -0.5221 -0.8046 -0.2828
vn -0.2018 -0.9709 -0.1292
vn -0.1268 -0.9792 -0.1587
vn 0.6790 -0.7341 -0.0001
vn 0.8340 -0.3903 -0.3901
vn 0.5220 -0.8047 -0.2827
vn 0.5540 -0.0003 -0.8325
vn 0.2694 -0.3372 -0.9021
vn 0.5609 -0.4383 -0.7024
vn 0.3431 -0.8354 -0.4295
vn 0.2129 -0.7585 -0.6159
vn 0.1023 -0.9627 -0.2505
vn 0.1268 -0.9791 -0.1587
vn 0.0003 -0.6537 0.7568
vn 0.2692 -0.3373 0.9021
vn 0.2128 -0.7584 0.6160
vn 0.6919 -0.0003 0.7220
vn 0.8339 -0.3904 0.3901
vn 0.5609 -0.4383 0.7023
vn 0.3431 -0.8353 0.4296
vn 0.5221 -0.8047 0.2827
vn 0.2018 -0.9709 0.1292
vn 0.1268 -0.9791 0.1587
vn -0.6790 -0.7341 0.0001
vn -0.8339 -0.3904 0.3901
vn -0.5221 -0.8047 0.2827
vn -0.5538 -0.0003 0.8326
vn -0.2692 -0.3373 0.9021
vn -0.5609 -0.4383 0.7023
vn -0.3430 -0.8353 0.4296
vn -0.2128 -0.7584 0.6160
vn -0.1022 -0.9627 0.2504
vn -0.1268 -0.9791 0.1587
vn -0.0003 -0.8730 -0.4878
vn -0.3155 -0.8629 -0.3948
vn -0.1560 -0.7053 -0.6915
vn -0.0001 -0.7746 -0.6325
vn -0.9485 -0.3169 -0.0001
vn -0.8796 -0.3397 -0.3330
vn -0.6024 -0.7693 -0.2127
vn -0.6850 -0.7285 -0.0001
vn 0.4076 -0.9132 -0.0001
vn 0.3156 -0.8629 -0.3948
vn 0.6024 -0.7693 -0.2127
vn 0.5462 -0.8376 -0.0001
vn 0.0002 -0.2580 -0.9662
vn 0.2250 -0.2872 -0.9311
vn 0.1560 -0.7053 -0.6915
vn 0.0001 -0.6475 -0.7621
vn 0.0003 -0.8727 0.4882
vn 0.3155 -0.8629 0.3949
vn 0.1558 -0.7053 0.6916
vn 0.0001 -0.7744 0.6327
vn 0.9485 -0.3169 0.0001
vn 0.8796 -0.3397 0.3330
vn 0.6024 -0.7693 0.2126
vn 0.6850 -0.7285 -0.0000
vn -0.4076 -0.9132 0.0001
vn -0.3155 -0.8629 0.3949
vn -0.6024 -0.7693 0.2127
vn -0.5462 -0.8377 0.0001
vn -0.0001 -0.2581 0.9661
vn -0.2249 -0.2871 0.9311
vn -0.1558 -0.7053 0.6916
vn -0.0001 -0.6474 0.7622
vn 0.0001 0.9283 0.3717
vn -0.0001 0.7746 0.6324
vn 0.0001 0.6476 0.7620
vn -0.8904 0.0002 0.4553
vn -0.6922 -0.0001 0.7217
vn -0.0000 -0.2595 0.9657
vn -0.0000 -0.6735 0.7391
vn 0.8904 -0.0002 0.4553
vn 0.5539 -0.0001 0.8326
vn -0.5462 0.8376 -0.0000
vn -0.3102 0.0002 -0.9507
vn -0.5537 -0.0001 -0.8327
vn -0.9479 -0.3187 -0.0000
vn -0.6593 -0.7519 -0.0000
vn 0.6921 -0.0001 -0.7218
vn -0.0000 -0.2593 -0.9658
vn -0.0000 -0.6737 -0.7390
vn 0.3047 0.9525 -0.0001
vn 0.6850 0.7285 -0.0000
vn 0.9479 -0.3187 -0.0000
vn 0.6593 -0.7519 -0.0000
vn 0.0002 -0.9687 -0.2484
vn 0.0003 -0.7795 -0.6264
vn 0.2006 -0.9797 0.0001
vn 0.5401 -0.8416 0.0001
vn -0.0002 -0.9687 0.2484
vn -0.0003 -0.7795 0.6265
vn -0.2006 -0.9797 -0.0001
vn -0.5401 -0.8416 -0.0001
vn 0.0004 -1.0000 0.0052
vn -0.0013 -1.0000 -0.0016
vn -0.0042 -1.0000 0.0005
vn 0.0013 -1.0000 -0.0016
vn -0.0004 -1.0000 -0.0052
vn 0.0013 -1.0000 0.0017
vn 0.0042 -1.0000 -0.0005
vn -0.0013 -1.0000 0.0016
vn -0.3100 -0.0002 -0.9507
vn -0.5539 -0.0001 -0.8326
vn 0.8905 -0.0003 -0.4551
vn 0.6922 -0.0001 -0.7217
vn 0.3100 -0.0002 0.9507
vn 0.5538 -0.0001 0.8327
vn -0.8904 -0.0003 0.4552
vn -0.6919 -0.0001 0.7220
vn 0.4881 0.6232 0.6110
vn 0.1558 0.7054 0.6915
vn -0.4881 0.6232 0.6110
vn -0.1558 0.7055 0.6914
vn -0.4881 0.6232 -0.6110
vn -0.6024 0.7693 -0.2127
vn 0.4881 0.6232 -0.6110
vn 0.6024 0.7693 -0.2127
vn -0.4881 -0.6233 -0.6110
vn -0.6088 -0.2194 -0.7624
vn 0.4881 -0.6233 -0.6110
vn 0.6088 -0.2195 -0.7623
vn 0.4881 -0.6232 0.6111
vn 0.6089 -0.2192 0.7624
vn -0.4881 -0.6232 0.6111
vn -0.6088 -0.2192 0.7624
vn 0.9980 -0.0091 -0.0627
vn -0.0400 -0.0073 0.9992
vn -0.4076 -0.9132 -0.0001
vn 0.0399 -0.0073 0.9992
vn -0.9980 -0.0091 -0.0627
vn 0.0002 -0.8730 -0.4878
vn -0.9980 -0.0091 0.0628
vn 0.0395 -0.0073 -0.9992
vn 0.4076 -0.9132 0.0001
vn -0.0394 -0.0073 -0.9992
vn 0.9980 -0.0091 0.0627
vn -0.0001 -0.8728 0.4881
vn -0.9995 -0.0318 -0.0023
vn -1.0000 -0.0000 -0.0037
vn -1.0000 -0.0000 0.0010
vn -0.9966 -0.0825 0.0015
vn -0.0000 -0.0254 -0.9997
vn -0.0000 -0.0000 -1.0000
vn -0.0000 -0.0650 -0.9979
vn 0.0021 -0.0002 -1.0000
vn -0.0000 -0.0002 -1.0000
vn 0.0078 -0.0000 -1.0000
vn 1.0000 -0.0002 0.0036
vn 0.9999 -0.0001 0.0135
vn -0.0008 -1.0000 0.0010
vn -0.0014 -1.0000 0.0041
vn -0.0009 -1.0000 -0.0070
vn 0.0038 -1.0000 -0.0027
vn -0.0008 -1.0000 -0.0010
vn -0.0029 -1.0000 -0.0015
vn 0.0054 -1.0000 -0.0000
vn 0.0021 -1.0000 0.0049
vn -0.0042 -0.0000 1.0000
vn -0.3118 -0.0000 0.9501
vn -0.2059 -0.0000 0.9786
vn -0.0011 -0.0000 1.0000
vn -0.6857 -0.0000 0.7279
vn -0.5602 -0.0000 0.8284
vn -1.0000 -0.0000 -0.0038
vn -0.8893 -0.0000 -0.4574
vn -0.9497 -0.0000 -0.3132
vn -1.0000 -0.0000 -0.0010
vn -0.5608 -0.0000 -0.8280
vn -0.6862 -0.0000 -0.7274
vn -0.9471 -0.0000 0.3211
vn -0.9484 -0.0538 0.3125
vn -0.6795 -0.0000 0.7336
vn -0.6857 -0.0500 0.7262
vn -0.0173 -0.0000 -0.9999
vn -0.2114 -0.0000 -0.9774
vn -0.2055 -0.0443 -0.9777
vn -0.0138 -0.0630 -0.9979
vn -0.5673 -0.0000 -0.8235
vn -0.5593 -0.0481 -0.8276
vn 1.0000 -0.0002 -0.0070
vn 1.0000 -0.0000 -0.0070
vn -0.0000 -0.0003 -1.0000
vn -0.0000 -0.0001 -1.0000
vn -0.0030 -1.0000 0.0016
vn 0.0052 -1.0000 -0.0000
vn 0.0094 -1.0000 -0.0000
vn -0.0026 -1.0000 -0.0000
vn -0.0000 -0.9999 0.0121
vn -0.0000 -1.0000 -0.0034
vn -0.0000 -1.0000 0.0033
vn -0.0000 -0.9999 -0.0116
vn 0.0046 -0.0001 1.0000
vn 0.0047 -0.0000 1.0000
vn -0.0000 -0.0002 1.0000
vn -0.0000 -0.0001 1.0000
vn -0.0012 -1.0000 -0.0036
vn -0.0000 -1.0000 0.0066
vn -0.0000 -1.0000 0.0091
vn -0.0002 -1.0000 -0.0043
vn 0.0026 -1.0000 -0.0000
vn -0.0096 -1.0000 -0.0000
vn 0.0011 -0.0000 1.0000
vn 0.0017 -0.0658 0.9978
vn -0.0025 -0.0256 0.9997
vn -0.0041 -0.0000 1.0000
vn -0.0000 -0.0003 1.0000
vn -0.0002 -1.0000 -0.0030
vn -0.0000 -0.9999 0.0125
vn -0.0000 -1.0000 0.0040
vn -0.0000 -0.9999 -0.0123
vn 1.0000 -0.0000 0.0036
vn 1.0000 -0.0000 -0.0011
vn 0.9986 -0.0537 -0.0010
vn 0.9985 -0.0541 0.0025
vn -0.0040 -0.0001 -1.0000
vn -0.0041 -0.0000 -1.0000
vn -1.0000 -0.0001 0.0071
vn -1.0000 -0.0000 0.0070
vn 0.0008 -1.0000 0.0009
vn -0.0019 -1.0000 -0.0052
vn 0.0009 -1.0000 -0.0063
vn 0.0013 -1.0000 0.0040
vn 0.0008 -1.0000 -0.0010
vn -0.0041 -1.0000 0.0025
vn -0.0052 -1.0000 -0.0000
vn 0.0029 -1.0000 -0.0015
vn 0.0042 -0.0000 1.0000
vn 0.3122 -0.0000 0.9500
vn 0.2064 -0.0000 0.9785
vn 0.6862 -0.0000 0.7274
vn 0.5607 -0.0000 0.8280
vn 1.0000 -0.0000 -0.0038
vn 0.8890 -0.0000 -0.4580
vn 0.9495 -0.0000 -0.3138
vn 1.0000 -0.0000 -0.0010
vn 0.5602 -0.0000 -0.8284
vn 0.6857 -0.0000 -0.7279
vn 0.9334 -0.0512 0.3551
vn 0.8888 -0.0000 0.4583
vn 0.6083 -0.0397 0.7927
vn 0.5624 -0.0000 0.8268
vn 0.2356 -0.0425 -0.9709
vn 0.3124 -0.0000 -0.9499
vn 0.0162 -0.0000 -0.9999
vn 0.0124 -0.0298 -0.9995
vn 0.6388 -0.0399 -0.7683
vn 0.6841 -0.0000 -0.7294
vn -0.9999 -0.0000 -0.0135
vn -1.0000 -0.0003 -0.0036
vn -0.0051 -1.0000 -0.0000
vn -0.0054 -1.0000 -0.0000
vn 0.0030 -1.0000 0.0015
vn 0.0051 -1.0000 -0.0000
vn -0.0091 -0.0000 1.0000
vn -0.0024 -0.0002 1.0000
vn 0.0001 -1.0000 0.0040
vn 0.0012 -1.0000 -0.0035
vn 0.0004 -0.9999 -0.0115
vn -0.0050 -1.0000 -0.0000
vn 0.0050 -1.0000 -0.0000
vn -0.8863 -0.4632 0.0019
vn -0.9479 -0.3186 -0.0011
vn -0.0000 -0.3852 -0.9228
vn -0.0000 -0.2601 -0.9656
vn -0.0000 -0.7684 -0.6400
vn -0.0000 -0.6549 -0.7558
vn 0.3120 -0.0000 -0.9501
vn 0.2054 -0.0002 -0.9787
vn 0.6866 -0.0000 -0.7270
vn 0.5599 -0.0001 -0.8286
vn 0.0039 -0.3860 -0.9225
vn -0.0000 -0.3101 -0.9507
vn 0.0019 -0.7688 -0.6395
vn -0.0000 -0.7037 -0.7105
vn 0.8890 -0.0000 0.4578
vn 0.9499 -0.0002 0.3126
vn 0.5603 -0.0000 0.8283
vn 0.6867 -0.0001 0.7269
vn 0.8859 -0.4637 0.0065
vn 0.9220 -0.3871 -0.0000
vn 0.5538 -0.8326 0.0029
vn 0.6203 -0.7843 -0.0000
vn -0.1467 -0.9677 0.2052
vn -0.0634 -0.9650 0.2543
vn -0.3976 -0.7583 0.5166
vn -0.1611 -0.7827 0.6011
vn -0.0000 -0.9468 -0.3218
vn 0.0036 -0.9674 -0.2532
vn -0.1639 -0.9693 -0.1835
vn -0.2049 -0.9755 -0.0801
vn -0.4144 -0.7606 -0.4998
vn -0.5110 -0.8323 -0.2147
vn 0.2551 -0.9669 -0.0000
vn 0.2043 -0.9789 0.0051
vn -0.2158 -0.3578 0.9085
vn -0.0010 -0.3215 0.9469
vn -0.0024 -0.7126 0.7016
vn -0.3122 -0.0452 0.9489
vn -0.5729 -0.3614 0.7357
vn -0.8508 -0.4193 -0.3168
vn -0.6795 -0.7336 -0.0013
vn -0.8875 -0.0529 -0.4577
vn -0.5904 -0.3633 -0.7207
vn -0.8427 -0.3961 0.3645
vn -0.5612 -0.7898 0.2475
vn -0.5536 -0.8328 0.0013
vn -0.2501 -0.3408 -0.9063
vn -0.0177 -0.3675 -0.9299
vn -0.1840 -0.7342 -0.6536
vn -0.0132 -0.7539 -0.6569
vn 0.9468 -0.3218 -0.0000
vn 0.9183 -0.3958 -0.0000
vn 0.6767 -0.7362 -0.0000
vn 0.6130 -0.7901 -0.0000
vn 0.9464 -0.3228 -0.0062
vn 0.6781 -0.7350 -0.0030
vn 0.8890 -0.0002 -0.4579
vn 0.9497 -0.0000 -0.3131
vn -0.0000 -0.3820 -0.9242
vn -0.0000 -0.7110 -0.7032
vn -0.0000 -0.7156 -0.6985
vn -0.0000 -0.2631 -0.9648
vn -0.2028 -0.9792 0.0006
vn -0.2266 -0.9682 0.1057
vn 0.2497 -0.9683 -0.0000
vn 0.3041 -0.9526 -0.0000
vn 0.3061 -0.9520 -0.0055
vn -0.0008 -0.9274 0.3741
vn -0.0000 -0.9500 -0.3124
vn 0.0008 -0.9676 0.2523
vn 0.0012 -0.7133 0.7008
vn -0.0000 -0.9516 -0.3074
vn -0.0000 -0.3217 0.9468
vn 0.0043 -0.2622 0.9650
vn -0.0000 -0.7142 0.6999
vn 0.0022 -0.6548 0.7558
vn 0.3124 -0.0002 0.9500
vn 0.2052 -0.0000 0.9787
vn -0.0000 -0.2950 0.9555
vn -0.0000 -0.6896 0.7242
vn 0.8872 -0.4614 -0.0000
vn 0.5555 -0.8315 -0.0000
vn -0.0066 -0.9597 -0.2809
vn -0.0834 -0.9564 -0.2799
vn -0.0000 -0.9507 0.3100
vn -0.0000 -0.9417 0.3365
vn 0.0045 -0.9278 0.3729
vn -0.3064 -0.9519 -0.0006
vn 0.2041 -0.9789 -0.0000
vn 0.0032 -0.3198 0.9475
vn -0.0000 -0.3858 0.9226
vn -0.0000 -0.2604 0.9655
vn -0.0000 -0.7686 0.6398
vn -0.0000 -0.6553 0.7554
vn -0.0000 -0.9364 -0.3509
vn -0.0000 -0.9737 -0.2278
vn -0.0000 -0.9281 0.3724
vn -0.0000 -0.9679 0.2513
vn 0.8862 -0.4632 -0.0019
vn 0.9478 -0.3187 0.0012
vn -0.0000 -0.3328 -0.9430
vn -0.0037 -0.2619 -0.9651
vn -0.0000 -0.7243 -0.6895
vn -0.0019 -0.6544 -0.7562
vn -0.3120 -0.0002 -0.9501
vn -0.2054 -0.0000 -0.9787
vn -0.6865 -0.0001 -0.7271
vn -0.5598 -0.0000 -0.8286
vn -0.9184 -0.3956 -0.0000
vn -0.9464 -0.3230 0.0063
vn -0.6134 -0.7897 -0.0000
vn -0.6784 -0.7347 0.0030
vn -0.8890 -0.0002 0.4578
vn -0.9497 -0.0000 0.3131
vn -0.5598 -0.0001 0.8286
vn -0.6865 -0.0000 0.7271
vn -0.0038 -0.9276 -0.3735
vn -0.0000 -0.9540 -0.2998
vn 0.0834 -0.9563 0.2801
vn 0.1642 -0.9691 0.1839
vn 0.1839 -0.7344 0.6534
vn 0.4141 -0.7610 0.4995
vn -0.3058 -0.9521 0.0055
vn -0.2494 -0.9684 -0.0000
vn 0.2262 -0.9683 -0.1056
vn 0.1463 -0.9678 -0.2047
vn 0.5615 -0.7895 -0.2477
vn 0.3978 -0.7580 -0.5169
vn 0.2502 -0.3403 0.9064
vn 0.5906 -0.3630 0.7208
vn 0.2055 -0.0444 0.9776
vn 0.9484 -0.0537 -0.3124
vn 0.8428 -0.3959 -0.3645
vn 0.5730 -0.3611 -0.7357
vn 0.8508 -0.4194 0.3167
vn 0.0102 -0.2650 -0.9642
vn 0.2159 -0.3578 -0.9085
vn 0.0120 -0.6537 -0.7567
vn 0.1612 -0.7826 -0.6013
vn -0.9219 -0.3874 -0.0000
vn -0.8871 -0.4616 -0.0000
vn -0.6202 -0.7845 -0.0000
vn -0.5552 -0.8317 -0.0000
vn -0.8890 -0.0000 -0.4580
vn -0.9497 -0.0002 -0.3133
vn -0.8856 -0.4643 -0.0065
vn -0.5535 -0.8328 -0.0029
vn -0.2041 -0.9790 -0.0000
vn -0.2556 -0.9668 -0.0000
vn 0.2054 -0.9754 0.0802
vn 0.3067 -0.9518 0.0006
vn 0.5108 -0.8325 0.2146
vn 0.6795 -0.7336 0.0013
vn -0.2048 -0.9788 -0.0051
vn -0.3123 -0.0000 0.9500
vn -0.2059 -0.0002 0.9786
vn -0.0045 -0.3860 0.9225
vn -0.0000 -0.3216 0.9469
vn -0.0022 -0.7684 0.6399
vn -0.0000 -0.7134 0.7008
vn -0.0000 -0.3519 0.9361
vn -0.0000 -0.7401 0.6725
vn -0.9467 -0.3221 -0.0000
vn -0.6767 -0.7362 -0.0000
vn -0.0000 -0.9594 0.2820
vn -0.0000 -0.9506 0.3105
vn 0.0633 -0.9652 -0.2538
vn 0.0060 -0.9277 -0.3734
vn -0.0042 -0.9675 0.2529
vn -0.3039 -0.9527 -0.0000
vn 0.2029 -0.9792 -0.0006
vn 0.5538 -0.8326 -0.0013
vn -1.0000 -0.0000 0.0038
vn -0.3061 -0.0000 0.9520
vn -0.8930 -0.0000 -0.4500
vn -0.8890 -0.0000 0.4580
vn -0.9495 -0.0000 0.3138
vn -0.0173 -0.0000 -0.9998
vn -0.3123 -0.0000 -0.9500
vn -0.2064 -0.0000 -0.9785
vn 1.0000 0.0001 0.0010
vn 1.0000 -0.0000 0.0038
vn 0.2114 -0.0000 0.9774
vn 0.9471 -0.0000 -0.3210
vn 0.9497 -0.0000 0.3132
vn 0.8893 -0.0000 0.4574
vn 0.2059 -0.0000 -0.9786
vn 0.0157 -0.0000 -0.9999
vn 0.3118 -0.0000 -0.9502
vn -0.0022 -0.0000 1.0000
vn -0.3110 -0.0000 0.9504
vn -0.2057 -0.0000 0.9786
vn -0.2143 -0.0000 0.9768
vn -0.0012 -0.0000 1.0000
vn -0.6849 -0.0000 0.7286
vn -0.5600 -0.0000 0.8285
vn -0.5710 -0.0000 0.8210
vn -0.8898 -0.0000 -0.4564
vn -0.9498 -0.0000 -0.3130
vn -0.9457 -0.0000 -0.3251
vn -1.0000 -0.0000 -0.0011
vn -0.5616 -0.0000 -0.8274
vn -0.6865 -0.0000 -0.7272
vn -0.6760 -0.0000 -0.7369
vn 0.0038 -0.0000 1.0000
vn 0.3028 -0.0000 0.9530
vn 0.2070 -0.0000 0.9783
vn 0.0022 -0.0000 1.0000
vn 0.0021 -0.0000 1.0000
vn 0.3125 -0.0000 0.9499
vn 0.6760 -0.0000 0.7369
vn 0.5616 -0.0000 0.8274
vn 0.6864 -0.0000 0.7272
vn 1.0000 -0.0000 -0.0034
vn 0.8951 -0.0000 -0.4458
vn 0.9492 0.0001 -0.3147
vn 0.8888 -0.0000 -0.4582
vn 0.5709 -0.0000 -0.8210
vn 0.6849 -0.0000 -0.7287
vn 0.5599 -0.0000 -0.8285
vn -1.0000 -0.0000 0.0034
vn -0.8951 -0.0000 0.4458
vn -0.9492 -0.0000 0.3148
vn -0.8888 -0.0000 0.4582
vn -0.3028 -0.0000 -0.9530
vn -0.2070 -0.0000 -0.9783
vn -0.3124 -0.0000 -0.9499
vn 1.0000 0.0001 0.0011
vn 1.0000 -0.0000 0.0037
vn 0.9457 -0.0000 0.3251
vn 0.8898 -0.0000 0.4564
vn 0.9498 -0.0000 0.3130
vn 0.2143 -0.0000 -0.9768
vn 0.0158 -0.0000 -0.9999
vn 0.3110 -0.0000 -0.9504
vn 0.2057 -0.0000 -0.9786
vn -0.3124 -0.0000 0.9499
vn -0.3125 -0.0000 0.9499
vn -0.6865 -0.0000 0.7272
vn -0.8888 -0.0000 -0.4582
vn -0.5600 -0.0000 -0.8285
vn 0.2057 -0.0000 0.9786
vn 0.3124 -0.0000 0.9499
vn 0.5600 -0.0000 0.8285
vn 0.9498 -0.0000 -0.3129
vn 0.6864 -0.0000 -0.7272
vn 0.5600 -0.0000 -0.8285
vn -0.9498 -0.0000 0.3130
vn -0.0274 -0.0000 -0.9996
vn -0.0100 -0.0000 -1.0000
vn -0.2058 -0.0000 -0.9786
vn -0.3125 -0.0000 -0.9499
vn -0.0099 -0.0000 -1.0000
vn 1.0000 -0.0000 0.0010
vn 1.0000 -0.0001 0.0038
vn 1.0000 0.0001 0.0038
vn 0.9498 -0.0000 0.3129
vn 0.8888 -0.0000 0.4582
vn 0.3125 -0.0000 -0.9499
vn 0.0252 -0.0000 -0.9997
vn 0.0090 -0.0000 -1.0000
vn 0.0251 -0.0000 -0.9997
vn -0.0000 -0.0269 -0.9996
vn -0.0000 -0.0631 -0.9980
vn -0.0000 -0.3791 -0.9253
vn -0.0005 -0.2662 -0.9639
vn -0.0000 -0.7639 -0.6453
vn -0.0000 -0.6612 -0.7502
vn -0.0000 -0.3790 0.9254
vn -0.0000 -0.2663 0.9639
vn -0.0000 -0.7633 0.6461
vn -0.0000 -0.6603 0.7510
vn -0.0000 -0.9201 -0.3917
vn -0.0001 -0.9627 -0.2706
vn -0.0000 -0.9999 0.0104
vn -0.0000 -0.9303 0.3668
vn -0.0000 -0.9664 0.2571
vn -0.0001 -1.0000 0.0031
vn -0.0000 -0.0250 -0.9997
vn -0.0000 -0.0657 -0.9978
vn -0.0000 -0.0004 1.0000
vn -0.0000 -0.2586 -0.9660
vn -0.0000 -0.3869 -0.9221
vn -0.0000 -0.3868 -0.9221
vn -0.0000 -0.6533 -0.7571
vn -0.0000 -0.7698 -0.6383
vn -0.0000 -0.6532 -0.7572
vn -0.0000 -0.7697 -0.6384
vn -0.0000 -0.2589 0.9659
vn -0.0000 -0.3875 0.9219
vn -0.0000 -0.2588 0.9659
vn -0.0000 -0.3874 0.9219
vn -0.0000 -0.6537 0.7567
vn -0.0000 -0.7699 0.6382
vn 0.0001 -0.7699 0.6382
vn -0.0000 -0.9191 -0.3940
vn -0.0001 -0.9690 -0.2469
vn -0.0000 -0.9346 -0.3556
vn 0.0001 -0.9681 -0.2506
vn -0.0002 -1.0000 0.0065
vn -0.0000 -1.0000 0.0064
vn -0.0000 -0.9684 0.2495
vn -0.0000 -0.9274 0.3741
vn -0.0000 -0.9275 0.3738
vn -0.0000 -0.9999 0.0126
vn 0.0002 -1.0000 0.0031
vn -0.0006 -0.0425 -0.9991
vn 0.0009 -0.1212 -0.9926
vn 0.0006 0.1396 -0.9902
vn -0.0009 0.3751 -0.9270
vn 0.0007 0.1397 -0.9902
vn -0.0009 0.3750 -0.9270
vn 0.0007 0.0425 -0.9991
vn -0.0010 0.1212 -0.9926
vn -0.0006 -0.1397 -0.9902
vn 0.0009 -0.3750 -0.9270
vn 0.0009 -0.3751 -0.9270
vn -0.0336 0.0017 -0.9994
vn -0.0945 -0.0025 -0.9955
vn 0.0336 -0.0017 -0.9994
vn 0.0945 0.0025 -0.9955
vn -0.0336 0.0057 -0.9994
vn -0.0945 -0.0083 -0.9955
vn 0.0336 -0.0057 -0.9994
vn 0.0945 0.0084 -0.9955
vn -0.0116 -0.0149 -0.9998
vn 0.0116 -0.0149 -0.9998
vn -0.0116 0.0492 -0.9987
vn 0.0116 0.0492 -0.9987
vn -0.0116 0.0149 -0.9998
vn 0.0116 0.0149 -0.9998
vn -0.0116 -0.0492 -0.9987
vn 0.0116 -0.0493 -0.9987
vn -0.0945 -0.0084 -0.9955
vn 0.0117 0.0492 -0.9987
vn -0.0116 0.0493 -0.9987
vn 0.0116 -0.0492 -0.9987
vn -0.0116 -0.0493 -0.9987
vn 0.2311 -0.2950 -0.9271
vn 0.1861 -0.7014 -0.6880
vn 0.6025 -0.2607 -0.7543
vn 0.4882 -0.6231 -0.6111
vn 0.8734 -0.3482 0.3405
vn 0.5968 -0.7615 0.2529
vn 0.6027 -0.2609 0.7541
vn 0.4881 -0.6229 0.6113
vn 0.8731 -0.3485 -0.3409
vn 0.5967 -0.7616 -0.2529
vn 0.2311 -0.2953 0.9270
vn 0.1863 -0.7014 0.6880
vn -0.2311 -0.2950 -0.9271
vn -0.6025 -0.2607 -0.7543
vn -0.1861 -0.7014 -0.6880
vn -0.4882 -0.6231 -0.6111
vn -0.8732 -0.3485 0.3407
vn -0.6024 -0.2610 0.7543
vn -0.5968 -0.7614 0.2529
vn -0.4881 -0.6229 0.6113
vn -0.8732 -0.3485 -0.3409
vn -0.5967 -0.7616 -0.2529
vn -0.2313 -0.2955 0.9269
vn -0.1864 -0.7012 0.6882
vn 0.2277 -0.9311 -0.2850
vn 0.2275 -0.9312 0.2849
vn -0.2277 -0.9311 -0.2850
vn -0.2276 -0.9311 0.2849
vn 0.0001 -1.0000 -0.0035
vn -0.0001 -0.9999 -0.0111
vn -0.0004 -1.0000 -0.0059
vn -0.0002 -1.0000 -0.0065
vn 0.0002 -1.0000 -0.0034
vn -0.0001 -0.9999 -0.0124
vn -1.0000 -0.0073 -0.0000
vn -0.9990 -0.0305 -0.0327
vn -0.9994 0.0093 -0.0334
vn -0.9996 0.0300 0.0003
vn -0.0021 1.0000 -0.0000
vn -0.0090 0.9996 -0.0257
vn 0.0027 0.9997 -0.0259
vn 0.0089 1.0000 0.0001
vn 1.0000 0.0072 -0.0000
vn 0.9990 0.0305 -0.0327
vn 0.9994 -0.0093 -0.0334
vn 0.9996 -0.0300 0.0003
vn 0.0021 -1.0000 -0.0000
vn 0.0090 -0.9996 -0.0257
vn -0.0027 -0.9997 -0.0259
vn -0.0089 -1.0000 0.0001
vn 0.9995 -0.0300 0.0003
vn 0.0090 -0.9996 -0.0256
vn -1.0000 -0.0072 -0.0000
vn -0.9994 0.0094 -0.0334
vn -0.9997 -0.0240 -0.0000
vn -0.9944 -0.1006 -0.0325
vn -0.9990 0.0308 -0.0334
vn -0.0006 1.0000 -0.0000
vn -0.0027 1.0000 -0.0077
vn 0.0008 1.0000 -0.0078
vn 0.0027 1.0000 -0.0000
vn 0.9997 0.0240 -0.0000
vn 0.9944 0.1005 -0.0326
vn 0.9990 -0.0309 -0.0334
vn 0.0007 -1.0000 -0.0000
vn 0.0027 -1.0000 -0.0078
vn -0.0008 -1.0000 -0.0079
vn -0.0008 -1.0000 -0.0078
vn -0.9997 -0.0241 -0.0000
vn -0.9944 -0.1008 -0.0326
vn -0.9990 0.0310 -0.0334
vn -0.0007 1.0000 -0.0000
vn 0.3738 -0.4773 -0.7953
vn 0.4985 -0.0084 -0.8669
vn 0.0029 -0.8178 -0.5755
vn 0.3739 -0.4775 -0.7951
vn 0.4985 -0.0084 -0.8668
vn 0.0029 -0.8178 -0.5754
vn -0.2066 0.8741 -0.4396
vn -0.4983 0.0277 -0.8666
vn -0.0010 0.9782 -0.2077
vn -0.4983 0.0276 -0.8666
vn -0.0010 0.9782 -0.2078
vn -0.3739 0.4774 -0.7952
vn -0.4985 0.0083 -0.8669
vn -0.0028 0.8178 -0.5755
vn -0.3739 0.4775 -0.7951
vn -0.4985 0.0084 -0.8669
vn -0.0029 0.8178 -0.5755
vn 0.2062 -0.8744 -0.4393
vn 0.4983 -0.0277 -0.8666
vn 0.0010 -0.9782 -0.2077
vn 0.2062 -0.8744 -0.4392
vn 0.4983 -0.0276 -0.8666
vn -0.3738 -0.4773 -0.7952
vn -0.0029 -0.5900 -0.8074
vn -0.7422 -0.0090 -0.6701
vn 0.3739 0.4774 -0.7952
vn 0.0030 0.5900 -0.8074
vn 0.7423 0.0090 -0.6700
vn -0.2062 -0.8744 -0.4393
vn -0.0014 -0.9243 -0.3817
vn -0.7419 -0.0297 -0.6698
vn 0.2066 0.8741 -0.4397
vn 0.0014 0.9243 -0.3818
vn 0.7419 0.0297 -0.6698
vn 0.0029 0.5900 -0.8074
vn 0.7422 0.0089 -0.6701
vn -0.3739 -0.4774 -0.7952
vn -0.7422 -0.0089 -0.6701
vn 0.0013 0.9242 -0.3818
vn -0.0013 -0.9243 -0.3818
vn -0.4951 -0.8687 -0.0142
vn -0.7325 0.6806 -0.0152
vn 0.4950 0.8688 -0.0141
vn 0.7326 -0.6805 -0.0153
vn 0.7326 -0.6805 -0.0152
vn -0.7325 0.6805 -0.0152
vn -0.1690 -0.9856 -0.0049
vn -0.3089 0.9511 -0.0065
vn 0.1695 0.9855 -0.0048
vn 0.3079 -0.9514 -0.0065
vn 0.1695 0.9855 -0.0049
vn 0.3079 -0.9514 -0.0064
vn -0.1691 -0.9856 -0.0049
vn -0.3090 0.9511 -0.0065
vn -0.5103 0.8600 0.0040
vn -0.7189 -0.6951 0.0051
vn 0.7188 0.6952 0.0052
vn 0.5100 -0.8601 0.0039
vn 0.5101 -0.8601 0.0039
vn -0.7187 -0.6953 0.0052
vn -0.5105 0.8598 0.0040
vn -0.1761 0.9844 0.0023
vn -0.5360 0.8442 0.0022
vn -0.2971 -0.9549 0.0021
vn 0.2981 0.9545 0.0021
vn 0.1757 -0.9844 0.0023
vn 0.5344 -0.8453 0.0022
vn 0.5343 -0.8453 0.0022
vn 0.5344 -0.8452 0.0022
vn -0.2969 -0.9549 0.0021
vn -0.1761 0.9844 0.0024
vn -0.5353 0.8446 0.0023
vn -0.5354 0.8446 0.0023
vn 0.1057 -0.9944 -0.0002
vn -0.1054 -0.9944 -0.0002
vn 0.5126 -0.8586 -0.0013
vn 0.7169 -0.6972 0.0010
vn 0.9854 -0.1701 -0.0019
vn 0.9854 0.1701 0.0019
vn 0.7169 0.6972 -0.0010
vn 0.5124 0.8587 0.0013
vn 0.1057 0.9944 0.0002
vn -0.1053 0.9944 0.0002
vn -0.5118 0.8591 0.0010
vn -0.7168 0.6972 -0.0009
vn -0.9853 0.1708 0.0015
vn -0.9853 -0.1710 -0.0015
vn -0.7170 -0.6971 0.0009
vn -0.5120 -0.8590 -0.0010
vn -0.0095 -0.9996 -0.0249
vn 0.5615 -0.7864 -0.2575
vn 0.9232 -0.0192 -0.3838
vn 0.6012 0.7679 -0.2213
vn 0.0382 0.9992 0.0108
vn -0.5403 0.8123 0.2197
vn -0.9362 0.0431 0.3488
vn -0.5923 -0.7780 0.2095
vn -0.0027 -0.9991 -0.0431
vn 0.3956 -0.7430 -0.5399
vn 0.6241 -0.0000 -0.7813
vn 0.4348 0.7494 -0.4994
vn 0.0344 0.9994 0.0034
vn -0.3858 0.7728 0.5039
vn -0.6241 -0.0000 0.7813
vn -0.4041 -0.7756 0.4849
vn -0.0086 -0.9988 -0.0478
vn 0.1622 -0.7047 -0.6907
vn 0.2563 0.0161 -0.9665
vn 0.1913 0.7318 -0.6541
vn 0.0199 0.9997 0.0120
vn -0.1538 0.7153 0.6817
vn -0.2311 -0.0358 0.9723
vn -0.1638 -0.7580 0.6314
vn -0.0005 -0.9920 -0.1261
vn 0.0024 -0.6189 -0.7855
vn 0.0042 0.1294 -0.9916
vn 0.0033 0.7969 -0.6041
vn 0.0006 0.9922 0.1248
vn -0.0021 0.6186 0.7857
vn -0.0033 -0.1314 0.9913
vn -0.0027 -0.7981 0.6025
vn -0.0000 -1.0000 -0.0014
vn -0.0000 -0.7127 -0.7015
vn -0.0000 0.0017 -1.0000
vn -0.0000 0.7152 -0.6989
vn -0.0000 1.0000 0.0014
vn -0.0000 0.7130 0.7012
vn -0.0000 -0.0017 1.0000
vn -0.0000 -0.7152 0.6989
vn -0.0005 -0.9921 0.1251
vn -0.0032 -0.7969 -0.6041
vn -0.0041 -0.1297 -0.9915
vn -0.0024 0.6188 -0.7856
vn 0.0005 0.9920 -0.1262
vn 0.0026 0.7983 0.6023
vn 0.0033 0.1315 0.9913
vn 0.0021 -0.6184 0.7859
vn -0.0199 -0.9997 0.0120
vn -0.1914 -0.7317 -0.6542
vn -0.2564 -0.0161 -0.9664
vn -0.1622 0.7048 -0.6907
vn 0.0086 0.9988 -0.0477
vn 0.1638 0.7581 0.6313
vn 0.2311 0.0358 0.9723
vn 0.1539 -0.7152 0.6818
vn -0.0344 -0.9994 0.0034
vn -0.4349 -0.7493 -0.4994
vn -0.6241 -0.0000 -0.7813
vn -0.3956 0.7430 -0.5398
vn 0.0027 0.9991 -0.0431
vn 0.4041 0.7757 0.4848
vn 0.6240 -0.0000 0.7814
vn 0.3859 -0.7727 0.5040
vn -0.0382 -0.9992 0.0108
vn -0.6011 -0.7679 -0.2212
vn -0.9232 0.0194 -0.3838
vn -0.5614 0.7865 -0.2574
vn 0.0096 0.9996 -0.0249
vn 0.5923 0.7780 0.2094
vn 0.9362 -0.0432 0.3487
vn 0.5404 -0.8122 0.2197
vn -0.1057 -0.9944 0.0002
vn -0.7168 -0.6973 -0.0010
vn -0.9854 0.1702 -0.0019
vn -0.5124 0.8587 -0.0013
vn 0.1054 0.9944 -0.0002
vn 0.7168 0.6972 0.0009
vn 0.9853 -0.1709 0.0015
vn 0.5120 -0.8590 0.0010
vn 0.1054 -0.9944 0.0002
vn -0.5126 -0.8587 0.0013
vn -0.9854 -0.1702 0.0019
vn -0.7167 0.6973 0.0010
vn -0.1057 0.9944 -0.0002
vn 0.5119 0.8591 -0.0010
vn 0.9853 0.1709 -0.0015
vn 0.7169 -0.6972 -0.0009
vn 0.0096 -0.9996 0.0249
vn -0.5615 -0.7864 0.2574
vn -0.9232 -0.0194 0.3838
vn -0.6011 0.7680 0.2212
vn -0.0382 0.9992 -0.0108
vn 0.5403 0.8123 -0.2197
vn 0.9362 0.0431 -0.3488
vn 0.5924 -0.7779 -0.2095
vn 0.0027 -0.9991 0.0431
vn -0.3956 -0.7430 0.5399
vn -0.4348 0.7493 0.4994
vn -0.0344 0.9994 -0.0034
vn 0.3858 0.7728 -0.5039
vn 0.6239 -0.0001 -0.7815
vn 0.4041 -0.7756 -0.4849
vn 0.0086 -0.9988 0.0478
vn -0.1622 -0.7047 0.6907
vn -0.2564 0.0161 0.9664
vn -0.1914 0.7318 0.6541
vn -0.0199 0.9997 -0.0119
vn 0.1538 0.7153 -0.6817
vn 0.2310 -0.0357 -0.9723
vn 0.1637 -0.7581 -0.6313
vn 0.0005 -0.9920 0.1263
vn -0.0024 -0.6186 0.7857
vn -0.0041 0.1296 0.9916
vn -0.0032 0.7970 0.6040
vn -0.0006 0.9922 -0.1250
vn 0.0021 0.6184 -0.7859
vn 0.0033 -0.1315 -0.9913
vn 0.0026 -0.7983 -0.6023
vn -0.0000 -0.7151 0.6990
vn -0.0000 -0.0013 1.0000
vn -0.0000 0.7127 0.7015
vn -0.0000 1.0000 0.0017
vn -0.0000 0.7154 -0.6987
vn -0.0000 -0.7128 -0.7014
vn 0.0006 -0.9922 -0.1248
vn 0.0033 -0.7968 0.6043
vn 0.0042 -0.1294 0.9916
vn 0.0024 0.6189 0.7855
vn -0.0005 0.9920 0.1260
vn -0.0027 0.7983 -0.6023
vn -0.0033 0.1312 -0.9913
vn -0.0021 -0.6185 -0.7858
vn 0.0199 -0.9997 -0.0119
vn 0.1914 -0.7317 0.6542
vn 0.2563 -0.0161 0.9665
vn 0.1622 0.7048 0.6907
vn -0.0086 0.9988 0.0478
vn -0.1637 0.7581 -0.6313
vn -0.2310 0.0358 -0.9723
vn -0.1538 -0.7152 -0.6818
vn 0.0344 -0.9994 -0.0034
vn 0.4349 -0.7493 0.4995
vn 0.6241 -0.0000 0.7813
vn 0.3956 0.7430 0.5398
vn -0.0027 0.9991 0.0430
vn -0.4041 0.7757 -0.4848
vn -0.3859 -0.7727 -0.5040
vn 0.0382 -0.9992 -0.0108
vn 0.6012 -0.7678 0.2213
vn 0.9232 0.0192 0.3838
vn 0.5615 0.7864 0.2574
vn -0.0095 0.9996 0.0249
vn -0.5923 0.7780 -0.2094
vn -0.9362 -0.0431 -0.3487
vn -0.5403 -0.8123 -0.2196
vn -1.0000 -0.0001 -0.0027
vn -1.0000 -0.0000 0.0027
vn -1.0000 -0.0004 0.0027
vn 0.0023 -0.0002 -1.0000
vn 0.0087 -0.0000 -1.0000
vn 1.0000 -0.0003 0.0035
vn 0.9999 -0.0000 0.0133
vn -0.0008 -1.0000 0.0009
vn -0.0012 -1.0000 0.0037
vn -0.0000 -1.0000 -0.0067
vn 0.0039 -1.0000 -0.0027
vn -0.0030 -1.0000 -0.0016
vn 0.0020 -1.0000 0.0052
vn -0.0042 -0.0000 -1.0000
vn -0.2057 -0.0002 -0.9786
vn -0.0011 -0.0001 -1.0000
vn -0.5600 -0.0002 -0.8285
vn -0.8888 -0.0002 -0.4582
vn -0.9498 0.0001 -0.3130
vn -0.8889 -0.0000 0.4582
vn -0.9498 -0.0002 0.3130
vn -0.6865 -0.0002 0.7271
vn -0.0042 -0.0004 1.0000
vn -0.3125 -0.0002 0.9499
vn 1.0000 -0.0001 -0.0074
vn 1.0000 -0.0000 -0.0073
vn -0.0029 -1.0000 0.0015
vn 0.0093 -1.0000 -0.0000
vn -0.0000 -0.9999 -0.0118
vn 0.0040 -0.0001 1.0000
vn 0.0040 -0.0000 1.0000
vn -0.0009 -1.0000 0.0062
vn -0.0013 -1.0000 -0.0040
vn -0.0000 -0.9999 -0.0120
vn 1.0000 -0.0001 0.0027
vn 1.0000 -0.0000 -0.0027
vn 1.0000 -0.0003 -0.0027
vn 1.0000 -0.0002 0.0027
vn -0.0045 -0.0001 -1.0000
vn -0.0045 -0.0000 -1.0000
vn -1.0000 -0.0004 -0.0000
vn -1.0000 -0.0001 0.0069
vn -1.0000 -0.0000 0.0069
vn 0.0008 -1.0000 0.0010
vn -0.0021 -1.0000 -0.0051
vn -0.0000 -1.0000 -0.0065
vn 0.0012 -1.0000 0.0037
vn 0.0007 -1.0000 -0.0009
vn -0.0038 -1.0000 0.0027
vn 0.0030 -1.0000 -0.0016
vn 0.2058 -0.0002 -0.9786
vn 0.0021 -0.0000 -1.0000
vn 0.0021 -0.0004 -1.0000
vn 0.5601 -0.0002 -0.8284
vn 0.8889 -0.0002 -0.4581
vn 0.9497 -0.0002 0.3131
vn 0.6863 -0.0002 0.7273
vn 0.3123 -0.0002 0.9500
vn 0.0021 -0.0001 1.0000
vn -0.9999 -0.0000 -0.0142
vn -1.0000 -0.0002 -0.0038
vn -0.0053 -1.0000 -0.0000
vn 0.0029 -1.0000 0.0015
vn -0.0000 -0.0004 -1.0000
vn -0.0000 -1.0000 -0.0033
vn -0.0000 -0.9999 0.0120
vn -0.0078 -0.0000 1.0000
vn -0.0021 -0.0002 1.0000
vn -0.0049 -1.0000 -0.0000
vn -0.0000 -1.0000 0.0070
vn 0.0013 -1.0000 -0.0040
vn -0.0000 -0.9999 0.0118
vn 0.2062 -0.0002 -0.9785
vn 0.2312 -0.2955 -0.9269
vn 0.0044 -0.3870 -0.9221
vn 0.1859 -0.7013 -0.6882
vn 0.0022 -0.7682 -0.6402
vn 0.5601 -0.0001 -0.8284
vn 0.6025 -0.2608 -0.7543
vn 0.4880 -0.6231 -0.6112
vn 0.9497 -0.0002 0.3133
vn 0.8731 -0.3486 0.3408
vn 0.8856 -0.4644 0.0064
vn 0.5969 -0.7615 0.2528
vn 0.5540 -0.8325 0.0028
vn 0.6866 -0.0001 0.7271
vn 0.6025 -0.2608 0.7543
vn 0.4881 -0.6233 0.6110
vn 0.9465 -0.3225 -0.0066
vn 0.8734 -0.3483 -0.3404
vn 0.8891 -0.0002 -0.4577
vn 0.6780 -0.7350 -0.0032
vn 0.5969 -0.7615 -0.2527
vn 0.0037 -0.2621 0.9650
vn 0.2309 -0.2952 0.9271
vn 0.3120 -0.0002 0.9501
vn 0.0019 -0.6542 0.7563
vn 0.1860 -0.7013 0.6882
vn -0.0040 -0.2634 -0.9647
vn -0.2313 -0.2955 -0.9269
vn -0.3127 -0.0001 -0.9498
vn -0.6025 -0.2608 -0.7543
vn -0.6864 -0.0001 -0.7272
vn -0.0021 -0.6547 -0.7559
vn -0.1859 -0.7015 -0.6880
vn -0.4880 -0.6231 -0.6112
vn -0.9463 -0.3231 0.0062
vn -0.8731 -0.3486 0.3408
vn -0.8890 -0.0002 0.4580
vn -0.6025 -0.2607 0.7543
vn -0.6782 -0.7349 0.0029
vn -0.5967 -0.7616 0.2526
vn -0.4883 -0.6232 0.6109
vn -0.9497 -0.0002 -0.3132
vn -0.8732 -0.3485 -0.3407
vn -0.8855 -0.4646 -0.0068
vn -0.5967 -0.7617 -0.2526
vn -0.5544 -0.8323 -0.0030
vn -0.2055 -0.0002 0.9787
vn -0.2310 -0.2950 0.9272
vn -0.0039 -0.3863 0.9223
vn -0.1859 -0.7015 0.6880
vn -0.0019 -0.7682 0.6402
vn -0.8864 -0.4629 0.0027
vn -0.9478 -0.3190 -0.0016
vn -0.5546 -0.8321 0.0018
vn -0.6794 -0.7338 -0.0018
vn 0.3128 -0.0000 -0.9498
vn 0.6865 -0.0000 -0.7271
vn -0.0000 -0.3190 -0.9478
vn -0.0000 -0.7106 -0.7036
vn 0.8890 -0.0000 0.4580
vn 0.5598 -0.0000 0.8286
vn 0.9223 -0.3865 -0.0000
vn 0.6216 -0.7834 -0.0000
vn -0.1467 -0.9676 0.2053
vn -0.0635 -0.9650 0.2545
vn -0.3979 -0.7581 0.5167
vn -0.1614 -0.7821 0.6019
vn -0.0000 -0.9494 -0.3140
vn 0.0040 -0.9675 -0.2530
vn -0.1641 -0.9692 -0.1837
vn -0.2051 -0.9755 -0.0801
vn -0.4143 -0.7606 -0.4999
vn -0.5113 -0.8322 -0.2148
vn 0.2564 -0.9666 -0.0000
vn 0.2045 -0.9789 0.0050
vn -0.2502 -0.3404 -0.9064
vn -0.0021 -0.2597 -0.9657
vn -0.1839 -0.7340 -0.6537
vn -0.0016 -0.6532 -0.7572
vn -0.8507 -0.4195 -0.3167
vn -0.8426 -0.3964 0.3645
vn -0.5616 -0.7895 0.2476
vn -0.0014 -0.3875 0.9219
vn -0.2158 -0.3583 0.9083
vn -0.0016 -0.7675 0.6410
vn 0.9462 -0.3237 -0.0000
vn 0.9202 -0.3916 -0.0000
vn 0.6754 -0.7375 -0.0000
vn 0.6166 -0.7873 -0.0000
vn 0.9500 -0.0000 -0.3123
vn -0.2035 -0.9791 0.0008
vn -0.2268 -0.9682 0.1059
vn 0.2528 -0.9675 -0.0000
vn 0.3034 -0.9529 -0.0000
vn 0.3065 -0.9519 -0.0058
vn -0.0000 -0.2599 -0.9656
vn -0.0000 -0.6535 -0.7570
vn -0.0008 -0.9676 0.2526
vn -0.0000 -0.9271 -0.3748
vn -0.0000 -0.3329 0.9430
vn -0.0000 -0.7240 0.6898
vn 0.2054 -0.0000 0.9787
vn -0.0000 -0.7692 0.6390
vn 0.8876 -0.4607 -0.0000
vn 0.5570 -0.8305 -0.0000
vn -0.3072 -0.9516 -0.0009
vn 0.2049 -0.9788 -0.0000
vn -0.0834 -0.9563 -0.2801
vn 0.0038 -0.9275 0.3737
vn -0.0000 -0.9541 0.2996
vn -0.0008 -0.9272 -0.3747
vn -0.0000 -0.9683 0.2497
vn 0.8863 -0.4630 -0.0027
vn 0.9477 -0.3191 0.0016
vn 0.5548 -0.8320 -0.0018
vn 0.6794 -0.7338 0.0018
vn -0.0000 -0.3261 -0.9453
vn -0.0000 -0.7169 -0.6972
vn -0.2061 -0.0000 -0.9785
vn -0.9176 -0.3974 -0.0000
vn -0.6123 -0.7907 -0.0000
vn -0.6866 -0.0000 0.7271
vn -0.0043 -0.9273 -0.3744
vn -0.0000 -0.9515 -0.3076
vn 0.0836 -0.9562 0.2806
vn 0.1839 -0.7341 0.6537
vn 0.4142 -0.7606 0.4999
vn -0.3068 -0.9517 0.0054
vn -0.2492 -0.9685 -0.0000
vn 0.2269 -0.9681 -0.1059
vn 0.1468 -0.9676 -0.2054
vn 0.5616 -0.7895 -0.2475
vn 0.3980 -0.7579 -0.5169
vn 0.0014 -0.3865 -0.9223
vn 0.2158 -0.3582 -0.9084
vn 0.0016 -0.7674 -0.6412
vn 0.1613 -0.7821 -0.6019
vn 0.5727 -0.3620 -0.7355
vn 0.8426 -0.3965 -0.3645
vn 0.8506 -0.4197 0.3167
vn 0.5115 -0.8320 0.2149
vn 0.5905 -0.3633 0.7207
vn 0.2502 -0.3409 0.9062
vn 0.0021 -0.2598 0.9657
vn 0.0016 -0.6541 0.7564
vn -0.9201 -0.3918 -0.0000
vn -0.8876 -0.4605 -0.0000
vn -0.6171 -0.7869 -0.0000
vn -0.5573 -0.8303 -0.0000
vn -0.8889 -0.0000 -0.4581
vn -0.2054 -0.9787 -0.0000
vn -0.2531 -0.9674 -0.0000
vn 0.2054 -0.9754 0.0803
vn 0.3074 -0.9516 0.0009
vn -0.2049 -0.9788 -0.0054
vn -0.0000 -0.3879 -0.9217
vn -0.0000 -0.7692 -0.6390
vn -0.0000 -0.9683 -0.2499
vn 0.0008 -0.9269 0.3752
vn -0.3120 -0.0000 0.9501
vn -0.0000 -0.3104 0.9506
vn -0.0000 -0.7034 0.7108
vn -0.0000 -0.2590 0.9659
vn -0.0000 -0.6530 0.7574
vn -0.9462 -0.3237 -0.0000
vn -0.6755 -0.7373 -0.0000
vn -0.3040 -0.9527 -0.0000
vn 0.2035 -0.9791 -0.0008
vn -0.0000 -0.9467 0.3222
vn -0.0036 -0.9675 0.2530
vn 0.0635 -0.9650 -0.2545
vn -0.0000 -0.9271 0.3748
vn 0.0008 -0.9677 -0.2522
vn 0.2276 -0.9312 -0.2849
vn 0.2277 -0.9311 0.2850
vn -0.2276 -0.9311 -0.2849
vn -0.2277 -0.9311 0.2849
vn -0.0000 -0.0005 1.0000
vn -0.0000 -0.2580 0.9661
vn -0.0000 -0.3852 0.9229
vn -0.0000 -0.9686 0.2485
vn -0.0000 -0.9283 0.3718
vn -0.0000 -0.9923 0.1240
vn -0.0000 -0.9923 0.1241
vn -0.0000 -0.9285 0.3712
vn -0.0000 -0.9687 0.2484
vn 0.0001 -0.7796 0.6263
vn -0.0000 -0.6536 0.7569
vn -0.0000 -0.3846 0.9231
vn -0.0000 -0.2578 0.9662
vn -0.0000 -0.6474 0.7622
vn -0.0000 -0.7746 0.6324
vn -0.0000 -0.9997 0.0238
vn -0.0000 -0.2581 -0.9661
vn -0.0000 -0.3852 -0.9229
vn -0.0000 -0.9687 -0.2484
vn -0.0000 -0.9923 -0.1240
vn -0.0000 -0.9283 -0.3719
vn -0.0000 -0.9285 -0.3713
vn -0.0000 -0.6536 -0.7569
vn -0.0000 -0.7796 -0.6263
vn -0.0000 -0.3846 -0.9231
vn -0.0001 -0.7745 -0.6326
vn -0.0000 -0.6472 -0.7623
vn -0.0000 -0.2578 -0.9662
vn -0.0000 -0.9997 -0.0238
vn -0.0000 -1.0000 -0.0070
vn -0.0000 -0.1954 -0.9807
vn -0.0000 -0.0151 -0.9999
vn -0.0000 -0.5202 -0.8541
vn -0.0000 -0.6641 -0.7476
vn -0.0000 -0.8773 -0.4799
vn -0.0000 -0.9477 -0.3190
vn 0.0001 -0.9999 0.0145
vn -0.0000 -0.9821 0.1882
vn -0.0000 -0.8629 0.5053
vn -0.0000 -0.7605 0.6494
vn -0.0000 -0.4945 0.8692
vn -0.0000 -0.3304 0.9438
vn -0.0000 0.0151 0.9999
vn -0.0000 0.1954 0.9807
vn -0.0000 0.5202 0.8540
vn -0.0000 0.6641 0.7476
vn -0.0000 0.8774 0.4798
vn -0.0000 0.9478 0.3190
vn -0.0000 0.9999 -0.0145
vn -0.0000 0.9821 -0.1881
vn -0.0001 0.8630 -0.5053
vn -0.0000 0.7605 -0.6493
vn -0.0000 0.4945 -0.8692
vn -0.0000 0.3304 -0.9438
vn -0.8603 -0.5098 -0.0000
vn -0.7442 -0.6679 -0.0000
vn -0.9936 -0.1133 -0.0001
vn -0.9936 0.1133 -0.0000
vn -0.4822 -0.8760 -0.0000
vn -0.3416 -0.9398 -0.0000
vn -0.0698 -0.9976 -0.0000
vn 0.0698 -0.9976 -0.0000
vn 0.3416 -0.9398 -0.0000
vn 0.4823 -0.8760 0.0001
vn 0.7442 -0.6680 -0.0000
vn 0.8603 -0.5098 -0.0000
vn 0.9936 -0.1133 -0.0000
vn 0.9936 0.1133 -0.0000
vn 0.8603 0.5098 0.0001
vn 0.7443 0.6679 0.0001
vn 0.4824 0.8760 -0.0000
vn 0.3415 0.9399 0.0001
vn 0.0697 0.9976 -0.0000
vn -0.0697 0.9976 -0.0000
vn -0.3415 0.9399 -0.0000
vn -0.4823 0.8760 -0.0000
vn -0.7443 0.6678 -0.0000
vn -0.8603 0.5097 -0.0000
vn -0.0001 -0.0000 1.0000
vn -0.0000 -0.5202 -0.8540
vn -0.0000 -0.8774 -0.4798
vn -0.0000 -0.9478 -0.3190
vn -0.0000 -0.9999 0.0145
vn -0.0000 -0.9821 0.1881
vn -0.0000 0.0150 0.9999
vn -0.0001 0.8774 0.4798
vn -0.0000 0.8629 -0.5053
vn -0.0000 0.7605 -0.6494
vn -0.0000 0.3305 -0.9438
vn -0.7442 -0.6680 -0.0000
vn -0.9936 -0.1133 0.0001
vn 0.4823 -0.8760 -0.0000
vn 0.7442 -0.6679 -0.0000
vn 0.8603 0.5097 -0.0000
vn 0.7443 0.6678 0.0001
vn 0.4823 0.8760 -0.0000
vn 0.3415 0.9399 -0.0000
vn -0.8603 0.5098 -0.0000
vn -0.0001 -0.0000 -1.0000
vn -0.9459 0.3210 -0.0474
vn -0.9459 0.3209 -0.0475
vn -0.9447 -0.3246 -0.0470
vn -0.9447 -0.3247 -0.0470
vn -0.6200 0.7835 -0.0417
vn -0.6206 0.7830 -0.0415
vn -0.6201 0.7834 -0.0417
vn -0.6193 0.7840 -0.0419
vn -0.2094 0.9771 -0.0378
vn -0.2095 0.9771 -0.0379
vn -0.2134 0.9762 -0.0391
vn -0.2055 0.9780 -0.0366
vn 0.2080 0.9774 -0.0382
vn 0.2054 0.9780 -0.0374
vn 0.2108 0.9768 -0.0390
vn 0.6178 0.7852 -0.0418
vn 0.6188 0.7844 -0.0421
vn 0.6186 0.7846 -0.0420
vn 0.6173 0.7856 -0.0416
vn 0.9459 0.3209 -0.0476
vn 0.9452 0.3230 -0.0471
vn 0.9458 0.3214 -0.0475
vn 0.9466 0.3187 -0.0482
vn 0.9437 -0.3274 -0.0468
vn 0.6167 -0.7860 -0.0422
vn 0.6168 -0.7860 -0.0422
vn 0.6213 -0.7824 -0.0438
vn 0.6125 -0.7894 -0.0408
vn 0.2103 -0.9769 -0.0391
vn 0.2080 -0.9774 -0.0384
vn 0.2083 -0.9773 -0.0385
vn 0.2062 -0.9778 -0.0379
vn -0.2038 -0.9783 -0.0384
vn -0.2035 -0.9783 -0.0385
vn -0.2037 -0.9783 -0.0384
vn -0.6126 -0.7892 -0.0434
vn -0.6165 -0.7862 -0.0422
vn -0.6201 -0.7834 -0.0411
vn -0.3256 0.9450 -0.0291
vn -0.3262 0.9449 -0.0292
vn -0.3271 0.9445 -0.0293
vn -0.3244 0.9455 -0.0289
vn -0.7287 -0.6841 -0.0319
vn -0.7364 -0.6757 -0.0333
vn -0.7211 -0.6921 -0.0305
vn -0.7227 0.6904 -0.0318
vn -0.7228 0.6904 -0.0318
vn -0.7165 0.6969 -0.0308
vn -0.7285 0.6843 -0.0329
vn -0.3278 -0.9443 -0.0290
vn -0.3386 -0.9405 -0.0305
vn -0.3171 -0.9480 -0.0275
vn 0.0802 0.9964 -0.0288
vn 0.0861 0.9959 -0.0280
vn 0.0918 0.9954 -0.0273
vn -0.9893 -0.1418 -0.0356
vn -0.9919 -0.1214 -0.0377
vn -0.9862 -0.1622 -0.0334
vn 0.4405 0.8969 -0.0380
vn 0.3046 0.9519 -0.0326
vn 0.5146 0.8569 -0.0287
vn 0.0029 0.9993 -0.0383
vn -0.8744 0.4839 -0.0341
vn -0.8660 0.4987 -0.0359
vn -0.8744 0.4840 -0.0341
vn -0.8825 0.4693 -0.0324
vn 0.8704 0.4910 -0.0349
vn 0.8711 0.4899 -0.0348
vn 0.8710 0.4901 -0.0348
vn 0.8717 0.4888 -0.0346
vn -0.4371 0.8986 -0.0379
vn -0.4863 0.8732 -0.0315
vn -0.2985 0.9539 -0.0326
vn 0.9862 -0.1617 -0.0344
vn 0.9868 -0.1580 -0.0348
vn 0.9868 -0.1582 -0.0348
vn 0.9873 -0.1549 -0.0352
vn -0.0790 0.9965 -0.0289
vn -0.0789 0.9965 -0.0289
vn 0.7280 -0.6848 -0.0317
vn 0.7281 -0.6847 -0.0318
vn 0.7311 -0.6815 -0.0323
vn 0.7253 -0.6877 -0.0313
vn 0.3250 0.9453 -0.0292
vn 0.3369 0.9411 -0.0309
vn 0.3133 0.9493 -0.0275
vn 0.3093 -0.9506 -0.0279
vn 0.3154 -0.9485 -0.0287
vn 0.3155 -0.9485 -0.0287
vn 0.3212 -0.9466 -0.0295
vn 0.7308 0.6818 -0.0321
vn 0.7432 0.6682 -0.0344
vn 0.7183 0.6951 -0.0299
vn -0.0196 -0.9991 -0.0373
vn 0.1110 -0.9933 -0.0331
vn -0.1022 -0.9944 -0.0268
vn 0.1823 -0.9826 -0.0349
vn 0.9869 0.1573 -0.0346
vn 0.9918 0.1217 -0.0385
vn 0.9809 0.1922 -0.0307
vn -0.4935 -0.8692 -0.0311
vn -0.4953 -0.8682 -0.0309
vn -0.4918 -0.8701 -0.0313
vn 0.8334 -0.5510 -0.0421
vn 0.8673 -0.4965 -0.0356
vn 0.8110 -0.5832 -0.0461
vn -0.8743 -0.4842 -0.0339
vn -0.8719 -0.4884 -0.0344
vn -0.8765 -0.4802 -0.0334
vn 0.4940 -0.8689 -0.0303
vn 0.4895 -0.8715 -0.0309
vn 0.4939 -0.8690 -0.0303
vn 0.4984 -0.8664 -0.0298
vn -0.9901 0.1354 -0.0361
vn -0.9896 0.1390 -0.0358
vn -0.9892 0.1425 -0.0354
vn 0.0897 -0.9956 -0.0274
vn 0.0815 -0.9963 -0.0285
vn 0.0975 -0.9949 -0.0264
vn -0.8072 0.5888 -0.0421
vn -0.8067 0.5895 -0.0422
vn -0.8070 0.5891 -0.0421
vn -0.8076 0.5883 -0.0420
vn -0.9990 0.0014 -0.0450
vn -0.9990 0.0019 -0.0451
vn -0.9990 0.0018 -0.0451
vn -0.9990 0.0013 -0.0450
vn -0.8056 -0.5910 -0.0421
vn -0.8048 -0.5921 -0.0420
vn -0.8055 -0.5911 -0.0421
vn -0.8065 -0.5897 -0.0423
vn -0.4144 0.9093 -0.0371
vn -0.4174 0.9080 -0.0368
vn -0.4145 0.9093 -0.0371
vn -0.4114 0.9107 -0.0375
vn 0.4341 0.9002 -0.0356
vn 0.4158 0.9088 -0.0333
vn 0.4535 0.8905 -0.0381
vn 0.8061 0.5904 -0.0414
vn 0.8003 0.5983 -0.0403
vn 0.8061 0.5904 -0.0415
vn 0.8120 0.5821 -0.0426
vn 0.9990 0.0032 -0.0450
vn 0.9990 0.0060 -0.0447
vn 0.9990 0.0034 -0.0449
vn 0.9990 0.0007 -0.0452
vn 0.8075 -0.5887 -0.0365
vn 0.8035 -0.5938 -0.0427
vn 0.8071 -0.5890 -0.0421
vn 0.8112 -0.5839 -0.0310
vn 0.4060 -0.9136 -0.0211
vn 0.0238 -0.9991 -0.0337
vn 0.0022 -0.9993 -0.0364
vn 0.0458 -0.9985 -0.0310
vn -0.4150 -0.9091 -0.0371
vn -0.4152 -0.9090 -0.0371
vn -0.4201 -0.9067 -0.0365
vn -0.4104 -0.9111 -0.0376
vn -0.0373 -0.0420 0.9984
vn 0.0014 0.0096 1.0000
vn -0.0002 0.0012 1.0000
vn 0.0024 0.0150 0.9999
vn -0.0121 -0.0220 0.9997
vn -0.0009 0.0109 0.9999
vn 0.0133 -0.0214 0.9997
vn -0.0019 0.0044 1.0000
vn -0.0028 0.0061 1.0000
vn -0.0030 0.0059 1.0000
vn -0.0024 0.0055 1.0000
vn 0.0074 -0.0010 1.0000
vn -0.0001 -0.0003 -1.0000
vn -0.0077 -0.0159 -0.9998
vn -0.0079 0.0131 -0.9999
vn -0.0140 0.0028 -0.9999
vn 0.0123 -0.0017 -0.9999
vn -0.0050 -0.0037 1.0000
vn -0.1651 -0.3769 -0.9114
vn -0.0293 -0.0536 0.9981
vn 0.0008 0.0237 0.9997
vn 0.0043 -0.0100 0.9999
vn -0.0397 -0.1006 0.9941
vn -0.0153 -0.0078 0.9999
vn -0.0018 0.0240 0.9997
vn 0.1176 -0.4274 -0.8964
vn 0.0091 -0.0123 0.9999
vn 0.0132 -0.0284 0.9995
vn 0.0420 -0.0489 0.9979
vn 0.1561 -0.1404 0.9777
vn 0.7639 -0.5198 0.3825
vn -0.0042 0.0070 1.0000
vn 0.0072 -0.0010 1.0000
vn 0.0062 -0.0017 1.0000
vn 0.0070 -0.0004 1.0000
vn 0.2437 0.2749 -0.9301
vn -0.0054 0.0019 1.0000
vn 0.0046 0.0026 1.0000
vn -0.0129 -0.0016 0.9999
vn -0.0070 0.0013 1.0000
vn 0.0136 0.0087 0.9999
vn -0.0113 -0.0051 0.9999
vn -0.0227 -0.0117 0.9997
vn 0.0073 0.0116 0.9999
vn -0.1799 -0.0111 -0.9836
vn -0.0048 0.0095 -0.9999
vn -0.0014 0.0052 -1.0000
vn 0.0086 0.0257 -0.9996
vn -0.0132 -0.0068 -0.9999
vn -0.0107 -0.0106 -0.9999
vn 0.0031 0.0075 -1.0000
vn 0.0125 0.0158 -0.9998
vn -0.0121 0.0051 -0.9999
vn -0.0179 -0.0031 -0.9998
vn 0.0113 0.0122 -0.9999
vn -0.0100 0.2244 -0.9744
vn -0.0009 0.0082 -1.0000
vn 0.0153 0.0003 -0.9999
vn -0.0102 0.0120 -0.9999
vn 0.0098 0.0036 -0.9999
vn 0.0025 0.0123 -0.9999
vn 0.1440 0.1217 -0.9821
vn 0.0065 -0.0106 -0.9999
vn 0.0123 -0.0266 -0.9996
vn 0.0046 0.0277 -0.9996
vn 0.0062 -0.0214 -0.9998
vn 0.0099 0.0098 -0.9999
vn 0.1535 -0.1014 -0.9829
vn 0.0071 -0.0094 -0.9999
vn 0.0163 0.0034 -0.9999
vn -0.0001 -0.0187 -0.9998
vn 0.0972 -0.1877 -0.9774
vn 0.0124 0.0021 -0.9999
vn 0.0012 -0.0117 -0.9999
vn -0.0053 -0.0045 -1.0000
vn -0.0267 -0.0068 -0.9996
vn 0.0177 -0.0157 -0.9997
vn 0.0131 -0.0072 -0.9999
vn -0.0125 0.0054 -0.9999
vn -0.0133 0.0007 -0.9999
vn 0.0117 -0.0242 -0.9996
vn -0.0044 -0.0001 -1.0000
vn -0.0094 0.0151 -0.9998
vn -0.0020 -0.0235 -0.9997
vn 0.0083 0.0107 0.9999
vn 0.0282 0.0214 0.9994
vn 0.0091 0.0202 0.9998
vn 0.0106 -0.0704 0.9975
vn -0.0318 0.0002 0.9995
vn -0.0006 0.0038 1.0000
vn 0.0008 0.0009 1.0000
vn 0.0015 0.0025 1.0000
vn -0.0055 -0.0107 -0.9999
vn 0.0066 -0.0008 -1.0000
vn 0.0006 0.0055 -1.0000
vn -0.0004 -0.0062 -1.0000
vn -0.9457 0.3216 -0.0469
vn -0.9463 0.3200 -0.0465
vn -0.9461 0.3204 -0.0466
vn -0.9453 0.3228 -0.0472
vn -0.9444 -0.3254 -0.0473
vn -0.9429 -0.3298 -0.0462
vn -0.9459 -0.3207 -0.0485
vn -0.6169 0.7859 -0.0420
vn -0.6185 0.7846 -0.0426
vn -0.6155 0.7870 -0.0415
vn -0.2108 0.9768 -0.0385
vn -0.2107 0.9768 -0.0384
vn -0.2106 0.9768 -0.0384
vn 0.2081 0.9774 -0.0383
vn 0.2080 0.9774 -0.0383
vn 0.2048 0.9781 -0.0373
vn 0.2114 0.9766 -0.0393
vn 0.6203 0.7832 -0.0424
vn 0.6189 0.7843 -0.0419
vn 0.6199 0.7835 -0.0423
vn 0.6217 0.7821 -0.0428
vn 0.9444 0.3255 -0.0470
vn 0.9444 0.3255 -0.0471
vn 0.9431 0.3293 -0.0461
vn 0.9458 0.3213 -0.0481
vn 0.9443 -0.3256 -0.0473
vn 0.9444 -0.3254 -0.0473
vn 0.9452 -0.3229 -0.0480
vn 0.9435 -0.3280 -0.0466
vn 0.6195 -0.7838 -0.0430
vn 0.6186 -0.7845 -0.0427
vn 0.6191 -0.7841 -0.0429
vn 0.6184 -0.7847 -0.0427
vn 0.2114 -0.9767 -0.0380
vn 0.2129 -0.9764 -0.0375
vn 0.2117 -0.9766 -0.0379
vn 0.2100 -0.9770 -0.0384
vn -0.2082 -0.9773 -0.0382
vn -0.2056 -0.9779 -0.0374
vn -0.2109 -0.9767 -0.0390
vn -0.6200 -0.7835 -0.0425
vn -0.6179 -0.7852 -0.0418
vn -0.6198 -0.7836 -0.0424
vn -0.6219 -0.7819 -0.0431
vn -0.3278 0.9443 -0.0290
vn -0.3279 0.9443 -0.0290
vn -0.3294 0.9437 -0.0293
vn -0.3264 0.9448 -0.0288
vn -0.7295 -0.6832 -0.0322
vn -0.7387 -0.6731 -0.0339
vn -0.7202 -0.6931 -0.0306
vn -0.7287 0.6841 -0.0321
vn -0.7311 0.6815 -0.0325
vn -0.7264 0.6866 -0.0316
vn -0.3229 -0.9460 -0.0290
vn -0.3345 -0.9419 -0.0307
vn -0.3228 -0.9460 -0.0290
vn -0.3112 -0.9500 -0.0273
vn 0.0866 0.9959 -0.0278
vn 0.0822 0.9962 -0.0284
vn 0.0908 0.9955 -0.0273
vn -0.9895 -0.1401 -0.0356
vn -0.9919 -0.1216 -0.0376
vn -0.9868 -0.1582 -0.0336
vn 0.4343 0.9000 -0.0381
vn 0.3033 0.9523 -0.0330
vn 0.4948 0.8685 -0.0303
vn 0.0026 0.9993 -0.0386
vn -0.8753 0.4824 -0.0341
vn -0.8676 0.4959 -0.0357
vn -0.8752 0.4825 -0.0341
vn -0.8826 0.4689 -0.0325
vn 0.8750 0.4829 -0.0338
vn 0.8735 0.4857 -0.0341
vn 0.8764 0.4805 -0.0335
vn -0.4374 0.8985 -0.0380
vn -0.4893 0.8716 -0.0313
vn -0.3021 0.9527 -0.0329
vn 0.9902 -0.1345 -0.0362
vn 0.9895 -0.1403 -0.0356
vn 0.9895 -0.1402 -0.0356
vn 0.9887 -0.1455 -0.0350
vn -0.0848 0.9960 -0.0278
vn -0.0754 0.9967 -0.0291
vn -0.0849 0.9960 -0.0278
vn -0.0942 0.9952 -0.0266
vn 0.7343 -0.6781 -0.0329
vn 0.7320 -0.6805 -0.0325
vn 0.7321 -0.6805 -0.0325
vn 0.7299 -0.6828 -0.0321
vn 0.3244 0.9455 -0.0290
vn 0.3336 0.9422 -0.0303
vn 0.3152 0.9486 -0.0277
vn 0.3244 -0.9455 -0.0291
vn 0.3286 -0.9440 -0.0297
vn 0.3204 -0.9469 -0.0285
vn 0.7314 0.6812 -0.0324
vn 0.7407 0.6710 -0.0341
vn 0.7314 0.6811 -0.0324
vn 0.7223 0.6909 -0.0307
vn -0.1009 -0.9945 -0.0271
vn -0.0821 -0.9962 -0.0296
vn -0.1196 -0.9925 -0.0246
vn 0.9895 0.1398 -0.0355
vn 0.9919 0.1212 -0.0374
vn 0.9869 0.1579 -0.0335
vn -0.4350 -0.8996 -0.0384
vn -0.3041 -0.9521 -0.0332
vn -0.4944 -0.8687 -0.0307
vn -0.0030 -0.9992 -0.0387
vn 0.8748 -0.4832 -0.0343
vn 0.8671 -0.4969 -0.0358
vn 0.8825 -0.4693 -0.0326
vn -0.8703 -0.4912 -0.0348
vn -0.8303 -0.5557 -0.0425
vn -0.8042 -0.5926 -0.0470
vn 0.4382 -0.8981 -0.0381
vn 0.4900 -0.8712 -0.0314
vn 0.3023 -0.9526 -0.0330
vn -0.9899 0.1371 -0.0361
vn -0.9887 0.1458 -0.0352
vn -0.9887 0.1457 -0.0352
vn -0.9875 0.1538 -0.0343
vn 0.0168 -0.9992 -0.0370
vn 0.0807 -0.9963 -0.0286
vn -0.1123 -0.9931 -0.0332
vn -0.1821 -0.9827 -0.0346
vn -0.8062 0.5902 -0.0421
vn -0.8045 0.5925 -0.0424
vn -0.8061 0.5903 -0.0421
vn -0.8076 0.5883 -0.0419
vn -0.9990 -0.0064 -0.0453
vn -0.9989 -0.0100 -0.0450
vn -0.9990 -0.0026 -0.0457
vn -0.8057 -0.5909 -0.0417
vn -0.8013 -0.5969 -0.0409
vn -0.8056 -0.5909 -0.0417
vn -0.8102 -0.5846 -0.0426
vn -0.4149 0.9091 -0.0373
vn -0.4149 0.9091 -0.0374
vn -0.4098 0.9114 -0.0367
vn -0.4198 0.9068 -0.0380
vn 0.4145 0.9093 -0.0372
vn 0.4199 0.9068 -0.0366
vn 0.4093 0.9116 -0.0378
vn 0.8064 0.5898 -0.0421
vn 0.8035 0.5938 -0.0415
vn 0.8064 0.5899 -0.0421
vn 0.8094 0.5857 -0.0427
vn 0.9990 -0.0069 -0.0449
vn 0.9990 -0.0026 -0.0453
vn 0.9990 -0.0028 -0.0453
vn 0.9990 0.0012 -0.0457
vn 0.8078 -0.5879 -0.0420
vn 0.8066 -0.5895 -0.0422
vn 0.8076 -0.5882 -0.0420
vn 0.8089 -0.5865 -0.0418
vn 0.4086 -0.9119 -0.0378
vn 0.4069 -0.9127 -0.0380
vn 0.4083 -0.9121 -0.0379
vn 0.4098 -0.9114 -0.0377
vn -0.4171 -0.9086 -0.0216
vn 0.0001 -0.0002 1.0000
vn -0.0053 0.0183 0.9998
vn 0.0010 -0.0145 0.9999
vn -0.0008 -0.0143 0.9999
vn 0.0020 0.0166 0.9999
vn 0.0032 -0.0152 0.9999
vn -0.0028 0.0193 0.9998
vn 0.0089 0.0152 -0.9998
vn -0.0032 -0.0093 -1.0000
vn -0.0086 -0.0075 0.9999
vn -0.0029 -0.0041 1.0000
vn -0.0057 -0.0036 1.0000
vn -0.0042 -0.0031 1.0000
vn 0.0040 -0.0033 1.0000
vn -0.0071 -0.0071 0.9999
vn -0.0107 -0.0032 0.9999
vn 0.0074 -0.0002 1.0000
vn 0.0040 -0.0025 1.0000
vn -0.0056 -0.0072 1.0000
vn 0.0055 0.0024 1.0000
vn -0.0028 -0.0090 1.0000
vn -0.0023 -0.0117 0.9999
vn 0.0977 -0.1846 0.9779
vn 0.0114 0.0051 0.9999
vn 0.0088 0.0082 0.9999
vn 0.0046 0.0080 1.0000
vn 0.0094 0.0226 0.9997
vn -0.0006 -0.0261 0.9997
vn 0.0035 0.0413 0.9991
vn 0.0064 -0.0226 0.9997
vn -0.0059 0.0384 0.9992
vn 0.0057 -0.0055 1.0000
vn 0.0086 -0.0094 0.9999
vn -0.0047 0.0126 0.9999
vn 0.0064 0.0037 1.0000
vn 0.0048 -0.0529 0.9986
vn -0.2310 0.5293 0.8164
vn -0.0134 -0.0047 0.9999
vn -0.0274 -0.0153 0.9995
vn -0.0171 0.0595 0.9981
vn -0.0029 0.0039 -1.0000
vn -0.0080 0.0293 -0.9995
vn -0.0043 -0.0087 -1.0000
vn -0.0012 0.0119 -0.9999
vn -0.0008 0.0283 -0.9996
vn -0.0099 -0.0215 -0.9997
vn 0.0039 0.0149 -0.9999
vn 0.0071 0.0248 -0.9997
vn -0.0069 -0.0051 -1.0000
vn -0.0126 -0.0091 -0.9999
vn 0.0092 0.0113 -0.9999
vn 0.0185 0.0226 -0.9996
vn -0.0072 0.0019 -1.0000
vn -0.0148 0.0013 -0.9999
vn 0.0135 0.0034 -0.9999
vn 0.0253 0.0085 -0.9996
vn -0.0163 0.0178 -0.9997
vn -0.0041 0.0082 -1.0000
vn 0.0108 -0.0069 -0.9999
vn 0.0163 -0.0056 -0.9999
vn 0.0034 -0.0105 -0.9999
vn 0.0039 -0.0275 -0.9996
vn 0.0243 0.0371 -0.9990
vn -0.0170 -0.0254 -0.9995
vn 0.0260 0.0067 -0.9996
vn 0.0169 0.0084 -0.9998
vn -0.0070 -0.0062 -1.0000
vn -0.0110 -0.0088 -0.9999
vn 0.0100 -0.0020 -0.9999
vn 0.0229 -0.0039 -0.9997
vn -0.0096 -0.0004 -1.0000
vn -0.0098 -0.0029 -0.9999
vn -0.0101 0.0051 -0.9999
vn -0.0093 0.0009 -1.0000
vn 0.0071 -0.0131 -0.9999
vn -0.0005 -0.0051 -1.0000
vn -0.0058 0.0048 -1.0000
vn -0.0060 0.0004 -1.0000
vn 0.0070 -0.0240 -0.9997
vn -0.0294 0.0241 0.9993
vn -0.0065 -0.0016 1.0000
vn -0.0071 -0.0031 1.0000
vn -0.0040 -0.0153 0.9999
vn 0.0006 -0.0042 1.0000
vn 0.0006 0.0017 1.0000
vn 0.0016 0.0082 1.0000
vn -0.0076 0.0150 0.9999
vn -0.0007 -0.0045 -1.0000
vn -0.0016 -0.0133 -0.9999
vn -0.0046 -0.0103 -0.9999
vn -0.0003 0.0268 -0.9996
vn 0.0033 0.0079 -1.0000
vn 0.0174 -0.0121 -0.9998
vn 0.0038 -0.0048 -1.0000
vn -0.9867 0.1539 -0.0527
vn -0.9831 -0.1551 0.0970
vn -0.9719 0.0791 0.2218
vn -0.9797 -0.1152 -0.1639
vn -0.9027 -0.1818 0.3901
vn -0.8842 -0.4149 0.2147
vn -0.9140 -0.3828 -0.1344
vn -0.8934 -0.2335 -0.3839
vn -0.9165 0.1550 -0.3689
vn -0.9085 0.4062 -0.0981
vn -0.8972 0.3780 0.2285
vn -0.8778 0.1387 0.4585
vn -0.7413 -0.5872 0.3251
vn -0.8100 -0.1468 0.5678
vn -0.8148 -0.5762 -0.0640
vn -0.7371 -0.4319 -0.5197
vn -0.7978 -0.0702 -0.5988
vn -0.7908 0.2865 -0.5408
vn -0.8190 0.5031 -0.2760
vn -0.7271 0.6655 0.1688
vn -0.7282 0.5229 0.4431
vn -0.7356 0.2956 0.6095
vn -0.6323 -0.2221 0.7422
vn -0.6583 0.0496 0.7511
vn -0.6521 -0.4700 0.5949
vn -0.6484 -0.7610 -0.0185
vn -0.6548 -0.6601 -0.3680
vn -0.6501 -0.1047 -0.7526
vn -0.6617 0.2509 -0.7066
vn -0.6676 0.5618 -0.4886
vn -0.6503 0.7489 -0.1278
vn -0.5601 -0.0769 0.8248
vn -0.5542 -0.4052 0.7271
vn -0.5904 -0.6722 0.4467
vn -0.5876 -0.7940 0.1559
vn -0.5722 -0.7693 -0.2841
vn -0.5916 -0.5384 -0.6001
vn -0.5875 -0.2808 -0.7589
vn -0.5681 0.1291 -0.8128
vn -0.5589 0.4915 -0.6679
vn -0.5741 0.7233 -0.3837
vn -0.5775 0.8117 -0.0870
vn -0.6108 0.7621 0.2148
vn -0.6102 0.5772 0.5427
vn -0.5777 0.2847 0.7650
vn 1.0000 -0.0005 0.0002
vn 1.0000 -0.0009 -0.0003
vn 1.0000 -0.0004 0.0005
vn 1.0000 -0.0009 -0.0016
vn 1.0000 0.0014 -0.0010
vn 1.0000 0.0009 -0.0004
vn 1.0000 -0.0003 0.0005
vn 1.0000 0.0005 0.0003
vn 1.0000 0.0005 0.0002
vn 0.9892 0.1198 -0.0846
vn 0.9834 -0.1301 0.1261
vn 0.9791 -0.1206 -0.1639
vn 0.9734 0.1669 0.1570
vn 0.8963 0.0115 0.4434
vn 0.8999 -0.3563 0.2516
vn 0.9075 -0.4133 -0.0747
vn 0.9066 -0.1790 -0.3823
vn 0.9184 0.2067 -0.3375
vn 0.9124 0.4085 -0.0267
vn 0.9078 0.3237 0.2666
vn 0.7429 0.1301 0.6566
vn 0.7069 -0.2145 0.6740
vn 0.8253 -0.3603 0.4347
vn 0.7286 -0.6517 0.2108
vn 0.7141 -0.6850 -0.1445
vn 0.8101 -0.4120 -0.4172
vn 0.8012 -0.0083 -0.5983
vn 0.8087 0.3893 -0.4410
vn 0.8259 0.5577 -0.0829
vn 0.8213 0.4315 0.3733
vn 0.6498 -0.5312 0.5437
vn 0.6475 -0.6265 -0.4338
vn 0.6583 -0.3492 -0.6668
vn 0.6449 0.0472 -0.7628
vn 0.6680 0.3819 -0.6387
vn 0.6692 0.6587 -0.3438
vn 0.6325 0.7737 -0.0365
vn 0.6749 0.6948 0.2487
vn 0.6295 0.5694 0.5287
vn 0.6465 0.3126 0.6960
vn 0.5938 0.0145 0.8045
vn 0.5756 -0.3638 0.7324
vn 0.5896 -0.6935 0.4140
vn 0.5984 -0.7952 0.0978
vn 0.5767 -0.7765 -0.2538
vn 0.5620 -0.5714 -0.5980
vn 0.5618 -0.2505 -0.7884
vn 0.5708 0.0740 -0.8177
vn 0.5809 0.3442 -0.7376
vn 0.5707 0.6572 -0.4924
vn 0.5691 0.8076 -0.1547
vn 0.5805 0.7915 0.1910
vn 0.5786 0.6572 0.4830
vn 0.5757 0.4004 0.7129
vn -1.0000 -0.0009 0.0003
vn -1.0000 -0.0005 -0.0005
vn -1.0000 -0.0010 0.0008
vn -1.0000 0.0005 -0.0005
vn -1.0000 -0.0004 -0.0001
vn -1.0000 0.0002 -0.0003
vn -1.0000 -0.0005 -0.0006
vn -1.0000 0.0003 0.0003
vn -1.0000 0.0009 0.0013
vn 0.9762 -0.2112 -0.0493
vn 0.9874 0.0093 -0.1577
vn 0.9850 -0.0058 0.1726
vn 0.9760 0.2161 -0.0251
vn 0.8911 -0.2251 0.3940
vn 0.9134 -0.3687 0.1724
vn 0.8933 -0.4006 -0.2037
vn 0.8958 -0.1323 -0.4242
vn 0.9093 0.2353 -0.3432
vn 0.8861 0.4435 -0.1344
vn 0.8978 0.3807 0.2215
vn 0.8807 0.1385 0.4530
vn 0.8100 -0.1463 0.5678
vn 0.7449 -0.5770 0.3350
vn 0.8079 -0.5867 -0.0564
vn 0.7608 -0.4743 -0.4430
vn 0.7275 -0.0655 -0.6830
vn 0.8170 0.2229 -0.5318
vn 0.7542 0.5635 -0.3370
vn 0.7345 0.6785 -0.0125
vn 0.7244 0.5526 0.4121
vn 0.7428 0.2851 0.6057
vn 0.6584 0.0498 0.7511
vn 0.6323 -0.2219 0.7422
vn 0.6521 -0.4698 0.5950
vn 0.6461 -0.7619 0.0450
vn 0.6421 -0.7066 -0.2975
vn 0.6154 -0.3660 -0.6981
vn 0.6402 0.2486 -0.7268
vn 0.6326 0.5346 -0.5604
vn 0.6424 0.7316 0.2283
vn 0.5601 -0.0767 0.8248
vn 0.5542 -0.4051 0.7271
vn 0.5905 -0.6722 0.4466
vn 0.5913 -0.7847 0.1861
vn 0.5805 -0.7847 -0.2175
vn 0.5788 -0.5867 -0.5663
vn 0.5762 -0.1700 -0.7995
vn 0.5848 0.1296 -0.8007
vn 0.5765 0.4946 -0.6504
vn 0.6013 0.7354 -0.3124
vn 0.5839 0.8114 0.0258
vn 0.5847 0.7017 0.4071
vn 0.6058 0.5008 0.6183
vn 0.5802 0.2581 0.7725
vn -1.0000 -0.0006 0.0002
vn -1.0000 -0.0006 0.0003
vn -1.0000 -0.0018 -0.0012
vn -1.0000 -0.0033 -0.0028
vn -1.0000 0.0009 -0.0021
vn -1.0000 0.0002 0.0010
vn -1.0000 0.0012 -0.0008
vn -1.0000 0.0005 -0.0003
vn -0.9679 -0.0159 0.2509
vn -0.9914 0.1167 0.0594
vn -0.9799 -0.1849 0.0754
vn -0.9790 -0.1093 -0.1722
vn -0.9712 0.1568 -0.1795
vn -0.9079 -0.2984 0.2943
vn -0.8807 -0.0093 0.4735
vn -0.9053 -0.4212 -0.0556
vn -0.8985 -0.2230 -0.3782
vn -0.8996 0.1813 -0.3973
vn -0.9064 0.4135 -0.0870
vn -0.8995 0.2724 0.3415
vn -0.7998 -0.3271 0.5033
vn -0.7301 0.0630 0.6804
vn -0.8097 -0.5633 0.1644
vn -0.7506 -0.5817 -0.3135
vn -0.7994 -0.2746 -0.5344
vn -0.7473 0.0963 -0.6574
vn -0.7518 0.5090 -0.4193
vn -0.7072 0.6959 -0.1246
vn -0.8127 0.5316 0.2386
vn -0.7220 0.3676 0.5862
vn -0.6423 -0.2211 0.7339
vn -0.6484 -0.5009 0.5733
vn -0.6689 -0.6788 0.3031
vn -0.6564 -0.7499 -0.0826
vn -0.6417 -0.4568 -0.6160
vn -0.6443 -0.1622 -0.7474
vn -0.6350 0.4187 -0.6492
vn -0.6444 0.7375 0.2019
vn -0.6625 0.5869 0.4655
vn -0.5795 -0.0518 0.8133
vn -0.5544 -0.4052 0.7270
vn -0.5548 -0.6930 0.4604
vn -0.5594 -0.8266 0.0622
vn -0.5942 -0.7260 -0.3462
vn -0.5957 -0.5657 -0.5702
vn -0.5749 -0.2810 -0.7685
vn -0.5961 0.0550 -0.8010
vn -0.5835 0.3167 -0.7478
vn -0.6025 0.5967 -0.5301
vn -0.6081 0.7390 -0.2900
vn -0.5893 0.8065 0.0482
vn -0.5660 0.7255 0.3915
vn -0.5821 0.4929 0.6466
vn -0.5983 0.2394 0.7647
vn 1.0000 -0.0006 0.0005
vn 1.0000 -0.0022 0.0010
vn 1.0000 -0.0028 0.0010
vn 1.0000 -0.0001 -0.0009
vn 1.0000 -0.0014 -0.0024
vn 1.0000 0.0002 -0.0002
vn -0.9987 -0.0511 0.0042
vn -0.9988 0.0491 0.0035
vn -0.9646 -0.2636 0.0009
vn -0.9234 -0.3837 0.0053
vn -0.8295 -0.5586 0.0031
vn -0.7782 -0.6280 0.0037
vn -0.6557 -0.7550 0.0005
vn -0.5754 -0.8178 0.0050
vn -0.4420 -0.8970 0.0029
vn -0.3807 -0.9247 0.0034
vn -0.2462 -0.9692 0.0002
vn -0.1624 -0.9867 0.0048
vn -0.0000 -1.0000 0.0020
vn -0.0000 -1.0000 0.0039
vn 0.2067 -0.9784 0.0011
vn 0.1990 -0.9800 -0.0019
vn 0.3817 -0.9243 0.0020
vn 0.4438 -0.8961 0.0038
vn 0.5774 -0.8165 0.0004
vn 0.6576 -0.7534 0.0050
vn 0.7793 -0.6266 0.0034
vn 0.8305 -0.5571 0.0041
vn 0.9245 -0.3811 0.0007
vn 0.9654 -0.2609 0.0053
vn 0.9988 -0.0492 0.0035
vn 0.9987 0.0512 0.0042
vn 0.9646 0.2637 0.0009
vn 0.9235 0.3836 0.0053
vn 0.8295 0.5584 0.0031
vn 0.7782 0.6280 0.0037
vn 0.6557 0.7550 0.0006
vn 0.5754 0.8179 0.0051
vn 0.4420 0.8970 0.0029
vn 0.3807 0.9247 0.0034
vn 0.2464 0.9692 0.0003
vn 0.1626 0.9867 0.0049
vn 0.0296 0.9996 0.0030
vn -0.0310 0.9995 0.0035
vn -0.1648 0.9863 0.0002
vn -0.2485 0.9686 0.0049
vn -0.3820 0.9242 0.0032
vn -0.4433 0.8964 0.0038
vn -0.5773 0.8165 0.0004
vn -0.6576 0.7534 0.0050
vn -0.7793 0.6266 0.0034
vn -0.8305 0.5570 0.0041
vn -0.9246 0.3810 0.0007
vn -0.9654 0.2608 0.0053
vn -0.0000 -0.0025 -1.0000
vn -0.0206 -0.0146 -0.9997
vn -0.0125 0.0001 -0.9999
vn -0.0073 0.0053 -1.0000
vn -0.0034 0.0072 -1.0000
vn -0.0000 0.0077 -1.0000
vn 0.0034 0.0071 -1.0000
vn 0.0073 0.0051 -1.0000
vn 0.0124 -0.0001 -0.9999
vn 0.0203 -0.0149 -0.9997
vn 0.0352 -0.0771 -0.9964
vn -0.0366 -0.0785 -0.9962
vn -0.0000 -0.0025 1.0000
vn -0.0117 -0.0000 0.9999
vn -0.0197 -0.0148 0.9997
vn -0.0341 -0.0762 0.9965
vn 0.0202 -0.0144 0.9997
vn 0.0121 -0.0000 0.9999
vn 0.0357 -0.0767 0.9964
vn 0.0069 0.0052 1.0000
vn 0.0032 0.0070 1.0000
vn -0.0001 0.0075 1.0000
vn -0.0035 0.0068 1.0000
vn -0.0070 0.0050 1.0000
vn -0.3201 -0.1066 -0.9414
vn -0.3178 0.1114 -0.9416
vn -0.2230 0.2885 -0.9312
vn -0.0772 0.3801 -0.9217
vn 0.0824 0.3796 -0.9215
vn 0.2267 0.2848 -0.9314
vn 0.3197 0.1065 -0.9415
vn 0.3180 -0.1115 -0.9415
vn 0.2221 -0.2873 -0.9317
vn 0.0770 -0.3762 -0.9234
vn -0.0836 -0.3829 -0.9200
vn -0.2267 -0.2849 -0.9314
vn -0.3042 -0.1082 0.9464
vn -0.2110 -0.2751 0.9380
vn -0.0738 -0.3664 0.9275
vn 0.0826 -0.3732 0.9241
vn 0.2167 -0.2699 0.9382
vn 0.3056 -0.1010 0.9468
vn 0.3038 0.1080 0.9466
vn 0.2118 0.2761 0.9375
vn 0.0728 0.3635 0.9287
vn -0.0800 0.3626 0.9285
vn -0.2164 0.2696 0.9384
vn -0.3052 0.1009 0.9469
vn -0.8779 0.4069 0.2526
vn -0.4983 0.1127 0.8596
vn -0.4347 0.3611 0.8250
vn -0.2756 0.1132 0.9546
vn -0.2271 0.2377 0.9444
vn -0.3205 0.4623 0.8267
vn -0.5470 0.7711 0.3259
vn 0.2042 0.1290 0.9704
vn 0.0607 0.2489 0.9666
vn 0.0076 0.1087 0.9940
vn 0.5931 0.7471 0.3002
vn 0.4161 0.3527 0.8381
vn 0.7484 0.6426 0.1642
vn 0.8583 0.4616 0.2240
vn 0.7618 0.6466 0.0382
vn 0.5780 0.8147 0.0461
vn -0.0397 0.7294 0.6829
vn 0.1037 0.7111 0.6954
vn 0.1344 0.9784 0.1571
vn -0.0050 0.9985 0.0537
vn 0.2844 0.9544 0.0912
vn 0.2390 0.9710 -0.0072
vn 0.1084 0.9941 -0.0104
vn -0.2223 0.6995 0.6792
vn -0.4047 0.9106 0.0838
vn -0.2598 0.9586 0.1167
vn -0.2642 0.9644 -0.0074
vn -0.4729 0.8810 0.0157
vn -0.6330 0.7733 0.0362
vn -0.7474 0.6560 0.1056
vn 0.5812 0.1038 0.8071
vn 0.9731 0.0360 0.2275
vn -0.1574 0.1104 0.9814
vn 0.0014 0.2208 0.9753
vn 0.0061 0.4632 0.8862
vn -0.0541 0.4093 0.9108
vn -0.0233 0.1835 0.9827
vn 0.2393 0.4285 0.8713
vn 0.2788 0.1121 0.9538
vn 0.3711 0.8244 0.4274
vn 0.0896 0.4359 0.8955
vn -0.9228 0.0520 0.3816
vn 0.8553 -0.4521 -0.2532
vn 0.2142 -0.2686 -0.9391
vn 0.0097 -0.1092 -0.9940
vn 0.6064 -0.0951 -0.7895
vn 0.1457 -0.2985 -0.9432
vn 0.0321 -0.1911 -0.9810
vn -0.0008 -0.1197 -0.9928
vn 0.0697 -0.3109 -0.9479
vn -0.0715 -0.2290 -0.9708
vn -0.2872 -0.5864 -0.7574
vn -0.6810 -0.5679 -0.4623
vn -0.0473 -0.1165 -0.9921
vn -0.5751 -0.1647 -0.8013
vn 0.0154 -0.2628 -0.9647
vn -0.1039 -0.5774 -0.8098
vn -0.0119 -0.1053 -0.9944
vn 0.0112 -0.1028 -0.9946
vn 0.0116 -0.0066 -0.9999
vn 0.0141 -0.0951 -0.9954
vn -0.0208 -0.1033 -0.9944
vn 0.0109 -0.0956 -0.9954
vn 0.0099 -0.0970 -0.9952
vn 0.0083 -0.0952 -0.9954
vn 0.0083 -0.0951 -0.9954
vn 0.0060 -0.0936 -0.9956
vn 0.0061 -0.0932 -0.9956
vn 0.0031 -0.0924 -0.9957
vn 0.0047 -0.0893 -0.9960
vn 0.0001 -0.0947 -0.9955
vn -0.0000 -0.0961 -0.9954
vn -0.0031 -0.0930 -0.9957
vn -0.0029 -0.0921 -0.9957
vn -0.0050 -0.0895 -0.9960
vn -0.0067 -0.0968 -0.9953
vn -0.0069 -0.0970 -0.9953
vn -0.0061 -0.0978 -0.9952
vn -0.0100 -0.0969 -0.9952
vn -0.0197 -0.0950 -0.9953
vn 0.0136 -0.1051 -0.9944
vn 0.3987 -0.1143 -0.9099
vn -0.7628 -0.5169 -0.3884
vn -0.8843 -0.4668 0.0021
vn -0.7725 -0.6349 -0.0071
vn 0.0358 -0.1707 0.9847
vn 0.9217 -0.3879 0.0017
vn 0.7396 -0.4090 0.5345
vn 0.8056 -0.5911 0.0392
vn -0.9958 -0.0512 -0.0764
vn -0.1895 -0.1498 -0.9704
vn 0.1958 -0.1506 -0.9690
vn 0.0058 0.0435 -0.9990
vn -0.1257 -0.0556 -0.9905
vn -0.9985 0.0064 0.0543
vn -0.9903 0.1131 0.0805
vn -0.9710 0.0209 -0.2383
vn -0.9252 -0.3560 -0.1317
vn -0.6481 -0.7583 -0.0707
vn -0.5822 -0.8103 0.0662
vn -0.4072 -0.8914 -0.1991
vn -0.3925 -0.9163 0.0793
vn -0.2642 -0.9638 -0.0354
vn -0.2654 -0.9611 0.0760
vn 0.0665 -0.9667 -0.2471
vn 0.1507 -0.9856 0.0762
vn -0.0124 -0.9966 0.0819
vn 0.2732 -0.8559 -0.4391
vn 0.2467 -0.9656 -0.0824
vn 0.0606 -0.8848 -0.4619
vn 0.2696 -0.9600 0.0757
vn 0.6208 -0.7814 0.0635
vn 0.5906 -0.7847 -0.1882
vn 0.7541 -0.6553 -0.0431
vn 0.5383 -0.7676 -0.3479
vn 0.6941 -0.6559 -0.2967
vn -0.9592 -0.0627 -0.2758
vn 0.9783 -0.1056 -0.1783
vn 0.9994 -0.0334 -0.0112
vn 0.9987 -0.0038 -0.0517
vn 0.9347 0.0318 0.3540
vn 0.9913 0.0135 0.1312
vn 0.9918 0.0156 0.1268
vn -0.2255 -0.1128 -0.9677
vn -0.5903 -0.0839 -0.8028
vn -0.0208 -0.1164 -0.9930
vn -0.0045 -0.1158 -0.9933
vn 0.0062 -0.1160 -0.9932
vn 0.0204 -0.1163 -0.9930
vn 0.4577 -0.0969 -0.8838
vn -0.0000 -0.1178 -0.9930
vn 0.0008 -0.0684 -0.9977
vn 0.0026 -0.0933 -0.9956
vn -0.0009 -0.1445 -0.9895
vn -0.9996 -0.0122 -0.0260
vn -0.9998 0.0006 -0.0186
vn -0.2695 -0.1077 -0.9570
vn -0.2515 -0.0806 -0.9645
vn -0.9997 -0.0094 -0.0209
vn -0.9999 0.0005 -0.0165
vn -0.9670 -0.0299 -0.2530
vn -0.9662 -0.0234 -0.2569
vn 1.0000 -0.0009 -0.0025
vn 1.0000 0.0021 -0.0043
vn -0.8874 -0.0524 -0.4581
vn -0.9983 -0.0079 -0.0579
vn -0.9988 -0.0055 -0.0487
vn -0.3979 -0.1699 0.9016
vn -0.4872 0.0920 0.8684
vn -0.8620 -0.3601 0.3568
vn -0.2941 -0.3565 0.8868
vn -0.1597 -0.0309 0.9867
vn -0.2267 0.0966 0.9692
vn 0.0062 0.1024 0.9947
vn 0.0153 0.0134 0.9998
vn 0.1584 0.0965 0.9826
vn 0.3613 -0.4288 0.8280
vn 0.5383 -0.8076 0.2409
vn 0.7633 -0.6030 0.2317
vn 0.3736 -0.1217 0.9196
vn 0.6232 -0.7661 0.1571
vn 0.9064 -0.3394 0.2513
vn 0.4833 -0.0141 0.8753
vn -0.0006 -0.5533 0.8330
vn -0.0016 -0.9626 0.2709
vn 0.1479 -0.9268 0.3453
vn 0.0760 -0.3976 0.9144
vn -0.0007 -0.9838 0.1791
vn 0.0894 -0.9795 0.1806
vn 0.2143 -0.9603 0.1784
vn -0.5539 -0.7850 0.2774
vn -0.3134 -0.9025 0.2954
vn -0.1994 -0.5279 0.8256
vn -0.6245 -0.7653 0.1559
vn -0.3909 -0.9044 0.1710
vn -0.2186 -0.9595 0.1779
vn -0.1494 -0.9264 0.3456
vn -0.0637 -0.3728 0.9257
vn -0.7634 -0.6108 0.2103
vn -0.9016 -0.4088 0.1414
vn 0.4463 0.1001 0.8893
vn -0.1663 0.1011 0.9809
vn -0.0149 0.0479 0.9987
vn -0.0413 -0.0927 0.9948
vn 0.0037 -0.1327 0.9911
vn 0.2379 0.0986 0.9663
vn 0.1555 -0.0671 0.9856
vn 0.0839 -0.1751 0.9810
vn 0.1946 -0.5311 0.8247
vn -0.9739 0.0123 0.2265
vn 0.0360 -0.0871 -0.9955
vn 0.1332 0.0936 -0.9867
vn 0.3988 0.1409 -0.9061
vn 0.8780 0.3856 -0.2837
vn 0.0342 0.0067 -0.9994
vn 0.0817 0.1362 -0.9873
vn 0.0248 0.1067 -0.9940
vn -0.9078 0.2949 -0.2982
vn -0.3357 0.1344 -0.9323
vn -0.0131 -0.1013 -0.9948
vn -0.1736 0.1332 -0.9758
vn -0.0725 0.0273 -0.9970
vn -0.0570 0.1068 -0.9926
vn -0.0159 0.1424 -0.9897
vn -0.0014 -0.0837 -0.9965
vn -0.0341 -0.1075 -0.9936
vn -0.0564 -0.2917 -0.9549
vn 0.0044 -0.1792 -0.9838
vn -0.0077 -0.1080 -0.9941
vn 0.0140 -0.1146 -0.9933
vn 0.0074 -0.1119 -0.9937
vn 0.0101 -0.1137 -0.9935
vn -0.0118 -0.1078 -0.9941
vn 0.0066 -0.1158 -0.9933
vn 0.0065 -0.1146 -0.9934
vn 0.0044 -0.1171 -0.9931
vn 0.0041 -0.1174 -0.9931
vn 0.0028 -0.1179 -0.9930
vn 0.0030 -0.1186 -0.9929
vn 0.0001 -0.1315 -0.9913
vn -0.0042 -0.1258 -0.9920
vn -0.0016 -0.1266 -0.9920
vn -0.0025 -0.1177 -0.9931
vn -0.0049 -0.1213 -0.9926
vn -0.0068 -0.1150 -0.9933
vn -0.0078 -0.1109 -0.9938
vn -0.0073 -0.1116 -0.9937
vn -0.0073 -0.1157 -0.9933
vn -0.0090 -0.1102 -0.9939
vn 0.0187 -0.1094 -0.9938
vn -0.7781 0.6156 -0.1247
vn -0.9015 0.4199 -0.1047
vn -0.7642 0.3979 -0.5076
vn -0.0790 0.4617 0.8835
vn 0.0986 0.5577 -0.8242
vn 0.0944 0.5408 -0.8358
vn 0.0175 0.2252 -0.9742
vn 0.0800 0.4706 0.8787
vn 0.0157 0.2174 -0.9760
vn 0.1502 0.1719 0.9736
vn -0.1893 -0.0605 -0.9800
vn -0.4016 -0.0783 -0.9125
vn 0.9980 -0.0075 -0.0634
vn 0.9902 0.0528 -0.1290
vn 0.9997 -0.0067 -0.0238
vn -0.7969 0.5824 -0.1608
vn -0.5226 0.8450 -0.1134
vn -0.5856 0.7726 -0.2452
vn -0.5144 0.7360 -0.4402
vn -0.3479 0.9321 -0.1010
vn -0.2643 0.9199 -0.2898
vn -0.1848 0.9719 -0.1460
vn -0.2838 0.8153 -0.5048
vn 0.0228 0.9905 -0.1359
vn 0.1009 0.9891 -0.1076
vn 0.1343 0.9489 -0.2855
vn -0.0556 0.9499 -0.3076
vn 0.2204 0.9691 -0.1107
vn 0.0884 0.8441 -0.5288
vn -0.0887 0.8426 -0.5313
vn 0.6237 0.7761 -0.0934
vn 0.8142 0.5740 -0.0873
vn 0.7598 0.6316 -0.1546
vn 0.5681 0.7921 -0.2233
vn 0.9249 0.3696 -0.0893
vn 0.7152 0.6006 -0.3575
vn 0.5054 0.7402 -0.4436
vn -0.9931 0.1126 -0.0331
vn -0.9920 0.0304 -0.1222
vn 0.9976 0.0613 -0.0320
vn 0.0757 -0.7350 -0.6738
vn -0.0334 -0.8439 -0.5355
vn 0.0015 -0.1951 -0.9808
vn -0.0388 -0.1768 -0.9835
vn -0.8252 -0.4832 -0.2926
vn -0.9030 -0.3409 -0.2614
vn -0.9004 -0.2757 -0.3365
vn -0.5595 -0.1574 -0.8137
vn -0.3701 -0.4483 -0.8137
vn 0.9586 -0.0813 -0.2729
vn 0.9520 -0.2643 -0.1542
vn -0.0085 0.1089 0.9940
vn -0.0069 0.1048 0.9945
vn -0.9953 0.0085 0.0967
vn 0.0014 -0.0979 -0.9952
vn -0.0003 -0.1276 -0.9918
vn 0.9261 -0.0421 -0.3749
vn 0.9244 -0.0405 -0.3793
vn 0.9999 -0.0001 -0.0154
vn 0.9998 -0.0077 -0.0201
vn 0.9994 -0.0037 -0.0336
vn 0.9999 -0.0038 -0.0099
vn 0.9673 -0.0289 -0.2521
vn 0.9680 -0.0267 -0.2494
vn -1.0000 -0.0002 -0.0016
vn 0.9997 -0.0127 -0.0208
vn 0.9926 0.0674 -0.1007
vn 0.0105 0.5778 -0.8161
vn 0.0059 0.5245 -0.8514
vn -0.8621 0.2796 -0.4225
vn -0.8590 0.2950 -0.4185
vn -0.8525 0.2860 -0.4376
vn -0.9660 0.1505 -0.2101
vn 0.1603 -0.8666 -0.4725
vn 0.8849 -0.3885 -0.2568
vn -0.0042 -0.8769 -0.4806
vn -0.0083 -0.8293 -0.5587
vn -0.8039 -0.5052 -0.3137
vn -0.8182 -0.5080 -0.2691
vn 0.5678 -0.7074 -0.4209
vn -0.1478 0.5874 -0.7957
vn 0.1119 0.5456 -0.8306
vn 0.7561 0.3812 -0.5320
vn 0.8014 0.3434 -0.4897
vn 0.1824 -0.8632 -0.4707
vn 0.9821 -0.1612 -0.0973
vn 0.8869 -0.3839 -0.2571
vn -0.0241 -0.8293 -0.5583
vn 0.0273 -0.7932 -0.6084
vn -0.0214 -0.8778 -0.4786
vn -0.1402 -0.8600 -0.4906
vn -0.8245 -0.4971 -0.2703
vn -0.1465 0.5887 -0.7950
vn 0.0207 0.5423 -0.8399
vn -0.0307 0.5183 -0.8547
vn 0.0206 0.5955 -0.8031
vn 0.7459 0.3714 -0.5529
vn 0.1126 0.5273 -0.8422
vn 0.7683 0.3856 -0.5108
vn -0.1615 0.5717 -0.8044
vn -0.9995 0.0059 -0.0310
vn -0.0045 0.0103 -0.9999
vn 0.9543 -0.0119 -0.2986
vn 0.9912 0.1205 0.0544
vn -0.9999 0.0062 -0.0156
vn -0.9932 -0.0980 -0.0631
vn 0.9881 -0.1361 0.0720
vn -0.1176 0.4704 -0.8746
vn -0.0943 0.4118 -0.9064
vn -0.3413 0.5628 -0.7528
vn 0.1302 -0.7573 -0.6400
vn -0.0619 -0.6425 -0.7638
vn 0.0591 -0.7439 -0.6656
vn 0.9227 0.3800 0.0650
vn -0.0056 0.9999 -0.0125
vn -0.1151 0.9933 -0.0122
vn -0.1545 0.9735 0.1686
vn -0.7595 0.6501 0.0217
vn -0.8690 0.4919 0.0533
vn 0.7746 -0.6171 0.1385
vn 0.8860 -0.4454 0.1288
vn -0.7663 -0.6272 0.1394
vn -0.9917 -0.0761 0.1040
vn -0.1718 0.4158 0.8931
vn -0.0059 -0.0931 -0.9956
vn -0.0058 -0.0938 -0.9956
vn 0.4529 -0.8899 -0.0552
vn 0.4032 -0.9117 0.0787
vn -0.0907 -0.9793 0.1809
vn -0.0052 -0.1179 -0.9930
vn 0.3891 0.9146 -0.1099
vn 0.3254 0.9056 -0.2720
vn 0.2679 0.8208 -0.5046
vn 0.4011 0.9157 0.0256
vn 0.0031 -0.0907 -0.9959
vn -0.0335 -0.1654 0.9857
vn -0.0933 -0.9899 -0.1069
vn -0.1508 -0.9850 0.0840
vn 0.3811 -0.9086 0.1712
vn 0.3049 -0.9053 0.2957
vn 0.0024 -0.1225 -0.9925
vn -0.0991 0.9874 -0.1231
vn -0.0494 0.9489 -0.3117
vn -0.4984 0.1128 0.8596
vn -0.4346 0.3611 0.8250
vn -0.3205 0.4624 0.8267
vn -0.5471 0.7710 0.3259
vn 0.0077 0.1087 0.9940
vn 0.4161 0.3526 0.8382
vn 0.7484 0.6426 0.1643
vn -0.0397 0.7295 0.6828
vn 0.1037 0.7110 0.6955
vn -0.2597 0.9586 0.1167
vn 0.2787 0.1121 0.9538
vn 0.3711 0.8244 0.4275
vn -0.9228 0.0521 0.3818
vn 0.8553 -0.4521 -0.2531
vn 0.0097 -0.1091 -0.9940
vn 0.6065 -0.0951 -0.7894
vn 0.0697 -0.3108 -0.9479
vn -0.0007 -0.1197 -0.9928
vn 0.0154 -0.2627 -0.9647
vn -0.1038 -0.5774 -0.8098
vn -0.0193 -0.1011 -0.9947
vn 0.0116 -0.1035 -0.9946
vn -0.0025 -0.0428 -0.9991
vn 0.0138 -0.0953 -0.9954
vn -0.0134 -0.1038 -0.9945
vn 0.0110 -0.0954 -0.9954
vn 0.0062 -0.0937 -0.9956
vn 0.0060 -0.0932 -0.9956
vn 0.0031 -0.0925 -0.9957
vn 0.0047 -0.0894 -0.9960
vn -0.0030 -0.0921 -0.9957
vn -0.0062 -0.0978 -0.9952
vn -0.0102 -0.0968 -0.9953
vn -0.0196 -0.0950 -0.9953
vn 0.0172 -0.1023 -0.9946
vn 0.3968 -0.1156 -0.9106
vn 0.0380 0.0470 -0.9982
vn -0.7625 -0.5173 -0.3885
vn -0.8843 -0.4669 0.0021
vn 0.0359 -0.1707 0.9847
vn 0.9218 -0.3878 0.0016
vn 0.7399 -0.4086 0.5343
vn 0.8056 -0.5911 0.0391
vn -0.9958 -0.0512 -0.0757
vn 0.1986 -0.1521 -0.9682
vn -0.9985 0.0065 0.0544
vn -0.9905 0.1126 0.0788
vn -0.9696 0.0201 -0.2438
vn 0.9987 -0.0038 -0.0516
vn 0.9784 -0.1054 -0.1777
vn 0.9997 -0.0130 -0.0197
vn 0.9994 -0.0333 -0.0096
vn -0.9252 -0.3560 -0.1318
vn -0.6480 -0.7583 -0.0707
vn -0.5822 -0.8103 0.0663
vn -0.3925 -0.9163 0.0794
vn -0.2643 -0.9638 -0.0354
vn -0.2654 -0.9611 0.0761
vn -0.0124 -0.9966 0.0820
vn 0.2732 -0.8558 -0.4392
vn 0.0605 -0.8849 -0.4619
vn 0.2695 -0.9600 0.0757
vn 0.6209 -0.7813 0.0635
vn 0.7541 -0.6553 -0.0430
vn -0.9592 -0.0626 -0.2758
vn 0.9919 0.0155 0.1265
vn -0.0046 -0.1158 -0.9933
vn 0.0203 -0.1163 -0.9930
vn 0.4574 -0.0969 -0.8839
vn -0.9993 -0.0040 -0.0373
vn -0.9999 0.0014 -0.0118
vn -0.4311 -0.0768 -0.8991
vn -0.9268 -0.0399 -0.3735
vn 0.0014 -0.0976 -0.9952
vn -0.0014 -0.1152 -0.9933
vn -0.9994 -0.0104 -0.0331
vn -0.9999 0.0013 -0.0111
vn -0.9671 -0.0251 -0.2533
vn 1.0000 0.0020 -0.0043
vn -0.4871 0.0920 0.8685
vn -0.8618 -0.3603 0.3569
vn -0.1596 -0.0309 0.9867
vn -0.2267 0.0967 0.9692
vn 0.5721 -0.7753 0.2675
vn 0.5812 -0.7979 0.1599
vn 0.0760 -0.3977 0.9144
vn 0.2149 -0.9603 0.1778
vn -0.3134 -0.9025 0.2953
vn -0.7634 -0.6108 0.2104
vn -0.9015 -0.4089 0.1414
vn 0.1947 -0.5312 0.8246
vn -0.9738 0.0124 0.2270
vn 0.1333 0.0939 -0.9866
vn 0.3986 0.1406 -0.9063
vn 0.8778 0.3855 -0.2843
vn 0.0343 0.0070 -0.9994
vn -0.0015 -0.0837 -0.9965
vn -0.3358 0.1345 -0.9323
vn -0.0131 -0.1012 -0.9948
vn -0.1735 0.1332 -0.9758
vn -0.0159 0.1425 -0.9897
vn -0.0351 -0.1074 -0.9936
vn -0.0586 -0.2915 -0.9548
vn -0.0073 -0.1077 -0.9942
vn 0.0141 -0.1147 -0.9933
vn 0.0073 -0.1116 -0.9937
vn -0.0118 -0.1077 -0.9941
vn 0.0066 -0.1156 -0.9933
vn 0.0064 -0.1151 -0.9933
vn 0.0034 -0.1167 -0.9932
vn 0.0039 -0.1162 -0.9932
vn 0.0027 -0.1182 -0.9930
vn 0.0028 -0.1185 -0.9930
vn -0.0000 -0.1318 -0.9913
vn -0.0042 -0.1256 -0.9921
vn -0.0025 -0.1176 -0.9931
vn -0.0049 -0.1215 -0.9926
vn -0.0068 -0.1148 -0.9934
vn -0.0080 -0.1107 -0.9938
vn -0.0072 -0.1116 -0.9937
vn -0.0084 -0.1104 -0.9939
vn 0.0186 -0.1091 -0.9939
vn -0.7782 0.6156 -0.1247
vn -0.9015 0.4200 -0.1047
vn -0.7641 0.3977 -0.5078
vn -0.0790 0.4618 0.8834
vn 0.0987 0.5572 -0.8245
vn 0.0945 0.5403 -0.8361
vn 0.0175 0.2249 -0.9742
vn 0.0800 0.4707 0.8787
vn 0.0157 0.2171 -0.9760
vn 0.1499 0.1718 0.9737
vn -0.1892 -0.0605 -0.9801
vn -0.4019 -0.0783 -0.9124
vn -0.3479 0.9321 -0.1009
vn -0.2643 0.9199 -0.2897
vn -0.2838 0.8153 -0.5047
vn 0.0229 0.9905 -0.1358
vn 0.2204 0.9691 -0.1106
vn -0.0888 0.8425 -0.5313
vn 0.6237 0.7761 -0.0933
vn 0.7598 0.6315 -0.1546
vn 0.9249 0.3696 -0.0894
vn 0.7151 0.6006 -0.3575
vn -0.9931 0.1125 -0.0331
vn 0.0756 -0.7350 -0.6738
vn -0.0289 -0.8595 -0.5103
vn -0.0388 -0.1769 -0.9835
vn -0.9030 -0.3409 -0.2615
vn -0.5679 -0.1564 -0.8081
vn -0.3825 -0.4471 -0.8085
vn 0.9587 -0.0812 -0.2726
vn -0.0084 0.1089 0.9940
vn -0.9952 0.0086 0.0973
vn 0.9998 -0.0077 -0.0202
vn 0.9261 -0.0421 -0.3750
vn 0.9243 -0.0406 -0.3796
vn 0.9998 -0.0021 -0.0190
vn 0.9999 -0.0045 -0.0166
vn 0.9680 -0.0266 -0.2496
vn 0.9665 -0.0314 -0.2549
vn 0.0052 -0.0809 -0.9967
vn -0.0005 -0.1263 -0.9920
vn 0.0004 -0.0865 -0.9963
vn -1.0000 -0.0002 -0.0017
vn 0.9927 0.0669 -0.1005
vn 0.0060 -0.0205 -0.9998
vn 0.0105 0.5780 -0.8160
vn 0.0059 0.5247 -0.8512
vn -0.2146 -0.0248 -0.9764
vn -0.8617 0.2805 -0.4228
vn -0.8599 0.2945 -0.4170
vn -0.8526 0.2856 -0.4375
vn -0.9661 0.1503 -0.2101
vn 0.2941 -0.8357 -0.4638
vn 0.8849 -0.3886 -0.2568
vn 0.0044 -0.8748 -0.4845
vn -0.0256 -0.8511 -0.5244
vn -0.8077 -0.5010 -0.3110
vn -0.8232 -0.5020 -0.2654
vn 0.5671 -0.7078 -0.4212
vn 0.1118 0.5456 -0.8306
vn 0.7559 0.3814 -0.5321
vn 0.8008 0.3441 -0.4902
vn 0.2965 -0.8345 -0.4645
vn 0.9821 -0.1613 -0.0974
vn 0.8868 -0.3840 -0.2572
vn -0.0234 -0.8470 -0.5311
vn -0.0397 -0.8747 -0.4830
vn -0.0975 -0.8444 -0.5268
vn -0.8119 -0.5126 -0.2793
vn -0.7744 -0.5481 -0.3160
vn -0.1509 0.5888 -0.7941
vn -0.0304 0.5177 -0.8550
vn 0.0177 0.5961 -0.8027
vn 0.1127 0.5273 -0.8422
vn 0.7555 0.3653 -0.5438
vn 0.7797 0.3777 -0.4995
vn -0.1605 0.5720 -0.8044
vn -0.0001 -0.1294 -0.9916
vn -0.9660 -0.0337 -0.2565
vn -0.0008 -0.1319 -0.9913
vn -0.9995 0.0060 -0.0305
vn 0.9524 -0.0119 -0.3046
vn 0.9913 0.1201 0.0531
vn -0.9999 0.0063 -0.0156
vn 0.9881 -0.1361 0.0721
vn -0.1174 0.4704 -0.8746
vn -0.0987 0.4117 -0.9060
vn -0.4907 0.5230 -0.6969
vn 0.1336 -0.7570 -0.6396
vn 0.1171 -0.6950 -0.7094
vn -0.0050 0.9999 -0.0125
vn -0.8690 0.4920 0.0532
vn -0.7663 -0.6272 0.1395
vn -0.9916 -0.0764 0.1045
vn -0.1717 0.4158 0.8931
vn -0.0057 -0.0926 -0.9957
vn -0.0058 -0.0939 -0.9956
vn -0.0906 -0.9793 0.1810
vn 0.3890 0.9146 -0.1099
vn 0.3253 0.9056 -0.2720
vn 0.2678 0.8208 -0.5046
vn 0.4011 0.9157 0.0257
vn 0.0025 -0.0916 -0.9958
vn -0.0333 -0.1647 0.9858
vn -0.0933 -0.9899 -0.1068
vn 0.3313 -0.9033 0.2726
vn 0.0025 -0.1224 -0.9925
vn -0.0992 0.9874 -0.1232
vn -0.0494 0.9485 -0.3128
vn 0.3494 -0.9213 0.1707
vn -1.0000 0.0001 0.0046
vn -1.0000 -0.0000 0.0024
vn -0.9462 -0.3235 -0.0010
vn -0.9481 -0.3178 -0.0023
vn -0.8308 -0.5565 -0.0041
vn -0.7791 -0.6269 -0.0021
vn -0.6180 -0.7861 -0.0011
vn -0.6111 -0.7916 0.0020
vn -0.4119 -0.9112 -0.0043
vn -0.4119 -0.9112 -0.0022
vn -0.2487 -0.9686 -0.0049
vn -0.1630 -0.9866 0.0025
vn -0.0298 -0.9996 0.0019
vn 0.0314 -0.9995 0.0036
vn 0.2054 -0.9787 0.0009
vn 0.2110 -0.9775 0.0018
vn 0.4113 -0.9115 -0.0040
vn 0.4121 -0.9111 -0.0012
vn 0.6153 -0.7883 -0.0013
vn 0.6225 -0.7826 0.0020
vn 0.8043 -0.5942 -0.0040
vn 0.8050 -0.5933 -0.0011
vn 0.9237 -0.3831 -0.0024
vn 0.9655 -0.2605 0.0053
vn 1.0000 -0.0001 0.0024
vn 1.0000 -0.0001 0.0046
vn 0.9456 0.3253 0.0013
vn 0.9487 0.3160 -0.0022
vn 0.8297 0.5581 0.0017
vn 0.7779 0.6284 0.0036
vn 0.6557 0.7550 0.0005
vn -0.1648 0.9863 0.0003
vn -0.2486 0.9686 0.0049
vn -0.6575 0.7534 0.0050
vn 0.0010 -0.0022 -1.0000
vn -0.0104 -0.0072 -0.9999
vn -0.0082 0.0003 -1.0000
vn -0.0059 0.0042 -1.0000
vn -0.0031 0.0067 -1.0000
vn -0.0000 0.0083 -1.0000
vn 0.0043 0.0089 -1.0000
vn 0.0107 0.0076 -0.9999
vn 0.0235 -0.0004 -0.9997
vn 0.0629 -0.0466 -0.9969
vn -0.0006 -0.0890 -0.9960
vn -0.0117 -0.0248 -0.9996
vn -0.0000 -0.0026 1.0000
vn -0.0121 -0.0002 0.9999
vn -0.0203 -0.0151 0.9997
vn -0.0342 -0.0773 0.9964
vn 0.0204 -0.0147 0.9997
vn 0.0125 -0.0001 0.9999
vn 0.0354 -0.0754 0.9965
vn 0.0071 0.0053 1.0000
vn -0.0000 0.0075 1.0000
vn -0.3123 -0.1040 -0.9443
vn -0.2231 0.2886 -0.9311
vn -0.0773 0.3804 -0.9216
vn 0.0824 0.3797 -0.9214
vn 0.2269 0.2850 -0.9313
vn 0.3122 0.1039 -0.9443
vn 0.3111 -0.1105 -0.9439
vn 0.2184 -0.2837 -0.9337
vn 0.0773 -0.3827 -0.9206
vn -0.0798 -0.3625 -0.9285
vn -0.2225 -0.2775 -0.9346
vn -0.3191 -0.1119 0.9411
vn -0.2171 -0.2811 0.9348
vn -0.0755 -0.3748 0.9240
vn 0.0817 -0.3746 0.9236
vn 0.2208 -0.2770 0.9352
vn 0.3058 -0.1010 0.9467
vn 0.3114 0.1108 0.9438
vn 0.2119 0.2763 0.9374
vn 0.0728 0.3636 0.9287
vn -0.0799 0.3627 0.9285
vn -0.2165 0.2696 0.9383
vn -0.0000 1.0000 0.0005
vn -0.0000 1.0000 -0.0088
vn -0.0000 1.0000 0.0099
vn 1.0000 0.0070 0.0026
vn 0.9998 0.0120 -0.0153
vn 1.0000 0.0094 0.0014
vn 0.9996 -0.0265 0.0119
vn 0.9993 -0.0123 -0.0350
vn 0.9997 0.0094 -0.0221
vn 0.9998 0.0123 0.0167
vn 0.9993 -0.0193 0.0333
vn 0.0038 0.8394 -0.5435
vn 0.0005 0.8296 -0.5584
vn 0.1743 0.9836 -0.0473
vn 0.4488 0.7203 0.5290
vn 0.2822 0.2384 -0.9293
vn 0.0003 0.0116 -0.9999
vn 0.0751 0.0177 -0.9970
vn 0.3627 0.9313 -0.0332
vn 0.1670 0.9855 -0.0312
vn 0.0002 0.0256 -0.9997
vn 0.0001 0.5067 0.8621
vn -0.3475 0.0354 0.9370
vn 0.0080 0.3484 0.9373
vn -0.0003 0.0225 0.9997
vn 0.2630 0.0047 0.9648
vn 0.8948 0.0137 0.4462
vn -0.9999 0.0088 0.0059
vn -0.9999 0.0107 -0.0065
vn -1.0000 0.0064 0.0064
vn -0.9996 -0.0263 0.0122
vn 0.0003 0.0266 -0.9996
vn -0.0000 0.0005 -1.0000
vn -0.0000 0.0015 -1.0000
vn -0.0000 0.0009 -1.0000
vn -0.0000 0.0001 -1.0000
vn -0.9993 0.0124 -0.0359
vn -0.9999 0.0094 -0.0138
vn -0.9995 -0.0114 -0.0310
vn -0.9992 -0.0234 -0.0328
vn -0.1611 0.0104 -0.9869
vn -0.0022 0.1922 -0.9814
vn -0.0003 0.1984 -0.9801
vn -0.4259 0.9045 -0.0245
vn -0.2469 0.9191 -0.3070
vn -0.5427 0.8246 -0.1601
vn -0.7347 0.1075 0.6698
vn -0.0003 0.0043 1.0000
vn -0.6785 0.0893 0.7291
vn -0.4295 0.9029 -0.0178
vn -0.0000 0.8296 -0.5584
vn -0.2835 0.9588 -0.0163
vn -0.0081 0.3402 -0.9403
vn -0.0003 0.0214 0.9998
vn -0.0000 1.0000 0.0074
vn -0.0000 1.0000 -0.0015
vn -0.0000 1.0000 0.0073
vn -0.0000 0.9999 0.0159
vn -0.0000 0.0006 1.0000
vn -0.0000 0.0021 1.0000
vn -0.0000 0.1984 -0.9801
vn -0.0000 -1.0000 0.0002
vn -0.0000 -1.0000 0.0001
vn -1.0000 0.0006 -0.0029
vn -0.9998 -0.0011 -0.0217
vn -1.0000 -0.0000 0.0092
vn -0.9999 0.0008 0.0120
vn -0.0000 -1.0000 -0.0086
vn -0.0000 -0.9998 -0.0199
vn -0.0000 -1.0000 -0.0087
vn -0.0000 -1.0000 0.0025
vn -0.9997 -0.0181 -0.0151
vn -0.9997 -0.0130 0.0216
vn -0.9982 -0.0111 0.0585
vn -0.9998 -0.0048 -0.0179
vn -0.9969 -0.0068 -0.0790
vn -0.7450 0.6670 -0.0023
vn -0.8253 -0.5647 -0.0042
vn -0.8563 -0.5165 -0.0007
vn -0.8255 -0.5644 -0.0042
vn -0.7870 -0.6169 -0.0082
vn -0.7592 -0.0093 -0.6508
vn -0.6639 -0.0093 0.7477
vn -0.0000 1.0000 0.0020
vn -0.0000 1.0000 0.0024
vn -0.0000 0.0010 -1.0000
vn -0.0000 0.0012 -1.0000
vn -0.7130 0.0009 -0.7011
vn 1.0000 -0.0000 0.0090
vn 0.9998 -0.0011 -0.0218
vn 1.0000 0.0006 -0.0028
vn 0.9999 0.0009 0.0117
vn 0.9997 -0.0132 0.0214
vn 0.9997 -0.0181 -0.0140
vn 0.9983 -0.0105 0.0571
vn -0.0000 -0.0167 -0.9999
vn -0.0000 -0.0173 -0.9999
vn -0.0000 -0.0165 -0.9999
vn 0.9969 -0.0068 -0.0779
vn 0.9999 -0.0048 -0.0161
vn 0.7479 0.6638 -0.0021
vn 0.8256 -0.5643 -0.0036
vn 0.8613 -0.5082 0.0004
vn 0.8255 -0.5644 -0.0036
vn 0.7793 -0.6267 -0.0083
vn 0.7656 -0.0086 -0.6432
vn 0.6538 -0.0101 0.7566
vn 0.6986 0.0011 -0.7155
vn -0.0000 -1.0000 -0.0001
vn -0.0000 -1.0000 0.0013
vn -0.0000 -1.0000 0.0004
vn -0.0000 -1.0000 -0.0007
vn -0.0000 -1.0000 0.0037
vn -0.0000 -0.9999 0.0161
vn -0.0000 -0.0083 1.0000
vn -0.0000 -0.0092 1.0000
vn -0.0000 -0.1354 0.9908
vn 0.0006 -0.1879 0.9822
vn -0.0000 -0.0171 0.9999
vn -0.0000 -0.0177 0.9998
vn -0.0000 -0.2166 0.9763
vn -0.0000 -0.2162 0.9763
vn -0.0000 -0.9998 -0.0198
vn -0.9982 -0.0108 0.0586
vn -0.7448 0.6673 -0.0023
vn -0.8251 -0.5649 -0.0042
vn -0.8562 -0.5167 -0.0007
vn -0.8252 -0.5648 -0.0042
vn -0.7867 -0.6173 -0.0082
vn -0.7593 -0.0093 -0.6507
vn -0.6641 -0.0093 0.7476
vn -0.0000 0.0013 -1.0000
vn -0.7136 0.0009 -0.7006
vn 1.0000 -0.0000 0.0091
vn 0.9999 0.0009 0.0118
vn 0.9983 -0.0106 0.0570
vn -0.0000 -0.0168 -0.9999
vn 0.9969 -0.0068 -0.0780
vn 0.7478 0.6639 -0.0021
vn 0.7791 -0.6268 -0.0083
vn 0.7659 -0.0086 -0.6429
vn 0.6540 -0.0101 0.7564
vn 0.6992 0.0011 -0.7149
vn -0.0000 -1.0000 -0.0002
vn -0.0000 -1.0000 0.0007
vn -0.0000 -0.0087 1.0000
vn -0.0000 -0.0093 1.0000
vn -0.0000 -0.1355 0.9908
vn -0.0000 -0.0178 0.9998
vn -0.0000 -0.0174 0.9998
vn -0.0000 1.0000 0.0004
vn 1.0000 0.0069 0.0027
vn 0.9998 0.0121 -0.0152
vn 1.0000 0.0094 0.0015
vn 0.9996 -0.0267 0.0119
vn 0.9993 -0.0124 -0.0351
vn 0.9997 0.0094 -0.0222
vn 0.9998 0.0123 0.0166
vn 0.9993 -0.0194 0.0332
vn 0.0038 0.8380 -0.5457
vn 0.0005 0.8281 -0.5606
vn 0.1732 0.9837 -0.0473
vn 0.4482 0.7190 0.5311
vn 0.2815 0.2387 -0.9294
vn 0.0744 0.0177 -0.9971
vn 0.3591 0.9327 -0.0332
vn 0.1655 0.9857 -0.0312
vn 0.0001 0.5078 0.8615
vn -0.3491 0.0354 0.9364
vn 0.0078 0.3455 0.9384
vn -0.0004 0.0223 0.9998
vn 0.2610 0.0047 0.9653
vn 0.8949 0.0137 0.4461
vn -0.9999 0.0088 0.0061
vn -0.9999 0.0107 -0.0063
vn -1.0000 0.0063 0.0066
vn -0.9996 -0.0264 0.0124
vn 0.0002 0.0267 -0.9996
vn -0.0000 0.0007 -1.0000
vn -0.9993 0.0124 -0.0360
vn -0.9994 -0.0116 -0.0311
vn -0.9992 -0.0238 -0.0329
vn -0.1609 0.0104 -0.9869
vn -0.0022 0.1923 -0.9813
vn -0.0004 0.1985 -0.9801
vn -0.4259 0.9045 -0.0244
vn -0.2467 0.9194 -0.3063
vn -0.5422 0.8250 -0.1597
vn -0.7353 0.1077 0.6691
vn 0.0004 0.0042 1.0000
vn -0.6791 0.0895 0.7286
vn -0.0000 0.8281 -0.5606
vn -0.2839 0.9587 -0.0163
vn -0.0082 0.3395 -0.9406
vn -0.0003 0.0212 0.9998
vn -0.0000 1.0000 0.0075
vn -0.0000 1.0000 -0.0014
vn -0.0000 0.9999 0.0161
vn -0.0000 0.0007 1.0000
vn -0.0000 0.0010 1.0000
vn -0.0000 0.1985 -0.9801
vn -0.0945 -0.6357 -0.7661
vn -0.1421 -0.6759 -0.7232
vn -0.0627 -0.7773 -0.6259
vn -0.0000 -0.9946 0.1034
vn -0.0005 -0.9943 0.1062
vn 0.1344 -0.9908 -0.0153
vn -0.1431 -0.9895 -0.0196
vn 0.0009 0.0023 1.0000
vn 0.0011 0.0021 1.0000
vn 0.0010 -0.0332 0.9994
vn 0.0013 -0.0329 0.9995
vn 0.0627 -0.7774 -0.6259
vn 0.1370 -0.6832 -0.7173
vn 0.0918 -0.6378 -0.7647
vn 0.0010 -0.3480 0.9375
vn 0.0009 -0.3485 0.9373
vn 0.0004 -0.9394 0.3428
vn -0.0002 -0.9420 0.3356
vn 1.0000 -0.0000 0.0005
vn 0.9999 -0.0128 -0.0046
vn 0.9997 -0.0007 -0.0260
vn -0.9993 -0.0050 0.0371
vn -0.9988 -0.0001 0.0490
vn -0.9991 0.0001 0.0427
vn -0.9999 -0.0105 -0.0018
vn 0.0009 0.9992 0.0390
vn 0.0020 0.9981 0.0619
vn 0.0006 0.9966 0.0828
vn -0.0004 0.9970 0.0779
vn -0.8329 0.5531 0.0181
vn -0.7790 0.0009 0.6270
vn 0.9417 0.3053 0.1412
vn 0.8746 0.4832 0.0400
vn -0.9991 0.0005 -0.0424
vn -0.9184 0.0070 -0.3956
vn -0.9183 -0.0035 -0.3958
vn -0.9999 -0.0002 -0.0117
vn 0.0002 0.9033 0.4291
vn -0.0003 0.8942 0.4477
vn 0.7862 0.0002 0.6179
vn 0.8583 -0.0000 0.5131
vn 0.7861 0.0001 0.6181
vn 0.6593 0.0003 0.7518
vn 0.8968 -0.0135 -0.4422
vn 0.9997 -0.0039 0.0252
vn 0.9378 -0.3462 0.0274
vn -0.7828 0.6220 -0.0197
vn -0.0017 0.9320 0.3625
vn 0.9980 0.0136 0.0624
vn 0.9667 -0.0015 0.2560
vn -0.9506 -0.3079 0.0399
vn -0.9761 0.0006 0.2173
vn -0.9600 -0.0016 0.2801
vn 1.0000 0.0003 -0.0070
vn 1.0000 -0.0000 0.0006
vn -0.9999 -0.0001 0.0122
vn -0.1948 -0.0000 -0.9808
vn -0.1946 -0.0000 -0.9809
vn 0.8966 0.0066 -0.4428
vn -0.8164 0.0001 0.5775
vn -0.0010 0.9584 -0.2853
vn -0.0003 0.9984 0.0569
vn 0.0003 0.9986 0.0535
vn -0.0339 0.9374 -0.3466
vn -0.0025 0.0621 0.9981
vn -0.0003 -0.0070 1.0000
vn 0.0003 -0.0053 1.0000
vn 0.0008 0.0611 0.9981
vn -0.0399 0.9149 -0.4016
vn -0.0646 0.9416 -0.3305
vn 0.0001 0.5781 0.8160
vn -0.0006 0.5902 0.8072
vn -0.0002 0.9808 0.1949
vn 0.0001 0.9801 0.1985
vn -0.9998 0.0054 0.0177
vn -0.9950 0.0939 -0.0335
vn -0.9979 -0.0087 0.0640
vn 0.0003 -0.9993 0.0367
vn 0.0003 -0.9993 0.0372
vn 0.0001 -0.9994 0.0357
vn -0.0000 -0.9994 0.0355
vn -0.8354 0.5490 0.0260
vn 0.7878 0.5774 -0.2144
vn 0.8396 0.5425 0.0268
vn 0.9996 0.0055 0.0278
vn 1.0000 0.0069 0.0009
vn -0.7015 -0.7126 0.0134
vn 0.7187 -0.6952 0.0142
vn 0.9982 -0.0088 0.0591
vn 0.9657 0.0039 0.2598
vn -0.9599 0.0053 0.2804
vn -0.1361 -0.9906 -0.0152
vn 0.0005 -0.9944 0.1060
vn -0.0000 -0.9947 0.1032
vn 0.1407 -0.9899 -0.0190
vn -0.0010 -0.0332 0.9994
vn -0.0011 0.0021 1.0000
vn -0.0009 0.0024 1.0000
vn -0.0009 -0.0329 0.9995
vn -0.0004 -0.0000 1.0000
vn 0.0010 -0.0000 1.0000
vn -0.0015 -0.0001 1.0000
vn -0.0009 -0.3488 0.9372
vn -0.0010 -0.3481 0.9375
vn 0.0002 -0.9420 0.3357
vn -0.0004 -0.9394 0.3430
vn 0.9991 0.0002 0.0428
vn 0.9988 -0.0001 0.0491
vn 0.9993 -0.0050 0.0372
vn 0.9999 -0.0105 -0.0017
vn -0.0008 0.9962 0.0871
vn -0.0020 0.9981 0.0617
vn -0.0009 0.9992 0.0389
vn 0.0004 0.9970 0.0778
vn 0.7792 0.0009 0.6267
vn 0.8328 0.5533 0.0181
vn -0.8755 0.4812 0.0431
vn -0.9450 0.2902 0.1506
vn -1.0000 0.0002 0.0008
vn 0.9188 -0.0035 -0.3947
vn 0.9183 0.0071 -0.3957
vn 0.9991 0.0007 -0.0424
vn 0.9999 -0.0003 -0.0116
vn 0.0006 0.8884 0.4591
vn 0.0004 0.8917 0.4527
vn -0.7814 0.0001 0.6241
vn -0.5661 0.0003 0.8243
vn -0.7814 -0.0000 0.6240
vn -0.9999 -0.0003 -0.0139
vn -0.8905 -0.0005 -0.4550
vn -0.8903 -0.3775 -0.2545
vn -0.9363 -0.3500 0.0278
vn -0.9999 -0.0038 0.0132
vn -0.9971 -0.0701 -0.0305
vn 0.7827 0.6221 -0.0197
vn 0.0017 0.9323 0.3616
vn -0.9979 0.0136 0.0627
vn -0.9660 -0.0016 0.2586
vn 0.9503 -0.3089 0.0399
vn 0.9597 -0.0016 0.2811
vn 0.9758 0.0006 0.2185
vn -0.9999 0.0007 -0.0134
vn 0.9999 -0.0001 0.0122
vn 0.1946 -0.0000 -0.9809
vn 0.1948 -0.0000 -0.9808
vn -0.8952 0.0067 -0.4456
vn 0.8161 0.0001 0.5779
vn -0.0002 0.9985 0.0545
vn 0.0003 0.9984 0.0569
vn 0.0010 0.9586 -0.2847
vn 0.0342 0.9374 -0.3467
vn -0.0003 -0.0053 1.0000
vn 0.0003 -0.0070 1.0000
vn -0.0002 0.0621 0.9981
vn -0.0022 0.0612 0.9981
vn 0.0401 0.9148 -0.4020
vn 0.0648 0.9413 -0.3313
vn 0.0006 0.5903 0.8072
vn -0.0001 0.5784 0.8158
vn -0.0001 0.9801 0.1986
vn 0.0002 0.9808 0.1949
vn 0.9998 0.0054 0.0177
vn 0.9950 0.0940 -0.0336
vn -1.0000 0.0093 0.0002
vn 0.9979 -0.0087 0.0640
vn -0.0003 -0.9994 0.0356
vn -0.0003 -0.9994 0.0359
vn -0.0003 -0.9994 0.0358
vn -0.0003 -0.9994 0.0355
vn -0.8758 -0.0000 0.4826
vn 0.8354 0.5490 0.0260
vn -0.7883 0.5773 -0.2129
vn -0.9997 0.0061 0.0254
vn -0.8468 0.5314 0.0231
vn 0.7006 -0.7134 0.0134
vn -0.7108 -0.7033 0.0140
vn -0.9652 0.0039 0.2614
vn -0.9982 -0.0089 0.0596
vn 0.9599 0.0053 0.2804
vn -0.1421 -0.6760 -0.7231
vn -0.0627 -0.7774 -0.6259
vn 0.1344 -0.9908 -0.0151
vn -0.1431 -0.9895 -0.0194
vn 0.0009 0.0024 1.0000
vn 0.0012 -0.0329 0.9995
vn 0.0611 -0.7792 -0.6238
vn 0.1462 -0.6789 -0.7195
vn 0.1017 -0.6391 -0.7624
vn 0.0004 -0.9395 0.3425
vn -0.0002 -0.9421 0.3353
vn 0.9999 -0.0127 -0.0046
vn 0.9997 -0.0006 -0.0260
vn -0.9988 -0.0000 0.0491
vn -0.9991 0.0001 0.0426
vn 0.0009 0.9992 0.0393
vn 0.0020 0.9981 0.0621
vn 0.0008 0.9965 0.0833
vn -0.0004 0.9969 0.0782
vn -0.8329 0.5532 0.0186
vn -0.7789 0.0009 0.6271
vn 0.9421 0.3033 0.1429
vn 0.8746 0.4832 0.0405
vn -0.9991 0.0006 -0.0423
vn -0.9189 0.0070 -0.3944
vn -0.9189 -0.0035 -0.3945
vn -0.9999 -0.0003 -0.0117
vn 0.0002 0.9023 0.4311
vn -0.0003 0.8933 0.4495
vn 0.7859 0.0002 0.6183
vn 0.8583 -0.0000 0.5132
vn 0.7857 0.0001 0.6186
vn 0.6582 0.0003 0.7528
vn 0.8968 -0.0134 -0.4423
vn 0.9379 -0.3459 0.0273
vn -0.7822 0.6227 -0.0197
vn -0.0017 0.9313 0.3643
vn 0.9667 -0.0015 0.2561
vn -0.9506 -0.3077 0.0398
vn -0.9760 0.0006 0.2175
vn -0.9599 -0.0016 0.2803
vn -0.9999 -0.0001 0.0121
vn -0.1948 -0.0000 -0.9809
vn 0.8964 0.0066 -0.4432
vn -0.8162 0.0001 0.5777
vn 0.0003 0.9986 0.0534
vn -0.0025 0.0622 0.9981
vn 0.0006 -0.0044 1.0000
vn 0.0009 0.0611 0.9981
vn -0.0399 0.9149 -0.4017
vn 0.0001 0.5783 0.8158
vn -0.0006 0.5906 0.8070
vn -0.0002 0.9808 0.1950
vn -0.9950 0.0937 -0.0334
vn 0.0003 -0.9993 0.0368
vn 0.0003 -0.9993 0.0373
vn 0.0001 -0.9994 0.0358
vn -0.0000 -0.9994 0.0356
vn -0.8356 0.5488 0.0260
vn 0.7876 0.5776 -0.2145
vn 0.8398 0.5423 0.0268
vn -0.7024 -0.7116 0.0135
vn 0.7197 -0.6942 0.0143
vn 0.9657 0.0039 0.2597
vn -0.9600 0.0053 0.2801
vn -0.1306 -0.9914 -0.0121
vn 0.0005 -0.9944 0.1061
vn 0.1432 -0.9895 -0.0187
vn -0.0011 -0.0332 0.9994
vn -0.0002 -0.0000 1.0000
vn -0.0010 -0.3485 0.9373
vn -0.0010 -0.3480 0.9375
vn 0.0002 -0.9421 0.3354
vn -0.0004 -0.9394 0.3428
vn 0.9994 0.0001 0.0334
vn 0.9988 -0.0000 0.0491
vn 1.0000 -0.0043 -0.0010
vn -0.0008 0.9962 0.0874
vn -0.0020 0.9981 0.0619
vn -0.0010 0.9992 0.0391
vn 0.0004 0.9969 0.0783
vn 0.7790 0.0009 0.6270
vn 0.8328 0.5533 0.0186
vn -0.8753 0.4816 0.0436
vn -0.9453 0.2886 0.1524
vn 0.9999 -0.0001 -0.0143
vn 0.9278 0.0067 -0.3730
vn 0.9998 0.0003 -0.0196
vn 0.0006 0.8874 0.4609
vn 0.0004 0.8908 0.4544
vn 0.4256 -0.6094 -0.6689
vn -0.7810 0.0001 0.6246
vn -0.5642 0.0003 0.8256
vn -0.7807 -0.0000 0.6250
vn -0.9970 -0.0710 -0.0312
vn -0.9999 -0.0004 -0.0139
vn -0.8932 -0.0136 -0.4494
vn -0.9365 -0.3495 0.0278
vn 0.7821 0.6228 -0.0197
vn 0.0017 0.9317 0.3631
vn -0.9979 0.0136 0.0626
vn -0.9660 -0.0016 0.2585
vn 0.9505 -0.3083 0.0399
vn 0.9598 -0.0016 0.2808
vn 0.9759 0.0006 0.2181
vn -0.9999 0.0006 -0.0133
vn 1.0000 -0.0001 0.0077
vn 0.2024 0.0002 -0.9793
vn 0.4804 -0.0001 -0.8771
vn 0.1975 0.0003 -0.9803
vn 0.8158 0.0001 0.5783
vn 0.0002 0.9984 0.0570
vn 0.0011 0.9586 -0.2847
vn 0.0342 0.9373 -0.3467
vn -0.0003 -0.0054 1.0000
vn -0.0002 0.0622 0.9981
vn -0.0023 0.0612 0.9981
vn 0.0401 0.9147 -0.4021
vn 0.0647 0.9413 -0.3313
vn 0.0006 0.5907 0.8069
vn -0.0001 0.5787 0.8156
vn 0.0002 0.9808 0.1951
vn 0.9957 0.0881 -0.0297
vn -0.0003 -0.9994 0.0360
vn -0.8757 -0.0000 0.4828
vn -0.7882 0.5775 -0.2129
vn -0.9997 0.0061 0.0255
vn -0.8468 0.5313 0.0232
vn 0.7011 -0.7129 0.0135
vn -0.7116 -0.7024 0.0141
vn -0.9652 0.0039 0.2615
vn -0.9982 -0.0088 0.0597
vn 0.1939 0.0001 -0.9810
vn 0.1921 -0.0000 -0.9814
vn -0.0036 -0.7525 -0.6586
vn 0.0044 -0.7525 -0.6586
vn 0.0043 -0.7542 -0.6567
vt 0.479555 0.744388
vt 0.479555 0.744431
vt 0.478976 0.744431
vt 0.478976 0.744388
vt 0.478903 0.744377
vt 0.478903 0.744388
vt 0.478903 0.744327
vt 0.478903 0.744325
vt 0.478903 0.744408
vt 0.478903 0.744426
vt 0.478903 0.744433
vt 0.478903 0.743418
vt 0.478903 0.743420
vt 0.478976 0.744457
vt 0.479555 0.744457
vt 0.479555 0.744466
vt 0.478976 0.744466
vt 0.478903 0.744407
vt 0.478976 0.743314
vt 0.479555 0.743314
vt 0.479555 0.743358
vt 0.478976 0.743358
vt 0.478903 0.743358
vt 0.478903 0.743369
vt 0.478903 0.743319
vt 0.478903 0.743338
vt 0.478903 0.743312
vt 0.478976 0.743280
vt 0.479555 0.743280
vt 0.478976 0.743288
vt 0.479555 0.743288
vt 0.478976 0.744327
vt 0.479555 0.744327
vt 0.479628 0.744327
vt 0.479628 0.744388
vt 0.479628 0.744377
vt 0.479628 0.744325
vt 0.479628 0.744426
vt 0.479628 0.744408
vt 0.479628 0.744433
vt 0.479628 0.743418
vt 0.479628 0.743420
vt 0.478976 0.743418
vt 0.479555 0.743418
vt 0.479628 0.744407
vt 0.479628 0.743369
vt 0.479628 0.743358
vt 0.479628 0.743338
vt 0.479628 0.743319
vt 0.479628 0.743312
vt 0.479587 0.744387
vt 0.479587 0.744429
vt 0.479609 0.744385
vt 0.479609 0.744425
vt 0.478944 0.744429
vt 0.478944 0.744387
vt 0.478921 0.744425
vt 0.478921 0.744385
vt 0.478908 0.744326
vt 0.478908 0.744382
vt 0.478921 0.744327
vt 0.478908 0.744418
vt 0.478908 0.744440
vt 0.478921 0.744449
vt 0.478908 0.744447
vt 0.478921 0.744457
vt 0.478908 0.743419
vt 0.478921 0.743419
vt 0.478944 0.744463
vt 0.478944 0.744455
vt 0.479587 0.744455
vt 0.479587 0.744463
vt 0.479609 0.744449
vt 0.479609 0.744457
vt 0.478908 0.744439
vt 0.478944 0.743358
vt 0.478944 0.743316
vt 0.478921 0.743360
vt 0.478921 0.743320
vt 0.479587 0.743316
vt 0.479587 0.743358
vt 0.479609 0.743320
vt 0.479609 0.743360
vt 0.478908 0.743364
vt 0.478908 0.743306
vt 0.478908 0.743327
vt 0.478921 0.743296
vt 0.478908 0.743298
vt 0.478921 0.743288
vt 0.478944 0.743282
vt 0.479587 0.743282
vt 0.479609 0.743288
vt 0.479587 0.743290
vt 0.479609 0.743296
vt 0.478944 0.743290
vt 0.478908 0.743306
vt 0.479587 0.744327
vt 0.479609 0.744327
vt 0.478944 0.744327
vt 0.479623 0.744382
vt 0.479623 0.744326
vt 0.479623 0.744440
vt 0.479623 0.744418
vt 0.479623 0.744447
vt 0.479623 0.743419
vt 0.479609 0.743419
vt 0.478944 0.743418
vt 0.479587 0.743418
vt 0.478944 0.744387
vt 0.479587 0.744387
vt 0.479623 0.744439
vt 0.479587 0.744455
vt 0.478944 0.744455
vt 0.479623 0.743364
vt 0.479623 0.743327
vt 0.479623 0.743306
vt 0.479623 0.743298
vt 0.479623 0.743306
vt 0.439521 0.744431
vt 0.438941 0.744431
vt 0.438941 0.744388
vt 0.439521 0.744388
vt 0.439594 0.744327
vt 0.439594 0.744388
vt 0.439594 0.744377
vt 0.439594 0.744325
vt 0.439594 0.744426
vt 0.439594 0.744408
vt 0.439594 0.744433
vt 0.439594 0.743420
vt 0.439594 0.743418
vt 0.438941 0.744466
vt 0.438941 0.744457
vt 0.439521 0.744457
vt 0.439521 0.744466
vt 0.439594 0.744325
vt 0.439594 0.744426
vt 0.438941 0.743358
vt 0.438941 0.743314
vt 0.439521 0.743314
vt 0.439521 0.743358
vt 0.439594 0.743369
vt 0.439594 0.743358
vt 0.439594 0.743338
vt 0.439594 0.743319
vt 0.439594 0.743312
vt 0.438941 0.743280
vt 0.439521 0.743280
vt 0.438941 0.743280
vt 0.439521 0.743288
vt 0.438941 0.743288
vt 0.439594 0.743420
vt 0.439594 0.743319
vt 0.439594 0.743338
vt 0.438941 0.743288
vt 0.439521 0.743288
vt 0.438941 0.743314
vt 0.439521 0.743314
vt 0.439521 0.744327
vt 0.438941 0.744327
vt 0.438869 0.744377
vt 0.438869 0.744388
vt 0.438869 0.744327
vt 0.438869 0.744325
vt 0.438869 0.744408
vt 0.438869 0.744426
vt 0.438869 0.744433
vt 0.438869 0.743418
vt 0.438869 0.743420
vt 0.439521 0.744465
vt 0.438941 0.744465
vt 0.438941 0.743418
vt 0.439521 0.743418
vt 0.438941 0.744388
vt 0.438941 0.744327
vt 0.438941 0.744431
vt 0.439521 0.744431
vt 0.438869 0.744325
vt 0.438869 0.744426
vt 0.438941 0.744457
vt 0.438941 0.743418
vt 0.438869 0.743358
vt 0.438869 0.743369
vt 0.438869 0.743319
vt 0.438869 0.743338
vt 0.438869 0.743312
vt 0.438941 0.743358
vt 0.438869 0.743420
vt 0.438869 0.743338
vt 0.438869 0.743319
vt 0.438909 0.744429
vt 0.438909 0.744387
vt 0.438887 0.744425
vt 0.438887 0.744385
vt 0.439553 0.744387
vt 0.439553 0.744429
vt 0.439575 0.744385
vt 0.439575 0.744425
vt 0.439589 0.744382
vt 0.439589 0.744326
vt 0.439575 0.744327
vt 0.439589 0.744418
vt 0.439589 0.744440
vt 0.439575 0.744449
vt 0.439589 0.744447
vt 0.439575 0.744457
vt 0.439589 0.743419
vt 0.439575 0.743419
vt 0.439553 0.744455
vt 0.439553 0.744464
vt 0.438909 0.744464
vt 0.438909 0.744455
vt 0.438887 0.744457
vt 0.438887 0.744449
vt 0.439589 0.744326
vt 0.439589 0.744382
vt 0.439575 0.744327
vt 0.439589 0.744418
vt 0.439589 0.744439
vt 0.439575 0.744425
vt 0.439553 0.743316
vt 0.439553 0.743358
vt 0.439575 0.743320
vt 0.439575 0.743360
vt 0.438909 0.743358
vt 0.438909 0.743316
vt 0.438887 0.743360
vt 0.438887 0.743320
vt 0.439589 0.743364
vt 0.439589 0.743327
vt 0.439589 0.743306
vt 0.439575 0.743296
vt 0.439589 0.743298
vt 0.439589 0.743298
vt 0.439575 0.743288
vt 0.439575 0.743288
vt 0.439553 0.743282
vt 0.439553 0.743282
vt 0.438909 0.743282
vt 0.438909 0.743282
vt 0.438887 0.743288
vt 0.438887 0.743288
vt 0.438909 0.743290
vt 0.438887 0.743296
vt 0.439553 0.743290
vt 0.439589 0.743419
vt 0.439575 0.743360
vt 0.439589 0.743306
vt 0.439553 0.743290
vt 0.438909 0.743290
vt 0.438909 0.744327
vt 0.438887 0.744327
vt 0.439553 0.744327
vt 0.438873 0.744326
vt 0.438873 0.744382
vt 0.438873 0.744418
vt 0.438873 0.744440
vt 0.438873 0.744447
vt 0.438873 0.743419
vt 0.438887 0.743419
vt 0.438909 0.744463
vt 0.439553 0.744463
vt 0.439553 0.743418
vt 0.438909 0.743418
vt 0.439553 0.744387
vt 0.438909 0.744387
vt 0.438887 0.744327
vt 0.438887 0.744425
vt 0.438873 0.744382
vt 0.438873 0.744326
vt 0.438873 0.744418
vt 0.438873 0.744439
vt 0.438909 0.744455
vt 0.439553 0.744455
vt 0.438909 0.743418
vt 0.439553 0.743418
vt 0.438873 0.743364
vt 0.438873 0.743327
vt 0.438873 0.743306
vt 0.438873 0.743298
vt 0.438873 0.743298
vt 0.438887 0.743360
vt 0.438873 0.743419
vt 0.438873 0.743306
vt 0.615674 0.965030
vt 0.615391 0.965030
vt 0.615391 0.965109
vt 0.615674 0.965109
vt 0.615674 0.964950
vt 0.615391 0.964950
vt 0.615674 0.964867
vt 0.615391 0.964867
vt 0.615674 0.964778
vt 0.615391 0.964778
vt 0.615674 0.964682
vt 0.615391 0.964682
vt 0.615674 0.964578
vt 0.615391 0.964578
vt 0.615674 0.964463
vt 0.615391 0.964463
vt 0.615674 0.964396
vt 0.615391 0.964396
vt 0.615674 0.964351
vt 0.615391 0.964351
vt 0.615674 0.964330
vt 0.615391 0.964330
vt 0.615674 0.964330
vt 0.615391 0.964330
vt 0.615674 0.964353
vt 0.615391 0.964353
vt 0.615674 0.964399
vt 0.615391 0.964399
vt 0.615674 0.964467
vt 0.615391 0.964467
vt 0.615674 0.964581
vt 0.615391 0.964581
vt 0.615674 0.964685
vt 0.615391 0.964685
vt 0.615674 0.964781
vt 0.615391 0.964781
vt 0.615674 0.964869
vt 0.615391 0.964869
vt 0.615674 0.964952
vt 0.615391 0.964952
vt 0.615674 0.965031
vt 0.615391 0.965031
vt 0.615674 0.965109
vt 0.615674 0.965713
vt 0.615391 0.965713
vt 0.615674 0.965713
vt 0.615391 0.965713
vt 0.496135 0.867483
vt 0.496135 0.867437
vt 0.496135 0.867389
vt 0.496135 0.867341
vt 0.496135 0.867295
vt 0.496135 0.867251
vt 0.496135 0.867210
vt 0.496135 0.867174
vt 0.496135 0.867143
vt 0.496135 0.867118
vt 0.496135 0.867100
vt 0.496135 0.867088
vt 0.496135 0.867085
vt 0.496135 0.867527
vt 0.496135 0.867568
vt 0.496135 0.867604
vt 0.496135 0.867635
vt 0.496135 0.867660
vt 0.496135 0.867678
vt 0.496135 0.867690
vt 0.496135 0.867693
vt 0.494404 0.867437
vt 0.494404 0.867389
vt 0.494404 0.867483
vt 0.494404 0.867527
vt 0.494404 0.867568
vt 0.494404 0.867604
vt 0.494404 0.867635
vt 0.494404 0.867660
vt 0.494404 0.867678
vt 0.494404 0.867690
vt 0.494404 0.867693
vt 0.494404 0.867690
vt 0.494404 0.867678
vt 0.494404 0.867660
vt 0.494404 0.867568
vt 0.494404 0.867437
vt 0.494404 0.867389
vt 0.494404 0.867341
vt 0.494404 0.867295
vt 0.494404 0.867251
vt 0.494404 0.867210
vt 0.494404 0.867174
vt 0.494404 0.867143
vt 0.494404 0.867118
vt 0.494404 0.867100
vt 0.494404 0.867088
vt 0.494404 0.867085
vt 0.494404 0.867210
vt 0.617550 0.965109
vt 0.617550 0.965030
vt 0.617267 0.965030
vt 0.617267 0.965109
vt 0.617550 0.964949
vt 0.617267 0.964949
vt 0.617550 0.964865
vt 0.617267 0.964865
vt 0.617550 0.964776
vt 0.617267 0.964776
vt 0.617550 0.964680
vt 0.617267 0.964680
vt 0.617550 0.964575
vt 0.617267 0.964575
vt 0.617550 0.964460
vt 0.617267 0.964460
vt 0.617550 0.964393
vt 0.617267 0.964393
vt 0.617550 0.964349
vt 0.617267 0.964349
vt 0.617550 0.964327
vt 0.617267 0.964327
vt 0.617550 0.964328
vt 0.617267 0.964328
vt 0.617550 0.964351
vt 0.617267 0.964351
vt 0.617550 0.964396
vt 0.617267 0.964396
vt 0.617550 0.964464
vt 0.617267 0.964464
vt 0.617550 0.964579
vt 0.617267 0.964579
vt 0.617550 0.964683
vt 0.617267 0.964683
vt 0.617550 0.964779
vt 0.617267 0.964779
vt 0.617550 0.964867
vt 0.617267 0.964867
vt 0.617550 0.964951
vt 0.617267 0.964951
vt 0.617550 0.965030
vt 0.617267 0.965030
vt 0.617267 0.965109
vt 0.617550 0.965713
vt 0.617267 0.965713
vt 0.617267 0.965713
vt 0.615728 0.965643
vt 0.617208 0.965643
vt 0.617208 0.965654
vt 0.615728 0.965654
vt 0.615728 0.965114
vt 0.615728 0.965118
vt 0.617208 0.965114
vt 0.617208 0.965118
vt 0.615728 0.965610
vt 0.617208 0.965610
vt 0.615728 0.965101
vt 0.617208 0.965101
vt 0.615728 0.965556
vt 0.617208 0.965556
vt 0.615728 0.965081
vt 0.617208 0.965081
vt 0.615728 0.965482
vt 0.617208 0.965482
vt 0.615728 0.965053
vt 0.617208 0.965053
vt 0.615728 0.965390
vt 0.617208 0.965390
vt 0.615728 0.965019
vt 0.617208 0.965019
vt 0.615728 0.965283
vt 0.617208 0.965283
vt 0.615728 0.964979
vt 0.617208 0.964979
vt 0.615728 0.965163
vt 0.617208 0.965163
vt 0.615728 0.964934
vt 0.617208 0.964934
vt 0.615728 0.965034
vt 0.617208 0.965034
vt 0.615728 0.964885
vt 0.617208 0.964885
vt 0.615728 0.964899
vt 0.617208 0.964899
vt 0.615728 0.964834
vt 0.617208 0.964834
vt 0.615728 0.964761
vt 0.617208 0.964761
vt 0.615728 0.964782
vt 0.617208 0.964782
vt 0.615728 0.964623
vt 0.617208 0.964623
vt 0.615728 0.964731
vt 0.617208 0.964731
vt 0.615728 0.964491
vt 0.617208 0.964491
vt 0.615728 0.964681
vt 0.617208 0.964681
vt 0.615728 0.964366
vt 0.617208 0.964366
vt 0.615728 0.964634
vt 0.617208 0.964634
vt 0.615728 0.964252
vt 0.617208 0.964252
vt 0.615728 0.964591
vt 0.617208 0.964591
vt 0.615728 0.964152
vt 0.617208 0.964152
vt 0.615728 0.964553
vt 0.617208 0.964553
vt 0.615728 0.964069
vt 0.617208 0.964069
vt 0.615728 0.964522
vt 0.617208 0.964522
vt 0.615728 0.964005
vt 0.617208 0.964005
vt 0.615728 0.964498
vt 0.617208 0.964498
vt 0.615728 0.963961
vt 0.617208 0.963961
vt 0.615728 0.964482
vt 0.617208 0.964482
vt 0.615728 0.963939
vt 0.617208 0.963939
vt 0.615728 0.964473
vt 0.617208 0.964473
vt 0.617254 0.974952
vt 0.617254 0.974873
vt 0.616972 0.974873
vt 0.616972 0.974952
vt 0.617254 0.974793
vt 0.616972 0.974793
vt 0.617254 0.974710
vt 0.616972 0.974710
vt 0.617254 0.974621
vt 0.616972 0.974621
vt 0.617254 0.974525
vt 0.616972 0.974525
vt 0.617254 0.974421
vt 0.616972 0.974421
vt 0.617254 0.974306
vt 0.616972 0.974306
vt 0.617254 0.974239
vt 0.616972 0.974239
vt 0.617254 0.974195
vt 0.616972 0.974195
vt 0.617254 0.974173
vt 0.616972 0.974173
vt 0.617254 0.974173
vt 0.616972 0.974173
vt 0.617254 0.974196
vt 0.616972 0.974196
vt 0.617254 0.974242
vt 0.616972 0.974242
vt 0.617254 0.974310
vt 0.616972 0.974310
vt 0.617254 0.974424
vt 0.616972 0.974424
vt 0.617254 0.974528
vt 0.616972 0.974528
vt 0.617254 0.974624
vt 0.616972 0.974624
vt 0.617254 0.974712
vt 0.616972 0.974712
vt 0.617254 0.974795
vt 0.616972 0.974795
vt 0.617254 0.974874
vt 0.616972 0.974874
vt 0.617254 0.975556
vt 0.616972 0.975556
vt 0.451597 0.867483
vt 0.451597 0.867527
vt 0.451597 0.867568
vt 0.451597 0.867604
vt 0.451597 0.867635
vt 0.451597 0.867660
vt 0.451597 0.867678
vt 0.451597 0.867689
vt 0.451597 0.867693
vt 0.451597 0.867437
vt 0.451597 0.867389
vt 0.451597 0.867341
vt 0.451597 0.867295
vt 0.451597 0.867251
vt 0.451597 0.867210
vt 0.451597 0.867174
vt 0.451597 0.867143
vt 0.451597 0.867118
vt 0.451597 0.867099
vt 0.451597 0.867088
vt 0.451597 0.867085
vt 0.453328 0.867389
vt 0.453328 0.867437
vt 0.453328 0.867483
vt 0.453328 0.867527
vt 0.453328 0.867568
vt 0.453328 0.867604
vt 0.453328 0.867635
vt 0.453328 0.867660
vt 0.453328 0.867678
vt 0.453328 0.867689
vt 0.453328 0.867693
vt 0.453328 0.867689
vt 0.453328 0.867678
vt 0.453328 0.867660
vt 0.453328 0.867604
vt 0.453328 0.867568
vt 0.453328 0.867437
vt 0.453328 0.867389
vt 0.453328 0.867341
vt 0.453328 0.867295
vt 0.453328 0.867251
vt 0.453328 0.867210
vt 0.453328 0.867174
vt 0.453328 0.867143
vt 0.453328 0.867118
vt 0.453328 0.867099
vt 0.453328 0.867088
vt 0.453328 0.867085
vt 0.453328 0.867099
vt 0.453328 0.867118
vt 0.453328 0.867143
vt 0.453328 0.867174
vt 0.453328 0.867210
vt 0.453328 0.867295
vt 0.615378 0.974873
vt 0.615095 0.974873
vt 0.615095 0.974952
vt 0.615378 0.974952
vt 0.615378 0.974792
vt 0.615095 0.974792
vt 0.615378 0.974708
vt 0.615095 0.974708
vt 0.615378 0.974619
vt 0.615095 0.974619
vt 0.615378 0.974523
vt 0.615095 0.974523
vt 0.615378 0.974418
vt 0.615095 0.974418
vt 0.615378 0.974303
vt 0.615095 0.974303
vt 0.615378 0.974236
vt 0.615095 0.974236
vt 0.615378 0.974192
vt 0.615095 0.974192
vt 0.615378 0.974170
vt 0.615095 0.974170
vt 0.615378 0.974171
vt 0.615095 0.974171
vt 0.615378 0.974194
vt 0.615095 0.974194
vt 0.615378 0.974239
vt 0.615095 0.974239
vt 0.615378 0.974307
vt 0.615095 0.974307
vt 0.615378 0.974422
vt 0.615095 0.974422
vt 0.615378 0.974526
vt 0.615095 0.974526
vt 0.615378 0.974622
vt 0.615095 0.974622
vt 0.615378 0.974710
vt 0.615095 0.974710
vt 0.615378 0.974794
vt 0.615095 0.974794
vt 0.615378 0.974873
vt 0.615095 0.974873
vt 0.615095 0.974952
vt 0.615378 0.975556
vt 0.615095 0.975556
vt 0.615437 0.975497
vt 0.615437 0.975486
vt 0.616917 0.975486
vt 0.616917 0.975497
vt 0.616917 0.974957
vt 0.616917 0.974961
vt 0.615437 0.974957
vt 0.615437 0.974961
vt 0.615437 0.975453
vt 0.616917 0.975453
vt 0.616917 0.974944
vt 0.615437 0.974944
vt 0.615437 0.975399
vt 0.616917 0.975399
vt 0.616917 0.974924
vt 0.615437 0.974924
vt 0.615437 0.975325
vt 0.616917 0.975325
vt 0.616917 0.974896
vt 0.615437 0.974896
vt 0.615437 0.975233
vt 0.616917 0.975233
vt 0.616917 0.974862
vt 0.615437 0.974862
vt 0.615437 0.975126
vt 0.616917 0.975126
vt 0.616917 0.974822
vt 0.615437 0.974822
vt 0.615437 0.975006
vt 0.616917 0.975006
vt 0.616917 0.974777
vt 0.615437 0.974777
vt 0.615437 0.974877
vt 0.616917 0.974877
vt 0.616917 0.974728
vt 0.615437 0.974728
vt 0.615437 0.974742
vt 0.616917 0.974742
vt 0.616917 0.974677
vt 0.615437 0.974677
vt 0.615437 0.974604
vt 0.616917 0.974604
vt 0.616917 0.974625
vt 0.615437 0.974625
vt 0.615437 0.974466
vt 0.616917 0.974466
vt 0.616917 0.974574
vt 0.615437 0.974574
vt 0.615437 0.974334
vt 0.616917 0.974334
vt 0.616917 0.974524
vt 0.615437 0.974524
vt 0.615437 0.974209
vt 0.616917 0.974209
vt 0.616917 0.974477
vt 0.615437 0.974477
vt 0.615437 0.974095
vt 0.616917 0.974095
vt 0.616917 0.974434
vt 0.615437 0.974434
vt 0.615437 0.973995
vt 0.616917 0.973995
vt 0.616917 0.974396
vt 0.615437 0.974396
vt 0.615437 0.973912
vt 0.616917 0.973912
vt 0.616917 0.974365
vt 0.615437 0.974365
vt 0.615437 0.973848
vt 0.616917 0.973848
vt 0.616917 0.974341
vt 0.615437 0.974341
vt 0.615437 0.973804
vt 0.616917 0.973804
vt 0.616917 0.974325
vt 0.615437 0.974325
vt 0.615437 0.973782
vt 0.616917 0.973782
vt 0.616917 0.974316
vt 0.615437 0.974316
vt 0.616917 0.973804
vt 0.616917 0.974341
vt 0.615437 0.973912
vt 0.616917 0.973912
vt 0.615437 0.974365
vt 0.616917 0.974095
vt 0.616917 0.974209
vt 0.616917 0.974574
vt 0.616917 0.974625
vt 0.616917 0.974728
vt 0.616917 0.974862
vt 0.616917 0.975453
vt 0.616917 0.974944
vt 0.616917 0.974957
vt 0.615437 0.974957
vt 0.970984 0.151580
vt 0.970984 0.444313
vt 0.685187 0.447600
vt 0.685187 0.154867
vt 0.673144 0.675387
vt 0.673144 0.017354
vt 0.958934 0.015474
vt 0.958934 0.673508
vt 0.687085 0.464501
vt 0.687085 0.165794
vt 0.968447 0.158027
vt 0.968447 0.456734
vt 0.972751 0.017875
vt 0.972751 0.555760
vt 0.686886 0.562653
vt 0.686886 0.024769
vt 0.674288 0.676991
vt 0.674289 0.012436
vt 0.976401 0.012436
vt 0.976401 0.676991
vt 0.447139 0.858345
vt 0.500358 0.858345
vt 0.500358 0.982181
vt 0.447139 0.982181
vt 0.672836 0.013954
vt 0.970798 0.013954
vt 0.961156 0.021656
vt 0.682478 0.021656
vt 0.972873 0.015612
vt 0.972874 0.676852
vt 0.963232 0.669150
vt 0.963232 0.023314
vt 0.970798 0.678509
vt 0.672836 0.678509
vt 0.682478 0.670808
vt 0.961157 0.670808
vt 0.670761 0.676852
vt 0.670761 0.015612
vt 0.680403 0.023314
vt 0.680403 0.669150
vt 0.684563 0.444170
vt 0.684609 0.170332
vt 0.956286 0.162877
vt 0.956240 0.436715
vt 0.963618 0.023771
vt 0.963618 0.545393
vt 0.687594 0.552049
vt 0.687594 0.030426
vt 0.963023 0.305620
vt 0.694676 0.302827
vt 0.694375 0.026851
vt 0.962721 0.029645
vt 0.691947 0.659905
vt 0.691947 0.021766
vt 0.967897 0.019951
vt 0.967898 0.658090
vt 0.685190 0.448186
vt 0.684708 0.448234
vt 0.684730 0.447621
vt 0.673700 0.012436
vt 0.673669 0.011942
vt 0.674289 0.011966
vt 0.674288 0.677461
vt 0.673669 0.677486
vt 0.673700 0.676991
vt 0.686889 0.563078
vt 0.686407 0.563149
vt 0.686428 0.562708
vt 0.971490 0.444200
vt 0.971490 0.444828
vt 0.970987 0.444898
vt 0.672638 0.017447
vt 0.672637 0.016935
vt 0.673141 0.016878
vt 0.686577 0.165925
vt 0.686575 0.165285
vt 0.687074 0.165203
vt 0.973257 0.555718
vt 0.973258 0.556144
vt 0.972754 0.556185
vt 0.682818 0.022119
vt 0.682152 0.022283
vt 0.681758 0.021877
vt 0.962652 0.023585
vt 0.962448 0.023053
vt 0.962955 0.022738
vt 0.960817 0.670344
vt 0.961483 0.670181
vt 0.961877 0.670587
vt 0.680983 0.668879
vt 0.681187 0.669410
vt 0.680680 0.669726
vt 0.956705 0.436712
vt 0.956738 0.437331
vt 0.956251 0.437306
vt 0.687130 0.030393
vt 0.687104 0.029954
vt 0.687591 0.030002
vt 0.962736 0.029182
vt 0.963349 0.029162
vt 0.963307 0.029648
vt 0.968362 0.658098
vt 0.968389 0.658597
vt 0.967901 0.658566
vt 0.684730 0.154887
vt 0.685190 0.154312
vt 0.970987 0.151024
vt 0.672038 0.013504
vt 0.971597 0.013504
vt 0.959391 0.015461
vt 0.959391 0.673494
vt 0.958930 0.673963
vt 0.673141 0.675843
vt 0.973438 0.014974
vt 0.973438 0.677489
vt 0.968889 0.158005
vt 0.968889 0.456712
vt 0.968436 0.457307
vt 0.687074 0.465074
vt 0.971597 0.678960
vt 0.672038 0.678960
vt 0.686429 0.024824
vt 0.670197 0.677489
vt 0.670197 0.014974
vt 0.684090 0.444219
vt 0.684135 0.170291
vt 0.964090 0.023776
vt 0.964090 0.545458
vt 0.963053 0.306093
vt 0.694617 0.303298
vt 0.691474 0.659934
vt 0.691474 0.021722
vt 0.670711 0.014870
vt 0.680680 0.022738
vt 0.971727 0.013914
vt 0.961877 0.021877
vt 0.972924 0.677594
vt 0.962955 0.669726
vt 0.671908 0.678550
vt 0.681758 0.670587
vt 0.857240 0.559659
vt 0.857240 0.291298
vt 0.921517 0.290675
vt 0.921517 0.559036
vt 0.857239 0.015038
vt 0.857240 0.653177
vt 0.792958 0.653517
vt 0.792958 0.015378
vt 0.920583 0.015160
vt 0.920583 0.288998
vt 0.857240 0.290675
vt 0.857240 0.016837
vt 0.778869 0.563069
vt 0.778870 0.041447
vt 0.843165 0.040243
vt 0.843165 0.561865
vt 0.691950 0.021311
vt 0.967901 0.019496
vt 0.684620 0.169759
vt 0.956297 0.162304
vt 0.963614 0.545730
vt 0.687591 0.552386
vt 0.694121 0.302818
vt 0.693819 0.026843
vt 0.685220 0.449123
vt 0.684735 0.449057
vt 0.684749 0.448715
vt 0.685201 0.448739
vt 0.976989 0.012436
vt 0.977020 0.011942
vt 0.977463 0.011973
vt 0.977501 0.012436
vt 0.959412 0.014961
vt 0.959745 0.014954
vt 0.959777 0.015417
vt 0.684708 0.154301
vt 0.684749 0.153924
vt 0.685201 0.153873
vt 0.968903 0.157384
vt 0.969206 0.157383
vt 0.969241 0.157960
vt 0.959412 0.673974
vt 0.959368 0.674288
vt 0.958917 0.674327
vt 0.686922 0.564069
vt 0.686436 0.564019
vt 0.686449 0.563589
vt 0.686901 0.563580
vt 0.976401 0.677461
vt 0.977020 0.677486
vt 0.976980 0.677840
vt 0.976401 0.677870
vt 0.671280 0.013075
vt 0.671215 0.013472
vt 0.670559 0.013055
vt 0.671065 0.014197
vt 0.670158 0.014317
vt 0.670476 0.013726
vt 0.669920 0.013283
vt 0.669635 0.013793
vt 0.669401 0.013543
vt 0.669680 0.013090
vt 0.973974 0.014369
vt 0.973478 0.014317
vt 0.973999 0.013793
vt 0.972569 0.014197
vt 0.972420 0.013472
vt 0.973159 0.013726
vt 0.971868 0.150878
vt 0.971858 0.151441
vt 0.971490 0.151095
vt 0.971500 0.150602
vt 0.972355 0.679388
vt 0.972420 0.678992
vt 0.973076 0.679409
vt 0.972570 0.678267
vt 0.973477 0.678147
vt 0.973159 0.678738
vt 0.973715 0.679181
vt 0.974000 0.678671
vt 0.974234 0.678921
vt 0.973955 0.679373
vt 0.669661 0.678095
vt 0.670157 0.678147
vt 0.669635 0.678671
vt 0.671065 0.678267
vt 0.671215 0.678992
vt 0.670476 0.678738
vt 0.686146 0.465283
vt 0.686188 0.464684
vt 0.686575 0.465012
vt 0.686534 0.465539
vt 0.683662 0.444363
vt 0.684104 0.444815
vt 0.683682 0.444989
vt 0.691964 0.020947
vt 0.691478 0.021267
vt 0.684221 0.445714
vt 0.684148 0.445355
vt 0.684616 0.445301
vt 0.681978 0.022914
vt 0.681641 0.023336
vt 0.681187 0.023054
vt 0.681581 0.022597
vt 0.964494 0.023826
vt 0.964086 0.023337
vt 0.964488 0.023347
vt 0.963603 0.022844
vt 0.963582 0.022355
vt 0.964053 0.022335
vt 0.964074 0.022830
vt 0.961657 0.022914
vt 0.961128 0.022645
vt 0.961483 0.022283
vt 0.962054 0.022597
vt 0.963160 0.306496
vt 0.963645 0.306095
vt 0.963784 0.306498
vt 0.964162 0.305619
vt 0.964546 0.305604
vt 0.964593 0.306075
vt 0.964198 0.306090
vt 0.961657 0.669550
vt 0.961993 0.669128
vt 0.962448 0.669410
vt 0.962054 0.669867
vt 0.691069 0.660030
vt 0.691478 0.660415
vt 0.691075 0.660537
vt 0.693683 0.302803
vt 0.694063 0.303289
vt 0.693629 0.303273
vt 0.681978 0.669550
vt 0.682506 0.669818
vt 0.682152 0.670181
vt 0.681581 0.669867
vt 0.671814 0.014962
vt 0.671195 0.014937
vt 0.671234 0.014584
vt 0.671814 0.014553
vt 0.968362 0.019959
vt 0.968389 0.019478
vt 0.968747 0.019544
vt 0.968776 0.019997
vt 0.949362 0.015432
vt 0.949393 0.014937
vt 0.949835 0.014969
vt 0.949874 0.015432
vt 0.956750 0.162874
vt 0.956784 0.162269
vt 0.957163 0.162329
vt 0.957187 0.162897
vt 0.948774 0.660365
vt 0.949393 0.660390
vt 0.949353 0.660743
vt 0.948774 0.660774
vt 0.687130 0.552016
vt 0.687103 0.552377
vt 0.686746 0.552206
vt 0.686718 0.551854
vt 0.671225 0.659895
vt 0.671195 0.660390
vt 0.670752 0.660358
vt 0.670714 0.659895
vt 0.694389 0.026388
vt 0.693803 0.026355
vt 0.693892 0.026000
vt 0.694446 0.025977
vt 0.976401 0.011966
vt 0.674289 0.011557
vt 0.976401 0.011557
vt 0.958930 0.014998
vt 0.673127 0.016432
vt 0.958917 0.014553
vt 0.971490 0.151717
vt 0.971859 0.152144
vt 0.971859 0.443873
vt 0.971017 0.445835
vt 0.970998 0.445451
vt 0.673188 0.676991
vt 0.673188 0.012436
vt 0.968436 0.157436
vt 0.687031 0.164663
vt 0.968394 0.156895
vt 0.672638 0.675275
vt 0.672266 0.674931
vt 0.672266 0.017719
vt 0.674288 0.677870
vt 0.972766 0.556687
vt 0.686577 0.464376
vt 0.686184 0.463969
vt 0.686184 0.166287
vt 0.976989 0.676991
vt 0.977501 0.676991
vt 0.973257 0.018001
vt 0.973627 0.018406
vt 0.973627 0.555619
vt 0.960817 0.022119
vt 0.960512 0.022535
vt 0.683123 0.022535
vt 0.962652 0.668879
vt 0.962131 0.668635
vt 0.962131 0.023829
vt 0.682818 0.670344
vt 0.683123 0.669929
vt 0.960512 0.669928
vt 0.680983 0.023585
vt 0.681504 0.023829
vt 0.681504 0.668635
vt 0.671908 0.013914
vt 0.681137 0.022242
vt 0.972924 0.014870
vt 0.962498 0.022242
vt 0.971727 0.678550
vt 0.962498 0.670222
vt 0.670711 0.677594
vt 0.681137 0.670222
vt 0.957141 0.436735
vt 0.686718 0.030232
vt 0.962793 0.028771
vt 0.968776 0.658136
vt 0.684574 0.444761
vt 0.956293 0.437846
vt 0.963615 0.023346
vt 0.687579 0.029500
vt 0.963608 0.305624
vt 0.963860 0.029643
vt 0.691950 0.660381
vt 0.967915 0.659012
vt 0.691964 0.660827
vt 0.684497 0.448600
vt 0.684372 0.448252
vt 0.684340 0.447683
vt 0.673227 0.011973
vt 0.673379 0.011710
vt 0.673709 0.011588
vt 0.673709 0.677840
vt 0.673379 0.677718
vt 0.673227 0.677454
vt 0.686198 0.563586
vt 0.686072 0.563286
vt 0.686040 0.562889
vt 0.971858 0.444566
vt 0.971868 0.445241
vt 0.971500 0.445431
vt 0.672267 0.017152
vt 0.672254 0.016607
vt 0.672624 0.016448
vt 0.686188 0.165578
vt 0.686146 0.164913
vt 0.686534 0.164693
vt 0.973626 0.556070
vt 0.973638 0.556651
vt 0.973269 0.556674
vt 0.682506 0.022645
vt 0.961993 0.023336
vt 0.961129 0.669818
vt 0.681642 0.669128
vt 0.957117 0.437314
vt 0.957021 0.437661
vt 0.956745 0.437800
vt 0.686746 0.029834
vt 0.686860 0.029528
vt 0.687124 0.029513
vt 0.963362 0.028806
vt 0.963712 0.028923
vt 0.963830 0.029188
vt 0.968747 0.658600
vt 0.968635 0.658882
vt 0.968370 0.658984
vt 0.686408 0.024464
vt 0.686889 0.024432
vt 0.977793 0.012436
vt 0.977726 0.011942
vt 0.684390 0.448814
vt 0.976981 0.011588
vt 0.977310 0.011710
vt 0.959368 0.014575
vt 0.959619 0.014673
vt 0.684340 0.154950
vt 0.684372 0.154395
vt 0.684497 0.154105
vt 0.968835 0.156917
vt 0.969066 0.157043
vt 0.959778 0.673451
vt 0.959746 0.673904
vt 0.791758 0.143547
vt 0.791918 0.143931
vt 0.791758 0.144060
vt 0.792113 0.143988
vt 0.791918 0.143988
vt 0.791933 0.143547
vt 0.968903 0.457316
vt 0.969241 0.456667
vt 0.969206 0.457237
vt 0.686092 0.563881
vt 0.977463 0.677454
vt 0.977310 0.677718
vt 0.669661 0.014369
vt 0.973626 0.017925
vt 0.973258 0.017593
vt 0.972754 0.017539
vt 0.971521 0.445813
vt 0.973714 0.013282
vt 0.972355 0.013075
vt 0.973075 0.013055
vt 0.970998 0.150586
vt 0.973974 0.678095
vt 0.672267 0.675505
vt 0.672637 0.675783
vt 0.673127 0.676206
vt 0.672624 0.676192
vt 0.669920 0.679181
vt 0.671280 0.679388
vt 0.670559 0.679409
vt 0.972787 0.557176
vt 0.683731 0.445551
vt 0.691068 0.021551
vt 0.691075 0.021082
vt 0.683807 0.445945
vt 0.964474 0.022807
vt 0.684150 0.169717
vt 0.683708 0.170100
vt 0.683728 0.169507
vt 0.683777 0.169024
vt 0.684193 0.169249
vt 0.964363 0.306491
vt 0.964086 0.545784
vt 0.961747 0.668973
vt 0.961843 0.668500
vt 0.964793 0.306476
vt 0.691493 0.660860
vt 0.691091 0.661001
vt 0.694397 0.303699
vt 0.693827 0.303687
vt 0.693381 0.303670
vt 0.778921 0.041027
vt 0.857292 0.560252
vt 0.671225 0.015432
vt 0.670714 0.015432
vt 0.670752 0.014969
vt 0.670905 0.014706
vt 0.967915 0.019132
vt 0.968370 0.019165
vt 0.956840 0.438112
vt 0.956367 0.438195
vt 0.957187 0.437847
vt 0.857292 0.290691
vt 0.857188 0.014553
vt 0.948773 0.014962
vt 0.948773 0.014553
vt 0.949353 0.014584
vt 0.949683 0.014706
vt 0.687558 0.029011
vt 0.687075 0.029084
vt 0.686727 0.029239
vt 0.857188 0.653671
vt 0.920536 0.014553
vt 0.949362 0.659895
vt 0.949874 0.659895
vt 0.949835 0.660358
vt 0.949683 0.660621
vt 0.964244 0.029628
vt 0.964172 0.029144
vt 0.963925 0.028794
vt 0.920536 0.289615
vt 0.778921 0.563451
vt 0.671814 0.660366
vt 0.671814 0.660774
vt 0.671234 0.660743
vt 0.670905 0.660621
vt 0.693381 0.026827
vt 0.693426 0.026373
vt 0.693603 0.026111
vt 0.686040 0.025004
vt 0.964494 0.545727
vt 0.494511 0.924436
vt 0.494511 0.871621
vt 0.463965 0.925750
vt 0.484752 0.925750
vt 0.496207 0.868820
vt 0.494241 0.868820
vt 0.496372 0.927106
vt 0.496372 0.925699
vt 0.496372 0.927106
vt 0.494219 0.870540
vt 0.493641 0.870263
vt 0.494241 0.868952
vt 0.496207 0.868952
vt 0.494219 0.925517
vt 0.494566 0.925056
vt 0.496207 0.925699
vt 0.496207 0.927106
vt 0.492865 0.870307
vt 0.493585 0.870389
vt 0.494099 0.870636
vt 0.494408 0.925011
vt 0.494408 0.925011
vt 0.494099 0.925422
vt 0.494408 0.871046
vt 0.492865 0.925750
vt 0.493585 0.925668
vt 0.496372 0.870362
vt 0.496372 0.870362
vt 0.496372 0.871621
vt 0.496372 0.871621
vt 0.496372 0.868952
vt 0.496372 0.868952
vt 0.492865 0.868820
vt 0.455386 0.868820
vt 0.494566 0.871001
vt 0.496207 0.870362
vt 0.496207 0.871621
vt 0.494675 0.871612
vt 0.492877 0.870176
vt 0.492865 0.868952
vt 0.455375 0.870176
vt 0.455386 0.868952
vt 0.496207 0.927237
vt 0.494530 0.927237
vt 0.492865 0.927237
vt 0.492865 0.927237
vt 0.496372 0.924436
vt 0.493641 0.925794
vt 0.494530 0.927106
vt 0.492865 0.927106
vt 0.492877 0.925882
vt 0.496207 0.924436
vt 0.494675 0.924445
vt 0.455386 0.870307
vt 0.484752 0.927237
vt 0.463965 0.927237
vt 0.484758 0.925894
vt 0.484752 0.927106
vt 0.463965 0.927106
vt 0.463959 0.925893
vt 0.453741 0.871621
vt 0.453741 0.924436
vt 0.454011 0.868820
vt 0.452045 0.868820
vt 0.451880 0.925699
vt 0.451880 0.927106
vt 0.454033 0.870540
vt 0.452045 0.868952
vt 0.454011 0.868952
vt 0.454611 0.870263
vt 0.454033 0.925517
vt 0.452045 0.927106
vt 0.452045 0.925699
vt 0.453686 0.925056
vt 0.454667 0.870389
vt 0.454153 0.870636
vt 0.453844 0.925011
vt 0.454153 0.925422
vt 0.453844 0.871046
vt 0.454667 0.925668
vt 0.455386 0.925750
vt 0.451880 0.871621
vt 0.451880 0.870362
vt 0.451880 0.868952
vt 0.452045 0.871621
vt 0.452045 0.870362
vt 0.453686 0.871001
vt 0.453577 0.871612
vt 0.453722 0.927237
vt 0.452045 0.927237
vt 0.455386 0.927237
vt 0.451880 0.924436
vt 0.455386 0.927106
vt 0.453722 0.927106
vt 0.454611 0.925794
vt 0.455375 0.925882
vt 0.452045 0.924436
vt 0.453577 0.924445
vt 0.494521 0.871621
vt 0.494521 0.924437
vt 0.484752 0.925758
vt 0.463964 0.925758
vt 0.484753 0.925783
vt 0.463963 0.925783
vt 0.496279 0.868829
vt 0.496331 0.868853
vt 0.496207 0.868829
vt 0.494241 0.868829
vt 0.496207 0.868853
vt 0.494241 0.868853
vt 0.496362 0.927163
vt 0.496362 0.927163
vt 0.496331 0.927204
vt 0.496362 0.927106
vt 0.496362 0.925699
vt 0.496331 0.927106
vt 0.496331 0.925699
vt 0.494167 0.870582
vt 0.493617 0.870318
vt 0.494129 0.870612
vt 0.493599 0.870358
vt 0.494241 0.868894
vt 0.496207 0.868894
vt 0.494167 0.925476
vt 0.494497 0.925036
vt 0.494129 0.925446
vt 0.494447 0.925022
vt 0.496279 0.925699
vt 0.496279 0.927106
vt 0.493589 0.870381
vt 0.492866 0.870299
vt 0.492868 0.870274
vt 0.494107 0.870630
vt 0.494418 0.925014
vt 0.494552 0.924438
vt 0.494107 0.925428
vt 0.494418 0.871044
vt 0.494447 0.871035
vt 0.494552 0.871619
vt 0.493589 0.925676
vt 0.492866 0.925758
vt 0.493599 0.925700
vt 0.492868 0.925783
vt 0.496362 0.871621
vt 0.496362 0.870362
vt 0.496331 0.871621
vt 0.496331 0.870362
vt 0.496362 0.868952
vt 0.496331 0.868952
vt 0.496362 0.868894
vt 0.492865 0.868829
vt 0.492865 0.868853
vt 0.455386 0.868853
vt 0.455386 0.868829
vt 0.494603 0.871616
vt 0.494497 0.871021
vt 0.496279 0.870362
vt 0.496279 0.871621
vt 0.496279 0.868952
vt 0.492872 0.870233
vt 0.492865 0.868894
vt 0.455380 0.870233
vt 0.455384 0.870274
vt 0.455386 0.868894
vt 0.494530 0.927229
vt 0.496207 0.927229
vt 0.494530 0.927204
vt 0.496207 0.927204
vt 0.496279 0.927229
vt 0.492865 0.927229
vt 0.492865 0.927204
vt 0.496362 0.924436
vt 0.496331 0.924436
vt 0.492872 0.925824
vt 0.493617 0.925739
vt 0.494530 0.927163
vt 0.492865 0.927163
vt 0.496207 0.927163
vt 0.494603 0.924441
vt 0.496279 0.924436
vt 0.455386 0.870299
vt 0.463965 0.927229
vt 0.484752 0.927229
vt 0.463965 0.927204
vt 0.484752 0.927204
vt 0.463961 0.925824
vt 0.484755 0.925824
vt 0.484752 0.927163
vt 0.463965 0.927163
vt 0.453731 0.924437
vt 0.453731 0.871621
vt 0.454011 0.868829
vt 0.452045 0.868829
vt 0.454011 0.868853
vt 0.452045 0.868853
vt 0.451973 0.868829
vt 0.451973 0.868829
vt 0.451921 0.868853
vt 0.451890 0.925699
vt 0.451890 0.927106
vt 0.451921 0.925699
vt 0.451921 0.927106
vt 0.451890 0.927163
vt 0.451921 0.927204
vt 0.452045 0.868894
vt 0.454011 0.868894
vt 0.454635 0.870318
vt 0.454085 0.870582
vt 0.454653 0.870358
vt 0.454123 0.870612
vt 0.451973 0.927106
vt 0.451973 0.925699
vt 0.453755 0.925036
vt 0.454085 0.925476
vt 0.453805 0.925022
vt 0.454123 0.925446
vt 0.454663 0.870381
vt 0.454145 0.870630
vt 0.453834 0.925014
vt 0.454145 0.925428
vt 0.453834 0.871044
vt 0.455386 0.925758
vt 0.454663 0.925676
vt 0.455384 0.925783
vt 0.454653 0.925700
vt 0.451890 0.870362
vt 0.451890 0.871621
vt 0.451921 0.870362
vt 0.451921 0.871621
vt 0.451890 0.868894
vt 0.451890 0.868952
vt 0.451921 0.868952
vt 0.451973 0.871621
vt 0.451973 0.870362
vt 0.453755 0.871021
vt 0.453649 0.871616
vt 0.453805 0.871035
vt 0.453700 0.871619
vt 0.451973 0.868952
vt 0.451973 0.927229
vt 0.452045 0.927229
vt 0.453722 0.927229
vt 0.452045 0.927204
vt 0.453722 0.927204
vt 0.455386 0.927229
vt 0.455386 0.927204
vt 0.451890 0.924436
vt 0.451921 0.924436
vt 0.455386 0.927163
vt 0.453722 0.927163
vt 0.454635 0.925739
vt 0.455380 0.925824
vt 0.452045 0.927163
vt 0.451973 0.924436
vt 0.453649 0.924441
vt 0.453700 0.924438
vt 0.494511 0.871621
vt 0.492865 0.925750
vt 0.454667 0.925668
vt 0.453844 0.925011
vt 0.493585 0.925668
vt 0.454667 0.925668
vt 0.488836 0.925750
vt 0.459880 0.925750
vt 0.459880 0.927237
vt 0.488836 0.927237
vt 0.459880 0.925758
vt 0.488837 0.925758
vt 0.459879 0.925783
vt 0.488838 0.925783
vt 0.488836 0.927229
vt 0.459880 0.927229
vt 0.488836 0.927204
vt 0.459880 0.927204
vt 0.488840 0.925824
vt 0.459877 0.925824
vt 0.459880 0.927106
vt 0.459880 0.927163
vt 0.488836 0.927163
vt 0.488836 0.927106
vt 0.488569 0.925750
vt 0.485019 0.925750
vt 0.460147 0.925750
vt 0.463698 0.925750
vt 0.460147 0.927237
vt 0.463698 0.927237
vt 0.463698 0.927237
vt 0.488569 0.927237
vt 0.485019 0.927237
vt 0.463698 0.925758
vt 0.460147 0.925758
vt 0.488570 0.925758
vt 0.485019 0.925758
vt 0.463696 0.925783
vt 0.460145 0.925783
vt 0.488571 0.925783
vt 0.485020 0.925783
vt 0.485019 0.927229
vt 0.488569 0.927229
vt 0.460147 0.927229
vt 0.463698 0.927229
vt 0.485019 0.927204
vt 0.488569 0.927204
vt 0.460147 0.927204
vt 0.463698 0.927204
vt 0.488573 0.925824
vt 0.485022 0.925824
vt 0.463694 0.925824
vt 0.460144 0.925824
vt 0.460147 0.927106
vt 0.463698 0.927106
vt 0.463698 0.927163
vt 0.460147 0.927163
vt 0.488569 0.927163
vt 0.485019 0.927163
vt 0.485019 0.927106
vt 0.488569 0.927106
vt 0.463698 0.925750
vt 0.463625 0.925750
vt 0.460220 0.925750
vt 0.488496 0.925750
vt 0.485092 0.925750
vt 0.463771 0.925750
vt 0.484945 0.925750
vt 0.463728 0.925750
vt 0.484988 0.925750
vt 0.484988 0.925750
vt 0.460074 0.925750
vt 0.488643 0.925750
vt 0.460117 0.925750
vt 0.488600 0.925750
vt 0.460117 0.925750
vt 0.496274 0.868837
vt 0.496264 0.868857
vt 0.496326 0.868857
vt 0.496310 0.868870
vt 0.496351 0.927159
vt 0.496326 0.927151
vt 0.496326 0.927200
vt 0.496310 0.927188
vt 0.496351 0.868898
vt 0.496326 0.868907
vt 0.496274 0.927221
vt 0.496264 0.927200
vt 0.451978 0.868837
vt 0.451926 0.868857
vt 0.451988 0.868857
vt 0.451942 0.868870
vt 0.451901 0.927159
vt 0.451926 0.927200
vt 0.451926 0.927151
vt 0.451942 0.927188
vt 0.451901 0.868898
vt 0.451926 0.868907
vt 0.451978 0.927221
vt 0.451988 0.927200
vt 0.496274 0.868898
vt 0.496274 0.927159
vt 0.451978 0.868898
vt 0.451978 0.927159
vt 0.459874 0.925870
vt 0.488842 0.925869
vt 0.460141 0.925872
vt 0.463692 0.925892
vt 0.485025 0.925892
vt 0.488576 0.925872
vt 0.463698 0.926324
vt 0.463698 0.925809
vt 0.463625 0.926324
vt 0.463625 0.925809
vt 0.460220 0.925809
vt 0.460220 0.926324
vt 0.460147 0.926324
vt 0.460147 0.925809
vt 0.460147 0.926324
vt 0.460220 0.926324
vt 0.485019 0.926324
vt 0.485019 0.925809
vt 0.485092 0.926324
vt 0.485092 0.925809
vt 0.488496 0.925809
vt 0.488496 0.926324
vt 0.488569 0.926324
vt 0.488569 0.925809
vt 0.463698 0.926324
vt 0.463698 0.925809
vt 0.460156 0.925765
vt 0.460129 0.925765
vt 0.460220 0.925765
vt 0.485027 0.925765
vt 0.485000 0.925765
vt 0.485092 0.925765
vt 0.463690 0.925765
vt 0.463716 0.925765
vt 0.463625 0.925765
vt 0.488561 0.925765
vt 0.488588 0.925765
vt 0.488496 0.925765
vt 0.463676 0.925809
vt 0.460168 0.925809
vt 0.485040 0.925809
vt 0.488548 0.925809
vt 0.463680 0.926324
vt 0.460165 0.926324
vt 0.460165 0.926324
vt 0.485037 0.926324
vt 0.488551 0.926324
vt 0.460165 0.926324
vt 0.488551 0.926324
vt 0.505453 0.802672
vt 0.505453 0.749892
vt 0.505670 0.749880
vt 0.505670 0.802685
vt 0.505761 0.749875
vt 0.505761 0.802690
vt 0.505235 0.749905
vt 0.505235 0.802660
vt 0.505145 0.749910
vt 0.505145 0.802655
vt 0.505362 0.749384
vt 0.505571 0.749325
vt 0.505658 0.749300
vt 0.505152 0.749443
vt 0.505066 0.749468
vt 0.505125 0.749069
vt 0.505283 0.748942
vt 0.505349 0.748889
vt 0.504966 0.749195
vt 0.504900 0.749248
vt 0.504730 0.748879
vt 0.504804 0.748712
vt 0.504835 0.748643
vt 0.504656 0.749047
vt 0.504625 0.749116
vt 0.504094 0.748807
vt 0.504109 0.748633
vt 0.504115 0.748561
vt 0.504078 0.748981
vt 0.504072 0.749053
vt 0.485608 0.748807
vt 0.485608 0.748633
vt 0.485608 0.748561
vt 0.485608 0.748981
vt 0.485608 0.749053
vt 0.466658 0.748807
vt 0.466643 0.748633
vt 0.466636 0.748561
vt 0.466674 0.748981
vt 0.466680 0.749053
vt 0.466022 0.748879
vt 0.465948 0.748712
vt 0.465917 0.748643
vt 0.466096 0.749047
vt 0.466127 0.749116
vt 0.465627 0.749069
vt 0.465468 0.748942
vt 0.465403 0.748889
vt 0.465786 0.749195
vt 0.465852 0.749248
vt 0.465390 0.749384
vt 0.465181 0.749325
vt 0.465094 0.749300
vt 0.465600 0.749443
vt 0.465686 0.749468
vt 0.465600 0.749443
vt 0.465299 0.749892
vt 0.465082 0.749880
vt 0.464991 0.749875
vt 0.465517 0.749905
vt 0.465607 0.749910
vt 0.465299 0.802672
vt 0.465082 0.802685
vt 0.464991 0.802690
vt 0.465517 0.802660
vt 0.465607 0.802655
vt 0.465390 0.803181
vt 0.465181 0.803240
vt 0.465094 0.803265
vt 0.465600 0.803121
vt 0.465686 0.803097
vt 0.465627 0.803496
vt 0.465468 0.803623
vt 0.465403 0.803675
vt 0.465786 0.803369
vt 0.465852 0.803317
vt 0.466022 0.803685
vt 0.465948 0.803852
vt 0.465917 0.803922
vt 0.466096 0.803518
vt 0.466127 0.803449
vt 0.466658 0.803758
vt 0.466643 0.803932
vt 0.466636 0.804004
vt 0.466674 0.803584
vt 0.466680 0.803512
vt 0.485608 0.803758
vt 0.485608 0.803932
vt 0.485608 0.804004
vt 0.485608 0.803584
vt 0.485608 0.803512
vt 0.504094 0.803758
vt 0.504109 0.803932
vt 0.504115 0.804004
vt 0.504078 0.803584
vt 0.504072 0.803512
vt 0.504730 0.803685
vt 0.504804 0.803852
vt 0.504835 0.803922
vt 0.504656 0.803518
vt 0.504625 0.803449
vt 0.505125 0.803496
vt 0.505283 0.803623
vt 0.505349 0.803675
vt 0.504966 0.803369
vt 0.504900 0.803317
vt 0.505362 0.803181
vt 0.505571 0.803240
vt 0.505658 0.803265
vt 0.505152 0.803121
vt 0.505066 0.803097
vt 0.494556 0.910142
vt 0.494556 0.872680
vt 0.494556 0.872680
vt 0.496253 0.869879
vt 0.494490 0.869879
vt 0.496252 0.869879
vt 0.496417 0.912812
vt 0.496417 0.911380
vt 0.494264 0.871598
vt 0.493686 0.871321
vt 0.494490 0.870010
vt 0.496253 0.870010
vt 0.494264 0.911224
vt 0.494611 0.910762
vt 0.496253 0.911380
vt 0.496253 0.912812
vt 0.492911 0.911456
vt 0.493630 0.911374
vt 0.494144 0.911128
vt 0.494144 0.911128
vt 0.494453 0.910717
vt 0.494453 0.872105
vt 0.494144 0.871694
vt 0.492911 0.871366
vt 0.493630 0.871448
vt 0.496417 0.871348
vt 0.496417 0.871348
vt 0.496417 0.872680
vt 0.496417 0.872680
vt 0.496417 0.870010
vt 0.496417 0.870010
vt 0.494611 0.872060
vt 0.496253 0.871348
vt 0.496253 0.872680
vt 0.494720 0.872670
vt 0.492911 0.869879
vt 0.492922 0.871234
vt 0.492911 0.870010
vt 0.496253 0.912943
vt 0.494286 0.912943
vt 0.492911 0.912943
vt 0.492911 0.912943
vt 0.496417 0.910142
vt 0.496253 0.910142
vt 0.494720 0.910152
vt 0.494286 0.912812
vt 0.493686 0.911501
vt 0.492911 0.912812
vt 0.492922 0.911588
vt 0.453786 0.872680
vt 0.453786 0.910142
vt 0.453852 0.869879
vt 0.452090 0.869879
vt 0.451925 0.911380
vt 0.451925 0.912812
vt 0.454078 0.871598
vt 0.452090 0.870010
vt 0.453852 0.870010
vt 0.454656 0.871321
vt 0.454078 0.911224
vt 0.452090 0.912812
vt 0.452090 0.911380
vt 0.453731 0.910762
vt 0.454712 0.911374
vt 0.454712 0.911374
vt 0.455432 0.911456
vt 0.454198 0.911128
vt 0.454198 0.911128
vt 0.453889 0.910717
vt 0.453889 0.872105
vt 0.454198 0.871694
vt 0.454198 0.871694
vt 0.454712 0.871448
vt 0.455432 0.871366
vt 0.451925 0.872680
vt 0.451925 0.871348
vt 0.451925 0.870010
vt 0.452090 0.872680
vt 0.452090 0.871348
vt 0.453731 0.872060
vt 0.453622 0.872670
vt 0.455432 0.869879
vt 0.455432 0.870010
vt 0.455420 0.871234
vt 0.454056 0.912943
vt 0.452090 0.912943
vt 0.452090 0.912943
vt 0.454057 0.912943
vt 0.455432 0.912943
vt 0.455432 0.912943
vt 0.451925 0.910142
vt 0.452090 0.910142
vt 0.453622 0.910152
vt 0.454057 0.912812
vt 0.454656 0.911501
vt 0.455432 0.912812
vt 0.455420 0.911588
vt 0.496325 0.869887
vt 0.496319 0.869895
vt 0.496253 0.869887
vt 0.496309 0.869916
vt 0.496253 0.869912
vt 0.496376 0.869912
vt 0.496371 0.869916
vt 0.496355 0.869928
vt 0.496407 0.912869
vt 0.496396 0.912865
vt 0.496407 0.912812
vt 0.496371 0.912857
vt 0.496376 0.912812
vt 0.496376 0.912910
vt 0.496371 0.912906
vt 0.496355 0.912894
vt 0.496407 0.870010
vt 0.496396 0.869957
vt 0.496407 0.869953
vt 0.496376 0.870010
vt 0.496371 0.869965
vt 0.496253 0.912935
vt 0.496319 0.912927
vt 0.496325 0.912935
vt 0.496253 0.912910
vt 0.496309 0.912906
vt 0.452090 0.869887
vt 0.452023 0.869895
vt 0.452018 0.869887
vt 0.451971 0.869916
vt 0.451966 0.869912
vt 0.452090 0.869912
vt 0.452033 0.869916
vt 0.451987 0.869928
vt 0.451936 0.912812
vt 0.451946 0.912865
vt 0.451936 0.912869
vt 0.451971 0.912906
vt 0.451966 0.912911
vt 0.451966 0.912812
vt 0.451971 0.912857
vt 0.451987 0.912894
vt 0.451936 0.869953
vt 0.451946 0.869957
vt 0.451936 0.870010
vt 0.451971 0.869965
vt 0.451966 0.870010
vt 0.452018 0.912935
vt 0.452023 0.912927
vt 0.452090 0.912935
vt 0.452033 0.912906
vt 0.452090 0.912911
vt 0.494566 0.872679
vt 0.494566 0.910143
vt 0.494597 0.872677
vt 0.494597 0.910145
vt 0.496324 0.869887
vt 0.496376 0.869912
vt 0.494490 0.869887
vt 0.494490 0.869912
vt 0.496407 0.911380
vt 0.496376 0.911380
vt 0.494212 0.871640
vt 0.493662 0.871377
vt 0.494174 0.871670
vt 0.493644 0.871416
vt 0.494490 0.869953
vt 0.496253 0.869953
vt 0.494212 0.911182
vt 0.494542 0.910743
vt 0.494174 0.911152
vt 0.494492 0.910729
vt 0.496325 0.911380
vt 0.496325 0.912812
vt 0.493634 0.911382
vt 0.492911 0.911465
vt 0.493644 0.911406
vt 0.492914 0.911489
vt 0.494152 0.911134
vt 0.494463 0.910720
vt 0.494463 0.872102
vt 0.494492 0.872094
vt 0.494152 0.871688
vt 0.492911 0.871357
vt 0.493634 0.871440
vt 0.492914 0.871333
vt 0.496407 0.872680
vt 0.496407 0.871348
vt 0.496376 0.872680
vt 0.496376 0.871348
vt 0.494648 0.872674
vt 0.494542 0.872079
vt 0.496325 0.871348
vt 0.496325 0.872680
vt 0.496325 0.870010
vt 0.492911 0.869887
vt 0.492911 0.869912
vt 0.492917 0.871292
vt 0.492911 0.869953
vt 0.494286 0.912935
vt 0.494286 0.912910
vt 0.492911 0.912935
vt 0.492911 0.912911
vt 0.496407 0.910142
vt 0.496376 0.910142
vt 0.494648 0.910148
vt 0.496325 0.910142
vt 0.493662 0.911446
vt 0.496253 0.912869
vt 0.494286 0.912869
vt 0.492917 0.911530
vt 0.492911 0.912869
vt 0.453776 0.910143
vt 0.453776 0.872679
vt 0.453745 0.910145
vt 0.453745 0.872677
vt 0.453852 0.869887
vt 0.453852 0.869912
vt 0.451936 0.911380
vt 0.451966 0.911380
vt 0.451966 0.912910
vt 0.452090 0.869953
vt 0.453852 0.869953
vt 0.454680 0.871377
vt 0.454130 0.871640
vt 0.454698 0.871416
vt 0.454168 0.871670
vt 0.452018 0.912812
vt 0.452018 0.911380
vt 0.453800 0.910743
vt 0.454130 0.911182
vt 0.453850 0.910729
vt 0.454168 0.911152
vt 0.455431 0.911465
vt 0.454708 0.911382
vt 0.455429 0.911489
vt 0.454698 0.911406
vt 0.454190 0.911134
vt 0.453879 0.910720
vt 0.453879 0.872102
vt 0.453850 0.872094
vt 0.454190 0.871688
vt 0.454708 0.871440
vt 0.455431 0.871357
vt 0.455429 0.871333
vt 0.451936 0.871348
vt 0.451936 0.872680
vt 0.451966 0.871348
vt 0.451966 0.872680
vt 0.452018 0.872680
vt 0.452018 0.871348
vt 0.453800 0.872080
vt 0.453694 0.872674
vt 0.452018 0.870010
vt 0.455432 0.869887
vt 0.455432 0.869912
vt 0.455432 0.869953
vt 0.455425 0.871292
vt 0.454057 0.912935
vt 0.454057 0.912911
vt 0.455432 0.912935
vt 0.455432 0.912911
vt 0.451936 0.910142
vt 0.451966 0.910142
vt 0.452018 0.910142
vt 0.453694 0.910148
vt 0.454057 0.912869
vt 0.452090 0.912869
vt 0.454680 0.911446
vt 0.455432 0.912869
vt 0.455425 0.911530
vt 0.496319 0.869957
vt 0.496319 0.912865
vt 0.452023 0.869957
vt 0.452023 0.912865
vt 0.473602 0.692304
vt 0.518459 0.692304
vt 0.518459 0.692304
vt 0.473602 0.692294
vt 0.518459 0.692294
vt 0.473602 0.692416
vt 0.518459 0.692416
vt 0.518459 0.692491
vt 0.473602 0.692491
vt 0.473602 0.692192
vt 0.518459 0.692192
vt 0.518459 0.692258
vt 0.473602 0.692258
vt 0.473602 0.692314
vt 0.518459 0.692314
vt 0.518459 0.692351
vt 0.473602 0.692351
vt 0.473602 0.692118
vt 0.518459 0.692118
vt 0.473602 0.691505
vt 0.518459 0.691505
vt 0.473602 0.690706
vt 0.518459 0.690706
vt 0.473602 0.690716
vt 0.518459 0.690716
vt 0.473602 0.690595
vt 0.473602 0.690520
vt 0.518459 0.690520
vt 0.518459 0.690595
vt 0.473602 0.690819
vt 0.473602 0.690753
vt 0.518459 0.690753
vt 0.518459 0.690819
vt 0.473602 0.690697
vt 0.473602 0.690660
vt 0.518459 0.690660
vt 0.518459 0.690697
vt 0.473602 0.690893
vt 0.518459 0.690893
vt 0.540875 0.855967
vt 0.543457 0.855967
vt 0.543457 0.856027
vt 0.540875 0.856027
vt 0.543457 0.856155
vt 0.540875 0.856155
vt 0.543457 0.856318
vt 0.540875 0.856318
vt 0.543457 0.856473
vt 0.540875 0.856473
vt 0.543457 0.856577
vt 0.540875 0.856577
vt 0.543457 0.856603
vt 0.540875 0.856603
vt 0.543457 0.856544
vt 0.540875 0.856544
vt 0.543457 0.856415
vt 0.540875 0.856415
vt 0.543457 0.856252
vt 0.540875 0.856252
vt 0.543457 0.856098
vt 0.540875 0.856098
vt 0.543457 0.855993
vt 0.540875 0.855993
vt 0.541918 0.855801
vt 0.541918 0.858098
vt 0.541873 0.858098
vt 0.541873 0.855801
vt 0.542040 0.855801
vt 0.542040 0.858098
vt 0.542206 0.855801
vt 0.542206 0.858098
vt 0.542373 0.855801
vt 0.542373 0.858098
vt 0.542495 0.855801
vt 0.542495 0.858098
vt 0.542540 0.855801
vt 0.542540 0.858098
vt 0.538178 0.855967
vt 0.540760 0.855967
vt 0.540760 0.856027
vt 0.538178 0.856027
vt 0.540760 0.856155
vt 0.538178 0.856155
vt 0.540760 0.856318
vt 0.538178 0.856318
vt 0.540760 0.856473
vt 0.538178 0.856473
vt 0.540760 0.856577
vt 0.538178 0.856577
vt 0.540760 0.856603
vt 0.538178 0.856603
vt 0.540760 0.856544
vt 0.538178 0.856544
vt 0.540760 0.856415
vt 0.538178 0.856415
vt 0.540760 0.856252
vt 0.538178 0.856252
vt 0.540760 0.856098
vt 0.538178 0.856098
vt 0.540760 0.855993
vt 0.538178 0.855993
vt 0.540330 0.869735
vt 0.540330 0.872031
vt 0.540285 0.872031
vt 0.540285 0.869735
vt 0.540452 0.869735
vt 0.540452 0.872031
vt 0.540619 0.869735
vt 0.540619 0.872031
vt 0.540785 0.869735
vt 0.540785 0.872031
vt 0.540908 0.869735
vt 0.540908 0.872031
vt 0.540952 0.869735
vt 0.540952 0.872031
vt 0.615437 0.963940
vt 0.615387 0.964972
vt 0.615515 0.963941
vt 0.615468 0.964971
vt 0.615514 0.963938
vt 0.615469 0.964974
vt 0.615387 0.964971
vt 0.615436 0.963950
vt 0.615662 0.963939
vt 0.615620 0.964971
vt 0.615831 0.964972
vt 0.615860 0.963941
vt 0.616091 0.964971
vt 0.616403 0.963950
vt 0.616113 0.963938
vt 0.616398 0.964973
vt 0.617005 0.964973
vt 0.616694 0.963939
vt 0.616697 0.964972
vt 0.616984 0.963939
vt 0.617236 0.963940
vt 0.617266 0.964971
vt 0.617476 0.964970
vt 0.617437 0.963950
vt 0.617582 0.963940
vt 0.617628 0.964970
vt 0.617710 0.964972
vt 0.617659 0.963940
vt 0.617660 0.963939
vt 0.617710 0.964973
vt 0.617627 0.964971
vt 0.617581 0.963950
vt 0.617477 0.964960
vt 0.617236 0.963950
vt 0.617435 0.963940
vt 0.617265 0.964970
vt 0.616984 0.963939
vt 0.617005 0.964971
vt 0.616693 0.963939
vt 0.616698 0.964970
vt 0.616404 0.963939
vt 0.616399 0.964974
vt 0.616112 0.963939
vt 0.616092 0.964972
vt 0.615862 0.963940
vt 0.615831 0.964971
vt 0.615661 0.963941
vt 0.615620 0.964973
vt 0.615610 0.963941
vt 0.615569 0.964968
vt 0.615497 0.963944
vt 0.615451 0.964970
vt 0.615497 0.963938
vt 0.615451 0.964967
vt 0.615611 0.963944
vt 0.615568 0.964969
vt 0.615964 0.963941
vt 0.615939 0.964970
vt 0.615671 0.963945
vt 0.615633 0.964968
vt 0.616483 0.963938
vt 0.616549 0.964970
vt 0.616070 0.963944
vt 0.616050 0.964969
vt 0.617025 0.963943
vt 0.617048 0.964961
vt 0.616609 0.963945
vt 0.617424 0.963939
vt 0.617463 0.964972
vt 0.617131 0.963941
vt 0.617146 0.964972
vt 0.617599 0.963943
vt 0.617645 0.964972
vt 0.617485 0.963942
vt 0.617528 0.964969
vt 0.617488 0.963938
vt 0.617527 0.964968
vt 0.617599 0.963944
vt 0.617646 0.964973
vt 0.617136 0.963938
vt 0.617087 0.964968
vt 0.617425 0.963945
vt 0.617462 0.964974
vt 0.616610 0.963942
vt 0.616602 0.964975
vt 0.617026 0.963944
vt 0.616071 0.963944
vt 0.616049 0.964970
vt 0.616487 0.963944
vt 0.616483 0.964961
vt 0.615672 0.963941
vt 0.615632 0.964966
vt 0.615965 0.963942
vt 0.615937 0.964970
vt 0.616630 0.963937
vt 0.615102 0.973783
vt 0.615053 0.974815
vt 0.615134 0.974816
vt 0.615180 0.973783
vt 0.615052 0.974814
vt 0.615180 0.973783
vt 0.615135 0.974814
vt 0.615103 0.973783
vt 0.615285 0.974815
vt 0.615526 0.973783
vt 0.615327 0.973782
vt 0.615497 0.974815
vt 0.615778 0.973782
vt 0.615756 0.974815
vt 0.616068 0.973782
vt 0.616062 0.974817
vt 0.616670 0.974814
vt 0.616360 0.973783
vt 0.616363 0.974815
vt 0.616650 0.973782
vt 0.616902 0.973783
vt 0.616931 0.974815
vt 0.617142 0.974816
vt 0.617101 0.973783
vt 0.617375 0.974816
vt 0.617247 0.973783
vt 0.617292 0.974815
vt 0.617325 0.973783
vt 0.617375 0.974814
vt 0.617247 0.973782
vt 0.617324 0.973782
vt 0.617292 0.974814
vt 0.617100 0.973782
vt 0.617142 0.974815
vt 0.616901 0.973783
vt 0.616930 0.974804
vt 0.616649 0.973782
vt 0.616672 0.974815
vt 0.616364 0.974813
vt 0.616359 0.973782
vt 0.615757 0.974816
vt 0.616067 0.973783
vt 0.616065 0.974814
vt 0.615778 0.973783
vt 0.615525 0.973785
vt 0.615496 0.974815
vt 0.615285 0.974813
vt 0.615326 0.973783
vt 0.615275 0.973786
vt 0.615235 0.974811
vt 0.615162 0.973787
vt 0.615116 0.974811
vt 0.615163 0.973784
vt 0.615116 0.974814
vt 0.615276 0.973784
vt 0.615234 0.974813
vt 0.615629 0.973785
vt 0.615605 0.974813
vt 0.615337 0.973786
vt 0.615298 0.974811
vt 0.616151 0.973786
vt 0.616215 0.974812
vt 0.615736 0.973785
vt 0.615716 0.974811
vt 0.616690 0.973787
vt 0.616713 0.974812
vt 0.616274 0.973785
vt 0.617090 0.973786
vt 0.617129 0.974811
vt 0.616796 0.973785
vt 0.616824 0.974812
vt 0.617265 0.973786
vt 0.617311 0.974811
vt 0.617151 0.973784
vt 0.617193 0.974812
vt 0.617151 0.973785
vt 0.617192 0.974813
vt 0.617264 0.973787
vt 0.617311 0.974811
vt 0.616798 0.973785
vt 0.616829 0.974817
vt 0.617091 0.973788
vt 0.617129 0.974811
vt 0.616276 0.973786
vt 0.616212 0.974813
vt 0.616691 0.973785
vt 0.616712 0.974811
vt 0.615736 0.973787
vt 0.615673 0.974811
vt 0.616153 0.973784
vt 0.615337 0.973787
vt 0.615298 0.974814
vt 0.615630 0.973784
vt 0.615597 0.974818
vt 0.616595 0.973780
vt 0.539599 0.860050
vt 0.539607 0.860108
vt 0.539607 0.860126
vt 0.539604 0.859993
vt 0.539631 0.860200
vt 0.539632 0.860140
vt 0.539630 0.860030
vt 0.539632 0.859940
vt 0.539629 0.859923
vt 0.539631 0.860021
vt 0.539631 0.860132
vt 0.539632 0.860196
vt 0.539690 0.860181
vt 0.539669 0.860261
vt 0.539669 0.860039
vt 0.539690 0.859887
vt 0.539671 0.859855
vt 0.539671 0.859868
vt 0.539669 0.859964
vt 0.539692 0.860119
vt 0.539690 0.860202
vt 0.539690 0.860276
vt 0.539725 0.860316
vt 0.539725 0.860327
vt 0.539725 0.860267
vt 0.539723 0.860059
vt 0.539725 0.859935
vt 0.539724 0.859799
vt 0.539724 0.859815
vt 0.539725 0.859893
vt 0.539724 0.860011
vt 0.539801 0.860380
vt 0.539801 0.860344
vt 0.539800 0.860242
vt 0.539801 0.860095
vt 0.539800 0.859941
vt 0.539801 0.859816
vt 0.539801 0.859756
vt 0.539801 0.859745
vt 0.539801 0.859813
vt 0.539801 0.859909
vt 0.539801 0.860028
vt 0.539801 0.860152
vt 0.539800 0.860287
vt 0.539801 0.860366
vt 0.542151 0.860035
vt 0.542145 0.860123
vt 0.542145 0.860002
vt 0.542144 0.860106
vt 0.542121 0.860206
vt 0.542119 0.860152
vt 0.542120 0.860031
vt 0.542119 0.859932
vt 0.542121 0.859934
vt 0.542119 0.860049
vt 0.542119 0.860143
vt 0.542061 0.860294
vt 0.542056 0.860290
vt 0.542079 0.860209
vt 0.542060 0.860115
vt 0.542057 0.860019
vt 0.542079 0.859912
vt 0.542081 0.859852
vt 0.542081 0.859900
vt 0.542081 0.860043
vt 0.542081 0.860196
vt 0.542027 0.860249
vt 0.542027 0.859912
vt 0.542025 0.859826
vt 0.542027 0.859794
vt 0.542027 0.859840
vt 0.542025 0.859937
vt 0.542025 0.860036
vt 0.542025 0.860140
vt 0.542025 0.860231
vt 0.542025 0.860297
vt 0.541950 0.860383
vt 0.541950 0.860344
vt 0.541950 0.860242
vt 0.541950 0.860095
vt 0.541950 0.859971
vt 0.541950 0.859836
vt 0.541950 0.859756
vt 0.541950 0.859743
vt 0.541950 0.859779
vt 0.541950 0.859880
vt 0.541950 0.860028
vt 0.541950 0.860152
vt 0.541950 0.860262
vt 0.541950 0.860342
vt 0.541848 0.869880
vt 0.541855 0.869862
vt 0.541851 0.869977
vt 0.541848 0.869884
vt 0.541823 0.870043
vt 0.541824 0.869958
vt 0.541823 0.869847
vt 0.541824 0.869769
vt 0.541823 0.869777
vt 0.541823 0.869864
vt 0.541823 0.869975
vt 0.541823 0.870039
vt 0.541786 0.870105
vt 0.541765 0.870025
vt 0.541785 0.869882
vt 0.541764 0.869744
vt 0.541765 0.869672
vt 0.541786 0.869720
vt 0.541760 0.869793
vt 0.541764 0.869897
vt 0.541765 0.870045
vt 0.541764 0.870119
vt 0.541729 0.870170
vt 0.541729 0.870159
vt 0.541729 0.870110
vt 0.541729 0.869930
vt 0.541729 0.869826
vt 0.541729 0.869669
vt 0.541729 0.869650
vt 0.541729 0.869699
vt 0.541729 0.869983
vt 0.541654 0.870223
vt 0.541654 0.870187
vt 0.541654 0.870085
vt 0.541654 0.869938
vt 0.541654 0.869814
vt 0.541654 0.869679
vt 0.541654 0.869589
vt 0.541654 0.869598
vt 0.541654 0.869656
vt 0.541654 0.869779
vt 0.541654 0.869934
vt 0.541654 0.870053
vt 0.541654 0.870150
vt 0.541654 0.870210
vt 0.539311 0.869981
vt 0.539303 0.869922
vt 0.539312 0.869931
vt 0.539311 0.869844
vt 0.539311 0.869852
vt 0.539336 0.870016
vt 0.539336 0.870049
vt 0.539335 0.869902
vt 0.539335 0.869782
vt 0.539335 0.869771
vt 0.539333 0.869893
vt 0.539336 0.870018
vt 0.539373 0.870088
vt 0.539399 0.870143
vt 0.539373 0.869963
vt 0.539394 0.869803
vt 0.539373 0.869718
vt 0.539394 0.869672
vt 0.539394 0.869747
vt 0.539402 0.869856
vt 0.539373 0.869967
vt 0.539394 0.870106
vt 0.539430 0.870159
vt 0.539430 0.870110
vt 0.539428 0.870005
vt 0.539430 0.869877
vt 0.539430 0.869698
vt 0.539430 0.869649
vt 0.539430 0.869670
vt 0.539430 0.869983
vt 0.539430 0.870074
vt 0.539505 0.870223
vt 0.539505 0.870187
vt 0.539505 0.870085
vt 0.539505 0.869907
vt 0.539505 0.869756
vt 0.539505 0.869659
vt 0.539505 0.869599
vt 0.539505 0.869586
vt 0.539505 0.869622
vt 0.539505 0.869700
vt 0.539505 0.869810
vt 0.539505 0.869934
vt 0.539505 0.870053
vt 0.539505 0.870150
vt 0.539505 0.870210
vt 0.541500 0.856285
vt 0.541499 0.856070
vt 0.541522 0.856079
vt 0.541523 0.856276
vt 0.541592 0.856070
vt 0.541598 0.856285
vt 0.541705 0.856079
vt 0.541707 0.856276
vt 0.541848 0.856070
vt 0.541860 0.856285
vt 0.542022 0.856079
vt 0.542024 0.856276
vt 0.542201 0.856070
vt 0.542215 0.856285
vt 0.542390 0.856276
vt 0.542388 0.856078
vt 0.542555 0.856070
vt 0.542567 0.856285
vt 0.542706 0.856079
vt 0.542707 0.856276
vt 0.542816 0.856070
vt 0.542822 0.856284
vt 0.542890 0.856079
vt 0.542890 0.856276
vt 0.542913 0.856070
vt 0.542912 0.856285
vt 0.542890 0.856079
vt 0.542890 0.856276
vt 0.542821 0.856070
vt 0.542814 0.856285
vt 0.542707 0.856079
vt 0.542706 0.856276
vt 0.542565 0.856070
vt 0.542552 0.856285
vt 0.542390 0.856079
vt 0.542388 0.856276
vt 0.542212 0.856070
vt 0.542198 0.856285
vt 0.542024 0.856079
vt 0.542022 0.856276
vt 0.541857 0.856070
vt 0.541846 0.856285
vt 0.541706 0.856079
vt 0.541705 0.856276
vt 0.541596 0.856070
vt 0.541591 0.856284
vt 0.541523 0.856079
vt 0.541523 0.856276
vt 0.615198 0.965268
vt 0.615207 0.965338
vt 0.615336 0.965311
vt 0.615370 0.965408
vt 0.615555 0.965413
vt 0.615542 0.965351
vt 0.615527 0.965253
vt 0.617481 0.965438
vt 0.617245 0.965414
vt 0.617348 0.965464
vt 0.617508 0.965258
vt 0.617687 0.965313
vt 0.617691 0.965240
vt 0.617818 0.965269
vt 0.617707 0.965034
vt 0.617517 0.965014
vt 0.616391 0.965255
vt 0.616932 0.965261
vt 0.616786 0.965194
vt 0.616504 0.965192
vt 0.617053 0.965199
vt 0.617059 0.964992
vt 0.616789 0.964986
vt 0.615812 0.965271
vt 0.615720 0.965208
vt 0.615950 0.965200
vt 0.615941 0.964992
vt 0.615710 0.965001
vt 0.615506 0.965014
vt 0.615331 0.965240
vt 0.617809 0.965338
vt 0.617864 0.965281
vt 0.615546 0.965460
vt 0.616661 0.965400
vt 0.616505 0.965331
vt 0.616080 0.965336
vt 0.615801 0.965412
vt 0.617398 0.965355
vt 0.617651 0.965408
vt 0.617295 0.965245
vt 0.616933 0.965335
vt 0.615150 0.965281
vt 0.615301 0.965200
vt 0.615408 0.965219
vt 0.615408 0.965252
vt 0.615291 0.965242
vt 0.615575 0.965202
vt 0.615756 0.965220
vt 0.616753 0.965207
vt 0.615847 0.965185
vt 0.617385 0.965229
vt 0.617392 0.965197
vt 0.617622 0.965210
vt 0.617614 0.965252
vt 0.617722 0.965242
vt 0.616375 0.965174
vt 0.616900 0.965177
vt 0.615127 0.965073
vt 0.615242 0.965066
vt 0.615251 0.965129
vt 0.617840 0.965055
vt 0.617771 0.965064
vt 0.617616 0.965039
vt 0.617451 0.965022
vt 0.617249 0.965009
vt 0.617302 0.965000
vt 0.616999 0.964999
vt 0.616505 0.964983
vt 0.616505 0.964993
vt 0.616002 0.965000
vt 0.616216 0.964986
vt 0.615574 0.965022
vt 0.615407 0.965039
vt 0.615317 0.965033
vt 0.615175 0.965055
vt 0.617886 0.965073
vt 0.615252 0.965079
vt 0.617725 0.965062
vt 0.616239 0.964999
vt 0.615291 0.965063
vt 0.617762 0.965080
vt 0.617888 0.965129
vt 0.617767 0.965128
vt 0.615121 0.965157
vt 0.615127 0.965129
vt 0.617724 0.965171
vt 0.617449 0.965134
vt 0.617247 0.965122
vt 0.617016 0.965113
vt 0.616377 0.965111
vt 0.615987 0.965113
vt 0.615575 0.965134
vt 0.615408 0.965152
vt 0.617760 0.965188
vt 0.615253 0.965188
vt 0.615253 0.965245
vt 0.617864 0.965810
vt 0.617893 0.965558
vt 0.617893 0.965120
vt 0.617724 0.965315
vt 0.617724 0.965785
vt 0.617614 0.965749
vt 0.617615 0.965334
vt 0.615408 0.965750
vt 0.615407 0.965335
vt 0.615292 0.965786
vt 0.617775 0.964744
vt 0.617775 0.964515
vt 0.617879 0.964515
vt 0.617879 0.964744
vt 0.615122 0.964782
vt 0.615121 0.964540
vt 0.615135 0.964744
vt 0.615135 0.964515
vt 0.617762 0.964802
vt 0.617762 0.964556
vt 0.617893 0.965516
vt 0.617893 0.965142
vt 0.617760 0.965645
vt 0.617760 0.965260
vt 0.615342 0.965909
vt 0.615205 0.965875
vt 0.615204 0.965839
vt 0.615533 0.965922
vt 0.615540 0.965962
vt 0.615351 0.965911
vt 0.617353 0.965962
vt 0.617124 0.965990
vt 0.617509 0.965955
vt 0.617492 0.965922
vt 0.617499 0.965864
vt 0.617691 0.965844
vt 0.617683 0.965909
vt 0.617511 0.965627
vt 0.617819 0.965823
vt 0.617810 0.965869
vt 0.616506 0.965949
vt 0.616506 0.965890
vt 0.616888 0.965891
vt 0.616885 0.965946
vt 0.616506 0.965652
vt 0.616764 0.965650
vt 0.617024 0.965646
vt 0.615525 0.965864
vt 0.615749 0.965877
vt 0.615756 0.965936
vt 0.615513 0.965627
vt 0.615738 0.965639
vt 0.615985 0.965646
vt 0.616114 0.965891
vt 0.616122 0.965947
vt 0.615331 0.965844
vt 0.615175 0.965584
vt 0.617809 0.965844
vt 0.615527 0.965937
vt 0.615816 0.965986
vt 0.615884 0.965979
vt 0.616618 0.965985
vt 0.617670 0.965911
vt 0.617475 0.965956
vt 0.617195 0.965975
vt 0.617261 0.965936
vt 0.615150 0.965810
vt 0.615415 0.965828
vt 0.615582 0.965829
vt 0.615408 0.965811
vt 0.615303 0.965755
vt 0.615856 0.965858
vt 0.615795 0.965840
vt 0.616157 0.965849
vt 0.617714 0.965754
vt 0.617621 0.965803
vt 0.617614 0.965826
vt 0.617443 0.965829
vt 0.617403 0.965847
vt 0.617173 0.965843
vt 0.616653 0.965852
vt 0.616687 0.965867
vt 0.615127 0.965564
vt 0.615135 0.965513
vt 0.615252 0.965515
vt 0.615250 0.965562
vt 0.617840 0.965584
vt 0.617705 0.965606
vt 0.617616 0.965598
vt 0.617770 0.965569
vt 0.617445 0.965616
vt 0.617279 0.965639
vt 0.617225 0.965628
vt 0.616764 0.965638
vt 0.616245 0.965650
vt 0.616359 0.965639
vt 0.615802 0.965628
vt 0.615315 0.965606
vt 0.615407 0.965598
vt 0.615581 0.965616
vt 0.617887 0.965564
vt 0.617725 0.965583
vt 0.616981 0.965639
vt 0.616029 0.965639
vt 0.616268 0.965643
vt 0.616507 0.965644
vt 0.615291 0.965583
vt 0.617762 0.965566
vt 0.615253 0.965642
vt 0.615253 0.965697
vt 0.617443 0.965752
vt 0.617161 0.965769
vt 0.616142 0.965773
vt 0.616634 0.965775
vt 0.615408 0.965734
vt 0.615582 0.965752
vt 0.617760 0.965697
vt 0.617770 0.965457
vt 0.617880 0.965440
vt 0.617886 0.965514
vt 0.617763 0.965514
vt 0.615121 0.965457
vt 0.615135 0.965438
vt 0.615120 0.965525
vt 0.617891 0.965466
vt 0.615677 0.965466
vt 0.615666 0.965960
vt 0.615239 0.964515
vt 0.615239 0.964744
vt 0.615252 0.964540
vt 0.615252 0.964783
vt 0.617892 0.964557
vt 0.617892 0.964801
vt 0.615244 0.965075
vt 0.617878 0.965079
vt 0.617775 0.965082
vt 0.615134 0.965066
vt 0.615123 0.965098
vt 0.617763 0.965105
vt 0.617880 0.964912
vt 0.617775 0.965289
vt 0.617775 0.964804
vt 0.617775 0.964643
vt 0.617879 0.964555
vt 0.615239 0.964853
vt 0.615251 0.965455
vt 0.615239 0.965426
vt 0.615135 0.965230
vt 0.615135 0.964853
vt 0.615134 0.964594
vt 0.615239 0.964907
vt 0.615239 0.964538
vt 0.617760 0.965158
vt 0.617774 0.964544
vt 0.615134 0.964532
vt 0.617880 0.964789
vt 0.615134 0.964775
vt 0.615239 0.964774
vt 0.616218 0.965194
vt 0.615745 0.965346
vt 0.615764 0.965009
vt 0.615766 0.965122
vt 0.615795 0.965763
vt 0.616766 0.964999
vt 0.616766 0.965108
vt 0.617269 0.965877
vt 0.614864 0.975111
vt 0.614872 0.975181
vt 0.615001 0.975154
vt 0.615035 0.975251
vt 0.615220 0.975256
vt 0.615207 0.975195
vt 0.615193 0.975096
vt 0.617146 0.975281
vt 0.616911 0.975257
vt 0.617013 0.975307
vt 0.617173 0.975101
vt 0.617352 0.975156
vt 0.617356 0.975083
vt 0.617483 0.975112
vt 0.617372 0.974877
vt 0.617182 0.974857
vt 0.616056 0.975099
vt 0.616597 0.975105
vt 0.616452 0.975037
vt 0.616170 0.975036
vt 0.616718 0.975042
vt 0.616725 0.974835
vt 0.616454 0.974829
vt 0.615477 0.975114
vt 0.615385 0.975051
vt 0.615615 0.975043
vt 0.615606 0.974835
vt 0.615375 0.974844
vt 0.615171 0.974857
vt 0.614996 0.975083
vt 0.617474 0.975181
vt 0.617529 0.975124
vt 0.615211 0.975304
vt 0.616326 0.975244
vt 0.616170 0.975174
vt 0.615745 0.975179
vt 0.615466 0.975256
vt 0.617063 0.975198
vt 0.617316 0.975251
vt 0.616960 0.975088
vt 0.616598 0.975178
vt 0.614815 0.975124
vt 0.614966 0.975043
vt 0.615073 0.975063
vt 0.615073 0.975096
vt 0.614956 0.975085
vt 0.615240 0.975045
vt 0.615421 0.975063
vt 0.615512 0.975028
vt 0.617050 0.975072
vt 0.617057 0.975040
vt 0.617287 0.975053
vt 0.617279 0.975096
vt 0.617387 0.975086
vt 0.616418 0.975050
vt 0.616040 0.975017
vt 0.616565 0.975020
vt 0.614792 0.974916
vt 0.614908 0.974909
vt 0.614792 0.974972
vt 0.617505 0.974898
vt 0.617436 0.974907
vt 0.617281 0.974882
vt 0.617116 0.974865
vt 0.616914 0.974852
vt 0.616967 0.974844
vt 0.616664 0.974842
vt 0.616170 0.974826
vt 0.616170 0.974836
vt 0.615667 0.974843
vt 0.615882 0.974829
vt 0.615239 0.974865
vt 0.615072 0.974882
vt 0.614982 0.974876
vt 0.614841 0.974898
vt 0.617551 0.974916
vt 0.614918 0.974923
vt 0.614917 0.974973
vt 0.617390 0.974906
vt 0.615904 0.974842
vt 0.614956 0.974906
vt 0.617427 0.974923
vt 0.614786 0.975001
vt 0.614919 0.975088
vt 0.614919 0.975031
vt 0.617389 0.975014
vt 0.617114 0.974977
vt 0.616912 0.974965
vt 0.616681 0.974956
vt 0.616042 0.974954
vt 0.615652 0.974956
vt 0.615240 0.974978
vt 0.615073 0.974995
vt 0.617426 0.975031
vt 0.617529 0.975653
vt 0.617558 0.975401
vt 0.617558 0.974964
vt 0.617390 0.975158
vt 0.617389 0.975628
vt 0.617279 0.975592
vt 0.617280 0.975177
vt 0.615074 0.975593
vt 0.615073 0.975178
vt 0.614958 0.975629
vt 0.614787 0.974625
vt 0.614787 0.974383
vt 0.614800 0.974358
vt 0.614800 0.974587
vt 0.614904 0.974358
vt 0.617427 0.974645
vt 0.617427 0.974400
vt 0.617440 0.974358
vt 0.617558 0.975359
vt 0.617558 0.974986
vt 0.617426 0.975488
vt 0.617426 0.975104
vt 0.615008 0.975752
vt 0.614870 0.975718
vt 0.614869 0.975682
vt 0.615198 0.975765
vt 0.615205 0.975805
vt 0.615016 0.975754
vt 0.617018 0.975805
vt 0.616790 0.975833
vt 0.617175 0.975798
vt 0.617157 0.975765
vt 0.617165 0.975707
vt 0.617356 0.975687
vt 0.617348 0.975752
vt 0.617176 0.975470
vt 0.617485 0.975666
vt 0.617475 0.975712
vt 0.616171 0.975793
vt 0.616171 0.975734
vt 0.616553 0.975734
vt 0.616551 0.975789
vt 0.616171 0.975495
vt 0.616430 0.975493
vt 0.616689 0.975489
vt 0.615190 0.975707
vt 0.615414 0.975720
vt 0.615422 0.975779
vt 0.615178 0.975470
vt 0.615404 0.975482
vt 0.615650 0.975489
vt 0.615780 0.975734
vt 0.615788 0.975790
vt 0.614996 0.975687
vt 0.614840 0.975427
vt 0.617474 0.975687
vt 0.615192 0.975780
vt 0.615482 0.975829
vt 0.615549 0.975822
vt 0.616283 0.975828
vt 0.617336 0.975754
vt 0.617140 0.975799
vt 0.616861 0.975818
vt 0.616926 0.975779
vt 0.614815 0.975653
vt 0.615081 0.975671
vt 0.615247 0.975672
vt 0.615073 0.975654
vt 0.614968 0.975598
vt 0.615521 0.975701
vt 0.616352 0.975710
vt 0.615460 0.975683
vt 0.615823 0.975692
vt 0.617379 0.975597
vt 0.617286 0.975646
vt 0.617279 0.975669
vt 0.617108 0.975672
vt 0.617068 0.975690
vt 0.616838 0.975686
vt 0.616318 0.975695
vt 0.614792 0.975407
vt 0.614800 0.975356
vt 0.614917 0.975358
vt 0.614915 0.975405
vt 0.617505 0.975427
vt 0.617370 0.975449
vt 0.617281 0.975441
vt 0.617436 0.975413
vt 0.617110 0.975460
vt 0.616944 0.975482
vt 0.616890 0.975471
vt 0.616429 0.975481
vt 0.615910 0.975493
vt 0.616024 0.975483
vt 0.615467 0.975471
vt 0.614980 0.975449
vt 0.615072 0.975442
vt 0.615246 0.975460
vt 0.617552 0.975407
vt 0.617390 0.975426
vt 0.616646 0.975482
vt 0.615694 0.975482
vt 0.615933 0.975486
vt 0.616172 0.975487
vt 0.614956 0.975426
vt 0.617427 0.975409
vt 0.614919 0.975485
vt 0.614919 0.975540
vt 0.617108 0.975595
vt 0.616826 0.975612
vt 0.615807 0.975616
vt 0.616299 0.975618
vt 0.615073 0.975577
vt 0.615247 0.975595
vt 0.617426 0.975540
vt 0.617436 0.975300
vt 0.617545 0.975283
vt 0.617551 0.975357
vt 0.617428 0.975358
vt 0.614786 0.975300
vt 0.614800 0.975282
vt 0.614785 0.975368
vt 0.617556 0.975309
vt 0.615342 0.975309
vt 0.615332 0.975803
vt 0.614917 0.974383
vt 0.614917 0.974626
vt 0.614904 0.974587
vt 0.617558 0.974400
vt 0.617557 0.974644
vt 0.617544 0.974358
vt 0.617544 0.974587
vt 0.614909 0.974918
vt 0.617552 0.974972
vt 0.617544 0.974922
vt 0.617440 0.974925
vt 0.617432 0.974972
vt 0.614799 0.974909
vt 0.614788 0.974941
vt 0.617428 0.974948
vt 0.617545 0.974756
vt 0.617440 0.975132
vt 0.617441 0.974649
vt 0.617440 0.974486
vt 0.617544 0.974398
vt 0.614904 0.974696
vt 0.614916 0.975298
vt 0.614904 0.975270
vt 0.614800 0.975073
vt 0.614800 0.974630
vt 0.614799 0.974437
vt 0.614904 0.974750
vt 0.614904 0.974382
vt 0.617440 0.974587
vt 0.617426 0.975002
vt 0.617440 0.974387
vt 0.614799 0.974375
vt 0.617545 0.974632
vt 0.614904 0.974617
vt 0.615883 0.975037
vt 0.615410 0.975189
vt 0.615430 0.974852
vt 0.615432 0.974965
vt 0.615460 0.975606
vt 0.616431 0.974842
vt 0.616431 0.974951
vt 0.616934 0.975720
vt 0.538803 0.856285
vt 0.538802 0.856070
vt 0.538826 0.856276
vt 0.538826 0.856079
vt 0.538894 0.856070
vt 0.538899 0.856284
vt 0.539008 0.856079
vt 0.539010 0.856276
vt 0.539149 0.856070
vt 0.539161 0.856284
vt 0.539325 0.856078
vt 0.539327 0.856276
vt 0.539503 0.856070
vt 0.539518 0.856285
vt 0.539692 0.856079
vt 0.539694 0.856276
vt 0.539856 0.856070
vt 0.539868 0.856284
vt 0.540010 0.856079
vt 0.540011 0.856276
vt 0.540118 0.856070
vt 0.540124 0.856284
vt 0.540193 0.856079
vt 0.540193 0.856276
vt 0.540217 0.856070
vt 0.540216 0.856285
vt 0.540193 0.856276
vt 0.540193 0.856079
vt 0.540124 0.856070
vt 0.540118 0.856285
vt 0.540011 0.856079
vt 0.540009 0.856276
vt 0.539868 0.856070
vt 0.539856 0.856285
vt 0.539693 0.856079
vt 0.539692 0.856276
vt 0.539515 0.856070
vt 0.539501 0.856285
vt 0.539327 0.856079
vt 0.539325 0.856276
vt 0.539161 0.856070
vt 0.539149 0.856285
vt 0.539009 0.856079
vt 0.539008 0.856276
vt 0.538899 0.856070
vt 0.538894 0.856284
vt 0.538826 0.856079
vt 0.538826 0.856276
vt 0.520366 0.800291
vt 0.501617 0.800290
vt 0.501616 0.800370
vt 0.520368 0.800369
vt 0.520373 0.800737
vt 0.520366 0.800741
vt 0.520368 0.800820
vt 0.520372 0.800821
vt 0.520372 0.800290
vt 0.520376 0.800370
vt 0.520341 0.800718
vt 0.520341 0.800730
vt 0.520366 0.800389
vt 0.520341 0.800379
vt 0.520341 0.800393
vt 0.520341 0.800735
vt 0.501618 0.800373
vt 0.501630 0.800391
vt 0.520341 0.800381
vt 0.520341 0.800376
vt 0.501616 0.800820
vt 0.501617 0.800742
vt 0.501611 0.800737
vt 0.501612 0.800821
vt 0.501642 0.800735
vt 0.501612 0.800290
vt 0.501608 0.800370
vt 0.501642 0.800731
vt 0.501616 0.800393
vt 0.501692 0.800311
vt 0.501692 0.800379
vt 0.501692 0.800754
vt 0.501698 0.801184
vt 0.501702 0.800298
vt 0.520241 0.800297
vt 0.520243 0.800379
vt 0.501701 0.800380
vt 0.501702 0.800750
vt 0.501701 0.800830
vt 0.501697 0.800834
vt 0.501703 0.800300
vt 0.501703 0.800389
vt 0.501703 0.800741
vt 0.520245 0.801184
vt 0.520241 0.800300
vt 0.520251 0.800754
vt 0.520251 0.800379
vt 0.520252 0.800311
vt 0.520243 0.800829
vt 0.520241 0.800749
vt 0.520247 0.800834
vt 0.520240 0.800741
vt 0.520240 0.800388
vt 0.501607 0.818799
vt 0.501607 0.818867
vt 0.501607 0.819242
vt 0.501614 0.819672
vt 0.501618 0.818786
vt 0.520366 0.818786
vt 0.520368 0.818867
vt 0.501616 0.818868
vt 0.501617 0.819238
vt 0.501616 0.819318
vt 0.501612 0.819322
vt 0.501618 0.818788
vt 0.501619 0.818877
vt 0.501619 0.819229
vt 0.520370 0.819672
vt 0.520366 0.818788
vt 0.520376 0.819242
vt 0.520376 0.818867
vt 0.520376 0.818799
vt 0.520368 0.819317
vt 0.520366 0.819238
vt 0.520371 0.819322
vt 0.520365 0.819229
vt 0.520365 0.818877
vt 0.520366 0.818771
vt 0.501617 0.818771
vt 0.501616 0.818850
vt 0.520368 0.818849
vt 0.520373 0.819217
vt 0.520366 0.819221
vt 0.520368 0.819301
vt 0.520372 0.819301
vt 0.520372 0.818770
vt 0.520376 0.818850
vt 0.520341 0.819198
vt 0.520341 0.819210
vt 0.520367 0.818869
vt 0.520341 0.818859
vt 0.520341 0.818873
vt 0.520341 0.819215
vt 0.501618 0.818854
vt 0.501629 0.818872
vt 0.520341 0.818861
vt 0.520341 0.818856
vt 0.501616 0.819300
vt 0.501617 0.819222
vt 0.501611 0.819217
vt 0.501612 0.819301
vt 0.501642 0.819215
vt 0.501612 0.818771
vt 0.501608 0.818850
vt 0.501642 0.819211
vt 0.501616 0.818873
vt 0.540105 0.799927
vt 0.540115 0.799497
vt 0.541578 0.799206
vt 0.541577 0.800140
vt 0.540115 0.800138
vt 0.541585 0.799917
vt 0.541580 0.800277
vt 0.540116 0.800279
vt 0.540116 0.800281
vt 0.541578 0.800280
vt 0.541577 0.800038
vt 0.540116 0.800038
vt 0.540115 0.800039
vt 0.541577 0.800039
vt 0.501367 0.799227
vt 0.502829 0.799497
vt 0.502840 0.799927
vt 0.540107 0.800243
vt 0.541588 0.800242
vt 0.541589 0.800028
vt 0.541589 0.799229
vt 0.540108 0.800260
vt 0.540103 0.800023
vt 0.541577 0.800069
vt 0.540115 0.800067
vt 0.540103 0.799525
vt 0.540115 0.799496
vt 0.540103 0.799525
vt 0.541589 0.800017
vt 0.540103 0.800018
vt 0.541578 0.799206
vt 0.540106 0.799926
vt 0.540114 0.800138
vt 0.541578 0.800139
vt 0.541588 0.799916
vt 0.540116 0.800281
vt 0.540111 0.800277
vt 0.541581 0.800278
vt 0.541578 0.800280
vt 0.541588 0.800242
vt 0.540104 0.800240
vt 0.502830 0.800138
vt 0.501367 0.800140
vt 0.501359 0.799917
vt 0.502829 0.800281
vt 0.502829 0.800279
vt 0.501364 0.800277
vt 0.501366 0.800280
vt 0.502829 0.800039
vt 0.502829 0.800038
vt 0.501367 0.800039
vt 0.501367 0.800036
vt 0.501356 0.800242
vt 0.502837 0.800243
vt 0.502841 0.800023
vt 0.502837 0.800260
vt 0.501368 0.800069
vt 0.502830 0.800067
vt 0.501355 0.800028
vt 0.502829 0.799496
vt 0.502841 0.799525
vt 0.501355 0.800017
vt 0.501355 0.799229
vt 0.501367 0.799206
vt 0.502841 0.800018
vt 0.501366 0.799206
vt 0.501367 0.800139
vt 0.502831 0.800138
vt 0.502838 0.799926
vt 0.501358 0.799916
vt 0.501364 0.800278
vt 0.502833 0.800277
vt 0.502829 0.800281
vt 0.501366 0.800280
vt 0.502840 0.800240
vt 0.501356 0.800242
vt 0.540105 0.818407
vt 0.540115 0.817977
vt 0.541578 0.817686
vt 0.541577 0.818620
vt 0.540115 0.818618
vt 0.541585 0.818397
vt 0.541580 0.818758
vt 0.540116 0.818759
vt 0.540116 0.818761
vt 0.541578 0.818760
vt 0.541577 0.818518
vt 0.540116 0.818518
vt 0.540115 0.818519
vt 0.541577 0.818519
vt 0.501367 0.817686
vt 0.502805 0.817968
vt 0.502840 0.818407
vt 0.540107 0.818724
vt 0.541588 0.818722
vt 0.541589 0.818508
vt 0.541589 0.817710
vt 0.540108 0.818740
vt 0.540103 0.818504
vt 0.541577 0.818549
vt 0.540115 0.818547
vt 0.540103 0.818005
vt 0.540115 0.817977
vt 0.540103 0.818005
vt 0.541589 0.818498
vt 0.540103 0.818499
vt 0.541578 0.817687
vt 0.540106 0.818406
vt 0.540114 0.818618
vt 0.541578 0.818620
vt 0.541588 0.818396
vt 0.540116 0.818761
vt 0.540111 0.818757
vt 0.541581 0.818758
vt 0.541578 0.818760
vt 0.541588 0.818722
vt 0.540104 0.818721
vt 0.502830 0.818618
vt 0.501367 0.818620
vt 0.501359 0.818397
vt 0.502829 0.818761
vt 0.502829 0.818759
vt 0.501364 0.818758
vt 0.501366 0.818760
vt 0.502829 0.818519
vt 0.502829 0.818518
vt 0.501367 0.818519
vt 0.501367 0.818517
vt 0.501356 0.818722
vt 0.502837 0.818724
vt 0.502841 0.818504
vt 0.502837 0.818740
vt 0.501368 0.818549
vt 0.502830 0.818547
vt 0.501355 0.818508
vt 0.502837 0.817985
vt 0.502831 0.817979
vt 0.502841 0.818005
vt 0.501355 0.818498
vt 0.501355 0.817710
vt 0.502841 0.818499
vt 0.501366 0.817687
vt 0.501367 0.818620
vt 0.502831 0.818618
vt 0.502838 0.818406
vt 0.501358 0.818396
vt 0.501364 0.818758
vt 0.502833 0.818758
vt 0.502829 0.818761
vt 0.501366 0.818760
vt 0.502840 0.818721
vt 0.501356 0.818722
s 1
f 2/1/1 3/2/2 4/3/3
f 4/3/3 1/4/4 2/1/1
f 6/5/5 7/6/6 8/7/6
f 8/7/6 5/8/7 6/5/5
f 9/9/8 10/10/9 7/6/6
f 7/6/6 6/5/5 9/9/8
f 12/11/10 13/6/6 14/6/6
f 14/6/6 11/11/11 12/11/10
f 14/6/6 15/7/6 8/7/6
f 8/7/6 7/6/6 14/6/6
f 10/10/9 11/11/11 14/6/6
f 14/6/6 7/6/6 10/10/9
f 8/7/6 16/12/6 17/13/12
f 17/13/12 5/8/7 8/7/6
f 19/14/13 20/15/14 21/16/15
f 21/16/15 18/17/16 19/14/13
f 4/3/3 3/2/2 20/15/14
f 20/15/14 19/14/13 4/3/3
f 23/7/6 24/6/6 25/5/17
f 25/5/17 22/8/18 23/7/6
f 24/6/6 26/10/19 27/18/20
f 27/18/20 25/5/17 24/6/6
f 28/7/6 15/7/6 14/6/6
f 14/6/6 13/6/6 28/7/6
f 23/7/6 28/7/6 13/6/6
f 13/6/6 24/6/6 23/7/6
f 26/10/19 24/6/6 13/6/6
f 13/6/6 12/11/10 26/10/19
f 30/12/6 28/7/6 23/7/6
f 23/7/6 29/12/6 30/12/6
f 32/19/21 33/20/22 34/21/23
f 34/21/23 31/22/24 32/19/21
f 16/12/6 35/23/6 36/24/25
f 36/24/25 17/13/12 16/12/6
f 35/23/6 37/25/26 38/26/27
f 38/26/27 36/24/25 35/23/6
f 40/23/6 41/23/6 42/27/28
f 42/27/28 39/27/28 40/23/6
f 16/12/6 43/12/6 40/23/6
f 40/23/6 35/23/6 16/12/6
f 37/25/26 35/23/6 40/23/6
f 40/23/6 39/27/28 37/25/26
f 28/7/6 30/12/6 43/12/6
f 43/12/6 15/7/6 28/7/6
f 15/7/6 43/12/6 16/12/6
f 16/12/6 8/7/6 15/7/6
f 45/28/29 46/28/30 47/29/31
f 47/29/31 44/29/32 45/28/29
f 33/20/22 32/19/21 49/30/33
f 49/30/33 48/31/34 33/20/22
f 51/24/35 52/23/6 29/12/6
f 29/12/6 50/13/36 51/24/35
f 53/26/37 54/25/38 52/23/6
f 52/23/6 51/24/35 53/26/37
f 40/23/6 43/12/6 30/12/6
f 30/12/6 41/23/6 40/23/6
f 41/23/6 30/12/6 29/12/6
f 29/12/6 52/23/6 41/23/6
f 54/25/38 42/27/28 41/23/6
f 41/23/6 52/23/6 54/25/38
f 29/12/6 23/7/6 22/8/18
f 22/8/18 50/13/36 29/12/6
f 55/30/39 56/31/40 47/29/31
f 47/29/31 46/28/30 55/30/39
f 57/19/41 58/20/42 56/31/40
f 56/31/40 55/30/39 57/19/41
f 2/1/1 1/4/4 60/32/43
f 60/32/43 59/33/44 2/1/1
f 62/34/45 63/35/45 64/36/46
f 64/36/46 61/37/47 62/34/45
f 63/35/45 65/38/48 66/39/49
f 66/39/49 64/36/46 63/35/45
f 68/35/45 69/35/45 70/40/50
f 70/40/50 67/40/51 68/35/45
f 62/34/45 71/34/45 68/35/45
f 68/35/45 63/35/45 62/34/45
f 65/38/48 63/35/45 68/35/45
f 68/35/45 67/40/51 65/38/48
f 73/41/45 62/34/45 61/37/47
f 61/37/47 72/42/52 73/41/45
f 74/16/53 75/17/54 18/17/16
f 18/17/16 21/16/15 74/16/53
f 76/43/55 77/44/56 59/33/44
f 59/33/44 60/32/43 76/43/55
f 79/32/57 80/4/58 81/1/59
f 81/1/59 78/33/60 79/32/57
f 80/4/58 82/3/61 83/2/62
f 83/2/62 81/1/59 80/4/58
f 85/36/63 86/35/45 87/34/45
f 87/34/45 84/37/64 85/36/63
f 88/45/65 89/38/66 86/35/45
f 86/35/45 85/36/63 88/45/65
f 68/35/45 71/34/45 90/34/45
f 90/34/45 69/35/45 68/35/45
f 69/35/45 90/34/45 87/34/45
f 87/34/45 86/35/45 69/35/45
f 89/38/66 70/40/50 69/35/45
f 69/35/45 86/35/45 89/38/66
f 90/34/45 91/41/45 92/41/45
f 92/41/45 87/34/45 90/34/45
f 93/15/67 94/14/68 75/17/54
f 75/17/54 74/16/53 93/15/67
f 83/2/62 82/3/61 94/14/68
f 94/14/68 93/15/67 83/2/62
f 95/44/69 96/43/70 79/32/57
f 79/32/57 78/33/60 95/44/69
f 76/43/55 31/22/24 34/21/23
f 34/21/23 77/44/56 76/43/55
f 97/46/71 98/47/45 73/41/45
f 73/41/45 72/42/52 97/46/71
f 99/48/72 100/49/73 98/47/45
f 98/47/45 97/46/71 99/48/72
f 102/50/74 103/47/45 104/47/45
f 104/47/45 101/50/75 102/50/74
f 104/47/45 105/41/45 73/41/45
f 73/41/45 98/47/45 104/47/45
f 100/49/73 101/50/75 104/47/45
f 104/47/45 98/47/45 100/49/73
f 105/41/45 71/34/45 62/34/45
f 62/34/45 73/41/45 105/41/45
f 48/31/34 49/30/33 45/28/29
f 45/28/29 44/29/32 48/31/34
f 106/21/76 107/22/77 96/43/70
f 96/43/70 95/44/69 106/21/76
f 58/20/42 57/19/41 107/22/77
f 107/22/77 106/21/76 58/20/42
f 92/41/45 109/47/45 110/46/78
f 110/46/78 108/42/79 92/41/45
f 109/47/45 111/49/80 112/48/81
f 112/48/81 110/46/78 109/47/45
f 91/41/45 105/41/45 104/47/45
f 104/47/45 103/47/45 91/41/45
f 92/41/45 91/41/45 103/47/45
f 103/47/45 109/47/45 92/41/45
f 111/49/80 109/47/45 103/47/45
f 103/47/45 102/50/74 111/49/80
f 71/34/45 105/41/45 91/41/45
f 91/41/45 90/34/45 71/34/45
f 87/34/45 92/41/45 108/42/79
f 108/42/79 84/37/64 87/34/45
f 2/1/1 113/51/82 114/52/83
f 114/52/83 3/2/2 2/1/1
f 113/51/82 115/53/84 116/54/85
f 116/54/85 114/52/83 113/51/82
f 4/3/3 117/55/86 118/56/87
f 118/56/87 1/4/4 4/3/3
f 118/56/87 117/55/86 119/57/88
f 119/57/88 120/58/89 118/56/87
f 6/5/5 5/8/7 121/59/90
f 121/59/90 122/60/91 6/5/5
f 122/60/91 121/59/90 123/61/92
f 123/61/92 120/58/89 122/60/91
f 9/9/8 6/5/5 122/60/91
f 122/60/91 124/62/93 9/9/8
f 124/62/93 122/60/91 120/58/89
f 120/58/89 119/57/88 124/62/93
f 9/9/8 124/62/93 125/63/94
f 125/63/94 10/10/9 9/9/8
f 124/62/93 119/57/88 126/64/95
f 126/64/95 125/63/94 124/62/93
f 11/11/11 127/65/96 128/65/97
f 128/65/97 12/11/10 11/11/11
f 127/65/96 129/66/98 130/66/99
f 130/66/99 128/65/97 127/65/96
f 10/10/9 125/63/94 127/65/96
f 127/65/96 11/11/11 10/10/9
f 125/63/94 126/64/95 129/66/98
f 129/66/98 127/65/96 125/63/94
f 17/13/12 131/67/100 121/59/90
f 121/59/90 5/8/7 17/13/12
f 131/67/100 132/68/101 123/61/92
f 123/61/92 121/59/90 131/67/100
f 18/17/16 133/69/102 134/70/103
f 134/70/103 19/14/13 18/17/16
f 133/69/102 129/66/98 126/64/95
f 126/64/95 134/70/103 133/69/102
f 20/15/14 135/71/104 136/72/105
f 136/72/105 21/16/15 20/15/14
f 136/72/105 135/71/104 137/73/106
f 137/73/106 138/74/107 136/72/105
f 19/14/13 134/70/103 117/55/86
f 117/55/86 4/3/3 19/14/13
f 134/70/103 126/64/95 119/57/88
f 119/57/88 117/55/86 134/70/103
f 3/2/2 114/52/83 135/71/104
f 135/71/104 20/15/14 3/2/2
f 114/52/83 116/54/85 137/73/106
f 137/73/106 135/71/104 114/52/83
f 25/5/17 139/60/108 140/59/109
f 140/59/109 22/8/18 25/5/17
f 139/60/108 141/58/110 142/61/111
f 142/61/111 140/59/109 139/60/108
f 27/18/20 26/10/19 143/75/112
f 143/75/112 144/62/113 27/18/20
f 144/62/113 143/75/112 145/64/114
f 145/64/114 146/57/115 144/62/113
f 27/18/20 144/62/113 139/60/108
f 139/60/108 25/5/17 27/18/20
f 144/62/113 146/57/115 141/58/110
f 141/58/110 139/60/108 144/62/113
f 26/10/19 12/11/10 128/65/97
f 128/65/97 143/75/112 26/10/19
f 143/75/112 128/65/97 130/66/99
f 130/66/99 145/64/114 143/75/112
f 31/22/24 147/76/116 148/77/117
f 148/77/117 32/19/21 31/22/24
f 147/76/116 149/78/118 150/79/119
f 150/79/119 148/77/117 147/76/116
f 33/20/22 151/80/120 152/81/121
f 152/81/121 34/21/23 33/20/22
f 152/81/121 151/80/120 153/82/122
f 153/82/122 154/83/123 152/81/121
f 36/24/25 155/84/124 131/67/100
f 131/67/100 17/13/12 36/24/25
f 155/84/124 149/78/118 132/68/101
f 132/68/101 131/67/100 155/84/124
f 38/26/27 37/25/26 156/85/125
f 156/85/125 157/86/126 38/26/27
f 157/86/126 156/85/125 158/87/127
f 158/87/127 150/79/119 157/86/126
f 38/26/27 157/86/126 155/84/124
f 155/84/124 36/24/25 38/26/27
f 157/86/126 150/79/119 149/78/118
f 149/78/118 155/84/124 157/86/126
f 42/27/28 159/88/128 160/88/129
f 160/88/129 39/27/28 42/27/28
f 159/88/128 161/89/130 162/89/131
f 162/89/131 160/88/129 159/88/128
f 37/25/26 39/27/28 160/88/129
f 160/88/129 156/85/125 37/25/26
f 156/85/125 160/88/129 162/89/131
f 162/89/131 158/87/127 156/85/125
f 45/28/29 163/90/132 164/90/133
f 164/90/133 46/28/30 45/28/29
f 163/90/132 162/89/131 161/89/130
f 161/89/130 164/90/133 163/90/132
f 47/29/31 165/91/134 166/91/135
f 166/91/135 44/29/32 47/29/31
f 165/91/134 167/92/136 168/92/137
f 168/92/137 166/91/135 165/91/134
f 48/31/34 169/93/138 151/80/120
f 151/80/120 33/20/22 48/31/34
f 169/93/138 170/94/139 153/82/122
f 153/82/122 151/80/120 169/93/138
f 32/19/21 148/77/117 171/95/140
f 171/95/140 49/30/33 32/19/21
f 148/77/117 150/79/119 158/87/127
f 158/87/127 171/95/140 148/77/117
f 51/24/35 50/13/36 172/67/141
f 172/67/141 173/84/142 51/24/35
f 173/84/142 172/67/141 174/68/143
f 174/68/143 175/78/144 173/84/142
f 53/26/37 51/24/35 173/84/142
f 173/84/142 176/86/145 53/26/37
f 176/86/145 173/84/142 175/78/144
f 175/78/144 177/79/146 176/86/145
f 53/26/37 176/86/145 178/96/147
f 178/96/147 54/25/38 53/26/37
f 176/86/145 177/79/146 179/87/148
f 179/87/148 178/96/147 176/86/145
f 54/25/38 178/96/147 159/88/128
f 159/88/128 42/27/28 54/25/38
f 178/96/147 179/87/148 161/89/130
f 161/89/130 159/88/128 178/96/147
f 22/8/18 140/59/109 172/67/141
f 172/67/141 50/13/36 22/8/18
f 140/59/109 142/61/111 174/68/143
f 174/68/143 172/67/141 140/59/109
f 46/28/30 164/90/133 180/95/149
f 180/95/149 55/30/39 46/28/30
f 164/90/133 161/89/130 179/87/148
f 179/87/148 180/95/149 164/90/133
f 56/31/40 181/93/150 165/91/134
f 165/91/134 47/29/31 56/31/40
f 165/91/134 181/93/150 182/94/151
f 182/94/151 167/92/136 165/91/134
f 55/30/39 180/95/149 183/77/152
f 183/77/152 57/19/41 55/30/39
f 180/95/149 179/87/148 177/79/146
f 177/79/146 183/77/152 180/95/149
f 58/20/42 184/80/153 181/93/150
f 181/93/150 56/31/40 58/20/42
f 184/80/153 185/82/154 182/94/151
f 182/94/151 181/93/150 184/80/153
f 59/33/44 186/97/155 113/51/82
f 113/51/82 2/1/1 59/33/44
f 186/97/155 187/98/156 115/53/84
f 115/53/84 113/51/82 186/97/155
f 1/4/4 118/56/87 188/99/157
f 188/99/157 60/32/43 1/4/4
f 188/99/157 118/56/87 120/58/89
f 120/58/89 123/61/92 188/99/157
f 64/36/46 189/100/158 190/101/159
f 190/101/159 61/37/47 64/36/46
f 189/100/158 115/53/84 187/98/156
f 187/98/156 190/101/159 189/100/158
f 66/39/49 65/38/48 191/102/160
f 191/102/160 192/103/161 66/39/49
f 192/103/161 191/102/160 137/73/106
f 137/73/106 116/54/85 192/103/161
f 66/39/49 192/103/161 189/100/158
f 189/100/158 64/36/46 66/39/49
f 192/103/161 116/54/85 115/53/84
f 115/53/84 189/100/158 192/103/161
f 70/40/50 193/104/162 194/104/163
f 194/104/163 67/40/51 70/40/50
f 193/104/162 195/74/164 138/74/107
f 138/74/107 194/104/163 193/104/162
f 65/38/48 67/40/51 194/104/163
f 194/104/163 191/102/160 65/38/48
f 191/102/160 194/104/163 138/74/107
f 138/74/107 137/73/106 191/102/160
f 61/37/47 190/101/159 196/105/165
f 196/105/165 72/42/52 61/37/47
f 190/101/159 187/98/156 197/106/166
f 197/106/166 196/105/165 190/101/159
f 21/16/15 136/72/105 198/72/167
f 198/72/167 74/16/53 21/16/15
f 136/72/105 138/74/107 195/74/164
f 195/74/164 198/72/167 136/72/105
f 75/17/54 199/69/168 133/69/102
f 133/69/102 18/17/16 75/17/54
f 199/69/168 130/66/99 129/66/98
f 129/66/98 133/69/102 199/69/168
f 60/32/43 188/99/157 200/107/169
f 200/107/169 76/43/55 60/32/43
f 188/99/157 123/61/92 132/68/101
f 132/68/101 200/107/169 188/99/157
f 77/44/56 201/108/170 186/97/155
f 186/97/155 59/33/44 77/44/56
f 201/108/170 197/106/166 187/98/156
f 187/98/156 186/97/155 201/108/170
f 79/32/57 202/99/171 203/109/172
f 203/109/172 80/4/58 79/32/57
f 202/99/171 142/61/111 141/58/110
f 141/58/110 203/109/172 202/99/171
f 81/1/59 204/110/173 205/97/174
f 205/97/174 78/33/60 81/1/59
f 205/97/174 204/110/173 206/53/175
f 206/53/175 207/98/176 205/97/174
f 80/4/58 203/109/172 208/55/177
f 208/55/177 82/3/61 80/4/58
f 203/109/172 141/58/110 146/57/115
f 146/57/115 208/55/177 203/109/172
f 83/2/62 209/52/178 204/110/173
f 204/110/173 81/1/59 83/2/62
f 204/110/173 209/52/178 210/54/179
f 210/54/179 206/53/175 204/110/173
f 85/36/63 84/37/64 211/101/180
f 211/101/180 212/100/181 85/36/63
f 212/100/181 211/101/180 207/98/176
f 207/98/176 206/53/175 212/100/181
f 88/45/65 85/36/63 212/100/181
f 212/100/181 213/103/182 88/45/65
f 213/103/182 212/100/181 206/53/175
f 206/53/175 210/54/179 213/103/182
f 88/45/65 213/103/182 214/111/183
f 214/111/183 89/38/66 88/45/65
f 213/103/182 210/54/179 215/73/184
f 215/73/184 214/111/183 213/103/182
f 89/38/66 214/111/183 193/104/162
f 193/104/162 70/40/50 89/38/66
f 214/111/183 215/73/184 195/74/164
f 195/74/164 193/104/162 214/111/183
f 74/16/53 198/72/167 216/112/185
f 216/112/185 93/15/67 74/16/53
f 198/72/167 195/74/164 215/73/184
f 215/73/184 216/112/185 198/72/167
f 94/14/68 217/113/186 199/69/168
f 199/69/168 75/17/54 94/14/68
f 199/69/168 217/113/186 145/64/114
f 145/64/114 130/66/99 199/69/168
f 93/15/67 216/112/185 209/52/178
f 209/52/178 83/2/62 93/15/67
f 216/112/185 215/73/184 210/54/179
f 210/54/179 209/52/178 216/112/185
f 82/3/61 208/55/177 217/113/186
f 217/113/186 94/14/68 82/3/61
f 208/55/177 146/57/115 145/64/114
f 145/64/114 217/113/186 208/55/177
f 78/33/60 205/97/174 218/108/187
f 218/108/187 95/44/69 78/33/60
f 205/97/174 207/98/176 219/106/188
f 219/106/188 218/108/187 205/97/174
f 96/43/70 220/107/189 202/99/171
f 202/99/171 79/32/57 96/43/70
f 220/107/189 174/68/143 142/61/111
f 142/61/111 202/99/171 220/107/189
f 76/43/55 200/107/169 147/76/116
f 147/76/116 31/22/24 76/43/55
f 200/107/169 132/68/101 149/78/118
f 149/78/118 147/76/116 200/107/169
f 34/21/23 152/81/121 201/108/170
f 201/108/170 77/44/56 34/21/23
f 201/108/170 152/81/121 154/83/123
f 154/83/123 197/106/166 201/108/170
f 97/46/71 72/42/52 196/105/165
f 196/105/165 221/114/190 97/46/71
f 221/114/190 196/105/165 197/106/166
f 197/106/166 154/83/123 221/114/190
f 99/48/72 97/46/71 221/114/190
f 221/114/190 222/115/191 99/48/72
f 222/115/191 221/114/190 154/83/123
f 154/83/123 153/82/122 222/115/191
f 99/48/72 222/115/191 223/116/192
f 223/116/192 100/49/73 99/48/72
f 222/115/191 153/82/122 170/94/139
f 170/94/139 223/116/192 222/115/191
f 101/50/75 224/117/193 225/117/194
f 225/117/194 102/50/74 101/50/75
f 224/117/193 168/92/137 167/92/136
f 167/92/136 225/117/194 224/117/193
f 100/49/73 223/116/192 224/117/193
f 224/117/193 101/50/75 100/49/73
f 223/116/192 170/94/139 168/92/137
f 168/92/137 224/117/193 223/116/192
f 44/29/32 166/91/135 169/93/138
f 169/93/138 48/31/34 44/29/32
f 166/91/135 168/92/137 170/94/139
f 170/94/139 169/93/138 166/91/135
f 49/30/33 171/95/140 163/90/132
f 163/90/132 45/28/29 49/30/33
f 163/90/132 171/95/140 158/87/127
f 158/87/127 162/89/131 163/90/132
f 95/44/69 218/108/187 226/81/195
f 226/81/195 106/21/76 95/44/69
f 218/108/187 219/106/188 227/83/196
f 227/83/196 226/81/195 218/108/187
f 107/22/77 228/76/197 220/107/189
f 220/107/189 96/43/70 107/22/77
f 220/107/189 228/76/197 175/78/144
f 175/78/144 174/68/143 220/107/189
f 106/21/76 226/81/195 184/80/153
f 184/80/153 58/20/42 106/21/76
f 226/81/195 227/83/196 185/82/154
f 185/82/154 184/80/153 226/81/195
f 57/19/41 183/77/152 228/76/197
f 228/76/197 107/22/77 57/19/41
f 228/76/197 183/77/152 177/79/146
f 177/79/146 175/78/144 228/76/197
f 110/46/78 229/114/198 230/105/199
f 230/105/199 108/42/79 110/46/78
f 229/114/198 227/83/196 219/106/188
f 219/106/188 230/105/199 229/114/198
f 112/48/81 111/49/80 231/118/200
f 231/118/200 232/115/201 112/48/81
f 232/115/201 231/118/200 182/94/151
f 182/94/151 185/82/154 232/115/201
f 112/48/81 232/115/201 229/114/198
f 229/114/198 110/46/78 112/48/81
f 232/115/201 185/82/154 227/83/196
f 227/83/196 229/114/198 232/115/201
f 111/49/80 102/50/74 225/117/194
f 225/117/194 231/118/200 111/49/80
f 231/118/200 225/117/194 167/92/136
f 167/92/136 182/94/151 231/118/200
f 108/42/79 230/105/199 211/101/180
f 211/101/180 84/37/64 108/42/79
f 230/105/199 219/106/188 207/98/176
f 207/98/176 211/101/180 230/105/199
f 233/119/202 234/120/203 235/121/204
f 235/121/204 236/122/205 233/119/202
f 237/123/45 238/124/45 239/125/206
f 239/125/206 240/126/207 237/123/45
f 238/124/45 241/127/208 242/128/209
f 242/128/209 239/125/206 238/124/45
f 243/124/45 244/124/45 245/129/210
f 245/129/210 246/129/211 243/124/45
f 237/123/45 247/123/45 243/124/45
f 243/124/45 238/124/45 237/123/45
f 241/127/208 238/124/45 243/124/45
f 243/124/45 246/129/211 241/127/208
f 248/130/212 249/131/45 237/123/45
f 237/123/45 240/126/207 248/130/212
f 250/132/213 251/133/214 252/134/215
f 252/134/215 253/135/216 250/132/213
f 251/133/214 234/120/203 233/119/202
f 233/119/202 252/134/215 251/133/214
f 254/125/217 255/124/45 256/123/45
f 256/123/45 257/136/218 254/125/217
f 258/128/219 259/137/220 255/124/45
f 255/124/45 254/125/217 258/128/219
f 243/124/45 247/123/45 260/123/45
f 260/123/45 244/124/45 243/124/45
f 244/124/45 260/123/45 256/123/45
f 256/123/45 255/124/45 244/124/45
f 259/137/220 245/129/210 244/124/45
f 244/124/45 255/124/45 259/137/220
f 256/123/45 260/123/45 261/131/45
f 261/131/45 262/131/45 256/123/45
f 263/138/221 264/139/222 265/140/223
f 265/140/223 266/141/224 263/138/221
f 267/142/225 268/143/45 249/131/45
f 249/131/45 248/130/212 267/142/225
f 269/144/226 270/145/227 268/143/45
f 268/143/45 267/142/225 269/144/226
f 271/146/228 272/143/45 273/143/45
f 273/143/45 274/146/229 271/146/228
f 273/143/45 275/131/45 249/131/45
f 249/131/45 268/143/45 273/143/45
f 270/145/227 274/146/229 273/143/45
f 273/143/45 268/143/45 270/145/227
f 275/131/45 261/131/45 260/123/45
f 260/123/45 247/123/45 275/131/45
f 249/131/45 275/131/45 247/123/45
f 247/123/45 237/123/45 249/131/45
f 276/147/230 277/148/231 278/148/32
f 278/148/32 279/149/232 276/147/230
f 280/150/233 265/140/223 264/139/222
f 264/139/222 281/151/234 280/150/233
f 262/131/45 282/143/45 283/142/235
f 283/142/235 284/152/236 262/131/45
f 282/143/45 285/153/237 286/154/238
f 286/154/238 283/142/235 282/143/45
f 261/131/45 275/131/45 273/143/45
f 273/143/45 272/143/45 261/131/45
f 262/131/45 261/131/45 272/143/45
f 272/143/45 282/143/45 262/131/45
f 285/153/237 282/143/45 272/143/45
f 272/143/45 271/146/228 285/153/237
f 257/136/218 256/123/45 262/131/45
f 262/131/45 284/152/236 257/136/218
f 276/147/230 287/155/239 288/156/240
f 288/156/240 277/148/231 276/147/230
f 287/155/239 289/157/241 290/158/242
f 290/158/242 288/156/240 287/155/239
f 291/159/243 236/122/205 235/121/204
f 235/121/204 292/160/244 291/159/243
f 293/161/245 294/162/6 295/163/6
f 295/163/6 296/164/246 293/161/245
f 297/165/247 298/166/248 294/162/6
f 294/162/6 293/161/245 297/165/247
f 299/167/249 300/162/6 301/162/6
f 301/162/6 302/167/249 299/167/249
f 301/162/6 303/163/6 295/163/6
f 295/163/6 294/162/6 301/162/6
f 298/166/248 302/167/249 301/162/6
f 301/162/6 294/162/6 298/166/248
f 296/164/246 295/163/6 304/168/6
f 304/168/6 305/169/250 296/164/246
f 253/135/216 306/170/251 307/171/252
f 307/171/252 250/132/213 253/135/216
f 292/160/244 308/172/253 309/173/254
f 309/173/254 291/159/243 292/160/244
f 310/174/255 311/122/256 312/159/257
f 312/159/257 313/175/258 310/174/255
f 314/176/259 315/177/260 311/122/256
f 311/122/256 310/174/255 314/176/259
f 316/163/6 317/162/6 318/161/261
f 318/161/261 319/178/262 316/163/6
f 317/162/6 320/179/263 321/165/264
f 321/165/264 318/161/261 317/162/6
f 322/163/6 303/163/6 301/162/6
f 301/162/6 300/162/6 322/163/6
f 316/163/6 322/163/6 300/162/6
f 300/162/6 317/162/6 316/163/6
f 320/179/263 317/162/6 300/162/6
f 300/162/6 299/167/249 320/179/263
f 323/168/6 324/168/6 322/163/6
f 322/163/6 316/163/6 323/168/6
f 306/170/251 325/134/265 326/180/266
f 326/180/266 307/171/252 306/170/251
f 325/134/265 315/177/260 314/176/259
f 314/176/259 326/180/266 325/134/265
f 312/159/257 327/173/267 328/181/268
f 328/181/268 313/175/258 312/159/257
f 263/138/221 266/141/224 309/173/254
f 309/173/254 308/172/253 263/138/221
f 304/168/6 329/182/6 330/183/269
f 330/183/269 305/169/250 304/168/6
f 329/182/6 331/184/270 332/185/271
f 332/185/271 330/183/269 329/182/6
f 333/182/6 334/182/6 335/186/272
f 335/186/272 336/186/273 333/182/6
f 304/168/6 337/168/6 333/182/6
f 333/182/6 329/182/6 304/168/6
f 331/184/270 329/182/6 333/182/6
f 333/182/6 336/186/273 331/184/270
f 295/163/6 303/163/6 337/168/6
f 337/168/6 304/168/6 295/163/6
f 278/148/32 280/150/233 281/151/234
f 281/151/234 279/149/232 278/148/32
f 327/173/267 338/141/274 339/187/275
f 339/187/275 328/181/268 327/173/267
f 338/141/274 290/158/242 289/157/241
f 289/157/241 339/187/275 338/141/274
f 340/183/276 341/182/6 323/168/6
f 323/168/6 342/188/277 340/183/276
f 343/189/278 344/190/279 341/182/6
f 341/182/6 340/183/276 343/189/278
f 333/182/6 337/168/6 324/168/6
f 324/168/6 334/182/6 333/182/6
f 334/182/6 324/168/6 323/168/6
f 323/168/6 341/182/6 334/182/6
f 344/190/279 335/186/272 334/182/6
f 334/182/6 341/182/6 344/190/279
f 324/168/6 337/168/6 303/163/6
f 303/163/6 322/163/6 324/168/6
f 342/188/277 323/168/6 316/163/6
f 316/163/6 319/178/262 342/188/277
f 345/191/280 346/192/281 235/121/204
f 235/121/204 234/120/203 345/191/280
f 347/193/282 348/194/283 346/192/281
f 346/192/281 345/191/280 347/193/282
f 349/195/284 350/196/285 233/119/202
f 233/119/202 236/122/205 349/195/284
f 349/195/284 351/197/286 352/198/287
f 352/198/287 350/196/285 349/195/284
f 239/125/206 353/199/288 354/200/289
f 354/200/289 240/126/207 239/125/206
f 353/199/288 351/197/286 355/201/290
f 355/201/290 354/200/289 353/199/288
f 242/128/209 356/202/291 353/199/288
f 353/199/288 239/125/206 242/128/209
f 356/202/291 352/198/287 351/197/286
f 351/197/286 353/199/288 356/202/291
f 357/203/292 356/202/291 242/128/209
f 242/128/209 241/127/208 357/203/292
f 358/204/293 352/198/287 356/202/291
f 356/202/291 357/203/292 358/204/293
f 359/205/294 360/205/295 246/129/211
f 246/129/211 245/129/210 359/205/294
f 361/206/296 362/206/297 360/205/295
f 360/205/295 359/205/294 361/206/296
f 360/205/295 357/203/292 241/127/208
f 241/127/208 246/129/211 360/205/295
f 362/206/297 358/204/293 357/203/292
f 357/203/292 360/205/295 362/206/297
f 354/200/289 363/207/298 248/130/212
f 248/130/212 240/126/207 354/200/289
f 355/201/290 364/208/299 363/207/298
f 363/207/298 354/200/289 355/201/290
f 365/209/300 366/210/301 253/135/216
f 253/135/216 252/134/215 365/209/300
f 358/204/293 362/206/297 366/210/301
f 366/210/301 365/209/300 358/204/293
f 367/211/302 368/212/303 251/133/214
f 251/133/214 250/132/213 367/211/302
f 367/211/302 369/213/304 370/214/305
f 370/214/305 368/212/303 367/211/302
f 350/196/285 365/209/300 252/134/215
f 252/134/215 233/119/202 350/196/285
f 352/198/287 358/204/293 365/209/300
f 365/209/300 350/196/285 352/198/287
f 368/212/303 345/191/280 234/120/203
f 234/120/203 251/133/214 368/212/303
f 370/214/305 347/193/282 345/191/280
f 345/191/280 368/212/303 370/214/305
f 371/215/306 372/216/307 254/125/217
f 254/125/217 257/136/218 371/215/306
f 373/217/308 374/197/309 372/216/307
f 372/216/307 371/215/306 373/217/308
f 258/128/219 375/218/310 376/219/311
f 376/219/311 259/137/220 258/128/219
f 375/218/310 377/220/312 378/204/313
f 378/204/313 376/219/311 375/218/310
f 372/216/307 375/218/310 258/128/219
f 258/128/219 254/125/217 372/216/307
f 374/197/309 377/220/312 375/218/310
f 375/218/310 372/216/307 374/197/309
f 259/137/220 376/219/311 359/205/294
f 359/205/294 245/129/210 259/137/220
f 376/219/311 378/204/313 361/206/296
f 361/206/296 359/205/294 376/219/311
f 379/221/314 380/222/315 266/141/224
f 266/141/224 265/140/223 379/221/314
f 381/223/316 382/224/317 380/222/315
f 380/222/315 379/221/314 381/223/316
f 383/225/318 384/226/319 264/139/222
f 264/139/222 263/138/221 383/225/318
f 383/225/318 385/227/320 386/228/321
f 386/228/321 384/226/319 383/225/318
f 363/207/298 387/229/322 267/142/225
f 267/142/225 248/130/212 363/207/298
f 364/208/299 382/224/317 387/229/322
f 387/229/322 363/207/298 364/208/299
f 269/144/226 388/230/323 389/231/324
f 389/231/324 270/145/227 269/144/226
f 388/230/323 381/223/316 390/232/325
f 390/232/325 389/231/324 388/230/323
f 387/229/322 388/230/323 269/144/226
f 269/144/226 267/142/225 387/229/322
f 382/224/317 381/223/316 388/230/323
f 388/230/323 387/229/322 382/224/317
f 391/233/326 392/234/327 271/146/228
f 271/146/228 274/146/229 391/233/326
f 393/235/328 394/236/329 392/234/327
f 392/234/327 391/233/326 393/235/328
f 270/145/227 389/231/324 391/233/326
f 391/233/326 274/146/229 270/145/227
f 389/231/324 390/232/325 393/235/328
f 393/235/328 391/233/326 389/231/324
f 395/237/330 396/238/331 278/148/32
f 278/148/32 277/148/231 395/237/330
f 394/236/329 393/235/328 396/238/331
f 396/238/331 395/237/330 394/236/329
f 397/239/332 398/240/333 276/147/230
f 276/147/230 279/149/232 397/239/332
f 399/241/334 400/242/335 398/240/333
f 398/240/333 397/239/332 399/241/334
f 384/226/319 401/243/336 281/151/234
f 281/151/234 264/139/222 384/226/319
f 386/228/321 402/244/337 401/243/336
f 401/243/336 384/226/319 386/228/321
f 403/245/338 379/221/314 265/140/223
f 265/140/223 280/150/233 403/245/338
f 390/232/325 381/223/316 379/221/314
f 379/221/314 403/245/338 390/232/325
f 283/142/235 404/229/339 405/246/340
f 405/246/340 284/152/236 283/142/235
f 404/229/339 406/247/341 407/208/342
f 407/208/342 405/246/340 404/229/339
f 286/154/238 408/230/343 404/229/339
f 404/229/339 283/142/235 286/154/238
f 408/230/343 409/223/344 406/247/341
f 406/247/341 404/229/339 408/230/343
f 410/248/345 408/230/343 286/154/238
f 286/154/238 285/153/237 410/248/345
f 411/232/346 409/223/344 408/230/343
f 408/230/343 410/248/345 411/232/346
f 392/234/327 410/248/345 285/153/237
f 285/153/237 271/146/228 392/234/327
f 394/236/329 411/232/346 410/248/345
f 410/248/345 392/234/327 394/236/329
f 405/246/340 371/215/306 257/136/218
f 257/136/218 284/152/236 405/246/340
f 407/208/342 373/217/308 371/215/306
f 371/215/306 405/246/340 407/208/342
f 412/249/347 395/237/330 277/148/231
f 277/148/231 288/156/240 412/249/347
f 411/232/346 394/236/329 395/237/330
f 395/237/330 412/249/347 411/232/346
f 398/240/333 413/250/348 287/155/239
f 287/155/239 276/147/230 398/240/333
f 398/240/333 400/242/335 414/244/349
f 414/244/349 413/250/348 398/240/333
f 415/221/350 412/249/347 288/156/240
f 288/156/240 290/158/242 415/221/350
f 409/223/344 411/232/346 412/249/347
f 412/249/347 415/221/350 409/223/344
f 413/250/348 416/226/351 289/157/241
f 289/157/241 287/155/239 413/250/348
f 414/244/349 417/228/352 416/226/351
f 416/226/351 413/250/348 414/244/349
f 346/192/281 418/251/353 292/160/244
f 292/160/244 235/121/204 346/192/281
f 348/194/283 419/252/354 418/251/353
f 418/251/353 346/192/281 348/194/283
f 420/253/355 349/195/284 236/122/205
f 236/122/205 291/159/243 420/253/355
f 420/253/355 355/201/290 351/197/286
f 351/197/286 349/195/284 420/253/355
f 421/254/356 422/255/357 293/161/245
f 293/161/245 296/164/246 421/254/356
f 419/252/354 348/194/283 422/255/357
f 422/255/357 421/254/356 419/252/354
f 297/165/247 423/256/358 424/257/359
f 424/257/359 298/166/248 297/165/247
f 423/256/358 347/193/282 370/214/305
f 370/214/305 424/257/359 423/256/358
f 422/255/357 423/256/358 297/165/247
f 297/165/247 293/161/245 422/255/357
f 348/194/283 347/193/282 423/256/358
f 423/256/358 422/255/357 348/194/283
f 425/258/360 426/258/361 299/167/249
f 299/167/249 302/167/249 425/258/360
f 369/213/304 427/213/362 426/258/361
f 426/258/361 425/258/360 369/213/304
f 298/166/248 424/257/359 425/258/360
f 425/258/360 302/167/249 298/166/248
f 424/257/359 370/214/305 369/213/304
f 369/213/304 425/258/360 424/257/359
f 428/259/363 421/254/356 296/164/246
f 296/164/246 305/169/250 428/259/363
f 429/260/364 419/252/354 421/254/356
f 421/254/356 428/259/363 429/260/364
f 430/261/365 367/211/302 250/132/213
f 250/132/213 307/171/252 430/261/365
f 427/213/362 369/213/304 367/211/302
f 367/211/302 430/261/365 427/213/362
f 366/210/301 431/262/366 306/170/251
f 306/170/251 253/135/216 366/210/301
f 362/206/297 361/206/296 431/262/366
f 431/262/366 366/210/301 362/206/297
f 432/263/367 420/253/355 291/159/243
f 291/159/243 309/173/254 432/263/367
f 364/208/299 355/201/290 420/253/355
f 420/253/355 432/263/367 364/208/299
f 418/251/353 433/264/368 308/172/253
f 308/172/253 292/160/244 418/251/353
f 419/252/354 429/260/364 433/264/368
f 433/264/368 418/251/353 419/252/354
f 434/265/369 435/253/370 312/159/257
f 312/159/257 311/122/256 434/265/369
f 374/197/309 373/217/308 435/253/370
f 435/253/370 434/265/369 374/197/309
f 436/251/371 437/266/372 310/174/255
f 310/174/255 313/175/258 436/251/371
f 436/251/371 438/267/373 439/194/374
f 439/194/374 437/266/372 436/251/371
f 440/196/375 434/265/369 311/122/256
f 311/122/256 315/177/260 440/196/375
f 377/220/312 374/197/309 434/265/369
f 434/265/369 440/196/375 377/220/312
f 437/266/372 441/191/376 314/176/259
f 314/176/259 310/174/255 437/266/372
f 437/266/372 439/194/374 442/268/377
f 442/268/377 441/191/376 437/266/372
f 318/161/261 443/269/378 444/270/379
f 444/270/379 319/178/262 318/161/261
f 443/269/378 439/194/374 438/267/373
f 438/267/373 444/270/379 443/269/378
f 321/165/264 445/271/380 443/269/378
f 443/269/378 318/161/261 321/165/264
f 445/271/380 442/268/377 439/194/374
f 439/194/374 443/269/378 445/271/380
f 446/272/381 445/271/380 321/165/264
f 321/165/264 320/179/263 446/272/381
f 447/214/382 442/268/377 445/271/380
f 445/271/380 446/272/381 447/214/382
f 426/258/361 446/272/381 320/179/263
f 320/179/263 299/167/249 426/258/361
f 427/213/362 447/214/382 446/272/381
f 446/272/381 426/258/361 427/213/362
f 448/273/383 430/261/365 307/171/252
f 307/171/252 326/180/266 448/273/383
f 447/214/382 427/213/362 430/261/365
f 430/261/365 448/273/383 447/214/382
f 431/262/366 449/274/384 325/134/265
f 325/134/265 306/170/251 431/262/366
f 431/262/366 361/206/296 378/204/313
f 378/204/313 449/274/384 431/262/366
f 441/191/376 448/273/383 326/180/266
f 326/180/266 314/176/259 441/191/376
f 442/268/377 447/214/382 448/273/383
f 448/273/383 441/191/376 442/268/377
f 449/274/384 440/196/375 315/177/260
f 315/177/260 325/134/265 449/274/384
f 378/204/313 377/220/312 440/196/375
f 440/196/375 449/274/384 378/204/313
f 450/275/385 436/251/371 313/175/258
f 313/175/258 328/181/268 450/275/385
f 451/260/386 438/267/373 436/251/371
f 436/251/371 450/275/385 451/260/386
f 435/253/370 452/276/387 327/173/267
f 327/173/267 312/159/257 435/253/370
f 373/217/308 407/208/342 452/276/387
f 452/276/387 435/253/370 373/217/308
f 380/222/315 432/263/367 309/173/254
f 309/173/254 266/141/224 380/222/315
f 382/224/317 364/208/299 432/263/367
f 432/263/367 380/222/315 382/224/317
f 433/264/368 383/225/318 263/138/221
f 263/138/221 308/172/253 433/264/368
f 433/264/368 429/260/364 385/227/320
f 385/227/320 383/225/318 433/264/368
f 330/183/269 453/277/388 428/259/363
f 428/259/363 305/169/250 330/183/269
f 453/277/388 385/227/320 429/260/364
f 429/260/364 428/259/363 453/277/388
f 332/185/271 454/278/389 453/277/388
f 453/277/388 330/183/269 332/185/271
f 454/278/389 386/228/321 385/227/320
f 385/227/320 453/277/388 454/278/389
f 455/279/390 454/278/389 332/185/271
f 332/185/271 331/184/270 455/279/390
f 402/244/337 386/228/321 454/278/389
f 454/278/389 455/279/390 402/244/337
f 456/280/391 457/281/392 336/186/273
f 336/186/273 335/186/272 456/280/391
f 400/242/335 399/241/334 457/281/392
f 457/281/392 456/280/391 400/242/335
f 457/281/392 455/279/390 331/184/270
f 331/184/270 336/186/273 457/281/392
f 399/241/334 402/244/337 455/279/390
f 455/279/390 457/281/392 399/241/334
f 401/243/336 397/239/332 279/149/232
f 279/149/232 281/151/234 401/243/336
f 402/244/337 399/241/334 397/239/332
f 397/239/332 401/243/336 402/244/337
f 396/238/331 403/245/338 280/150/233
f 280/150/233 278/148/32 396/238/331
f 396/238/331 393/235/328 390/232/325
f 390/232/325 403/245/338 396/238/331
f 458/225/393 450/275/385 328/181/268
f 328/181/268 339/187/275 458/225/393
f 459/282/394 451/260/386 450/275/385
f 450/275/385 458/225/393 459/282/394
f 452/276/387 460/222/395 338/141/274
f 338/141/274 327/173/267 452/276/387
f 452/276/387 407/208/342 406/247/341
f 406/247/341 460/222/395 452/276/387
f 416/226/351 458/225/393 339/187/275
f 339/187/275 289/157/241 416/226/351
f 417/228/352 459/282/394 458/225/393
f 458/225/393 416/226/351 417/228/352
f 460/222/395 415/221/350 290/158/242
f 290/158/242 338/141/274 460/222/395
f 460/222/395 406/247/341 409/223/344
f 409/223/344 415/221/350 460/222/395
f 461/283/396 462/277/397 340/183/276
f 340/183/276 342/188/277 461/283/396
f 451/260/386 459/282/394 462/277/397
f 462/277/397 461/283/396 451/260/386
f 343/189/278 463/278/398 464/284/399
f 464/284/399 344/190/279 343/189/278
f 463/278/398 417/228/352 414/244/349
f 414/244/349 464/284/399 463/278/398
f 462/277/397 463/278/398 343/189/278
f 343/189/278 340/183/276 462/277/397
f 459/282/394 417/228/352 463/278/398
f 463/278/398 462/277/397 459/282/394
f 344/190/279 464/284/399 456/280/391
f 456/280/391 335/186/272 344/190/279
f 464/284/399 414/244/349 400/242/335
f 400/242/335 456/280/391 464/284/399
f 444/270/379 461/283/396 342/188/277
f 342/188/277 319/178/262 444/270/379
f 438/267/373 451/260/386 461/283/396
f 461/283/396 444/270/379 438/267/373
f 490/285/400 466/286/401 465/287/402
f 465/287/402 489/288/402 490/285/400
f 491/289/403 467/290/404 466/286/401
f 466/286/401 490/285/400 491/289/403
f 492/291/405 468/292/406 467/290/404
f 467/290/404 491/289/403 492/291/405
f 493/293/407 469/294/408 468/292/406
f 468/292/406 492/291/405 493/293/407
f 494/295/409 470/296/410 469/294/408
f 469/294/408 493/293/407 494/295/409
f 495/297/411 471/298/412 470/296/410
f 470/296/410 494/295/409 495/297/411
f 496/299/413 472/300/414 471/298/412
f 471/298/412 495/297/411 496/299/413
f 497/301/415 473/302/416 472/300/414
f 472/300/414 496/299/413 497/301/415
f 498/303/417 474/304/418 473/302/416
f 473/302/416 497/301/415 498/303/417
f 499/305/419 475/306/420 474/304/418
f 474/304/418 498/303/417 499/305/419
f 500/307/421 476/308/422 475/306/420
f 475/306/420 499/305/419 500/307/421
f 501/309/423 477/310/424 476/308/422
f 476/308/422 500/307/421 501/309/423
f 502/311/425 478/312/426 477/310/424
f 477/310/424 501/309/423 502/311/425
f 503/313/427 479/314/428 478/312/426
f 478/312/426 502/311/425 503/313/427
f 504/315/429 480/316/430 479/314/428
f 479/314/428 503/313/427 504/315/429
f 505/317/431 481/318/432 480/316/430
f 480/316/430 504/315/429 505/317/431
f 506/319/433 482/320/434 481/318/432
f 481/318/432 505/317/431 506/319/433
f 507/321/435 483/322/436 482/320/434
f 482/320/434 506/319/433 507/321/435
f 508/323/437 484/324/438 483/322/436
f 483/322/436 507/321/435 508/323/437
f 509/325/439 485/326/440 484/324/438
f 484/324/438 508/323/437 509/325/439
f 510/327/441 486/287/441 485/326/440
f 485/326/440 509/325/439 510/327/441
f 511/328/442 487/329/442 486/287/443
f 486/287/443 510/327/443 511/328/442
f 512/330/444 488/331/444 487/329/444
f 487/329/444 511/328/444 512/330/444
f 489/288/445 465/287/445 488/331/445
f 488/331/445 512/330/446 489/288/445
f 487/329/6 488/331/447 465/287/447
f 487/329/6 465/287/447 466/286/6
f 487/329/6 466/286/6 467/290/6
f 487/329/6 467/290/6 468/292/6
f 487/329/6 468/292/6 469/294/6
f 487/329/6 469/294/6 470/296/6
f 486/287/6 487/329/6 470/296/6
f 485/326/6 486/287/6 470/296/6
f 484/324/6 485/326/6 470/296/6
f 483/322/6 484/324/6 470/296/6
f 482/320/6 483/322/6 470/296/6
f 481/318/6 482/320/6 470/296/6
f 481/318/6 470/296/6 471/298/6
f 480/316/6 481/318/6 471/298/6
f 480/316/6 471/298/6 472/300/6
f 479/314/6 480/316/6 472/300/6
f 478/312/6 479/314/6 472/300/6
f 478/312/6 472/300/6 473/302/6
f 478/312/6 473/302/6 474/304/6
f 477/310/6 478/312/6 474/304/6
f 476/308/6 477/310/6 474/304/6
f 476/308/6 474/304/6 475/306/6
f 489/288/45 512/330/45 511/328/45
f 490/285/45 489/288/45 511/328/45
f 491/289/45 490/285/45 511/328/45
f 492/291/45 491/289/45 511/328/45
f 493/293/45 492/291/45 511/328/45
f 494/295/45 493/293/45 511/328/45
f 494/295/45 511/328/45 510/327/45
f 494/295/45 510/327/45 509/325/45
f 494/295/45 509/325/45 508/323/448
f 494/295/45 508/323/448 507/321/449
f 494/295/45 507/321/449 506/319/45
f 494/295/45 506/319/45 505/317/450
f 495/297/451 494/295/45 505/317/450
f 495/297/451 505/317/450 504/315/452
f 496/299/45 495/297/451 504/315/452
f 496/299/45 504/315/452 503/313/45
f 496/299/45 503/313/45 502/311/45
f 497/301/45 496/299/45 502/311/45
f 498/303/453 497/301/45 502/311/45
f 498/303/453 502/311/45 501/309/454
f 498/303/453 501/309/454 500/307/455
f 498/303/453 500/307/455 499/305/456
f 515/332/45 514/333/45 513/334/45
f 513/334/45 552/335/45 551/336/45
f 551/336/45 550/337/457 549/338/45
f 513/334/45 551/336/45 549/338/45
f 549/338/45 548/339/45 547/340/45
f 547/340/45 546/341/458 545/342/45
f 549/338/45 547/340/45 545/342/45
f 513/334/45 549/338/45 545/342/45
f 545/342/45 544/343/45 543/344/45
f 543/344/45 542/343/45 541/342/45
f 545/342/45 543/344/45 541/342/45
f 541/342/45 540/341/459 539/340/45
f 539/340/45 538/339/45 537/338/45
f 541/342/45 539/340/45 537/338/45
f 545/342/45 541/342/45 537/338/45
f 513/334/45 545/342/45 537/338/45
f 537/338/45 536/337/460 535/336/45
f 535/336/45 534/335/45 533/334/45
f 537/338/45 535/336/45 533/334/45
f 533/334/45 532/333/45 531/332/45
f 531/332/45 530/345/457 529/346/45
f 533/334/45 531/332/45 529/346/45
f 537/338/45 533/334/45 529/346/45
f 513/334/45 537/338/45 529/346/45
f 529/346/45 528/347/45 527/348/45
f 527/348/45 526/349/459 525/350/45
f 529/346/45 527/348/45 525/350/45
f 525/350/45 524/351/45 523/352/45
f 523/352/45 522/351/45 521/350/45
f 525/350/45 523/352/45 521/350/45
f 529/346/45 525/350/45 521/350/45
f 513/334/45 529/346/45 521/350/45
f 521/350/45 520/349/458 519/348/45
f 519/348/45 518/347/45 517/346/45
f 521/350/45 519/348/45 517/346/45
f 513/334/45 521/350/45 517/346/45
f 515/332/45 513/334/45 517/346/45
f 515/332/45 517/346/45 516/345/460
f 554/353/461 553/354/462 513/334/463
f 513/334/463 514/333/464 554/353/461
f 555/355/465 554/353/461 514/333/464
f 514/333/464 515/332/466 555/355/465
f 556/356/467 555/355/465 515/332/466
f 515/332/466 516/345/468 556/356/467
f 557/357/469 556/356/467 516/345/468
f 516/345/468 517/346/470 557/357/469
f 558/358/471 557/357/469 517/346/470
f 517/346/470 518/347/472 558/358/471
f 559/359/473 558/358/471 518/347/472
f 518/347/472 519/348/474 559/359/473
f 560/360/475 559/359/473 519/348/474
f 519/348/474 520/349/476 560/360/475
f 561/361/477 560/360/475 520/349/476
f 520/349/476 521/350/478 561/361/477
f 562/362/479 561/361/477 521/350/478
f 521/350/478 522/351/480 562/362/479
f 563/363/481 562/362/479 522/351/480
f 522/351/480 523/352/482 563/363/481
f 564/364/483 563/363/481 523/352/482
f 523/352/482 524/351/484 564/364/483
f 565/365/485 564/364/483 524/351/484
f 524/351/484 525/350/486 565/365/485
f 566/366/487 565/365/485 525/350/486
f 525/350/486 526/349/488 566/366/487
f 567/359/489 566/366/487 526/349/488
f 526/349/488 527/348/490 567/359/489
f 568/358/491 567/359/489 527/348/490
f 527/348/490 528/347/492 568/358/491
f 569/367/493 568/358/491 528/347/492
f 528/347/492 529/346/494 569/367/493
f 570/356/495 569/367/493 529/346/494
f 529/346/494 530/345/496 570/356/495
f 571/355/497 570/356/495 530/345/496
f 530/345/496 531/332/498 571/355/497
f 572/368/499 571/355/497 531/332/498
f 531/332/498 532/333/500 572/368/499
f 573/369/501 572/368/499 532/333/500
f 532/333/500 533/334/502 573/369/501
f 574/370/503 573/369/501 533/334/502
f 533/334/502 534/335/504 574/370/503
f 575/371/505 574/370/503 534/335/504
f 534/335/504 535/336/506 575/371/505
f 576/372/507 575/371/505 535/336/506
f 535/336/506 536/337/508 576/372/507
f 577/373/509 576/372/507 536/337/508
f 536/337/508 537/338/510 577/373/509
f 578/374/511 577/373/509 537/338/510
f 537/338/510 538/339/512 578/374/511
f 579/375/513 578/374/511 538/339/512
f 538/339/512 539/340/514 579/375/513
f 580/376/515 579/375/513 539/340/514
f 539/340/514 540/341/516 580/376/515
f 581/377/517 580/376/515 540/341/516
f 540/341/516 541/342/518 581/377/517
f 582/378/519 581/377/517 541/342/518
f 541/342/518 542/343/520 582/378/519
f 583/379/521 582/378/519 542/343/520
f 542/343/520 543/344/522 583/379/521
f 584/378/523 583/379/521 543/344/522
f 543/344/522 544/343/524 584/378/523
f 585/377/525 584/378/523 544/343/524
f 544/343/524 545/342/526 585/377/525
f 586/376/527 585/377/525 545/342/526
f 545/342/526 546/341/528 586/376/527
f 587/375/529 586/376/527 546/341/528
f 546/341/528 547/340/530 587/375/529
f 588/374/531 587/375/529 547/340/530
f 547/340/530 548/339/532 588/374/531
f 589/380/533 588/374/531 548/339/532
f 548/339/532 549/338/534 589/380/533
f 590/372/535 589/380/533 549/338/534
f 549/338/534 550/337/536 590/372/535
f 591/371/537 590/372/535 550/337/536
f 550/337/536 551/336/538 591/371/537
f 592/370/539 591/371/537 551/336/538
f 551/336/538 552/335/540 592/370/539
f 553/354/462 592/370/539 552/335/540
f 552/335/540 513/334/463 553/354/462
f 589/380/541 590/372/542 591/371/543
f 591/371/543 592/370/6 553/354/544
f 553/354/544 554/353/545 555/355/544
f 591/371/543 553/354/544 555/355/544
f 555/355/544 556/356/546 557/357/547
f 557/357/547 558/358/548 559/359/549
f 555/355/544 557/357/547 559/359/549
f 591/371/543 555/355/544 559/359/549
f 559/359/549 560/360/550 561/361/551
f 561/361/551 562/362/552 563/363/553
f 559/359/549 561/361/551 563/363/553
f 563/363/553 564/364/554 565/365/555
f 565/365/555 566/366/556 567/359/557
f 563/363/553 565/365/555 567/359/557
f 559/359/549 563/363/553 567/359/557
f 591/371/543 559/359/549 567/359/557
f 567/359/557 568/358/6 569/367/6
f 569/367/6 570/356/558 571/355/543
f 567/359/557 569/367/6 571/355/543
f 571/355/543 572/368/559 573/369/560
f 573/369/560 574/370/561 575/371/447
f 571/355/543 573/369/560 575/371/447
f 567/359/557 571/355/543 575/371/447
f 591/371/543 567/359/557 575/371/447
f 575/371/447 576/372/6 577/373/6
f 577/373/6 578/374/6 579/375/6
f 575/371/447 577/373/6 579/375/6
f 579/375/6 580/376/562 581/377/6
f 581/377/6 582/378/563 583/379/6
f 579/375/6 581/377/6 583/379/6
f 575/371/447 579/375/6 583/379/6
f 591/371/543 575/371/447 583/379/6
f 583/379/6 584/378/549 585/377/6
f 585/377/6 586/376/564 587/375/565
f 583/379/6 585/377/6 587/375/565
f 591/371/543 583/379/6 587/375/565
f 589/380/541 591/371/543 587/375/565
f 589/380/541 587/375/565 588/374/566
f 593/381/567 594/382/568 618/383/569
f 618/383/569 617/384/570 593/381/567
f 594/382/568 595/385/571 619/386/572
f 619/386/572 618/383/569 594/382/568
f 595/385/571 596/387/573 620/388/574
f 620/388/574 619/386/572 595/385/571
f 596/387/573 597/389/575 621/390/576
f 621/390/576 620/388/574 596/387/573
f 597/389/575 598/391/577 622/392/578
f 622/392/578 621/390/576 597/389/575
f 598/391/577 599/393/579 623/394/580
f 623/394/580 622/392/578 598/391/577
f 599/393/579 600/395/581 624/396/582
f 624/396/582 623/394/580 599/393/579
f 600/395/581 601/397/583 625/398/584
f 625/398/584 624/396/582 600/395/581
f 601/397/583 602/399/418 626/400/417
f 626/400/417 625/398/584 601/397/583
f 602/399/418 603/401/585 627/402/586
f 627/402/586 626/400/417 602/399/418
f 603/401/585 604/403/587 628/404/421
f 628/404/421 627/402/586 603/401/585
f 604/403/587 605/405/424 629/406/423
f 629/406/423 628/404/421 604/403/587
f 605/405/424 606/407/426 630/408/425
f 630/408/425 629/406/423 605/405/424
f 606/407/426 607/409/588 631/410/589
f 631/410/589 630/408/425 606/407/426
f 607/409/588 608/411/590 632/412/591
f 632/412/591 631/410/589 607/409/588
f 608/411/590 609/413/592 633/414/593
f 633/414/593 632/412/591 608/411/590
f 609/413/592 610/415/594 634/416/595
f 634/416/595 633/414/593 609/413/592
f 610/415/594 611/417/596 635/418/597
f 635/418/597 634/416/595 610/415/594
f 611/417/596 612/419/598 636/420/599
f 636/420/599 635/418/597 611/417/596
f 612/419/598 613/421/600 637/422/601
f 637/422/601 636/420/599 612/419/598
f 613/421/600 614/381/602 638/423/602
f 638/423/602 637/422/601 613/421/600
f 614/381/443 615/424/443 639/425/443
f 639/425/443 638/423/443 614/381/443
f 615/424/444 616/424/444 640/426/444
f 640/426/444 639/425/444 615/424/444
f 616/424/445 593/381/445 617/384/445
f 617/384/445 640/426/445 616/424/445
f 604/403/45 603/401/45 602/399/45
f 593/381/45 616/424/45 615/424/45
f 594/382/45 593/381/45 615/424/45
f 595/385/45 594/382/45 615/424/45
f 596/387/45 595/385/45 615/424/45
f 597/389/45 596/387/45 615/424/45
f 598/391/45 597/389/45 615/424/45
f 598/391/45 615/424/45 614/381/45
f 598/391/45 614/381/45 613/421/45
f 598/391/45 613/421/45 612/419/45
f 598/391/45 612/419/45 611/417/45
f 598/391/45 611/417/45 610/415/45
f 598/391/45 610/415/45 609/413/45
f 599/393/45 598/391/45 609/413/45
f 599/393/45 609/413/45 608/411/45
f 600/395/45 599/393/45 608/411/45
f 600/395/45 608/411/45 607/409/45
f 600/395/45 607/409/45 606/407/45
f 601/397/45 600/395/45 606/407/45
f 602/399/45 601/397/45 606/407/45
f 602/399/45 606/407/45 605/405/45
f 604/403/45 602/399/45 605/405/45
f 626/400/603 627/402/604 628/404/605
f 626/400/603 628/404/605 629/406/603
f 626/400/603 629/406/603 630/408/606
f 639/425/6 640/426/6 617/384/6
f 639/425/6 617/384/6 618/383/607
f 639/425/6 618/383/607 619/386/543
f 639/425/6 619/386/543 620/388/608
f 639/425/6 620/388/608 621/390/6
f 639/425/6 621/390/6 622/392/6
f 638/423/609 639/425/6 622/392/6
f 637/422/610 638/423/609 622/392/6
f 636/420/6 637/422/610 622/392/6
f 635/418/6 636/420/6 622/392/6
f 634/416/603 635/418/6 622/392/6
f 633/414/611 634/416/603 622/392/6
f 633/414/611 622/392/6 623/394/612
f 632/412/607 633/414/611 623/394/612
f 632/412/607 623/394/612 624/396/612
f 631/410/612 632/412/607 624/396/612
f 630/408/606 631/410/612 624/396/612
f 630/408/606 624/396/612 625/398/6
f 626/400/603 630/408/606 625/398/6
f 646/427/613 645/428/614 641/429/615
f 641/429/615 642/430/616 646/427/613
f 647/431/6 646/427/6 642/430/6
f 642/430/6 643/432/6 647/431/6
f 648/433/617 647/431/618 643/432/619
f 643/432/619 644/434/620 648/433/617
f 645/428/621 648/433/622 644/434/623
f 644/434/623 641/429/624 645/428/621
f 650/435/625 649/436/626 645/428/614
f 645/428/614 646/427/613 650/435/625
f 651/437/6 650/435/6 646/427/6
f 646/427/6 647/431/6 651/437/6
f 652/438/627 651/437/628 647/431/618
f 647/431/618 648/433/617 652/438/627
f 649/436/629 652/438/630 648/433/622
f 648/433/622 645/428/621 649/436/629
f 654/439/631 653/440/632 649/436/626
f 649/436/626 650/435/625 654/439/631
f 655/441/6 654/439/6 650/435/6
f 650/435/6 651/437/6 655/441/6
f 656/442/633 655/441/634 651/437/628
f 651/437/628 652/438/627 656/442/633
f 653/440/635 656/442/636 652/438/630
f 652/438/630 649/436/629 653/440/635
f 658/443/637 657/444/638 653/440/632
f 653/440/632 654/439/631 658/443/637
f 659/445/6 658/443/6 654/439/6
f 654/439/6 655/441/6 659/445/6
f 660/446/639 659/445/640 655/441/634
f 655/441/634 656/442/633 660/446/639
f 657/444/641 660/446/642 656/442/636
f 656/442/636 653/440/635 657/444/641
f 662/447/643 661/448/644 657/444/638
f 657/444/638 658/443/637 662/447/643
f 663/449/6 662/447/6 658/443/6
f 658/443/6 659/445/6 663/449/6
f 664/450/645 663/449/646 659/445/640
f 659/445/640 660/446/639 664/450/645
f 661/448/641 664/450/647 660/446/642
f 660/446/642 657/444/641 661/448/641
f 666/451/648 665/452/649 661/448/644
f 661/448/644 662/447/643 666/451/648
f 667/453/6 666/451/6 662/447/6
f 662/447/6 663/449/6 667/453/6
f 668/454/650 667/453/651 663/449/646
f 663/449/646 664/450/645 668/454/650
f 665/452/652 668/454/652 664/450/647
f 664/450/647 661/448/641 665/452/652
f 670/455/653 669/456/654 665/452/649
f 665/452/649 666/451/648 670/455/653
f 671/457/655 670/455/543 666/451/6
f 666/451/6 667/453/6 671/457/655
f 672/458/656 671/457/657 667/453/651
f 667/453/651 668/454/650 672/458/656
f 669/456/453 672/458/629 668/454/652
f 668/454/652 665/452/652 669/456/453
f 674/459/658 673/460/659 669/456/654
f 669/456/654 670/455/653 674/459/658
f 675/461/447 674/459/549 670/455/543
f 670/455/543 671/457/655 675/461/447
f 676/462/660 675/461/661 671/457/657
f 671/457/657 672/458/656 676/462/660
f 673/460/662 676/462/663 672/458/629
f 672/458/629 669/456/453 673/460/662
f 678/463/664 677/464/665 673/460/659
f 673/460/659 674/459/658 678/463/664
f 679/465/612 678/463/549 674/459/549
f 674/459/549 675/461/447 679/465/612
f 680/466/666 679/465/667 675/461/661
f 675/461/661 676/462/660 680/466/666
f 677/464/668 680/466/668 676/462/663
f 676/462/663 673/460/662 677/464/668
f 682/467/669 681/468/670 677/464/665
f 677/464/665 678/463/664 682/467/669
f 683/469/447 682/467/549 678/463/549
f 678/463/549 679/465/612 683/469/447
f 684/470/671 683/469/672 679/465/667
f 679/465/667 680/466/666 684/470/671
f 681/468/673 684/470/674 680/466/668
f 680/466/668 677/464/668 681/468/673
f 686/471/675 685/472/676 681/468/670
f 681/468/670 682/467/669 686/471/675
f 687/473/677 686/471/6 682/467/549
f 682/467/549 683/469/447 687/473/677
f 688/474/678 687/473/679 683/469/672
f 683/469/672 684/470/671 688/474/678
f 685/472/450 688/474/629 684/470/674
f 684/470/674 681/468/673 685/472/450
f 690/475/680 689/476/681 685/472/676
f 685/472/676 686/471/675 690/475/680
f 691/477/6 690/475/682 686/471/6
f 686/471/6 687/473/677 691/477/6
f 692/478/683 691/477/684 687/473/679
f 687/473/679 688/474/678 692/478/683
f 689/476/685 692/478/686 688/474/629
f 688/474/629 685/472/450 689/476/685
f 694/479/687 693/480/688 689/476/681
f 689/476/681 690/475/680 694/479/687
f 695/481/689 694/479/690 690/475/682
f 690/475/682 691/477/6 695/481/689
f 696/482/691 695/481/692 691/477/684
f 691/477/684 692/478/683 696/482/691
f 693/480/693 696/482/694 692/478/686
f 692/478/686 689/476/685 693/480/693
f 698/483/695 697/484/696 693/480/688
f 693/480/688 694/479/687 698/483/695
f 699/485/689 698/483/697 694/479/690
f 694/479/690 695/481/689 699/485/689
f 700/486/698 699/485/699 695/481/692
f 695/481/692 696/482/691 700/486/698
f 697/484/45 700/486/45 696/482/694
f 696/482/694 693/480/693 697/484/45
f 702/487/700 701/488/701 697/484/696
f 697/484/696 698/483/695 702/487/700
f 703/489/563 702/487/6 698/483/697
f 698/483/697 699/485/689 703/489/563
f 704/490/702 703/489/703 699/485/699
f 699/485/699 700/486/698 704/490/702
f 701/488/45 704/490/45 700/486/45
f 700/486/45 697/484/45 701/488/45
f 706/491/704 705/492/705 701/488/701
f 701/488/701 702/487/700 706/491/704
f 707/493/706 706/491/543 702/487/6
f 702/487/6 703/489/563 707/493/706
f 708/494/707 707/493/708 703/489/703
f 703/489/703 704/490/702 708/494/707
f 705/492/45 708/494/45 704/490/45
f 704/490/45 701/488/45 705/492/45
f 710/495/709 709/496/710 705/492/705
f 705/492/705 706/491/704 710/495/709
f 711/497/711 710/495/712 706/491/543
f 706/491/543 707/493/706 711/497/711
f 712/498/713 711/497/714 707/493/708
f 707/493/708 708/494/707 712/498/713
f 709/496/45 712/498/45 708/494/45
f 708/494/45 705/492/45 709/496/45
f 714/499/715 713/500/716 709/496/710
f 709/496/710 710/495/709 714/499/715
f 715/501/717 714/499/6 710/495/712
f 710/495/712 711/497/711 715/501/717
f 716/502/718 715/501/719 711/497/714
f 711/497/714 712/498/713 716/502/718
f 713/500/720 716/502/721 712/498/45
f 712/498/45 709/496/45 713/500/720
f 718/503/722 717/504/723 713/500/716
f 713/500/716 714/499/715 718/503/722
f 719/505/6 718/503/6 714/499/6
f 714/499/6 715/501/717 719/505/6
f 720/506/724 719/505/725 715/501/719
f 715/501/719 716/502/718 720/506/724
f 717/504/720 720/506/721 716/502/721
f 716/502/721 713/500/720 717/504/720
f 722/503/726 721/504/727 717/504/723
f 717/504/723 718/503/722 722/503/726
f 723/505/6 722/503/6 718/503/6
f 718/503/6 719/505/6 723/505/6
f 724/506/728 723/505/729 719/505/725
f 719/505/725 720/506/724 724/506/728
f 721/504/641 724/506/45 720/506/721
f 720/506/721 717/504/720 721/504/641
f 726/499/730 725/500/731 721/504/727
f 721/504/727 722/503/726 726/499/730
f 727/501/6 726/499/6 722/503/6
f 722/503/6 723/505/6 727/501/6
f 728/502/732 727/501/733 723/505/729
f 723/505/729 724/506/728 728/502/732
f 725/500/734 728/502/668 724/506/45
f 724/506/45 721/504/641 725/500/734
f 730/495/735 729/496/736 725/500/731
f 725/500/731 726/499/730 730/495/735
f 731/497/6 730/495/6 726/499/6
f 726/499/6 727/501/6 731/497/6
f 732/498/737 731/497/738 727/501/733
f 727/501/733 728/502/732 732/498/737
f 729/496/739 732/498/740 728/502/668
f 728/502/668 725/500/734 729/496/739
f 734/491/741 733/492/742 729/496/736
f 729/496/736 730/495/735 734/491/741
f 735/493/6 734/491/6 730/495/6
f 730/495/6 731/497/6 735/493/6
f 736/494/743 735/493/744 731/497/738
f 731/497/738 732/498/737 736/494/743
f 733/492/635 736/494/745 732/498/740
f 732/498/740 729/496/739 733/492/635
f 738/487/746 737/488/747 733/492/742
f 733/492/742 734/491/741 738/487/746
f 739/489/6 738/487/6 734/491/6
f 734/491/6 735/493/6 739/489/6
f 740/490/748 739/489/749 735/493/744
f 735/493/744 736/494/743 740/490/748
f 737/488/45 740/490/629 736/494/745
f 736/494/745 733/492/635 737/488/45
f 742/483/750 741/484/751 737/488/747
f 737/488/747 738/487/746 742/483/750
f 743/485/6 742/483/6 738/487/6
f 738/487/6 739/489/6 743/485/6
f 744/486/752 743/485/753 739/489/749
f 739/489/749 740/490/748 744/486/752
f 741/484/754 744/486/755 740/490/629
f 740/490/629 737/488/45 741/484/754
f 746/479/756 745/480/757 741/484/751
f 741/484/751 742/483/750 746/479/756
f 747/481/6 746/479/6 742/483/6
f 742/483/6 743/485/6 747/481/6
f 748/482/758 747/481/759 743/485/753
f 743/485/753 744/486/752 748/482/758
f 745/480/760 748/482/734 744/486/755
f 744/486/755 741/484/754 745/480/760
f 750/475/761 749/476/762 745/480/757
f 745/480/757 746/479/756 750/475/761
f 751/477/763 750/475/764 746/479/6
f 746/479/6 747/481/6 751/477/763
f 752/478/765 751/477/766 747/481/759
f 747/481/759 748/482/758 752/478/765
f 749/476/453 752/478/449 748/482/734
f 748/482/734 745/480/760 749/476/453
f 754/471/767 753/472/768 749/476/762
f 749/476/762 750/475/761 754/471/767
f 755/473/543 754/471/563 750/475/764
f 750/475/764 751/477/763 755/473/543
f 756/474/769 755/473/770 751/477/766
f 751/477/766 752/478/765 756/474/769
f 753/472/451 756/474/663 752/478/449
f 752/478/449 749/476/453 753/472/451
f 758/467/771 757/468/772 753/472/768
f 753/472/768 754/471/767 758/467/771
f 759/469/773 758/467/6 754/471/563
f 754/471/563 755/473/543 759/469/773
f 760/470/774 759/469/775 755/473/770
f 755/473/770 756/474/769 760/470/774
f 757/468/450 760/470/45 756/474/663
f 756/474/663 753/472/451 757/468/450
f 762/463/776 761/464/777 757/468/772
f 757/468/772 758/467/771 762/463/776
f 763/465/6 762/463/6 758/467/6
f 758/467/6 759/469/773 763/465/6
f 764/466/778 763/465/779 759/469/775
f 759/469/775 760/470/774 764/466/778
f 761/464/453 764/466/780 760/470/45
f 760/470/45 757/468/450 761/464/453
f 766/459/781 765/460/782 761/464/777
f 761/464/777 762/463/776 766/459/781
f 767/461/6 766/459/6 762/463/6
f 762/463/6 763/465/6 767/461/6
f 768/462/783 767/461/784 763/465/779
f 763/465/779 764/466/778 768/462/783
f 765/460/668 768/462/668 764/466/780
f 764/466/780 761/464/453 765/460/668
f 770/455/785 769/456/786 765/460/782
f 765/460/782 766/459/781 770/455/785
f 771/457/6 770/455/6 766/459/6
f 766/459/6 767/461/6 771/457/6
f 772/458/787 771/457/788 767/461/784
f 767/461/784 768/462/783 772/458/787
f 769/456/45 772/458/789 768/462/668
f 768/462/668 765/460/668 769/456/45
f 774/451/790 773/452/791 769/456/786
f 769/456/786 770/455/785 774/451/790
f 775/453/792 774/451/563 770/455/6
f 770/455/6 771/457/6 775/453/792
f 776/454/793 775/453/794 771/457/788
f 771/457/788 772/458/787 776/454/793
f 773/452/693 776/454/449 772/458/789
f 772/458/789 769/456/45 773/452/693
f 778/447/795 777/448/796 773/452/791
f 773/452/791 774/451/790 778/447/795
f 779/449/612 778/447/543 774/451/563
f 774/451/563 775/453/792 779/449/612
f 780/450/797 779/449/798 775/453/794
f 775/453/794 776/454/793 780/450/797
f 777/448/799 780/450/668 776/454/449
f 776/454/449 773/452/693 777/448/799
f 782/443/800 781/444/801 777/448/796
f 777/448/796 778/447/795 782/443/800
f 783/445/6 782/443/6 778/447/543
f 778/447/543 779/449/612 783/445/6
f 784/446/802 783/445/803 779/449/798
f 779/449/798 780/450/797 784/446/802
f 781/444/720 784/446/45 780/450/668
f 780/450/668 777/448/799 781/444/720
f 786/439/804 785/440/805 781/444/801
f 781/444/801 782/443/800 786/439/804
f 787/441/6 786/439/697 782/443/6
f 782/443/6 783/445/6 787/441/6
f 788/442/806 787/441/807 783/445/803
f 783/445/803 784/446/802 788/442/806
f 785/440/808 788/442/629 784/446/45
f 784/446/45 781/444/720 785/440/808
f 790/435/809 789/436/810 785/440/805
f 785/440/805 786/439/804 790/435/809
f 791/437/811 790/435/447 786/439/697
f 786/439/697 787/441/6 791/437/811
f 792/438/812 791/437/813 787/441/807
f 787/441/807 788/442/806 792/438/812
f 789/436/629 792/438/449 788/442/629
f 788/442/629 785/440/808 789/436/629
f 794/427/814 793/428/815 789/436/810
f 789/436/810 790/435/809 794/427/814
f 795/431/447 794/427/564 790/435/447
f 790/435/447 791/437/811 795/431/447
f 796/433/816 795/431/817 791/437/813
f 791/437/813 792/438/812 796/433/816
f 793/428/45 796/433/818 792/438/449
f 792/438/449 789/436/629 793/428/45
f 642/430/616 641/429/615 793/428/815
f 793/428/815 794/427/814 642/430/616
f 643/432/6 642/430/6 794/427/564
f 794/427/564 795/431/447 643/432/6
f 644/434/620 643/432/619 795/431/817
f 795/431/817 796/433/816 644/434/620
f 641/429/624 644/434/623 796/433/818
f 796/433/818 793/428/45 641/429/624
f 798/507/402 800/508/819 797/509/400
f 797/509/400 799/510/402 798/507/402
f 800/508/819 802/511/820 801/512/403
f 801/512/403 797/509/400 800/508/819
f 802/511/820 804/513/821 803/514/405
f 803/514/405 801/512/403 802/511/820
f 804/513/821 806/515/408 805/516/822
f 805/516/822 803/514/405 804/513/821
f 806/515/408 808/517/410 807/518/409
f 807/518/409 805/516/822 806/515/408
f 808/517/410 810/519/412 809/520/411
f 809/520/411 807/518/409 808/517/410
f 810/519/412 812/521/414 811/522/413
f 811/522/413 809/520/411 810/519/412
f 812/521/414 814/523/823 813/524/824
f 813/524/824 811/522/413 812/521/414
f 814/523/823 816/525/418 815/526/417
f 815/526/417 813/524/824 814/523/823
f 816/525/418 818/527/420 817/528/586
f 817/528/586 815/526/417 816/525/418
f 818/527/420 820/529/422 819/530/421
f 819/530/421 817/528/586 818/527/420
f 820/529/422 822/531/424 821/532/423
f 821/532/423 819/530/421 820/529/422
f 822/531/424 824/533/426 823/534/425
f 823/534/425 821/532/423 822/531/424
f 824/533/426 826/535/825 825/536/826
f 825/536/826 823/534/425 824/533/426
f 826/535/825 828/537/430 827/538/429
f 827/538/429 825/536/826 826/535/825
f 828/537/430 830/539/827 829/540/431
f 829/540/431 827/538/429 828/537/430
f 830/539/827 832/541/434 831/542/433
f 831/542/433 829/540/431 830/539/827
f 832/541/434 834/543/828 833/544/829
f 833/544/829 831/542/433 832/541/434
f 834/543/828 836/545/830 835/546/437
f 835/546/437 833/544/829 834/543/828
f 836/545/830 838/547/831 837/548/439
f 837/548/439 835/546/437 836/545/830
f 838/547/831 840/507/832 839/510/832
f 839/510/832 837/548/439 838/547/831
f 840/507/443 842/549/833 841/550/833
f 841/550/833 839/510/443 840/507/443
f 842/549/444 844/549/444 843/550/444
f 843/550/444 841/550/444 842/549/444
f 844/549/834 798/507/445 799/510/445
f 799/510/445 843/550/834 844/549/834
f 798/507/629 844/549/629 842/549/45
f 800/508/45 798/507/629 842/549/45
f 802/511/45 800/508/45 842/549/45
f 804/513/45 802/511/45 842/549/45
f 806/515/45 804/513/45 842/549/45
f 808/517/721 806/515/45 842/549/45
f 808/517/721 842/549/45 840/507/721
f 808/517/721 840/507/721 838/547/835
f 808/517/721 838/547/835 836/545/45
f 808/517/721 836/545/45 834/543/721
f 808/517/721 834/543/721 832/541/836
f 808/517/721 832/541/836 830/539/629
f 810/519/450 808/517/721 830/539/629
f 810/519/450 830/539/629 828/537/453
f 812/521/629 810/519/450 828/537/453
f 812/521/629 828/537/453 826/535/450
f 812/521/629 826/535/450 824/533/629
f 814/523/453 812/521/629 824/533/629
f 816/525/837 814/523/453 824/533/629
f 816/525/837 824/533/629 822/531/45
f 816/525/837 822/531/45 820/529/837
f 816/525/837 820/529/837 818/527/451
f 841/550/6 843/550/6 799/510/6
f 841/550/6 799/510/6 797/509/6
f 841/550/6 797/509/6 801/512/6
f 841/550/6 801/512/6 803/514/6
f 841/550/6 803/514/6 805/516/6
f 841/550/6 805/516/6 807/518/6
f 839/510/6 841/550/6 807/518/6
f 837/548/6 839/510/6 807/518/6
f 835/546/6 837/548/6 807/518/6
f 833/544/6 835/546/6 807/518/6
f 831/542/447 833/544/6 807/518/6
f 829/540/6 831/542/447 807/518/6
f 829/540/6 807/518/6 809/520/6
f 827/538/543 829/540/6 809/520/6
f 827/538/543 809/520/6 811/522/6
f 825/536/6 827/538/543 811/522/6
f 823/534/6 825/536/6 811/522/6
f 823/534/6 811/522/6 813/524/543
f 823/534/6 813/524/543 815/526/557
f 821/532/447 823/534/6 815/526/557
f 819/530/553 821/532/447 815/526/557
f 819/530/553 815/526/557 817/528/838
f 881/551/839 880/552/840 879/553/712
f 879/553/712 878/554/841 877/555/842
f 877/555/842 876/556/843 875/557/844
f 879/553/712 877/555/842 875/557/844
f 875/557/844 874/558/845 873/559/549
f 873/559/549 872/558/846 871/557/612
f 875/557/844 873/559/549 871/557/612
f 871/557/612 870/556/847 869/555/848
f 869/555/848 868/554/849 867/553/850
f 871/557/612 869/555/848 867/553/850
f 875/557/844 871/557/612 867/553/850
f 867/553/850 866/552/851 865/551/852
f 865/551/852 864/560/853 863/561/6
f 867/553/850 865/551/852 863/561/6
f 863/561/6 862/562/558 861/563/6
f 861/563/6 860/564/558 859/565/712
f 863/561/6 861/563/6 859/565/712
f 867/553/850 863/561/6 859/565/712
f 859/565/712 858/566/854 857/567/855
f 857/567/855 856/568/856 855/569/6
f 859/565/712 857/567/855 855/569/6
f 855/569/6 854/570/857 853/571/858
f 853/571/858 852/570/6 851/569/6
f 855/569/6 853/571/858 851/569/6
f 859/565/712 855/569/6 851/569/6
f 851/569/6 850/568/859 849/567/860
f 849/567/860 848/566/861 847/565/862
f 851/569/6 849/567/860 847/565/862
f 847/565/862 846/564/863 845/563/864
f 845/563/864 884/562/865 883/561/866
f 847/565/862 845/563/864 883/561/866
f 851/569/6 847/565/862 883/561/866
f 859/565/712 851/569/6 883/561/866
f 867/553/850 859/565/712 883/561/866
f 875/557/844 867/553/850 883/561/866
f 879/553/712 875/557/844 883/561/866
f 881/551/839 879/553/712 883/561/866
f 882/560/867 881/551/839 883/561/866
f 883/561/868 886/572/462 885/573/869
f 885/573/869 882/560/464 883/561/868
f 882/560/464 885/573/869 887/574/870
f 887/574/870 881/551/466 882/560/464
f 881/551/466 887/574/870 888/575/871
f 888/575/871 880/552/468 881/551/466
f 880/552/468 888/575/871 889/576/872
f 889/576/872 879/553/873 880/552/468
f 879/553/873 889/576/872 890/577/471
f 890/577/471 878/554/874 879/553/873
f 878/554/874 890/577/471 891/578/473
f 891/578/473 877/555/875 878/554/874
f 877/555/875 891/578/473 892/579/475
f 892/579/475 876/556/876 877/555/875
f 876/556/876 892/579/475 893/580/477
f 893/580/477 875/557/478 876/556/876
f 875/557/478 893/580/477 894/581/877
f 894/581/877 874/558/480 875/557/478
f 874/558/480 894/581/877 895/582/481
f 895/582/481 873/559/878 874/558/480
f 873/559/878 895/582/481 896/583/879
f 896/583/879 872/558/880 873/559/878
f 872/558/880 896/583/879 897/584/881
f 897/584/881 871/557/486 872/558/880
f 871/557/486 897/584/881 898/585/882
f 898/585/882 870/556/883 871/557/486
f 870/556/883 898/585/882 899/578/489
f 899/578/489 869/555/884 870/556/883
f 869/555/884 899/578/489 900/586/491
f 900/586/491 868/554/492 869/555/884
f 868/554/492 900/586/491 901/587/493
f 901/587/493 867/553/885 868/554/492
f 867/553/885 901/587/493 902/575/886
f 902/575/886 866/552/496 867/553/885
f 866/552/496 902/575/886 903/574/887
f 903/574/887 865/551/498 866/552/496
f 865/551/498 903/574/887 904/588/499
f 904/588/499 864/560/888 865/551/498
f 864/560/888 904/588/499 905/589/889
f 905/589/889 863/561/890 864/560/888
f 863/561/890 905/589/889 906/590/891
f 906/590/891 862/562/892 863/561/890
f 862/562/892 906/590/891 907/591/505
f 907/591/505 861/563/893 862/562/892
f 861/563/893 907/591/505 908/592/507
f 908/592/507 860/564/894 861/563/893
f 860/564/894 908/592/507 909/593/895
f 909/593/895 859/565/510 860/564/894
f 859/565/510 909/593/895 910/594/896
f 910/594/896 858/566/512 859/565/510
f 858/566/512 910/594/896 911/595/513
f 911/595/513 857/567/897 858/566/512
f 857/567/897 911/595/513 912/596/515
f 912/596/515 856/568/516 857/567/897
f 856/568/516 912/596/515 913/597/517
f 913/597/517 855/569/518 856/568/516
f 855/569/518 913/597/517 914/598/898
f 914/598/898 854/570/899 855/569/518
f 854/570/899 914/598/898 915/599/521
f 915/599/521 853/571/522 854/570/899
f 853/571/522 915/599/521 916/598/900
f 916/598/900 852/570/901 853/571/522
f 852/570/901 916/598/900 917/600/525
f 917/600/525 851/569/526 852/570/901
f 851/569/526 917/600/525 918/601/527
f 918/601/527 850/568/902 851/569/526
f 850/568/902 918/601/527 919/602/529
f 919/602/529 849/567/530 850/568/902
f 849/567/530 919/602/529 920/603/531
f 920/603/531 848/566/532 849/567/530
f 848/566/532 920/603/531 921/604/903
f 921/604/903 847/565/904 848/566/532
f 847/565/904 921/604/903 922/592/535
f 922/592/535 846/564/536 847/565/904
f 846/564/536 922/592/535 923/605/537
f 923/605/537 845/563/905 846/564/536
f 845/563/905 923/605/537 924/590/539
f 924/590/539 884/562/540 845/563/905
f 884/562/540 924/590/539 886/572/462
f 886/572/462 883/561/868 884/562/540
f 921/604/740 920/603/906 919/602/662
f 919/602/662 918/601/907 917/600/755
f 917/600/755 916/598/908 915/599/760
f 919/602/662 917/600/755 915/599/760
f 915/599/760 914/598/451 913/597/909
f 913/597/909 912/596/910 911/595/45
f 915/599/760 913/597/909 911/595/45
f 911/595/45 910/594/45 909/593/45
f 909/593/45 908/592/45 907/591/45
f 911/595/45 909/593/45 907/591/45
f 915/599/760 911/595/45 907/591/45
f 907/591/45 906/590/911 905/589/912
f 905/589/912 904/588/913 903/574/45
f 907/591/45 905/589/912 903/574/45
f 903/574/45 902/575/45 901/587/45
f 901/587/45 900/586/45 899/578/662
f 903/574/45 901/587/45 899/578/662
f 907/591/45 903/574/45 899/578/662
f 899/578/662 898/585/914 897/584/755
f 897/584/755 896/583/915 895/582/780
f 899/578/662 897/584/755 895/582/780
f 895/582/780 894/581/916 893/580/917
f 893/580/917 892/579/918 891/578/919
f 895/582/780 893/580/917 891/578/919
f 899/578/662 895/582/780 891/578/919
f 891/578/919 890/577/920 889/576/921
f 889/576/921 888/575/922 887/574/760
f 891/578/919 889/576/921 887/574/760
f 887/574/760 885/573/923 886/572/621
f 886/572/621 924/590/924 923/605/760
f 887/574/760 886/572/621 923/605/760
f 891/578/919 887/574/760 923/605/760
f 899/578/662 891/578/919 923/605/760
f 907/591/45 899/578/662 923/605/760
f 915/599/760 907/591/45 923/605/760
f 919/602/662 915/599/760 923/605/760
f 921/604/740 919/602/662 923/605/760
f 922/592/925 921/604/740 923/605/760
f 925/606/926 928/607/927 927/608/567
f 927/608/567 926/609/567 925/606/926
f 929/610/572 930/611/928 928/607/927
f 928/607/927 925/606/926 929/610/572
f 931/612/929 932/613/573 930/611/928
f 930/611/928 929/610/572 931/612/929
f 933/614/930 934/615/931 932/613/573
f 932/613/573 931/612/929 933/614/930
f 935/616/578 936/617/932 934/615/931
f 934/615/931 933/614/930 935/616/578
f 937/618/933 938/619/579 936/617/932
f 936/617/932 935/616/578 937/618/933
f 939/620/582 940/621/581 938/619/579
f 938/619/579 937/618/933 939/620/582
f 941/622/584 942/623/583 940/621/581
f 940/621/581 939/620/582 941/622/584
f 943/624/417 944/625/418 942/623/583
f 942/623/583 941/622/584 943/624/417
f 945/626/586 946/627/420 944/625/418
f 944/625/418 943/624/417 945/626/586
f 947/628/421 948/629/422 946/627/420
f 946/627/420 945/626/586 947/628/421
f 949/630/423 950/631/934 948/629/422
f 948/629/422 947/628/421 949/630/423
f 951/632/425 952/633/935 950/631/934
f 950/631/934 949/630/423 951/632/425
f 953/634/936 954/635/937 952/633/935
f 952/633/935 951/632/425 953/634/936
f 955/636/938 956/637/590 954/635/937
f 954/635/937 953/634/936 955/636/938
f 957/638/593 958/639/939 956/637/590
f 956/637/590 955/636/938 957/638/593
f 959/640/595 960/641/940 958/639/939
f 958/639/939 957/638/593 959/640/595
f 961/642/941 962/643/596 960/641/940
f 960/641/940 959/640/595 961/642/941
f 963/644/599 964/645/942 962/643/596
f 962/643/596 961/642/941 963/644/599
f 965/646/943 966/647/439 964/645/942
f 964/645/942 963/644/599 965/646/943
f 967/609/944 968/648/602 966/647/439
f 966/647/439 965/646/943 967/609/944
f 969/649/443 970/650/443 968/648/443
f 968/648/443 967/609/443 969/649/443
f 971/649/444 972/650/444 970/650/444
f 970/650/444 969/649/444 971/649/444
f 926/609/445 927/608/445 972/650/445
f 972/650/445 971/649/445 926/609/445
f 970/650/6 972/650/6 927/608/6
f 970/650/6 927/608/6 928/607/6
f 970/650/6 928/607/6 930/611/6
f 970/650/6 930/611/6 932/613/6
f 970/650/6 932/613/6 934/615/447
f 970/650/6 934/615/447 936/617/6
f 968/648/6 970/650/6 936/617/6
f 966/647/764 968/648/6 936/617/6
f 964/645/6 966/647/764 936/617/6
f 962/643/690 964/645/6 936/617/6
f 960/641/543 962/643/690 936/617/6
f 958/639/6 960/641/543 936/617/6
f 958/639/6 936/617/6 938/619/447
f 956/637/6 958/639/6 938/619/447
f 956/637/6 938/619/447 940/621/6
f 954/635/543 956/637/6 940/621/6
f 952/633/543 954/635/543 940/621/6
f 952/633/543 940/621/6 942/623/6
f 952/633/543 942/623/6 944/625/6
f 950/631/6 952/633/543 944/625/6
f 948/629/945 950/631/6 944/625/6
f 946/627/946 948/629/945 944/625/6
f 926/609/721 971/649/45 969/649/45
f 925/606/45 926/609/721 969/649/45
f 929/610/721 925/606/45 969/649/45
f 931/612/721 929/610/721 969/649/45
f 933/614/947 931/612/721 969/649/45
f 935/616/45 933/614/947 969/649/45
f 935/616/45 969/649/45 967/609/721
f 935/616/45 967/609/721 965/646/948
f 935/616/45 965/646/948 963/644/45
f 935/616/45 963/644/45 961/642/45
f 935/616/45 961/642/45 959/640/721
f 935/616/45 959/640/721 957/638/452
f 937/618/721 935/616/45 957/638/452
f 937/618/721 957/638/452 955/636/629
f 939/620/629 937/618/721 955/636/629
f 939/620/629 955/636/629 953/634/45
f 939/620/629 953/634/45 951/632/450
f 941/622/721 939/620/629 951/632/450
f 943/624/949 941/622/721 951/632/450
f 943/624/949 951/632/450 949/630/950
f 943/624/949 949/630/950 947/628/951
f 945/626/952 943/624/949 947/628/951
f 973/651/615 976/652/953 975/653/954
f 975/653/954 974/654/955 973/651/615
f 974/654/45 975/653/45 978/655/956
f 978/655/956 977/656/760 974/654/45
f 977/656/619 978/655/957 980/657/617
f 980/657/617 979/658/620 977/656/619
f 979/658/711 980/657/866 976/652/549
f 976/652/549 973/651/607 979/658/711
f 976/652/953 982/659/626 981/660/625
f 981/660/625 975/653/954 976/652/953
f 975/653/45 981/660/45 983/661/956
f 983/661/956 978/655/956 975/653/45
f 978/655/957 983/661/628 984/662/958
f 984/662/958 980/657/617 978/655/957
f 980/657/866 984/662/563 982/659/563
f 982/659/563 976/652/549 980/657/866
f 982/659/626 986/663/632 985/664/631
f 985/664/631 981/660/625 982/659/626
f 981/660/45 985/664/45 987/665/668
f 987/665/668 983/661/956 981/660/45
f 983/661/628 987/665/959 988/666/960
f 988/666/960 984/662/958 983/661/628
f 984/662/563 988/666/850 986/663/607
f 986/663/607 982/659/563 984/662/563
f 986/663/632 990/667/638 989/668/961
f 989/668/961 985/664/631 986/663/632
f 985/664/45 989/668/45 991/669/45
f 991/669/45 987/665/668 985/664/45
f 987/665/959 991/669/411 992/670/962
f 992/670/962 988/666/960 987/665/959
f 988/666/850 992/670/6 990/667/6
f 990/667/6 986/663/607 988/666/850
f 990/667/638 994/671/963 993/672/964
f 993/672/964 989/668/961 990/667/638
f 989/668/45 993/672/45 995/673/45
f 995/673/45 991/669/45 989/668/45
f 991/669/411 995/673/646 996/674/965
f 996/674/965 992/670/962 991/669/411
f 992/670/6 996/674/607 994/671/6
f 994/671/6 990/667/6 992/670/6
f 994/671/963 998/675/966 997/676/648
f 997/676/648 993/672/964 994/671/963
f 993/672/45 997/676/45 999/677/45
f 999/677/45 995/673/45 993/672/45
f 995/673/646 999/677/967 1000/678/968
f 1000/678/968 996/674/965 995/673/646
f 996/674/607 1000/678/763 998/675/6
f 998/675/6 994/671/6 996/674/607
f 998/675/966 1002/679/969 1001/680/653
f 1001/680/653 997/676/648 998/675/966
f 997/676/45 1001/680/45 1003/681/970
f 1003/681/970 999/677/45 997/676/45
f 999/677/967 1003/681/657 1004/682/971
f 1004/682/971 1000/678/968 999/677/967
f 1000/678/763 1004/682/543 1002/679/6
f 1002/679/6 998/675/6 1000/678/763
f 1002/679/969 1006/683/659 1005/684/658
f 1005/684/658 1001/680/653 1002/679/969
f 1001/680/45 1005/684/45 1007/685/45
f 1007/685/45 1003/681/970 1001/680/45
f 1003/681/657 1007/685/661 1008/686/660
f 1008/686/660 1004/682/971 1003/681/657
f 1004/682/543 1008/686/609 1006/683/6
f 1006/683/6 1002/679/6 1004/682/543
f 1006/683/659 1010/687/972 1009/688/664
f 1009/688/664 1005/684/658 1006/683/659
f 1005/684/45 1009/688/45 1011/689/449
f 1011/689/449 1007/685/45 1005/684/45
f 1007/685/661 1011/689/973 1012/690/666
f 1012/690/666 1008/686/660 1007/685/661
f 1008/686/609 1012/690/6 1010/687/6
f 1010/687/6 1006/683/6 1008/686/609
f 1010/687/972 1014/691/670 1013/692/669
f 1013/692/669 1009/688/664 1010/687/972
f 1009/688/45 1013/692/45 1015/693/45
f 1015/693/45 1011/689/449 1009/688/45
f 1011/689/973 1015/693/974 1016/694/671
f 1016/694/671 1012/690/666 1011/689/973
f 1012/690/6 1016/694/844 1014/691/6
f 1014/691/6 1010/687/6 1012/690/6
f 1014/691/670 1018/695/975 1017/696/675
f 1017/696/675 1013/692/669 1014/691/670
f 1013/692/45 1017/696/45 1019/697/629
f 1019/697/629 1015/693/45 1013/692/45
f 1015/693/974 1019/697/976 1020/698/678
f 1020/698/678 1016/694/671 1015/693/974
f 1016/694/844 1020/698/6 1018/695/6
f 1018/695/6 1014/691/6 1016/694/844
f 1018/695/975 1022/699/681 1021/700/680
f 1021/700/680 1017/696/675 1018/695/975
f 1017/696/45 1021/700/721 1023/701/629
f 1023/701/629 1019/697/629 1017/696/45
f 1019/697/976 1023/701/977 1024/702/683
f 1024/702/683 1020/698/678 1019/697/976
f 1020/698/6 1024/702/978 1022/699/6
f 1022/699/6 1018/695/6 1020/698/6
f 1022/699/681 1026/703/979 1025/704/687
f 1025/704/687 1021/700/680 1022/699/681
f 1021/700/721 1025/704/721 1027/705/45
f 1027/705/45 1023/701/629 1021/700/721
f 1023/701/977 1027/705/692 1028/706/691
f 1028/706/691 1024/702/683 1023/701/977
f 1024/702/978 1028/706/844 1026/703/447
f 1026/703/447 1022/699/6 1024/702/978
f 1026/703/979 1030/707/980 1029/708/981
f 1029/708/981 1025/704/687 1026/703/979
f 1025/704/721 1029/708/760 1031/709/721
f 1031/709/721 1027/705/45 1025/704/721
f 1027/705/692 1031/709/982 1032/710/698
f 1032/710/698 1028/706/691 1027/705/692
f 1028/706/844 1032/710/983 1030/707/6
f 1030/707/6 1026/703/447 1028/706/844
f 1030/707/980 1034/711/701 1033/712/700
f 1033/712/700 1029/708/981 1030/707/980
f 1029/708/760 1033/712/45 1035/713/45
f 1035/713/45 1031/709/721 1029/708/760
f 1031/709/982 1035/713/703 1036/714/984
f 1036/714/984 1032/710/698 1031/709/982
f 1032/710/983 1036/714/563 1034/711/6
f 1034/711/6 1030/707/6 1032/710/983
f 1034/711/701 1038/715/705 1037/716/704
f 1037/716/704 1033/712/700 1034/711/701
f 1033/712/45 1037/716/45 1039/717/985
f 1039/717/985 1035/713/45 1033/712/45
f 1035/713/703 1039/717/986 1040/718/987
f 1040/718/987 1036/714/984 1035/713/703
f 1036/714/563 1040/718/563 1038/715/563
f 1038/715/563 1034/711/6 1036/714/563
f 1038/715/705 1042/719/710 1041/720/988
f 1041/720/988 1037/716/704 1038/715/705
f 1037/716/45 1041/720/623 1043/721/760
f 1043/721/760 1039/717/985 1037/716/45
f 1039/717/986 1043/721/989 1044/722/990
f 1044/722/990 1040/718/987 1039/717/986
f 1040/718/563 1044/722/991 1042/719/549
f 1042/719/549 1038/715/563 1040/718/563
f 1042/719/710 1046/723/992 1045/724/715
f 1045/724/715 1041/720/988 1042/719/710
f 1041/720/623 1045/724/45 1047/725/799
f 1047/725/799 1043/721/760 1041/720/623
f 1043/721/989 1047/725/993 1048/726/994
f 1048/726/994 1044/722/990 1043/721/989
f 1044/722/991 1048/726/612 1046/723/549
f 1046/723/549 1042/719/549 1044/722/991
f 1046/723/992 1050/727/995 1049/728/996
f 1049/728/996 1045/724/715 1046/723/992
f 1045/724/45 1049/728/45 1051/729/45
f 1051/729/45 1047/725/799 1045/724/45
f 1047/725/993 1051/729/997 1052/730/998
f 1052/730/998 1048/726/994 1047/725/993
f 1048/726/612 1052/730/6 1050/727/6
f 1050/727/6 1046/723/549 1048/726/612
f 1050/727/995 1054/727/999 1053/728/726
f 1053/728/726 1049/728/996 1050/727/995
f 1049/728/45 1053/728/45 1055/729/45
f 1055/729/45 1051/729/45 1049/728/45
f 1051/729/997 1055/729/1000 1056/730/1001
f 1056/730/1001 1052/730/998 1051/729/997
f 1052/730/6 1056/730/866 1054/727/6
f 1054/727/6 1050/727/6 1052/730/6
f 1054/727/999 1058/723/731 1057/731/1002
f 1057/731/1002 1053/728/726 1054/727/999
f 1053/728/45 1057/731/45 1059/725/45
f 1059/725/45 1055/729/45 1053/728/45
f 1055/729/1000 1059/725/733 1060/726/732
f 1060/726/732 1056/730/1001 1055/729/1000
f 1056/730/866 1060/726/563 1058/723/6
f 1058/723/6 1054/727/6 1056/730/866
f 1058/723/731 1062/719/1003 1061/720/735
f 1061/720/735 1057/731/1002 1058/723/731
f 1057/731/45 1061/720/45 1063/732/45
f 1063/732/45 1059/725/45 1057/731/45
f 1059/725/733 1063/732/738 1064/722/737
f 1064/722/737 1060/726/732 1059/725/733
f 1060/726/563 1064/722/1004 1062/719/850
f 1062/719/850 1058/723/6 1060/726/563
f 1062/719/1003 1066/733/742 1065/734/1005
f 1065/734/1005 1061/720/735 1062/719/1003
f 1061/720/45 1065/734/45 1067/717/760
f 1067/717/760 1063/732/45 1061/720/45
f 1063/732/738 1067/717/1006 1068/735/1007
f 1068/735/1007 1064/722/737 1063/732/738
f 1064/722/1004 1068/735/447 1066/733/6
f 1066/733/6 1062/719/850 1064/722/1004
f 1066/733/742 1070/711/747 1069/712/746
f 1069/712/746 1065/734/1005 1066/733/742
f 1065/734/45 1069/712/45 1071/713/45
f 1071/713/45 1067/717/760 1065/734/45
f 1067/717/1006 1071/713/749 1072/714/748
f 1072/714/748 1068/735/1007 1067/717/1006
f 1068/735/447 1072/714/1008 1070/711/607
f 1070/711/607 1066/733/6 1068/735/447
f 1070/711/747 1074/707/751 1073/736/1009
f 1073/736/1009 1069/712/746 1070/711/747
f 1069/712/45 1073/736/45 1075/709/45
f 1075/709/45 1071/713/45 1069/712/45
f 1071/713/749 1075/709/1010 1076/710/752
f 1076/710/752 1072/714/748 1071/713/749
f 1072/714/1008 1076/710/689 1074/707/563
f 1074/707/563 1070/711/607 1072/714/1008
f 1074/707/751 1078/703/757 1077/737/756
f 1077/737/756 1073/736/1009 1074/707/751
f 1073/736/45 1077/737/45 1079/705/45
f 1079/705/45 1075/709/45 1073/736/45
f 1075/709/1010 1079/705/1011 1080/706/758
f 1080/706/758 1076/710/752 1075/709/1010
f 1076/710/689 1080/706/563 1078/703/6
f 1078/703/6 1074/707/563 1076/710/689
f 1078/703/757 1082/699/762 1081/700/761
f 1081/700/761 1077/737/756 1078/703/757
f 1077/737/45 1081/700/45 1083/701/950
f 1083/701/950 1079/705/45 1077/737/45
f 1079/705/1011 1083/701/766 1084/702/1012
f 1084/702/1012 1080/706/758 1079/705/1011
f 1080/706/563 1084/702/6 1082/699/447
f 1082/699/447 1078/703/6 1080/706/563
f 1082/699/762 1086/695/1013 1085/696/767
f 1085/696/767 1081/700/761 1082/699/762
f 1081/700/45 1085/696/45 1087/738/721
f 1087/738/721 1083/701/950 1081/700/45
f 1083/701/766 1087/738/1014 1088/698/769
f 1088/698/769 1084/702/1012 1083/701/766
f 1084/702/6 1088/698/609 1086/695/6
f 1086/695/6 1082/699/447 1084/702/6
f 1086/695/1013 1090/691/772 1089/692/771
f 1089/692/771 1085/696/767 1086/695/1013
f 1085/696/45 1089/692/45 1091/739/836
f 1091/739/836 1087/738/721 1085/696/45
f 1087/738/1014 1091/739/1015 1092/694/1016
f 1092/694/1016 1088/698/769 1087/738/1014
f 1088/698/609 1092/694/447 1090/691/6
f 1090/691/6 1086/695/6 1088/698/609
f 1090/691/772 1094/687/777 1093/688/776
f 1093/688/776 1089/692/771 1090/691/772
f 1089/692/45 1093/688/45 1095/689/629
f 1095/689/629 1091/739/836 1089/692/45
f 1091/739/1015 1095/689/779 1096/690/778
f 1096/690/778 1092/694/1016 1091/739/1015
f 1092/694/447 1096/690/6 1094/687/447
f 1094/687/447 1090/691/6 1092/694/447
f 1094/687/777 1098/683/782 1097/684/781
f 1097/684/781 1093/688/776 1094/687/777
f 1093/688/45 1097/684/45 1099/740/45
f 1099/740/45 1095/689/629 1093/688/45
f 1095/689/779 1099/740/784 1100/686/783
f 1100/686/783 1096/690/778 1095/689/779
f 1096/690/6 1100/686/447 1098/683/549
f 1098/683/549 1094/687/447 1096/690/6
f 1098/683/782 1102/679/786 1101/680/785
f 1101/680/785 1097/684/781 1098/683/782
f 1097/684/45 1101/680/45 1103/681/721
f 1103/681/721 1099/740/45 1097/684/45
f 1099/740/784 1103/681/788 1104/682/787
f 1104/682/787 1100/686/783 1099/740/784
f 1100/686/447 1104/682/6 1102/679/6
f 1102/679/6 1098/683/549 1100/686/447
f 1102/679/786 1106/675/791 1105/676/790
f 1105/676/790 1101/680/785 1102/679/786
f 1101/680/45 1105/676/45 1107/677/1017
f 1107/677/1017 1103/681/721 1101/680/45
f 1103/681/788 1107/677/794 1108/678/793
f 1108/678/793 1104/682/787 1103/681/788
f 1104/682/6 1108/678/612 1106/675/447
f 1106/675/447 1102/679/6 1104/682/6
f 1106/675/791 1110/671/1018 1109/672/795
f 1109/672/795 1105/676/790 1106/675/791
f 1105/676/45 1109/672/45 1111/741/45
f 1111/741/45 1107/677/1017 1105/676/45
f 1107/677/794 1111/741/1019 1112/674/797
f 1112/674/797 1108/678/793 1107/677/794
f 1108/678/612 1112/674/983 1110/671/549
f 1110/671/549 1106/675/447 1108/678/612
f 1110/671/1018 1114/667/801 1113/668/800
f 1113/668/800 1109/672/795 1110/671/1018
f 1109/672/45 1113/668/45 1115/669/1017
f 1115/669/1017 1111/741/45 1109/672/45
f 1111/741/1019 1115/669/1020 1116/670/1021
f 1116/670/1021 1112/674/797 1111/741/1019
f 1112/674/983 1116/670/6 1114/667/612
f 1114/667/612 1110/671/549 1112/674/983
f 1114/667/801 1118/663/805 1117/664/804
f 1117/664/804 1113/668/800 1114/667/801
f 1113/668/45 1117/664/760 1119/665/808
f 1119/665/808 1115/669/1017 1113/668/45
f 1115/669/1020 1119/665/1022 1120/666/806
f 1120/666/806 1116/670/1021 1115/669/1020
f 1116/670/6 1120/666/612 1118/663/563
f 1118/663/563 1114/667/612 1116/670/6
f 1118/663/805 1122/659/810 1121/742/1023
f 1121/742/1023 1117/664/804 1118/663/805
f 1117/664/760 1121/742/45 1123/743/668
f 1123/743/668 1119/665/808 1117/664/760
f 1119/665/1022 1123/743/1024 1124/662/812
f 1124/662/812 1120/666/806 1119/665/1022
f 1120/666/612 1124/662/866 1122/659/6
f 1122/659/6 1118/663/563 1120/666/612
f 1122/659/810 1126/652/1025 1125/653/1026
f 1125/653/1026 1121/742/1023 1122/659/810
f 1121/742/45 1125/653/668 1127/744/45
f 1127/744/45 1123/743/668 1121/742/45
f 1123/743/1024 1127/744/1027 1128/745/816
f 1128/745/816 1124/662/812 1123/743/1024
f 1124/662/866 1128/745/711 1126/652/6
f 1126/652/6 1122/659/6 1124/662/866
f 1126/652/1025 973/651/615 974/654/955
f 974/654/955 1125/653/1026 1126/652/1025
f 1125/653/668 974/654/45 977/656/760
f 977/656/760 1127/744/45 1125/653/668
f 1127/744/1027 977/656/619 979/658/620
f 979/658/620 1128/745/816 1127/744/1027
f 1128/745/711 979/658/711 973/651/607
f 973/651/607 1126/652/6 1128/745/711
f 1158/746/1028 1133/747/1029 1129/748/1030
f 1129/748/1030 1148/749/1031 1158/746/1028
f 1161/750/1032 1134/751/1033 1147/752/689
f 1147/752/689 1150/753/544 1161/750/1032
f 1164/754/1034 1135/755/1035 1149/756/1036
f 1149/756/1036 1151/757/1037 1164/754/1034
f 1155/758/919 1136/759/1038 1132/760/623
f 1132/760/623 1145/761/1039 1155/758/919
f 1131/762/1040 1130/763/1041 1146/764/1042
f 1146/764/1042 1152/765/1043 1131/762/1040
f 1177/766/443 1179/767/443 1181/768/443
f 1181/768/443 1183/769/443 1177/766/443
f 1153/770/1044 1157/771/1045 1170/772/1046
f 1170/772/1046 1137/773/1047 1153/770/1044
f 1156/774/1048 1160/775/1049 1173/776/1050
f 1173/776/1050 1138/777/1051 1156/774/1048
f 1159/778/1046 1163/779/1052 1176/780/1053
f 1176/780/1053 1139/781/1054 1159/778/1046
f 1162/782/1055 1154/783/1056 1167/784/1057
f 1167/784/1057 1140/785/1058 1162/782/1055
f 1165/786/1059 1169/787/1060 1180/788/1034
f 1180/788/1034 1141/789/1061 1165/786/1059
f 1168/790/635 1172/791/1062 1182/792/919
f 1182/792/919 1142/793/1038 1168/790/635
f 1171/794/1063 1175/795/1064 1184/796/1028
f 1184/796/1028 1143/797/1065 1171/794/1063
f 1174/798/612 1166/799/1066 1178/800/607
f 1178/800/607 1144/801/1033 1174/798/612
f 1129/748/1030 1257/802/1067 1425/803/1068
f 1425/803/1068 1315/804/1069 1129/748/1030
f 1130/763/1041 1260/805/1070 1426/806/1071
f 1426/806/1071 1318/807/1072 1130/763/1041
f 1131/762/1040 1263/808/1073 1427/809/1074
f 1427/809/1074 1321/810/1075 1131/762/1040
f 1132/760/623 1266/811/1076 1428/812/1077
f 1428/812/1077 1324/813/1078 1132/760/623
f 1133/747/1029 1269/814/1079 1429/815/1080
f 1429/815/1080 1328/816/1081 1133/747/1029
f 1134/751/1033 1273/817/1082 1430/818/1083
f 1430/818/1083 1332/819/1084 1134/751/1033
f 1135/755/1035 1277/820/1085 1431/821/1086
f 1431/821/1086 1336/822/1087 1135/755/1035
f 1136/759/1038 1281/823/1088 1432/824/1089
f 1432/824/1089 1340/825/1090 1136/759/1038
f 1137/773/1047 1285/826/1091 1433/827/1092
f 1433/827/1092 1344/828/1093 1137/773/1047
f 1138/777/1051 1289/829/1094 1434/830/1095
f 1434/830/1095 1348/831/1096 1138/777/1051
f 1139/781/1054 1293/832/1097 1435/833/1098
f 1435/833/1098 1352/834/1099 1139/781/1054
f 1140/785/1058 1297/835/1100 1436/836/1101
f 1436/836/1101 1356/837/1102 1140/785/1058
f 1141/789/1061 1301/838/1103 1437/839/1104
f 1437/839/1104 1359/840/1105 1141/789/1061
f 1142/793/1038 1304/841/1106 1438/842/1107
f 1438/842/1107 1362/843/1090 1142/793/1038
f 1143/797/1065 1307/844/1108 1439/845/1109
f 1439/845/1109 1365/846/1110 1143/797/1065
f 1144/801/1033 1310/847/1111 1440/848/1112
f 1440/848/1112 1368/849/1113 1144/801/1033
f 1315/804/1069 1262/850/1114 1148/749/1031
f 1148/749/1031 1129/748/1030 1315/804/1069
f 1317/851/1115 1276/852/1116 1158/746/1028
f 1158/746/1028 1148/749/1031 1317/851/1115
f 1325/853/1117 1275/854/1118 1157/771/1045
f 1157/771/1045 1153/770/1044 1325/853/1117
f 1328/816/1081 1257/802/1067 1129/748/1030
f 1129/748/1030 1133/747/1029 1328/816/1081
f 1316/855/1119 1265/856/1120 1150/753/544
f 1150/753/544 1147/752/689 1316/855/1119
f 1320/857/1121 1280/858/1122 1161/750/1032
f 1161/750/1032 1150/753/544 1320/857/1121
f 1329/859/1123 1279/860/1124 1160/775/1049
f 1160/775/1049 1156/774/1048 1329/859/1123
f 1319/861/1125 1267/862/1126 1151/757/1037
f 1151/757/1037 1149/756/1036 1319/861/1125
f 1322/863/1127 1284/864/1128 1164/754/1034
f 1164/754/1034 1151/757/1037 1322/863/1127
f 1333/865/1129 1283/866/1130 1163/779/1052
f 1163/779/1052 1159/778/1046 1333/865/1129
f 1324/813/1078 1258/867/1131 1145/761/1039
f 1145/761/1039 1132/760/623 1324/813/1078
f 1337/868/1132 1271/869/1133 1154/783/1056
f 1154/783/1056 1162/782/1055 1337/868/1132
f 1341/870/1134 1291/871/1135 1169/787/1060
f 1169/787/1060 1165/786/1059 1341/870/1134
f 1345/872/1136 1295/873/1137 1172/791/1062
f 1172/791/1062 1168/790/635 1345/872/1136
f 1349/874/1138 1299/875/1139 1175/795/1064
f 1175/795/1064 1171/794/1063 1349/874/1138
f 1353/876/1140 1287/877/1141 1166/799/1066
f 1166/799/1066 1174/798/612 1353/876/1140
f 1154/783/1056 1326/878/1142 1288/879/1143
f 1288/879/1143 1167/784/1057 1154/783/1056
f 1157/771/1045 1330/880/1144 1292/881/1145
f 1292/881/1145 1170/772/1046 1157/771/1045
f 1160/775/1049 1334/882/1146 1296/883/1147
f 1296/883/1147 1173/776/1050 1160/775/1049
f 1163/779/1052 1338/884/1148 1300/885/1149
f 1300/885/1149 1176/780/1053 1163/779/1052
f 1357/886/1150 1305/887/1151 1179/888/1152
f 1179/888/1152 1177/889/1153 1357/886/1150
f 1360/890/1154 1308/891/1154 1181/892/1155
f 1181/892/1155 1179/893/1156 1360/890/1154
f 1363/894/1157 1311/895/1157 1183/896/1158
f 1183/896/1158 1181/897/1159 1363/894/1157
f 1366/898/1160 1302/899/1161 1177/900/1162
f 1177/900/1162 1183/901/1163 1366/898/1160
f 1342/902/1164 1303/903/1165 1178/800/607
f 1178/800/607 1166/799/1066 1342/902/1164
f 1346/904/1166 1306/905/1167 1180/788/1034
f 1180/788/1034 1169/787/1060 1346/904/1166
f 1350/906/1168 1309/907/1169 1182/792/919
f 1182/792/919 1172/791/1062 1350/906/1168
f 1354/908/1170 1312/909/1171 1184/796/1028
f 1184/796/1028 1175/795/1064 1354/908/1170
f 1313/910/1172 1441/911/1173 1369/912/1174
f 1369/912/1174 1185/913/1175 1313/910/1172
f 1314/914/1176 1442/915/1177 1371/916/1178
f 1371/916/1178 1186/917/1179 1314/914/1176
f 1316/855/1119 1443/918/1180 1372/919/1181
f 1372/919/1181 1188/920/1182 1316/855/1119
f 1317/851/1115 1444/921/1183 1374/922/1184
f 1374/922/1184 1189/923/1185 1317/851/1115
f 1319/861/1125 1445/924/1186 1375/925/1187
f 1375/925/1187 1191/926/1188 1319/861/1125
f 1320/857/1121 1446/927/1189 1377/928/1190
f 1377/928/1190 1192/929/1191 1320/857/1121
f 1322/930/1127 1447/931/1192 1378/932/1193
f 1378/932/1193 1194/933/1194 1322/930/1127
f 1323/934/1195 1448/935/1196 1380/936/1197
f 1380/936/1197 1195/937/1198 1323/934/1195
f 1197/938/1199 1325/853/1117 1449/939/1200
f 1449/939/1200 1381/940/1201 1197/938/1199
f 1198/941/1202 1326/878/1142 1450/942/1203
f 1450/942/1203 1383/943/1204 1198/941/1202
f 1245/944/1205 1382/945/1206 1451/946/1207
f 1451/946/1207 1384/947/1208 1245/944/1205
f 1201/948/1209 1329/859/1123 1452/949/1210
f 1452/949/1210 1385/950/1211 1201/948/1209
f 1202/951/1212 1330/880/1144 1453/952/1213
f 1453/952/1213 1387/953/1214 1202/951/1212
f 1246/954/1215 1386/955/1216 1454/956/1217
f 1454/956/1217 1388/957/1218 1246/954/1215
f 1205/958/1219 1333/865/1129 1455/959/1220
f 1455/959/1220 1389/960/1221 1205/958/1219
f 1206/961/1222 1334/882/1146 1456/962/1223
f 1456/962/1223 1391/963/1224 1206/961/1222
f 1247/964/1225 1390/965/1226 1457/966/1227
f 1457/966/1227 1392/967/1228 1247/964/1225
f 1209/968/1229 1337/868/1132 1458/969/1230
f 1458/969/1230 1393/970/1231 1209/968/1229
f 1210/971/1232 1338/884/1148 1459/972/1233
f 1459/972/1233 1395/973/1234 1210/971/1232
f 1248/974/1235 1394/975/1236 1460/976/1237
f 1460/976/1237 1396/977/1238 1248/974/1235
f 1213/978/1239 1341/870/1134 1461/979/1240
f 1461/979/1240 1397/980/1241 1213/978/1239
f 1214/981/1242 1342/902/1164 1462/982/1243
f 1462/983/1243 1399/984/1244 1214/985/1242
f 1249/986/1245 1398/987/1246 1463/988/1247
f 1463/988/1247 1400/989/1248 1249/986/1245
f 1217/990/1249 1345/872/1136 1464/991/1250
f 1464/991/1250 1401/992/1251 1217/990/1249
f 1218/993/1252 1346/994/1166 1465/995/1253
f 1465/995/1253 1403/996/1254 1218/993/1252
f 1250/997/1255 1402/998/1256 1466/999/1257
f 1466/999/1257 1404/1000/1258 1250/997/1255
f 1221/1001/1259 1349/874/1138 1467/1002/1260
f 1467/1002/1260 1405/1003/1261 1221/1001/1259
f 1222/1004/1262 1350/1005/1168 1468/1006/1263
f 1468/1006/1263 1407/1007/1264 1222/1004/1262
f 1251/1008/1265 1406/1009/1266 1469/1010/1267
f 1469/1010/1267 1408/1011/1268 1251/1008/1265
f 1225/1012/1269 1353/876/1140 1470/1013/1270
f 1470/1013/1270 1409/1014/1271 1225/1012/1269
f 1226/1015/1272 1354/908/1170 1471/1016/1273
f 1471/1016/1273 1411/1017/1274 1226/1015/1272
f 1252/1018/1275 1410/1019/1276 1472/1020/1277
f 1472/1020/1277 1412/1021/1278 1252/1018/1275
f 1357/1022/1279 1473/1023/1280 1413/1024/1281
f 1413/1024/1281 1229/1025/1282 1357/1022/1279
f 1358/1026/1283 1474/1027/1284 1415/1028/1285
f 1415/1028/1285 1230/1029/1286 1358/1026/1283
f 1360/1030/1287 1475/1031/1288 1416/1032/1289
f 1416/1032/1289 1232/1033/1290 1360/1030/1287
f 1361/1034/1291 1476/1035/1292 1418/1036/1293
f 1418/1036/1293 1233/1037/1294 1361/1034/1291
f 1363/1038/1295 1477/1039/1296 1419/1040/1297
f 1419/1040/1297 1235/1041/1298 1363/1038/1295
f 1364/1042/1299 1478/1043/1300 1421/1044/1301
f 1421/1044/1301 1236/1045/1302 1364/1042/1299
f 1366/1046/1303 1479/1047/1304 1422/1048/1305
f 1422/1048/1305 1238/1049/1306 1366/1046/1303
f 1367/1050/1307 1480/1051/1308 1424/1052/1309
f 1424/1052/1309 1239/1053/1310 1367/1050/1307
f 1259/1054/1311 1318/807/1072 1190/1055/1312
f 1190/1055/1312 1187/1056/1313 1259/1054/1311
f 1261/1057/1314 1332/819/1084 1204/1058/1315
f 1204/1058/1315 1189/1059/1185 1261/1057/1314
f 1269/814/1079 1331/1060/1316 1203/1061/1317
f 1203/1061/1317 1197/1062/1199 1269/814/1079
f 1272/1063/1318 1313/910/1172 1185/913/1175
f 1185/913/1175 1200/1064/1319 1272/1063/1318
f 1260/805/1070 1321/810/1075 1193/1065/1320
f 1193/1065/1320 1188/1066/1182 1260/805/1070
f 1264/1067/1321 1336/822/1087 1208/1068/1322
f 1208/1068/1322 1192/1069/1191 1264/1067/1321
f 1273/817/1082 1335/1070/1323 1207/1071/1324
f 1207/1071/1324 1201/1072/1209 1273/817/1082
f 1263/808/1073 1323/934/1195 1195/937/1198
f 1195/937/1198 1191/1073/1188 1263/808/1073
f 1266/811/1076 1340/825/1090 1212/1074/1325
f 1212/1074/1325 1194/933/1194 1266/811/1076
f 1277/820/1085 1339/1075/1326 1211/1076/1327
f 1211/1076/1327 1205/1077/1219 1277/820/1085
f 1268/1078/1328 1314/914/1176 1186/917/1179
f 1186/917/1179 1196/1079/1329 1268/1078/1328
f 1281/823/1088 1327/1080/1330 1199/1081/1331
f 1199/1081/1331 1209/1082/1229 1281/823/1088
f 1285/826/1091 1347/1083/1332 1219/1084/1333
f 1219/1084/1333 1213/1085/1239 1285/826/1091
f 1289/829/1094 1351/1086/1334 1223/1087/1335
f 1223/1087/1335 1217/1088/1249 1289/829/1094
f 1293/832/1097 1355/1089/1336 1227/1090/1337
f 1227/1090/1337 1221/1091/1259 1293/832/1097
f 1297/835/1100 1343/1092/1338 1215/1093/1339
f 1215/1093/1339 1225/1094/1269 1297/835/1100
f 1270/1095/1340 1344/828/1093 1216/1096/1341
f 1216/1096/1341 1198/941/1202 1270/1095/1340
f 1274/1097/1342 1348/831/1096 1220/1098/1343
f 1220/1098/1343 1202/951/1212 1274/1097/1342
f 1278/1099/1344 1352/834/1099 1224/1100/1345
f 1224/1100/1345 1206/961/1222 1278/1099/1344
f 1282/1101/1346 1356/837/1102 1228/1102/1347
f 1228/1102/1347 1210/971/1232 1282/1101/1346
f 1301/838/1103 1361/1034/1291 1233/1037/1294
f 1233/1037/1294 1229/1103/1282 1301/838/1103
f 1304/841/1106 1364/1042/1299 1236/1045/1302
f 1236/1045/1302 1232/1104/1290 1304/841/1106
f 1307/844/1108 1367/1050/1307 1239/1053/1310
f 1239/1053/1310 1235/1105/1298 1307/844/1108
f 1310/847/1111 1358/1026/1283 1230/1029/1286
f 1230/1029/1286 1238/1106/1306 1310/847/1111
f 1286/1107/1348 1359/840/1105 1231/1108/1349
f 1231/1108/1349 1214/985/1242 1286/1107/1348
f 1290/1109/1350 1362/843/1090 1234/1110/1351
f 1234/1110/1351 1218/993/1252 1290/1109/1350
f 1294/1111/1352 1365/846/1110 1237/1112/1353
f 1237/1112/1353 1222/1004/1262 1294/1111/1352
f 1298/1113/1354 1368/849/1113 1240/1114/1355
f 1240/1114/1355 1226/1115/1272 1298/1113/1354
f 1257/802/1067 1185/913/1175 1369/912/1174
f 1369/912/1174 1425/803/1068 1257/802/1067
f 1241/1116/1356 1370/1117/1357 1425/803/1068
f 1425/803/1068 1369/912/1174 1241/1116/1356
f 1370/1117/1357 1187/1118/1313 1315/804/1069
f 1315/804/1069 1425/803/1068 1370/1117/1357
f 1260/805/1070 1188/1066/1182 1372/1119/1181
f 1372/1119/1181 1426/806/1071 1260/805/1070
f 1242/1120/1358 1373/1121/1359 1426/806/1071
f 1426/806/1071 1372/1119/1181 1242/1120/1358
f 1373/1121/1359 1190/1055/1312 1318/807/1072
f 1318/807/1072 1426/806/1071 1373/1121/1359
f 1263/808/1073 1191/1073/1188 1375/1122/1187
f 1375/1122/1187 1427/809/1074 1263/808/1073
f 1243/1123/1360 1376/1124/1361 1427/809/1074
f 1427/809/1074 1375/1122/1187 1243/1123/1360
f 1376/1124/1361 1193/1065/1320 1321/810/1075
f 1321/810/1075 1427/809/1074 1376/1124/1361
f 1266/811/1076 1194/933/1194 1378/932/1193
f 1378/932/1193 1428/812/1077 1266/811/1076
f 1244/1125/1362 1379/1126/1363 1428/812/1077
f 1428/812/1077 1378/932/1193 1244/1125/1362
f 1379/1126/1363 1196/1127/1329 1324/813/1078
f 1324/813/1078 1428/812/1077 1379/1126/1363
f 1269/814/1079 1197/1062/1199 1381/1128/1201
f 1381/1128/1201 1429/815/1080 1269/814/1079
f 1245/1129/1205 1384/1130/1208 1429/815/1080
f 1429/815/1080 1381/1128/1201 1245/1129/1205
f 1384/1130/1208 1200/1064/1319 1328/816/1081
f 1328/816/1081 1429/815/1080 1384/1130/1208
f 1273/817/1082 1201/1072/1209 1385/1131/1211
f 1385/1131/1211 1430/818/1083 1273/817/1082
f 1246/1132/1215 1388/1133/1218 1430/818/1083
f 1430/818/1083 1385/1131/1211 1246/1132/1215
f 1388/1133/1218 1204/1058/1315 1332/819/1084
f 1332/819/1084 1430/818/1083 1388/1133/1218
f 1277/820/1085 1205/1077/1219 1389/1134/1221
f 1389/1134/1221 1431/821/1086 1277/820/1085
f 1247/1135/1225 1392/1136/1228 1431/821/1086
f 1431/821/1086 1389/1134/1221 1247/1135/1225
f 1392/1136/1228 1208/1068/1322 1336/822/1087
f 1336/822/1087 1431/821/1086 1392/1136/1228
f 1281/823/1088 1209/1082/1229 1393/1137/1231
f 1393/1137/1231 1432/824/1089 1281/823/1088
f 1248/1138/1235 1396/1139/1238 1432/824/1089
f 1432/824/1089 1393/1137/1231 1248/1138/1235
f 1396/1139/1238 1212/1074/1325 1340/825/1090
f 1340/825/1090 1432/824/1089 1396/1139/1238
f 1285/826/1091 1213/1085/1239 1397/1140/1241
f 1397/1140/1241 1433/827/1092 1285/826/1091
f 1249/986/1245 1400/989/1248 1433/827/1092
f 1433/827/1092 1397/1140/1241 1249/986/1245
f 1400/989/1248 1216/1096/1341 1344/828/1093
f 1344/828/1093 1433/827/1092 1400/989/1248
f 1289/829/1094 1217/1088/1249 1401/1141/1251
f 1401/1141/1251 1434/830/1095 1289/829/1094
f 1250/997/1255 1404/1000/1258 1434/830/1095
f 1434/830/1095 1401/1141/1251 1250/997/1255
f 1404/1000/1258 1220/1098/1343 1348/831/1096
f 1348/831/1096 1434/830/1095 1404/1000/1258
f 1293/832/1097 1221/1091/1259 1405/1142/1261
f 1405/1142/1261 1435/833/1098 1293/832/1097
f 1251/1008/1265 1408/1011/1268 1435/833/1098
f 1435/833/1098 1405/1142/1261 1251/1008/1265
f 1408/1011/1268 1224/1100/1345 1352/834/1099
f 1352/834/1099 1435/833/1098 1408/1011/1268
f 1297/835/1100 1225/1094/1269 1409/1143/1271
f 1409/1143/1271 1436/836/1101 1297/835/1100
f 1252/1018/1275 1412/1021/1278 1436/836/1101
f 1436/836/1101 1409/1143/1271 1252/1018/1275
f 1412/1021/1278 1228/1102/1347 1356/837/1102
f 1356/837/1102 1436/836/1101 1412/1021/1278
f 1301/838/1103 1229/1103/1282 1413/1144/1281
f 1413/1144/1281 1437/839/1104 1301/838/1103
f 1253/1145/1364 1414/1146/1365 1437/839/1104
f 1437/839/1104 1413/1144/1281 1253/1145/1364
f 1414/1146/1365 1231/1108/1349 1359/840/1105
f 1359/840/1105 1437/839/1104 1414/1146/1365
f 1304/841/1106 1232/1104/1290 1416/1147/1289
f 1416/1147/1289 1438/842/1107 1304/841/1106
f 1254/1148/1366 1417/1149/1367 1438/842/1107
f 1438/842/1107 1416/1147/1289 1254/1148/1366
f 1417/1149/1367 1234/1110/1351 1362/843/1090
f 1362/843/1090 1438/842/1107 1417/1149/1367
f 1307/844/1108 1235/1105/1298 1419/1150/1297
f 1419/1150/1297 1439/845/1109 1307/844/1108
f 1255/1151/1368 1420/1152/1369 1439/845/1109
f 1439/845/1109 1419/1150/1297 1255/1151/1368
f 1420/1152/1369 1237/1112/1353 1365/846/1110
f 1365/846/1110 1439/845/1109 1420/1152/1369
f 1310/847/1111 1238/1106/1306 1422/1153/1305
f 1422/1153/1305 1440/848/1112 1310/847/1111
f 1256/1154/1370 1423/1155/1371 1440/848/1112
f 1440/848/1112 1422/1153/1305 1256/1154/1370
f 1423/1155/1371 1240/1114/1355 1368/849/1113
f 1368/849/1113 1440/848/1112 1423/1155/1371
f 1145/761/1039 1258/867/1131 1441/1156/1173
f 1441/1156/1173 1313/1157/1172 1145/761/1039
f 1258/1158/1131 1186/917/1179 1371/916/1178
f 1371/916/1178 1441/1159/1173 1258/1158/1131
f 1441/911/1173 1371/1160/1178 1241/1116/1356
f 1241/1116/1356 1369/912/1174 1441/911/1173
f 1146/764/1042 1259/1054/1311 1442/915/1177
f 1442/915/1177 1314/914/1176 1146/764/1042
f 1259/1054/1311 1187/1056/1313 1370/1161/1357
f 1370/1161/1357 1442/915/1177 1259/1054/1311
f 1442/915/1177 1370/1161/1357 1241/1162/1356
f 1241/1162/1356 1371/916/1178 1442/915/1177
f 1147/752/689 1261/1057/1314 1443/918/1180
f 1443/918/1180 1316/855/1119 1147/752/689
f 1261/1057/1314 1189/1059/1185 1374/1163/1184
f 1374/1163/1184 1443/918/1180 1261/1057/1314
f 1443/918/1180 1374/1163/1184 1242/1164/1358
f 1242/1164/1358 1372/919/1181 1443/918/1180
f 1148/749/1031 1262/850/1114 1444/921/1183
f 1444/921/1183 1317/851/1115 1148/749/1031
f 1262/850/1114 1190/1165/1312 1373/1166/1359
f 1373/1166/1359 1444/921/1183 1262/850/1114
f 1444/921/1183 1373/1166/1359 1242/1167/1358
f 1242/1167/1358 1374/922/1184 1444/921/1183
f 1149/756/1036 1264/1067/1321 1445/924/1186
f 1445/924/1186 1319/861/1125 1149/756/1036
f 1264/1067/1321 1192/1069/1191 1377/1168/1190
f 1377/1168/1190 1445/924/1186 1264/1067/1321
f 1445/924/1186 1377/1168/1190 1243/1169/1360
f 1243/1169/1360 1375/925/1187 1445/924/1186
f 1150/753/544 1265/856/1120 1446/927/1189
f 1446/927/1189 1320/857/1121 1150/753/544
f 1265/856/1120 1193/1170/1320 1376/1171/1361
f 1376/1171/1361 1446/927/1189 1265/856/1120
f 1446/1172/1189 1376/1173/1361 1243/1174/1360
f 1243/1175/1360 1377/1176/1190 1446/1177/1189
f 1151/757/1037 1267/862/1126 1447/1178/1192
f 1447/1178/1192 1322/863/1127 1151/757/1037
f 1267/862/1126 1195/1179/1198 1380/1180/1197
f 1380/1180/1197 1447/1178/1192 1267/862/1126
f 1447/931/1192 1380/1181/1197 1244/1125/1362
f 1244/1125/1362 1378/932/1193 1447/931/1192
f 1152/765/1043 1268/1078/1328 1448/935/1196
f 1448/935/1196 1323/934/1195 1152/765/1043
f 1268/1078/1328 1196/1079/1329 1379/1182/1363
f 1379/1182/1363 1448/935/1196 1268/1078/1328
f 1448/935/1196 1379/1182/1363 1244/1183/1362
f 1244/1183/1362 1380/936/1197 1448/935/1196
f 1325/853/1117 1153/770/1044 1270/1095/1340
f 1270/1095/1340 1449/939/1200 1325/853/1117
f 1198/941/1202 1383/943/1204 1449/939/1200
f 1449/939/1200 1270/1095/1340 1198/941/1202
f 1383/943/1204 1245/944/1205 1381/940/1201
f 1381/940/1201 1449/939/1200 1383/943/1204
f 1326/878/1142 1154/783/1056 1271/869/1133
f 1271/869/1133 1450/942/1203 1326/878/1142
f 1199/1184/1331 1382/945/1206 1450/942/1203
f 1450/942/1203 1271/869/1133 1199/1184/1331
f 1382/945/1206 1245/944/1205 1383/943/1204
f 1383/943/1204 1450/942/1203 1382/945/1206
f 1382/1185/1206 1199/1081/1331 1327/1080/1330
f 1327/1080/1330 1451/1186/1207 1382/1185/1206
f 1155/758/919 1272/1187/1318 1451/1186/1207
f 1451/1186/1207 1327/1080/1330 1155/758/919
f 1272/1063/1318 1200/1064/1319 1384/1130/1208
f 1384/1130/1208 1451/1188/1207 1272/1063/1318
f 1329/859/1123 1156/774/1048 1274/1097/1342
f 1274/1097/1342 1452/949/1210 1329/859/1123
f 1202/951/1212 1387/953/1214 1452/949/1210
f 1452/949/1210 1274/1097/1342 1202/951/1212
f 1387/953/1214 1246/1189/1215 1385/950/1211
f 1385/950/1211 1452/949/1210 1387/953/1214
f 1330/880/1144 1157/771/1045 1275/854/1118
f 1275/854/1118 1453/952/1213 1330/880/1144
f 1203/1190/1317 1386/1191/1216 1453/952/1213
f 1453/952/1213 1275/854/1118 1203/1190/1317
f 1386/1191/1216 1246/1189/1215 1387/953/1214
f 1387/953/1214 1453/952/1213 1386/1191/1216
f 1386/955/1216 1203/1061/1317 1331/1060/1316
f 1331/1060/1316 1454/956/1217 1386/955/1216
f 1158/746/1028 1276/852/1116 1454/956/1217
f 1454/956/1217 1331/1060/1316 1158/746/1028
f 1276/852/1116 1204/1192/1315 1388/957/1218
f 1388/957/1218 1454/956/1217 1276/852/1116
f 1333/865/1129 1159/778/1046 1278/1099/1344
f 1278/1099/1344 1455/959/1220 1333/865/1129
f 1206/961/1222 1391/963/1224 1455/959/1220
f 1455/959/1220 1278/1099/1344 1206/961/1222
f 1391/963/1224 1247/964/1225 1389/960/1221
f 1389/960/1221 1455/959/1220 1391/963/1224
f 1334/882/1146 1160/775/1049 1279/860/1124
f 1279/860/1124 1456/962/1223 1334/882/1146
f 1207/1193/1324 1390/965/1226 1456/962/1223
f 1456/962/1223 1279/860/1124 1207/1193/1324
f 1390/965/1226 1247/964/1225 1391/963/1224
f 1391/963/1224 1456/962/1223 1390/965/1226
f 1390/1194/1226 1207/1071/1324 1335/1070/1323
f 1335/1070/1323 1457/1195/1227 1390/1194/1226
f 1161/750/1032 1280/858/1122 1457/1195/1227
f 1457/1195/1227 1335/1070/1323 1161/750/1032
f 1280/858/1122 1208/1196/1322 1392/1197/1228
f 1392/1197/1228 1457/1195/1227 1280/858/1122
f 1337/868/1132 1162/782/1055 1282/1101/1346
f 1282/1101/1346 1458/969/1230 1337/868/1132
f 1210/971/1232 1395/973/1234 1458/969/1230
f 1458/969/1230 1282/1101/1346 1210/971/1232
f 1395/973/1234 1248/1198/1235 1393/970/1231
f 1393/970/1231 1458/969/1230 1395/973/1234
f 1338/884/1148 1163/779/1052 1283/866/1130
f 1283/866/1130 1459/972/1233 1338/884/1148
f 1211/1199/1327 1394/1200/1236 1459/972/1233
f 1459/972/1233 1283/866/1130 1211/1199/1327
f 1394/1200/1236 1248/1198/1235 1395/973/1234
f 1395/973/1234 1459/972/1233 1394/1200/1236
f 1394/975/1236 1211/1076/1327 1339/1075/1326
f 1339/1075/1326 1460/976/1237 1394/975/1236
f 1164/754/1034 1284/864/1128 1460/976/1237
f 1460/976/1237 1339/1075/1326 1164/754/1034
f 1284/1201/1128 1212/1074/1325 1396/1139/1238
f 1396/977/1238 1460/976/1237 1284/864/1128
f 1341/870/1134 1165/786/1059 1286/1107/1348
f 1286/1107/1348 1461/979/1240 1341/870/1134
f 1214/985/1242 1399/984/1244 1461/979/1240
f 1461/979/1240 1286/1107/1348 1214/985/1242
f 1399/984/1244 1249/1202/1245 1397/980/1241
f 1397/980/1241 1461/979/1240 1399/984/1244
f 1342/902/1164 1166/799/1066 1287/877/1141
f 1287/877/1141 1462/982/1243 1342/902/1164
f 1215/1203/1339 1398/1204/1246 1462/982/1243
f 1462/982/1243 1287/877/1141 1215/1203/1339
f 1398/1205/1246 1249/1202/1245 1399/984/1244
f 1399/984/1244 1462/983/1243 1398/1205/1246
f 1398/987/1246 1215/1093/1339 1343/1092/1338
f 1343/1092/1338 1463/988/1247 1398/987/1246
f 1167/784/1057 1288/879/1143 1463/988/1247
f 1463/988/1247 1343/1092/1338 1167/784/1057
f 1288/879/1143 1216/1096/1341 1400/989/1248
f 1400/989/1248 1463/988/1247 1288/879/1143
f 1345/872/1136 1168/790/635 1290/1109/1350
f 1290/1109/1350 1464/991/1250 1345/872/1136
f 1218/993/1252 1403/996/1254 1464/991/1250
f 1464/991/1250 1290/1109/1350 1218/993/1252
f 1403/996/1254 1250/1206/1255 1401/992/1251
f 1401/992/1251 1464/991/1250 1403/996/1254
f 1346/904/1166 1169/787/1060 1291/871/1135
f 1291/871/1135 1465/1207/1253 1346/904/1166
f 1219/1208/1333 1402/1209/1256 1465/1207/1253
f 1465/1207/1253 1291/871/1135 1219/1208/1333
f 1402/1209/1256 1250/1210/1255 1403/1211/1254
f 1403/1211/1254 1465/1207/1253 1402/1209/1256
f 1402/998/1256 1219/1084/1333 1347/1083/1332
f 1347/1083/1332 1466/999/1257 1402/998/1256
f 1170/772/1046 1292/881/1145 1466/999/1257
f 1466/999/1257 1347/1083/1332 1170/772/1046
f 1292/881/1145 1220/1098/1343 1404/1000/1258
f 1404/1000/1258 1466/999/1257 1292/881/1145
f 1349/874/1138 1171/794/1063 1294/1111/1352
f 1294/1111/1352 1467/1002/1260 1349/874/1138
f 1222/1004/1262 1407/1007/1264 1467/1002/1260
f 1467/1002/1260 1294/1111/1352 1222/1004/1262
f 1407/1007/1264 1251/1212/1265 1405/1003/1261
f 1405/1003/1261 1467/1002/1260 1407/1007/1264
f 1350/906/1168 1172/791/1062 1295/873/1137
f 1295/873/1137 1468/1213/1263 1350/906/1168
f 1223/1087/1335 1406/1009/1266 1468/1214/1263
f 1468/1214/1263 1295/1215/1137 1223/1087/1335
f 1406/1216/1266 1251/1212/1265 1407/1007/1264
f 1407/1007/1264 1468/1006/1263 1406/1216/1266
f 1406/1009/1266 1223/1087/1335 1351/1086/1334
f 1351/1086/1334 1469/1010/1267 1406/1009/1266
f 1173/776/1050 1296/883/1147 1469/1010/1267
f 1469/1010/1267 1351/1086/1334 1173/776/1050
f 1296/883/1147 1224/1100/1345 1408/1011/1268
f 1408/1011/1268 1469/1010/1267 1296/883/1147
f 1353/876/1140 1174/798/612 1298/1113/1354
f 1298/1113/1354 1470/1013/1270 1353/876/1140
f 1226/1115/1272 1411/1217/1274 1470/1013/1270
f 1470/1013/1270 1298/1113/1354 1226/1115/1272
f 1411/1217/1274 1252/1218/1275 1409/1014/1271
f 1409/1014/1271 1470/1013/1270 1411/1217/1274
f 1354/908/1170 1175/795/1064 1299/875/1139
f 1299/875/1139 1471/1016/1273 1354/908/1170
f 1227/1219/1337 1410/1220/1276 1471/1016/1273
f 1471/1016/1273 1299/875/1139 1227/1219/1337
f 1410/1220/1276 1252/1221/1275 1411/1017/1274
f 1411/1017/1274 1471/1016/1273 1410/1220/1276
f 1410/1019/1276 1227/1090/1337 1355/1089/1336
f 1355/1089/1336 1472/1020/1277 1410/1019/1276
f 1176/780/1053 1300/885/1149 1472/1020/1277
f 1472/1020/1277 1355/1089/1336 1176/780/1053
f 1300/885/1149 1228/1102/1347 1412/1021/1278
f 1412/1021/1278 1472/1020/1277 1300/885/1149
f 1177/900/1162 1302/899/1161 1473/1222/1372
f 1473/1223/1373 1357/886/1150 1177/889/1153
f 1302/1224/1374 1230/1225/1286 1415/1226/1285
f 1415/1226/1285 1473/1023/1280 1302/1224/1374
f 1473/1023/1280 1415/1226/1285 1253/1227/1364
f 1253/1227/1364 1413/1024/1281 1473/1023/1280
f 1178/800/607 1303/903/1165 1474/1027/1284
f 1474/1027/1284 1358/1026/1283 1178/800/607
f 1303/903/1165 1231/1228/1349 1414/1229/1365
f 1414/1146/1365 1474/1230/1284 1303/1231/1165
f 1474/1230/1284 1414/1146/1365 1253/1145/1364
f 1253/1145/1364 1415/1232/1285 1474/1230/1284
f 1179/888/1152 1305/887/1151 1475/1233/1375
f 1475/1234/1376 1360/890/1154 1179/893/1156
f 1305/1235/1377 1233/1236/1294 1418/1237/1293
f 1418/1237/1293 1475/1031/1288 1305/1235/1377
f 1475/1031/1288 1418/1237/1293 1254/1238/1366
f 1254/1238/1366 1416/1032/1289 1475/1031/1288
f 1180/788/1034 1306/905/1167 1476/1035/1292
f 1476/1035/1292 1361/1034/1291 1180/788/1034
f 1306/1239/1167 1234/1110/1351 1417/1149/1367
f 1417/1149/1367 1476/1240/1292 1306/1239/1167
f 1476/1240/1292 1417/1149/1367 1254/1148/1366
f 1254/1148/1366 1418/1241/1293 1476/1240/1292
f 1181/892/1155 1308/891/1154 1477/1242/1378
f 1477/1243/1379 1363/894/1157 1181/897/1159
f 1308/1244/1380 1236/1245/1302 1421/1246/1301
f 1421/1246/1301 1477/1039/1296 1308/1244/1380
f 1477/1039/1296 1421/1246/1301 1255/1247/1368
f 1255/1247/1368 1419/1040/1297 1477/1039/1296
f 1182/792/919 1309/907/1169 1478/1043/1300
f 1478/1043/1300 1364/1042/1299 1182/792/919
f 1309/1248/1169 1237/1112/1353 1420/1152/1369
f 1420/1152/1369 1478/1249/1300 1309/1248/1169
f 1478/1249/1300 1420/1152/1369 1255/1151/1368
f 1255/1151/1368 1421/1250/1301 1478/1249/1300
f 1183/896/1158 1311/895/1157 1479/1251/1381
f 1479/1252/1382 1366/898/1160 1183/901/1163
f 1311/1253/1383 1239/1254/1310 1424/1255/1309
f 1424/1255/1309 1479/1047/1304 1311/1253/1383
f 1479/1047/1304 1424/1255/1309 1256/1256/1370
f 1256/1256/1370 1422/1048/1305 1479/1047/1304
f 1184/796/1028 1312/909/1171 1480/1051/1308
f 1480/1051/1308 1367/1050/1307 1184/796/1028
f 1312/909/1171 1240/1257/1355 1423/1258/1371
f 1423/1258/1371 1480/1051/1308 1312/909/1171
f 1480/1051/1308 1423/1258/1371 1256/1259/1370
f 1256/1259/1370 1424/1052/1309 1480/1051/1308
f 1187/1118/1313 1190/1165/1312 1262/850/1114
f 1262/850/1114 1315/804/1069 1187/1118/1313
f 1189/923/1185 1204/1192/1315 1276/852/1116
f 1276/852/1116 1317/851/1115 1189/923/1185
f 1197/938/1199 1203/1190/1317 1275/854/1118
f 1275/854/1118 1325/853/1117 1197/938/1199
f 1200/1064/1319 1185/913/1175 1257/802/1067
f 1257/802/1067 1328/816/1081 1200/1064/1319
f 1188/920/1182 1193/1170/1320 1265/856/1120
f 1265/856/1120 1316/855/1119 1188/920/1182
f 1192/929/1191 1208/1196/1322 1280/858/1122
f 1280/858/1122 1320/857/1121 1192/929/1191
f 1201/948/1209 1207/1193/1324 1279/860/1124
f 1279/860/1124 1329/859/1123 1201/948/1209
f 1191/926/1188 1195/1179/1198 1267/862/1126
f 1267/862/1126 1319/861/1125 1191/926/1188
f 1194/933/1194 1212/1074/1325 1284/1201/1128
f 1284/1201/1128 1322/930/1127 1194/933/1194
f 1205/958/1219 1211/1199/1327 1283/866/1130
f 1283/866/1130 1333/865/1129 1205/958/1219
f 1196/1127/1329 1186/1260/1179 1258/867/1131
f 1258/867/1131 1324/813/1078 1196/1127/1329
f 1209/968/1229 1199/1184/1331 1271/869/1133
f 1271/869/1133 1337/868/1132 1209/968/1229
f 1213/978/1239 1219/1208/1333 1291/871/1135
f 1291/871/1135 1341/870/1134 1213/978/1239
f 1217/990/1249 1223/1261/1335 1295/873/1137
f 1295/873/1137 1345/872/1136 1217/990/1249
f 1221/1001/1259 1227/1219/1337 1299/875/1139
f 1299/875/1139 1349/874/1138 1221/1001/1259
f 1225/1012/1269 1215/1203/1339 1287/877/1141
f 1287/877/1141 1353/876/1140 1225/1012/1269
f 1326/878/1142 1198/941/1202 1216/1096/1341
f 1216/1096/1341 1288/879/1143 1326/878/1142
f 1330/880/1144 1202/951/1212 1220/1098/1343
f 1220/1098/1343 1292/881/1145 1330/880/1144
f 1334/882/1146 1206/961/1222 1224/1100/1345
f 1224/1100/1345 1296/883/1147 1334/882/1146
f 1338/884/1148 1210/971/1232 1228/1102/1347
f 1228/1102/1347 1300/885/1149 1338/884/1148
f 1229/1025/1282 1233/1236/1294 1305/1235/1377
f 1305/1235/1377 1357/1022/1279 1229/1025/1282
f 1232/1033/1290 1236/1245/1302 1308/1244/1380
f 1308/1244/1380 1360/1030/1287 1232/1033/1290
f 1235/1041/1298 1239/1254/1310 1311/1253/1383
f 1311/1253/1383 1363/1038/1295 1235/1041/1298
f 1238/1049/1306 1230/1225/1286 1302/1224/1374
f 1302/1224/1374 1366/1046/1303 1238/1049/1306
f 1214/981/1242 1231/1228/1349 1303/903/1165
f 1303/903/1165 1342/902/1164 1214/981/1242
f 1218/993/1252 1234/1110/1351 1306/1239/1167
f 1306/1239/1167 1346/994/1166 1218/993/1252
f 1222/1004/1262 1237/1112/1353 1309/1248/1169
f 1309/1248/1169 1350/1005/1168 1222/1004/1262
f 1226/1015/1272 1240/1257/1355 1312/909/1171
f 1312/909/1171 1354/908/1170 1226/1015/1272
f 1146/764/1042 1130/763/1041 1318/807/1072
f 1318/807/1072 1259/1054/1311 1146/764/1042
f 1147/752/689 1134/751/1033 1332/819/1084
f 1332/819/1084 1261/1057/1314 1147/752/689
f 1133/747/1029 1158/746/1028 1331/1060/1316
f 1331/1060/1316 1269/814/1079 1133/747/1029
f 1155/758/919 1145/761/1039 1313/1157/1172
f 1313/1157/1172 1272/1187/1318 1155/758/919
f 1130/763/1041 1131/762/1040 1321/810/1075
f 1321/810/1075 1260/805/1070 1130/763/1041
f 1149/756/1036 1135/755/1035 1336/822/1087
f 1336/822/1087 1264/1067/1321 1149/756/1036
f 1134/751/1033 1161/750/1032 1335/1070/1323
f 1335/1070/1323 1273/817/1082 1134/751/1033
f 1131/762/1040 1152/765/1043 1323/934/1195
f 1323/934/1195 1263/808/1073 1131/762/1040
f 1132/760/623 1136/759/1038 1340/825/1090
f 1340/825/1090 1266/811/1076 1132/760/623
f 1135/755/1035 1164/754/1034 1339/1075/1326
f 1339/1075/1326 1277/820/1085 1135/755/1035
f 1152/765/1043 1146/764/1042 1314/914/1176
f 1314/914/1176 1268/1078/1328 1152/765/1043
f 1136/759/1038 1155/758/919 1327/1080/1330
f 1327/1080/1330 1281/823/1088 1136/759/1038
f 1137/773/1047 1170/772/1046 1347/1083/1332
f 1347/1083/1332 1285/826/1091 1137/773/1047
f 1138/777/1051 1173/776/1050 1351/1086/1334
f 1351/1086/1334 1289/829/1094 1138/777/1051
f 1139/781/1054 1176/780/1053 1355/1089/1336
f 1355/1089/1336 1293/832/1097 1139/781/1054
f 1140/785/1058 1167/784/1057 1343/1092/1338
f 1343/1092/1338 1297/835/1100 1140/785/1058
f 1153/770/1044 1137/773/1047 1344/828/1093
f 1344/828/1093 1270/1095/1340 1153/770/1044
f 1156/774/1048 1138/777/1051 1348/831/1096
f 1348/831/1096 1274/1097/1342 1156/774/1048
f 1159/778/1046 1139/781/1054 1352/834/1099
f 1352/834/1099 1278/1099/1344 1159/778/1046
f 1162/782/1055 1140/785/1058 1356/837/1102
f 1356/837/1102 1282/1101/1346 1162/782/1055
f 1141/789/1061 1180/788/1034 1361/1034/1291
f 1361/1034/1291 1301/838/1103 1141/789/1061
f 1142/793/1038 1182/792/919 1364/1042/1299
f 1364/1042/1299 1304/841/1106 1142/793/1038
f 1143/797/1065 1184/796/1028 1367/1050/1307
f 1367/1050/1307 1307/844/1108 1143/797/1065
f 1144/801/1033 1178/800/607 1358/1026/1283
f 1358/1026/1283 1310/847/1111 1144/801/1033
f 1165/786/1059 1141/789/1061 1359/840/1105
f 1359/840/1105 1286/1107/1348 1165/786/1059
f 1168/790/635 1142/793/1038 1362/843/1090
f 1362/843/1090 1290/1109/1350 1168/790/635
f 1171/794/1063 1143/797/1065 1365/846/1110
f 1365/846/1110 1294/1111/1352 1171/794/1063
f 1174/798/612 1144/801/1033 1368/849/1113
f 1368/849/1113 1298/1113/1354 1174/798/612
f 1482/1262/1384 1483/1262/1385 1484/1263/1386
f 1484/1263/1386 1481/1263/1387 1482/1262/1384
f 1978/1264/1388 1979/1264/1389 1974/1265/1389
f 1974/1265/1389 1975/1265/1390 1978/1264/1388
f 1488/1266/1391 1489/1267/1392 1490/1267/1389
f 1490/1267/1389 1487/1266/1393 1488/1266/1391
f 1809/1268/1394 1492/1269/458 1493/1269/45
f 1493/1269/45 1491/1270/1395 1809/1268/1394
f 1494/1271/1396 1495/1272/1397 1496/1273/1398
f 1496/1273/1398 1497/1274/1399 1494/1271/1396
f 1498/1275/1400 1499/1276/1401 1500/1277/1402
f 1500/1277/1402 1501/1278/1403 1498/1275/1400
f 1818/1279/1404 1819/1280/1405 1814/1280/1406
f 1814/1280/1406 1815/1279/1407 1818/1279/1404
f 1819/1280/1405 1823/1281/1408 1822/1281/1409
f 1822/1281/1409 1814/1280/1406 1819/1280/1405
f 1830/1262/1410 1831/1282/1411 1826/1283/1412
f 1826/1283/1412 1827/1262/1413 1830/1262/1410
f 1831/1282/1411 1835/1284/1414 1834/1284/1415
f 1834/1284/1415 1826/1283/1412 1831/1282/1411
f 1484/1263/1386 1513/1285/1416 1514/1285/1417
f 1514/1285/1417 1481/1263/1387 1484/1263/1386
f 1513/1285/1416 1506/1281/1418 1515/1281/1419
f 1515/1281/1419 1514/1285/1417 1513/1285/1416
f 1486/1286/1420 1516/1287/1421 1517/1287/1422
f 1517/1287/1422 1485/1286/1423 1486/1286/1420
f 1516/1287/1421 1511/1284/1424 1518/1284/1425
f 1518/1284/1425 1517/1287/1422 1516/1287/1421
f 1520/1288/956 1521/1289/45 1522/1290/45
f 1522/1290/45 1519/1291/668 1520/1288/956
f 1523/1292/1426 1524/1293/1427 1521/1289/45
f 1521/1289/45 1520/1288/956 1523/1292/1426
f 1525/1294/1428 1526/1294/1389 1490/1267/1389
f 1490/1267/1389 1489/1267/1392 1525/1294/1428
f 1526/1294/1389 1525/1294/1428 1592/1295/1429
f 1592/1295/1429 1591/1295/1389 1526/1294/1389
f 1528/1296/1430 1529/1297/1431 1530/1298/1432
f 1530/1298/1432 1527/1299/1433 1528/1296/1430
f 1494/1271/1396 1497/1274/1399 1529/1297/1431
f 1529/1297/1431 1528/1296/1430 1494/1271/1396
f 1495/1272/1397 1531/1300/1434 1532/1301/1435
f 1532/1301/1435 1496/1273/1398 1495/1272/1397
f 1532/1301/1435 1531/1300/1434 1598/1302/1436
f 1598/1302/1436 1597/1303/1437 1532/1301/1435
f 1810/1304/1438 1534/1304/1439 1535/1305/444
f 1535/1305/444 1533/1305/1440 1810/1304/1438
f 1533/1305/1440 1535/1305/444 1537/1306/444
f 1537/1306/444 1536/1307/1441 1533/1305/1440
f 1538/1308/621 1539/1308/45 1493/1269/45
f 1493/1269/45 1492/1269/458 1538/1308/621
f 1519/1291/668 1522/1290/45 1539/1308/45
f 1539/1308/45 1538/1308/621 1519/1291/668
f 1541/1309/1442 1542/1310/1443 1543/1311/1444
f 1543/1311/1444 1540/1312/1445 1541/1309/1442
f 1498/1275/1400 1501/1278/1403 1542/1310/1443
f 1542/1310/1443 1541/1309/1442 1498/1275/1400
f 1527/1299/1433 1530/1298/1432 1545/1313/1446
f 1545/1313/1446 1544/1314/1447 1527/1299/1433
f 1499/1276/1401 1544/1314/1447 1545/1313/1446
f 1545/1313/1446 1500/1277/1402 1499/1276/1401
f 1571/1315/1448 1612/1315/1449 1546/1279/1450
f 1546/1279/1450 1503/1279/1451 1571/1315/1448
f 1986/1316/1441 1988/1316/444 1981/1317/444
f 1981/1317/444 1983/1317/1452 1986/1316/1441
f 1994/1318/1453 1995/1319/1454 1990/1320/1455
f 1990/1320/1455 1991/1321/1456 1994/1318/1453
f 1548/1322/1457 1549/1323/1458 1550/1323/1459
f 1550/1323/1459 1547/1322/1460 1548/1322/1457
f 1554/1324/1389 1555/1324/1428 1556/1325/1461
f 1556/1325/1461 1553/1325/1462 1554/1324/1389
f 1558/1326/6 1559/1326/564 1812/1327/1463
f 1812/1327/1463 1557/1327/1464 1558/1326/6
f 1560/1328/1465 1561/1329/1466 1562/1330/1467
f 1562/1330/1467 1563/1331/1468 1560/1328/1465
f 1564/1332/1469 1565/1333/1470 1566/1334/1471
f 1566/1334/1471 1567/1335/1472 1564/1332/1469
f 1842/1315/1473 1843/1336/1474 1838/1336/1475
f 1838/1336/1475 1839/1315/1448 1842/1315/1473
f 1843/1336/1474 1847/1337/1476 1846/1337/1477
f 1846/1337/1477 1838/1336/1475 1843/1336/1474
f 1854/1323/1478 1855/1338/1479 1850/1338/1480
f 1850/1338/1480 1851/1323/1481 1854/1323/1478
f 1855/1338/1479 1859/1339/1482 1858/1339/1483
f 1858/1339/1483 1850/1338/1480 1855/1338/1479
f 1579/1340/1484 1580/1340/1485 1548/1322/1457
f 1548/1322/1457 1547/1322/1460 1579/1340/1484
f 1581/1337/1486 1573/1337/1487 1580/1340/1485
f 1580/1340/1485 1579/1340/1484 1581/1337/1486
f 1582/1341/1488 1583/1341/1489 1552/1342/1490
f 1552/1342/1490 1551/1342/1491 1582/1341/1488
f 1584/1339/1492 1578/1339/1493 1583/1341/1489
f 1583/1341/1489 1582/1341/1488 1584/1339/1492
f 1586/1343/6 1587/1344/6 1588/1344/866
f 1588/1344/866 1585/1343/866 1586/1343/6
f 1587/1344/6 1589/1345/1494 1590/1345/1495
f 1590/1345/1495 1588/1344/866 1587/1344/6
f 1554/1324/1389 1591/1295/1389 1592/1295/1429
f 1592/1295/1429 1555/1324/1428 1554/1324/1389
f 1594/1346/1496 1595/1347/1497 1596/1348/1498
f 1596/1348/1498 1593/1349/1499 1594/1346/1496
f 1595/1347/1497 1561/1329/1466 1560/1328/1465
f 1560/1328/1465 1596/1348/1498 1595/1347/1497
f 1563/1331/1468 1562/1330/1467 1597/1303/1437
f 1597/1303/1437 1598/1302/1436 1563/1331/1468
f 1600/1350/444 1601/1351/1500 1811/1351/1501
f 1811/1351/1501 1599/1350/1440 1600/1350/444
f 1603/1352/444 1600/1350/444 1599/1350/1440
f 1599/1350/1440 1602/1352/1452 1603/1352/444
f 1558/1326/6 1604/1353/6 1605/1353/866
f 1605/1353/866 1559/1326/564 1558/1326/6
f 1604/1353/6 1586/1343/6 1585/1343/866
f 1585/1343/866 1605/1353/866 1604/1353/6
f 1607/1354/1502 1608/1355/1443 1609/1356/1503
f 1609/1356/1503 1606/1357/1504 1607/1354/1502
f 1608/1355/1443 1565/1333/1470 1564/1332/1469
f 1564/1332/1469 1609/1356/1503 1608/1355/1443
f 1611/1358/1505 1594/1346/1496 1593/1349/1499
f 1593/1349/1499 1610/1359/1506 1611/1358/1505
f 1567/1335/1472 1566/1334/1471 1611/1358/1505
f 1611/1358/1505 1610/1359/1506 1567/1335/1472
f 1481/1263/1387 1665/1360/1507 1666/1361/1508
f 1666/1361/1508 1482/1262/1384 1481/1263/1387
f 1975/1265/1390 1999/1362/1509 1998/1363/1510
f 1998/1363/1510 1978/1264/1388 1975/1265/1390
f 1999/1362/1509 2003/1364/1511 2002/1365/1512
f 2002/1365/1512 1998/1363/1510 1999/1362/1509
f 1487/1266/1393 1671/1366/1513 1613/1366/1514
f 1613/1366/1514 1488/1266/1391 1487/1266/1393
f 1671/1366/1513 1672/1367/1515 1618/1367/1516
f 1618/1367/1516 1613/1366/1514 1671/1366/1513
f 1488/1266/1391 1615/1368/1517 1673/1369/1518
f 1673/1369/1518 1489/1267/1392 1488/1266/1391
f 1615/1368/1517 1617/1370/1519 1674/1371/1520
f 1674/1371/1520 1673/1369/1518 1615/1368/1517
f 1491/1270/1395 1675/1372/1521 1621/1373/1522
f 1621/1373/1522 1809/1268/1394 1491/1270/1395
f 1675/1372/1521 1676/1374/1523 1626/1374/1524
f 1626/1374/1524 1621/1373/1522 1675/1372/1521
f 1809/1268/1394 1623/1375/1525 1677/1376/1526
f 1677/1376/1526 1492/1269/458 1809/1268/1394
f 1623/1375/1525 1625/1377/1527 1678/1378/1528
f 1678/1378/1528 1677/1376/1526 1623/1375/1525
f 1495/1272/1397 1494/1271/1396 1679/1379/1529
f 1679/1379/1529 1680/1380/1530 1495/1272/1397
f 1679/1379/1529 1681/1381/1531 1682/1382/1532
f 1682/1382/1532 1680/1380/1530 1679/1379/1529
f 1496/1273/1398 1683/1383/1533 1684/1384/1534
f 1684/1384/1534 1497/1274/1399 1496/1273/1398
f 1683/1383/1533 1674/1371/1520 1617/1370/1519
f 1617/1370/1519 1684/1384/1534 1683/1383/1533
f 1499/1276/1401 1498/1275/1400 1685/1385/1535
f 1685/1385/1535 1686/1386/1536 1499/1276/1401
f 1685/1385/1535 1687/1387/1537 1688/1388/1538
f 1688/1388/1538 1686/1386/1536 1685/1385/1535
f 1500/1277/1402 1689/1389/1539 1690/1390/1540
f 1690/1390/1540 1501/1278/1403 1500/1277/1402
f 1689/1389/1539 1678/1378/1528 1625/1377/1527
f 1625/1377/1527 1690/1390/1540 1689/1389/1539
f 1693/1391/1541 1692/1392/1542 1694/1393/1543
f 1694/1393/1543 1682/1382/1532 1693/1391/1541
f 1691/1280/1544 1693/1391/1541 1695/1394/1545
f 1695/1394/1545 1515/1281/1419 1691/1280/1544
f 1693/1391/1541 1682/1382/1532 1681/1381/1531
f 1681/1381/1531 1695/1394/1545 1693/1391/1541
f 1697/1395/1546 1666/1361/1508 1668/1396/1547
f 1668/1396/1547 1688/1388/1538 1697/1395/1546
f 1696/1282/1548 1697/1395/1546 1698/1397/1549
f 1698/1397/1549 1518/1284/1425 1696/1282/1548
f 1697/1395/1546 1688/1388/1538 1687/1387/1537
f 1687/1387/1537 1698/1397/1549 1697/1395/1546
f 1699/1398/1550 1700/1399/1551 1667/1400/1552
f 1667/1400/1552 1665/1360/1507 1699/1398/1550
f 1515/1281/1419 1695/1394/1545 1699/1398/1550
f 1699/1398/1550 1514/1285/1417 1515/1281/1419
f 1695/1394/1545 1681/1381/1531 1700/1399/1551
f 1700/1399/1551 1699/1398/1550 1695/1394/1545
f 1517/1287/1422 1701/1401/1553 1669/1402/1554
f 1669/1402/1554 1485/1286/1423 1517/1287/1422
f 1701/1401/1553 1702/1403/1555 1670/1404/1556
f 1670/1404/1556 1669/1402/1554 1701/1401/1553
f 1518/1284/1425 1698/1397/1549 1701/1401/1553
f 1701/1401/1553 1517/1287/1422 1518/1284/1425
f 1519/1291/668 1703/1405/1557 1704/1406/1558
f 1704/1406/1558 1520/1288/956 1519/1291/668
f 1703/1405/1557 1705/1407/1559 1706/1408/1560
f 1706/1408/1560 1704/1406/1558 1703/1405/1557
f 1520/1288/956 1704/1406/1558 1629/1409/1561
f 1629/1409/1561 1523/1292/1426 1520/1288/956
f 1704/1406/1558 1706/1408/1560 1632/1410/1562
f 1632/1410/1562 1629/1409/1561 1704/1406/1558
f 1523/1292/1426 1631/1411/1563 1707/1411/1564
f 1707/1411/1564 1524/1293/1427 1523/1292/1426
f 1631/1411/1563 1618/1367/1516 1672/1367/1515
f 1672/1367/1515 1707/1411/1564 1631/1411/1563
f 1489/1267/1392 1673/1369/1518 1708/1412/1565
f 1708/1412/1565 1525/1294/1428 1489/1267/1392
f 1673/1369/1518 1674/1371/1520 1709/1413/1566
f 1709/1413/1566 1708/1412/1565 1673/1369/1518
f 1775/1414/1567 1774/1415/1568 1708/1412/1565
f 1708/1412/1565 1709/1413/1566 1775/1414/1567
f 1527/1299/1433 1710/1416/1569 1711/1417/1570
f 1711/1417/1570 1528/1296/1430 1527/1299/1433
f 1710/1416/1569 1667/1400/1552 1700/1399/1551
f 1700/1399/1551 1711/1417/1570 1710/1416/1569
f 1529/1297/1431 1712/1418/1571 1713/1419/1572
f 1713/1419/1572 1530/1298/1432 1529/1297/1431
f 1712/1418/1571 1706/1408/1560 1705/1407/1559
f 1705/1407/1559 1713/1419/1572 1712/1418/1571
f 1528/1296/1430 1711/1417/1570 1679/1379/1529
f 1679/1379/1529 1494/1271/1396 1528/1296/1430
f 1711/1417/1570 1700/1399/1551 1681/1381/1531
f 1681/1381/1531 1679/1379/1529 1711/1417/1570
f 1497/1274/1399 1714/1420/1573 1712/1418/1571
f 1712/1418/1571 1529/1297/1431 1497/1274/1399
f 1714/1420/1573 1632/1410/1562 1706/1408/1560
f 1706/1408/1560 1712/1418/1571 1714/1420/1573
f 1531/1300/1434 1495/1272/1397 1680/1380/1530
f 1680/1380/1530 1715/1421/1574 1531/1300/1434
f 1715/1421/1574 1680/1380/1530 1682/1382/1532
f 1682/1382/1532 1694/1393/1543 1715/1421/1574
f 1532/1301/1435 1716/1422/1575 1683/1383/1533
f 1683/1383/1533 1496/1273/1398 1532/1301/1435
f 1716/1422/1575 1709/1413/1566 1674/1371/1520
f 1674/1371/1520 1683/1383/1533 1716/1422/1575
f 1782/1423/1576 1598/1302/1436 1531/1300/1434
f 1531/1300/1434 1715/1421/1574 1782/1423/1576
f 1760/1424/1577 1782/1423/1576 1715/1421/1574
f 1715/1421/1574 1694/1393/1543 1760/1424/1577
f 1716/1422/1575 1532/1301/1435 1597/1303/1437
f 1597/1303/1437 1781/1425/1578 1716/1422/1575
f 1716/1422/1575 1781/1425/1578 1775/1414/1567
f 1775/1414/1567 1709/1413/1566 1716/1422/1575
f 1533/1305/1440 1717/1426/1579 1634/1427/1580
f 1634/1427/1580 1810/1304/1438 1533/1305/1440
f 1717/1426/1579 1718/1428/1581 1637/1429/1582
f 1637/1429/1582 1634/1427/1580 1717/1426/1579
f 1810/1304/1438 1636/1430/1583 1719/1430/1584
f 1719/1430/1584 1534/1304/1439 1810/1304/1438
f 1636/1430/1583 1626/1374/1524 1676/1374/1523
f 1676/1374/1523 1719/1430/1584 1636/1430/1583
f 1536/1307/1441 1720/1431/1585 1717/1426/1579
f 1717/1426/1579 1533/1305/1440 1536/1307/1441
f 1720/1431/1585 1721/1432/1586 1718/1428/1581
f 1718/1428/1581 1717/1426/1579 1720/1431/1585
f 1492/1269/458 1677/1376/1526 1722/1433/1587
f 1722/1433/1587 1538/1308/621 1492/1269/458
f 1677/1376/1526 1678/1378/1528 1723/1434/1588
f 1723/1434/1588 1722/1433/1587 1677/1376/1526
f 1540/1312/1445 1724/1435/1589 1725/1436/1590
f 1725/1436/1590 1541/1309/1442 1540/1312/1445
f 1724/1435/1589 1670/1404/1556 1702/1403/1555
f 1702/1403/1555 1725/1436/1590 1724/1435/1589
f 1542/1310/1443 1726/1437/1591 1727/1438/1592
f 1727/1438/1592 1543/1311/1444 1542/1310/1443
f 1726/1437/1591 1718/1428/1581 1721/1432/1586
f 1721/1432/1586 1727/1438/1592 1726/1437/1591
f 1541/1309/1442 1725/1436/1590 1685/1385/1535
f 1685/1385/1535 1498/1275/1400 1541/1309/1442
f 1725/1436/1590 1702/1403/1555 1687/1387/1537
f 1687/1387/1537 1685/1385/1535 1725/1436/1590
f 1501/1278/1403 1728/1439/1593 1726/1437/1591
f 1726/1437/1591 1542/1310/1443 1501/1278/1403
f 1728/1439/1593 1637/1429/1582 1718/1428/1581
f 1718/1428/1581 1726/1437/1591 1728/1439/1593
f 1544/1314/1447 1729/1440/1594 1710/1416/1569
f 1710/1416/1569 1527/1299/1433 1544/1314/1447
f 1530/1298/1432 1713/1419/1572 1730/1441/1595
f 1730/1441/1595 1545/1313/1446 1530/1298/1432
f 1544/1314/1447 1499/1276/1401 1686/1386/1536
f 1686/1386/1536 1729/1440/1594 1544/1314/1447
f 1729/1440/1594 1686/1386/1536 1688/1388/1538
f 1688/1388/1538 1668/1396/1547 1729/1440/1594
f 1545/1313/1446 1730/1441/1595 1689/1389/1539
f 1689/1389/1539 1500/1277/1402 1545/1313/1446
f 1730/1441/1595 1723/1434/1588 1678/1378/1528
f 1678/1378/1528 1689/1389/1539 1730/1441/1595
f 1692/1392/1542 1546/1279/1450 1612/1315/1449
f 1612/1315/1449 1759/1442/1596 1692/1392/1542
f 1692/1392/1542 1759/1442/1596 1760/1424/1577
f 1760/1424/1577 1694/1393/1543 1692/1392/1542
f 1983/1317/1452 2007/1443/1597 2006/1444/1598
f 2006/1444/1598 1986/1316/1441 1983/1317/1452
f 2007/1443/1597 2011/1445/1599 2010/1446/1600
f 2010/1446/1600 2006/1444/1598 2007/1443/1597
f 1991/1321/1456 2015/1447/1601 2014/1448/1602
f 2014/1448/1602 1994/1318/1453 1991/1321/1456
f 2015/1447/1601 2002/1365/1512 2003/1364/1511
f 2003/1364/1511 2014/1448/1602 2015/1447/1601
f 1995/1319/1454 2019/1449/1603 2018/1450/1604
f 2018/1450/1604 1990/1320/1455 1995/1319/1454
f 2019/1449/1603 2010/1446/1600 2011/1445/1599
f 2011/1445/1599 2018/1450/1604 2019/1449/1603
f 1550/1323/1459 1731/1451/1605 1732/1452/1606
f 1732/1452/1606 1547/1322/1460 1550/1323/1459
f 1555/1324/1428 1737/1453/1607 1639/1454/1608
f 1639/1454/1608 1556/1325/1461 1555/1324/1428
f 1737/1453/1607 1738/1455/1609 1644/1456/1610
f 1644/1456/1610 1639/1454/1608 1737/1453/1607
f 1556/1325/1461 1641/1457/1611 1739/1458/1612
f 1739/1458/1612 1553/1325/1462 1556/1325/1461
f 1641/1457/1611 1643/1459/1613 1740/1459/1614
f 1740/1459/1614 1739/1458/1612 1641/1457/1611
f 1559/1326/564 1741/1460/1615 1647/1461/1616
f 1647/1461/1616 1812/1327/1463 1559/1326/564
f 1741/1460/1615 1742/1462/1617 1652/1463/1618
f 1652/1463/1618 1647/1461/1616 1741/1460/1615
f 1812/1327/1463 1649/1464/1619 1743/1464/1620
f 1743/1464/1620 1557/1327/1464 1812/1327/1463
f 1649/1464/1619 1651/1465/1621 1744/1465/1622
f 1744/1465/1622 1743/1464/1620 1649/1464/1619
f 1561/1329/1466 1745/1466/1623 1746/1467/1624
f 1746/1467/1624 1562/1330/1467 1561/1329/1466
f 1745/1466/1623 1644/1456/1610 1738/1455/1609
f 1738/1455/1609 1746/1467/1624 1745/1466/1623
f 1563/1331/1468 1747/1468/1625 1748/1469/1626
f 1748/1469/1626 1560/1328/1465 1563/1331/1468
f 1747/1468/1625 1749/1470/1627 1750/1471/1628
f 1750/1471/1628 1748/1469/1626 1747/1468/1625
f 1565/1333/1470 1751/1472/1629 1752/1473/1630
f 1752/1473/1630 1566/1334/1471 1565/1333/1470
f 1751/1472/1629 1652/1463/1618 1742/1462/1617
f 1742/1462/1617 1752/1473/1630 1751/1472/1629
f 1567/1335/1472 1753/1474/1631 1754/1475/1632
f 1754/1475/1632 1564/1332/1469 1567/1335/1472
f 1753/1474/1631 1755/1476/1633 1756/1477/1634
f 1756/1477/1634 1754/1475/1632 1753/1474/1631
f 1758/1478/1635 1749/1470/1627 1760/1424/1577
f 1760/1424/1577 1759/1442/1596 1758/1478/1635
f 1581/1337/1486 1761/1479/1636 1758/1478/1635
f 1758/1478/1635 1757/1336/1637 1581/1337/1486
f 1761/1479/1636 1750/1471/1628 1749/1470/1627
f 1749/1470/1627 1758/1478/1635 1761/1479/1636
f 1762/1338/1638 1763/1480/1639 1731/1451/1605
f 1731/1451/1605 1550/1323/1459 1762/1338/1638
f 1584/1339/1492 1764/1481/1640 1763/1480/1639
f 1763/1480/1639 1762/1338/1638 1584/1339/1492
f 1764/1481/1640 1756/1477/1634 1755/1476/1633
f 1755/1476/1633 1763/1480/1639 1764/1481/1640
f 1547/1322/1460 1732/1452/1606 1765/1482/1641
f 1765/1482/1641 1579/1340/1484 1547/1322/1460
f 1551/1342/1491 1735/1483/1642 1767/1484/1643
f 1767/1484/1643 1582/1341/1488 1551/1342/1491
f 1767/1484/1643 1735/1483/1642 1736/1485/1644
f 1736/1485/1644 1768/1486/1645 1767/1484/1643
f 1582/1341/1488 1767/1484/1643 1764/1481/1640
f 1764/1481/1640 1584/1339/1492 1582/1341/1488
f 1588/1344/866 1769/1487/1646 1770/1488/1647
f 1770/1488/1647 1585/1343/866 1588/1344/866
f 1769/1487/1646 1771/1489/1648 1772/1490/1649
f 1772/1490/1649 1770/1488/1647 1769/1487/1646
f 1589/1345/1494 1773/1491/1650 1655/1491/1651
f 1655/1491/1651 1590/1345/1495 1589/1345/1494
f 1773/1491/1650 1740/1459/1614 1643/1459/1613
f 1643/1459/1613 1655/1491/1651 1773/1491/1650
f 1590/1345/1495 1657/1492/1652 1769/1487/1646
f 1769/1487/1646 1588/1344/866 1590/1345/1495
f 1657/1492/1652 1659/1493/1653 1771/1489/1648
f 1771/1489/1648 1769/1487/1646 1657/1492/1652
f 1592/1295/1429 1774/1415/1568 1737/1453/1607
f 1737/1453/1607 1555/1324/1428 1592/1295/1429
f 1774/1415/1568 1775/1414/1567 1738/1455/1609
f 1738/1455/1609 1737/1453/1607 1774/1415/1568
f 1594/1346/1496 1776/1494/1654 1777/1495/1655
f 1777/1495/1655 1595/1347/1497 1594/1346/1496
f 1776/1494/1654 1772/1490/1649 1771/1489/1648
f 1771/1489/1648 1777/1495/1655 1776/1494/1654
f 1593/1349/1499 1596/1348/1498 1778/1496/1656
f 1778/1496/1656 1779/1497/1657 1593/1349/1499
f 1779/1497/1657 1778/1496/1656 1766/1498/1658
f 1766/1498/1658 1734/1499/1659 1779/1497/1657
f 1595/1347/1497 1777/1495/1655 1780/1500/1660
f 1780/1500/1660 1561/1329/1466 1595/1347/1497
f 1777/1495/1655 1771/1489/1648 1659/1493/1653
f 1659/1493/1653 1780/1500/1660 1777/1495/1655
f 1596/1348/1498 1560/1328/1465 1748/1469/1626
f 1748/1469/1626 1778/1496/1656 1596/1348/1498
f 1748/1469/1626 1750/1471/1628 1766/1498/1658
f 1766/1498/1658 1778/1496/1656 1748/1469/1626
f 1562/1330/1467 1746/1467/1624 1781/1425/1578
f 1781/1425/1578 1597/1303/1437 1562/1330/1467
f 1746/1467/1624 1738/1455/1609 1775/1414/1567
f 1775/1414/1567 1781/1425/1578 1746/1467/1624
f 1598/1302/1436 1782/1423/1576 1747/1468/1625
f 1747/1468/1625 1563/1331/1468 1598/1302/1436
f 1782/1423/1576 1760/1424/1577 1749/1470/1627
f 1749/1470/1627 1747/1468/1625 1782/1423/1576
f 1601/1351/1500 1783/1501/1661 1660/1501/1662
f 1660/1501/1662 1811/1351/1501 1601/1351/1500
f 1783/1501/1661 1744/1465/1622 1651/1465/1621
f 1651/1465/1621 1660/1501/1662 1783/1501/1661
f 1811/1351/1501 1662/1502/1663 1784/1503/1664
f 1784/1503/1664 1599/1350/1440 1811/1351/1501
f 1662/1502/1663 1664/1504/1665 1785/1505/1666
f 1785/1505/1666 1784/1503/1664 1662/1502/1663
f 1599/1350/1440 1784/1503/1664 1786/1506/1667
f 1786/1506/1667 1602/1352/1452 1599/1350/1440
f 1784/1503/1664 1785/1505/1666 1787/1507/1668
f 1787/1507/1668 1786/1506/1667 1784/1503/1664
f 1605/1353/866 1788/1508/1669 1741/1460/1615
f 1741/1460/1615 1559/1326/564 1605/1353/866
f 1788/1508/1669 1789/1509/1670 1742/1462/1617
f 1742/1462/1617 1741/1460/1615 1788/1508/1669
f 1585/1343/866 1770/1488/1647 1788/1508/1669
f 1788/1508/1669 1605/1353/866 1585/1343/866
f 1607/1354/1502 1790/1510/1671 1791/1511/1672
f 1791/1511/1672 1608/1355/1443 1607/1354/1502
f 1790/1510/1671 1787/1507/1668 1785/1505/1666
f 1785/1505/1666 1791/1511/1672 1790/1510/1671
f 1606/1357/1504 1609/1356/1503 1792/1512/1673
f 1792/1512/1673 1793/1513/1674 1606/1357/1504
f 1793/1513/1674 1792/1512/1673 1768/1486/1645
f 1768/1486/1645 1736/1485/1644 1793/1513/1674
f 1608/1355/1443 1791/1511/1672 1794/1514/1675
f 1794/1514/1675 1565/1333/1470 1608/1355/1443
f 1791/1511/1672 1785/1505/1666 1664/1504/1665
f 1664/1504/1665 1794/1514/1675 1791/1511/1672
f 1609/1356/1503 1564/1332/1469 1754/1475/1632
f 1754/1475/1632 1792/1512/1673 1609/1356/1503
f 1754/1475/1632 1756/1477/1634 1768/1486/1645
f 1768/1486/1645 1792/1512/1673 1754/1475/1632
f 1611/1358/1505 1795/1515/1676 1776/1494/1654
f 1776/1494/1654 1594/1346/1496 1611/1358/1505
f 1593/1349/1499 1779/1497/1657 1796/1516/1677
f 1796/1516/1677 1610/1359/1506 1593/1349/1499
f 1566/1334/1471 1752/1473/1630 1795/1515/1676
f 1795/1515/1676 1611/1358/1505 1566/1334/1471
f 1752/1473/1630 1742/1462/1617 1789/1509/1670
f 1789/1509/1670 1795/1515/1676 1752/1473/1630
f 1610/1359/1506 1796/1516/1677 1753/1474/1631
f 1753/1474/1631 1567/1335/1472 1610/1359/1506
f 1796/1516/1677 1733/1517/1678 1755/1476/1633
f 1755/1476/1633 1753/1474/1631 1796/1516/1677
f 1827/1262/1413 1863/1518/1679 1862/1263/1386
f 1862/1263/1386 1830/1262/1410 1827/1262/1413
f 2026/1265/1389 2027/1265/1389 2022/1264/1389
f 2022/1264/1389 2023/1264/1389 2026/1265/1389
f 1546/1279/1450 1691/1280/1544 1504/1280/1680
f 1504/1280/1680 1503/1279/1451 1546/1279/1450
f 1691/1280/1544 1515/1281/1419 1506/1281/1418
f 1506/1281/1418 1504/1280/1680 1691/1280/1544
f 1482/1262/1384 1696/1282/1548 1509/1282/1681
f 1509/1282/1681 1483/1262/1385 1482/1262/1384
f 1696/1282/1548 1518/1284/1425 1511/1284/1424
f 1511/1284/1424 1509/1282/1681 1696/1282/1548
f 1863/1518/1679 1871/1285/1682 1870/1285/1683
f 1870/1285/1683 1862/1263/1386 1863/1518/1679
f 1871/1285/1682 1822/1281/1409 1823/1281/1408
f 1823/1281/1408 1870/1285/1683 1871/1285/1682
f 1867/1519/1684 1875/1287/1685 1874/1287/1686
f 1874/1287/1686 1866/1286/1420 1867/1519/1684
f 1875/1287/1685 1834/1284/1415 1835/1284/1414
f 1835/1284/1414 1874/1287/1686 1875/1287/1685
f 1815/1279/1407 1842/1315/1473 1839/1315/1448
f 1839/1315/1448 1818/1279/1404 1815/1279/1407
f 1880/1322/1687 1854/1323/1478 1851/1323/1481
f 1851/1323/1481 1877/1322/1688 1880/1322/1687
f 1757/1336/1637 1612/1315/1449 1571/1315/1448
f 1571/1315/1448 1570/1336/1689 1757/1336/1637
f 1581/1337/1486 1757/1336/1637 1570/1336/1689
f 1570/1336/1689 1573/1337/1487 1581/1337/1486
f 1762/1338/1638 1550/1323/1459 1549/1323/1458
f 1549/1323/1458 1576/1338/1690 1762/1338/1638
f 1584/1339/1492 1762/1338/1638 1576/1338/1690
f 1576/1338/1690 1578/1339/1493 1584/1339/1492
f 1888/1340/1691 1880/1322/1687 1877/1322/1688
f 1877/1322/1688 1885/1340/1692 1888/1340/1691
f 1847/1337/1476 1888/1340/1691 1885/1340/1692
f 1885/1340/1692 1846/1337/1477 1847/1337/1476
f 1892/1520/1693 1884/1342/1694 1881/1342/1694
f 1881/1342/1694 1889/1520/1695 1892/1520/1693
f 1859/1339/1482 1892/1520/1693 1889/1520/1695
f 1889/1520/1695 1858/1339/1483 1859/1339/1482
f 1894/1279/1696 1895/1280/1697 1505/1280/1698
f 1505/1280/1698 1502/1279/1696 1894/1279/1696
f 1898/1280/1699 1899/1279/1700 1503/1279/1451
f 1503/1279/1451 1504/1280/1680 1898/1280/1699
f 1895/1280/1697 1901/1281/1701 1507/1281/1702
f 1507/1281/1702 1505/1280/1698 1895/1280/1697
f 1904/1281/1703 1898/1280/1699 1504/1280/1680
f 1504/1280/1680 1506/1281/1418 1904/1281/1703
f 1906/1262/1410 1907/1283/1704 1510/1283/1705
f 1510/1283/1705 1508/1262/1413 1906/1262/1410
f 1910/1282/1706 1911/1262/1707 1483/1262/1385
f 1483/1262/1385 1509/1282/1681 1910/1282/1706
f 1907/1283/1704 1913/1284/1708 1512/1284/1709
f 1512/1284/1709 1510/1283/1705 1907/1283/1704
f 1916/1284/1710 1910/1282/1706 1509/1282/1681
f 1509/1282/1681 1511/1284/1424 1916/1284/1710
f 1918/1315/1711 1919/1336/1712 1570/1336/1689
f 1570/1336/1689 1571/1315/1448 1918/1315/1711
f 1922/1336/1713 1923/1315/1714 1568/1315/1715
f 1568/1315/1715 1569/1336/1716 1922/1336/1713
f 1919/1336/1712 1925/1337/1717 1573/1337/1487
f 1573/1337/1487 1570/1336/1689 1919/1336/1712
f 1928/1337/1718 1922/1336/1713 1569/1336/1716
f 1569/1336/1716 1572/1337/1719 1928/1337/1718
f 1930/1323/1720 1931/1338/1721 1576/1338/1690
f 1576/1338/1690 1549/1323/1458 1930/1323/1720
f 1934/1338/1722 1935/1323/1481 1574/1323/1478
f 1574/1323/1478 1575/1521/1723 1934/1338/1722
f 1931/1338/1721 1937/1339/1724 1578/1339/1493
f 1578/1339/1493 1576/1338/1690 1931/1338/1721
f 1940/1339/1725 1934/1338/1722 1575/1521/1723
f 1575/1521/1723 1577/1339/1726 1940/1339/1725
f 1911/1262/1707 1941/1263/1727 1484/1263/1386
f 1484/1263/1386 1483/1262/1385 1911/1262/1707
f 1944/1518/1386 1906/1262/1410 1508/1262/1413
f 1508/1262/1413 1801/1518/1679 1944/1518/1386
f 2032/1265/1389 1974/1265/1389 1979/1264/1389
f 1979/1264/1389 2029/1264/1389 2032/1265/1389
f 2038/1264/1389 2040/1264/1389 2033/1265/1389
f 2033/1265/1389 2035/1265/1389 2038/1264/1389
f 1941/1263/1727 1949/1285/1728 1513/1285/1416
f 1513/1285/1416 1484/1263/1386 1941/1263/1727
f 1952/1285/1729 1944/1518/1386 1801/1518/1679
f 1801/1518/1679 1803/1285/1730 1952/1285/1729
f 1949/1285/1728 1904/1281/1703 1506/1281/1418
f 1506/1281/1418 1513/1285/1416 1949/1285/1728
f 1901/1281/1701 1952/1285/1729 1803/1285/1730
f 1803/1285/1730 1507/1281/1702 1901/1281/1701
f 1945/1286/1420 1953/1287/1731 1516/1287/1421
f 1516/1287/1421 1486/1286/1420 1945/1286/1420
f 1956/1287/1732 1948/1519/1420 1802/1519/1420
f 1802/1519/1420 1804/1522/1733 1956/1287/1732
f 1953/1287/1731 1916/1284/1710 1511/1284/1424
f 1511/1284/1424 1516/1287/1421 1953/1287/1731
f 1913/1284/1708 1956/1287/1732 1804/1522/1733
f 1804/1522/1733 1512/1284/1709 1913/1284/1708
f 1899/1279/1700 1918/1315/1711 1571/1315/1448
f 1571/1315/1448 1503/1279/1451 1899/1279/1700
f 1568/1315/1715 1923/1315/1714 1894/1279/1696
f 1894/1279/1696 1502/1279/1696 1568/1315/1715
f 1958/1322/1734 1930/1323/1720 1549/1323/1458
f 1549/1323/1458 1548/1322/1457 1958/1322/1734
f 1935/1323/1481 1959/1322/1735 1805/1322/1687
f 1805/1322/1687 1574/1323/1478 1935/1323/1481
f 1966/1340/1736 1958/1322/1734 1548/1322/1457
f 1548/1322/1457 1580/1340/1485 1966/1340/1736
f 1959/1322/1735 1967/1340/1737 1807/1340/1738
f 1807/1340/1738 1805/1322/1687 1959/1322/1735
f 1925/1337/1717 1966/1340/1736 1580/1340/1485
f 1580/1340/1485 1573/1337/1487 1925/1337/1717
f 1967/1340/1737 1928/1337/1718 1572/1337/1719
f 1572/1337/1719 1807/1340/1738 1967/1340/1737
f 1970/1520/1739 1962/1342/1740 1552/1342/1490
f 1552/1342/1490 1583/1341/1489 1970/1520/1739
f 1963/1342/1740 1971/1520/1741 1808/1523/1742
f 1808/1523/1742 1806/1342/1694 1963/1342/1740
f 1937/1339/1724 1970/1520/1739 1583/1341/1489
f 1583/1341/1489 1578/1339/1493 1937/1339/1724
f 1971/1520/1741 1940/1339/1725 1577/1339/1726
f 1577/1339/1726 1808/1523/1742 1971/1520/1741
f 1893/1279/1404 1816/1279/1407 1813/1280/1698
f 1813/1280/1698 1896/1280/1743 1893/1279/1404
f 1897/1280/1698 1820/1280/1744 1817/1279/1404
f 1817/1279/1404 1900/1279/1407 1897/1280/1698
f 1896/1280/1743 1813/1280/1698 1821/1281/1702
f 1821/1281/1702 1902/1281/1745 1896/1280/1743
f 1903/1281/1702 1824/1281/1745 1820/1280/1744
f 1820/1280/1744 1897/1280/1698 1903/1281/1702
f 1905/1262/1410 1828/1262/1413 1825/1283/1705
f 1825/1283/1705 1908/1283/1746 1905/1262/1410
f 1909/1282/1705 1832/1282/1746 1829/1262/1410
f 1829/1262/1410 1912/1262/1413 1909/1282/1705
f 1908/1283/1746 1825/1283/1705 1833/1284/1709
f 1833/1284/1709 1914/1284/1747 1908/1283/1746
f 1915/1284/1709 1836/1284/1747 1832/1282/1746
f 1832/1282/1746 1909/1282/1705 1915/1284/1709
f 1917/1315/1473 1840/1315/1448 1837/1336/1748
f 1837/1336/1748 1920/1336/1716 1917/1315/1473
f 1921/1336/1748 1844/1336/1749 1841/1315/1473
f 1841/1315/1473 1924/1315/1448 1921/1336/1748
f 1920/1336/1716 1837/1336/1748 1845/1337/1750
f 1845/1337/1750 1926/1337/1719 1920/1336/1716
f 1927/1337/1750 1848/1337/1719 1844/1336/1749
f 1844/1336/1749 1921/1336/1748 1927/1337/1750
f 1929/1323/1478 1852/1323/1481 1849/1338/1751
f 1849/1338/1751 1932/1338/1723 1929/1323/1478
f 1933/1338/1751 1856/1338/1723 1853/1323/1478
f 1853/1323/1478 1936/1323/1481 1933/1338/1751
f 1932/1338/1723 1849/1338/1751 1857/1339/1752
f 1857/1339/1752 1938/1339/1753 1932/1338/1723
f 1939/1339/1752 1860/1339/1753 1856/1338/1723
f 1856/1338/1723 1933/1338/1751 1939/1339/1752
f 1912/1262/1413 1829/1262/1410 1861/1263/1386
f 1861/1263/1386 1942/1263/1679 1912/1262/1413
f 1943/1518/1386 1864/1518/1679 1828/1262/1413
f 1828/1262/1413 1905/1262/1410 1943/1518/1386
f 2043/1265/1389 2044/1265/1389 2041/1264/1389
f 2041/1264/1389 2042/1264/1389 2043/1265/1389
f 2047/1265/1389 2048/1265/1389 2045/1264/1389
f 2045/1264/1389 2046/1264/1389 2047/1265/1389
f 1942/1263/1679 1861/1263/1386 1869/1285/1754
f 1869/1285/1754 1950/1285/1730 1942/1263/1679
f 1951/1285/1754 1872/1285/1730 1864/1518/1679
f 1864/1518/1679 1943/1518/1386 1951/1285/1754
f 1950/1285/1730 1869/1285/1754 1824/1281/1745
f 1824/1281/1745 1903/1281/1702 1950/1285/1730
f 1902/1281/1745 1821/1281/1702 1872/1285/1730
f 1872/1285/1730 1951/1285/1754 1902/1281/1745
f 1946/1286/1755 1865/1286/1756 1873/1287/1757
f 1873/1287/1757 1954/1287/1758 1946/1286/1755
f 1955/1287/1757 1876/1287/1758 1868/1519/1755
f 1868/1519/1755 1947/1519/1759 1955/1287/1757
f 1954/1287/1758 1873/1287/1757 1836/1284/1747
f 1836/1284/1747 1915/1284/1709 1954/1287/1758
f 1914/1284/1747 1833/1284/1709 1876/1287/1758
f 1876/1287/1758 1955/1287/1757 1914/1284/1747
f 1900/1279/1407 1817/1279/1404 1840/1315/1448
f 1840/1315/1448 1917/1315/1473 1900/1279/1407
f 1924/1315/1448 1841/1315/1473 1816/1279/1407
f 1816/1279/1407 1893/1279/1404 1924/1315/1448
f 1957/1322/1760 1878/1322/1761 1852/1323/1481
f 1852/1323/1481 1929/1323/1478 1957/1322/1760
f 1936/1323/1481 1853/1323/1478 1879/1322/1760
f 1879/1322/1760 1960/1322/1762 1936/1323/1481
f 1965/1340/1763 1886/1340/1764 1878/1322/1761
f 1878/1322/1761 1957/1322/1760 1965/1340/1763
f 1960/1322/1762 1879/1322/1760 1887/1340/1763
f 1887/1340/1763 1968/1340/1485 1960/1322/1762
f 1926/1337/1719 1845/1337/1750 1886/1340/1764
f 1886/1340/1764 1965/1340/1763 1926/1337/1719
f 1968/1340/1485 1887/1340/1763 1848/1337/1719
f 1848/1337/1719 1927/1337/1750 1968/1340/1485
f 1969/1520/1742 1890/1520/1765 1882/1342/1766
f 1882/1342/1766 1961/1342/1767 1969/1520/1742
f 1964/1342/1768 1883/1342/1767 1891/1520/1742
f 1891/1520/1742 1972/1520/1489 1964/1342/1768
f 1938/1339/1753 1857/1339/1752 1890/1520/1765
f 1890/1520/1765 1969/1520/1742 1938/1339/1753
f 1972/1520/1489 1891/1520/1742 1860/1339/1753
f 1860/1339/1753 1939/1339/1752 1972/1520/1489
f 1813/1280/1698 1816/1279/1407 1815/1279/1407
f 1815/1279/1407 1814/1280/1406 1813/1280/1698
f 1817/1279/1404 1820/1280/1744 1819/1280/1405
f 1819/1280/1405 1818/1279/1404 1817/1279/1404
f 1821/1281/1702 1813/1280/1698 1814/1280/1406
f 1814/1280/1406 1822/1281/1409 1821/1281/1702
f 1820/1280/1744 1824/1281/1745 1823/1281/1408
f 1823/1281/1408 1819/1280/1405 1820/1280/1744
f 1825/1283/1705 1828/1262/1413 1827/1262/1413
f 1827/1262/1413 1826/1283/1412 1825/1283/1705
f 1829/1262/1410 1832/1282/1746 1831/1282/1411
f 1831/1282/1411 1830/1262/1410 1829/1262/1410
f 1833/1284/1709 1825/1283/1705 1826/1283/1412
f 1826/1283/1412 1834/1284/1415 1833/1284/1709
f 1832/1282/1746 1836/1284/1747 1835/1284/1414
f 1835/1284/1414 1831/1282/1411 1832/1282/1746
f 1837/1336/1748 1840/1315/1448 1839/1315/1448
f 1839/1315/1448 1838/1336/1475 1837/1336/1748
f 1841/1315/1473 1844/1336/1749 1843/1336/1474
f 1843/1336/1474 1842/1315/1473 1841/1315/1473
f 1845/1337/1750 1837/1336/1748 1838/1336/1475
f 1838/1336/1475 1846/1337/1477 1845/1337/1750
f 1844/1336/1749 1848/1337/1719 1847/1337/1476
f 1847/1337/1476 1843/1336/1474 1844/1336/1749
f 1849/1338/1751 1852/1323/1481 1851/1323/1481
f 1851/1323/1481 1850/1338/1480 1849/1338/1751
f 1853/1323/1478 1856/1338/1723 1855/1338/1479
f 1855/1338/1479 1854/1323/1478 1853/1323/1478
f 1857/1339/1752 1849/1338/1751 1850/1338/1480
f 1850/1338/1480 1858/1339/1483 1857/1339/1752
f 1856/1338/1723 1860/1339/1753 1859/1339/1482
f 1859/1339/1482 1855/1338/1479 1856/1338/1723
f 1861/1263/1386 1829/1262/1410 1830/1262/1410
f 1830/1262/1410 1862/1263/1386 1861/1263/1386
f 1828/1262/1413 1864/1518/1679 1863/1518/1679
f 1863/1518/1679 1827/1262/1413 1828/1262/1413
f 2027/1265/1389 2043/1265/1389 2042/1264/1389
f 2042/1264/1389 2022/1264/1389 2027/1265/1389
f 2048/1265/1389 2026/1265/1389 2023/1264/1389
f 2023/1264/1389 2045/1264/1389 2048/1265/1389
f 1869/1285/1754 1861/1263/1386 1862/1263/1386
f 1862/1263/1386 1870/1285/1683 1869/1285/1754
f 1864/1518/1679 1872/1285/1730 1871/1285/1682
f 1871/1285/1682 1863/1518/1679 1864/1518/1679
f 1824/1281/1745 1869/1285/1754 1870/1285/1683
f 1870/1285/1683 1823/1281/1408 1824/1281/1745
f 1872/1285/1730 1821/1281/1702 1822/1281/1409
f 1822/1281/1409 1871/1285/1682 1872/1285/1730
f 1873/1287/1757 1865/1286/1756 1866/1286/1420
f 1866/1286/1420 1874/1287/1686 1873/1287/1757
f 1868/1519/1755 1876/1287/1758 1875/1287/1685
f 1875/1287/1685 1867/1519/1684 1868/1519/1755
f 1836/1284/1747 1873/1287/1757 1874/1287/1686
f 1874/1287/1686 1835/1284/1414 1836/1284/1747
f 1876/1287/1758 1833/1284/1709 1834/1284/1415
f 1834/1284/1415 1875/1287/1685 1876/1287/1758
f 1840/1315/1448 1817/1279/1404 1818/1279/1404
f 1818/1279/1404 1839/1315/1448 1840/1315/1448
f 1842/1315/1473 1815/1279/1407 1816/1279/1407
f 1816/1279/1407 1841/1315/1473 1842/1315/1473
f 1852/1323/1481 1878/1322/1761 1877/1322/1688
f 1877/1322/1688 1851/1323/1481 1852/1323/1481
f 1879/1322/1760 1853/1323/1478 1854/1323/1478
f 1854/1323/1478 1880/1322/1687 1879/1322/1760
f 1878/1322/1761 1886/1340/1764 1885/1340/1692
f 1885/1340/1692 1877/1322/1688 1878/1322/1761
f 1887/1340/1763 1879/1322/1760 1880/1322/1687
f 1880/1322/1687 1888/1340/1691 1887/1340/1763
f 1886/1340/1764 1845/1337/1750 1846/1337/1477
f 1846/1337/1477 1885/1340/1692 1886/1340/1764
f 1848/1337/1719 1887/1340/1763 1888/1340/1691
f 1888/1340/1691 1847/1337/1476 1848/1337/1719
f 1882/1342/1766 1890/1520/1765 1889/1520/1695
f 1889/1520/1695 1881/1342/1694 1882/1342/1766
f 1891/1520/1742 1883/1342/1767 1884/1342/1694
f 1884/1342/1694 1892/1520/1693 1891/1520/1742
f 1890/1520/1765 1857/1339/1752 1858/1339/1483
f 1858/1339/1483 1889/1520/1695 1890/1520/1765
f 1860/1339/1753 1891/1520/1742 1892/1520/1693
f 1892/1520/1693 1859/1339/1482 1860/1339/1753
f 1893/1279/1404 1896/1280/1743 1895/1280/1697
f 1895/1280/1697 1894/1279/1696 1893/1279/1404
f 1897/1280/1698 1900/1279/1407 1899/1279/1700
f 1899/1279/1700 1898/1280/1699 1897/1280/1698
f 1896/1280/1743 1902/1281/1745 1901/1281/1701
f 1901/1281/1701 1895/1280/1697 1896/1280/1743
f 1903/1281/1702 1897/1280/1698 1898/1280/1699
f 1898/1280/1699 1904/1281/1703 1903/1281/1702
f 1905/1262/1410 1908/1283/1746 1907/1283/1704
f 1907/1283/1704 1906/1262/1410 1905/1262/1410
f 1909/1282/1705 1912/1262/1413 1911/1262/1707
f 1911/1262/1707 1910/1282/1706 1909/1282/1705
f 1908/1283/1746 1914/1284/1747 1913/1284/1708
f 1913/1284/1708 1907/1283/1704 1908/1283/1746
f 1915/1284/1709 1909/1282/1705 1910/1282/1706
f 1910/1282/1706 1916/1284/1710 1915/1284/1709
f 1917/1315/1473 1920/1336/1716 1919/1336/1712
f 1919/1336/1712 1918/1315/1711 1917/1315/1473
f 1921/1336/1748 1924/1315/1448 1923/1315/1714
f 1923/1315/1714 1922/1336/1713 1921/1336/1748
f 1920/1336/1716 1926/1337/1719 1925/1337/1717
f 1925/1337/1717 1919/1336/1712 1920/1336/1716
f 1927/1337/1750 1921/1336/1748 1922/1336/1713
f 1922/1336/1713 1928/1337/1718 1927/1337/1750
f 1929/1323/1478 1932/1338/1723 1931/1338/1721
f 1931/1338/1721 1930/1323/1720 1929/1323/1478
f 1933/1338/1751 1936/1323/1481 1935/1323/1481
f 1935/1323/1481 1934/1338/1722 1933/1338/1751
f 1932/1338/1723 1938/1339/1753 1937/1339/1724
f 1937/1339/1724 1931/1338/1721 1932/1338/1723
f 1939/1339/1752 1933/1338/1751 1934/1338/1722
f 1934/1338/1722 1940/1339/1725 1939/1339/1752
f 1912/1262/1413 1942/1263/1679 1941/1263/1727
f 1941/1263/1727 1911/1262/1707 1912/1262/1413
f 1943/1518/1386 1905/1262/1410 1906/1262/1410
f 1906/1262/1410 1944/1518/1386 1943/1518/1386
f 2044/1265/1389 2032/1265/1389 2029/1264/1389
f 2029/1264/1389 2041/1264/1389 2044/1265/1389
f 2035/1265/1389 2047/1265/1389 2046/1264/1389
f 2046/1264/1389 2038/1264/1389 2035/1265/1389
f 1942/1263/1679 1950/1285/1730 1949/1285/1728
f 1949/1285/1728 1941/1263/1727 1942/1263/1679
f 1951/1285/1754 1943/1518/1386 1944/1518/1386
f 1944/1518/1386 1952/1285/1729 1951/1285/1754
f 1950/1285/1730 1903/1281/1702 1904/1281/1703
f 1904/1281/1703 1949/1285/1728 1950/1285/1730
f 1902/1281/1745 1951/1285/1754 1952/1285/1729
f 1952/1285/1729 1901/1281/1701 1902/1281/1745
f 1946/1286/1755 1954/1287/1758 1953/1287/1731
f 1953/1287/1731 1945/1286/1420 1946/1286/1755
f 1955/1287/1757 1947/1519/1759 1948/1519/1420
f 1948/1519/1420 1956/1287/1732 1955/1287/1757
f 1954/1287/1758 1915/1284/1709 1916/1284/1710
f 1916/1284/1710 1953/1287/1731 1954/1287/1758
f 1914/1284/1747 1955/1287/1757 1956/1287/1732
f 1956/1287/1732 1913/1284/1708 1914/1284/1747
f 1918/1315/1711 1899/1279/1700 1900/1279/1407
f 1900/1279/1407 1917/1315/1473 1918/1315/1711
f 1924/1315/1448 1893/1279/1404 1894/1279/1696
f 1894/1279/1696 1923/1315/1714 1924/1315/1448
f 1957/1322/1760 1929/1323/1478 1930/1323/1720
f 1930/1323/1720 1958/1322/1734 1957/1322/1760
f 1936/1323/1481 1960/1322/1762 1959/1322/1735
f 1959/1322/1735 1935/1323/1481 1936/1323/1481
f 1965/1340/1763 1957/1322/1760 1958/1322/1734
f 1958/1322/1734 1966/1340/1736 1965/1340/1763
f 1960/1322/1762 1968/1340/1485 1967/1340/1737
f 1967/1340/1737 1959/1322/1735 1960/1322/1762
f 1926/1337/1719 1965/1340/1763 1966/1340/1736
f 1966/1340/1736 1925/1337/1717 1926/1337/1719
f 1968/1340/1485 1927/1337/1750 1928/1337/1718
f 1928/1337/1718 1967/1340/1737 1968/1340/1485
f 1969/1520/1742 1961/1342/1767 1962/1342/1740
f 1962/1342/1740 1970/1520/1739 1969/1520/1742
f 1964/1342/1768 1972/1520/1489 1971/1520/1741
f 1971/1520/1741 1963/1342/1740 1964/1342/1768
f 1938/1339/1753 1969/1520/1742 1970/1520/1739
f 1970/1520/1739 1937/1339/1724 1938/1339/1753
f 1972/1520/1489 1939/1339/1752 1940/1339/1725
f 1940/1339/1725 1971/1520/1741 1972/1520/1489
f 2050/1524/1769 2051/1524/1389 1486/1286/1420
f 1486/1286/1420 1485/1286/1423 2050/1524/1769
f 2054/1525/1389 2055/1525/1770 1551/1342/1491
f 1551/1342/1491 1552/1342/1490 2054/1525/1389
f 2058/1526/1441 2060/1526/444 1603/1352/444
f 1603/1352/444 1602/1352/1452 2058/1526/1441
f 2061/1527/444 2063/1527/1452 1536/1307/1441
f 1536/1307/1441 1537/1306/444 2061/1527/444
f 2055/1525/1770 2073/1528/1771 1735/1483/1642
f 1735/1483/1642 1551/1342/1491 2055/1525/1770
f 2076/1529/1772 2050/1524/1769 1485/1286/1423
f 1485/1286/1423 1669/1402/1554 2076/1529/1772
f 2073/1528/1771 2077/1530/1773 1736/1485/1644
f 1736/1485/1644 1735/1483/1642 2073/1528/1771
f 2080/1531/1774 2076/1529/1772 1669/1402/1554
f 1669/1402/1554 1670/1404/1556 2080/1531/1774
f 2063/1527/1452 2081/1532/1775 1720/1431/1585
f 1720/1431/1585 1536/1307/1441 2063/1527/1452
f 2084/1533/1776 2058/1526/1441 1602/1352/1452
f 1602/1352/1452 1786/1506/1667 2084/1533/1776
f 2081/1532/1775 2085/1534/1777 1721/1432/1586
f 1721/1432/1586 1720/1431/1585 2081/1532/1775
f 2088/1535/1778 2084/1533/1776 1786/1506/1667
f 1786/1506/1667 1787/1507/1668 2088/1535/1778
f 2089/1536/1779 2080/1531/1774 1670/1404/1556
f 1670/1404/1556 1724/1435/1589 2089/1536/1779
f 2077/1530/1773 2092/1537/1780 1793/1513/1674
f 1793/1513/1674 1736/1485/1644 2077/1530/1773
f 2067/1538/1781 2093/1539/1782 1790/1510/1671
f 1790/1510/1671 1607/1354/1502 2067/1538/1781
f 2096/1540/1783 2070/1541/1784 1543/1311/1444
f 1543/1311/1444 1727/1438/1592 2096/1540/1783
f 2093/1539/1782 2088/1535/1778 1787/1507/1668
f 1787/1507/1668 1790/1510/1671 2093/1539/1782
f 2085/1534/1777 2096/1540/1783 1727/1438/1592
f 1727/1438/1592 1721/1432/1586 2085/1534/1777
f 2098/1525/1389 2099/1525/1389 1881/1342/1694
f 1881/1342/1694 1884/1342/1694 2098/1525/1389
f 2102/1524/1389 2103/1524/1389 1867/1519/1684
f 1867/1519/1684 1866/1286/1420 2102/1524/1389
f 2106/1525/1389 2054/1525/1389 1552/1342/1490
f 1552/1342/1490 1962/1342/1740 2106/1525/1389
f 2051/1524/1389 2107/1524/1389 1945/1286/1420
f 1945/1286/1420 1486/1286/1420 2051/1524/1389
f 2110/1524/1389 2112/1524/1389 1802/1519/1420
f 1802/1519/1420 1948/1519/1420 2110/1524/1389
f 2113/1525/1389 2115/1525/1389 1963/1342/1740
f 1963/1342/1740 1806/1342/1694 2113/1525/1389
f 2117/1525/1389 2118/1525/1389 1961/1342/1767
f 1961/1342/1767 1882/1342/1766 2117/1525/1389
f 2119/1524/1389 2120/1524/1389 1865/1286/1756
f 1865/1286/1756 1946/1286/1755 2119/1524/1389
f 2121/1525/1389 2122/1525/1389 1883/1342/1767
f 1883/1342/1767 1964/1342/1768 2121/1525/1389
f 2123/1524/1389 2124/1524/1389 1947/1519/1759
f 1947/1519/1759 1868/1519/1755 2123/1524/1389
f 2099/1525/1389 2117/1525/1389 1882/1342/1766
f 1882/1342/1766 1881/1342/1694 2099/1525/1389
f 2120/1524/1389 2102/1524/1389 1866/1286/1420
f 1866/1286/1420 1865/1286/1756 2120/1524/1389
f 2122/1525/1389 2098/1525/1389 1884/1342/1694
f 1884/1342/1694 1883/1342/1767 2122/1525/1389
f 2103/1524/1389 2123/1524/1389 1868/1519/1755
f 1868/1519/1755 1867/1519/1684 2103/1524/1389
f 2118/1525/1389 2106/1525/1389 1962/1342/1740
f 1962/1342/1740 1961/1342/1767 2118/1525/1389
f 2107/1524/1389 2119/1524/1389 1946/1286/1755
f 1946/1286/1755 1945/1286/1420 2107/1524/1389
f 2115/1525/1389 2121/1525/1389 1964/1342/1768
f 1964/1342/1768 1963/1342/1740 2115/1525/1389
f 2124/1524/1389 2110/1524/1389 1948/1519/1420
f 1948/1519/1420 1947/1519/1759 2124/1524/1389
f 2049/1542/1785 1976/1543/1786 1973/1543/1389
f 1973/1543/1389 2052/1542/1389 2049/1542/1785
f 2053/1544/1389 1980/1545/1389 1977/1545/1785
f 1977/1545/1785 2056/1544/1786 2053/1544/1389
f 2057/1546/1441 1984/1547/1787 1982/1548/444
f 1982/1548/444 2059/1546/444 2057/1546/1441
f 2062/1549/444 1987/1550/444 1985/1550/1441
f 1985/1550/1441 2064/1549/1787 2062/1549/444
f 2056/1544/1786 1977/1545/1785 1997/1551/1788
f 1997/1551/1788 2074/1552/1789 2056/1544/1786
f 2075/1553/1788 2000/1554/1790 1976/1543/1786
f 1976/1543/1786 2049/1542/1785 2075/1553/1788
f 2074/1552/1789 1997/1551/1788 2001/1555/1791
f 2001/1555/1791 2078/1556/1792 2074/1552/1789
f 2079/1557/1793 2004/1558/1794 2000/1554/1790
f 2000/1554/1790 2075/1553/1788 2079/1557/1793
f 2064/1549/1787 1985/1550/1441 2005/1559/1795
f 2005/1559/1795 2082/1560/1796 2064/1549/1787
f 2083/1561/1797 2008/1562/1798 1984/1547/1787
f 1984/1547/1787 2057/1546/1441 2083/1561/1797
f 2082/1560/1796 2005/1559/1795 2009/1563/1799
f 2009/1563/1799 2086/1564/1800 2082/1560/1796
f 2087/1565/1799 2012/1566/1801 2008/1562/1798
f 2008/1562/1798 2083/1561/1797 2087/1565/1799
f 2090/1567/1802 2013/1568/1803 2004/1558/1794
f 2004/1558/1794 2079/1557/1793 2090/1567/1802
f 2078/1556/1792 2001/1555/1791 2016/1569/1804
f 2016/1569/1804 2091/1570/1805 2078/1556/1792
f 2068/1571/1806 1989/1572/1807 2017/1573/1808
f 2017/1573/1808 2094/1574/1809 2068/1571/1806
f 2095/1575/1808 2020/1576/1810 1996/1577/1811
f 1996/1577/1811 2069/1578/1812 2095/1575/1808
f 2094/1574/1809 2017/1573/1808 2012/1566/1801
f 2012/1566/1801 2087/1565/1799 2094/1574/1809
f 2086/1564/1800 2009/1563/1799 2020/1576/1810
f 2020/1576/1810 2095/1575/1808 2086/1564/1800
f 2097/1544/1389 2024/1579/1389 2021/1545/1389
f 2021/1545/1389 2100/1544/1389 2097/1544/1389
f 2101/1542/1389 2028/1543/1389 2025/1543/1389
f 2025/1543/1389 2104/1542/1389 2101/1542/1389
f 2105/1544/1389 2030/1545/1389 1980/1545/1389
f 1980/1545/1389 2053/1544/1389 2105/1544/1389
f 2052/1542/1389 1973/1543/1389 2031/1543/1389
f 2031/1543/1389 2108/1542/1389 2052/1542/1389
f 2109/1542/1389 2036/1543/1389 2034/1543/1389
f 2034/1543/1389 2111/1542/1389 2109/1542/1389
f 2114/1544/1389 2039/1579/1389 2037/1579/1389
f 2037/1579/1389 2116/1544/1389 2114/1544/1389
f 2100/1544/1389 2021/1545/1389 2261/1580/1813
f 2261/1580/1813 2238/1581/1814 2100/1544/1389
f 2276/1582/1813 2241/1583/1814 2028/1543/1389
f 2028/1543/1389 2101/1542/1389 2276/1582/1813
f 2279/1581/1815 2244/1580/1816 2024/1579/1389
f 2024/1579/1389 2097/1544/1389 2279/1581/1815
f 2104/1542/1389 2025/1543/1389 2270/1583/1817
f 2270/1583/1817 2247/1582/1818 2104/1542/1389
f 2273/1581/1819 2250/1580/1820 2030/1545/1389
f 2030/1545/1389 2105/1544/1389 2273/1581/1819
f 2108/1542/1389 2031/1543/1389 2264/1583/1819
f 2264/1583/1819 2253/1582/1820 2108/1542/1389
f 2116/1544/1389 2037/1579/1389 2267/1580/1821
f 2267/1580/1821 2256/1581/1822 2116/1544/1389
f 2282/1582/1821 2259/1583/1823 2036/1543/1389
f 2036/1543/1389 2109/1542/1389 2282/1582/1821
f 1973/1543/1389 1976/1543/1786 1975/1265/1390
f 1975/1265/1390 1974/1265/1389 1973/1543/1389
f 1977/1545/1785 1980/1545/1389 1979/1264/1389
f 1979/1264/1389 1978/1264/1388 1977/1545/1785
f 1982/1548/444 1984/1547/1787 1983/1317/1452
f 1983/1317/1452 1981/1317/444 1982/1548/444
f 1985/1550/1441 1987/1550/444 1988/1316/444
f 1988/1316/444 1986/1316/1441 1985/1550/1441
f 1997/1551/1788 1977/1545/1785 1978/1264/1388
f 1978/1264/1388 1998/1363/1510 1997/1551/1788
f 1976/1543/1786 2000/1554/1790 1999/1362/1509
f 1999/1362/1509 1975/1265/1390 1976/1543/1786
f 2001/1555/1791 1997/1551/1788 1998/1363/1510
f 1998/1363/1510 2002/1365/1512 2001/1555/1791
f 2000/1554/1790 2004/1558/1794 2003/1364/1511
f 2003/1364/1511 1999/1362/1509 2000/1554/1790
f 2005/1559/1795 1985/1550/1441 1986/1316/1441
f 1986/1316/1441 2006/1444/1598 2005/1559/1795
f 1984/1547/1787 2008/1562/1798 2007/1443/1597
f 2007/1443/1597 1983/1317/1452 1984/1547/1787
f 2009/1563/1799 2005/1559/1795 2006/1444/1598
f 2006/1444/1598 2010/1446/1600 2009/1563/1799
f 2008/1562/1798 2012/1566/1801 2011/1445/1599
f 2011/1445/1599 2007/1443/1597 2008/1562/1798
f 2004/1558/1794 2013/1568/1803 2014/1448/1602
f 2014/1448/1602 2003/1364/1511 2004/1558/1794
f 2016/1569/1804 2001/1555/1791 2002/1365/1512
f 2002/1365/1512 2015/1447/1601 2016/1569/1804
f 2017/1573/1808 1989/1572/1807 1990/1320/1455
f 1990/1320/1455 2018/1450/1604 2017/1573/1808
f 1996/1577/1811 2020/1576/1810 2019/1449/1603
f 2019/1449/1603 1995/1319/1454 1996/1577/1811
f 2012/1566/1801 2017/1573/1808 2018/1450/1604
f 2018/1450/1604 2011/1445/1599 2012/1566/1801
f 2020/1576/1810 2009/1563/1799 2010/1446/1600
f 2010/1446/1600 2019/1449/1603 2020/1576/1810
f 2021/1545/1389 2024/1579/1389 2023/1264/1389
f 2023/1264/1389 2022/1264/1389 2021/1545/1389
f 2025/1543/1389 2028/1543/1389 2027/1265/1389
f 2027/1265/1389 2026/1265/1389 2025/1543/1389
f 1980/1545/1389 2030/1545/1389 2029/1264/1389
f 2029/1264/1389 1979/1264/1389 1980/1545/1389
f 2031/1543/1389 1973/1543/1389 1974/1265/1389
f 1974/1265/1389 2032/1265/1389 2031/1543/1389
f 2034/1543/1389 2036/1543/1389 2035/1265/1389
f 2035/1265/1389 2033/1265/1389 2034/1543/1389
f 2037/1579/1389 2039/1579/1389 2040/1264/1389
f 2040/1264/1389 2038/1264/1389 2037/1579/1389
f 2249/1584/1824 2262/1584/1825 2042/1264/1389
f 2042/1264/1389 2041/1264/1389 2249/1584/1824
f 2240/1585/1826 2265/1585/1827 2044/1265/1389
f 2044/1265/1389 2043/1265/1389 2240/1585/1826
f 2243/1584/1828 2268/1584/1829 2046/1264/1389
f 2046/1264/1389 2045/1264/1389 2243/1584/1828
f 2258/1585/1830 2271/1585/1831 2048/1265/1389
f 2048/1265/1389 2047/1265/1389 2258/1585/1830
f 2021/1545/1389 2022/1264/1389 2263/1586/1832
f 2263/1586/1832 2261/1580/1813 2021/1545/1389
f 2242/1587/1833 2240/1585/1826 2043/1265/1389
f 2043/1265/1389 2027/1265/1389 2242/1587/1833
f 2245/1586/1834 2243/1584/1828 2045/1264/1389
f 2045/1264/1389 2023/1264/1389 2245/1586/1834
f 2025/1543/1389 2026/1265/1389 2272/1588/1835
f 2272/1588/1835 2270/1583/1817 2025/1543/1389
f 2251/1586/1836 2249/1584/1824 2041/1264/1389
f 2041/1264/1389 2029/1264/1389 2251/1586/1836
f 2031/1543/1389 2032/1265/1389 2266/1588/1837
f 2266/1588/1837 2264/1583/1819 2031/1543/1389
f 2037/1579/1389 2038/1264/1389 2269/1586/1838
f 2269/1586/1838 2267/1580/1821 2037/1579/1389
f 2260/1587/1839 2258/1585/1830 2047/1265/1389
f 2047/1265/1389 2035/1265/1389 2260/1587/1839
f 2049/1542/1785 2052/1542/1389 2051/1524/1389
f 2051/1524/1389 2050/1524/1769 2049/1542/1785
f 2053/1544/1389 2056/1544/1786 2055/1525/1770
f 2055/1525/1770 2054/1525/1389 2053/1544/1389
f 2057/1546/1441 2059/1546/444 2060/1526/444
f 2060/1526/444 2058/1526/1441 2057/1546/1441
f 2062/1549/444 2064/1549/1787 2063/1527/1452
f 2063/1527/1452 2061/1527/444 2062/1549/444
f 2056/1544/1786 2074/1552/1789 2073/1528/1771
f 2073/1528/1771 2055/1525/1770 2056/1544/1786
f 2075/1553/1788 2049/1542/1785 2050/1524/1769
f 2050/1524/1769 2076/1529/1772 2075/1553/1788
f 2074/1552/1789 2078/1556/1792 2077/1530/1773
f 2077/1530/1773 2073/1528/1771 2074/1552/1789
f 2079/1557/1793 2075/1553/1788 2076/1529/1772
f 2076/1529/1772 2080/1531/1774 2079/1557/1793
f 2064/1549/1787 2082/1560/1796 2081/1532/1775
f 2081/1532/1775 2063/1527/1452 2064/1549/1787
f 2083/1561/1797 2057/1546/1441 2058/1526/1441
f 2058/1526/1441 2084/1533/1776 2083/1561/1797
f 2082/1560/1796 2086/1564/1800 2085/1534/1777
f 2085/1534/1777 2081/1532/1775 2082/1560/1796
f 2087/1565/1799 2083/1561/1797 2084/1533/1776
f 2084/1533/1776 2088/1535/1778 2087/1565/1799
f 2090/1567/1802 2079/1557/1793 2080/1531/1774
f 2080/1531/1774 2089/1536/1779 2090/1567/1802
f 2078/1556/1792 2091/1570/1805 2092/1537/1780
f 2092/1537/1780 2077/1530/1773 2078/1556/1792
f 2068/1571/1806 2094/1574/1809 2093/1539/1782
f 2093/1539/1782 2067/1538/1781 2068/1571/1806
f 2095/1575/1808 2069/1578/1812 2070/1541/1784
f 2070/1541/1784 2096/1540/1783 2095/1575/1808
f 2094/1574/1809 2087/1565/1799 2088/1535/1778
f 2088/1535/1778 2093/1539/1782 2094/1574/1809
f 2086/1564/1800 2095/1575/1808 2096/1540/1783
f 2096/1540/1783 2085/1534/1777 2086/1564/1800
f 2097/1544/1389 2100/1544/1389 2099/1525/1389
f 2099/1525/1389 2098/1525/1389 2097/1544/1389
f 2101/1542/1389 2104/1542/1389 2103/1524/1389
f 2103/1524/1389 2102/1524/1389 2101/1542/1389
f 2105/1544/1389 2053/1544/1389 2054/1525/1389
f 2054/1525/1389 2106/1525/1389 2105/1544/1389
f 2052/1542/1389 2108/1542/1389 2107/1524/1389
f 2107/1524/1389 2051/1524/1389 2052/1542/1389
f 2109/1542/1389 2111/1542/1389 2112/1524/1389
f 2112/1524/1389 2110/1524/1389 2109/1542/1389
f 2114/1544/1389 2116/1544/1389 2115/1525/1389
f 2115/1525/1389 2113/1525/1389 2114/1544/1389
f 2237/1589/1826 2274/1589/1827 2118/1525/1389
f 2118/1525/1389 2117/1525/1389 2237/1589/1826
f 2252/1590/1824 2277/1590/1825 2120/1524/1389
f 2120/1524/1389 2119/1524/1389 2252/1590/1824
f 2255/1589/1830 2280/1589/1831 2122/1525/1389
f 2122/1525/1389 2121/1525/1389 2255/1589/1830
f 2246/1590/1828 2283/1590/1840 2124/1524/1389
f 2124/1524/1389 2123/1524/1389 2246/1590/1828
f 2239/1591/1833 2237/1589/1826 2117/1525/1389
f 2117/1525/1389 2099/1525/1389 2239/1591/1833
f 2101/1542/1389 2102/1524/1389 2278/1592/1832
f 2278/1592/1832 2276/1582/1813 2101/1542/1389
f 2097/1544/1389 2098/1525/1389 2281/1593/1841
f 2281/1593/1841 2279/1581/1815 2097/1544/1389
f 2248/1592/1842 2246/1590/1828 2123/1524/1389
f 2123/1524/1389 2103/1524/1389 2248/1592/1842
f 2105/1544/1389 2106/1525/1389 2275/1591/1837
f 2275/1591/1837 2273/1581/1819 2105/1544/1389
f 2254/1592/1836 2252/1590/1824 2119/1524/1389
f 2119/1524/1389 2107/1524/1389 2254/1592/1836
f 2257/1593/1843 2255/1589/1830 2121/1525/1389
f 2121/1525/1389 2115/1525/1389 2257/1593/1843
f 2109/1542/1389 2110/1524/1389 2284/1592/1844
f 2284/1592/1844 2282/1582/1821 2109/1542/1389
f 1488/1266/1391 1613/1366/1514 1614/1594/1845
f 1614/1594/1845 1615/1368/1517 1488/1266/1391
f 1615/1368/1517 1614/1594/1845 1616/1595/1846
f 1616/1595/1846 1617/1370/1519 1615/1368/1517
f 1613/1366/1514 1618/1367/1516 1619/1596/1847
f 1619/1596/1847 1614/1594/1845 1613/1366/1514
f 1614/1594/1845 1619/1596/1847 1620/1597/1848
f 1620/1597/1848 1616/1595/1846 1614/1594/1845
f 1809/1268/1394 1621/1373/1522 1622/1598/1849
f 1622/1598/1849 1623/1375/1525 1809/1268/1394
f 1623/1375/1525 1622/1598/1849 1624/1599/1850
f 1624/1599/1850 1625/1377/1527 1623/1375/1525
f 1621/1373/1522 1626/1374/1524 1627/1600/1851
f 1627/1600/1851 1622/1598/1849 1621/1373/1522
f 1622/1598/1849 1627/1600/1851 1628/1601/1852
f 1628/1601/1852 1624/1599/1850 1622/1598/1849
f 1523/1292/1426 1629/1409/1561 1630/1602/1853
f 1630/1602/1853 1631/1411/1563 1523/1292/1426
f 1631/1411/1563 1630/1602/1853 1619/1596/1847
f 1619/1596/1847 1618/1367/1516 1631/1411/1563
f 1629/1409/1561 1632/1410/1562 1633/1603/1854
f 1633/1603/1854 1630/1602/1853 1629/1409/1561
f 1630/1602/1853 1633/1603/1854 1620/1597/1848
f 1620/1597/1848 1619/1596/1847 1630/1602/1853
f 1810/1304/1438 1634/1427/1580 1635/1604/1855
f 1635/1604/1855 1636/1430/1583 1810/1304/1438
f 1636/1430/1583 1635/1604/1855 1627/1600/1851
f 1627/1600/1851 1626/1374/1524 1636/1430/1583
f 1634/1427/1580 1637/1429/1582 1638/1605/1856
f 1638/1605/1856 1635/1604/1855 1634/1427/1580
f 1635/1604/1855 1638/1605/1856 1628/1601/1852
f 1628/1601/1852 1627/1600/1851 1635/1604/1855
f 1556/1325/1461 1639/1454/1608 1640/1606/1857
f 1640/1606/1857 1641/1457/1611 1556/1325/1461
f 1641/1457/1611 1640/1606/1857 1642/1607/1858
f 1642/1607/1858 1643/1459/1613 1641/1457/1611
f 1639/1454/1608 1644/1456/1610 1645/1608/1859
f 1645/1608/1859 1640/1606/1857 1639/1454/1608
f 1640/1606/1857 1645/1608/1859 1646/1609/1860
f 1646/1609/1860 1642/1607/1858 1640/1606/1857
f 1812/1327/1463 1647/1461/1616 1648/1610/1861
f 1648/1610/1861 1649/1464/1619 1812/1327/1463
f 1649/1464/1619 1648/1610/1861 1650/1611/1862
f 1650/1611/1862 1651/1465/1621 1649/1464/1619
f 1647/1461/1616 1652/1463/1618 1653/1612/1863
f 1653/1612/1863 1648/1610/1861 1647/1461/1616
f 1648/1610/1861 1653/1612/1863 1654/1613/1864
f 1654/1613/1864 1650/1611/1862 1648/1610/1861
f 1590/1345/1495 1655/1491/1651 1656/1614/1865
f 1656/1614/1865 1657/1492/1652 1590/1345/1495
f 1657/1492/1652 1656/1614/1865 1658/1615/1866
f 1658/1615/1866 1659/1493/1653 1657/1492/1652
f 1655/1491/1651 1643/1459/1613 1642/1607/1858
f 1642/1607/1858 1656/1614/1865 1655/1491/1651
f 1656/1614/1865 1642/1607/1858 1646/1609/1860
f 1646/1609/1860 1658/1615/1866 1656/1614/1865
f 1811/1351/1501 1660/1501/1662 1661/1616/1867
f 1661/1616/1867 1662/1502/1663 1811/1351/1501
f 1662/1502/1663 1661/1616/1867 1663/1617/1868
f 1663/1617/1868 1664/1504/1665 1662/1502/1663
f 1660/1501/1662 1651/1465/1621 1650/1611/1862
f 1650/1611/1862 1661/1616/1867 1660/1501/1662
f 1661/1616/1867 1650/1611/1862 1654/1613/1864
f 1654/1613/1864 1663/1617/1868 1661/1616/1867
f 1665/1360/1507 1667/1400/1552 1668/1396/1547
f 1668/1396/1547 1666/1361/1508 1665/1360/1507
f 1546/1279/1450 1692/1392/1542 1693/1391/1541
f 1693/1391/1541 1691/1280/1544 1546/1279/1450
f 1482/1262/1384 1666/1361/1508 1697/1395/1546
f 1697/1395/1546 1696/1282/1548 1482/1262/1384
f 1514/1285/1417 1699/1398/1550 1665/1360/1507
f 1665/1360/1507 1481/1263/1387 1514/1285/1417
f 1698/1397/1549 1687/1387/1537 1702/1403/1555
f 1702/1403/1555 1701/1401/1553 1698/1397/1549
f 1525/1294/1428 1708/1412/1565 1774/1415/1568
f 1774/1415/1568 1592/1295/1429 1525/1294/1428
f 1538/1308/621 1722/1433/1587 1703/1405/1557
f 1703/1405/1557 1519/1291/668 1538/1308/621
f 1722/1433/1587 1723/1434/1588 1705/1407/1559
f 1705/1407/1559 1703/1405/1557 1722/1433/1587
f 1729/1440/1594 1668/1396/1547 1667/1400/1552
f 1667/1400/1552 1710/1416/1569 1729/1440/1594
f 1713/1419/1572 1705/1407/1559 1723/1434/1588
f 1723/1434/1588 1730/1441/1595 1713/1419/1572
f 1731/1451/1605 1733/1517/1678 1734/1499/1659
f 1734/1499/1659 1732/1452/1606 1731/1451/1605
f 1757/1336/1637 1758/1478/1635 1759/1442/1596
f 1759/1442/1596 1612/1315/1449 1757/1336/1637
f 1763/1480/1639 1755/1476/1633 1733/1517/1678
f 1733/1517/1678 1731/1451/1605 1763/1480/1639
f 1765/1482/1641 1732/1452/1606 1734/1499/1659
f 1734/1499/1659 1766/1498/1658 1765/1482/1641
f 1579/1340/1484 1765/1482/1641 1761/1479/1636
f 1761/1479/1636 1581/1337/1486 1579/1340/1484
f 1765/1482/1641 1766/1498/1658 1750/1471/1628
f 1750/1471/1628 1761/1479/1636 1765/1482/1641
f 1767/1484/1643 1768/1486/1645 1756/1477/1634
f 1756/1477/1634 1764/1481/1640 1767/1484/1643
f 1770/1488/1647 1772/1490/1649 1789/1509/1670
f 1789/1509/1670 1788/1508/1669 1770/1488/1647
f 1795/1515/1676 1789/1509/1670 1772/1490/1649
f 1772/1490/1649 1776/1494/1654 1795/1515/1676
f 1779/1497/1657 1734/1499/1659 1733/1517/1678
f 1733/1517/1678 1796/1516/1677 1779/1497/1657
f 1497/1274/1399 1684/1384/1534 1797/1618/1869
f 1797/1618/1869 1714/1420/1573 1497/1274/1399
f 1714/1420/1573 1797/1618/1869 1633/1603/1854
f 1633/1603/1854 1632/1410/1562 1714/1420/1573
f 1684/1384/1534 1617/1370/1519 1616/1595/1846
f 1616/1595/1846 1797/1618/1869 1684/1384/1534
f 1797/1618/1869 1616/1595/1846 1620/1597/1848
f 1620/1597/1848 1633/1603/1854 1797/1618/1869
f 1501/1278/1403 1690/1390/1540 1798/1619/1870
f 1798/1619/1870 1728/1439/1593 1501/1278/1403
f 1728/1439/1593 1798/1619/1870 1638/1605/1856
f 1638/1605/1856 1637/1429/1582 1728/1439/1593
f 1690/1390/1540 1625/1377/1527 1624/1599/1850
f 1624/1599/1850 1798/1619/1870 1690/1390/1540
f 1798/1619/1870 1624/1599/1850 1628/1601/1852
f 1628/1601/1852 1638/1605/1856 1798/1619/1870
f 1561/1329/1466 1780/1500/1660 1799/1620/1871
f 1799/1620/1871 1745/1466/1623 1561/1329/1466
f 1745/1466/1623 1799/1620/1871 1645/1608/1859
f 1645/1608/1859 1644/1456/1610 1745/1466/1623
f 1780/1500/1660 1659/1493/1653 1658/1615/1866
f 1658/1615/1866 1799/1620/1871 1780/1500/1660
f 1799/1620/1871 1658/1615/1866 1646/1609/1860
f 1646/1609/1860 1645/1608/1859 1799/1620/1871
f 1565/1333/1470 1794/1514/1675 1800/1621/1872
f 1800/1621/1872 1751/1472/1629 1565/1333/1470
f 1751/1472/1629 1800/1621/1872 1653/1612/1863
f 1653/1612/1863 1652/1463/1618 1751/1472/1629
f 1794/1514/1675 1664/1504/1665 1663/1617/1868
f 1663/1617/1868 1800/1621/1872 1794/1514/1675
f 1800/1621/1872 1663/1617/1868 1654/1613/1864
f 1654/1613/1864 1653/1612/1863 1800/1621/1872
f 2066/1622/1873 2067/1538/1781 1607/1354/1502
f 1607/1354/1502 1606/1357/1504 2066/1622/1873
f 2070/1541/1784 2071/1623/1874 1540/1312/1445
f 1540/1312/1445 1543/1311/1444 2070/1541/1784
f 2071/1623/1874 2089/1536/1779 1724/1435/1589
f 1724/1435/1589 1540/1312/1445 2071/1623/1874
f 2092/1537/1780 2066/1622/1873 1606/1357/1504
f 1606/1357/1504 1793/1513/1674 2092/1537/1780
f 2068/1571/1806 2065/1624/1875 1992/1625/1876
f 1992/1625/1876 1989/1572/1807 2068/1571/1806
f 2069/1578/1812 1996/1577/1811 1993/1626/1877
f 1993/1626/1877 2072/1627/1878 2069/1578/1812
f 2072/1627/1878 1993/1626/1877 2013/1568/1803
f 2013/1568/1803 2090/1567/1802 2072/1627/1878
f 2091/1570/1805 2016/1569/1804 1992/1625/1876
f 1992/1625/1876 2065/1624/1875 2091/1570/1805
f 1989/1572/1807 1992/1625/1876 1991/1321/1456
f 1991/1321/1456 1990/1320/1455 1989/1572/1807
f 1993/1626/1877 1996/1577/1811 1995/1319/1454
f 1995/1319/1454 1994/1318/1453 1993/1626/1877
f 2013/1568/1803 1993/1626/1877 1994/1318/1453
f 1994/1318/1453 2014/1448/1602 2013/1568/1803
f 1992/1625/1876 2016/1569/1804 2015/1447/1601
f 2015/1447/1601 1991/1321/1456 1992/1625/1876
f 2065/1624/1875 2068/1571/1806 2067/1538/1781
f 2067/1538/1781 2066/1622/1873 2065/1624/1875
f 2069/1578/1812 2072/1627/1878 2071/1623/1874
f 2071/1623/1874 2070/1541/1784 2069/1578/1812
f 2072/1627/1878 2090/1567/1802 2089/1536/1779
f 2089/1536/1779 2071/1623/1874 2072/1627/1878
f 2091/1570/1805 2065/1624/1875 2066/1622/1873
f 2066/1622/1873 2092/1537/1780 2091/1570/1805
f 2190/1628/1879 2285/1629/1880 2286/1629/1881
f 2286/1629/1881 2194/1628/1882 2190/1628/1879
f 2193/1630/1883 2287/1631/1884 2288/1632/1885
f 2288/1632/1885 2197/1633/1886 2193/1630/1883
f 2196/1634/1887 2289/1635/1888 2290/1635/1889
f 2290/1635/1889 2200/1636/1890 2196/1634/1887
f 2199/1637/1891 2291/1632/1892 2292/1631/1893
f 2292/1631/1893 2191/1630/1894 2199/1637/1891
f 2202/1638/1887 2293/1639/1888 2294/1639/1889
f 2294/1639/1889 2206/1638/1895 2202/1638/1887
f 2205/1640/1891 2295/1641/1896 2296/1642/1893
f 2296/1642/1893 2209/1643/1894 2205/1640/1891
f 2208/1644/1897 2297/1645/1880 2298/1645/1898
f 2298/1645/1898 2212/1644/1882 2208/1644/1897
f 2211/1643/1883 2299/1642/1884 2300/1641/1885
f 2300/1641/1885 2203/1640/1886 2211/1643/1883
f 2214/1646/1899 2301/1647/1900 2302/1647/1901
f 2302/1647/1901 2218/1646/6 2214/1646/1899
f 2217/1630/1902 2303/1631/1903 2304/1632/1904
f 2304/1632/1904 2221/1637/1905 2217/1630/1902
f 2220/1636/1906 2305/1635/1907 2306/1635/1908
f 2306/1635/1908 2224/1636/45 2220/1636/1906
f 2223/1637/1909 2307/1632/1910 2308/1631/1911
f 2308/1631/1911 2215/1630/1048 2223/1637/1909
f 2226/1638/1906 2309/1639/1907 2310/1639/1908
f 2310/1639/1908 2230/1638/45 2226/1638/1906
f 2229/1640/1909 2311/1641/1910 2312/1642/1912
f 2312/1642/1912 2233/1643/1048 2229/1640/1909
f 2232/1644/1913 2313/1645/1914 2314/1645/1915
f 2314/1645/1915 2236/1644/6 2232/1644/1913
f 2235/1643/1916 2315/1642/1903 2316/1641/1904
f 2316/1641/1904 2227/1640/1905 2235/1643/1916
f 2137/1648/1917 2138/1649/1918 2237/1589/1826
f 2237/1589/1826 2239/1591/1833 2137/1648/1917
f 2137/1648/1917 2239/1591/1833 2238/1581/1814
f 2238/1581/1814 2140/1650/1919 2137/1648/1917
f 2145/1651/1920 2146/1652/1921 2240/1585/1826
f 2240/1585/1826 2242/1587/1833 2145/1651/1920
f 2145/1651/1920 2242/1587/1833 2241/1583/1814
f 2241/1583/1814 2148/1653/1922 2145/1651/1920
f 2161/1654/1923 2162/1655/1924 2243/1584/1828
f 2243/1584/1828 2245/1586/1834 2161/1654/1923
f 2161/1654/1923 2245/1586/1834 2244/1580/1816
f 2244/1580/1816 2164/1656/1925 2161/1654/1923
f 2185/1657/1923 2186/1658/1926 2246/1590/1828
f 2246/1590/1828 2248/1592/1842 2185/1657/1923
f 2185/1657/1923 2248/1592/1842 2247/1582/1818
f 2247/1582/1818 2188/1659/1927 2185/1657/1923
f 2129/1654/1928 2130/1655/1929 2249/1584/1824
f 2249/1584/1824 2251/1586/1836 2129/1654/1928
f 2129/1654/1928 2251/1586/1836 2250/1580/1820
f 2250/1580/1820 2132/1656/1930 2129/1654/1928
f 2153/1657/1931 2154/1658/1932 2252/1590/1824
f 2252/1590/1824 2254/1592/1836 2153/1657/1931
f 2153/1657/1931 2254/1592/1836 2253/1582/1820
f 2253/1582/1820 2156/1659/1933 2153/1657/1931
f 2169/1648/1934 2170/1649/1935 2255/1589/1830
f 2255/1589/1830 2257/1593/1843 2169/1648/1934
f 2169/1648/1934 2257/1593/1843 2256/1581/1822
f 2256/1581/1822 2172/1650/1936 2169/1648/1934
f 2177/1651/1937 2178/1652/1938 2258/1585/1830
f 2258/1585/1830 2260/1587/1839 2177/1651/1937
f 2177/1651/1937 2260/1587/1839 2259/1583/1823
f 2259/1583/1823 2180/1653/1936 2177/1651/1937
f 2125/1654/1939 2127/1656/1940 2261/1580/1813
f 2261/1580/1813 2263/1586/1832 2125/1654/1939
f 2125/1654/1939 2263/1586/1832 2262/1584/1825
f 2262/1584/1825 2126/1655/1941 2125/1654/1939
f 2141/1651/1942 2143/1653/1943 2264/1583/1819
f 2264/1583/1819 2266/1588/1837 2141/1651/1942
f 2141/1651/1942 2266/1588/1837 2265/1585/1827
f 2265/1585/1827 2142/1652/1944 2141/1651/1942
f 2157/1654/1945 2159/1656/1946 2267/1580/1821
f 2267/1580/1821 2269/1586/1838 2157/1654/1945
f 2157/1654/1945 2269/1586/1838 2268/1584/1829
f 2268/1584/1829 2158/1655/1947 2157/1654/1945
f 2173/1651/1948 2175/1653/1949 2270/1583/1817
f 2270/1583/1817 2272/1588/1835 2173/1651/1948
f 2173/1651/1948 2272/1588/1835 2271/1585/1831
f 2271/1585/1831 2174/1652/1950 2173/1651/1948
f 2133/1648/1942 2134/1650/1951 2273/1581/1819
f 2273/1581/1819 2275/1591/1837 2133/1648/1942
f 2133/1648/1942 2275/1591/1837 2274/1589/1827
f 2274/1589/1827 2136/1649/1952 2133/1648/1942
f 2149/1657/1953 2150/1659/1940 2276/1582/1813
f 2276/1582/1813 2278/1592/1832 2149/1657/1953
f 2149/1657/1953 2278/1592/1832 2277/1590/1825
f 2277/1590/1825 2152/1658/1954 2149/1657/1953
f 2165/1648/1948 2166/1650/1955 2279/1581/1815
f 2279/1581/1815 2281/1593/1841 2165/1648/1948
f 2165/1648/1948 2281/1593/1841 2280/1589/1831
f 2280/1589/1831 2168/1649/1950 2165/1648/1948
f 2181/1657/1945 2182/1659/1956 2282/1582/1821
f 2282/1582/1821 2284/1592/1844 2181/1657/1945
f 2181/1657/1945 2284/1592/1844 2283/1590/1840
f 2283/1590/1840 2184/1658/1947 2181/1657/1945
f 2125/1654/1939 2126/1655/1941 2285/1629/1880
f 2285/1629/1880 2128/1660/1957 2125/1654/1939
f 2129/1654/1928 2131/1660/1958 2286/1629/1881
f 2286/1629/1881 2130/1655/1929 2129/1654/1928
f 2129/1654/1928 2132/1656/1930 2287/1631/1884
f 2287/1631/1884 2131/1660/1958 2129/1654/1928
f 2133/1648/1942 2135/1661/1959 2288/1632/1885
f 2288/1632/1885 2134/1650/1951 2133/1648/1942
f 2133/1648/1942 2136/1649/1952 2289/1635/1888
f 2289/1635/1888 2135/1661/1959 2133/1648/1942
f 2137/1648/1917 2139/1661/1960 2290/1635/1889
f 2290/1635/1889 2138/1649/1918 2137/1648/1917
f 2137/1648/1917 2140/1650/1919 2291/1632/1892
f 2291/1632/1892 2139/1661/1960 2137/1648/1917
f 2125/1654/1939 2128/1660/1957 2292/1631/1893
f 2292/1631/1893 2127/1656/1940 2125/1654/1939
f 2141/1651/1942 2142/1652/1944 2293/1639/1888
f 2293/1639/1888 2144/1662/1959 2141/1651/1942
f 2145/1651/1920 2147/1662/1961 2294/1639/1889
f 2294/1639/1889 2146/1652/1921 2145/1651/1920
f 2145/1651/1920 2148/1653/1922 2295/1641/1896
f 2295/1641/1896 2147/1662/1961 2145/1651/1920
f 2149/1657/1953 2151/1663/1957 2296/1642/1893
f 2296/1642/1893 2150/1659/1940 2149/1657/1953
f 2149/1657/1953 2152/1658/1954 2297/1645/1880
f 2297/1645/1880 2151/1663/1957 2149/1657/1953
f 2153/1657/1931 2155/1663/1962 2298/1645/1898
f 2298/1645/1898 2154/1658/1932 2153/1657/1931
f 2153/1657/1931 2156/1659/1933 2299/1642/1884
f 2299/1642/1884 2155/1663/1962 2153/1657/1931
f 2141/1651/1942 2144/1662/1959 2300/1641/1885
f 2300/1641/1885 2143/1653/1943 2141/1651/1942
f 2157/1654/1945 2158/1655/1947 2301/1647/1900
f 2301/1647/1900 2160/1660/1963 2157/1654/1945
f 2161/1654/1923 2163/1660/1964 2302/1647/1901
f 2302/1647/1901 2162/1655/1924 2161/1654/1923
f 2161/1654/1923 2164/1656/1925 2303/1631/1903
f 2303/1631/1903 2163/1660/1964 2161/1654/1923
f 2165/1648/1948 2167/1661/1965 2304/1632/1904
f 2304/1632/1904 2166/1650/1955 2165/1648/1948
f 2165/1648/1948 2168/1649/1950 2305/1635/1907
f 2305/1635/1907 2167/1661/1965 2165/1648/1948
f 2169/1648/1934 2171/1661/1966 2306/1635/1908
f 2306/1635/1908 2170/1649/1935 2169/1648/1934
f 2169/1648/1934 2172/1650/1936 2307/1632/1910
f 2307/1632/1910 2171/1661/1966 2169/1648/1934
f 2157/1654/1945 2160/1660/1963 2308/1631/1911
f 2308/1631/1911 2159/1656/1946 2157/1654/1945
f 2173/1651/1948 2174/1652/1950 2309/1639/1907
f 2309/1639/1907 2176/1662/1967 2173/1651/1948
f 2177/1651/1937 2179/1662/1968 2310/1639/1908
f 2310/1639/1908 2178/1652/1938 2177/1651/1937
f 2177/1651/1937 2180/1653/1936 2311/1641/1910
f 2311/1641/1910 2179/1662/1968 2177/1651/1937
f 2181/1657/1945 2183/1663/1969 2312/1642/1912
f 2312/1642/1912 2182/1659/1956 2181/1657/1945
f 2181/1657/1945 2184/1658/1947 2313/1645/1914
f 2313/1645/1914 2183/1663/1969 2181/1657/1945
f 2185/1657/1923 2187/1663/1970 2314/1645/1915
f 2314/1645/1915 2186/1658/1926 2185/1657/1923
f 2185/1657/1923 2188/1659/1927 2315/1642/1903
f 2315/1642/1903 2187/1663/1970 2185/1657/1923
f 2173/1651/1948 2176/1662/1967 2316/1641/1904
f 2316/1641/1904 2175/1653/1949 2173/1651/1948
f 2127/1656/1940 2140/1650/1919 2238/1581/1814
f 2238/1581/1814 2261/1580/1813 2127/1656/1940
f 2150/1659/1940 2148/1653/1922 2241/1583/1814
f 2241/1583/1814 2276/1582/1813 2150/1659/1940
f 2166/1650/1955 2164/1656/1925 2244/1580/1816
f 2244/1580/1816 2279/1581/1815 2166/1650/1955
f 2175/1653/1949 2188/1659/1927 2247/1582/1818
f 2247/1582/1818 2270/1583/1817 2175/1653/1949
f 2134/1650/1951 2132/1656/1930 2250/1580/1820
f 2250/1580/1820 2273/1581/1819 2134/1650/1951
f 2143/1653/1943 2156/1659/1933 2253/1582/1820
f 2253/1582/1820 2264/1583/1819 2143/1653/1943
f 2159/1656/1946 2172/1650/1936 2256/1581/1822
f 2256/1581/1822 2267/1580/1821 2159/1656/1946
f 2182/1659/1956 2180/1653/1936 2259/1583/1823
f 2259/1583/1823 2282/1582/1821 2182/1659/1956
f 2130/1655/1929 2126/1655/1941 2262/1584/1825
f 2262/1584/1825 2249/1584/1824 2130/1655/1929
f 2146/1652/1921 2142/1652/1944 2265/1585/1827
f 2265/1585/1827 2240/1585/1826 2146/1652/1921
f 2162/1655/1924 2158/1655/1947 2268/1584/1829
f 2268/1584/1829 2243/1584/1828 2162/1655/1924
f 2178/1652/1938 2174/1652/1950 2271/1585/1831
f 2271/1585/1831 2258/1585/1830 2178/1652/1938
f 2138/1649/1918 2136/1649/1952 2274/1589/1827
f 2274/1589/1827 2237/1589/1826 2138/1649/1918
f 2154/1658/1932 2152/1658/1954 2277/1590/1825
f 2277/1590/1825 2252/1590/1824 2154/1658/1932
f 2170/1649/1935 2168/1649/1950 2280/1589/1831
f 2280/1589/1831 2255/1589/1830 2170/1649/1935
f 2186/1658/1926 2184/1658/1947 2283/1590/1840
f 2283/1590/1840 2246/1590/1828 2186/1658/1926
f 2126/1655/1941 2130/1655/1929 2286/1629/1881
f 2286/1629/1881 2285/1629/1880 2126/1655/1941
f 2131/1660/1958 2192/1664/1971 2194/1628/1882
f 2194/1628/1882 2286/1629/1881 2131/1660/1958
f 2189/1664/1972 2128/1660/1957 2285/1629/1880
f 2285/1629/1880 2190/1628/1879 2189/1664/1972
f 2132/1656/1930 2134/1650/1951 2288/1632/1885
f 2288/1632/1885 2287/1631/1884 2132/1656/1930
f 2135/1661/1959 2195/1665/1973 2197/1633/1886
f 2197/1633/1886 2288/1632/1885 2135/1661/1959
f 2192/1664/1971 2131/1660/1958 2287/1631/1884
f 2287/1631/1884 2193/1630/1883 2192/1664/1971
f 2136/1649/1952 2138/1649/1918 2290/1635/1889
f 2290/1635/1889 2289/1635/1888 2136/1649/1952
f 2139/1661/1960 2198/1666/1974 2200/1636/1890
f 2200/1636/1890 2290/1635/1889 2139/1661/1960
f 2195/1665/1973 2135/1661/1959 2289/1635/1888
f 2289/1635/1888 2196/1634/1887 2195/1665/1973
f 2140/1650/1919 2127/1656/1940 2292/1631/1893
f 2292/1631/1893 2291/1632/1892 2140/1650/1919
f 2128/1660/1957 2189/1664/1972 2191/1630/1894
f 2191/1630/1894 2292/1631/1893 2128/1660/1957
f 2198/1666/1974 2139/1661/1960 2291/1632/1892
f 2291/1632/1892 2199/1637/1891 2198/1666/1974
f 2142/1652/1944 2146/1652/1921 2294/1639/1889
f 2294/1639/1889 2293/1639/1888 2142/1652/1944
f 2147/1662/1961 2204/1667/1975 2206/1638/1895
f 2206/1638/1895 2294/1639/1889 2147/1662/1961
f 2201/1667/1973 2144/1662/1959 2293/1639/1888
f 2293/1639/1888 2202/1638/1887 2201/1667/1973
f 2148/1653/1922 2150/1659/1940 2296/1642/1893
f 2296/1642/1893 2295/1641/1896 2148/1653/1922
f 2151/1663/1957 2207/1668/1976 2209/1643/1894
f 2209/1643/1894 2296/1642/1893 2151/1663/1957
f 2204/1667/1975 2147/1662/1961 2295/1641/1896
f 2295/1641/1896 2205/1640/1891 2204/1667/1975
f 2152/1658/1954 2154/1658/1932 2298/1645/1898
f 2298/1645/1898 2297/1645/1880 2152/1658/1954
f 2155/1663/1962 2210/1668/1977 2212/1644/1882
f 2212/1644/1882 2298/1645/1898 2155/1663/1962
f 2207/1668/1976 2151/1663/1957 2297/1645/1880
f 2297/1645/1880 2208/1644/1897 2207/1668/1976
f 2156/1659/1933 2143/1653/1943 2300/1641/1885
f 2300/1641/1885 2299/1642/1884 2156/1659/1933
f 2144/1662/1959 2201/1667/1973 2203/1640/1886
f 2203/1640/1886 2300/1641/1885 2144/1662/1959
f 2210/1668/1977 2155/1663/1962 2299/1642/1884
f 2299/1642/1884 2211/1643/1883 2210/1668/1977
f 2158/1655/1947 2162/1655/1924 2302/1647/1901
f 2302/1647/1901 2301/1647/1900 2158/1655/1947
f 2163/1660/1964 2216/1664/1978 2218/1646/1979
f 2218/1646/1979 2302/1647/1901 2163/1660/1964
f 2213/1664/1980 2160/1660/1963 2301/1647/1900
f 2301/1647/1900 2214/1646/1899 2213/1664/1980
f 2164/1656/1925 2166/1650/1955 2304/1632/1904
f 2304/1632/1904 2303/1631/1903 2164/1656/1925
f 2167/1661/1965 2219/1669/1981 2221/1637/1905
f 2221/1637/1905 2304/1632/1904 2167/1661/1965
f 2216/1664/1978 2163/1660/1964 2303/1631/1903
f 2303/1631/1903 2217/1630/1902 2216/1664/1978
f 2168/1649/1950 2170/1649/1935 2306/1635/1908
f 2306/1635/1908 2305/1635/1907 2168/1649/1950
f 2171/1661/1966 2222/1669/1982 2224/1636/1983
f 2224/1636/1984 2306/1635/1908 2171/1661/1966
f 2219/1669/1981 2167/1661/1965 2305/1635/1907
f 2305/1635/1907 2220/1636/1906 2219/1669/1981
f 2172/1650/1936 2159/1656/1946 2308/1631/1911
f 2308/1631/1911 2307/1632/1910 2172/1650/1936
f 2160/1660/1963 2213/1664/1980 2215/1630/1048
f 2215/1630/1048 2308/1631/1911 2160/1660/1963
f 2222/1669/1982 2171/1661/1966 2307/1632/1910
f 2307/1632/1910 2223/1637/1909 2222/1669/1982
f 2174/1652/1950 2178/1652/1938 2310/1639/1908
f 2310/1639/1908 2309/1639/1907 2174/1652/1950
f 2179/1662/1968 2228/1667/1982 2230/1638/1985
f 2230/1638/1984 2310/1639/1908 2179/1662/1968
f 2225/1667/1981 2176/1662/1967 2309/1639/1907
f 2309/1639/1907 2226/1638/1906 2225/1667/1981
f 2180/1653/1936 2182/1659/1956 2312/1642/1912
f 2312/1642/1912 2311/1641/1910 2180/1653/1936
f 2183/1663/1969 2231/1670/1986 2233/1643/1048
f 2233/1643/1048 2312/1642/1912 2183/1663/1969
f 2228/1667/1982 2179/1662/1968 2311/1641/1910
f 2311/1641/1910 2229/1640/1909 2228/1667/1982
f 2184/1658/1947 2186/1658/1926 2314/1645/1915
f 2314/1645/1915 2313/1645/1914 2184/1658/1947
f 2187/1663/1970 2234/1670/1987 2236/1644/1988
f 2236/1644/1989 2314/1645/1915 2187/1663/1970
f 2231/1670/1986 2183/1663/1969 2313/1645/1914
f 2313/1645/1914 2232/1644/1913 2231/1670/1986
f 2188/1659/1927 2175/1653/1949 2316/1641/1904
f 2316/1641/1904 2315/1642/1903 2188/1659/1927
f 2176/1662/1967 2225/1667/1981 2227/1640/1905
f 2227/1640/1905 2316/1641/1904 2176/1662/1967
f 2234/1670/1987 2187/1663/1970 2315/1642/1903
f 2315/1642/1903 2235/1643/1916 2234/1670/1987
f 2275/1591/1837 2106/1525/1389 2118/1525/1389
f 2118/1525/1389 2274/1589/1827 2275/1591/1837
f 2239/1591/1833 2099/1525/1389 2100/1544/1389
f 2100/1544/1389 2238/1581/1814 2239/1591/1833
f 2263/1586/1832 2022/1264/1389 2042/1264/1389
f 2042/1264/1389 2262/1584/1825 2263/1586/1832
f 2251/1586/1836 2029/1264/1389 2030/1545/1389
f 2030/1545/1389 2250/1580/1820 2251/1586/1836
f 2254/1592/1836 2107/1524/1389 2108/1542/1389
f 2108/1542/1389 2253/1582/1820 2254/1592/1836
f 2278/1592/1832 2102/1524/1389 2120/1524/1389
f 2120/1524/1389 2277/1590/1825 2278/1592/1832
f 2242/1587/1833 2027/1265/1389 2028/1543/1389
f 2028/1543/1389 2241/1583/1814 2242/1587/1833
f 2266/1588/1837 2032/1265/1389 2044/1265/1389
f 2044/1265/1389 2265/1585/1827 2266/1588/1837
f 2260/1587/1839 2035/1265/1389 2036/1543/1389
f 2036/1543/1389 2259/1583/1823 2260/1587/1839
f 2272/1588/1835 2026/1265/1389 2048/1265/1389
f 2048/1265/1389 2271/1585/1831 2272/1588/1835
f 2248/1592/1842 2103/1524/1389 2104/1542/1389
f 2104/1542/1389 2247/1582/1818 2248/1592/1842
f 2284/1592/1844 2110/1524/1389 2124/1524/1389
f 2124/1524/1389 2283/1590/1840 2284/1592/1844
f 2257/1593/1843 2115/1525/1389 2116/1544/1389
f 2116/1544/1389 2256/1581/1822 2257/1593/1843
f 2281/1593/1841 2098/1525/1389 2122/1525/1389
f 2122/1525/1389 2280/1589/1831 2281/1593/1841
f 2245/1586/1834 2023/1264/1389 2024/1579/1389
f 2024/1579/1389 2244/1580/1816 2245/1586/1834
f 2269/1586/1838 2038/1264/1389 2046/1264/1389
f 2046/1264/1389 2268/1584/1829 2269/1586/1838
f 2317/1671/1990 2325/1672/1991 2326/1673/1992
f 2326/1673/1992 2318/1674/1993 2317/1671/1990
f 2318/1674/1993 2326/1673/1992 2327/1675/1994
f 2327/1675/1994 2319/1676/1995 2318/1674/1993
f 2319/1676/1995 2327/1675/1994 2328/1673/1996
f 2328/1673/1996 2320/1674/1997 2319/1676/1995
f 2320/1674/1997 2328/1673/1996 2329/1672/1998
f 2329/1672/1998 2321/1671/1999 2320/1674/1997
f 2321/1671/1999 2329/1672/1998 2330/1677/2000
f 2330/1677/2000 2322/1678/2001 2321/1671/1999
f 2322/1678/2001 2330/1677/2000 2331/1679/2002
f 2331/1679/2002 2323/1680/2003 2322/1678/2001
f 2323/1680/2003 2331/1679/2002 2332/1677/2004
f 2332/1677/2004 2324/1678/2005 2323/1680/2003
f 2324/1678/2005 2332/1677/2004 2325/1672/1991
f 2325/1672/1991 2317/1671/1990 2324/1678/2005
f 2325/1672/1991 2333/1681/2006 2334/1682/2007
f 2334/1682/2007 2326/1673/1992 2325/1672/1991
f 2326/1673/1992 2334/1682/2007 2335/1683/2008
f 2335/1683/2008 2327/1675/1994 2326/1673/1992
f 2327/1675/1994 2335/1683/2008 2336/1682/2009
f 2336/1682/2009 2328/1673/1996 2327/1675/1994
f 2328/1673/1996 2336/1682/2009 2337/1681/2010
f 2337/1681/2010 2329/1672/1998 2328/1673/1996
f 2329/1672/1998 2337/1681/2010 2338/1684/2011
f 2338/1684/2011 2330/1677/2000 2329/1672/1998
f 2330/1677/2000 2338/1684/2011 2339/1685/2012
f 2339/1685/2012 2331/1679/2002 2330/1677/2000
f 2331/1679/2002 2339/1685/2012 2340/1684/2013
f 2340/1684/2013 2332/1677/2004 2331/1679/2002
f 2332/1677/2004 2340/1684/2013 2333/1681/2006
f 2333/1681/2006 2325/1672/1991 2332/1677/2004
f 2333/1681/2006 2341/1686/2014 2342/1687/2015
f 2342/1687/2015 2334/1682/2007 2333/1681/2006
f 2334/1682/2007 2342/1687/2015 2343/1688/2016
f 2343/1688/2016 2335/1683/2008 2334/1682/2007
f 2335/1683/2008 2343/1688/2016 2344/1687/2017
f 2344/1687/2017 2336/1682/2009 2335/1683/2008
f 2336/1682/2009 2344/1687/2017 2345/1686/2018
f 2345/1686/2018 2337/1681/2010 2336/1682/2009
f 2337/1681/2010 2345/1686/2018 2346/1689/2019
f 2346/1689/2019 2338/1684/2011 2337/1681/2010
f 2338/1684/2011 2346/1689/2019 2347/1690/2020
f 2347/1690/2020 2339/1685/2012 2338/1684/2011
f 2339/1685/2012 2347/1690/2020 2348/1689/2021
f 2348/1689/2021 2340/1684/2013 2339/1685/2012
f 2340/1684/2013 2348/1689/2021 2341/1686/2014
f 2341/1686/2014 2333/1681/2006 2340/1684/2013
f 2341/1686/2014 2349/1691/2022 2350/1692/2023
f 2350/1692/2023 2342/1687/2015 2341/1686/2014
f 2342/1687/2015 2350/1692/2023 2351/1693/2024
f 2351/1693/2024 2343/1688/2016 2342/1687/2015
f 2343/1688/2016 2351/1693/2024 2352/1692/2025
f 2352/1692/2025 2344/1687/2017 2343/1688/2016
f 2344/1687/2017 2352/1692/2025 2353/1691/2026
f 2353/1691/2026 2345/1686/2018 2344/1687/2017
f 2345/1686/2018 2353/1691/2026 2354/1694/2027
f 2354/1694/2027 2346/1689/2019 2345/1686/2018
f 2346/1689/2019 2354/1694/2027 2355/1695/2028
f 2355/1695/2028 2347/1690/2020 2346/1689/2019
f 2347/1690/2020 2355/1695/2028 2356/1694/2029
f 2356/1694/2029 2348/1689/2021 2347/1690/2020
f 2348/1689/2021 2356/1694/2029 2349/1691/2022
f 2349/1691/2022 2341/1686/2014 2348/1689/2021
f 2349/1691/2022 2357/1696/2030 2358/1697/2031
f 2358/1697/2031 2350/1692/2023 2349/1691/2022
f 2350/1692/2023 2358/1697/2031 2359/1698/2032
f 2359/1698/2032 2351/1693/2024 2350/1692/2023
f 2351/1693/2024 2359/1698/2032 2360/1697/2033
f 2360/1697/2033 2352/1692/2025 2351/1693/2024
f 2352/1692/2025 2360/1697/2033 2361/1696/2034
f 2361/1696/2034 2353/1691/2026 2352/1692/2025
f 2353/1691/2026 2361/1696/2034 2362/1699/2035
f 2362/1699/2035 2354/1694/2027 2353/1691/2026
f 2354/1694/2027 2362/1699/2035 2363/1700/2036
f 2363/1700/2036 2355/1695/2028 2354/1694/2027
f 2355/1695/2028 2363/1700/2036 2364/1699/2037
f 2364/1699/2037 2356/1694/2029 2355/1695/2028
f 2356/1694/2029 2364/1699/2037 2357/1696/2030
f 2357/1696/2030 2349/1691/2022 2356/1694/2029
f 2357/1696/2030 2365/1701/2038 2366/1702/2039
f 2366/1702/2039 2358/1697/2031 2357/1696/2030
f 2358/1697/2031 2366/1702/2039 2367/1703/2040
f 2367/1703/2040 2359/1698/2032 2358/1697/2031
f 2359/1698/2032 2367/1703/2040 2368/1702/2041
f 2368/1702/2041 2360/1697/2033 2359/1698/2032
f 2360/1697/2033 2368/1702/2041 2369/1701/2042
f 2369/1701/2042 2361/1696/2034 2360/1697/2033
f 2361/1696/2034 2369/1701/2042 2370/1704/2043
f 2370/1704/2043 2362/1699/2035 2361/1696/2034
f 2362/1699/2035 2370/1704/2043 2371/1705/2044
f 2371/1705/2044 2363/1700/2036 2362/1699/2035
f 2363/1700/2036 2371/1705/2044 2372/1704/2045
f 2372/1704/2045 2364/1699/2037 2363/1700/2036
f 2364/1699/2037 2372/1704/2045 2365/1701/2038
f 2365/1701/2038 2357/1696/2030 2364/1699/2037
f 2365/1701/2038 2373/1706/2046 2374/1707/2047
f 2374/1707/2047 2366/1702/2039 2365/1701/2038
f 2366/1702/2039 2374/1707/2047 2375/1708/2048
f 2375/1708/2048 2367/1703/2040 2366/1702/2039
f 2367/1703/2040 2375/1708/2048 2376/1707/2049
f 2376/1707/2049 2368/1702/2041 2367/1703/2040
f 2368/1702/2041 2376/1707/2049 2377/1706/2050
f 2377/1706/2050 2369/1701/2042 2368/1702/2041
f 2369/1701/2042 2377/1706/2050 2378/1709/2051
f 2378/1709/2051 2370/1704/2043 2369/1701/2042
f 2370/1704/2043 2378/1709/2051 2379/1710/2052
f 2379/1710/2052 2371/1705/2044 2370/1704/2043
f 2371/1705/2044 2379/1710/2052 2380/1709/2053
f 2380/1709/2053 2372/1704/2045 2371/1705/2044
f 2372/1704/2045 2380/1709/2053 2373/1706/2046
f 2373/1706/2046 2365/1701/2038 2372/1704/2045
f 2373/1706/2046 2381/1711/2054 2382/1712/2055
f 2382/1712/2055 2374/1707/2047 2373/1706/2046
f 2374/1707/2047 2382/1712/2055 2383/1713/2056
f 2383/1713/2056 2375/1708/2048 2374/1707/2047
f 2375/1708/2048 2383/1713/2056 2384/1712/2057
f 2384/1712/2057 2376/1707/2049 2375/1708/2048
f 2376/1707/2049 2384/1712/2057 2385/1711/2058
f 2385/1711/2058 2377/1706/2050 2376/1707/2049
f 2377/1706/2050 2385/1711/2058 2386/1714/2059
f 2386/1714/2059 2378/1709/2051 2377/1706/2050
f 2378/1709/2051 2386/1714/2059 2387/1715/2060
f 2387/1715/2060 2379/1710/2052 2378/1709/2051
f 2379/1710/2052 2387/1715/2060 2388/1714/2061
f 2388/1714/2061 2380/1709/2053 2379/1710/2052
f 2380/1709/2053 2388/1714/2061 2381/1711/2054
f 2381/1711/2054 2373/1706/2046 2380/1709/2053
f 2381/1711/2054 2389/1716/2062 2390/1717/2063
f 2390/1717/2063 2382/1712/2055 2381/1711/2054
f 2382/1712/2055 2390/1717/2063 2391/1718/2064
f 2391/1718/2064 2383/1713/2056 2382/1712/2055
f 2383/1713/2056 2391/1718/2064 2392/1717/2065
f 2392/1717/2065 2384/1712/2057 2383/1713/2056
f 2384/1712/2057 2392/1717/2065 2393/1716/2066
f 2393/1716/2066 2385/1711/2058 2384/1712/2057
f 2385/1711/2058 2393/1716/2066 2394/1719/2067
f 2394/1719/2067 2386/1714/2059 2385/1711/2058
f 2386/1714/2059 2394/1719/2067 2395/1720/2068
f 2395/1720/2068 2387/1715/2060 2386/1714/2059
f 2387/1715/2060 2395/1720/2068 2396/1719/2069
f 2396/1719/2069 2388/1714/2061 2387/1715/2060
f 2388/1714/2061 2396/1719/2069 2389/1716/2062
f 2389/1716/2062 2381/1711/2054 2388/1714/2061
f 2389/1716/2062 2397/1721/2070 2398/1722/2071
f 2398/1722/2071 2390/1717/2063 2389/1716/2062
f 2390/1717/2063 2398/1722/2071 2399/1723/2072
f 2399/1723/2072 2391/1718/2064 2390/1717/2063
f 2391/1718/2064 2399/1723/2072 2400/1722/2073
f 2400/1722/2073 2392/1717/2065 2391/1718/2064
f 2392/1717/2065 2400/1722/2073 2401/1721/2074
f 2401/1721/2074 2393/1716/2066 2392/1717/2065
f 2393/1716/2066 2401/1721/2074 2402/1724/2075
f 2402/1724/2075 2394/1719/2067 2393/1716/2066
f 2394/1719/2067 2402/1724/2075 2403/1725/2076
f 2403/1725/2076 2395/1720/2068 2394/1719/2067
f 2395/1720/2068 2403/1725/2076 2404/1726/2077
f 2404/1726/2077 2396/1719/2069 2395/1720/2068
f 2396/1719/2069 2404/1726/2077 2397/1721/2070
f 2397/1721/2070 2389/1716/2062 2396/1719/2069
f 2397/1721/2070 2405/1727/2078 2406/1728/2079
f 2406/1728/2079 2398/1722/2071 2397/1721/2070
f 2398/1722/2071 2406/1728/2079 2407/1729/2080
f 2407/1729/2080 2399/1723/2072 2398/1722/2071
f 2399/1723/2072 2407/1729/2080 2408/1728/2081
f 2408/1728/2081 2400/1722/2073 2399/1723/2072
f 2400/1722/2073 2408/1728/2081 2409/1727/2082
f 2409/1727/2082 2401/1721/2074 2400/1722/2073
f 2401/1721/2074 2409/1727/2082 2410/1730/2083
f 2410/1730/2083 2402/1724/2075 2401/1721/2074
f 2402/1724/2075 2410/1730/2083 2411/1731/2084
f 2411/1731/2084 2403/1725/2076 2402/1724/2075
f 2403/1725/2076 2411/1731/2084 2412/1730/2085
f 2412/1730/2085 2404/1726/2077 2403/1725/2076
f 2404/1726/2077 2412/1730/2085 2405/1727/2078
f 2405/1727/2078 2397/1721/2070 2404/1726/2077
f 2405/1727/2078 2413/1732/2086 2414/1733/2087
f 2414/1733/2087 2406/1728/2079 2405/1727/2078
f 2406/1728/2079 2414/1733/2087 2415/1734/2088
f 2415/1734/2088 2407/1729/2080 2406/1728/2079
f 2407/1729/2080 2415/1734/2088 2416/1733/2089
f 2416/1733/2089 2408/1728/2081 2407/1729/2080
f 2408/1728/2081 2416/1733/2089 2417/1732/2090
f 2417/1732/2090 2409/1727/2082 2408/1728/2081
f 2409/1727/2082 2417/1732/2090 2418/1735/2091
f 2418/1735/2091 2410/1730/2083 2409/1727/2082
f 2410/1730/2083 2418/1735/2091 2419/1736/2092
f 2419/1736/2092 2411/1731/2084 2410/1730/2083
f 2411/1731/2084 2419/1736/2092 2420/1735/2093
f 2420/1735/2093 2412/1730/2085 2411/1731/2084
f 2412/1730/2085 2420/1735/2093 2413/1732/2086
f 2413/1732/2086 2405/1727/2078 2412/1730/2085
f 2413/1732/2086 2421/1737/2094 2422/1738/2095
f 2422/1738/2095 2414/1733/2087 2413/1732/2086
f 2414/1733/2087 2422/1738/2095 2423/1739/2096
f 2423/1739/2096 2415/1734/2088 2414/1733/2087
f 2415/1734/2088 2423/1739/2096 2424/1738/2097
f 2424/1738/2097 2416/1733/2089 2415/1734/2088
f 2416/1733/2089 2424/1738/2097 2425/1737/2098
f 2425/1737/2098 2417/1732/2090 2416/1733/2089
f 2417/1732/2090 2425/1737/2098 2426/1740/2099
f 2426/1740/2099 2418/1735/2091 2417/1732/2090
f 2418/1735/2091 2426/1740/2099 2427/1741/2100
f 2427/1741/2100 2419/1736/2092 2418/1735/2091
f 2419/1736/2092 2427/1741/2100 2428/1740/2101
f 2428/1740/2101 2420/1735/2093 2419/1736/2092
f 2420/1735/2093 2428/1740/2101 2421/1737/2094
f 2421/1737/2094 2413/1732/2086 2420/1735/2093
f 2421/1737/2094 2429/1742/2102 2430/1743/2103
f 2430/1743/2103 2422/1738/2095 2421/1737/2094
f 2422/1738/2095 2430/1743/2103 2431/1744/2020
f 2431/1744/2020 2423/1739/2096 2422/1738/2095
f 2423/1739/2096 2431/1744/2020 2432/1743/2104
f 2432/1743/2104 2424/1738/2097 2423/1739/2096
f 2424/1738/2097 2432/1743/2104 2433/1742/2105
f 2433/1742/2105 2425/1737/2098 2424/1738/2097
f 2425/1737/2098 2433/1742/2105 2434/1745/2106
f 2434/1745/2106 2426/1740/2099 2425/1737/2098
f 2426/1740/2099 2434/1745/2106 2435/1746/2107
f 2435/1746/2107 2427/1741/2100 2426/1740/2099
f 2427/1741/2100 2435/1746/2107 2436/1745/2108
f 2436/1745/2108 2428/1740/2101 2427/1741/2100
f 2428/1740/2101 2436/1745/2108 2429/1742/2102
f 2429/1742/2102 2421/1737/2094 2428/1740/2101
f 2429/1742/2102 2437/1747/2109 2438/1748/2110
f 2438/1748/2110 2430/1743/2103 2429/1742/2102
f 2430/1743/2103 2438/1748/2110 2439/1749/2111
f 2439/1749/2111 2431/1744/2020 2430/1743/2103
f 2431/1744/2020 2439/1749/2111 2440/1748/2112
f 2440/1748/2112 2432/1743/2104 2431/1744/2020
f 2432/1743/2104 2440/1748/2112 2441/1747/2113
f 2441/1747/2113 2433/1742/2105 2432/1743/2104
f 2433/1742/2105 2441/1747/2113 2442/1750/2114
f 2442/1750/2114 2434/1745/2106 2433/1742/2105
f 2434/1745/2106 2442/1750/2114 2443/1751/2115
f 2443/1751/2115 2435/1746/2107 2434/1745/2106
f 2435/1746/2107 2443/1751/2115 2444/1750/2116
f 2444/1750/2116 2436/1745/2108 2435/1746/2107
f 2436/1745/2108 2444/1750/2116 2437/1747/2109
f 2437/1747/2109 2429/1742/2102 2436/1745/2108
f 2437/1747/2109 2445/1752/2117 2446/1753/2118
f 2446/1753/2118 2438/1748/2110 2437/1747/2109
f 2438/1748/2110 2446/1753/2118 2447/1754/2119
f 2447/1754/2119 2439/1749/2111 2438/1748/2110
f 2439/1749/2111 2447/1754/2119 2448/1753/2120
f 2448/1753/2120 2440/1748/2112 2439/1749/2111
f 2440/1748/2112 2448/1753/2120 2449/1752/2121
f 2449/1752/2121 2441/1747/2113 2440/1748/2112
f 2441/1747/2113 2449/1752/2121 2450/1755/2122
f 2450/1755/2122 2442/1750/2114 2441/1747/2113
f 2442/1750/2114 2450/1755/2122 2451/1756/2123
f 2451/1756/2123 2443/1751/2115 2442/1750/2114
f 2443/1751/2115 2451/1756/2123 2452/1755/2124
f 2452/1755/2124 2444/1750/2116 2443/1751/2115
f 2444/1750/2116 2452/1755/2124 2445/1752/2117
f 2445/1752/2117 2437/1747/2109 2444/1750/2116
f 2445/1752/2117 2453/1757/2038 2454/1758/2125
f 2454/1758/2125 2446/1753/2118 2445/1752/2117
f 2446/1753/2118 2454/1758/2125 2455/1759/2126
f 2455/1759/2126 2447/1754/2119 2446/1753/2118
f 2447/1754/2119 2455/1759/2126 2456/1758/2127
f 2456/1758/2127 2448/1753/2120 2447/1754/2119
f 2448/1753/2120 2456/1758/2127 2457/1757/2128
f 2457/1757/2128 2449/1752/2121 2448/1753/2120
f 2449/1752/2121 2457/1757/2128 2458/1760/2129
f 2458/1760/2129 2450/1755/2122 2449/1752/2121
f 2450/1755/2122 2458/1760/2129 2459/1761/2040
f 2459/1761/2040 2451/1756/2123 2450/1755/2122
f 2451/1756/2123 2459/1761/2040 2460/1760/2130
f 2460/1760/2130 2452/1755/2124 2451/1756/2123
f 2452/1755/2124 2460/1760/2130 2453/1757/2038
f 2453/1757/2038 2445/1752/2117 2452/1755/2124
f 2453/1757/2038 2461/1762/2131 2462/1763/2132
f 2462/1763/2132 2454/1758/2125 2453/1757/2038
f 2454/1758/2125 2462/1763/2132 2463/1764/2133
f 2463/1764/2133 2455/1759/2126 2454/1758/2125
f 2455/1759/2126 2463/1764/2133 2464/1763/2134
f 2464/1763/2134 2456/1758/2127 2455/1759/2126
f 2456/1758/2127 2464/1763/2134 2465/1762/2135
f 2465/1762/2135 2457/1757/2128 2456/1758/2127
f 2457/1757/2128 2465/1762/2135 2466/1765/2136
f 2466/1765/2136 2458/1760/2129 2457/1757/2128
f 2458/1760/2129 2466/1765/2136 2467/1766/2137
f 2467/1766/2137 2459/1761/2040 2458/1760/2129
f 2459/1761/2040 2467/1766/2137 2468/1765/2138
f 2468/1765/2138 2460/1760/2130 2459/1761/2040
f 2460/1760/2130 2468/1765/2138 2461/1762/2131
f 2461/1762/2131 2453/1757/2038 2460/1760/2130
f 2461/1762/2131 2469/1767/2139 2470/1768/2140
f 2470/1768/2140 2462/1763/2132 2461/1762/2131
f 2462/1763/2132 2470/1768/2140 2471/1769/2141
f 2471/1769/2141 2463/1764/2133 2462/1763/2132
f 2463/1764/2133 2471/1769/2141 2472/1768/2142
f 2472/1768/2142 2464/1763/2134 2463/1764/2133
f 2464/1763/2134 2472/1768/2142 2473/1767/2143
f 2473/1767/2143 2465/1762/2135 2464/1763/2134
f 2465/1762/2135 2473/1767/2143 2474/1770/2144
f 2474/1770/2144 2466/1765/2136 2465/1762/2135
f 2466/1765/2136 2474/1770/2144 2475/1771/2145
f 2475/1771/2145 2467/1766/2137 2466/1765/2136
f 2467/1766/2137 2475/1771/2145 2476/1770/2146
f 2476/1770/2146 2468/1765/2138 2467/1766/2137
f 2468/1765/2138 2476/1770/2146 2469/1767/2139
f 2469/1767/2139 2461/1762/2131 2468/1765/2138
f 2469/1767/2139 2477/1772/2147 2478/1773/2148
f 2478/1773/2148 2470/1768/2140 2469/1767/2139
f 2470/1768/2140 2478/1773/2148 2479/1774/2149
f 2479/1774/2149 2471/1769/2141 2470/1768/2140
f 2471/1769/2141 2479/1774/2149 2480/1773/2150
f 2480/1773/2150 2472/1768/2142 2471/1769/2141
f 2472/1768/2142 2480/1773/2150 2481/1772/2151
f 2481/1772/2151 2473/1767/2143 2472/1768/2142
f 2473/1767/2143 2481/1772/2151 2482/1775/2152
f 2482/1775/2152 2474/1770/2144 2473/1767/2143
f 2474/1770/2144 2482/1775/2152 2483/1776/2064
f 2483/1776/2064 2475/1771/2145 2474/1770/2144
f 2475/1771/2145 2483/1776/2064 2484/1775/2153
f 2484/1775/2153 2476/1770/2146 2475/1771/2145
f 2476/1770/2146 2484/1775/2153 2477/1772/2147
f 2477/1772/2147 2469/1767/2139 2476/1770/2146
f 2477/1772/2147 2485/1777/2154 2486/1778/2155
f 2486/1778/2155 2478/1773/2148 2477/1772/2147
f 2478/1773/2148 2486/1778/2155 2487/1779/2156
f 2487/1779/2156 2479/1774/2149 2478/1773/2148
f 2479/1774/2149 2487/1779/2156 2488/1778/2157
f 2488/1778/2157 2480/1773/2150 2479/1774/2149
f 2480/1773/2150 2488/1778/2157 2489/1777/2158
f 2489/1777/2158 2481/1772/2151 2480/1773/2150
f 2481/1772/2151 2489/1777/2158 2490/1780/2159
f 2490/1780/2159 2482/1775/2152 2481/1772/2151
f 2482/1775/2152 2490/1780/2159 2491/1781/2160
f 2491/1781/2160 2483/1776/2064 2482/1775/2152
f 2483/1776/2064 2491/1781/2160 2492/1780/2161
f 2492/1780/2161 2484/1775/2153 2483/1776/2064
f 2484/1775/2153 2492/1780/2161 2485/1777/2154
f 2485/1777/2154 2477/1772/2147 2484/1775/2153
f 2485/1777/2154 2317/1671/1990 2318/1674/1993
f 2318/1674/1993 2486/1778/2155 2485/1777/2154
f 2486/1778/2155 2318/1674/1993 2319/1676/1995
f 2319/1676/1995 2487/1779/2156 2486/1778/2155
f 2487/1779/2156 2319/1676/1995 2320/1674/1997
f 2320/1674/1997 2488/1778/2157 2487/1779/2156
f 2488/1778/2157 2320/1674/1997 2321/1671/1999
f 2321/1671/1999 2489/1777/2158 2488/1778/2157
f 2489/1777/2158 2321/1671/1999 2322/1678/2001
f 2322/1678/2001 2490/1780/2159 2489/1777/2158
f 2490/1780/2159 2322/1678/2001 2323/1680/2003
f 2323/1680/2003 2491/1781/2160 2490/1780/2159
f 2491/1781/2160 2323/1680/2003 2324/1678/2005
f 2324/1678/2005 2492/1780/2161 2491/1781/2160
f 2492/1780/2161 2324/1678/2005 2317/1671/1990
f 2317/1671/1990 2485/1777/2154 2492/1780/2161
f 2496/1782/2162 2497/1782/2162 2498/1783/2163
f 2498/1783/2163 2495/1784/2164 2496/1782/2162
f 2801/1785/2165 2500/1786/1428 2501/1786/1389
f 2501/1786/1389 2499/1787/2166 2801/1785/2165
f 2799/1788/2167 2503/1789/458 2504/1789/45
f 2504/1789/45 2502/1788/2168 2799/1788/2167
f 2505/1790/2169 2506/1791/2170 2507/1792/2171
f 2507/1792/2171 2508/1793/2172 2505/1790/2169
f 2509/1794/1400 2510/1795/2173 2511/1796/1402
f 2511/1796/1402 2512/1797/2174 2509/1794/1400
f 2494/1798/2175 2519/1799/1733 2520/1799/2176
f 2520/1799/2176 2493/1798/2177 2494/1798/2175
f 2519/1799/1733 2521/1800/1709 2522/1801/2178
f 2522/1801/2178 2520/1799/2176 2519/1799/1733
f 2496/1782/2162 2523/1802/2179 2524/1802/2180
f 2524/1802/2180 2497/1782/2162 2496/1782/2162
f 2523/1802/2179 2522/1801/2178 2521/1800/1709
f 2521/1800/1709 2524/1802/2180 2523/1802/2179
f 2498/1783/2163 2525/1803/2181 2526/1803/2182
f 2526/1803/2182 2495/1784/2164 2498/1783/2163
f 2525/1803/2181 2527/1804/1702 2528/1804/2183
f 2528/1804/2183 2526/1803/2182 2525/1803/2181
f 2513/1805/2184 2529/1806/2185 2530/1806/1698
f 2530/1806/1698 2514/1805/1407 2513/1805/2184
f 2529/1806/2185 2528/1804/2183 2527/1804/1702
f 2527/1804/1702 2530/1806/1698 2529/1806/2185
f 2532/1807/956 2533/1808/45 2534/1809/45
f 2534/1809/45 2531/1810/668 2532/1807/956
f 2535/1811/2186 2536/1812/2187 2533/1808/45
f 2533/1808/45 2532/1807/956 2535/1811/2186
f 2538/1813/2188 2539/1814/1431 2540/1815/2189
f 2540/1815/2189 2537/1816/1433 2538/1813/2188
f 2505/1790/2169 2508/1793/2172 2539/1814/1431
f 2539/1814/1431 2538/1813/2188 2505/1790/2169
f 2541/1817/1429 2542/1817/1389 2501/1786/1389
f 2501/1786/1389 2500/1786/1428 2541/1817/1429
f 2506/1791/2170 2543/1818/1436 2544/1819/2190
f 2544/1819/2190 2507/1792/2171 2506/1791/2170
f 2800/1820/2191 2546/1820/2192 2547/1821/444
f 2547/1821/444 2545/1821/1440 2800/1820/2191
f 2545/1821/1440 2547/1821/444 2516/1822/444
f 2516/1822/444 2515/1823/1787 2545/1821/1440
f 2548/1824/457 2549/1824/45 2504/1789/45
f 2504/1789/45 2503/1789/458 2548/1824/457
f 2531/1810/668 2534/1809/45 2549/1824/45
f 2549/1824/45 2548/1824/457 2531/1810/668
f 2537/1816/1433 2540/1815/2189 2551/1825/1055
f 2551/1825/1055 2550/1826/1447 2537/1816/1433
f 2510/1795/2173 2550/1826/1447 2551/1825/1055
f 2551/1825/1055 2511/1796/1402 2510/1795/2173
f 2509/1794/1400 2512/1797/2174 2553/1827/2193
f 2553/1827/2193 2552/1828/2194 2509/1794/1400
f 2552/1828/2194 2553/1827/2193 2518/1829/1436
f 2518/1829/1436 2517/1830/2195 2552/1828/2194
f 2557/1831/2196 2558/1832/2197 2559/1832/2198
f 2559/1832/2198 2556/1831/2199 2557/1831/2196
f 2561/1833/1389 2562/1833/1428 2802/1834/2200
f 2802/1834/2200 2560/1834/2201 2561/1833/1389
f 2564/1835/6 2565/1835/2202 2804/1836/2203
f 2804/1836/2203 2563/1836/2204 2564/1835/6
f 2566/1837/2205 2567/1838/2206 2568/1839/2207
f 2568/1839/2207 2569/1840/2208 2566/1837/2205
f 2570/1841/2209 2571/1842/2210 2572/1843/1496
f 2572/1843/1496 2573/1844/2211 2570/1841/2209
f 2580/1845/2212 2581/1846/1489 2555/1847/2213
f 2555/1847/2213 2554/1847/2214 2580/1845/2212
f 2582/1848/2215 2583/1849/1752 2581/1846/1489
f 2581/1846/1489 2580/1845/2212 2582/1848/2215
f 2584/1850/1751 2585/1850/2216 2559/1832/2198
f 2559/1832/2198 2558/1832/2197 2584/1850/1751
f 2583/1849/1752 2582/1848/2215 2585/1850/2216
f 2585/1850/2216 2584/1850/1751 2583/1849/1752
f 2586/1851/2217 2587/1851/1764 2557/1831/2196
f 2557/1831/2196 2556/1831/2199 2586/1851/2217
f 2588/1852/2218 2589/1853/1750 2587/1851/1764
f 2587/1851/1764 2586/1851/2217 2588/1852/2218
f 2590/1854/1748 2591/1854/2219 2575/1855/2220
f 2575/1855/2220 2574/1855/1714 2590/1854/1748
f 2589/1853/1750 2588/1852/2218 2591/1854/2219
f 2591/1854/2219 2590/1854/1748 2589/1853/1750
f 2593/1856/6 2594/1857/6 2595/1857/866
f 2595/1857/866 2592/1856/866 2593/1856/6
f 2594/1857/6 2596/1858/2221 2597/1858/2222
f 2597/1858/2222 2595/1857/866 2594/1857/6
f 2599/1859/1496 2600/1860/2223 2601/1861/2224
f 2601/1861/2224 2598/1862/1499 2599/1859/1496
f 2600/1860/2223 2567/1838/2206 2566/1837/2205
f 2566/1837/2205 2601/1861/2224 2600/1860/2223
f 2561/1833/1389 2602/1863/1389 2603/1863/2225
f 2603/1863/2225 2562/1833/1428 2561/1833/1389
f 2569/1840/2208 2568/1839/2207 2604/1864/2226
f 2604/1864/2226 2605/1865/2227 2569/1840/2208
f 2607/1866/444 2608/1867/2228 2803/1868/2229
f 2803/1868/2229 2606/1869/1440 2607/1866/444
f 2576/1870/444 2607/1866/444 2606/1869/1440
f 2606/1869/1440 2577/1871/1441 2576/1870/444
f 2564/1835/6 2609/1872/6 2610/1872/866
f 2610/1872/866 2565/1835/2202 2564/1835/6
f 2609/1872/6 2593/1856/6 2592/1856/866
f 2592/1856/866 2610/1872/866 2609/1872/6
f 2612/1873/2230 2599/1859/1496 2598/1862/1499
f 2598/1862/1499 2611/1874/1499 2612/1873/2230
f 2573/1844/2211 2572/1843/1496 2612/1873/2230
f 2612/1873/2230 2611/1874/1499 2573/1844/2211
f 2614/1875/2231 2571/1842/2210 2570/1841/2209
f 2570/1841/2209 2613/1876/2232 2614/1875/2231
f 2578/1877/2233 2614/1875/2231 2613/1876/2232
f 2613/1876/2232 2579/1878/2226 2578/1877/2233
f 2801/1785/2165 2615/1879/2234 2616/1880/2235
f 2616/1880/2235 2617/1881/2236 2801/1785/2165
f 2617/1881/2236 2616/1880/2235 2618/1882/2237
f 2618/1882/2237 2619/1883/2238 2617/1881/2236
f 2615/1879/2234 2620/1884/2239 2621/1885/2240
f 2621/1885/2240 2616/1880/2235 2615/1879/2234
f 2616/1880/2235 2621/1885/2240 2622/1886/2241
f 2622/1886/2241 2618/1882/2237 2616/1880/2235
f 2799/1788/2167 2623/1887/2242 2624/1888/2243
f 2624/1888/2243 2625/1889/2244 2799/1788/2167
f 2625/1889/2244 2624/1888/2243 2626/1890/2245
f 2626/1890/2245 2627/1891/2246 2625/1889/2244
f 2623/1887/2242 2628/1892/2247 2629/1893/2248
f 2629/1893/2248 2624/1888/2243 2623/1887/2242
f 2624/1888/2243 2629/1893/2248 2630/1894/2249
f 2630/1894/2249 2626/1890/2245 2624/1888/2243
f 2535/1811/2186 2631/1895/2250 2632/1896/2251
f 2632/1896/2251 2633/1897/2252 2535/1811/2186
f 2633/1897/2252 2632/1896/2251 2621/1885/2240
f 2621/1885/2240 2620/1884/2239 2633/1897/2252
f 2631/1895/2250 2634/1898/2253 2635/1899/2254
f 2635/1899/2254 2632/1896/2251 2631/1895/2250
f 2632/1896/2251 2635/1899/2254 2622/1886/2241
f 2622/1886/2241 2621/1885/2240 2632/1896/2251
f 2800/1820/2191 2636/1900/2255 2637/1901/2256
f 2637/1901/2256 2638/1902/2257 2800/1820/2191
f 2638/1902/2257 2637/1901/2256 2629/1893/2248
f 2629/1893/2248 2628/1892/2247 2638/1902/2257
f 2636/1900/2255 2639/1903/2258 2640/1904/2259
f 2640/1904/2259 2637/1901/2256 2636/1900/2255
f 2637/1901/2256 2640/1904/2259 2630/1894/2249
f 2630/1894/2249 2629/1893/2248 2637/1901/2256
f 2802/1834/2200 2641/1905/2260 2642/1906/2261
f 2642/1906/2261 2643/1907/2262 2802/1834/2200
f 2643/1907/2262 2642/1906/2261 2644/1908/2263
f 2644/1908/2263 2645/1909/2264 2643/1907/2262
f 2641/1905/2260 2646/1910/2265 2647/1911/2266
f 2647/1911/2266 2642/1906/2261 2641/1905/2260
f 2642/1906/2261 2647/1911/2266 2648/1912/2267
f 2648/1912/2267 2644/1908/2263 2642/1906/2261
f 2804/1836/2203 2649/1913/2268 2650/1914/2269
f 2650/1914/2269 2651/1915/2270 2804/1836/2203
f 2651/1915/2270 2650/1914/2269 2652/1916/2271
f 2652/1916/2271 2653/1917/1621 2651/1915/2270
f 2649/1913/2268 2654/1918/2272 2655/1919/2273
f 2655/1919/2273 2650/1914/2269 2649/1913/2268
f 2650/1914/2269 2655/1919/2273 2656/1920/2274
f 2656/1920/2274 2652/1916/2271 2650/1914/2269
f 2597/1858/2222 2657/1921/2275 2658/1922/2276
f 2658/1922/2276 2659/1923/2277 2597/1858/2222
f 2659/1923/2277 2658/1922/2276 2660/1924/2278
f 2660/1924/2278 2661/1925/2279 2659/1923/2277
f 2657/1921/2275 2645/1909/2264 2644/1908/2263
f 2644/1908/2263 2658/1922/2276 2657/1921/2275
f 2658/1922/2276 2644/1908/2263 2648/1912/2267
f 2648/1912/2267 2660/1924/2278 2658/1922/2276
f 2803/1868/2229 2662/1926/2280 2663/1927/2281
f 2663/1927/2281 2664/1928/2282 2803/1868/2229
f 2664/1928/2282 2663/1927/2281 2665/1929/2283
f 2665/1929/2283 2666/1930/2284 2664/1928/2282
f 2662/1926/2280 2653/1917/1621 2652/1916/2271
f 2652/1916/2271 2663/1927/2281 2662/1926/2280
f 2663/1927/2281 2652/1916/2271 2656/1920/2274
f 2656/1920/2274 2665/1929/2283 2663/1927/2281
f 2495/1784/2164 2669/1931/2285 2670/1932/2286
f 2670/1932/2286 2496/1782/2162 2495/1784/2164
f 2669/1931/2285 2671/1933/2287 2672/1934/2288
f 2672/1934/2288 2670/1932/2286 2669/1931/2285
f 2499/1787/2166 2673/1935/2289 2615/1879/2234
f 2615/1879/2234 2801/1785/2165 2499/1787/2166
f 2673/1935/2289 2674/1936/2290 2620/1884/2239
f 2620/1884/2239 2615/1879/2234 2673/1935/2289
f 2801/1785/2165 2617/1881/2236 2675/1937/2291
f 2675/1937/2291 2500/1786/1428 2801/1785/2165
f 2617/1881/2236 2619/1883/2238 2676/1938/2292
f 2676/1938/2292 2675/1937/2291 2617/1881/2236
f 2502/1788/2168 2677/1887/2293 2623/1887/2242
f 2623/1887/2242 2799/1788/2167 2502/1788/2168
f 2677/1887/2293 2678/1892/2294 2628/1892/2247
f 2628/1892/2247 2623/1887/2242 2677/1887/2293
f 2799/1788/2167 2625/1889/2244 2679/1939/2295
f 2679/1939/2295 2503/1789/458 2799/1788/2167
f 2625/1889/2244 2627/1891/2246 2680/1940/2296
f 2680/1940/2296 2679/1939/2295 2625/1889/2244
f 2506/1791/2170 2505/1790/2169 2681/1941/2297
f 2681/1941/2297 2682/1942/2298 2506/1791/2170
f 2681/1941/2297 2683/1943/2299 2684/1944/2300
f 2684/1944/2300 2682/1942/2298 2681/1941/2297
f 2507/1792/2171 2685/1945/2301 2686/1946/2302
f 2686/1946/2302 2508/1793/2172 2507/1792/2171
f 2685/1945/2301 2676/1938/2292 2619/1883/2238
f 2619/1883/2238 2686/1946/2302 2685/1945/2301
f 2510/1795/2173 2509/1794/1400 2687/1947/2303
f 2687/1947/2303 2688/1948/2304 2510/1795/2173
f 2687/1947/2303 2689/1949/2305 2690/1950/2306
f 2690/1950/2306 2688/1948/2304 2687/1947/2303
f 2511/1796/1402 2691/1951/2307 2692/1952/2308
f 2692/1952/2308 2512/1797/2174 2511/1796/1402
f 2691/1951/2307 2680/1940/2296 2627/1891/2246
f 2627/1891/2246 2692/1952/2308 2691/1951/2307
f 2520/1799/2176 2699/1953/2309 2667/1954/2310
f 2667/1954/2310 2493/1798/2177 2520/1799/2176
f 2699/1953/2309 2700/1955/2311 2668/1956/2312
f 2668/1956/2312 2667/1954/2310 2699/1953/2309
f 2522/1801/2178 2701/1957/1549 2699/1953/2309
f 2699/1953/2309 2520/1799/2176 2522/1801/2178
f 2701/1957/1549 2689/1949/2305 2700/1955/2311
f 2700/1955/2311 2699/1953/2309 2701/1957/1549
f 2496/1782/2162 2670/1932/2286 2702/1958/2313
f 2702/1958/2313 2523/1802/2179 2496/1782/2162
f 2702/1958/2313 2670/1932/2286 2672/1934/2288
f 2672/1934/2288 2690/1950/2306 2702/1958/2313
f 2523/1802/2179 2702/1958/2313 2701/1957/1549
f 2701/1957/1549 2522/1801/2178 2523/1802/2179
f 2702/1958/2313 2690/1950/2306 2689/1949/2305
f 2689/1949/2305 2701/1957/1549 2702/1958/2313
f 2526/1803/2182 2703/1959/2314 2669/1931/2285
f 2669/1931/2285 2495/1784/2164 2526/1803/2182
f 2703/1959/2314 2704/1960/2315 2671/1933/2287
f 2671/1933/2287 2669/1931/2285 2703/1959/2314
f 2528/1804/2183 2705/1961/1545 2703/1959/2314
f 2703/1959/2314 2526/1803/2182 2528/1804/2183
f 2705/1961/1545 2683/1943/2299 2704/1960/2315
f 2704/1960/2315 2703/1959/2314 2705/1961/1545
f 2513/1805/2184 2693/1962/2316 2706/1963/2317
f 2706/1963/2317 2529/1806/2185 2513/1805/2184
f 2706/1963/2317 2693/1962/2316 2694/1964/2318
f 2694/1964/2318 2684/1944/2300 2706/1963/2317
f 2529/1806/2185 2706/1963/2317 2705/1961/1545
f 2705/1961/1545 2528/1804/2183 2529/1806/2185
f 2706/1963/2317 2684/1944/2300 2683/1943/2299
f 2683/1943/2299 2705/1961/1545 2706/1963/2317
f 2531/1810/668 2707/1965/2319 2708/1966/2320
f 2708/1966/2320 2532/1807/956 2531/1810/668
f 2707/1965/2319 2709/1967/2321 2710/1968/2322
f 2710/1968/2322 2708/1966/2320 2707/1965/2319
f 2532/1807/956 2708/1966/2320 2631/1895/2250
f 2631/1895/2250 2535/1811/2186 2532/1807/956
f 2708/1966/2320 2710/1968/2322 2634/1898/2253
f 2634/1898/2253 2631/1895/2250 2708/1966/2320
f 2535/1811/2186 2633/1897/2252 2711/1897/2323
f 2711/1897/2323 2536/1812/2187 2535/1811/2186
f 2633/1897/2252 2620/1884/2239 2674/1936/2290
f 2674/1936/2290 2711/1897/2323 2633/1897/2252
f 2537/1816/1433 2712/1969/2324 2713/1970/2325
f 2713/1970/2325 2538/1813/2188 2537/1816/1433
f 2712/1969/2324 2671/1933/2287 2704/1960/2315
f 2704/1960/2315 2713/1970/2325 2712/1969/2324
f 2539/1814/1431 2714/1971/2326 2715/1972/2327
f 2715/1972/2327 2540/1815/2189 2539/1814/1431
f 2714/1971/2326 2710/1968/2322 2709/1967/2321
f 2709/1967/2321 2715/1972/2327 2714/1971/2326
f 2538/1813/2188 2713/1970/2325 2681/1941/2297
f 2681/1941/2297 2505/1790/2169 2538/1813/2188
f 2713/1970/2325 2704/1960/2315 2683/1943/2299
f 2683/1943/2299 2681/1941/2297 2713/1970/2325
f 2508/1793/2172 2716/1973/2328 2714/1971/2326
f 2714/1971/2326 2539/1814/1431 2508/1793/2172
f 2716/1973/2328 2634/1898/2253 2710/1968/2322
f 2710/1968/2322 2714/1971/2326 2716/1973/2328
f 2500/1786/1428 2675/1937/2291 2717/1974/2329
f 2717/1974/2329 2541/1817/1429 2500/1786/1428
f 2675/1937/2291 2676/1938/2292 2718/1975/2330
f 2718/1975/2330 2717/1974/2329 2675/1937/2291
f 2543/1818/1436 2506/1791/2170 2682/1942/2298
f 2682/1942/2298 2719/1976/2331 2543/1818/1436
f 2719/1976/2331 2682/1942/2298 2684/1944/2300
f 2684/1944/2300 2694/1964/2318 2719/1976/2331
f 2544/1819/2190 2720/1977/2332 2685/1945/2301
f 2685/1945/2301 2507/1792/2171 2544/1819/2190
f 2720/1977/2332 2718/1975/2330 2676/1938/2292
f 2676/1938/2292 2685/1945/2301 2720/1977/2332
f 2545/1821/1440 2721/1978/2333 2636/1900/2255
f 2636/1900/2255 2800/1820/2191 2545/1821/1440
f 2721/1978/2333 2722/1979/2334 2639/1903/2258
f 2639/1903/2258 2636/1900/2255 2721/1978/2333
f 2800/1820/2191 2638/1902/2257 2723/1902/2335
f 2723/1902/2335 2546/1820/2192 2800/1820/2191
f 2638/1902/2257 2628/1892/2247 2678/1892/2294
f 2678/1892/2294 2723/1902/2335 2638/1902/2257
f 2515/1823/1787 2695/1980/1079 2721/1978/2333
f 2721/1978/2333 2545/1821/1440 2515/1823/1787
f 2695/1980/1079 2696/1981/2336 2722/1979/2334
f 2722/1979/2334 2721/1978/2333 2695/1980/1079
f 2503/1789/458 2679/1939/2295 2724/1982/2337
f 2724/1982/2337 2548/1824/457 2503/1789/458
f 2679/1939/2295 2680/1940/2296 2725/1983/2338
f 2725/1983/2338 2724/1982/2337 2679/1939/2295
f 2548/1824/457 2724/1982/2337 2707/1965/2319
f 2707/1965/2319 2531/1810/668 2548/1824/457
f 2724/1982/2337 2725/1983/2338 2709/1967/2321
f 2709/1967/2321 2707/1965/2319 2724/1982/2337
f 2550/1826/1447 2726/1984/2339 2712/1969/2324
f 2712/1969/2324 2537/1816/1433 2550/1826/1447
f 2726/1984/2339 2672/1934/2288 2671/1933/2287
f 2671/1933/2287 2712/1969/2324 2726/1984/2339
f 2540/1815/2189 2715/1972/2327 2727/1985/2340
f 2727/1985/2340 2551/1825/1055 2540/1815/2189
f 2715/1972/2327 2709/1967/2321 2725/1983/2338
f 2725/1983/2338 2727/1985/2340 2715/1972/2327
f 2550/1826/1447 2510/1795/2173 2688/1948/2304
f 2688/1948/2304 2726/1984/2339 2550/1826/1447
f 2726/1984/2339 2688/1948/2304 2690/1950/2306
f 2690/1950/2306 2672/1934/2288 2726/1984/2339
f 2551/1825/1055 2727/1985/2340 2691/1951/2307
f 2691/1951/2307 2511/1796/1402 2551/1825/1055
f 2727/1985/2340 2725/1983/2338 2680/1940/2296
f 2680/1940/2296 2691/1951/2307 2727/1985/2340
f 2552/1828/2194 2728/1986/2341 2687/1947/2303
f 2687/1947/2303 2509/1794/1400 2552/1828/2194
f 2728/1986/2341 2700/1955/2311 2689/1949/2305
f 2689/1949/2305 2687/1947/2303 2728/1986/2341
f 2512/1797/2174 2729/1987/2342 2730/1988/2343
f 2730/1988/2343 2553/1827/2193 2512/1797/2174
f 2729/1987/2342 2639/1903/2258 2722/1979/2334
f 2722/1979/2334 2730/1988/2343 2729/1987/2342
f 2517/1830/2195 2697/1989/2344 2728/1986/2341
f 2728/1986/2341 2552/1828/2194 2517/1830/2195
f 2697/1989/2344 2668/1956/2312 2700/1955/2311
f 2700/1955/2311 2728/1986/2341 2697/1989/2344
f 2553/1827/2193 2730/1988/2343 2698/1990/2345
f 2698/1990/2345 2518/1829/1436 2553/1827/2193
f 2730/1988/2343 2722/1979/2334 2696/1981/2336
f 2696/1981/2336 2698/1990/2345 2730/1988/2343
f 2559/1832/2198 2733/1991/2346 2734/1992/2347
f 2734/1992/2347 2556/1831/2199 2559/1832/2198
f 2733/1991/2346 2735/1993/2348 2736/1994/2349
f 2736/1994/2349 2734/1992/2347 2733/1991/2346
f 2562/1833/1428 2737/1995/2350 2641/1905/2260
f 2641/1905/2260 2802/1834/2200 2562/1833/1428
f 2737/1995/2350 2738/1996/2351 2646/1910/2265
f 2646/1910/2265 2641/1905/2260 2737/1995/2350
f 2802/1834/2200 2643/1907/2262 2739/1907/2352
f 2739/1907/2352 2560/1834/2201 2802/1834/2200
f 2643/1907/2262 2645/1909/2264 2740/1909/1747
f 2740/1909/1747 2739/1907/2352 2643/1907/2262
f 2565/1835/2202 2741/1997/2353 2649/1913/2268
f 2649/1913/2268 2804/1836/2203 2565/1835/2202
f 2741/1997/2353 2742/1998/2354 2654/1918/2272
f 2654/1918/2272 2649/1913/2268 2741/1997/2353
f 2804/1836/2203 2651/1915/2270 2743/1915/1620
f 2743/1915/1620 2563/1836/2204 2804/1836/2203
f 2651/1915/2270 2653/1917/1621 2744/1999/2355
f 2744/1999/2355 2743/1915/1620 2651/1915/2270
f 2567/1838/2206 2745/2000/2356 2746/2001/2357
f 2746/2001/2357 2568/1839/2207 2567/1838/2206
f 2745/2000/2356 2646/1910/2265 2738/1996/2351
f 2738/1996/2351 2746/2001/2357 2745/2000/2356
f 2569/1840/2208 2747/2002/2358 2748/2003/1626
f 2748/2003/1626 2566/1837/2205 2569/1840/2208
f 2747/2002/2358 2749/2004/2359 2750/2005/2360
f 2750/2005/2360 2748/2003/1626 2747/2002/2358
f 2571/1842/2210 2751/2006/2361 2752/2007/2362
f 2752/2007/2362 2572/1843/1496 2571/1842/2210
f 2751/2006/2361 2654/1918/2272 2742/1998/2354
f 2742/1998/2354 2752/2007/2362 2751/2006/2361
f 2573/1844/2211 2753/2008/2363 2754/2009/2364
f 2754/2009/2364 2570/1841/2209 2573/1844/2211
f 2753/2008/2363 2755/2010/2365 2756/2011/2366
f 2756/2011/2366 2754/2009/2364 2753/2008/2363
f 2554/1847/2214 2731/2012/2367 2763/2013/2368
f 2763/2013/2368 2580/1845/2212 2554/1847/2214
f 2763/2013/2368 2731/2012/2367 2732/2014/2369
f 2732/2014/2369 2764/2015/2370 2763/2013/2368
f 2580/1845/2212 2763/2013/2368 2765/2016/2371
f 2765/2016/2371 2582/1848/2215 2580/1845/2212
f 2763/2013/2368 2764/2015/2370 2756/2011/2366
f 2756/2011/2366 2765/2016/2371 2763/2013/2368
f 2585/1850/2216 2766/2017/2372 2733/1991/2346
f 2733/1991/2346 2559/1832/2198 2585/1850/2216
f 2766/2017/2372 2755/2010/2365 2735/1993/2348
f 2735/1993/2348 2733/1991/2346 2766/2017/2372
f 2582/1848/2215 2765/2016/2371 2766/2017/2372
f 2766/2017/2372 2585/1850/2216 2582/1848/2215
f 2765/2016/2371 2756/2011/2366 2755/2010/2365
f 2755/2010/2365 2766/2017/2372 2765/2016/2371
f 2556/1831/2199 2734/1992/2347 2767/2018/2373
f 2767/2018/2373 2586/1851/2217 2556/1831/2199
f 2767/2018/2373 2734/1992/2347 2736/1994/2349
f 2736/1994/2349 2768/2019/2374 2767/2018/2373
f 2586/1851/2217 2767/2018/2373 2769/2020/2375
f 2769/2020/2375 2588/1852/2218 2586/1851/2217
f 2767/2018/2373 2768/2019/2374 2750/2005/2360
f 2750/2005/2360 2769/2020/2375 2767/2018/2373
f 2591/1854/2219 2770/2021/2376 2757/2022/2377
f 2757/2022/2377 2575/1855/2220 2591/1854/2219
f 2770/2021/2376 2749/2004/2359 2758/2023/2378
f 2758/2023/2378 2757/2022/2377 2770/2021/2376
f 2588/1852/2218 2769/2020/2375 2770/2021/2376
f 2770/2021/2376 2591/1854/2219 2588/1852/2218
f 2769/2020/2375 2750/2005/2360 2749/2004/2359
f 2749/2004/2359 2770/2021/2376 2769/2020/2375
f 2595/1857/866 2771/2024/2379 2772/2025/2380
f 2772/2025/2380 2592/1856/866 2595/1857/866
f 2771/2024/2379 2773/2026/2381 2774/2027/2382
f 2774/2027/2382 2772/2025/2380 2771/2024/2379
f 2596/1858/2221 2775/1921/2383 2657/1921/2275
f 2657/1921/2275 2597/1858/2222 2596/1858/2221
f 2775/1921/2383 2740/1909/1747 2645/1909/2264
f 2645/1909/2264 2657/1921/2275 2775/1921/2383
f 2597/1858/2222 2659/1923/2277 2771/2024/2379
f 2771/2024/2379 2595/1857/866 2597/1858/2222
f 2659/1923/2277 2661/1925/2279 2773/2026/2381
f 2773/2026/2381 2771/2024/2379 2659/1923/2277
f 2599/1859/1496 2776/2028/2384 2777/2029/2385
f 2777/2029/2385 2600/1860/2223 2599/1859/1496
f 2776/2028/2384 2774/2027/2382 2773/2026/2381
f 2773/2026/2381 2777/2029/2385 2776/2028/2384
f 2598/1862/1499 2601/1861/2224 2778/2030/2386
f 2778/2030/2386 2779/2031/2387 2598/1862/1499
f 2779/2031/2387 2778/2030/2386 2768/2019/2374
f 2768/2019/2374 2736/1994/2349 2779/2031/2387
f 2600/1860/2223 2777/2029/2385 2780/2032/2388
f 2780/2032/2388 2567/1838/2206 2600/1860/2223
f 2777/2029/2385 2773/2026/2381 2661/1925/2279
f 2661/1925/2279 2780/2032/2388 2777/2029/2385
f 2601/1861/2224 2566/1837/2205 2748/2003/1626
f 2748/2003/1626 2778/2030/2386 2601/1861/2224
f 2748/2003/1626 2750/2005/2360 2768/2019/2374
f 2768/2019/2374 2778/2030/2386 2748/2003/1626
f 2603/1863/2225 2781/2033/2389 2737/1995/2350
f 2737/1995/2350 2562/1833/1428 2603/1863/2225
f 2781/2033/2389 2782/2034/2390 2738/1996/2351
f 2738/1996/2351 2737/1995/2350 2781/2033/2389
f 2568/1839/2207 2746/2001/2357 2783/2035/2391
f 2783/2035/2391 2604/1864/2226 2568/1839/2207
f 2746/2001/2357 2738/1996/2351 2782/2034/2390
f 2782/2034/2390 2783/2035/2391 2746/2001/2357
f 2605/1865/2227 2784/2036/2392 2747/2002/2358
f 2747/2002/2358 2569/1840/2208 2605/1865/2227
f 2784/2036/2392 2758/2023/2378 2749/2004/2359
f 2749/2004/2359 2747/2002/2358 2784/2036/2392
f 2608/1867/2228 2785/1926/2393 2662/1926/2280
f 2662/1926/2280 2803/1868/2229 2608/1867/2228
f 2785/1926/2393 2744/1999/2355 2653/1917/1621
f 2653/1917/1621 2662/1926/2280 2785/1926/2393
f 2803/1868/2229 2664/1928/2282 2786/2037/2394
f 2786/2037/2394 2606/1869/1440 2803/1868/2229
f 2664/1928/2282 2666/1930/2284 2787/2038/2395
f 2787/2038/2395 2786/2037/2394 2664/1928/2282
f 2606/1869/1440 2786/2037/2394 2759/2039/2396
f 2759/2039/2396 2577/1871/1441 2606/1869/1440
f 2786/2037/2394 2787/2038/2395 2760/2040/2397
f 2760/2040/2397 2759/2039/2396 2786/2037/2394
f 2610/1872/866 2788/2041/2398 2741/1997/2353
f 2741/1997/2353 2565/1835/2202 2610/1872/866
f 2788/2041/2398 2789/2042/2399 2742/1998/2354
f 2742/1998/2354 2741/1997/2353 2788/2041/2398
f 2592/1856/866 2772/2025/2380 2788/2041/2398
f 2788/2041/2398 2610/1872/866 2592/1856/866
f 2772/2025/2380 2774/2027/2382 2789/2042/2399
f 2789/2042/2399 2788/2041/2398 2772/2025/2380
f 2612/1873/2230 2790/2043/2400 2776/2028/2384
f 2776/2028/2384 2599/1859/1496 2612/1873/2230
f 2790/2043/2400 2789/2042/2399 2774/2027/2382
f 2774/2027/2382 2776/2028/2384 2790/2043/2400
f 2598/1862/1499 2779/2031/2387 2791/2044/2401
f 2791/2044/2401 2611/1874/1499 2598/1862/1499
f 2779/2031/2387 2736/1994/2349 2735/1993/2348
f 2735/1993/2348 2791/2044/2401 2779/2031/2387
f 2572/1843/1496 2752/2007/2362 2790/2043/2400
f 2790/2043/2400 2612/1873/2230 2572/1843/1496
f 2752/2007/2362 2742/1998/2354 2789/2042/2399
f 2789/2042/2399 2790/2043/2400 2752/2007/2362
f 2611/1874/1499 2791/2044/2401 2753/2008/2363
f 2753/2008/2363 2573/1844/2211 2611/1874/1499
f 2791/2044/2401 2735/1993/2348 2755/2010/2365
f 2755/2010/2365 2753/2008/2363 2791/2044/2401
f 2614/1875/2231 2792/2045/2402 2793/2046/2403
f 2793/2046/2403 2571/1842/2210 2614/1875/2231
f 2792/2045/2402 2787/2038/2395 2666/1930/2284
f 2666/1930/2284 2793/2046/2403 2792/2045/2402
f 2613/1876/2232 2570/1841/2209 2754/2009/2364
f 2754/2009/2364 2794/2047/2404 2613/1876/2232
f 2754/2009/2364 2756/2011/2366 2764/2015/2370
f 2764/2015/2370 2794/2047/2404 2754/2009/2364
f 2578/1877/2233 2761/2048/2405 2792/2045/2402
f 2792/2045/2402 2614/1875/2231 2578/1877/2233
f 2761/2048/2405 2760/2040/2397 2787/2038/2395
f 2787/2038/2395 2792/2045/2402 2761/2048/2405
f 2579/1878/2226 2613/1876/2232 2794/2047/2404
f 2794/2047/2404 2762/2049/2406 2579/1878/2226
f 2762/2049/2406 2794/2047/2404 2764/2015/2370
f 2764/2015/2370 2732/2014/2369 2762/2049/2406
f 2508/1793/2172 2686/1946/2302 2795/2050/2407
f 2795/2050/2407 2716/1973/2328 2508/1793/2172
f 2716/1973/2328 2795/2050/2407 2635/1899/2254
f 2635/1899/2254 2634/1898/2253 2716/1973/2328
f 2686/1946/2302 2619/1883/2238 2618/1882/2237
f 2618/1882/2237 2795/2050/2407 2686/1946/2302
f 2795/2050/2407 2618/1882/2237 2622/1886/2241
f 2622/1886/2241 2635/1899/2254 2795/2050/2407
f 2512/1797/2174 2692/1952/2308 2796/2051/2408
f 2796/2051/2408 2729/1987/2342 2512/1797/2174
f 2729/1987/2342 2796/2051/2408 2640/1904/2259
f 2640/1904/2259 2639/1903/2258 2729/1987/2342
f 2692/1952/2308 2627/1891/2246 2626/1890/2245
f 2626/1890/2245 2796/2051/2408 2692/1952/2308
f 2796/2051/2408 2626/1890/2245 2630/1894/2249
f 2630/1894/2249 2640/1904/2259 2796/2051/2408
f 2567/1838/2206 2780/2032/2388 2797/2052/2409
f 2797/2052/2409 2745/2000/2356 2567/1838/2206
f 2745/2000/2356 2797/2052/2409 2647/1911/2266
f 2647/1911/2266 2646/1910/2265 2745/2000/2356
f 2780/2032/2388 2661/1925/2279 2660/1924/2278
f 2660/1924/2278 2797/2052/2409 2780/2032/2388
f 2797/2052/2409 2660/1924/2278 2648/1912/2267
f 2648/1912/2267 2647/1911/2266 2797/2052/2409
f 2571/1842/2210 2793/2046/2403 2798/2053/2410
f 2798/2053/2410 2751/2006/2361 2571/1842/2210
f 2751/2006/2361 2798/2053/2410 2655/1919/2273
f 2655/1919/2273 2654/1918/2272 2751/2006/2361
f 2793/2046/2403 2666/1930/2284 2665/1929/2283
f 2665/1929/2283 2798/2053/2410 2793/2046/2403
f 2798/2053/2410 2665/1929/2283 2656/1920/2274
f 2656/1920/2274 2655/1919/2273 2798/2053/2410
f 2555/1847/2213 2494/1798/2175 2493/1798/2177
f 2493/1798/2177 2554/1847/2214 2555/1847/2213
f 2554/1847/2214 2493/1798/2177 2667/1954/2310
f 2667/1954/2310 2731/2012/2367 2554/1847/2214
f 2731/2012/2367 2667/1954/2310 2668/1956/2312
f 2668/1956/2312 2732/2014/2369 2731/2012/2367
f 2732/2014/2369 2668/1956/2312 2697/1989/2344
f 2697/1989/2344 2762/2049/2406 2732/2014/2369
f 2762/2049/2406 2697/1989/2344 2517/1830/2195
f 2517/1830/2195 2579/1878/2226 2762/2049/2406
f 2579/1878/2226 2517/1830/2195 2518/1829/1436
f 2518/1829/1436 2578/1877/2233 2579/1878/2226
f 2578/1877/2233 2518/1829/1436 2698/1990/2345
f 2698/1990/2345 2761/2048/2405 2578/1877/2233
f 2761/2048/2405 2698/1990/2345 2696/1981/2336
f 2696/1981/2336 2760/2040/2397 2761/2048/2405
f 2760/2040/2397 2696/1981/2336 2695/1980/1079
f 2695/1980/1079 2759/2039/2396 2760/2040/2397
f 2759/2039/2396 2695/1980/1079 2515/1823/1787
f 2515/1823/1787 2577/1871/1441 2759/2039/2396
f 2577/1871/1441 2515/1823/1787 2516/1822/444
f 2516/1822/444 2576/1870/444 2577/1871/1441
f 2602/1863/1389 2542/1817/1389 2541/1817/1429
f 2541/1817/1429 2603/1863/2225 2602/1863/1389
f 2603/1863/2225 2541/1817/1429 2717/1974/2329
f 2717/1974/2329 2781/2033/2389 2603/1863/2225
f 2781/2033/2389 2717/1974/2329 2718/1975/2330
f 2718/1975/2330 2782/2034/2390 2781/2033/2389
f 2782/2034/2390 2718/1975/2330 2720/1977/2332
f 2720/1977/2332 2783/2035/2391 2782/2034/2390
f 2783/2035/2391 2720/1977/2332 2544/1819/2190
f 2544/1819/2190 2604/1864/2226 2783/2035/2391
f 2604/1864/2226 2544/1819/2190 2543/1818/1436
f 2543/1818/1436 2605/1865/2227 2604/1864/2226
f 2605/1865/2227 2543/1818/1436 2719/1976/2331
f 2719/1976/2331 2784/2036/2392 2605/1865/2227
f 2784/2036/2392 2719/1976/2331 2694/1964/2318
f 2694/1964/2318 2758/2023/2378 2784/2036/2392
f 2758/2023/2378 2694/1964/2318 2693/1962/2316
f 2693/1962/2316 2757/2022/2377 2758/2023/2378
f 2757/2022/2377 2693/1962/2316 2513/1805/2184
f 2513/1805/2184 2575/1855/2220 2757/2022/2377
f 2575/1855/2220 2513/1805/2184 2514/1805/1407
f 2514/1805/1407 2574/1855/1714 2575/1855/2220
f 2807/2054/1441 2808/2055/2411 2809/2056/1441
f 2809/2056/1441 2810/2054/1787 2807/2054/1441
f 2811/2057/2412 2812/2058/2413 2808/2055/2411
f 2808/2055/2411 2807/2054/1441 2811/2057/2412
f 2814/2059/2414 2815/2060/2415 2816/2061/2416
f 2816/2061/2416 2813/2062/2417 2814/2059/2414
f 2818/2063/2418 2819/2064/2419 2820/2065/2420
f 2820/2065/2420 2817/2066/2421 2818/2063/2418
f 2822/2067/2422 2823/2068/2423 2824/2069/2424
f 2824/2069/2424 2821/2070/2425 2822/2067/2422
f 2817/2066/2421 2820/2065/2420 2812/2058/2413
f 2812/2058/2413 2811/2057/2412 2817/2066/2421
f 2821/2070/2425 2824/2069/2424 2815/2060/2415
f 2815/2060/2415 2814/2059/2414 2821/2070/2425
f 2806/2071/2426 2805/2072/2231 2819/2064/2419
f 2819/2064/2419 2818/2063/2418 2806/2071/2426
f 2810/2054/1787 2809/2056/1441 2823/2068/2423
f 2823/2068/2423 2822/2067/2422 2810/2054/1787
f 2805/2072/2231 2806/2071/2426 2846/2073/443
f 2846/2073/443 2845/2074/443 2805/2072/2231
f 2825/2075/1429 2828/2075/2225 2827/2076/1429
f 2827/2076/1429 2826/2076/2225 2825/2075/1429
f 2829/2077/2427 2825/2075/1429 2826/2076/2225
f 2826/2076/2225 2830/2078/2428 2829/2077/2427
f 2832/2079/2429 2831/2080/2430 2834/2081/2430
f 2834/2081/2430 2833/2082/2431 2832/2079/2429
f 2836/2083/2432 2835/2084/2433 2838/2085/2434
f 2838/2085/2434 2837/2086/2429 2836/2083/2432
f 2840/2087/2435 2839/2088/2436 2842/2089/2437
f 2842/2089/2437 2841/2090/2438 2840/2087/2435
f 2835/2084/2433 2829/2077/2427 2830/2078/2428
f 2830/2078/2428 2838/2085/2434 2835/2084/2433
f 2839/2088/2436 2832/2079/2429 2833/2082/2431
f 2833/2082/2431 2842/2089/2437 2839/2088/2436
f 2843/2091/2439 2836/2083/2432 2837/2086/2429
f 2837/2086/2429 2844/2092/2440 2843/2091/2439
f 2828/2075/2225 2840/2087/2435 2841/2090/2438
f 2841/2090/2438 2827/2076/1429 2828/2075/2225
f 2844/2092/2440 2845/2074/443 2846/2073/443
f 2846/2073/443 2843/2091/2439 2844/2092/2440
f 2847/2093/2441 2859/2094/2442 2860/2095/2443
f 2860/2095/2443 2848/2096/2444 2847/2093/2441
f 2848/2096/2444 2860/2095/2443 2861/2097/2445
f 2861/2097/2445 2849/2098/2446 2848/2096/2444
f 2849/2098/2446 2861/2097/2445 2862/2099/2447
f 2862/2099/2447 2850/2100/2448 2849/2098/2446
f 2850/2100/2448 2862/2099/2447 2863/2101/2449
f 2863/2101/2449 2851/2102/2450 2850/2100/2448
f 2851/2102/2450 2863/2101/2449 2864/2103/2451
f 2864/2103/2451 2852/2104/2452 2851/2102/2450
f 2852/2104/2452 2864/2103/2451 2865/2105/2453
f 2865/2105/2453 2853/2106/2454 2852/2104/2452
f 2853/2106/2454 2865/2105/2453 2866/2107/2455
f 2866/2107/2455 2854/2108/2456 2853/2106/2454
f 2854/2108/2456 2866/2107/2455 2867/2109/2457
f 2867/2109/2457 2855/2110/2458 2854/2108/2456
f 2855/2110/2458 2867/2109/2457 2868/2111/2459
f 2868/2111/2459 2856/2112/2460 2855/2110/2458
f 2856/2112/2460 2868/2111/2459 2869/2113/2461
f 2869/2113/2461 2857/2114/2462 2856/2112/2460
f 2857/2114/2462 2869/2113/2461 2870/2115/2463
f 2870/2115/2463 2858/2116/2464 2857/2114/2462
f 2858/2116/2464 2870/2115/2463 2859/2094/2442
f 2859/2094/2442 2847/2093/2441 2858/2116/2464
f 2848/2096/6 2849/2098/6 2847/2093/6
f 2849/2098/6 2850/2100/6 2847/2093/6
f 2850/2100/6 2851/2102/6 2847/2093/6
f 2851/2102/6 2852/2104/6 2847/2093/6
f 2852/2104/6 2853/2106/6 2847/2093/6
f 2853/2106/6 2854/2108/6 2847/2093/6
f 2854/2108/6 2855/2110/6 2847/2093/6
f 2855/2110/6 2856/2112/6 2847/2093/6
f 2856/2112/6 2857/2114/6 2847/2093/6
f 2857/2114/6 2858/2116/6 2847/2093/6
f 2861/2097/45 2860/2095/45 2859/2094/45
f 2862/2099/45 2861/2097/45 2859/2094/45
f 2863/2101/45 2862/2099/45 2859/2094/45
f 2864/2103/45 2863/2101/45 2859/2094/45
f 2865/2105/45 2864/2103/45 2859/2094/45
f 2866/2107/45 2865/2105/45 2859/2094/45
f 2867/2109/45 2866/2107/45 2859/2094/45
f 2868/2111/45 2867/2109/45 2859/2094/45
f 2869/2113/45 2868/2111/45 2859/2094/45
f 2870/2115/45 2869/2113/45 2859/2094/45
f 2884/2117/2465 2872/2118/2466 2871/2119/2467
f 2871/2119/2467 2883/2120/2468 2884/2117/2465
f 2885/2121/2469 2873/2122/2470 2872/2118/2466
f 2872/2118/2466 2884/2117/2465 2885/2121/2469
f 2886/2123/2471 2874/2124/2472 2873/2122/2470
f 2873/2122/2470 2885/2121/2469 2886/2123/2471
f 2887/2125/2473 2875/2126/2474 2874/2124/2472
f 2874/2124/2472 2886/2123/2471 2887/2125/2473
f 2888/2127/2475 2876/2128/2476 2875/2126/2474
f 2875/2126/2474 2887/2125/2473 2888/2127/2475
f 2889/2129/2477 2877/2130/2478 2876/2128/2476
f 2876/2128/2476 2888/2127/2475 2889/2129/2477
f 2890/2127/2479 2878/2128/2480 2877/2130/2478
f 2877/2130/2478 2889/2129/2477 2890/2127/2479
f 2891/2125/2481 2879/2126/2482 2878/2128/2480
f 2878/2128/2480 2890/2127/2479 2891/2125/2481
f 2892/2123/2483 2880/2124/2484 2879/2126/2482
f 2879/2126/2482 2891/2125/2481 2892/2123/2483
f 2893/2121/2485 2881/2122/2486 2880/2124/2484
f 2880/2124/2484 2892/2123/2483 2893/2121/2485
f 2894/2117/2487 2882/2118/2488 2881/2122/2486
f 2881/2122/2486 2893/2121/2485 2894/2117/2487
f 2883/2120/2468 2871/2119/2467 2882/2118/2488
f 2882/2118/2488 2894/2117/2487 2883/2120/2468
f 2881/2122/444 2882/2118/2489 2871/2119/444
f 2880/2124/444 2881/2122/444 2871/2119/444
f 2879/2126/444 2880/2124/444 2871/2119/444
f 2878/2128/444 2879/2126/444 2871/2119/444
f 2877/2130/444 2878/2128/444 2871/2119/444
f 2876/2128/444 2877/2130/444 2871/2119/444
f 2875/2126/444 2876/2128/444 2871/2119/444
f 2874/2124/444 2875/2126/444 2871/2119/444
f 2873/2122/444 2874/2124/444 2871/2119/444
f 2872/2118/444 2873/2122/444 2871/2119/444
f 2885/2121/1389 2884/2117/1389 2883/2120/1389
f 2886/2123/1389 2885/2121/1389 2883/2120/1389
f 2883/2120/1389 2893/2121/1389 2892/2123/1389
f 2883/2120/1389 2892/2123/1389 2891/2125/1389
f 2883/2120/1389 2891/2125/1389 2890/2127/1389
f 2883/2120/1389 2890/2127/1389 2889/2129/1389
f 2883/2120/1389 2889/2129/1389 2888/2127/1389
f 2883/2120/1389 2888/2127/1389 2887/2125/1389
f 2886/2123/1389 2883/2120/1389 2887/2125/1389
f 2894/2117/1389 2893/2121/1389 2883/2120/1389
f 2895/2131/2441 2907/2132/2442 2908/2133/2490
f 2908/2133/2490 2896/2134/2444 2895/2131/2441
f 2896/2134/2444 2908/2133/2490 2909/2135/2491
f 2909/2135/2491 2897/2136/2492 2896/2134/2444
f 2897/2136/2492 2909/2135/2491 2910/2137/2493
f 2910/2137/2493 2898/2138/2494 2897/2136/2492
f 2898/2138/2494 2910/2137/2493 2911/2139/2449
f 2911/2139/2449 2899/2140/2450 2898/2138/2494
f 2899/2140/2450 2911/2139/2449 2912/2141/2451
f 2912/2141/2451 2900/2142/2452 2899/2140/2450
f 2900/2142/2452 2912/2141/2451 2913/2143/2495
f 2913/2143/2495 2901/2144/2454 2900/2142/2452
f 2901/2144/2454 2913/2143/2495 2914/2145/2455
f 2914/2145/2455 2902/2146/2456 2901/2144/2454
f 2902/2146/2456 2914/2145/2455 2915/2147/2496
f 2915/2147/2496 2903/2148/2458 2902/2146/2456
f 2903/2148/2458 2915/2147/2496 2916/2149/2459
f 2916/2149/2459 2904/2150/2460 2903/2148/2458
f 2904/2150/2460 2916/2149/2459 2917/2151/2497
f 2917/2151/2497 2905/2152/2498 2904/2150/2460
f 2905/2152/2498 2917/2151/2497 2918/2153/2463
f 2918/2153/2463 2906/2154/2499 2905/2152/2498
f 2906/2154/2499 2918/2153/2463 2907/2132/2442
f 2907/2132/2442 2895/2131/2441 2906/2154/2499
f 2896/2134/6 2897/2136/6 2895/2131/6
f 2897/2136/6 2898/2138/6 2895/2131/6
f 2898/2138/6 2899/2140/6 2895/2131/6
f 2899/2140/6 2900/2142/6 2895/2131/6
f 2900/2142/6 2901/2144/6 2895/2131/6
f 2901/2144/6 2902/2146/6 2895/2131/6
f 2902/2146/6 2903/2148/6 2895/2131/6
f 2903/2148/6 2904/2150/6 2895/2131/6
f 2904/2150/6 2905/2152/6 2895/2131/6
f 2905/2152/6 2906/2154/6 2895/2131/6
f 2909/2135/45 2908/2133/45 2907/2132/45
f 2910/2137/45 2909/2135/45 2907/2132/45
f 2911/2139/45 2910/2137/45 2907/2132/45
f 2912/2141/45 2911/2139/45 2907/2132/45
f 2913/2143/45 2912/2141/45 2907/2132/45
f 2914/2145/45 2913/2143/45 2907/2132/45
f 2915/2147/45 2914/2145/45 2907/2132/45
f 2916/2149/45 2915/2147/45 2907/2132/45
f 2917/2151/45 2916/2149/45 2907/2132/45
f 2918/2153/45 2917/2151/45 2907/2132/45
f 2932/2155/2465 2920/2156/2500 2919/2157/2501
f 2919/2157/2501 2931/2158/2468 2932/2155/2465
f 2933/2159/2469 2921/2160/2470 2920/2156/2500
f 2920/2156/2500 2932/2155/2465 2933/2159/2469
f 2934/2161/2471 2922/2162/2472 2921/2160/2470
f 2921/2160/2470 2933/2159/2469 2934/2161/2471
f 2935/2163/2473 2923/2164/2502 2922/2162/2472
f 2922/2162/2472 2934/2161/2471 2935/2163/2473
f 2936/2165/2503 2924/2166/2476 2923/2164/2502
f 2923/2164/2502 2935/2163/2473 2936/2165/2503
f 2937/2167/2477 2925/2168/2478 2924/2166/2476
f 2924/2166/2476 2936/2165/2503 2937/2167/2477
f 2938/2165/2504 2926/2166/2505 2925/2168/2478
f 2925/2168/2478 2937/2167/2477 2938/2165/2504
f 2939/2163/2506 2927/2164/2507 2926/2166/2505
f 2926/2166/2505 2938/2165/2504 2939/2163/2506
f 2940/2161/2483 2928/2162/2484 2927/2164/2507
f 2927/2164/2507 2939/2163/2506 2940/2161/2483
f 2941/2159/2485 2929/2160/2486 2928/2162/2484
f 2928/2162/2484 2940/2161/2483 2941/2159/2485
f 2942/2155/2487 2930/2156/2508 2929/2160/2486
f 2929/2160/2486 2941/2159/2485 2942/2155/2487
f 2931/2158/2468 2919/2157/2501 2930/2156/2508
f 2930/2156/2508 2942/2155/2487 2931/2158/2468
f 2929/2160/444 2930/2156/444 2919/2157/444
f 2928/2162/444 2929/2160/444 2919/2157/444
f 2927/2164/444 2928/2162/444 2919/2157/444
f 2926/2166/444 2927/2164/444 2919/2157/444
f 2925/2168/444 2926/2166/444 2919/2157/444
f 2924/2166/444 2925/2168/444 2919/2157/444
f 2923/2164/444 2924/2166/444 2919/2157/444
f 2922/2162/444 2923/2164/444 2919/2157/444
f 2921/2160/444 2922/2162/444 2919/2157/444
f 2920/2156/444 2921/2160/444 2919/2157/444
f 2933/2159/1389 2932/2155/1389 2931/2158/1389
f 2934/2161/1389 2933/2159/1389 2931/2158/1389
f 2931/2158/1389 2941/2159/1389 2940/2161/1389
f 2931/2158/1389 2940/2161/1389 2939/2163/1389
f 2931/2158/1389 2939/2163/1389 2938/2165/1389
f 2931/2158/1389 2938/2165/1389 2937/2167/1389
f 2931/2158/1389 2937/2167/1389 2936/2165/1389
f 2931/2158/1389 2936/2165/1389 2935/2163/1389
f 2934/2161/1389 2931/2158/1389 2935/2163/1389
f 2942/2155/2509 2941/2159/1389 2931/2158/1389
f 2975/2169/2510 2959/2170/2511 2976/2171/2510
f 2958/2172/2511 2976/2171/2510 2959/2170/2511
f 2974/2173/2512 3035/2174/2513 2998/2175/2513
f 2998/2175/2513 2991/2176/2512 2974/2173/2512
f 2978/2177/2514 2973/2178/2515 2956/2179/2516
f 2956/2179/2516 2979/2180/2517 2978/2177/2514
f 2972/2181/2518 2992/2182/2519 2981/2183/2520
f 2992/2182/2519 2972/2181/2518 2971/2184/2521
f 2970/2185/2522 2983/2186/2522 2954/2187/2523
f 2970/2185/2522 3004/2188/2524 2983/2186/2522
f 2946/2189/2525 2969/2190/2526 2968/2191/2527
f 2968/2191/2527 2993/2192/2528 2946/2189/2525
f 2947/2193/2529 2967/2194/2530 2999/2195/2531
f 2999/2195/2531 2984/2196/2532 2947/2193/2529
f 2948/2197/2533 2966/2198/2533 3000/2199/2533
f 3000/2199/2533 2994/2200/2533 2948/2197/2533
f 3036/2201/2534 2990/2202/2535 2985/2203/2536
f 2990/2202/2535 3036/2201/2534 2965/2204/2537
f 3034/2205/2538 3003/2206/2539 3005/2207/2540
f 3005/2207/2540 3003/2206/2539 2964/2208/2541
f 2987/2209/2542 2953/2210/2543 3006/2211/2544
f 2963/2212/2543 3006/2211/2544 2953/2210/2543
f 2957/2213/2545 2961/2214/2546 2988/2215/2546
f 2988/2215/2546 2961/2214/2546 2960/2216/2547
f 2958/2172/2548 2977/2217/2549 2976/2171/2550
f 2977/2217/2549 2958/2172/2548 3018/2218/2551
f 2959/2170/2552 2975/2169/2553 2995/2219/2552
f 2995/2219/2552 3007/2220/2554 2959/2170/2552
f 2998/2175/2555 3019/2221/2556 2991/2176/2557
f 3019/2221/2556 2998/2175/2555 3008/2222/2558
f 3035/2174/2559 2974/2173/2560 2996/2223/2559
f 2996/2223/2559 3009/2224/2561 3035/2174/2559
f 2979/2180/2562 2956/2179/2563 2980/2225/2563
f 2980/2225/2563 2956/2179/2563 3016/2226/2564
f 2973/2178/2565 2978/2177/2566 3020/2227/2565
f 3020/2227/2565 3017/2228/2567 2973/2178/2565
f 2971/2184/2568 2982/2229/2569 2992/2182/2570
f 2982/2229/2569 2971/2184/2568 2955/2230/2571
f 2972/2181/2572 2981/2183/2573 3021/2231/2574
f 3021/2231/2574 2950/2232/2575 2972/2181/2572
f 3004/2188/2576 2970/2185/2577 2951/2233/2578
f 2951/2233/2578 2970/2185/2577 3001/2234/2579
f 2954/2187/2580 2983/2186/2581 3022/2235/2582
f 3022/2235/2582 2955/2230/2571 2954/2187/2580
f 2993/2192/2583 2968/2191/2584 3024/2236/2585
f 3024/2236/2585 2968/2191/2584 3033/2237/2586
f 2969/2190/2587 2946/2189/2588 3023/2238/2588
f 3023/2238/2588 2944/2239/2587 2969/2190/2587
f 2999/2195/2589 3026/2240/2590 2984/2196/2591
f 3026/2240/2590 2999/2195/2589 3014/2241/2592
f 2967/2194/2593 2947/2193/2594 3025/2242/2593
f 3025/2242/2593 3015/2243/2595 2967/2194/2593
f 2994/2200/2596 3000/2199/2597 3028/2244/2598
f 3028/2244/2598 3000/2199/2597 3012/2245/2599
f 2966/2198/2600 2948/2197/2601 3027/2246/2600
f 3027/2246/2600 3013/2247/2602 2966/2198/2600
f 2965/2204/2603 2986/2248/2604 2990/2202/2605
f 2986/2248/2604 2965/2204/2603 3011/2249/2606
f 3036/2201/2607 2985/2203/2608 3029/2250/2607
f 3029/2250/2607 2949/2251/2609 3036/2201/2607
f 2964/2208/2610 2989/2252/2610 3005/2207/2611
f 2989/2252/2610 2964/2208/2610 2943/2253/2612
f 3003/2206/2613 3034/2205/2614 3030/2254/2613
f 3030/2254/2613 3011/2249/2615 3003/2206/2613
f 2963/2212/2616 2952/2255/2616 3006/2211/2617
f 2952/2255/2616 2963/2212/2616 3010/2256/2618
f 2953/2210/2619 2987/2209/2620 3031/2257/2621
f 3031/2257/2621 2997/2258/2622 2953/2210/2619
f 2988/2215/2623 2960/2216/2624 3002/2259/2624
f 3002/2259/2624 2960/2216/2624 3037/2260/2625
f 2961/2214/2626 2957/2213/2627 3032/2261/2626
f 3032/2261/2626 2962/2262/2628 2961/2214/2626
f 3017/2228/2629 3020/2227/2630 2977/2217/2631
f 2977/2217/2631 3018/2218/2632 3017/2228/2629
f 3007/2220/2633 2995/2219/2634 3019/2221/2635
f 3007/2220/2633 3019/2221/2635 3008/2222/2636
f 3002/2259/2637 3037/2260/2638 3009/2224/2639
f 3009/2224/2639 2996/2223/2640 3002/2259/2637
f 2980/2225/2641 3016/2226/2642 2950/2232/2643
f 2950/2232/2643 3021/2231/2644 2980/2225/2641
f 2955/2230/2571 3022/2235/2582 2982/2229/2569
f 2944/2239/2645 3023/2238/2646 2951/2233/2645
f 2951/2233/2645 3001/2234/2647 2944/2239/2645
f 3024/2236/2648 3033/2237/2649 3015/2243/2650
f 3015/2243/2650 3025/2242/2651 3024/2236/2648
f 3026/2240/2652 3014/2241/2653 3013/2247/2654
f 3013/2247/2654 3027/2246/2655 3026/2240/2652
f 2949/2251/2656 3029/2250/2657 3028/2244/2658
f 3028/2244/2658 3012/2245/2659 2949/2251/2656
f 3011/2249/2606 3030/2254/2660 2986/2248/2604
f 2997/2258/2661 3031/2257/2662 2989/2252/2661
f 2989/2252/2661 2943/2253/2663 2997/2258/2661
f 3010/2256/2664 3032/2261/2665 2952/2255/2666
f 3032/2261/2665 3010/2256/2664 2962/2262/2667
f 3007/2220/2668 3008/2222/2669 2943/2253/2670
f 2960/2216/2671 2953/2210/2672 2943/2253/2673
f 2949/2251/2674 2966/2198/2675 2943/2253/2670
f 2966/2198/2675 3013/2247/2676 2943/2253/2670
f 3013/2247/2676 3014/2241/2677 2943/2253/2670
f 2943/2253/2670 3014/2241/2677 2999/2195/2678
f 2943/2253/2670 2944/2239/2679 2970/2185/2670
f 2945/2263/2680 2974/2173/2681 3019/2221/2682
f 2945/2263/2680 2983/2186/2683 3004/2188/2684
f 2959/2170/2685 3007/2220/2668 2943/2253/2670
f 3035/2174/2686 3009/2224/2686 2943/2253/2686
f 3009/2224/2687 3037/2260/2688 2943/2253/2673
f 3037/2260/2688 2960/2216/2671 2943/2253/2673
f 2961/2214/2689 2962/2262/2690 2960/2216/2671
f 3010/2256/2691 2963/2212/2692 2953/2210/2672
f 2943/2253/2693 2953/2210/2693 2997/2258/2693
f 3003/2206/2694 3011/2249/2695 2943/2253/2670
f 2965/2204/2696 2949/2251/2674 3011/2249/2695
f 2949/2251/2674 2965/2204/2696 3036/2201/2697
f 2949/2251/2656 3012/2245/2659 2966/2198/2698
f 2967/2194/2699 3015/2243/2700 2943/2253/2670
f 3015/2243/2700 3033/2237/2701 2943/2253/2670
f 2969/2190/2702 2944/2239/2679 2943/2253/2670
f 2970/2185/2703 2944/2239/2703 3001/2234/2703
f 2954/2187/2704 2955/2230/2705 2943/2253/2670
f 2972/2181/2706 2950/2232/2707 2943/2253/2670
f 3016/2226/2708 2943/2253/2670 2950/2232/2707
f 2973/2178/2709 3017/2228/2710 2943/2253/2670
f 3017/2228/2710 3018/2218/2711 2943/2253/2670
f 3019/2221/2682 2974/2173/2681 2991/2176/2712
f 3019/2221/2682 2995/2219/2713 2945/2263/2680
f 2976/2171/2714 2977/2217/2715 2945/2263/2680
f 2977/2217/2715 3020/2227/2716 2945/2263/2680
f 2978/2177/2717 2945/2263/2680 3020/2227/2716
f 2979/2180/2718 2980/2225/2719 2945/2263/2680
f 2981/2183/2720 2945/2263/2680 3021/2231/2721
f 2982/2229/2722 2981/2183/2720 2992/2182/2723
f 2982/2229/2722 3022/2235/2724 2945/2263/2680
f 2983/2186/2683 2945/2263/2680 3022/2235/2724
f 3004/2188/2684 2951/2233/2725 2945/2263/2680
f 3023/2238/2726 2945/2263/2680 2951/2233/2725
f 3024/2236/2727 2946/2189/2728 2993/2192/2729
f 2984/2196/2730 3026/2240/2731 2945/2263/2680
f 3026/2240/2731 3027/2246/2732 2945/2263/2680
f 3028/2244/2733 2948/2197/2734 2994/2200/2735
f 3028/2244/2733 3029/2250/2736 2945/2263/2680
f 3029/2250/2736 2985/2203/2737 2945/2263/2680
f 2986/2248/2738 2985/2203/2737 2990/2202/2739
f 3034/2205/2740 2945/2263/2680 3030/2254/2741
f 3005/2207/2742 2989/2252/2743 2945/2263/2680
f 2989/2252/2743 3031/2257/2744 2945/2263/2680
f 2987/2209/2745 2945/2263/2680 3031/2257/2744
f 3006/2211/2746 2952/2255/2747 2945/2263/2680
f 3032/2261/2748 2945/2263/2680 2952/2255/2747
f 2988/2215/2749 3002/2259/2750 2945/2263/2680
f 3002/2259/2750 2996/2223/2751 2945/2263/2680
f 2958/2172/2752 2959/2170/2685 2943/2253/2670
f 3008/2222/2669 2998/2175/2753 3035/2174/2754
f 2962/2262/2690 3010/2256/2691 2953/2210/2672
f 2964/2208/2755 3003/2206/2694 2943/2253/2670
f 3011/2249/2695 2949/2251/2674 2943/2253/2670
f 3012/2245/2756 3000/2199/2756 2966/2198/2756
f 2999/2195/2678 2967/2194/2699 2943/2253/2670
f 2968/2191/2757 2969/2190/2702 2943/2253/2670
f 2943/2253/2670 2970/2185/2670 2954/2187/2704
f 2943/2253/2670 2971/2184/2758 2972/2181/2706
f 2956/2179/2759 2943/2253/2670 3016/2226/2708
f 2956/2179/2759 2973/2178/2709 2943/2253/2670
f 3018/2218/2711 2958/2172/2752 2943/2253/2670
f 2995/2219/2713 2975/2169/2760 2945/2263/2680
f 2975/2169/2760 2976/2171/2714 2945/2263/2680
f 2978/2177/2717 2979/2180/2718 2945/2263/2680
f 2980/2225/2719 3021/2231/2721 2945/2263/2680
f 2945/2263/2680 2981/2183/2720 2982/2229/2722
f 3023/2238/2726 2946/2189/2728 2945/2263/2680
f 2946/2189/2728 3024/2236/2727 2945/2263/2680
f 3024/2236/2727 3025/2242/2761 2945/2263/2680
f 3025/2242/2761 2947/2193/2762 2945/2263/2680
f 2947/2193/2762 2984/2196/2730 2945/2263/2680
f 2945/2263/2680 3027/2246/2732 2948/2197/2734
f 2948/2197/2734 3028/2244/2733 2945/2263/2680
f 2985/2203/2737 2986/2248/2738 2945/2263/2680
f 2986/2248/2738 3030/2254/2741 2945/2263/2680
f 3034/2205/2740 3005/2207/2742 2945/2263/2680
f 2987/2209/2745 3006/2211/2746 2945/2263/2680
f 3032/2261/2748 2957/2213/2763 2945/2263/2680
f 2957/2213/2763 2988/2215/2749 2945/2263/2680
f 2945/2263/2680 2996/2223/2751 2974/2173/2681
f 2960/2216/2671 2962/2262/2690 2953/2210/2672
f 3033/2237/2701 2968/2191/2757 2943/2253/2670
f 2955/2230/2705 2971/2184/2758 2943/2253/2670
f 3064/2264/2764 3126/2265/2765 3054/2266/2766
f 3054/2266/2766 3065/2267/2767 3064/2264/2764
f 3055/2268/2768 3039/2269/2768 3127/2270/2769
f 3055/2268/2768 3049/2271/2770 3039/2269/2768
f 3128/2272/2771 3075/2273/2771 3066/2274/2772
f 3075/2273/2771 3128/2272/2771 3048/2275/2773
f 3122/2276/2774 3084/2277/2775 3050/2278/2774
f 3047/2279/2776 3050/2278/2774 3084/2277/2775
f 3121/2280/2777 3123/2281/2778 3083/2282/2779
f 3121/2280/2777 3086/2283/2780 3123/2281/2778
f 3068/2284/2781 3063/2285/2782 3080/2286/2783
f 3080/2286/2783 3051/2287/2784 3068/2284/2781
f 3061/2288/2785 3040/2289/2786 3062/2290/2787
f 3061/2288/2785 3052/2291/2788 3040/2289/2786
f 3129/2292/2789 3070/2293/2790 3069/2294/2791
f 3070/2293/2790 3129/2292/2789 3060/2295/2792
f 3071/2296/2793 3130/2297/2794 3076/2298/2795
f 3076/2298/2795 3130/2297/2794 3079/2299/2796
f 3124/2300/2797 3085/2301/2798 3059/2302/2799
f 3059/2302/2799 3087/2303/2800 3124/2300/2797
f 3057/2304/2801 3125/2305/2801 3058/2306/2802
f 3057/2304/2801 3053/2307/2803 3125/2305/2801
f 3041/2308/2804 3046/2309/2805 3081/2310/2806
f 3081/2310/2806 3073/2311/2807 3041/2308/2804
f 3054/2266/2808 3106/2312/2809 3065/2267/2810
f 3106/2312/2809 3054/2266/2808 3104/2313/2811
f 3126/2265/2812 3064/2264/2813 3077/2314/2812
f 3077/2314/2812 3089/2315/2814 3126/2265/2812
f 3055/2268/2815 3105/2316/2815 3049/2271/2816
f 3105/2316/2815 3055/2268/2815 3131/2317/2817
f 3127/2270/2818 3039/2269/2819 3078/2318/2820
f 3078/2318/2820 3056/2319/2821 3127/2270/2818
f 3048/2275/2822 3067/2320/2822 3075/2273/2823
f 3067/2320/2822 3048/2275/2822 3102/2321/2824
f 3128/2272/2825 3066/2274/2826 3107/2322/2825
f 3107/2322/2825 3103/2323/2827 3128/2272/2825
f 3047/2279/2828 3109/2324/2829 3050/2278/2830
f 3109/2324/2829 3047/2279/2828 3101/2325/2831
f 3084/2277/2832 3122/2276/2833 3108/2326/2834
f 3108/2326/2834 3043/2327/2835 3084/2277/2832
f 3121/2280/2836 3044/2328/2836 3086/2283/2837
f 3044/2328/2836 3121/2280/2836 3100/2329/2838
f 3083/2282/2839 3123/2281/2840 3110/2330/2841
f 3110/2330/2841 3101/2325/2831 3083/2282/2839
f 3051/2287/2842 3080/2286/2843 3112/2331/2844
f 3112/2331/2844 3080/2286/2843 3098/2332/2845
f 3063/2285/2846 3068/2284/2847 3111/2333/2848
f 3111/2333/2848 3099/2334/2849 3063/2285/2846
f 3052/2291/2850 3061/2288/2851 3114/2335/2852
f 3114/2335/2852 3061/2288/2851 3096/2336/2853
f 3062/2290/2854 3040/2289/2855 3113/2337/2854
f 3113/2337/2854 3097/2338/2856 3062/2290/2854
f 3060/2295/2857 3116/2339/2857 3070/2293/2858
f 3116/2339/2857 3060/2295/2857 3094/2340/2859
f 3129/2292/2860 3069/2294/2861 3115/2341/2862
f 3115/2341/2862 3095/2342/2863 3129/2292/2860
f 3079/2299/2864 3072/2343/2864 3076/2298/2865
f 3072/2343/2864 3079/2299/2864 3092/2344/2866
f 3130/2297/2867 3071/2296/2868 3117/2345/2867
f 3117/2345/2867 3093/2346/2869 3130/2297/2867
f 3059/2302/2870 3074/2347/2871 3087/2303/2872
f 3074/2347/2871 3059/2302/2870 3091/2348/2873
f 3085/2301/2874 3124/2300/2875 3118/2349/2874
f 3118/2349/2874 3042/2350/2876 3085/2301/2874
f 3053/2307/2877 3057/2304/2878 3045/2351/2878
f 3045/2351/2878 3057/2304/2878 3090/2352/2879
f 3058/2306/2880 3125/2305/2881 3119/2353/2882
f 3119/2353/2882 3091/2348/2873 3058/2306/2880
f 3073/2311/2883 3081/2310/2884 3082/2354/2885
f 3082/2354/2885 3081/2310/2884 3132/2355/2886
f 3046/2309/2887 3041/2308/2888 3120/2356/2889
f 3120/2356/2889 3090/2352/2890 3046/2309/2887
f 3103/2323/2891 3107/2322/2892 3106/2312/2893
f 3106/2312/2893 3104/2313/2894 3103/2323/2891
f 3105/2316/2895 3131/2317/2896 3089/2315/2895
f 3089/2315/2895 3077/2314/2897 3105/2316/2895
f 3082/2354/2898 3132/2355/2899 3056/2319/2900
f 3056/2319/2900 3078/2318/2901 3082/2354/2898
f 3102/2321/2902 3108/2326/2903 3067/2320/2904
f 3108/2326/2903 3102/2321/2902 3043/2327/2905
f 3101/2325/2831 3110/2330/2841 3109/2324/2829
f 3100/2329/2906 3111/2333/2906 3044/2328/2907
f 3111/2333/2906 3100/2329/2906 3099/2334/2908
f 3112/2331/2909 3098/2332/2910 3097/2338/2911
f 3097/2338/2911 3113/2337/2912 3112/2331/2909
f 3114/2335/2913 3096/2336/2914 3115/2341/2915
f 3095/2342/2916 3115/2341/2915 3096/2336/2914
f 3093/2346/2917 3117/2345/2918 3116/2339/2919
f 3116/2339/2919 3094/2340/2920 3093/2346/2917
f 3072/2343/2921 3092/2344/2922 3042/2350/2923
f 3042/2350/2923 3118/2349/2924 3072/2343/2921
f 3091/2348/2873 3119/2353/2882 3074/2347/2871
f 3090/2352/2890 3120/2356/2889 3045/2351/2925
f 3038/2357/2926 3054/2266/2927 3126/2265/2928
f 3038/2357/2926 3061/2288/2929 3062/2290/2930
f 3038/2357/2926 3080/2286/2931 3063/2285/2932
f 3088/2358/2509 3069/2294/2933 3070/2293/2934
f 3126/2265/2928 3089/2315/2935 3038/2357/2926
f 3127/2270/2936 3056/2319/2937 3038/2357/2926
f 3056/2319/2937 3132/2355/2938 3038/2357/2926
f 3046/2309/2939 3090/2352/2940 3038/2357/2926
f 3057/2304/2941 3038/2357/2926 3090/2352/2940
f 3058/2306/2942 3091/2348/2943 3038/2357/2926
f 3059/2302/2944 3038/2357/2926 3091/2348/2943
f 3085/2301/2945 3042/2350/2946 3038/2357/2926
f 3092/2344/2947 3038/2357/2926 3042/2350/2946
f 3079/2299/2948 3130/2297/2949 3092/2344/2947
f 3130/2297/2949 3093/2346/2950 3038/2357/2926
f 3129/2292/2951 3095/2342/2952 3038/2357/2926
f 3095/2342/2952 3096/2336/2953 3038/2357/2926
f 3062/2290/2930 3097/2338/2954 3038/2357/2926
f 3097/2338/2954 3098/2332/2955 3038/2357/2926
f 3063/2285/2932 3099/2334/2956 3038/2357/2926
f 3121/2280/2957 3038/2357/2926 3100/2329/2958
f 3083/2282/2959 3101/2325/2960 3038/2357/2926
f 3084/2277/2961 3043/2327/2961 3047/2279/2961
f 3102/2321/2962 3047/2279/2962 3043/2327/2962
f 3128/2272/2963 3103/2323/2964 3038/2357/2926
f 3103/2323/2964 3104/2313/2965 3038/2357/2926
f 3049/2271/2966 3105/2316/2967 3088/2358/2509
f 3105/2316/2967 3077/2314/2968 3088/2358/2509
f 3065/2267/2969 3106/2312/2970 3088/2358/2509
f 3106/2312/2970 3107/2322/2971 3088/2358/2509
f 3075/2273/2972 3067/2320/2973 3088/2358/2509
f 3122/2276/2974 3088/2358/2509 3108/2326/2975
f 3050/2278/2976 3109/2324/2977 3088/2358/2509
f 3123/2281/2978 3088/2358/2509 3110/2330/2979
f 3086/2283/2980 3044/2328/2981 3088/2358/2509
f 3111/2333/2982 3088/2358/2509 3044/2328/2981
f 3068/2284/2983 3088/2358/2509 3111/2333/2982
f 3051/2287/2984 3112/2331/2985 3088/2358/2509
f 3052/2291/2986 3114/2335/2987 3088/2358/2509
f 3114/2335/2987 3115/2341/2988 3088/2358/2509
f 3070/2293/2934 3116/2339/2989 3088/2358/2509
f 3116/2339/2989 3117/2345/2990 3088/2358/2509
f 3117/2345/2990 3071/2296/2991 3088/2358/2509
f 3076/2298/2992 3072/2343/2993 3088/2358/2509
f 3124/2300/2994 3088/2358/2509 3118/2349/2995
f 3087/2303/2996 3074/2347/2997 3088/2358/2509
f 3053/2307/2998 3045/2351/2999 3088/2358/2509
f 3120/2356/3000 3088/2358/2509 3045/2351/2999
f 3120/2356/3000 3041/2308/3001 3088/2358/2509
f 3073/2311/3002 3082/2354/3003 3088/2358/2509
f 3078/2318/3004 3088/2358/2509 3082/2354/3003
f 3089/2315/2935 3131/2317/3005 3038/2357/2926
f 3055/2268/3006 3127/2270/2936 3038/2357/2926
f 3081/2310/3007 3046/2309/2939 3038/2357/2926
f 3057/2304/2941 3058/2306/2942 3038/2357/2926
f 3059/2302/2944 3085/2301/2945 3038/2357/2926
f 3092/2344/2947 3130/2297/2949 3038/2357/2926
f 3093/2346/2950 3094/2340/3008 3038/2357/2926
f 3094/2340/3008 3060/2295/3009 3038/2357/2926
f 3060/2295/3009 3129/2292/2951 3038/2357/2926
f 3038/2357/2926 3096/2336/2953 3061/2288/2929
f 3080/2286/2931 3038/2357/2926 3098/2332/2955
f 3099/2334/2956 3100/2329/2958 3038/2357/2926
f 3121/2280/2957 3083/2282/2959 3038/2357/2926
f 3038/2357/2926 3101/2325/2960 3047/2279/3010
f 3048/2275/3011 3038/2357/2926 3102/2321/3012
f 3048/2275/3011 3128/2272/2963 3038/2357/2926
f 3038/2357/2926 3104/2313/2965 3054/2266/2927
f 3039/2269/3013 3049/2271/2966 3088/2358/2509
f 3077/2314/2968 3064/2264/3014 3088/2358/2509
f 3064/2264/3014 3065/2267/2969 3088/2358/2509
f 3066/2274/3015 3075/2273/2972 3088/2358/2509
f 3067/2320/2973 3108/2326/2975 3088/2358/2509
f 3122/2276/2974 3050/2278/2976 3088/2358/2509
f 3109/2324/2977 3110/2330/2979 3088/2358/2509
f 3123/2281/2978 3086/2283/2980 3088/2358/2509
f 3068/2284/2983 3051/2287/2984 3088/2358/2509
f 3112/2331/2985 3113/2337/3016 3088/2358/2509
f 3113/2337/3016 3040/2289/3017 3088/2358/2509
f 3040/2289/3017 3052/2291/2986 3088/2358/2509
f 3088/2358/2509 3115/2341/2988 3069/2294/2933
f 3071/2296/2991 3076/2298/2992 3088/2358/2509
f 3072/2343/2993 3118/2349/2995 3088/2358/2509
f 3124/2300/2994 3087/2303/2996 3088/2358/2509
f 3074/2347/2997 3119/2353/3018 3088/2358/2509
f 3119/2353/3018 3125/2305/3019 3088/2358/2509
f 3125/2305/3019 3053/2307/2998 3088/2358/2509
f 3041/2308/3001 3073/2311/3002 3088/2358/2509
f 3078/2318/3004 3039/2269/3013 3088/2358/2509
f 3038/2357/2926 3047/2279/3010 3102/2321/3012
f 3131/2317/3005 3055/2268/3006 3038/2357/2926
f 3132/2355/2938 3081/2310/3007 3038/2357/2926
f 3088/2358/2509 3107/2322/2971 3066/2274/3015
f 3008/2222/2669 3035/2174/2754 2943/2253/2670
f 3133/2359/3020 3135/2360/3021 3134/2361/3022
f 3133/2359/3020 3136/2362/3023 3135/2360/3021
f 3134/2361/3022 3135/2360/3021 3137/2363/3024
f 3138/2364/3025 3137/2363/3024 3135/2360/3021
f 3139/2365/3026 3138/2364/3025 3135/2360/3021
f 3135/2360/3021 3136/2362/3023 3139/2365/3026
f 3140/2366/3027 3139/2365/3026 3136/2362/3023
f 3141/2367/3028 3140/2366/3027 3136/2362/3023
f 3136/2362/3023 3133/2359/3020 3141/2367/3028
f 3142/2368/3029 3141/2367/3028 3133/2359/3020
f 3143/2369/3030 3142/2368/3029 3133/2359/3020
f 3133/2359/3020 3134/2361/3022 3143/2369/3030
f 3144/2370/3031 3143/2369/3030 3134/2361/3022
f 3137/2363/3024 3144/2370/3031 3134/2361/3022
f 3146/2371/3032 3145/2372/3033 3137/2363/3024
f 3137/2363/3024 3138/2364/3025 3146/2371/3032
f 3147/2373/3034 3146/2371/3032 3138/2364/3025
f 3138/2364/3025 3139/2365/3026 3147/2373/3034
f 3148/2374/3035 3147/2373/3034 3139/2365/3026
f 3139/2365/3026 3140/2366/3027 3148/2374/3035
f 3149/2375/3036 3148/2374/3035 3140/2366/3027
f 3140/2366/3027 3141/2367/3028 3149/2375/3036
f 3150/2376/3037 3149/2375/3036 3141/2367/3028
f 3151/2377/3038 3150/2376/3037 3141/2367/3028
f 3141/2367/3028 3142/2368/3029 3151/2377/3038
f 3152/2378/3039 3151/2377/3038 3142/2368/3029
f 3142/2368/3029 3143/2369/3030 3152/2378/3039
f 3153/2379/3040 3152/2378/3039 3143/2369/3030
f 3154/2380/3041 3153/2379/3040 3143/2369/3030
f 3143/2369/3030 3144/2370/3031 3154/2380/3041
f 3145/2372/3033 3154/2380/3041 3144/2370/3031
f 3144/2370/3031 3137/2363/3024 3145/2372/3033
f 3156/2381/3042 3155/2382/3043 3145/2372/3033
f 3157/2383/3044 3156/2381/3042 3145/2372/3033
f 3145/2372/3033 3146/2371/3032 3157/2383/3044
f 3146/2371/3032 3147/2373/3034 3158/2384/3045
f 3159/2385/3046 3158/2384/3045 3147/2373/3034
f 3147/2373/3034 3148/2374/3035 3159/2385/3046
f 3148/2374/3035 3149/2375/3036 3160/2386/3047
f 3161/2387/3048 3160/2386/3047 3149/2375/3036
f 3149/2375/3036 3150/2376/3037 3161/2387/3048
f 3162/2388/3049 3161/2387/3048 3150/2376/3037
f 3150/2376/3037 3151/2377/3038 3162/2388/3049
f 3163/2389/3050 3162/2388/3049 3151/2377/3038
f 3151/2377/3038 3152/2378/3039 3163/2389/3050
f 3154/2380/3041 3145/2372/3033 3155/2382/3043
f 3155/2382/3043 3156/2381/3042 3164/2390/3051
f 3165/2391/3052 3164/2390/3051 3156/2381/3042
f 3156/2381/3042 3157/2383/3044 3165/2391/3052
f 3166/2392/3053 3165/2391/3052 3157/2383/3044
f 3157/2383/3044 3146/2371/3032 3166/2392/3053
f 3167/2393/3054 3166/2392/3053 3146/2371/3032
f 3146/2371/3032 3158/2384/3045 3167/2393/3054
f 3168/2394/3055 3167/2393/3054 3158/2384/3045
f 3158/2384/3045 3159/2385/3046 3168/2394/3055
f 3169/2395/3056 3168/2394/3055 3159/2385/3046
f 3159/2385/3046 3148/2374/3035 3169/2395/3056
f 3170/2396/3057 3169/2395/3056 3148/2374/3035
f 3148/2374/3035 3160/2386/3047 3170/2396/3057
f 3171/2397/3058 3170/2396/3057 3160/2386/3047
f 3160/2386/3047 3161/2387/3048 3171/2397/3058
f 3172/2398/3059 3171/2397/3058 3161/2387/3048
f 3161/2387/3048 3162/2388/3049 3172/2398/3059
f 3173/2399/3060 3172/2398/3059 3162/2388/3049
f 3162/2388/3049 3163/2389/3050 3173/2399/3060
f 3174/2400/3061 3173/2399/3060 3163/2389/3050
f 3175/2401/3062 3174/2400/3061 3163/2389/3050
f 3163/2389/3050 3152/2378/3039 3175/2401/3062
f 3176/2402/3063 3175/2401/3062 3152/2378/3039
f 3152/2378/3039 3153/2379/3040 3176/2402/3063
f 3153/2379/3040 3154/2380/3041 3176/2402/3063
f 3177/2403/3064 3176/2402/3063 3154/2380/3041
f 3154/2380/3041 3155/2382/3043 3177/2403/3064
f 3164/2390/3051 3177/2403/3064 3155/2382/3043
f 3171/2397/629 3164/2390/450 3165/2391/457
f 3171/2397/629 3165/2391/457 3166/2392/3065
f 3171/2397/629 3166/2392/3065 3167/2393/909
f 3171/2397/629 3167/2393/909 3168/2394/3066
f 3171/2397/629 3168/2394/3066 3169/2395/3067
f 3171/2397/629 3169/2395/3067 3170/2396/3068
f 3171/2397/629 3172/2398/3069 3173/2399/3070
f 3171/2397/629 3173/2399/3070 3174/2400/460
f 3171/2397/629 3174/2400/460 3175/2401/3071
f 3171/2397/629 3175/2401/3071 3176/2402/3072
f 3171/2397/629 3176/2402/3072 3177/2403/3073
f 3171/2397/629 3177/2403/3073 3164/2390/450
f 3179/2404/3074 3181/2405/3075 3178/2406/3076
f 3179/2404/3074 3180/2407/3077 3181/2405/3075
f 3181/2405/3075 3188/2408/3078 3182/2409/3079
f 3181/2405/3075 3182/2409/3079 3183/2410/3080
f 3183/2410/3080 3178/2406/3076 3181/2405/3075
f 3178/2406/3076 3183/2410/3080 3184/2411/3081
f 3178/2406/3076 3184/2411/3081 3185/2412/3082
f 3185/2412/3082 3179/2404/3074 3178/2406/3076
f 3179/2404/3074 3185/2412/3082 3186/2413/3083
f 3186/2413/3083 3180/2407/3077 3179/2404/3074
f 3180/2407/3077 3186/2413/3083 3187/2414/3084
f 3180/2407/3077 3187/2414/3084 3188/2408/3078
f 3188/2408/3078 3181/2405/3075 3180/2407/3077
f 3188/2408/3078 3208/2415/3085 3195/2416/3086
f 3188/2408/3078 3195/2416/3086 3189/2417/3087
f 3189/2417/3087 3182/2409/3079 3188/2408/3078
f 3182/2409/3079 3189/2417/3087 3197/2418/3088
f 3197/2418/3088 3183/2410/3080 3182/2409/3079
f 3183/2410/3080 3197/2418/3088 3198/2419/3089
f 3183/2410/3080 3198/2419/3089 3190/2420/3090
f 3190/2420/3090 3184/2411/3081 3183/2410/3080
f 3184/2411/3081 3190/2420/3090 3191/2421/3091
f 3191/2421/3091 3185/2412/3082 3184/2411/3081
f 3185/2412/3082 3191/2421/3091 3192/2422/3092
f 3185/2412/3082 3192/2422/3092 3193/2423/3093
f 3193/2423/3093 3186/2413/3083 3185/2412/3082
f 3186/2413/3083 3193/2423/3093 3194/2424/3094
f 3194/2424/3094 3187/2414/3084 3186/2413/3083
f 3194/2424/3094 3188/2408/3078 3187/2414/3084
f 3188/2408/3078 3194/2424/3094 3208/2415/3085
f 3196/2425/3095 3189/2417/3087 3195/2416/3086
f 3189/2417/3087 3196/2425/3095 3197/2418/3088
f 3199/2426/3096 3190/2420/3090 3198/2419/3089
f 3190/2420/3090 3199/2426/3096 3200/2427/3097
f 3200/2427/3097 3191/2421/3091 3190/2420/3090
f 3191/2421/3091 3200/2427/3097 3201/2428/3098
f 3191/2421/3091 3201/2428/3098 3202/2429/3099
f 3202/2429/3099 3192/2422/3092 3191/2421/3091
f 3192/2422/3092 3202/2429/3099 3203/2430/3100
f 3203/2430/3100 3193/2423/3093 3192/2422/3092
f 3193/2423/3093 3203/2430/3100 3204/2431/3101
f 3193/2423/3093 3204/2431/3101 3205/2432/3102
f 3205/2432/3102 3194/2424/3094 3193/2423/3093
f 3194/2424/3094 3205/2432/3102 3206/2433/3103
f 3194/2424/3094 3206/2433/3103 3207/2434/3104
f 3207/2434/3104 3208/2415/3085 3194/2424/3094
f 3222/2435/3105 3195/2416/3086 3208/2415/3085
f 3195/2416/3086 3222/2435/3105 3209/2436/3106
f 3209/2436/3106 3196/2425/3095 3195/2416/3086
f 3196/2425/3095 3209/2436/3106 3210/2437/3107
f 3210/2437/3107 3197/2418/3088 3196/2425/3095
f 3197/2418/3088 3210/2437/3107 3211/2438/3108
f 3211/2438/3108 3198/2419/3089 3197/2418/3088
f 3198/2419/3089 3211/2438/3108 3212/2439/3109
f 3212/2439/3109 3199/2426/3096 3198/2419/3089
f 3199/2426/3096 3212/2439/3109 3213/2440/3110
f 3213/2440/3110 3200/2427/3097 3199/2426/3096
f 3200/2427/3097 3213/2440/3110 3214/2441/3111
f 3214/2441/3111 3201/2428/3098 3200/2427/3097
f 3201/2428/3098 3214/2441/3111 3215/2442/3112
f 3201/2428/3098 3215/2442/3112 3216/2443/3113
f 3216/2443/3113 3202/2429/3099 3201/2428/3098
f 3202/2429/3099 3216/2443/3113 3217/2444/3114
f 3217/2444/3114 3203/2430/3100 3202/2429/3099
f 3203/2430/3100 3217/2444/3114 3218/2445/3115
f 3218/2445/3115 3204/2431/3101 3203/2430/3100
f 3204/2431/3101 3218/2445/3115 3219/2446/3116
f 3219/2446/3116 3205/2432/3102 3204/2431/3101
f 3205/2432/3102 3219/2446/3116 3220/2447/3117
f 3220/2447/3117 3206/2433/3103 3205/2432/3102
f 3206/2433/3103 3220/2447/3117 3221/2448/3118
f 3221/2448/3118 3207/2434/3104 3206/2433/3103
f 3207/2434/3104 3221/2448/3118 3222/2435/3105
f 3222/2435/3105 3208/2415/3085 3207/2434/3104
f 3222/2435/612 3210/2437/3119 3209/2436/3120
f 3222/2435/612 3211/2438/3121 3210/2437/3119
f 3222/2435/612 3212/2439/3122 3211/2438/3121
f 3222/2435/612 3213/2440/860 3212/2439/3122
f 3222/2435/612 3214/2441/3123 3213/2440/860
f 3222/2435/612 3215/2442/1032 3214/2441/3123
f 3222/2435/612 3216/2443/562 3215/2442/1032
f 3222/2435/612 3217/2444/3124 3216/2443/562
f 3222/2435/612 3218/2445/3125 3217/2444/3124
f 3222/2435/612 3219/2446/711 3218/2445/3125
f 3222/2435/612 3220/2447/3126 3219/2446/711
f 3222/2435/612 3221/2448/3127 3220/2447/3126
f 3223/2449/3128 3224/2450/3129 3226/2451/3130
f 3226/2451/3130 3224/2450/3129 3225/2452/3131
f 3226/2451/3130 3227/2453/3132 3228/2454/3133
f 3228/2454/3133 3223/2449/3128 3226/2451/3130
f 3223/2449/3128 3228/2454/3133 3229/2455/3134
f 3223/2449/3128 3229/2455/3134 3230/2456/3135
f 3230/2456/3135 3224/2450/3129 3223/2449/3128
f 3224/2450/3129 3230/2456/3135 3231/2457/3136
f 3231/2457/3136 3225/2452/3131 3224/2450/3129
f 3225/2452/3131 3231/2457/3136 3232/2458/3137
f 3225/2452/3131 3232/2458/3137 3233/2459/3138
f 3233/2459/3138 3226/2451/3130 3225/2452/3131
f 3226/2451/3130 3233/2459/3138 3234/2460/3139
f 3226/2451/3130 3234/2460/3139 3227/2453/3132
f 3227/2453/3132 3235/2461/3140 3240/2462/3141
f 3240/2462/3141 3228/2454/3133 3227/2453/3132
f 3228/2454/3133 3240/2462/3141 3236/2463/3142
f 3236/2463/3142 3229/2455/3134 3228/2454/3133
f 3229/2455/3134 3236/2463/3142 3243/2464/3143
f 3243/2464/3143 3230/2456/3135 3229/2455/3134
f 3230/2456/3135 3243/2464/3143 3245/2465/3144
f 3230/2456/3135 3245/2465/3144 3237/2466/3145
f 3237/2466/3145 3231/2457/3136 3230/2456/3135
f 3231/2457/3136 3237/2466/3145 3248/2467/3146
f 3248/2467/3146 3232/2458/3137 3231/2457/3136
f 3232/2458/3137 3248/2467/3146 3249/2468/3147
f 3249/2468/3147 3233/2459/3138 3232/2458/3137
f 3233/2459/3138 3249/2468/3147 3251/2469/3148
f 3233/2459/3138 3251/2469/3148 3252/2470/3149
f 3252/2470/3149 3234/2460/3139 3233/2459/3138
f 3234/2460/3139 3252/2470/3149 3235/2461/3140
f 3235/2461/3140 3227/2453/3132 3234/2460/3139
f 3235/2461/3140 3253/2471/3150 3238/2472/3151
f 3235/2461/3140 3238/2472/3151 3239/2473/3152
f 3239/2473/3152 3240/2462/3141 3235/2461/3140
f 3241/2474/3153 3236/2463/3142 3240/2462/3141
f 3236/2463/3142 3241/2474/3153 3242/2475/3154
f 3236/2463/3142 3242/2475/3154 3243/2464/3143
f 3244/2476/3155 3245/2465/3144 3243/2464/3143
f 3246/2477/3156 3237/2466/3145 3245/2465/3144
f 3237/2466/3145 3246/2477/3156 3247/2478/3157
f 3237/2466/3145 3247/2478/3157 3248/2467/3146
f 3250/2479/3158 3251/2469/3148 3249/2468/3147
f 3253/2471/3150 3235/2461/3140 3252/2470/3149
f 3254/2480/3159 3238/2472/3151 3253/2471/3150
f 3238/2472/3151 3254/2480/3159 3255/2481/3160
f 3255/2481/3160 3239/2473/3152 3238/2472/3151
f 3239/2473/3152 3255/2481/3160 3256/2482/3161
f 3256/2482/3161 3240/2462/3141 3239/2473/3152
f 3240/2462/3141 3256/2482/3161 3257/2483/3162
f 3257/2483/3162 3241/2474/3153 3240/2462/3141
f 3241/2474/3153 3257/2483/3162 3258/2484/3163
f 3258/2484/3163 3242/2475/3154 3241/2474/3153
f 3242/2475/3154 3258/2484/3163 3259/2485/3164
f 3259/2485/3164 3243/2464/3143 3242/2475/3154
f 3259/2485/3164 3244/2476/3155 3243/2464/3143
f 3244/2476/3155 3259/2485/3164 3267/2486/3165
f 3267/2486/3165 3245/2465/3144 3244/2476/3155
f 3245/2465/3144 3267/2486/3165 3260/2487/3166
f 3260/2487/3166 3246/2477/3156 3245/2465/3144
f 3246/2477/3156 3260/2487/3166 3261/2488/3167
f 3261/2488/3167 3247/2478/3157 3246/2477/3156
f 3247/2478/3157 3261/2488/3167 3262/2489/3168
f 3262/2489/3168 3248/2467/3146 3247/2478/3157
f 3262/2489/3168 3249/2468/3147 3248/2467/3146
f 3249/2468/3147 3262/2489/3168 3263/2490/3169
f 3263/2490/3169 3250/2479/3158 3249/2468/3147
f 3250/2479/3158 3263/2490/3169 3264/2491/3170
f 3264/2491/3170 3251/2469/3148 3250/2479/3158
f 3251/2469/3148 3264/2491/3170 3265/2492/3171
f 3265/2492/3171 3252/2470/3149 3251/2469/3148
f 3252/2470/3149 3265/2492/3171 3266/2493/3172
f 3266/2493/3172 3253/2471/3150 3252/2470/3149
f 3253/2471/3150 3266/2493/3172 3254/2480/3159
f 3254/2480/609 3267/2486/609 3255/2481/3173
f 3255/2481/3173 3267/2486/609 3256/2482/3174
f 3256/2482/3174 3267/2486/609 3257/2483/773
f 3257/2483/773 3267/2486/609 3258/2484/3175
f 3258/2484/3175 3267/2486/609 3259/2485/3176
f 3260/2487/3177 3267/2486/609 3261/2488/3178
f 3261/2488/3178 3267/2486/609 3262/2489/3179
f 3262/2489/3179 3267/2486/609 3263/2490/3180
f 3263/2490/3180 3267/2486/609 3264/2491/850
f 3264/2491/850 3267/2486/609 3265/2492/609
f 3265/2492/609 3267/2486/609 3266/2493/946
f 3266/2493/946 3267/2486/609 3254/2480/609
f 3269/2494/3181 3268/2495/3182 3270/2496/3183
f 3270/2496/3183 3268/2495/3182 3271/2497/3184
f 3271/2497/3184 3268/2495/3182 3272/2498/3185
f 3274/2499/3186 3273/2500/3187 3269/2494/3181
f 3269/2494/3181 3270/2496/3183 3274/2499/3186
f 3275/2501/3188 3274/2499/3186 3270/2496/3183
f 3270/2496/3183 3271/2497/3184 3275/2501/3188
f 3276/2502/3189 3275/2501/3188 3271/2497/3184
f 3277/2503/3190 3276/2502/3189 3271/2497/3184
f 3271/2497/3184 3272/2498/3185 3277/2503/3190
f 3278/2504/3191 3277/2503/3190 3272/2498/3185
f 3272/2498/3185 3268/2495/3182 3278/2504/3191
f 3279/2505/3192 3278/2504/3191 3268/2495/3182
f 3268/2495/3182 3269/2494/3181 3279/2505/3192
f 3273/2500/3187 3279/2505/3192 3269/2494/3181
f 3280/2506/3193 3289/2507/3194 3273/2500/3187
f 3273/2500/3187 3274/2499/3186 3280/2506/3193
f 3281/2508/3195 3280/2506/3193 3274/2499/3186
f 3274/2499/3186 3275/2501/3188 3281/2508/3195
f 3282/2509/3196 3281/2508/3195 3275/2501/3188
f 3275/2501/3188 3276/2502/3189 3282/2509/3196
f 3283/2510/3197 3282/2509/3196 3276/2502/3189
f 3284/2511/3198 3283/2510/3197 3276/2502/3189
f 3276/2502/3189 3277/2503/3190 3284/2511/3198
f 3285/2512/3199 3284/2511/3198 3277/2503/3190
f 3277/2503/3190 3278/2504/3191 3285/2512/3199
f 3286/2513/3200 3285/2512/3199 3278/2504/3191
f 3287/2514/3201 3286/2513/3200 3278/2504/3191
f 3278/2504/3191 3279/2505/3192 3287/2514/3201
f 3288/2515/3202 3287/2514/3201 3279/2505/3192
f 3289/2507/3194 3288/2515/3202 3279/2505/3192
f 3279/2505/3192 3273/2500/3187 3289/2507/3194
f 3289/2507/3194 3280/2506/3193 3290/2516/3203
f 3291/2517/3204 3290/2516/3203 3280/2506/3193
f 3292/2518/3205 3291/2517/3204 3280/2506/3193
f 3280/2506/3193 3281/2508/3195 3292/2518/3205
f 3293/2519/3206 3292/2518/3205 3281/2508/3195
f 3281/2508/3195 3282/2509/3196 3293/2519/3206
f 3282/2509/3196 3283/2510/3197 3294/2520/3207
f 3295/2521/3208 3294/2520/3207 3283/2510/3197
f 3284/2511/3198 3295/2521/3208 3283/2510/3197
f 3284/2511/3198 3285/2512/3199 3296/2522/3209
f 3297/2523/3210 3286/2513/3200 3287/2514/3201
f 3298/2524/3211 3297/2523/3210 3287/2514/3201
f 3287/2514/3201 3288/2515/3202 3298/2524/3211
f 3289/2507/3194 3290/2516/3203 3299/2525/3212
f 3300/2526/3213 3299/2525/3212 3290/2516/3203
f 3290/2516/3203 3291/2517/3204 3300/2526/3213
f 3301/2527/3214 3300/2526/3213 3291/2517/3204
f 3291/2517/3204 3292/2518/3205 3301/2527/3214
f 3302/2528/3215 3301/2527/3214 3292/2518/3205
f 3292/2518/3205 3293/2519/3206 3302/2528/3215
f 3303/2529/3216 3302/2528/3215 3293/2519/3206
f 3293/2519/3206 3282/2509/3196 3303/2529/3216
f 3304/2530/3217 3303/2529/3216 3282/2509/3196
f 3282/2509/3196 3294/2520/3207 3304/2530/3217
f 3305/2531/3218 3304/2530/3217 3294/2520/3207
f 3294/2520/3207 3295/2521/3208 3305/2531/3218
f 3306/2532/3219 3305/2531/3218 3295/2521/3208
f 3295/2521/3208 3284/2511/3198 3306/2532/3219
f 3307/2533/3220 3306/2532/3219 3284/2511/3198
f 3284/2511/3198 3296/2522/3209 3307/2533/3220
f 3308/2534/3221 3307/2533/3220 3296/2522/3209
f 3296/2522/3209 3285/2512/3199 3308/2534/3221
f 3309/2535/3222 3308/2534/3221 3285/2512/3199
f 3285/2512/3199 3286/2513/3200 3309/2535/3222
f 3310/2536/3223 3309/2535/3222 3286/2513/3200
f 3286/2513/3200 3297/2523/3210 3310/2536/3223
f 3311/2537/3224 3310/2536/3223 3297/2523/3210
f 3297/2523/3210 3298/2524/3211 3311/2537/3224
f 3312/2538/3225 3311/2537/3224 3298/2524/3211
f 3298/2524/3211 3288/2515/3202 3312/2538/3225
f 3313/2539/3226 3312/2538/3225 3288/2515/3202
f 3288/2515/3202 3289/2507/3194 3313/2539/3226
f 3299/2525/3212 3313/2539/3226 3289/2507/3194
f 3300/2526/3227 3303/2529/457 3299/2525/641
f 3301/2527/3228 3303/2529/457 3300/2526/3227
f 3302/2528/3229 3303/2529/457 3301/2527/3228
f 3305/2531/3230 3303/2529/457 3304/2530/3231
f 3306/2532/789 3303/2529/457 3305/2531/3230
f 3307/2533/1017 3303/2529/457 3306/2532/789
f 3308/2534/3232 3303/2529/457 3307/2533/1017
f 3309/2535/808 3303/2529/457 3308/2534/3232
f 3310/2536/734 3303/2529/457 3309/2535/808
f 3311/2537/754 3303/2529/457 3310/2536/734
f 3312/2538/949 3303/2529/457 3311/2537/754
f 3313/2539/836 3303/2529/457 3312/2538/949
f 3299/2525/641 3303/2529/457 3313/2539/836
f 3360/2540/3233 3359/2541/3234 3335/2542/3235
f 3335/2542/3235 3336/2543/3236 3360/2540/3233
f 3334/2544/3237 3324/2545/3238 3336/2543/3236
f 3336/2543/3236 3335/2542/3235 3334/2544/3237
f 3324/2545/3238 3334/2544/3237 3337/2546/3239
f 3337/2546/3239 3338/2547/3240 3324/2545/3238
f 3314/2548/3241 3325/2549/3242 3338/2547/3240
f 3338/2547/3240 3337/2546/3239 3314/2548/3241
f 3325/2549/3242 3314/2548/3241 3339/2550/3243
f 3339/2550/3243 3340/2551/3244 3325/2549/3242
f 3315/2552/3245 3361/2553/3246 3340/2551/3244
f 3340/2551/3244 3339/2550/3243 3315/2552/3245
f 3361/2553/3246 3315/2552/3245 3342/2554/3247
f 3341/2555/3248 3342/2554/3247 3315/2552/3245
f 3342/2554/3247 3341/2555/3248 3316/2556/3249
f 3316/2556/3249 3326/2557/3250 3342/2554/3247
f 3326/2557/3250 3316/2556/3249 3343/2558/3251
f 3343/2558/3251 3344/2559/3252 3326/2557/3250
f 3317/2560/3253 3327/2561/3254 3344/2559/3252
f 3344/2559/3252 3343/2558/3251 3317/2560/3253
f 3327/2561/3254 3317/2560/3253 3345/2562/3255
f 3345/2562/3255 3346/2563/3256 3327/2561/3254
f 3318/2564/3257 3328/2565/3258 3346/2563/3256
f 3346/2563/3256 3345/2562/3255 3318/2564/3257
f 3328/2565/3258 3318/2564/3257 3347/2566/3259
f 3347/2566/3259 3348/2567/3260 3328/2565/3258
f 3319/2568/3261 3329/2569/3262 3348/2567/3260
f 3348/2567/3260 3347/2566/3259 3319/2568/3261
f 3329/2569/3262 3319/2568/3261 3349/2570/3263
f 3349/2570/3263 3350/2571/3264 3329/2569/3262
f 3320/2572/3265 3330/2573/3266 3350/2571/3264
f 3350/2571/3264 3349/2570/3263 3320/2572/3265
f 3330/2573/3266 3320/2572/3265 3351/2574/3267
f 3351/2574/3267 3352/2575/3268 3330/2573/3266
f 3321/2576/3269 3331/2577/3270 3352/2575/3268
f 3352/2575/3268 3351/2574/3267 3321/2576/3269
f 3331/2577/3270 3321/2576/3269 3353/2578/3271
f 3353/2578/3271 3354/2579/3272 3331/2577/3270
f 3322/2580/3273 3332/2581/3274 3354/2579/3272
f 3354/2579/3272 3353/2578/3271 3322/2580/3273
f 3332/2581/3274 3322/2580/3273 3355/2582/3275
f 3355/2582/3275 3356/2583/3276 3332/2581/3274
f 3323/2584/3277 3333/2585/3278 3356/2583/3276
f 3356/2583/3276 3355/2582/3275 3323/2584/3277
f 3333/2585/3278 3323/2584/3277 3357/2586/3279
f 3357/2586/3279 3358/2587/3280 3333/2585/3278
f 3359/2541/3234 3360/2540/3233 3358/2587/3280
f 3358/2587/3280 3357/2586/3279 3359/2541/3234
f 3315/2552/3281 3334/2544/3282 3359/2541/3283
f 3323/2584/3284 3315/2552/3281 3359/2541/3283
f 3315/2552/3281 3323/2584/3284 3322/2580/3285
f 3321/2576/3286 3315/2552/3281 3322/2580/3285
f 3315/2552/3281 3321/2576/3286 3320/2572/3287
f 3319/2568/3288 3315/2552/3281 3320/2572/3287
f 3315/2552/3281 3319/2568/3288 3318/2564/3289
f 3317/2560/3290 3315/2552/3281 3318/2564/3289
f 3315/2552/3281 3317/2560/3290 3316/2556/3291
f 3334/2544/3282 3315/2552/3281 3314/2548/3292
f 3361/2553/3293 3360/2540/3294 3324/2545/3295
f 3325/2549/3296 3361/2553/3293 3324/2545/3295
f 3327/2561/3297 3328/2565/3298 3361/2553/3293
f 3361/2553/3293 3326/2557/3299 3327/2561/3297
f 3361/2553/3293 3328/2565/3298 3329/2569/3300
f 3330/2573/3301 3361/2553/3293 3329/2569/3300
f 3361/2553/3293 3330/2573/3301 3331/2577/3302
f 3332/2581/3303 3361/2553/3293 3331/2577/3302
f 3333/2585/3304 3360/2540/3294 3361/2553/3293
f 3361/2553/3293 3332/2581/3303 3333/2585/3304
f 3359/2541/3283 3334/2544/3282 3335/2542/3305
f 3323/2584/3284 3359/2541/3283 3357/2586/3306
f 3322/2580/3285 3323/2584/3284 3355/2582/3307
f 3321/2576/3286 3322/2580/3285 3353/2578/3308
f 3320/2572/3287 3321/2576/3286 3351/2574/3309
f 3319/2568/3288 3320/2572/3287 3349/2570/3310
f 3318/2564/3289 3319/2568/3288 3347/2566/3311
f 3317/2560/3290 3318/2564/3289 3345/2562/3312
f 3316/2556/3291 3317/2560/3290 3343/2558/3313
f 3315/2552/3281 3316/2556/3291 3341/2555/3314
f 3314/2548/3292 3315/2552/3281 3339/2550/3315
f 3334/2544/3282 3314/2548/3292 3337/2546/3316
f 3324/2545/3295 3360/2540/3294 3336/2543/3317
f 3325/2549/3296 3324/2545/3295 3338/2547/3318
f 3361/2553/3293 3325/2549/3296 3340/2551/3319
f 3326/2557/3299 3361/2553/3293 3342/2554/3320
f 3327/2561/3297 3326/2557/3299 3344/2559/3321
f 3328/2565/3298 3327/2561/3297 3346/2563/3322
f 3329/2569/3300 3328/2565/3298 3348/2567/3323
f 3330/2573/3301 3329/2569/3300 3350/2571/3324
f 3331/2577/3302 3330/2573/3301 3352/2575/3325
f 3332/2581/3303 3331/2577/3302 3354/2579/3326
f 3333/2585/3304 3332/2581/3303 3356/2583/3327
f 3360/2540/3294 3333/2585/3304 3358/2587/3328
f 3415/2588/3329 3404/2589/3330 3429/2590/3331
f 3447/2591/3332 3429/2590/3331 3404/2589/3330
f 3364/2592/3333 3464/2593/3334 3429/2590/3331
f 3429/2590/3331 3447/2591/3332 3364/2592/3333
f 3464/2593/3334 3592/2594/3335 3429/2590/3331
f 3365/2595/3336 3465/2596/3337 3616/2597/3338
f 3591/2598/3339 3466/2599/3340 3430/2600/3341
f 3362/2601/3342 3430/2600/3341 3466/2599/3340
f 3362/2601/3342 3467/2602/3343 3430/2600/3341
f 3467/2602/3343 3373/2603/3344 3591/2598/3339
f 3591/2598/3339 3430/2600/3341 3467/2602/3343
f 3363/2604/3345 3468/2605/3346 3431/2606/3347
f 3431/2606/3347 3413/2607/3348 3363/2604/3345
f 3617/2608/3349 3431/2606/3347 3468/2605/3346
f 3428/2609/3350 3613/2610/3351 3431/2606/3347
f 3431/2606/3347 3617/2608/3349 3428/2609/3350
f 3413/2607/3348 3431/2606/3347 3613/2610/3351
f 3592/2594/3335 3470/2611/3352 3432/2612/3353
f 3604/2613/3354 3432/2612/3353 3470/2611/3352
f 3416/2614/3355 3599/2615/3356 3432/2612/3353
f 3432/2612/3353 3604/2613/3354 3416/2614/3355
f 3599/2615/3356 3414/2616/3357 3592/2594/3335
f 3592/2594/3335 3432/2612/3353 3599/2615/3356
f 3415/2588/3329 3429/2590/3331 3453/2617/3358
f 3592/2594/3335 3453/2617/3358 3429/2590/3331
f 3453/2617/3358 3592/2594/3335 3414/2616/3357
f 3543/2618/3359 3595/2619/3360 3362/2601/3342
f 3548/2620/3361 3364/2592/3333 3447/2591/3332
f 3615/2621/3362 3474/2622/3363 3605/2623/3364
f 3605/2623/3364 3598/2624/3365 3615/2621/3362
f 3363/2604/3345 3605/2623/3364 3474/2622/3363
f 3605/2623/3364 3363/2604/3345 3470/2611/3352
f 3466/2599/3340 3543/2618/3359 3362/2601/3342
f 3466/2599/3340 3591/2598/3339 3433/2625/3366
f 3365/2595/3336 3446/2626/3367 3466/2599/3340
f 3466/2599/3340 3433/2625/3366 3365/2595/3336
f 3543/2618/3359 3466/2599/3340 3446/2626/3367
f 3591/2598/3339 3614/2627/3368 3433/2625/3366
f 3614/2627/3368 3468/2605/3346 3461/2628/3369
f 3461/2628/3369 3433/2625/3366 3614/2627/3368
f 3433/2625/3366 3461/2628/3369 3465/2596/3337
f 3465/2596/3337 3365/2595/3336 3433/2625/3366
f 3594/2629/3370 3404/2589/3330 3415/2588/3329
f 3367/2630/3371 3475/2631/3372 3434/2632/3373
f 3434/2632/3373 3372/2633/3374 3367/2630/3371
f 3475/2631/3372 3370/2634/3375 3606/2635/3376
f 3606/2635/3376 3434/2632/3373 3475/2631/3372
f 3618/2636/3377 3434/2632/3373 3606/2635/3376
f 3370/2634/3375 3600/2637/3378 3606/2635/3376
f 3484/2638/3379 3368/2639/3380 3477/2640/3381
f 3477/2640/3381 3435/2641/3382 3484/2638/3379
f 3435/2641/3382 3477/2640/3381 3366/2642/3383
f 3618/2636/3377 3369/2643/3384 3612/2644/3385
f 3437/2645/3386 3485/2646/3387 3559/2647/3388
f 3375/2648/3389 3436/2649/3390 3491/2650/3391
f 3491/2650/3391 3467/2602/3392 3375/2648/3389
f 3376/2651/3393 3373/2603/3394 3467/2602/3392
f 3467/2602/3392 3491/2650/3391 3376/2651/3393
f 3373/2603/3394 3376/2651/3393 3492/2652/3395
f 3492/2652/3395 3469/2653/3396 3373/2603/3394
f 3427/2654/3397 3428/2609/3398 3469/2653/3396
f 3469/2653/3396 3492/2652/3395 3427/2654/3397
f 3488/2655/3399 3486/2656/3400 3417/2657/3401
f 3417/2657/3401 3471/2658/3402 3488/2655/3399
f 3417/2657/3401 3416/2614/3403 3471/2658/3402
f 3414/2616/3404 3487/2659/3405 3494/2660/3406
f 3494/2660/3406 3472/2661/3407 3414/2616/3404
f 3485/2646/3387 3374/2662/3408 3472/2661/3407
f 3472/2661/3407 3494/2660/3406 3485/2646/3387
f 3436/2649/3390 3375/2648/3389 3473/2663/3409
f 3485/2646/3387 3437/2645/3386 3374/2662/3408
f 3485/2646/3387 3495/2664/3410 3559/2647/3388
f 3436/2649/3411 3371/2665/3412 3491/2650/3413
f 3493/2666/3414 3417/2657/3414 3486/2656/3414
f 3377/2667/3415 3485/2646/3416 3494/2660/3417
f 3436/2649/3390 3483/2668/3418 3371/2665/3419
f 3485/2646/3387 3377/2667/3420 3495/2664/3410
f 3536/2669/3421 3561/2670/3422 3473/2663/3409
f 3540/2671/3423 3437/2645/3424 3560/2672/3425
f 3371/2665/3412 3490/2673/3426 3477/2640/3381
f 3477/2640/3381 3491/2650/3413 3371/2665/3412
f 3490/2673/3426 3366/2642/3383 3477/2640/3381
f 3368/2639/3380 3478/2674/3427 3477/2640/3381
f 3478/2674/3427 3376/2651/3428 3491/2650/3413
f 3491/2650/3413 3477/2640/3381 3478/2674/3427
f 3376/2651/3428 3478/2674/3427 3438/2675/3429
f 3438/2675/3429 3492/2652/3430 3376/2651/3428
f 3368/2639/3380 3438/2675/3429 3478/2674/3427
f 3612/2644/3385 3619/2676/3431 3438/2675/3429
f 3438/2675/3429 3368/2639/3380 3612/2644/3385
f 3619/2676/3431 3427/2654/3432 3492/2652/3430
f 3492/2652/3430 3438/2675/3429 3619/2676/3431
f 3479/2677/3433 3493/2666/3434 3486/2656/3435
f 3600/2637/3436 3607/2678/3437 3479/2677/3433
f 3479/2677/3433 3369/2643/3438 3600/2637/3436
f 3607/2678/3437 3417/2657/3439 3493/2666/3434
f 3493/2666/3434 3479/2677/3433 3607/2678/3437
f 3487/2659/3440 3481/2679/3441 3439/2680/3442
f 3439/2680/3442 3494/2660/3417 3487/2659/3440
f 3481/2679/3441 3370/2634/3443 3475/2631/3444
f 3475/2631/3444 3439/2680/3442 3481/2679/3441
f 3439/2680/3442 3475/2631/3444 3367/2630/3371
f 3367/2630/3371 3377/2667/3415 3494/2660/3417
f 3494/2660/3417 3439/2680/3442 3367/2630/3371
f 3366/2642/3383 3490/2673/3426 3489/2681/3445
f 3490/2673/3426 3371/2665/3412 3483/2668/3418
f 3483/2668/3418 3489/2681/3445 3490/2673/3426
f 3377/2667/3415 3367/2630/3371 3440/2682/3446
f 3440/2682/3446 3495/2664/3447 3377/2667/3415
f 3372/2633/3374 3440/2682/3446 3367/2630/3371
f 3372/2633/3374 3541/2683/3448 3440/2682/3446
f 3495/2664/3447 3440/2682/3446 3541/2683/3448
f 3595/2619/3360 3590/2684/3449 3531/2685/3450
f 3531/2685/3450 3558/2686/3451 3595/2619/3360
f 3476/2687/3452 3405/2688/3453 3564/2689/3454
f 3564/2689/3454 3545/2690/3455 3476/2687/3452
f 3545/2690/3455 3564/2689/3454 3544/2691/3456
f 3544/2691/3456 3537/2692/3457 3545/2690/3455
f 3408/2693/3458 3372/2633/3374 3537/2692/3457
f 3537/2692/3457 3544/2691/3456 3408/2693/3458
f 3576/2694/3459 3554/2695/3460 3552/2696/3461
f 3552/2696/3461 3557/2697/3462 3576/2694/3459
f 3579/2698/3463 3551/2699/3464 3577/2700/3465
f 3553/2701/3466 3577/2700/3465 3551/2699/3464
f 3585/2702/3467 3550/2703/3468 3576/2694/3469
f 3554/2695/3470 3576/2694/3469 3550/2703/3468
f 3558/2686/3451 3531/2685/3450 3568/2704/3471
f 3568/2704/3471 3562/2705/3472 3558/2686/3451
f 3405/2688/3453 3476/2687/3473 3547/2706/3474
f 3555/2707/3475 3547/2706/3474 3476/2687/3473
f 3500/2708/3476 3380/2709/3477 3379/2710/3478
f 3500/2708/3476 3381/2711/3479 3499/2712/3480
f 3499/2712/3480 3497/2713/3481 3500/2708/3476
f 3380/2709/3477 3500/2708/3476 3497/2713/3481
f 3502/2714/3482 3383/2715/3483 3546/2716/3484
f 3384/2717/3485 3503/2718/3486 3454/2719/3487
f 3454/2719/3487 3442/2720/3488 3384/2717/3485
f 3503/2718/3486 3411/2721/3489 3454/2719/3487
f 3412/2722/3490 3507/2723/3491 3442/2720/3488
f 3442/2720/3488 3454/2719/3487 3412/2722/3490
f 3385/2724/3492 3505/2725/3493 3620/2726/3494
f 3620/2726/3494 3423/2727/3495 3385/2724/3492
f 3505/2725/3493 3396/2728/3496 3526/2729/3497
f 3526/2729/3497 3620/2726/3494 3505/2725/3493
f 3620/2726/3494 3526/2729/3497 3424/2730/3498
f 3381/2711/3479 3506/2731/3499 3441/2732/3500
f 3441/2732/3500 3603/2733/3501 3381/2711/3479
f 3506/2731/3499 3397/2734/3502 3527/2735/3503
f 3527/2735/3503 3441/2732/3500 3506/2731/3499
f 3421/2736/3504 3458/2737/3505 3441/2732/3500
f 3441/2732/3500 3527/2735/3503 3421/2736/3504
f 3458/2737/3505 3422/2738/3506 3603/2733/3501
f 3603/2733/3501 3441/2732/3500 3458/2737/3505
f 3455/2739/3507 3500/2708/3476 3379/2710/3478
f 3379/2710/3478 3410/2740/3508 3455/2739/3507
f 3397/2734/3502 3506/2731/3499 3455/2739/3507
f 3506/2731/3499 3381/2711/3479 3500/2708/3476
f 3500/2708/3476 3455/2739/3507 3506/2731/3499
f 3382/2741/3509 3507/2723/3491 3590/2684/3449
f 3412/2722/3490 3590/2684/3449 3507/2723/3491
f 3497/2713/3481 3499/2712/3480 3563/2742/3510
f 3383/2715/3483 3509/2743/3511 3459/2744/3512
f 3459/2744/3512 3508/2745/3513 3383/2715/3483
f 3422/2738/3506 3385/2724/3492 3508/2745/3513
f 3508/2745/3513 3459/2744/3512 3422/2738/3506
f 3507/2723/3491 3382/2741/3509 3501/2746/3514
f 3501/2746/3514 3442/2720/3488 3507/2723/3491
f 3546/2716/3484 3510/2747/3515 3442/2720/3488
f 3442/2720/3488 3501/2746/3514 3546/2716/3484
f 3510/2747/3515 3384/2717/3485 3442/2720/3488
f 3384/2717/3485 3510/2747/3515 3621/2748/3516
f 3621/2748/3516 3504/2749/3517 3384/2717/3485
f 3510/2747/3515 3546/2716/3484 3383/2715/3483
f 3383/2715/3483 3621/2748/3516 3510/2747/3515
f 3621/2748/3516 3423/2727/3495 3504/2749/3517
f 3379/2710/3478 3380/2709/3477 3596/2750/3518
f 3596/2750/3518 3410/2740/3508 3379/2710/3478
f 3512/2751/3519 3386/2752/3520 3511/2753/3521
f 3535/2754/3522 3408/2693/3458 3512/2751/3519
f 3512/2751/3519 3511/2753/3521 3535/2754/3522
f 3386/2752/3520 3512/2751/3519 3418/2755/3523
f 3418/2755/3523 3518/2756/3524 3386/2752/3520
f 3418/2755/3523 3419/2757/3525 3518/2756/3524
f 3393/2758/3526 3520/2759/3527 3391/2760/3528
f 3391/2760/3528 3405/2688/3453 3393/2758/3526
f 3520/2759/3527 3392/2761/3529 3519/2762/3530
f 3519/2762/3530 3391/2760/3528 3520/2759/3527
f 3426/2763/3531 3521/2764/3532 3611/2765/3533
f 3529/2766/3534 3565/2767/3535 3566/2768/3536
f 3566/2768/3536 3523/2769/3537 3529/2766/3534
f 3394/2770/3538 3525/2771/3539 3513/2772/3540
f 3513/2772/3540 3524/2773/3541 3394/2770/3538
f 3525/2771/3539 3411/2721/3542 3522/2774/3543
f 3522/2774/3543 3513/2772/3540 3525/2771/3539
f 3411/2721/3542 3610/2775/3544 3514/2776/3545
f 3514/2776/3545 3522/2774/3543 3411/2721/3542
f 3610/2775/3544 3424/2730/3546 3622/2777/3547
f 3622/2777/3547 3514/2776/3545 3610/2775/3544
f 3396/2728/3548 3602/2778/3549 3601/2779/3550
f 3602/2778/3549 3421/2736/3551 3608/2780/3552
f 3608/2780/3552 3601/2779/3550 3602/2778/3549
f 3397/2734/3553 3528/2781/3554 3516/2782/3555
f 3516/2782/3555 3389/2783/3556 3397/2734/3553
f 3528/2781/3554 3410/2740/3557 3523/2769/3537
f 3523/2769/3537 3516/2782/3555 3528/2781/3554
f 3395/2784/3558 3394/2770/3538 3524/2773/3541
f 3410/2740/3557 3529/2766/3534 3523/2769/3537
f 3513/2772/3559 3387/2785/3560 3524/2773/3561
f 3514/2776/3562 3622/2777/3562 3425/2786/3562
f 3420/2787/3563 3515/2788/3564 3601/2779/3565
f 3601/2779/3566 3608/2780/3566 3420/2787/3566
f 3515/2788/3564 3388/2789/3567 3601/2779/3565
f 3516/2782/3568 3523/2769/3568 3390/2790/3568
f 3387/2785/3569 3517/2791/3570 3524/2773/3541
f 3452/2792/3571 3443/2793/3572 3566/2768/3573
f 3443/2793/3572 3452/2792/3571 3408/2693/3458
f 3387/2785/3560 3513/2772/3559 3520/2759/3574
f 3520/2759/3574 3393/2758/3526 3387/2785/3560
f 3513/2772/3559 3522/2774/3575 3532/2794/3576
f 3532/2794/3576 3520/2759/3574 3513/2772/3559
f 3520/2759/3574 3532/2794/3576 3392/2761/3577
f 3522/2774/3575 3514/2776/3578 3623/2795/3579
f 3623/2795/3579 3532/2794/3576 3522/2774/3575
f 3514/2776/3578 3425/2786/3580 3623/2795/3579
f 3426/2763/3581 3392/2761/3577 3532/2794/3576
f 3532/2794/3576 3623/2795/3579 3426/2763/3581
f 3388/2789/3582 3515/2788/3583 3609/2796/3584
f 3609/2796/3584 3533/2797/3585 3388/2789/3582
f 3515/2788/3583 3420/2787/3586 3609/2796/3584
f 3419/2757/3587 3521/2764/3588 3533/2797/3585
f 3533/2797/3585 3609/2796/3584 3419/2757/3587
f 3389/2783/3589 3516/2782/3590 3444/2798/3591
f 3444/2798/3591 3534/2799/3592 3389/2783/3589
f 3516/2782/3590 3390/2790/3593 3535/2754/3522
f 3535/2754/3522 3444/2798/3591 3516/2782/3590
f 3535/2754/3522 3511/2753/3594 3444/2798/3591
f 3511/2753/3594 3386/2752/3595 3534/2799/3592
f 3534/2799/3592 3444/2798/3591 3511/2753/3594
f 3517/2791/3596 3387/2785/3560 3393/2758/3526
f 3393/2758/3526 3445/2800/3597 3517/2791/3596
f 3393/2758/3526 3405/2688/3453 3445/2800/3597
f 3390/2790/3593 3523/2769/3598 3443/2793/3572
f 3443/2793/3572 3535/2754/3522 3390/2790/3593
f 3523/2769/3598 3566/2768/3573 3443/2793/3572
f 3535/2754/3522 3443/2793/3572 3408/2693/3458
f 3611/2765/3533 3512/2751/3519 3544/2691/3456
f 3378/2801/3599 3569/2802/3600 3407/2803/3601
f 3407/2803/3601 3567/2804/3602 3378/2801/3599
f 3578/2805/3603 3498/2806/3604 3565/2767/3605
f 3565/2767/3535 3530/2807/3606 3578/2805/3607
f 3568/2704/3471 3407/2803/3608 3570/2808/3609
f 3365/2595/3336 3546/2716/3484 3446/2626/3367
f 3501/2746/3514 3446/2626/3367 3546/2716/3484
f 3382/2741/3509 3543/2618/3359 3446/2626/3367
f 3446/2626/3367 3501/2746/3514 3382/2741/3509
f 3597/2809/3610 3496/2810/3611 3616/2597/3338
f 3502/2714/3482 3616/2597/3338 3496/2810/3611
f 3540/2671/3423 3530/2807/3612 3596/2750/3518
f 3404/2589/3330 3380/2709/3477 3447/2591/3332
f 3497/2713/3481 3447/2591/3332 3380/2709/3477
f 3563/2742/3510 3548/2620/3361 3447/2591/3332
f 3447/2591/3332 3497/2713/3481 3563/2742/3510
f 3577/2700/3465 3553/2701/3466 3575/2811/3613
f 3575/2811/3613 3556/2812/3614 3577/2700/3465
f 3556/2812/3615 3575/2811/3616 3580/2813/3617
f 3580/2813/3617 3406/2814/3618 3556/2812/3615
f 3584/2815/3619 3549/2816/3620 3557/2697/3621
f 3557/2697/3621 3552/2696/3622 3584/2815/3619
f 3540/2671/3423 3578/2805/3623 3530/2807/3612
f 3372/2633/3374 3408/2693/3458 3452/2792/3571
f 3452/2792/3571 3541/2683/3448 3372/2633/3374
f 3545/2690/3455 3618/2636/3377 3435/2641/3382
f 3559/2647/3624 3541/2683/3448 3539/2817/3625
f 3536/2669/3421 3449/2818/3626 3542/2819/3627
f 3542/2819/3627 3561/2670/3422 3536/2669/3421
f 3560/2672/3425 3398/2820/3628 3574/2821/3629
f 3561/2670/3422 3542/2819/3630 3571/2822/3631
f 3549/2816/3620 3584/2815/3619 3562/2705/3472
f 3562/2705/3472 3568/2704/3471 3549/2816/3620
f 3586/2823/3632 3549/2816/3620 3570/2808/3609
f 3570/2808/3609 3569/2802/3633 3586/2823/3632
f 3569/2802/3600 3378/2801/3599 3448/2824/3634
f 3587/2825/3635 3586/2823/3632 3448/2824/3634
f 3569/2802/3600 3448/2824/3634 3586/2823/3632
f 3585/2702/3467 3587/2825/3636 3448/2824/3637
f 3448/2824/3634 3378/2801/3599 3585/2702/3638
f 3547/2706/3474 3555/2707/3475 3550/2703/3468
f 3588/2826/3639 3550/2703/3468 3571/2822/3631
f 3571/2822/3631 3542/2819/3630 3588/2826/3639
f 3589/2827/3640 3588/2826/3639 3449/2818/3626
f 3542/2819/3627 3449/2818/3626 3588/2826/3639
f 3584/2815/3641 3589/2827/3640 3449/2818/3642
f 3449/2818/3642 3562/2705/3472 3584/2815/3641
f 3452/2792/3571 3580/2813/3617 3541/2683/3448
f 3581/2828/3643 3406/2814/3618 3573/2829/3644
f 3573/2829/3644 3572/2830/3645 3581/2828/3643
f 3572/2830/3646 3498/2806/3647 3450/2831/3648
f 3582/2832/3649 3581/2828/3643 3450/2831/3648
f 3572/2830/3646 3450/2831/3648 3581/2828/3643
f 3578/2805/3603 3450/2831/3650 3498/2806/3604
f 3579/2698/3463 3582/2832/3649 3450/2831/3650
f 3450/2831/3650 3578/2805/3603 3579/2698/3463
f 3551/2699/3464 3579/2698/3463 3578/2805/3623
f 3578/2805/3623 3540/2671/3423 3551/2699/3464
f 3409/2833/3651 3551/2699/3464 3574/2821/3629
f 3574/2821/3629 3398/2820/3628 3409/2833/3651
f 3398/2820/3652 3539/2817/3653 3451/2834/3654
f 3398/2820/3652 3451/2834/3654 3409/2833/3651
f 3580/2813/3655 3583/2835/3656 3451/2834/3657
f 3451/2834/3654 3539/2817/3653 3580/2813/3658
f 3583/2835/3656 3409/2833/3651 3451/2834/3654
f 3538/2836/3659 3550/2703/3468 3555/2707/3475
f 3545/2690/3455 3434/2632/3373 3618/2636/3377
f 3538/2836/3659 3483/2668/3418 3561/2670/3422
f 3561/2670/3422 3571/2822/3631 3538/2836/3659
f 3483/2668/3418 3538/2836/3659 3555/2707/3475
f 3398/2820/3652 3560/2672/3660 3559/2647/3388
f 3559/2647/3388 3539/2817/3653 3398/2820/3652
f 3536/2669/3661 3562/2705/3472 3449/2818/3642
f 3560/2672/3425 3574/2821/3629 3540/2671/3423
f 3616/2597/3338 3615/2621/3362 3598/2624/3365
f 3598/2624/3365 3597/2809/3610 3616/2597/3338
f 3366/2642/3383 3476/2687/3452 3435/2641/3382
f 3545/2690/3455 3435/2641/3382 3476/2687/3452
f 3559/2647/3624 3495/2664/3447 3541/2683/3448
f 3434/2632/3373 3537/2692/3457 3372/2633/3374
f 3561/2670/3422 3436/2649/3390 3473/2663/3409
f 3437/2645/3386 3559/2647/3388 3560/2672/3660
f 3561/2670/3422 3483/2668/3418 3436/2649/3390
f 3536/2669/3661 3473/2663/3662 3558/2686/3451
f 3558/2686/3451 3562/2705/3472 3536/2669/3661
f 3489/2681/3445 3555/2707/3475 3476/2687/3473
f 3476/2687/3473 3366/2642/3383 3489/2681/3445
f 3555/2707/3475 3489/2681/3445 3483/2668/3418
f 3567/2804/3663 3547/2706/3474 3378/2801/3664
f 3565/2767/3535 3498/2806/3647 3572/2830/3646
f 3572/2830/3646 3566/2768/3536 3565/2767/3535
f 3566/2768/3573 3572/2830/3645 3573/2829/3644
f 3407/2803/3608 3569/2802/3633 3570/2808/3609
f 3563/2742/3510 3499/2712/3480 3509/2743/3511
f 3509/2743/3511 3496/2810/3611 3563/2742/3510
f 3391/2760/3528 3564/2689/3454 3405/2688/3453
f 3391/2760/3528 3519/2762/3530 3611/2765/3533
f 3544/2691/3456 3512/2751/3519 3408/2693/3458
f 3407/2803/3601 3395/2784/3558 3524/2773/3541
f 3524/2773/3541 3567/2804/3602 3407/2803/3601
f 3529/2766/3534 3530/2807/3606 3565/2767/3535
f 3567/2804/3602 3524/2773/3541 3517/2791/3570
f 3395/2784/3665 3407/2803/3608 3568/2704/3471
f 3568/2704/3471 3531/2685/3450 3395/2784/3665
f 3567/2804/3663 3517/2791/3596 3445/2800/3597
f 3445/2800/3597 3547/2706/3474 3567/2804/3663
f 3547/2706/3474 3445/2800/3597 3405/2688/3453
f 3589/2827/3640 3552/2696/3461 3554/2695/3460
f 3554/2695/3460 3400/2837/3666 3589/2827/3640
f 3403/2838/3667 3553/2701/3466 3551/2699/3464
f 3400/2837/3666 3554/2695/3470 3550/2703/3468
f 3583/2835/3656 3575/2811/3613 3553/2701/3466
f 3553/2701/3466 3403/2838/3667 3583/2835/3656
f 3583/2835/3656 3580/2813/3655 3575/2811/3613
f 3589/2827/3640 3584/2815/3641 3552/2696/3461
f 3538/2836/3659 3571/2822/3631 3550/2703/3468
f 3540/2671/3668 3574/2821/3629 3551/2699/3464
f 3452/2792/3571 3566/2768/3573 3573/2829/3644
f 3587/2825/3635 3576/2694/3459 3557/2697/3462
f 3557/2697/3462 3399/2839/3669 3587/2825/3635
f 3402/2840/3670 3579/2698/3463 3577/2700/3465
f 3587/2825/3636 3585/2702/3467 3576/2694/3469
f 3402/2840/3670 3577/2700/3465 3556/2812/3614
f 3556/2812/3614 3401/2841/3671 3402/2840/3670
f 3401/2841/3671 3556/2812/3615 3406/2814/3618
f 3399/2839/3669 3557/2697/3621 3549/2816/3620
f 3568/2704/3471 3570/2808/3609 3549/2816/3620
f 3452/2792/3571 3573/2829/3644 3406/2814/3618
f 3580/2813/3617 3452/2792/3571 3406/2814/3618
f 3401/2841/3671 3406/2814/3618 3581/2828/3643
f 3582/2832/3649 3402/2840/3670 3401/2841/3671
f 3401/2841/3671 3581/2828/3643 3582/2832/3649
f 3402/2840/3670 3582/2832/3649 3579/2698/3463
f 3403/2838/3667 3551/2699/3464 3409/2833/3651
f 3403/2838/3667 3409/2833/3651 3583/2835/3656
f 3580/2813/3617 3539/2817/3625 3541/2683/3448
f 3399/2839/3669 3549/2816/3620 3586/2823/3632
f 3399/2839/3669 3586/2823/3632 3587/2825/3635
f 3547/2706/3474 3550/2703/3468 3585/2702/3467
f 3400/2837/3666 3550/2703/3468 3588/2826/3639
f 3400/2837/3666 3588/2826/3639 3589/2827/3640
f 3585/2702/3467 3378/2801/3664 3547/2706/3474
f 3362/2601/3342 3375/2648/3672 3467/2602/3343
f 3413/2607/3348 3488/2655/3673 3471/2658/3674
f 3471/2658/3674 3593/2842/3675 3413/2607/3348
f 3593/2842/3675 3471/2658/3674 3416/2614/3355
f 3472/2661/3676 3453/2617/3358 3414/2616/3357
f 3453/2617/3358 3472/2661/3676 3374/2662/3677
f 3374/2662/3677 3415/2588/3329 3453/2617/3358
f 3595/2619/3360 3558/2686/3451 3473/2663/3662
f 3375/2648/3672 3362/2601/3342 3595/2619/3360
f 3595/2619/3360 3473/2663/3662 3375/2648/3672
f 3415/2588/3329 3374/2662/3677 3437/2645/3424
f 3437/2645/3424 3594/2629/3370 3415/2588/3329
f 3594/2629/3370 3437/2645/3424 3540/2671/3423
f 3543/2618/3359 3590/2684/3449 3595/2619/3360
f 3590/2684/3449 3543/2618/3359 3382/2741/3509
f 3525/2771/3678 3454/2719/3487 3411/2721/3489
f 3454/2719/3487 3525/2771/3678 3394/2770/3679
f 3394/2770/3679 3412/2722/3490 3454/2719/3487
f 3528/2781/3680 3455/2739/3507 3410/2740/3508
f 3455/2739/3507 3528/2781/3680 3397/2734/3502
f 3412/2722/3490 3394/2770/3679 3395/2784/3665
f 3395/2784/3665 3590/2684/3449 3412/2722/3490
f 3590/2684/3449 3395/2784/3665 3531/2685/3450
f 3596/2750/3518 3530/2807/3612 3529/2766/3681
f 3596/2750/3518 3529/2766/3681 3410/2740/3508
f 3594/2629/3370 3540/2671/3423 3596/2750/3518
f 3380/2709/3477 3594/2629/3370 3596/2750/3518
f 3594/2629/3370 3380/2709/3477 3404/2589/3330
f 3470/2611/3352 3363/2604/3345 3593/2842/3675
f 3593/2842/3675 3604/2613/3354 3470/2611/3352
f 3413/2607/3348 3593/2842/3675 3363/2604/3345
f 3593/2842/3675 3416/2614/3355 3604/2613/3354
f 3456/2843/3682 3605/2623/3364 3470/2611/3352
f 3470/2611/3352 3592/2594/3335 3464/2593/3334
f 3464/2593/3334 3456/2843/3682 3470/2611/3352
f 3364/2592/3333 3598/2624/3365 3456/2843/3682
f 3456/2843/3682 3464/2593/3334 3364/2592/3333
f 3605/2623/3364 3456/2843/3682 3598/2624/3365
f 3600/2637/3378 3369/2643/3384 3606/2635/3376
f 3618/2636/3377 3606/2635/3376 3369/2643/3384
f 3414/2616/3404 3599/2615/3683 3482/2844/3684
f 3482/2844/3684 3487/2659/3405 3414/2616/3404
f 3599/2615/3683 3416/2614/3403 3417/2657/3401
f 3417/2657/3401 3482/2844/3684 3599/2615/3683
f 3457/2845/3685 3607/2678/3437 3600/2637/3436
f 3600/2637/3436 3370/2634/3443 3481/2679/3441
f 3481/2679/3441 3457/2845/3685 3600/2637/3436
f 3487/2659/3440 3482/2844/3686 3457/2845/3685
f 3457/2845/3685 3481/2679/3441 3487/2659/3440
f 3482/2844/3686 3417/2657/3439 3607/2678/3437
f 3607/2678/3437 3457/2845/3685 3482/2844/3686
f 3548/2620/3361 3496/2810/3611 3597/2809/3610
f 3496/2810/3611 3548/2620/3361 3563/2742/3510
f 3421/2736/3504 3602/2778/3687 3458/2737/3505
f 3602/2778/3687 3396/2728/3496 3505/2725/3493
f 3505/2725/3493 3458/2737/3505 3602/2778/3687
f 3385/2724/3492 3422/2738/3506 3458/2737/3505
f 3458/2737/3505 3505/2725/3493 3385/2724/3492
f 3499/2712/3480 3459/2744/3512 3509/2743/3511
f 3381/2711/3479 3603/2733/3501 3459/2744/3512
f 3459/2744/3512 3499/2712/3480 3381/2711/3479
f 3603/2733/3501 3422/2738/3506 3459/2744/3512
f 3611/2765/3533 3418/2755/3523 3512/2751/3519
f 3521/2764/3532 3419/2757/3525 3611/2765/3533
f 3418/2755/3523 3611/2765/3533 3419/2757/3525
f 3421/2736/3551 3527/2735/3688 3608/2780/3552
f 3527/2735/3688 3397/2734/3553 3389/2783/3556
f 3389/2783/3556 3608/2780/3552 3527/2735/3688
f 3420/2787/3586 3608/2780/3689 3460/2846/3690
f 3460/2846/3690 3609/2796/3584 3420/2787/3586
f 3608/2780/3689 3389/2783/3589 3534/2799/3592
f 3534/2799/3592 3460/2846/3690 3608/2780/3689
f 3386/2752/3595 3518/2756/3691 3460/2846/3690
f 3460/2846/3690 3534/2799/3592 3386/2752/3595
f 3518/2756/3691 3419/2757/3587 3609/2796/3584
f 3609/2796/3584 3460/2846/3690 3518/2756/3691
f 3545/2690/3455 3537/2692/3457 3434/2632/3373
f 3598/2624/3365 3364/2592/3333 3548/2620/3361
f 3548/2620/3361 3597/2809/3610 3598/2624/3365
f 3509/2743/3511 3383/2715/3483 3502/2714/3482
f 3502/2714/3482 3496/2810/3611 3509/2743/3511
f 3465/2596/3337 3615/2621/3362 3616/2597/3338
f 3614/2627/3368 3617/2608/3349 3468/2605/3346
f 3373/2603/3344 3469/2653/3692 3614/2627/3368
f 3614/2627/3368 3591/2598/3339 3373/2603/3344
f 3469/2653/3692 3428/2609/3350 3617/2608/3349
f 3617/2608/3349 3614/2627/3368 3469/2653/3692
f 3468/2605/3346 3363/2604/3345 3474/2622/3363
f 3474/2622/3363 3461/2628/3369 3468/2605/3346
f 3461/2628/3369 3474/2622/3363 3615/2621/3362
f 3615/2621/3362 3465/2596/3337 3461/2628/3369
f 3612/2644/3385 3368/2639/3380 3484/2638/3379
f 3484/2638/3379 3618/2636/3377 3612/2644/3385
f 3488/2655/3399 3613/2610/3693 3427/2654/3397
f 3427/2654/3397 3486/2656/3400 3488/2655/3399
f 3613/2610/3693 3428/2609/3398 3427/2654/3397
f 3486/2656/3694 3427/2654/3694 3480/2847/3694
f 3462/2848/3695 3619/2676/3431 3612/2644/3385
f 3612/2644/3385 3369/2643/3438 3479/2677/3433
f 3479/2677/3433 3462/2848/3695 3612/2644/3385
f 3486/2656/3435 3480/2847/3696 3462/2848/3695
f 3462/2848/3695 3479/2677/3433 3486/2656/3435
f 3480/2847/3696 3427/2654/3432 3619/2676/3431
f 3619/2676/3431 3462/2848/3695 3480/2847/3696
f 3424/2730/3498 3610/2775/3697 3463/2849/3698
f 3463/2849/3698 3620/2726/3494 3424/2730/3498
f 3610/2775/3697 3411/2721/3489 3503/2718/3486
f 3503/2718/3486 3463/2849/3698 3610/2775/3697
f 3384/2717/3485 3504/2749/3517 3463/2849/3698
f 3463/2849/3698 3503/2718/3486 3384/2717/3485
f 3504/2749/3517 3423/2727/3495 3620/2726/3494
f 3620/2726/3494 3463/2849/3698 3504/2749/3517
f 3508/2745/3513 3621/2748/3516 3383/2715/3483
f 3385/2724/3492 3423/2727/3495 3508/2745/3513
f 3621/2748/3516 3508/2745/3513 3423/2727/3495
f 3392/2761/3529 3426/2763/3531 3519/2762/3530
f 3611/2765/3533 3519/2762/3530 3426/2763/3531
f 3424/2730/3546 3526/2729/3699 3622/2777/3547
f 3526/2729/3699 3396/2728/3548 3601/2779/3550
f 3601/2779/3550 3622/2777/3547 3526/2729/3699
f 3622/2777/3700 3601/2779/3701 3388/2789/3582
f 3425/2786/3580 3622/2777/3700 3533/2797/3585
f 3533/2797/3585 3623/2795/3579 3425/2786/3580
f 3622/2777/3700 3388/2789/3582 3533/2797/3585
f 3521/2764/3588 3426/2763/3581 3623/2795/3579
f 3623/2795/3579 3533/2797/3585 3521/2764/3588
f 3391/2760/3528 3611/2765/3533 3544/2691/3456
f 3544/2691/3456 3564/2689/3454 3391/2760/3528
f 3546/2716/3484 3616/2597/3338 3502/2714/3482
f 3616/2597/3338 3546/2716/3484 3365/2595/3336
f 3618/2636/3377 3484/2638/3379 3435/2641/3382
f 3613/2610/3351 3488/2655/3673 3413/2607/3348
f 3678/2850/3329 3665/2851/3702 3692/2852/3703
f 3709/2853/3332 3692/2852/3703 3665/2851/3702
f 3626/2854/3333 3726/2855/3704 3692/2852/3703
f 3692/2852/3703 3709/2853/3332 3626/2854/3333
f 3726/2855/3704 3852/2856/3705 3692/2852/3703
f 3627/2857/3336 3727/2858/3337 3877/2859/3706
f 3851/2860/3339 3728/2861/3707 3693/2862/3708
f 3624/2863/3342 3693/2862/3708 3728/2861/3707
f 3624/2863/3342 3729/2864/3343 3693/2862/3708
f 3729/2864/3343 3635/2865/3344 3851/2860/3339
f 3851/2860/3339 3693/2862/3708 3729/2864/3343
f 3625/2866/3709 3730/2867/3710 3694/2868/3347
f 3694/2868/3347 3676/2869/3348 3625/2866/3709
f 3878/2870/3349 3694/2868/3347 3730/2867/3710
f 3691/2871/3350 3874/2872/3351 3694/2868/3347
f 3694/2868/3347 3878/2870/3349 3691/2871/3350
f 3676/2869/3348 3694/2868/3347 3874/2872/3351
f 3852/2856/3705 3732/2873/3352 3695/2874/3353
f 3864/2875/3711 3695/2874/3353 3732/2873/3352
f 3679/2876/3355 3859/2877/3356 3695/2874/3353
f 3695/2874/3353 3864/2875/3711 3679/2876/3355
f 3859/2877/3356 3677/2878/3357 3852/2856/3705
f 3852/2856/3705 3695/2874/3353 3859/2877/3356
f 3678/2850/3329 3692/2852/3703 3716/2879/3358
f 3852/2856/3705 3716/2879/3358 3692/2852/3703
f 3716/2879/3358 3852/2856/3705 3677/2878/3357
f 3808/2880/3359 3855/2881/3360 3624/2863/3342
f 3813/2882/3361 3626/2854/3333 3709/2853/3332
f 3876/2883/3362 3736/2884/3363 3865/2885/3364
f 3865/2885/3364 3858/2886/3365 3876/2883/3362
f 3625/2866/3709 3865/2885/3364 3736/2884/3363
f 3865/2885/3364 3625/2866/3709 3732/2873/3352
f 3728/2861/3707 3808/2880/3359 3624/2863/3342
f 3728/2861/3707 3851/2860/3339 3696/2887/3366
f 3627/2857/3336 3708/2888/3712 3728/2861/3707
f 3728/2861/3707 3696/2887/3366 3627/2857/3336
f 3808/2880/3359 3728/2861/3707 3708/2888/3712
f 3851/2860/3339 3875/2889/3713 3696/2887/3366
f 3875/2889/3713 3730/2867/3710 3724/2890/3369
f 3724/2890/3369 3696/2887/3366 3875/2889/3713
f 3696/2887/3366 3724/2890/3369 3727/2858/3337
f 3727/2858/3337 3627/2857/3336 3696/2887/3366
f 3854/2891/3714 3665/2851/3702 3678/2850/3329
f 3629/2892/3715 3737/2893/3372 3697/2894/3716
f 3697/2894/3716 3634/2895/3717 3629/2892/3715
f 3737/2893/3372 3632/2896/3375 3866/2897/3376
f 3866/2897/3376 3697/2894/3716 3737/2893/3372
f 3632/2896/3375 3860/2898/3718 3866/2897/3376
f 3746/2899/3379 3630/2900/3380 3739/2901/3381
f 3739/2901/3381 3698/2902/3382 3746/2899/3379
f 3698/2902/3382 3739/2901/3381 3628/2903/3383
f 3879/2904/3719 3631/2905/3720 3873/2906/3721
f 3700/2907/3722 3747/2908/3723 3668/2909/3724
f 3637/2910/3725 3699/2911/3726 3754/2912/3727
f 3754/2912/3727 3729/2864/3392 3637/2910/3725
f 3638/2913/3393 3635/2865/3394 3729/2864/3392
f 3729/2864/3392 3754/2912/3727 3638/2913/3393
f 3635/2865/3394 3638/2913/3393 3755/2914/3728
f 3755/2914/3728 3731/2915/3729 3635/2865/3394
f 3690/2916/3730 3691/2871/3731 3731/2915/3729
f 3731/2915/3729 3755/2914/3728 3690/2916/3730
f 3750/2917/3399 3748/2918/3400 3680/2919/3401
f 3680/2919/3401 3733/2920/3732 3750/2917/3399
f 3680/2919/3401 3679/2876/3403 3733/2920/3732
f 3677/2878/3404 3749/2921/3405 3757/2922/3733
f 3757/2922/3733 3734/2923/3734 3677/2878/3404
f 3747/2908/3723 3636/2924/3735 3734/2923/3734
f 3734/2923/3734 3757/2922/3733 3747/2908/3723
f 3699/2911/3726 3637/2910/3725 3735/2925/3736
f 3747/2908/3723 3700/2907/3722 3636/2924/3735
f 3747/2908/3723 3758/2926/3737 3823/2927/3738
f 3823/2927/3738 3668/2909/3724 3747/2908/3723
f 3699/2911/3739 3633/2928/3740 3754/2912/3413
f 3756/2929/3741 3680/2919/3741 3748/2918/3741
f 3639/2930/3742 3747/2908/3743 3757/2922/3744
f 3699/2911/3726 3745/2931/3745 3633/2928/3419
f 3747/2908/3723 3639/2930/3746 3758/2926/3737
f 3805/2932/3747 3700/2907/3748 3668/2909/3749
f 3634/2895/3717 3806/2933/3750 3753/2934/3751
f 3806/2933/3750 3823/2927/3752 3758/2926/3753
f 3758/2926/3753 3753/2934/3751 3806/2933/3750
f 3633/2928/3740 3752/2935/3754 3739/2901/3381
f 3739/2901/3381 3754/2912/3413 3633/2928/3740
f 3752/2935/3754 3628/2903/3383 3739/2901/3381
f 3630/2900/3380 3740/2936/3755 3739/2901/3381
f 3740/2936/3755 3638/2913/3756 3754/2912/3413
f 3754/2912/3413 3739/2901/3381 3740/2936/3755
f 3638/2913/3756 3740/2936/3755 3701/2937/3429
f 3701/2937/3429 3755/2914/3757 3638/2913/3756
f 3630/2900/3380 3701/2937/3429 3740/2936/3755
f 3873/2906/3721 3880/2938/3758 3701/2937/3429
f 3701/2937/3429 3630/2900/3380 3873/2906/3721
f 3880/2938/3758 3690/2916/3759 3755/2914/3757
f 3755/2914/3757 3701/2937/3429 3880/2938/3758
f 3741/2939/3433 3756/2929/3434 3748/2918/3760
f 3860/2898/3761 3867/2940/3437 3741/2939/3433
f 3741/2939/3433 3631/2905/3762 3860/2898/3761
f 3867/2940/3437 3680/2919/3763 3756/2929/3434
f 3756/2929/3434 3741/2939/3433 3867/2940/3437
f 3749/2921/3764 3743/2941/3441 3702/2942/3765
f 3702/2942/3765 3757/2922/3744 3749/2921/3764
f 3743/2941/3441 3632/2896/3443 3737/2893/3444
f 3737/2893/3444 3702/2942/3765 3743/2941/3441
f 3702/2942/3765 3737/2893/3444 3629/2892/3715
f 3629/2892/3715 3639/2930/3742 3757/2922/3744
f 3757/2922/3744 3702/2942/3765 3629/2892/3715
f 3628/2903/3383 3752/2935/3754 3751/2943/3766
f 3752/2935/3754 3633/2928/3740 3745/2931/3745
f 3745/2931/3745 3751/2943/3766 3752/2935/3754
f 3639/2930/3742 3629/2892/3715 3753/2934/3751
f 3753/2934/3751 3758/2926/3753 3639/2930/3742
f 3634/2895/3717 3753/2934/3751 3629/2892/3715
f 3855/2881/3360 3850/2944/3449 3795/2945/3450
f 3795/2945/3450 3822/2946/3767 3855/2881/3360
f 3738/2947/3452 3666/2948/3453 3827/2949/3454
f 3827/2949/3454 3810/2950/3768 3738/2947/3452
f 3810/2950/3768 3827/2949/3454 3809/2951/3456
f 3809/2951/3456 3802/2952/3769 3810/2950/3768
f 3670/2953/3770 3634/2895/3717 3802/2952/3769
f 3802/2952/3769 3809/2951/3456 3670/2953/3770
f 3840/2954/3771 3816/2955/3772 3817/2956/3773
f 3817/2956/3773 3838/2957/3774 3840/2954/3771
f 3817/2956/3773 3710/2958/3775 3838/2957/3776
f 3846/2959/3777 3815/2960/3778 3818/2961/3779
f 3822/2946/3767 3795/2945/3450 3831/2962/3471
f 3831/2962/3471 3825/2963/3780 3822/2946/3767
f 3666/2948/3453 3738/2947/3473 3812/2964/3474
f 3819/2965/3475 3812/2964/3474 3738/2947/3473
f 3764/2966/3476 3642/2967/3781 3641/2968/3782
f 3764/2966/3476 3643/2969/3479 3763/2970/3783
f 3763/2970/3783 3761/2971/3784 3764/2966/3476
f 3642/2967/3781 3764/2966/3476 3761/2971/3784
f 3766/2972/3482 3645/2973/3483 3811/2974/3484
f 3646/2975/3485 3767/2976/3785 3717/2977/3487
f 3717/2977/3487 3704/2978/3488 3646/2975/3485
f 3767/2976/3785 3674/2979/3786 3717/2977/3487
f 3675/2980/3490 3771/2981/3491 3704/2978/3488
f 3704/2978/3488 3717/2977/3487 3675/2980/3490
f 3647/2982/3492 3769/2983/3493 3881/2984/3494
f 3881/2984/3494 3686/2985/3787 3647/2982/3492
f 3769/2983/3493 3658/2986/3496 3790/2987/3497
f 3790/2987/3497 3881/2984/3494 3769/2983/3493
f 3881/2984/3494 3790/2987/3497 3687/2988/3788
f 3643/2969/3479 3770/2989/3499 3703/2990/3789
f 3703/2990/3789 3863/2991/3501 3643/2969/3479
f 3770/2989/3499 3659/2992/3502 3791/2993/3503
f 3791/2993/3503 3703/2990/3789 3770/2989/3499
f 3684/2994/3504 3721/2995/3505 3703/2990/3789
f 3703/2990/3789 3791/2993/3503 3684/2994/3504
f 3721/2995/3505 3685/2996/3506 3863/2991/3501
f 3863/2991/3501 3703/2990/3789 3721/2995/3505
f 3718/2997/3790 3764/2966/3476 3641/2968/3782
f 3641/2968/3782 3673/2998/3791 3718/2997/3790
f 3659/2992/3502 3770/2989/3499 3718/2997/3790
f 3770/2989/3499 3643/2969/3479 3764/2966/3476
f 3764/2966/3476 3718/2997/3790 3770/2989/3499
f 3644/2999/3509 3771/2981/3491 3850/2944/3449
f 3675/2980/3490 3850/2944/3449 3771/2981/3491
f 3761/2971/3784 3763/2970/3783 3826/3000/3510
f 3645/2973/3483 3773/3001/3511 3722/3002/3512
f 3722/3002/3512 3772/3003/3513 3645/2973/3483
f 3685/2996/3506 3647/2982/3492 3772/3003/3513
f 3772/3003/3513 3722/3002/3512 3685/2996/3506
f 3771/2981/3491 3644/2999/3509 3765/3004/3514
f 3765/3004/3514 3704/2978/3488 3771/2981/3491
f 3811/2974/3484 3774/3005/3515 3704/2978/3488
f 3704/2978/3488 3765/3004/3514 3811/2974/3484
f 3774/3005/3515 3646/2975/3485 3704/2978/3488
f 3646/2975/3485 3774/3005/3515 3882/3006/3516
f 3882/3006/3516 3768/3007/3792 3646/2975/3485
f 3774/3005/3515 3811/2974/3484 3645/2973/3483
f 3645/2973/3483 3882/3006/3516 3774/3005/3515
f 3882/3006/3516 3686/2985/3787 3768/3007/3792
f 3641/2968/3782 3642/2967/3781 3856/3008/3793
f 3856/3008/3793 3673/2998/3791 3641/2968/3782
f 3776/3009/3519 3648/3010/3794 3775/3011/3795
f 3799/3012/3796 3670/2953/3770 3776/3009/3519
f 3776/3009/3519 3775/3011/3795 3799/3012/3796
f 3681/3013/3797 3776/3009/3519 3872/3014/3798
f 3648/3010/3794 3776/3009/3519 3681/3013/3797
f 3681/3013/3797 3782/3015/3524 3648/3010/3794
f 3681/3013/3797 3682/3016/3525 3782/3015/3524
f 3655/3017/3526 3784/3018/3799 3653/3019/3800
f 3653/3019/3800 3666/2948/3453 3655/3017/3526
f 3784/3018/3799 3654/3020/3801 3783/3021/3530
f 3783/3021/3530 3653/3019/3800 3784/3018/3799
f 3689/3022/3531 3785/3023/3802 3872/3014/3798
f 3793/3024/3803 3828/3025/3804 3829/3026/3536
f 3829/3026/3536 3787/3027/3805 3793/3024/3803
f 3656/3028/3806 3789/3029/3807 3777/3030/3540
f 3777/3030/3540 3788/3031/3808 3656/3028/3806
f 3789/3029/3807 3674/2979/3809 3786/3032/3810
f 3786/3032/3810 3777/3030/3540 3789/3029/3807
f 3674/2979/3809 3871/3033/3811 3778/3034/3812
f 3778/3034/3812 3786/3032/3810 3674/2979/3809
f 3871/3033/3811 3687/2988/3813 3883/3035/3814
f 3883/3035/3814 3778/3034/3812 3871/3033/3811
f 3658/2986/3815 3862/3036/3816 3861/3037/3550
f 3862/3036/3816 3684/2994/3817 3868/3038/3818
f 3868/3038/3818 3861/3037/3550 3862/3036/3816
f 3659/2992/3819 3792/3039/3820 3780/3040/3821
f 3780/3040/3821 3651/3041/3556 3659/2992/3819
f 3792/3039/3820 3673/2998/3822 3787/3027/3805
f 3787/3027/3805 3780/3040/3821 3792/3039/3820
f 3657/3042/3823 3656/3028/3806 3788/3031/3808
f 3673/2998/3822 3793/3024/3803 3787/3027/3805
f 3777/3030/3824 3649/3043/3825 3788/3031/3826
f 3778/3034/3827 3883/3035/3827 3688/3044/3827
f 3683/3045/3828 3779/3046/3829 3861/3037/3830
f 3861/3037/3831 3868/3038/3831 3683/3045/3831
f 3779/3046/3829 3650/3047/3832 3861/3037/3830
f 3780/3040/3833 3787/3027/3833 3652/3048/3833
f 3649/3043/3834 3781/3049/3835 3788/3031/3808
f 3715/3050/3571 3705/3051/3572 3829/3026/3573
f 3705/3051/3572 3715/3050/3571 3670/2953/3770
f 3649/3043/3825 3777/3030/3824 3784/3018/3574
f 3784/3018/3574 3655/3017/3526 3649/3043/3825
f 3777/3030/3824 3786/3032/3575 3796/3052/3576
f 3796/3052/3576 3784/3018/3574 3777/3030/3824
f 3784/3018/3574 3796/3052/3576 3654/3020/3577
f 3786/3032/3575 3778/3034/3836 3884/3053/3837
f 3884/3053/3837 3796/3052/3576 3786/3032/3575
f 3778/3034/3836 3688/3044/3580 3884/3053/3837
f 3689/3022/3838 3654/3020/3577 3796/3052/3576
f 3796/3052/3576 3884/3053/3837 3689/3022/3838
f 3650/3047/3839 3779/3046/3583 3869/3054/3584
f 3869/3054/3584 3797/3055/3585 3650/3047/3839
f 3779/3046/3583 3683/3045/3840 3869/3054/3584
f 3682/3016/3587 3785/3023/3841 3797/3055/3585
f 3797/3055/3585 3869/3054/3584 3682/3016/3587
f 3651/3041/3842 3780/3040/3590 3706/3056/3843
f 3706/3056/3843 3798/3057/3592 3651/3041/3842
f 3780/3040/3590 3652/3048/3844 3799/3012/3796
f 3799/3012/3796 3706/3056/3843 3780/3040/3590
f 3799/3012/3796 3775/3011/3845 3706/3056/3843
f 3775/3011/3845 3648/3010/3595 3798/3057/3592
f 3798/3057/3592 3706/3056/3843 3775/3011/3845
f 3781/3049/3846 3649/3043/3825 3655/3017/3526
f 3655/3017/3526 3707/3058/3597 3781/3049/3846
f 3655/3017/3526 3666/2948/3453 3707/3058/3597
f 3652/3048/3844 3787/3027/3598 3705/3051/3572
f 3705/3051/3572 3799/3012/3796 3652/3048/3844
f 3787/3027/3598 3829/3026/3573 3705/3051/3572
f 3799/3012/3796 3705/3051/3572 3670/2953/3770
f 3640/3059/3847 3832/3060/3848 3669/3061/3601
f 3669/3061/3601 3830/3062/3849 3640/3059/3847
f 3839/3063/3603 3762/3064/3850 3828/3025/3605
f 3828/3025/3804 3794/3065/3851 3839/3063/3852
f 3831/2962/3471 3669/3061/3853 3833/3066/3609
f 3627/2857/3336 3811/2974/3484 3708/2888/3712
f 3765/3004/3514 3708/2888/3712 3811/2974/3484
f 3644/2999/3509 3808/2880/3359 3708/2888/3712
f 3708/2888/3712 3765/3004/3514 3644/2999/3509
f 3857/3067/3854 3760/3068/3611 3877/2859/3706
f 3766/2972/3482 3877/2859/3706 3760/3068/3611
f 3794/3065/3855 3856/3008/3793 3805/2932/3747
f 3856/3008/3793 3854/2891/3714 3805/2932/3747
f 3665/2851/3702 3642/2967/3781 3709/2853/3332
f 3761/2971/3784 3709/2853/3332 3642/2967/3781
f 3826/3000/3510 3813/2882/3361 3709/2853/3332
f 3709/2853/3332 3761/2971/3784 3826/3000/3510
f 3841/3069/3617 3667/3070/3856 3820/3071/3857
f 3820/3071/3857 3710/2958/3858 3841/3069/3617
f 3845/3072/3859 3814/3073/3860 3801/3074/3861
f 3821/3075/3862 3801/3074/3861 3814/3073/3860
f 3801/3074/3863 3821/3075/3864 3818/2961/3865
f 3805/2932/3747 3839/3063/3866 3794/3065/3855
f 3634/2895/3717 3670/2953/3770 3715/3050/3571
f 3715/3050/3571 3806/2933/3750 3634/2895/3717
f 3810/2950/3768 3879/2904/3719 3698/2902/3382
f 3823/2927/3752 3806/2933/3750 3804/3076/3867
f 3800/3077/3868 3712/3078/3869 3807/3079/3870
f 3807/3079/3870 3824/3080/3871 3800/3077/3868
f 3668/2909/3749 3660/3081/3872 3837/3082/3873
f 3824/3080/3871 3807/3079/3874 3834/3083/3875
f 3814/3073/3860 3845/3072/3859 3825/2963/3780
f 3825/2963/3780 3831/2962/3471 3814/3073/3860
f 3672/3084/3876 3814/3073/3860 3833/3066/3609
f 3833/3066/3609 3832/3060/3877 3672/3084/3876
f 3832/3060/3848 3640/3059/3847 3711/3085/3878
f 3847/3086/3879 3672/3084/3876 3832/3060/3848
f 3832/3060/3848 3711/3085/3878 3847/3086/3879
f 3846/2959/3777 3847/3086/3880 3711/3085/3881
f 3711/3085/3878 3640/3059/3847 3846/2959/3882
f 3812/2964/3474 3819/2965/3475 3815/2960/3778
f 3848/3087/3639 3815/2960/3778 3834/3083/3875
f 3834/3083/3875 3807/3079/3874 3848/3087/3639
f 3849/3088/3883 3848/3087/3639 3712/3078/3869
f 3807/3079/3870 3712/3078/3869 3848/3087/3639
f 3845/3072/3884 3849/3088/3883 3712/3078/3885
f 3712/3078/3885 3825/2963/3780 3845/3072/3884
f 3715/3050/3571 3841/3069/3617 3806/2933/3750
f 3671/3089/3886 3667/3070/3856 3836/3090/3887
f 3836/3090/3887 3835/3091/3888 3671/3089/3886
f 3835/3091/3889 3762/3064/3647 3713/3092/3890
f 3842/3093/3891 3671/3089/3886 3835/3091/3889
f 3835/3091/3889 3713/3092/3890 3842/3093/3891
f 3839/3063/3603 3713/3092/3892 3762/3064/3850
f 3840/2954/3893 3842/3093/3891 3713/3092/3892
f 3713/3092/3892 3839/3063/3603 3840/2954/3893
f 3816/2955/3772 3840/2954/3771 3839/3063/3866
f 3839/3063/3866 3805/2932/3747 3816/2955/3772
f 3843/3094/3894 3816/2955/3772 3837/3082/3873
f 3837/3082/3873 3660/3081/3872 3843/3094/3894
f 3660/3081/3652 3804/3076/3895 3714/3095/3896
f 3844/3096/3897 3843/3094/3894 3714/3095/3896
f 3660/3081/3652 3714/3095/3896 3843/3094/3894
f 3841/3069/3898 3844/3096/3897 3714/3095/3899
f 3714/3095/3896 3804/3076/3895 3841/3069/3900
f 3818/2961/3865 3821/3075/3864 3759/3097/3901
f 3818/2961/3779 3759/3097/3902 3846/2959/3777
f 3710/2958/3775 3820/3071/3903 3838/2957/3776
f 3803/3098/3904 3815/2960/3778 3819/2965/3475
f 3810/2950/3768 3697/2894/3716 3879/2904/3719
f 3803/3098/3904 3745/2931/3745 3824/3080/3871
f 3824/3080/3871 3834/3083/3875 3803/3098/3904
f 3745/2931/3745 3803/3098/3904 3819/2965/3475
f 3660/3081/3652 3668/2909/3724 3823/2927/3738
f 3823/2927/3738 3804/3076/3895 3660/3081/3652
f 3800/3077/3905 3825/2963/3780 3712/3078/3885
f 3668/2909/3749 3837/3082/3873 3805/2932/3747
f 3877/2859/3706 3876/2883/3362 3858/2886/3365
f 3858/2886/3365 3857/3067/3854 3877/2859/3706
f 3628/2903/3383 3738/2947/3452 3698/2902/3382
f 3810/2950/3768 3698/2902/3382 3738/2947/3452
f 3697/2894/3716 3802/2952/3769 3634/2895/3717
f 3699/2911/3726 3800/3077/3868 3824/3080/3871
f 3800/3077/3868 3699/2911/3726 3735/2925/3736
f 3824/3080/3871 3745/2931/3745 3699/2911/3726
f 3800/3077/3905 3735/2925/3906 3822/2946/3767
f 3822/2946/3767 3825/2963/3780 3800/3077/3905
f 3751/2943/3766 3819/2965/3475 3738/2947/3473
f 3738/2947/3473 3628/2903/3383 3751/2943/3766
f 3819/2965/3475 3751/2943/3766 3745/2931/3745
f 3809/2951/3456 3872/3014/3798 3776/3009/3519
f 3830/3062/3907 3812/2964/3474 3640/3059/3664
f 3828/3025/3804 3762/3064/3647 3835/3091/3889
f 3835/3091/3889 3829/3026/3536 3828/3025/3804
f 3829/3026/3573 3835/3091/3888 3836/3090/3887
f 3669/3061/3853 3832/3060/3877 3833/3066/3609
f 3826/3000/3510 3763/2970/3783 3773/3001/3511
f 3773/3001/3511 3760/3068/3611 3826/3000/3510
f 3653/3019/3800 3827/2949/3454 3666/2948/3453
f 3653/3019/3800 3783/3021/3530 3872/3014/3798
f 3809/2951/3456 3776/3009/3519 3670/2953/3770
f 3669/3061/3601 3657/3042/3823 3788/3031/3808
f 3788/3031/3808 3830/3062/3849 3669/3061/3601
f 3793/3024/3803 3794/3065/3851 3828/3025/3804
f 3830/3062/3849 3788/3031/3808 3781/3049/3835
f 3657/3042/3908 3669/3061/3853 3831/2962/3471
f 3831/2962/3471 3795/2945/3450 3657/3042/3908
f 3830/3062/3907 3781/3049/3846 3707/3058/3597
f 3707/3058/3597 3812/2964/3474 3830/3062/3907
f 3812/2964/3474 3707/3058/3597 3666/2948/3453
f 3849/3088/3883 3801/3074/3863 3818/2961/3865
f 3818/2961/3865 3662/3099/3909 3849/3088/3883
f 3664/3100/3910 3817/2956/3773 3816/2955/3772
f 3662/3099/3909 3818/2961/3779 3815/2960/3778
f 3844/3096/3897 3710/2958/3775 3817/2956/3773
f 3817/2956/3773 3664/3100/3910 3844/3096/3897
f 3844/3096/3897 3841/3069/3898 3710/2958/3775
f 3849/3088/3883 3845/3072/3884 3801/3074/3863
f 3803/3098/3904 3834/3083/3875 3815/2960/3778
f 3805/2932/3911 3837/3082/3873 3816/2955/3772
f 3715/3050/3571 3829/3026/3573 3836/3090/3887
f 3847/3086/3879 3759/3097/3901 3821/3075/3864
f 3821/3075/3864 3661/3101/3912 3847/3086/3879
f 3842/3093/3891 3840/2954/3893 3838/2957/3776
f 3847/3086/3880 3846/2959/3777 3759/3097/3902
f 3842/3093/3891 3838/2957/3776 3820/3071/3903
f 3820/3071/3903 3663/3102/3913 3842/3093/3891
f 3663/3102/3913 3820/3071/3857 3667/3070/3856
f 3661/3101/3912 3821/3075/3862 3814/3073/3860
f 3831/2962/3471 3833/3066/3609 3814/3073/3860
f 3715/3050/3571 3836/3090/3887 3667/3070/3856
f 3841/3069/3617 3715/3050/3571 3667/3070/3856
f 3663/3102/3913 3667/3070/3856 3671/3089/3886
f 3663/3102/3913 3671/3089/3886 3842/3093/3891
f 3664/3100/3910 3816/2955/3772 3843/3094/3894
f 3664/3100/3910 3843/3094/3894 3844/3096/3897
f 3841/3069/3617 3804/3076/3867 3806/2933/3750
f 3661/3101/3912 3814/3073/3860 3672/3084/3876
f 3661/3101/3912 3672/3084/3876 3847/3086/3879
f 3812/2964/3474 3815/2960/3778 3846/2959/3777
f 3662/3099/3909 3815/2960/3778 3848/3087/3639
f 3662/3099/3909 3848/3087/3639 3849/3088/3883
f 3846/2959/3777 3640/3059/3664 3812/2964/3474
f 3624/2863/3342 3637/2910/3672 3729/2864/3343
f 3676/2869/3348 3750/2917/3914 3733/2920/3674
f 3733/2920/3674 3853/3103/3675 3676/2869/3348
f 3853/3103/3675 3733/2920/3674 3679/2876/3355
f 3734/2923/3676 3716/2879/3358 3677/2878/3357
f 3716/2879/3358 3734/2923/3676 3636/2924/3915
f 3636/2924/3915 3678/2850/3329 3716/2879/3358
f 3855/2881/3360 3822/2946/3767 3735/2925/3906
f 3637/2910/3672 3624/2863/3342 3855/2881/3360
f 3855/2881/3360 3735/2925/3906 3637/2910/3672
f 3678/2850/3329 3636/2924/3915 3700/2907/3748
f 3700/2907/3748 3854/2891/3714 3678/2850/3329
f 3854/2891/3714 3700/2907/3748 3805/2932/3747
f 3808/2880/3359 3850/2944/3449 3855/2881/3360
f 3850/2944/3449 3808/2880/3359 3644/2999/3509
f 3789/3029/3678 3717/2977/3487 3674/2979/3786
f 3717/2977/3487 3789/3029/3678 3656/3028/3679
f 3656/3028/3679 3675/2980/3490 3717/2977/3487
f 3792/3039/3916 3718/2997/3790 3673/2998/3791
f 3718/2997/3790 3792/3039/3916 3659/2992/3502
f 3675/2980/3490 3656/3028/3679 3657/3042/3908
f 3657/3042/3908 3850/2944/3449 3675/2980/3490
f 3850/2944/3449 3657/3042/3908 3795/2945/3450
f 3856/3008/3793 3794/3065/3855 3793/3024/3917
f 3856/3008/3793 3793/3024/3917 3673/2998/3791
f 3642/2967/3781 3854/2891/3714 3856/3008/3793
f 3854/2891/3714 3642/2967/3781 3665/2851/3702
f 3732/2873/3352 3625/2866/3709 3853/3103/3675
f 3853/3103/3675 3864/2875/3711 3732/2873/3352
f 3676/2869/3348 3853/3103/3675 3625/2866/3709
f 3853/3103/3675 3679/2876/3355 3864/2875/3711
f 3719/3104/3918 3865/2885/3364 3732/2873/3352
f 3732/2873/3352 3852/2856/3705 3726/2855/3704
f 3726/2855/3704 3719/3104/3918 3732/2873/3352
f 3626/2854/3333 3858/2886/3365 3719/3104/3918
f 3719/3104/3918 3726/2855/3704 3626/2854/3333
f 3865/2885/3364 3719/3104/3918 3858/2886/3365
f 3879/2904/3719 3697/2894/3716 3866/2897/3376
f 3860/2898/3718 3631/2905/3720 3866/2897/3376
f 3879/2904/3719 3866/2897/3376 3631/2905/3720
f 3677/2878/3404 3859/2877/3919 3744/3105/3920
f 3744/3105/3920 3749/2921/3405 3677/2878/3404
f 3859/2877/3919 3679/2876/3403 3680/2919/3401
f 3680/2919/3401 3744/3105/3920 3859/2877/3919
f 3720/3106/3685 3867/2940/3437 3860/2898/3761
f 3860/2898/3761 3632/2896/3443 3743/2941/3441
f 3743/2941/3441 3720/3106/3685 3860/2898/3761
f 3749/2921/3764 3744/3105/3686 3720/3106/3685
f 3720/3106/3685 3743/2941/3441 3749/2921/3764
f 3744/3105/3686 3680/2919/3763 3867/2940/3437
f 3867/2940/3437 3720/3106/3685 3744/3105/3686
f 3813/2882/3361 3760/3068/3611 3857/3067/3854
f 3760/3068/3611 3813/2882/3361 3826/3000/3510
f 3684/2994/3504 3862/3036/3921 3721/2995/3505
f 3862/3036/3921 3658/2986/3496 3769/2983/3493
f 3769/2983/3493 3721/2995/3505 3862/3036/3921
f 3647/2982/3492 3685/2996/3506 3721/2995/3505
f 3721/2995/3505 3769/2983/3493 3647/2982/3492
f 3763/2970/3783 3722/3002/3512 3773/3001/3511
f 3643/2969/3479 3863/2991/3501 3722/3002/3512
f 3722/3002/3512 3763/2970/3783 3643/2969/3479
f 3863/2991/3501 3685/2996/3506 3722/3002/3512
f 3785/3023/3802 3682/3016/3525 3872/3014/3798
f 3681/3013/3797 3872/3014/3798 3682/3016/3525
f 3684/2994/3817 3791/2993/3688 3868/3038/3818
f 3791/2993/3688 3659/2992/3819 3651/3041/3556
f 3651/3041/3556 3868/3038/3818 3791/2993/3688
f 3683/3045/3840 3868/3038/3922 3723/3107/3923
f 3723/3107/3923 3869/3054/3584 3683/3045/3840
f 3868/3038/3922 3651/3041/3842 3798/3057/3592
f 3798/3057/3592 3723/3107/3923 3868/3038/3922
f 3648/3010/3595 3782/3015/3924 3723/3107/3923
f 3723/3107/3923 3798/3057/3592 3648/3010/3595
f 3782/3015/3924 3682/3016/3587 3869/3054/3584
f 3869/3054/3584 3723/3107/3923 3782/3015/3924
f 3810/2950/3768 3802/2952/3769 3697/2894/3716
f 3858/2886/3365 3626/2854/3333 3813/2882/3361
f 3813/2882/3361 3857/3067/3854 3858/2886/3365
f 3773/3001/3511 3645/2973/3483 3766/2972/3482
f 3766/2972/3482 3760/3068/3611 3773/3001/3511
f 3727/2858/3337 3876/2883/3362 3877/2859/3706
f 3875/2889/3713 3878/2870/3349 3730/2867/3710
f 3635/2865/3344 3731/2915/3925 3875/2889/3713
f 3875/2889/3713 3851/2860/3339 3635/2865/3344
f 3731/2915/3925 3691/2871/3350 3878/2870/3349
f 3878/2870/3349 3875/2889/3713 3731/2915/3925
f 3730/2867/3710 3625/2866/3709 3736/2884/3363
f 3736/2884/3363 3724/2890/3369 3730/2867/3710
f 3724/2890/3369 3736/2884/3363 3876/2883/3362
f 3876/2883/3362 3727/2858/3337 3724/2890/3369
f 3873/2906/3721 3630/2900/3380 3746/2899/3379
f 3746/2899/3379 3879/2904/3719 3873/2906/3721
f 3750/2917/3399 3874/2872/3926 3690/2916/3730
f 3690/2916/3730 3748/2918/3400 3750/2917/3399
f 3874/2872/3926 3691/2871/3731 3690/2916/3730
f 3748/2918/3927 3690/2916/3927 3742/3108/3927
f 3725/3109/3928 3880/2938/3758 3873/2906/3721
f 3873/2906/3721 3631/2905/3762 3741/2939/3433
f 3741/2939/3433 3725/3109/3928 3873/2906/3721
f 3748/2918/3760 3742/3108/3696 3725/3109/3928
f 3725/3109/3928 3741/2939/3433 3748/2918/3760
f 3742/3108/3696 3690/2916/3759 3880/2938/3758
f 3880/2938/3758 3725/3109/3928 3742/3108/3696
f 3870/3110/3929 3881/2984/3494 3687/2988/3788
f 3870/3110/3929 3674/2979/3786 3767/2976/3785
f 3646/2975/3485 3768/3007/3792 3870/3110/3929
f 3870/3110/3929 3767/2976/3785 3646/2975/3485
f 3768/3007/3792 3686/2985/3787 3881/2984/3494
f 3881/2984/3494 3870/3110/3929 3768/3007/3792
f 3772/3003/3513 3882/3006/3516 3645/2973/3483
f 3647/2982/3492 3686/2985/3787 3772/3003/3513
f 3882/3006/3516 3772/3003/3513 3686/2985/3787
f 3654/3020/3801 3689/3022/3531 3783/3021/3530
f 3872/3014/3798 3783/3021/3530 3689/3022/3531
f 3687/2988/3813 3790/2987/3930 3883/3035/3814
f 3790/2987/3930 3658/2986/3815 3861/3037/3550
f 3861/3037/3550 3883/3035/3814 3790/2987/3930
f 3883/3035/3931 3861/3037/3932 3650/3047/3839
f 3688/3044/3580 3883/3035/3931 3797/3055/3585
f 3797/3055/3585 3884/3053/3837 3688/3044/3580
f 3883/3035/3931 3650/3047/3839 3797/3055/3585
f 3785/3023/3841 3689/3022/3838 3884/3053/3837
f 3884/3053/3837 3797/3055/3585 3785/3023/3841
f 3653/3019/3800 3872/3014/3798 3809/2951/3456
f 3809/2951/3456 3827/2949/3454 3653/3019/3800
f 3811/2974/3484 3877/2859/3706 3766/2972/3482
f 3877/2859/3706 3811/2974/3484 3627/2857/3336
f 3879/2904/3719 3746/2899/3379 3698/2902/3382
f 3874/2872/3351 3750/2917/3914 3676/2869/3348
f 3674/2979/3786 3870/3110/3929 3871/3033/3933
f 3687/2988/3788 3871/3033/3933 3870/3110/3929
f 3931/3111/3934 3926/3112/3935 3903/3113/3936
f 3902/3114/3937 3903/3113/3936 3926/3112/3935
f 3901/3115/3938 3927/3116/3939 3903/3113/3936
f 3903/3113/3936 3902/3114/3937 3901/3115/3938
f 3904/3117/3940 3905/3118/3941 3927/3116/3939
f 3927/3116/3939 3901/3115/3938 3904/3117/3940
f 3885/3119/3942 3928/3120/3943 3904/3117/3940
f 3905/3118/3941 3904/3117/3940 3928/3120/3943
f 3928/3120/3943 3885/3119/3942 3906/3121/3944
f 3906/3121/3944 3907/3122/3945 3928/3120/3943
f 3907/3122/3945 3906/3121/3944 3886/3123/3946
f 3886/3123/3946 3932/3124/3947 3907/3122/3945
f 3932/3124/3947 3886/3123/3946 3908/3125/3948
f 3908/3125/3948 3909/3126/3949 3932/3124/3947
f 3887/3127/3950 3929/3128/3951 3908/3125/3948
f 3909/3126/3949 3908/3125/3948 3929/3128/3951
f 3910/3129/3952 3911/3130/3953 3929/3128/3951
f 3929/3128/3951 3887/3127/3950 3910/3129/3952
f 3888/3131/3954 3930/3132/3955 3910/3129/3952
f 3911/3130/3953 3910/3129/3952 3930/3132/3955
f 3912/3133/3956 3913/3134/3957 3930/3132/3955
f 3930/3132/3955 3888/3131/3954 3912/3133/3956
f 3889/3135/3958 3895/3136/3959 3913/3134/3957
f 3913/3134/3957 3912/3133/3956 3889/3135/3958
f 3895/3136/3959 3889/3135/3958 3915/3137/3960
f 3914/3138/3961 3915/3137/3960 3889/3135/3958
f 3915/3137/3960 3914/3138/3961 3890/3139/3962
f 3890/3139/3962 3896/3140/3963 3915/3137/3960
f 3896/3140/3963 3890/3139/3962 3916/3141/3964
f 3916/3141/3964 3917/3142/3264 3896/3140/3963
f 3891/3143/3265 3897/3144/3266 3917/3142/3264
f 3917/3142/3264 3916/3141/3964 3891/3143/3265
f 3897/3144/3266 3891/3143/3265 3918/3145/3267
f 3918/3145/3267 3919/3146/3268 3897/3144/3266
f 3892/3147/3269 3898/3148/3270 3919/3146/3268
f 3919/3146/3268 3918/3145/3267 3892/3147/3269
f 3898/3148/3270 3892/3147/3269 3920/3149/3965
f 3920/3149/3965 3921/3150/3966 3898/3148/3270
f 3893/3151/3273 3899/3152/3274 3921/3150/3966
f 3921/3150/3966 3920/3149/3965 3893/3151/3273
f 3899/3152/3274 3893/3151/3273 3922/3153/3275
f 3922/3153/3275 3923/3154/3967 3899/3152/3274
f 3894/3155/3277 3900/3156/3278 3923/3154/3967
f 3923/3154/3967 3922/3153/3275 3894/3155/3277
f 3900/3156/3278 3894/3155/3277 3924/3157/3279
f 3924/3157/3279 3925/3158/3280 3900/3156/3278
f 3926/3112/3935 3931/3111/3934 3925/3158/3280
f 3925/3158/3280 3924/3157/3279 3926/3112/3935
f 3887/3127/3968 3901/3115/3969 3926/3112/3970
f 3894/3155/3971 3887/3127/3968 3926/3112/3970
f 3887/3127/3968 3894/3155/3971 3893/3151/3972
f 3892/3147/3973 3887/3127/3968 3893/3151/3972
f 3887/3127/3968 3892/3147/3973 3891/3143/3974
f 3890/3139/3975 3887/3127/3968 3891/3143/3974
f 3887/3127/3968 3890/3139/3975 3889/3135/3976
f 3888/3131/3977 3887/3127/3968 3889/3135/3976
f 3887/3127/3968 3886/3123/3978 3885/3119/3979
f 3901/3115/3969 3887/3127/3968 3885/3119/3979
f 3932/3124/3980 3931/3111/3981 3927/3116/3982
f 3928/3120/3983 3932/3124/3980 3927/3116/3982
f 3930/3132/3984 3895/3136/3985 3932/3124/3980
f 3932/3124/3980 3929/3128/3986 3930/3132/3984
f 3932/3124/3980 3895/3136/3985 3896/3140/3987
f 3897/3144/3301 3932/3124/3980 3896/3140/3987
f 3932/3124/3980 3897/3144/3301 3898/3148/3988
f 3899/3152/3303 3932/3124/3980 3898/3148/3988
f 3900/3156/3304 3931/3111/3981 3932/3124/3980
f 3932/3124/3980 3899/3152/3303 3900/3156/3304
f 3926/3112/3970 3901/3115/3969 3902/3114/3989
f 3894/3155/3971 3926/3112/3970 3924/3157/3306
f 3893/3151/3972 3894/3155/3971 3922/3153/3990
f 3892/3147/3973 3893/3151/3972 3920/3149/3991
f 3891/3143/3974 3892/3147/3973 3918/3145/3992
f 3890/3139/3975 3891/3143/3974 3916/3141/3993
f 3889/3135/3976 3890/3139/3975 3914/3138/3994
f 3888/3131/3977 3889/3135/3976 3912/3133/3995
f 3887/3127/3968 3888/3131/3977 3910/3129/3996
f 3886/3123/3978 3887/3127/3968 3908/3125/3997
f 3885/3119/3979 3886/3123/3978 3906/3121/3998
f 3901/3115/3969 3885/3119/3979 3904/3117/3999
f 3927/3116/3982 3931/3111/3981 3903/3113/4000
f 3928/3120/3983 3927/3116/3982 3905/3118/4001
f 3932/3124/3980 3928/3120/3983 3907/3122/4002
f 3929/3128/3986 3932/3124/3980 3909/3126/4003
f 3930/3132/3984 3929/3128/3986 3911/3130/4004
f 3895/3136/3985 3930/3132/3984 3913/3134/4005
f 3896/3140/3987 3895/3136/3985 3915/3137/4006
f 3897/3144/3301 3896/3140/3987 3917/3142/4007
f 3898/3148/3988 3897/3144/3301 3919/3146/4008
f 3899/3152/3303 3898/3148/3988 3921/3150/4009
f 3900/3156/3304 3899/3152/3303 3923/3154/4010
f 3931/3111/3981 3900/3156/3304 3925/3158/3328
f 3934/3159/4011 3948/3160/4012 3933/3161/4011
f 3933/3161/4011 3945/3162/4013 3934/3159/4011
f 3935/3163/4014 3941/3164/4015 3940/3165/4016
f 3940/3165/4016 3959/3166/4017 3935/3163/4014
f 3960/3167/4018 3934/3159/4019 3945/3162/4020
f 3945/3162/4020 3946/3168/4021 3960/3167/4018
f 3936/3169/4022 3937/3170/4023 3935/3163/4024
f 3939/3171/4025 3943/3172/4025 3938/3173/4025
f 3937/3170/4026 3942/3174/4027 3935/3163/4028
f 3946/3168/4029 3939/3171/4030 3935/3163/4024
f 3936/3169/4022 3935/3163/4024 3939/3171/4030
f 3935/3163/4028 3942/3174/4027 3941/3164/4031
f 3949/3175/4032 3950/3176/4032 3951/3177/4032
f 3943/3172/4033 3939/3171/4033 3945/3162/4033
f 3945/3162/4034 3944/3178/4035 3943/3172/4036
f 3939/3171/4037 3946/3168/4021 3945/3162/4020
f 3946/3168/4021 3935/3163/4014 3959/3166/4017
f 3959/3166/4017 3960/3167/4018 3946/3168/4021
f 3947/3179/4038 3952/3180/4039 3955/3181/4040
f 3955/3181/4040 3962/3182/4041 3947/3179/4038
f 3953/3183/4042 3941/3164/4031 3942/3174/4027
f 3948/3160/4043 3934/3159/4044 3960/3167/4045
f 3960/3167/4045 3961/3184/4046 3948/3160/4043
f 3933/3161/4047 3948/3160/4048 3961/3184/4049
f 3961/3184/4049 3954/3185/4050 3933/3161/4047
f 3955/3181/4051 3958/3183/4052 3956/3186/4053
f 3957/3187/4054 3950/3176/4055 3954/3185/4056
f 3950/3176/4057 3949/3175/4058 3954/3185/4059
f 3955/3181/4060 3957/3187/4054 3954/3185/4056
f 3956/3186/4061 3937/3170/4023 3936/3169/4022
f 3957/3187/4054 3955/3181/4060 3956/3186/4062
f 3941/3164/4031 3953/3183/4042 3952/3180/4063
f 3955/3181/4051 3952/3180/4063 3953/3183/4042
f 3953/3183/4042 3958/3183/4052 3955/3181/4051
f 3933/3161/4064 3954/3185/4059 3949/3175/4058
f 3962/3182/4041 3955/3181/4040 3954/3185/4050
f 3954/3185/4050 3961/3184/4049 3962/3182/4041
f 3941/3164/4065 3952/3180/4066 3947/3179/4067
f 3947/3179/4067 3940/3165/4068 3941/3164/4065
f 3940/3165/4069 3947/3179/4070 3962/3182/4070
f 3962/3182/4070 3959/3166/4069 3940/3165/4069
f 3944/3178/4035 3933/3161/4064 3949/3175/4058
f 3937/3170/4071 3956/3186/4053 3958/3183/4052
f 3933/3161/4064 3944/3178/4035 3945/3162/4034
f 3960/3167/4072 3959/3166/4072 3962/3182/4073
f 3962/3182/4073 3961/3184/4073 3960/3167/4072
f 3968/3188/4074 3973/3189/4075 3965/3190/4076
f 3965/3190/4076 3974/3191/4077 3968/3188/4074
f 3964/3192/4078 3979/3193/4079 3963/3194/4080
f 3963/3194/4080 3971/3195/4081 3964/3192/4078
f 3965/3190/4076 3970/3196/4082 3969/3197/4083
f 3969/3197/4083 3972/3198/4084 3965/3190/4076
f 3968/3188/4074 3964/3192/4085 3971/3195/4086
f 3971/3195/4086 3973/3189/4075 3968/3188/4074
f 3977/3199/4087 3968/3188/4087 3974/3191/4087
f 3973/3189/4088 3967/3200/4089 3966/3201/4090
f 3966/3201/4090 3965/3190/4091 3973/3189/4088
f 3965/3190/4092 3966/3201/4092 3970/3196/4092
f 3967/3200/4093 3973/3189/4093 3971/3195/4093
f 3974/3191/4094 3985/3202/4095 3978/3203/4095
f 3978/3203/4095 3977/3199/4094 3974/3191/4094
f 3977/3199/4096 3978/3203/4097 3979/3193/4097
f 3979/3193/4097 3964/3192/4045 3977/3199/4096
f 3968/3188/4098 3977/3199/4098 3964/3192/4098
f 3974/3191/4077 3965/3190/4076 3972/3198/4084
f 3983/3204/4099 3982/3205/4100 3986/3206/4101
f 3986/3206/4101 3985/3202/4102 3983/3204/4099
f 3975/3207/4103 3980/3208/4104 3983/3204/4099
f 3983/3204/4099 3981/3209/4105 3975/3207/4103
f 3980/3208/4106 3970/3196/4107 3966/3201/4108
f 3966/3201/4108 3984/3210/4106 3980/3208/4106
f 3963/3194/4109 3979/3193/4110 3986/3206/4101
f 3986/3206/4101 3982/3205/4100 3963/3194/4109
f 3985/3202/4111 3986/3206/4111 3978/3203/4111
f 3984/3210/4112 3976/3211/4113 3982/3205/4114
f 3982/3205/4114 3983/3204/4115 3984/3210/4112
f 3980/3208/4116 3984/3210/4116 3983/3204/4116
f 3963/3194/4117 3982/3205/4117 3976/3211/4117
f 3979/3193/4118 3978/3203/4118 3986/3206/4118
f 3981/3209/4105 3983/3204/4099 3985/3202/4102
f 3967/3200/4119 3976/3211/4120 3984/3210/4121
f 3984/3210/4121 3966/3201/4122 3967/3200/4119
f 3970/3196/4123 3980/3208/4080 3975/3207/4123
f 3975/3207/4123 3969/3197/4124 3970/3196/4123
f 3969/3197/4125 3975/3207/4126 3981/3209/4127
f 3981/3209/4127 3972/3198/4128 3969/3197/4125
f 3971/3195/4129 3963/3194/4130 3976/3211/4130
f 3976/3211/4130 3967/3200/4129 3971/3195/4129
f 3972/3198/4128 3981/3209/4127 3985/3202/4131
f 3985/3202/4131 3974/3191/4132 3972/3198/4128
f 3992/3212/4074 3997/3213/4075 3989/3214/4076
f 3989/3214/4076 3998/3215/4077 3992/3212/4074
f 3988/3216/4080 4003/3217/4133 3987/3218/4078
f 3987/3218/4078 3995/3219/4081 3988/3216/4080
f 3989/3214/4076 3994/3220/4082 3993/3221/4083
f 3993/3221/4083 3996/3222/4134 3989/3214/4076
f 3992/3212/4074 3988/3216/4085 3995/3219/4086
f 3995/3219/4086 3997/3213/4075 3992/3212/4074
f 4001/3223/4135 3992/3212/4135 3998/3215/4135
f 3997/3213/4136 3991/3224/4137 3990/3225/4138
f 3990/3225/4138 3989/3214/4139 3997/3213/4136
f 3989/3214/4140 3990/3225/4140 3994/3220/4140
f 3991/3224/4141 3997/3213/4141 3995/3219/4141
f 3998/3215/4094 4009/3226/4095 4002/3227/4095
f 4002/3227/4095 4001/3223/4094 3998/3215/4094
f 4001/3223/4142 4002/3227/4097 4003/3217/4097
f 4003/3217/4097 3988/3216/4045 4001/3223/4142
f 3992/3212/4143 4001/3223/4143 3988/3216/4143
f 3998/3215/4077 3989/3214/4076 3996/3222/4134
f 4007/3228/4144 4006/3229/4100 4010/3230/4101
f 4010/3230/4101 4009/3226/4145 4007/3228/4144
f 3999/3231/4103 4004/3232/4104 4007/3228/4144
f 4007/3228/4144 4005/3233/4146 3999/3231/4103
f 4004/3232/4106 3994/3220/4107 3990/3225/4147
f 3990/3225/4147 4008/3234/4106 4004/3232/4106
f 3987/3218/4148 4003/3217/4110 4010/3230/4101
f 4010/3230/4101 4006/3229/4100 3987/3218/4148
f 4009/3226/4149 4010/3230/4149 4002/3227/4149
f 4008/3234/4114 4000/3235/4113 4006/3229/4114
f 4006/3229/4114 4007/3228/4150 4008/3234/4114
f 4004/3232/4151 4008/3234/4151 4007/3228/4151
f 3987/3218/4152 4006/3229/4152 4000/3235/4152
f 4003/3217/4153 4002/3227/4153 4010/3230/4153
f 4005/3233/4146 4007/3228/4144 4009/3226/4145
f 3991/3224/4154 4000/3235/4120 4008/3234/4155
f 4008/3234/4155 3990/3225/4122 3991/3224/4154
f 3994/3220/4123 4004/3232/4080 3999/3231/4123
f 3999/3231/4123 3993/3221/4124 3994/3220/4123
f 3993/3221/4156 3999/3231/4157 4005/3233/4158
f 4005/3233/4158 3996/3222/4128 3993/3221/4156
f 3995/3219/4129 3987/3218/4159 4000/3235/4160
f 4000/3235/4160 3991/3224/4129 3995/3219/4129
f 3996/3222/4128 4005/3233/4158 4009/3226/4131
f 4009/3226/4131 3998/3215/4132 3996/3222/4128
f 4012/3236/4161 4026/3237/4012 4011/3238/4011
f 4011/3238/4011 4023/3239/4013 4012/3236/4161
f 4013/3240/4162 4019/3241/4163 4018/3242/4164
f 4018/3242/4164 4037/3243/4165 4013/3240/4162
f 4038/3244/4166 4012/3236/4167 4023/3239/4168
f 4023/3239/4168 4024/3245/4169 4038/3244/4166
f 4014/3246/4170 4015/3247/4171 4013/3240/4172
f 4017/3248/4173 4021/3249/4173 4016/3250/4173
f 4015/3247/4174 4020/3251/4027 4013/3240/4175
f 4024/3245/4176 4017/3248/4177 4013/3240/4172
f 4014/3246/4170 4013/3240/4172 4017/3248/4177
f 4013/3240/4175 4020/3251/4027 4019/3241/4031
f 4027/3252/4178 4028/3253/4178 4029/3254/4178
f 4021/3249/4179 4017/3248/4179 4023/3239/4179
f 4023/3239/4180 4022/3255/4181 4021/3249/4182
f 4017/3248/4183 4024/3245/4169 4023/3239/4168
f 4024/3245/4169 4013/3240/4162 4037/3243/4165
f 4037/3243/4165 4038/3244/4166 4024/3245/4169
f 4025/3256/4184 4030/3257/4185 4033/3258/4186
f 4033/3258/4186 4040/3259/4187 4025/3256/4184
f 4031/3260/4188 4019/3241/4031 4020/3251/4027
f 4026/3237/4189 4012/3236/4044 4038/3244/4045
f 4038/3244/4045 4039/3261/4046 4026/3237/4189
f 4011/3238/4190 4026/3237/4048 4039/3261/4191
f 4039/3261/4191 4032/3262/4192 4011/3238/4190
f 4033/3258/4193 4036/3260/4194 4034/3263/4195
f 4035/3264/4196 4028/3253/4197 4032/3262/4198
f 4028/3253/4199 4027/3252/4200 4032/3262/4201
f 4033/3258/4060 4035/3264/4196 4032/3262/4198
f 4034/3263/4202 4015/3247/4171 4014/3246/4170
f 4035/3264/4196 4033/3258/4060 4034/3263/4203
f 4019/3241/4031 4031/3260/4188 4030/3257/4204
f 4033/3258/4193 4030/3257/4204 4031/3260/4188
f 4031/3260/4188 4036/3260/4194 4033/3258/4193
f 4011/3238/4205 4032/3262/4201 4027/3252/4200
f 4040/3259/4187 4033/3258/4186 4032/3262/4192
f 4032/3262/4192 4039/3261/4191 4040/3259/4187
f 4019/3241/4206 4030/3257/4207 4025/3256/4065
f 4025/3256/4065 4018/3242/4208 4019/3241/4206
f 4018/3242/4209 4025/3256/4070 4040/3259/4210
f 4040/3259/4210 4037/3243/4069 4018/3242/4209
f 4022/3255/4181 4011/3238/4205 4027/3252/4200
f 4015/3247/4211 4034/3263/4195 4036/3260/4194
f 4011/3238/4205 4022/3255/4181 4023/3239/4180
f 4038/3244/4073 4037/3243/4073 4040/3259/4073
f 4040/3259/4073 4039/3261/4073 4038/3244/4073
f 4049/3265/4212 4058/3266/4213 4059/3267/4214
f 4056/3268/4215 4043/3269/4216 4049/3265/4217
f 4049/3265/4217 4047/3270/4218 4056/3268/4215
f 4051/3271/4219 4052/3272/4220 4057/3273/4221
f 4057/3273/4221 4062/3274/4222 4051/3271/4219
f 4074/3275/444 4075/3276/444 4054/3277/2489
f 4054/3277/2489 4053/3278/2489 4074/3275/444
f 4197/3279/4223 4103/3280/4224 4080/3281/4225
f 4057/3273/4221 4061/3282/4226 4045/3283/4227
f 4045/3283/4227 4062/3274/4222 4057/3273/4221
f 4056/3268/4215 4045/3283/4228 4061/3282/4229
f 4061/3282/4229 4043/3269/4216 4056/3268/4215
f 4041/3284/4230 4047/3270/4231 4046/3285/4232
f 4061/3282/4233 4050/3286/4234 4042/3287/4235
f 4042/3287/4235 4049/3265/4236 4061/3282/4233
f 4050/3286/4237 4051/3271/4238 4044/3288/4239
f 4044/3288/4239 4060/3289/4240 4050/3286/4237
f 4060/3289/4241 4054/3277/4242 4042/3287/4235
f 4041/3284/4230 4053/3278/4243 4044/3288/4244
f 4055/3290/4245 4079/3291/4246 4058/3266/4247
f 4058/3266/4247 4048/3292/4248 4055/3290/4245
f 4044/3288/4239 4053/3278/4249 4054/3277/4250
f 4054/3277/4250 4060/3289/4240 4044/3288/4239
f 4071/3293/4251 4074/3275/4252 4053/3278/4253
f 4053/3278/4253 4041/3284/4254 4071/3293/4251
f 4059/3267/4255 4046/3285/4232 4047/3270/4231
f 4047/3270/4231 4045/3283/4256 4056/3268/4257
f 4048/3292/4248 4058/3266/4247 4049/3265/4236
f 4060/3289/4241 4042/3287/4235 4050/3286/4258
f 4050/3286/4237 4052/3272/4259 4051/3271/4238
f 4041/3284/4230 4044/3288/4244 4051/3271/4260
f 4062/3274/4261 4045/3283/4256 4051/3271/4260
f 4061/3282/4233 4049/3265/4236 4043/3269/4262
f 4041/3284/4230 4051/3271/4260 4045/3283/4256
f 4061/3282/4233 4057/3273/4263 4052/3272/4264
f 4052/3272/4264 4050/3286/4234 4061/3282/4233
f 4048/3292/4248 4049/3265/4236 4042/3287/4235
f 4045/3283/4256 4047/3270/4231 4041/3284/4230
f 4041/3284/4230 4046/3285/4232 4063/3285/4265
f 4063/3285/4265 4071/3293/4266 4041/3284/4230
f 4048/3292/4248 4042/3287/4235 4076/3294/4267
f 4076/3294/4267 4055/3290/4245 4048/3292/4248
f 4059/3267/4268 4058/3266/4268 4079/3291/4269
f 4079/3291/4269 4070/3295/4269 4059/3267/4268
f 4046/3285/4232 4059/3267/4255 4070/3295/4270
f 4070/3295/4270 4063/3285/4265 4046/3285/4232
f 4042/3287/4235 4054/3277/4242 4075/3276/4271
f 4075/3276/4271 4076/3294/4267 4042/3287/4235
f 4064/3296/4272 4078/3297/4273 4068/3298/4274
f 4068/3298/4274 4077/3299/4275 4064/3296/4272
f 4065/3300/4276 4072/3301/4277 4066/3302/4278
f 4066/3302/4278 4067/3303/4279 4065/3300/4276
f 4079/3291/4280 4064/3296/4272 4077/3299/4275
f 4077/3299/4275 4070/3295/4281 4079/3291/4280
f 4069/3304/4282 4073/3305/4283 4065/3300/4276
f 4065/3300/4276 4067/3303/4279 4069/3304/4282
f 4073/3305/4284 4069/3304/4285 4068/3298/4274
f 4068/3298/4274 4078/3297/4273 4073/3305/4284
f 4073/3305/4286 4064/3296/4287 4055/3290/4245
f 4055/3290/4245 4076/3294/4267 4073/3305/4286
f 4076/3294/4267 4072/3301/4288 4073/3305/4286
f 4074/3275/4289 4066/3302/4290 4072/3301/4291
f 4072/3301/4291 4075/3276/4292 4074/3275/4289
f 4064/3296/4287 4073/3305/4286 4078/3297/4293
f 4077/3299/4294 4063/3285/4265 4070/3295/4270
f 4068/3298/4295 4069/3304/4296 4077/3299/4297
f 4064/3296/4287 4079/3291/4246 4055/3290/4245
f 4072/3301/4298 4076/3294/4298 4075/3276/4298
f 4066/3302/4299 4074/3275/4299 4071/3293/4299
f 4066/3302/4300 4069/3304/4296 4067/3303/4301
f 4069/3304/4296 4066/3302/4300 4071/3293/4266
f 4072/3301/4288 4065/3300/4302 4073/3305/4286
f 4069/3304/4296 4071/3293/4266 4077/3299/4297
f 4077/3299/4297 4071/3293/4266 4063/3285/4265
f 4080/3281/4303 4101/3306/4304 4087/3307/4305
f 4087/3307/4305 4100/3308/4306 4080/3281/4303
f 4083/3309/4307 4094/3310/4308 4081/3311/4309
f 4081/3311/4309 4082/3312/4310 4083/3309/4307
f 4096/3313/4311 4102/3314/4312 4113/3315/2489
f 4113/3315/2489 4095/3316/4313 4096/3313/4311
f 4093/3317/4314 4091/3318/4315 4083/3309/4307
f 4083/3309/4307 4082/3312/4310 4093/3317/4314
f 4091/3318/4316 4093/3317/4317 4087/3307/4305
f 4087/3307/4305 4101/3306/4304 4091/3318/4316
f 4089/3319/4318 4092/3320/4319 4091/3318/4320
f 4091/3318/4320 4080/3281/4321 4089/3319/4318
f 4097/3321/4322 4081/3311/4323 4092/3320/4324
f 4092/3320/4324 4088/3322/4325 4097/3321/4322
f 4089/3319/4318 4096/3313/4326 4088/3322/4327
f 4097/3321/4328 4095/3316/4329 4085/3323/4330
f 4103/3280/4331 4098/3324/4332 4105/3325/4333
f 4105/3325/4333 4086/3325/4334 4103/3280/4331
f 4096/3313/4335 4095/3316/4336 4097/3321/4322
f 4097/3321/4322 4088/3322/4325 4096/3313/4335
f 4104/3326/4337 4085/3323/4338 4095/3316/4339
f 4084/3327/4340 4099/3328/4341 4197/3279/4342
f 4087/3307/4343 4093/3317/4344 4100/3308/4345
f 4080/3281/4321 4103/3280/4331 4086/3325/4334
f 4092/3320/4346 4089/3319/4318 4088/3322/4327
f 4081/3311/4323 4094/3310/4347 4092/3320/4324
f 4081/3311/4348 4097/3321/4328 4085/3323/4330
f 4081/3311/4348 4093/3317/4344 4082/3312/4349
f 4101/3306/4350 4080/3281/4321 4091/3318/4320
f 4093/3317/4344 4081/3311/4348 4085/3323/4330
f 4094/3310/4351 4083/3309/4352 4091/3318/4320
f 4091/3318/4320 4092/3320/4319 4094/3310/4351
f 4089/3319/4318 4080/3281/4321 4086/3325/4334
f 4084/3327/4340 4100/3308/4345 4093/3317/4344
f 4093/3317/4344 4085/3323/4330 4084/3327/4340
f 4084/3327/4340 4104/3326/945 4110/3327/4353
f 4090/3329/4354 4089/3319/4318 4086/3325/4334
f 4086/3325/4334 4105/3325/4333 4090/3329/4354
f 4098/3324/4355 4103/3280/4356 4099/3328/4356
f 4104/3326/945 4084/3327/4340 4085/3323/4330
f 4116/3330/4357 4099/3328/4341 4084/3327/4340
f 4084/3327/4340 4110/3327/4353 4116/3330/4357
f 4102/3314/4358 4096/3313/4326 4089/3319/4318
f 4089/3319/4318 4090/3329/4354 4102/3314/4358
f 4114/3331/4359 4106/3332/4360 4108/3333/4361
f 4108/3333/4361 4109/3334/4362 4114/3331/4359
f 4111/3335/4363 4112/3336/4364 4115/3337/4365
f 4115/3337/4365 4118/3338/4366 4111/3335/4363
f 4098/3324/4367 4116/3330/4368 4109/3334/4362
f 4109/3334/4362 4108/3333/4361 4098/3324/4367
f 4115/3337/4365 4117/3339/4369 4107/3340/4370
f 4107/3340/4370 4118/3338/4366 4115/3337/4365
f 4114/3331/4359 4107/3340/4371 4117/3339/4372
f 4117/3339/4372 4106/3332/4360 4114/3331/4359
f 4117/3339/4373 4090/3329/4354 4105/3325/4333
f 4105/3325/4333 4108/3333/4374 4117/3339/4373
f 4104/3326/945 4109/3334/4375 4110/3327/4353
f 4117/3339/4373 4112/3336/4376 4090/3329/4354
f 4112/3336/4377 4111/3335/4378 4113/3315/4379
f 4113/3315/4379 4102/3314/4380 4112/3336/4377
f 4104/3326/4337 4095/3316/4339 4113/3315/4381
f 4106/3332/4382 4117/3339/4373 4108/3333/4374
f 4116/3330/4357 4110/3327/4353 4109/3334/4383
f 4109/3334/4375 4107/3340/4384 4114/3331/4385
f 4105/3325/4333 4098/3324/4332 4108/3333/4374
f 4102/3314/4386 4090/3329/4386 4112/3336/4386
f 4104/3326/4387 4113/3315/4387 4111/3335/4387
f 4118/3338/4388 4107/3340/4384 4111/3335/4389
f 4104/3326/945 4111/3335/4389 4107/3340/4384
f 4117/3339/4373 4115/3337/4390 4112/3336/4376
f 4107/3340/4384 4109/3334/4375 4104/3326/945
f 4098/3324/4355 4099/3328/4356 4116/3330/4355
f 4127/3341/4212 4136/3342/4391 4137/3343/4392
f 4134/3344/4215 4121/3345/4216 4127/3341/4393
f 4127/3341/4393 4125/3346/4394 4134/3344/4215
f 4129/3347/4395 4130/3348/4220 4135/3349/4221
f 4135/3349/4221 4140/3350/4396 4129/3347/4395
f 4152/3351/444 4153/3352/444 4132/3353/2489
f 4132/3353/2489 4131/3354/2489 4152/3351/444
f 4177/3355/4397 4183/3356/4398 4158/3357/4399
f 4135/3349/4221 4139/3358/4226 4123/3359/4227
f 4123/3359/4227 4140/3350/4396 4135/3349/4221
f 4134/3344/4215 4123/3359/4400 4139/3358/4401
f 4139/3358/4401 4121/3345/4216 4134/3344/4215
f 4119/3360/4230 4125/3346/4402 4124/3361/4403
f 4139/3358/4233 4128/3362/4404 4120/3363/4405
f 4120/3363/4405 4127/3341/4236 4139/3358/4233
f 4128/3362/4406 4129/3347/4407 4122/3364/4408
f 4122/3364/4408 4138/3365/4409 4128/3362/4406
f 4138/3365/4410 4132/3353/4411 4120/3363/4405
f 4119/3360/4230 4131/3354/4412 4122/3364/4413
f 4133/3366/4414 4157/3367/4415 4136/3342/4416
f 4136/3342/4416 4126/3368/4417 4133/3366/4414
f 4122/3364/4408 4131/3354/4418 4132/3353/4419
f 4132/3353/4419 4138/3365/4409 4122/3364/4408
f 4149/3369/4420 4152/3351/4421 4131/3354/4422
f 4131/3354/4422 4119/3360/4423 4149/3369/4420
f 4137/3343/4424 4124/3361/4403 4125/3346/4402
f 4125/3346/4402 4123/3359/4256 4134/3344/4425
f 4126/3368/4417 4136/3342/4416 4127/3341/4236
f 4138/3365/4410 4120/3363/4405 4128/3362/4426
f 4128/3362/4406 4130/3348/4427 4129/3347/4407
f 4119/3360/4230 4122/3364/4413 4129/3347/4260
f 4140/3350/4428 4123/3359/4256 4129/3347/4260
f 4139/3358/4233 4127/3341/4236 4121/3345/4429
f 4119/3360/4230 4129/3347/4260 4123/3359/4256
f 4139/3358/4233 4135/3349/4430 4130/3348/4431
f 4130/3348/4431 4128/3362/4404 4139/3358/4233
f 4126/3368/4417 4127/3341/4236 4120/3363/4405
f 4123/3359/4256 4125/3346/4402 4119/3360/4230
f 4119/3360/4230 4124/3361/4403 4141/3361/4265
f 4141/3361/4265 4149/3369/4266 4119/3360/4230
f 4126/3368/4417 4120/3363/4405 4154/3370/4432
f 4154/3370/4432 4133/3366/4414 4126/3368/4417
f 4137/3343/4433 4136/3342/4268 4157/3367/4269
f 4157/3367/4269 4148/3371/4269 4137/3343/4433
f 4124/3361/4403 4137/3343/4424 4148/3371/4434
f 4148/3371/4434 4141/3361/4265 4124/3361/4403
f 4120/3363/4405 4132/3353/4411 4153/3352/4435
f 4153/3352/4435 4154/3370/4432 4120/3363/4405
f 4142/3372/4272 4156/3373/4273 4146/3374/4436
f 4146/3374/4436 4155/3375/4275 4142/3372/4272
f 4143/3376/4437 4150/3377/4277 4144/3378/4438
f 4144/3378/4438 4145/3379/4439 4143/3376/4437
f 4157/3367/4440 4142/3372/4272 4155/3375/4275
f 4155/3375/4275 4148/3371/4281 4157/3367/4440
f 4147/3380/4441 4151/3381/4442 4143/3376/4437
f 4143/3376/4437 4145/3379/4439 4147/3380/4441
f 4151/3381/4443 4147/3380/4285 4146/3374/4436
f 4146/3374/4436 4156/3373/4273 4151/3381/4443
f 4151/3381/4286 4142/3372/4444 4133/3366/4414
f 4133/3366/4414 4154/3370/4432 4151/3381/4286
f 4154/3370/4432 4150/3377/4288 4151/3381/4286
f 4152/3351/4445 4144/3378/4446 4150/3377/4447
f 4150/3377/4447 4153/3352/4448 4152/3351/4445
f 4142/3372/4444 4151/3381/4286 4156/3373/4449
f 4155/3375/4450 4141/3361/4265 4148/3371/4434
f 4146/3374/4451 4147/3380/4296 4155/3375/4297
f 4142/3372/4444 4157/3367/4415 4133/3366/4414
f 4150/3377/4452 4154/3370/4452 4153/3352/4452
f 4144/3378/4453 4152/3351/4453 4149/3369/4453
f 4144/3378/4300 4147/3380/4296 4145/3379/4454
f 4147/3380/4296 4144/3378/4300 4149/3369/4266
f 4150/3377/4288 4143/3376/4455 4151/3381/4286
f 4147/3380/4296 4149/3369/4266 4155/3375/4297
f 4155/3375/4297 4149/3369/4266 4141/3361/4265
f 4158/3357/4456 4179/3382/4457 4165/3383/4215
f 4165/3383/4215 4178/3384/4458 4158/3357/4456
f 4161/3385/4459 4172/3386/4308 4159/3387/4309
f 4159/3387/4309 4160/3388/4310 4161/3385/4459
f 4174/3389/4460 4180/3390/4312 4191/3391/2489
f 4191/3391/2489 4173/3392/4313 4174/3389/4460
f 4171/3393/4461 4169/3394/4462 4161/3385/4459
f 4161/3385/4459 4160/3388/4310 4171/3393/4461
f 4169/3394/4463 4171/3393/4464 4165/3383/4215
f 4165/3383/4215 4179/3382/4457 4169/3394/4463
f 4167/3395/4465 4170/3396/4466 4169/3394/4320
f 4169/3394/4320 4158/3357/4467 4167/3395/4465
f 4175/3397/4468 4159/3387/4469 4170/3396/4470
f 4170/3396/4470 4166/3398/4471 4175/3397/4468
f 4167/3395/4465 4174/3389/4472 4166/3398/4473
f 4175/3397/4474 4173/3392/4475 4163/3399/4330
f 4164/3400/4476 4176/3401/4477 4182/3402/4478
f 4174/3389/4479 4173/3392/4480 4175/3397/4468
f 4175/3397/4468 4166/3398/4471 4174/3389/4479
f 4158/3357/4399 4183/3356/4398 4164/3400/4481
f 4181/3403/4482 4163/3399/4483 4173/3392/4484
f 4178/3384/4485 4162/3404/4486 4177/3355/4487
f 4165/3383/4488 4171/3393/4344 4178/3384/4485
f 4170/3396/4489 4167/3395/4465 4166/3398/4473
f 4159/3387/4469 4172/3386/4490 4170/3396/4470
f 4159/3387/4491 4175/3397/4474 4163/3399/4330
f 4159/3387/4491 4171/3393/4344 4160/3388/4492
f 4179/3382/4493 4158/3357/4467 4169/3394/4320
f 4171/3393/4344 4159/3387/4491 4163/3399/4330
f 4172/3386/4494 4161/3385/4495 4169/3394/4320
f 4169/3394/4320 4170/3396/4466 4172/3386/4494
f 4167/3395/4465 4158/3357/4467 4164/3400/4476
f 4162/3404/4486 4178/3384/4485 4171/3393/4344
f 4171/3393/4344 4163/3399/4330 4162/3404/4486
f 4162/3404/4486 4181/3403/945 4188/3404/4496
f 4168/3405/4497 4167/3395/4465 4164/3400/4476
f 4164/3400/4476 4182/3402/4478 4168/3405/4497
f 4181/3403/945 4162/3404/4486 4163/3399/4330
f 4194/3406/4357 4177/3355/4487 4162/3404/4486
f 4162/3404/4486 4188/3404/4496 4194/3406/4357
f 4176/3401/4498 4164/3400/4499 4183/3356/4500
f 4180/3390/4501 4174/3389/4472 4167/3395/4465
f 4167/3395/4465 4168/3405/4497 4180/3390/4501
f 4192/3407/4359 4184/3408/4502 4186/3409/4503
f 4186/3409/4503 4187/3410/4504 4192/3407/4359
f 4189/3411/4505 4190/3412/4364 4193/3413/4506
f 4193/3413/4506 4196/3414/4507 4189/3411/4505
f 4176/3401/4508 4194/3406/4509 4187/3410/4504
f 4187/3410/4504 4186/3409/4503 4176/3401/4508
f 4193/3413/4506 4195/3415/4510 4185/3416/4511
f 4185/3416/4511 4196/3414/4507 4193/3413/4506
f 4192/3407/4359 4185/3416/4371 4195/3415/4512
f 4195/3415/4512 4184/3408/4502 4192/3407/4359
f 4195/3415/4373 4168/3405/4497 4182/3402/4478
f 4182/3402/4478 4186/3409/4513 4195/3415/4373
f 4181/3403/945 4187/3410/4375 4188/3404/4496
f 4195/3415/4373 4190/3412/4376 4168/3405/4497
f 4190/3412/4377 4189/3411/4514 4191/3391/4378
f 4191/3391/4378 4180/3390/4377 4190/3412/4377
f 4181/3403/4482 4173/3392/4484 4191/3391/4515
f 4184/3408/4382 4195/3415/4373 4186/3409/4513
f 4194/3406/4357 4188/3404/4496 4187/3410/4516
f 4187/3410/4375 4185/3416/4517 4192/3407/4518
f 4182/3402/4478 4176/3401/4477 4186/3409/4513
f 4180/3390/4519 4168/3405/4519 4190/3412/4519
f 4181/3403/4520 4191/3391/4520 4189/3411/4520
f 4196/3414/4521 4185/3416/4517 4189/3411/4522
f 4181/3403/945 4189/3411/4522 4185/3416/4517
f 4195/3415/4373 4193/3413/4390 4190/3412/4376
f 4194/3406/4523 4176/3401/4498 4183/3356/4500
f 4185/3416/4517 4187/3410/4375 4181/3403/945
f 4183/3356/4500 4177/3355/4524 4194/3406/4523
f 4047/3270/4525 4049/3265/4212 4059/3267/4214
f 4125/3346/4525 4127/3341/4212 4137/3343/4392
f 4178/3384/4526 4177/3355/4397 4158/3357/4399
f 4100/3308/4345 4084/3327/4340 4197/3279/4342
f 4100/3308/4527 4197/3279/4223 4080/3281/4225
f 4197/3279/4223 4099/3328/4224 4103/3280/4224
