# Blender 4.0.0
# www.blender.org
o freezer1
v 0.370297 -0.330466 -0.163500
v 0.370297 -0.330466 -0.381994
v -0.370864 -0.330466 -0.381994
v -0.370864 -0.330466 -0.163500
v 0.370611 -0.332667 -0.163234
v 0.370611 -0.332667 -0.382260
v -0.371178 -0.332667 -0.382260
v -0.371178 -0.332667 -0.163234
v 0.377243 -0.332667 -0.157607
v 0.377243 -0.332667 -0.387888
v -0.377810 -0.332667 -0.387888
v -0.377810 -0.332667 -0.157607
v 0.377514 -0.330466 -0.157377
v 0.377514 -0.330466 -0.388118
v -0.378081 -0.330466 -0.388118
v -0.378081 -0.330466 -0.157377
v 0.380013 -0.330466 -0.155257
v 0.380013 -0.330466 -0.390237
v -0.380580 -0.330466 -0.390236
v -0.380580 -0.330466 -0.155257
v 0.388327 -0.331037 -0.148204
v 0.388327 -0.331037 -0.397290
v -0.388894 -0.331037 -0.397290
v -0.388894 -0.331037 -0.148204
v 0.389223 -0.332844 -0.147443
v 0.389223 -0.332844 -0.398051
v -0.389790 -0.332844 -0.398051
v -0.389790 -0.332844 -0.147443
v 0.389521 -0.332781 -0.147191
v 0.389521 -0.332781 -0.398304
v -0.390088 -0.332781 -0.398304
v -0.390087 -0.332781 -0.147190
v 0.388863 -0.331177 -0.147751
v 0.388452 -0.330846 -0.148097
v 0.388837 -0.331138 -0.397725
v -0.389397 -0.331123 -0.397716
v -0.389404 -0.331138 -0.147770
v 0.388400 -0.330830 -0.397351
v -0.388943 -0.330825 -0.397334
v -0.388966 -0.330830 -0.148144
v 0.380013 -0.329772 -0.155257
v 0.380013 -0.329772 -0.390237
v -0.380580 -0.329772 -0.390236
v -0.380580 -0.329772 -0.155257
v 0.380346 -0.329337 -0.154975
v 0.380346 -0.329337 -0.390519
v -0.380913 -0.329337 -0.390519
v -0.380913 -0.329337 -0.154975
v 0.386930 -0.329322 -0.149389
v 0.386908 -0.329323 -0.396086
v -0.387497 -0.329322 -0.396104
v -0.387474 -0.329323 -0.149409
v 0.387580 -0.329116 -0.148837
v 0.387523 -0.329145 -0.396609
v -0.388129 -0.329122 -0.396649
v -0.388112 -0.329139 -0.148875
v 0.388095 -0.328691 -0.148404
v 0.388074 -0.328718 -0.397080
v -0.388654 -0.328707 -0.397080
v 0.388337 -0.328137 -0.148195
v -0.388746 -0.328590 -0.148324
v 0.388333 -0.328159 -0.397293
v -0.388904 -0.328130 -0.397303
v 0.388188 -0.327403 -0.148309
v -0.388905 -0.327862 -0.148193
v -0.388808 -0.327531 -0.397221
v 0.388209 -0.327416 -0.397186
v 0.387545 -0.326839 -0.148874
v -0.388587 -0.327175 -0.148464
v 0.387563 -0.326856 -0.396649
v -0.388280 -0.326913 -0.396757
v 0.386907 -0.326655 -0.149408
v 0.386930 -0.326656 -0.396105
v -0.387474 -0.326655 -0.396086
v -0.387686 -0.326676 -0.149230
v 0.385009 -0.326640 -0.151018
v 0.385009 -0.326640 -0.394476
v -0.385576 -0.326640 -0.394476
v -0.385576 -0.326640 -0.151018
v 0.385009 -0.326205 -0.151019
v 0.385009 -0.326205 -0.394476
v -0.385576 -0.326205 -0.394476
v -0.385576 -0.326205 -0.151018
v 0.388129 -0.326193 -0.148367
v 0.388135 -0.326193 -0.397122
v -0.388694 -0.326194 -0.148374
v 0.388327 -0.326039 -0.148206
v -0.388730 -0.326186 -0.397151
v 0.388324 -0.326039 -0.397291
v -0.388899 -0.326015 -0.397295
v -0.388891 -0.326043 -0.148205
v 0.388318 -0.324006 -0.148211
v -0.388883 -0.324002 -0.397284
v 0.388082 -0.323709 -0.148407
v 0.388305 -0.323941 -0.397267
v -0.388873 -0.323941 -0.148228
v -0.388641 -0.323700 -0.397077
v 0.387702 -0.323526 -0.148746
v 0.387782 -0.323541 -0.396841
v -0.388251 -0.323525 -0.396745
v -0.388349 -0.323541 -0.148653
v 0.378485 -0.323538 -0.156553
v 0.378591 -0.323515 -0.389031
v -0.379150 -0.323516 -0.389024
v -0.379087 -0.323529 -0.156529
v 0.378341 -0.323766 -0.156676
v 0.378392 -0.323626 -0.388859
v -0.378956 -0.323630 -0.388860
v 0.378347 -0.323769 -0.388824
v -0.378914 -0.323769 -0.388824
v -0.378902 -0.323755 -0.156678
v 0.376706 -0.323720 -0.158062
v 0.376706 -0.323720 -0.387432
v -0.377273 -0.323720 -0.387432
v -0.377273 -0.323720 -0.158062
v 0.371394 -0.322873 -0.162570
v 0.371394 -0.322873 -0.382925
v -0.371961 -0.322873 -0.382925
v -0.371961 -0.322873 -0.162570
v 0.366622 -0.322641 -0.166665
v 0.366568 -0.322641 -0.378876
v -0.367146 -0.322641 -0.378830
v -0.367171 -0.322641 -0.166616
v 0.365529 -0.322873 -0.167552
v 0.365518 -0.322874 -0.377946
v -0.366068 -0.322888 -0.377914
v -0.366103 -0.322865 -0.167527
v 0.364436 -0.323479 -0.168460
v 0.364469 -0.323464 -0.377043
v -0.364990 -0.323490 -0.377016
v -0.365018 -0.323479 -0.168473
v 0.363923 -0.324098 -0.168909
v 0.363923 -0.324098 -0.376586
v -0.364489 -0.324098 -0.376586
v 0.363681 -0.324758 -0.169117
v -0.364354 -0.324327 -0.169020
v 0.363665 -0.324802 -0.376370
v -0.364237 -0.324789 -0.376373
v 0.363684 -0.326203 -0.169112
v -0.364202 -0.325531 -0.169156
v 0.363703 -0.326339 -0.376399
v -0.364259 -0.326236 -0.376386
v 0.364114 -0.327893 -0.168743
v -0.364419 -0.327064 -0.168970
v 0.364148 -0.327955 -0.376773
v -0.364681 -0.327892 -0.376752
v 0.364725 -0.329074 -0.168228
v 0.364725 -0.329074 -0.377266
v -0.365292 -0.329074 -0.377267
v -0.365066 -0.328727 -0.168410
v 0.365492 -0.330045 -0.167569
v 0.365416 -0.329969 -0.377851
v -0.366059 -0.330045 -0.377925
v -0.366046 -0.330025 -0.167594
v 0.366556 -0.330444 -0.166674
v 0.366410 -0.330425 -0.378676
v -0.367122 -0.330444 -0.378820
v -0.367086 -0.330440 -0.166705
v 0.118397 -0.425085 -0.166076
v 0.118396 -0.380221 -0.162351
v 0.118371 -0.380641 -0.161592
v 0.119134 -0.386158 -0.159491
v 0.119119 -0.380621 -0.161349
v 0.118399 -0.430558 -0.166185
v 0.146029 -0.429476 -0.165183
v 0.145764 -0.430356 -0.159741
v 0.118151 -0.443156 -0.166459
v 0.118151 -0.445228 -0.165636
v 0.145762 -0.430536 -0.166184
v 0.145762 -0.434470 -0.166597
v 0.144968 -0.434995 -0.167033
v 0.145763 -0.436861 -0.167203
v 0.145763 -0.439061 -0.167984
v 0.144967 -0.438206 -0.168000
v 0.119135 -0.438205 -0.168000
v 0.144974 -0.439342 -0.168484
v 0.146029 -0.434694 -0.165691
v 0.146029 -0.443168 -0.166451
v 0.118397 -0.430356 -0.159741
v 0.118397 -0.434283 -0.160049
v 0.118397 -0.436800 -0.160473
v 0.119135 -0.436881 -0.160177
v 0.119134 -0.439316 -0.160866
v 0.118397 -0.439207 -0.161147
v 0.118399 -0.442397 -0.162418
v 0.119139 -0.441880 -0.161897
v 0.146028 -0.380617 -0.162243
v 0.118366 -0.380641 -0.166126
v 0.145765 -0.380221 -0.165507
v 0.119134 -0.428969 -0.166435
v 0.144966 -0.431135 -0.166537
v 0.119134 -0.431134 -0.166537
v 0.119134 -0.434335 -0.159747
v 0.144967 -0.431758 -0.159520
v 0.119134 -0.431758 -0.159520
v 0.145764 -0.425038 -0.166076
v 0.119133 -0.380087 -0.162358
v 0.118588 -0.380324 -0.161827
v 0.119175 -0.380220 -0.161695
v 0.118151 -0.429489 -0.165183
v 0.146029 -0.431476 -0.160656
v 0.118151 -0.435363 -0.161109
v 0.118398 -0.434478 -0.166598
v 0.118151 -0.435485 -0.165822
v 0.118152 -0.440952 -0.162656
v 0.118397 -0.436861 -0.167203
v 0.118398 -0.439045 -0.167978
v 0.118151 -0.446732 -0.165354
v 0.118400 -0.440526 -0.168720
v 0.118152 -0.441358 -0.167871
v 0.145763 -0.434283 -0.160049
v 0.145763 -0.436800 -0.160473
v 0.146029 -0.437422 -0.161538
v 0.145763 -0.439207 -0.161147
v 0.145761 -0.442235 -0.162347
v 0.146029 -0.442433 -0.163321
v 0.146029 -0.439013 -0.166887
v 0.146029 -0.441335 -0.167914
v 0.145772 -0.447882 -0.165238
v 0.146031 -0.446623 -0.165333
v 0.145766 -0.380645 -0.166154
v 0.144968 -0.380086 -0.165545
v 0.145557 -0.380324 -0.165996
v 0.144967 -0.380220 -0.166164
v 0.118151 -0.430244 -0.160647
v 0.146029 -0.386294 -0.160641
v 0.118127 -0.439929 -0.170603
v 0.119168 -0.448901 -0.165432
v 0.146320 -0.439928 -0.170605
v 0.145905 -0.440597 -0.169205
v 0.146320 -0.440687 -0.169263
v 0.147208 -0.440703 -0.169268
v 0.146130 -0.441628 -0.168038
v 0.146102 -0.442743 -0.167043
v 0.146320 -0.442828 -0.167079
v 0.147208 -0.442841 -0.167090
v 0.146127 -0.444091 -0.166284
v 0.146123 -0.445532 -0.165756
v 0.147208 -0.445581 -0.165790
v 0.146121 -0.447007 -0.165482
v 0.145905 -0.448540 -0.165430
v 0.146320 -0.448588 -0.165505
v 0.147205 -0.448587 -0.165522
v 0.145836 -0.450085 -0.165776
v 0.147088 -0.455255 -0.187876
v 0.147088 -0.456572 -0.187102
v 0.147088 -0.452331 -0.188674
v 0.147088 -0.449317 -0.188405
v 0.147088 -0.446573 -0.187100
v 0.147097 -0.443935 -0.184192
v 0.147079 -0.439409 -0.176664
v 0.147088 -0.440051 -0.178300
v 0.147093 -0.439145 -0.173588
v 0.147204 -0.439943 -0.170607
v 0.147204 -0.441678 -0.168083
v 0.147204 -0.444155 -0.166317
v 0.147204 -0.447075 -0.165521
v 0.147101 -0.450080 -0.165779
v 0.147088 -0.452827 -0.167081
v 0.147087 -0.455466 -0.169989
v 0.147079 -0.459992 -0.177518
v 0.147088 -0.459350 -0.175881
v 0.147093 -0.460256 -0.180593
v 0.147088 -0.459472 -0.183576
v 0.147088 -0.457735 -0.186105
v 0.148623 -0.458877 -0.181140
v 0.148562 -0.453554 -0.187355
v 0.147345 -0.456511 -0.187012
v 0.148555 -0.450905 -0.187598
v 0.148562 -0.448338 -0.186889
v 0.148562 -0.446035 -0.185146
v 0.148562 -0.440207 -0.175041
v 0.147346 -0.440153 -0.178263
v 0.148562 -0.440438 -0.172345
v 0.148562 -0.441560 -0.169888
v 0.148562 -0.443439 -0.167972
v 0.148562 -0.445847 -0.166826
v 0.148486 -0.448501 -0.166522
v 0.148562 -0.451063 -0.167292
v 0.148562 -0.453366 -0.169035
v 0.147346 -0.459888 -0.177545
v 0.148562 -0.459194 -0.179140
v 0.147346 -0.459248 -0.175919
v 0.148562 -0.458963 -0.181837
v 0.148562 -0.457840 -0.184293
v 0.147263 -0.441244 -0.180182
v 0.147253 -0.458200 -0.174060
v 0.148622 -0.452464 -0.168324
v 0.148623 -0.450484 -0.167289
v 0.148623 -0.455392 -0.186315
v 0.148623 -0.458888 -0.178410
v 0.148623 -0.442061 -0.169590
v 0.148623 -0.446418 -0.166926
v 0.148623 -0.457340 -0.184591
v 0.148623 -0.440524 -0.173042
v 0.144934 -0.440337 -0.169493
v 0.117596 -0.440687 -0.169263
v 0.118220 -0.440597 -0.169205
v 0.118013 -0.442743 -0.167043
v 0.118013 -0.441582 -0.168035
v 0.118013 -0.445486 -0.165740
v 0.118013 -0.444058 -0.166271
v 0.118220 -0.448540 -0.165430
v 0.117989 -0.447009 -0.165480
v 0.118297 -0.450080 -0.165774
v 0.144951 -0.444753 -0.163317
v 0.144967 -0.448890 -0.165428
v 0.144954 -0.448278 -0.165198
v 0.118391 -0.447852 -0.165221
v 0.119138 -0.440261 -0.168979
v 0.119134 -0.440337 -0.169492
v 0.145761 -0.440510 -0.168708
v 0.148562 -0.454807 -0.186889
v 0.148562 -0.455962 -0.186209
v 0.147345 -0.455211 -0.187776
v 0.147345 -0.453801 -0.188301
v 0.148562 -0.452240 -0.187591
v 0.147345 -0.452322 -0.188566
v 0.147345 -0.450822 -0.188567
v 0.148562 -0.449591 -0.187354
v 0.147345 -0.449344 -0.188300
v 0.147345 -0.447933 -0.187777
v 0.148486 -0.447148 -0.186265
v 0.148615 -0.447216 -0.186084
v 0.147348 -0.446631 -0.187006
v 0.147346 -0.445356 -0.185842
v 0.148566 -0.444833 -0.183586
v 0.147345 -0.444017 -0.184122
v 0.148556 -0.440433 -0.176380
v 0.148562 -0.441021 -0.177842
v 0.147346 -0.439512 -0.176636
v 0.147345 -0.439250 -0.175128
v 0.148566 -0.440211 -0.173683
v 0.147345 -0.439252 -0.173597
v 0.147345 -0.439511 -0.172090
v 0.148486 -0.440835 -0.171037
v 0.148615 -0.440978 -0.171169
v 0.148562 -0.442418 -0.168847
v 0.148562 -0.444594 -0.167292
v 0.148618 -0.448485 -0.166709
v 0.148562 -0.447160 -0.166591
v 0.148562 -0.449810 -0.166827
v 0.147345 -0.450057 -0.165882
v 0.147345 -0.451467 -0.166404
v 0.148486 -0.452253 -0.167916
v 0.147348 -0.452770 -0.167175
v 0.147346 -0.454044 -0.168339
v 0.148555 -0.454592 -0.170610
v 0.147345 -0.455384 -0.170060
v 0.148558 -0.458963 -0.177801
v 0.148562 -0.458379 -0.176339
v 0.147345 -0.460150 -0.179053
v 0.148566 -0.459189 -0.180498
v 0.147345 -0.460149 -0.180584
v 0.147345 -0.459889 -0.182091
v 0.148486 -0.458565 -0.183144
v 0.148615 -0.458423 -0.183012
v 0.147345 -0.459375 -0.183529
v 0.147345 -0.458625 -0.184856
v 0.148562 -0.456982 -0.185334
v 0.147345 -0.457660 -0.186027
v 0.148560 -0.442146 -0.179699
v 0.148567 -0.457254 -0.174493
v 0.148623 -0.452983 -0.187256
v 0.148623 -0.449634 -0.187198
v 0.148623 -0.445816 -0.184543
v 0.148623 -0.440655 -0.176730
v 0.148623 -0.444009 -0.167866
v 0.148623 -0.457899 -0.175924
v 0.144967 -0.433135 -0.166724
v 0.144966 -0.436746 -0.167498
v 0.144946 -0.385729 -0.159631
v 0.119131 -0.448307 -0.165213
v 0.119139 -0.444820 -0.163353
v 0.144966 -0.425104 -0.166380
v 0.136867 -0.393462 -0.159438
v 0.147088 -0.445285 -0.185925
v 0.146909 -0.441183 -0.180184
v 0.117595 -0.441665 -0.168076
v 0.117596 -0.444144 -0.166305
v -0.112485 -0.447068 -0.165506
v -0.113171 -0.450084 -0.165775
v 0.147088 -0.451512 -0.166305
v 0.147088 -0.454116 -0.168256
v 0.146909 -0.458218 -0.173997
v 0.119134 -0.434996 -0.167033
v 0.119133 -0.424921 -0.166378
v 0.127391 -0.393462 -0.159438
v 0.118398 -0.386354 -0.159732
v 0.119121 -0.380619 -0.166375
v 0.118588 -0.380324 -0.165996
v 0.119156 -0.380221 -0.166164
v 0.145000 -0.380621 -0.166375
v 0.118151 -0.386455 -0.165171
v 0.118398 -0.386234 -0.166074
v 0.118151 -0.380621 -0.165500
v 0.118397 -0.380220 -0.165523
v 0.118152 -0.380618 -0.162231
v 0.118151 -0.386341 -0.160640
v 0.145762 -0.386355 -0.159733
v 0.145763 -0.380220 -0.162335
v 0.145557 -0.380324 -0.161827
v 0.145782 -0.380638 -0.161581
v 0.146026 -0.380604 -0.165480
v 0.146029 -0.386455 -0.165168
v 0.145761 -0.385607 -0.166080
v 0.144978 -0.380617 -0.161350
v 0.144967 -0.380220 -0.161694
v 0.144967 -0.385711 -0.166375
v 0.119134 -0.386433 -0.159430
v -0.141970 -0.456572 -0.187102
v 0.147088 -0.453828 -0.188406
v 0.147079 -0.450812 -0.188675
v 0.147088 -0.447889 -0.187876
v 0.147088 -0.439408 -0.172061
v 0.117597 -0.442828 -0.167079
v 0.117597 -0.445572 -0.165774
v 0.147088 -0.460257 -0.179043
v 0.147088 -0.459993 -0.182120
v 0.147088 -0.458713 -0.184919
v 0.134656 -0.402244 -0.159439
v 0.132129 -0.402643 -0.159433
v 0.136864 -0.401119 -0.159442
v 0.127394 -0.401120 -0.159442
v 0.125913 -0.399377 -0.159443
v 0.125322 -0.397293 -0.159435
v 0.144967 -0.429043 -0.159434
v 0.129601 -0.392336 -0.159435
v 0.132129 -0.391946 -0.159435
v 0.129602 -0.402244 -0.159439
v 0.132131 -0.402151 -0.159954
v 0.136553 -0.400831 -0.159813
v 0.138345 -0.399378 -0.159443
v 0.138937 -0.397293 -0.159435
v 0.138358 -0.397293 -0.159890
v 0.138357 -0.395201 -0.159435
v 0.136553 -0.393755 -0.159813
v 0.134657 -0.392336 -0.159435
v 0.132131 -0.392434 -0.159953
v 0.127705 -0.393755 -0.159813
v 0.125901 -0.395201 -0.159435
v 0.125900 -0.397293 -0.159890
v 0.129797 -0.401780 -0.159951
v 0.127705 -0.400831 -0.159814
v 0.136454 -0.400750 -0.160028
v 0.134463 -0.401779 -0.159952
v 0.137921 -0.399206 -0.159814
v 0.137790 -0.399163 -0.160028
v 0.137921 -0.395380 -0.159813
v 0.136455 -0.393835 -0.160026
v 0.137790 -0.395424 -0.160028
v 0.134460 -0.392807 -0.159952
v 0.127803 -0.393835 -0.160026
v 0.129799 -0.392806 -0.159952
v 0.126337 -0.395380 -0.159813
v 0.126468 -0.395424 -0.160028
v 0.126337 -0.399206 -0.159814
v 0.126468 -0.399162 -0.160028
v 0.138287 -0.397293 -0.160164
v 0.125971 -0.397293 -0.160164
v 0.127804 -0.400750 -0.160027
v 0.132133 -0.402131 -0.166043
v 0.136440 -0.400740 -0.166042
v 0.138275 -0.397293 -0.166033
v 0.136441 -0.393845 -0.166039
v 0.132133 -0.392454 -0.166043
v 0.127817 -0.393845 -0.166039
v 0.125983 -0.397293 -0.166033
v 0.129808 -0.401762 -0.166040
v 0.127818 -0.400740 -0.166042
v 0.134454 -0.401760 -0.166041
v 0.137771 -0.399159 -0.166040
v 0.137772 -0.395429 -0.166041
v 0.134450 -0.392825 -0.166042
v 0.129812 -0.392823 -0.166041
v 0.126486 -0.395429 -0.166041
v 0.126487 -0.399159 -0.166040
v 0.129864 -0.401657 -0.166185
v 0.127920 -0.400661 -0.166185
v 0.132129 -0.402018 -0.166185
v 0.132129 -0.401900 -0.165952
v 0.129917 -0.401550 -0.165964
v 0.134394 -0.401658 -0.166185
v 0.136338 -0.400661 -0.166185
v 0.136233 -0.400576 -0.165959
v 0.134341 -0.401550 -0.165964
v 0.137640 -0.399114 -0.166185
v 0.138130 -0.397293 -0.166185
v 0.137980 -0.397293 -0.165963
v 0.137505 -0.399067 -0.165963
v 0.137640 -0.395471 -0.166185
v 0.136338 -0.393925 -0.166185
v 0.136236 -0.394009 -0.165964
v 0.137505 -0.395518 -0.165963
v 0.134394 -0.392928 -0.166185
v 0.132129 -0.392567 -0.166185
v 0.132130 -0.392685 -0.165953
v 0.134337 -0.393038 -0.165958
v 0.129864 -0.392928 -0.166185
v 0.127920 -0.393925 -0.166185
v 0.128022 -0.394009 -0.165963
v 0.129921 -0.393037 -0.165958
v 0.126618 -0.395471 -0.166185
v 0.126128 -0.397293 -0.166185
v 0.126278 -0.397293 -0.165963
v 0.126758 -0.395517 -0.165957
v 0.126618 -0.399114 -0.166185
v 0.126757 -0.399069 -0.165959
v 0.128025 -0.400576 -0.165959
v 0.136224 -0.394019 -0.159955
v 0.128034 -0.394019 -0.159954
v 0.132129 -0.401882 -0.159925
v 0.136221 -0.400566 -0.159947
v 0.137962 -0.397293 -0.159965
v 0.132133 -0.392703 -0.159928
v 0.126296 -0.397293 -0.159966
v 0.129923 -0.401537 -0.159954
v 0.128037 -0.400566 -0.159947
v 0.134335 -0.401537 -0.159954
v 0.137489 -0.399062 -0.159956
v 0.137489 -0.395524 -0.159956
v 0.134331 -0.393056 -0.159931
v 0.129931 -0.393053 -0.159934
v 0.126779 -0.395522 -0.159935
v 0.126773 -0.399064 -0.159949
v 0.130011 -0.401378 -0.159522
v 0.128193 -0.400446 -0.159522
v 0.132129 -0.401716 -0.159522
v 0.132129 -0.401376 -0.159376
v 0.130175 -0.401065 -0.159376
v 0.128498 -0.400204 -0.159376
v 0.134247 -0.401378 -0.159522
v 0.136066 -0.400446 -0.159522
v 0.135760 -0.400204 -0.159376
v 0.134083 -0.401065 -0.159376
v 0.137283 -0.398998 -0.159522
v 0.137742 -0.397293 -0.159522
v 0.137248 -0.397293 -0.159359
v 0.137283 -0.395588 -0.159522
v 0.136066 -0.394140 -0.159521
v 0.135760 -0.394382 -0.159375
v 0.134247 -0.393208 -0.159521
v 0.132129 -0.392870 -0.159521
v 0.132129 -0.393210 -0.159375
v 0.134083 -0.393521 -0.159375
v 0.130011 -0.393208 -0.159521
v 0.128193 -0.394140 -0.159521
v 0.128498 -0.394382 -0.159375
v 0.130175 -0.393521 -0.159375
v 0.126975 -0.395588 -0.159522
v 0.126516 -0.397293 -0.159522
v 0.126950 -0.397293 -0.159375
v 0.126975 -0.398998 -0.159522
v 0.127374 -0.398867 -0.159376
v 0.131228 -0.400867 -0.159326
v 0.136682 -0.398886 -0.159332
v 0.132129 -0.393758 -0.159326
v 0.127566 -0.395688 -0.159335
v 0.136692 -0.395688 -0.159335
v 0.127774 -0.397935 -0.159327
v 0.144966 -0.428969 -0.166435
v 0.144967 -0.434335 -0.159747
v 0.144967 -0.436881 -0.160177
v 0.144964 -0.439315 -0.160866
v 0.144967 -0.441882 -0.161898
v 0.144979 -0.380087 -0.162371
v 0.144961 -0.440265 -0.168992
v 0.144968 -0.386422 -0.159430
v 0.119134 -0.433135 -0.166724
v 0.119134 -0.436746 -0.167498
v 0.119135 -0.439196 -0.168420
v 0.119118 -0.380086 -0.165532
v 0.119134 -0.429036 -0.159434
v -0.113280 -0.425039 -0.166076
v -0.113982 -0.380629 -0.161346
v -0.113263 -0.380638 -0.161581
v -0.113034 -0.429477 -0.165183
v -0.113281 -0.430539 -0.166184
v -0.140912 -0.430425 -0.160657
v -0.113034 -0.434694 -0.165691
v -0.113034 -0.431476 -0.160656
v -0.113034 -0.437422 -0.161538
v -0.113034 -0.443152 -0.166460
v -0.140645 -0.434476 -0.166598
v -0.140646 -0.436860 -0.167203
v -0.140646 -0.439043 -0.167977
v -0.140644 -0.440524 -0.168718
v -0.140912 -0.435362 -0.161109
v -0.140914 -0.446623 -0.165333
v -0.140912 -0.443172 -0.166450
v -0.113280 -0.434283 -0.160049
v -0.114017 -0.436881 -0.160177
v -0.113280 -0.436800 -0.160473
v -0.113280 -0.439207 -0.161147
v -0.114017 -0.441881 -0.161897
v -0.113282 -0.442237 -0.162347
v -0.114031 -0.444752 -0.163317
v -0.113272 -0.447882 -0.165238
v -0.140911 -0.386455 -0.165171
v -0.114016 -0.385703 -0.166375
v -0.113984 -0.380625 -0.166374
v -0.114017 -0.428969 -0.166435
v -0.114017 -0.431135 -0.166537
v -0.139850 -0.424957 -0.166378
v -0.114018 -0.429039 -0.159434
v -0.114017 -0.431758 -0.159520
v -0.114017 -0.433135 -0.166724
v -0.114017 -0.436746 -0.167498
v -0.139849 -0.438205 -0.168000
v -0.114017 -0.434335 -0.159747
v -0.114019 -0.439315 -0.160866
v -0.139844 -0.444820 -0.163353
v -0.113282 -0.385642 -0.166080
v -0.113279 -0.430353 -0.159741
v -0.140646 -0.425080 -0.166076
v -0.140645 -0.386355 -0.159732
v -0.140912 -0.429491 -0.165183
v -0.140912 -0.386343 -0.160639
v -0.140647 -0.430359 -0.159741
v -0.113280 -0.380220 -0.162335
v -0.114017 -0.380220 -0.161694
v -0.113471 -0.380324 -0.161827
v -0.114061 -0.380220 -0.166163
v -0.140644 -0.430555 -0.166185
v -0.113281 -0.434473 -0.166598
v -0.113034 -0.442434 -0.163321
v -0.113280 -0.436860 -0.167203
v -0.113034 -0.439012 -0.166887
v -0.113281 -0.439063 -0.167984
v -0.140912 -0.435486 -0.165822
v -0.140646 -0.436800 -0.160473
v -0.140646 -0.434283 -0.160049
v -0.140646 -0.439207 -0.161147
v -0.140911 -0.440950 -0.162655
v -0.140644 -0.442395 -0.162417
v -0.113034 -0.380616 -0.165477
v -0.113034 -0.386294 -0.160641
v -0.113036 -0.380606 -0.162247
v -0.140911 -0.380618 -0.162231
v -0.140675 -0.380643 -0.161591
v -0.140646 -0.380220 -0.165523
v -0.139849 -0.380220 -0.166164
v -0.140440 -0.380324 -0.165996
v -0.114016 -0.380086 -0.165545
v -0.114005 -0.380087 -0.162370
v -0.113281 -0.386355 -0.159733
v -0.141971 -0.440051 -0.178300
v -0.141971 -0.459350 -0.175881
v -0.140878 -0.439930 -0.170599
v -0.141202 -0.440687 -0.169263
v -0.140788 -0.440597 -0.169205
v -0.141013 -0.441630 -0.168036
v -0.141202 -0.442828 -0.167079
v -0.140984 -0.442743 -0.167043
v -0.141010 -0.444090 -0.166284
v -0.141006 -0.445532 -0.165756
v -0.141003 -0.447005 -0.165482
v -0.141202 -0.448588 -0.165505
v -0.140788 -0.448540 -0.165430
v -0.140719 -0.450084 -0.165776
v -0.141971 -0.455255 -0.187875
v -0.141971 -0.453828 -0.188406
v -0.141970 -0.452331 -0.188674
v -0.141961 -0.450812 -0.188675
v -0.141971 -0.449317 -0.188405
v -0.141971 -0.447888 -0.187876
v -0.141971 -0.446573 -0.187100
v -0.141970 -0.445285 -0.185925
v -0.141976 -0.443948 -0.184209
v -0.141962 -0.439409 -0.176664
v -0.141971 -0.439144 -0.175138
v -0.141976 -0.439145 -0.173588
v -0.141971 -0.439408 -0.172061
v -0.142103 -0.439952 -0.170611
v -0.142087 -0.441678 -0.168083
v -0.142087 -0.444155 -0.166317
v -0.142087 -0.447075 -0.165520
v -0.141984 -0.450080 -0.165779
v -0.141971 -0.451512 -0.166305
v -0.141971 -0.452827 -0.167081
v -0.141970 -0.454116 -0.168256
v -0.141970 -0.455465 -0.169988
v -0.141974 -0.458219 -0.174001
v -0.141962 -0.459992 -0.177518
v -0.141971 -0.460257 -0.179043
v -0.141976 -0.460256 -0.180593
v -0.141971 -0.459993 -0.182120
v -0.141971 -0.459472 -0.183576
v -0.141970 -0.458713 -0.184919
v -0.141970 -0.457735 -0.186105
v -0.143506 -0.457340 -0.184592
v -0.143506 -0.458973 -0.181148
v -0.142228 -0.453801 -0.188301
v -0.142228 -0.455211 -0.187776
v -0.143445 -0.455962 -0.186209
v -0.142228 -0.450822 -0.188566
v -0.142228 -0.452323 -0.188565
v -0.142228 -0.447933 -0.187777
v -0.142228 -0.449344 -0.188300
v -0.142229 -0.445354 -0.185840
v -0.142229 -0.446634 -0.187010
v -0.143369 -0.447149 -0.186265
v -0.142228 -0.444017 -0.184122
v -0.142228 -0.439250 -0.175128
v -0.142230 -0.439514 -0.176640
v -0.143445 -0.441025 -0.177848
v -0.143369 -0.440375 -0.176398
v -0.142228 -0.439511 -0.172090
v -0.142228 -0.439252 -0.173597
v -0.142091 -0.440703 -0.169268
v -0.142090 -0.442841 -0.167090
v -0.142090 -0.445581 -0.165789
v -0.142088 -0.448587 -0.165522
v -0.142228 -0.451467 -0.166404
v -0.142228 -0.450057 -0.165881
v -0.142229 -0.454046 -0.168341
v -0.142229 -0.452767 -0.167172
v -0.143369 -0.452253 -0.167916
v -0.142228 -0.455384 -0.170059
v -0.142228 -0.460150 -0.179053
v -0.142230 -0.459886 -0.177541
v -0.143445 -0.458375 -0.176333
v -0.143369 -0.459026 -0.177783
v -0.142228 -0.459889 -0.182091
v -0.142228 -0.460149 -0.180584
v -0.142228 -0.458625 -0.184855
v -0.142228 -0.459375 -0.183529
v -0.142228 -0.457660 -0.186027
v -0.141970 -0.441185 -0.180187
v -0.143506 -0.453580 -0.169632
v -0.142228 -0.441278 -0.180132
v -0.143506 -0.448917 -0.186893
v -0.143498 -0.452184 -0.168097
v -0.143506 -0.450484 -0.167289
v -0.143506 -0.457946 -0.176023
v -0.143506 -0.442060 -0.169590
v -0.143506 -0.447175 -0.166751
v -0.143498 -0.458854 -0.177830
v -0.143506 -0.444009 -0.167866
v -0.143506 -0.452983 -0.187256
v -0.143500 -0.450916 -0.187473
v -0.143505 -0.446937 -0.185857
v -0.143498 -0.440547 -0.176351
v -0.143506 -0.440427 -0.173033
v -0.112479 -0.439928 -0.170605
v -0.113103 -0.440597 -0.169205
v -0.112485 -0.440687 -0.169263
v -0.112895 -0.441582 -0.168035
v -0.112895 -0.442743 -0.167043
v -0.112478 -0.442828 -0.167079
v -0.112895 -0.444058 -0.166271
v -0.112895 -0.445486 -0.165740
v -0.112480 -0.445572 -0.165774
v -0.112895 -0.446985 -0.165468
v -0.113043 -0.448575 -0.165463
v 0.117521 -0.448590 -0.165505
v -0.140652 -0.447849 -0.165220
v -0.139852 -0.448304 -0.165212
v -0.139815 -0.448901 -0.165432
v -0.113034 -0.446732 -0.165354
v -0.113034 -0.445228 -0.165636
v -0.113034 -0.441334 -0.167914
v -0.113284 -0.440512 -0.168712
v -0.114027 -0.440265 -0.168986
v -0.114072 -0.440336 -0.169496
v -0.139843 -0.440265 -0.168991
v -0.139831 -0.439608 -0.168626
v -0.140911 -0.441338 -0.167862
v -0.143445 -0.454806 -0.186889
v -0.143445 -0.453554 -0.187355
v -0.142228 -0.456511 -0.187012
v -0.143369 -0.450900 -0.187659
v -0.143445 -0.452240 -0.187590
v -0.143445 -0.449591 -0.187354
v -0.143445 -0.448338 -0.186889
v -0.143444 -0.446039 -0.185151
v -0.143445 -0.444759 -0.183496
v -0.143449 -0.442051 -0.179533
v -0.143445 -0.440207 -0.175041
v -0.142229 -0.440152 -0.178260
v -0.143449 -0.440212 -0.173683
v -0.143445 -0.440438 -0.172345
v -0.143445 -0.440895 -0.171067
v -0.143445 -0.441560 -0.169889
v -0.143445 -0.442418 -0.168847
v -0.143445 -0.443439 -0.167972
v -0.143445 -0.444594 -0.167293
v -0.143445 -0.445847 -0.166826
v -0.143445 -0.447160 -0.166591
v -0.143438 -0.448496 -0.166583
v -0.143445 -0.449810 -0.166827
v -0.143445 -0.451063 -0.167292
v -0.143444 -0.453361 -0.169030
v -0.143443 -0.454688 -0.170743
v -0.143449 -0.457349 -0.174648
v -0.142228 -0.458122 -0.174049
v -0.143445 -0.459194 -0.179140
v -0.142229 -0.459249 -0.175921
v -0.143449 -0.459189 -0.180498
v -0.143445 -0.458963 -0.181836
v -0.143445 -0.458506 -0.183114
v -0.143445 -0.457840 -0.184293
v -0.143445 -0.456982 -0.185334
v -0.143506 -0.455392 -0.186315
v -0.143506 -0.441506 -0.178264
v -0.139851 -0.429055 -0.159434
v -0.139850 -0.431757 -0.159520
v -0.139850 -0.433135 -0.166724
v -0.139849 -0.431135 -0.166537
v -0.139849 -0.434996 -0.167033
v -0.139849 -0.436746 -0.167498
v -0.114018 -0.439196 -0.168420
v -0.139851 -0.380086 -0.162358
v -0.139849 -0.428969 -0.166435
v -0.139849 -0.434335 -0.159747
v -0.139861 -0.380621 -0.166374
v -0.133819 -0.397293 -0.159435
v -0.139867 -0.380086 -0.165532
v -0.139805 -0.380220 -0.161695
v -0.114030 -0.448278 -0.165198
v -0.114016 -0.424949 -0.166378
v -0.120205 -0.397293 -0.159435
v -0.139850 -0.386161 -0.159490
v -0.139865 -0.380621 -0.161349
v -0.113034 -0.386456 -0.165168
v -0.113278 -0.380644 -0.166154
v -0.113471 -0.380324 -0.165996
v -0.113278 -0.380221 -0.165506
v -0.140440 -0.380324 -0.161827
v -0.140647 -0.380221 -0.162350
v -0.140912 -0.380621 -0.165500
v -0.140680 -0.380641 -0.166126
v -0.140645 -0.386221 -0.166074
v -0.114023 -0.386353 -0.159431
v -0.114017 -0.399730 -0.159431
v -0.139849 -0.386433 -0.159430
v 0.147088 -0.439144 -0.175138
v -0.112478 -0.441665 -0.168076
v -0.112479 -0.444144 -0.166305
v -0.129538 -0.402244 -0.159439
v -0.127012 -0.402633 -0.159441
v -0.127012 -0.391946 -0.159435
v -0.122276 -0.401119 -0.159442
v -0.120795 -0.399378 -0.159443
v -0.139849 -0.399266 -0.159431
v -0.124484 -0.392336 -0.159435
v -0.124484 -0.402243 -0.159439
v -0.122588 -0.400831 -0.159813
v -0.131747 -0.401120 -0.159442
v -0.133228 -0.399377 -0.159443
v -0.132803 -0.399206 -0.159813
v -0.133240 -0.395201 -0.159435
v -0.132804 -0.395379 -0.159813
v -0.131750 -0.393462 -0.159438
v -0.129540 -0.392336 -0.159434
v -0.122273 -0.393462 -0.159438
v -0.120784 -0.395201 -0.159435
v -0.121220 -0.395379 -0.159813
v -0.121220 -0.399206 -0.159813
v -0.122687 -0.400751 -0.160027
v -0.131436 -0.400831 -0.159813
v -0.133240 -0.397293 -0.159890
v -0.131436 -0.393755 -0.159813
v -0.122588 -0.393755 -0.159813
v -0.120783 -0.397293 -0.159890
v -0.124680 -0.401779 -0.159953
v -0.122703 -0.400742 -0.166041
v -0.127010 -0.402151 -0.159954
v -0.129341 -0.401780 -0.159952
v -0.131336 -0.400751 -0.160027
v -0.132673 -0.399163 -0.160027
v -0.133170 -0.397293 -0.160164
v -0.132673 -0.395424 -0.160028
v -0.131337 -0.393835 -0.160026
v -0.129341 -0.392806 -0.159952
v -0.127010 -0.392434 -0.159953
v -0.124680 -0.392807 -0.159952
v -0.122686 -0.393835 -0.160026
v -0.121350 -0.395425 -0.160027
v -0.120854 -0.397293 -0.160164
v -0.121350 -0.399162 -0.160027
v -0.124691 -0.401760 -0.166042
v -0.127008 -0.402131 -0.166043
v -0.129329 -0.401762 -0.166041
v -0.131320 -0.400742 -0.166041
v -0.132654 -0.399159 -0.166040
v -0.133158 -0.397293 -0.166033
v -0.132654 -0.395429 -0.166041
v -0.131324 -0.393845 -0.166039
v -0.129329 -0.392823 -0.166041
v -0.127008 -0.392454 -0.166043
v -0.124691 -0.392825 -0.166042
v -0.122700 -0.393845 -0.166039
v -0.121366 -0.395432 -0.166039
v -0.120868 -0.397293 -0.166036
v -0.121367 -0.399157 -0.166039
v -0.124747 -0.401657 -0.166185
v -0.122803 -0.400661 -0.166185
v -0.122909 -0.400576 -0.165958
v -0.127012 -0.402018 -0.166185
v -0.129277 -0.401657 -0.166185
v -0.131221 -0.400661 -0.166185
v -0.132522 -0.399114 -0.166185
v -0.133012 -0.397293 -0.166185
v -0.132522 -0.395471 -0.166185
v -0.131221 -0.393925 -0.166185
v -0.129277 -0.392928 -0.166185
v -0.127012 -0.392567 -0.166185
v -0.124747 -0.392928 -0.166185
v -0.122803 -0.393925 -0.166185
v -0.121501 -0.395471 -0.166185
v -0.121011 -0.397293 -0.166185
v -0.121501 -0.399114 -0.166185
v -0.124800 -0.401550 -0.165964
v -0.132384 -0.399069 -0.165959
v -0.132864 -0.397293 -0.165965
v -0.127012 -0.392685 -0.165955
v -0.122905 -0.394009 -0.165963
v -0.121636 -0.395518 -0.165963
v -0.121161 -0.397293 -0.165963
v -0.121639 -0.399069 -0.165959
v -0.122926 -0.400565 -0.159934
v -0.127012 -0.401900 -0.165952
v -0.129220 -0.401548 -0.165958
v -0.131114 -0.400576 -0.165957
v -0.132383 -0.395517 -0.165957
v -0.131114 -0.394009 -0.165957
v -0.129220 -0.393038 -0.165957
v -0.124803 -0.393038 -0.165957
v -0.124806 -0.401537 -0.159954
v -0.127012 -0.401882 -0.159925
v -0.129210 -0.401533 -0.159934
v -0.131097 -0.400565 -0.159934
v -0.132367 -0.399064 -0.159948
v -0.132847 -0.397293 -0.159970
v -0.132362 -0.395522 -0.159935
v -0.131097 -0.394021 -0.159934
v -0.129214 -0.393055 -0.159931
v -0.127012 -0.392699 -0.159939
v -0.124810 -0.393056 -0.159931
v -0.122917 -0.394019 -0.159954
v -0.121652 -0.395524 -0.159956
v -0.121178 -0.397293 -0.159966
v -0.121656 -0.399064 -0.159949
v -0.124893 -0.401378 -0.159522
v -0.123075 -0.400446 -0.159522
v -0.123554 -0.400159 -0.159336
v -0.125058 -0.401065 -0.159376
v -0.127012 -0.401376 -0.159376
v -0.127012 -0.401716 -0.159522
v -0.129130 -0.401378 -0.159522
v -0.128965 -0.401065 -0.159376
v -0.130643 -0.400204 -0.159376
v -0.130948 -0.400446 -0.159522
v -0.132166 -0.398998 -0.159522
v -0.131767 -0.398867 -0.159375
v -0.132625 -0.397293 -0.159522
v -0.132166 -0.395588 -0.159521
v -0.131574 -0.395688 -0.159335
v -0.130643 -0.394382 -0.159375
v -0.130948 -0.394140 -0.159521
v -0.129130 -0.393208 -0.159521
v -0.128965 -0.393521 -0.159375
v -0.127012 -0.393210 -0.159375
v -0.127012 -0.392870 -0.159521
v -0.124893 -0.393208 -0.159521
v -0.125058 -0.393521 -0.159375
v -0.123381 -0.394382 -0.159375
v -0.123075 -0.394140 -0.159521
v -0.121857 -0.395588 -0.159521
v -0.122449 -0.395688 -0.159335
v -0.121833 -0.397293 -0.159375
v -0.121398 -0.397293 -0.159522
v -0.121857 -0.398998 -0.159522
v -0.122257 -0.398867 -0.159375
v -0.129561 -0.400338 -0.159326
v -0.127014 -0.393761 -0.159326
v -0.122656 -0.397934 -0.159327
v -0.132130 -0.397293 -0.159359
v -0.139848 -0.436881 -0.160177
v -0.139849 -0.439316 -0.160866
v -0.139844 -0.441880 -0.161897
v -0.139849 -0.440337 -0.169491
v -0.114016 -0.434995 -0.167033
v -0.114017 -0.438206 -0.168000
v -0.114017 -0.448890 -0.165428
v -0.415472 -0.390765 -0.127116
v 0.414907 -0.390765 -0.127117
v 0.414907 -0.335825 -0.127117
v -0.415472 -0.335825 -0.127117
v 0.418793 -0.390765 -0.130414
v 0.418793 -0.390766 -0.412970
v 0.418793 -0.335825 -0.412971
v 0.418793 -0.335825 -0.130414
v 0.414907 -0.390766 -0.416267
v -0.415472 -0.390766 -0.416267
v -0.415472 -0.335826 -0.416268
v 0.414907 -0.335825 -0.416268
v -0.419358 -0.390766 -0.412970
v -0.419358 -0.390765 -0.130413
v -0.419358 -0.335825 -0.130413
v -0.419358 -0.335826 -0.412970
v 0.414907 -0.393809 -0.412970
v 0.414907 -0.393809 -0.130414
v -0.415472 -0.393809 -0.130413
v -0.415472 -0.393809 -0.412970
v 0.381596 -0.367721 -0.384708
v -0.382162 -0.367721 -0.384708
v -0.382161 -0.367721 -0.158675
v 0.381596 -0.367721 -0.158676
v 0.415466 -0.332792 -0.133680
v 0.415455 -0.332796 -0.409703
v -0.416032 -0.332792 -0.409705
v -0.416021 -0.332796 -0.133680
v -0.382161 -0.335825 -0.155379
v 0.381596 -0.335825 -0.155379
v 0.381596 -0.364678 -0.155379
v -0.382162 -0.364678 -0.155379
v 0.385482 -0.335825 -0.158676
v 0.385482 -0.335825 -0.384708
v 0.385482 -0.364678 -0.384708
v 0.385483 -0.364678 -0.158676
v 0.381596 -0.335825 -0.388006
v -0.382162 -0.335826 -0.388006
v -0.382162 -0.364678 -0.388006
v 0.381596 -0.364678 -0.388006
v -0.386048 -0.335825 -0.384708
v -0.386048 -0.335825 -0.158675
v -0.386048 -0.364677 -0.158675
v -0.386048 -0.364678 -0.384708
v -0.417031 -0.390765 -0.127285
v -0.417028 -0.392064 -0.127408
v 0.416567 -0.393538 -0.129089
v 0.414907 -0.393653 -0.129091
v 0.414907 -0.393654 -0.414293
v 0.416547 -0.393513 -0.414361
v 0.416466 -0.393654 -0.412970
v -0.419160 -0.390766 -0.414293
v -0.418980 -0.392050 -0.414362
v -0.419160 -0.391987 -0.412970
v -0.416755 -0.334453 -0.127354
v -0.417031 -0.335825 -0.127285
v 0.418517 -0.334472 -0.129311
v 0.418594 -0.335825 -0.129091
v 0.416182 -0.334460 -0.416035
v 0.416466 -0.335825 -0.416100
v -0.419075 -0.334470 -0.414089
v -0.419160 -0.335826 -0.414294
v -0.384396 -0.332934 -0.153480
v -0.386528 -0.332783 -0.152584
v 0.387722 -0.332941 -0.156917
v 0.388868 -0.332782 -0.155218
v 0.383974 -0.332934 -0.389846
v 0.385716 -0.332783 -0.390963
v -0.388227 -0.332941 -0.386587
v -0.389857 -0.332782 -0.387102
v -0.382162 -0.365899 -0.155547
v -0.383802 -0.365962 -0.155699
v -0.383721 -0.364678 -0.155547
v 0.385284 -0.365899 -0.158676
v 0.385104 -0.365962 -0.157284
v 0.385284 -0.364678 -0.157353
v 0.381596 -0.365899 -0.387838
v 0.383236 -0.365962 -0.387685
v 0.383155 -0.364678 -0.387838
v -0.385849 -0.365899 -0.384708
v -0.385670 -0.365962 -0.386100
v -0.385849 -0.364678 -0.386032
v 0.414907 -0.391987 -0.127285
v 0.416466 -0.390765 -0.127285
v 0.416466 -0.335825 -0.127285
v -0.414199 -0.332925 -0.129088
v 0.413162 -0.332916 -0.129114
v 0.418594 -0.391987 -0.130414
v 0.418594 -0.391987 -0.412970
v 0.418594 -0.390766 -0.414293
v 0.418594 -0.335825 -0.414294
v 0.416483 -0.332938 -0.131262
v 0.414907 -0.391987 -0.416099
v -0.417028 -0.392064 -0.415976
v -0.417031 -0.390766 -0.416099
v -0.417031 -0.335826 -0.416099
v 0.413633 -0.332926 -0.414295
v -0.413728 -0.332917 -0.414270
v -0.419159 -0.391987 -0.130413
v -0.417049 -0.332938 -0.412122
v -0.382283 -0.334581 -0.155202
v 0.381717 -0.334581 -0.155202
v 0.385690 -0.334581 -0.158573
v 0.385690 -0.334582 -0.384812
v 0.381717 -0.334582 -0.388182
v -0.382283 -0.334582 -0.388182
v -0.386255 -0.334582 -0.384812
v -0.386255 -0.334581 -0.158573
v -0.389782 -0.332782 -0.156077
v 0.384635 -0.332782 -0.152165
v 0.389281 -0.332782 -0.387192
v -0.386578 -0.332783 -0.390816
v -0.382161 -0.367565 -0.157353
v 0.381596 -0.367566 -0.157353
v 0.383155 -0.367566 -0.158676
v 0.383155 -0.367566 -0.384708
v 0.381596 -0.367566 -0.386032
v -0.382162 -0.367566 -0.386032
v -0.383721 -0.367566 -0.384708
v -0.383721 -0.367565 -0.158675
v -0.385849 -0.335825 -0.157352
v -0.385849 -0.364678 -0.157353
v 0.383155 -0.335825 -0.155547
v 0.383155 -0.364678 -0.155547
v 0.385284 -0.335825 -0.386032
v 0.385284 -0.364678 -0.386032
v -0.383721 -0.335826 -0.387837
v -0.383834 -0.365881 -0.387712
v -0.419159 -0.390765 -0.129091
v -0.418980 -0.392050 -0.129022
v -0.418341 -0.391838 -0.127979
v -0.417031 -0.393653 -0.130413
v -0.418359 -0.392986 -0.129264
v 0.418414 -0.392050 -0.129022
v 0.417782 -0.393002 -0.129244
v 0.416547 -0.392050 -0.127437
v 0.417756 -0.391841 -0.127983
v 0.416547 -0.392050 -0.415947
v 0.416316 -0.393021 -0.415371
v 0.418414 -0.392050 -0.414361
v 0.417796 -0.391825 -0.415378
v -0.418355 -0.391855 -0.415382
v -0.415472 -0.393654 -0.414293
v -0.417112 -0.393513 -0.414362
v -0.416841 -0.392990 -0.415408
v -0.416052 -0.333569 -0.127879
v -0.413976 -0.332782 -0.130450
v -0.417044 -0.332939 -0.131256
v -0.416229 -0.332923 -0.129772
v -0.417700 -0.333542 -0.128524
v -0.418341 -0.334507 -0.127972
v 0.417865 -0.333542 -0.129921
v 0.413407 -0.332782 -0.130444
v 0.415663 -0.332923 -0.129772
v 0.417134 -0.333542 -0.128523
v 0.417792 -0.334526 -0.127970
v 0.415486 -0.333570 -0.415505
v 0.413411 -0.332782 -0.412933
v 0.416478 -0.332939 -0.412128
v 0.415663 -0.332923 -0.413613
v 0.417134 -0.333543 -0.414861
v 0.417770 -0.334517 -0.415425
v -0.418420 -0.333539 -0.413472
v -0.413974 -0.332782 -0.412940
v -0.416229 -0.332923 -0.413613
v -0.417700 -0.333543 -0.414860
v -0.418343 -0.334516 -0.415419
v -0.382731 -0.333542 -0.154554
v -0.383850 -0.334581 -0.155417
v -0.384364 -0.333542 -0.154863
v -0.385076 -0.335825 -0.156203
v -0.386002 -0.334581 -0.157242
v -0.385199 -0.334581 -0.156098
v -0.385763 -0.333542 -0.155620
v -0.386654 -0.333542 -0.156807
v -0.386815 -0.332932 -0.154728
v 0.386454 -0.333542 -0.158193
v 0.385437 -0.334581 -0.157242
v 0.386089 -0.333542 -0.156807
v 0.384511 -0.335825 -0.156203
v 0.383285 -0.334581 -0.155417
v 0.384633 -0.334581 -0.156098
v 0.385197 -0.333542 -0.155620
v 0.383798 -0.333542 -0.154864
v 0.386249 -0.332932 -0.154728
v 0.382165 -0.333543 -0.388830
v 0.383285 -0.334582 -0.387967
v 0.383798 -0.333543 -0.388520
v 0.384511 -0.335825 -0.387182
v 0.385437 -0.334582 -0.386142
v 0.384633 -0.334582 -0.387286
v 0.385197 -0.333543 -0.387765
v 0.386089 -0.333543 -0.386577
v 0.386250 -0.332932 -0.388657
v -0.387019 -0.333543 -0.385192
v -0.386002 -0.334582 -0.386142
v -0.386654 -0.333543 -0.386577
v -0.385076 -0.335826 -0.387182
v -0.383851 -0.334582 -0.387967
v -0.385199 -0.334582 -0.387286
v -0.385763 -0.333543 -0.387765
v -0.384364 -0.333543 -0.388520
v -0.386815 -0.332932 -0.388657
v -0.383802 -0.367425 -0.157284
v -0.383571 -0.366894 -0.156232
v -0.385849 -0.365899 -0.158675
v -0.385670 -0.365962 -0.157284
v -0.385046 -0.366910 -0.157539
v 0.383236 -0.367425 -0.157284
v 0.384461 -0.366900 -0.157469
v 0.381596 -0.365899 -0.155547
v 0.383236 -0.365962 -0.155699
v 0.382968 -0.366928 -0.156266
v 0.383236 -0.367425 -0.386100
v 0.383030 -0.366906 -0.387126
v 0.385284 -0.365899 -0.384709
v 0.385104 -0.365962 -0.386100
v 0.384480 -0.366910 -0.385846
v -0.383802 -0.367425 -0.386100
v -0.385027 -0.366900 -0.385915
v -0.382162 -0.365899 -0.387837
v -0.383507 -0.366916 -0.387144
v -0.417016 -0.393538 -0.128998
v 0.418594 -0.390765 -0.129091
v 0.416189 -0.334464 -0.127347
v 0.415500 -0.333552 -0.127895
v -0.419159 -0.335825 -0.129091
v 0.416466 -0.390766 -0.416099
v 0.418514 -0.334476 -0.414090
v 0.417855 -0.333537 -0.413500
v -0.416763 -0.334459 -0.416032
v -0.416068 -0.333552 -0.415489
v -0.417031 -0.393654 -0.412970
v -0.419086 -0.334477 -0.129306
v -0.418431 -0.333540 -0.129893
v 0.384025 -0.332932 -0.153543
v 0.382165 -0.333542 -0.154554
v 0.387662 -0.332940 -0.386594
v 0.386454 -0.333543 -0.385192
v -0.384446 -0.332933 -0.389901
v -0.382731 -0.333543 -0.388830
v -0.388289 -0.332939 -0.156911
v -0.387019 -0.333542 -0.158193
v -0.383721 -0.335825 -0.155547
v 0.385284 -0.335825 -0.157353
v 0.383155 -0.335825 -0.387838
v -0.385849 -0.335825 -0.386032
v -0.417880 -0.392651 -0.128371
v -0.416774 -0.393010 -0.127982
v 0.417314 -0.392651 -0.128371
v 0.416259 -0.392997 -0.127996
v 0.417315 -0.392652 -0.415013
v 0.417774 -0.392991 -0.414108
v -0.417880 -0.392652 -0.415013
v -0.418311 -0.393021 -0.414089
v -0.384570 -0.366563 -0.156633
v -0.385054 -0.365702 -0.156272
v 0.384004 -0.366563 -0.156633
v 0.384441 -0.365721 -0.156244
v 0.384003 -0.366564 -0.386752
v 0.384489 -0.365701 -0.387113
v -0.384570 -0.366564 -0.386752
v -0.384994 -0.365703 -0.387163
v -0.416988 -0.333292 -0.126961
v -0.308383 -0.388319 -0.121068
v -0.305644 -0.382105 -0.120935
v -0.389225 -0.390560 -0.121149
v -0.394825 -0.390702 -0.121181
v -0.390303 -0.390713 -0.121394
v -0.302125 -0.333129 -0.088895
v -0.295818 -0.333472 -0.088748
v 0.417046 -0.335221 -0.127116
v -0.415924 -0.385446 -0.127134
v -0.363171 -0.390443 -0.121188
v -0.388897 -0.390163 -0.120954
v -0.358034 -0.390671 -0.121422
v -0.329167 -0.390576 -0.121425
v -0.358056 -0.390064 -0.121096
v -0.340285 -0.390765 -0.121779
v -0.311812 -0.386337 -0.120990
v -0.378756 -0.389432 -0.120930
v -0.330262 -0.377703 -0.120767
v -0.320656 -0.375803 -0.120812
v -0.348784 -0.382174 -0.120731
v -0.318706 -0.376560 -0.120926
v -0.357010 -0.384525 -0.120887
v -0.359212 -0.384681 -0.120704
v -0.331467 -0.378403 -0.120890
v -0.417060 -0.333794 -0.088755
v -0.296263 -0.334429 -0.088676
v -0.417082 -0.333306 -0.088901
v -0.282219 -0.370012 -0.088677
v 0.299109 -0.368110 -0.088652
v -0.275681 -0.371309 -0.088898
v -0.251644 -0.371084 -0.088897
v -0.267879 -0.370794 -0.088750
v -0.307433 -0.368758 -0.088652
v -0.418932 -0.338226 -0.126109
v -0.418891 -0.335246 -0.126469
v -0.376904 -0.388038 -0.120731
v -0.386481 -0.389501 -0.120633
v -0.368319 -0.386518 -0.120689
v -0.359336 -0.384600 -0.119729
v -0.368707 -0.386501 -0.119750
v -0.380224 -0.388488 -0.119865
v -0.393926 -0.390417 -0.119827
v -0.331852 -0.377884 -0.120612
v -0.349767 -0.382285 -0.119715
v -0.320404 -0.375479 -0.120607
v -0.320396 -0.375361 -0.119829
v -0.330301 -0.377439 -0.119851
v -0.320396 -0.375339 -0.090169
v -0.310546 -0.374001 -0.120607
v -0.300688 -0.372990 -0.120607
v -0.297925 -0.373073 -0.120813
v -0.310546 -0.373866 -0.119770
v -0.290830 -0.372342 -0.120607
v -0.276889 -0.372072 -0.120768
v -0.280970 -0.371795 -0.119728
v -0.290802 -0.372186 -0.119728
v -0.276707 -0.371816 -0.120608
v -0.252164 -0.371568 -0.120607
v -0.252232 -0.371821 -0.120767
v -0.271076 -0.371559 -0.119724
v -0.236559 -0.371390 -0.090151
v -0.256166 -0.371439 -0.119914
v -0.394240 -0.390510 -0.120667
v -0.417279 -0.332841 -0.126506
v -0.418513 -0.333300 -0.090165
v -0.418516 -0.390289 -0.090205
v -0.418891 -0.388391 -0.126479
v -0.418932 -0.385449 -0.091586
v -0.359372 -0.384596 -0.090143
v -0.340037 -0.379804 -0.119737
v -0.300676 -0.372839 -0.119729
v -0.280974 -0.371781 -0.090144
v -0.236162 -0.371396 -0.118368
v -0.396472 -0.390691 -0.120722
v -0.398136 -0.390765 -0.091585
v -0.418553 -0.333877 -0.126839
v -0.418246 -0.333250 -0.126754
v -0.418514 -0.335705 -0.126958
v -0.418759 -0.335660 -0.126787
v -0.418765 -0.333791 -0.126401
v -0.418518 -0.333292 -0.126395
v -0.415929 -0.332792 -0.126110
v -0.397815 -0.390765 -0.121637
v -0.290877 -0.390508 -0.121428
v -0.301427 -0.389775 -0.121203
v 0.285565 -0.389738 -0.121200
v 0.415726 -0.332835 -0.089946
v -0.328820 -0.332828 -0.089892
v -0.316140 -0.332931 -0.089136
v -0.417225 -0.332842 -0.089945
v -0.415939 -0.332792 -0.091665
v -0.418105 -0.333000 -0.090156
v -0.418248 -0.333251 -0.089191
v -0.417022 -0.332995 -0.089155
v -0.418758 -0.389817 -0.090134
v -0.418620 -0.389746 -0.089180
v -0.418393 -0.390149 -0.089167
v -0.418514 -0.387930 -0.088899
v -0.418761 -0.387977 -0.089142
v -0.368780 -0.386502 -0.090142
v -0.377433 -0.388013 -0.090175
v -0.368729 -0.386064 -0.088897
v -0.368729 -0.386326 -0.089141
v -0.357601 -0.384058 -0.089152
v -0.379541 -0.387911 -0.088894
v -0.379816 -0.388229 -0.089137
v -0.396715 -0.390283 -0.088898
v -0.394018 -0.390412 -0.090183
v -0.384920 -0.389160 -0.090178
v -0.330256 -0.377407 -0.090169
v -0.339992 -0.379780 -0.090140
v -0.331477 -0.377312 -0.088898
v -0.320530 -0.375167 -0.089010
v -0.331601 -0.377561 -0.089146
v -0.357460 -0.383779 -0.088904
v -0.349824 -0.382287 -0.090134
v -0.290809 -0.372172 -0.090147
v -0.300671 -0.372825 -0.090138
v -0.291063 -0.372005 -0.089007
v -0.275986 -0.371504 -0.089142
v -0.300868 -0.372659 -0.089007
v -0.310679 -0.373676 -0.089009
v -0.310543 -0.373849 -0.090166
v -0.257372 -0.371428 -0.090149
v -0.251853 -0.371273 -0.089142
v -0.271080 -0.371545 -0.090141
v -0.396482 -0.390677 -0.090151
v -0.393964 -0.390224 -0.089143
v -0.397384 -0.390572 -0.089143
v -0.284317 -0.373284 -0.120918
v -0.310841 -0.374344 -0.120812
v -0.269080 -0.372262 -0.120863
v -0.372823 -0.387662 -0.120891
v -0.417279 -0.390719 -0.126506
v -0.398138 -0.390718 -0.089899
v -0.417044 -0.390286 -0.088901
v -0.415929 -0.390765 -0.091585
v -0.418106 -0.390575 -0.126382
v -0.418250 -0.390331 -0.126753
v -0.418553 -0.389732 -0.126841
v -0.416953 -0.390575 -0.126788
v -0.416990 -0.390292 -0.126961
v -0.418023 -0.333611 -0.088883
v -0.418514 -0.335701 -0.088901
v -0.418107 -0.335687 -0.088753
v -0.417003 -0.389819 -0.127064
v -0.418020 -0.390000 -0.126970
v -0.418514 -0.387922 -0.126959
v -0.418104 -0.387981 -0.127062
v -0.416948 -0.332992 -0.126788
v -0.418015 -0.333593 -0.126969
v -0.418106 -0.332993 -0.126385
v -0.418518 -0.390291 -0.126394
v -0.417234 -0.390717 -0.089988
v -0.417018 -0.390567 -0.089143
v -0.418013 -0.390368 -0.089089
v -0.418104 -0.390569 -0.090156
v -0.396705 -0.388434 -0.088676
v -0.396689 -0.389808 -0.088750
v -0.320545 -0.373467 -0.088676
v -0.315271 -0.373760 -0.088750
v -0.296134 -0.371809 -0.088750
v -0.374009 -0.386608 -0.088749
v -0.365205 -0.383894 -0.088676
v -0.357189 -0.383296 -0.088752
v -0.331483 -0.376943 -0.088749
v -0.415887 -0.337704 -0.088652
v -0.418932 -0.338226 -0.091585
v -0.418932 -0.385452 -0.126110
v -0.418760 -0.387964 -0.126789
v -0.418765 -0.389820 -0.126401
v -0.418890 -0.388329 -0.089979
v -0.417234 -0.388266 -0.088677
v -0.418100 -0.388066 -0.088756
v -0.418289 -0.389677 -0.088888
v -0.417052 -0.389818 -0.088755
v -0.417210 -0.388413 -0.127116
v -0.417206 -0.335283 -0.088677
v -0.415654 -0.387282 -0.088652
v -0.418889 -0.335305 -0.089992
v -0.418758 -0.335639 -0.089143
v -0.418563 -0.333867 -0.089078
v -0.418761 -0.333794 -0.090153
v -0.417196 -0.335229 -0.127116
v -0.415931 -0.338220 -0.127134
v -0.418107 -0.335646 -0.127061
v -0.417004 -0.333792 -0.127064
v 0.415790 -0.390765 -0.126110
v 0.305923 -0.381975 -0.120933
v 0.417139 -0.332841 -0.126507
v 0.388822 -0.390135 -0.120915
v 0.390212 -0.390716 -0.121398
v 0.394523 -0.390699 -0.121182
v 0.396351 -0.390700 -0.120825
v 0.295636 -0.334425 -0.088676
v -0.415930 -0.390765 -0.126109
v 0.339585 -0.390602 -0.121421
v 0.389090 -0.390560 -0.121149
v 0.377410 -0.390191 -0.121029
v 0.341975 -0.390765 -0.121778
v 0.365406 -0.390451 -0.121176
v 0.311775 -0.388441 -0.121070
v 0.330847 -0.377941 -0.120814
v 0.320466 -0.375798 -0.120813
v 0.325072 -0.377467 -0.120925
v 0.356869 -0.384525 -0.120887
v 0.416922 -0.333795 -0.088755
v 0.302581 -0.333136 -0.088893
v 0.251917 -0.371087 -0.088897
v 0.275535 -0.371308 -0.088898
v 0.280667 -0.369926 -0.088677
v 0.267594 -0.370792 -0.088750
v 0.418752 -0.335252 -0.090004
v 0.386659 -0.389553 -0.120639
v 0.384367 -0.389120 -0.119863
v 0.376559 -0.388053 -0.120770
v 0.377292 -0.388013 -0.090178
v 0.376891 -0.387981 -0.120527
v 0.368546 -0.386496 -0.119752
v 0.368181 -0.386518 -0.120689
v 0.359073 -0.384681 -0.120704
v 0.348460 -0.382128 -0.120731
v 0.349661 -0.382294 -0.119738
v 0.331716 -0.377887 -0.120613
v 0.339917 -0.379808 -0.119740
v 0.330093 -0.377421 -0.119829
v 0.320265 -0.375479 -0.120607
v 0.310407 -0.374001 -0.120607
v 0.310831 -0.374364 -0.120812
v 0.310412 -0.373867 -0.119771
v 0.300549 -0.372990 -0.120607
v 0.300547 -0.372840 -0.119730
v 0.290666 -0.372185 -0.119724
v 0.290691 -0.372342 -0.120607
v 0.276588 -0.371817 -0.120609
v 0.276820 -0.372074 -0.120768
v 0.270937 -0.371559 -0.119724
v 0.252398 -0.371570 -0.120607
v 0.256137 -0.371439 -0.119895
v 0.252501 -0.371823 -0.120767
v 0.393969 -0.390463 -0.120586
v 0.397772 -0.390766 -0.121520
v 0.396330 -0.390685 -0.091585
v 0.415790 -0.332792 -0.126110
v 0.417177 -0.332848 -0.090174
v 0.418753 -0.388397 -0.126483
v 0.418793 -0.385454 -0.091586
v 0.359199 -0.384600 -0.119723
v 0.320257 -0.375350 -0.119737
v 0.339862 -0.379782 -0.090138
v 0.280799 -0.371794 -0.119729
v 0.300550 -0.372827 -0.090143
v 0.257224 -0.371428 -0.090133
v 0.236025 -0.371396 -0.118368
v 0.418414 -0.333878 -0.126839
v 0.418379 -0.333292 -0.126395
v 0.418626 -0.333792 -0.126403
v 0.418620 -0.335660 -0.126787
v 0.418751 -0.335272 -0.126457
v 0.418374 -0.335700 -0.126959
v 0.291959 -0.390510 -0.121428
v 0.329498 -0.390042 -0.121202
v 0.316447 -0.332938 -0.089129
v 0.417967 -0.332999 -0.090158
v 0.418376 -0.333296 -0.090191
v 0.416906 -0.333296 -0.088903
v 0.416848 -0.332995 -0.089146
v 0.418108 -0.333251 -0.089191
v 0.417880 -0.333606 -0.088883
v 0.418622 -0.389819 -0.090165
v 0.418377 -0.390288 -0.090190
v 0.418749 -0.388236 -0.089955
v 0.418622 -0.387979 -0.089143
v 0.417974 -0.390111 -0.088975
v 0.418415 -0.389996 -0.089210
v 0.418150 -0.389677 -0.088888
v 0.368592 -0.386493 -0.090145
v 0.359232 -0.384594 -0.090139
v 0.384788 -0.389161 -0.090181
v 0.379405 -0.387912 -0.088894
v 0.393820 -0.390223 -0.089144
v 0.379676 -0.388229 -0.089137
v 0.368590 -0.386326 -0.089142
v 0.357275 -0.383766 -0.088902
v 0.368589 -0.386064 -0.088897
v 0.330106 -0.377404 -0.090174
v 0.320255 -0.375336 -0.090145
v 0.349713 -0.382295 -0.090147
v 0.357535 -0.384075 -0.089155
v 0.331281 -0.377303 -0.088900
v 0.331420 -0.377552 -0.089148
v 0.320379 -0.375166 -0.089010
v 0.290668 -0.372171 -0.090141
v 0.280800 -0.371780 -0.090149
v 0.310402 -0.373849 -0.090168
v 0.310543 -0.373677 -0.089009
v 0.300702 -0.372657 -0.089008
v 0.290911 -0.372004 -0.089007
v 0.235601 -0.371388 -0.090143
v 0.270939 -0.371545 -0.090142
v 0.275836 -0.371504 -0.089142
v 0.252013 -0.371276 -0.089143
v 0.393882 -0.390412 -0.090185
v 0.397272 -0.390715 -0.089910
v 0.397244 -0.390572 -0.089143
v 0.284117 -0.373240 -0.120916
v 0.297829 -0.373079 -0.120814
v 0.269428 -0.372273 -0.120862
v 0.378624 -0.389432 -0.120930
v 0.306704 -0.386001 -0.120988
v 0.372678 -0.387661 -0.120891
v 0.415676 -0.337138 -0.088652
v 0.417057 -0.335278 -0.088677
v 0.415789 -0.385454 -0.127134
v 0.417078 -0.388418 -0.127117
v 0.416852 -0.390292 -0.126961
v 0.397999 -0.390765 -0.091584
v 0.396569 -0.390282 -0.088898
v 0.418793 -0.385488 -0.126107
v 0.418793 -0.338221 -0.126108
v 0.417968 -0.390575 -0.126384
v 0.418379 -0.390292 -0.126396
v 0.417140 -0.390719 -0.126508
v 0.416822 -0.390575 -0.126788
v 0.418110 -0.390332 -0.126752
v 0.417881 -0.390000 -0.126970
v 0.415811 -0.332792 -0.091708
v 0.418373 -0.335691 -0.088900
v 0.417964 -0.335641 -0.088755
v 0.418424 -0.333868 -0.089078
v 0.416865 -0.389819 -0.127064
v 0.417967 -0.387981 -0.127062
v 0.418414 -0.389731 -0.126842
v 0.416816 -0.332993 -0.126788
v 0.416848 -0.333292 -0.126961
v 0.417967 -0.332993 -0.126380
v 0.418109 -0.333251 -0.126755
v 0.415790 -0.390765 -0.091585
v 0.417103 -0.390717 -0.089997
v 0.416883 -0.390568 -0.089144
v 0.416906 -0.390288 -0.088901
v 0.417968 -0.390560 -0.090112
v 0.417904 -0.390408 -0.089180
v 0.396549 -0.389808 -0.088750
v 0.320396 -0.373464 -0.088676
v 0.295991 -0.371809 -0.088750
v 0.315135 -0.373761 -0.088750
v 0.357045 -0.383294 -0.088752
v 0.373819 -0.386600 -0.088749
v 0.395949 -0.388003 -0.088660
v 0.365053 -0.383892 -0.088676
v 0.331342 -0.376942 -0.088749
v 0.418793 -0.338226 -0.091586
v 0.418621 -0.387966 -0.126789
v 0.418627 -0.389819 -0.126401
v 0.418376 -0.387926 -0.088900
v 0.416891 -0.387951 -0.088660
v 0.417968 -0.387982 -0.088754
v 0.416914 -0.389818 -0.088754
v 0.418375 -0.387937 -0.126959
v 0.415782 -0.338222 -0.127134
v 0.294762 -0.333469 -0.088748
v 0.418619 -0.335647 -0.089142
v 0.418622 -0.333792 -0.090163
v 0.417964 -0.335643 -0.127061
v 0.416863 -0.333792 -0.127064
v 0.417876 -0.333593 -0.126969
v 0.366217 -0.327657 -0.168066
v 0.364634 -0.327657 -0.166063
v 0.359293 -0.327657 -0.164216
v 0.360149 -0.327515 -0.165012
v 0.359235 -0.327166 -0.165533
v 0.363535 -0.327657 -0.165291
v 0.360414 -0.326622 -0.166035
v 0.366403 -0.327657 -0.168494
v 0.364801 -0.326707 -0.170615
v 0.364719 -0.326747 -0.169622
v 0.359332 -0.326662 -0.165934
v 0.364664 -0.327585 -0.166904
v 0.365540 -0.327663 -0.166997
v 0.360469 -0.327132 -0.165684
v 0.360861 -0.327663 -0.164355
v 0.362274 -0.327654 -0.164716
v 0.362650 -0.327583 -0.165451
v 0.362389 -0.327413 -0.165820
v 0.364180 -0.327347 -0.167232
v 0.361526 -0.326892 -0.166181
v 0.362484 -0.326916 -0.166589
v 0.363319 -0.326921 -0.167159
v 0.365461 -0.327541 -0.168345
v 0.364900 -0.327257 -0.168556
v 0.363956 -0.326817 -0.167914
v 0.364440 -0.326789 -0.168739
v 0.366801 -0.327657 -0.170586
v 0.365923 -0.327535 -0.169808
v 0.362909 -0.323909 -0.168751
v 0.361377 -0.322411 -0.184252
v 0.359497 -0.320814 -0.185953
v 0.363836 -0.324046 -0.171186
v 0.358781 -0.321856 -0.179223
v 0.360456 -0.322386 -0.178978
v 0.358700 -0.320186 -0.182718
v 0.359053 -0.320023 -0.184324
v 0.358383 -0.320779 -0.181045
v 0.359016 -0.321493 -0.180752
v 0.359385 -0.320823 -0.184270
v 0.360014 -0.321495 -0.184747
v 0.360325 -0.321838 -0.184091
v 0.360530 -0.322143 -0.182095
v 0.359505 -0.321402 -0.182537
v 0.350801 -0.319631 -0.175474
v 0.356082 -0.319576 -0.178764
v 0.357152 -0.320003 -0.179835
v 0.358018 -0.319904 -0.181286
v 0.360539 -0.323927 -0.167105
v 0.359270 -0.324033 -0.166764
v 0.359190 -0.323600 -0.167007
v 0.359173 -0.323077 -0.167497
v 0.358991 -0.322630 -0.168272
v 0.359765 -0.322463 -0.169046
v 0.361040 -0.322452 -0.170433
v 0.362025 -0.322634 -0.170775
v 0.362944 -0.323092 -0.170655
v 0.363638 -0.323781 -0.170511
v 0.363410 -0.323952 -0.169527
v 0.361224 -0.322552 -0.169650
v 0.362044 -0.322804 -0.169615
v 0.362964 -0.323354 -0.169675
v 0.362501 -0.323323 -0.168980
v 0.362169 -0.323708 -0.168141
v 0.360889 -0.322698 -0.168779
v 0.360044 -0.322807 -0.168112
v 0.361321 -0.323024 -0.168337
v 0.360368 -0.323319 -0.167511
v 0.361388 -0.323716 -0.167598
v 0.361760 -0.322553 -0.182031
v 0.353022 -0.319500 -0.176462
v 0.357632 -0.320924 -0.179593
v 0.359539 -0.322171 -0.179038
v 0.361115 -0.322450 -0.178347
v 0.348991 -0.322426 -0.171562
v 0.349823 -0.322153 -0.172934
v 0.349614 -0.321654 -0.173769
v 0.349398 -0.320978 -0.174447
v 0.348976 -0.319999 -0.174889
v 0.352392 -0.320181 -0.175924
v 0.355060 -0.320113 -0.177622
v 0.355311 -0.320701 -0.177411
v 0.355788 -0.321445 -0.176962
v 0.356668 -0.322150 -0.176129
v 0.356981 -0.322419 -0.174816
v 0.352637 -0.320978 -0.175535
v 0.353172 -0.321848 -0.174688
v 0.353791 -0.322347 -0.173598
v 0.345968 -0.320438 -0.174414
v 0.345943 -0.319565 -0.174699
v 0.345909 -0.321433 -0.173659
v 0.345859 -0.322142 -0.172544
v 0.346138 -0.291152 -0.182384
v 0.354927 -0.291661 -0.191030
v 0.355779 -0.292427 -0.190974
v 0.356152 -0.293214 -0.190985
v 0.342997 -0.292955 -0.179802
v 0.342943 -0.292226 -0.180185
v 0.349360 -0.291142 -0.184025
v 0.352151 -0.291165 -0.186646
v 0.353921 -0.291288 -0.189605
v 0.354625 -0.291628 -0.188980
v 0.355466 -0.292346 -0.188853
v 0.355889 -0.293129 -0.188841
v 0.355150 -0.293101 -0.186744
v 0.353920 -0.292977 -0.184823
v 0.352314 -0.292986 -0.183105
v 0.350284 -0.292969 -0.181684
v 0.348017 -0.292928 -0.180672
v 0.345558 -0.292972 -0.180013
v 0.345470 -0.292233 -0.180395
v 0.345288 -0.291580 -0.181096
v 0.344462 -0.291277 -0.181640
v 0.353417 -0.291364 -0.187262
v 0.354131 -0.291760 -0.187034
v 0.354724 -0.292311 -0.186839
v 0.352361 -0.291357 -0.185600
v 0.350953 -0.291352 -0.184145
v 0.353006 -0.291741 -0.185263
v 0.351508 -0.291728 -0.183715
v 0.353535 -0.292273 -0.184973
v 0.351957 -0.292248 -0.183341
v 0.349234 -0.291349 -0.182961
v 0.347501 -0.291576 -0.181677
v 0.349683 -0.291721 -0.182450
v 0.350031 -0.292232 -0.182009
v 0.347839 -0.292226 -0.181017
v 0.343041 -0.291583 -0.180904
v -0.355899 -0.327655 -0.164216
v -0.355881 -0.327326 -0.165336
v -0.355846 -0.326768 -0.165876
v -0.360139 -0.327668 -0.165292
v -0.361240 -0.327655 -0.166063
v -0.357467 -0.327665 -0.164356
v -0.361324 -0.326521 -0.170587
v -0.363011 -0.327645 -0.168500
v -0.363245 -0.327655 -0.169263
v -0.363407 -0.327655 -0.170586
v -0.362146 -0.327661 -0.166998
v -0.362822 -0.327655 -0.168066
v -0.362505 -0.327517 -0.169910
v -0.361930 -0.327243 -0.169914
v -0.361331 -0.326748 -0.169628
v -0.361602 -0.326939 -0.170635
v -0.361049 -0.326787 -0.168739
v -0.360564 -0.326816 -0.167913
v -0.359932 -0.326920 -0.167164
v -0.359093 -0.326913 -0.166593
v -0.358120 -0.326893 -0.166175
v -0.357022 -0.326620 -0.166036
v -0.357077 -0.327138 -0.165677
v -0.356787 -0.327536 -0.164947
v -0.358879 -0.327655 -0.164716
v -0.359323 -0.327598 -0.165416
v -0.358989 -0.327415 -0.165809
v -0.360788 -0.327344 -0.167238
v -0.361842 -0.327538 -0.167883
v -0.361503 -0.327249 -0.168571
v -0.355822 -0.324049 -0.166745
v -0.360334 -0.324006 -0.170355
v -0.360010 -0.323940 -0.169525
v -0.358848 -0.323878 -0.168080
v -0.358055 -0.323891 -0.167526
v -0.357147 -0.323923 -0.167106
v -0.355783 -0.319990 -0.185930
v -0.357253 -0.321999 -0.186581
v -0.356618 -0.321493 -0.184740
v -0.356119 -0.320832 -0.186024
v -0.358000 -0.322412 -0.184333
v -0.357136 -0.322142 -0.182095
v -0.355302 -0.320179 -0.182714
v -0.354634 -0.319924 -0.181297
v -0.355673 -0.320057 -0.184345
v -0.353781 -0.320014 -0.179857
v -0.354075 -0.320646 -0.179688
v -0.355035 -0.320826 -0.181068
v -0.354723 -0.321441 -0.179362
v -0.355491 -0.321821 -0.179522
v -0.357721 -0.322449 -0.178347
v -0.357062 -0.322384 -0.178978
v -0.355992 -0.320822 -0.184270
v -0.356111 -0.321399 -0.182537
v -0.356932 -0.321837 -0.184092
v -0.356143 -0.322169 -0.179038
v -0.352492 -0.293133 -0.188829
v -0.351754 -0.293084 -0.186750
v -0.345711 -0.320132 -0.174859
v -0.342146 -0.292955 -0.180015
v -0.339514 -0.292929 -0.179807
v -0.344572 -0.292891 -0.180670
v -0.346734 -0.319472 -0.175279
v -0.348791 -0.319975 -0.175925
v -0.351557 -0.320119 -0.177529
v -0.346887 -0.292964 -0.181684
v -0.352688 -0.319574 -0.178763
v -0.348916 -0.292984 -0.183102
v -0.350513 -0.292993 -0.184790
v -0.359439 -0.323733 -0.168809
v -0.355865 -0.323367 -0.167195
v -0.355701 -0.322815 -0.167877
v -0.355917 -0.322452 -0.169048
v -0.357659 -0.322459 -0.170106
v -0.358684 -0.322646 -0.170819
v -0.359363 -0.322969 -0.170747
v -0.359901 -0.323372 -0.170630
v -0.360464 -0.324085 -0.171199
v -0.358648 -0.322775 -0.169735
v -0.357340 -0.322612 -0.168916
v -0.357787 -0.322901 -0.168487
v -0.359545 -0.323337 -0.169661
v -0.358773 -0.323027 -0.169148
v -0.358503 -0.323308 -0.168369
v -0.355860 -0.322561 -0.168511
v -0.356670 -0.322811 -0.168107
v -0.357428 -0.323300 -0.167687
v -0.353586 -0.322418 -0.174814
v -0.350401 -0.322345 -0.173601
v -0.346041 -0.322438 -0.171245
v -0.346585 -0.322343 -0.172345
v -0.342550 -0.321806 -0.173179
v -0.346287 -0.321839 -0.173530
v -0.342552 -0.320914 -0.174122
v -0.346013 -0.320963 -0.174461
v -0.342492 -0.319868 -0.174633
v -0.352040 -0.320963 -0.177282
v -0.352622 -0.321647 -0.176778
v -0.353272 -0.322149 -0.176124
v -0.349245 -0.320978 -0.175534
v -0.349778 -0.321847 -0.174689
v -0.342524 -0.322331 -0.171967
v -0.352751 -0.293166 -0.191074
v -0.349747 -0.291136 -0.189729
v -0.350520 -0.291285 -0.189588
v -0.345972 -0.291140 -0.184032
v -0.348751 -0.291164 -0.186638
v -0.351240 -0.291628 -0.189000
v -0.352079 -0.292347 -0.188863
v -0.339623 -0.292233 -0.180183
v -0.342083 -0.292236 -0.180393
v -0.341963 -0.291724 -0.180912
v -0.339622 -0.291742 -0.180686
v -0.339544 -0.291360 -0.181322
v -0.341771 -0.291348 -0.181532
v -0.340581 -0.291145 -0.182182
v -0.350008 -0.291360 -0.187249
v -0.350736 -0.291758 -0.187033
v -0.351307 -0.292293 -0.186825
v -0.348952 -0.291353 -0.185592
v -0.347546 -0.291349 -0.184142
v -0.349611 -0.291740 -0.185263
v -0.348114 -0.291727 -0.183715
v -0.350123 -0.292261 -0.184965
v -0.348550 -0.292240 -0.183337
v -0.343629 -0.291202 -0.182483
v -0.345832 -0.291346 -0.182959
v -0.346289 -0.291720 -0.182450
v -0.344108 -0.291575 -0.181675
v -0.346631 -0.292228 -0.182007
v -0.344450 -0.292229 -0.181016
v 0.010818 -0.291137 -0.182479
v 0.366639 -0.327663 -0.169263
v 0.359174 -0.319972 -0.185953
v 0.360608 -0.321978 -0.186442
v 0.355889 -0.292611 -0.351112
v 0.356143 -0.293171 -0.351631
v -0.351529 -0.291664 -0.190958
v -0.352372 -0.292404 -0.190997
v 0.359293 -0.327657 -0.385609
v 0.360860 -0.327663 -0.385469
v -0.355899 -0.327655 -0.385609
v 0.359234 -0.327249 -0.384372
v 0.359324 -0.326654 -0.383889
v 0.363533 -0.327670 -0.384533
v 0.364634 -0.327657 -0.383762
v 0.366639 -0.327666 -0.380562
v 0.366801 -0.327657 -0.379239
v 0.365540 -0.327662 -0.382827
v 0.366217 -0.327657 -0.381759
v 0.366402 -0.327657 -0.381331
v 0.365939 -0.327535 -0.379926
v 0.365226 -0.327240 -0.380278
v 0.365276 -0.327199 -0.379233
v 0.364727 -0.326751 -0.380195
v 0.364443 -0.326790 -0.381088
v 0.363958 -0.326818 -0.381912
v 0.363327 -0.326921 -0.382660
v 0.362489 -0.326914 -0.383230
v 0.361512 -0.326894 -0.383650
v 0.360415 -0.326623 -0.383790
v 0.360472 -0.327141 -0.384149
v 0.360155 -0.327538 -0.384885
v 0.362273 -0.327657 -0.385109
v 0.362717 -0.327600 -0.384408
v 0.362382 -0.327417 -0.384017
v 0.364183 -0.327345 -0.382585
v 0.365235 -0.327539 -0.381943
v 0.364897 -0.327251 -0.381253
v 0.364786 -0.326668 -0.379236
v 0.359209 -0.324043 -0.383078
v 0.363727 -0.324007 -0.379470
v 0.363404 -0.323942 -0.380300
v 0.362240 -0.323876 -0.381744
v 0.361394 -0.323723 -0.382227
v 0.360541 -0.323925 -0.382719
v 0.359246 -0.320278 -0.363793
v 0.361389 -0.322413 -0.365498
v 0.360530 -0.322143 -0.367730
v 0.358695 -0.320175 -0.367107
v 0.358090 -0.320168 -0.368556
v 0.359067 -0.320052 -0.365473
v 0.357171 -0.319997 -0.369961
v 0.357470 -0.320648 -0.370137
v 0.358840 -0.321279 -0.368839
v 0.358116 -0.321442 -0.370463
v 0.361738 -0.322549 -0.367841
v 0.361115 -0.322450 -0.371479
v 0.360455 -0.322386 -0.370848
v 0.358890 -0.321980 -0.370896
v 0.359385 -0.320823 -0.365555
v 0.359782 -0.321221 -0.363829
v 0.360119 -0.321640 -0.365087
v 0.359505 -0.321402 -0.367289
v 0.360556 -0.321986 -0.365480
v 0.359539 -0.322171 -0.370787
v 0.355866 -0.293106 -0.361790
v 0.355151 -0.293097 -0.363829
v 0.347601 -0.319597 -0.375043
v 0.345447 -0.292905 -0.370556
v 0.342954 -0.292945 -0.370772
v 0.349071 -0.319963 -0.374901
v 0.347931 -0.292948 -0.369945
v 0.350802 -0.319631 -0.374351
v 0.352181 -0.319971 -0.373899
v 0.353687 -0.319623 -0.372997
v 0.350288 -0.292995 -0.368903
v 0.355051 -0.320098 -0.372201
v 0.356083 -0.319576 -0.371061
v 0.352319 -0.293012 -0.367482
v 0.353913 -0.293014 -0.365792
v 0.362905 -0.323902 -0.381073
v 0.359314 -0.323396 -0.382643
v 0.359092 -0.322818 -0.381949
v 0.359330 -0.322453 -0.380767
v 0.361048 -0.322448 -0.379194
v 0.362086 -0.322650 -0.378991
v 0.362760 -0.322973 -0.379080
v 0.363351 -0.323416 -0.379147
v 0.363858 -0.324085 -0.378623
v 0.360884 -0.322501 -0.380301
v 0.362022 -0.322799 -0.380223
v 0.361119 -0.322766 -0.381086
v 0.362938 -0.323338 -0.380163
v 0.362483 -0.323313 -0.380849
v 0.361895 -0.323307 -0.381454
v 0.359303 -0.322561 -0.381295
v 0.360597 -0.322906 -0.381709
v 0.360394 -0.323330 -0.382317
v 0.356979 -0.322420 -0.375012
v 0.353795 -0.322347 -0.376225
v 0.348759 -0.322439 -0.378750
v 0.349980 -0.322345 -0.377481
v 0.345946 -0.321808 -0.376647
v 0.349681 -0.321841 -0.376295
v 0.345928 -0.320924 -0.375711
v 0.349408 -0.320965 -0.375365
v 0.345911 -0.319864 -0.375186
v 0.355434 -0.320964 -0.372543
v 0.356016 -0.321649 -0.373047
v 0.356665 -0.322151 -0.373702
v 0.352638 -0.320979 -0.374290
v 0.353172 -0.321848 -0.375135
v 0.345917 -0.322332 -0.377858
v 0.353136 -0.291136 -0.189761
v 0.353227 -0.291136 -0.349344
v 0.354382 -0.291399 -0.350406
v 0.355364 -0.291982 -0.351056
v 0.347164 -0.291164 -0.367888
v 0.352267 -0.291144 -0.363568
v 0.353675 -0.291292 -0.362212
v 0.354670 -0.291652 -0.361583
v 0.355492 -0.292376 -0.361721
v 0.343013 -0.292442 -0.370525
v 0.345478 -0.292237 -0.370184
v 0.342999 -0.291858 -0.370046
v 0.345293 -0.291581 -0.369483
v 0.344100 -0.291357 -0.369219
v 0.344104 -0.291149 -0.368385
v 0.353909 -0.291605 -0.363487
v 0.354701 -0.292295 -0.363752
v 0.350522 -0.291205 -0.366143
v 0.352346 -0.291355 -0.364987
v 0.353006 -0.291741 -0.365313
v 0.351332 -0.291582 -0.366739
v 0.353516 -0.292261 -0.365612
v 0.351944 -0.292240 -0.367238
v 0.349226 -0.291348 -0.367618
v 0.349683 -0.291721 -0.368127
v 0.347502 -0.291577 -0.368902
v 0.350023 -0.292226 -0.368567
v 0.347840 -0.292228 -0.369560
v -0.355195 -0.323432 -0.382714
v -0.339585 -0.292208 -0.370377
v -0.356758 -0.327515 -0.384817
v -0.355847 -0.327077 -0.384192
v -0.355885 -0.326593 -0.383870
v -0.361270 -0.327583 -0.382920
v -0.361240 -0.327655 -0.383762
v -0.360141 -0.327655 -0.384534
v -0.358880 -0.327653 -0.385109
v -0.357021 -0.326620 -0.383790
v -0.361323 -0.326743 -0.380201
v -0.363245 -0.327664 -0.380562
v -0.363406 -0.327655 -0.379242
v -0.362822 -0.327655 -0.381759
v -0.362146 -0.327661 -0.382827
v -0.363009 -0.327655 -0.381331
v -0.361832 -0.327158 -0.379125
v -0.361849 -0.327248 -0.380281
v -0.357075 -0.327130 -0.384140
v -0.357467 -0.327664 -0.385469
v -0.359254 -0.327581 -0.384375
v -0.358996 -0.327412 -0.384006
v -0.360786 -0.327345 -0.382594
v -0.358133 -0.326891 -0.383645
v -0.359090 -0.326915 -0.383236
v -0.359925 -0.326921 -0.382667
v -0.362067 -0.327540 -0.381481
v -0.361506 -0.327255 -0.381269
v -0.360562 -0.326815 -0.381911
v -0.361046 -0.326786 -0.381086
v -0.360403 -0.324014 -0.379190
v -0.359515 -0.323907 -0.381074
v -0.358333 -0.322546 -0.367861
v -0.357062 -0.322384 -0.370846
v -0.357136 -0.322142 -0.367730
v -0.355303 -0.320175 -0.367101
v -0.354619 -0.319882 -0.368532
v -0.355703 -0.320122 -0.365419
v -0.353752 -0.319981 -0.369983
v -0.354236 -0.320920 -0.370232
v -0.354991 -0.320780 -0.368780
v -0.355623 -0.321491 -0.369073
v -0.355388 -0.321854 -0.370602
v -0.357966 -0.322404 -0.365626
v -0.357722 -0.322449 -0.371478
v -0.355994 -0.320826 -0.365555
v -0.356504 -0.321465 -0.365661
v -0.356385 -0.321217 -0.363831
v -0.356932 -0.321837 -0.365734
v -0.357199 -0.321966 -0.363413
v -0.356143 -0.322169 -0.370787
v -0.356111 -0.321400 -0.367291
v -0.342549 -0.319563 -0.375126
v -0.345319 -0.319808 -0.374938
v -0.347407 -0.319629 -0.374351
v -0.349628 -0.319497 -0.373364
v -0.352688 -0.319574 -0.371061
v -0.358847 -0.323877 -0.381746
v -0.358049 -0.323886 -0.382299
v -0.357145 -0.323924 -0.382720
v -0.355898 -0.324053 -0.383067
v -0.356544 -0.323317 -0.382463
v -0.355695 -0.322959 -0.382163
v -0.355602 -0.322622 -0.381539
v -0.355968 -0.322453 -0.380761
v -0.357649 -0.322459 -0.379737
v -0.358657 -0.322638 -0.379006
v -0.359588 -0.323115 -0.379154
v -0.360113 -0.323594 -0.379144
v -0.360016 -0.323950 -0.380298
v -0.357749 -0.322685 -0.380872
v -0.358653 -0.322803 -0.380210
v -0.359570 -0.323352 -0.380150
v -0.359108 -0.323322 -0.380845
v -0.358504 -0.323308 -0.381455
v -0.356761 -0.322614 -0.381230
v -0.357096 -0.322908 -0.381731
v -0.357778 -0.323310 -0.381955
v -0.353586 -0.322418 -0.375009
v -0.345852 -0.322426 -0.378211
v -0.346427 -0.322151 -0.376892
v -0.342615 -0.322131 -0.377246
v -0.346220 -0.321652 -0.376056
v -0.346005 -0.320973 -0.375375
v -0.342465 -0.321407 -0.376147
v -0.345883 -0.320168 -0.374944
v -0.342574 -0.320440 -0.375413
v -0.348997 -0.320180 -0.373901
v -0.351657 -0.320093 -0.372199
v -0.351917 -0.320699 -0.372414
v -0.352395 -0.321445 -0.372864
v -0.353275 -0.322149 -0.373696
v -0.349244 -0.320976 -0.374290
v -0.349776 -0.321847 -0.375138
v -0.350396 -0.322345 -0.376227
v -0.349841 -0.291134 -0.349055
v -0.350877 -0.291363 -0.351727
v -0.351743 -0.291818 -0.351184
v -0.352336 -0.292367 -0.351259
v -0.340789 -0.291143 -0.368346
v -0.343629 -0.291202 -0.368092
v -0.345963 -0.291140 -0.366553
v -0.348473 -0.291204 -0.364762
v -0.349351 -0.291182 -0.363264
v -0.350398 -0.291285 -0.361441
v -0.351280 -0.291653 -0.361582
v -0.352102 -0.292381 -0.361718
v -0.352475 -0.293116 -0.361781
v -0.351760 -0.293113 -0.363836
v -0.350533 -0.292992 -0.365757
v -0.348928 -0.293009 -0.367477
v -0.346897 -0.292999 -0.368903
v -0.344583 -0.292982 -0.369944
v -0.342062 -0.292911 -0.370557
v -0.339598 -0.293020 -0.370799
v -0.342074 -0.292232 -0.370183
v -0.341963 -0.291724 -0.369665
v -0.339553 -0.291592 -0.369698
v -0.341277 -0.291309 -0.369048
v -0.350532 -0.291609 -0.363474
v -0.351329 -0.292309 -0.363739
v -0.347559 -0.291350 -0.366431
v -0.349424 -0.291594 -0.365214
v -0.348114 -0.291727 -0.366863
v -0.350142 -0.292272 -0.365604
v -0.348563 -0.292247 -0.367237
v -0.345838 -0.291347 -0.367617
v -0.344107 -0.291574 -0.368901
v -0.346289 -0.291720 -0.368127
v -0.346639 -0.292233 -0.368569
v -0.344446 -0.292226 -0.369560
v 0.365354 -0.327259 -0.169953
v -0.362534 -0.327534 -0.380012
v -0.361346 -0.326580 -0.379257
v -0.358369 -0.322552 -0.182041
v -0.355849 -0.320270 -0.363865
v -0.352746 -0.293158 -0.351118
v 0.322870 0.253340 -0.183989
v 0.346311 -0.287072 -0.207782
v 0.341249 -0.293131 -0.207030
v 0.347911 -0.277969 -0.184088
v 0.347849 0.242610 -0.184053
v 0.322925 -0.298526 -0.184930
v 0.333132 -0.297325 -0.184929
v 0.341567 -0.293216 -0.184849
v 0.341285 0.250538 -0.208016
v 0.325114 0.246368 -0.184369
v 0.316486 0.246891 -0.207503
v 0.331084 0.244886 -0.184199
v 0.334579 -0.278104 -0.184365
v 0.335749 -0.272225 -0.207572
v 0.334307 -0.278321 -0.206755
v 0.331061 -0.282891 -0.184201
v 0.330761 -0.282584 -0.206754
v 0.335680 0.238984 -0.207442
v 0.325105 -0.285259 -0.207362
v 0.316765 -0.286670 -0.184316
v 0.334486 0.242401 -0.207458
v 0.330973 0.252496 -0.183611
v 0.323874 0.247112 -0.184023
v 0.331288 0.252475 -0.208263
v 0.324317 0.247014 -0.207837
v 0.340476 0.250187 -0.183607
v 0.330918 0.244955 -0.207666
v 0.346146 -0.283984 -0.183605
v 0.336083 -0.277202 -0.184032
v 0.345793 -0.285918 -0.208258
v 0.334760 -0.278513 -0.207683
v 0.341254 -0.292695 -0.183765
v 0.331183 -0.282957 -0.207708
v -0.330721 -0.296763 -0.208262
v 0.323836 -0.286776 -0.207842
v 0.336032 0.242037 -0.207835
v 0.345845 0.246220 -0.183611
v 0.335771 0.238720 -0.184291
v 0.330784 -0.296589 -0.208262
v 0.324355 -0.286760 -0.184031
v 0.346088 0.245801 -0.208265
v 0.334618 0.242333 -0.184246
v 0.332929 0.252719 -0.184003
v 0.322683 0.253346 -0.207879
v 0.341360 0.250545 -0.184020
v 0.346552 -0.286128 -0.184100
v 0.347824 -0.279505 -0.207821
v 0.340888 -0.293151 -0.208087
v 0.322928 -0.297957 -0.207876
v 0.347864 0.242624 -0.207782
v 0.332761 -0.296898 -0.207852
v 0.332785 -0.296733 -0.183683
v 0.322806 -0.298055 -0.183891
v 0.346397 0.246957 -0.207810
v 0.316997 0.246875 -0.184376
v 0.324930 0.246395 -0.207499
v 0.335710 -0.271602 -0.184412
v 0.316708 -0.286179 -0.207348
v 0.325069 -0.285725 -0.184318
v -0.323372 -0.298055 -0.183891
v -0.323381 0.253340 -0.207873
v 0.332855 0.252731 -0.207849
v -0.323410 -0.298536 -0.184930
v 0.346426 0.246928 -0.184098
v -0.323348 -0.297973 -0.207857
v -0.317235 -0.286701 -0.184232
v -0.324443 0.247112 -0.207845
v -0.317803 -0.286128 -0.207359
v -0.317288 0.246873 -0.207478
v -0.333494 0.252719 -0.184003
v -0.341926 0.250546 -0.184020
v -0.348390 -0.279506 -0.207822
v -0.341815 -0.293131 -0.207030
v -0.333698 -0.297325 -0.184929
v -0.342134 -0.293216 -0.184849
v -0.348431 0.242624 -0.207782
v -0.346964 0.246958 -0.207809
v -0.325497 0.246395 -0.207500
v -0.317321 0.246895 -0.184353
v -0.331485 0.244955 -0.207665
v -0.334873 -0.278321 -0.206755
v -0.336276 -0.271602 -0.184412
v -0.331327 -0.282584 -0.206754
v -0.336337 0.238721 -0.184290
v -0.325639 -0.285754 -0.184210
v -0.335185 0.242332 -0.184246
v -0.324880 0.247014 -0.184030
v -0.330939 0.252588 -0.183604
v -0.331334 0.252578 -0.208263
v -0.341042 0.250187 -0.183607
v -0.331650 0.244887 -0.184199
v -0.341852 0.250538 -0.208016
v -0.336649 -0.277200 -0.184032
v -0.346713 -0.283986 -0.183605
v -0.336315 -0.272225 -0.207572
v -0.346360 -0.285918 -0.208258
v -0.331627 -0.282891 -0.184201
v -0.341455 -0.293151 -0.208087
v -0.346654 0.245804 -0.208265
v -0.324863 -0.286623 -0.207842
v -0.333211 -0.296773 -0.183667
v -0.336598 0.242037 -0.207835
v -0.346411 0.246220 -0.183610
v -0.323381 0.253345 -0.184002
v -0.333420 0.252731 -0.207848
v -0.348477 -0.277965 -0.184087
v -0.346877 -0.287072 -0.207782
v -0.341821 -0.292695 -0.183765
v -0.348416 0.242612 -0.184052
v -0.346994 0.246928 -0.184098
v -0.325682 0.246368 -0.184369
v -0.335145 -0.278104 -0.184365
v -0.335326 -0.278513 -0.207683
v -0.331749 -0.282957 -0.207708
v -0.336248 0.238983 -0.207443
v -0.325672 -0.285259 -0.207362
v -0.335052 0.242401 -0.207459
v -0.347117 -0.286129 -0.184099
v -0.333328 -0.296898 -0.207852
v 0.335562 0.238857 -0.278203
v 0.317000 0.242333 -0.359659
v 0.324540 0.242084 -0.358600
v 0.325122 0.238854 -0.359659
v 0.330342 0.241587 -0.355953
v 0.321684 0.244736 -0.356281
v 0.328601 0.243823 -0.354365
v 0.317000 -0.287656 -0.360718
v 0.324540 -0.293561 -0.358600
v 0.316999 -0.294016 -0.359659
v 0.323381 -0.298104 -0.355953
v 0.316999 -0.298559 -0.356483
v 0.330342 -0.292654 -0.355953
v 0.328600 -0.296741 -0.354365
v 0.316999 -0.301284 -0.351189
v 0.324540 -0.300376 -0.350658
v 0.325120 -0.301284 -0.343778
v 0.330342 -0.298104 -0.349600
v 0.333241 0.242084 -0.350659
v 0.334402 0.242333 -0.343775
v 0.330342 0.244568 -0.349600
v 0.333241 -0.293561 -0.350659
v 0.334402 -0.287656 -0.351189
v 0.317020 0.246805 -0.343761
v 0.324540 0.245811 -0.350658
v 0.317000 0.246308 -0.351189
v -0.317567 0.238854 -0.360718
v -0.317567 0.242333 -0.359659
v 0.330921 -0.287656 -0.356483
v 0.316883 -0.302201 -0.281532
v 0.334401 -0.294018 -0.343776
v 0.330919 -0.298560 -0.343779
v 0.330921 0.238854 -0.356483
v 0.334189 -0.292382 -0.279541
v 0.330638 -0.296705 -0.277458
v 0.317000 -0.300103 -0.275761
v 0.324881 -0.299255 -0.276169
v 0.317170 -0.299660 -0.207949
v 0.325224 -0.298708 -0.207961
v 0.331009 -0.295850 -0.207831
v 0.330917 0.244820 -0.207655
v 0.335563 0.238852 -0.207654
v 0.334402 0.242333 -0.207652
v 0.329264 -0.286408 -0.282271
v 0.316699 -0.294876 -0.207799
v 0.329386 -0.284208 -0.207655
v 0.322534 0.241224 -0.353384
v 0.316509 0.241440 -0.354225
v 0.325929 0.240836 -0.351927
v 0.319786 0.242864 -0.352313
v 0.324886 0.242232 -0.350973
v 0.322534 -0.291989 -0.353384
v 0.323037 -0.287271 -0.354225
v 0.321625 -0.294649 -0.351927
v 0.325956 -0.291287 -0.351949
v 0.326416 -0.287335 -0.352367
v 0.324886 -0.293832 -0.350973
v 0.322532 -0.295900 -0.348827
v 0.316509 -0.296622 -0.349285
v 0.325929 -0.294649 -0.347998
v 0.327527 0.241224 -0.348827
v 0.328448 0.238644 -0.349285
v 0.329375 0.238661 -0.343366
v 0.327527 -0.291989 -0.348827
v 0.328448 -0.292383 -0.343327
v 0.322532 0.243363 -0.348827
v 0.323037 0.243758 -0.343327
v 0.323035 -0.296622 -0.343328
v 0.326412 -0.295030 -0.343412
v 0.328449 0.241439 -0.343326
v 0.326320 0.242860 -0.346234
v 0.328301 -0.292540 -0.283943
v 0.329376 -0.287289 -0.343366
v 0.323024 0.243778 -0.206933
v 0.326445 0.242898 -0.206936
v 0.328210 -0.290835 -0.280337
v 0.326138 -0.293163 -0.279200
v 0.322559 -0.294620 -0.278450
v 0.316319 -0.295267 -0.278142
v 0.328540 -0.289582 -0.206925
v 0.321699 -0.295415 -0.206526
v 0.321969 0.246270 -0.206536
v 0.330551 0.244679 -0.206679
v 0.328678 0.242593 -0.206528
v 0.334036 -0.290753 -0.206670
v 0.328572 -0.291733 -0.206528
v 0.330612 0.238704 -0.206523
v 0.317024 0.246792 -0.206925
v 0.335256 -0.284398 -0.206803
v 0.324809 -0.298109 -0.206597
v 0.316986 -0.299146 -0.206798
v 0.330693 -0.295341 -0.206690
v 0.325117 0.246298 -0.206941
v 0.334459 -0.291106 -0.207713
v 0.333961 0.242278 -0.206669
v 0.323041 -0.294063 -0.206912
v 0.326522 -0.292315 -0.206925
v 0.329692 -0.284132 -0.206802
v 0.328489 0.241433 -0.206992
v 0.335252 0.238843 -0.206805
v 0.325000 -0.300795 -0.278820
v 0.316954 -0.301674 -0.278387
v 0.330779 -0.298150 -0.280122
v 0.334239 -0.294328 -0.283434
v -0.317059 -0.297348 -0.283916
v 0.316446 -0.296828 -0.280773
v 0.316491 -0.297348 -0.283916
v 0.322605 -0.296417 -0.281766
v 0.326149 -0.295004 -0.282590
v -0.317560 0.246805 -0.343778
v 0.330748 -0.298698 -0.283289
v 0.330919 0.244819 -0.343768
v 0.316563 0.244173 -0.206934
v 0.323036 0.238644 -0.354225
v 0.326414 0.238681 -0.352368
v 0.328451 -0.287257 -0.349285
v 0.329337 -0.287195 -0.285537
v 0.329367 0.238691 -0.276543
v 0.334324 0.238820 -0.206524
v 0.330612 -0.284191 -0.206523
v 0.329685 0.238674 -0.206804
v 0.329384 0.238642 -0.207631
v 0.316546 -0.297348 -0.343361
v 0.316546 0.244155 -0.343361
v 0.316509 -0.292383 -0.354225
v 0.316597 -0.295028 -0.352368
v 0.316509 0.243758 -0.349285
v 0.321661 0.244616 -0.206524
v 0.300465 0.246275 -0.206523
v 0.316579 -0.294909 -0.206798
v 0.316546 0.238660 -0.355070
v 0.299225 -0.022022 -0.355074
v 0.299264 0.004013 -0.355076
v 0.299231 -0.148626 -0.355071
v 0.299311 -0.122658 -0.355075
v 0.299226 0.180773 -0.355073
v 0.299285 0.213646 -0.355076
v 0.299231 0.036729 -0.355071
v 0.299224 -0.207377 -0.355074
v 0.299273 -0.181336 -0.355073
v 0.298742 -0.021483 -0.355790
v 0.298949 0.003159 -0.355294
v -0.299202 -0.123087 -0.357079
v 0.298742 -0.148083 -0.355790
v 0.298949 -0.123440 -0.355294
v 0.298742 0.181311 -0.355790
v 0.298742 0.037273 -0.355790
v 0.298949 0.147198 -0.355294
v 0.298742 -0.206839 -0.355790
v 0.298949 -0.182196 -0.355294
v -0.299744 -0.022095 -0.355073
v 0.299276 0.148061 -0.355072
v 0.298657 -0.021567 -0.357051
v 0.298635 -0.123066 -0.357057
v 0.298584 -0.148189 -0.357103
v 0.298657 0.181228 -0.357051
v 0.298645 0.213368 -0.357090
v 0.298657 0.037189 -0.357051
v 0.298629 0.147568 -0.357075
v 0.298635 -0.181843 -0.357079
v 0.298657 -0.206923 -0.357051
v 0.298775 -0.021719 -0.355263
v 0.298775 -0.148318 -0.355263
v 0.298775 0.181075 -0.355263
v 0.298775 0.037037 -0.355263
v 0.298775 -0.207075 -0.355263
v 0.298609 0.003681 -0.355295
v 0.298635 0.003512 -0.357079
v 0.298611 -0.122921 -0.355295
v 0.298715 -0.148105 -0.356928
v 0.298836 0.213401 -0.355292
v 0.298610 0.147719 -0.355297
v 0.298609 -0.181674 -0.355295
v -0.299225 0.181250 -0.357073
v -0.299225 0.037210 -0.357074
v -0.299202 0.003533 -0.357057
v 0.298629 -0.227247 -0.357074
v 0.316546 -0.287300 -0.355070
v 0.334324 -0.191486 -0.206523
v 0.299318 -0.226829 -0.355073
v 0.299230 -0.276342 -0.355072
v -0.299745 -0.276410 -0.355073
v 0.298742 -0.275800 -0.355790
v 0.298949 -0.227616 -0.355294
v 0.298657 -0.275883 -0.357051
v 0.298775 -0.276036 -0.355263
v 0.298611 -0.227097 -0.355295
v -0.299174 -0.276038 -0.355296
v 0.335563 -0.287715 -0.343757
v 0.335542 -0.254909 -0.326972
v 0.316988 -0.302191 -0.343805
v 0.325123 0.246311 -0.343745
v 0.324961 -0.301333 -0.281976
v -0.317567 -0.287656 -0.360718
v 0.335506 -0.287605 -0.284414
v 0.335578 -0.284489 -0.207649
v 0.317000 0.238854 -0.360718
v 0.325122 -0.287656 -0.359659
v 0.334324 -0.284338 -0.206523
v 0.331660 -0.254104 -0.297517
v 0.334402 0.238854 -0.351189
v 0.335556 0.228187 -0.293583
v 0.335562 0.238854 -0.343775
v 0.335295 0.227917 -0.293933
v 0.335266 -0.253996 -0.297262
v 0.335534 -0.254889 -0.296935
v 0.335556 0.228123 -0.325036
v 0.331778 -0.254326 -0.326488
v 0.335291 0.227914 -0.324575
v 0.335282 -0.254518 -0.326444
v 0.335306 -0.253901 -0.326792
v 0.331745 0.227864 -0.324397
v 0.331775 0.227854 -0.294074
v 0.335271 -0.254605 -0.297580
v 0.331859 -0.254483 -0.297614
v -0.316886 -0.295267 -0.278142
v -0.317075 0.241440 -0.354225
v -0.317075 -0.296622 -0.349285
v -0.317521 -0.301673 -0.278387
v -0.317444 -0.302201 -0.281529
v -0.317214 -0.294884 -0.207836
v -0.299222 0.213364 -0.357073
v -0.299399 0.213407 -0.355294
v -0.317542 -0.302191 -0.343810
v -0.336128 0.238857 -0.278227
v -0.317567 -0.300102 -0.275761
v -0.317594 0.246764 -0.206906
v -0.336145 -0.284493 -0.207649
v -0.325107 0.242084 -0.358600
v -0.331488 0.238854 -0.356483
v -0.330908 0.241587 -0.355953
v -0.322694 0.244693 -0.356193
v -0.329168 0.243823 -0.354365
v -0.317567 -0.294016 -0.359659
v -0.325107 -0.293561 -0.358600
v -0.325688 -0.287656 -0.359659
v -0.317567 -0.298559 -0.356483
v -0.323947 -0.298104 -0.355953
v -0.330908 -0.292653 -0.355953
v -0.331488 -0.287656 -0.356483
v -0.329168 -0.296742 -0.354365
v -0.325107 -0.300376 -0.350658
v -0.317567 -0.301284 -0.351188
v -0.331487 -0.298560 -0.343778
v -0.330908 -0.298104 -0.349599
v -0.333808 0.242084 -0.350658
v -0.334968 0.238854 -0.351188
v -0.331489 0.244816 -0.343783
v -0.330908 0.244568 -0.349599
v -0.333808 -0.293561 -0.350658
v -0.334968 -0.294018 -0.343773
v -0.317567 0.246308 -0.351188
v -0.325107 0.245811 -0.350658
v -0.325686 0.246307 -0.343782
v -0.325529 -0.301335 -0.282000
v -0.331318 -0.298700 -0.283306
v -0.336128 0.238854 -0.343775
v -0.334968 0.242332 -0.343776
v -0.334755 -0.292382 -0.279541
v -0.331205 -0.296704 -0.277458
v -0.325447 -0.299254 -0.276168
v -0.325791 -0.298708 -0.207961
v -0.317590 -0.299677 -0.207951
v -0.331575 -0.295850 -0.207831
v -0.325693 0.246260 -0.206905
v -0.335025 -0.291106 -0.207716
v -0.334968 0.242333 -0.207652
v -0.331392 0.244759 -0.206770
v -0.329934 0.238689 -0.276930
v -0.323100 0.241224 -0.353384
v -0.323598 0.238642 -0.354227
v -0.326496 0.240836 -0.351927
v -0.326981 0.238681 -0.352368
v -0.325453 0.242232 -0.350973
v -0.323100 -0.291989 -0.353384
v -0.317077 -0.292384 -0.354224
v -0.322193 -0.294649 -0.351927
v -0.317163 -0.295028 -0.352368
v -0.326522 -0.291286 -0.351950
v -0.325453 -0.293832 -0.350973
v -0.323100 -0.295900 -0.348826
v -0.323601 -0.296622 -0.343327
v -0.326496 -0.294649 -0.347998
v -0.326978 -0.295029 -0.343412
v -0.328093 0.241224 -0.348826
v -0.329015 0.241440 -0.343327
v -0.326886 0.242860 -0.346238
v -0.328093 -0.291989 -0.348826
v -0.329015 -0.287271 -0.349285
v -0.323100 0.243363 -0.348826
v -0.317075 0.243758 -0.349285
v -0.317113 0.244155 -0.343361
v -0.317117 -0.287296 -0.355070
v -0.317113 -0.297348 -0.343361
v -0.329943 0.238657 -0.343355
v -0.329015 -0.292383 -0.343327
v -0.329873 -0.286973 -0.283941
v -0.326714 -0.295004 -0.282590
v -0.323603 0.243758 -0.343327
v -0.316873 0.244190 -0.206913
v -0.320368 0.242871 -0.352295
v -0.328776 -0.290834 -0.280337
v -0.326705 -0.293163 -0.279200
v -0.323125 -0.294620 -0.278450
v -0.323609 -0.294063 -0.206912
v -0.329953 -0.284211 -0.207657
v -0.327089 -0.292315 -0.206925
v -0.322457 0.246274 -0.206531
v -0.323120 -0.295105 -0.206524
v -0.325474 -0.298085 -0.206613
v -0.329140 -0.291730 -0.206528
v -0.331259 -0.295341 -0.206690
v -0.322267 0.244608 -0.206524
v -0.331188 -0.284119 -0.206523
v -0.329245 0.242594 -0.206527
v -0.334529 0.242278 -0.206669
v -0.335823 -0.284398 -0.206803
v -0.317554 -0.299146 -0.206798
v -0.334604 -0.290753 -0.206670
v -0.335819 0.238844 -0.206805
v -0.317146 -0.294909 -0.206798
v -0.323590 0.243778 -0.206933
v -0.327011 0.242898 -0.206936
v -0.329107 -0.289582 -0.206925
v -0.330251 0.238671 -0.206806
v -0.325567 -0.300794 -0.278820
v -0.331346 -0.298150 -0.280122
v -0.323173 -0.296417 -0.281765
v -0.317014 -0.296828 -0.280773
v -0.329056 0.241433 -0.206992
v -0.328868 -0.292539 -0.283943
v -0.325686 -0.301284 -0.343777
v -0.334807 -0.294327 -0.283437
v -0.336127 -0.287709 -0.343770
v -0.329946 0.238654 -0.207645
v -0.317099 -0.212322 -0.355073
v -0.317111 0.238670 -0.355067
v -0.323603 -0.287271 -0.354225
v -0.326980 -0.287339 -0.352368
v -0.329015 0.238643 -0.349285
v -0.330257 -0.284115 -0.206807
v -0.331181 0.238693 -0.206523
v -0.329940 -0.287307 -0.343370
v -0.334890 -0.097453 -0.206523
v -0.299900 0.213609 -0.355073
v -0.299747 0.180700 -0.355073
v -0.299745 -0.148695 -0.355073
v -0.299885 0.003945 -0.355073
v -0.299885 0.147987 -0.355073
v -0.299745 0.036662 -0.355073
v -0.299832 -0.122586 -0.355076
v -0.299878 -0.181414 -0.355075
v -0.299740 -0.207444 -0.355075
v -0.299225 -0.021545 -0.357073
v -0.299230 -0.148150 -0.357056
v -0.299208 0.147557 -0.357062
v -0.299202 -0.181822 -0.357057
v -0.299225 -0.206901 -0.357073
v -0.299343 -0.021722 -0.355259
v -0.299343 -0.148321 -0.355259
v -0.299344 0.181073 -0.355260
v -0.299343 0.037034 -0.355259
v -0.299343 -0.207077 -0.355259
v -0.299309 -0.021483 -0.355790
v -0.299177 0.003679 -0.355296
v -0.299516 0.003159 -0.355294
v -0.299175 -0.122918 -0.355295
v -0.299309 -0.148082 -0.355790
v -0.299516 -0.123441 -0.355294
v -0.299309 0.181312 -0.355791
v -0.299176 0.147721 -0.355294
v -0.299309 0.037273 -0.355790
v -0.299516 0.147198 -0.355294
v -0.299309 -0.206839 -0.355790
v -0.299177 -0.181677 -0.355296
v -0.299516 -0.182196 -0.355294
v -0.334890 -0.284340 -0.206523
v -0.299542 -0.227594 -0.355212
v -0.299546 -0.275477 -0.355272
v -0.299208 -0.227259 -0.357061
v -0.299195 -0.227063 -0.355192
v -0.299225 -0.275862 -0.357074
v -0.336073 -0.287604 -0.284417
v -0.325688 0.238854 -0.359659
v -0.334968 -0.287656 -0.351188
v -0.334890 0.238814 -0.206523
v -0.336129 0.238853 -0.207653
v -0.335872 -0.253900 -0.326793
v -0.332226 -0.254104 -0.297517
v -0.336112 -0.254913 -0.326977
v -0.336122 0.228187 -0.293583
v -0.336101 -0.254890 -0.296936
v -0.336122 0.228123 -0.325038
v -0.332312 0.227864 -0.324396
v -0.332342 0.227854 -0.294074
v -0.332425 -0.254483 -0.297614
v -0.335859 0.227915 -0.324575
v -0.335848 -0.254518 -0.326444
v -0.332344 -0.254326 -0.326488
v -0.335862 0.227917 -0.293933
v -0.335837 -0.254605 -0.297580
v -0.335831 -0.253996 -0.297262
vn -0.0000 -1.0000 -0.0000
vn -0.0087 -0.9984 -0.0561
vn -0.0211 -0.9992 0.0327
vn 0.0087 -0.9984 0.0561
vn 0.0211 -0.9992 -0.0327
vn -0.0293 -0.9985 -0.0463
vn -0.0111 -0.9976 0.0677
vn 0.0293 -0.9985 0.0463
vn 0.0111 -0.9976 -0.0677
vn 0.0573 -0.9827 -0.1759
vn -0.0573 -0.9827 -0.1759
vn 0.0574 -0.9827 -0.1758
vn -0.0573 -0.9828 0.1758
vn 0.0573 -0.9828 0.1758
vn -0.2599 0.5435 -0.7982
vn -0.2479 0.5165 0.8196
vn -0.0656 0.9925 0.1036
vn 0.0575 0.9907 -0.1236
vn -0.0251 0.9903 -0.1366
vn 0.2851 0.5076 -0.8130
vn 0.0308 0.9879 0.1521
vn 0.0544 0.9949 0.0848
vn 0.0194 0.9920 -0.1245
vn -0.0542 0.9950 -0.0838
vn -0.0194 0.9919 0.1252
vn -0.7939 -0.6081 -0.0000
vn -0.0283 -0.9996 0.0012
vn 0.0119 -0.9993 0.0361
vn 0.0283 -0.9996 -0.0012
vn 0.0091 -0.9998 -0.0148
vn 0.0106 -0.9999 0.0023
vn -0.0106 -0.9999 -0.0023
vn -0.0119 -0.9993 -0.0350
vn -0.0091 -0.9998 0.0151
vn 0.1625 -0.9311 -0.3267
vn -0.1744 -0.8923 -0.4165
vn -0.1657 -0.9196 0.3562
vn 0.1534 -0.8784 0.4526
vn -0.1312 0.8660 -0.4825
vn -0.2054 0.7613 0.6150
vn -0.0525 0.9881 0.1444
vn -0.0000 -0.5602 -0.8284
vn -0.0000 -0.4878 -0.8729
vn -0.0000 -0.5059 0.8626
vn -0.0000 -0.5484 0.8362
vn -0.8962 0.4436 -0.0001
vn -0.9921 0.1258 0.0001
vn -0.0000 0.1180 0.9930
vn -0.0000 -0.1108 0.9938
vn -0.0000 0.4319 0.9019
vn 0.7822 -0.6230 -0.0000
vn 0.7292 -0.6843 -0.0000
vn 0.9962 -0.0875 -0.0000
vn 0.2315 0.9038 -0.3600
vn -0.0000 0.4270 -0.9042
vn 0.1626 0.8952 0.4149
vn 0.0297 0.9940 -0.1054
vn -0.0185 0.9980 -0.0604
vn 0.0260 0.9985 0.0474
vn 0.0037 1.0000 0.0047
vn 0.0013 1.0000 -0.0078
vn -0.0057 1.0000 -0.0050
vn -0.0028 0.9999 0.0124
vn 0.0115 -0.9980 0.0628
vn 0.0019 -1.0000 -0.0024
vn 0.0156 -0.9995 -0.0280
vn 0.0006 -1.0000 0.0037
vn -0.0009 -1.0000 -0.0049
vn -0.0224 -0.9975 -0.0671
vn -0.0018 -1.0000 0.0022
vn -0.0079 -0.9996 0.0268
vn -0.9865 0.1635 0.0001
vn -0.0133 0.9991 0.0404
vn -0.1750 0.8237 -0.5393
vn -0.0000 -0.0624 -0.9980
vn -0.0000 -0.0680 0.9977
vn -0.0011 -0.0310 0.9995
vn 0.9870 0.1606 -0.0001
vn 0.0132 0.9991 -0.0410
vn 0.1761 0.8208 0.5434
vn 0.0019 -0.0254 -0.9997
vn 0.3378 0.7482 0.5710
vn 0.0054 1.0000 0.0007
vn 0.8500 0.5268 0.0001
vn -0.0014 0.1331 0.9911
vn -0.0000 0.0504 0.9987
vn -0.0000 0.0549 -0.9985
vn 0.0014 0.1374 -0.9905
vn -0.0031 0.9999 -0.0111
vn 0.0029 0.9999 0.0096
vn -0.0074 1.0000 -0.0008
vn -0.0014 1.0000 0.0040
vn 0.0021 0.9999 0.0154
vn -0.2013 0.7066 0.6783
vn -0.9972 -0.0748 -0.0030
vn 0.9993 -0.0377 0.0035
vn 0.9967 -0.0806 -0.0001
vn 0.0371 0.9924 0.1174
vn 0.0123 0.9997 -0.0204
vn 0.0479 0.9952 -0.0852
vn 0.0044 0.9997 0.0248
vn -0.0047 0.9995 -0.0299
vn -0.0369 0.9924 -0.1177
vn -0.0109 0.9998 0.0147
vn -0.0475 0.9954 0.0838
vn 0.0341 0.9944 -0.0999
vn -0.0341 0.9966 -0.0751
vn -0.0342 0.9944 0.0999
vn 0.0341 0.9966 0.0752
vn 0.0003 0.9997 -0.0237
vn -0.0061 0.9998 -0.0209
vn -0.0001 0.9997 0.0260
vn 0.0063 0.9997 0.0218
vn -0.1170 0.9597 0.2555
vn 0.1165 0.9344 0.3366
vn 0.1187 0.9595 -0.2555
vn -0.1142 0.9342 -0.3381
vn -0.1625 0.8196 0.5494
vn 0.2301 0.8096 0.5400
vn 0.1656 0.8073 -0.5664
vn -0.2005 0.7920 -0.5767
vn -0.0000 0.3164 -0.9486
vn -0.0000 -0.2226 -0.9749
vn -0.0000 -0.1193 -0.9929
vn -0.0000 -0.3035 -0.9528
vn 0.9367 -0.3501 -0.0001
vn 0.9666 -0.2564 0.0001
vn 0.8620 -0.5070 0.0001
vn -0.0000 -0.4463 -0.8949
vn -0.0000 -0.4995 -0.8663
vn 0.1817 -0.8196 0.5434
vn -0.0340 -0.9931 0.1120
vn -0.1853 -0.7557 0.6282
vn -0.1501 -0.8034 -0.5761
vn -0.0000 0.3833 0.9236
vn 0.0270 -0.9984 0.0506
vn 0.0322 -0.9938 -0.1059
vn -0.0143 -0.9986 -0.0512
vn 0.2020 -0.7774 -0.5957
vn -0.0035 -1.0000 -0.0041
vn -0.0016 -1.0000 0.0084
vn 0.0029 -1.0000 0.0038
vn 0.0010 -1.0000 -0.0065
vn 0.9900 -0.1411 -0.0001
vn 0.9998 -0.0207 0.0001
vn -0.0000 0.2450 0.9695
vn -0.0000 0.5149 -0.8572
vn -0.0000 0.4750 -0.8800
vn -0.8591 0.5118 -0.0000
vn -0.8296 0.5583 -0.0000
vn -0.9945 0.1050 -0.0000
vn -0.8922 0.4516 0.0001
vn -0.9549 0.2971 -0.0000
vn 0.7938 -0.6081 -0.0000
vn 0.7939 -0.6081 -0.0000
vn -0.0000 0.3733 -0.9277
vn -0.0000 0.4924 -0.8704
vn 0.0002 0.1022 -0.9948
vn 0.9054 0.4246 0.0001
vn 0.9935 0.1140 -0.0001
vn 1.0000 0.0001 -0.0000
vn 1.0000 -0.0000 -0.0000
vn -0.9868 -0.1621 -0.0000
vn -0.8229 -0.5681 0.0001
vn -0.0000 -0.0131 -0.9999
vn -1.0000 -0.0000 -0.0000
vn -0.0000 -0.1200 -0.9928
vn -0.9900 -0.1413 -0.0000
vn -0.9925 -0.1222 -0.0000
vn -0.0000 -0.1038 0.9946
vn -0.8959 -0.4443 -0.0000
vn -0.0000 -0.3882 0.9216
vn -0.0000 -0.3881 0.9216
vn 0.9242 0.3819 -0.0000
vn 0.8982 0.4396 -0.0000
vn -0.0000 0.3334 -0.9428
vn -0.0000 -0.5449 -0.8385
vn -0.0000 -0.5448 -0.8386
vn -0.7382 -0.6746 -0.0000
vn -0.9995 -0.0314 -0.0000
vn 0.8575 0.5145 -0.0000
vn 0.9982 0.0593 0.0006
vn 0.9999 0.0156 -0.0000
vn -0.0000 0.5519 -0.8339
vn -0.9980 0.0625 -0.0012
vn -0.0000 0.4468 0.8947
vn -0.0000 0.4468 0.8946
vn -0.0000 0.0880 0.9961
vn 0.8345 0.5510 -0.0000
vn -0.9384 -0.3456 -0.0000
vn -0.9896 -0.1441 -0.0000
vn -0.9384 -0.3457 -0.0000
vn -0.8441 -0.5361 -0.0000
vn -0.0000 -0.4754 0.8798
vn -0.9233 0.3842 -0.0000
vn -0.0000 0.2394 0.9709
vn -0.0000 -0.1200 0.9928
vn -0.0000 -0.1038 -0.9946
vn -0.0000 -0.3882 -0.9216
vn -0.9985 0.0550 -0.0000
vn 0.9925 -0.1222 -0.0000
vn 0.9900 -0.1413 -0.0000
vn -0.0000 -0.0992 -0.9951
vn 0.8256 -0.5642 -0.0000
vn 0.9577 0.2878 -0.0001
vn -0.8441 -0.5362 -0.0000
vn -0.0000 -0.5442 0.8389
vn -0.0000 -0.5443 0.8389
vn -0.9895 -0.1443 -0.0000
vn -0.0000 -0.0000 -1.0000
vn -0.0000 -0.0000 1.0000
vn -0.0000 0.0001 1.0000
vn -0.0000 0.3310 0.9436
vn -0.0000 -0.2994 0.9541
vn -0.0000 -0.1242 0.9923
vn 0.8959 -0.4443 -0.0000
vn -0.2760 0.5050 -0.8178
vn -0.0194 0.0083 -0.9998
vn -0.2909 0.0228 -0.9565
vn -0.0122 0.0150 0.9998
vn -0.0064 0.0225 0.9997
vn 0.0195 -0.0032 0.9998
vn 0.7105 0.6297 0.3141
vn 0.9961 0.0627 0.0617
vn 0.8440 0.5354 0.0306
vn 0.9760 0.1688 -0.1377
vn 0.8636 0.3959 0.3121
vn 0.8559 0.4601 0.2360
vn -0.2329 -0.1956 0.9526
vn -0.0047 -0.4610 0.8874
vn -0.2927 -0.4285 0.8548
vn -0.1772 0.9566 0.2314
vn -0.0053 0.9998 0.0195
vn -0.1664 0.9854 0.0370
vn 0.8069 0.3756 0.4560
vn 0.9997 0.0123 0.0210
vn 0.7340 0.2445 0.6336
vn -0.9958 0.0671 -0.0617
vn -0.7325 0.5548 -0.3945
vn -0.6576 0.5733 -0.4888
vn -0.0029 -0.3122 0.9500
vn -0.0020 -0.3018 0.9534
vn -0.0729 0.5787 0.8122
vn -0.0796 0.4407 0.8941
vn -0.7253 0.4124 0.5513
vn -0.3769 0.0032 -0.9262
vn -0.0205 0.0255 -0.9995
vn -0.3628 0.0556 -0.9302
vn 0.2689 0.5243 -0.8080
vn 0.0021 0.0085 -1.0000
vn 0.0075 0.4653 -0.8851
vn 0.9991 -0.0098 0.0415
vn 0.9624 -0.0351 0.2693
vn 0.9595 -0.0613 0.2750
vn 0.4768 0.7152 0.5111
vn 0.7023 0.5219 0.4842
vn 0.6669 0.6266 0.4033
vn -0.6640 -0.7474 0.0244
vn -0.2799 -0.8354 0.4731
vn -0.3533 -0.9352 0.0226
vn -0.9602 -0.0022 0.2793
vn -0.9976 -0.0110 0.0684
vn -0.9616 -0.0311 0.2726
vn 0.3567 0.0210 0.9340
vn 0.0099 0.3158 0.9488
vn 0.0229 0.0119 0.9997
vn 0.6586 0.4563 0.5984
vn 0.3809 0.6514 0.6562
vn 0.4793 0.4964 0.7238
vn -1.0000 0.0003 -0.0008
vn -0.6925 0.3306 -0.6412
vn -0.9593 0.0986 -0.2646
vn -0.9993 0.0088 -0.0359
vn -0.9611 0.0801 -0.2645
vn -0.3947 -0.0972 0.9137
vn -0.0100 -0.0592 0.9982
vn -0.3839 -0.0073 0.9234
vn -0.3131 0.0226 -0.9495
vn -0.0124 0.0048 -0.9999
vn -0.3769 -0.0007 -0.9262
vn 0.9959 0.0838 0.0347
vn 0.7514 0.3825 0.5377
vn 0.8465 0.5318 0.0252
vn 0.6217 -0.7819 0.0451
vn 0.7628 -0.4805 0.4327
vn 0.5144 -0.7575 0.4021
vn -0.0003 -0.0888 -0.9960
vn -0.5611 0.0736 -0.8245
vn -0.0001 0.0889 -0.9960
vn -0.6647 0.7467 0.0246
vn -0.2797 0.8355 0.4730
vn -0.5471 0.6684 0.5039
vn -0.0521 -0.9983 0.0266
vn 0.2348 -0.7435 0.6261
vn 0.0018 -0.7838 0.6211
vn -0.8488 -0.5280 0.0277
vn -0.4335 -0.5943 0.6775
vn -0.6176 -0.7862 0.0225
vn -0.9988 0.0003 0.0499
vn -0.7528 0.3820 0.5361
vn -0.8287 -0.0001 0.5598
vn 0.7343 -0.5636 0.3785
vn 0.9957 -0.0683 0.0626
vn 0.7311 -0.5553 0.3963
vn 0.6159 -0.7876 0.0188
vn 0.2788 -0.8352 0.4741
vn 0.5472 -0.6685 0.5038
vn 0.1791 0.8997 0.3982
vn 0.0004 0.9110 0.4124
vn 0.0024 0.9674 0.2531
vn -0.0006 0.8243 0.5661
vn -0.1899 0.7292 0.6574
vn -0.1914 0.9055 0.3787
vn 1.0000 -0.0013 0.0008
vn 1.0000 0.0016 0.0066
vn 1.0000 -0.0030 0.0077
vn -1.0000 -0.0076 -0.0014
vn -0.6601 -0.7484 -0.0642
vn -0.6871 -0.7240 0.0610
vn 0.6756 -0.7180 -0.1673
vn 0.9768 -0.1950 -0.0882
vn 0.9986 -0.0528 -0.0079
vn 0.4269 0.6674 0.6101
vn 0.0720 0.8241 0.5618
vn 0.2106 0.9087 0.3603
vn 0.6756 0.7180 0.1673
vn 0.9768 0.1950 0.0882
vn 1.0000 0.0031 0.0004
vn -0.7023 0.5219 0.4842
vn -1.0000 0.0006 0.0010
vn -0.6585 0.4563 0.5984
vn -0.9647 -0.0010 -0.2632
vn -0.9990 -0.0002 -0.0436
vn -0.9566 0.0059 -0.2913
vn -0.6703 -0.2179 -0.7094
vn -0.9985 -0.0132 -0.0540
vn -0.6847 -0.0854 -0.7238
vn -0.6626 -0.5572 0.5006
vn -0.9976 -0.0421 0.0556
vn -0.9999 -0.0104 0.0080
vn -0.5460 0.6687 0.5047
vn -0.8820 0.4708 0.0205
vn -0.6136 0.7889 0.0333
vn 0.3938 0.4216 -0.8168
vn 0.0134 0.4791 -0.8776
vn 0.0144 0.4443 -0.8958
vn 0.4581 -0.6025 0.6535
vn 0.2585 -0.9658 0.0215
vn 0.6177 -0.7862 0.0182
vn -0.9988 0.0003 0.0497
vn -0.7526 0.3819 0.5364
vn -0.8286 -0.0000 0.5598
vn 0.9992 -0.0091 0.0384
vn 0.9990 0.0153 -0.0424
vn 0.9994 0.0068 -0.0350
vn 0.9996 0.0005 -0.0298
vn 0.9653 0.0344 -0.2588
vn 0.9672 0.0139 -0.2536
vn -0.2334 -0.7442 0.6259
vn -0.3087 -0.9507 0.0304
vn 0.6909 0.3300 -0.6433
vn 0.6517 0.4578 -0.6048
vn 0.9851 0.1014 -0.1387
vn -0.9949 -0.0291 0.0962
vn -0.9996 0.0016 0.0276
vn -0.6871 0.7240 -0.0610
vn -0.6016 0.7958 0.0683
vn -0.5735 0.8167 -0.0645
vn 1.0000 0.0012 -0.0058
vn -0.6657 -0.6278 -0.4033
vn -0.9999 -0.0119 -0.0082
vn -0.7147 -0.5126 -0.4758
vn 0.6925 -0.3306 0.6412
vn 0.6843 -0.2121 0.6977
vn -0.9546 -0.0980 0.2812
vn -0.9980 -0.0233 0.0582
vn -0.9517 -0.1303 0.2780
vn -0.3565 0.0282 0.9339
vn -0.0189 0.3132 0.9495
vn -0.3105 0.3114 0.8981
vn 0.7157 -0.0006 0.6984
vn 0.0825 0.0347 0.9960
vn 0.5882 0.3591 0.7246
vn -0.2202 0.9121 0.3459
vn -0.0109 0.9901 -0.1398
vn -0.0073 0.9781 0.2079
vn -0.5913 -0.3340 0.7340
vn -0.0002 -0.5997 0.8002
vn -0.0004 -0.4529 0.8916
vn 0.0797 0.4407 0.8941
vn 0.0729 0.5788 0.8122
vn 0.7260 0.4119 0.5507
vn -0.7577 0.5632 -0.3296
vn -0.9961 0.0692 -0.0553
vn -0.8373 0.4998 -0.2218
vn -0.5145 0.7558 0.4051
vn -0.3119 0.9492 0.0411
vn -0.5699 0.8212 0.0312
vn -0.4347 0.5955 0.6756
vn -0.9136 0.4057 0.0283
vn -0.6168 0.7870 0.0132
vn -0.0054 0.9370 0.3492
vn -0.0855 0.8153 0.5727
vn -0.4587 0.6002 0.6553
vn -0.3086 0.9507 0.0306
vn -0.5658 0.8242 0.0230
vn 0.3745 0.3561 -0.8561
vn -0.2544 0.6693 0.6981
vn -0.0049 0.3496 0.9369
vn -0.0063 0.6540 0.7565
vn -0.7170 -0.3167 -0.6210
vn -0.9888 -0.1446 0.0362
vn 0.5913 -0.3341 0.7340
vn 0.5909 -0.1979 0.7821
vn -0.6191 0.7849 0.0251
vn -0.7602 0.4828 0.4347
vn -0.5166 0.7558 0.4023
vn -0.0002 -0.7406 0.6720
vn -0.5955 -0.4865 0.6393
vn -0.5754 -0.6098 0.5450
vn 0.7527 -0.6561 -0.0538
vn 0.9994 -0.0344 0.0068
vn 0.6532 -0.7544 0.0649
vn 0.4345 0.5952 0.6759
vn 0.0064 0.0224 0.9997
vn 0.3020 0.9455 0.1219
vn 0.3022 0.3121 0.9007
vn -0.8929 -0.0020 0.4503
vn -0.8855 0.4620 0.0490
vn -0.9998 0.0010 0.0207
vn -0.6184 0.7852 0.0329
vn -0.6387 0.3470 0.6868
vn -0.4575 0.6015 0.6549
vn -0.5859 -0.3581 0.7270
vn -0.0323 -0.0366 0.9988
vn 0.5847 -0.7815 -0.2175
vn 0.6385 -0.7093 -0.2988
vn 0.6381 -0.3489 0.6864
vn -0.0520 0.9983 0.0267
vn -0.2334 0.7440 0.6261
vn 0.0018 0.7836 0.6212
vn -0.7196 0.0001 0.6944
vn -0.8830 0.4690 0.0196
vn -0.9997 -0.0000 0.0261
vn -0.7282 0.3103 0.6110
vn -0.2588 0.9621 0.0857
vn 0.2583 0.9658 0.0217
vn 0.4587 0.6004 0.6550
vn 0.5658 0.8243 0.0228
vn 0.2006 0.0009 0.9797
vn 0.2855 0.1337 0.9490
vn 0.0482 0.0364 0.9982
vn -0.5861 -0.3581 0.7268
vn -0.0327 -0.0371 0.9988
vn -0.4335 -0.5944 0.6773
vn 0.6852 -0.6993 0.2036
vn -0.6441 0.0916 0.7595
vn -0.6578 -0.0630 0.7506
vn -0.3089 -0.9508 0.0231
vn -0.5143 -0.7575 0.4021
vn -0.6218 -0.7819 0.0450
vn -0.7454 0.6126 0.2629
vn -0.9969 0.0647 0.0447
vn -0.6565 0.6344 0.4081
vn -0.0789 0.0905 0.9928
vn -0.0038 0.0082 1.0000
vn 0.0514 -0.0000 0.9987
vn -0.4410 0.6632 0.6047
vn -0.0003 0.5811 0.8138
vn -0.1617 0.4311 0.8877
vn -0.1873 0.5753 0.7962
vn -0.6469 -0.7431 -0.1712
vn 0.6134 0.7891 0.0334
vn 0.2799 0.8352 0.4734
vn 0.3053 0.9521 0.0176
vn 1.0000 0.0061 -0.0029
vn 0.6881 0.6026 -0.4043
vn 0.6510 0.6654 -0.3653
vn -0.9996 -0.0152 -0.0235
vn -0.6682 -0.4510 -0.5917
vn -0.9994 0.0158 0.0299
vn 0.0328 -0.0371 0.9988
vn 0.0247 -0.0688 0.9973
vn -0.0116 0.0042 0.9999
vn 0.6016 0.7959 0.0683
vn 0.6764 0.7354 -0.0408
vn 0.5854 0.8065 -0.0825
vn -0.8476 0.5298 0.0308
vn -0.9992 0.0295 0.0283
vn 0.9135 0.4057 0.0284
vn 0.6168 0.7870 0.0132
vn 0.0002 0.7583 -0.6519
vn 0.5958 0.4864 -0.6391
vn 0.0002 0.5997 -0.8002
vn -0.0442 -0.0969 0.9943
vn -0.0046 -0.0025 1.0000
vn -0.0482 0.0364 0.9982
vn -0.2007 0.0009 0.9797
vn 0.0004 -0.6049 -0.7963
vn 0.5913 -0.3341 -0.7340
vn 0.5902 -0.4579 -0.6648
vn 0.1868 0.5754 0.7963
vn 0.0004 0.6935 0.7205
vn 0.1908 0.7292 0.6572
vn 0.1104 0.0932 0.9895
vn 0.0002 0.2921 0.9564
vn 0.1352 0.2713 0.9530
vn 0.7350 0.5774 -0.3555
vn 0.9938 0.0361 -0.1051
vn 0.9312 0.0417 -0.3621
vn 0.9676 -0.0327 0.2505
vn 0.9650 -0.0570 0.2559
vn -0.2624 -0.9645 0.0288
vn -0.5142 -0.7563 0.4045
vn -0.5695 -0.8214 0.0314
vn -0.7575 -0.5446 0.3601
vn -1.0000 -0.0018 0.0011
vn -0.6611 -0.6690 0.3399
vn -0.0008 -0.8884 0.4591
vn 0.3041 -0.9522 0.0307
vn -0.0003 -0.9999 0.0125
vn 0.5859 -0.3581 0.7270
vn 0.4334 -0.5944 0.6774
vn 0.5959 -0.4864 0.6390
vn 0.6806 -0.6524 0.3333
vn 0.6703 -0.2179 -0.7094
vn 0.5921 -0.1991 -0.7809
vn -0.4793 0.4963 0.7238
vn -0.3763 0.3866 0.8420
vn 0.6606 0.2208 0.7176
vn 0.3762 0.3866 0.8420
vn 0.4632 0.2181 0.8590
vn 0.4334 -0.5943 0.6775
vn 0.0061 -0.0178 0.9998
vn 0.0325 -0.0368 0.9988
vn -0.0002 0.7140 0.7001
vn -0.6601 0.7484 0.0642
vn -0.9998 0.0195 0.0036
vn -0.6470 0.7430 0.1712
vn -0.0000 0.9996 0.0282
vn 0.2357 0.8939 0.3814
vn 0.3113 0.9494 0.0414
vn -0.9647 0.0919 -0.2467
vn -0.9994 0.0081 -0.0330
vn -0.9664 0.0746 -0.2461
vn 0.6520 0.2224 -0.7248
vn 0.0492 0.9981 0.0359
vn 0.2367 0.8931 0.3825
vn 0.3109 0.9495 0.0414
vn 1.0000 -0.0016 -0.0081
vn 0.7170 -0.3167 -0.6209
vn -0.6177 -0.7862 0.0182
vn -0.6380 -0.3488 0.6865
vn -0.8835 -0.4670 0.0357
vn -0.0186 -0.0077 0.9998
vn 0.0093 0.1633 0.9865
vn -0.0284 0.0109 0.9995
vn 0.8826 -0.4696 0.0220
vn 0.6175 -0.7862 0.0224
vn -0.8826 -0.4696 0.0219
vn -0.6175 -0.7862 0.0224
vn -0.7216 0.0001 0.6923
vn -0.8477 0.5299 0.0248
vn -0.9999 -0.0000 0.0147
vn 0.0008 -0.0895 0.9960
vn 0.0001 0.0958 0.9954
vn -0.7423 -0.1928 0.6418
vn 0.5128 -0.7577 0.4036
vn 0.3092 -0.9507 0.0231
vn 0.6218 -0.7819 0.0449
vn -0.8283 0.5594 0.0325
vn -0.9954 0.0748 -0.0597
vn -0.9990 0.0318 0.0306
vn -0.9657 -0.0038 0.2596
vn -0.9980 -0.0101 0.0630
vn -0.9669 -0.0289 0.2535
vn -0.7158 -0.0006 0.6983
vn 0.5460 0.6683 0.5052
vn 0.6538 -0.4567 0.6033
vn 0.7158 -0.0006 0.6984
vn 0.5883 0.3592 0.7245
vn 0.9982 0.0312 -0.0505
vn 0.9629 -0.0021 -0.2699
vn 0.9399 0.0387 -0.3393
vn -0.0006 0.9984 0.0573
vn -0.0003 0.9984 -0.0567
vn -0.9648 0.0353 -0.2606
vn -0.6666 0.2192 0.7124
vn -0.0520 -0.9983 0.0267
vn -0.2335 -0.7441 0.6260
vn -0.3088 -0.9507 0.0305
vn -0.3582 0.9334 0.0216
vn -0.0508 -0.0216 0.9985
vn -0.0000 -0.9987 0.0510
vn -0.2390 -0.8937 0.3797
vn 0.0195 -0.0082 0.9998
vn -0.9439 0.1106 0.3111
vn -0.9987 0.0016 0.0515
vn -0.9592 0.0100 0.2825
vn 0.0003 0.8930 -0.4501
vn 0.5593 0.7967 -0.2292
vn 0.5961 0.7239 -0.3473
vn 0.0003 0.8243 0.5661
vn -0.0076 -0.0002 1.0000
vn -0.8508 -0.5243 0.0343
vn -0.4049 0.3652 -0.8382
vn -0.0159 0.4719 -0.8815
vn -0.4285 0.4041 -0.8081
vn -0.3821 0.0190 0.9239
vn -0.0173 0.3097 0.9507
vn -0.3329 0.3089 0.8909
vn 0.0109 0.9896 -0.1432
vn 0.3161 0.9459 -0.0734
vn 0.2563 0.6698 0.6969
vn 0.0183 0.3457 0.9382
vn 0.2973 0.3216 0.8990
vn -0.1917 0.9492 -0.2494
vn -0.0049 0.9982 -0.0601
vn -0.0052 0.9783 -0.2069
vn 0.9135 0.4058 0.0283
vn 0.4343 0.5952 0.6761
vn 0.6677 0.7443 0.0164
vn 0.0877 0.1004 0.9911
vn -0.6159 -0.7876 0.0184
vn -0.2789 -0.8352 0.4739
vn -0.3039 -0.9522 0.0306
vn -0.5900 -0.4580 -0.6649
vn -0.5912 -0.3341 -0.7340
vn 0.6319 0.7445 -0.2154
vn 0.6744 0.0869 0.7332
vn 0.9733 0.1612 -0.1636
vn 0.8934 0.4079 0.1883
vn -0.0665 -0.0921 0.9935
vn -0.1362 -0.3588 0.9234
vn -0.0673 -0.2464 0.9668
vn 0.9999 -0.0000 0.0135
vn -0.9991 -0.0002 0.0431
vn -0.9995 0.0006 -0.0303
vn -0.2357 0.8938 0.3815
vn -0.0000 0.9257 0.3783
vn 0.6387 0.3472 0.6867
vn 0.8476 0.5300 0.0247
vn 0.5859 -0.3581 0.7269
vn 0.6047 0.6485 -0.4624
vn 0.6624 0.5564 -0.5016
vn 0.5768 0.6090 -0.5444
vn 0.6157 -0.7877 0.0184
vn 0.2788 -0.8350 0.4743
vn 0.5469 -0.6684 0.5041
vn -0.4582 -0.6025 0.6535
vn -0.6178 -0.7861 0.0181
vn -0.0247 -0.0687 0.9973
vn -0.3046 -0.9501 0.0676
vn 0.7521 -0.3817 0.5373
vn 0.8287 -0.0000 0.5597
vn -0.7521 -0.3817 0.5372
vn -0.9124 -0.4085 0.0262
vn 0.0031 -0.0008 1.0000
vn -0.1625 -0.1001 0.9816
vn -0.6388 0.3492 0.6856
vn -0.9152 -0.4022 0.0253
vn -0.1880 -0.1725 0.9669
vn -0.0011 0.0887 0.9961
vn -0.0001 -0.0922 0.9957
vn 0.9996 -0.0000 0.0271
vn 0.7513 -0.3825 0.5378
vn 0.8288 -0.0000 0.5595
vn -0.5862 0.5929 -0.5521
vn -0.6435 0.4822 -0.5945
vn -0.0003 -0.2694 0.9630
vn 0.3089 -0.9508 0.0231
vn 0.5169 0.7554 0.4028
vn 0.6186 0.7853 0.0253
vn 0.2808 0.5284 -0.8012
vn 0.0184 0.0381 -0.9991
vn 0.0038 0.4646 -0.8855
vn -0.9593 0.0379 -0.2800
vn -0.2366 0.8935 0.3816
vn -0.0010 0.9251 0.3797
vn 0.7916 0.4982 -0.3538
vn 1.0000 0.0030 -0.0023
vn 1.0000 0.0035 0.0054
vn 0.0003 -0.9963 0.0854
vn 0.5850 -0.7791 0.2251
vn 0.0002 -0.9612 0.2757
vn 0.3490 0.9331 0.0865
vn -0.0000 0.0363 0.9993
vn 0.0497 0.9974 0.0530
vn -0.1346 0.2682 0.9539
vn -0.0002 0.4294 0.9031
vn -0.0001 0.2701 0.9628
vn 0.5836 0.7814 0.2209
vn 0.6331 0.7116 0.3046
vn -0.0000 -0.8882 0.4595
vn 0.3039 -0.9522 0.0309
vn -0.0000 -0.9999 0.0122
vn 0.4194 0.4131 -0.8084
vn 0.4066 0.3649 -0.8375
vn 0.4320 0.4037 -0.8065
vn 0.4581 -0.6024 0.6536
vn 0.6176 -0.7863 0.0181
vn 0.9999 0.0078 0.0147
vn 0.8631 0.1777 0.4727
vn 0.9924 -0.0493 0.1127
vn 0.6022 -0.6503 0.4630
vn 0.6493 -0.5652 0.5089
vn 0.5757 -0.6098 0.5447
vn 0.9996 0.0016 0.0280
vn -0.3496 0.1667 -0.9220
vn -0.0195 0.2876 -0.9576
vn -0.3630 0.2777 -0.8895
vn 0.7515 0.3825 0.5375
vn 0.8465 0.5319 0.0252
vn 0.0003 0.9653 0.2611
vn 0.0004 0.9962 0.0867
vn -0.0002 0.9677 0.2520
vn -0.0005 -0.9984 -0.0573
vn -0.5861 -0.7801 -0.2190
vn -0.0003 -0.9672 -0.2542
vn 0.7216 0.0001 0.6923
vn 0.8836 -0.4669 0.0358
vn 0.9999 -0.0000 0.0146
vn 0.5433 0.7038 -0.4577
vn -1.0000 0.0002 0.0085
vn 0.9959 -0.0862 0.0259
vn 0.9126 -0.4080 0.0261
vn 0.3753 0.0017 -0.9269
vn 0.0106 0.0001 -0.9999
vn 0.3656 -0.0017 -0.9308
vn -0.1360 0.2067 0.9689
vn -0.1362 0.3588 0.9234
vn -0.2363 0.2579 0.9368
vn 0.3746 0.0499 0.9258
vn 0.3825 -0.0047 0.9239
vn 0.0168 -0.2199 0.9754
vn 0.3788 -0.2868 0.8799
vn 0.3840 -0.1850 0.9046
vn -0.0002 0.9136 0.4065
vn -0.0205 -0.0017 0.9998
vn -0.0244 0.0028 0.9997
vn -0.0049 0.9982 -0.0603
vn 0.0025 0.9779 -0.2093
vn -0.0052 0.9782 -0.2077
vn -0.3810 0.6514 0.6562
vn -0.4104 0.7524 0.5153
vn 0.9599 0.0052 0.2802
vn 0.9988 -0.0006 0.0485
vn 0.9995 0.0018 0.0315
vn -0.6056 0.6481 -0.4618
vn -0.7405 0.5575 -0.3752
vn 0.0078 -0.4411 0.8974
vn 0.0117 -0.4626 0.8865
vn 0.3590 -0.1870 0.9144
vn 0.0087 -0.1276 0.9918
vn -0.0037 0.4659 -0.8848
vn -0.0081 0.2248 -0.9744
vn 0.0101 0.2888 -0.9573
vn 0.0003 -0.8137 0.5813
vn 0.0004 -0.7208 0.6931
vn 0.5914 0.3341 -0.7339
vn 0.0004 0.4295 -0.9031
vn -0.3837 -0.1850 0.9047
vn -0.0170 -0.1278 0.9917
vn 0.3049 0.9522 0.0177
vn 0.9974 -0.0002 -0.0723
vn 0.9649 0.0004 -0.2624
vn 0.0076 -0.4411 0.8974
vn 0.0116 -0.4626 0.8865
vn 0.6186 0.7853 0.0252
vn -0.0003 0.7405 -0.6721
vn 0.0082 0.9983 0.0578
vn 0.0032 0.9998 -0.0198
vn -0.0060 0.0692 -0.9976
vn 0.0105 0.0257 -0.9996
vn 0.0117 0.0692 -0.9975
vn -0.0074 0.4659 -0.8848
vn 0.0026 0.9779 -0.2088
vn -0.0000 -0.1526 0.9883
vn -0.0114 -0.1149 0.9933
vn 0.0133 -0.0685 0.9976
vn -0.0131 -0.0504 0.9986
vn 0.3512 0.0017 -0.9363
vn 0.0113 0.0014 -0.9999
vn 0.3588 -0.0074 0.9334
vn -0.9999 -0.0000 0.0135
vn -0.9650 0.0003 -0.2623
vn 0.0448 0.2636 0.9636
vn 0.0002 -0.9094 -0.4159
vn 0.0006 -0.9670 -0.2547
vn -0.8501 -0.5255 0.0345
vn -0.1255 -0.0801 0.9889
vn -0.2371 -0.2655 0.9345
vn -0.1351 -0.1941 0.9716
vn 0.0006 -0.8930 0.4501
vn -0.0002 -0.8930 0.4501
vn 0.0003 0.9962 -0.0870
vn -0.0002 0.9612 -0.2757
vn -0.0030 -0.3130 0.9497
vn 0.0025 -0.2933 0.9560
vn -0.3741 0.1650 -0.9126
vn -0.0196 0.2876 -0.9575
vn -0.3881 0.2748 -0.8797
vn 0.3691 0.0724 0.9266
vn 0.0444 -0.0970 0.9943
vn 0.4241 -0.0823 0.9019
vn -0.0045 0.3474 0.9377
vn 0.0065 -0.4225 0.9064
vn 0.0090 -0.3257 0.9454
vn -0.0068 -0.4012 0.9160
vn 0.3519 -0.3940 0.8491
vn 0.6653 0.0664 -0.7436
vn -0.3524 0.9356 0.0224
vn 0.0061 -0.0027 1.0000
vn 0.8477 0.5299 0.0248
vn 0.9152 0.4014 0.0352
vn 0.9993 -0.0000 0.0369
vn 0.8826 -0.4696 0.0219
vn 0.8835 -0.4670 0.0358
vn -0.0005 -0.8307 0.5568
vn 0.0001 -0.8403 0.5421
vn -0.1888 0.0641 0.9799
vn -0.1682 0.9856 -0.0194
vn 0.0003 -0.5997 0.8002
vn -0.3550 0.0017 -0.9349
vn -0.3493 -0.0013 -0.9370
vn -0.3548 -0.2914 0.8884
vn -0.0085 -0.2196 0.9755
vn -0.3588 -0.1871 0.9145
vn -0.0086 -0.2196 0.9756
vn 0.0220 0.3526 -0.9355
vn -0.0113 0.3597 -0.9330
vn -0.0683 -0.0018 0.9977
vn -0.6839 0.6547 0.3220
vn 0.0002 0.8403 -0.5421
vn 0.0002 0.8136 -0.5814
vn 0.9999 -0.0089 -0.0075
vn 0.9999 -0.0063 -0.0098
vn 0.0032 0.6543 0.7562
vn -0.8502 0.5254 0.0345
vn 0.6134 0.7891 0.0332
vn -0.9995 0.0007 -0.0327
vn -0.9621 0.0150 -0.2725
vn -0.9593 0.0004 -0.2824
vn -0.9971 -0.0004 -0.0761
vn -0.9591 -0.0011 -0.2829
vn -0.0603 -0.2433 0.9681
vn -0.4331 -0.0816 0.8977
vn 0.0497 -0.9973 0.0536
vn -0.3045 -0.9501 0.0675
vn -0.0081 0.4169 -0.9089
vn 0.0001 -0.2766 0.9610
vn 0.0003 -0.4316 0.9021
vn 0.5427 -0.7040 0.4581
vn -0.9990 -0.0004 0.0440
vn -0.0004 -0.8137 0.5813
vn -0.0000 -0.3953 0.9186
vn -0.0000 -0.2247 0.9744
vn 0.0396 0.0299 0.9988
vn 0.2364 0.2580 0.9368
vn 0.1359 0.2067 0.9689
vn 0.8502 -0.5254 0.0344
vn -0.6678 0.7442 0.0164
vn 0.0003 -0.9962 -0.0866
vn 0.0033 0.6511 0.7590
vn -0.0064 0.6539 0.7565
vn 0.0048 -0.3025 0.9531
vn -0.9672 0.0139 -0.2535
vn 0.0078 0.4222 -0.9065
vn -0.3045 0.9502 0.0669
vn 0.0207 0.0255 -0.9995
vn 0.0104 0.0025 -0.9999
vn -0.3762 0.3597 -0.8539
vn -0.0144 0.4455 -0.8952
vn -0.3866 0.4254 -0.8183
vn 0.9975 -0.0009 0.0700
vn 0.3946 -0.0972 0.9137
vn 0.0115 -0.1404 0.9900
vn -0.0103 0.0012 -0.9999
vn 0.0195 -0.0595 0.9980
vn -0.0003 0.8349 -0.5504
vn -0.5739 0.7283 -0.3743
vn -0.0004 0.8930 -0.4501
vn -0.7157 -0.0006 0.6984
vn -0.3388 0.0561 -0.9392
vn -0.0110 0.1271 -0.9918
vn 0.9572 -0.0022 -0.2896
vn 0.9666 0.0714 -0.2461
vn -0.9983 -0.0217 0.0542
vn -0.9983 0.0291 0.0499
vn -0.9995 0.0095 0.0310
vn -0.9712 -0.0565 0.2316
vn -0.9414 -0.1359 0.3088
vn -0.9582 -0.1214 0.2590
vn 0.1683 0.9855 -0.0204
vn 0.0082 0.9983 0.0577
vn 0.1661 0.9854 0.0369
vn -0.9641 -0.0648 0.2576
vn 0.9934 -0.0462 0.1054
vn 0.9648 -0.0871 0.2483
vn 0.9551 -0.1257 0.2684
vn 0.9972 0.0678 -0.0312
vn 0.9481 -0.1348 0.2879
vn 0.9303 -0.1506 0.3345
vn 0.9908 -0.0284 0.1325
vn -0.3262 -0.3977 0.8576
vn -0.0181 -0.3261 0.9452
vn -0.0054 0.9998 0.0195
vn -0.0005 -0.9987 0.0508
vn -0.6804 -0.3348 0.6519
vn -0.5863 0.4719 -0.6584
vn -0.5913 0.3339 -0.7340
vn -0.5921 -0.1991 -0.7809
vn -0.5912 -0.0599 -0.8043
vn 0.6339 -0.0648 0.7707
vn -0.7540 -0.6049 -0.2563
vn -0.5865 -0.7310 -0.3488
vn -0.5852 0.7799 0.2221
vn -0.4341 0.8133 0.3873
vn 0.5876 -0.6593 -0.4691
vn 0.7148 -0.5126 -0.4758
vn 0.6772 -0.6188 -0.3982
vn -0.5804 -0.6601 0.4768
vn -0.5830 0.7805 -0.2256
vn -0.5734 -0.8167 0.0645
vn -0.5829 -0.7806 0.2256
vn -0.6016 -0.7959 -0.0683
vn -0.5875 -0.6594 -0.4691
vn -0.5815 0.6813 -0.4446
vn -0.6611 0.6689 -0.3398
vn -0.6044 -0.6650 0.4387
vn -0.5743 -0.7281 0.3741
vn 0.0157 0.3642 -0.9312
vn 0.3630 0.2777 -0.8894
vn 0.1943 0.9545 0.2261
vn 0.0048 0.9810 0.1938
vn -1.0000 0.0049 -0.0032
vn 0.0002 0.4294 0.9031
vn 0.1616 0.4311 0.8877
vn 0.0002 0.5811 0.8138
vn 0.2314 -0.1931 0.9535
vn 0.1887 0.0641 0.9799
vn 0.6159 0.2402 0.7503
vn -0.7522 0.1502 0.6416
vn -0.7337 0.2446 0.6339
vn -0.0057 0.9918 0.1276
vn 0.0027 0.9562 0.2928
vn -0.9741 0.2081 -0.0885
vn -0.8857 0.4191 0.1996
vn 0.5919 0.1996 -0.7809
vn 0.0003 0.2636 -0.9646
vn -0.9818 0.0169 -0.1889
vn -0.6842 0.2122 -0.6977
vn -0.6399 0.0684 -0.7654
vn 0.9819 -0.0169 0.1889
vn -0.5921 -0.1959 0.7817
vn -0.0140 0.3422 -0.9395
vn -0.0003 -0.9701 0.2425
vn 0.6015 -0.7959 -0.0683
vn 0.5734 -0.8167 0.0644
vn 0.0003 -0.8244 -0.5661
vn 0.5887 -0.5677 -0.5754
vn 1.0000 0.0027 0.0023
vn -0.0003 -0.8405 -0.5419
vn -0.5888 -0.5677 -0.5754
vn -0.0002 -0.7139 -0.7002
vn 0.0003 -0.6934 -0.7205
vn 0.7428 -0.0762 -0.6652
vn 0.5657 0.0733 -0.8213
vn -0.0004 0.4294 -0.9031
vn -0.5907 0.2015 -0.7813
vn -0.0004 -0.2922 -0.9564
vn -0.6662 -0.6107 0.4281
vn -0.0004 -0.8972 -0.4417
vn -0.0003 -0.9963 0.0854
vn 0.0003 0.9516 -0.3072
vn 0.6683 -0.4509 -0.5917
vn 0.0003 -0.2635 -0.9647
vn 0.5924 -0.0582 -0.8036
vn 0.5885 -0.7214 0.3651
vn -0.9894 0.1406 -0.0355
vn -0.0005 0.8079 -0.5893
vn 0.7893 0.6122 0.0480
vn -0.2366 0.6722 0.7015
vn -0.0000 -0.1528 0.9883
vn 0.0603 -0.2433 0.9681
vn -0.0002 -0.5799 -0.8147
vn 0.0003 -0.4294 -0.9031
vn 0.0100 0.2880 -0.9576
vn -0.0061 0.2095 -0.9778
vn 0.0111 0.1271 -0.9918
vn 0.0118 0.2095 -0.9777
vn -0.0520 0.9983 0.0268
vn 0.7656 0.5496 -0.3344
vn 0.8374 0.5015 -0.2171
vn 0.9984 0.0455 0.0347
vn 0.9990 -0.0001 -0.0449
vn -0.9498 0.0063 -0.3127
vn -0.0000 0.9998 0.0213
vn -0.3060 0.9519 0.0176
vn 0.0501 -0.0214 0.9985
vn 0.0074 -0.0002 1.0000
vn 0.3078 0.9513 0.0172
vn 0.0497 0.9973 0.0540
vn 0.0003 0.0591 -0.9983
vn -0.0061 -0.0176 0.9998
vn 0.0018 -0.7836 0.6212
vn -0.0000 0.0062 1.0000
vn 0.3489 -0.9331 0.0874
vn 0.0014 0.0032 1.0000
vn 0.0122 0.0150 0.9998
vn -0.6382 -0.3509 0.6852
vn -0.0783 0.0329 0.9964
vn -0.9991 0.0211 -0.0365
vn 0.6175 -0.7863 0.0224
vn 0.0698 -0.0018 0.9976
vn -0.0004 -0.4027 -0.9153
vn 0.9999 0.0001 0.0134
vn -0.0003 0.2919 -0.9565
vn -0.9127 -0.4078 0.0261
vn 0.0001 0.8885 0.4588
vn -0.0514 0.9986 0.0157
vn 0.4575 0.6017 0.6547
vn 0.6183 0.7853 0.0328
vn -0.9119 0.4094 0.0267
vn 0.6389 0.3471 0.6866
vn -0.2322 0.7457 0.6245
vn 0.0018 0.7836 0.6213
vn 0.2336 0.7449 0.6249
vn -0.4581 -0.6023 0.6537
vn 0.7213 0.0001 0.6926
vn 0.9999 -0.0000 0.0148
vn -0.7522 -0.3818 0.5371
vn 0.6379 -0.3488 0.6866
vn -0.9998 0.0006 0.0207
vn 0.8804 -0.4729 0.0364
vn 0.8842 -0.4662 0.0273
vn -0.0000 0.3949 0.9187
vn -0.0388 0.1279 0.9910
vn -0.0000 0.2143 0.9768
vn 0.0274 -0.0489 0.9984
vn 0.1376 -0.3512 0.9261
vn 0.2223 -0.2579 0.9402
vn -0.2370 -0.8932 0.3820
vn 0.5168 0.7554 0.4029
vn -0.1359 0.2067 0.9689
vn -0.2363 0.2580 0.9368
vn 0.0388 0.1279 0.9910
vn 0.7625 0.4812 0.4325
vn 0.9152 0.4014 0.0353
vn -0.8930 -0.0020 0.4500
vn -0.3017 -0.1341 0.9439
vn -0.2372 -0.2655 0.9345
vn 0.8931 0.0009 0.4498
vn 0.1360 0.2067 0.9689
vn -0.1074 -0.0055 0.9942
vn -0.3002 -0.1308 0.9449
vn 0.2390 -0.8937 0.3796
vn -0.0000 -0.9250 0.3800
vn -0.0000 0.3951 0.9186
vn -0.0388 0.1278 0.9910
vn -0.0000 0.2140 0.9768
vn 0.1362 0.3589 0.9234
vn 0.0388 0.1277 0.9910
vn -0.0675 -0.2471 0.9666
vn -0.0000 -0.3954 0.9185
vn 0.0015 -0.0961 0.9954
vn -0.7620 -0.4810 0.4336
vn 0.8931 -0.0000 0.4499
vn -0.2849 0.1313 0.9495
vn -0.3124 -0.0001 0.9499
vn 0.2360 -0.2566 0.9372
vn 0.0115 -0.0085 0.9999
vn 0.1359 -0.2067 0.9689
vn 0.7625 0.4813 0.4323
vn 0.1655 -0.1009 0.9810
vn 0.3017 -0.1341 0.9439
vn 0.3188 -0.0001 0.9478
vn -0.1363 -0.3590 0.9233
vn -0.0000 0.0120 0.9999
vn -0.0048 -0.0088 0.9999
vn -0.0135 0.0091 0.9999
vn -0.0019 -0.0176 0.9998
vn 0.0322 -0.1094 0.9935
vn -0.0105 0.0256 -0.9996
vn -0.0120 -0.4540 0.8909
vn -0.3692 -0.0984 0.9241
vn -0.3577 -0.0047 0.9338
vn -0.7323 0.5871 -0.3450
vn -0.8168 0.5270 -0.2348
vn -0.0217 0.0001 0.9998
vn 0.3740 0.1648 -0.9127
vn 0.0080 0.1943 -0.9809
vn 0.3693 -0.0983 0.9241
vn 0.3489 -0.9331 0.0873
vn 0.9993 0.0073 -0.0378
vn 0.9988 0.0165 -0.0456
vn 0.3390 0.0559 -0.9391
vn 0.3495 0.1665 -0.9220
vn 0.9995 0.0006 -0.0322
vn -0.9993 0.0217 -0.0314
vn -0.0068 -0.4015 0.9158
vn -0.3796 -0.2883 0.8791
vn -0.3494 -0.3942 0.8500
vn -0.0182 -0.3260 0.9452
vn -0.3133 -0.4245 0.8495
vn 0.0060 0.0692 -0.9976
vn -0.0116 0.0692 -0.9975
vn -0.9651 0.0049 0.2620
vn -0.1924 0.9541 0.2294
vn -0.1795 0.9831 0.0370
vn 0.9620 0.0149 -0.2726
vn 0.9594 0.0004 -0.2820
vn 0.5836 -0.7322 -0.3512
vn -0.9690 -0.0603 0.2394
vn -0.9608 -0.0913 0.2618
vn 0.9659 -0.0535 0.2532
vn 0.9991 0.0127 0.0411
vn 0.9343 -0.1402 0.3277
vn -0.9719 0.2296 -0.0519
vn 0.9599 0.0369 -0.2780
vn 0.9613 0.0767 -0.2645
vn 0.9592 -0.0936 0.2667
vn 0.9971 0.0598 -0.0478
vn -0.9923 -0.0303 0.1202
vn -0.9357 -0.1448 0.3218
vn 0.1954 0.9496 -0.2449
vn -0.0024 0.9807 0.1955
vn 0.4168 0.8161 0.4002
vn 0.0584 0.9062 0.4188
vn 0.0029 -0.3123 0.9500
vn -0.3721 0.0711 0.9255
vn -0.0449 0.2637 0.9636
vn -0.4633 0.2181 0.8590
vn 0.7046 0.3226 0.6321
vn -0.0088 -0.0020 1.0000
vn -0.6155 0.2404 0.7506
vn 0.6117 -0.0499 0.7895
vn 0.6227 -0.0119 0.7823
vn 0.7529 0.1500 0.6409
vn -0.8651 0.3939 0.3105
vn -0.8048 0.3774 0.4580
vn -0.8469 0.4710 0.2467
vn -0.0211 0.9897 -0.1418
vn -0.8626 0.1780 0.4735
vn 0.0004 -0.0594 -0.9982
vn -0.0004 0.5712 -0.8208
vn 0.3882 0.2747 -0.8797
vn 0.1816 0.9832 -0.0204
vn 0.1792 0.9831 0.0369
vn -0.0002 0.4753 -0.8798
vn -0.0135 0.4867 -0.8735
vn -0.0064 0.0007 -1.0000
vn -0.2950 0.5060 -0.8105
vn -0.7110 0.6321 0.3081
vn -0.9514 0.1031 0.2902
vn -0.9996 0.0017 0.0288
vn 0.6888 0.6487 0.3236
vn 0.7963 0.5749 0.1882
vn 0.8290 0.5583 -0.0319
vn 0.2357 0.6737 0.7004
vn 0.0088 0.3514 0.9362
vn 0.9654 0.0049 0.2608
vn 0.0049 0.9810 0.1939
vn 0.2347 0.7432 0.6265
vn -0.4344 0.5953 0.6759
vn 0.0282 0.0108 0.9995
vn -0.8831 0.4674 0.0397
vn -0.0000 0.8882 0.4594
vn -0.5881 0.3591 0.7247
vn -0.5883 0.3592 0.7245
vn -0.2621 0.9646 0.0292
vn 0.3541 -0.2898 0.8892
vn -0.5469 -0.6686 0.5038
vn -0.2800 0.8352 0.4733
vn 0.5461 0.6684 0.5051
vn 0.2799 0.8353 0.4732
vn -0.5472 -0.6685 0.5038
vn 0.0206 0.0001 -0.9998
vn 0.3412 -0.0017 -0.9400
vn 0.1362 -0.3589 0.9234
vn 0.2389 -0.8937 0.3798
vn -0.0000 -0.9249 0.3801
vn 0.2202 -0.0000 0.9755
vn 0.2849 0.1313 0.9495
vn -0.7624 -0.4798 0.4343
vn 0.0662 -0.2622 0.9627
vn 0.1362 0.3588 0.9234
vn 0.7624 -0.4798 0.4343
vn 0.2837 -0.1313 0.9499
vn 0.3125 -0.0001 0.9499
vn -0.2856 0.1337 0.9490
vn -0.3189 -0.0001 0.9478
vn -0.7609 0.4805 0.4360
vn 0.0003 0.0081 1.0000
vn 0.0211 0.9903 -0.1376
vn 0.3291 0.9434 -0.0418
vn 0.2061 0.9462 -0.2494
vn 0.3629 0.0554 -0.9302
vn 0.0216 0.1268 -0.9917
vn 0.3284 -0.3976 0.8568
vn 0.1786 0.9570 0.2285
vn -0.0216 0.1268 -0.9917
vn -0.1814 0.9832 -0.0193
vn -0.2047 0.9462 -0.2506
vn 0.9504 0.1053 0.2927
vn 0.2771 0.0259 -0.9605
vn -0.6458 0.7330 -0.2138
vn -0.6458 -0.7330 0.2138
vn -0.3223 0.9455 -0.0456
vn 0.2979 0.0257 -0.9542
vn 0.9708 0.0906 -0.2221
vn 0.2947 -0.4277 0.8545
vn 0.9661 0.0979 -0.2389
vn 0.9600 -0.0018 0.2800
vn 0.3152 -0.4236 0.8493
vn 0.9655 -0.0017 0.2606
vn -0.6515 -0.4576 0.6051
vn 0.9426 0.1130 0.3143
vn -0.3410 0.9400 -0.0100
vn 0.0862 -0.9963 0.0030
vn 0.0323 -0.9287 0.3695
vn 0.1036 -0.9533 0.2836
vn 0.5070 0.6293 -0.5890
vn 0.2572 0.9182 -0.3014
vn 0.6166 0.7873 -0.0011
vn -0.1598 -0.9871 0.0061
vn -0.1867 -0.9824 0.0021
vn -0.1808 -0.9486 0.2600
vn -0.0150 -0.1268 0.9918
vn -0.0002 -0.0203 0.9998
vn -0.0002 -0.0033 1.0000
vn -0.0375 -0.0078 0.9993
vn -0.2892 -0.1216 0.9495
vn -0.0052 -0.1165 0.9932
vn 0.5774 0.4511 0.6805
vn 0.2419 0.7393 0.6284
vn 0.3397 0.8272 0.4475
vn -0.0003 -0.0592 0.9982
vn -0.0000 -0.1651 0.9863
vn -0.0026 -0.2101 0.9777
vn -0.2060 -0.9110 0.3572
vn -0.2411 -0.9705 0.0035
vn -0.2199 -0.8835 0.4137
vn 0.0466 -0.8880 0.4574
vn 0.0103 -0.3775 0.9260
vn 0.0208 -0.9203 0.3907
vn 0.3575 0.6086 -0.7084
vn 0.9893 0.1455 -0.0047
vn 0.5838 0.1188 -0.8031
vn 0.9526 -0.0029 -0.3042
vn 0.9103 -0.4141 -0.0004
vn 0.8515 -0.3900 -0.3506
vn -0.8501 -0.3971 -0.3458
vn -0.6166 -0.7873 -0.0009
vn -0.9094 -0.4160 -0.0004
vn -0.1976 0.9579 0.2083
vn -0.5048 0.8147 0.2854
vn -0.2769 0.9609 0.0013
vn 0.0976 0.0016 -0.9952
vn 0.1346 0.1116 -0.9846
vn -0.2733 0.9619 -0.0004
vn -0.0001 0.9485 -0.3168
vn -0.2555 0.9193 -0.2993
vn -0.1708 -0.9161 0.3626
vn -0.1178 -0.9014 0.4166
vn 0.8412 0.3938 -0.3705
vn 0.6332 0.7740 -0.0006
vn 0.5029 0.8164 -0.2839
vn 0.9257 0.3783 0.0017
vn 0.3698 0.8207 0.4354
vn 0.6469 0.0094 0.7625
vn -0.2430 0.7366 0.6312
vn -0.0004 0.9384 0.3456
vn -0.0002 0.7165 0.6976
vn 0.2170 0.0057 -0.9762
vn 0.0002 0.3398 -0.9405
vn 0.0001 0.0058 -1.0000
vn -0.0376 -0.2684 0.9626
vn -0.0735 -0.8939 0.4422
vn -0.1114 -0.9245 0.3646
vn 0.2785 -0.0899 0.9562
vn 0.0084 -0.0018 1.0000
vn 0.0041 -0.1035 0.9946
vn -0.0045 -0.0269 0.9996
vn -0.0304 -0.1355 0.9903
vn 0.2607 0.9654 0.0012
vn -0.0000 1.0000 0.0063
vn 0.0103 0.9999 0.0001
vn 1.0000 0.0050 -0.0006
vn 0.8893 0.0018 -0.4574
vn 0.2198 -0.9325 0.2866
vn 0.1221 -0.5195 0.8457
vn 0.2225 -0.9339 0.2800
vn -0.7099 -0.6340 0.3066
vn -0.2647 -0.9643 0.0048
vn -0.2451 -0.7723 0.5861
vn 0.9983 0.0312 -0.0494
vn -0.0034 1.0000 -0.0000
vn -0.2788 0.3396 0.8983
vn -0.7095 0.0150 0.7045
vn -0.3379 0.0055 0.9412
vn 0.0040 -0.5311 0.8473
vn 0.0028 -0.5177 0.8556
vn 0.0036 -0.1728 0.9850
vn -0.9104 0.4138 0.0004
vn -0.9529 0.0054 0.3031
vn -0.8518 0.3829 0.3576
vn 0.0194 -0.1158 0.9931
vn 0.0023 -0.0301 0.9995
vn 0.0116 -0.1340 0.9909
vn -0.0603 -0.3230 0.9445
vn 0.1495 -0.9888 0.0031
vn 0.1367 -0.9571 0.2556
vn 0.1533 -0.9265 0.3437
vn -0.2158 -0.9157 0.3390
vn -0.2419 -0.9703 0.0042
vn -0.2209 -0.9753 0.0061
vn -0.2826 0.3541 -0.8915
vn -0.0002 0.7163 -0.6978
vn -0.2426 0.7379 -0.6298
vn 0.2511 0.9680 0.0007
vn -0.0000 0.9999 0.0113
vn 0.1362 0.9732 0.1851
vn -0.1007 -0.5241 0.8457
vn -0.2225 -0.9339 0.2799
vn -0.1764 -0.9272 0.3303
vn 0.0001 0.0010 1.0000
vn -0.0000 -0.0008 1.0000
vn -0.0001 -0.0018 1.0000
vn 0.1006 -0.5237 0.8459
vn 0.1765 -0.9271 0.3306
vn -0.0482 -0.9981 0.0371
vn -0.0064 -0.8799 0.4752
vn 0.0001 0.3264 -0.9452
vn 0.9808 -0.1950 -0.0081
vn 0.3510 -0.6261 -0.6963
vn 0.5751 -0.1230 -0.8088
vn 0.0143 -0.2213 0.9751
vn 0.0057 -0.0347 0.9994
vn 0.0376 -0.2683 0.9626
vn 0.0001 -0.0093 1.0000
vn 0.0166 -0.1421 0.9897
vn 0.0001 -0.0026 1.0000
vn -0.0142 -0.2205 0.9753
vn -0.2170 0.0057 0.9762
vn -0.0002 0.3395 0.9406
vn -0.0001 0.0059 1.0000
vn 0.1701 -0.9114 0.3748
vn 0.1170 -0.8997 0.4206
vn 0.0004 0.9444 -0.3289
vn 0.3393 0.8267 -0.4488
vn 0.1947 0.9590 -0.2060
vn 0.0479 -0.2609 0.9642
vn 0.0963 -0.4139 0.9052
vn 0.0281 -0.1251 0.9917
vn -0.3567 0.6075 -0.7097
vn -0.7714 0.6364 -0.0023
vn -0.2771 0.9609 -0.0029
vn 0.2607 0.9654 -0.0012
vn 0.0268 -0.4799 0.8769
vn 0.1444 -0.9250 0.3514
vn 0.0669 -0.4395 0.8958
vn -0.5759 -0.1222 -0.8083
vn -0.0978 -0.0016 -0.9952
vn -0.1351 -0.1157 -0.9840
vn 0.0002 0.3395 0.9406
vn 0.2779 0.0061 0.9606
vn 0.0001 0.0059 1.0000
vn 0.0734 -0.8936 0.4428
vn 0.1114 -0.9240 0.3657
vn 0.2722 -0.9622 -0.0002
vn 0.0001 -0.9490 -0.3153
vn 0.2620 -0.9195 -0.2931
vn 0.1514 -0.0020 -0.9885
vn 0.1356 -0.1163 -0.9839
vn 0.8041 -0.5945 -0.0031
vn 0.3225 -0.9466 -0.0022
vn -0.9819 -0.1895 0.0053
vn -0.9381 -0.1445 0.3148
vn -0.0085 -0.9968 0.0795
vn -0.0751 -0.9972 0.0016
vn -0.0041 -1.0000 0.0015
vn -0.0001 0.1727 0.9850
vn -0.0000 0.0235 0.9997
vn -0.0000 0.1665 0.9860
vn 0.3856 0.0009 -0.9227
vn -0.2826 0.3539 0.8916
vn -0.3326 0.9431 0.0007
vn -0.0000 1.0000 0.0033
vn -0.0105 0.9999 -0.0000
vn 0.1349 -0.9909 0.0031
vn -0.0669 -0.4394 0.8958
vn -0.0103 -0.1199 0.9927
vn -0.0184 -0.1109 0.9937
vn -0.9202 0.3916 0.0006
vn -0.8975 0.0072 0.4409
vn -1.0000 0.0068 0.0008
vn 0.1179 -0.4924 0.8624
vn 0.0390 -0.1673 0.9851
vn -0.0007 -0.0115 -0.9999
vn -0.0000 -0.0827 -0.9966
vn 0.9103 -0.4140 0.0004
vn 0.9224 -0.0023 0.3863
vn 0.8521 -0.3800 0.3599
vn 0.9656 -0.0029 0.2600
vn 0.9005 -0.3034 0.3116
vn 0.2436 -0.9698 0.0078
vn 0.1557 -0.8741 0.4602
vn -0.0098 0.0213 0.9997
vn -0.1927 0.1507 0.9696
vn -0.1717 0.0019 0.9851
vn -0.9554 0.0066 -0.2952
vn -0.9201 0.3916 -0.0007
vn -1.0000 0.0069 -0.0004
vn 0.1323 -0.9912 0.0034
vn 0.9257 0.3783 -0.0018
vn 0.3651 0.8207 -0.4394
vn 0.6746 0.7382 -0.0014
vn -0.0001 0.3633 0.9317
vn -0.9981 -0.0232 -0.0564
vn -0.9817 -0.1903 -0.0039
vn 0.2187 -0.9265 0.3061
vn -0.0003 0.7348 -0.6783
vn -0.0001 0.3632 -0.9317
vn -0.2719 0.3472 -0.8975
vn -0.2802 0.0041 -0.9599
vn 0.9104 0.4137 -0.0004
vn 0.9270 0.0080 -0.3750
vn 0.8519 0.3829 -0.3574
vn -0.0161 -0.2453 0.9693
vn 0.4915 -0.6397 0.5909
vn 0.2680 -0.3501 0.8976
vn 0.0003 -0.7342 0.6789
vn -0.0000 0.9999 -0.0123
vn 0.9256 0.0047 0.3786
vn 0.9104 0.4137 0.0005
vn 0.8505 0.3764 0.3673
vn 0.0157 -0.2411 0.9704
vn 0.0841 -0.9391 0.3331
vn -0.0000 -0.0051 1.0000
vn -0.0000 -0.0085 1.0000
vn 0.1266 -0.9413 0.3131
vn 0.1415 -0.9899 0.0065
vn 0.5774 0.4511 -0.6805
vn 0.9321 0.0096 0.3620
vn 0.9201 0.3916 0.0007
vn 1.0000 0.0069 0.0008
vn -0.2509 0.9680 -0.0008
vn -0.0001 0.9999 -0.0112
vn -0.1358 0.9733 -0.1852
vn 0.2825 0.3543 -0.8914
vn 0.0002 0.7163 -0.6978
vn 0.3326 0.9431 -0.0007
vn -0.0000 1.0000 -0.0032
vn 0.0105 0.9999 -0.0000
vn -0.5774 0.4509 0.6806
vn -0.3415 0.8260 0.4484
vn 0.0009 -0.0156 -0.9999
vn 0.0001 -0.0829 -0.9966
vn -0.1426 0.9730 0.1817
vn -0.6738 0.7389 0.0013
vn -0.3655 0.8218 0.4371
vn 0.1912 0.1538 0.9694
vn 0.0110 0.0240 0.9997
vn 0.1347 0.0021 0.9909
vn 0.8279 0.1634 0.5366
vn -0.4423 0.0013 -0.8969
vn -0.7240 -0.0016 -0.6898
vn -0.8427 0.0016 -0.5384
vn 0.0001 -0.3428 -0.9394
vn 0.0002 -0.7275 -0.6861
vn -0.0637 -0.2738 0.9597
vn 0.2411 -0.9705 0.0035
vn 0.2060 -0.9115 0.3559
vn 0.2047 -0.8246 0.5273
vn 0.0004 0.9384 0.3456
vn 0.0002 0.7165 0.6976
vn -0.8282 0.1618 0.5366
vn 0.0178 -0.9814 0.1914
vn 0.0047 -1.0000 0.0036
vn 0.0003 -0.9711 0.2388
vn -0.9222 0.0013 0.3868
vn -1.0000 -0.0036 0.0006
vn -0.9243 -0.0043 0.3816
vn -0.1553 0.9736 -0.1670
vn -0.0000 1.0000 -0.0063
vn -0.0100 0.9999 -0.0002
vn -0.0002 0.3398 -0.9405
vn -0.2692 0.0085 -0.9630
vn -0.0002 0.0059 -1.0000
vn -0.5030 0.8163 -0.2841
vn -0.2775 0.9607 -0.0010
vn -0.9094 -0.4160 0.0004
vn -0.8528 -0.3840 0.3538
vn -0.0000 0.9984 0.0559
vn 0.0001 0.9273 0.3742
vn 0.0039 0.9162 0.4007
vn 0.0133 -0.6132 0.7898
vn 0.0417 -0.9260 0.3751
vn 0.3243 -0.9459 0.0074
vn 0.2905 -0.8818 0.3715
vn 0.2733 0.9619 0.0004
vn 0.0001 0.9485 0.3168
vn 0.2547 0.9186 0.3022
vn 0.5050 0.8146 0.2853
vn 0.1913 0.9602 0.2036
vn -0.0592 -0.2604 0.9637
vn -0.0001 0.7094 -0.7048
vn 0.0055 0.9633 -0.2684
vn 0.0002 0.7086 -0.7056
vn -0.6469 0.0069 -0.7625
vn -0.1502 0.0021 -0.9887
vn -0.5794 0.1198 -0.8062
vn -0.1352 0.1120 -0.9845
vn 0.9983 -0.0321 -0.0485
vn 0.3128 -0.4448 0.8392
vn -0.0072 -0.0344 0.9994
vn -0.0391 -0.1673 0.9851
vn -0.1900 -0.9818 0.0064
vn -0.1445 -0.9254 0.3504
vn -0.4061 0.9138 0.0040
vn 0.0034 1.0000 -0.0000
vn -0.0049 1.0000 -0.0003
vn -0.0001 0.9999 0.0125
vn 0.0050 1.0000 0.0003
vn -0.0001 0.9485 0.3168
vn -0.2733 0.9619 0.0004
vn -0.2579 0.9189 0.2986
vn 0.0007 0.2688 0.9632
vn 0.0001 0.0042 1.0000
vn 0.2244 0.0016 0.9745
vn -0.0007 0.2683 -0.9633
vn -0.0001 0.0041 -1.0000
vn -0.2243 0.0016 -0.9745
vn 0.0001 -0.3648 -0.9311
vn 0.3479 -0.0027 -0.9375
vn 0.2734 -0.3453 -0.8978
vn -0.0002 0.9732 0.2300
vn 0.0001 0.9360 0.3519
vn 0.0001 0.9732 -0.2299
vn -0.0001 0.9360 -0.3520
vn 0.6166 0.7873 0.0011
vn -0.0003 0.7348 0.6782
vn 0.0004 0.6866 0.7270
vn -0.9257 0.3782 -0.0018
vn -0.3685 0.8218 -0.4345
vn -0.5930 0.0121 -0.8051
vn 0.0005 0.3226 -0.9465
vn 0.5928 0.0122 -0.8052
vn -0.8412 0.3937 0.3707
vn -0.6334 0.7739 0.0007
vn 0.5943 0.0087 -0.8042
vn -0.8412 0.3938 -0.3706
vn -0.6333 0.7739 -0.0006
vn 0.0004 0.7348 -0.6783
vn 0.0001 0.9485 -0.3168
vn -0.0005 0.3222 0.9467
vn -0.0004 0.8069 0.5907
vn -0.0005 0.6867 -0.7269
vn 0.0004 0.8066 -0.5911
vn 0.2802 0.3358 -0.8993
vn 0.7095 0.0150 -0.7046
vn 0.3379 0.0055 -0.9412
vn -0.4977 -0.6426 -0.5826
vn -0.0005 -0.3649 -0.9311
vn -0.0003 -0.7311 -0.6822
vn -0.5082 0.6287 0.5886
vn -0.6165 0.7873 0.0011
vn -0.0001 -0.9490 -0.3152
vn -0.2558 -0.9180 -0.3031
vn -0.6165 0.7873 -0.0012
vn -0.4880 -0.6450 0.5881
vn -0.6165 -0.7873 0.0010
vn -0.0004 0.9443 -0.3289
vn -0.3421 0.8263 -0.4474
vn 0.4968 0.6261 0.6010
vn 0.2817 0.0314 0.9590
vn 0.5751 0.0147 0.8180
vn -0.2713 -0.9625 0.0002
vn -0.0005 -0.9490 0.3154
vn -0.9522 -0.0029 -0.3055
vn 0.6469 -0.0109 0.7625
vn -0.2711 -0.9626 -0.0003
vn 0.5055 -0.6371 -0.5819
vn 0.6122 -0.7907 -0.0009
vn -0.8949 0.0062 -0.4462
vn -0.9104 0.4138 -0.0005
vn -0.8512 0.3776 -0.3645
vn -0.4992 0.6287 -0.5963
vn -0.6468 0.0216 -0.7624
vn 0.3466 -0.0027 0.9380
vn 0.0001 -0.3633 0.9317
vn 0.0001 0.3632 -0.9317
vn 0.0003 0.7348 0.6783
vn 0.1420 0.9730 -0.1818
vn -0.9257 0.3782 0.0017
vn -1.0000 0.0049 0.0003
vn 0.6019 0.7985 0.0010
vn -0.0308 -0.4523 0.8914
vn 0.2827 0.3539 0.8915
vn 0.6976 0.0089 0.7164
vn -0.5773 0.4508 -0.6808
vn 0.9277 0.0054 -0.3734
vn 0.2427 0.7376 -0.6302
vn -0.0003 -0.7342 0.6789
vn 0.2733 0.9619 -0.0004
vn 0.2723 -0.9622 0.0015
vn -0.0005 -0.3633 0.9317
vn -0.6020 0.7985 -0.0010
vn -0.9992 0.0220 0.0326
vn -0.9442 -0.0018 0.3295
vn -0.9453 0.0031 0.3261
vn 1.0000 -0.0008 -0.0011
vn 1.0000 -0.0008 0.0006
vn 0.0001 -0.6268 0.7791
vn 0.0002 -0.1501 0.9887
vn -0.9991 -0.0325 0.0279
vn 0.0232 -0.3226 0.9462
vn 0.0054 -0.6327 0.7744
vn 0.0024 -0.9161 0.4010
vn 0.0303 -0.1350 0.9904
vn 0.0029 -0.0147 0.9999
vn -0.0002 -0.1318 0.9913
vn 0.0001 -0.1041 0.9946
vn 0.0022 -0.8407 0.5415
vn -0.0029 -0.8807 0.4737
vn -0.0000 -0.9989 0.0475
vn -0.0029 -1.0000 0.0021
vn -0.0840 -0.9387 0.3345
vn -0.0466 -0.8877 0.4580
vn -0.0043 -0.1691 0.9856
vn -0.0041 -0.5475 0.8368
vn 0.2418 -0.9703 0.0043
vn 0.2155 -0.9765 0.0042
vn 0.2208 -0.9753 0.0031
vn 0.0017 -0.0220 0.9998
vn 0.0725 -0.3217 0.9441
vn -0.0004 -1.0000 -0.0094
vn 0.0052 -0.9669 -0.2550
vn 0.0006 -1.0000 -0.0080
vn -0.1362 -0.9265 0.3507
vn -0.1435 -0.9896 0.0025
vn -0.2170 -0.9762 0.0029
vn -0.1775 -0.9841 0.0037
vn -0.1259 -0.9920 0.0073
vn 0.0707 -0.9973 0.0206
vn -0.0416 -0.9260 0.3751
vn -0.0318 -0.9995 0.0046
vn -0.0530 -0.9986 0.0049
vn -0.0001 0.5846 0.8114
vn -0.0133 -0.6135 0.7896
vn -0.0002 -0.9711 0.2388
vn -0.0179 -0.9813 0.1919
vn -0.7542 -0.6567 0.0026
vn 0.7025 -0.0074 -0.7117
vn 0.0003 -0.9150 0.4035
vn 0.0146 -0.9999 0.0063
vn -0.5744 0.0017 0.8186
vn -0.1631 -0.9866 0.0037
vn -0.1434 -0.9896 0.0063
vn -0.1180 -0.4928 0.8621
vn -0.1554 -0.8729 0.4625
vn -0.2200 -0.9331 0.2845
vn -0.1782 -0.9840 0.0088
vn -0.2212 -0.9752 0.0030
vn -0.1228 -0.5223 0.8439
vn -0.0000 -0.5066 0.8622
vn -0.0000 -0.9985 0.0551
vn 0.0016 -1.0000 0.0024
vn -0.0013 -1.0000 0.0014
vn -0.0402 0.9980 0.0483
vn -0.4750 0.7870 0.3938
vn -0.0021 0.9500 0.3123
vn 0.1781 -0.9840 0.0051
vn -0.0018 -0.0213 0.9998
vn 0.0459 -0.2634 0.9636
vn 0.1838 -0.9503 0.2515
vn 0.0167 -0.9560 0.2929
vn 0.0076 -1.0000 0.0015
vn 0.0016 -0.9981 0.0610
vn -1.0000 0.0066 0.0004
vn -0.1265 -0.9920 0.0051
vn -0.0002 -0.4916 0.8708
vn -0.0002 0.0042 1.0000
vn -0.2273 -0.0014 0.9738
vn -0.0001 -0.0041 1.0000
vn -0.0003 -0.2393 0.9709
vn -0.0002 -0.0476 0.9989
vn -0.0104 -0.3761 0.9265
vn 0.0003 0.0056 1.0000
vn 0.1899 -0.9818 0.0064
vn 0.1656 -0.9862 0.0038
vn 0.1843 -0.9829 0.0027
vn -0.0002 -0.0041 -1.0000
vn -1.0000 -0.0004 -0.0005
vn -1.0000 -0.0015 0.0021
vn -1.0000 0.0005 0.0006
vn 0.0001 -0.3446 0.9387
vn 0.2233 0.0016 -0.9747
vn -0.0166 -0.9727 -0.2316
vn -0.3936 -0.9193 -0.0036
vn 0.0002 -0.0313 0.9995
vn -1.0000 0.0016 -0.0022
vn -0.0001 0.9713 0.2378
vn -0.0104 0.9671 -0.2542
vn 0.0013 -1.0000 0.0015
vn -0.0000 0.0803 -0.9968
vn 0.0006 0.0154 -0.9999
vn -0.0010 0.0114 -0.9999
vn -0.9701 0.2425 0.0061
vn -0.9895 0.1443 -0.0045
vn 0.0003 -0.0594 0.9982
vn 0.0002 -0.1661 0.9861
vn -0.9983 0.0312 -0.0493
vn 0.0065 -0.5180 0.8553
vn -0.3345 -0.0011 -0.9424
vn -0.0002 0.0056 1.0000
vn -0.0363 -0.9140 0.4042
vn -0.0367 -0.3792 0.9246
vn -0.0058 -0.6053 0.7959
vn -0.1326 -0.9911 0.0084
vn 0.0318 -0.9995 0.0030
vn 0.7214 -0.0016 -0.6925
vn 0.8447 0.0017 -0.5353
vn -0.0025 -0.6950 0.7190
vn 0.1866 -0.9824 0.0047
vn 0.1340 -0.9910 0.0051
vn -0.6467 0.0183 0.7625
vn 0.1985 -0.0015 0.9801
vn 0.4494 0.0016 0.8933
vn 0.6332 0.7740 0.0007
vn -0.3475 0.0017 0.9377
vn -0.6468 -0.0057 0.7626
vn 0.0001 0.0805 -0.9968
vn 0.0052 -0.9551 0.2963
vn 0.5726 -0.0013 0.8198
vn 0.9082 0.0025 0.4184
vn -0.1131 -0.7023 0.7028
vn 0.0842 -0.9964 0.0064
vn -0.5943 0.0086 0.8042
vn 0.0846 -0.9964 0.0042
vn 0.0527 -0.9986 0.0051
vn 0.3498 0.9368 0.0052
vn 0.7162 0.6979 0.0034
vn 0.3460 0.9382 -0.0026
vn -0.2437 -0.9698 0.0078
vn -1.0000 0.0049 -0.0006
vn -0.8892 0.0018 -0.4575
vn -0.1716 -0.0019 0.9852
vn 0.0530 -0.9986 0.0049
vn 0.0944 0.9955 0.0046
vn -0.0790 -0.9969 0.0064
vn -0.0906 -0.9959 0.0037
vn -0.1303 -0.9915 0.0049
vn -0.0210 -0.9206 0.3900
vn -0.0317 -0.9995 0.0030
vn -0.0146 -0.9999 0.0063
vn -0.2411 -0.9705 0.0030
vn 0.0318 -0.9995 0.0046
vn -0.0001 -1.0000 0.0016
vn -0.0001 -1.0000 0.0077
vn -0.0004 -1.0000 0.0042
vn -0.0448 -0.2502 0.9672
vn -0.7024 -0.0077 -0.7118
vn -0.0001 0.0004 1.0000
vn -0.0001 -0.7282 -0.6854
vn 0.1194 -0.9928 0.0067
vn 0.6941 -0.7198 0.0032
vn -0.0046 -1.0000 0.0036
vn -0.0147 -0.9999 0.0024
vn -0.3506 -0.6276 -0.6951
vn 0.9690 0.2468 0.0061
vn 0.8194 0.5732 -0.0031
vn -0.0019 0.4898 0.8718
vn -0.0002 0.3265 -0.9452
vn -0.0000 0.0006 -1.0000
vn 0.0002 0.5513 0.8343
vn 1.0000 0.0066 -0.0008
vn 0.8412 0.3938 0.3705
vn -0.0003 -0.9150 0.4034
vn 0.9993 -0.0179 0.0318
vn 1.0000 0.0007 0.0023
vn 0.9991 0.0254 0.0335
vn -0.0000 1.0000 0.0011
vn 0.0001 1.0000 0.0012
vn 0.9826 -0.1856 0.0027
vn -0.4481 -0.0013 0.8940
vn -0.0010 0.1006 0.9949
vn -0.0002 -0.3429 -0.9394
vn -0.0001 -0.0215 0.9998
vn 0.0789 -0.9969 0.0064
vn -0.1266 -0.9414 0.3127
vn -0.0001 -0.0007 1.0000
vn -0.0527 -0.9986 0.0052
vn -0.0002 -0.6830 0.7304
vn 0.0001 -1.0000 0.0029
vn 0.4599 0.8016 0.3819
vn 0.2170 -0.9762 0.0043
vn 0.0003 -0.7310 -0.6824
vn 0.9201 0.3916 -0.0007
vn 1.0000 0.0069 -0.0004
vn -0.0000 -0.0006 -1.0000
vn -0.0000 0.0003 -1.0000
vn 0.0002 -0.0214 0.9998
vn 0.0002 -0.0041 1.0000
vn 0.0002 -0.0041 -1.0000
vn 0.0001 0.0041 -1.0000
vn 0.2170 -0.9762 0.0029
vn 1.0000 0.0008 -0.0012
vn -0.0001 -0.3445 0.9388
vn 0.0010 0.1320 0.9913
vn 0.0021 0.5198 0.8543
vn -0.0001 1.0000 -0.0028
vn -0.0000 0.3635 0.9316
vn -0.0061 -0.4600 0.8879
vn 1.0000 0.0066 0.0004
vn 0.0002 0.0056 -1.0000
vn -0.3500 -0.0016 -0.9367
vn 0.9259 0.0028 0.3776
vn -0.0201 -0.8924 0.4508
vn -0.2170 -0.9762 0.0042
vn -0.0001 0.0056 -1.0000
vn -0.0846 -0.9964 0.0042
vn 1.0000 0.0049 0.0006
vn -1.0000 0.0066 -0.0008
vn 1.0000 -0.0035 -0.0003
vn -0.0002 1.0000 -0.0006
vn -0.0000 -0.9490 0.3154
vn 0.0002 -1.0000 0.0007
vn -0.7533 -0.6577 -0.0047
vn 0.0002 -1.0000 -0.0005
vn 0.3856 -0.0017 -0.9227
vn 1.0000 -0.0035 0.0003
vn 0.2411 -0.9705 0.0030
vn 0.6124 -0.7906 0.0010
vn 0.0146 -0.9999 0.0024
vn -0.7715 0.6362 0.0049
vn 0.0002 1.0000 0.0006
vn -0.0002 1.0000 0.0006
vn -1.0000 -0.0035 -0.0003
vn -0.0002 -1.0000 -0.0005
vn -0.0002 -1.0000 0.0006
vn 0.0002 1.0000 -0.0006
vn -0.0020 -0.9990 0.0443
vn -0.0000 0.0286 0.9996
vn -0.0000 0.9982 0.0598
vn 0.0020 -0.9990 0.0445
vn -0.0000 -0.0003 -1.0000
vn 0.0001 1.0000 -0.0006
vn 0.0352 -0.1473 -0.9885
vn 0.2146 0.9273 0.3067
vn 0.1948 0.9685 0.1551
vn 0.0002 0.9967 0.0812
vn -0.1684 0.8441 -0.5090
vn -0.1689 0.9345 -0.3134
vn -0.0776 0.9713 -0.2249
vn 0.4518 0.8188 0.3542
vn 0.2980 0.9445 0.1380
vn 0.2932 0.9254 0.2401
vn -0.2851 0.8087 0.5146
vn -0.2078 0.9466 0.2467
vn -0.3737 0.8155 0.4419
vn 0.3883 0.6160 -0.6853
vn 0.3354 0.8507 -0.4046
vn 0.4981 0.6328 -0.5928
vn -0.9067 0.1846 0.3793
vn -0.9615 0.1604 0.2230
vn -0.9306 0.1977 0.3081
vn 0.0001 0.9574 -0.2889
vn 0.1159 0.8476 -0.5178
vn 0.0685 0.9584 -0.2770
vn 0.3246 0.6400 -0.6965
vn 0.2252 0.8600 -0.4580
vn 0.4849 0.6481 -0.5872
vn 0.6400 0.5867 -0.4962
vn 0.4625 0.7889 -0.4047
vn 0.6878 0.6453 -0.3324
vn 0.5179 0.8545 -0.0401
vn 0.7951 0.6038 -0.0569
vn -0.4513 0.6981 0.5559
vn -0.4701 0.7973 0.3786
vn -0.6969 0.4749 0.5373
vn -0.7103 0.4485 -0.5425
vn -0.6285 0.7229 -0.2870
vn -0.5425 0.7170 -0.4377
vn -0.4511 0.4649 0.7618
vn -0.2292 0.8357 0.4990
vn -0.2995 0.4564 0.8378
vn 0.8361 0.5486 -0.0011
vn 0.6422 0.7666 -0.0008
vn -0.0002 0.9992 0.0409
vn -0.1204 0.9598 0.2534
vn -0.0287 0.9990 0.0351
vn -0.8551 0.4719 0.2148
vn -0.5382 0.8050 0.2494
vn -0.7743 0.4829 0.4090
vn -0.6909 0.4903 -0.5313
vn -0.5709 0.5056 -0.6469
vn -0.3797 0.8416 -0.3841
vn -0.7126 0.6077 0.3507
vn -0.6842 0.7047 0.1876
vn -0.4630 0.8370 0.2916
vn -0.0898 0.7902 -0.6062
vn -0.0004 0.9576 -0.2881
vn 0.0002 0.8379 -0.5459
vn 0.0005 0.9556 -0.2946
vn 0.2074 0.8504 -0.4836
vn -0.1858 0.1797 -0.9660
vn -0.3010 0.1963 -0.9332
vn -0.1372 0.1835 -0.9734
vn -0.6152 0.6232 0.4829
vn -0.5220 0.8098 0.2678
vn -0.7009 0.6294 0.3356
vn -0.4585 0.2228 0.8603
vn -0.5088 0.6152 0.6022
vn -0.6618 0.2208 0.7165
vn 0.2546 0.6242 -0.7387
vn 0.2848 0.7960 -0.5341
vn -0.3929 0.8655 -0.3108
vn -0.0655 0.9976 -0.0222
vn -0.1881 0.9694 -0.1578
vn -0.1000 0.9922 0.0745
vn 0.0500 0.9973 -0.0544
vn -0.1359 0.9774 0.1621
vn -0.7937 0.1949 -0.5762
vn -0.6904 0.6431 -0.3312
vn -0.6001 0.6500 -0.4663
vn 0.1309 0.9465 0.2950
vn 0.2343 0.9271 0.2925
vn 0.2198 0.8581 0.4641
vn -0.2252 0.8600 0.4579
vn -0.4842 0.6491 0.5867
vn -0.3604 0.8159 0.4522
vn 0.1615 0.9701 -0.1811
vn 0.3023 0.8851 -0.3538
vn -0.6229 0.5895 0.5142
vn -0.4819 0.7679 0.4220
vn 0.0981 0.8535 -0.5117
vn 0.0105 0.9995 -0.0305
vn 0.1710 0.8416 -0.5123
vn 0.0010 1.0000 0.0001
vn 0.1164 0.9899 0.0812
vn -0.3914 0.8898 -0.2348
vn -0.4114 0.9115 -0.0008
vn -0.0257 0.9996 -0.0112
vn 0.6390 0.7692 -0.0003
vn 0.9100 0.4145 -0.0007
vn 0.9069 0.4213 0.0004
vn 0.5214 0.8425 -0.1355
vn 0.2687 0.9493 -0.1635
vn 0.5265 0.8096 -0.2597
vn 0.4107 0.7592 -0.5050
vn -0.0000 0.9985 -0.0543
vn -0.0001 0.9477 -0.3191
vn -0.5231 0.8408 0.1394
vn -0.7485 0.6393 0.1759
vn 0.0442 0.9962 0.0757
vn 0.0705 0.9936 0.0879
vn 0.1660 0.9721 0.1660
vn -0.0417 0.9989 -0.0202
vn 0.1183 0.9907 0.0665
vn -0.0268 0.9996 -0.0117
vn 0.1391 0.9903 0.0003
vn 0.5461 0.8377 0.0011
vn 0.2999 0.9444 0.1345
vn 0.2604 0.9655 0.0006
vn 0.0003 0.9517 -0.3069
vn 0.0001 0.7750 -0.6320
vn 0.1223 0.7419 -0.6593
vn 0.0003 0.9325 0.3613
vn 0.1276 0.7301 0.6713
vn 0.0001 0.7194 0.6946
vn 0.1196 0.9643 0.2364
vn 0.0001 0.9856 0.1691
vn 0.0525 0.9932 0.1037
vn -0.0002 0.8030 -0.5960
vn -0.1180 0.9496 -0.2903
vn 0.3039 0.4557 0.8367
vn 0.2346 0.8263 0.5121
vn 0.8295 0.4371 0.3477
vn 0.8577 0.4678 0.2131
vn 0.7364 0.6765 0.0058
vn -0.0003 0.9582 0.2860
vn -0.1201 0.7487 0.6519
vn -0.9194 0.3934 -0.0002
vn -0.9242 0.3818 -0.0018
vn -0.8565 0.4698 -0.2135
vn -0.7761 0.4838 -0.4046
vn 0.4422 0.8969 0.0018
vn 0.3954 0.9156 0.0725
vn 0.1962 0.9778 0.0730
vn 0.3160 0.9488 0.0004
vn 0.6634 0.2207 0.7149
vn 0.7559 0.2199 0.6166
vn 0.7912 0.2100 0.5744
vn 0.7863 0.6179 -0.0003
vn 0.8375 0.5345 -0.1131
vn 0.9921 0.1251 -0.0009
vn 0.6809 0.7084 0.1857
vn 0.5544 0.8260 0.1015
vn 0.5780 0.8160 0.0004
vn 0.7247 0.6890 0.0017
vn 0.4210 0.8417 0.3379
vn 0.3245 0.9300 0.1725
vn 0.6331 0.7191 0.2864
vn 0.0655 0.9978 0.0048
vn -0.2992 0.4551 -0.8387
vn -0.4202 0.4338 -0.7971
vn -0.2648 0.4115 -0.8721
vn -0.1478 0.2095 0.9666
vn -0.0003 0.1958 0.9806
vn -0.0003 0.1970 0.9804
vn -0.5400 0.8416 0.0006
vn 0.5781 0.2257 0.7841
vn 0.7056 0.2083 0.6773
vn 0.8546 0.1954 0.4811
vn 0.9303 0.1977 0.3088
vn 0.9067 0.1844 0.3792
vn 0.7024 0.6283 0.3345
vn 0.6159 0.6234 0.4818
vn -0.2990 0.9441 0.1390
vn -0.0010 1.0000 0.0001
vn -0.2603 0.9655 0.0009
vn -0.5957 0.7547 0.2748
vn -0.4886 0.8725 0.0007
vn -0.7004 0.7137 0.0010
vn -0.1162 0.9899 0.0813
vn -0.2927 0.9255 0.2403
vn -0.9087 0.1740 -0.3794
vn -0.8099 0.5832 -0.0621
vn -0.0002 0.6121 0.7908
vn -0.0932 0.7819 0.6164
vn -0.1341 0.6053 0.7846
vn 0.0296 0.9989 0.0354
vn 0.0194 0.9998 0.0062
vn 0.4129 0.9108 0.0008
vn -0.1297 0.9479 -0.2909
vn -0.0002 0.9977 -0.0677
vn -0.0292 0.9990 -0.0352
vn 0.0006 0.1924 0.9813
vn 0.0004 0.4698 0.8827
vn 0.1884 0.2153 0.9582
vn 0.3629 0.3946 0.8441
vn 0.3562 0.2146 0.9094
vn 0.4590 0.2179 0.8613
vn 0.7554 0.2004 -0.6239
vn -0.3246 0.9300 -0.1725
vn -0.1959 0.9779 -0.0736
vn 0.2363 0.9277 -0.2890
vn 0.4204 0.8608 -0.2870
vn 0.3283 0.9303 -0.1639
vn 0.0002 0.9089 0.4169
vn 0.1286 0.8008 0.5850
vn 0.0003 0.7349 0.6782
vn 0.9869 0.1399 -0.0801
vn 0.9926 0.1216 -0.0006
vn -0.0002 0.5878 -0.8090
vn -0.0001 0.8385 -0.5449
vn 0.2735 0.9400 -0.2040
vn 0.2222 0.9747 -0.0254
vn 0.4768 0.8437 -0.2467
vn 0.0311 0.9995 -0.0114
vn 0.3871 0.8889 -0.2452
vn 0.5398 0.7191 -0.4377
vn 0.1798 0.9304 -0.3194
vn -0.0001 0.8575 0.5145
vn -0.0002 0.9648 0.2628
vn -0.1632 0.8537 0.4946
vn 0.0002 0.7591 -0.6510
vn 0.0002 0.9190 -0.3943
vn 0.1392 0.2091 0.9679
vn 0.0002 0.9977 0.0677
vn -0.0000 0.9985 0.0545
vn 0.0003 0.9978 0.0655
vn 0.0450 0.9971 0.0607
vn -0.7420 0.5625 -0.3647
vn -0.7585 0.2043 -0.6189
vn -0.5730 0.6674 -0.4756
vn 0.7766 0.4826 -0.4050
vn 0.3360 0.8800 -0.3358
vn 0.6908 0.4900 -0.5317
vn -0.8195 0.4525 0.3517
vn -0.8959 0.4111 0.1685
vn 0.0287 0.9990 -0.0353
vn 0.1968 0.9777 -0.0731
vn 0.0681 0.9977 -0.0045
vn -0.4501 0.8203 0.3528
vn -0.0306 0.9986 0.0433
vn -0.1724 0.9546 0.2428
vn -0.0245 0.9997 0.0097
vn -0.3534 0.9120 0.2081
vn -0.0004 0.6787 0.7344
vn 0.0002 0.7878 0.6160
vn -0.0000 1.0000 0.0006
vn 0.5095 0.6147 0.6020
vn -0.0644 0.9979 -0.0054
vn -0.0000 0.3619 -0.9322
vn 0.1696 0.3673 -0.9145
vn 0.3950 0.9187 -0.0007
vn 0.4892 0.8722 -0.0008
vn -0.2750 0.7059 0.6528
vn -0.3024 0.8572 0.4169
vn 0.8973 0.4075 -0.1696
vn 0.9266 0.3761 -0.0002
vn -0.3891 0.6034 -0.6961
vn -0.3787 0.8009 -0.4638
vn -0.2855 0.8081 -0.5152
vn -0.1292 0.7993 -0.5868
vn -0.3313 0.6520 -0.6820
vn -0.1669 0.5954 -0.7859
vn 0.9069 0.4214 0.0003
vn -0.1686 0.9346 0.3131
vn -0.4518 0.8629 -0.2263
vn 0.6656 0.2021 -0.7184
vn 0.6132 0.6309 -0.4754
vn 0.7923 0.1956 -0.5779
vn 0.4517 0.4645 0.7617
vn 0.5477 0.4772 0.6872
vn 0.4124 0.4597 0.7865
vn -0.9710 0.1552 0.1817
vn -0.1742 0.8383 0.5166
vn 0.5245 0.8400 0.1389
vn 0.5254 0.8071 0.2692
vn -0.9178 0.3971 0.0003
vn -0.9289 0.3703 0.0007
vn 0.1556 0.8800 0.4488
vn 0.0001 0.9411 0.3382
vn -0.3937 0.7793 -0.4876
vn -0.4211 0.8417 -0.3380
vn 0.0850 0.9341 0.3467
vn -0.0001 0.9983 -0.0587
vn 0.0002 0.9992 -0.0410
vn 0.1236 0.9573 -0.2615
vn 0.9931 0.1174 0.0010
vn 0.9705 0.1554 0.1844
vn 0.9619 0.1600 0.2218
vn 0.5345 0.5658 0.6279
vn -0.0002 0.9541 0.2995
vn -0.1158 0.8476 0.5178
vn -0.0691 0.9577 0.2793
vn 0.1076 0.9918 -0.0684
vn -0.0500 0.9973 0.0543
vn 0.1360 0.9773 -0.1622
vn -0.1442 0.9895 0.0003
vn -0.0968 0.9931 0.0664
vn -0.3412 0.9400 -0.0005
vn -0.6383 0.7698 -0.0003
vn -0.5209 0.8444 -0.1249
vn -0.7653 0.6436 0.0002
vn -0.0000 0.7924 0.6100
vn -0.0001 0.4315 0.9021
vn 0.3604 0.8158 -0.4522
vn -0.0796 0.9750 0.2075
vn -0.0259 0.9949 0.0971
vn -0.0001 0.9819 0.1895
vn -0.1373 0.7450 -0.6528
vn -0.2343 0.8266 -0.5118
vn -0.1629 0.3787 -0.9111
vn -0.0001 0.6860 -0.7276
vn -0.4625 0.8866 0.0011
vn -0.3264 0.9452 0.0005
vn -0.1969 0.9777 0.0727
vn -0.3969 0.9151 0.0714
vn -0.7021 0.7121 0.0010
vn -0.5341 0.8454 0.0008
vn -0.5549 0.8259 0.1002
vn -0.3217 0.9311 0.1720
vn -0.0665 0.9978 0.0054
vn -0.3188 0.2138 0.9234
vn -0.1339 0.2205 0.9662
vn -0.5602 0.2286 0.7962
vn -0.4298 0.2337 0.8722
vn -0.7024 0.2082 0.6807
vn -0.8556 0.1956 0.4794
vn -0.1742 0.6694 -0.7222
vn -0.0000 0.6591 -0.7521
vn 0.2080 0.9466 0.2464
vn -0.2708 0.9490 0.1618
vn -0.3360 0.8800 0.3357
vn 0.7204 0.6936 -0.0008
vn 0.0001 0.3377 0.9412
vn 0.0005 0.3307 0.9437
vn -0.0003 0.3472 0.9378
vn -0.5324 0.8465 -0.0007
vn 0.2539 0.6240 0.7390
vn 0.2853 0.8085 0.5147
vn 0.1680 0.8473 0.5039
vn -0.3970 0.9178 0.0004
vn -0.7553 0.2192 0.6177
vn -0.6666 0.2019 -0.7175
vn -0.5094 0.6214 -0.5952
vn -0.2052 0.8398 -0.5025
vn -0.2778 0.9003 -0.3350
vn -0.5354 0.5639 -0.6288
vn -0.5809 0.2056 -0.7876
vn -0.0001 0.9980 0.0636
vn 0.7478 0.6405 0.1750
vn 0.3078 0.2213 0.9254
vn 0.3880 0.6103 0.6907
vn 0.0190 0.9998 -0.0051
vn -0.7916 0.2103 0.5737
vn -0.2314 0.9726 -0.0203
vn 0.5193 0.8546 0.0008
vn 0.8074 0.5901 0.0009
vn -0.6761 0.7124 -0.1883
vn -0.6328 0.7195 -0.2862
vn 0.4541 0.8087 -0.3740
vn 0.3042 0.4571 -0.8358
vn 0.3749 0.8144 0.4431
vn -0.0002 0.9046 -0.4263
vn -0.0003 0.7324 -0.6809
vn 0.0795 0.9752 -0.2064
vn 0.2291 0.8356 -0.4992
vn -0.0860 0.9338 -0.3473
vn 0.5575 0.4516 -0.6966
vn 0.7095 0.4499 -0.5424
vn 0.5706 0.5057 -0.6470
vn -0.4735 0.2008 -0.8576
vn -0.3527 0.1894 -0.9164
vn -0.4598 0.1948 -0.8664
vn -0.4519 0.4641 -0.7619
vn -0.5593 0.4513 -0.6953
vn -0.8412 0.5283 -0.1147
vn -0.9316 0.1894 -0.3103
vn -0.4236 0.7543 -0.5016
vn -0.2420 0.9268 0.2872
vn 0.3121 0.9500 -0.0007
vn 0.0003 0.5859 0.8104
vn 0.8200 0.4524 -0.3508
vn -0.3263 0.7181 -0.6147
vn 0.5107 0.7450 0.4292
vn 0.3533 0.7927 0.4967
vn -0.7865 0.6176 -0.0004
vn -0.9907 0.1358 -0.0015
vn 0.4100 0.4715 -0.7808
vn -0.4195 0.4379 0.7952
vn -0.3249 0.2246 0.9187
vn -0.3878 0.6113 0.6898
vn 0.0004 0.7030 -0.7112
vn 0.2585 0.4057 -0.8767
vn 0.0002 0.3504 -0.9366
vn -0.0567 0.9980 0.0291
vn -0.0265 0.9996 0.0117
vn 0.1563 0.9877 -0.0003
vn 0.8534 0.4748 -0.2152
vn -0.6912 0.4896 0.5315
vn 0.0284 0.9947 -0.0988
vn 0.0001 0.9857 -0.1684
vn -0.0630 0.9208 0.3850
vn -0.0762 0.9724 0.2206
vn 0.5682 0.5045 0.6501
vn 0.3797 0.8416 0.3841
vn -0.2201 0.8579 -0.4643
vn 0.1544 0.9407 0.3019
vn 0.8557 0.1974 -0.4782
vn 0.7759 0.4837 0.4049
vn 0.7083 0.4490 0.5447
vn 0.6908 0.4902 0.5314
vn 0.2609 0.4041 0.8767
vn 0.1696 0.3673 0.9145
vn 0.4363 0.8998 -0.0009
vn 0.3087 0.9512 -0.0007
vn 0.3398 0.9374 -0.0761
vn -0.1660 0.9721 -0.1660
vn -0.0518 0.9933 -0.1033
vn -0.0443 0.9961 -0.0757
vn 0.6559 0.6811 -0.3256
vn 0.7027 0.7115 -0.0025
vn 0.5202 0.8540 -0.0039
vn 0.6840 0.7030 -0.1948
vn -0.9622 0.1524 -0.2256
vn -0.9873 0.1396 -0.0764
vn 0.3455 0.1889 -0.9192
vn 0.2041 0.2114 -0.9559
vn 0.2786 0.1940 -0.9406
vn 0.4716 0.2016 -0.8585
vn 0.5060 0.1912 -0.8411
vn 0.4102 0.2221 -0.8845
vn 0.7089 0.1898 -0.6793
vn 0.5893 0.2124 -0.7795
vn 0.9095 0.1745 -0.3772
vn 0.9360 0.1842 -0.2998
vn 0.6086 0.7425 -0.2800
vn 0.6287 0.7230 0.2864
vn 0.2313 0.7032 0.6723
vn 0.0002 0.1700 -0.9854
vn 0.1587 0.1772 -0.9713
vn -0.2341 0.9272 -0.2923
vn 0.0003 1.0000 -0.0000
vn 0.3306 0.9438 -0.0004
vn -0.5559 0.8303 -0.0386
vn -0.6029 0.7978 -0.0004
vn -0.3139 0.9495 -0.0002
vn -0.8317 0.5405 0.1271
vn -0.8725 0.4885 0.0005
vn -0.0004 0.4700 -0.8826
vn 0.5721 0.6688 0.4748
vn 0.3937 0.7793 0.4876
vn 0.4719 0.2235 0.8529
vn -0.0000 1.0000 -0.0098
vn -0.2356 0.9313 -0.2777
vn 0.3991 0.8821 0.2501
vn -0.4892 0.8351 -0.2515
vn -0.2971 0.9448 -0.1382
vn 0.2591 0.9658 0.0009
vn 0.5003 0.8316 0.2412
vn -0.3229 0.6405 0.6968
vn 0.7409 0.5645 0.3639
vn 0.9930 0.1180 0.0007
vn 0.0001 0.1968 0.9804
vn 0.0002 0.6524 0.7579
vn 0.1255 0.6339 -0.7632
vn 0.4471 0.4647 -0.7643
vn -0.2558 0.6203 -0.7415
vn -0.0002 0.9214 -0.3885
vn -0.1193 0.9642 -0.2370
vn -0.9930 0.1177 0.0010
vn -0.9924 0.1229 0.0013
vn 0.2454 0.6756 -0.6952
vn -0.0001 0.7748 0.6323
vn -0.0000 0.9453 0.3261
vn -0.1307 0.6065 -0.7843
vn -0.0000 1.0000 -0.0087
vn -0.0705 0.9936 -0.0879
vn 0.0563 0.9980 0.0288
vn -0.1190 0.9907 -0.0660
vn 0.0260 0.9996 0.0116
vn -0.1370 0.9906 -0.0005
vn 0.8334 0.5375 0.1287
vn -0.1687 0.3674 0.9146
vn -0.0001 0.9819 -0.1894
vn -0.5737 0.5058 0.6442
vn -0.2560 0.4143 0.8734
vn -0.4468 0.8946 -0.0009
vn -0.3949 0.9158 -0.0730
vn -0.3010 0.9536 -0.0005
vn -0.7675 0.6341 -0.0943
vn -0.5793 0.8151 -0.0006
vn -0.5541 0.8262 -0.1021
vn 0.1363 0.1839 -0.9735
vn 0.0003 0.1772 -0.9842
vn -0.7087 0.1899 -0.6795
vn -0.8565 0.1825 -0.4828
vn 0.1689 0.5841 0.7939
vn 0.5537 0.8327 0.0007
vn 0.1294 0.9795 -0.1541
vn 0.0004 0.6020 -0.7985
vn 0.1653 0.6209 -0.7662
vn -0.1671 0.4125 -0.8955
vn -0.0006 0.1660 -0.9861
vn -0.3611 0.3902 -0.8470
vn -0.1631 0.6320 0.7576
vn -0.0003 1.0000 -0.0001
vn -0.0128 0.9998 -0.0132
vn -0.8289 0.4440 -0.3402
vn -0.7602 0.6497 -0.0010
vn 0.3310 0.6526 0.6816
vn -0.5590 0.4415 0.7018
vn 0.0886 0.8328 0.5465
vn 0.0001 0.8182 0.5749
vn 0.8734 0.4870 0.0005
vn -0.0002 0.1693 -0.9856
vn -0.0003 0.6015 0.7989
vn 0.0003 0.8356 -0.5493
vn -0.5113 0.8594 0.0013
vn -0.0000 0.9990 0.0458
vn -0.0459 0.9989 -0.0000
vn -0.0352 0.9994 -0.0000
vn -0.7876 0.6162 0.0008
vn -0.9923 0.1238 -0.0006
vn -0.0003 0.8382 0.5453
vn -0.0003 0.3226 -0.9465
vn -0.2527 0.6282 0.7359
vn -0.7481 0.6636 -0.0009
vn 0.0002 0.5177 -0.8556
vn -0.3463 0.9381 0.0014
vn 0.9627 0.1522 -0.2236
vn 0.0002 0.9640 0.2660
vn -0.0000 0.9990 -0.0440
vn -0.0000 0.9983 -0.0575
vn -0.0267 0.9996 -0.0000
vn -0.0750 0.9971 0.0092
vn 0.1291 0.6231 0.7714
vn -0.0000 0.3249 -0.9457
vn -0.0033 1.0000 -0.0001
vn -0.1096 -0.9940 0.0002
vn -0.0004 -1.0000 0.0001
vn -0.0013 -1.0000 -0.0005
vn -0.1656 -0.9862 -0.0004
vn -0.3337 -0.9427 0.0003
vn -0.4469 -0.8946 0.0003
vn -0.9443 0.3291 0.0022
vn -1.0000 0.0016 0.0010
vn -1.0000 0.0068 -0.0019
vn -0.8729 0.4880 -0.0035
vn -0.6728 0.7397 0.0141
vn -0.5449 0.8385 -0.0035
vn -1.0000 -0.0017 0.0012
vn -1.0000 -0.0063 0.0057
vn -0.1995 0.9797 0.0201
vn -0.0012 0.9998 0.0213
vn -0.0013 0.9997 0.0248
vn -0.3075 0.9514 0.0189
vn -0.9485 -0.3168 0.0023
vn -0.9526 -0.3040 0.0045
vn -0.5820 -0.8132 0.0009
vn -0.5838 -0.8119 0.0014
vn -0.0001 -0.0383 0.9993
vn -0.0001 -0.0762 0.9971
vn -0.0218 -0.0672 0.9975
vn -0.0269 -0.0638 0.9976
vn 0.0004 -0.0068 -1.0000
vn -0.0031 -0.0182 -0.9998
vn -0.0167 -0.0385 -0.9991
vn -0.0000 -0.0769 -0.9970
vn -0.0339 0.0271 -0.9991
vn -0.0682 -0.0000 -0.9977
vn -0.0296 -0.0001 -0.9996
vn 0.0335 -0.0004 0.9994
vn -0.0552 0.0006 0.9985
vn -0.0266 0.0271 0.9993
vn -0.0086 0.0092 0.9999
vn 0.0025 -0.0018 -1.0000
vn -0.0190 0.0353 -0.9992
vn -0.0001 0.0023 -1.0000
vn 0.0003 0.0848 -0.9964
vn -0.0000 0.0854 -0.9963
vn 0.0002 0.0032 -1.0000
vn -0.0555 -0.0004 -0.9985
vn 0.0336 0.0006 -0.9994
vn -0.0290 0.0001 0.9996
vn -0.0675 0.0002 0.9977
vn -0.0000 0.0130 0.9999
vn -0.0002 0.0458 0.9990
vn -0.0407 -0.0458 0.9981
vn 0.5425 -0.6852 0.4859
vn 0.6787 -0.7340 0.0258
vn 0.9437 -0.3304 0.0152
vn 0.5358 -0.8441 -0.0211
vn 0.5778 -0.7956 -0.1822
vn 0.8732 -0.4873 -0.0033
vn 0.0030 -1.0000 -0.0039
vn 0.3150 -0.9491 0.0015
vn 0.2438 -0.8507 0.4657
vn 0.0008 -0.9089 0.4170
vn 0.2102 -0.9773 -0.0245
vn -0.7665 0.4205 -0.4854
vn -0.5074 0.7025 -0.4990
vn -0.3361 0.8172 -0.4683
vn 0.1093 0.5912 0.7991
vn 0.0002 0.4378 0.8991
vn -0.0014 -0.8808 0.4734
vn -0.0006 -0.8251 0.5650
vn -0.0861 -0.5351 0.8404
vn 0.0002 0.4301 -0.9028
vn 0.0928 0.6514 -0.7530
vn -0.0817 -0.5387 -0.8386
vn -0.0291 -0.5010 -0.8650
vn -0.0817 -0.5387 -0.8385
vn 0.1748 0.4771 0.8613
vn 0.2358 0.4383 0.8674
vn -0.1819 -0.6480 0.7396
vn 0.1275 0.5529 -0.8234
vn -0.1645 -0.5931 -0.7881
vn 0.3631 -0.1439 0.9206
vn 0.2677 -0.0010 0.9635
vn -0.2439 0.0494 0.9685
vn -0.2922 0.1380 0.9463
vn 0.2361 -0.0005 -0.9717
vn 0.4043 -0.1880 -0.8951
vn 0.0001 0.0215 0.9998
vn -0.0000 -0.1726 0.9850
vn -0.0000 -0.1640 0.9865
vn -0.0002 -0.0059 -1.0000
vn -0.0004 0.4595 -0.8882
vn 0.2640 0.0010 -0.9645
vn -0.7461 0.0001 -0.6658
vn 0.2392 0.0005 0.9710
vn -0.7144 -0.0001 0.6997
vn 0.1117 -0.4563 -0.8828
vn 0.0003 -0.2944 -0.9557
vn -0.0008 0.6323 -0.7747
vn -0.1075 0.3802 -0.9186
vn -0.0934 0.3247 0.9412
vn -0.0325 0.2871 0.9573
vn 0.3467 0.2617 -0.9007
vn -0.2866 -0.2632 -0.9212
vn -0.2568 -0.0944 -0.9618
vn 0.3714 0.3002 0.8786
vn -0.3148 -0.5051 -0.8036
vn 0.1187 0.9929 -0.0003
vn 0.0004 1.0000 -0.0000
vn 0.0017 1.0000 0.0002
vn 0.1823 0.9832 -0.0003
vn 0.3403 0.9403 -0.0010
vn 0.4493 0.8934 -0.0010
vn 1.0000 -0.0018 -0.0014
vn 1.0000 -0.0075 -0.0034
vn 1.0000 0.0039 -0.0015
vn 1.0000 0.0040 0.0007
vn 0.0008 -0.9997 -0.0247
vn 0.9485 0.3169 -0.0000
vn 0.9472 0.3208 -0.0008
vn 0.5810 0.8139 0.0003
vn 0.5774 0.8164 -0.0009
vn -0.0002 0.0563 0.9984
vn -0.0001 -0.0764 -0.9971
vn -0.0015 -0.9074 0.4203
vn -0.0015 -1.0000 -0.0037
vn -0.0001 -0.8887 -0.4585
vn -0.0000 -0.8379 -0.5458
vn -0.0001 -0.8890 -0.4580
vn -0.0001 -0.9379 -0.3468
vn 0.0007 -1.0000 0.0001
vn 0.0007 -1.0000 0.0009
vn 0.1096 -0.9940 0.0003
vn 0.1665 -0.9860 -0.0004
vn 0.3338 -0.9427 0.0001
vn 0.4469 -0.8946 0.0003
vn 0.9443 0.3292 0.0023
vn 0.8728 0.4880 -0.0035
vn 1.0000 0.0068 -0.0019
vn 1.0000 0.0016 0.0010
vn 0.6737 0.7389 0.0141
vn 0.5459 0.8379 -0.0030
vn 0.0006 0.9997 0.0232
vn 0.0024 0.9996 0.0281
vn 1.0000 -0.0017 0.0010
vn 1.0000 -0.0063 0.0039
vn 0.2012 0.9793 0.0210
vn 0.3072 0.9514 0.0197
vn 0.9485 -0.3168 0.0023
vn 0.9526 -0.3041 0.0046
vn 0.5839 -0.8119 0.0013
vn 0.5821 -0.8131 0.0009
vn 0.0219 -0.0676 0.9975
vn -0.0002 -0.0764 0.9971
vn -0.0000 0.0463 0.9989
vn 0.0263 -0.0649 0.9975
vn 0.0163 -0.0388 -0.9991
vn 0.0032 -0.0189 -0.9998
vn 0.0296 -0.0001 -0.9996
vn 0.0682 -0.0000 -0.9977
vn 0.0341 0.0268 -0.9991
vn 0.0295 0.0231 0.9993
vn 0.0552 0.0006 0.9985
vn -0.0334 -0.0004 0.9994
vn 0.0079 0.0099 0.9999
vn 0.0187 0.0346 -0.9992
vn -0.0024 -0.0014 -1.0000
vn 0.0555 -0.0004 -0.9985
vn -0.0335 0.0006 -0.9994
vn 0.0675 0.0002 0.9977
vn 0.0290 0.0001 0.9996
vn 0.0127 0.0405 0.9991
vn 0.0407 -0.0458 0.9981
vn -0.9437 -0.3303 0.0152
vn -0.6785 -0.7341 0.0263
vn -0.5407 -0.6865 0.4862
vn -0.8732 -0.4873 -0.0033
vn -0.5779 -0.7956 -0.1816
vn -0.5358 -0.8441 -0.0211
vn -0.2439 -0.8522 0.4630
vn -0.3144 -0.9493 0.0015
vn -0.2095 -0.9775 -0.0245
vn 0.7665 0.4205 -0.4854
vn 0.5074 0.7025 -0.4990
vn 0.3361 0.8172 -0.4683
vn -0.0004 0.4682 0.8836
vn -0.1094 0.5968 0.7949
vn 0.0852 -0.5438 0.8349
vn 0.0294 -0.4928 0.8697
vn -0.0963 0.6725 -0.7338
vn 0.0824 -0.5275 -0.8456
vn 0.0297 -0.4680 -0.8832
vn 0.0824 -0.5274 -0.8456
vn -0.2356 0.4379 0.8676
vn -0.1699 0.4709 0.8657
vn 0.1755 -0.6193 0.7653
vn -0.1249 0.5436 -0.8300
vn 0.1699 -0.6185 -0.7672
vn -0.2671 -0.0010 0.9637
vn -0.3633 -0.1441 0.9205
vn 0.2921 0.1380 0.9464
vn 0.2438 0.0495 0.9686
vn -0.4045 -0.1882 -0.8950
vn -0.2359 -0.0005 -0.9718
vn 0.0005 0.6643 -0.7475
vn 0.0001 -0.8846 0.4664
vn 0.0001 -0.9370 0.3493
vn -0.2638 0.0010 -0.9646
vn 0.7456 0.0001 -0.6664
vn -0.2387 0.0005 0.9711
vn 0.7142 -0.0001 0.7000
vn -0.0005 -0.3203 -0.9473
vn -0.1136 -0.4684 -0.8762
vn 0.1111 0.3876 -0.9151
vn -0.3475 0.2623 -0.9003
vn 0.2861 -0.2625 -0.9216
vn 0.2563 -0.0940 -0.9620
vn 0.2861 -0.2624 -0.9216
vn -0.3712 0.3000 0.8788
vn 0.3146 -0.5045 -0.8041
vn -0.0008 1.0000 -0.0000
vn -0.0008 1.0000 -0.0002
vn -0.1190 0.9929 -0.0001
vn -0.1821 0.9833 -0.0003
vn -0.3403 0.9403 -0.0010
vn -0.4493 0.8934 -0.0010
vn -1.0000 -0.0018 -0.0014
vn -1.0000 0.0039 0.0007
vn -1.0000 0.0039 -0.0000
vn -1.0000 -0.0076 -0.0034
vn -0.0014 -0.9997 -0.0247
vn -0.9485 0.3168 -0.0000
vn -0.9472 0.3207 -0.0008
vn -0.5774 0.8165 -0.0009
vn -0.5810 0.8139 0.0003
vn -0.0000 0.9533 0.3019
vn 0.0014 0.0012 -1.0000
vn 0.0008 0.2913 -0.9566
vn 0.2296 0.5495 -0.8033
vn 0.3516 0.0028 -0.9361
vn 0.5949 0.4704 -0.6518
vn 0.7330 0.0014 -0.6802
vn 0.0015 0.9053 -0.4248
vn 0.0011 0.8142 -0.5806
vn 0.3422 0.8506 -0.3992
vn 0.0015 -0.0028 -1.0000
vn 0.2349 -0.0026 -0.9720
vn 0.2586 -0.3303 -0.9078
vn 0.0013 -0.2943 -0.9557
vn 0.1973 -0.7440 -0.6384
vn 0.0007 -0.7025 -0.7117
vn 0.6118 -0.0014 -0.7910
vn 0.6472 -0.2799 -0.7091
vn 0.5109 -0.6524 -0.5598
vn 0.0022 -0.9998 -0.0185
vn 0.0012 -0.9428 -0.3333
vn 0.2299 -0.9400 -0.2519
vn 0.3011 -0.9535 -0.0106
vn 0.6010 -0.7675 -0.2230
vn 0.6709 -0.7416 -0.0061
vn 0.9996 0.0070 -0.0277
vn 0.9607 0.0028 -0.2777
vn 0.7789 0.5678 -0.2664
vn 0.9486 0.3164 -0.0048
vn 0.5818 0.8133 -0.0044
vn 0.3895 0.9096 -0.1445
vn 0.3414 0.9399 -0.0018
vn 0.9996 -0.0069 -0.0279
vn 0.9170 -0.3985 -0.0171
vn 0.8850 -0.3534 -0.3032
vn 0.9118 -0.0029 -0.4106
vn 0.0007 1.0000 -0.0031
vn 0.1139 0.9935 -0.0029
vn 0.1318 0.9803 -0.1469
vn 0.0005 0.9918 -0.1278
vn -0.0029 0.0055 -1.0000
vn -0.0015 0.2913 -0.9566
vn -0.0006 0.8204 -0.5718
vn -0.0030 0.9053 -0.4248
vn 0.2042 -0.9785 0.0278
vn 0.3093 -0.9509 0.0151
vn 0.0001 -0.9999 0.0157
vn 0.0006 -1.0000 0.0064
vn 0.5558 -0.8310 0.0241
vn 0.6816 -0.7315 0.0174
vn 0.9408 -0.3387 0.0134
vn 0.8633 -0.5045 0.0134
vn 1.0000 -0.0072 -0.0005
vn 1.0000 -0.0018 0.0020
vn 0.9486 0.3165 0.0034
vn 0.9999 0.0031 0.0096
vn 1.0000 0.0047 -0.0011
vn 0.5809 0.8140 0.0020
vn 0.4510 0.8925 0.0018
vn -1.0000 -0.0030 -0.0006
vn -1.0000 0.0051 0.0002
vn -1.0000 0.0070 0.0027
vn -0.2112 -0.5017 0.8388
vn -0.0007 -0.4587 0.8886
vn -0.0117 -0.0115 0.9999
vn -0.3254 -0.0022 0.9456
vn -0.6028 -0.4477 0.6604
vn -0.6741 -0.0017 0.7386
vn -0.0016 -0.8782 0.4783
vn -0.3409 -0.8647 0.3690
vn -0.2294 0.2959 0.9273
vn -0.2128 0.0018 0.9771
vn -0.0135 0.0508 0.9986
vn -0.0011 0.4022 0.9156
vn -0.1858 0.7457 0.6399
vn -0.0005 0.8086 0.5883
vn -0.6504 0.2640 0.7123
vn -0.6741 0.0008 0.7387
vn -0.5093 0.6551 0.5580
vn -0.2040 0.9531 0.2235
vn -0.0009 0.9797 0.2004
vn -0.0006 1.0000 0.0044
vn -0.2341 0.9722 0.0038
vn -0.6028 0.7697 0.2102
vn -0.6608 0.7505 0.0032
vn -0.8077 -0.5370 0.2435
vn -0.9242 -0.0024 0.3819
vn -0.9998 -0.0024 0.0186
vn -0.8515 -0.5243 0.0045
vn -0.3940 -0.9191 0.0056
vn -0.9090 0.3177 0.2698
vn -0.9542 0.2990 0.0080
vn -1.0000 0.0013 0.0051
vn -0.9674 0.0020 0.2531
vn -0.1204 -0.9841 0.1303
vn -0.1037 -0.9946 0.0019
vn -0.0006 -1.0000 0.0050
vn -0.0005 -0.9838 0.1790
vn -1.0000 0.0051 -0.0016
vn -0.8974 0.4411 -0.0129
vn -0.5203 0.8537 -0.0223
vn -0.0005 -1.0000 0.0002
vn -0.1633 -0.9866 0.0003
vn -0.3943 -0.9190 0.0006
vn -0.0020 1.0000 -0.0048
vn -0.2866 0.9580 -0.0065
vn -0.1839 0.9823 -0.0357
vn -0.0005 1.0000 -0.0055
vn -0.6316 0.7753 -0.0058
vn -0.6020 0.7982 -0.0211
vn -1.0000 -0.0024 0.0050
vn -0.9511 -0.3090 0.0016
vn -0.9100 0.4143 -0.0141
vn -0.9290 0.3701 -0.0015
vn 0.0002 -0.0693 0.9976
vn 0.0298 -0.0275 0.9992
vn 0.0196 -0.0189 0.9996
vn 0.0001 -0.0261 0.9997
vn 0.0167 0.0594 0.9981
vn -0.0000 -0.0002 1.0000
vn 0.0186 0.0320 0.9993
vn 0.0402 0.1207 0.9919
vn 0.1876 -0.0010 0.9823
vn -0.0864 0.0004 0.9963
vn 0.0561 -0.0263 0.9981
vn 0.0749 0.0008 0.9972
vn 0.0559 0.0480 0.9973
vn -0.0385 -0.0004 0.9993
vn 0.2347 -0.8631 0.4472
vn 0.0006 -0.9107 0.4130
vn 0.6068 -0.6437 0.4663
vn 0.3910 0.8787 0.2738
vn 0.1733 0.9849 0.0005
vn 0.9367 -0.0015 0.3502
vn 0.8582 -0.2860 0.4262
vn 0.8618 0.3077 0.4032
vn 0.9384 0.0064 0.3454
vn 0.5505 0.7774 0.3044
vn -0.0012 0.9994 0.0335
vn -0.9416 0.0027 0.3367
vn -0.9406 -0.0014 0.3396
vn -0.0779 0.3445 0.9355
vn -0.0004 0.4700 0.8827
vn -0.0034 0.6100 0.7924
vn -0.3844 0.3007 0.8728
vn -0.2703 0.4097 0.8712
vn 0.0004 0.5996 0.8003
vn 0.0543 0.8739 0.4831
vn 0.0002 0.6035 0.7974
vn -0.0016 -0.6792 0.7340
vn -0.0004 -0.6767 0.7362
vn -0.0674 -0.5239 0.8491
vn 0.1064 0.4967 0.8614
vn -0.1974 -0.7116 0.6743
vn -0.2166 -0.7523 0.6221
vn 0.2872 -0.0006 0.9579
vn -0.2894 0.0006 0.9572
vn -0.3663 0.1186 0.9229
vn 0.2888 0.0003 0.9574
vn -0.3791 -0.2902 0.8787
vn -0.3544 -0.2231 0.9081
vn -0.2897 -0.0002 0.9571
vn -0.2135 -0.3331 0.9184
vn 0.1995 -0.9799 0.0074
vn 0.2399 -0.8982 0.3683
vn 0.0013 -0.9592 0.2827
vn 0.0006 -1.0000 0.0030
vn 0.5434 -0.8395 0.0033
vn 0.5740 -0.7703 0.2779
vn 0.9179 -0.3967 0.0092
vn 0.0013 -0.8581 0.5135
vn 0.0008 1.0000 -0.0065
vn 0.0016 0.9405 -0.3398
vn -0.0008 0.9406 -0.3394
vn -0.0020 1.0000 -0.0065
vn -0.2338 0.9719 -0.0278
vn -0.0010 0.8601 -0.5101
vn -0.5690 -0.8224 0.0005
vn -0.0000 -0.0005 1.0000
vn 0.0001 0.0009 1.0000
vn -0.0000 -0.0019 1.0000
vn 0.0003 -0.0002 1.0000
vn -0.0008 -0.0129 0.9999
vn -0.0002 -0.0000 1.0000
vn -0.0000 -0.0001 1.0000
vn -0.0012 -0.0000 1.0000
vn -0.0004 -0.0127 0.9999
vn -0.0007 -0.0002 1.0000
vn -0.9927 0.0031 0.1205
vn -0.9849 -0.0007 0.1730
vn -0.9916 0.0020 0.1297
vn -0.9978 0.0070 0.0663
vn -0.0001 -0.9961 0.0884
vn -0.0000 -0.9955 0.0944
vn -0.0000 -0.9961 0.0884
vn -0.0000 -0.9966 0.0823
vn -0.9940 0.0025 0.1091
vn -0.9747 -0.0020 0.2235
vn -0.9883 0.0016 0.1523
vn -0.9993 0.0086 0.0376
vn -0.0000 -0.9998 0.0212
vn -0.0000 -0.9997 0.0241
vn -0.0000 -0.9998 0.0183
vn -0.9963 0.0008 0.0858
vn -0.9944 -0.0003 0.1056
vn -0.9960 0.0008 0.0897
vn -0.9978 0.0019 0.0657
vn -0.0000 -0.9961 0.0886
vn -0.0000 -0.9957 0.0928
vn -0.0000 -0.9961 0.0887
vn -0.0000 -0.9964 0.0845
vn -0.9921 0.0034 0.1258
vn -0.9843 -0.0002 0.1765
vn -0.9917 -0.0028 0.1284
vn -0.9978 0.0040 0.0657
vn -0.9849 -0.0007 0.1729
vn -0.9978 0.0069 0.0662
vn -0.0006 0.0002 1.0000
vn 0.0006 0.0002 1.0000
vn 0.0088 -0.0022 1.0000
vn -0.0000 0.0018 1.0000
vn -0.0003 -0.0066 1.0000
vn -0.2435 -0.1551 0.9574
vn -0.5139 -0.0022 0.8578
vn -0.0004 -0.5475 0.8368
vn -0.5503 -0.0055 0.8349
vn -0.0005 -0.5507 0.8347
vn -0.5622 -0.0026 0.8270
vn -0.0004 -0.5488 0.8360
vn -0.5577 -0.0026 0.8300
vn -0.4708 0.0025 0.8822
vn -0.4502 0.0028 0.8929
vn -0.4347 0.0016 0.9006
vn -0.4113 0.0012 0.9115
vn -0.4675 0.0017 0.8840
vn -0.4698 0.0026 0.8828
vn -0.9978 0.0072 0.0652
vn -0.8372 -0.5455 0.0392
vn -0.9878 0.1099 0.1104
vn -0.9977 0.0099 0.0664
vn -0.5340 0.8455 -0.0037
vn -0.8381 -0.5445 0.0336
vn -0.8007 0.0005 0.5990
vn -0.9980 0.0020 0.0626
vn -0.9980 0.0031 0.0636
vn -0.8374 -0.5454 0.0371
vn -0.9979 0.0070 0.0651
vn -0.8370 -0.5459 0.0391
vn 0.0010 -0.0066 1.0000
vn 0.0004 -0.5504 0.8349
vn -0.0000 -0.5947 0.8040
vn -0.0001 -0.6432 0.7657
vn -0.0000 0.0004 1.0000
vn -0.0000 -0.0003 1.0000
vn -0.0000 0.0005 1.0000
vn -0.0010 -0.0033 1.0000
vn -0.0005 0.0002 1.0000
vn -0.9925 0.0015 0.1219
vn -0.9843 -0.0005 0.1765
vn -0.9913 0.0012 0.1318
vn -0.9978 0.0036 0.0659
vn -0.0000 -0.9946 0.1042
vn -0.0001 -0.9955 0.0944
vn -0.0000 -0.9965 0.0840
vn -0.2427 -0.1551 0.9576
vn -0.5118 -0.0011 0.8591
vn -0.4483 0.0015 0.8939
vn 0.0001 -0.6396 0.7687
vn -0.9980 0.0037 0.0633
vn -0.8377 -0.5449 0.0373
vn 1.0000 0.0002 0.0008
vn 1.0000 -0.0001 0.0014
vn 0.0007 1.0000 0.0002
vn 1.0000 -0.0000 0.0014
vn 1.0000 -0.0002 -0.0010
vn 1.0000 0.0005 0.0016
vn 1.0000 0.0007 0.0041
vn 0.0684 -0.0045 0.9976
vn 0.0504 -0.0043 0.9987
vn 0.0683 -0.0044 0.9977
vn 0.0863 -0.0046 0.9963
vn 0.0160 -0.9999 -0.0001
vn 0.0179 -0.9998 -0.0003
vn 0.0141 -0.9999 0.0001
vn 0.0553 0.0094 -0.9984
vn 0.0703 0.0089 -0.9975
vn 0.0552 0.0072 -0.9985
vn 0.0398 0.0069 -0.9992
vn 0.0454 0.9990 0.0042
vn 0.0547 0.9985 0.0053
vn 0.0358 0.9994 0.0030
vn 1.0000 -0.0003 -0.0001
vn 1.0000 -0.0003 0.0002
vn 0.7902 0.0060 -0.6128
vn 0.9365 0.1691 -0.3071
vn 0.7801 0.0053 -0.6257
vn 0.9269 0.1562 0.3412
vn 0.8855 0.4646 -0.0000
vn 0.6721 -0.7404 0.0007
vn 0.7177 -0.6964 -0.0000
vn 0.6720 -0.7406 0.0008
vn 0.6196 -0.7849 0.0016
vn 0.0160 0.4899 0.8717
vn 0.0253 0.4624 -0.8863
vn 0.0386 0.3929 -0.9188
vn 0.7902 0.6129 0.0010
vn 0.8335 0.5525 0.0020
vn 0.7903 0.6127 0.0010
vn 0.7343 0.6788 -0.0002
vn 0.7911 0.0042 -0.6116
vn 0.8000 0.0041 -0.6000
vn 0.7853 -0.0029 0.6191
vn 0.8675 -0.0023 0.4975
vn 0.7887 -0.0026 0.6148
vn 0.5971 -0.0032 0.8021
vn 0.0006 -0.0000 1.0000
vn 0.0011 1.0000 -0.0055
vn 0.0009 1.0000 -0.0055
vn 0.0008 -0.6395 0.7688
vn 0.0158 -0.0339 0.9993
vn 0.0005 0.7029 0.7113
vn 0.0010 0.9515 0.3078
vn 0.0002 0.6035 0.7973
vn -0.0014 1.0000 0.0034
vn -0.0002 0.6036 0.7973
vn -0.0014 -0.9168 0.3994
vn -0.0011 -0.9999 0.0117
vn 0.0005 0.8601 -0.5101
vn 0.0010 0.9999 0.0158
vn -0.0000 0.9959 0.0908
vn -0.0000 0.9953 0.0968
vn -0.0000 0.9959 0.0909
vn -0.0000 0.9964 0.0848
vn -0.0000 0.9966 0.0825
vn 0.0001 0.9955 0.0948
vn -0.0000 0.9975 0.0703
vn -0.0000 0.9958 0.0910
vn -0.0000 0.9953 0.0970
vn -0.0000 0.9958 0.0911
vn -0.0000 0.9964 0.0851
vn -0.0000 0.9959 0.0907
vn -0.0000 0.9953 0.0966
vn -0.0000 0.9964 0.0847
vn -0.0000 0.9958 0.0918
vn -0.0000 0.9951 0.0986
vn -0.0000 0.9964 0.0850
vn -0.0001 0.5211 0.8535
vn 0.0004 0.5129 0.8585
vn 0.0002 0.5208 0.8537
vn -0.0001 0.5303 0.8478
vn -0.0003 -1.0000 -0.0064
vn -0.0055 -0.9999 0.0137
vn -0.0011 -1.0000 0.0062
vn -0.0004 1.0000 -0.0030
vn -0.3516 0.0028 -0.9362
vn -0.2299 0.5469 -0.8050
vn -0.7331 0.0014 -0.6801
vn -0.5949 0.4704 -0.6518
vn -0.3469 0.8491 -0.3984
vn -0.0007 -0.0027 -1.0000
vn -0.0014 -0.4323 -0.9017
vn -0.2586 -0.3302 -0.9078
vn -0.2349 -0.0025 -0.9720
vn -0.0006 -0.8090 -0.5879
vn -0.1973 -0.7440 -0.6384
vn -0.6472 -0.2799 -0.7091
vn -0.6118 -0.0014 -0.7910
vn -0.5109 -0.6524 -0.5597
vn -0.3009 -0.9536 -0.0106
vn -0.2299 -0.9401 -0.2519
vn -0.0012 -0.9752 -0.2215
vn -0.6710 -0.7415 -0.0061
vn -0.6010 -0.7675 -0.2230
vn -0.9998 0.0044 -0.0172
vn -0.9486 0.3164 -0.0049
vn -0.7789 0.5677 -0.2664
vn -0.9607 0.0028 -0.2777
vn -0.5826 0.8127 -0.0085
vn -0.3916 0.9201 -0.0011
vn -0.3896 0.9096 -0.1445
vn -0.9991 -0.0102 -0.0415
vn -0.9118 -0.0029 -0.4106
vn -0.8850 -0.3534 -0.3032
vn -0.9172 -0.3981 -0.0172
vn -0.0006 0.9786 -0.2058
vn -0.1312 0.9805 -0.1466
vn -0.1143 0.9934 -0.0027
vn -0.2037 -0.9786 0.0277
vn -0.3081 -0.9512 0.0150
vn -0.5556 -0.8311 0.0243
vn -0.6818 -0.7313 0.0172
vn -0.1755 0.9845 0.0009
vn -0.3906 0.9206 0.0015
vn -0.9406 -0.3392 0.0133
vn -1.0000 -0.0011 0.0023
vn -1.0000 -0.0072 -0.0005
vn -0.8634 -0.5044 0.0132
vn -0.9486 0.3165 0.0034
vn -1.0000 0.0047 -0.0011
vn -0.9999 0.0031 0.0095
vn -0.5713 0.8207 0.0013
vn 1.0000 0.0019 0.0051
vn 1.0000 0.0053 0.0003
vn 1.0000 -0.0031 0.0058
vn 0.2112 -0.5026 0.8383
vn 0.2642 -0.0031 0.9645
vn 0.6027 -0.4476 0.6605
vn 0.6119 -0.0011 0.7909
vn 0.0014 -0.9271 0.3748
vn 0.3412 -0.8645 0.3690
vn 0.2293 0.2958 0.9273
vn 0.0010 0.2675 0.9636
vn 0.0035 0.0299 0.9995
vn 0.2643 0.0015 0.9645
vn 0.1858 0.7458 0.6398
vn 0.6502 0.2641 0.7124
vn 0.7325 0.0011 0.6808
vn 0.5095 0.6550 0.5580
vn 0.2039 0.9531 0.2234
vn 0.2340 0.9722 0.0037
vn 0.6028 0.7697 0.2101
vn 0.6608 0.7506 0.0032
vn 0.8079 -0.5367 0.2434
vn 0.8515 -0.5244 0.0045
vn 0.9999 -0.0026 0.0099
vn 0.9499 -0.0016 0.3125
vn 0.3940 -0.9191 0.0056
vn 0.9088 0.3180 0.2700
vn 0.9497 0.0033 0.3131
vn 1.0000 0.0013 0.0098
vn 0.9564 0.2921 0.0074
vn 0.1204 -0.9842 0.1298
vn 0.0004 -0.9937 0.1125
vn 0.0003 -1.0000 0.0015
vn 0.1031 -0.9947 0.0019
vn 0.8996 0.4366 -0.0118
vn 0.5204 0.8536 -0.0222
vn 0.0011 -1.0000 0.0001
vn 0.1615 -0.9869 0.0002
vn 0.3943 -0.9190 0.0006
vn 0.1838 0.9823 -0.0357
vn 0.2861 0.9582 -0.0065
vn 0.6020 0.7982 -0.0212
vn 0.6316 0.7753 -0.0058
vn 0.9512 -0.3087 0.0016
vn 1.0000 -0.0024 0.0050
vn 0.9239 0.3825 -0.0024
vn 0.8949 0.4459 -0.0155
vn -0.0012 0.0074 1.0000
vn -0.0004 -0.0668 0.9978
vn -0.0001 -0.0280 0.9996
vn -0.0201 -0.0200 0.9996
vn -0.0288 -0.0281 0.9992
vn -0.0229 0.0441 0.9988
vn -0.0001 0.0018 1.0000
vn -0.0459 0.1304 0.9904
vn 0.0447 0.0004 0.9990
vn -0.1437 -0.0008 0.9896
vn -0.0561 -0.0263 0.9981
vn -0.0995 0.0010 0.9950
vn 0.0767 -0.0004 0.9971
vn -0.0562 0.0605 0.9966
vn -0.0012 -0.9082 0.4184
vn -0.2338 -0.8628 0.4483
vn -0.6086 -0.6424 0.4658
vn -0.8585 -0.2863 0.4254
vn -0.9370 -0.0014 0.3494
vn -0.9388 0.0064 0.3444
vn -0.8620 0.3079 0.4027
vn -0.5850 0.7521 0.3037
vn 0.0006 0.9996 0.0287
vn 0.9419 0.0028 0.3359
vn 0.9408 -0.0014 0.3390
vn 0.0002 -0.6788 0.7344
vn 0.0031 -0.6792 0.7339
vn 0.1571 0.4387 0.8848
vn 0.0309 0.3615 0.9319
vn 0.0884 0.3837 0.9192
vn 0.2591 0.3806 0.8877
vn 0.3846 0.2827 0.8788
vn 0.0646 -0.5218 0.8506
vn -0.1033 0.4709 0.8761
vn 0.1971 -0.7097 0.6764
vn 0.2165 -0.7508 0.6240
vn -0.2868 -0.0006 0.9580
vn 0.3687 0.1191 0.9219
vn 0.2912 0.0003 0.9567
vn -0.2889 0.0003 0.9574
vn 0.2910 -0.0004 0.9567
vn 0.3551 -0.2234 0.9077
vn 0.3795 -0.2901 0.8785
vn 0.2134 -0.3332 0.9184
vn -0.0026 -0.8581 0.5135
vn -0.2399 -0.8985 0.3677
vn -0.1993 -0.9799 0.0075
vn -0.5738 -0.7705 0.2776
vn -0.5435 -0.8394 0.0033
vn -0.9180 -0.3964 0.0091
vn 0.2338 0.9719 -0.0278
vn 0.5688 -0.8225 0.0005
vn 0.0004 -0.0002 1.0000
vn -0.0001 -0.0001 1.0000
vn 0.0004 -0.0001 1.0000
vn -0.0000 0.0003 1.0000
vn -0.0000 0.0011 1.0000
vn -0.0000 0.0002 1.0000
vn -0.0000 -0.0007 1.0000
vn 0.0003 -0.0003 1.0000
vn 0.0003 -0.0000 1.0000
vn 0.0003 -0.0001 1.0000
vn 0.0002 -0.0003 1.0000
vn 0.9916 0.0023 0.1297
vn 0.9846 -0.0010 0.1751
vn 0.9927 0.0030 0.1206
vn 0.9978 0.0068 0.0658
vn -0.0000 -0.9955 0.0943
vn 0.9918 0.0023 0.1278
vn 0.9849 -0.0009 0.1730
vn 0.9929 0.0031 0.1192
vn 0.9979 0.0070 0.0638
vn 0.9964 0.0007 0.0848
vn 0.9951 -0.0001 0.0987
vn 0.9966 0.0008 0.0820
vn 0.9979 0.0019 0.0655
vn 0.9922 -0.0022 0.1244
vn 0.9851 -0.0002 0.1718
vn 0.9925 0.0034 0.1224
vn 0.9979 0.0038 0.0652
vn 0.9916 0.0024 0.1295
vn 0.9846 -0.0010 0.1750
vn 0.9927 0.0030 0.1207
vn 0.9978 0.0072 0.0659
vn -0.0000 -0.9961 0.0883
vn -0.0000 -0.9956 0.0942
vn -0.0000 -0.9961 0.0882
vn -0.0000 -0.9966 0.0822
vn 0.5618 -0.0026 0.8273
vn 0.5055 -0.0050 0.8628
vn 0.2399 -0.1557 0.9582
vn 0.5106 -0.0021 0.8598
vn 0.2436 -0.1546 0.9575
vn 0.5142 -0.0021 0.8577
vn 0.2439 -0.1551 0.9573
vn 0.4690 0.0035 0.8832
vn 0.4919 0.0032 0.8706
vn 0.4099 0.0018 0.9121
vn 0.4036 0.0016 0.9149
vn 0.4691 0.0016 0.8831
vn 0.4708 0.0035 0.8822
vn 0.9977 0.0068 0.0668
vn 0.8373 -0.5458 0.0331
vn 0.9977 0.0068 0.0669
vn 0.8366 -0.5465 0.0388
vn 0.9979 0.0018 0.0654
vn 0.9979 0.0025 0.0651
vn 0.8374 -0.5455 0.0356
vn 0.9977 0.0069 0.0674
vn 0.8369 -0.5464 0.0330
vn -0.0000 -0.5907 0.8069
vn 0.0001 -0.6392 0.7691
vn -0.0000 -0.5946 0.8040
vn 0.0001 -0.6421 0.7667
vn -0.0000 -0.5941 0.8044
vn 0.0001 -0.6444 0.7647
vn -0.0000 -0.6997 0.7144
vn -0.0000 -0.6622 0.7493
vn -0.0000 -0.6995 0.7146
vn -0.0000 -0.7383 0.6745
vn 0.0007 0.0003 1.0000
vn 0.0100 0.0023 0.9999
vn -0.0002 -0.0083 1.0000
vn 0.9843 -0.0003 0.1767
vn 0.9840 -0.0004 0.1781
vn 0.9842 -0.0003 0.1769
vn 0.9845 -0.0003 0.1755
vn 0.2771 0.1439 0.9500
vn 0.7098 -0.0009 0.7044
vn 0.8350 -0.5478 0.0517
vn 0.8340 0.5509 0.0309
vn -1.0000 -0.0001 0.0011
vn -1.0000 0.0001 0.0007
vn -1.0000 0.0004 0.0016
vn -1.0000 -0.0002 -0.0010
vn -1.0000 -0.0000 0.0015
vn -1.0000 0.0006 0.0041
vn -0.0685 -0.0044 0.9976
vn -0.0504 -0.0043 0.9987
vn -0.0684 -0.0045 0.9976
vn -0.0865 -0.0046 0.9962
vn -0.0160 -0.9999 -0.0001
vn -0.0179 -0.9998 -0.0004
vn -0.0162 -0.9999 -0.0001
vn -0.0142 -0.9999 0.0001
vn -0.0552 0.0071 -0.9985
vn -0.0703 0.0089 -0.9975
vn -0.0553 0.0093 -0.9984
vn -0.0398 0.0069 -0.9992
vn -0.0454 0.9990 0.0042
vn -0.0547 0.9985 0.0053
vn -0.0358 0.9994 0.0030
vn -1.0000 -0.0003 -0.0001
vn -1.0000 -0.0003 0.0001
vn -0.7773 0.0053 -0.6291
vn -0.9358 0.1701 -0.3089
vn -0.7894 0.0059 -0.6139
vn -0.9261 0.1566 0.3433
vn -0.8856 0.4644 -0.0000
vn -0.6735 -0.7392 0.0008
vn -0.7192 -0.6948 -0.0000
vn -0.6733 -0.7393 0.0008
vn -0.6206 -0.7841 0.0016
vn -0.0160 0.4901 0.8715
vn -0.0386 0.3930 -0.9187
vn -0.0253 0.4626 -0.8862
vn -0.7894 0.6139 0.0010
vn -0.8326 0.5538 0.0020
vn -0.7894 0.6138 0.0009
vn -0.7330 0.6802 -0.0003
vn -0.7903 0.0042 -0.6128
vn -0.8010 0.0041 -0.5987
vn -0.7896 -0.0026 0.6136
vn -0.8691 -0.0023 0.4947
vn -0.7864 -0.0028 0.6177
vn -0.6004 -0.0032 0.7997
vn -0.0000 0.0006 1.0000
vn -0.0000 0.0012 1.0000
vn -0.0000 -0.0004 1.0000
vn -0.0000 0.4856 0.8742
vn -0.0000 0.4463 0.8949
vn -0.0000 0.4858 0.8740
vn -0.0001 0.5304 0.8477
vn -0.0000 0.4866 0.8736
vn -0.0000 0.4469 0.8946
vn -0.0000 0.4865 0.8737
vn -0.0001 0.5314 0.8471
vn -0.0000 0.4481 0.8940
vn -0.0001 0.5295 0.8483
vn -0.0000 0.4854 0.8743
vn -0.0000 0.4464 0.8948
vn -0.0000 0.4855 0.8742
vn -0.0001 0.5292 0.8485
vn -0.0000 0.4880 0.8729
vn -0.0000 0.4490 0.8936
vn -0.0000 0.4879 0.8729
vn -0.0001 0.5315 0.8470
vn -0.0000 -0.1811 0.9835
vn -0.0000 -0.1904 0.9817
vn 0.0002 0.6133 0.7898
vn 0.0004 0.8099 0.5865
vn -0.0000 0.3332 -0.9428
vn -0.9232 0.3843 -0.0000
vn -0.0000 0.3312 0.9436
vn -0.0000 -0.2993 0.9541
vt 0.504679 0.803697
vt 0.504236 0.788682
vt 0.504679 0.788306
vt 0.504236 0.803321
vt 0.454659 0.788682
vt 0.454216 0.788306
vt 0.454659 0.803321
vt 0.454216 0.803697
vt 0.504864 0.803854
vt 0.504697 0.788291
vt 0.504864 0.788149
vt 0.504697 0.803712
vt 0.454198 0.788291
vt 0.454031 0.788149
vt 0.454198 0.803712
vt 0.454031 0.803854
vt 0.505420 0.804325
vt 0.505420 0.787678
vt 0.453475 0.787678
vt 0.453475 0.804325
vt 0.505499 0.787610
vt 0.453416 0.787627
vt 0.453396 0.787610
vt 0.505480 0.787627
vt 0.453396 0.804393
vt 0.505480 0.804376
vt 0.505499 0.804393
vt 0.453416 0.804376
vt 0.453442 0.787649
vt 0.453441 0.804354
vt 0.453471 0.804329
vt 0.505425 0.787674
vt 0.453472 0.787675
vt 0.505454 0.787649
vt 0.505428 0.804332
vt 0.454009 0.803873
vt 0.505326 0.804246
vt 0.504886 0.788130
vt 0.505325 0.787758
vt 0.504886 0.803873
vt 0.454009 0.788130
vt 0.453569 0.787757
vt 0.453570 0.804245
vt 0.505366 0.787723
vt 0.453527 0.787721
vt 0.453528 0.804280
vt 0.505370 0.804283
vt 0.453516 0.787714
vt 0.453496 0.804308
vt 0.453556 0.804257
vt 0.505403 0.787692
vt 0.453491 0.787692
vt 0.453485 0.804317
vt 0.505404 0.804312
vt 0.453481 0.787683
vt 0.453475 0.804326
vt 0.505420 0.804326
vt 0.505410 0.804318
vt 0.505420 0.787678
vt 0.505369 0.787721
vt 0.505412 0.787685
vt 0.505368 0.804280
vt 0.505326 0.787757
vt 0.453570 0.787758
vt 0.505325 0.804245
vt 0.505198 0.804137
vt 0.505198 0.787866
vt 0.453697 0.787866
vt 0.453697 0.804137
vt 0.505406 0.804314
vt 0.505407 0.787689
vt 0.453486 0.787687
vt 0.453489 0.804314
vt 0.453477 0.804324
vt 0.453512 0.804295
vt 0.453492 0.787692
vt 0.505419 0.787678
vt 0.453476 0.804325
vt 0.505418 0.787679
vt 0.505383 0.787708
vt 0.505403 0.804312
vt 0.453475 0.787678
vt 0.454140 0.788241
vt 0.454131 0.803769
vt 0.454143 0.803759
vt 0.505419 0.804325
vt 0.453476 0.787678
vt 0.453518 0.787714
vt 0.505378 0.804289
vt 0.504762 0.803767
vt 0.504769 0.788230
vt 0.454127 0.788230
vt 0.504756 0.788241
vt 0.504643 0.803666
vt 0.504753 0.788244
vt 0.504643 0.788337
vt 0.504752 0.803759
vt 0.454142 0.788244
vt 0.454252 0.788337
vt 0.454252 0.803666
vt 0.504288 0.788638
vt 0.454607 0.788638
vt 0.454607 0.803365
vt 0.504288 0.803365
vt 0.503969 0.803091
vt 0.503965 0.788909
vt 0.454929 0.788912
vt 0.454927 0.803095
vt 0.503895 0.788971
vt 0.455001 0.788973
vt 0.454999 0.803034
vt 0.503896 0.803032
vt 0.503825 0.789031
vt 0.455073 0.789033
vt 0.455071 0.802971
vt 0.503823 0.802971
vt 0.455111 0.802937
vt 0.503773 0.802928
vt 0.503802 0.802953
vt 0.455094 0.789051
vt 0.455068 0.802975
vt 0.503842 0.802987
vt 0.455002 0.788972
vt 0.503955 0.788922
vt 0.503888 0.788977
vt 0.503894 0.803031
vt 0.505455 0.804355
vt 0.454931 0.788912
vt 0.454933 0.803089
vt 0.503965 0.803091
vt 0.455002 0.803029
vt 0.504215 0.803303
vt 0.504215 0.788700
vt 0.454680 0.788700
vt 0.454680 0.803303
vt 0.455122 0.789075
vt 0.455126 0.802925
vt 0.503789 0.802941
vt 0.503789 0.789062
vt 0.503771 0.789076
vt 0.455116 0.802934
vt 0.503772 0.802927
vt 0.455123 0.789076
vt 0.453475 0.787677
vt 0.455106 0.789062
vt 0.503774 0.789074
vt 0.503804 0.789049
vt 0.455053 0.789016
vt 0.503842 0.789016
vt 0.407105 0.797268
vt 0.407279 0.797154
vt 0.407033 0.797229
vt 0.490543 0.799240
vt 0.489878 0.799241
vt 0.492981 0.799242
vt 0.415220 0.798522
vt 0.415351 0.798396
vt 0.415277 0.798369
vt 0.415276 0.796451
vt 0.415393 0.796654
vt 0.415330 0.796302
vt 0.407000 0.797438
vt 0.407282 0.797504
vt 0.407041 0.797501
vt 0.407105 0.798522
vt 0.407282 0.798362
vt 0.407043 0.798365
vt 0.415393 0.796953
vt 0.415351 0.797128
vt 0.415393 0.797185
vt 0.406183 0.791292
vt 0.406201 0.792002
vt 0.406201 0.791504
vt 0.407021 0.797334
vt 0.407293 0.797438
vt 0.406875 0.796942
vt 0.406933 0.797181
vt 0.406941 0.796953
vt 0.484986 0.797244
vt 0.485208 0.797136
vt 0.484987 0.797211
vt 0.493158 0.797268
vt 0.492991 0.797154
vt 0.492981 0.797217
vt 0.493300 0.798609
vt 0.493220 0.799057
vt 0.493220 0.798929
vt 0.493655 0.796283
vt 0.494062 0.796410
vt 0.494062 0.796097
vt 0.409911 0.797279
vt 0.410464 0.797211
vt 0.410481 0.797279
vt 0.407043 0.799150
vt 0.406963 0.798738
vt 0.407043 0.799057
vt 0.493220 0.799152
vt 0.492974 0.799183
vt 0.492981 0.799243
vt 0.494062 0.796673
vt 0.493654 0.796640
vt 0.493655 0.796938
vt 0.406182 0.790980
vt 0.406201 0.790981
vt 0.407043 0.796672
vt 0.406963 0.797320
vt 0.407043 0.796905
vt 0.484986 0.799057
vt 0.485208 0.799216
vt 0.484986 0.799150
vt 0.484977 0.797229
vt 0.485204 0.797154
vt 0.484986 0.797244
vt 0.412906 0.797278
vt 0.412803 0.797211
vt 0.412763 0.797278
vt 0.490349 0.799088
vt 0.490669 0.799216
vt 0.490302 0.799216
vt 0.406644 0.790444
vt 0.406567 0.790477
vt 0.406647 0.790444
vt 0.409911 0.797279
vt 0.410464 0.797211
vt 0.409879 0.797211
vt 0.489119 0.797254
vt 0.488436 0.797211
vt 0.489118 0.797211
vt 0.412849 0.799064
vt 0.412477 0.799128
vt 0.412447 0.799064
vt 0.487357 0.797278
vt 0.487460 0.797211
vt 0.487312 0.797211
vt 0.494064 0.794711
vt 0.494081 0.796567
vt 0.494060 0.795879
vt 0.412380 0.797279
vt 0.411827 0.797211
vt 0.412412 0.797211
vt 0.415518 0.795881
vt 0.415039 0.796215
vt 0.484745 0.796285
vt 0.484870 0.796654
vt 0.484933 0.796302
vt 0.494081 0.794280
vt 0.494081 0.796988
vt 0.494081 0.796879
vt 0.406182 0.792709
vt 0.406200 0.792904
vt 0.406201 0.793313
vt 0.494062 0.792501
vt 0.494078 0.792148
vt 0.494081 0.792711
vt 0.493331 0.796653
vt 0.493388 0.796285
vt 0.493263 0.796302
vt 0.494062 0.795357
vt 0.494078 0.795711
vt 0.494081 0.795148
vt 0.406201 0.796410
vt 0.406182 0.796705
vt 0.406201 0.796673
vt 0.484912 0.797516
vt 0.406201 0.790841
vt 0.406182 0.790871
vt 0.406201 0.790770
vt 0.406201 0.796355
vt 0.406185 0.796636
vt 0.406182 0.796174
vt 0.487851 0.797211
vt 0.487502 0.797280
vt 0.487882 0.797278
vt 0.493220 0.796452
vt 0.492979 0.796366
vt 0.492983 0.796519
vt 0.488421 0.797254
vt 0.487820 0.797255
vt 0.409384 0.797277
vt 0.409487 0.797211
vt 0.409340 0.797211
vt 0.415351 0.798609
vt 0.415351 0.797000
vt 0.415351 0.797359
vt 0.415351 0.797512
vt 0.415277 0.797087
vt 0.415277 0.797211
vt 0.489799 0.797211
vt 0.489816 0.797254
vt 0.494062 0.790981
vt 0.494040 0.791169
vt 0.494078 0.791224
vt 0.406182 0.796879
vt 0.406182 0.797040
vt 0.406201 0.794546
vt 0.406567 0.794981
vt 0.406567 0.794520
vt 0.494081 0.790888
vt 0.406201 0.791762
vt 0.406182 0.791673
vt 0.406201 0.791449
vt 0.494062 0.796878
vt 0.494062 0.797018
vt 0.407043 0.798727
vt 0.406963 0.798273
vt 0.407043 0.798344
vt 0.407043 0.799152
vt 0.407282 0.799225
vt 0.407034 0.798593
vt 0.409271 0.799105
vt 0.409275 0.799239
vt 0.409403 0.799128
vt 0.407000 0.796302
vt 0.407284 0.796366
vt 0.407283 0.796216
vt 0.406567 0.797145
vt 0.406644 0.796941
vt 0.406644 0.797175
vt 0.493330 0.797181
vt 0.493388 0.796942
vt 0.493322 0.796953
vt 0.485044 0.797268
vt 0.484912 0.797417
vt 0.484986 0.797410
vt 0.409961 0.799216
vt 0.410483 0.799093
vt 0.409916 0.799092
vt 0.490449 0.799128
vt 0.490821 0.799063
vt 0.490419 0.799064
vt 0.406973 0.795883
vt 0.406875 0.796285
vt 0.411844 0.797254
vt 0.412442 0.797254
vt 0.493220 0.796670
vt 0.485044 0.798522
vt 0.485203 0.798666
vt 0.485220 0.798562
vt 0.406201 0.790981
vt 0.406185 0.793707
vt 0.493696 0.797145
vt 0.493696 0.797302
vt 0.487886 0.799086
vt 0.487567 0.799216
vt 0.487933 0.799216
vt 0.406644 0.796588
vt 0.406567 0.796914
vt 0.406567 0.796562
vt 0.494064 0.792904
vt 0.494081 0.793532
vt 0.494062 0.793313
vt 0.487787 0.799128
vt 0.488358 0.799240
vt 0.488416 0.799086
vt 0.493226 0.798596
vt 0.487429 0.799216
vt 0.487508 0.799091
vt 0.487363 0.799082
vt 0.490415 0.797254
vt 0.490776 0.797211
vt 0.490384 0.797211
vt 0.412888 0.799128
vt 0.412571 0.799241
vt 0.493696 0.792425
vt 0.494040 0.792108
vt 0.411146 0.797253
vt 0.411145 0.797211
vt 0.412951 0.797211
vt 0.412844 0.797255
vt 0.412994 0.797256
vt 0.406201 0.796878
vt 0.489820 0.799086
vt 0.410448 0.797254
vt 0.409879 0.797211
vt 0.409849 0.797254
vt 0.412704 0.799260
vt 0.412696 0.799216
vt 0.412518 0.799272
vt 0.490861 0.799128
vt 0.490544 0.799241
vt 0.490449 0.799128
vt 0.494061 0.793716
vt 0.406201 0.797089
vt 0.406203 0.797091
vt 0.488454 0.799086
vt 0.487933 0.799216
vt 0.487887 0.799088
vt 0.406201 0.795742
vt 0.406182 0.796186
vt 0.406201 0.796097
vt 0.412570 0.799240
vt 0.411906 0.799241
vt 0.415055 0.799243
vt 0.406932 0.796654
vt 0.484745 0.796942
vt 0.484870 0.797185
vt 0.484870 0.796953
vt 0.406201 0.792502
vt 0.412381 0.797278
vt 0.411827 0.797211
vt 0.411810 0.797279
vt 0.494081 0.794038
vt 0.494062 0.793145
vt 0.494062 0.793703
vt 0.406182 0.791154
vt 0.406201 0.791186
vt 0.406963 0.797131
vt 0.409720 0.799241
vt 0.410385 0.799242
vt 0.407283 0.799243
vt 0.493696 0.794981
vt 0.494062 0.794546
vt 0.493696 0.794520
vt 0.484986 0.798364
vt 0.484912 0.798401
vt 0.487415 0.799064
vt 0.487817 0.799064
vt 0.493619 0.791271
vt 0.493697 0.790946
vt 0.493619 0.790918
vt 0.406875 0.797415
vt 0.487808 0.799274
vt 0.487745 0.799272
vt 0.487560 0.799260
vt 0.493619 0.790917
vt 0.493696 0.790714
vt 0.493696 0.790944
vt 0.415518 0.796642
vt 0.415393 0.797427
vt 0.415518 0.797334
vt 0.415393 0.797345
vt 0.493299 0.797423
vt 0.493221 0.797220
vt 0.415277 0.799057
vt 0.415277 0.798930
vt 0.410484 0.799092
vt 0.409961 0.799216
vt 0.409916 0.799092
vt 0.406199 0.794664
vt 0.406182 0.794251
vt 0.406201 0.794157
vt 0.411811 0.797277
vt 0.411145 0.797281
vt 0.409403 0.799128
vt 0.409814 0.799128
vt 0.493697 0.796913
vt 0.494062 0.794156
vt 0.494062 0.790841
vt 0.493696 0.790556
vt 0.406608 0.796938
vt 0.406609 0.797171
vt 0.494062 0.797018
vt 0.493654 0.797171
vt 0.493655 0.797330
vt 0.487787 0.799128
vt 0.488357 0.799242
vt 0.487692 0.799241
vt 0.484745 0.796642
vt 0.406200 0.794955
vt 0.406182 0.795150
vt 0.406201 0.795357
vt 0.411145 0.799090
vt 0.411783 0.799216
vt 0.411808 0.799093
vt 0.484986 0.796671
vt 0.484912 0.797320
vt 0.484986 0.796905
vt 0.494062 0.790841
vt 0.489119 0.799094
vt 0.489755 0.799216
vt 0.489780 0.799093
vt 0.494081 0.790871
vt 0.494062 0.790981
vt 0.490415 0.797255
vt 0.490776 0.797211
vt 0.490816 0.797254
vt 0.413019 0.799242
vt 0.415053 0.799243
vt 0.490988 0.799239
vt 0.487415 0.799063
vt 0.487816 0.799064
vt 0.490821 0.799063
vt 0.490419 0.799064
vt 0.490923 0.797211
vt 0.490816 0.797254
vt 0.490967 0.797256
vt 0.415348 0.797428
vt 0.415516 0.797415
vt 0.406201 0.797018
vt 0.412330 0.799216
vt 0.411809 0.799086
vt 0.412375 0.799092
vt 0.406963 0.797417
vt 0.406963 0.798401
vt 0.484912 0.798738
vt 0.490992 0.799105
vt 0.412412 0.797211
vt 0.494040 0.796690
vt 0.487244 0.799105
vt 0.487375 0.799128
vt 0.415351 0.797424
vt 0.415276 0.797242
vt 0.415278 0.797220
vt 0.406643 0.794983
vt 0.406644 0.794517
vt 0.484987 0.797086
vt 0.406201 0.797018
vt 0.411146 0.797254
vt 0.411844 0.797254
vt 0.489817 0.797254
vt 0.490992 0.799242
vt 0.489118 0.799094
vt 0.488481 0.799216
vt 0.409271 0.799242
vt 0.406963 0.798880
vt 0.493619 0.793566
vt 0.493696 0.794066
vt 0.493696 0.793577
vt 0.415516 0.796285
vt 0.491166 0.799242
vt 0.487506 0.799087
vt 0.485209 0.796370
vt 0.484987 0.796448
vt 0.484987 0.799152
vt 0.485208 0.799225
vt 0.484978 0.798593
vt 0.415066 0.798667
vt 0.415282 0.798596
vt 0.407277 0.797407
vt 0.407283 0.797217
vt 0.409442 0.799064
vt 0.409814 0.799128
vt 0.409844 0.799064
vt 0.409721 0.799240
vt 0.487883 0.797279
vt 0.488436 0.797211
vt 0.488452 0.797277
vt 0.406567 0.790944
vt 0.406567 0.790714
vt 0.494060 0.794143
vt 0.494062 0.797089
vt 0.488025 0.799260
vt 0.488530 0.799260
vt 0.487265 0.799022
vt 0.484912 0.798877
vt 0.484912 0.797512
vt 0.410508 0.799216
vt 0.411145 0.799216
vt 0.409487 0.797211
vt 0.409448 0.797255
vt 0.487375 0.799128
vt 0.493696 0.791814
vt 0.494062 0.791506
vt 0.493696 0.791296
vt 0.490353 0.797279
vt 0.489799 0.797211
vt 0.412443 0.797255
vt 0.489878 0.799242
vt 0.489819 0.799086
vt 0.412803 0.797211
vt 0.409529 0.797279
vt 0.412456 0.799274
vt 0.487687 0.799260
vt 0.412844 0.797255
vt 0.484933 0.797438
vt 0.484863 0.797423
vt 0.484722 0.797415
vt 0.490878 0.797278
vt 0.406567 0.791297
vt 0.406224 0.791169
vt 0.484956 0.797335
vt 0.489782 0.799086
vt 0.490302 0.799216
vt 0.490350 0.799085
vt 0.415220 0.797268
vt 0.415065 0.797154
vt 0.415042 0.797217
vt 0.407043 0.797087
vt 0.488481 0.799216
vt 0.489118 0.799216
vt 0.494064 0.791975
vt 0.494081 0.791687
vt 0.494081 0.796705
vt 0.493619 0.793342
vt 0.493696 0.793793
vt 0.493616 0.793801
vt 0.410444 0.799086
vt 0.411145 0.799240
vt 0.411146 0.799086
vt 0.484870 0.797345
vt 0.484745 0.797175
vt 0.484745 0.797334
vt 0.493696 0.795434
vt 0.494040 0.795751
vt 0.489118 0.797211
vt 0.489783 0.797277
vt 0.489118 0.797281
vt 0.415052 0.796368
vt 0.415277 0.796669
vt 0.410448 0.797254
vt 0.409848 0.797255
vt 0.493300 0.797131
vt 0.493300 0.798073
vt 0.493696 0.796045
vt 0.494062 0.796353
vt 0.493696 0.796563
vt 0.415351 0.798879
vt 0.407283 0.796816
vt 0.490735 0.797278
vt 0.493619 0.795443
vt 0.493620 0.794983
vt 0.406644 0.795443
vt 0.406643 0.792876
vt 0.406567 0.792425
vt 0.406644 0.792416
vt 0.487420 0.797254
vt 0.487269 0.797256
vt 0.493672 0.792999
vt 0.412998 0.799022
vt 0.412900 0.799082
vt 0.412762 0.797279
vt 0.415277 0.797244
vt 0.415056 0.797154
vt 0.410053 0.799260
vt 0.415277 0.799152
vt 0.415277 0.799150
vt 0.415055 0.799019
vt 0.415277 0.798727
vt 0.484905 0.795881
vt 0.485208 0.799242
vt 0.485208 0.799243
vt 0.485203 0.797407
vt 0.485214 0.797217
vt 0.406609 0.796640
vt 0.406608 0.796283
vt 0.493300 0.798874
vt 0.493300 0.798879
vt 0.406567 0.791814
vt 0.406199 0.793195
vt 0.415051 0.797508
vt 0.415051 0.798074
vt 0.492981 0.799148
vt 0.492981 0.799018
vt 0.407283 0.796956
vt 0.415055 0.796816
vt 0.493619 0.796066
vt 0.493619 0.796588
vt 0.493696 0.790714
vt 0.493619 0.790684
vt 0.484986 0.798929
vt 0.485208 0.799148
vt 0.489782 0.797279
vt 0.415351 0.797517
vt 0.492977 0.797508
vt 0.492976 0.798074
vt 0.485207 0.797503
vt 0.412377 0.799086
vt 0.406644 0.791271
vt 0.415059 0.798359
vt 0.415056 0.797404
vt 0.485208 0.797105
vt 0.492980 0.797136
vt 0.492980 0.797105
vt 0.489118 0.799242
vt 0.407283 0.799148
vt 0.415055 0.799216
vt 0.407282 0.799216
vt 0.493220 0.797244
vt 0.492980 0.797152
vt 0.493220 0.799150
vt 0.490971 0.799022
vt 0.493329 0.797340
vt 0.493619 0.791978
vt 0.493619 0.792416
vt 0.409534 0.799087
vt 0.409715 0.799260
vt 0.410053 0.799260
vt 0.493619 0.794293
vt 0.406644 0.794293
vt 0.493619 0.794517
vt 0.406647 0.794058
vt 0.485218 0.797437
vt 0.492981 0.797439
vt 0.485208 0.796816
vt 0.493654 0.797411
vt 0.493388 0.797415
vt 0.493654 0.797410
vt 0.407278 0.798666
vt 0.492981 0.798501
vt 0.492980 0.798811
vt 0.485209 0.798501
vt 0.415277 0.798366
vt 0.415055 0.798811
vt 0.415055 0.798501
vt 0.494060 0.790768
vt 0.488454 0.797279
vt 0.415055 0.799242
vt 0.487420 0.797254
vt 0.490731 0.799085
vt 0.490873 0.799082
vt 0.409442 0.799063
vt 0.409447 0.797254
vt 0.406643 0.794859
vt 0.493565 0.794860
vt 0.406935 0.797422
vt 0.407043 0.797410
vt 0.493619 0.796941
vt 0.407043 0.797244
vt 0.407043 0.797244
vt 0.407283 0.799019
vt 0.407043 0.798930
vt 0.485208 0.799019
vt 0.415055 0.796665
vt 0.407283 0.796665
vt 0.413193 0.799242
vt 0.493565 0.792999
vt 0.493621 0.791793
vt 0.494081 0.791673
vt 0.494081 0.791154
vt 0.492981 0.798562
vt 0.409536 0.799091
vt 0.490354 0.797278
vt 0.406963 0.797512
vt 0.407043 0.797211
vt 0.406963 0.797516
vt 0.406640 0.797333
vt 0.406609 0.797410
vt 0.489118 0.799086
vt 0.411847 0.799086
vt 0.411146 0.799086
vt 0.485208 0.796538
vt 0.415310 0.797334
vt 0.493619 0.797175
vt 0.493669 0.794841
vt 0.406963 0.798874
vt 0.406644 0.796067
vt 0.489118 0.799216
vt 0.489118 0.799260
vt 0.490491 0.799272
vt 0.490210 0.799260
vt 0.412757 0.799087
vt 0.412446 0.799064
vt 0.493620 0.792876
vt 0.415055 0.798562
vt 0.407296 0.798562
vt 0.415055 0.797439
vt 0.415055 0.796538
vt 0.411847 0.799086
vt 0.415055 0.797136
vt 0.415056 0.797153
vt 0.407288 0.796476
vt 0.407043 0.796449
vt 0.415351 0.798874
vt 0.415055 0.799148
vt 0.485208 0.797153
vt 0.492981 0.799216
vt 0.406645 0.792998
vt 0.406567 0.793578
vt 0.406644 0.793566
vt 0.413019 0.799105
vt 0.407283 0.797049
vt 0.493219 0.797242
vt 0.415277 0.796905
vt 0.484912 0.798273
vt 0.484912 0.797128
vt 0.484912 0.797376
vt 0.484912 0.797461
vt 0.484984 0.797501
vt 0.484987 0.798344
vt 0.493221 0.797415
vt 0.492984 0.798359
vt 0.493220 0.798369
vt 0.415351 0.798072
vt 0.415351 0.796691
vt 0.493220 0.798366
vt 0.493223 0.797496
vt 0.493301 0.797467
vt 0.407283 0.798811
vt 0.485207 0.798362
vt 0.492981 0.797403
vt 0.411145 0.799094
vt 0.406201 0.796878
vt 0.406567 0.790945
vt 0.406567 0.790714
vt 0.406567 0.790556
vt 0.406567 0.790477
vt 0.494040 0.797109
vt 0.406201 0.792117
vt 0.406567 0.791992
vt 0.406567 0.795434
vt 0.406605 0.795879
vt 0.493696 0.791593
vt 0.494062 0.791449
vt 0.494062 0.791762
vt 0.406567 0.796045
vt 0.406566 0.794065
vt 0.406567 0.793339
vt 0.406566 0.793794
vt 0.406567 0.792878
vt 0.406567 0.791593
vt 0.406567 0.793014
vt 0.406201 0.793702
vt 0.406567 0.794845
vt 0.406567 0.794281
vt 0.492981 0.796665
vt 0.493220 0.796905
vt 0.406182 0.793577
vt 0.415518 0.797175
vt 0.415518 0.796942
vt 0.493263 0.797438
vt 0.493328 0.797422
vt 0.485208 0.796216
vt 0.492971 0.796216
vt 0.493696 0.790557
vt 0.493619 0.790525
vt 0.406184 0.790806
vt 0.406201 0.790841
vt 0.406224 0.790750
vt 0.494079 0.797053
vt 0.406567 0.797302
vt 0.485208 0.796665
vt 0.406647 0.793801
vt 0.493696 0.792878
vt 0.493696 0.793339
vt 0.493619 0.791574
vt 0.493696 0.791241
vt 0.494081 0.796186
vt 0.406644 0.791574
vt 0.406567 0.791241
vt 0.406644 0.791217
vt 0.493619 0.791217
vt 0.494062 0.790770
vt 0.493696 0.790477
vt 0.406644 0.790684
vt 0.406567 0.790557
vt 0.406644 0.790525
vt 0.406201 0.795839
vt 0.406644 0.791978
vt 0.406644 0.793342
vt 0.493616 0.794058
vt 0.494062 0.791186
vt 0.493619 0.790525
vt 0.493696 0.790477
vt 0.493696 0.794282
vt 0.406185 0.794152
vt 0.406643 0.791788
vt 0.494064 0.794955
vt 0.411145 0.799242
vt 0.493623 0.797333
vt 0.406644 0.790917
vt 0.493619 0.790684
vt 0.492980 0.796816
vt 0.485208 0.796956
vt 0.492981 0.797049
vt 0.492981 0.796956
vt 0.489119 0.797253
vt 0.415277 0.797415
vt 0.493300 0.798397
vt 0.493300 0.797517
vt 0.411145 0.797280
vt 0.410481 0.797279
vt 0.487244 0.799242
vt 0.487070 0.799242
vt 0.488419 0.797254
vt 0.489119 0.799086
vt 0.493616 0.790444
vt 0.411906 0.799242
vt 0.411145 0.797211
vt 0.489118 0.799242
vt 0.410444 0.799086
vt 0.410385 0.799241
vt 0.487693 0.799240
vt 0.413016 0.799239
vt 0.406963 0.796706
vt 0.409844 0.799064
vt 0.409097 0.799242
vt 0.406644 0.790684
vt 0.409292 0.799023
vt 0.406644 0.790525
vt 0.487501 0.797279
vt 0.489118 0.797281
vt 0.487851 0.797211
vt 0.487821 0.797254
vt 0.409529 0.797280
vt 0.487460 0.797211
vt 0.490384 0.797211
vt 0.409296 0.797256
vt 0.409390 0.799081
vt 0.490735 0.797278
vt 0.488530 0.799260
vt 0.489118 0.799260
vt 0.412186 0.799272
vt 0.411783 0.799216
vt 0.410508 0.799216
vt 0.412330 0.799216
vt 0.489706 0.799260
vt 0.412758 0.799085
vt 0.409456 0.799216
vt 0.412834 0.799216
vt 0.412238 0.799260
vt 0.409605 0.799265
vt 0.409594 0.799216
vt 0.489755 0.799216
vt 0.410558 0.799260
vt 0.411145 0.799260
vt 0.411733 0.799260
vt 0.410558 0.799260
vt 0.411145 0.799216
vt 0.411145 0.799260
vt 0.490807 0.799216
vt 0.490488 0.799273
vt 0.412576 0.799260
vt 0.411145 0.799275
vt 0.410378 0.799275
vt 0.409773 0.799272
vt 0.488847 0.799275
vt 0.489706 0.799260
vt 0.407283 0.797136
vt 0.485209 0.798063
vt 0.407284 0.798063
vt 0.407283 0.799243
vt 0.415056 0.796956
vt 0.488417 0.799086
vt 0.493300 0.797359
vt 0.493300 0.797000
vt 0.493220 0.797211
vt 0.493220 0.797087
vt 0.493300 0.797512
vt 0.484912 0.796704
vt 0.407284 0.798501
vt 0.484986 0.798727
vt 0.485208 0.798811
vt 0.415055 0.797105
vt 0.407283 0.797105
vt 0.493696 0.791992
vt 0.415351 0.797461
vt 0.415351 0.797376
vt 0.415280 0.797496
vt 0.493220 0.798727
vt 0.493300 0.796691
vt 0.406962 0.797467
vt 0.493654 0.795880
vt 0.493388 0.795881
vt 0.493242 0.797334
vt 0.406609 0.797411
vt 0.406934 0.797340
vt 0.406608 0.797330
vt 0.494062 0.796878
vt 0.407282 0.799242
vt 0.493619 0.790444
vt 0.406644 0.790918
vt 0.407282 0.797153
vt 0.484912 0.798879
vt 0.493158 0.798522
vt 0.492984 0.798666
vt 0.412477 0.799128
vt 0.487247 0.799239
vt 0.412849 0.799064
vt 0.412888 0.799128
vt 0.490861 0.799128
vt 0.488457 0.799092
vt 0.492981 0.797154
vt 0.490658 0.799265
vt 0.411733 0.799260
vt 0.489118 0.799275
vt 0.415055 0.797049
vt 0.485208 0.797049
vt 0.406224 0.794138
vt 0.406224 0.793721
vt 0.406224 0.796690
vt 0.443760 0.867451
vt 0.443945 0.867399
vt 0.444010 0.867457
vt 0.521927 0.108996
vt 0.521529 0.109465
vt 0.521374 0.108705
vt 0.530367 0.867472
vt 0.529432 0.867559
vt 0.529391 0.867454
vt 0.522969 0.867441
vt 0.519977 0.867429
vt 0.524564 0.867428
vt 0.441435 0.871039
vt 0.441317 0.871016
vt 0.441456 0.871031
vt 0.504098 0.304313
vt 0.503490 0.305240
vt 0.503447 0.304392
vt 0.523075 0.867412
vt 0.520139 0.867397
vt 0.525059 0.867397
vt 0.528371 0.867453
vt 0.527317 0.867561
vt 0.527183 0.867450
vt 0.455591 0.867464
vt 0.457152 0.867445
vt 0.457173 0.867463
vt 0.534982 0.866775
vt 0.535040 0.866814
vt 0.535017 0.866766
vt 0.487027 0.307938
vt 0.487772 0.307237
vt 0.487805 0.307893
vt 0.417260 0.309210
vt 0.416741 0.309449
vt 0.417111 0.308455
vt 0.492555 0.103389
vt 0.491286 0.103488
vt 0.491296 0.102527
vt 0.534966 0.866741
vt 0.534956 0.866751
vt 0.520680 0.577686
vt 0.521487 0.576734
vt 0.521529 0.577735
vt 0.524025 0.867463
vt 0.522921 0.867463
vt 0.351279 0.574843
vt 0.351859 0.575464
vt 0.351013 0.575241
vt 0.452701 0.162093
vt 0.452092 0.161250
vt 0.452712 0.161164
vt 0.492472 0.104886
vt 0.493281 0.104779
vt 0.492661 0.105883
vt 0.469978 0.473766
vt 0.469210 0.472881
vt 0.469974 0.472836
vt 0.523451 0.871031
vt 0.521834 0.871002
vt 0.522937 0.871002
vt 0.534987 0.871016
vt 0.534846 0.871041
vt 0.534849 0.871031
vt 0.524040 0.871039
vt 0.525266 0.871031
vt 0.491292 0.576201
vt 0.493873 0.575194
vt 0.491606 0.577196
vt 0.453535 0.308228
vt 0.453529 0.308844
vt 0.451025 0.870987
vt 0.448129 0.871014
vt 0.448113 0.870986
vt 0.441306 0.870984
vt 0.441338 0.870874
vt 0.441348 0.870993
vt 0.535054 0.866808
vt 0.505405 0.593176
vt 0.412323 0.238474
vt 0.412476 0.237755
vt 0.413110 0.238551
vt 0.447490 0.867398
vt 0.451298 0.867372
vt 0.448063 0.867409
vt 0.412283 0.236270
vt 0.413071 0.236915
vt 0.412289 0.237038
vt 0.446276 0.871031
vt 0.443734 0.871039
vt 0.443736 0.871031
vt 0.524048 0.867440
vt 0.445580 0.867547
vt 0.444879 0.867461
vt 0.445952 0.867450
vt 0.525308 0.867463
vt 0.526226 0.867561
vt 0.525126 0.867551
vt 0.469239 0.033244
vt 0.468582 0.033718
vt 0.468591 0.032845
vt 0.335418 0.084932
vt 0.334918 0.086810
vt 0.334508 0.085433
vt 0.529437 0.871015
vt 0.528199 0.870986
vt 0.529437 0.870987
vt 0.534710 0.871042
vt 0.521656 0.871042
vt 0.532501 0.871041
vt 0.446867 0.871015
vt 0.446867 0.870987
vt 0.441435 0.870892
vt 0.441460 0.870987
vt 0.534841 0.866752
vt 0.535040 0.866815
vt 0.534983 0.866775
vt 0.535017 0.866765
vt 0.454997 0.871031
vt 0.452263 0.871039
vt 0.452854 0.871031
vt 0.456320 0.867429
vt 0.453350 0.867441
vt 0.452469 0.867428
vt 0.521307 0.871031
vt 0.430696 0.237909
vt 0.431451 0.238541
vt 0.430686 0.238521
vt 0.452279 0.867463
vt 0.453383 0.867463
vt 0.348982 0.573862
vt 0.350288 0.574697
vt 0.349744 0.575339
vt 0.452251 0.867441
vt 0.451175 0.867446
vt 0.451040 0.867432
vt 0.441322 0.866775
vt 0.441292 0.866815
vt 0.441338 0.866816
vt 0.351076 0.576239
vt 0.443733 0.871014
vt 0.445626 0.870988
vt 0.445656 0.871015
vt 0.441288 0.866765
vt 0.441338 0.866741
vt 0.441347 0.866751
vt 0.504187 0.305730
vt 0.504902 0.305061
vt 0.504949 0.305658
vt 0.454467 0.871002
vt 0.453368 0.871002
vt 0.506724 0.607379
vt 0.507531 0.606427
vt 0.507575 0.607427
vt 0.534967 0.866741
vt 0.534957 0.866751
vt 0.535013 0.866815
vt 0.534967 0.866817
vt 0.441265 0.870876
vt 0.441280 0.870983
vt 0.532649 0.870901
vt 0.532544 0.870714
vt 0.532730 0.870714
vt 0.455032 0.871031
vt 0.454982 0.871039
vt 0.521169 0.871031
vt 0.535012 0.866752
vt 0.431460 0.237903
vt 0.432110 0.238697
vt 0.335415 0.593793
vt 0.334922 0.591920
vt 0.336894 0.593169
vt 0.444046 0.867551
vt 0.530648 0.871015
vt 0.532568 0.871031
vt 0.530023 0.871031
vt 0.431378 0.235488
vt 0.430657 0.236272
vt 0.430615 0.235533
vt 0.451039 0.871015
vt 0.448160 0.871031
vt 0.441438 0.866735
vt 0.441461 0.866740
vt 0.487771 0.161738
vt 0.487027 0.161077
vt 0.487804 0.160961
vt 0.535040 0.870987
vt 0.535017 0.870980
vt 0.450085 0.870875
vt 0.452265 0.871002
vt 0.441438 0.871039
vt 0.441347 0.871016
vt 0.441338 0.871031
vt 0.542905 0.187027
vt 0.543681 0.187752
vt 0.542914 0.187766
vt 0.444035 0.870871
vt 0.508082 0.083693
vt 0.508552 0.084535
vt 0.507722 0.084095
vt 0.412350 0.239104
vt 0.441250 0.866806
vt 0.441264 0.866815
vt 0.450997 0.867463
vt 0.488990 0.033308
vt 0.488343 0.033956
vt 0.488386 0.033045
vt 0.487598 0.033072
vt 0.523172 0.185864
vt 0.522428 0.185203
vt 0.523216 0.185205
vt 0.521513 0.867440
vt 0.488137 0.160256
vt 0.487747 0.159533
vt 0.488316 0.159711
vt 0.348435 0.575164
vt 0.522428 0.302958
vt 0.523173 0.302257
vt 0.523217 0.303031
vt 0.454796 0.867440
vt 0.454487 0.867464
vt 0.522419 0.867427
vt 0.453932 0.867427
vt 0.444041 0.870987
vt 0.445054 0.870871
vt 0.469234 0.474740
vt 0.468620 0.475732
vt 0.468588 0.474975
vt 0.504836 0.303434
vt 0.504065 0.302694
vt 0.504830 0.302688
vt 0.506881 0.593796
vt 0.507380 0.591919
vt 0.507791 0.593296
vt 0.469216 0.473825
vt 0.468559 0.473013
vt 0.506884 0.084935
vt 0.507376 0.086808
vt 0.505404 0.085560
vt 0.431450 0.237102
vt 0.432074 0.236227
vt 0.432105 0.237131
vt 0.534867 0.866735
vt 0.534843 0.866740
vt 0.334508 0.593296
vt 0.334582 0.594640
vt 0.333746 0.594194
vt 0.534957 0.871016
vt 0.534865 0.871039
vt 0.534966 0.871031
vt 0.535018 0.870994
vt 0.441292 0.866752
vt 0.441265 0.866771
vt 0.441265 0.866771
vt 0.534842 0.866752
vt 0.534838 0.866771
vt 0.525210 0.867440
vt 0.448991 0.867563
vt 0.447933 0.867453
vt 0.449101 0.867450
vt 0.493315 0.573893
vt 0.492472 0.573842
vt 0.492661 0.572845
vt 0.441287 0.870994
vt 0.457253 0.870987
vt 0.459338 0.870874
vt 0.459956 0.870987
vt 0.539836 0.296721
vt 0.506390 0.298653
vt 0.506349 0.297914
vt 0.349744 0.103390
vt 0.348179 0.104375
vt 0.350043 0.101791
vt 0.469233 0.034100
vt 0.470001 0.033334
vt 0.469997 0.034195
vt 0.351013 0.103488
vt 0.351080 0.102490
vt 0.505648 0.298612
vt 0.505566 0.297846
vt 0.534716 0.870897
vt 0.523598 0.870989
vt 0.534841 0.870987
vt 0.457287 0.871014
vt 0.455565 0.871002
vt 0.534967 0.870879
vt 0.534959 0.870983
vt 0.382689 0.109514
vt 0.381881 0.110466
vt 0.381839 0.109465
vt 0.491286 0.575241
vt 0.492555 0.575339
vt 0.528124 0.867432
vt 0.441467 0.866771
vt 0.534874 0.866803
vt 0.534838 0.866771
vt 0.543571 0.185337
vt 0.542870 0.186182
vt 0.542808 0.185390
vt 0.441338 0.866741
vt 0.441288 0.866766
vt 0.441348 0.866751
vt 0.535055 0.866805
vt 0.534967 0.871006
vt 0.529041 0.871039
vt 0.528144 0.871031
vt 0.529437 0.870875
vt 0.530679 0.870988
vt 0.441338 0.870874
vt 0.336894 0.085553
vt 0.491661 0.101539
vt 0.493963 0.103715
vt 0.350567 0.577150
vt 0.381881 0.576734
vt 0.382689 0.577686
vt 0.381839 0.577735
vt 0.452625 0.160319
vt 0.453415 0.159758
vt 0.453463 0.160355
vt 0.446278 0.542750
vt 0.447118 0.542045
vt 0.447114 0.542905
vt 0.481389 0.064596
vt 0.480644 0.063711
vt 0.481424 0.063622
vt 0.334091 0.592057
vt 0.334107 0.086959
vt 0.508208 0.086672
vt 0.508192 0.591769
vt 0.381952 0.108717
vt 0.381213 0.577609
vt 0.333362 0.085532
vt 0.450975 0.299493
vt 0.451778 0.300158
vt 0.451195 0.300391
vt 0.446302 0.064374
vt 0.445711 0.063592
vt 0.446320 0.063335
vt 0.452047 0.160391
vt 0.431420 0.236249
vt 0.432032 0.235400
vt 0.469996 0.474680
vt 0.492011 0.574697
vt 0.543669 0.186991
vt 0.544348 0.187791
vt 0.492011 0.104032
vt 0.522172 0.109606
vt 0.521487 0.110466
vt 0.333032 0.593617
vt 0.333028 0.085111
vt 0.333353 0.593188
vt 0.445711 0.542246
vt 0.445744 0.064671
vt 0.488362 0.473570
vt 0.488219 0.474410
vt 0.487575 0.473504
vt 0.417119 0.309982
vt 0.417682 0.310631
vt 0.417095 0.310564
vt 0.381441 0.578203
vt 0.381994 0.578494
vt 0.508075 0.098681
vt 0.507385 0.099522
vt 0.507429 0.098520
vt 0.507839 0.098045
vt 0.507270 0.097784
vt 0.521417 0.578483
vt 0.505189 0.297157
vt 0.505010 0.297780
vt 0.349020 0.104747
vt 0.350288 0.104032
vt 0.349827 0.104886
vt 0.490440 0.103265
vt 0.523617 0.303717
vt 0.523224 0.304464
vt 0.523080 0.303804
vt 0.411933 0.237755
vt 0.333441 0.097755
vt 0.334132 0.098570
vt 0.333270 0.098578
vt 0.417983 0.308906
vt 0.487657 0.160214
vt 0.506578 0.098570
vt 0.507986 0.607890
vt 0.507428 0.608173
vt 0.525340 0.187759
vt 0.524597 0.188461
vt 0.524550 0.187696
vt 0.524134 0.187008
vt 0.524666 0.186938
vt 0.524465 0.186260
vt 0.486961 0.159450
vt 0.487658 0.158919
vt 0.488754 0.474199
vt 0.488320 0.472597
vt 0.381441 0.108996
vt 0.381201 0.109645
vt 0.507791 0.085433
vt 0.333746 0.084535
vt 0.508946 0.085541
vt 0.540666 0.296775
vt 0.539877 0.297460
vt 0.334599 0.084088
vt 0.508936 0.593197
vt 0.508552 0.594194
vt 0.351859 0.103265
vt 0.532570 0.871014
vt 0.504139 0.305106
vt 0.504860 0.304280
vt 0.544332 0.186964
vt 0.543633 0.186138
vt 0.544291 0.186060
vt 0.469265 0.475438
vt 0.470027 0.475362
vt 0.544227 0.185203
vt 0.349826 0.573842
vt 0.349637 0.572845
vt 0.332901 0.098045
vt 0.332658 0.098723
vt 0.520680 0.109514
vt 0.333472 0.607440
vt 0.333047 0.607890
vt 0.332813 0.607248
vt 0.481765 0.062982
vt 0.481381 0.062221
vt 0.481948 0.062528
vt 0.521927 0.578203
vt 0.522151 0.577571
vt 0.505524 0.296367
vt 0.504969 0.296594
vt 0.507705 0.594634
vt 0.441250 0.870892
vt 0.441264 0.870987
vt 0.441265 0.870987
vt 0.535059 0.866848
vt 0.535059 0.870713
vt 0.459979 0.871015
vt 0.458161 0.871031
vt 0.441250 0.870893
vt 0.444609 0.867425
vt 0.444572 0.867403
vt 0.444451 0.867375
vt 0.451038 0.871031
vt 0.447262 0.871039
vt 0.487624 0.475100
vt 0.518332 0.867435
vt 0.458027 0.867435
vt 0.448065 0.867372
vt 0.531858 0.867375
vt 0.526456 0.867332
vt 0.532705 0.867361
vt 0.521817 0.867463
vt 0.520713 0.867463
vt 0.451494 0.301187
vt 0.452047 0.300990
vt 0.530425 0.867416
vt 0.529080 0.867400
vt 0.450080 0.867561
vt 0.451171 0.867548
vt 0.451176 0.870872
vt 0.445744 0.867427
vt 0.448180 0.867432
vt 0.441581 0.866847
vt 0.534874 0.866803
vt 0.534723 0.866847
vt 0.531461 0.867460
vt 0.531204 0.867547
vt 0.528385 0.867563
vt 0.524024 0.867561
vt 0.522922 0.867557
vt 0.534870 0.870891
vt 0.520738 0.871002
vt 0.519606 0.870874
vt 0.520711 0.870875
vt 0.454326 0.871015
vt 0.519016 0.871014
vt 0.516382 0.870987
vt 0.519050 0.870987
vt 0.441292 0.870868
vt 0.447088 0.062616
vt 0.481271 0.062788
vt 0.459921 0.867464
vt 0.457803 0.867562
vt 0.441292 0.871014
vt 0.530411 0.870871
vt 0.531251 0.870871
vt 0.525259 0.871014
vt 0.524038 0.871002
vt 0.525275 0.870987
vt 0.524024 0.870875
vt 0.525127 0.870872
vt 0.528170 0.871014
vt 0.455586 0.867372
vt 0.450053 0.867332
vt 0.443610 0.867348
vt 0.441581 0.870714
vt 0.441436 0.870897
vt 0.441322 0.870982
vt 0.441459 0.870986
vt 0.452280 0.870872
vt 0.503420 0.303489
vt 0.530561 0.867427
vt 0.446409 0.867432
vt 0.446913 0.867454
vt 0.443658 0.870987
vt 0.443574 0.870714
vt 0.443574 0.870902
vt 0.413029 0.236175
vt 0.522921 0.870872
vt 0.520855 0.867372
vt 0.525243 0.186123
vt 0.488405 0.474971
vt 0.539809 0.294472
vt 0.506311 0.296278
vt 0.506322 0.295665
vt 0.518127 0.871031
vt 0.519591 0.871039
vt 0.519160 0.867445
vt 0.522541 0.305183
vt 0.446862 0.870875
vt 0.445893 0.870872
vt 0.446870 0.867559
vt 0.480626 0.541545
vt 0.441245 0.866847
vt 0.441245 0.870713
vt 0.441245 0.870714
vt 0.459913 0.867446
vt 0.447136 0.064212
vt 0.441430 0.866803
vt 0.441338 0.866817
vt 0.456555 0.871039
vt 0.441245 0.866847
vt 0.452757 0.870988
vt 0.441430 0.866803
vt 0.534723 0.870714
vt 0.441461 0.866740
vt 0.534863 0.866735
vt 0.441440 0.866735
vt 0.441264 0.870874
vt 0.453625 0.867412
vt 0.454404 0.867397
vt 0.441250 0.866807
vt 0.534848 0.871014
vt 0.441292 0.866752
vt 0.413100 0.239163
vt 0.532341 0.867399
vt 0.531703 0.867429
vt 0.531733 0.867403
vt 0.532279 0.867466
vt 0.456695 0.867562
vt 0.535040 0.866771
vt 0.535040 0.866771
vt 0.526189 0.867372
vt 0.452280 0.867551
vt 0.453383 0.867557
vt 0.540640 0.294996
vt 0.541224 0.295890
vt 0.540611 0.295847
vt 0.534967 0.871031
vt 0.535012 0.871014
vt 0.490440 0.575464
vt 0.539798 0.295084
vt 0.505667 0.297096
vt 0.534843 0.866740
vt 0.534845 0.870987
vt 0.535012 0.871014
vt 0.535040 0.870987
vt 0.530329 0.867445
vt 0.443759 0.870874
vt 0.430688 0.237118
vt 0.454488 0.867562
vt 0.455594 0.867562
vt 0.534967 0.870873
vt 0.535012 0.870870
vt 0.534967 0.866817
vt 0.526220 0.870876
vt 0.450014 0.299076
vt 0.450194 0.299792
vt 0.441338 0.871030
vt 0.455593 0.870875
vt 0.453732 0.871042
vt 0.534878 0.870872
vt 0.521817 0.870875
vt 0.532546 0.867439
vt 0.532269 0.870870
vt 0.519134 0.867463
vt 0.519606 0.867562
vt 0.518501 0.867562
vt 0.527323 0.870875
vt 0.456695 0.870875
vt 0.514592 0.867714
vt 0.514544 0.870875
vt 0.461669 0.870874
vt 0.529895 0.867432
vt 0.417571 0.309881
vt 0.441586 0.871042
vt 0.441467 0.866771
vt 0.453383 0.870873
vt 0.535012 0.870870
vt 0.516966 0.870876
vt 0.518501 0.870875
vt 0.441322 0.866775
vt 0.535040 0.870873
vt 0.535013 0.866815
vt 0.441452 0.871014
vt 0.441463 0.866752
vt 0.441581 0.866733
vt 0.522045 0.871015
vt 0.522422 0.185819
vt 0.504836 0.185679
vt 0.504073 0.303461
vt 0.503408 0.302656
vt 0.516425 0.867464
vt 0.535054 0.870896
vt 0.535054 0.870891
vt 0.441580 0.870705
vt 0.534725 0.870700
vt 0.535040 0.870873
vt 0.441292 0.871014
vt 0.441455 0.871030
vt 0.441463 0.866752
vt 0.522507 0.867421
vt 0.454489 0.870876
vt 0.532262 0.870987
vt 0.452703 0.308735
vt 0.441612 0.871042
vt 0.520711 0.867562
vt 0.516371 0.871015
vt 0.461713 0.867714
vt 0.349637 0.105883
vt 0.534982 0.870982
vt 0.447915 0.870875
vt 0.482000 0.063627
vt 0.504065 0.186194
vt 0.504830 0.186295
vt 0.503540 0.305934
vt 0.534723 0.866733
vt 0.534722 0.866733
vt 0.468567 0.474015
vt 0.453241 0.867421
vt 0.486914 0.158853
vt 0.432116 0.237988
vt 0.480649 0.064642
vt 0.447141 0.065142
vt 0.447919 0.867562
vt 0.535059 0.866848
vt 0.516437 0.867446
vt 0.534850 0.871031
vt 0.534848 0.871014
vt 0.541263 0.296832
vt 0.441581 0.866847
vt 0.523865 0.304262
vt 0.523286 0.305076
vt 0.441457 0.871014
vt 0.522422 0.302212
vt 0.487571 0.472574
vt 0.418457 0.310475
vt 0.450668 0.301361
vt 0.453529 0.161982
vt 0.532646 0.870987
vt 0.528389 0.870876
vt 0.487594 0.033932
vt 0.521817 0.867562
vt 0.453535 0.162728
vt 0.525349 0.188498
vt 0.423844 0.120534
vt 0.423088 0.120684
vt 0.487033 0.307322
vt 0.480596 0.062116
vt 0.520680 0.576734
vt 0.352091 0.574997
vt 0.452114 0.162209
vt 0.508199 0.607283
vt 0.480622 0.542405
vt 0.481410 0.542366
vt 0.333471 0.606427
vt 0.334276 0.606428
vt 0.423091 0.496431
vt 0.441292 0.866815
vt 0.411697 0.237141
vt 0.506721 0.606428
vt 0.535012 0.866752
vt 0.523945 0.303548
vt 0.523950 0.187596
vt 0.487033 0.161823
vt 0.448984 0.870876
vt 0.508897 0.084146
vt 0.544348 0.303036
vt 0.488366 0.160853
vt 0.457803 0.870875
vt 0.446259 0.062632
vt 0.441292 0.870873
vt 0.382689 0.110466
vt 0.523808 0.303131
vt 0.382689 0.576734
vt 0.332486 0.607417
vt 0.332394 0.606415
vt 0.451529 0.299243
vt 0.488359 0.307537
vt 0.523814 0.185525
vt 0.417803 0.308190
vt 0.506576 0.099523
vt 0.523865 0.186482
vt 0.488945 0.473539
vt 0.492266 0.572572
vt 0.492265 0.106156
vt 0.334130 0.099523
vt 0.520680 0.110466
vt 0.333575 0.608178
vt 0.411728 0.238281
vt 0.548311 0.014073
vt 0.516844 0.867543
vt 0.521267 0.871039
vt 0.451337 0.870903
vt 0.459473 0.867541
vt 0.514824 0.015266
vt 0.380778 0.576734
vt 0.405502 0.121326
vt 0.514085 0.015378
vt 0.488990 0.474656
vt 0.481960 0.542133
vt 0.441582 0.866733
vt 0.417435 0.158852
vt 0.541203 0.295007
vt 0.334157 0.097259
vt 0.404756 0.121420
vt 0.514932 0.442190
vt 0.504073 0.185592
vt 0.332322 0.098561
vt 0.492134 0.573529
vt 0.549162 0.441037
vt 0.404756 0.497014
vt 0.405506 0.497073
vt 0.503586 0.802950
vt 0.503608 0.802892
vt 0.503511 0.802932
vt 0.456469 0.789575
vt 0.456353 0.789661
vt 0.456501 0.789629
vt 0.503059 0.801848
vt 0.503087 0.801715
vt 0.503016 0.801826
vt 0.456323 0.802036
vt 0.456239 0.801923
vt 0.456201 0.801952
vt 0.502860 0.789598
vt 0.502947 0.789720
vt 0.502988 0.789686
vt 0.455958 0.801749
vt 0.455696 0.801910
vt 0.455721 0.802019
vt 0.502585 0.788977
vt 0.502837 0.789081
vt 0.502857 0.789002
vt 0.503035 0.789215
vt 0.503070 0.789159
vt 0.503221 0.789332
vt 0.503357 0.789493
vt 0.503401 0.789471
vt 0.503172 0.789919
vt 0.503170 0.790064
vt 0.503225 0.790055
vt 0.455507 0.802977
vt 0.455489 0.802925
vt 0.455444 0.802948
vt 0.455439 0.788762
vt 0.455435 0.788823
vt 0.455466 0.788777
vt 0.455467 0.803096
vt 0.455474 0.803149
vt 0.455532 0.803124
vt 0.503252 0.790764
vt 0.503217 0.790768
vt 0.456339 0.802785
vt 0.456048 0.802628
vt 0.455835 0.802547
vt 0.455317 0.802893
vt 0.455306 0.802964
vt 0.455336 0.802953
vt 0.455369 0.788706
vt 0.455412 0.788655
vt 0.455354 0.788660
vt 0.455738 0.802129
vt 0.455666 0.802031
vt 0.455708 0.802232
vt 0.456612 0.789524
vt 0.456658 0.789565
vt 0.503466 0.788703
vt 0.503480 0.788747
vt 0.503566 0.788719
vt 0.456388 0.789172
vt 0.456437 0.789505
vt 0.456605 0.789465
vt 0.456067 0.801868
vt 0.456026 0.801730
vt 0.455988 0.801744
vt 0.456283 0.802088
vt 0.456172 0.801977
vt 0.456147 0.801993
vt 0.502714 0.789531
vt 0.502837 0.789627
vt 0.456113 0.789822
vt 0.456118 0.789952
vt 0.456177 0.789852
vt 0.455263 0.803069
vt 0.455324 0.803132
vt 0.455397 0.803183
vt 0.456039 0.789785
vt 0.455986 0.789920
vt 0.456065 0.789796
vt 0.503112 0.802628
vt 0.503304 0.802459
vt 0.503070 0.802555
vt 0.456090 0.802555
vt 0.455938 0.802382
vt 0.455900 0.802415
vt 0.503586 0.788813
vt 0.503601 0.788761
vt 0.455803 0.802221
vt 0.455759 0.802243
vt 0.502544 0.789536
vt 0.502669 0.789643
vt 0.502691 0.789575
vt 0.503068 0.801548
vt 0.503002 0.801756
vt 0.455497 0.788819
vt 0.455496 0.788900
vt 0.455564 0.788851
vt 0.503879 0.788885
vt 0.503846 0.788885
vt 0.503847 0.802827
vt 0.503876 0.788815
vt 0.503876 0.788704
vt 0.503854 0.788750
vt 0.503653 0.788736
vt 0.503482 0.788782
vt 0.455700 0.788731
vt 0.455992 0.801599
vt 0.455936 0.801608
vt 0.503763 0.803183
vt 0.503836 0.803132
vt 0.503838 0.803075
vt 0.503954 0.802969
vt 0.503897 0.803069
vt 0.503942 0.802998
vt 0.503970 0.802918
vt 0.503884 0.802872
vt 0.503891 0.802979
vt 0.503922 0.802881
vt 0.503537 0.788507
vt 0.503475 0.788541
vt 0.503558 0.788556
vt 0.503536 0.803202
vt 0.503558 0.803157
vt 0.503475 0.803167
vt 0.503704 0.803172
vt 0.503584 0.803246
vt 0.503679 0.803222
vt 0.455694 0.788689
vt 0.455623 0.788751
vt 0.503629 0.803124
vt 0.503686 0.803148
vt 0.503754 0.802900
vt 0.503842 0.802894
vt 0.503770 0.802834
vt 0.455621 0.803206
vt 0.455602 0.803157
vt 0.455317 0.788883
vt 0.455380 0.788888
vt 0.455318 0.788820
vt 0.455337 0.788761
vt 0.503619 0.801916
vt 0.503562 0.802060
vt 0.503557 0.802269
vt 0.503644 0.802064
vt 0.503013 0.801993
vt 0.503336 0.802211
vt 0.503120 0.801878
vt 0.503512 0.789914
vt 0.503485 0.789799
vt 0.503476 0.789917
vt 0.503493 0.802031
vt 0.503548 0.801927
vt 0.503567 0.801770
vt 0.503528 0.801883
vt 0.503445 0.802252
vt 0.503496 0.802264
vt 0.503461 0.802150
vt 0.503601 0.802311
vt 0.455531 0.788590
vt 0.455537 0.788680
vt 0.455597 0.788652
vt 0.456600 0.802199
vt 0.456577 0.802559
vt 0.456776 0.802213
vt 0.455973 0.801468
vt 0.503196 0.802359
vt 0.503265 0.802283
vt 0.503394 0.802114
vt 0.503440 0.802019
vt 0.503202 0.801749
vt 0.503174 0.801743
vt 0.503094 0.801868
vt 0.456074 0.801716
vt 0.456092 0.801550
vt 0.456040 0.801559
vt 0.455437 0.802891
vt 0.455449 0.802819
vt 0.455413 0.802826
vt 0.456158 0.801757
vt 0.456145 0.801826
vt 0.455957 0.789914
vt 0.455934 0.790055
vt 0.456768 0.802188
vt 0.456612 0.802139
vt 0.456604 0.802174
vt 0.503325 0.802547
vt 0.503596 0.802840
vt 0.503662 0.802817
vt 0.456048 0.789086
vt 0.456352 0.788953
vt 0.455835 0.789167
vt 0.502587 0.802554
vt 0.502589 0.802573
vt 0.502790 0.802542
vt 0.503018 0.802473
vt 0.502912 0.802503
vt 0.503060 0.802437
vt 0.503338 0.789504
vt 0.455664 0.789449
vt 0.455603 0.789445
vt 0.503304 0.789254
vt 0.503452 0.789442
vt 0.503496 0.789449
vt 0.502581 0.802698
vt 0.502832 0.802617
vt 0.502585 0.802624
vt 0.503250 0.790051
vt 0.503269 0.790730
vt 0.456771 0.789477
vt 0.456773 0.789522
vt 0.503015 0.789837
vt 0.503104 0.790022
vt 0.503119 0.789937
vt 0.503010 0.789932
vt 0.503662 0.788819
vt 0.503693 0.788777
vt 0.502807 0.789661
vt 0.455694 0.803010
vt 0.455683 0.802968
vt 0.455629 0.802995
vt 0.502390 0.789499
vt 0.502464 0.789554
vt 0.502561 0.802199
vt 0.502791 0.802764
vt 0.455679 0.802932
vt 0.502600 0.802041
vt 0.502815 0.801931
vt 0.455741 0.789583
vt 0.455824 0.789503
vt 0.455792 0.789486
vt 0.503824 0.788761
vt 0.503806 0.788661
vt 0.503791 0.788706
vt 0.455406 0.802900
vt 0.455384 0.802845
vt 0.503325 0.789167
vt 0.503557 0.789445
vt 0.503601 0.789403
vt 0.456101 0.801848
vt 0.456344 0.801931
vt 0.455584 0.802941
vt 0.455563 0.802861
vt 0.455497 0.802886
vt 0.455683 0.803056
vt 0.503471 0.803036
vt 0.480190 0.802034
vt 0.502989 0.801977
vt 0.455559 0.789403
vt 0.503481 0.788574
vt 0.503554 0.788580
vt 0.503666 0.788901
vt 0.503711 0.788895
vt 0.455578 0.803023
vt 0.455554 0.802970
vt 0.503776 0.788869
vt 0.503784 0.788926
vt 0.456300 0.789597
vt 0.456201 0.789711
vt 0.456323 0.789627
vt 0.456327 0.789097
vt 0.456125 0.789215
vt 0.456342 0.789143
vt 0.503783 0.802789
vt 0.456353 0.802002
vt 0.456039 0.789938
vt 0.503013 0.789670
vt 0.503093 0.789795
vt 0.503120 0.789783
vt 0.503693 0.803096
vt 0.503672 0.802993
vt 0.503619 0.803029
vt 0.455908 0.801610
vt 0.456469 0.802088
vt 0.503167 0.801600
vt 0.503134 0.801730
vt 0.455376 0.802788
vt 0.455318 0.802829
vt 0.503530 0.802995
vt 0.503459 0.802984
vt 0.455915 0.789310
vt 0.455715 0.789462
vt 0.502846 0.802672
vt 0.455676 0.788783
vt 0.502775 0.788917
vt 0.503112 0.789086
vt 0.503471 0.801802
vt 0.503252 0.801609
vt 0.503463 0.801911
vt 0.503213 0.802373
vt 0.456574 0.802737
vt 0.456323 0.802633
vt 0.456303 0.802712
vt 0.503897 0.788644
vt 0.503836 0.788582
vt 0.503763 0.788531
vt 0.455205 0.802969
vt 0.455218 0.802998
vt 0.455237 0.788833
vt 0.455284 0.788892
vt 0.455283 0.788815
vt 0.455299 0.802826
vt 0.455682 0.803180
vt 0.455684 0.803144
vt 0.503260 0.789298
vt 0.455452 0.803175
vt 0.455481 0.803222
vt 0.455576 0.803246
vt 0.455602 0.788557
vt 0.455474 0.788566
vt 0.455606 0.788580
vt 0.455684 0.788553
vt 0.455540 0.801911
vt 0.455516 0.802064
vt 0.455603 0.802268
vt 0.455598 0.802060
vt 0.455633 0.801883
vt 0.455590 0.801760
vt 0.455612 0.801927
vt 0.455664 0.802264
vt 0.455559 0.802311
vt 0.456293 0.802516
vt 0.456362 0.802544
vt 0.455971 0.802365
vt 0.456156 0.802472
vt 0.455895 0.802283
vt 0.455765 0.802113
vt 0.455638 0.788669
vt 0.455728 0.788652
vt 0.502922 0.801923
vt 0.455283 0.803010
vt 0.455354 0.803053
vt 0.503750 0.788890
vt 0.503482 0.803140
vt 0.503478 0.803085
vt 0.455686 0.803086
vt 0.455434 0.788890
vt 0.502714 0.802132
vt 0.502837 0.802036
vt 0.502691 0.802088
vt 0.455495 0.802814
vt 0.455822 0.802210
vt 0.456146 0.789670
vt 0.456171 0.789686
vt 0.455601 0.788718
vt 0.455557 0.788775
vt 0.455947 0.789340
vt 0.455964 0.789355
vt 0.456704 0.802054
vt 0.503224 0.801608
vt 0.502726 0.802155
vt 0.502860 0.802066
vt 0.503597 0.788887
vt 0.456041 0.801880
vt 0.456048 0.790074
vt 0.503188 0.801463
vt 0.503244 0.801467
vt 0.455666 0.789683
vt 0.455699 0.789564
vt 0.503059 0.789815
vt 0.503628 0.788590
vt 0.502959 0.801952
vt 0.456568 0.789018
vt 0.456578 0.789091
vt 0.503708 0.788539
vt 0.503686 0.788565
vt 0.456314 0.789041
vt 0.503676 0.788717
vt 0.503721 0.788762
vt 0.503749 0.788656
vt 0.456282 0.789575
vt 0.456248 0.789211
vt 0.456100 0.789277
vt 0.455467 0.788617
vt 0.455484 0.788717
vt 0.455674 0.789799
vt 0.455720 0.789696
vt 0.455507 0.788736
vt 0.455856 0.802459
vt 0.503924 0.788838
vt 0.503472 0.803069
vt 0.503754 0.788813
vt 0.455555 0.788703
vt 0.503694 0.802937
vt 0.503615 0.802980
vt 0.455648 0.789914
vt 0.455684 0.789912
vt 0.503620 0.788685
vt 0.455536 0.803034
vt 0.456438 0.802155
vt 0.456300 0.802066
vt 0.503481 0.788657
vt 0.503563 0.788652
vt 0.503474 0.788628
vt 0.503954 0.788744
vt 0.503942 0.788716
vt 0.503970 0.788796
vt 0.503842 0.788820
vt 0.455369 0.803008
vt 0.503678 0.788492
vt 0.503584 0.788468
vt 0.456625 0.802098
vt 0.456501 0.802034
vt 0.503748 0.803058
vt 0.503806 0.803053
vt 0.456090 0.789158
vt 0.502807 0.802002
vt 0.503399 0.789598
vt 0.503823 0.802953
vt 0.503721 0.802952
vt 0.503791 0.803008
vt 0.503563 0.803062
vt 0.503554 0.803133
vt 0.503619 0.789803
vt 0.503643 0.789646
vt 0.503562 0.789654
vt 0.455322 0.788638
vt 0.455481 0.788492
vt 0.455397 0.788530
vt 0.503449 0.789579
vt 0.503535 0.789830
vt 0.503564 0.789804
vt 0.503493 0.789683
vt 0.455694 0.789808
vt 0.455909 0.790051
vt 0.502912 0.789211
vt 0.502796 0.789174
vt 0.502720 0.789505
vt 0.502877 0.789575
vt 0.503105 0.789302
vt 0.503004 0.789241
vt 0.503265 0.789431
vt 0.503196 0.789355
vt 0.503203 0.789914
vt 0.503439 0.789695
vt 0.503723 0.788823
vt 0.503725 0.802890
vt 0.503551 0.803035
vt 0.502585 0.789155
vt 0.502698 0.789165
vt 0.455856 0.789255
vt 0.503074 0.790882
vt 0.503151 0.790811
vt 0.455989 0.790064
vt 0.455958 0.790759
vt 0.456016 0.790723
vt 0.455674 0.801915
vt 0.455666 0.801798
vt 0.456571 0.789140
vt 0.503368 0.802227
vt 0.503245 0.802403
vt 0.502877 0.802088
vt 0.502464 0.789610
vt 0.456238 0.789740
vt 0.503663 0.802894
vt 0.455306 0.788749
vt 0.455268 0.788735
vt 0.503120 0.801558
vt 0.503854 0.802965
vt 0.456125 0.802499
vt 0.503418 0.802130
vt 0.503269 0.801466
vt 0.502390 0.802213
vt 0.502387 0.802188
vt 0.502556 0.789490
vt 0.503693 0.788618
vt 0.456446 0.789531
vt 0.455623 0.788512
vt 0.455456 0.788541
vt 0.455688 0.801804
vt 0.455891 0.801460
vt 0.503553 0.788679
vt 0.456768 0.802154
vt 0.456774 0.802112
vt 0.456605 0.789490
vt 0.456690 0.789612
vt 0.455324 0.788582
vt 0.455205 0.788745
vt 0.455263 0.788644
vt 0.455218 0.788716
vt 0.455190 0.788796
vt 0.503485 0.801915
vt 0.455606 0.803133
vt 0.455576 0.788468
vt 0.455411 0.803058
vt 0.455597 0.803062
vt 0.455542 0.789794
vt 0.455598 0.789654
vt 0.455518 0.789645
vt 0.455640 0.789792
vt 0.455594 0.789942
vt 0.455612 0.789787
vt 0.502554 0.789465
vt 0.502387 0.789450
vt 0.455895 0.789431
vt 0.455766 0.789600
vt 0.502818 0.802571
vt 0.503723 0.802825
vt 0.502893 0.789760
vt 0.502586 0.789120
vt 0.502819 0.789143
vt 0.456350 0.789171
vt 0.456573 0.789159
vt 0.456142 0.789241
vt 0.456341 0.802570
vt 0.456086 0.790902
vt 0.456345 0.789732
vt 0.455405 0.788814
vt 0.455399 0.788891
vt 0.503034 0.802499
vt 0.455484 0.802997
vt 0.502543 0.802127
vt 0.502393 0.802140
vt 0.503493 0.801802
vt 0.456770 0.789448
vt 0.456573 0.802593
vt 0.502587 0.789058
vt 0.455278 0.802874
vt 0.503479 0.788459
vt 0.455681 0.788459
vt 0.503981 0.788884
vt 0.503981 0.802829
vt 0.455916 0.801465
vt 0.455891 0.790764
vt 0.456573 0.802656
vt 0.455681 0.788628
vt 0.456446 0.802132
vt 0.455919 0.790754
vt 0.502391 0.789467
vt 0.455239 0.802874
vt 0.503464 0.789804
vt 0.502488 0.802091
vt 0.503479 0.803255
vt 0.455681 0.803255
vt 0.455179 0.802829
vt 0.455190 0.802918
vt 0.502555 0.802174
vt 0.455682 0.788575
vt 0.455179 0.788884
vt 0.533094 0.689965
vt 0.532546 0.689964
vt 0.532512 0.688403
vt 0.533082 0.688403
vt 0.533497 0.689976
vt 0.533486 0.688392
vt 0.533733 0.689965
vt 0.533810 0.689962
vt 0.533812 0.688398
vt 0.533715 0.688453
vt 0.533496 0.689976
vt 0.533476 0.688453
vt 0.533808 0.688407
vt 0.533814 0.689970
vt 0.533094 0.688412
vt 0.532527 0.688413
vt 0.532531 0.689968
vt 0.533091 0.689968
vt 0.533727 0.688406
vt 0.533736 0.689973
vt 0.533490 0.690016
vt 0.533011 0.689988
vt 0.534132 0.690016
vt 0.533511 0.688352
vt 0.534186 0.688368
vt 0.533041 0.688380
vt 0.533746 0.688391
vt 0.534491 0.688352
vt 0.534514 0.690016
vt 0.533835 0.689988
vt 0.534184 0.690006
vt 0.534159 0.688363
vt 0.533504 0.688389
vt 0.488815 0.688352
vt 0.489210 0.688380
vt 0.533008 0.688380
vt 0.533477 0.688352
vt 0.533832 0.688380
vt 0.534510 0.688351
vt 0.534494 0.690016
vt 0.533612 0.690011
vt 0.533043 0.689988
vt 0.534205 0.689932
vt 0.534542 0.689983
vt 0.534184 0.688435
vt 0.534526 0.688384
vt 0.532947 0.689927
vt 0.533636 0.689927
vt 0.532938 0.689997
vt 0.533611 0.688379
vt 0.533622 0.689990
vt 0.532943 0.689990
vt 0.532930 0.688377
vt 0.533617 0.688380
vt 0.534191 0.689988
vt 0.534634 0.689984
vt 0.534628 0.688381
vt 0.488647 0.690012
vt 0.489311 0.689997
vt 0.488773 0.688352
vt 0.489310 0.688378
vt 0.534630 0.688384
vt 0.534629 0.689986
vt 0.532947 0.688378
vt 0.534531 0.688382
vt 0.534533 0.689983
vt 0.489725 0.689974
vt 0.489239 0.688380
vt 0.489308 0.689927
vt 0.489722 0.688405
vt 0.489719 0.689966
vt 0.489155 0.689965
vt 0.489167 0.688403
vt 0.488752 0.689976
vt 0.488763 0.688392
vt 0.488516 0.689965
vt 0.488534 0.688453
vt 0.488437 0.688398
vt 0.488440 0.689962
vt 0.488754 0.689976
vt 0.488774 0.688453
vt 0.489687 0.688413
vt 0.488442 0.688407
vt 0.488436 0.689970
vt 0.489156 0.688412
vt 0.489158 0.689976
vt 0.488522 0.688406
vt 0.488513 0.689973
vt 0.489209 0.689988
vt 0.488800 0.690016
vt 0.488118 0.690016
vt 0.488063 0.688368
vt 0.487759 0.688352
vt 0.488504 0.688391
vt 0.488414 0.689988
vt 0.487735 0.690016
vt 0.488065 0.690006
vt 0.488745 0.688389
vt 0.488090 0.688363
vt 0.488418 0.688380
vt 0.487739 0.688351
vt 0.487755 0.690016
vt 0.487708 0.689983
vt 0.488044 0.689932
vt 0.487724 0.688384
vt 0.488066 0.688435
vt 0.488614 0.689927
vt 0.488639 0.688379
vt 0.489310 0.689990
vt 0.488627 0.689990
vt 0.488632 0.688380
vt 0.488058 0.689988
vt 0.487616 0.689984
vt 0.487622 0.688381
vt 0.487619 0.688384
vt 0.487620 0.689986
vt 0.489313 0.688379
vt 0.487718 0.688382
vt 0.487716 0.689983
vt 0.620046 0.861808
vt 0.620046 0.861880
vt 0.620556 0.861951
vt 0.620595 0.861880
vt 0.620947 0.862130
vt 0.620986 0.862094
vt 0.620363 0.862108
vt 0.620830 0.862237
vt 0.620046 0.861808
vt 0.620477 0.862130
vt 0.620046 0.862094
vt 0.620046 0.862950
vt 0.620046 0.862452
vt 0.620556 0.862487
vt 0.620595 0.862952
vt 0.620947 0.862559
vt 0.620986 0.862952
vt 0.621300 0.862952
vt 0.621221 0.862452
vt 0.621143 0.862487
vt 0.621221 0.862952
vt 0.620986 0.862953
vt 0.621300 0.862953
vt 0.621221 0.862952
vt 0.620048 0.862953
vt 0.620595 0.862954
vt 0.577203 0.861808
vt 0.577203 0.861880
vt 0.576857 0.862114
vt 0.620579 0.867517
vt 0.620602 0.872122
vt 0.620058 0.872123
vt 0.620046 0.867544
vt 0.620967 0.867430
vt 0.620992 0.872131
vt 0.621225 0.872139
vt 0.621207 0.867289
vt 0.621296 0.866960
vt 0.621301 0.872143
vt 0.621221 0.872143
vt 0.621300 0.872143
vt 0.621300 0.867379
vt 0.620986 0.872143
vt 0.620881 0.867491
vt 0.620875 0.867105
vt 0.620883 0.872143
vt 0.620420 0.862303
vt 0.620013 0.862247
vt 0.620016 0.862190
vt 0.620454 0.862247
vt 0.620649 0.862402
vt 0.620682 0.862372
vt 0.620235 0.862376
vt 0.620579 0.862466
vt 0.620016 0.862190
vt 0.620359 0.862402
vt 0.620019 0.862372
vt 0.620651 0.862400
vt 0.620682 0.862372
vt 0.620420 0.862611
vt 0.620013 0.862580
vt 0.620016 0.862980
vt 0.620454 0.862982
vt 0.620649 0.862667
vt 0.620682 0.862977
vt 0.620757 0.862611
vt 0.620819 0.862580
vt 0.620882 0.862980
vt 0.620819 0.862983
vt 0.620676 0.862786
vt 0.620757 0.862611
vt 0.620819 0.862982
vt 0.620882 0.862980
vt 0.620820 0.862580
vt 0.620420 0.862611
vt 0.620454 0.862982
vt 0.620016 0.862980
vt 0.620880 0.866884
vt 0.620809 0.866992
vt 0.620664 0.867083
vt 0.620017 0.872191
vt 0.620453 0.872191
vt 0.620684 0.872191
vt 0.620026 0.872133
vt 0.620454 0.872193
vt 0.620422 0.867363
vt 0.620001 0.867384
vt 0.620689 0.872192
vt 0.620663 0.867312
vt 0.620883 0.872144
vt 0.620822 0.872187
vt 0.620803 0.867235
vt 0.620826 0.872192
vt 0.620574 0.872214
vt 0.620971 0.872208
vt 0.620828 0.872219
vt 0.620364 0.872219
vt 0.620382 0.872218
vt 0.620361 0.872219
vt 0.620835 0.872219
vt 0.620961 0.872208
vt 0.621216 0.872219
vt 0.620966 0.872219
vt 0.621197 0.872209
vt 0.621192 0.872209
vt 0.620966 0.872219
vt 0.620046 0.872200
vt 0.620595 0.872191
vt 0.621279 0.872200
vt 0.621279 0.872200
vt 0.620018 0.872200
vt 0.620903 0.872200
vt 0.620903 0.872200
vt 0.620048 0.872192
vt 0.620584 0.867125
vt 0.620587 0.867338
vt 0.620043 0.867367
vt 0.620039 0.867155
vt 0.620975 0.867036
vt 0.620977 0.867250
vt 0.621210 0.867026
vt 0.577237 0.866994
vt 0.577240 0.867206
vt 0.620009 0.867206
vt 0.620012 0.866994
vt 0.620425 0.867139
vt 0.578443 0.862054
vt 0.578441 0.862056
vt 0.618803 0.862052
vt 0.618807 0.862055
vt 0.618847 0.862190
vt 0.618849 0.862189
vt 0.618846 0.862189
vt 0.618847 0.862190
vt 0.618852 0.862189
vt 0.618850 0.862189
vt 0.618850 0.862189
vt 0.618846 0.862189
vt 0.618828 0.862175
vt 0.618807 0.862054
vt 0.618808 0.862056
vt 0.618814 0.862141
vt 0.578445 0.862174
vt 0.618805 0.862174
vt 0.618812 0.862064
vt 0.578429 0.862175
vt 0.578441 0.862054
vt 0.618807 0.862053
vt 0.618820 0.862175
vt 0.578444 0.862175
vt 0.578442 0.862055
vt 0.618806 0.862054
vt 0.618805 0.862174
vt 0.618846 0.862189
vt 0.578406 0.862189
vt 0.577234 0.862189
vt 0.618930 0.872219
vt 0.618850 0.862189
vt 0.618805 0.862174
vt 0.618805 0.862174
vt 0.618816 0.862177
vt 0.618816 0.862177
vt 0.578400 0.862189
vt 0.578442 0.862055
vt 0.578441 0.862054
vt 0.618853 0.862189
vt 0.578443 0.862181
vt 0.621298 0.864087
vt 0.621298 0.866115
vt 0.621042 0.864261
vt 0.621044 0.866308
vt 0.621036 0.866075
vt 0.621044 0.864119
vt 0.621282 0.864249
vt 0.621282 0.864099
vt 0.621282 0.866317
vt 0.621280 0.866093
vt 0.621281 0.864122
vt 0.621050 0.866069
vt 0.621280 0.866071
vt 0.621299 0.866341
vt 0.621299 0.864217
vt 0.578406 0.862189
vt 0.577227 0.872130
vt 0.577249 0.867384
vt 0.577236 0.862247
vt 0.577233 0.862190
vt 0.577230 0.862372
vt 0.577236 0.862580
vt 0.577201 0.872193
vt 0.576873 0.872218
vt 0.577206 0.867367
vt 0.577211 0.867155
vt 0.577233 0.862980
vt 0.578433 0.862177
vt 0.578433 0.862177
vt 0.578433 0.862177
vt 0.578445 0.862174
vt 0.577205 0.862950
vt 0.577201 0.872123
vt 0.577203 0.867544
vt 0.577203 0.862952
vt 0.576654 0.861880
vt 0.576694 0.861951
vt 0.576263 0.862094
vt 0.576302 0.862130
vt 0.576420 0.862237
vt 0.577203 0.862094
vt 0.576772 0.862130
vt 0.576420 0.862237
vt 0.576655 0.862952
vt 0.576694 0.862487
vt 0.577203 0.862452
vt 0.576263 0.862952
vt 0.576302 0.862559
vt 0.575950 0.862952
vt 0.576028 0.862952
vt 0.576106 0.862487
vt 0.576028 0.862452
vt 0.576263 0.862952
vt 0.575950 0.862953
vt 0.576028 0.862952
vt 0.576655 0.862952
vt 0.576671 0.867517
vt 0.576648 0.872122
vt 0.576282 0.867430
vt 0.576257 0.872131
vt 0.576654 0.872193
vt 0.576269 0.872202
vt 0.576024 0.872138
vt 0.575948 0.872143
vt 0.575953 0.866960
vt 0.576042 0.867289
vt 0.576028 0.872143
vt 0.575950 0.867378
vt 0.575950 0.872143
vt 0.576367 0.872142
vt 0.576372 0.866992
vt 0.576368 0.867465
vt 0.576829 0.862303
vt 0.576796 0.862247
vt 0.576600 0.862402
vt 0.576567 0.862372
vt 0.577014 0.862377
vt 0.576670 0.862466
vt 0.577236 0.862247
vt 0.577233 0.862190
vt 0.576795 0.862247
vt 0.576891 0.862402
vt 0.576598 0.862400
vt 0.576829 0.862611
vt 0.576795 0.862982
vt 0.576600 0.862667
vt 0.576567 0.862977
vt 0.576492 0.862611
vt 0.576430 0.862982
vt 0.576367 0.862981
vt 0.576430 0.862580
vt 0.576574 0.862786
vt 0.576367 0.862980
vt 0.577236 0.862580
vt 0.576795 0.862982
vt 0.576440 0.866992
vt 0.576585 0.867083
vt 0.577250 0.872193
vt 0.576796 0.872191
vt 0.576565 0.872191
vt 0.576828 0.867363
vt 0.576795 0.872193
vt 0.576586 0.867312
vt 0.576560 0.872192
vt 0.576427 0.872187
vt 0.576367 0.872143
vt 0.576424 0.872192
vt 0.576446 0.867235
vt 0.576885 0.872219
vt 0.576669 0.872213
vt 0.576828 0.872219
vt 0.576421 0.872219
vt 0.576278 0.872208
vt 0.576414 0.872219
vt 0.576283 0.872219
vt 0.576033 0.872219
vt 0.576053 0.872209
vt 0.576284 0.872219
vt 0.576058 0.872209
vt 0.577204 0.872200
vt 0.575970 0.872200
vt 0.575971 0.872200
vt 0.577231 0.872200
vt 0.576346 0.872200
vt 0.576346 0.872200
vt 0.576663 0.867338
vt 0.576665 0.867123
vt 0.576272 0.867250
vt 0.576274 0.867035
vt 0.576039 0.867026
vt 0.576824 0.867139
vt 0.578396 0.862189
vt 0.578397 0.862189
vt 0.578443 0.862055
vt 0.578397 0.862189
vt 0.578406 0.862189
vt 0.578406 0.862189
vt 0.578421 0.862175
vt 0.578435 0.862141
vt 0.578444 0.862174
vt 0.578422 0.862175
vt 0.578420 0.862180
vt 0.578420 0.862176
vt 0.575951 0.866115
vt 0.575951 0.864086
vt 0.576213 0.866075
vt 0.576205 0.866308
vt 0.576207 0.864261
vt 0.576205 0.864119
vt 0.575968 0.864248
vt 0.575967 0.864099
vt 0.575968 0.866317
vt 0.575970 0.866093
vt 0.576200 0.866069
vt 0.575969 0.864122
vt 0.575969 0.866071
vt 0.575950 0.866341
vt 0.575950 0.864217
vt 0.503408 0.185766
vt 0.423854 0.496534
vt 0.524597 0.303216
vt 0.543681 0.302611
vt 0.452111 0.308231
vt 0.549162 0.013727
vt 0.380778 0.110466
vt 0.416741 0.159536
vt 0.418134 0.159196
vt 0.506603 0.097259
vt 0.515674 0.442230
s 1
f 9/1/1 6/2/1 10/3/1
f 6/2/1 9/1/1 5/4/1
f 10/3/1 7/5/1 11/6/1
f 7/5/1 10/3/1 6/2/1
f 11/6/1 8/7/1 12/8/1
f 8/7/1 11/6/1 7/5/1
f 12/8/1 5/4/1 9/1/1
f 5/4/1 12/8/1 8/7/1
f 17/9/2 14/10/1 18/11/3
f 14/10/1 17/9/2 13/12/1
f 18/11/3 15/13/1 19/14/4
f 15/13/1 18/11/3 14/10/1
f 19/14/4 16/15/1 20/16/5
f 16/15/1 19/14/4 15/13/1
f 20/16/5 13/12/1 17/9/2
f 13/12/1 20/16/5 16/15/1
f 21/17/6 18/11/3 22/18/7
f 18/11/3 21/17/6 17/9/2
f 22/18/7 19/14/4 23/19/8
f 19/14/4 22/18/7 18/11/3
f 23/19/8 20/16/5 24/20/9
f 20/16/5 23/19/8 19/14/4
f 24/20/9 17/9/2 21/17/6
f 17/9/2 24/20/9 20/16/5
f 30/21/10 27/22/11 31/23/11
f 27/22/11 30/21/10 26/24/12
f 32/25/13 25/26/14 29/27/14
f 25/26/14 32/25/13 28/28/13
f 36/29/15 37/30/16 40/31/17
f 38/32/18 36/29/15 39/33/19
f 36/29/15 38/32/18 35/34/20
f 34/35/21 40/31/17 37/30/16
f 41/9/22 38/32/18 42/11/23
f 38/32/18 41/9/22 34/35/21
f 42/11/23 39/33/19 43/14/24
f 39/33/19 42/11/23 38/32/18
f 43/14/24 40/31/17 44/16/25
f 40/31/17 43/14/24 39/33/19
f 44/16/25 34/35/21 41/9/22
f 34/35/21 44/16/25 40/31/17
f 43/14/26 44/16/26 48/36/27
f 49/37/28 46/38/29 50/39/30
f 46/38/29 49/37/28 45/40/31
f 50/39/30 47/41/32 51/42/33
f 47/41/32 50/39/30 46/38/29
f 51/42/33 48/36/27 52/43/34
f 48/36/27 51/42/33 47/41/32
f 52/43/34 45/40/31 49/37/28
f 45/40/31 52/43/34 48/36/27
f 54/44/35 51/42/33 55/45/36
f 51/42/33 54/44/35 50/39/30
f 56/46/37 49/37/28 53/47/38
f 49/37/28 56/46/37 52/43/34
f 71/48/39 69/49/40 75/50/41
f 58/51/42 55/45/36 59/52/43
f 55/45/36 58/51/42 54/44/35
f 61/53/44 53/47/38 57/54/45
f 53/47/38 61/53/44 56/46/37
f 66/55/46 65/56/47 69/49/40
f 65/56/48 60/57/49 64/58/50
f 57/54/51 58/51/52 62/59/53
f 61/53/44 57/54/45 60/57/49
f 71/48/39 70/60/54 67/61/55
f 69/49/40 64/58/50 68/62/56
f 68/62/56 75/50/41 69/49/40
f 73/63/57 71/48/39 74/64/58
f 71/48/39 73/63/57 70/60/54
f 75/50/41 68/62/56 72/65/59
f 76/66/60 73/63/57 77/67/61
f 73/63/57 76/66/60 72/65/59
f 77/67/61 74/64/58 78/68/62
f 74/64/58 77/67/61 73/63/57
f 78/68/62 75/50/41 79/69/63
f 75/50/41 78/68/62 74/64/58
f 79/69/63 72/65/59 76/66/60
f 72/65/59 79/69/63 75/50/41
f 84/70/64 81/67/65 85/71/66
f 81/67/65 84/70/64 80/66/67
f 85/71/66 82/68/68 88/72/69
f 82/68/68 85/71/66 81/67/65
f 88/72/69 83/69/70 86/73/71
f 83/69/70 88/72/69 82/68/68
f 86/73/71 80/66/67 84/70/64
f 80/66/67 86/73/71 83/69/70
f 96/74/72 101/75/73 97/76/74
f 88/72/69 89/77/75 85/71/66
f 91/78/76 84/70/64 87/17/77
f 84/70/64 91/78/76 86/73/71
f 95/79/78 99/80/79 94/81/80
f 89/77/75 88/72/69 90/82/81
f 108/83/82 105/84/83 111/85/84
f 96/74/85 92/86/86 94/81/80
f 93/87/87 97/76/74 95/79/88
f 97/76/74 99/80/79 95/79/88
f 94/81/80 101/75/73 96/74/85
f 99/80/79 97/76/74 100/88/89
f 101/75/73 94/81/80 98/89/90
f 102/90/91 99/80/79 103/91/92
f 99/80/79 102/90/91 98/89/90
f 103/91/92 100/88/89 104/92/93
f 100/88/89 103/91/92 99/80/79
f 104/92/93 101/75/73 105/84/83
f 101/75/73 104/92/93 100/88/89
f 105/84/83 98/89/90 102/90/91
f 98/89/90 105/84/83 101/75/73
f 27/22/11 28/28/13 32/25/13
f 25/26/14 26/24/12 30/21/10
f 107/93/94 104/92/93 108/83/82
f 104/92/93 107/93/94 103/91/92
f 88/72/69 86/73/71 91/78/95
f 85/71/66 89/77/96 87/17/97
f 112/94/98 109/95/99 113/96/100
f 109/95/99 112/94/98 106/97/101
f 113/96/100 110/98/102 114/99/103
f 110/98/102 113/96/100 109/95/99
f 114/99/103 111/85/104 115/100/105
f 111/85/104 114/99/103 110/98/102
f 115/100/105 106/97/101 112/94/98
f 106/97/101 115/100/105 111/85/104
f 117/101/106 114/99/103 118/102/107
f 114/99/103 117/101/106 113/96/100
f 119/103/108 112/94/98 116/104/109
f 112/94/98 119/103/108 115/100/105
f 120/105/110 117/101/106 121/106/111
f 117/101/106 120/105/110 116/104/109
f 121/106/111 118/102/107 122/107/112
f 118/102/107 121/106/111 117/101/106
f 122/107/112 119/103/108 123/108/113
f 119/103/108 122/107/112 118/102/107
f 123/108/113 116/104/109 120/105/110
f 116/104/109 123/108/113 119/103/108
f 125/109/114 122/107/112 126/110/115
f 122/107/112 125/109/114 121/106/111
f 127/111/116 120/105/110 124/112/117
f 120/105/110 127/111/116 123/108/113
f 129/113/118 126/110/115 130/114/119
f 126/110/115 129/113/118 125/109/114
f 102/90/91 103/91/92 107/93/94
f 131/115/120 124/112/117 128/116/121
f 124/112/117 131/115/120 127/111/116
f 66/55/122 71/48/39 67/61/55
f 144/117/123 139/118/124 143/119/125
f 146/120/126 144/117/127 150/121/128
f 150/121/129 143/119/125 147/122/130
f 153/123/131 156/124/132 152/125/133
f 152/125/133 156/124/132 151/126/134
f 33/127/135 34/35/21 37/30/16
f 156/124/132 153/123/131 157/128/136
f 158/129/137 151/126/134 155/130/138
f 151/126/134 158/129/137 154/131/139
f 1/132/140 156/124/132 2/133/141
f 156/124/132 1/132/140 155/130/138
f 2/133/141 157/128/136 3/134/142
f 157/128/136 2/133/141 156/124/132
f 3/134/142 158/129/137 4/135/143
f 158/129/137 3/134/142 157/128/136
f 4/135/143 155/130/138 1/132/140
f 155/130/138 4/135/143 158/129/137
f 142/136/144 140/137/145 144/117/127
f 107/93/94 108/83/82 110/98/146
f 111/85/147 102/90/147 106/97/148
f 132/138/149 133/139/150 137/140/151
f 34/35/21 35/34/20 38/32/18
f 106/97/152 107/93/94 109/95/153
f 41/9/154 42/11/155 46/38/29
f 136/141/156 132/138/157 135/142/158
f 136/141/159 140/137/145 138/143/160
f 76/66/161 77/67/162 81/67/162
f 63/144/163 61/53/164 65/56/47
f 140/137/165 135/142/158 139/118/124
f 78/68/166 79/69/166 83/69/166
f 8/7/167 1/132/167 5/4/167
f 6/2/168 1/132/168 2/133/168
f 11/6/169 16/15/169 15/13/169
f 13/12/170 12/8/170 9/1/170
f 26/24/171 21/17/171 22/18/171
f 26/24/172 23/19/173 27/22/173
f 29/27/174 35/34/20 33/127/175
f 35/34/20 31/23/176 36/29/15
f 132/138/157 131/115/120 128/116/121
f 154/131/139 147/122/130 151/126/134
f 47/41/177 42/11/178 43/14/177
f 36/29/15 40/31/17 39/33/19
f 71/48/39 75/50/41 74/64/58
f 43/14/26 48/36/27 47/41/32
f 59/52/179 56/46/37 61/53/164
f 91/78/95 90/82/180 88/72/69
f 68/62/56 67/61/181 70/60/54
f 92/86/182 95/79/78 94/81/80
f 64/58/181 62/59/53 67/61/181
f 57/54/51 54/44/35 58/51/52
f 57/54/51 62/59/53 60/57/183
f 64/58/50 69/49/40 65/56/48
f 53/47/38 50/39/30 54/44/35
f 73/63/57 68/62/56 70/60/54
f 56/46/37 51/42/33 52/43/34
f 105/84/184 102/90/147 111/85/147
f 69/49/40 71/48/39 66/55/46
f 120/105/110 125/109/114 124/112/117
f 99/80/79 98/89/90 94/81/80
f 27/22/11 32/25/13 31/23/11
f 118/102/107 115/100/105 119/103/108
f 25/26/14 30/21/10 29/27/14
f 104/92/93 105/84/83 108/83/82
f 93/87/185 96/74/72 97/76/74
f 85/71/66 87/17/97 84/70/64
f 127/111/116 122/107/112 123/108/113
f 157/128/136 154/131/139 158/129/137
f 151/126/134 156/124/132 155/130/138
f 126/110/115 131/115/120 130/114/119
f 132/138/149 129/113/118 133/139/150
f 133/139/186 130/114/119 134/145/187
f 137/140/188 134/145/187 138/143/188
f 134/145/189 136/141/159 138/143/160
f 143/119/190 141/146/191 145/147/192
f 140/137/165 139/118/124 144/117/123
f 147/122/193 152/125/133 151/126/134
f 152/125/133 149/148/194 153/123/131
f 36/29/15 32/25/195 37/30/16
f 33/127/175 35/34/20 34/35/21
f 97/76/74 101/75/73 100/88/89
f 107/93/94 110/98/146 109/95/196
f 7/5/197 2/133/197 3/134/197
f 63/144/163 65/56/47 66/55/46
f 14/10/198 11/6/198 15/13/198
f 28/28/199 21/17/199 25/26/199
f 132/138/149 137/140/151 135/142/200
f 9/1/201 14/10/201 13/12/201
f 7/5/202 4/135/202 8/7/202
f 60/57/49 65/56/48 61/53/44
f 67/61/55 63/144/203 66/55/122
f 146/120/126 150/121/128 149/148/204
f 134/145/189 131/115/120 136/141/159
f 111/85/84 110/98/205 108/83/82
f 116/104/109 113/96/100 117/101/106
f 147/122/193 145/147/192 148/149/206
f 63/144/203 58/51/42 59/52/43
f 144/117/127 146/120/126 142/136/144
f 48/36/207 41/9/208 45/40/208
f 144/117/123 143/119/125 150/121/129
f 139/118/209 137/140/151 141/146/191
f 149/148/204 154/131/139 153/123/131
f 41/9/154 46/38/29 45/40/31
f 95/79/78 87/17/97 89/77/96
f 81/67/210 78/68/210 82/68/210
f 83/69/211 76/66/212 80/66/212
f 136/141/156 135/142/158 140/137/165
f 138/143/160 140/137/145 142/136/144
f 124/112/117 129/113/118 128/116/121
f 107/93/94 106/97/152 102/90/91
f 37/30/16 29/27/213 33/127/135
f 148/149/194 146/120/214 149/148/194
f 76/66/161 81/67/162 80/66/161
f 146/120/214 141/146/215 142/136/215
f 142/136/215 137/140/188 138/143/188
f 96/74/85 87/17/77 92/86/86
f 27/22/216 24/20/216 28/28/216
f 78/68/166 83/69/166 82/68/166
f 95/79/88 90/82/81 93/87/87
f 59/52/179 61/53/164 63/144/163
f 96/74/72 90/82/180 91/78/95
f 643/150/217 816/151/218 832/152/219
f 423/153/220 421/154/221 427/155/222
f 622/156/223 638/157/224 620/158/225
f 763/159/226 748/160/227 746/161/228
f 659/162/229 758/163/230 757/164/231
f 829/165/232 813/166/233 830/167/234
f 749/168/235 583/169/236 751/170/237
f 742/171/238 777/172/239 776/173/240
f 660/174/241 759/175/242 659/162/229
f 653/176/243 655/177/244 654/178/245
f 159/179/246 190/180/247 164/181/248
f 223/182/249 393/183/250 224/184/251
f 213/185/252 211/186/253 212/187/254
f 232/188/255 338/189/256 275/190/257
f 925/191/258 901/192/259 924/193/260
f 619/194/261 588/195/262 632/196/263
f 400/197/264 372/198/265 568/199/266
f 276/200/267 255/201/268 236/202/269
f 732/203/270 742/171/238 775/204/271
f 586/205/272 630/206/273 585/207/274
f 180/208/275 195/209/276 179/210/277
f 188/211/278 390/212/279 395/213/280
f 920/214/281 911/215/282 919/216/283
f 513/217/284 536/218/285 533/219/286
f 663/220/287 696/221/288 664/222/289
f 927/223/290 907/224/291 906/225/292
f 466/226/293 499/227/294 496/228/295
f 879/229/296 864/230/297 878/231/298
f 505/232/299 503/233/300 504/234/301
f 363/235/302 288/236/303 348/237/304
f 899/238/305 897/239/306 898/240/307
f 746/161/308 745/241/309 765/242/310
f 297/243/311 300/244/312 298/245/313
f 369/246/314 293/247/315 289/248/316
f 692/249/317 799/250/318 797/251/319
f 284/252/320 357/253/321 266/254/322
f 233/255/323 231/256/324 230/257/325
f 274/258/326 337/259/327 295/260/328
f 785/261/329 739/262/330 786/263/331
f 395/213/332 394/264/333 188/211/334
f 770/265/335 740/266/336 773/267/337
f 793/268/338 733/269/339 730/270/340
f 500/271/341 506/272/342 501/273/343
f 312/274/344 567/275/345 176/276/346
f 500/271/347 475/277/348 467/278/349
f 916/279/350 905/280/351 904/281/352
f 582/282/353 628/283/354 580/284/355
f 577/285/356 625/286/357 578/287/358
f 466/226/293 495/288/359 474/289/360
f 270/290/361 323/291/362 324/292/363
f 734/293/364 737/294/365 733/269/339
f 779/295/366 709/296/367 704/297/368
f 324/292/363 365/298/369 270/290/361
f 802/299/370 691/300/371 803/301/372
f 279/302/373 289/248/316 342/303/374
f 633/304/375 634/305/376 635/306/377
f 616/307/378 823/308/379 640/309/380
f 862/310/381 850/311/382 851/312/383
f 651/313/384 766/314/385 983/315/386
f 714/316/387 680/317/388 679/318/389
f 237/319/390 235/320/391 234/321/392
f 391/322/393 396/323/394 397/324/395
f 961/325/396 938/326/397 937/327/398
f 432/328/399 448/329/400 445/330/401
f 651/313/384 649/331/402 650/332/403
f 898/240/404 882/333/405 867/334/406
f 176/276/346 173/335/407 312/274/344
f 198/336/408 163/337/409 199/338/410
f 769/339/411 740/266/336 770/265/335
f 797/251/319 738/340/412 692/249/317
f 344/341/413 342/303/374 343/342/414
f 511/343/415 550/344/416 547/345/417
f 681/346/418 717/347/419 716/348/420
f 353/349/421 291/350/422 282/351/423
f 732/203/270 691/300/371 692/249/317
f 444/352/424 430/353/425 443/354/426
f 372/198/265 400/197/264 403/355/427
f 551/356/428 524/357/429 516/358/430
f 463/359/431 487/360/432 484/361/433
f 858/362/434 856/363/435 864/230/297
f 355/364/436 356/365/437 284/252/320
f 467/278/349 503/233/438 500/271/347
f 883/366/439 897/239/440 900/367/441
f 912/368/442 896/369/443 895/370/444
f 786/263/331 739/262/330 787/371/445
f 445/330/401 446/372/446 432/328/399
f 884/373/447 902/374/448 885/375/449
f 972/376/450 970/377/451 971/378/452
f 449/379/453 376/380/454 437/381/455
f 282/351/423 291/350/422 350/382/456
f 789/383/457 737/294/365 790/384/458
f 517/385/459 527/386/460 518/387/461
f 783/388/462 736/389/463 784/390/464
f 843/391/465 847/392/466 835/393/467
f 654/178/245 652/394/468 653/176/243
f 416/395/469 302/396/470 299/397/471
f 799/250/318 692/249/317 800/398/472
f 918/399/473 909/400/474 929/401/475
f 367/402/476 362/403/477 330/404/478
f 288/236/303 289/248/316 279/302/373
f 803/301/372 804/405/479 695/406/480
f 590/407/481 652/394/468 654/178/245
f 854/408/482 855/409/483 836/410/484
f 334/411/485 272/412/486 332/413/487
f 160/414/488 396/323/394 398/415/489
f 458/416/490 444/352/424 461/417/491
f 377/418/492 325/419/493 249/420/494
f 658/421/495 660/174/241 659/162/229
f 560/422/496 558/423/497 552/424/498
f 582/282/353 583/169/236 628/283/354
f 246/425/499 315/426/500 268/427/501
f 749/168/502 838/428/503 748/160/504
f 754/429/505 753/430/506 752/431/507
f 223/182/508 404/432/509 221/433/510
f 582/282/353 591/434/511 593/435/512
f 932/436/513 954/437/514 933/438/515
f 795/439/516 735/440/517 722/441/518
f 900/367/519 914/442/520 923/443/521
f 854/408/482 853/444/522 863/445/523
f 346/446/524 279/302/373 344/341/413
f 432/328/399 421/154/221 423/153/220
f 351/447/525 291/350/422 369/246/314
f 267/448/526 315/426/500 316/449/527
f 711/450/528 787/371/445 676/451/529
f 277/452/530 256/453/531 239/454/532
f 440/455/533 428/456/534 388/457/535
f 299/397/471 379/458/536 416/395/469
f 781/459/537 744/460/538 782/461/539
f 939/462/540 966/463/541 940/464/542
f 207/465/543 204/466/544 206/467/545
f 270/290/361 365/298/369 320/468/546
f 515/469/547 542/470/548 522/471/549
f 364/472/550 313/473/551 267/448/526
f 465/474/552 491/475/553 473/476/554
f 856/363/435 857/477/555 834/478/556
f 423/153/220 427/155/222 433/479/557
f 440/455/533 456/480/558 453/481/559
f 451/482/560 437/381/455 450/483/561
f 488/484/562 472/485/563 464/486/564
f 755/487/565 381/488/566 754/429/505
f 737/294/365 791/489/567 790/384/458
f 946/490/568 930/491/569 922/492/570
f 830/167/571 831/493/572 639/494/573
f 179/210/574 202/495/575 180/208/576
f 435/496/577 449/379/453 451/482/560
f 919/216/283 910/497/578 918/399/473
f 279/302/373 345/498/579 288/236/303
f 442/499/580 457/500/581 458/416/490
f 636/501/582 613/502/583 826/503/584
f 704/297/368 672/504/585 671/505/586
f 206/467/545 204/466/544 203/506/587
f 788/507/588 737/294/365 789/383/457
f 891/508/589 909/400/590 892/509/591
f 484/361/433 471/510/592 463/359/431
f 435/496/577 436/511/593 449/379/453
f 512/512/594 526/513/595 517/385/459
f 852/514/596 854/408/482 836/410/484
f 640/309/597 618/515/598 616/307/599
f 252/516/600 331/517/601 273/518/602
f 748/160/504 747/519/603 746/161/308
f 435/496/577 433/479/557 434/520/604
f 525/521/605 551/356/428 516/358/430
f 207/465/606 310/522/607 209/523/608
f 389/524/609 162/525/610 161/526/611
f 230/257/325 567/275/612 312/274/613
f 622/156/614 575/527/615 576/528/616
f 643/150/617 818/529/618 642/530/619
f 871/531/620 861/532/621 870/533/622
f 851/312/383 849/534/623 861/532/621
f 748/160/227 583/169/236 749/168/235
f 509/535/624 478/536/625 482/537/626
f 771/538/627 769/339/411 694/539/628
f 272/412/486 367/402/476 329/540/629
f 239/454/532 341/541/630 277/452/530
f 312/274/631 233/255/323 230/257/632
f 531/542/633 526/513/634 530/543/635
f 460/544/636 456/480/558 442/499/580
f 204/466/544 225/545/637 200/546/638
f 939/462/540 962/547/639 965/548/640
f 885/375/449 903/549/641 886/550/642
f 388/457/535 455/551/643 440/455/533
f 328/552/644 271/553/645 326/554/646
f 485/555/647 483/556/648 484/361/649
f 892/509/591 910/497/650 893/557/651
f 437/381/455 438/558/652 452/559/653
f 920/214/281 913/560/654 912/368/655
f 916/279/350 903/549/656 915/561/657
f 971/378/452 978/562/658 972/376/450
f 531/542/633 560/422/496 554/563/659
f 867/334/406 913/560/660 898/240/404
f 894/564/661 912/368/442 895/370/444
f 303/565/662 304/566/663 756/567/664
f 489/568/665 487/360/666 488/484/667
f 700/569/668 702/570/669 776/173/240
f 756/567/664 305/571/670 303/565/662
f 533/219/286 519/572/671 513/217/284
f 522/471/549 540/573/672 510/574/673
f 827/575/674 601/576/675 623/577/676
f 585/207/274 630/206/273 584/578/677
f 515/469/547 546/579/678 543/580/679
f 327/581/680 366/582/681 271/553/645
f 368/583/682 338/189/256 276/200/267
f 418/584/683 281/585/684 261/586/685
f 869/587/686 841/588/687 868/589/688
f 301/590/689 380/591/690 417/592/691
f 335/593/692 336/594/693 274/258/326
f 480/595/694 486/596/695 481/597/696
f 764/598/697 629/599/698 763/159/699
f 906/225/700 890/600/348 889/601/701
f 417/592/691 304/566/663 301/590/689
f 445/330/401 472/485/563 463/359/431
f 983/315/386 649/331/402 651/313/384
f 234/321/392 178/602/702 237/319/703
f 216/603/704 178/602/702 213/185/252
f 782/461/539 744/460/538 783/388/462
f 349/604/705 280/605/706 347/606/707
f 695/406/480 804/405/479 769/339/411
f 636/501/582 638/157/224 637/607/708
f 744/460/538 781/459/537 779/295/366
f 584/578/709 811/608/710 585/207/711
f 489/568/665 491/475/712 494/609/713
f 415/610/714 253/611/715 673/612/716
f 686/613/717 724/614/718 687/615/719
f 279/302/373 346/446/524 345/498/579
f 504/234/720 476/616/721 468/617/722
f 273/518/602 286/618/723 252/516/600
f 880/619/724 894/564/661 895/370/444
f 943/620/725 921/621/726 920/214/281
f 574/622/727 600/623/728 613/502/729
f 960/624/730 962/547/731 961/325/732
f 646/625/733 835/393/467 614/626/734
f 592/627/735 594/628/736 593/435/737
f 297/243/311 227/629/738 747/519/603
f 389/524/609 573/630/739 410/631/740
f 572/632/741 224/184/742 392/633/743
f 933/438/515 924/193/260 932/436/513
f 675/634/744 650/332/403 710/635/745
f 400/197/746 201/636/747 226/637/748
f 703/638/749 777/172/239 778/639/750
f 820/640/751 597/641/752 758/163/230
f 509/535/624 517/385/459 518/387/461
f 212/187/753 562/642/754 563/643/735
f 224/184/251 393/183/250 392/633/755
f 810/644/756 608/645/757 811/608/710
f 227/629/738 415/610/714 673/612/716
f 681/346/418 260/646/758 384/647/759
f 249/420/494 322/648/760 414/649/761
f 181/650/762 193/651/763 180/208/275
f 471/510/592 445/330/401 463/359/431
f 510/574/673 498/652/764 522/471/549
f 825/653/765 574/622/766 613/502/583
f 308/654/767 306/655/768 373/656/230
f 941/657/769 929/401/475 940/464/542
f 377/418/492 249/420/494 668/658/770
f 645/659/771 644/660/772 813/166/233
f 192/661/773 561/662/774 191/663/775
f 816/151/218 642/530/776 623/577/676
f 642/530/619 818/529/618 623/577/777
f 438/558/652 568/199/266 429/664/778
f 815/665/779 606/666/780 807/667/781
f 196/668/782 561/662/774 375/669/783
f 400/197/264 427/155/222 166/670/784
f 464/486/564 448/329/400 459/671/785
f 159/179/786 394/264/333 395/213/332
f 256/453/531 238/672/787 239/454/532
f 231/256/324 255/201/268 232/188/255
f 687/615/719 264/673/788 419/674/789
f 934/675/790 925/191/258 933/438/515
f 379/458/536 297/243/311 747/519/603
f 956/676/791 954/437/792 953/677/793
f 261/586/685 262/678/794 648/679/795
f 837/680/796 670/681/797 671/505/586
f 228/682/798 305/571/670 307/683/799
f 203/506/800 570/684/801 206/467/802
f 257/685/803 242/686/804 243/687/805
f 834/478/556 575/527/615 824/688/806
f 649/331/402 983/315/386 765/242/310
f 637/607/708 577/285/356 825/653/765
f 565/689/807 564/690/808 186/691/809
f 596/692/810 611/693/808 595/694/807
f 320/468/546 365/298/369 269/695/811
f 502/696/812 501/273/343 511/343/415
f 614/626/734 605/697/813 606/666/780
f 941/657/769 919/216/283 918/399/473
f 477/698/814 504/234/720 468/617/722
f 434/520/604 568/199/266 436/511/593
f 521/699/815 514/700/816 489/568/665
f 889/601/701 873/701/817 888/702/818
f 683/703/819 385/704/820 260/646/758
f 659/162/229 657/705/821 658/421/495
f 813/166/233 641/706/822 830/167/234
f 384/647/759 346/446/524 259/707/823
f 816/151/218 615/708/824 833/709/825
f 633/304/826 980/710/827 631/711/828
f 564/690/808 563/643/735 182/712/829
f 884/373/447 868/589/688 883/366/439
f 608/645/757 985/713/830 609/714/831
f 835/393/467 857/477/555 822/715/832
f 829/165/833 639/494/573 640/309/597
f 378/716/834 286/618/723 250/717/835
f 369/246/314 294/718/836 290/719/837
f 163/337/409 408/720/838 199/338/410
f 927/223/290 936/721/839 937/327/398
f 458/416/490 460/544/636 442/499/580
f 493/722/840 498/652/764 510/574/673
f 481/597/696 519/572/671 512/512/594
f 305/571/670 228/682/798 303/565/662
f 584/578/677 617/723/841 624/724/842
f 238/672/787 257/685/803 239/454/532
f 615/708/843 599/725/844 833/709/845
f 678/726/846 658/421/495 713/727/847
f 452/559/653 429/664/778 439/728/848
f 893/557/651 877/729/849 892/509/591
f 876/730/848 890/600/348 891/508/589
f 571/731/850 176/276/346 310/522/607
f 891/508/589 877/729/849 876/730/848
f 382/732/851 679/318/389 383/733/852
f 260/646/758 385/704/820 287/734/853
f 579/735/854 618/515/598 617/723/841
f 466/226/293 452/559/653 439/728/848
f 260/646/758 682/736/855 683/703/819
f 530/543/635 528/737/856 529/738/857
f 559/739/858 540/573/859 541/740/860
f 885/375/449 869/587/686 884/373/447
f 899/238/305 944/741/861 922/492/570
f 616/307/599 618/515/598 619/194/261
f 860/742/862 896/369/443 867/334/406
f 419/674/789 263/743/863 687/615/719
f 824/688/806 621/744/864 819/745/865
f 986/746/866 820/640/751 759/175/242
f 464/486/564 451/482/560 473/476/554
f 893/557/651 879/229/296 878/231/298
f 164/181/867 200/546/638 159/179/786
f 985/713/830 812/747/868 609/714/831
f 867/334/406 866/748/869 860/742/862
f 574/622/727 602/749/870 821/750/871
f 630/206/273 579/735/854 617/723/841
f 586/205/872 767/751/873 587/752/874
f 581/753/875 580/284/355 577/285/356
f 606/666/780 591/434/876 614/626/734
f 593/435/737 610/754/877 592/627/735
f 250/717/835 286/618/723 328/552/644
f 561/662/774 387/755/878 375/669/783
f 195/209/276 562/642/754 194/756/879
f 577/285/356 578/287/358 574/622/766
f 729/757/880 780/758/881 647/759/882
f 879/229/296 880/619/724 865/760/883
f 624/724/884 808/761/885 584/578/709
f 404/432/509 406/762/886 221/433/510
f 580/284/355 627/763/887 625/286/357
f 205/764/888 167/765/889 168/766/890
f 168/766/890 208/767/891 205/764/888
f 205/764/888 208/767/891 309/768/892
f 309/768/892 185/769/893 205/764/888
f 189/770/894 566/771/895 401/772/896
f 632/196/263 588/195/262 631/711/897
f 626/773/898 594/628/899 596/692/900
f 763/159/226 628/283/354 762/774/901
f 216/603/704 215/775/902 219/776/903
f 219/776/903 220/777/904 216/603/704
f 220/777/904 178/602/702 216/603/704
f 635/306/905 981/778/906 633/304/826
f 197/779/907 566/771/895 222/780/772
f 468/617/722 458/416/490 477/698/814
f 650/332/403 652/394/468 651/313/384
f 235/320/391 256/453/531 236/202/269
f 932/436/513 923/443/521 931/781/908
f 792/782/909 717/347/419 714/316/387
f 270/290/361 325/419/493 323/291/362
f 775/204/271 701/783/910 698/784/911
f 693/785/912 773/267/337 697/786/913
f 714/316/387 791/489/567 792/782/909
f 343/342/414 278/787/914 243/687/805
f 776/173/240 703/638/749 700/569/668
f 724/614/718 801/788/915 727/789/916
f 708/790/917 783/388/462 674/791/918
f 359/792/919 360/793/920 285/794/921
f 278/787/914 257/685/803 243/687/805
f 716/348/420 717/347/419 793/268/338
f 793/268/338 719/795/922 716/348/420
f 704/297/368 705/796/923 779/295/366
f 720/797/924 721/798/925 797/251/319
f 709/296/367 782/461/539 708/790/917
f 797/251/319 725/799/926 720/797/924
f 727/789/916 802/299/370 726/800/927
f 674/791/918 784/390/464 710/635/745
f 675/634/744 786/263/331 711/450/528
f 731/801/928 706/802/929 780/758/881
f 796/803/930 722/441/518 798/804/931
f 349/604/705 287/734/853 363/235/302
f 732/203/270 692/249/317 735/440/517
f 739/262/330 736/389/463 744/460/538
f 174/805/932 172/806/933 173/335/407
f 622/156/934 645/659/771 621/744/935
f 732/203/270 805/807/936 742/171/238
f 752/431/507 839/808/937 751/170/938
f 751/170/938 750/809/939 749/168/502
f 753/430/506 381/488/566 417/592/691
f 823/308/379 834/478/556 824/688/806
f 220/777/904 219/776/903 241/810/940
f 241/810/940 240/811/941 220/777/904
f 220/777/904 240/811/941 238/672/942
f 208/767/891 168/766/890 301/590/943
f 301/590/943 304/566/663 208/767/891
f 208/767/891 304/566/663 303/565/662
f 303/565/662 309/768/892 208/767/891
f 167/765/889 302/396/944 301/590/943
f 301/590/943 168/766/890 167/765/889
f 311/812/945 567/275/612 296/813/946
f 652/394/468 587/752/947 651/313/948
f 178/602/702 220/777/904 238/672/942
f 238/672/942 237/319/703 178/602/702
f 414/649/761 321/814/949 248/815/950
f 741/816/951 774/817/952 772/818/953
f 340/819/954 341/541/630 278/787/914
f 679/318/389 715/820/955 714/316/387
f 784/390/464 736/389/463 785/261/329
f 206/467/802 175/821/956 207/465/606
f 683/703/819 719/795/922 796/803/930
f 363/235/302 348/237/304 349/604/705
f 648/679/795 721/798/925 684/822/957
f 725/799/926 800/398/472 724/614/718
f 354/823/958 282/351/423 352/824/959
f 359/792/919 264/673/788 420/825/960
f 420/825/960 361/826/961 359/792/919
f 710/635/745 785/261/329 675/634/744
f 369/246/314 292/827/962 368/583/682
f 689/828/963 728/829/964 690/830/965
f 268/427/501 265/831/966 246/425/499
f 726/800/927 803/301/372 728/829/964
f 325/419/493 270/290/361 322/648/760
f 316/449/527 317/832/967 267/448/526
f 321/814/949 269/695/811 319/833/968
f 666/834/969 699/835/970 698/784/911
f 662/836/971 697/786/913 663/220/287
f 716/348/420 682/736/855 681/346/418
f 796/803/930 719/795/922 794/837/972
f 647/759/882 705/796/923 670/681/797
f 687/615/719 727/789/916 688/838/973
f 332/413/487 329/540/629 331/517/601
f 672/504/585 708/790/917 673/612/716
f 720/797/924 686/613/717 685/839/974
f 685/839/974 721/798/925 720/797/924
f 837/680/796 331/517/601 251/840/975
f 314/841/976 361/826/961 268/427/501
f 369/246/314 363/235/302 351/447/525
f 412/842/977 318/843/978 316/449/527
f 728/829/964 695/406/480 771/538/627
f 351/447/525 287/734/853 283/844/979
f 328/552/644 286/618/723 362/403/477
f 794/837/972 795/439/516 796/803/930
f 365/298/369 317/832/967 269/695/811
f 730/270/340 794/837/972 793/268/338
f 778/639/750 742/171/238 805/807/936
f 778/639/750 805/807/936 706/802/929
f 779/295/366 743/845/980 744/460/538
f 734/293/364 733/269/339 792/782/909
f 787/371/445 737/294/365 788/507/588
f 700/569/668 669/846/981 668/658/770
f 333/847/982 367/402/476 272/412/486
f 800/398/472 692/249/317 801/788/915
f 644/660/772 818/529/618 813/166/233
f 918/399/473 929/401/475 941/657/769
f 829/165/983 824/688/806 819/745/865
f 836/410/484 855/409/483 842/848/984
f 242/686/804 258/849/985 243/687/805
f 825/653/765 636/501/582 637/607/708
f 623/577/676 601/576/675 816/151/218
f 925/191/258 934/675/790 915/561/657
f 427/155/222 195/209/276 194/756/879
f 411/850/986 245/851/987 246/425/499
f 175/821/956 570/684/801 371/852/988
f 386/853/989 370/854/990 171/855/991
f 462/856/992 446/372/446 471/510/592
f 370/854/990 192/661/773 191/663/775
f 371/852/988 386/853/989 171/855/991
f 827/575/993 636/501/582 826/503/584
f 388/457/535 428/456/534 410/631/740
f 620/158/225 636/501/582 828/857/994
f 187/858/995 405/859/996 404/432/509
f 833/709/845 599/725/844 832/152/997
f 832/152/219 816/151/218 833/709/825
f 917/860/998 928/861/999 939/462/540
f 441/862/1000 410/631/740 426/863/1001
f 262/678/794 385/704/820 648/679/795
f 469/864/1002 431/865/1003 462/856/992
f 664/222/289 248/815/950 413/866/1004
f 922/492/570 930/491/569 899/238/305
f 605/697/813 847/392/466 841/588/687
f 864/230/297 846/867/1005 877/729/849
f 891/508/589 907/224/294 908/868/1006
f 443/354/426 422/869/1007 431/865/1003
f 842/848/984 875/870/1008 876/730/848
f 861/532/621 840/871/1009 869/587/686
f 457/500/581 424/872/1010 444/352/424
f 893/557/651 911/215/1011 894/564/661
f 843/391/465 835/393/467 844/873/1012
f 587/752/947 768/874/1013 586/205/272
f 846/867/1005 856/363/435 834/478/556
f 863/445/523 873/701/817 874/875/1014
f 862/310/381 852/514/596 817/876/1015
f 661/877/1016 693/785/912 662/836/971
f 871/531/620 872/878/1017 862/310/381
f 696/221/288 665/879/1018 664/222/289
f 509/535/624 525/521/605 508/880/1019
f 889/601/701 875/870/1008 874/875/1014
f 465/474/552 451/482/560 450/483/561
f 496/228/1020 502/696/812 497/881/1021
f 469/864/1002 479/882/1022 470/883/1023
f 906/225/292 926/884/1024 927/223/290
f 498/652/764 496/228/1020 497/881/1021
f 470/883/1023 507/885/1025 477/698/814
f 462/856/992 483/556/1026 480/595/1027
f 462/856/992 478/536/1028 469/864/1002
f 474/289/360 492/886/1029 465/474/552
f 473/476/554 488/484/562 464/486/564
f 904/281/1030 888/702/818 887/887/1031
f 505/232/299 507/885/1032 508/880/1019
f 886/550/642 904/281/1030 887/887/1031
f 889/601/701 905/280/1033 906/225/700
f 898/240/307 921/621/726 899/238/305
f 916/279/350 915/561/657 935/888/1034
f 485/555/647 490/889/1035 520/699/1036
f 517/385/459 481/597/696 512/512/594
f 508/880/1019 516/358/430 505/232/299
f 515/469/547 498/652/764 497/881/1021
f 543/580/1037 549/890/1038 544/891/1039
f 947/892/1040 945/893/1041 946/490/1042
f 931/781/908 951/894/1043 932/436/513
f 940/464/542 969/895/1044 941/657/769
f 548/542/1045 546/579/731 547/345/1046
f 545/896/1047 543/580/1037 544/891/1039
f 941/657/769 970/377/1048 942/897/1049
f 934/675/790 957/898/1050 935/888/1034
f 552/424/498 553/344/1051 554/563/659
f 554/563/659 527/386/1052 531/542/633
f 942/897/1049 973/899/1053 943/620/725
f 971/378/452 969/895/859 968/900/1054
f 979/901/1055 955/902/1056 956/676/791
f 512/512/594 532/903/1057 528/737/1058
f 965/548/1059 963/904/1060 964/905/1061
f 968/900/1054 966/463/1062 967/906/1063
f 952/907/1064 950/908/1065 949/909/1066
f 518/387/461 553/344/1067 525/521/605
f 521/699/815 537/910/1068 514/700/816
f 979/901/1055 958/902/1069 957/898/1070
f 533/219/1071 556/911/1072 534/740/1073
f 973/899/1053 944/741/861 943/620/725
f 510/574/673 539/218/1074 521/699/815
f 946/490/1042 975/912/1075 947/892/1040
f 972/376/450 974/377/1076 973/899/1077
f 953/677/793 951/894/1078 952/907/1064
f 977/913/1079 978/562/658 971/378/452
f 976/914/1080 959/915/1081 979/901/1055
f 959/915/1081 963/904/1060 960/624/730
f 558/423/497 549/890/1038 548/542/1045
f 545/896/1047 559/739/858 541/740/860
f 949/909/1066 976/914/1080 952/907/1064
f 529/738/857 555/916/1082 530/543/635
f 967/906/1063 971/378/452 968/900/1054
f 556/911/1072 535/917/1083 534/740/1073
f 964/905/1061 977/913/1079 967/906/1063
f 953/677/793 976/914/1080 956/676/791
f 615/708/824 814/918/1084 624/724/884
f 306/655/768 374/919/1085 373/656/230
f 631/711/828 815/665/779 632/196/1086
f 632/196/1086 807/667/781 619/194/1087
f 434/520/604 427/155/222 568/199/266
f 757/164/231 612/920/1085 635/306/905
f 643/150/1088 831/493/572 641/706/1089
f 923/443/521 930/491/569 931/781/908
f 176/276/346 567/275/345 310/522/607
f 852/514/596 845/921/1090 817/876/1015
f 668/658/770 701/783/910 700/569/668
f 625/286/1091 608/645/757 984/922/1092
f 629/599/698 812/747/868 985/713/830
f 194/756/879 211/186/1093 166/670/784
f 227/629/738 311/812/945 296/813/946
f 986/746/866 382/732/851 755/487/565
f 755/487/565 820/640/751 986/746/866
f 429/664/778 454/923/1094 439/728/848
f 978/562/658 977/913/1079 959/915/1081
f 477/698/814 461/417/491 470/883/1023
f 514/700/816 520/699/1036 489/568/665
f 177/924/1095 201/636/747 213/185/252
f 768/874/1013 634/305/376 630/206/273
f 213/185/252 178/602/702 217/925/1096
f 169/926/1097 370/854/990 191/663/775
f 170/927/1098 371/852/988 171/855/991
f 650/332/403 649/331/402 710/635/745
f 173/335/407 176/276/346 174/805/932
f 739/262/330 744/460/538 805/807/936
f 201/636/747 177/924/1095 165/928/1099
f 580/284/355 581/753/875 582/282/353
f 213/185/252 217/925/1096 177/924/1095
f 210/929/1100 205/764/888 204/466/544
f 595/694/807 611/693/808 982/930/1101
f 184/931/1102 182/712/829 181/650/762
f 185/769/1103 183/932/1104 184/931/1102
f 309/768/1105 374/919/1085 185/769/1103
f 669/846/981 731/801/928 729/757/880
f 887/887/1031 873/701/817 872/878/1017
f 814/918/1084 603/933/1106 809/934/1107
f 980/710/827 611/693/808 592/627/735
f 389/524/1108 225/545/637 179/210/574
f 198/336/1109 197/779/907 160/414/1110
f 624/724/842 617/723/841 615/708/843
f 451/482/560 459/671/785 435/496/577
f 683/703/819 798/804/931 648/679/795
f 165/928/1099 169/926/1111 196/668/1112
f 285/794/921 358/935/1113 359/792/919
f 180/208/576 202/495/575 181/650/1114
f 203/506/587 200/546/638 164/181/867
f 184/931/1115 205/764/888 185/769/893
f 626/773/898 760/936/1116 761/937/1117
f 761/937/1117 583/169/236 626/773/898
f 626/773/898 596/692/900 598/938/1118
f 598/938/1118 760/936/1116 626/773/898
f 209/523/1119 210/929/1100 207/465/543
f 165/928/1099 170/927/1120 169/926/1111
f 177/924/1095 172/806/1121 170/927/1120
f 216/603/704 214/939/1122 215/775/902
f 312/274/631 217/925/1096 218/940/1123
f 626/773/898 583/169/236 582/282/353
f 634/305/376 590/407/481 589/941/1124
f 634/305/376 589/941/1124 757/164/1125
f 757/164/1125 635/306/377 634/305/376
f 294/718/836 357/253/321 285/794/921
f 223/182/1126 222/780/772 189/770/894
f 621/744/935 645/659/771 819/745/1127
f 510/574/673 494/609/713 493/722/840
f 292/827/962 369/246/314 295/260/328
f 689/828/963 690/830/965 420/825/960
f 673/612/716 674/791/918 649/331/402
f 255/201/268 235/320/391 236/202/269
f 254/942/1128 231/256/324 232/188/255
f 230/257/325 229/943/1129 296/813/946
f 653/176/243 675/634/744 711/450/528
f 244/944/1130 242/686/804 241/810/940
f 677/945/1131 656/946/1132 712/947/1133
f 405/859/996 196/668/1112 406/762/886
f 656/946/1132 676/451/529 712/947/1133
f 676/451/529 653/176/243 711/450/528
f 658/421/495 677/945/1131 713/727/847
f 166/670/784 427/155/222 194/756/879
f 322/648/760 320/468/546 321/814/949
f 677/945/1131 790/384/458 713/727/847
f 362/403/477 327/581/680 328/552/644
f 273/518/602 329/540/629 330/404/478
f 283/844/979 281/585/684 351/447/525
f 275/190/257 254/942/1128 232/188/255
f 631/711/897 634/305/376 633/304/375
f 236/202/269 339/948/1134 276/200/267
f 697/786/913 772/818/953 696/221/288
f 790/384/458 715/820/955 713/727/847
f 269/695/811 318/843/978 319/833/968
f 694/539/628 770/265/335 693/785/912
f 274/258/326 334/411/485 335/593/692
f 807/667/781 605/697/813 806/949/1135
f 703/638/749 778/639/750 731/801/928
f 330/404/478 286/618/723 273/518/602
f 369/246/314 364/472/550 365/298/369
f 732/203/270 741/816/951 740/266/336
f 585/207/711 609/714/831 586/205/872
f 575/527/615 646/625/733 576/528/616
f 369/246/314 365/298/369 366/582/681
f 291/350/422 266/254/322 294/718/836
f 729/757/880 378/716/834 250/717/835
f 568/199/266 428/456/534 429/664/778
f 298/245/313 227/629/738 297/243/311
f 485/555/647 520/699/1036 513/217/284
f 656/946/1136 657/705/821 589/941/1124
f 589/941/1124 657/705/821 659/162/229
f 659/162/229 757/164/1125 589/941/1124
f 303/565/662 373/656/230 309/768/1105
f 760/936/1116 598/938/1118 755/487/1137
f 755/487/1137 754/429/1138 760/936/1116
f 760/936/1116 754/429/1138 752/431/1139
f 752/431/1139 761/937/1117 760/936/1116
f 583/169/236 761/937/1117 752/431/1139
f 752/431/1139 751/170/237 583/169/236
f 167/765/889 300/244/1140 299/397/1141
f 300/244/1140 209/523/1119 298/245/1142
f 298/245/313 310/522/1143 311/812/945
f 233/255/323 178/602/702 234/321/392
f 590/407/481 655/177/1144 656/946/1136
f 656/946/1136 589/941/1124 590/407/481
f 316/449/527 245/851/987 412/842/977
f 411/850/986 694/539/628 661/877/1016
f 772/818/953 699/835/970 696/221/288
f 676/451/529 788/507/588 712/947/1133
f 698/784/911 774/817/952 775/204/271
f 690/830/965 771/538/627 411/850/986
f 248/815/950 319/833/968 413/866/1004
f 260/646/758 347/606/707 384/647/759
f 335/593/692 253/611/715 415/610/714
f 688/838/973 726/800/927 689/828/963
f 253/611/715 332/413/487 837/680/796
f 415/610/714 254/942/1128 335/593/692
f 259/707/823 344/341/413 383/733/852
f 712/947/1133 789/383/457 677/945/1131
f 383/733/852 343/342/414 258/849/985
f 319/833/968 247/950/1145 413/866/1004
f 268/427/501 313/473/551 314/841/976
f 698/784/911 667/951/1146 666/834/969
f 290/719/837 360/793/920 314/841/976
f 287/734/853 349/604/705 260/646/758
f 985/713/830 627/763/1147 629/599/698
f 262/678/794 281/585/684 283/844/979
f 284/252/320 354/823/958 355/364/436
f 355/364/436 263/743/863 419/674/789
f 263/743/863 352/824/959 418/584/683
f 181/650/1114 205/764/888 184/931/1115
f 671/505/586 705/796/923 704/297/368
f 419/674/789 358/935/1113 355/364/436
f 828/857/1148 645/659/771 620/158/1149
f 283/844/979 287/734/853 262/678/794
f 293/247/315 339/948/1134 277/452/530
f 327/581/680 367/402/476 366/582/681
f 295/260/328 333/847/982 274/258/326
f 292/827/962 337/259/327 275/190/257
f 348/237/304 288/236/303 280/605/706
f 266/254/322 353/349/421 284/252/320
f 374/919/1085 565/689/807 186/691/809
f 376/380/454 436/511/593 568/199/266
f 764/598/1150 766/314/1151 767/751/873
f 821/750/871 814/918/1084 604/952/1152
f 393/183/250 387/755/878 390/212/279
f 983/315/386 766/314/385 765/242/310
f 942/897/1049 943/620/725 920/214/281
f 673/612/716 745/241/309 227/629/738
f 572/632/741 197/779/907 222/780/772
f 756/567/664 381/488/566 755/487/565
f 467/278/349 454/923/1094 453/481/559
f 662/836/971 663/220/287 412/842/977
f 612/920/1085 595/694/807 982/930/1101
f 163/337/409 162/525/610 372/198/265
f 808/761/885 984/922/1092 810/644/756
f 603/933/1106 808/761/885 809/934/1107
f 441/862/1000 388/457/535 410/631/740
f 846/867/1005 836/410/484 842/848/984
f 391/322/1153 390/212/279 188/211/278
f 241/810/940 308/654/767 307/683/799
f 198/336/1154 398/415/489 161/526/1155
f 161/526/1155 399/953/1156 389/524/1108
f 402/954/1157 187/858/995 401/772/1158
f 401/772/1158 187/858/995 189/770/1159
f 801/788/915 691/300/371 802/299/370
f 402/954/1160 407/955/1161 403/355/427
f 883/366/439 866/748/869 882/333/405
f 646/625/1162 581/753/875 637/607/708
f 307/683/799 308/654/767 228/682/798
f 408/720/1163 566/771/895 199/338/1127
f 438/558/652 376/380/454 568/199/266
f 883/366/439 901/192/1164 884/373/447
f 841/588/687 866/748/869 868/589/688
f 848/956/1165 847/392/466 843/391/465
f 865/760/883 844/873/1012 822/715/832
f 865/760/883 857/477/555 858/362/434
f 863/445/523 855/409/483 854/408/482
f 442/499/580 425/957/1166 457/500/581
f 874/875/1014 875/870/1008 863/445/523
f 877/729/849 842/848/984 876/730/848
f 482/537/626 480/595/694 481/597/696
f 865/760/883 858/362/434 879/229/296
f 848/956/1165 881/958/1167 860/742/862
f 422/869/1007 446/372/446 431/865/1003
f 924/193/260 900/367/519 923/443/521
f 929/401/475 908/868/1168 917/860/998
f 442/499/580 441/862/1000 426/863/1001
f 843/391/465 859/959/1169 848/956/1165
f 453/481/559 454/923/1094 440/455/533
f 862/310/381 851/312/383 871/531/620
f 423/153/220 447/960/1170 432/328/399
f 459/671/785 448/329/400 435/496/577
f 880/619/724 881/958/1167 865/760/883
f 872/878/1017 873/701/817 862/310/381
f 926/884/1024 916/279/350 935/888/1034
f 468/617/722 456/480/558 460/544/636
f 896/369/443 880/619/724 895/370/444
f 886/550/642 870/533/622 885/375/449
f 497/881/1021 523/961/1171 515/469/547
f 563/643/735 214/939/1172 212/187/753
f 508/880/1019 479/882/1173 509/535/624
f 484/361/649 490/889/1035 485/555/647
f 501/273/343 499/227/1174 500/271/341
f 494/609/713 492/886/1175 493/722/840
f 860/742/862 866/748/869 848/956/1165
f 908/868/1168 928/861/999 917/860/998
f 493/722/840 495/288/1176 498/652/764
f 915/561/657 902/374/1177 925/191/258
f 735/440/517 739/262/330 732/203/270
f 481/597/696 486/596/695 519/572/671
f 767/751/873 812/747/868 764/598/1150
f 196/668/782 409/962/1178 406/762/1179
f 923/443/521 914/442/520 930/491/569
f 467/278/349 456/480/558 476/616/721
f 465/474/552 452/559/653 474/289/360
f 461/417/491 469/864/1002 470/883/1023
f 439/728/848 475/277/348 466/226/293
f 939/462/540 928/861/999 938/326/397
f 937/327/398 928/861/999 927/223/290
f 516/358/430 506/272/342 505/232/299
f 534/740/1073 532/903/1180 533/219/1071
f 528/737/856 535/917/1083 529/738/857
f 931/781/908 945/893/1181 950/908/1182
f 967/906/1063 965/548/1059 964/905/1061
f 547/345/417 523/961/1171 511/343/415
f 537/910/1068 520/699/1036 514/700/816
f 538/963/1183 539/218/1184 559/739/858
f 933/438/515 955/902/1185 934/675/790
f 950/908/1065 948/964/1186 949/909/1066
f 541/740/860 542/470/1187 545/896/1047
f 922/492/570 974/377/1188 946/490/568
f 547/345/1046 558/423/497 548/542/1045
f 538/963/1183 536/218/1189 537/910/1190
f 957/898/1050 936/721/839 935/888/1034
f 552/424/498 550/344/1191 551/356/1192
f 961/325/732 959/915/1081 960/624/730
f 937/327/398 958/902/1193 961/325/396
f 560/422/496 555/916/1082 556/911/1072
f 560/422/496 557/965/1194 558/423/497
f 746/161/308 764/598/1195 763/159/1196
f 827/575/1197 644/660/772 828/857/1148
f 544/891/1039 557/965/1194 545/896/1047
f 530/543/635 555/916/1082 531/542/633
f 949/909/1066 947/892/1040 976/914/1080
f 978/562/658 975/912/1075 972/376/450
f 952/907/1064 976/914/1080 953/677/793
f 554/563/659 560/422/496 552/424/498
f 578/287/1198 607/966/1199 603/933/1106
f 215/775/1200 564/690/808 565/689/807
f 402/954/1201 566/771/895 408/720/1163
f 307/683/799 244/944/1130 241/810/940
f 887/887/1031 871/531/620 886/550/642
f 174/805/932 571/731/850 175/821/956
f 371/852/988 174/805/932 175/821/956
f 592/627/735 610/754/877 980/710/827
f 758/163/230 597/641/752 612/920/1085
f 164/181/248 569/967/1202 203/506/800
f 250/717/835 326/554/646 377/418/492
f 197/779/907 397/324/1203 160/414/1110
f 391/322/1204 572/632/741 392/633/743
f 311/812/945 227/629/738 298/245/313
f 382/732/851 986/746/866 759/175/242
f 294/718/836 369/246/314 291/350/422
f 387/755/878 159/179/246 395/213/280
f 420/825/960 688/838/973 689/828/963
f 643/150/217 642/530/776 816/151/218
f 622/156/223 576/528/1205 638/157/224
f 763/159/226 762/774/901 748/160/227
f 292/827/962 295/260/328 337/259/327
f 659/162/229 759/175/242 758/163/230
f 829/165/232 819/745/1127 813/166/233
f 218/940/1123 217/925/1096 178/602/702
f 600/623/728 601/576/675 613/502/729
f 660/174/241 382/732/851 759/175/242
f 159/179/246 387/755/878 190/180/247
f 262/678/794 287/734/853 385/704/820
f 223/182/249 221/433/1206 393/183/250
f 213/185/252 201/636/747 211/186/253
f 232/188/255 255/201/268 338/189/256
f 925/191/258 902/374/1177 901/192/259
f 619/194/261 579/735/854 588/195/262
f 276/200/267 338/189/256 255/201/268
f 586/205/272 768/874/1013 630/206/273
f 330/404/478 329/540/629 367/402/476
f 180/208/275 193/651/763 195/209/276
f 920/214/281 912/368/655 911/215/282
f 513/217/284 520/699/1036 536/218/285
f 663/220/287 697/786/913 696/221/288
f 927/223/290 928/861/999 907/224/291
f 466/226/293 475/277/348 499/227/294
f 879/229/296 858/362/434 864/230/297
f 407/955/1161 372/198/265 403/355/427
f 505/232/299 506/272/342 503/233/300
f 207/465/606 175/821/956 571/731/850
f 363/235/302 369/246/314 288/236/303
f 899/238/305 914/442/520 897/239/306
f 746/161/308 747/519/603 745/241/309
f 297/243/311 379/458/536 300/244/312
f 369/246/314 368/583/682 293/247/315
f 285/794/921 360/793/920 294/718/836
f 785/261/329 736/389/463 739/262/330
f 779/295/366 707/968/1207 743/845/980
f 500/271/341 503/233/300 506/272/342
f 500/271/347 499/227/294 475/277/348
f 916/279/350 926/884/1024 905/280/351
f 595/694/807 597/641/752 596/692/810
f 442/499/580 456/480/558 455/551/643
f 577/285/356 580/284/355 625/286/357
f 161/526/611 162/525/610 163/337/409
f 466/226/293 496/228/295 495/288/359
f 779/295/366 781/459/537 709/296/367
f 738/340/412 723/969/1208 722/441/518
f 862/310/381 817/876/1015 850/311/382
f 651/313/384 587/752/1209 766/314/385
f 714/316/387 717/347/419 680/317/388
f 826/503/1210 613/502/729 601/576/675
f 391/322/393 188/211/334 396/323/394
f 252/516/600 286/618/723 378/716/834
f 961/325/396 962/547/639 938/326/397
f 432/328/399 447/960/1170 448/329/400
f 898/240/404 897/239/440 882/333/405
f 198/336/408 161/526/611 163/337/409
f 769/339/411 804/405/479 740/266/336
f 344/341/413 279/302/373 342/303/374
f 511/343/415 524/357/429 550/344/416
f 681/346/418 680/317/388 717/347/419
f 353/349/421 266/254/322 291/350/422
f 444/352/424 424/872/1010 430/353/425
f 551/356/428 550/344/416 524/357/429
f 463/359/431 472/485/563 487/360/432
f 858/362/434 857/477/555 856/363/435
f 355/364/436 358/935/1113 356/365/437
f 467/278/349 476/616/721 503/233/438
f 773/267/337 740/266/336 741/816/951
f 883/366/439 882/333/405 897/239/440
f 915/561/657 934/675/790 935/888/1034
f 912/368/442 913/560/660 896/369/443
f 884/373/447 901/192/1164 902/374/448
f 776/173/240 702/570/669 742/171/238
f 972/376/450 973/899/1077 970/377/451
f 449/379/453 436/511/593 376/380/454
f 267/448/526 317/832/967 364/472/550
f 517/385/459 526/513/595 527/386/460
f 783/388/462 744/460/538 736/389/463
f 416/395/469 380/591/690 302/396/470
f 918/399/473 910/497/578 909/400/474
f 284/252/320 356/365/437 357/253/321
f 743/845/980 707/968/1207 706/802/929
f 803/301/372 691/300/371 804/405/479
f 586/205/872 609/714/831 767/751/873
f 590/407/481 768/874/1013 652/394/468
f 334/411/485 333/847/982 272/412/486
f 160/414/488 397/324/395 396/323/394
f 458/416/490 457/500/581 444/352/424
f 377/418/492 326/554/646 325/419/493
f 658/421/495 678/726/846 660/174/241
f 288/236/303 345/498/579 280/605/706
f 210/929/1100 167/765/889 205/764/888
f 246/425/499 245/851/987 315/426/500
f 749/168/502 750/809/939 838/428/503
f 754/429/505 381/488/566 753/430/506
f 223/182/508 189/770/1159 404/432/509
f 582/282/353 581/753/875 591/434/511
f 932/436/513 951/894/1043 954/437/514
f 900/367/519 897/239/306 914/442/520
f 854/408/482 852/514/596 853/444/522
f 432/328/399 446/372/446 421/154/221
f 351/447/525 350/382/456 291/350/422
f 267/448/526 313/473/551 315/426/500
f 711/450/528 786/263/331 787/371/445
f 277/452/530 339/948/1134 256/453/531
f 440/455/533 454/923/1094 428/456/534
f 299/397/471 300/244/312 379/458/536
f 939/462/540 965/548/640 966/463/541
f 207/465/543 210/929/1100 204/466/544
f 515/469/547 543/580/679 542/470/548
f 640/309/380 823/308/379 824/688/806
f 461/417/491 444/352/424 443/354/426
f 364/472/550 290/719/837 313/473/551
f 465/474/552 492/886/1029 491/475/553
f 276/200/267 339/948/1134 368/583/682
f 440/455/533 455/551/643 456/480/558
f 451/482/560 449/379/453 437/381/455
f 488/484/562 487/360/432 472/485/563
f 737/294/365 734/293/364 791/489/567
f 946/490/568 945/893/1181 930/491/569
f 271/553/645 366/582/681 324/292/363
f 830/167/571 641/706/1089 831/493/572
f 179/210/574 225/545/637 202/495/575
f 326/554/646 271/553/645 325/419/493
f 919/216/283 911/215/282 910/497/578
f 565/689/807 306/655/768 215/775/1200
f 704/297/368 709/296/367 672/504/585
f 891/508/589 908/868/1006 909/400/590
f 484/361/433 483/556/1026 471/510/592
f 435/496/577 434/520/604 436/511/593
f 512/512/594 528/737/1058 526/513/595
f 340/819/954 278/787/914 342/303/374
f 640/309/597 639/494/573 618/515/598
f 775/204/271 774/817/952 732/203/270
f 741/816/951 772/818/953 773/267/337
f 252/516/600 251/840/975 331/517/601
f 748/160/504 838/428/503 747/519/603
f 435/496/577 447/960/1170 433/479/557
f 525/521/605 553/344/1067 551/356/428
f 207/465/606 571/731/850 310/522/607
f 629/599/1211 627/763/887 628/283/354
f 230/257/325 296/813/946 567/275/612
f 433/479/557 427/155/222 434/520/604
f 427/155/222 421/154/221 422/869/1007
f 622/156/614 621/744/864 575/527/615
f 306/655/768 308/654/767 219/776/1212
f 643/150/617 641/706/822 818/529/618
f 871/531/620 851/312/383 861/532/621
f 851/312/383 850/311/382 849/534/623
f 185/769/1103 374/919/1085 186/691/809
f 748/160/227 762/774/901 583/169/236
f 509/535/624 479/882/1173 478/536/625
f 771/538/627 695/406/480 769/339/411
f 239/454/532 257/685/803 341/541/630
f 312/274/631 218/940/1123 233/255/323
f 531/542/633 527/386/1052 526/513/634
f 204/466/544 202/495/575 225/545/637
f 939/462/540 938/326/397 962/547/639
f 885/375/449 902/374/448 903/549/641
f 388/457/535 441/862/1000 455/551/643
f 328/552/644 327/581/680 271/553/645
f 485/555/647 486/596/695 483/556/648
f 892/509/591 909/400/590 910/497/650
f 437/381/455 376/380/454 438/558/652
f 920/214/281 921/621/726 913/560/654
f 916/279/350 904/281/352 903/549/656
f 531/542/633 555/916/1082 560/422/496
f 426/863/1001 573/630/739 425/957/1166
f 867/334/406 896/369/443 913/560/660
f 706/802/929 805/807/936 743/845/980
f 894/564/661 911/215/1011 912/368/442
f 342/303/374 289/248/316 340/819/954
f 489/568/665 490/889/1035 487/360/666
f 700/569/668 701/783/910 702/570/669
f 756/567/664 382/732/851 305/571/670
f 533/219/286 532/903/1057 519/572/671
f 522/471/549 542/470/548 540/573/672
f 827/575/674 826/503/1210 601/576/675
f 404/432/509 405/859/996 406/762/886
f 515/469/547 523/961/1171 546/579/678
f 368/583/682 292/827/962 338/189/256
f 418/584/683 352/824/959 281/585/684
f 869/587/686 840/871/1009 841/588/687
f 576/528/1205 646/625/1162 637/607/708
f 301/590/689 302/396/470 380/591/690
f 335/593/692 254/942/1128 336/594/693
f 173/335/1213 172/806/1121 217/925/1096
f 480/595/694 483/556/648 486/596/695
f 616/307/378 836/410/484 823/308/379
f 764/598/697 812/747/868 629/599/698
f 906/225/700 907/224/294 890/600/348
f 445/330/401 448/329/400 472/485/563
f 162/525/610 568/199/266 372/198/265
f 274/258/326 336/594/693 337/259/327
f 349/604/705 348/237/304 280/605/706
f 584/578/709 810/644/756 811/608/710
f 489/568/665 488/484/667 491/475/712
f 792/782/909 791/489/567 734/293/364
f 384/647/759 680/317/388 681/346/418
f 686/613/717 725/799/926 724/614/718
f 285/794/921 357/253/321 356/365/437
f 504/234/720 503/233/438 476/616/721
f 880/619/724 879/229/296 894/564/661
f 806/949/1135 845/921/1090 619/194/1087
f 943/620/725 944/741/861 921/621/726
f 618/515/598 599/725/844 617/723/841
f 417/592/691 839/808/937 753/430/506
f 816/151/218 601/576/675 600/623/728
f 574/622/727 821/750/871 600/623/728
f 960/624/730 963/904/1060 962/547/731
f 191/663/775 561/662/774 169/926/1097
f 592/627/735 611/693/808 594/628/736
f 389/524/609 179/210/277 573/630/739
f 798/804/931 722/441/518 721/798/925
f 203/506/800 569/967/1202 386/853/989
f 572/632/741 222/780/772 224/184/742
f 420/825/960 690/830/965 265/831/966
f 933/438/515 925/191/258 924/193/260
f 675/634/744 652/394/468 650/332/403
f 400/197/746 166/670/1214 201/636/747
f 862/310/381 873/701/817 853/444/522
f 263/743/863 686/613/717 687/615/719
f 212/187/753 211/186/1093 562/642/754
f 810/644/756 984/922/1092 608/645/757
f 249/420/494 325/419/493 322/648/760
f 181/650/762 182/712/829 193/651/763
f 471/510/592 446/372/446 445/330/401
f 825/653/765 577/285/356 574/622/766
f 519/572/671 486/596/695 485/555/647
f 244/944/1130 305/571/670 383/733/852
f 673/612/716 253/611/715 672/504/585
f 192/661/773 190/180/247 561/662/774
f 815/665/779 610/754/877 606/666/780
f 616/307/378 619/194/1087 845/921/1090
f 857/477/555 835/393/467 834/478/556
f 196/668/782 169/926/1097 561/662/774
f 164/181/248 190/180/247 192/661/773
f 400/197/264 568/199/266 427/155/222
f 464/486/564 472/485/563 448/329/400
f 159/179/786 200/546/638 394/264/333
f 182/712/829 562/642/754 193/651/763
f 256/453/531 237/319/390 238/672/787
f 231/256/324 233/255/323 255/201/268
f 681/346/418 682/736/855 260/646/758
f 956/676/791 955/902/1056 954/437/792
f 424/872/1010 425/957/1166 573/630/739
f 251/840/975 647/759/882 670/681/797
f 203/506/800 386/853/989 570/684/801
f 257/685/803 240/811/941 242/686/804
f 616/307/378 845/921/1090 836/410/484
f 660/174/241 678/726/846 679/318/389
f 263/743/863 685/839/974 686/613/717
f 596/692/810 594/628/736 611/693/808
f 324/292/363 323/291/362 271/553/645
f 380/591/690 750/809/939 839/808/937
f 647/759/882 378/716/834 729/757/880
f 747/519/603 227/629/738 745/241/309
f 251/840/975 670/681/797 837/680/796
f 941/657/769 942/897/1049 919/216/283
f 477/698/814 507/885/1025 504/234/720
f 889/601/701 874/875/1014 873/701/817
f 813/166/233 818/529/618 641/706/822
f 384/647/759 347/606/707 346/446/524
f 766/314/385 764/598/1195 765/242/310
f 747/519/603 838/428/503 379/458/536
f 816/151/218 604/952/1152 615/708/824
f 633/304/826 981/778/906 980/710/827
f 884/373/447 869/587/686 868/589/688
f 829/165/833 830/167/571 639/494/573
f 598/938/1215 596/692/810 597/641/752
f 415/610/714 229/943/1129 254/942/1128
f 756/567/664 755/487/565 382/732/851
f 165/928/1099 226/637/748 201/636/747
f 163/337/409 407/955/1161 408/720/838
f 481/597/696 517/385/459 482/537/626
f 927/223/290 926/884/1024 936/721/839
f 289/248/316 293/247/315 340/819/954
f 812/747/868 767/751/873 609/714/831
f 383/733/852 680/317/388 259/707/823
f 618/515/598 579/735/854 619/194/261
f 584/578/677 630/206/273 617/723/841
f 238/672/787 240/811/941 257/685/803
f 739/262/330 730/270/340 737/294/365
f 615/708/843 617/723/841 599/725/844
f 687/615/719 688/838/973 264/673/788
f 452/559/653 438/558/652 429/664/778
f 566/771/895 197/779/907 199/338/1127
f 893/557/651 878/231/298 877/729/849
f 876/730/848 875/870/1008 890/600/348
f 564/690/808 183/932/1104 186/691/809
f 666/834/969 248/815/950 665/879/1018
f 891/508/589 892/509/591 877/729/849
f 409/962/1178 393/183/250 406/762/1179
f 489/568/665 494/609/713 521/699/815
f 834/478/556 835/393/467 646/625/733
f 179/210/277 195/209/276 573/630/739
f 466/226/293 474/289/360 452/559/653
f 530/543/635 526/513/634 528/737/856
f 559/739/858 539/218/1184 540/573/859
f 835/393/467 847/392/466 605/697/813
f 885/375/449 870/533/622 869/587/686
f 860/742/862 881/958/1167 896/369/443
f 250/717/835 669/846/981 729/757/880
f 824/688/806 575/527/615 621/744/864
f 511/343/415 501/273/343 506/272/342
f 464/486/564 459/671/785 451/482/560
f 893/557/651 894/564/661 879/229/296
f 867/334/406 882/333/405 866/748/869
f 574/622/727 578/287/1198 602/749/870
f 603/933/1106 602/749/870 578/287/1198
f 619/194/1087 807/667/781 806/949/1135
f 630/206/273 588/195/262 579/735/854
f 584/578/709 808/761/885 810/644/756
f 204/466/544 205/764/888 202/495/575
f 768/874/1013 590/407/481 634/305/376
f 606/666/780 610/754/877 591/434/876
f 593/435/737 591/434/876 610/754/877
f 182/712/829 563/643/735 562/642/754
f 182/712/829 183/932/1104 564/690/808
f 639/494/573 599/725/844 618/515/598
f 561/662/774 190/180/247 387/755/878
f 195/209/276 193/651/763 562/642/754
f 422/869/1007 573/630/739 427/155/222
f 577/285/356 637/607/708 581/753/875
f 729/757/880 731/801/928 780/758/881
f 624/724/884 809/934/1107 808/761/885
f 614/626/1216 591/434/511 581/753/875
f 580/284/355 628/283/354 627/763/887
f 762/774/901 628/283/354 583/169/236
f 189/770/894 222/780/772 566/771/895
f 626/773/898 582/282/353 594/628/899
f 763/159/226 629/599/1211 628/283/354
f 635/306/905 982/930/1101 981/778/906
f 637/607/708 638/157/224 576/528/1205
f 468/617/722 460/544/636 458/416/490
f 664/222/289 665/879/1018 248/815/950
f 235/320/391 237/319/390 256/453/531
f 383/733/852 258/849/985 244/944/1130
f 932/436/513 924/193/260 923/443/521
f 775/204/271 702/570/669 701/783/910
f 693/785/912 770/265/335 773/267/337
f 714/316/387 715/820/955 791/489/567
f 343/342/414 342/303/374 278/787/914
f 776/173/240 777/172/239 703/638/749
f 351/447/525 281/585/684 350/382/456
f 797/251/319 721/798/925 723/969/1208
f 212/187/254 214/939/1122 213/185/252
f 724/614/718 800/398/472 801/788/915
f 708/790/917 782/461/539 783/388/462
f 359/792/919 361/826/961 360/793/920
f 278/787/914 341/541/630 257/685/803
f 793/268/338 717/347/419 718/970/1217
f 793/268/338 794/837/972 719/795/922
f 723/969/1208 721/798/925 722/441/518
f 709/296/367 781/459/537 782/461/539
f 797/251/319 799/250/318 725/799/926
f 727/789/916 801/788/915 802/299/370
f 674/791/918 783/388/462 784/390/464
f 675/634/744 785/261/329 786/263/331
f 731/801/928 778/639/750 706/802/929
f 796/803/930 795/439/516 722/441/518
f 732/203/270 739/262/330 805/807/936
f 733/269/339 737/294/365 730/270/340
f 241/810/940 242/686/804 240/811/941
f 174/805/932 371/852/988 172/806/933
f 622/156/934 620/158/1149 645/659/771
f 735/440/517 692/249/317 738/340/412
f 648/679/795 684/822/957 261/586/685
f 752/431/507 753/430/506 839/808/937
f 751/170/938 839/808/937 750/809/939
f 756/567/664 304/566/663 381/488/566
f 305/571/670 382/732/851 383/733/852
f 311/812/945 310/522/1143 567/275/612
f 652/394/468 768/874/1013 587/752/947
f 654/178/245 655/177/1144 590/407/481
f 414/649/761 322/648/760 321/814/949
f 679/318/389 678/726/846 715/820/955
f 792/782/909 718/970/1217 717/347/419
f 345/498/579 346/446/524 280/605/706
f 206/467/802 570/684/801 175/821/956
f 683/703/819 682/736/855 719/795/922
f 648/679/795 798/804/931 721/798/925
f 725/799/926 799/250/318 800/398/472
f 354/823/958 353/349/421 282/351/423
f 359/792/919 358/935/1113 264/673/788
f 420/825/960 265/831/966 361/826/961
f 710/635/745 784/390/464 785/261/329
f 689/828/963 726/800/927 728/829/964
f 268/427/501 361/826/961 265/831/966
f 726/800/927 802/299/370 803/301/372
f 713/727/847 715/820/955 678/726/846
f 316/449/527 318/843/978 317/832/967
f 321/814/949 320/468/546 269/695/811
f 666/834/969 665/879/1018 699/835/970
f 793/268/338 718/970/1217 733/269/339
f 662/836/971 693/785/912 697/786/913
f 716/348/420 719/795/922 682/736/855
f 797/251/319 723/969/1208 738/340/412
f 647/759/882 780/758/881 705/796/923
f 687/615/719 724/614/718 727/789/916
f 332/413/487 272/412/486 329/540/629
f 779/295/366 705/796/923 707/968/1207
f 672/504/585 709/296/367 708/790/917
f 720/797/924 725/799/926 686/613/717
f 685/839/974 684/822/957 721/798/925
f 837/680/796 332/413/487 331/517/601
f 314/841/976 360/793/920 361/826/961
f 412/842/977 247/950/1145 318/843/978
f 728/829/964 803/301/372 695/406/480
f 351/447/525 363/235/302 287/734/853
f 365/298/369 364/472/550 317/832/967
f 314/841/976 313/473/551 290/719/837
f 849/534/623 845/921/1090 840/871/1009
f 778/639/750 777/172/239 742/171/238
f 795/439/516 730/270/340 735/440/517
f 787/371/445 739/262/330 737/294/365
f 795/439/516 794/837/972 730/270/340
f 700/569/668 703/638/749 669/846/981
f 722/441/518 735/440/517 738/340/412
f 333/847/982 295/260/328 367/402/476
f 163/337/409 372/198/265 407/955/1161
f 829/165/983 640/309/380 824/688/806
f 509/535/624 482/537/626 517/385/459
f 645/659/771 813/166/233 819/745/1127
f 980/710/827 610/754/877 815/665/779
f 811/608/710 608/645/757 609/714/831
f 648/679/795 385/704/820 683/703/819
f 427/155/222 573/630/739 195/209/276
f 386/853/989 569/967/1202 370/854/990
f 462/856/992 431/865/1003 446/372/446
f 370/854/990 569/967/1202 192/661/773
f 371/852/988 570/684/801 386/853/989
f 394/264/333 399/953/1156 398/415/489
f 636/501/582 825/653/765 613/502/583
f 639/494/573 831/493/572 599/725/844
f 827/575/993 828/857/994 636/501/582
f 620/158/225 638/157/224 636/501/582
f 832/152/997 599/725/844 831/493/572
f 187/858/995 226/637/748 405/859/996
f 409/962/1178 387/755/878 393/183/250
f 247/950/1145 664/222/289 413/866/1004
f 469/864/1002 443/354/426 431/865/1003
f 411/850/986 265/831/966 690/830/965
f 399/953/1156 200/546/638 225/545/637
f 806/949/1135 840/871/1009 845/921/1090
f 817/876/1015 845/921/1090 850/311/382
f 849/534/623 850/311/382 845/921/1090
f 864/230/297 856/363/435 846/867/1005
f 891/508/589 890/600/348 907/224/294
f 443/354/426 430/353/425 422/869/1007
f 842/848/984 855/409/483 875/870/1008
f 861/532/621 849/534/623 840/871/1009
f 457/500/581 425/957/1166 424/872/1010
f 605/697/813 841/588/687 840/871/1009
f 412/842/977 661/877/1016 662/836/971
f 893/557/651 910/497/650 911/215/1011
f 844/873/1012 835/393/467 822/715/832
f 219/776/1212 215/775/1200 306/655/768
f 863/445/523 853/444/522 873/701/817
f 862/310/381 853/444/522 852/514/596
f 435/496/577 448/329/400 447/960/1170
f 661/877/1016 694/539/628 693/785/912
f 696/221/288 699/835/970 665/879/1018
f 509/535/624 518/387/461 525/521/605
f 258/849/985 343/342/414 243/687/805
f 889/601/701 890/600/348 875/870/1008
f 465/474/552 473/476/554 451/482/560
f 496/228/1020 499/227/1174 502/696/812
f 469/864/1002 478/536/1028 479/882/1022
f 906/225/292 905/280/351 926/884/1024
f 498/652/764 495/288/1176 496/228/1020
f 470/883/1023 479/882/1022 507/885/1025
f 462/856/992 471/510/592 483/556/1026
f 878/231/298 864/230/297 877/729/849
f 462/856/992 480/595/1027 478/536/1028
f 474/289/360 495/288/359 492/886/1029
f 473/476/554 491/475/553 488/484/562
f 904/281/1030 905/280/1033 888/702/818
f 505/232/299 504/234/301 507/885/1032
f 886/550/642 903/549/641 904/281/1030
f 889/601/701 888/702/818 905/280/1033
f 898/240/307 913/560/654 921/621/726
f 520/699/1036 490/889/1035 489/568/665
f 485/555/647 513/217/284 519/572/671
f 508/880/1019 525/521/605 516/358/430
f 511/343/415 523/961/1171 502/696/812
f 515/469/547 522/471/549 498/652/764
f 543/580/1037 546/579/731 549/890/1038
f 947/892/1040 948/964/1186 945/893/1041
f 931/781/908 950/908/1182 951/894/1043
f 940/464/542 966/463/541 969/895/1044
f 548/542/1045 549/890/1038 546/579/731
f 545/896/1047 542/470/1187 543/580/1037
f 941/657/769 969/895/1044 970/377/1048
f 934/675/790 955/902/1185 957/898/1050
f 552/424/498 551/356/1192 553/344/1051
f 554/563/659 553/344/1051 527/386/1052
f 942/897/1049 970/377/1048 973/899/1053
f 971/378/452 970/377/451 969/895/859
f 979/901/1055 957/898/1070 955/902/1056
f 512/512/594 519/572/671 532/903/1057
f 965/548/1059 962/547/731 963/904/1060
f 968/900/1054 969/895/859 966/463/1062
f 952/907/1064 951/894/1078 950/908/1065
f 518/387/461 527/386/460 553/344/1067
f 521/699/815 539/218/1074 537/910/1068
f 979/901/1055 959/915/1081 958/902/1069
f 533/219/1071 536/218/1189 556/911/1072
f 973/899/1053 974/377/1188 944/741/861
f 510/574/673 540/573/672 539/218/1074
f 946/490/1042 974/377/1076 975/912/1075
f 972/376/450 975/912/1075 974/377/1076
f 953/677/793 954/437/792 951/894/1078
f 976/914/1080 978/562/658 959/915/1081
f 976/914/1080 947/892/1040 978/562/658
f 964/905/1061 963/904/1060 977/913/1079
f 544/891/1039 549/890/1038 557/965/1194
f 959/915/1081 977/913/1079 963/904/1060
f 558/423/497 557/965/1194 549/890/1038
f 545/896/1047 557/965/1194 559/739/858
f 956/676/791 976/914/1080 979/901/1055
f 967/906/1063 977/913/1079 971/378/452
f 556/911/1072 555/916/1082 535/917/1083
f 615/708/824 604/952/1152 814/918/1084
f 624/724/884 814/918/1084 809/934/1107
f 631/711/828 980/710/827 815/665/779
f 632/196/1086 815/665/779 807/667/781
f 757/164/231 758/163/230 612/920/1085
f 635/306/905 612/920/1085 982/930/1101
f 643/150/1088 832/152/997 831/493/572
f 587/752/874 767/751/873 766/314/1151
f 852/514/596 836/410/484 845/921/1090
f 668/658/770 667/951/1146 701/783/910
f 984/922/1092 607/966/1199 625/286/1091
f 625/286/1091 627/763/1147 608/645/757
f 194/756/879 562/642/754 211/186/1093
f 308/654/767 373/656/230 228/682/798
f 597/641/752 820/640/751 598/938/1215
f 755/487/565 598/938/1215 820/640/751
f 429/664/778 428/456/534 454/923/1094
f 414/649/761 667/951/1146 249/420/494
f 477/698/814 458/416/490 461/417/491
f 630/206/273 634/305/376 588/195/262
f 169/926/1097 170/927/1098 370/854/990
f 170/927/1098 172/806/933 371/852/988
f 184/931/1102 183/932/1104 182/712/829
f 185/769/1103 186/691/809 183/932/1104
f 309/768/1105 373/656/230 374/919/1085
f 669/846/981 703/638/749 731/801/928
f 389/524/609 410/631/740 162/525/610
f 887/887/1031 888/702/818 873/701/817
f 663/220/287 247/950/1145 412/842/977
f 814/918/1084 602/749/870 603/933/1106
f 765/242/310 745/241/309 673/612/716
f 426/863/1001 410/631/740 573/630/739
f 389/524/1108 399/953/1156 225/545/637
f 415/610/714 227/629/738 296/813/946
f 198/336/1109 199/338/1127 197/779/907
f 683/703/819 796/803/930 798/804/931
f 285/794/921 356/365/437 358/935/1113
f 203/506/587 204/466/544 200/546/638
f 165/928/1099 177/924/1095 170/927/1120
f 166/670/1214 211/186/253 201/636/747
f 177/924/1095 217/925/1096 172/806/1121
f 216/603/704 213/185/252 214/939/1122
f 312/274/631 173/335/1213 217/925/1096
f 226/637/748 187/858/995 403/355/1218
f 223/182/1126 224/184/742 222/780/772
f 510/574/673 521/699/815 494/609/713
f 381/488/566 304/566/663 417/592/691
f 255/201/268 233/255/323 235/320/391
f 254/942/1128 229/943/1129 231/256/324
f 710/635/745 649/331/402 674/791/918
f 230/257/325 231/256/324 229/943/1129
f 234/321/392 235/320/391 233/255/323
f 653/176/243 652/394/468 675/634/744
f 805/807/936 744/460/538 743/845/980
f 244/944/1130 258/849/985 242/686/804
f 677/945/1131 657/705/821 656/946/1132
f 405/859/996 165/928/1099 196/668/1112
f 296/813/946 229/943/1129 415/610/714
f 656/946/1132 655/177/244 676/451/529
f 920/214/281 919/216/283 942/897/1049
f 676/451/529 655/177/244 653/176/243
f 658/421/495 657/705/821 677/945/1131
f 322/648/760 270/290/361 320/468/546
f 677/945/1131 789/383/457 790/384/458
f 273/518/602 331/517/601 329/540/629
f 275/190/257 336/594/693 254/942/1128
f 631/711/897 588/195/262 634/305/376
f 236/202/269 256/453/531 339/948/1134
f 697/786/913 773/267/337 772/818/953
f 790/384/458 791/489/567 715/820/955
f 269/695/811 317/832/967 318/843/978
f 694/539/628 769/339/411 770/265/335
f 347/606/707 280/605/706 346/446/524
f 707/968/1207 705/796/923 706/802/929
f 274/258/326 333/847/982 334/411/485
f 350/382/456 281/585/684 282/351/423
f 593/435/512 594/628/899 582/282/353
f 807/667/781 606/666/780 605/697/813
f 611/693/808 981/778/906 982/930/1101
f 289/248/316 288/236/303 369/246/314
f 330/404/478 362/403/477 286/618/723
f 369/246/314 290/719/837 364/472/550
f 732/203/270 804/405/479 691/300/371
f 369/246/314 367/402/476 295/260/328
f 585/207/711 811/608/710 609/714/831
f 575/527/615 834/478/556 646/625/733
f 366/582/681 365/298/369 324/292/363
f 369/246/314 366/582/681 367/402/476
f 294/718/836 266/254/322 357/253/321
f 568/199/266 410/631/740 428/456/534
f 614/626/734 835/393/467 605/697/813
f 375/669/783 387/755/878 409/962/1178
f 303/565/662 228/682/798 373/656/230
f 820/640/751 758/163/230 759/175/242
f 299/397/1141 302/396/944 167/765/889
f 167/765/889 210/929/1100 300/244/1140
f 300/244/1140 210/929/1100 209/523/1119
f 298/245/313 209/523/1219 310/522/1143
f 233/255/323 218/940/1123 178/602/702
f 775/204/271 742/171/238 702/570/669
f 316/449/527 315/426/500 245/851/987
f 411/850/986 771/538/627 694/539/628
f 772/818/953 774/817/952 699/835/970
f 676/451/529 787/371/445 788/507/588
f 698/784/911 699/835/970 774/817/952
f 690/830/965 728/829/964 771/538/627
f 248/815/950 321/814/949 319/833/968
f 792/782/909 733/269/339 718/970/1217
f 260/646/758 349/604/705 347/606/707
f 352/824/959 282/351/423 281/585/684
f 335/593/692 334/411/485 253/611/715
f 688/838/973 727/789/916 726/800/927
f 253/611/715 334/411/485 332/413/487
f 275/190/257 337/259/327 336/594/693
f 259/707/823 346/446/524 344/341/413
f 712/947/1133 788/507/588 789/383/457
f 383/733/852 344/341/413 343/342/414
f 319/833/968 318/843/978 247/950/1145
f 323/291/362 325/419/493 271/553/645
f 268/427/501 315/426/500 313/473/551
f 698/784/911 701/783/910 667/951/1146
f 290/719/837 294/718/836 360/793/920
f 985/713/830 608/645/757 627/763/1147
f 780/758/881 706/802/929 705/796/923
f 262/678/794 261/586/685 281/585/684
f 284/252/320 353/349/421 354/823/958
f 355/364/436 354/823/958 263/743/863
f 263/743/863 354/823/958 352/824/959
f 181/650/1114 202/495/575 205/764/888
f 671/505/586 670/681/797 705/796/923
f 419/674/789 264/673/788 358/935/1113
f 673/612/716 708/790/917 674/791/918
f 828/857/1148 644/660/772 645/659/771
f 293/247/315 368/583/682 339/948/1134
f 741/816/951 732/203/270 774/817/952
f 327/581/680 362/403/477 367/402/476
f 275/190/257 338/189/256 292/827/962
f 277/452/530 341/541/630 293/247/315
f 340/819/954 293/247/315 341/541/630
f 374/919/1085 306/655/768 565/689/807
f 221/433/1206 406/762/1179 393/183/250
f 821/750/871 602/749/870 814/918/1084
f 393/183/250 390/212/279 392/633/755
f 162/525/610 410/631/740 568/199/266
f 467/278/349 475/277/348 454/923/1094
f 668/658/770 249/420/494 667/951/1146
f 612/920/1085 597/641/752 595/694/807
f 669/846/981 377/418/492 668/658/770
f 808/761/885 607/966/1199 984/922/1092
f 603/933/1106 607/966/1199 808/761/885
f 836/410/484 834/478/556 823/308/379
f 846/867/1005 834/478/556 836/410/484
f 740/266/336 804/405/479 732/203/270
f 391/322/1153 392/633/755 390/212/279
f 679/318/389 382/732/851 660/174/241
f 398/415/489 396/323/394 394/264/333
f 188/211/334 394/264/333 396/323/394
f 241/810/940 219/776/1212 308/654/767
f 198/336/1154 160/414/488 398/415/489
f 161/526/1155 398/415/489 399/953/1156
f 403/355/1218 400/197/746 226/637/748
f 402/954/1157 403/355/1218 187/858/995
f 189/770/1159 187/858/995 404/432/509
f 801/788/915 692/249/317 691/300/371
f 402/954/1160 408/720/838 407/955/1161
f 750/809/939 379/458/536 838/428/503
f 883/366/439 868/589/688 866/748/869
f 646/625/1162 614/626/1216 581/753/875
f 196/668/782 375/669/783 409/962/1178
f 685/839/974 261/586/685 684/822/957
f 422/869/1007 430/353/425 573/630/739
f 424/872/1010 573/630/739 430/353/425
f 600/623/728 821/750/871 604/952/1152
f 411/850/986 661/877/1016 245/851/987
f 947/892/1040 975/912/1075 978/562/658
f 883/366/439 900/367/441 901/192/1164
f 841/588/687 847/392/466 866/748/869
f 848/956/1165 866/748/869 847/392/466
f 865/760/883 859/959/1169 844/873/1012
f 865/760/883 822/715/832 857/477/555
f 863/445/523 875/870/1008 855/409/483
f 442/499/580 426/863/1001 425/957/1166
f 877/729/849 846/867/1005 842/848/984
f 482/537/626 478/536/625 480/595/694
f 865/760/883 881/958/1167 859/959/1169
f 848/956/1165 859/959/1169 881/958/1167
f 422/869/1007 421/154/221 446/372/446
f 924/193/260 901/192/259 900/367/519
f 929/401/475 909/400/474 908/868/1168
f 442/499/580 455/551/643 441/862/1000
f 843/391/465 844/873/1012 859/959/1169
f 423/153/220 433/479/557 447/960/1170
f 450/483/561 437/381/455 452/559/653
f 468/617/722 476/616/721 456/480/558
f 896/369/443 881/958/1167 880/619/724
f 886/550/642 871/531/620 870/533/622
f 516/358/430 524/357/429 506/272/342
f 497/881/1021 502/696/812 523/961/1171
f 563/643/735 564/690/808 214/939/1172
f 870/533/622 861/532/621 869/587/686
f 508/880/1019 507/885/1032 479/882/1173
f 484/361/649 487/360/666 490/889/1035
f 501/273/343 502/696/812 499/227/1174
f 494/609/713 491/475/712 492/886/1175
f 908/868/1168 907/224/291 928/861/999
f 493/722/840 492/886/1175 495/288/1176
f 915/561/657 903/549/656 902/374/1177
f 735/440/517 730/270/340 739/262/330
f 899/238/305 921/621/726 944/741/861
f 930/491/569 914/442/520 899/238/305
f 390/212/279 387/755/878 395/213/280
f 467/278/349 453/481/559 456/480/558
f 939/462/540 940/464/542 929/401/475
f 511/343/415 506/272/342 524/357/429
f 837/680/796 672/504/585 253/611/715
f 465/474/552 450/483/561 452/559/653
f 461/417/491 443/354/426 469/864/1002
f 439/728/848 454/923/1094 475/277/348
f 917/860/998 939/462/540 929/401/475
f 937/327/398 938/326/397 928/861/999
f 935/888/1034 936/721/839 926/884/1024
f 171/855/991 370/854/990 170/927/1098
f 534/740/1073 535/917/1083 532/903/1180
f 528/737/856 532/903/1180 535/917/1083
f 931/781/908 930/491/569 945/893/1181
f 967/906/1063 966/463/1062 965/548/1059
f 547/345/417 546/579/678 523/961/1171
f 537/910/1068 536/218/285 520/699/1036
f 538/963/1183 537/910/1190 539/218/1184
f 933/438/515 954/437/514 955/902/1185
f 950/908/1065 945/893/1041 948/964/1186
f 541/740/860 540/573/859 542/470/1187
f 922/492/570 944/741/861 974/377/1188
f 547/345/1046 550/344/1191 558/423/497
f 538/963/1183 556/911/1072 536/218/1189
f 957/898/1050 958/902/1193 936/721/839
f 552/424/498 558/423/497 550/344/1191
f 961/325/732 958/902/1069 959/915/1081
f 937/327/398 936/721/839 958/902/1193
f 560/422/496 556/911/1072 557/965/1194
f 746/161/308 765/242/310 764/598/1195
f 827/575/1197 623/577/777 644/660/772
f 949/909/1066 948/964/1186 947/892/1040
f 529/738/857 535/917/1083 555/916/1082
f 559/739/858 557/965/1194 556/911/1072
f 556/911/1072 538/963/1183 559/739/858
f 578/287/1198 625/286/1091 607/966/1199
f 215/775/1200 214/939/1172 564/690/808
f 980/710/827 981/778/906 611/693/808
f 402/954/1201 401/772/896 566/771/895
f 307/683/799 305/571/670 244/944/1130
f 887/887/1031 872/878/1017 871/531/620
f 174/805/932 176/276/346 571/731/850
f 600/623/728 604/952/1152 816/151/218
f 164/181/248 192/661/773 569/967/1202
f 250/717/835 328/552/644 326/554/646
f 818/529/618 644/660/772 623/577/777
f 197/779/907 572/632/741 397/324/1203
f 391/322/1204 397/324/1203 572/632/741
f 673/612/716 649/331/402 765/242/310
f 1324/971/1220 1254/972/1221 1313/973/1222
f 1242/974/1223 1190/975/1224 1194/976/1225
f 1468/977/1226 1469/978/1227 1470/979/1228
f 1479/980/1229 1556/981/1230 1455/982/1231
f 1423/983/1232 1425/984/1233 1426/985/1234
f 1186/986/1235 1188/987/1236 1187/988/1237
f 1452/989/1238 1336/990/1239 1512/991/1240
f 1471/992/1241 1473/993/1242 1472/994/1243
f 1303/995/1244 1304/996/1245 1307/997/1246
f 1587/998/1247 1507/999/1248 1505/1000/1249
f 1076/1001/1250 1075/1002/1251 1126/1003/1252
f 1039/1004/1253 1241/1005/1254 1040/1006/1255
f 1180/1007/1256 1179/1008/1257 1224/1009/1258
f 1505/1000/1249 1615/1010/1259 1617/1011/1260
f 1101/1012/1261 1100/1013/1262 1195/1014/1263
f 1479/980/1229 1477/1015/1264 1478/1016/1265
f 1158/1017/1266 1229/1018/1267 1161/1019/1268
f 1043/1020/1269 1141/1021/1270 1142/1022/1271
f 1174/1023/1272 1053/1024/1273 1172/1025/1274
f 1230/1026/1275 1087/1027/1276 1015/1028/1277
f 1597/1029/1278 1547/1030/1279 1546/1031/1280
f 1526/1032/1281 1607/1033/1282 1609/1034/1283
f 1595/1035/1284 1597/1029/1278 1602/1036/1285
f 1055/1037/1286 1098/1038/1287 1056/1039/1288
f 993/1040/1289 1076/1001/1250 1077/1041/1290
f 1364/1042/1291 1365/1043/1292 1354/1044/1293
f 1347/1045/1294 1407/1046/1295 1406/1047/1296
f 1509/1048/1297 1505/1000/1249 1507/999/1248
f 1098/1038/1287 1013/1049/1298 1056/1039/1288
f 1064/1050/1299 1247/1051/1300 1065/1052/1301
f 1260/1053/1302 1263/1054/1303 1264/1055/1304
f 1202/1056/1305 1112/1057/1306 1203/1058/1307
f 1413/1059/1308 1408/1060/1309 1409/1061/1310
f 1455/982/1231 1454/1062/1311 1479/980/1229
f 1291/1063/1312 1287/1064/1313 1286/1065/1314
f 1474/1066/1315 1475/1067/1316 1476/1068/1317
f 1167/1069/1318 1223/1070/1319 1170/1071/1320
f 1078/1072/1321 1139/1073/1322 1140/1074/1323
f 1535/1075/1324 1539/1076/1325 1533/1077/1326
f 1562/1078/1327 1279/1079/1328 1600/1080/1329
f 1354/1044/1293 1352/1081/1330 1353/1082/1331
f 1406/1047/1296 1404/1083/1332 1405/1084/1333
f 1585/1085/1334 1587/998/1247 1617/1011/1260
f 1605/1086/1335 1575/1087/1336 1583/1088/1337
f 1412/1089/1338 1410/1090/1339 1411/1091/1340
f 1380/1092/1341 1381/1093/1342 1271/1094/1343
f 1595/1035/1284 1596/1095/1344 1597/1029/1278
f 1232/1096/1345 1091/1097/1346 1023/1098/1347
f 1295/1099/1348 1381/1093/1342 1299/1100/1349
f 1049/1101/1350 1160/1102/1351 1162/1103/1352
f 1269/1104/1353 1268/1105/1354 1274/1106/1355
f 1327/1107/1356 1331/1108/1357 1402/1109/1358
f 1162/1103/1352 1161/1019/1268 1228/1110/1359
f 1357/1111/1360 1356/1112/1361 1355/1113/1362
f 1390/1114/1363 1399/1115/1364 1397/1116/1365
f 1365/1043/1292 1413/1059/1308 1352/1081/1330
f 1092/1117/1366 1113/1118/1367 1024/1119/1368
f 1371/1120/1369 1411/1091/1340 1372/1121/1370
f 1037/1122/1371 1035/1123/1372 1036/1124/1373
f 1582/1125/1374 1583/1088/1337 1576/1126/1375
f 1575/1087/1336 1572/1127/1376 1571/1128/1377
f 1345/1129/1378 1347/1045/1294 1346/1130/1379
f 1554/1131/1380 1493/1132/1381 1567/1133/1382
f 1257/1134/1383 1276/1135/1384 1612/1136/1385
f 1510/1137/1386 1582/1125/1374 1615/1010/1259
f 1173/1138/1387 1172/1139/1274 1091/1097/1346
f 1134/1140/1388 1133/1141/1389 1014/1142/1390
f 1292/1143/1391 1324/971/1220 1313/973/1222
f 1530/1144/1392 1594/1145/1393 1599/1146/1394
f 1090/1147/1395 1111/1148/1396 1020/1149/1397
f 1362/1150/1398 1415/1151/1399 1365/1043/1292
f 1397/1116/1365 1427/1152/1400 1396/1153/1401
f 1074/1154/1402 1210/1155/1403 1120/1156/1404
f 1523/1157/1405 1526/1032/1281 1525/1158/1406
f 1269/1104/1353 1271/1094/1343 1381/1093/1342
f 1354/1044/1293 1361/1159/1407 1364/1042/1291
f 1363/1160/1408 1362/1150/1398 1364/1042/1291
f 1428/1161/1409 1393/1162/1410 1395/1163/1411
f 1231/1164/1412 1089/1165/1413 1019/1166/1414
f 1358/1167/1415 1324/971/1220 1292/1143/1391
f 1215/1168/1416 1147/1169/1417 1216/1170/1418
f 1065/1052/1301 1063/1171/1419 1064/1050/1299
f 1317/1172/1420 1390/1114/1363 1421/1173/1421
f 1293/1174/1422 1269/1104/1353 1295/1099/1348
f 1199/1175/1423 1197/1176/1424 1198/1177/1425
f 1197/1176/1424 1110/1178/1426 1198/1177/1425
f 1192/1179/1427 1108/1180/1428 1193/1181/1429
f 1478/1016/1265 1557/1182/1430 1479/980/1229
f 1533/1077/1326 1530/1144/1392 1535/1075/1324
f 1236/1183/1431 1122/1184/1432 1237/1185/1433
f 1228/1110/1359 1050/1186/1434 1162/1103/1352
f 1068/1187/1435 1066/1188/1436 1067/1189/1437
f 1299/1100/1349 1301/1190/1438 1300/1191/1439
f 1439/1192/1440 1271/1094/1343 1252/1193/1441
f 1378/1194/1442 1359/1195/1443 1356/1112/1361
f 1159/1196/1444 1161/1197/1268 1160/1198/1351
f 1233/1199/1445 1093/1200/1446 1027/1201/1447
f 1086/1202/1448 1150/1203/1449 1151/1204/1450
f 1155/1205/1451 1154/1206/1452 1087/1027/1276
f 1145/1207/1453 1144/1208/1454 1012/1209/1455
f 1346/1130/1379 1347/1045/1294 1425/984/1233
f 1177/1210/1456 1179/1211/1257 1178/1212/1457
f 1565/1213/1458 1576/1126/1375 1581/1214/1459
f 1135/1215/1460 1221/1216/1461 1136/1217/1462
f 1355/1113/1362 1353/1082/1331 1352/1081/1330
f 1519/1218/1463 1563/1219/1464 1579/1220/1465
f 1579/1220/1465 1580/1221/1466 1519/1218/1463
f 1328/1222/1467 1420/1223/1468 1329/1224/1469
f 1566/1225/1470 1575/1087/1336 1574/1226/1471
f 1474/1066/1315 1454/1062/1311 1453/1227/1472
f 1294/1228/1473 1273/1229/1474 1270/1230/1475
f 1226/1231/1476 1188/1232/1236 1227/1233/1477
f 1432/1234/1478 1395/1163/1411 1393/1162/1410
f 1370/1235/1479 1374/1236/1480 1375/1237/1481
f 1213/1238/1482 1000/1239/1483 1115/1240/1484
f 1171/1241/1485 1096/1242/1486 1052/1243/1487
f 1406/1047/1296 1426/985/1234 1425/984/1233
f 1088/1244/1488 1109/1245/1489 1016/1246/1490
f 1165/1247/1491 1171/1241/1485 1051/1248/1492
f 1115/1240/1484 1085/1249/1493 1116/1250/1494
f 1337/1251/1495 1513/1252/1496 1517/1253/1497
f 1475/1067/1316 1472/994/1243 1473/993/1242
f 1280/1254/1498 1412/1089/1338 1369/1255/1499
f 1592/1256/1500 1525/1158/1406 1593/1257/1501
f 1105/1258/1502 1104/1259/1503 1205/1260/1504
f 1183/1261/1505 1189/1262/1506 1055/1037/1286
f 1472/994/1243 1453/1227/1472 1456/1263/1507
f 1400/1264/1508 1440/1265/1509 1584/1266/1510
f 1167/1267/1318 1166/1268/1511 1109/1269/1489
f 1436/1270/1512 1326/1271/1513 1401/1272/1514
f 1583/1088/1337 1496/1273/1515 1605/1086/1335
f 1609/1034/1283 1524/1274/1516 1526/1032/1281
f 1601/1275/1517 1602/1036/1285 1598/1276/1518
f 1527/1277/1519 1532/1278/1520 1533/1077/1326
f 1402/1109/1358 1331/1108/1357 1342/1279/1521
f 1133/1141/1389 1139/1073/1322 1096/1242/1486
f 1096/1242/1486 1050/1186/1434 1133/1141/1389
f 1011/1280/1522 1012/1209/1455 1097/1281/1523
f 1097/1281/1523 1052/1243/1487 1011/1280/1522
f 1144/1208/1454 1150/1203/1449 1098/1038/1287
f 1098/1038/1287 1054/1282/1524 1144/1208/1454
f 1013/1049/1298 1014/1142/1390 1095/1283/1525
f 1095/1283/1525 1056/1039/1288 1013/1049/1298
f 1103/1284/1526 1102/1285/1527 1200/1286/1528
f 1211/1287/1529 989/1288/1530 1071/1289/1531
f 1217/1290/1532 997/1291/1533 1082/1292/1534
f 1079/1293/1535 1214/1294/1536 1124/1295/1537
f 1072/1296/1538 1073/1297/1539 1139/1073/1322
f 1139/1073/1322 1133/1141/1389 1072/1296/1538
f 1078/1072/1321 1145/1207/1453 1012/1209/1455
f 1012/1209/1455 1011/1280/1522 1078/1072/1321
f 1083/1298/1540 1084/1299/1541 1150/1203/1449
f 1150/1203/1449 1144/1208/1454 1083/1298/1540
f 1086/1202/1448 1134/1140/1388 1014/1142/1390
f 1014/1142/1390 1013/1049/1298 1086/1202/1448
f 1206/1300/1542 1105/1258/1502 1205/1260/1504
f 1201/1301/1543 1103/1284/1526 1200/1286/1528
f 1073/1297/1539 1212/1302/1544 1140/1074/1323
f 1047/1303/1545 1152/1304/1546 1153/1305/1547
f 1073/1297/1539 1140/1074/1323 1139/1073/1322
f 1045/1306/1548 1147/1307/1417 1148/1308/1549
f 1084/1299/1541 1151/1204/1450 1150/1203/1449
f 1211/1287/1529 1141/1021/1270 1212/1309/1544
f 1176/1310/1550 1225/1311/1551 1179/1211/1257
f 1155/1205/1451 1157/1312/1552 1159/1196/1444
f 1226/1231/1476 1187/1313/1237 1188/1232/1236
f 1164/1314/1553 1163/1315/1554 1089/1165/1413
f 1053/1024/1273 1178/1316/1457 1180/1007/1256
f 1191/1317/1555 1099/1318/1556 1190/975/1224
f 1041/1319/1557 1211/1320/1529 1212/1302/1544
f 1212/1302/1544 1132/1321/1558 1041/1319/1557
f 1045/1306/1548 1217/1290/1532 1218/1322/1559
f 1218/1322/1559 1143/1323/1560 1045/1306/1548
f 1054/1282/1524 1012/1209/1455 1144/1208/1454
f 1050/1186/1434 1014/1142/1390 1133/1141/1389
f 1058/1324/1561 1243/1325/1562 1059/1326/1563
f 1240/1327/1564 1080/1328/1565 1131/1329/1566
f 1246/1330/1567 1200/1286/1528 1204/1331/1568
f 1131/1332/1566 1129/1333/1569 1130/1334/1570
f 1240/1335/1564 1130/1334/1570 1241/1336/1254
f 1196/1337/1571 1101/1012/1261 1195/1014/1263
f 1234/1338/1572 1116/1250/1494 1119/1339/1573
f 1222/1340/1574 1169/1341/1575 1170/1342/1320
f 1224/1009/1258 1179/1008/1257 1225/1343/1551
f 1248/1344/1576 1114/1345/1577 1249/1346/1578
f 1067/1189/1437 1248/1344/1576 1249/1346/1578
f 1246/1347/1567 1203/1058/1307 1247/1051/1300
f 1119/1348/1573 1118/1349/1579 1209/1350/1580
f 1040/1006/1255 1038/1351/1581 1039/1004/1253
f 1236/1183/1431 1120/1156/1404 1123/1352/1582
f 1129/1333/1569 1219/1353/1583 1130/1334/1570
f 1036/1124/1373 1238/1354/1584 1239/1355/1585
f 1062/1356/1586 1060/1357/1587 1061/1358/1588
f 1061/1358/1588 1244/1359/1589 1245/1360/1590
f 1244/1359/1589 1198/1361/1425 1245/1360/1590
f 1070/1362/1591 1069/1363/1592 1122/1184/1432
f 1058/1324/1561 1242/1364/1223 1243/1325/1562
f 1059/1326/1563 1057/1365/1593 1058/1324/1561
f 1067/1189/1437 1249/1346/1578 1068/1187/1435
f 1248/1366/1576 1205/1260/1504 1208/1367/1594
f 1133/1141/1389 1135/1215/1460 1072/1296/1538
f 1135/1215/1460 1136/1217/1462 1132/1321/1558
f 1146/1368/1595 1216/1170/1418 1147/1169/1417
f 1212/1302/1544 1141/1369/1270 1140/1074/1323
f 1144/1208/1454 1146/1368/1595 1083/1298/1540
f 1146/1368/1595 1147/1169/1417 1143/1370/1560
f 1220/1371/1596 1001/1372/1597 1213/1238/1482
f 1138/1373/1598 1140/1074/1323 1141/1369/1270
f 1218/1374/1559 1152/1375/1546 1151/1204/1450
f 1165/1247/1491 1051/1248/1492 1163/1376/1554
f 1532/1278/1520 1568/1377/1599 1530/1144/1392
f 1185/1378/1600 1184/1379/1601 1113/1118/1367
f 1165/1380/1491 1168/1381/1602 1169/1382/1575
f 1158/1383/1266 1157/1312/1552 1107/1384/1603
f 1168/1381/1602 1170/1385/1320 1169/1382/1575
f 1156/1386/1604 1049/1101/1350 1154/1387/1452
f 1234/1388/1572 1209/1350/1580 1235/1389/1605
f 1039/1004/1253 1240/1327/1564 1241/1005/1254
f 1099/1318/1556 1106/1390/1606 1190/975/1224
f 1033/1391/1607 1236/1392/1431 1237/1393/1433
f 1064/1050/1299 1246/1347/1567 1247/1051/1300
f 1238/1394/1584 1126/1395/1252 1239/1396/1585
f 1244/1397/1589 1195/1014/1263 1199/1398/1423
f 1032/1399/1608 1234/1338/1572 1235/1400/1605
f 1132/1321/1558 1212/1302/1544 1073/1297/1539
f 1073/1297/1539 1072/1296/1538 1132/1321/1558
f 1138/1373/1598 1216/1170/1418 1145/1207/1453
f 1145/1207/1453 1078/1072/1321 1138/1373/1598
f 1143/1370/1560 1218/1374/1559 1084/1299/1541
f 1084/1299/1541 1083/1298/1540 1143/1370/1560
f 1149/1401/1609 1221/1216/1461 1134/1140/1388
f 1134/1140/1388 1086/1202/1448 1149/1401/1609
f 1430/1402/1610 1349/1403/1611 1431/1404/1612
f 1496/1273/1515 1569/1405/1613 1497/1406/1614
f 1281/1407/1615 1282/1408/1616 1280/1254/1498
f 1317/1172/1420 1421/1173/1421 1422/1409/1617
f 1261/1410/1618 1313/973/1222 1254/972/1221
f 1254/972/1221 1253/1411/1619 1261/1410/1618
f 1253/1411/1619 1254/972/1221 1255/1412/1620
f 1416/1413/1621 1414/1414/1622 1415/1151/1399
f 1107/1384/1603 1243/1325/1562 1108/1415/1428
f 1556/981/1230 1558/1416/1623 1382/1417/1624
f 1260/1053/1302 1264/1055/1304 1261/1410/1618
f 1253/1411/1619 1260/1053/1302 1261/1410/1618
f 1260/1053/1302 1253/1411/1619 1255/1412/1620
f 1262/1418/1625 1260/1053/1302 1255/1412/1620
f 1442/1419/1626 1450/1420/1627 1492/1421/1628
f 1557/1182/1430 1481/1422/1629 1484/1423/1630
f 1217/1424/1532 1152/1304/1546 1218/1425/1559
f 1449/1426/1631 1512/991/1240 1451/1427/1632
f 1320/1428/1633 1297/1429/1634 1360/1430/1635
f 1261/1410/1618 1264/1055/1304 1267/1431/1636
f 1273/1229/1474 1272/1432/1637 1270/1230/1475
f 1446/1433/1638 1573/1434/1639 1438/1435/1640
f 1286/1065/1314 1287/1064/1313 1261/1410/1618
f 1468/977/1226 1464/1436/1641 1465/1437/1642
f 1498/1438/1643 1470/979/1228 1469/978/1227
f 1478/1016/1265 1499/1439/1644 1480/1440/1645
f 1593/1257/1501 1589/1441/1646 1592/1256/1500
f 1548/1442/1647 1544/1443/1648 1543/1444/1649
f 1256/1445/1650 1257/1134/1383 1612/1136/1385
f 1261/1410/1618 1287/1064/1313 1313/973/1222
f 1460/1446/1651 1552/1447/1652 1551/1448/1653
f 1421/1173/1421 1316/1449/1654 1345/1129/1378
f 1077/1450/1290 1127/1451/1655 1148/1308/1549
f 1308/1452/1656 1310/1453/1657 1307/997/1246
f 1349/1403/1611 1394/1454/1658 1431/1404/1612
f 1375/1237/1481 1280/1254/1498 1370/1235/1479
f 1524/1274/1516 1525/1158/1406 1526/1032/1281
f 1532/1278/1520 1467/1455/1659 1529/1456/1660
f 1540/1457/1661 1542/1458/1662 1541/1459/1663
f 1541/1459/1663 1537/1460/1664 1536/1461/1665
f 1534/1462/1666 1541/1459/1663 1539/1076/1325
f 1450/1420/1627 1334/1463/1667 1265/1464/1668
f 1333/1465/1669 1387/1466/1670 1446/1433/1638
f 1113/1118/1367 1249/1346/1578 1114/1345/1577
f 1340/1467/1671 1343/1468/1672 1344/1469/1673
f 1364/1042/1291 1298/1470/1674 1363/1160/1408
f 1183/1471/1505 1186/986/1235 1187/988/1237
f 1559/1472/1675 1452/989/1238 1449/1426/1631
f 1238/1394/1584 1124/1295/1537 1127/1451/1655
f 1267/1431/1636 1272/1432/1637 1383/1473/1676
f 1288/1474/1677 1383/1473/1676 1273/1229/1474
f 1383/1473/1676 1272/1432/1637 1273/1229/1474
f 1383/1473/1676 1288/1474/1677 1286/1065/1314
f 1261/1410/1618 1267/1431/1636 1383/1473/1676
f 1261/1410/1618 1383/1473/1676 1286/1065/1314
f 1422/1409/1617 1421/1173/1421 1345/1129/1378
f 1404/1083/1332 1379/1475/1678 1405/1084/1333
f 1357/1111/1360 1405/1084/1333 1379/1475/1678
f 1333/1465/1669 1325/1476/1679 1387/1466/1670
f 1385/1477/1680 1387/1466/1670 1325/1476/1679
f 1438/1435/1640 1450/1420/1627 1446/1433/1638
f 1020/1149/1397 1112/1057/1306 1021/1478/1681
f 1545/1479/1682 1542/1458/1662 1546/1031/1280
f 1149/1401/1609 1151/1204/1450 1152/1375/1546
f 1334/1463/1667 1450/1420/1627 1511/1480/1683
f 1110/1481/1426 1166/1268/1511 1245/1360/1590
f 1157/1312/1552 1059/1326/1563 1243/1325/1562
f 1242/1364/1223 1193/1482/1429 1243/1325/1562
f 990/1483/1684 1031/1484/1685 987/1485/1686
f 1596/1095/1344 1460/1446/1651 1548/1442/1647
f 1462/1486/1687 1461/1487/1688 1282/1408/1616
f 1279/1079/1328 1461/1487/1688 1595/1035/1284
f 1484/1423/1630 1486/1488/1689 1557/1182/1430
f 1025/1489/1690 1113/1118/1367 1114/1345/1577
f 1350/1490/1691 1351/1491/1692 1290/1492/1693
f 1607/1033/1282 1563/1219/1464 1562/1078/1327
f 1598/1276/1518 1540/1457/1661 1534/1462/1666
f 1595/1035/1284 1600/1080/1329 1279/1079/1328
f 996/1493/1694 1082/1292/1534 997/1291/1533
f 1419/1494/1695 1318/1495/1696 1418/1496/1697
f 1164/1314/1553 1166/1268/1511 1168/1381/1602
f 1307/997/1246 1309/1497/1698 1308/1452/1656
f 1408/1060/1309 1426/985/1234 1409/1061/1310
f 1148/1308/1549 1214/1294/1536 1046/1498/1699
f 1406/1047/1296 1425/984/1233 1347/1045/1294
f 1384/1499/1700 1407/1046/1295 1388/1500/1701
f 1282/1408/1616 1278/1501/1702 1412/1089/1338
f 1284/1502/1703 1317/1172/1420 1419/1494/1695
f 1339/1503/1704 1256/1445/1650 1513/1252/1496
f 1402/1109/1358 1340/1467/1671 1314/1504/1705
f 1554/1131/1380 1588/1505/1706 1589/1441/1646
f 1437/1506/1707 1258/1507/1708 1434/1508/1709
f 1430/1402/1610 1433/1509/1710 1330/1173/1711
f 1430/1402/1610 1284/1502/1703 1418/1496/1697
f 1573/1434/1639 1575/1087/1336 1571/1128/1377
f 1336/990/1239 1251/1510/1712 1335/1511/1713
f 1329/1224/1469 1317/1172/1420 1285/1512/1714
f 1609/1034/1283 1568/1377/1599 1591/1513/1715
f 1379/1475/1678 1358/1167/1415 1378/1194/1442
f 1436/1270/1512 1398/1514/1716 1328/1222/1467
f 1232/1096/1345 1026/1515/1717 1065/1052/1301
f 1443/1516/1718 1441/1517/1719 1448/1518/1720
f 1443/1516/1718 1491/1519/1721 1441/1517/1719
f 1443/1516/1718 1448/1518/1720 1442/1419/1626
f 1305/1520/1722 1307/997/1246 1310/1453/1657
f 1604/1521/1723 1510/1137/1386 1508/1522/1724
f 1476/1068/1317 1475/1067/1316 1536/1461/1665
f 1184/1379/1601 1068/1187/1435 1249/1346/1578
f 1442/1419/1626 1451/1427/1632 1447/1523/1725
f 1442/1419/1626 1448/1518/1720 1451/1427/1632
f 1448/1518/1720 1449/1426/1631 1451/1427/1632
f 1448/1518/1720 1441/1517/1719 1449/1426/1631
f 1335/1511/1713 1251/1510/1712 1264/1055/1304
f 1296/1524/1726 1299/1100/1349 1302/1525/1727
f 1041/1526/1557 1136/1527/1462 1137/1528/1728
f 1608/1529/1729 1578/1530/1730 1579/1220/1465
f 1449/1426/1631 1441/1517/1719 1559/1472/1675
f 1183/1261/1505 1055/1037/1286 1181/1531/1731
f 1471/992/1241 1472/994/1243 1456/1263/1507
f 1334/1463/1667 1335/1511/1713 1263/1054/1303
f 1042/1532/1732 1117/1533/1733 1031/1484/1685
f 1585/1085/1334 1616/1534/1734 1437/1506/1707
f 1590/1535/1735 1554/1131/1380 1589/1441/1646
f 1606/1536/1736 1613/1537/1737 1578/1530/1730
f 1441/1517/1719 1464/1436/1641 1466/1538/1738
f 1464/1436/1641 1468/977/1226 1466/1538/1738
f 1499/1439/1644 1476/1068/1317 1536/1461/1665
f 1468/977/1226 1470/979/1228 1466/1538/1738
f 1290/1492/1693 1286/1065/1314 1288/1474/1677
f 1320/1428/1633 1293/1174/1422 1297/1429/1634
f 1377/1539/1739 1385/1477/1680 1325/1476/1679
f 1173/1138/1387 1175/1540/1740 1177/1210/1456
f 1321/1541/1741 1303/995/1244 1306/1542/1742
f 1491/1519/1721 1464/1436/1641 1441/1517/1719
f 1292/1143/1391 1313/973/1222 1287/1064/1313
f 1166/1268/1511 1062/1356/1586 1245/1360/1590
f 1514/1543/1743 1515/1544/1744 1586/1545/1745
f 1536/1461/1665 1475/1067/1316 1500/1546/1746
f 1038/1351/1581 1002/1547/1747 1048/1548/1748
f 1600/1080/1329 1599/1146/1394 1594/1145/1393
f 1326/1271/1513 1285/1512/1714 1330/1173/1711
f 1316/1449/1654 1388/1500/1701 1407/1046/1295
f 1512/991/1240 1511/1480/1683 1447/1523/1725
f 1424/1549/1749 1423/983/1232 1395/1163/1411
f 1371/1120/1369 1367/1550/1750 1369/1255/1499
f 1283/1551/1328 1278/1501/1702 1279/1079/1328
f 1495/1552/1751 1514/1543/1743 1586/1545/1745
f 1546/1031/1280 1502/1553/1752 1545/1479/1682
f 1444/1554/1753 1553/1555/1754 1491/1519/1721
f 1425/984/1233 1349/1403/1611 1346/1130/1379
f 1485/1556/1755 1501/1557/1756 1487/1558/1757
f 1330/1173/1711 1327/1107/1356 1326/1271/1513
f 1271/1094/1343 1274/1106/1355 1267/1431/1636
f 1539/1076/1325 1500/1546/1746 1538/1559/1758
f 1356/1112/1361 1350/1490/1691 1353/1082/1331
f 1369/1255/1499 1322/1560/1759 1370/1235/1479
f 1504/1561/1760 1549/1562/1761 1311/1563/1762
f 1455/982/1231 1556/981/1230 1380/1092/1341
f 1559/1472/1675 1561/1564/1763 1456/1263/1507
f 1441/1517/1719 1466/1538/1738 1561/1564/1763
f 1441/1517/1719 1561/1564/1763 1559/1472/1675
f 1561/1564/1763 1471/992/1241 1456/1263/1507
f 1470/979/1228 1471/992/1241 1561/1564/1763
f 1466/1538/1738 1470/979/1228 1561/1564/1763
f 1128/1565/1764 1048/1548/1748 1153/1305/1547
f 1562/1078/1327 1276/1135/1384 1417/1566/1765
f 1566/1225/1470 1574/1226/1471 1391/1567/1766
f 1298/1470/1674 1302/1525/1727 1373/1568/1767
f 1521/1569/1768 1592/1256/1500 1571/1128/1377
f 1551/1448/1653 1503/1570/1769 1550/1571/1770
f 1384/1499/1700 1389/1572/1771 1391/1567/1766
f 1614/1573/1772 1506/1574/1773 1515/1544/1744
f 1344/1469/1673 1277/1575/1774 1339/1503/1704
f 1327/1107/1356 1250/1576/1775 1401/1272/1514
f 1258/1507/1708 1617/1011/1260 1615/1010/1259
f 1435/1577/1776 1427/1152/1400 1434/1508/1709
f 1513/1252/1496 1256/1445/1650 1458/1578/1777
f 1571/1128/1377 1572/1127/1376 1521/1569/1768
f 1029/1579/1778 1107/1580/1603 1108/1180/1428
f 1300/1191/1439 1301/1190/1438 1303/995/1244
f 1410/1090/1339 1283/1551/1328 1414/1414/1622
f 1182/1581/1779 1181/1582/1731 1093/1200/1446
f 1411/1091/1340 1410/1090/1339 1416/1413/1621
f 1487/1558/1757 1488/1583/1780 1485/1556/1755
f 1579/1220/1465 1607/1033/1282 1608/1529/1729
f 1278/1501/1702 1283/1551/1328 1410/1090/1339
f 1522/1584/1781 1603/1406/1782 1463/1585/1783
f 1523/1157/1405 1463/1585/1783 1613/1537/1737
f 1318/1495/1696 1430/1402/1610 1418/1496/1697
f 1341/1586/1784 1337/1251/1495 1577/1587/1785
f 1389/1572/1771 1421/1173/1421 1390/1114/1363
f 1111/1148/1396 1247/1051/1300 1112/1057/1306
f 1520/1588/1786 1572/1127/1376 1605/1086/1335
f 1395/1163/1411 1348/1589/1787 1424/1549/1749
f 1257/1134/1383 1277/1575/1774 1275/1590/1788
f 1389/1572/1771 1392/1591/1789 1391/1567/1766
f 1452/989/1238 1560/1592/1790 1251/1510/1712
f 1373/1568/1767 1321/1541/1741 1368/1593/1791
f 1529/1456/1660 1531/1594/1792 1532/1278/1520
f 1432/1234/1478 1430/1402/1610 1431/1404/1612
f 1215/1595/1416 993/1040/1289 1077/1041/1290
f 1565/1213/1458 1581/1214/1459 1396/1153/1401
f 1417/1566/1765 1423/983/1232 1429/1596/1793
f 1483/1597/1794 1485/1556/1755 1484/1423/1630
f 1307/997/1246 1306/1542/1742 1303/995/1244
f 1462/1486/1687 1459/1598/1795 1460/1446/1651
f 1513/1252/1496 1337/1251/1495 1339/1503/1704
f 1543/1444/1649 1547/1030/1279 1548/1442/1647
f 1295/1099/1348 1297/1429/1634 1293/1174/1422
f 1524/1274/1516 1593/1257/1501 1525/1158/1406
f 1311/1563/1762 1323/1599/1796 1504/1561/1760
f 1222/1340/1574 1170/1342/1320 1223/1600/1319
f 1401/1272/1514 1434/1508/1709 1436/1270/1512
f 1320/1428/1633 1270/1230/1475 1293/1174/1422
f 1614/1573/1772 1518/1601/1797 1580/1221/1466
f 1353/1082/1331 1319/1602/1798 1354/1044/1293
f 1224/1009/1258 1054/1282/1524 1180/1007/1256
f 1125/1603/1799 1079/1293/1535 1124/1295/1537
f 1061/1358/1588 1245/1360/1590 1062/1356/1586
f 1094/1604/1800 1107/1580/1603 1028/1605/1801
f 1422/1409/1617 1346/1130/1379 1349/1403/1611
f 1185/1378/1600 1227/1606/1477 1188/987/1236
f 1588/1505/1706 1492/1421/1628 1438/1435/1640
f 1318/1495/1696 1317/1172/1420 1422/1409/1617
f 1258/1507/1708 1564/1607/1802 1611/1608/1803
f 1156/1609/1604 1159/1196/1444 1160/1198/1351
f 1228/1110/1359 1161/1019/1268 1229/1018/1267
f 1266/1610/1804 1252/1193/1441 1267/1431/1636
f 1495/1552/1751 1518/1601/1797 1514/1543/1743
f 1334/1463/1667 1336/990/1239 1335/1511/1713
f 1469/978/1227 1467/1455/1659 1527/1277/1519
f 988/1611/1805 1071/1289/1531 989/1288/1530
f 1480/1440/1645 1481/1422/1629 1478/1016/1265
f 1300/1191/1439 1302/1525/1727 1299/1100/1349
f 1372/1121/1370 1368/1593/1791 1371/1120/1369
f 1174/1612/1272 1177/1210/1456 1178/1212/1457
f 1046/1498/1699 995/1613/1806 998/1614/1807
f 1289/1615/1808 1288/1474/1677 1273/1229/1474
f 1404/1083/1332 1446/1433/1638 1387/1466/1670
f 1175/1540/1740 1065/1052/1301 1247/1051/1300
f 1455/982/1231 1456/1263/1507 1453/1227/1472
f 1461/1487/1688 1462/1486/1687 1596/1095/1344
f 1569/1405/1613 1496/1273/1515 1570/1616/1809
f 1176/1310/1550 1175/1540/1740 1111/1148/1396
f 1084/1299/1541 1218/1374/1559 1151/1204/1450
f 1587/998/1247 1440/1265/1509 1586/1545/1745
f 1463/1585/1783 1580/1221/1466 1613/1537/1737
f 1070/1362/1591 1142/1022/1271 1071/1289/1531
f 1480/1440/1645 1499/1439/1644 1545/1479/1682
f 1485/1556/1755 1490/1617/1810 1486/1488/1689
f 1458/1578/1777 1612/1136/1385 1457/1618/1811
f 1518/1601/1797 1516/1619/1812 1519/1218/1463
f 1220/1371/1596 1136/1527/1462 1221/1620/1461
f 1525/1158/1406 1522/1584/1781 1523/1157/1405
f 1569/1405/1613 1570/1616/1809 1497/1406/1614
f 1332/1621/1813 1340/1467/1671 1341/1586/1784
f 1567/1133/1382 1493/1132/1381 1492/1421/1628
f 1327/1107/1356 1314/1504/1705 1400/1264/1508
f 1476/1068/1317 1477/1015/1264 1474/1066/1315
f 1208/1622/1594 1207/1623/1814 1114/1345/1577
f 1343/1468/1672 1277/1575/1774 1344/1469/1673
f 1343/1468/1672 1433/1509/1710 1432/1234/1478
f 1600/1080/1329 1595/1035/1284 1601/1275/1517
f 1357/1111/1360 1426/985/1234 1386/1624/1815
f 1615/1010/1259 1565/1213/1458 1258/1507/1708
f 1570/1616/1809 1603/1406/1782 1497/1406/1614
f 1434/1508/1709 1399/1115/1364 1436/1270/1512
f 1589/1441/1646 1438/1435/1640 1573/1434/1639
f 1331/1108/1357 1330/1173/1711 1433/1509/1710
f 1068/1187/1435 1027/1201/1447 1030/1625/1816
f 1230/1026/1275 1018/1626/1817 1059/1326/1563
f 1081/1627/1818 1153/1305/1547 1082/1628/1534
f 1609/1034/1283 1600/1080/1329 1594/1145/1393
f 1409/1061/1310 1355/1113/1362 1413/1059/1308
f 1593/1257/1501 1591/1513/1715 1590/1535/1735
f 1252/1193/1441 1266/1610/1804 1560/1592/1790
f 1258/1507/1708 1437/1506/1707 1616/1534/1734
f 1142/1022/1271 1210/1155/1403 1044/1629/1819
f 1117/1533/1733 1213/1238/1482 1115/1240/1484
f 1591/1513/1715 1555/1630/1820 1590/1535/1735
f 1602/1036/1285 1542/1458/1662 1540/1457/1661
f 1251/1510/1712 1267/1431/1636 1264/1055/1304
f 1274/1106/1355 1270/1230/1475 1272/1432/1637
f 1363/1160/1408 1416/1413/1621 1362/1150/1398
f 1439/1192/1440 1560/1592/1790 1559/1472/1675
f 1533/1077/1326 1528/1631/1821 1527/1277/1519
f 1016/1246/1490 1110/1178/1426 1017/1632/1822
f 1182/1581/1779 1184/1379/1601 1186/986/1235
f 1484/1423/1630 1482/1633/1823 1483/1597/1794
f 1553/1555/1754 1555/1630/1820 1531/1594/1792
f 1601/1275/1517 1598/1276/1518 1599/1146/1394
f 1415/1151/1399 1414/1414/1622 1413/1059/1308
f 1429/1596/1793 1414/1414/1622 1283/1551/1328
f 1599/1146/1394 1534/1462/1666 1535/1075/1324
f 1363/1160/1408 1373/1568/1767 1372/1121/1370
f 1210/1155/1403 994/1634/1824 1044/1629/1819
f 1417/1566/1765 1283/1551/1328 1279/1079/1328
f 1231/1164/1412 1022/1635/1825 1062/1356/1586
f 1545/1479/1682 1482/1633/1823 1480/1440/1645
f 1589/1441/1646 1571/1128/1377 1592/1256/1500
f 1242/974/1223 1191/1317/1555 1190/975/1224
f 1054/1282/1524 1226/1231/1476 1053/1024/1273
f 1089/1636/1413 1020/1149/1397 1019/1637/1414
f 1443/1516/1718 1442/1419/1626 1492/1421/1628
f 1479/980/1229 1557/1182/1430 1556/981/1230
f 1423/983/1232 1424/1549/1749 1425/984/1233
f 1186/986/1235 1185/1378/1600 1188/987/1236
f 1128/1565/1764 1081/1627/1818 1080/1328/1565
f 1263/1054/1303 1335/1511/1713 1264/1055/1304
f 1039/1004/1253 1038/1351/1581 1128/1565/1764
f 1471/992/1241 1498/1438/1643 1473/993/1242
f 1303/995/1244 1301/1190/1438 1304/996/1245
f 1587/998/1247 1506/1574/1773 1507/999/1248
f 1424/1549/1749 1348/1589/1787 1425/984/1233
f 1076/1001/1250 992/1638/1826 1075/1002/1251
f 1198/1361/1425 1110/1481/1426 1245/1360/1590
f 1180/1007/1256 1178/1316/1457 1179/1008/1257
f 1127/1451/1655 1076/1639/1250 1126/1395/1252
f 1505/1000/1249 1510/1137/1386 1615/1010/1259
f 1101/1012/1261 1010/1640/1827 1100/1013/1262
f 1479/980/1229 1454/1062/1311 1477/1015/1264
f 1158/1017/1266 1094/1641/1800 1229/1018/1267
f 1043/1020/1269 1138/1642/1598 1141/1021/1270
f 1181/1582/1731 1094/1604/1800 1093/1200/1446
f 1603/1406/1782 1570/1616/1809 1463/1585/1783
f 1050/1186/1434 1049/1101/1350 1162/1103/1352
f 1492/1421/1628 1444/1554/1753 1443/1516/1718
f 1230/1026/1275 1155/1205/1451 1087/1027/1276
f 1597/1029/1278 1596/1095/1344 1547/1030/1279
f 1526/1032/1281 1608/1529/1729 1607/1033/1282
f 1576/1126/1375 1566/1225/1470 1581/1214/1459
f 1254/972/1221 1324/971/1220 1333/1465/1669
f 1055/1037/1286 1189/1262/1506 1098/1038/1287
f 993/1040/1289 992/1638/1826 1076/1001/1250
f 1364/1042/1291 1362/1150/1398 1365/1043/1292
f 1548/1442/1647 1547/1030/1279 1596/1095/1344
f 1125/1643/1799 1036/1124/1373 1035/1123/1372
f 1293/1174/1422 1270/1230/1475 1268/1105/1354
f 1347/1045/1294 1316/1449/1654 1407/1046/1295
f 1531/1594/1792 1555/1630/1820 1568/1377/1599
f 1509/1048/1297 1508/1522/1724 1505/1000/1249
f 1098/1038/1287 1150/1203/1449 1013/1049/1298
f 1260/1053/1302 1262/1418/1625 1263/1054/1303
f 1207/1623/1814 1025/1489/1690 1114/1345/1577
f 1123/1352/1582 1070/1362/1591 1122/1184/1432
f 1202/1056/1305 1021/1478/1681 1112/1057/1306
f 1413/1059/1308 1414/1414/1622 1408/1060/1309
f 1526/1032/1281 1606/1536/1736 1608/1529/1729
f 1167/1069/1318 1088/1244/1488 1223/1070/1319
f 1078/1072/1321 1011/1280/1522 1139/1073/1322
f 1081/1644/1818 996/1493/1694 1080/1645/1565
f 1124/1295/1537 1214/1294/1536 1127/1451/1655
f 1519/1218/1463 1516/1619/1812 1457/1618/1811
f 1049/1101/1350 1223/1600/1319 1154/1387/1452
f 1535/1075/1324 1534/1462/1666 1539/1076/1325
f 1034/1646/1828 1004/1647/1829 1033/1391/1607
f 1153/1305/1547 1217/1424/1532 1082/1628/1534
f 1032/1399/1608 987/1485/1686 1031/1484/1685
f 1420/1223/1468 1398/1514/1716 1390/1114/1363
f 1354/1044/1293 1365/1043/1292 1352/1081/1330
f 1468/977/1226 1467/1455/1659 1469/978/1227
f 1091/1097/1346 1024/1648/1368 1023/1098/1347
f 1208/1367/1594 1205/1260/1504 1104/1259/1503
f 1044/1629/1819 1043/1020/1269 1142/1022/1271
f 1453/1227/1472 1472/994/1243 1474/1066/1315
f 1389/1572/1771 1388/1500/1701 1403/1649/1830
f 1406/1047/1296 1407/1046/1295 1404/1083/1332
f 1585/1085/1334 1584/1266/1510 1587/998/1247
f 1605/1086/1335 1572/1127/1376 1575/1087/1336
f 1412/1089/1338 1278/1501/1702 1410/1090/1339
f 1380/1092/1341 1301/1190/1438 1381/1093/1342
f 1204/1650/1568 1202/1056/1305 1203/1058/1307
f 1357/1111/1360 1379/1475/1678 1378/1194/1442
f 1595/1035/1284 1461/1487/1688 1596/1095/1344
f 1054/1282/1524 1053/1024/1273 1180/1007/1256
f 1232/1096/1345 1173/1138/1387 1091/1097/1346
f 1295/1099/1348 1269/1104/1353 1381/1093/1342
f 1049/1101/1350 1156/1386/1604 1160/1102/1351
f 1162/1103/1352 1160/1102/1351 1161/1019/1268
f 1357/1111/1360 1378/1194/1442 1356/1112/1361
f 1203/1058/1307 1112/1057/1306 1247/1051/1300
f 1390/1114/1363 1398/1514/1716 1399/1115/1364
f 1365/1043/1292 1415/1151/1399 1413/1059/1308
f 1616/1534/1734 1585/1085/1334 1617/1011/1260
f 1092/1117/1366 1185/1378/1600 1113/1118/1367
f 1371/1120/1369 1412/1089/1338 1411/1091/1340
f 1037/1122/1371 1003/1651/1831 1035/1123/1372
f 1380/1092/1341 1382/1417/1624 1301/1190/1438
f 1582/1125/1374 1610/1652/1832 1583/1088/1337
f 1580/1221/1466 1578/1530/1730 1613/1537/1737
f 1345/1129/1378 1316/1449/1654 1347/1045/1294
f 1519/1218/1463 1580/1221/1466 1518/1601/1797
f 1566/1225/1470 1392/1591/1789 1396/1153/1401
f 1292/1143/1391 1359/1195/1443 1358/1167/1415
f 1060/1357/1587 1204/1653/1568 1196/1654/1571
f 1223/1070/1319 1087/1027/1276 1154/1206/1452
f 1510/1137/1386 1610/1652/1832 1582/1125/1374
f 1173/1138/1387 1174/1612/1272 1172/1139/1274
f 1535/1075/1324 1530/1144/1392 1599/1146/1394
f 1056/1039/1288 1228/1110/1359 1055/1037/1286
f 1134/1140/1388 1135/1215/1460 1133/1141/1389
f 1530/1144/1392 1568/1377/1599 1594/1145/1393
f 1090/1147/1395 1176/1310/1550 1111/1148/1396
f 1362/1150/1398 1416/1413/1621 1415/1151/1399
f 1397/1116/1365 1399/1115/1364 1427/1152/1400
f 1088/1244/1488 1015/1028/1277 1087/1027/1276
f 1074/1154/1402 991/1655/1833 1210/1155/1403
f 1204/1331/1568 1200/1286/1528 1102/1285/1527
f 1523/1157/1405 1606/1536/1736 1526/1032/1281
f 1354/1044/1293 1366/1656/1834 1361/1159/1407
f 1525/1158/1406 1521/1569/1768 1520/1588/1786
f 1428/1161/1409 1275/1590/1788 1393/1162/1410
f 1577/1587/1785 1337/1251/1495 1495/1552/1751
f 1231/1164/1412 1164/1314/1553 1089/1165/1413
f 1215/1168/1416 1148/1657/1549 1147/1169/1417
f 1137/1528/1728 1220/1371/1596 1213/1238/1482
f 1065/1052/1301 1026/1515/1717 1063/1171/1419
f 1546/1031/1280 1542/1458/1662 1597/1029/1278
f 1317/1172/1420 1420/1223/1468 1390/1114/1363
f 1293/1174/1422 1268/1105/1354 1269/1104/1353
f 1252/1193/1441 1271/1094/1343 1267/1431/1636
f 1583/1088/1337 1610/1652/1832 1604/1521/1723
f 1197/1176/1424 1017/1632/1822 1110/1178/1426
f 1453/1227/1472 1454/1062/1311 1455/982/1231
f 1192/1179/1427 1029/1579/1778 1108/1180/1428
f 1193/1482/1429 1108/1415/1428 1243/1325/1562
f 1557/1182/1430 1558/1416/1623 1556/981/1230
f 1413/1059/1308 1355/1113/1362 1352/1081/1330
f 1478/1016/1265 1481/1422/1629 1557/1182/1430
f 1533/1077/1326 1532/1278/1520 1530/1144/1392
f 1236/1183/1431 1123/1352/1582 1122/1184/1432
f 1116/1250/1494 1085/1249/1493 1119/1339/1573
f 1228/1110/1359 1095/1283/1525 1050/1186/1434
f 1068/1187/1435 1030/1625/1816 1066/1188/1436
f 1401/1272/1514 1250/1576/1775 1437/1506/1707
f 1299/1100/1349 1381/1093/1342 1301/1190/1438
f 1370/1235/1479 1280/1254/1498 1369/1255/1499
f 1225/1658/1551 1089/1165/1413 1163/1315/1554
f 1378/1194/1442 1358/1167/1415 1359/1195/1443
f 1159/1196/1444 1158/1383/1266 1161/1197/1268
f 1265/1464/1668 1263/1054/1303 1262/1418/1625
f 1233/1199/1445 1182/1581/1779 1093/1200/1446
f 1465/1437/1642 1467/1455/1659 1468/977/1226
f 1086/1202/1448 1013/1049/1298 1150/1203/1449
f 1155/1205/1451 1156/1609/1604 1154/1206/1452
f 1145/1207/1453 1146/1368/1595 1144/1208/1454
f 1042/1532/1732 1041/1526/1557 1137/1528/1728
f 1045/1306/1548 1046/1498/1699 998/1614/1807
f 1276/1135/1384 1257/1134/1383 1275/1590/1788
f 1516/1619/1812 1458/1578/1777 1457/1618/1811
f 1177/1210/1456 1176/1310/1550 1179/1211/1257
f 1565/1213/1458 1582/1125/1374 1576/1126/1375
f 1275/1590/1788 1277/1575/1774 1393/1162/1410
f 1052/1243/1487 1139/1073/1322 1011/1280/1522
f 1135/1215/1460 1134/1140/1388 1221/1216/1461
f 1355/1113/1362 1356/1112/1361 1353/1082/1331
f 1519/1218/1463 1457/1618/1811 1563/1219/1464
f 1579/1220/1465 1578/1530/1730 1580/1221/1466
f 1121/1659/1835 1074/1154/1402 1120/1156/1404
f 1328/1222/1467 1398/1514/1716 1420/1223/1468
f 1566/1225/1470 1576/1126/1375 1575/1087/1336
f 1142/1022/1271 1211/1287/1529 1071/1289/1531
f 1474/1066/1315 1477/1015/1264 1454/1062/1311
f 1294/1228/1473 1289/1615/1808 1273/1229/1474
f 1432/1234/1478 1394/1454/1658 1395/1163/1411
f 1199/1398/1423 1195/1014/1263 1100/1013/1262
f 1370/1235/1479 1376/1660/1836 1374/1236/1480
f 1213/1238/1482 1001/1372/1597 1000/1239/1483
f 1171/1241/1485 1222/1340/1574 1096/1242/1486
f 1538/1559/1758 1528/1631/1821 1539/1076/1325
f 1406/1047/1296 1386/1624/1815 1426/985/1234
f 1088/1244/1488 1167/1069/1318 1109/1245/1489
f 1148/1308/1549 1215/1661/1416 1077/1450/1290
f 1046/1498/1699 1045/1306/1548 1148/1308/1549
f 1165/1247/1491 1169/1341/1575 1171/1241/1485
f 1115/1240/1484 1000/1239/1483 1085/1249/1493
f 1396/1153/1401 1392/1591/1789 1397/1116/1365
f 1326/1271/1513 1328/1222/1467 1329/1224/1469
f 1475/1067/1316 1474/1066/1315 1472/994/1243
f 1382/1417/1624 1304/996/1245 1301/1190/1438
f 1034/1646/1828 1033/1391/1607 1237/1393/1433
f 1280/1254/1498 1282/1408/1616 1412/1089/1338
f 1342/1279/1521 1315/1662/1837 1343/1468/1672
f 1592/1256/1500 1521/1569/1768 1525/1158/1406
f 1105/1258/1502 1008/1663/1838 1104/1259/1503
f 1067/1189/1437 1066/1188/1436 1206/1664/1542
f 1183/1261/1505 1187/1313/1237 1189/1262/1506
f 1167/1267/1318 1168/1381/1602 1166/1268/1511
f 1436/1270/1512 1328/1222/1467 1326/1271/1513
f 1583/1088/1337 1604/1521/1723 1496/1273/1515
f 1609/1034/1283 1591/1513/1715 1524/1274/1516
f 1601/1275/1517 1595/1035/1284 1602/1036/1285
f 1043/1020/1269 1044/1629/1819 994/1634/1824
f 1527/1277/1519 1467/1455/1659 1532/1278/1520
f 1041/1526/1557 1042/1532/1732 990/1483/1684
f 1215/1595/1416 1138/1642/1598 1043/1020/1269
f 1103/1284/1526 1007/1665/1839 1102/1285/1527
f 1079/1293/1535 995/1613/1806 1214/1294/1536
f 1237/1393/1433 1122/1666/1432 1069/1667/1592
f 1047/1303/1545 1149/1668/1609 1152/1304/1546
f 1045/1306/1548 1143/1323/1560 1147/1307/1417
f 1072/1296/1538 1135/1215/1460 1132/1321/1558
f 1211/1287/1529 1142/1022/1271 1141/1021/1270
f 1176/1310/1550 1090/1147/1395 1225/1311/1551
f 1155/1205/1451 1230/1026/1275 1157/1312/1552
f 1226/1231/1476 1189/1262/1506 1187/1313/1237
f 1164/1314/1553 1165/1380/1491 1163/1315/1554
f 1053/1024/1273 1174/1023/1272 1178/1316/1457
f 1061/1358/1588 1060/1357/1587 1196/1654/1571
f 1194/976/1225 1190/975/1224 1106/1390/1606
f 1251/1510/1712 1560/1592/1790 1266/1610/1804
f 1226/1231/1476 1172/1025/1274 1053/1024/1273
f 1228/1110/1359 1181/1531/1731 1055/1037/1286
f 1054/1282/1524 1097/1281/1523 1012/1209/1455
f 1050/1186/1434 1095/1283/1525 1014/1142/1390
f 1395/1163/1411 1394/1454/1658 1348/1589/1787
f 1240/1327/1564 1128/1565/1764 1080/1328/1565
f 1241/1336/1254 1130/1334/1570 1219/1353/1583
f 1246/1330/1567 1201/1301/1543 1200/1286/1528
f 1240/1335/1564 1131/1332/1566 1130/1334/1570
f 1117/1533/1733 1115/1240/1484 1116/1250/1494
f 1234/1338/1572 1117/1533/1733 1116/1250/1494
f 1222/1340/1574 1171/1241/1485 1169/1341/1575
f 1442/1419/1626 1447/1523/1725 1450/1420/1627
f 1248/1344/1576 1208/1622/1594 1114/1345/1577
f 1126/1003/1252 1075/1002/1251 1239/1669/1585
f 1067/1189/1437 1206/1664/1542 1248/1344/1576
f 1194/1670/1225 1192/1179/1427 1193/1181/1429
f 1246/1347/1567 1204/1650/1568 1203/1058/1307
f 1040/1006/1255 999/1671/1840 1038/1351/1581
f 1236/1183/1431 1121/1659/1835 1120/1156/1404
f 1129/1333/1569 1006/1672/1841 1219/1353/1583
f 1036/1124/1373 1125/1643/1799 1238/1354/1584
f 1062/1356/1586 1022/1635/1825 1060/1357/1587
f 1061/1358/1588 1196/1654/1571 1244/1359/1589
f 1244/1359/1589 1199/1673/1423 1198/1361/1425
f 1070/1362/1591 988/1611/1805 1069/1363/1592
f 1058/1324/1561 1191/1674/1555 1242/1364/1223
f 1059/1326/1563 1018/1626/1817 1057/1365/1593
f 1248/1366/1576 1206/1300/1542 1205/1260/1504
f 1389/1572/1771 1390/1114/1363 1397/1116/1365
f 1146/1368/1595 1145/1207/1453 1216/1170/1418
f 1051/1248/1492 1225/1343/1551 1163/1376/1554
f 1172/1025/1274 1092/1675/1366 1091/1676/1346
f 1138/1373/1598 1078/1072/1321 1140/1074/1323
f 1083/1298/1540 1146/1368/1595 1143/1370/1560
f 1189/1262/1506 1226/1231/1476 1098/1038/1287
f 1532/1278/1520 1531/1594/1792 1568/1377/1599
f 1185/1378/1600 1186/986/1235 1184/1379/1601
f 1165/1380/1491 1164/1314/1553 1168/1381/1602
f 1051/1248/1492 1171/1241/1485 1052/1243/1487
f 1158/1383/1266 1159/1196/1444 1157/1312/1552
f 1168/1381/1602 1167/1267/1318 1170/1385/1320
f 1118/1349/1579 1005/1677/1842 1209/1350/1580
f 1234/1388/1572 1119/1348/1573 1209/1350/1580
f 1039/1004/1253 1128/1565/1764 1240/1327/1564
f 1099/1318/1556 1009/1678/1843 1106/1390/1606
f 1033/1391/1607 1121/1679/1835 1236/1392/1431
f 1064/1050/1299 1201/1680/1543 1246/1347/1567
f 1238/1394/1584 1127/1451/1655 1126/1395/1252
f 1244/1397/1589 1196/1337/1571 1195/1014/1263
f 1032/1399/1608 1031/1484/1685 1117/1533/1733
f 1032/1399/1608 1117/1533/1733 1234/1338/1572
f 989/1681/1530 1041/1526/1557 990/1483/1684
f 993/1040/1289 1043/1020/1269 994/1634/1824
f 1096/1242/1486 1049/1101/1350 1050/1186/1434
f 1097/1281/1523 1051/1248/1492 1052/1243/1487
f 1004/1647/1829 1037/1122/1371 1033/1391/1607
f 1430/1402/1610 1422/1409/1617 1349/1403/1611
f 1370/1235/1479 1322/1560/1759 1376/1660/1836
f 1444/1554/1753 1491/1519/1721 1443/1516/1718
f 1416/1413/1621 1410/1090/1339 1414/1414/1622
f 1517/1253/1497 1513/1252/1496 1516/1619/1812
f 1107/1384/1603 1157/1312/1552 1243/1325/1562
f 1208/1367/1594 1103/1284/1526 1201/1301/1543
f 1489/1682/1844 1308/1452/1656 1488/1583/1780
f 1458/1578/1777 1256/1445/1650 1612/1136/1385
f 1503/1570/1769 1504/1561/1760 1489/1682/1844
f 1217/1424/1532 1153/1305/1547 1152/1304/1546
f 1449/1426/1631 1452/989/1238 1512/991/1240
f 1456/1263/1507 1455/982/1231 1559/1472/1675
f 1563/1219/1464 1445/1683/1845 1562/1078/1327
f 1520/1588/1786 1496/1273/1515 1522/1584/1781
f 1486/1488/1689 1490/1617/1810 1558/1416/1623
f 1005/1677/1842 1034/1646/1828 1209/1350/1580
f 992/1638/1826 1074/1154/1402 1075/1002/1251
f 1338/1684/1846 1337/1251/1495 1341/1586/1784
f 1464/1436/1641 1491/1519/1721 1465/1437/1642
f 1498/1438/1643 1471/992/1241 1470/979/1228
f 1309/1497/1698 1558/1416/1623 1490/1617/1810
f 1478/1016/1265 1477/1015/1264 1499/1439/1644
f 1593/1257/1501 1590/1535/1735 1589/1441/1646
f 1548/1442/1647 1551/1448/1653 1544/1443/1648
f 1316/1449/1654 1403/1649/1830 1388/1500/1701
f 1374/1236/1480 1310/1453/1657 1312/1685/1847
f 1460/1446/1651 1459/1598/1795 1552/1447/1652
f 1562/1078/1327 1417/1566/1765 1279/1079/1328
f 1281/1407/1615 1459/1598/1795 1462/1486/1687
f 1483/1597/1794 1544/1443/1648 1501/1557/1756
f 1395/1163/1411 1423/983/1232 1428/1161/1409
f 989/1681/1530 987/1485/1686 988/1686/1805
f 1440/1265/1509 1495/1552/1751 1586/1545/1745
f 1475/1067/1316 1538/1559/1758 1500/1546/1746
f 1321/1541/1741 1367/1550/1750 1368/1593/1791
f 1331/1108/1357 1315/1662/1837 1342/1279/1521
f 1063/1687/1419 1208/1367/1594 1201/1301/1543
f 1020/1149/1397 1022/1688/1825 1019/1637/1414
f 1077/1450/1290 1076/1639/1250 1127/1451/1655
f 1552/1447/1652 1549/1562/1761 1503/1570/1769
f 1447/1523/1725 1511/1480/1683 1450/1420/1627
f 1308/1452/1656 1312/1685/1847 1310/1453/1657
f 1553/1555/1754 1493/1132/1381 1554/1131/1380
f 1349/1403/1611 1348/1589/1787 1394/1454/1658
f 1314/1504/1705 1440/1265/1509 1400/1264/1508
f 1517/1253/1497 1495/1552/1751 1337/1251/1495
f 1265/1464/1668 1334/1463/1667 1263/1054/1303
f 1375/1237/1481 1281/1407/1615 1280/1254/1498
f 1333/1465/1669 1255/1412/1620 1254/972/1221
f 1364/1042/1291 1361/1159/1407 1360/1430/1635
f 1406/1047/1296 1405/1084/1333 1386/1624/1815
f 1338/1684/1846 1344/1469/1673 1339/1503/1704
f 1445/1683/1845 1563/1219/1464 1457/1618/1811
f 1536/1461/1665 1500/1546/1746 1541/1459/1663
f 1541/1459/1663 1542/1458/1662 1537/1460/1664
f 1534/1462/1666 1540/1457/1661 1541/1459/1663
f 1548/1442/1647 1460/1446/1651 1551/1448/1653
f 1339/1503/1704 1337/1251/1495 1338/1684/1846
f 1361/1159/1407 1294/1228/1473 1320/1428/1633
f 1113/1118/1367 1184/1379/1601 1249/1346/1578
f 1340/1467/1671 1342/1279/1521 1343/1468/1672
f 1281/1407/1615 1552/1447/1652 1459/1598/1795
f 1364/1042/1291 1360/1430/1635 1298/1470/1674
f 1431/1404/1612 1394/1454/1658 1432/1234/1478
f 1183/1471/1505 1182/1581/1779 1186/986/1235
f 1559/1472/1675 1455/982/1231 1439/1192/1440
f 1559/1472/1675 1560/1592/1790 1452/989/1238
f 1238/1394/1584 1125/1603/1799 1124/1295/1537
f 1118/1349/1579 1006/1672/1841 1005/1677/1842
f 1239/1669/1585 1074/1154/1402 1121/1659/1835
f 1250/1576/1775 1585/1085/1334 1437/1506/1707
f 1404/1083/1332 1385/1477/1680 1379/1475/1678
f 1357/1111/1360 1386/1624/1815 1405/1084/1333
f 1385/1477/1680 1404/1083/1332 1387/1466/1670
f 1433/1509/1710 1315/1662/1837 1331/1108/1357
f 1129/1333/1569 1003/1651/1831 1006/1672/1841
f 1504/1561/1760 1312/1685/1847 1489/1682/1844
f 1020/1149/1397 1111/1148/1396 1112/1057/1306
f 1336/990/1239 1334/1463/1667 1511/1480/1683
f 1545/1479/1682 1537/1460/1664 1542/1458/1662
f 1149/1401/1609 1086/1202/1448 1151/1204/1450
f 1069/1689/1592 987/1485/1686 1032/1399/1608
f 1373/1568/1767 1302/1525/1727 1321/1541/1741
f 1110/1481/1426 1109/1269/1489 1166/1268/1511
f 1157/1312/1552 1230/1026/1275 1059/1326/1563
f 1493/1132/1381 1444/1554/1753 1492/1421/1628
f 1242/1364/1223 1194/1690/1225 1193/1482/1429
f 990/1483/1684 1042/1532/1732 1031/1484/1685
f 1340/1467/1671 1338/1684/1846 1341/1586/1784
f 1487/1558/1757 1503/1570/1769 1489/1682/1844
f 1131/1691/1566 1079/1293/1535 1125/1603/1799
f 1596/1095/1344 1462/1486/1687 1460/1446/1651
f 1498/1438/1643 1538/1559/1758 1473/993/1242
f 1360/1430/1635 1296/1524/1726 1298/1470/1674
f 1323/1599/1796 1374/1236/1480 1312/1685/1847
f 1354/1044/1293 1319/1602/1798 1366/1656/1834
f 1484/1423/1630 1485/1556/1755 1486/1488/1689
f 1025/1489/1690 1024/1119/1368 1113/1118/1367
f 1564/1607/1802 1427/1152/1400 1259/1692/1848
f 1598/1276/1518 1602/1036/1285 1540/1457/1661
f 1047/1303/1545 1048/1548/1748 1002/1547/1747
f 1380/1092/1341 1271/1094/1343 1455/982/1231
f 1488/1583/1780 1309/1497/1698 1490/1617/1810
f 996/1493/1694 1081/1644/1818 1082/1292/1534
f 1284/1502/1703 1419/1494/1695 1418/1496/1697
f 1164/1314/1553 1231/1164/1412 1166/1268/1511
f 1307/997/1246 1304/996/1245 1309/1497/1698
f 1408/1060/1309 1423/983/1232 1426/985/1234
f 1148/1308/1549 1127/1451/1655 1214/1294/1536
f 1384/1499/1700 1404/1083/1332 1407/1046/1295
f 1009/1678/1843 1105/1258/1502 1106/1390/1606
f 1537/1460/1664 1499/1439/1644 1536/1461/1665
f 1029/1579/1778 1066/1188/1436 1030/1625/1816
f 1131/1332/1566 1035/1123/1372 1129/1333/1569
f 1557/1182/1430 1486/1488/1689 1558/1416/1623
f 1429/1596/1793 1408/1060/1309 1414/1414/1622
f 1048/1548/1748 1047/1303/1545 1153/1305/1547
f 1194/976/1225 1105/1258/1502 1206/1300/1542
f 1284/1502/1703 1285/1512/1714 1317/1172/1420
f 1382/1417/1624 1380/1092/1341 1556/981/1230
f 1402/1109/1358 1342/1279/1521 1340/1467/1671
f 1554/1131/1380 1567/1133/1382 1588/1505/1706
f 1463/1585/1783 1509/1048/1297 1507/999/1248
f 1375/1237/1481 1374/1236/1480 1311/1563/1762
f 1430/1402/1610 1285/1512/1714 1284/1502/1703
f 1400/1264/1508 1584/1266/1510 1585/1085/1334
f 1573/1434/1639 1574/1226/1471 1575/1087/1336
f 1100/1013/1262 1191/1317/1555 1199/1398/1423
f 1329/1224/1469 1420/1223/1468 1317/1172/1420
f 1609/1034/1283 1594/1145/1393 1568/1377/1599
f 1201/1680/1543 1064/1050/1299 1063/1171/1419
f 1379/1475/1678 1377/1539/1739 1358/1167/1415
f 1550/1571/1770 1544/1443/1648 1551/1448/1653
f 1436/1270/1512 1399/1115/1364 1398/1514/1716
f 1079/1293/1535 996/1493/1694 995/1613/1806
f 1232/1096/1345 1023/1098/1347 1026/1515/1717
f 1343/1468/1672 1432/1234/1478 1393/1162/1410
f 1604/1521/1723 1610/1652/1832 1510/1137/1386
f 993/1040/1289 991/1655/1833 992/1638/1826
f 1421/1173/1421 1403/1649/1830 1316/1449/1654
f 1495/1552/1751 1494/1435/1849 1577/1587/1785
f 1002/1547/1747 1220/1693/1596 1047/1303/1545
f 1184/1379/1601 1233/1199/1445 1068/1187/1435
f 1255/1412/1620 1333/1465/1669 1265/1464/1668
f 1296/1524/1726 1295/1099/1348 1299/1100/1349
f 1041/1526/1557 1132/1694/1558 1136/1527/1462
f 1608/1529/1729 1606/1536/1736 1578/1530/1730
f 1220/1693/1596 1149/1668/1609 1047/1303/1545
f 1271/1094/1343 1269/1104/1353 1274/1106/1355
f 1587/998/1247 1505/1000/1249 1617/1011/1260
f 1275/1590/1788 1428/1161/1409 1276/1135/1384
f 1339/1503/1704 1277/1575/1774 1256/1445/1650
f 1042/1532/1732 1137/1528/1728 1117/1533/1733
f 1590/1535/1735 1555/1630/1820 1554/1131/1380
f 1606/1536/1736 1523/1157/1405 1613/1537/1737
f 1290/1492/1693 1291/1063/1312 1286/1065/1314
f 1173/1138/1387 1232/1096/1345 1175/1540/1740
f 1321/1541/1741 1300/1191/1439 1303/995/1244
f 1008/1663/1838 1103/1284/1526 1104/1259/1503
f 1166/1268/1511 1231/1164/1412 1062/1356/1586
f 1435/1577/1776 1258/1507/1708 1611/1608/1803
f 1085/1695/1493 1241/1336/1254 1119/1348/1573
f 1544/1443/1648 1487/1558/1757 1501/1557/1756
f 1066/1188/1436 1194/1670/1225 1206/1664/1542
f 1400/1264/1508 1585/1085/1334 1250/1576/1775
f 1495/1552/1751 1440/1265/1509 1494/1435/1849
f 1396/1153/1401 1581/1214/1459 1566/1225/1470
f 1545/1479/1682 1499/1439/1644 1537/1460/1664
f 1038/1351/1581 999/1671/1840 1002/1547/1747
f 1600/1080/1329 1601/1275/1517 1599/1146/1394
f 1326/1271/1513 1329/1224/1469 1285/1512/1714
f 1021/1478/1681 1060/1696/1587 1022/1688/1825
f 1310/1453/1657 1322/1560/1759 1305/1520/1722
f 1290/1492/1693 1351/1491/1692 1291/1063/1312
f 1512/991/1240 1336/990/1239 1511/1480/1683
f 1564/1607/1802 1259/1692/1848 1611/1608/1803
f 1325/1476/1679 1333/1465/1669 1324/971/1220
f 1197/1176/1424 1018/1626/1817 1017/1632/1822
f 1371/1120/1369 1368/1593/1791 1367/1550/1750
f 1612/1136/1385 1276/1135/1384 1445/1683/1845
f 1344/1469/1673 1338/1684/1846 1340/1467/1671
f 1546/1031/1280 1547/1030/1279 1502/1553/1752
f 1444/1554/1753 1493/1132/1381 1553/1555/1754
f 1425/984/1233 1348/1589/1787 1349/1403/1611
f 1330/1173/1711 1331/1108/1357 1327/1107/1356
f 1539/1076/1325 1541/1459/1663 1500/1546/1746
f 1356/1112/1361 1351/1491/1692 1350/1490/1691
f 1369/1255/1499 1367/1550/1750 1322/1560/1759
f 1382/1417/1624 1309/1497/1698 1304/996/1245
f 1587/998/1247 1586/1545/1745 1506/1574/1773
f 1128/1565/1764 1038/1351/1581 1048/1548/1748
f 1573/1434/1639 1384/1499/1700 1391/1567/1766
f 1322/1560/1759 1306/1542/1742 1305/1520/1722
f 1492/1421/1628 1450/1420/1627 1438/1435/1640
f 1391/1567/1766 1574/1226/1471 1573/1434/1639
f 1570/1616/1809 1496/1273/1515 1509/1048/1297
f 1515/1544/1744 1506/1574/1773 1586/1545/1745
f 1551/1448/1653 1552/1447/1652 1503/1570/1769
f 1384/1499/1700 1388/1500/1701 1389/1572/1771
f 1614/1573/1772 1507/999/1248 1506/1574/1773
f 1562/1078/1327 1600/1080/1329 1607/1033/1282
f 1327/1107/1356 1400/1264/1508 1250/1576/1775
f 1258/1507/1708 1616/1534/1734 1617/1011/1260
f 1435/1577/1776 1259/1692/1848 1427/1152/1400
f 1567/1133/1382 1492/1421/1628 1588/1505/1706
f 1465/1437/1642 1553/1555/1754 1529/1456/1660
f 1589/1441/1646 1573/1434/1639 1571/1128/1377
f 997/1291/1533 1045/1306/1548 998/1614/1807
f 1325/1476/1679 1324/971/1220 1377/1539/1739
f 1204/1331/1568 1101/1012/1261 1196/1337/1571
f 1560/1592/1790 1439/1192/1440 1252/1193/1441
f 1029/1579/1778 1028/1605/1801 1107/1580/1603
f 1518/1601/1797 1515/1544/1744 1514/1543/1743
f 1411/1091/1340 1363/1160/1408 1372/1121/1370
f 1435/1577/1776 1611/1608/1803 1259/1692/1848
f 1182/1581/1779 1183/1471/1505 1181/1582/1731
f 1487/1558/1757 1489/1682/1844 1488/1583/1780
f 1579/1220/1465 1563/1219/1464 1607/1033/1282
f 1522/1584/1781 1497/1406/1614 1603/1406/1782
f 1523/1157/1405 1522/1584/1781 1463/1585/1783
f 1318/1495/1696 1422/1409/1617 1430/1402/1610
f 1461/1487/1688 1278/1501/1702 1282/1408/1616
f 1423/983/1232 1408/1060/1309 1429/1596/1793
f 1458/1578/1777 1516/1619/1812 1513/1252/1496
f 1389/1572/1771 1403/1649/1830 1421/1173/1421
f 1111/1148/1396 1175/1540/1740 1247/1051/1300
f 1007/1665/1839 1101/1012/1261 1102/1285/1527
f 1377/1539/1739 1324/971/1220 1358/1167/1415
f 1029/1579/1778 1027/1201/1447 1028/1605/1801
f 1520/1588/1786 1521/1569/1768 1572/1127/1376
f 1520/1588/1786 1605/1086/1335 1496/1273/1515
f 1336/990/1239 1452/989/1238 1251/1510/1712
f 1417/1566/1765 1276/1135/1384 1428/1161/1409
f 1257/1134/1383 1256/1445/1650 1277/1575/1774
f 1389/1572/1771 1397/1116/1365 1392/1591/1789
f 1015/1028/1277 1017/1632/1822 1018/1626/1817
f 1545/1479/1682 1502/1553/1752 1482/1633/1823
f 1529/1456/1660 1553/1555/1754 1531/1594/1792
f 1412/1089/1338 1371/1120/1369 1369/1255/1499
f 1432/1234/1478 1433/1509/1710 1430/1402/1610
f 1417/1566/1765 1428/1161/1409 1423/983/1232
f 1000/1239/1483 1040/1697/1255 1085/1249/1493
f 1502/1553/1752 1483/1597/1794 1482/1633/1823
f 1483/1597/1794 1501/1557/1756 1485/1556/1755
f 1307/997/1246 1305/1520/1722 1306/1542/1742
f 1379/1475/1678 1385/1477/1680 1377/1539/1739
f 1457/1618/1811 1612/1136/1385 1445/1683/1845
f 1494/1435/1849 1341/1586/1784 1577/1587/1785
f 1543/1444/1649 1502/1553/1752 1547/1030/1279
f 1295/1099/1348 1296/1524/1726 1297/1429/1634
f 1267/1431/1850 1274/1106/1850 1272/1432/1850
f 1498/1438/1643 1527/1277/1519 1528/1631/1821
f 1401/1272/1514 1437/1506/1707 1434/1508/1709
f 1320/1428/1633 1294/1228/1473 1270/1230/1475
f 1614/1573/1772 1515/1544/1744 1518/1601/1797
f 1353/1082/1331 1350/1490/1691 1319/1602/1798
f 1224/1009/1258 1097/1281/1523 1054/1282/1524
f 1191/1674/1555 1058/1324/1561 1057/1365/1593
f 1037/1122/1371 1036/1124/1373 1239/1355/1585
f 1094/1604/1800 1158/1698/1266 1107/1580/1603
f 1235/1389/1605 1069/1667/1592 1032/1699/1608
f 1422/1409/1617 1345/1129/1378 1346/1130/1379
f 1185/1700/1600 1092/1675/1366 1227/1233/1477
f 1002/1701/1747 1000/1239/1483 1001/1372/1597
f 1318/1495/1696 1419/1494/1695 1317/1172/1420
f 1094/1604/1800 1027/1201/1447 1093/1200/1446
f 1330/1173/1711 1285/1512/1714 1430/1402/1610
f 998/1614/1807 996/1493/1694 997/1291/1533
f 1509/1048/1297 1463/1585/1783 1570/1616/1809
f 1119/1348/1573 1219/1353/1583 1118/1349/1579
f 1258/1507/1708 1565/1213/1458 1564/1607/1802
f 1156/1609/1604 1155/1205/1451 1159/1196/1444
f 1265/1464/1668 1262/1418/1625 1255/1412/1620
f 1576/1126/1375 1583/1088/1337 1575/1087/1336
f 1495/1552/1751 1517/1253/1497 1518/1601/1797
f 988/1611/1805 1070/1362/1591 1071/1289/1531
f 1480/1440/1645 1482/1633/1823 1481/1422/1629
f 1300/1191/1439 1321/1541/1741 1302/1525/1727
f 1366/1656/1834 1289/1615/1808 1294/1228/1473
f 1199/1175/1423 1057/1365/1593 1197/1176/1424
f 1372/1121/1370 1373/1568/1767 1368/1593/1791
f 1375/1237/1481 1549/1562/1761 1552/1447/1652
f 1319/1602/1798 1290/1492/1693 1289/1615/1808
f 1455/982/1231 1271/1094/1343 1439/1192/1440
f 1174/1612/1272 1173/1138/1387 1177/1210/1456
f 1283/1551/1328 1417/1566/1765 1429/1596/1793
f 1046/1498/1699 1214/1294/1536 995/1613/1806
f 1289/1615/1808 1290/1492/1693 1288/1474/1677
f 1404/1083/1332 1384/1499/1700 1446/1433/1638
f 1175/1540/1740 1232/1096/1345 1065/1052/1301
f 1562/1078/1327 1445/1683/1845 1276/1135/1384
f 1391/1567/1766 1392/1591/1789 1566/1225/1470
f 1176/1310/1550 1177/1210/1456 1175/1540/1740
f 1341/1586/1784 1494/1435/1849 1332/1621/1813
f 1497/1406/1614 1522/1584/1781 1496/1273/1515
f 1356/1112/1361 1359/1195/1443 1351/1491/1692
f 1587/998/1247 1584/1266/1510 1440/1265/1509
f 1463/1585/1783 1614/1573/1772 1580/1221/1466
f 1070/1362/1591 1123/1352/1582 1142/1022/1271
f 1302/1525/1727 1298/1470/1674 1296/1524/1726
f 1291/1063/1312 1351/1491/1692 1359/1195/1443
f 1332/1621/1813 1440/1265/1509 1314/1504/1705
f 1485/1556/1755 1488/1583/1780 1490/1617/1810
f 1508/1522/1724 1509/1048/1297 1496/1273/1515
f 1446/1433/1638 1384/1499/1700 1573/1434/1639
f 1518/1601/1797 1517/1253/1497 1516/1619/1812
f 1220/1371/1596 1137/1528/1728 1136/1527/1462
f 1525/1158/1406 1520/1588/1786 1522/1584/1781
f 1332/1621/1813 1314/1504/1705 1340/1467/1671
f 1037/1122/1371 1121/1679/1835 1033/1391/1607
f 1327/1107/1356 1402/1109/1358 1314/1504/1705
f 1476/1068/1317 1499/1439/1644 1477/1015/1264
f 1343/1468/1672 1393/1162/1410 1277/1575/1774
f 1343/1468/1672 1315/1662/1837 1433/1509/1710
f 1120/1156/1404 1210/1155/1403 1123/1352/1582
f 1291/1063/1312 1292/1143/1391 1287/1064/1313
f 1508/1522/1724 1510/1137/1386 1505/1000/1249
f 1357/1111/1360 1409/1061/1310 1426/985/1234
f 1278/1501/1702 1461/1487/1688 1279/1079/1328
f 1615/1010/1259 1582/1125/1374 1565/1213/1458
f 1434/1508/1709 1427/1152/1400 1399/1115/1364
f 1589/1441/1646 1588/1505/1706 1438/1435/1640
f 1068/1187/1435 1233/1199/1445 1027/1201/1447
f 1265/1464/1668 1333/1465/1669 1446/1433/1638
f 1024/1648/1368 1026/1515/1717 1023/1098/1347
f 1230/1026/1275 1015/1028/1277 1018/1626/1817
f 1003/1651/1831 1005/1677/1842 1006/1672/1841
f 1081/1627/1818 1128/1565/1764 1153/1305/1547
f 1609/1034/1283 1607/1033/1282 1600/1080/1329
f 1409/1061/1310 1357/1111/1360 1355/1113/1362
f 1451/1427/1632 1512/991/1240 1447/1523/1725
f 1593/1257/1501 1524/1274/1516 1591/1513/1715
f 1010/1640/1827 1099/1318/1556 1100/1013/1262
f 1142/1022/1271 1123/1352/1582 1210/1155/1403
f 1117/1533/1733 1137/1528/1728 1213/1238/1482
f 1591/1513/1715 1568/1377/1599 1555/1630/1820
f 1446/1433/1638 1450/1420/1627 1265/1464/1668
f 1401/1272/1514 1326/1271/1513 1327/1107/1356
f 1602/1036/1285 1597/1029/1278 1542/1458/1662
f 1251/1510/1712 1266/1610/1804 1267/1431/1636
f 1274/1106/1355 1268/1105/1354 1270/1230/1475
f 1363/1160/1408 1411/1091/1340 1416/1413/1621
f 1052/1243/1487 1096/1242/1486 1139/1073/1322
f 1533/1077/1326 1539/1076/1325 1528/1631/1821
f 1016/1246/1490 1109/1245/1489 1110/1178/1426
f 1009/1678/1843 1007/1665/1839 1008/1663/1838
f 1440/1265/1509 1332/1621/1813 1494/1435/1849
f 1182/1581/1779 1233/1199/1445 1184/1379/1601
f 1484/1423/1630 1481/1422/1629 1482/1633/1823
f 1427/1152/1400 1565/1213/1458 1396/1153/1401
f 1553/1555/1754 1554/1131/1380 1555/1630/1820
f 1599/1146/1394 1598/1276/1518 1534/1462/1666
f 1363/1160/1408 1298/1470/1674 1373/1568/1767
f 1210/1155/1403 991/1655/1833 994/1634/1824
f 1463/1585/1783 1507/999/1248 1614/1573/1772
f 1361/1159/1407 1320/1428/1633 1360/1430/1635
f 1034/1646/1828 1235/1389/1605 1209/1350/1580
f 1496/1273/1515 1604/1521/1723 1508/1522/1724
f 1207/1702/1814 1026/1515/1717 1025/1703/1690
f 1231/1164/1412 1019/1166/1414 1022/1635/1825
f 1281/1407/1615 1462/1486/1687 1282/1408/1616
f 1681/1704/1851 1676/1705/1852 1670/1706/1853
f 2144/1707/1854 2143/1708/1855 2117/1709/1856
f 1735/1710/1857 1730/1711/1858 1733/1712/1859
f 1872/1713/1860 1865/1714/1861 1867/1715/1862
f 2015/1716/1863 2009/1717/1864 2011/1718/1865
f 1802/1719/1866 1789/1720/1867 1787/1721/1868
f 1988/1722/1869 1979/1723/1870 1977/1724/1871
f 1979/1723/1870 1986/1725/1872 1987/1726/1873
f 1983/1727/1874 1928/1728/1875 1930/1729/1876
f 2005/1730/1877 1996/1731/1878 1997/1732/1879
f 1828/1733/1880 1827/1734/1881 1814/1735/1882
f 2048/1736/1883 2089/1737/1884 2090/1738/1885
f 1764/1739/1886 1771/1740/1887 1765/1741/1888
f 1880/1742/1889 1997/1732/1879 1992/1743/1890
f 1834/1744/1891 1833/1745/1892 1832/1746/1893
f 1759/1747/1894 1774/1748/1895 1761/1749/1896
f 2045/1750/1897 2042/1751/1898 2039/1752/1899
f 1792/1753/1900 1798/1754/1901 1794/1755/1902
f 2133/1756/1903 2144/1707/1854 2135/1757/1904
f 1958/1758/1905 1971/1759/1906 1972/1760/1907
f 2070/1761/1908 2129/1762/1909 2130/1763/1910
f 1868/1764/1911 1862/1765/1912 1863/1766/1913
f 1810/1767/1914 1869/1768/1915 1812/1769/1916
f 2016/1770/1917 2013/1771/1918 2015/1716/1863
f 2139/1772/1919 2120/1773/1920 2119/1774/1921
f 1755/1775/1922 1749/1776/1923 1748/1777/1924
f 2126/1778/1925 2137/1779/1926 2141/1780/1927
f 1704/1781/1928 1700/1782/1929 1703/1783/1930
f 1845/1784/1931 1841/1785/1932 1842/1786/1933
f 1972/1760/1907 1965/1787/1934 1967/1788/1935
f 1841/1785/1932 1791/1789/1936 1793/1790/1937
f 2001/1791/1938 1993/1792/1939 2014/1793/1940
f 1730/1711/1858 1989/1794/1941 1716/1795/1942
f 2088/1796/1943 2083/1797/1944 2082/1798/1945
f 1898/1799/1946 1914/1800/1947 1626/1801/1948
f 1897/1802/1949 1912/1803/1950 1913/1804/1951
f 1972/1760/1907 1967/1788/1935 1970/1805/1952
f 1959/1806/1953 1971/1759/1906 2080/1807/1954
f 1863/1766/1913 1852/1808/1955 1853/1809/1956
f 1623/1810/1957 1619/1811/1958 1629/1812/1959
f 1625/1813/1960 1630/1814/1961 1618/1815/1962
f 1877/1816/1963 1630/1814/1961 1625/1813/1960
f 2148/1817/1964 1640/1818/1965 1645/1819/1966
f 1907/1820/1967 1887/1821/1968 1906/1822/1969
f 1621/1823/1970 1631/1824/1971 1622/1825/1972
f 1634/1826/1973 1621/1823/1970 1632/1827/1974
f 1629/1812/1959 1634/1826/1973 1633/1828/1975
f 2079/1829/1976 2092/1830/1977 2080/1807/1954
f 1637/1831/1978 1631/1824/1971 1635/1832/1979
f 1675/1833/1980 1627/1834/1981 1674/1835/1982
f 1771/1740/1887 1768/1836/1983 1767/1837/1984
f 2150/1838/1985 2047/1839/1986 2027/1840/1987
f 2046/1841/1988 2048/1736/1883 2045/1750/1897
f 1647/1842/1989 1659/1843/1990 1651/1844/1991
f 1651/1844/1991 1686/1845/1992 1647/1842/1989
f 1723/1846/1993 1663/1847/1994 1722/1848/1995
f 1936/1849/1996 1935/1850/1997 1921/1851/1998
f 1660/1852/1999 1658/1853/2000 1879/1854/2001
f 1879/1854/2001 1657/1855/2002 1660/1852/1999
f 1650/1856/2003 1689/1857/2004 1660/1852/1999
f 1660/1852/1999 1655/1858/2005 1650/1856/2003
f 1651/1844/1991 1690/1859/2006 1686/1845/1992
f 1689/1857/2004 1659/1843/1990 1658/1853/2000
f 1658/1853/2000 1660/1852/1999 1689/1857/2004
f 1689/1857/2004 1651/1844/1991 1659/1843/1990
f 1879/1854/2001 1658/1853/2000 1659/1843/1990
f 1659/1843/1990 1647/1842/1989 1879/1854/2001
f 2040/1860/2007 2075/1861/2008 2076/1862/2009
f 1804/1863/2010 1840/1864/2011 1805/1865/2012
f 1882/1866/2013 1853/1809/1956 1852/1808/1955
f 1697/1867/2014 1662/1868/2015 1723/1846/1993
f 1664/1869/2016 1652/1870/2017 1721/1871/2018
f 1722/1848/1995 1732/1872/2019 1737/1873/2020
f 1861/1874/2021 1848/1875/2022 1849/1876/2023
f 1826/1877/2024 1820/1878/2025 1821/1879/2026
f 1865/1714/1861 1851/1880/2027 1864/1881/2028
f 2125/1882/2029 2123/1883/2030 2137/1779/1926
f 1854/1884/2031 1856/1885/2032 1855/1886/2033
f 1690/1859/2006 1701/1887/2034 1671/1888/2035
f 1671/1888/2035 1672/1889/2036 1690/1859/2006
f 1672/1889/2036 1686/1845/1992 1690/1859/2006
f 2111/1890/2037 2096/1891/2038 2095/1892/2039
f 1706/1893/2040 1705/1894/2041 1695/1895/2042
f 1696/1896/2043 1661/1897/2044 1695/1895/2042
f 1696/1896/2043 1687/1898/2045 1661/1897/2044
f 1687/1898/2045 1696/1896/2043 1697/1867/2014
f 1983/1727/1874 1927/1899/2046 1928/1728/1875
f 1663/1847/1994 1662/1868/2015 1697/1867/2014
f 2067/1900/2047 2095/1892/2039 2050/1901/2048
f 1985/1902/2049 1934/1903/2050 1940/1904/2051
f 1708/1905/2052 1693/1906/2053 1707/1907/2054
f 1921/1851/1998 1941/1908/2055 1881/1909/2056
f 2018/1910/2057 2133/1756/1903 2134/1911/2058
f 2007/1912/2059 1995/1913/2060 2004/1914/2061
f 2007/1912/2059 1994/1915/2062 1995/1913/2060
f 1970/1805/1952 1966/1916/2063 1969/1917/2064
f 2014/1793/1940 2012/1918/2065 2013/1771/1918
f 1816/1919/2066 1829/1920/2067 1830/1921/2068
f 2001/1791/1938 2000/1922/2069 2002/1923/2070
f 1726/1924/2071 1706/1893/2040 1695/1895/2042
f 1701/1887/2034 1691/1925/2072 1671/1888/2035
f 1691/1925/2072 1670/1706/1853 1671/1888/2035
f 1817/1926/2073 1670/1706/1853 1691/1925/2072
f 1989/1794/1941 1709/1927/2074 1715/1928/2075
f 2057/1929/2076 2055/1930/2077 2056/1931/2078
f 1900/1932/2079 1911/1933/2080 1901/1934/2081
f 1777/1935/2082 1821/1879/2026 1776/1936/2083
f 1704/1781/1928 1691/1925/2072 1701/1887/2034
f 1974/1937/2084 1933/1938/2085 1932/1939/2086
f 1867/1715/1862 1864/1881/2028 1866/1940/2087
f 1848/1875/2022 1851/1880/2027 1850/1941/2088
f 1869/1768/1915 1866/1940/2087 1868/1764/1911
f 1824/1942/2089 1818/1943/2090 1823/1944/2091
f 1816/1919/2066 1815/1945/2092 1668/1946/2093
f 1876/1947/2094 1709/1927/2074 1989/1794/1941
f 1723/1846/1993 1737/1873/2020 1738/1948/2095
f 2050/1901/2048 2095/1892/2039 2061/1949/2096
f 1888/1950/2097 1905/1951/2098 1906/1822/1969
f 1966/1916/2063 1961/1952/2099 1962/1953/2100
f 1831/1954/2101 1825/1955/2102 1828/1733/1880
f 1829/1920/2067 1817/1926/2073 1824/1942/2089
f 1914/1800/1947 1916/1956/2103 1964/1957/2104
f 2146/1958/2105 2140/1959/2106 2145/1960/2107
f 2099/1961/2108 2109/1962/2109 2100/1963/2110
f 1649/1964/2111 1626/1801/1948 1964/1957/2104
f 1871/1965/2112 1850/1941/2088 1865/1714/1861
f 2141/1780/1927 2136/1966/2113 2139/1772/1919
f 1971/1759/1906 1959/1806/1953 1965/1787/1934
f 1954/1967/2114 2010/1968/2115 1955/1969/2116
f 1638/1970/2117 1680/1971/2118 1685/1972/2119
f 1802/1719/1866 1853/1809/1956 1801/1973/2120
f 1873/1974/2121 1871/1965/2112 1872/1713/1860
f 1732/1872/2019 1718/1975/2122 1731/1976/2123
f 1822/1977/2124 2150/1838/1985 1751/1978/2125
f 1668/1946/2093 1682/1979/2126 1669/1980/2127
f 2056/1931/2078 2107/1981/2128 2059/1982/2129
f 1692/1983/2130 1703/1783/1930 1693/1906/2053
f 2092/1830/1977 2082/1798/1945 2081/1984/2131
f 1814/1735/1882 1826/1877/2024 1777/1935/2082
f 1976/1985/2132 1975/1986/2133 1974/1937/2084
f 1878/1987/2134 1720/1988/2135 1653/1989/2136
f 1698/1990/2137 1663/1847/1994 1697/1867/2014
f 1846/1991/2138 1837/1992/2139 1835/1993/2140
f 1668/1946/2093 1669/1980/2127 1816/1919/2066
f 1893/1994/2141 1890/1995/2142 1889/1996/2143
f 1752/1997/2144 1756/1998/2145 1755/1775/1922
f 2149/1999/2146 2033/2000/2147 2034/2001/2148
f 1751/1978/2125 1760/2002/2149 1759/1747/1894
f 1691/1925/2072 1704/1781/1928 1692/1983/2130
f 1746/2003/2150 1747/2004/2151 1767/1837/1984
f 1987/1726/1873 1983/1727/1874 1984/2005/2152
f 1770/2006/2153 1769/2007/2154 1750/2008/2155
f 1913/1804/1951 1912/1803/1950 1911/1933/2080
f 1750/2008/2155 1768/1836/1983 1770/2006/2153
f 2040/1860/2007 2035/2009/2156 2038/2010/2157
f 2026/2011/2158 2020/2012/2159 2035/2009/2156
f 2048/1736/1883 2042/1751/1898 2045/1750/1897
f 1785/2013/2160 2151/2014/2161 1796/2015/2162
f 1796/2015/2162 1786/2016/2163 1785/2013/2160
f 1798/1754/1901 1783/2017/2164 1782/2018/2165
f 1782/2018/2165 1799/2019/2166 1798/1754/1901
f 1798/1754/1901 1800/2020/2167 1794/1755/1902
f 2151/2014/2161 1795/2021/2168 1796/2015/2162
f 1800/2020/2167 1798/1754/1901 1799/2019/2166
f 1799/2019/2166 1786/2016/2163 1800/2020/2167
f 1786/2016/2163 1796/2015/2162 1800/2020/2167
f 1782/2018/2165 1785/2013/2160 1786/2016/2163
f 1786/2016/2163 1799/2019/2166 1782/2018/2165
f 1653/1989/2136 1721/1871/2018 1652/1870/2017
f 1807/2022/2169 1803/2023/2170 1804/1863/2010
f 1810/1767/1914 1809/2024/2171 1808/2025/2172
f 1812/1769/1916 1811/2026/2173 1809/2024/2171
f 1802/1719/1866 1787/1721/1868 1788/2027/2174
f 2000/1922/2069 2134/1911/2058 2002/1923/2070
f 2078/2028/2175 2079/1829/1976 2017/2029/2176
f 1734/2030/2177 1716/1795/1942 1715/1928/2075
f 1774/1748/1895 1773/2031/2178 1772/2032/2179
f 1916/1956/2103 1963/2033/2180 1964/1957/2104
f 1628/2034/2181 1666/2035/2182 1775/2036/2183
f 2089/1737/1884 2084/2037/2184 2088/1796/1943
f 2034/2001/2148 2033/2000/2147 2027/1840/1987
f 1743/2038/2185 1741/2039/2186 1740/2040/2187
f 1818/1943/2090 1832/1746/1893 1795/2021/2168
f 1795/2021/2168 1819/2041/2188 1818/1943/2090
f 1819/2041/2188 1795/2021/2168 2151/2014/2161
f 1808/2025/2172 1803/2023/2170 1807/2022/2169
f 1809/2024/2171 1811/2026/2173 1790/2042/2189
f 1985/1902/2049 1930/1729/1876 1934/1903/2050
f 1689/1857/2004 1701/1887/2034 1651/1844/1991
f 1975/1986/2133 1985/1902/2049 1974/1937/2084
f 1776/1936/2083 1821/1879/2026 1822/1977/2124
f 1830/1921/2068 1824/1942/2089 1825/1955/2102
f 2127/2043/2190 2141/1780/1927 2142/2044/2191
f 2093/2045/2192 2087/2046/2193 2092/1830/1977
f 1835/1993/2140 1845/1784/1931 1833/1745/1892
f 2106/2047/2194 2055/1930/2077 2105/2048/2195
f 1818/1943/2090 1834/1744/1891 1832/1746/1893
f 1834/1744/1891 1818/1943/2090 1817/1926/2073
f 1817/1926/2073 1691/1925/2072 1834/1744/1891
f 1850/1941/2088 1860/2049/2196 1848/1875/2022
f 1792/1753/1900 1790/2042/2189 1788/2027/2174
f 1721/1871/2018 1719/2050/2197 1732/1872/2019
f 1725/2051/2198 1742/2052/2199 1743/2038/2185
f 1965/1787/1934 1960/2053/2200 1961/1952/2099
f 1813/2054/2201 1863/1766/1913 1802/1719/1866
f 2078/2028/2175 2093/2045/2192 2079/1829/1976
f 2136/1966/2113 2121/2055/2202 2120/1773/1920
f 1710/2056/2203 1719/2050/2197 1711/2057/2204
f 2068/2058/2205 2057/1929/2076 2058/2059/2206
f 2011/1718/1865 2008/2060/2207 2010/1968/2115
f 1848/1875/2022 1860/2049/2196 1876/1947/2094
f 1904/2061/2208 1906/1822/1969 1905/1951/2098
f 1686/1845/1992 1672/1889/2036 1961/1952/2099
f 1738/1948/2095 1735/1710/1857 1736/2062/2209
f 2098/2063/2210 2099/1961/2108 2101/2064/2211
f 1911/1933/2080 1909/2065/2212 1910/2066/2213
f 2096/1891/2038 2097/2067/2214 2098/2063/2210
f 1918/2068/2215 1969/1917/2064 1956/2069/2216
f 1773/2031/2178 1748/1777/1924 1772/2032/2179
f 1650/1856/2003 1700/1782/1929 1689/1857/2004
f 1902/2070/2217 1956/2069/2216 1901/1934/2081
f 2128/2071/2218 2071/2072/2219 2072/2073/2220
f 2041/2074/2221 2074/2075/2222 2075/1861/2008
f 2062/2076/2223 2052/2077/2224 2068/2058/2205
f 2091/2078/2225 2088/1796/1943 2087/2046/2193
f 1843/2079/2226 1793/1790/1937 1794/1755/1902
f 1805/1865/2012 1855/1886/2033 1804/1863/2010
f 1676/1705/1852 1671/1888/2035 1670/1706/1853
f 1896/2080/2227 1893/1994/2141 1912/1803/1950
f 1667/2081/2228 1668/1946/2093 1815/1945/2092
f 1900/1932/2079 1956/2069/2216 1917/2082/2229
f 2075/1861/2008 2091/2078/2225 2094/2083/2230
f 1651/1844/1991 1701/1887/2034 1690/1859/2006
f 1680/1971/2118 1679/2084/2231 1683/2085/2232
f 2062/2076/2223 2064/2086/2233 2152/2087/2234
f 1919/2088/2235 1970/1805/1952 1918/2068/2215
f 1765/1741/1888 1779/2089/2236 1764/1739/1886
f 1806/2090/2237 1874/2091/2238 1810/1767/1914
f 1957/2092/2239 1920/2093/2240 1915/2094/2241
f 1895/2095/2242 1894/2096/2243 1893/1994/2141
f 1895/2095/2242 1893/1994/2141 1891/2097/2244
f 1914/1800/1947 1898/1799/1946 1899/2098/2245
f 1761/1749/1896 1772/2032/2179 1762/2099/2246
f 1909/2065/2212 1908/2100/2247 1885/2101/2248
f 1885/2101/2248 1907/1820/1967 1909/2065/2212
f 1859/2102/2249 1870/2103/2250 1873/1974/2121
f 1639/2104/2251 1635/1832/1979 1636/2105/2252
f 2110/2106/2253 2107/1981/2128 2109/1962/2109
f 1741/2039/2186 1734/2030/2177 1739/2107/2254
f 1955/1969/2116 1925/2108/2255 1927/1899/2046
f 1626/1801/1948 1674/1835/1982 1627/1834/1981
f 1643/2109/2256 1646/2110/2257 1642/2111/2258
f 1637/1831/1978 1685/1972/2119 1665/2112/2259
f 1624/2113/2260 1665/2112/2259 1666/2035/2182
f 1922/2114/2261 1931/2115/2262 1933/1938/2085
f 1933/1938/2085 1923/2116/2263 1922/2114/2261
f 2022/2117/2264 2025/2118/2265 2024/2119/2266
f 1934/1903/2050 1930/1729/1876 1929/2120/2267
f 1937/2121/2268 1939/2122/2269 1938/2123/2270
f 1934/1903/2050 1929/2120/2267 1938/2123/2270
f 1938/2123/2270 1940/1904/2051 1934/1903/2050
f 1931/2115/2262 1932/1939/2086 1933/1938/2085
f 1940/1904/2051 1938/2123/2270 1939/2122/2269
f 1939/2122/2269 1923/2116/2263 1940/1904/2051
f 1923/2116/2263 1933/1938/2085 1940/1904/2051
f 1939/2122/2269 1922/2114/2261 1923/2116/2263
f 2054/2124/2271 2125/1882/2029 2052/2077/2224
f 2152/2087/2234 2124/2125/2272 2054/2124/2271
f 1948/2126/2273 1946/2127/2274 1947/2128/2275
f 1951/2129/2276 1950/2130/2277 1949/2131/2278
f 1954/1967/2114 1953/2132/2279 1952/2133/2280
f 1942/2134/2281 1924/2135/2282 1925/2108/2255
f 1827/1734/1881 1823/1944/2091 1826/1877/2024
f 1969/1917/2064 1966/1916/2063 1968/2136/2283
f 1675/1833/1980 1674/1835/1982 1678/2137/2284
f 1912/1803/1950 1889/1996/2143 1911/1933/2080
f 1684/2138/2285 1683/2085/2232 1682/1979/2126
f 1960/2053/2200 1974/1937/2084 1932/1939/2086
f 1932/1939/2086 1961/1952/2099 1960/2053/2200
f 1961/1952/2099 1932/1939/2086 1931/2115/2262
f 1695/1895/2042 1725/2051/2198 1726/1924/2071
f 1982/2139/2286 1943/2140/2287 1946/2127/2274
f 1946/2127/2274 1948/2126/2273 1949/2131/2278
f 1949/2131/2278 1950/2130/2277 1952/2133/2280
f 1952/2133/2280 1953/2132/2279 1927/1899/2046
f 2059/1982/2129 2108/2141/2288 2067/1900/2047
f 1990/2142/2289 1991/2143/2290 1995/1913/2060
f 2122/2144/2291 2114/2145/2292 2113/2146/2293
f 1783/2017/2164 1797/2147/2294 1784/2148/2295
f 1899/2098/2245 1913/1804/1951 1900/1932/2079
f 1684/2138/2285 1668/1946/2093 1667/2081/2228
f 1995/1913/2060 1994/1915/2062 1990/2142/2289
f 1794/1755/1902 1793/1790/1937 1792/1753/1900
f 2101/2064/2211 2100/1963/2110 2103/2149/2296
f 1736/2062/2209 1733/1712/1859 1734/2030/2177
f 1742/2052/2199 1736/2062/2209 1741/2039/2186
f 1688/2150/2297 1699/2151/2298 1650/1856/2003
f 1724/2152/2299 1738/1948/2095 1742/2052/2199
f 1635/1832/1979 1621/1823/1970 1634/1826/1973
f 1960/2053/2200 1976/1985/2132 1974/1937/2084
f 1976/1985/2132 1960/2053/2200 1959/1806/1953
f 1994/1915/2062 1993/1792/1939 1990/2142/2289
f 1993/1792/1939 2003/2153/2300 1990/2142/2289
f 2140/1959/2106 2139/1772/1919 2138/2154/2301
f 1925/2108/2255 1938/2123/2270 1929/2120/2267
f 1929/2120/2267 1928/1728/1875 1925/2108/2255
f 1665/2112/2259 1685/1972/2119 1684/2138/2285
f 2058/2059/2206 2056/1931/2078 2059/1982/2129
f 2142/2044/2191 2139/1772/1919 2140/1959/2106
f 1683/2085/2232 1677/2155/2302 1681/1704/1851
f 1731/1976/2123 1718/1975/2122 1730/1711/1858
f 2044/2156/2303 2022/2117/2264 2043/2157/2304
f 1942/2134/2281 1997/1732/1879 1941/1908/2055
f 1737/1873/2020 1731/1976/2123 1735/1710/1857
f 1772/2032/2179 1770/2006/2153 1771/1740/1887
f 1810/1767/1914 1807/2022/2169 1806/2090/2237
f 1710/2056/2203 1991/2143/2290 1717/2158/2305
f 2080/1807/1954 2081/1984/2131 1959/1806/1953
f 1641/2159/2306 1629/1812/1959 1640/1818/1965
f 1845/1784/1931 1842/1786/1933 1843/2079/2226
f 2076/1862/2009 2094/2083/2230 2078/2028/2175
f 1866/1940/2087 1861/1874/2021 1862/1765/1912
f 1977/1724/1871 1987/1726/1873 1975/1986/2133
f 1837/1992/2139 1844/2160/2307 1845/1784/1931
f 1654/2161/2308 1663/1847/1994 1688/2150/2297
f 2097/2067/2214 2110/2106/2253 2099/1961/2108
f 1711/2057/2204 1720/1988/2135 1712/2162/2309
f 1713/2163/2310 1714/2164/2311 1854/1884/2031
f 2000/1922/2069 2001/1791/1938 1999/2165/2312
f 1903/2166/2313 1910/2066/2213 1904/2061/2208
f 1645/1819/1966 1630/1814/1961 1877/1816/1963
f 1660/1852/1999 1654/2161/2308 1655/1858/2005
f 1642/2111/2258 1639/2104/2251 1636/2105/2252
f 2147/2167/2314 2145/1960/2107 2144/1707/1854
f 1812/1769/1916 1790/2042/2189 1811/2026/2173
f 1954/1967/2114 1927/1899/2046 1953/2132/2279
f 2034/2001/2148 2043/2157/2304 2149/1999/2146
f 1629/1812/1959 1633/1828/1975 1623/1810/1957
f 2038/2010/2157 2019/2168/2315 2037/2169/2316
f 2004/1914/2061 1995/1913/2060 1996/1731/1878
f 1646/2110/2257 1678/2137/2284 1679/2084/2231
f 2042/1751/1898 2038/2010/2157 2039/1752/1899
f 2111/1890/2037 2108/2141/2288 2110/2106/2253
f 1896/2080/2227 2148/1817/1964 1645/1819/1966
f 1781/2170/2317 1801/1973/2120 1847/2171/2318
f 1973/2172/2319 1972/1760/1907 1919/2088/2235
f 1859/2102/2249 1857/2173/2320 1858/2174/2321
f 2132/2175/2322 2144/1707/1854 2133/1756/1903
f 2009/1717/1864 2007/1912/2059 2008/2060/2207
f 2135/1757/1904 2117/1709/1856 2116/2176/2323
f 1759/1747/1894 1777/1935/2082 1776/1936/2083
f 1957/2092/2239 1972/1760/1907 1973/2172/2319
f 2024/2119/2266 2023/2177/2324 2022/2117/2264
f 2032/2178/2325 2031/2179/2326 2030/2180/2327
f 2028/2181/2328 2031/2179/2326 2032/2178/2325
f 1656/2182/2329 1652/1870/2017 1660/1852/1999
f 1747/2004/2151 1766/2183/2330 1767/1837/1984
f 2019/2168/2315 2035/2009/2156 2020/2012/2159
f 1768/1836/1983 1746/2003/2150 1767/1837/1984
f 2037/2169/2316 2019/2168/2315 2036/2184/2331
f 2022/2117/2264 2037/2169/2316 2025/2118/2265
f 1765/1741/1888 1767/1837/1984 1766/2183/2330
f 2148/1817/1964 1626/1801/1948 1627/1834/1981
f 1763/2185/2332 1771/1740/1887 1764/1739/1886
f 1747/2004/2151 1775/2036/2183 1766/2183/2330
f 1751/1978/2125 1776/1936/2083 1822/1977/2124
f 1761/1749/1896 1814/1735/1882 1777/1935/2082
f 1766/2183/2330 1780/2186/2333 1765/1741/1888
f 2060/2187/2334 2051/2188/2335 2050/1901/2048
f 2050/1901/2048 2049/2189/2336 2060/2187/2334
f 1784/2148/2295 1789/1720/1867 1781/2170/2317
f 2063/2190/2337 2066/2191/2338 2064/2086/2233
f 2068/2058/2205 2065/2192/2339 2066/2191/2338
f 2066/2191/2338 2063/2190/2337 2068/2058/2205
f 2059/1982/2129 2067/1900/2047 2068/2058/2205
f 2068/2058/2205 2058/2059/2206 2059/1982/2129
f 2050/1901/2048 2061/1949/2096 2049/2189/2336
f 2067/1900/2047 2051/2188/2335 2065/2192/2339
f 2065/2192/2339 2068/2058/2205 2067/1900/2047
f 2067/1900/2047 2050/1901/2048 2051/2188/2335
f 2066/2191/2338 2065/2192/2339 2051/2188/2335
f 2051/2188/2335 2060/2187/2334 2066/2191/2338
f 1780/2186/2333 1831/1954/2101 1779/2089/2236
f 1944/2193/2340 1982/2139/2286 1945/2194/2341
f 2129/1762/1909 2070/1761/1908 2071/2072/2219
f 2105/2048/2195 2073/2195/2342 2127/2043/2190
f 2053/2196/2343 2052/2077/2224 2125/1882/2029
f 1707/1907/2054 1694/2197/2344 1705/1894/2041
f 1677/2155/2302 1672/1889/2036 1676/1705/1852
f 1823/1944/2091 1819/2041/2188 1820/1878/2025
f 1678/2137/2284 1673/2198/2345 1677/2155/2302
f 2012/1918/2065 2006/2199/2346 2009/1717/1864
f 1665/2112/2259 1667/2081/2228 1666/2035/2182
f 2061/1949/2096 2095/1892/2039 2082/1798/1945
f 2082/1798/1945 2083/1797/1944 2061/1949/2096
f 2083/1797/1944 2049/2189/2336 2061/1949/2096
f 1980/2200/2347 1946/2127/2274 1981/2201/2348
f 2102/2202/2349 2070/1761/1908 2069/2203/2350
f 2069/2203/2350 2103/2149/2296 2102/2202/2349
f 2104/2204/2351 2071/2072/2219 2070/1761/1908
f 2070/1761/1908 2102/2202/2349 2104/2204/2351
f 2104/2204/2351 2072/2073/2220 2071/2072/2219
f 2072/2073/2220 2104/2204/2351 2105/2048/2195
f 1841/1785/1932 1790/2042/2189 1791/1789/1936
f 2055/1930/2077 2073/2195/2342 2105/2048/2195
f 1843/2079/2226 1794/1755/1902 1800/2020/2167
f 1974/1937/2084 1940/1904/2051 1933/1938/2085
f 1832/1746/1893 1796/2015/2162 1795/2021/2168
f 1844/2160/2307 1809/2024/2171 1841/1785/1932
f 1987/1726/1873 1984/2005/2152 1985/1902/2049
f 1839/2205/2352 1808/2025/2172 1844/2160/2307
f 2121/2055/2202 2113/2146/2293 2112/2206/2353
f 1945/2194/2341 1999/2165/2312 1944/2193/2340
f 2120/1773/1920 2121/2055/2202 2112/2206/2353
f 1815/1945/2092 1830/1921/2068 1831/1954/2101
f 1864/1881/2028 1851/1880/2027 1861/1874/2021
f 1812/1769/1916 1868/1764/1911 1813/2054/2201
f 2095/1892/2039 2096/1891/2038 2082/1798/1945
f 2081/1984/2131 2082/1798/1945 2096/1891/2038
f 2096/1891/2038 1976/1985/2132 1959/1806/1953
f 1959/1806/1953 2081/1984/2131 2096/1891/2038
f 2112/2206/2353 2118/2207/2354 2120/1773/1920
f 2112/2206/2353 2116/2176/2323 2118/2207/2354
f 1951/2129/2276 2011/1718/1865 1954/1967/2114
f 2046/1841/1988 2039/1752/1899 2044/2156/2303
f 1955/1969/2116 2005/1730/1877 1942/2134/2281
f 1655/1858/2005 1688/2150/2297 1650/1856/2003
f 2086/2208/2355 2085/2209/2356 2089/1737/1884
f 1693/1906/2053 1702/2210/2357 1694/2197/2344
f 1722/1848/1995 1664/1869/2016 1721/1871/2018
f 2027/1840/1987 2044/2156/2303 2034/2001/2148
f 1779/2089/2236 1828/1733/1880 1778/2211/2358
f 1740/2040/2187 1739/2107/2254 1709/1927/2074
f 1724/2152/2299 1661/1897/2044 1687/1898/2045
f 2003/2153/2300 2116/2176/2323 2112/2206/2353
f 2112/2206/2353 1990/2142/2289 2003/2153/2300
f 1854/1884/2031 1805/1865/2012 1713/2163/2310
f 1990/2142/2289 2112/2206/2353 1876/1947/2094
f 1622/1825/1972 1747/2004/2151 1746/2003/2150
f 1922/2114/2261 1939/2122/2269 1879/1854/2001
f 1931/2115/2262 1686/1845/1992 1961/1952/2099
f 1904/2061/2208 1919/2088/2235 1903/2166/2313
f 1628/2034/2181 1747/2004/2151 1622/1825/1972
f 1819/2041/2188 2151/2014/2161 2049/2189/2336
f 2049/2189/2336 2083/1797/1944 1819/2041/2188
f 1902/2070/2217 1910/2066/2213 1903/2166/2313
f 1714/2164/2311 1728/2212/2359 1744/2213/2360
f 1815/1945/2092 1780/2186/2333 1775/2036/2183
f 1813/2054/2201 1788/2027/2174 1790/2042/2189
f 1999/2165/2312 2014/1793/1940 2016/1770/1917
f 2126/1778/1925 2053/2196/2343 2125/1882/2029
f 1656/2182/2329 1657/1855/2002 1648/2214/2361
f 1624/2113/2260 1628/2034/2181 1631/1824/1971
f 1694/2197/2344 1696/1896/2043 1695/1895/2042
f 2131/2215/2362 2132/2175/2322 2018/1910/2057
f 1627/1834/1981 1641/2159/2306 2148/1817/1964
f 1838/2216/2363 1803/2023/2170 1839/2205/2352
f 1820/1878/2025 2084/2037/2184 1821/1879/2026
f 1931/2115/2262 1922/2114/2261 1686/1845/1992
f 1964/1957/2104 1963/2033/2180 1649/1964/2111
f 1816/1919/2066 1669/1980/2127 1829/1920/2067
f 2084/2037/2184 2085/2209/2356 1821/1879/2026
f 2127/2043/2190 2055/1930/2077 2126/1778/1925
f 2128/2071/2218 2105/2048/2195 2127/2043/2190
f 2064/2086/2233 2066/2191/2338 1783/2017/2164
f 1988/1722/1869 2098/2063/2210 1978/2217/2364
f 2060/2187/2334 2151/2014/2161 1785/2013/2160
f 2135/1757/1904 2116/2176/2323 2003/2153/2300
f 2052/2077/2224 2053/2196/2343 2057/1929/2076
f 1921/1851/1998 1648/2214/2361 1936/1849/1996
f 2033/2000/2147 1758/2218/2365 1760/2002/2149
f 1978/2217/2364 2101/2064/2211 1980/2200/2347
f 1724/2152/2299 1697/1867/2014 1723/1846/1993
f 1903/2166/2313 1918/2068/2215 1902/2070/2217
f 1711/2057/2204 1880/1742/1889 1992/1743/1890
f 1978/2217/2364 1981/2201/2348 1979/1723/1870
f 2145/1960/2107 2138/2154/2301 2143/1708/1855
f 1874/2091/2238 1867/1715/1862 1869/1768/1915
f 1978/2217/2364 2098/2063/2210 2101/2064/2211
f 2094/2083/2230 2087/2046/2193 2093/2045/2192
f 2137/1779/1926 2122/2144/2291 2136/1966/2113
f 1833/1745/1892 1843/2079/2226 1832/1746/1893
f 1885/2101/2248 1884/2219/2366 1886/2220/2073
f 1783/2017/2164 1784/2148/2295 2064/2086/2233
f 1892/2221/2367 1877/1816/1963 1644/2222/2368
f 1879/1854/2001 1936/1849/1996 1657/1855/2002
f 1883/2223/2369 2153/2224/2370 1847/2171/2318
f 1646/2110/2257 1639/2104/2251 1642/2111/2258
f 1691/1925/2072 1846/1991/2138 1834/1744/1891
f 1836/2225/2371 1707/1907/2054 1838/2216/2363
f 2079/1829/1976 2080/1807/1954 1958/1758/1905
f 2076/1862/2009 2078/2028/2175 2077/2226/2372
f 1857/2173/2320 1744/2213/2360 1858/2174/2321
f 1804/1863/2010 1875/2227/2373 1806/2090/2237
f 2128/2071/2218 2142/2044/2191 2146/1958/2105
f 1899/2098/2245 1917/2082/2229 1916/1956/2103
f 1763/2185/2332 1814/1735/1882 1762/2099/2246
f 1846/1991/2138 1708/1905/2052 1836/2225/2371
f 1838/2216/2363 1705/1894/2041 1840/1864/2011
f 1711/2057/2204 1881/1909/2056 1880/1742/1889
f 2153/2224/2370 1883/2223/2369 2115/2228/2374
f 2000/1922/2069 1998/2229/2375 2018/1910/2057
f 2085/2209/2356 1822/1977/2124 1821/1879/2026
f 1636/2105/2252 1634/1826/1973 1629/1812/1959
f 1758/2218/2365 2149/1999/2146 1757/2230/2376
f 1879/1854/2001 1647/1842/1989 1922/2114/2261
f 1942/2134/2281 1926/2231/2377 1924/2135/2282
f 1709/1927/2074 1876/1947/2094 1860/2049/2196
f 1788/2027/2174 1787/1721/1868 1792/1753/1900
f 1728/2212/2359 1709/1927/2074 1729/2232/2378
f 1944/2193/2340 2016/1770/1917 1947/2128/2275
f 1764/1739/1886 1778/2211/2358 1763/2185/2332
f 1620/2233/2379 1632/1827/1974 1745/2234/2380
f 1992/1743/1890 1996/1731/1878 1991/2143/2290
f 2130/1763/1910 2069/2203/2350 2070/1761/1908
f 1752/1997/2144 1754/2235/2381 1753/2236/2382
f 2018/1910/2057 2134/1911/2058 2000/1922/2069
f 1962/1953/2100 1673/2198/2345 1963/2033/2180
f 1956/2069/2216 1968/2136/2283 1917/2082/2229
f 1726/1924/2071 1743/2038/2185 1727/2237/2383
f 1717/2158/2305 1718/1975/2122 1710/2056/2203
f 1951/2129/2276 1948/2126/2273 1947/2128/2275
f 2039/1752/1899 2037/2169/2316 2022/2117/2264
f 1653/1989/2136 1648/2214/2361 1878/1987/2134
f 1967/1788/1935 1965/1787/1934 1966/1916/2063
f 1986/1725/1872 1952/2133/2280 1983/1727/1874
f 2129/1762/1909 2146/1958/2105 2147/2167/2314
f 1924/2135/2282 1935/1850/1997 1938/2123/2270
f 2109/1962/2109 2105/2048/2195 2104/2204/2351
f 2100/1963/2110 2104/2204/2351 2102/2202/2349
f 1702/2210/2357 1697/1867/2014 1696/1896/2043
f 2122/2144/2291 2115/2228/2374 2114/2145/2292
f 1947/2128/2275 1943/2140/2287 1944/2193/2340
f 1727/2237/2383 1740/2040/2187 1728/2212/2359
f 1643/2109/2256 1636/2105/2252 1641/2159/2306
f 1855/1886/2033 1873/1974/2121 1875/2227/2373
f 2118/2207/2354 2116/2176/2323 2117/1709/1856
f 2096/1891/2038 2111/1890/2037 2097/2067/2214
f 2026/2011/2158 2076/1862/2009 2077/2226/2372
f 1917/2082/2229 1963/2033/2180 1916/1956/2103
f 1703/1783/1930 1699/2151/2298 1702/2210/2357
f 1825/1955/2102 1823/1944/2091 1827/1734/1881
f 2138/2154/2301 2119/1774/1921 2118/2207/2354
f 2074/2075/2222 2090/1738/1885 2091/2078/2225
f 1910/2066/2213 1907/1820/1967 1906/1822/1969
f 1861/1874/2021 1849/1876/2023 1852/1808/1955
f 2130/1763/1910 2147/2167/2314 2132/2175/2322
f 1713/2163/2310 1727/2237/2383 1714/2164/2311
f 2021/2238/2384 1888/1950/2097 2020/2012/2159
f 2010/1968/2115 2004/1914/2061 2005/1730/1877
f 1875/2227/2373 1872/1713/1860 1874/2091/2238
f 1981/2201/2348 1949/2131/2278 1986/1725/1872
f 1881/1909/2056 1997/1732/1879 1880/1742/1889
f 2123/1883/2030 2153/2224/2370 2115/2228/2374
f 1947/2128/2275 2015/1716/1863 1951/2129/2276
f 1787/1721/1868 1797/2147/2294 1798/1754/1901
f 1883/2223/2369 1801/1973/2120 1853/1809/1956
f 1951/2129/2276 1952/2133/2280 1950/2130/2277
f 1758/2218/2365 1773/2031/2178 1774/1748/1895
f 2149/1999/2146 2031/2179/2326 2028/2181/2328
f 1757/2230/2376 1755/1775/1922 1773/2031/2178
f 2086/2208/2355 2027/1840/1987 2047/1839/1986
f 1652/1870/2017 1664/1869/2016 1654/2161/2308
f 1870/2103/2250 1850/1941/2088 1871/1965/2112
f 1905/1951/2098 1920/2093/2240 1904/2061/2208
f 1836/2225/2371 1839/2205/2352 1837/1992/2139
f 1691/1925/2072 1692/1983/2130 1708/1905/2052
f 1832/1746/1893 1800/2020/2167 1796/2015/2162
f 1968/2136/2283 1962/1953/2100 1963/2033/2180
f 2006/2199/2346 1994/1915/2062 2007/1912/2059
f 1888/1950/2097 1915/2094/2241 1905/1951/2098
f 1971/1759/1906 1958/1758/1905 2080/1807/1954
f 1735/1710/1857 1731/1976/2123 1730/1711/1858
f 1872/1713/1860 1871/1965/2112 1865/1714/1861
f 2015/1716/1863 2013/1771/1918 2009/1717/1864
f 1802/1719/1866 1801/1973/2120 1789/1720/1867
f 1988/1722/1869 1978/2217/2364 1979/1723/1870
f 1979/1723/1870 1981/2201/2348 1986/1725/1872
f 2005/1730/1877 2004/1914/2061 1996/1731/1878
f 1733/1712/1859 1730/1711/1858 1716/1795/1942
f 2048/1736/1883 2086/2208/2355 2089/1737/1884
f 1707/1907/2054 1693/1906/2053 1694/2197/2344
f 1834/1744/1891 1835/1993/2140 1833/1745/1892
f 2144/1707/1854 2145/1960/2107 2143/1708/1855
f 1759/1747/1894 1758/2218/2365 1774/1748/1895
f 1630/1814/1961 1629/1812/1959 1619/1811/1958
f 1868/1764/1911 1866/1940/2087 1862/1765/1912
f 1938/2123/2270 1935/1850/1997 1937/2121/2268
f 1810/1767/1914 1874/2091/2238 1869/1768/1915
f 2016/1770/1917 2014/1793/1940 2013/1771/1918
f 2139/1772/1919 2136/1966/2113 2120/1773/1920
f 1909/2065/2212 1889/1996/2143 1908/2100/2247
f 1758/2218/2365 1759/1747/1894 1760/2002/2149
f 2126/1778/1925 2125/1882/2029 2137/1779/1926
f 2056/1931/2078 2106/2047/2194 2107/1981/2128
f 1845/1784/1931 1844/2160/2307 1841/1785/1932
f 1972/1760/1907 1971/1759/1906 1965/1787/1934
f 2001/1791/1938 2002/1923/2070 1993/1792/1939
f 1730/1711/1858 1717/2158/2305 1989/1794/1941
f 1897/1802/1949 1896/2080/2227 1912/1803/1950
f 2103/2149/2296 2100/1963/2110 2102/2202/2349
f 1863/1766/1913 1862/1765/1912 1852/1808/1955
f 2148/1817/1964 1641/2159/2306 1640/1818/1965
f 2079/1829/1976 2093/2045/2192 2092/1830/1977
f 1675/1833/1980 1643/2109/2256 1627/1834/1981
f 1702/2210/2357 1699/2151/2298 1698/1990/2137
f 2021/2238/2384 2026/2011/2158 2077/2226/2372
f 2046/1841/1988 2086/2208/2355 2048/1736/1883
f 1723/1846/1993 1662/1868/2015 1663/1847/1994
f 1925/2108/2255 1928/1728/1875 1927/1899/2046
f 2040/1860/2007 2041/2074/2221 2075/1861/2008
f 1804/1863/2010 1803/2023/2170 1840/1864/2011
f 1882/1866/2013 1883/2223/2369 1853/1809/1956
f 1810/1767/1914 1812/1769/1916 1809/2024/2171
f 1722/1848/1995 1721/1871/2018 1732/1872/2019
f 2008/2060/2207 2007/1912/2059 2004/1914/2061
f 1861/1874/2021 1851/1880/2027 1848/1875/2022
f 1826/1877/2024 1823/1944/2091 1820/1878/2025
f 1865/1714/1861 1850/1941/2088 1851/1880/2027
f 1847/2171/2318 2153/2224/2370 1781/2170/2317
f 2125/1882/2029 2124/2125/2272 2123/1883/2030
f 1854/1884/2031 1857/2173/2320 1856/1885/2032
f 1834/1744/1891 1846/1991/2138 1835/1993/2140
f 1983/1727/1874 1952/2133/2280 1927/1899/2046
f 2067/1900/2047 2108/2141/2288 2095/1892/2039
f 2111/1890/2037 2095/1892/2039 2108/2141/2288
f 1708/1905/2052 1692/1983/2130 1693/1906/2053
f 1921/1851/1998 1926/2231/2377 1941/1908/2055
f 1991/2143/2290 1996/1731/1878 1995/1913/2060
f 1807/2022/2169 1804/1863/2010 1806/2090/2237
f 1787/1721/1868 1789/1720/1867 1797/2147/2294
f 2018/1910/2057 2132/2175/2322 2133/1756/1903
f 1970/1805/1952 1967/1788/1935 1966/1916/2063
f 1678/2137/2284 1674/1835/1982 1673/2198/2345
f 1726/1924/2071 1713/2163/2310 1706/1893/2040
f 2002/1923/2070 2134/1911/2058 2135/1757/1904
f 2057/1929/2076 2053/2196/2343 2055/1930/2077
f 1900/1932/2079 1913/1804/1951 1911/1933/2080
f 1798/1754/1901 1797/2147/2294 1783/2017/2164
f 1901/1934/2081 1911/1933/2080 1902/2070/2217
f 1777/1935/2082 1826/1877/2024 1821/1879/2026
f 1862/1765/1912 1861/1874/2021 1852/1808/1955
f 2040/1860/2007 2026/2011/2158 2035/2009/2156
f 2054/2124/2271 2062/2076/2223 2152/2087/2234
f 1873/1974/2121 1870/2103/2250 1871/1965/2112
f 1867/1715/1862 1865/1714/1861 1864/1881/2028
f 2009/1717/1864 2006/2199/2346 2007/1912/2059
f 1869/1768/1915 1867/1715/1862 1866/1940/2087
f 1757/2230/2376 2149/1999/2146 1752/1997/2144
f 1637/1831/1978 1624/2113/2260 1631/1824/1971
f 1685/1972/2119 1680/1971/2118 1683/2085/2232
f 1723/1846/1993 1722/1848/1995 1737/1873/2020
f 2041/2074/2221 2040/1860/2007 2038/2010/2157
f 1976/1985/2132 1988/1722/1869 1977/1724/1871
f 1914/1800/1947 1899/2098/2245 1916/1956/2103
f 2146/1958/2105 2142/2044/2191 2140/1959/2106
f 2099/1961/2108 2110/2106/2253 2109/1962/2109
f 1898/1799/1946 1626/1801/1948 2148/1817/1964
f 1771/1740/1887 1770/2006/2153 1768/1836/1983
f 2141/1780/1927 2137/1779/1926 2136/1966/2113
f 2063/2190/2337 2062/2076/2223 2068/2058/2205
f 1626/1801/1948 1914/1800/1947 1964/1957/2104
f 1840/1864/2011 1713/2163/2310 1805/1865/2012
f 1954/1967/2114 2011/1718/1865 2010/1968/2115
f 1638/1970/2117 1639/2104/2251 1680/1971/2118
f 1802/1719/1866 1863/1766/1913 1853/1809/1956
f 1765/1741/1888 1771/1740/1887 1767/1837/1984
f 1904/2061/2208 1910/2066/2213 1906/1822/1969
f 1732/1872/2019 1719/2050/2197 1718/1975/2122
f 2121/2055/2202 2122/2144/2291 2113/2146/2293
f 1692/1983/2130 1704/1781/1928 1703/1783/1930
f 1634/1826/1973 1632/1827/1974 1633/1828/1975
f 2092/1830/1977 2087/2046/2193 2082/1798/1945
f 1912/1803/1950 1893/1994/2141 1889/1996/2143
f 1976/1985/2132 1977/1724/1871 1975/1986/2133
f 1714/2164/2311 1857/2173/2320 1854/1884/2031
f 1878/1987/2134 1712/2162/2309 1720/1988/2135
f 1910/2066/2213 1909/2065/2212 1907/1820/1967
f 1705/1894/2041 1694/2197/2344 1695/1895/2042
f 1698/1990/2137 1688/2150/2297 1663/1847/1994
f 1631/1824/1971 1628/2034/2181 1622/1825/1972
f 1846/1991/2138 1836/2225/2371 1837/1992/2139
f 2020/2012/2159 1888/1950/2097 1887/1821/1968
f 1987/1726/1873 1986/1725/1872 1983/1727/1874
f 1814/1735/1882 1827/1734/1881 1826/1877/2024
f 1984/2005/2152 1983/1727/1874 1930/1729/1876
f 2026/2011/2158 2021/2238/2384 2020/2012/2159
f 2048/1736/1883 2074/2075/2222 2042/1751/1898
f 2062/2076/2223 2063/2190/2337 2064/2086/2233
f 1924/2135/2282 1926/2231/2377 1935/1850/1997
f 2027/1840/1987 2033/2000/2147 2150/1838/1985
f 1653/1989/2136 1720/1988/2135 1721/1871/2018
f 1734/2030/2177 1733/1712/1859 1716/1795/1942
f 1677/2155/2302 1673/2198/2345 1672/1889/2036
f 2080/1807/1954 2092/1830/1977 2081/1984/2131
f 1743/2038/2185 1742/2052/2199 1741/2039/2186
f 1985/1902/2049 1984/2005/2152 1930/1729/1876
f 1689/1857/2004 1700/1782/1929 1701/1887/2034
f 2134/1911/2058 2133/1756/1903 2135/1757/1904
f 2043/2157/2304 2022/2117/2264 2031/2179/2326
f 2127/2043/2190 2126/1778/1925 2141/1780/1927
f 2143/1708/1855 2138/2154/2301 2118/2207/2354
f 1835/1993/2140 1837/1992/2139 1845/1784/1931
f 2106/2047/2194 2056/1931/2078 2055/1930/2077
f 1688/2150/2297 1698/1990/2137 1699/2151/2298
f 1792/1753/1900 1791/1789/1936 1790/2042/2189
f 1721/1871/2018 1720/1988/2135 1719/2050/2197
f 1725/2051/2198 1724/2152/2299 1742/2052/2199
f 1813/2054/2201 1868/1764/1911 1863/1766/1913
f 2136/1966/2113 2122/2144/2291 2121/2055/2202
f 1831/1954/2101 1830/1921/2068 1825/1955/2102
f 1710/2056/2203 1718/1975/2122 1719/2050/2197
f 1682/1979/2126 1681/1704/1851 1670/1706/1853
f 1669/1980/2127 1682/1979/2126 1670/1706/1853
f 1896/2080/2227 1897/1802/1949 1898/1799/1946
f 2011/1718/1865 2009/1717/1864 2008/2060/2207
f 1887/1821/1968 1888/1950/2097 1906/1822/1969
f 2017/2029/2176 1958/1758/1905 1957/2092/2239
f 1990/2142/2289 1717/2158/2305 1991/2143/2290
f 2150/1838/1985 1760/2002/2149 1751/1978/2125
f 2114/2145/2292 1883/2223/2369 1882/1866/2013
f 2018/1910/2057 1945/2194/2341 2131/2215/2362
f 2152/2087/2234 2064/2086/2233 1784/2148/2295
f 1686/1845/1992 1922/2114/2261 1647/1842/1989
f 1842/1786/1933 1841/1785/1932 1793/1790/1937
f 1738/1948/2095 1737/1873/2020 1735/1710/1857
f 2098/2063/2210 2097/2067/2214 2099/1961/2108
f 1911/1933/2080 1889/1996/2143 1909/2065/2212
f 1918/2068/2215 1970/1805/1952 1969/1917/2064
f 1902/2070/2217 1918/2068/2215 1956/2069/2216
f 2128/2071/2218 2129/1762/1909 2071/2072/2219
f 2041/2074/2221 2042/1751/1898 2074/2075/2222
f 2091/2078/2225 2090/1738/1885 2088/1796/1943
f 1843/2079/2226 1842/1786/1933 1793/1790/1937
f 1805/1865/2012 1854/1884/2031 1855/1886/2033
f 1703/1783/1930 1700/1782/1929 1699/2151/2298
f 2037/2169/2316 2036/2184/2331 2025/2118/2265
f 1709/1927/2074 1739/2107/2254 1715/1928/2075
f 1896/2080/2227 1891/2097/2244 1893/1994/2141
f 1900/1932/2079 1901/1934/2081 1956/2069/2216
f 2109/1962/2109 2107/1981/2128 2106/2047/2194
f 2097/2067/2214 2111/1890/2037 2110/2106/2253
f 2075/1861/2008 2074/2075/2222 2091/2078/2225
f 2138/2154/2301 2139/1772/1919 2119/1774/1921
f 2089/1737/1884 2085/2209/2356 2084/2037/2184
f 1966/1916/2063 1965/1787/1934 1961/1952/2099
f 2002/1923/2070 2003/2153/2300 1993/1792/1939
f 1765/1741/1888 1780/2186/2333 1779/2089/2236
f 1806/2090/2237 1875/2227/2373 1874/2091/2238
f 1957/2092/2239 1973/2172/2319 1920/2093/2240
f 1761/1749/1896 1774/1748/1895 1772/2032/2179
f 1635/1832/1979 1631/1824/1971 1621/1823/1970
f 1639/2104/2251 1638/1970/2117 1635/1832/1979
f 1640/1818/1965 1629/1812/1959 1630/1814/1961
f 1741/2039/2186 1736/2062/2209 1734/2030/2177
f 1955/1969/2116 1942/2134/2281 1925/2108/2255
f 1628/2034/2181 1624/2113/2260 1666/2035/2182
f 1626/1801/1948 1649/1964/2111 1674/1835/1982
f 1643/2109/2256 1675/1833/1980 1646/2110/2257
f 1637/1831/1978 1638/1970/2117 1685/1972/2119
f 1624/2113/2260 1637/1831/1978 1665/2112/2259
f 1840/1864/2011 1706/1893/2040 1713/2163/2310
f 1656/2182/2329 1653/1989/2136 1652/1870/2017
f 2054/2124/2271 2124/2125/2272 2125/1882/2029
f 2152/2087/2234 2153/2224/2370 2124/2125/2272
f 1676/1705/1852 1672/1889/2036 1671/1888/2035
f 1679/2084/2231 1678/2137/2284 1677/2155/2302
f 2112/2206/2353 1849/1876/2023 1848/1875/2022
f 1682/1979/2126 1683/2085/2232 1681/1704/1851
f 1830/1921/2068 1829/1920/2067 1824/1942/2089
f 2031/2179/2326 2022/2117/2264 2023/2177/2324
f 2101/2064/2211 2099/1961/2108 2100/1963/2110
f 1695/1895/2042 1661/1897/2044 1725/2051/2198
f 1704/1781/1928 1701/1887/2034 1700/1782/1929
f 2120/1773/1920 2118/2207/2354 2119/1774/1921
f 1899/2098/2245 1897/1802/1949 1913/1804/1951
f 2090/1738/1885 2089/1737/1884 2088/1796/1943
f 1736/2062/2209 1735/1710/1857 1733/1712/1859
f 1742/2052/2199 1738/1948/2095 1736/2062/2209
f 1724/2152/2299 1723/1846/1993 1738/1948/2095
f 1925/2108/2255 1924/2135/2282 1938/2123/2270
f 1929/2120/2267 1930/1729/1876 1928/1728/1875
f 2058/2059/2206 2057/1929/2076 2056/1931/2078
f 2142/2044/2191 2141/1780/1927 2139/1772/1919
f 2044/2156/2303 2039/1752/1899 2022/2117/2264
f 1942/2134/2281 2005/1730/1877 1997/1732/1879
f 1737/1873/2020 1732/1872/2019 1731/1976/2123
f 1683/2085/2232 1679/2084/2231 1677/2155/2302
f 1828/1733/1880 1825/1955/2102 1827/1734/1881
f 1772/2032/2179 1748/1777/1924 1770/2006/2153
f 1810/1767/1914 1808/2025/2172 1807/2022/2169
f 2087/2046/2193 2088/1796/1943 2082/1798/1945
f 1641/2159/2306 1636/2105/2252 1629/1812/1959
f 1897/1802/1949 1899/2098/2245 1898/1799/1946
f 2076/1862/2009 2075/1861/2008 2094/2083/2230
f 1866/1940/2087 1864/1881/2028 1861/1874/2021
f 1730/1711/1858 1718/1975/2122 1717/2158/2305
f 1977/1724/1871 1979/1723/1870 1987/1726/1873
f 1837/1992/2139 1839/2205/2352 1844/2160/2307
f 1638/1970/2117 1637/1831/1978 1635/1832/1979
f 1654/2161/2308 1664/1869/2016 1663/1847/1994
f 2077/2226/2372 2078/2028/2175 2017/2029/2176
f 1824/1942/2089 1817/1926/2073 1818/1943/2090
f 1896/2080/2227 1898/1799/1946 2148/1817/1964
f 1711/2057/2204 1719/2050/2197 1720/1988/2135
f 2068/2058/2205 2052/2077/2224 2057/1929/2076
f 2078/2028/2175 2094/2083/2230 2093/2045/2192
f 1645/1819/1966 1640/1818/1965 1630/1814/1961
f 1982/2139/2286 2069/2203/2350 2131/2215/2362
f 2147/2167/2314 2146/1958/2105 2145/1960/2107
f 1921/1851/1998 1935/1850/1997 1926/2231/2377
f 1975/1986/2133 1987/1726/1873 1985/1902/2049
f 1650/1856/2003 1699/2151/2298 1700/1782/1929
f 1812/1769/1916 1813/2054/2201 1790/2042/2189
f 1954/1967/2114 1955/1969/2116 1927/1899/2046
f 2034/2001/2148 2044/2156/2303 2043/2157/2304
f 2059/1982/2129 2107/1981/2128 2108/2141/2288
f 2088/1796/1943 2084/2037/2184 2083/1797/1944
f 1646/2110/2257 1675/1833/1980 1678/2137/2284
f 2042/1751/1898 2041/2074/2221 2038/2010/2157
f 2150/1838/1985 1822/1977/2124 2047/1839/1986
f 1781/2170/2317 1789/1720/1867 1801/1973/2120
f 1859/2102/2249 1856/1885/2032 1857/2173/2320
f 1915/2094/2241 2021/2238/2384 2077/2226/2372
f 2132/2175/2322 2147/2167/2314 2144/1707/1854
f 1823/1944/2091 1818/1943/2090 1819/2041/2188
f 1739/2107/2254 1734/2030/2177 1715/1928/2075
f 1759/1747/1894 1761/1749/1896 1777/1935/2082
f 1957/2092/2239 1958/1758/1905 1972/1760/1907
f 2117/1709/1856 2143/1708/1855 2118/2207/2354
f 1770/2006/2153 1748/1777/1924 1769/2007/2154
f 1763/2185/2332 1772/2032/2179 1771/1740/1887
f 1751/1978/2125 1759/1747/1894 1776/1936/2083
f 1761/1749/1896 1762/2099/2246 1814/1735/1882
f 1766/2183/2330 1775/2036/2183 1780/2186/2333
f 1856/1885/2032 1859/2102/2249 1873/1974/2121
f 1784/2148/2295 1797/2147/2294 1789/1720/1867
f 1944/2193/2340 1943/2140/2287 1982/2139/2286
f 1849/1876/2023 1882/1866/2013 1852/1808/1955
f 1681/1704/1851 1677/2155/2302 1676/1705/1852
f 1668/1946/2093 1684/2138/2285 1682/1979/2126
f 1665/2112/2259 1684/2138/2285 1667/2081/2228
f 1980/2200/2347 1982/2139/2286 1946/2127/2274
f 1841/1785/1932 1809/2024/2171 1790/2042/2189
f 1974/1937/2084 1985/1902/2049 1940/1904/2051
f 1844/2160/2307 1808/2025/2172 1809/2024/2171
f 1839/2205/2352 1803/2023/2170 1808/2025/2172
f 1994/1915/2062 2006/2199/2346 1993/1792/1939
f 1989/1794/1941 1715/1928/2075 1716/1795/1942
f 1945/2194/2341 1998/2229/2375 1999/2165/2312
f 1815/1945/2092 1816/1919/2066 1830/1921/2068
f 1812/1769/1916 1869/1768/1915 1868/1764/1911
f 2013/1771/1918 2012/1918/2065 2009/1717/1864
f 1740/2040/2187 1741/2039/2186 1739/2107/2254
f 1859/2102/2249 1860/2049/2196 1870/2103/2250
f 1881/1909/2056 1878/1987/2134 1921/1851/1998
f 1882/1866/2013 1849/1876/2023 2113/2146/2293
f 1951/2129/2276 2015/1716/1863 2011/1718/1865
f 2046/1841/1988 2045/1750/1897 2039/1752/1899
f 2135/1757/1904 2144/1707/1854 2117/1709/1856
f 1955/1969/2116 2010/1968/2115 2005/1730/1877
f 1655/1858/2005 1654/2161/2308 1688/2150/2297
f 2086/2208/2355 2047/1839/1986 2085/2209/2356
f 1693/1906/2053 1703/1783/1930 1702/2210/2357
f 1722/1848/1995 1663/1847/1994 1664/1869/2016
f 2027/1840/1987 2046/1841/1988 2044/2156/2303
f 1779/2089/2236 1831/1954/2101 1828/1733/1880
f 1724/2152/2299 1725/2051/2198 1661/1897/2044
f 2019/2168/2315 1887/1821/1968 1907/1820/1967
f 1775/2036/2183 1747/2004/2151 1628/2034/2181
f 2017/2029/2176 1957/2092/2239 1915/2094/2241
f 1904/2061/2208 1920/2093/2240 1919/2088/2235
f 1902/2070/2217 1911/1933/2080 1910/2066/2213
f 1714/2164/2311 1727/2237/2383 1728/2212/2359
f 1815/1945/2092 1831/1954/2101 1780/2186/2333
f 1813/2054/2201 1802/1719/1866 1788/2027/2174
f 1999/2165/2312 2001/1791/1938 2014/1793/1940
f 1762/2099/2246 1772/2032/2179 1763/2185/2332
f 2126/1778/1925 2055/1930/2077 2053/2196/2343
f 1920/2093/2240 1973/2172/2319 1919/2088/2235
f 2038/2010/2157 2035/2009/2156 2019/2168/2315
f 1694/2197/2344 1702/2210/2357 1696/1896/2043
f 2131/2215/2362 2130/1763/1910 2132/2175/2322
f 1627/1834/1981 1643/2109/2256 1641/2159/2306
f 1838/2216/2363 1840/1864/2011 1803/2023/2170
f 1998/2229/2375 2000/1922/2069 1999/2165/2312
f 1680/1971/2118 1646/2110/2257 1679/2084/2231
f 2003/2153/2300 2002/1923/2070 2135/1757/1904
f 2127/2043/2190 2073/2195/2342 2055/1930/2077
f 1919/2088/2235 1972/1760/1907 1970/1805/1952
f 1710/2056/2203 1992/1743/1890 1991/2143/2290
f 2128/2071/2218 2072/2073/2220 2105/2048/2195
f 2060/2187/2334 2049/2189/2336 2151/2014/2161
f 1657/1855/2002 1936/1849/1996 1648/2214/2361
f 1836/2225/2371 1708/1905/2052 1707/1907/2054
f 1980/2200/2347 2101/2064/2211 2103/2149/2296
f 1921/1851/1998 1878/1987/2134 1648/2214/2361
f 1782/2018/2165 2060/2187/2334 1785/2013/2160
f 2019/2168/2315 2020/2012/2159 1887/1821/1968
f 1988/1722/1869 2096/1891/2038 2098/2063/2210
f 1724/2152/2299 1687/1898/2045 1697/1867/2014
f 1833/1745/1892 1845/1784/1931 1843/2079/2226
f 1903/2166/2313 1919/2088/2235 1918/2068/2215
f 1982/2139/2286 1980/2200/2347 2103/2149/2296
f 1632/1827/1974 1750/2008/2155 1745/2234/2380
f 1673/2198/2345 1961/1952/2099 1672/1889/2036
f 1978/2217/2364 1980/2200/2347 1981/2201/2348
f 2145/1960/2107 2140/1959/2106 2138/2154/2301
f 1874/2091/2238 1872/1713/1860 1867/1715/1862
f 1792/1753/1900 1787/1721/1868 1798/1754/1901
f 2149/1999/2146 2028/2181/2328 1752/1997/2144
f 2094/2083/2230 2091/2078/2225 2087/2046/2193
f 1657/1855/2002 1656/2182/2329 1660/1852/1999
f 2137/1779/1926 2123/1883/2030 2122/2144/2291
f 1892/2221/2367 1891/2097/2244 1877/1816/1963
f 2062/2076/2223 2054/2124/2271 2052/2077/2224
f 1879/1854/2001 1937/2121/2268 1936/1849/1996
f 1646/2110/2257 1680/1971/2118 1639/2104/2251
f 2152/2087/2234 1784/2148/2295 1781/2170/2317
f 1768/1836/1983 1632/1827/1974 1621/1823/1970
f 1752/1997/2144 2028/2181/2328 2029/2239/2385
f 1729/2232/2378 1860/2049/2196 1858/2174/2321
f 1804/1863/2010 1855/1886/2033 1875/2227/2373
f 2128/2071/2218 2127/2043/2190 2142/2044/2191
f 1899/2098/2245 1900/1932/2079 1917/2082/2229
f 1858/2174/2321 1744/2213/2360 1729/2232/2378
f 1763/2185/2332 1778/2211/2358 1814/1735/1882
f 1879/1854/2001 1939/2122/2269 1937/2121/2268
f 1649/1964/2111 1963/2033/2180 1674/1835/1982
f 1711/2057/2204 1712/2162/2309 1881/1909/2056
f 2029/2239/2385 1754/2235/2381 1752/1997/2144
f 1882/1866/2013 2113/2146/2293 2114/2145/2292
f 2085/2209/2356 2047/1839/1986 1822/1977/2124
f 1778/2211/2358 1828/1733/1880 1814/1735/1882
f 2096/1891/2038 1988/1722/1869 1976/1985/2132
f 1636/2105/2252 1635/1832/1979 1634/1826/1973
f 2036/2184/2331 1907/1820/1967 1885/2101/2248
f 1758/2218/2365 2033/2000/2147 2149/1999/2146
f 1669/1980/2127 1817/1926/2073 1829/1920/2067
f 1846/1991/2138 1691/1925/2072 1708/1905/2052
f 1783/2017/2164 2066/2191/2338 1782/2018/2165
f 1896/2080/2227 1877/1816/1963 1891/2097/2244
f 1942/2134/2281 1941/1908/2055 1926/2231/2377
f 1915/2094/2241 2077/2226/2372 2017/2029/2176
f 1667/2081/2228 1815/1945/2092 1775/2036/2183
f 1840/1864/2011 1705/1894/2041 1706/1893/2040
f 1728/2212/2359 1740/2040/2187 1709/1927/2074
f 1944/2193/2340 1999/2165/2312 2016/1770/1917
f 1764/1739/1886 1779/2089/2236 1778/2211/2358
f 1710/2056/2203 1711/2057/2204 1992/1743/1890
f 1660/1852/1999 1652/1870/2017 1654/2161/2308
f 1621/1823/1970 1746/2003/2150 1768/1836/1983
f 2014/1793/1940 1993/1792/1939 2012/1918/2065
f 2130/1763/1910 2131/2215/2362 2069/2203/2350
f 1667/2081/2228 1775/2036/2183 1666/2035/2182
f 2150/1838/1985 2033/2000/2147 1760/2002/2149
f 1956/2069/2216 1969/1917/2064 1968/2136/2283
f 1726/1924/2071 1725/2051/2198 1743/2038/2185
f 1951/2129/2276 1949/2131/2278 1948/2126/2273
f 2039/1752/1899 2038/2010/2157 2037/2169/2316
f 1653/1989/2136 1656/2182/2329 1648/2214/2361
f 1986/1725/1872 1949/2131/2278 1952/2133/2280
f 2129/1762/1909 2128/2071/2218 2146/1958/2105
f 1992/1743/1890 1997/1732/1879 1996/1731/1878
f 2109/1962/2109 2106/2047/2194 2105/2048/2195
f 2100/1963/2110 2109/1962/2109 2104/2204/2351
f 1702/2210/2357 1698/1990/2137 1697/1867/2014
f 2122/2144/2291 2123/1883/2030 2115/2228/2374
f 1792/1753/1900 1793/1790/1937 1791/1789/1936
f 1947/2128/2275 1946/2127/2274 1943/2140/2287
f 1727/2237/2383 1743/2038/2185 1740/2040/2187
f 1960/2053/2200 1965/1787/1934 1959/1806/1953
f 1643/2109/2256 1642/2111/2258 1636/2105/2252
f 1684/2138/2285 1685/1972/2119 1683/2085/2232
f 1855/1886/2033 1856/1885/2032 1873/1974/2121
f 2012/1918/2065 1993/1792/1939 2006/2199/2346
f 2026/2011/2158 2040/1860/2007 2076/1862/2009
f 1917/2082/2229 1968/2136/2283 1963/2033/2180
f 1825/1955/2102 1824/1942/2089 1823/1944/2091
f 1744/2213/2360 1728/2212/2359 1729/2232/2378
f 1982/2139/2286 2103/2149/2296 2069/2203/2350
f 2074/2075/2222 2048/1736/1883 2090/1738/1885
f 1820/1878/2025 2083/1797/1944 2084/2037/2184
f 2130/1763/1910 2129/1762/1909 2147/2167/2314
f 1713/2163/2310 1726/1924/2071 1727/2237/2383
f 2010/1968/2115 2008/2060/2207 2004/1914/2061
f 1875/2227/2373 1873/1974/2121 1872/1713/1860
f 1981/2201/2348 1946/2127/2274 1949/2131/2278
f 1881/1909/2056 1941/1908/2055 1997/1732/1879
f 1936/1849/1996 1937/2121/2268 1935/1850/1997
f 2123/1883/2030 2124/2125/2272 2153/2224/2370
f 1982/2139/2286 2131/2215/2362 1945/2194/2341
f 1947/2128/2275 2016/1770/1917 2015/1716/1863
f 1883/2223/2369 1847/2171/2318 1801/1973/2120
f 1951/2129/2276 1954/1967/2114 1952/2133/2280
f 1758/2218/2365 1757/2230/2376 1773/2031/2178
f 2149/1999/2146 2043/2157/2304 2031/2179/2326
f 1757/2230/2376 1752/1997/2144 1755/1775/1922
f 1838/2216/2363 1707/1907/2054 1705/1894/2041
f 2086/2208/2355 2046/1841/1988 2027/1840/1987
f 1850/1941/2088 1870/2103/2250 1860/2049/2196
f 2110/2106/2253 2108/2141/2288 2107/1981/2128
f 1905/1951/2098 1915/2094/2241 1920/2093/2240
f 1773/2031/2178 1755/1775/1922 1748/1777/1924
f 1860/2049/2196 1859/2102/2249 1858/2174/2321
f 1836/2225/2371 1838/2216/2363 1839/2205/2352
f 1832/1746/1893 1843/2079/2226 1800/2020/2167
f 1968/2136/2283 1966/1916/2063 1962/1953/2100
f 2153/2224/2370 2152/2087/2234 1781/2170/2317
f 1886/2220/2073 2036/2184/2331 1885/2101/2248
f 1621/1823/1970 1622/1825/1972 1746/2003/2150
f 1963/2033/2180 1673/2198/2345 1674/1835/1982
f 1876/1947/2094 2112/2206/2353 1848/1875/2022
f 1990/2142/2289 1876/1947/2094 1989/1794/1941
f 2163/2240/2386 2208/2241/2387 2164/2242/2388
f 2164/2242/2388 2209/2243/2389 2163/2240/2386
f 2165/2244/2390 2163/2240/2386 2209/2243/2389
f 2209/2243/2389 2180/2245/2391 2165/2244/2390
f 2166/2246/2392 2210/2247/2393 2167/2248/2394
f 2167/2248/2394 2168/2249/2395 2166/2246/2392
f 2169/2250/2396 2166/2246/2392 2168/2249/2395
f 2168/2249/2395 2170/2251/2397 2169/2250/2396
f 2171/2252/2398 2167/2248/2394 2210/2247/2393
f 2210/2247/2393 2191/2253/2399 2171/2252/2398
f 2172/2254/2400 2211/2255/2401 2173/2256/2402
f 2173/2256/2402 2212/2257/2403 2172/2254/2400
f 2170/2251/2397 2172/2254/2400 2212/2257/2403
f 2212/2257/2403 2169/2250/2396 2170/2251/2397
f 2174/2258/2404 2171/2252/2398 2191/2253/2399
f 2191/2253/2399 2195/2259/2405 2174/2258/2404
f 2180/2245/2391 2174/2258/2406 2195/2259/2407
f 2195/2259/2407 2165/2244/2390 2180/2245/2391
f 2175/2260/2408 2176/2261/2409 2165/2244/2410
f 2165/2244/2410 2179/2262/2411 2175/2260/2408
f 2177/2263/2412 2162/2264/2413 2180/2245/2414
f 2180/2245/2414 2178/2265/2415 2177/2263/2412
f 2184/2266/2416 2167/2248/2417 2183/2267/2418
f 2181/2268/2419 2182/2269/2420 2169/2250/2421
f 2169/2250/2421 2185/2270/2422 2181/2268/2419
f 2183/2267/2418 2201/2271/2423 2186/2272/2424
f 2186/2272/2424 2184/2266/2416 2183/2267/2418
f 2187/2273/2425 2253/2274/2426 2188/2275/2427
f 2188/2275/2427 2192/2276/2428 2187/2273/2425
f 2183/2267/2418 2167/2248/2417 2189/2277/2429
f 2189/2277/2429 2194/2278/2430 2183/2267/2418
f 2190/2279/2431 2191/2253/2432 2182/2269/2420
f 2182/2269/2420 2181/2268/2419 2190/2279/2431
f 2192/2276/2428 2188/2275/2427 2186/2272/2424
f 2186/2272/2424 2201/2271/2423 2192/2276/2428
f 2205/2280/2433 2185/2270/2422 2169/2250/2421
f 2169/2250/2421 2193/2281/2434 2205/2280/2433
f 2195/2259/2435 2191/2253/2432 2190/2279/2431
f 2194/2278/2430 2189/2277/2429 2180/2245/2414
f 2180/2245/2414 2162/2264/2413 2194/2278/2430
f 2190/2279/2431 2179/2262/2411 2165/2244/2410
f 2165/2244/2410 2195/2259/2435 2190/2279/2431
f 2185/2270/2436 2161/2282/2437 2199/2283/2438
f 2156/2284/2439 2201/2271/2440 2155/2285/2441
f 2159/2286/2442 2160/2287/2443 2205/2280/2444
f 2205/2280/2444 2206/2288/2445 2159/2286/2442
f 2201/2271/2440 2156/2284/2439 2204/2289/2446
f 2161/2282/2437 2185/2270/2436 2205/2280/2444
f 2205/2280/2444 2160/2287/2443 2161/2282/2437
f 2167/2248/2394 2184/2266/2447 2168/2249/2395
f 2170/2251/2397 2168/2249/2395 2184/2266/2447
f 2184/2266/2447 2186/2272/2448 2170/2251/2397
f 2172/2254/2449 2170/2251/2397 2186/2272/2448
f 2175/2260/2408 2196/2290/2450 2154/2291/2451
f 2176/2261/2452 2208/2241/2453 2163/2240/2454
f 2197/2292/2455 2215/2293/2456 2177/2263/2412
f 2209/2243/2457 2164/2242/2458 2178/2265/2459
f 2179/2262/2460 2198/2294/2461 2196/2290/2450
f 2196/2290/2450 2175/2260/2408 2179/2262/2460
f 2176/2261/2452 2163/2240/2454 2165/2244/2462
f 2177/2263/2412 2215/2293/2456 2162/2264/2463
f 2180/2245/2464 2209/2243/2457 2178/2265/2459
f 2181/2268/2419 2199/2283/2465 2157/2295/2466
f 2182/2269/2420 2210/2247/2467 2166/2246/2468
f 2200/2296/2469 2155/2285/2470 2183/2267/2418
f 2199/2283/2465 2181/2268/2419 2185/2270/2422
f 2169/2250/2421 2182/2269/2420 2166/2246/2468
f 2183/2267/2418 2155/2285/2470 2201/2271/2423
f 2254/2297/2471 2213/2298/2472 2206/2288/2473
f 2206/2288/2473 2205/2280/2433 2254/2297/2471
f 2242/2299/2474 2214/2300/2475 2197/2292/2455
f 2197/2292/2455 2177/2263/2412 2242/2299/2474
f 2194/2278/2430 2203/2301/2476 2200/2296/2469
f 2200/2296/2469 2183/2267/2418 2194/2278/2430
f 2171/2252/2477 2189/2277/2477 2167/2248/2477
f 2181/2268/2419 2157/2295/2466 2158/2302/2478
f 2158/2302/2478 2190/2279/2431 2181/2268/2419
f 2210/2247/2479 2182/2269/2479 2191/2253/2479
f 2192/2276/2428 2204/2289/2480 2202/2303/2481
f 2188/2275/2427 2211/2255/2482 2172/2254/2483
f 2212/2257/2484 2173/2256/2485 2193/2281/2434
f 2204/2289/2480 2192/2276/2428 2201/2271/2423
f 2188/2275/2427 2172/2254/2483 2186/2272/2424
f 2169/2250/2421 2212/2257/2484 2193/2281/2434
f 2194/2278/2430 2207/2304/2486 2203/2301/2476
f 2189/2277/2487 2171/2252/2488 2174/2258/2487
f 2158/2302/2478 2217/2305/2489 2190/2279/2431
f 2207/2304/2486 2194/2278/2430 2162/2264/2413
f 2189/2277/2487 2174/2258/2487 2180/2245/2490
f 2190/2279/2431 2217/2305/2489 2198/2294/2461
f 2198/2294/2461 2179/2262/2460 2190/2279/2431
f 2215/2293/2491 2197/2292/2492 2154/2291/2493
f 2154/2291/2493 2196/2290/2494 2215/2293/2491
f 2162/2264/2495 2215/2293/2491 2196/2290/2494
f 2196/2290/2494 2198/2294/2496 2162/2264/2495
f 2157/2295/2497 2200/2296/2498 2203/2301/2499
f 2203/2301/2499 2158/2302/2500 2157/2295/2497
f 2159/2286/2442 2202/2303/2501 2204/2289/2446
f 2204/2289/2446 2160/2287/2443 2159/2286/2442
f 2160/2287/2443 2204/2289/2446 2156/2284/2439
f 2156/2284/2439 2161/2282/2437 2160/2287/2443
f 2200/2296/2498 2157/2295/2497 2199/2283/2438
f 2199/2283/2438 2155/2285/2441 2200/2296/2498
f 2155/2285/2441 2199/2283/2438 2161/2282/2437
f 2161/2282/2437 2156/2284/2439 2155/2285/2441
f 2217/2305/2502 2158/2302/2500 2203/2301/2499
f 2203/2301/2499 2207/2304/2503 2217/2305/2502
f 2198/2294/2496 2217/2305/2504 2207/2304/2505
f 2207/2304/2505 2162/2264/2495 2198/2294/2496
f 2193/2281/2434 2219/2306/2506 2254/2297/2471
f 2254/2297/2471 2205/2280/2433 2193/2281/2434
f 2178/2265/2415 2220/2307/2507 2242/2299/2474
f 2242/2299/2474 2177/2263/2412 2178/2265/2415
f 2206/2288/2445 2213/2298/2508 2216/2308/2509
f 2216/2308/2509 2159/2286/2442 2206/2288/2445
f 2164/2242/2510 2222/2309/2511 2220/2307/2512
f 2220/2307/2512 2178/2265/2513 2164/2242/2510
f 2222/2309/2514 2232/2310/2515 2264/2311/2516
f 2264/2311/2516 2231/2312/2517 2222/2309/2514
f 2231/2312/2517 2264/2311/2516 2244/2313/2518
f 2244/2313/2518 2233/2314/2519 2231/2312/2517
f 2265/2315/2520 2234/2316/2521 2248/2317/2522
f 2248/2317/2522 2235/2318/2523 2265/2315/2520
f 2250/2319/2524 2236/2320/2525 2234/2316/2521
f 2234/2316/2521 2265/2315/2520 2250/2319/2524
f 2173/2256/2402 2211/2255/2401 2221/2321/2526
f 2221/2321/2526 2219/2306/2527 2173/2256/2402
f 2268/2322/2528 2237/2323/2529 2235/2318/2523
f 2235/2318/2523 2248/2317/2522 2268/2322/2528
f 2269/2324/2530 2238/2325/2531 2219/2306/2527
f 2219/2306/2527 2221/2321/2526 2269/2324/2530
f 2236/2320/2525 2250/2319/2524 2238/2325/2531
f 2238/2325/2531 2269/2324/2530 2236/2320/2525
f 2237/2323/2529 2268/2322/2528 2270/2326/2532
f 2270/2326/2532 2239/2327/2533 2237/2323/2529
f 2239/2327/2534 2270/2326/2535 2233/2314/2519
f 2233/2314/2519 2244/2313/2518 2239/2327/2534
f 2244/2313/2536 2240/2328/2537 2241/2329/2538
f 2241/2329/2538 2243/2330/2539 2244/2313/2536
f 2242/2299/2474 2220/2307/2507 2233/2314/2540
f 2233/2314/2540 2245/2331/2541 2242/2299/2474
f 2249/2332/2542 2248/2317/2543 2266/2333/2544
f 2250/2319/2545 2246/2334/2546 2247/2335/2547
f 2247/2335/2547 2261/2336/2548 2250/2319/2545
f 2249/2332/2542 2266/2333/2544 2267/2337/2549
f 2267/2337/2549 2251/2338/2550 2249/2332/2542
f 2240/2328/2537 2176/2261/2409 2175/2260/2408
f 2175/2260/2408 2241/2329/2538 2240/2328/2537
f 2255/2339/2551 2248/2317/2543 2249/2332/2542
f 2249/2332/2542 2252/2340/2552 2255/2339/2551
f 2246/2334/2546 2237/2323/2553 2256/2341/2554
f 2256/2341/2554 2247/2335/2547 2246/2334/2546
f 2254/2297/2471 2219/2306/2506 2238/2325/2555
f 2267/2337/2549 2253/2274/2426 2187/2273/2425
f 2187/2273/2425 2251/2338/2550 2267/2337/2549
f 2254/2297/2471 2238/2325/2555 2250/2319/2545
f 2250/2319/2545 2261/2336/2548 2254/2297/2471
f 2256/2341/2554 2237/2323/2553 2239/2327/2556
f 2233/2314/2540 2255/2339/2551 2252/2340/2552
f 2252/2340/2552 2245/2331/2541 2233/2314/2540
f 2256/2341/2554 2239/2327/2556 2244/2313/2536
f 2244/2313/2536 2243/2330/2539 2256/2341/2554
f 2271/2342/2557 2228/2343/2558 2261/2336/2559
f 2260/2344/2560 2251/2338/2561 2226/2345/2562
f 2216/2308/2509 2213/2298/2508 2254/2297/2563
f 2254/2297/2563 2227/2346/2564 2216/2308/2509
f 2272/2347/2565 2226/2345/2562 2251/2338/2561
f 2254/2297/2563 2261/2336/2559 2228/2343/2558
f 2228/2343/2558 2227/2346/2564 2254/2297/2563
f 2234/2316/2521 2266/2333/2566 2248/2317/2522
f 2236/2320/2525 2267/2337/2567 2266/2333/2566
f 2266/2333/2566 2234/2316/2521 2236/2320/2525
f 2267/2337/2567 2236/2320/2525 2269/2324/2568
f 2257/2348/2569 2223/2349/2570 2241/2329/2538
f 2264/2311/2571 2232/2310/2572 2240/2328/2571
f 2242/2299/2474 2258/2350/2573 2214/2300/2475
f 2220/2307/2574 2222/2309/2575 2231/2312/2576
f 2223/2349/2570 2224/2351/2577 2243/2330/2578
f 2243/2330/2578 2241/2329/2538 2223/2349/2570
f 2244/2313/2579 2264/2311/2571 2240/2328/2571
f 2245/2331/2580 2258/2350/2573 2242/2299/2474
f 2220/2307/2574 2231/2312/2576 2233/2314/2581
f 2259/2352/2582 2271/2342/2583 2247/2335/2547
f 2265/2315/2584 2235/2318/2585 2246/2334/2546
f 2249/2332/2542 2260/2344/2586 2225/2353/2587
f 2261/2336/2548 2247/2335/2547 2271/2342/2583
f 2265/2315/2584 2246/2334/2546 2250/2319/2545
f 2251/2338/2550 2260/2344/2586 2249/2332/2542
f 2221/2321/2588 2211/2255/2482 2188/2275/2427
f 2188/2275/2427 2253/2274/2426 2221/2321/2588
f 2232/2310/2589 2208/2241/2453 2176/2261/2452
f 2176/2261/2452 2240/2328/2590 2232/2310/2589
f 2225/2353/2587 2229/2354/2591 2252/2340/2552
f 2252/2340/2552 2249/2332/2542 2225/2353/2587
f 2248/2317/2592 2255/2339/2592 2268/2322/2592
f 2262/2355/2593 2259/2352/2582 2247/2335/2547
f 2247/2335/2547 2256/2341/2554 2262/2355/2593
f 2237/2323/2594 2246/2334/2594 2235/2318/2594
f 2218/2356/2595 2272/2347/2596 2187/2273/2425
f 2269/2324/2597 2221/2321/2588 2253/2274/2426
f 2251/2338/2550 2187/2273/2425 2272/2347/2596
f 2267/2337/2549 2269/2324/2597 2253/2274/2426
f 2229/2354/2591 2230/2357/2598 2252/2340/2552
f 2270/2326/2599 2268/2322/2600 2255/2339/2601
f 2256/2341/2554 2263/2358/2602 2262/2355/2593
f 2245/2331/2541 2252/2340/2552 2230/2357/2598
f 2233/2314/2603 2270/2326/2599 2255/2339/2601
f 2224/2351/2577 2263/2358/2602 2256/2341/2554
f 2256/2341/2554 2243/2330/2578 2224/2351/2577
f 2257/2348/2604 2214/2300/2605 2258/2350/2606
f 2258/2350/2606 2223/2349/2607 2257/2348/2604
f 2223/2349/2607 2258/2350/2606 2245/2331/2608
f 2245/2331/2608 2224/2351/2609 2223/2349/2607
f 2259/2352/2610 2262/2355/2611 2229/2354/2612
f 2229/2354/2612 2225/2353/2613 2259/2352/2610
f 2216/2308/2509 2227/2346/2564 2272/2347/2565
f 2272/2347/2565 2218/2356/2614 2216/2308/2509
f 2227/2346/2564 2228/2343/2558 2226/2345/2562
f 2226/2345/2562 2272/2347/2565 2227/2346/2564
f 2225/2353/2613 2260/2344/2560 2271/2342/2557
f 2271/2342/2557 2259/2352/2610 2225/2353/2613
f 2260/2344/2560 2226/2345/2562 2228/2343/2558
f 2228/2343/2558 2271/2342/2557 2260/2344/2560
f 2202/2303/2501 2159/2286/2442 2216/2308/2509
f 2216/2308/2509 2218/2356/2614 2202/2303/2501
f 2229/2354/2612 2262/2355/2611 2263/2358/2615
f 2263/2358/2615 2230/2357/2616 2229/2354/2612
f 2230/2357/2617 2263/2358/2618 2224/2351/2609
f 2224/2351/2609 2245/2331/2608 2230/2357/2617
f 2208/2241/2387 2232/2310/2515 2222/2309/2514
f 2222/2309/2514 2164/2242/2388 2208/2241/2387
f 2202/2303/2481 2218/2356/2595 2187/2273/2425
f 2187/2273/2425 2192/2276/2428 2202/2303/2481
f 2219/2306/2527 2193/2281/2619 2173/2256/2402
f 2154/2291/2451 2257/2348/2569 2241/2329/2538
f 2241/2329/2538 2175/2260/2408 2154/2291/2451
f 2197/2292/2492 2214/2300/2605 2257/2348/2604
f 2257/2348/2604 2154/2291/2493 2197/2292/2492
f 2469/2359/2620 2274/2360/2621 2275/2361/2622
f 2275/2361/2622 2276/2362/2623 2469/2359/2620
f 2276/2362/2623 2275/2361/2622 2277/2363/2624
f 2277/2363/2624 2305/2364/2625 2276/2362/2623
f 2278/2365/2626 2275/2361/2622 2274/2360/2627
f 2275/2361/2622 2278/2365/2626 2279/2366/2628
f 2279/2366/2628 2277/2363/2624 2275/2361/2622
f 2280/2367/2629 2470/2362/2630 2281/2361/2631
f 2281/2361/2631 2282/2360/2632 2280/2367/2629
f 2282/2360/2632 2281/2361/2631 2283/2368/2633
f 2283/2368/2633 2284/2369/2634 2282/2360/2632
f 2470/2362/2630 2301/2364/2635 2285/2363/2636
f 2285/2363/2636 2281/2361/2631 2470/2362/2630
f 2281/2361/2631 2285/2363/2636 2286/2366/2637
f 2286/2366/2637 2283/2368/2633 2281/2361/2631
f 2463/2370/2638 2287/2371/2639 2288/2372/2640
f 2288/2372/2640 2289/2373/2641 2463/2370/2638
f 2289/2373/2641 2288/2372/2640 2290/2374/2642
f 2290/2374/2642 2304/2375/2643 2289/2373/2641
f 2287/2371/2639 2284/2369/2634 2283/2368/2633
f 2283/2368/2633 2288/2372/2640 2287/2371/2639
f 2288/2372/2640 2283/2368/2633 2286/2366/2637
f 2286/2366/2637 2290/2374/2642 2288/2372/2640
f 2475/2376/2644 2473/2377/2645 2291/2378/2646
f 2291/2378/2646 2292/2379/2647 2475/2376/2644
f 2292/2379/2648 2291/2378/2646 2293/2374/2649
f 2293/2374/2649 2384/2380/2650 2292/2379/2648
f 2473/2377/2645 2305/2364/2625 2277/2363/2624
f 2277/2363/2624 2291/2378/2646 2473/2377/2645
f 2291/2378/2646 2277/2363/2624 2279/2366/2628
f 2279/2366/2628 2293/2374/2649 2291/2378/2646
f 2461/2381/2651 2303/2382/2652 2294/2378/2653
f 2294/2378/2653 2295/2377/2654 2461/2381/2651
f 2295/2377/2654 2294/2378/2653 2285/2363/2636
f 2285/2363/2636 2301/2364/2635 2295/2377/2654
f 2303/2382/2652 2304/2375/2643 2290/2374/2642
f 2290/2374/2642 2294/2378/2653 2303/2382/2652
f 2294/2378/2653 2290/2374/2642 2286/2366/2637
f 2286/2366/2637 2285/2363/2636 2294/2378/2653
f 2296/2383/2655 2464/2384/2656 2297/2372/2657
f 2297/2372/2657 2298/2371/2658 2296/2383/2655
f 2298/2371/2658 2297/2372/2657 2278/2365/2626
f 2464/2384/2656 2384/2380/2650 2293/2374/2649
f 2293/2374/2649 2297/2372/2657 2464/2384/2656
f 2297/2372/2657 2293/2374/2649 2279/2366/2628
f 2279/2366/2628 2278/2365/2626 2297/2372/2657
f 2299/2385/2659 2300/2386/2660 2274/2360/2621
f 2274/2360/2621 2469/2359/2620 2299/2385/2659
f 2300/2386/2661 2504/2387/2662 2278/2365/2626
f 2278/2365/2626 2274/2360/2627 2300/2386/2661
f 2309/2388/2663 2311/2389/2664 2310/2390/2665
f 2310/2390/2665 2308/2391/2666 2309/2388/2663
f 2307/2392/2667 2312/2393/2668 2311/2389/2664
f 2311/2389/2664 2309/2388/2663 2307/2392/2667
f 2366/2394/2669 2306/2395/2670 2467/2396/2671
f 2467/2396/2671 2468/2397/2672 2366/2394/2669
f 2312/2393/2668 2307/2392/2667 2306/2395/2670
f 2306/2395/2670 2366/2394/2669 2312/2393/2668
f 2315/2398/2673 2314/2399/2674 2273/2400/2675
f 2273/2400/2675 2292/2379/2647 2315/2398/2673
f 2315/2398/2676 2292/2379/2648 2313/2401/2677
f 2390/2402/2678 2316/2403/2679 2318/2404/2680
f 2319/2405/2681 2320/2406/2682 2403/2407/2683
f 2403/2407/2683 2386/2408/2684 2319/2405/2681
f 2321/2409/2685 2319/2405/2681 2386/2408/2684
f 2386/2408/2684 2387/2410/2686 2321/2409/2685
f 2320/2406/2682 2319/2405/2681 2322/2411/2687
f 2323/2412/2688 2322/2411/2687 2319/2405/2681
f 2319/2405/2681 2321/2409/2685 2323/2412/2688
f 2324/2405/2689 2325/2408/2690 2450/2413/2691
f 2450/2413/2691 2397/2406/2692 2324/2405/2689
f 2326/2414/2693 2324/2405/2689 2397/2406/2692
f 2397/2406/2692 2398/2415/2694 2326/2414/2693
f 2327/2416/2695 2328/2417/2696 2325/2408/2690
f 2325/2408/2690 2324/2405/2689 2327/2416/2695
f 2329/2412/2697 2327/2416/2695 2324/2405/2689
f 2324/2405/2689 2326/2414/2693 2329/2412/2697
f 2330/2418/2698 2331/2419/2699 2395/2420/2700
f 2395/2420/2700 2340/2421/2701 2330/2418/2698
f 2332/2422/2702 2330/2418/2698 2340/2421/2701
f 2340/2421/2701 2341/2423/2703 2332/2422/2702
f 2326/2414/2693 2398/2415/2694 2331/2419/2699
f 2331/2419/2699 2330/2418/2698 2326/2414/2693
f 2329/2412/2697 2326/2414/2693 2330/2418/2698
f 2330/2418/2698 2332/2422/2702 2329/2412/2697
f 2333/2424/2704 2334/2425/2705 2335/2426/2706
f 2335/2426/2706 2342/2427/2707 2333/2424/2704
f 2343/2428/2708 2333/2424/2704 2342/2427/2707
f 2321/2409/2685 2387/2410/2686 2334/2425/2705
f 2334/2425/2705 2333/2424/2704 2321/2409/2685
f 2323/2412/2688 2321/2409/2685 2333/2424/2704
f 2333/2424/2704 2343/2428/2708 2323/2412/2688
f 2336/2429/2709 2337/2430/2710 2345/2431/2711
f 2345/2431/2711 2388/2432/2712 2336/2429/2709
f 2327/2416/2695 2336/2429/2709 2388/2432/2712
f 2388/2432/2712 2328/2417/2696 2327/2416/2695
f 2332/2422/2702 2341/2423/2703 2337/2430/2710
f 2337/2430/2710 2336/2429/2709 2332/2422/2702
f 2329/2412/2697 2332/2422/2702 2336/2429/2709
f 2336/2429/2709 2327/2416/2695 2329/2412/2697
f 2338/2433/2713 2339/2434/2714 2396/2435/2715
f 2396/2435/2715 2399/2419/2716 2338/2433/2713
f 2322/2411/2687 2338/2433/2713 2399/2419/2716
f 2339/2434/2714 2338/2433/2713 2343/2428/2708
f 2323/2412/2688 2343/2428/2708 2338/2433/2713
f 2338/2433/2713 2322/2411/2687 2323/2412/2688
f 2389/2436/2717 2345/2431/2711 2337/2430/2710
f 2337/2430/2710 2344/2437/2718 2389/2436/2717
f 2344/2437/2718 2337/2430/2710 2341/2423/2703
f 2341/2423/2703 2381/2438/2719 2344/2437/2718
f 2385/2439/2720 2396/2435/2715 2339/2434/2714
f 2339/2434/2714 2346/2440/2721 2385/2439/2720
f 2346/2440/2721 2339/2434/2714 2343/2428/2708
f 2343/2428/2708 2347/2441/2722 2346/2440/2721
f 2317/2442/2723 2368/2443/2724 2350/2444/2725
f 2350/2444/2725 2351/2445/2726 2317/2442/2723
f 2368/2443/2724 2369/2446/2727 2349/2447/2728
f 2349/2447/2728 2350/2444/2725 2368/2443/2724
f 2390/2402/2678 2394/2448/2729 2371/2449/2730
f 2316/2403/2679 2348/2450/2731 2352/2451/2732
f 2352/2451/2732 2318/2404/2680 2316/2403/2679
f 2349/2447/2728 2369/2446/2727 2352/2451/2732
f 2352/2451/2732 2348/2450/2731 2349/2447/2728
f 2362/2452/2733 2364/2453/2734 2358/2454/2735
f 2358/2454/2735 2353/2455/2736 2362/2452/2733
f 2354/2456/2737 2400/2457/2738 2356/2458/2739
f 2356/2458/2739 2355/2459/2740 2354/2456/2737
f 2471/2460/2741 2392/2461/2742 2358/2454/2735
f 2358/2454/2735 2357/2462/2743 2471/2460/2741
f 2358/2454/2735 2364/2453/2734 2357/2462/2743
f 2391/2460/2744 2367/2463/2745 2356/2458/2739
f 2356/2458/2739 2359/2464/2746 2391/2460/2744
f 2367/2463/2745 2355/2459/2740 2356/2458/2739
f 2310/2390/2665 2311/2389/2664 2362/2452/2747
f 2362/2452/2747 2363/2465/2748 2310/2390/2665
f 2312/2393/2668 2364/2453/2749 2362/2452/2747
f 2362/2452/2747 2311/2389/2664 2312/2393/2668
f 2355/2459/2750 2313/2401/2677 2365/2466/2751
f 2468/2397/2672 2361/2467/2752 2357/2462/2753
f 2357/2462/2753 2366/2394/2669 2468/2397/2672
f 2366/2394/2669 2357/2462/2753 2364/2453/2749
f 2364/2453/2749 2312/2393/2668 2366/2394/2669
f 2315/2398/2673 2367/2463/2754 2372/2468/2755
f 2372/2468/2755 2314/2399/2674 2315/2398/2673
f 2313/2401/2677 2355/2459/2750 2367/2463/2756
f 2367/2463/2756 2315/2398/2676 2313/2401/2677
f 2368/2443/2724 2317/2442/2723 2402/2469/2757
f 2352/2451/2732 2370/2470/2758 2318/2404/2680
f 2371/2449/2730 2394/2448/2729 2393/2471/2759
f 2368/2443/2760 2402/2469/2761 2353/2455/2762
f 2353/2455/2762 2358/2454/2763 2369/2446/2764
f 2369/2446/2764 2368/2443/2760 2353/2455/2762
f 2354/2456/2765 2365/2466/2766 2360/2472/2767
f 2400/2457/2768 2385/2439/2769 2346/2440/2770
f 2365/2466/2771 2354/2456/2737 2355/2459/2740
f 2400/2457/2768 2346/2440/2770 2347/2441/2772
f 2347/2441/2772 2356/2458/2773 2400/2457/2768
f 2361/2467/2774 2471/2460/2741 2357/2462/2743
f 2392/2461/2742 2370/2470/2775 2352/2451/2776
f 2352/2451/2776 2358/2454/2763 2392/2461/2742
f 2352/2451/2776 2369/2446/2764 2358/2454/2763
f 2367/2463/2745 2391/2460/2744 2372/2468/2777
f 2359/2464/2746 2356/2458/2778 2371/2449/2779
f 2371/2449/2779 2393/2471/2780 2359/2464/2746
f 2347/2441/2781 2371/2449/2779 2356/2458/2778
f 2465/2473/2782 2373/2474/2783 2374/2475/2784
f 2374/2475/2784 2302/2476/2785 2465/2473/2782
f 2465/2473/2782 2383/2477/2786 2375/2478/2787
f 2375/2478/2787 2373/2474/2783 2465/2473/2782
f 2376/2479/2788 2375/2478/2787 2383/2477/2786
f 2467/2396/2671 2306/2395/2670 2376/2479/2788
f 2307/2392/2667 2375/2478/2787 2376/2479/2788
f 2376/2479/2788 2306/2395/2670 2307/2392/2667
f 2308/2391/2789 2374/2475/2784 2373/2474/2783
f 2373/2474/2783 2309/2388/2663 2308/2391/2789
f 2309/2388/2663 2373/2474/2783 2375/2478/2787
f 2375/2478/2787 2307/2392/2667 2309/2388/2663
f 2377/2480/2790 2601/2481/2791 2378/2482/2792
f 2378/2482/2792 2379/2483/2793 2377/2480/2790
f 2379/2483/2793 2378/2482/2792 2380/2484/2794
f 2316/2403/2679 2389/2436/2717 2344/2437/2718
f 2344/2437/2718 2348/2450/2731 2316/2403/2679
f 2349/2447/2728 2348/2450/2731 2344/2437/2718
f 2344/2437/2718 2381/2438/2719 2349/2447/2728
f 2350/2444/2725 2380/2484/2794 2378/2482/2792
f 2378/2482/2792 2351/2445/2795 2350/2444/2725
f 2350/2444/2725 2349/2447/2728 2381/2438/2719
f 2381/2438/2719 2380/2484/2794 2350/2444/2725
f 2461/2381/2651 2376/2479/2788 2303/2382/2652
f 2376/2479/2788 2383/2477/2786 2304/2375/2643
f 2304/2375/2643 2303/2382/2652 2376/2479/2788
f 2345/2431/2711 2389/2436/2717 2390/2402/2678
f 2379/2483/2793 2380/2484/2794 2340/2421/2701
f 2340/2421/2701 2395/2420/2700 2379/2483/2793
f 2340/2421/2701 2380/2484/2794 2381/2438/2719
f 2381/2438/2719 2341/2423/2703 2340/2421/2701
f 2390/2402/2678 2371/2449/2730 2342/2427/2707
f 2342/2427/2707 2335/2426/2706 2390/2402/2678
f 2371/2449/2796 2347/2441/2722 2343/2428/2708
f 2343/2428/2708 2342/2427/2707 2371/2449/2796
f 2318/2404/2680 2394/2448/2729 2390/2402/2678
f 2403/2407/2683 2325/2408/2690 2386/2408/2684
f 2328/2417/2696 2386/2408/2684 2325/2408/2690
f 2386/2408/2684 2328/2417/2696 2387/2410/2686
f 2335/2426/2706 2334/2425/2705 2388/2432/2712
f 2388/2432/2712 2345/2431/2711 2335/2426/2706
f 2334/2425/2705 2387/2410/2686 2328/2417/2696
f 2328/2417/2696 2388/2432/2712 2334/2425/2705
f 2393/2471/2759 2394/2448/2729 2318/2404/2680
f 2345/2431/2711 2390/2402/2678 2335/2426/2706
f 2415/2485/2797 2627/2486/2798 2427/2487/2797
f 2427/2487/2797 2426/2488/2799 2415/2485/2797
f 2359/2464/2746 2392/2461/2742 2451/2460/211
f 2451/2460/211 2391/2460/2744 2359/2464/2746
f 2370/2470/2758 2393/2471/2759 2318/2404/2680
f 2393/2471/2780 2370/2470/2775 2392/2461/2742
f 2392/2461/2742 2359/2464/2746 2393/2471/2780
f 2390/2402/2678 2389/2436/2717 2316/2403/2679
f 2403/2407/2683 2410/2489/2800 2405/2490/2801
f 2405/2490/2801 2404/2491/2802 2403/2407/2683
f 2406/2492/2803 2403/2407/2683 2407/2493/2804
f 2424/2494/2805 2403/2407/2683 2409/2495/2806
f 2409/2495/2806 2408/2496/2802 2424/2494/2805
f 2414/2497/2807 2440/2498/2808 2425/2499/2809
f 2425/2499/2809 2413/2500/2810 2414/2497/2807
f 2639/2501/2811 2415/2485/2812 2426/2488/2813
f 2426/2488/2813 2441/2502/2814 2639/2501/2811
f 2417/2497/2815 2426/2488/2816 2442/2503/2817
f 2442/2503/2817 2416/2500/2818 2417/2497/2815
f 2495/2504/2819 2494/2505/2820 2429/2506/2819
f 2429/2506/2819 2443/2507/2821 2495/2504/2819
f 2443/2507/2822 2429/2506/2823 2428/2499/2824
f 2428/2499/2824 2418/2500/2825 2443/2507/2822
f 2643/2508/2826 2628/2509/2827 2431/2510/2828
f 2431/2510/2828 2444/2511/2829 2643/2508/2826
f 2420/2497/2830 2431/2510/2831 2430/2499/2832
f 2430/2499/2832 2419/2500/2833 2420/2497/2830
f 2422/2497/2807 2432/2498/2834 2433/2499/2809
f 2433/2499/2809 2421/2500/2835 2422/2497/2807
f 2411/2512/2836 2625/2513/2837 2608/2514/2838
f 2404/2491/2802 2407/2493/2804 2403/2407/2683
f 2400/2457/2738 2354/2456/2737 2401/2515/2839
f 2424/2494/2805 2410/2489/2800 2403/2407/2683
f 2406/2492/2803 2412/2516/2840 2403/2407/2683
f 2407/2493/2804 2441/2502/2841 2417/2497/2842
f 2424/2494/2805 2444/2511/2843 2420/2497/2844
f 2405/2490/2801 2439/2517/2845 2414/2497/2846
f 2412/2516/2840 2445/2518/2847 2422/2497/2848
f 2405/2490/2801 2414/2497/2846 2434/2519/2849
f 2434/2519/2849 2404/2491/2802 2405/2490/2801
f 2407/2493/2804 2417/2497/2842 2435/2519/2850
f 2435/2519/2850 2406/2492/2803 2407/2493/2804
f 2409/2495/2806 2443/2507/2851 2436/2520/2852
f 2436/2520/2852 2408/2496/2802 2409/2495/2806
f 2424/2494/2805 2420/2497/2844 2437/2519/2853
f 2437/2519/2853 2410/2489/2800 2424/2494/2805
f 2412/2516/2840 2422/2497/2848 2438/2519/2854
f 2438/2519/2854 2411/2512/2836 2412/2516/2840
f 2425/2499/2809 2434/2519/2855 2413/2500/2810
f 2413/2500/2810 2434/2519/2855 2414/2497/2807
f 2440/2498/2856 2414/2497/2856 2439/2517/2856
f 2427/2487/2857 2435/2519/2858 2416/2500/2818
f 2416/2500/2859 2442/2503/2859 2427/2487/2859
f 2416/2500/2818 2435/2519/2858 2417/2497/2815
f 2426/2488/2860 2417/2497/2860 2441/2502/2860
f 2427/2487/2861 2442/2503/2817 2426/2488/2816
f 2428/2499/2824 2436/2520/2862 2418/2500/2825
f 2418/2500/2825 2436/2520/2862 2443/2507/2822
f 2430/2499/2832 2437/2519/2863 2419/2500/2833
f 2419/2500/2833 2437/2519/2863 2420/2497/2830
f 2431/2510/2864 2420/2497/2864 2444/2511/2864
f 2433/2499/2809 2438/2519/2865 2421/2500/2835
f 2421/2500/2835 2438/2519/2865 2422/2497/2807
f 2432/2498/2866 2422/2497/2866 2445/2518/2866
f 2623/2521/2867 2639/2501/2868 2441/2502/2869
f 2441/2502/2869 2407/2493/2870 2623/2521/2867
f 2449/2510/2871 2652/2522/2872 2654/2523/2738
f 2654/2523/2738 2457/2499/2873 2449/2510/2871
f 2325/2408/2690 2403/2407/2683 2450/2413/2691
f 2392/2461/2742 2471/2460/2741 2451/2460/211
f 2403/2407/2683 2452/2524/2874 2453/2492/2875
f 2453/2492/2875 2450/2413/2691 2403/2407/2683
f 2608/2514/2838 2452/2524/2874 2411/2512/2836
f 2412/2516/2840 2411/2512/2836 2452/2524/2874
f 2403/2407/2683 2412/2516/2840 2452/2524/2874
f 2456/2497/2876 2449/2510/2877 2457/2499/2878
f 2457/2499/2878 2455/2500/2879 2456/2497/2876
f 2653/2525/2812 2652/2522/2880 2449/2510/2881
f 2449/2510/2881 2459/2502/2882 2653/2525/2812
f 2452/2524/2874 2459/2502/2883 2456/2497/2884
f 2452/2524/2874 2456/2497/2884 2458/2519/2885
f 2458/2519/2885 2453/2492/2875 2452/2524/2874
f 2459/2502/2886 2452/2524/2886 2653/2525/2886
f 2455/2500/2879 2458/2519/2887 2456/2497/2876
f 2449/2510/2888 2456/2497/2888 2459/2502/2888
f 2457/2499/2878 2458/2519/2887 2455/2500/2879
f 2461/2381/2651 2462/2526/2889 2478/2527/2890
f 2478/2527/2890 2467/2396/2671 2461/2381/2651
f 2465/2473/2782 2302/2476/2785 2463/2370/2638
f 2292/2379/2647 2273/2400/2675 2475/2376/2644
f 2292/2379/2648 2384/2380/2650 2313/2401/2677
f 2376/2479/2788 2461/2381/2651 2467/2396/2671
f 2360/2472/2891 2365/2466/2751 2464/2384/2656
f 2464/2384/2656 2296/2383/2655 2360/2472/2891
f 2365/2466/2751 2313/2401/2677 2384/2380/2650
f 2384/2380/2650 2464/2384/2656 2365/2466/2751
f 2469/2359/2620 2276/2362/2623 2470/2362/2630
f 2470/2362/2630 2280/2367/2629 2469/2359/2620
f 2276/2362/2623 2305/2364/2625 2301/2364/2635
f 2301/2364/2635 2470/2362/2630 2276/2362/2623
f 2314/2399/2674 2372/2468/2755 2361/2467/2752
f 2361/2467/2752 2468/2397/2672 2314/2399/2674
f 2468/2397/2672 2467/2396/2671 2273/2400/2675
f 2273/2400/2675 2314/2399/2674 2468/2397/2672
f 2484/2528/2892 2485/2529/2893 2472/2530/2894
f 2472/2530/2894 2480/2531/2895 2484/2528/2892
f 2461/2381/2651 2295/2377/2654 2473/2377/2645
f 2473/2377/2645 2475/2376/2644 2461/2381/2651
f 2295/2377/2654 2301/2364/2635 2305/2364/2625
f 2305/2364/2625 2473/2377/2645 2295/2377/2654
f 2471/2460/2741 2361/2467/2774 2372/2468/2777
f 2372/2468/2777 2391/2460/2744 2471/2460/2741
f 2481/2532/2896 2484/2528/2897 2480/2531/2898
f 2480/2531/2898 2483/2533/2899 2481/2532/2896
f 2476/2534/2900 2485/2529/2901 2484/2528/2900
f 2484/2528/2900 2481/2532/2902 2476/2534/2900
f 2477/2535/2903 2472/2530/2904 2485/2529/2905
f 2485/2529/2905 2476/2534/2906 2477/2535/2903
f 2482/2536/2907 2480/2531/2908 2487/2537/2907
f 2487/2537/2907 2486/2538/2909 2482/2536/2907
f 2478/2527/2890 2474/2539/2910 2273/2400/2675
f 2273/2400/2675 2467/2396/2671 2478/2527/2890
f 2463/2370/2638 2289/2373/2641 2465/2473/2782
f 2289/2373/2641 2304/2375/2643 2383/2477/2786
f 2383/2477/2786 2465/2473/2782 2289/2373/2641
f 2479/2540/2911 2462/2526/2889 2461/2381/2651
f 2461/2381/2651 2475/2376/2644 2479/2540/2911
f 2475/2376/2644 2273/2400/2675 2474/2539/2910
f 2474/2539/2910 2479/2540/2911 2475/2376/2644
f 2478/2527/2912 2486/2538/2913 2477/2535/2914
f 2483/2533/2915 2482/2536/2915 2462/2526/2915
f 2472/2530/2894 2487/2537/2916 2480/2531/2895
f 2474/2539/2917 2476/2534/2918 2481/2532/2919
f 2481/2532/2919 2479/2540/2920 2474/2539/2917
f 2482/2536/2921 2483/2533/2921 2480/2531/2921
f 2477/2535/2903 2486/2538/2922 2487/2537/2923
f 2487/2537/2923 2472/2530/2904 2477/2535/2903
f 2462/2526/2924 2482/2536/2925 2486/2538/2926
f 2486/2538/2926 2478/2527/2927 2462/2526/2924
f 2478/2527/2912 2477/2535/2914 2476/2534/2928
f 2476/2534/2928 2474/2539/2929 2478/2527/2912
f 2479/2540/2930 2481/2532/2931 2483/2533/2932
f 2483/2533/2932 2462/2526/2933 2479/2540/2930
f 2404/2491/2802 2423/2541/2934 2623/2521/2867
f 2623/2521/2867 2407/2493/2804 2404/2491/2802
f 2493/2542/2935 2317/2442/2723 2351/2445/2726
f 2351/2445/2726 2488/2543/2936 2493/2542/2935
f 2320/2406/2682 2489/2544/2937 2609/2545/2938
f 2609/2545/2938 2403/2407/2683 2320/2406/2682
f 2398/2415/2694 2550/2546/2939 2490/2547/2940
f 2490/2547/2940 2331/2419/2699 2398/2415/2694
f 2360/2472/2941 2499/2548/2942 2580/2549/2943
f 2580/2549/2943 2354/2456/2765 2360/2472/2941
f 2374/2475/2784 2491/2550/2944 2492/2551/2945
f 2492/2551/2945 2302/2476/2785 2374/2475/2784
f 2378/2482/2792 2601/2481/2791 2488/2543/2946
f 2488/2543/2946 2351/2445/2795 2378/2482/2792
f 2395/2420/2700 2566/2552/2947 2377/2480/2790
f 2377/2480/2790 2379/2483/2793 2395/2420/2700
f 2425/2499/2948 2626/2523/2949 2631/2553/2950
f 2631/2553/2950 2434/2519/2951 2425/2499/2948
f 2427/2487/2952 2627/2486/2953 2632/2553/2952
f 2632/2553/2952 2435/2519/2954 2427/2487/2952
f 2428/2499/2955 2446/2523/2956 2633/2554/2957
f 2633/2554/2957 2436/2520/2958 2428/2499/2955
f 2430/2499/2959 2447/2523/2960 2634/2555/2959
f 2634/2555/2959 2437/2519/2961 2430/2499/2959
f 2457/2499/2962 2654/2523/2963 2460/2556/2962
f 2460/2556/2962 2458/2519/2964 2457/2499/2962
f 2458/2519/2965 2460/2556/2966 2454/2541/2967
f 2454/2541/2967 2453/2492/2968 2458/2519/2965
f 2302/2476/2785 2492/2551/2945 2496/2557/2969
f 2496/2557/2969 2463/2370/2638 2302/2476/2785
f 2308/2391/2666 2310/2390/2665 2535/2558/2970
f 2535/2558/2970 2498/2559/2971 2308/2391/2666
f 2360/2472/2891 2382/2560/2972 2499/2548/2942
f 2299/2385/2659 2656/2561/2973 2501/2562/2974
f 2501/2562/2974 2300/2386/2660 2299/2385/2659
f 2656/2561/2973 2502/2563/2975 2503/2564/2976
f 2503/2564/2976 2501/2562/2974 2656/2561/2973
f 2300/2386/2661 2501/2562/2974 2504/2387/2662
f 2501/2562/2974 2503/2564/2976 2505/2565/2977
f 2505/2565/2977 2504/2387/2662 2501/2562/2974
f 2466/2385/2978 2506/2386/2979 2507/2562/2980
f 2507/2562/2980 2508/2561/2981 2466/2385/2978
f 2506/2386/2979 2509/2566/2982 2510/2567/2983
f 2510/2567/2983 2507/2562/2980 2506/2386/2979
f 2508/2561/2981 2507/2562/2980 2511/2564/2984
f 2511/2564/2984 2512/2563/2985 2508/2561/2981
f 2507/2562/2980 2510/2567/2983 2513/2568/2986
f 2513/2568/2986 2511/2564/2984 2507/2562/2980
f 2496/2557/2969 2604/2569/2987 2514/2570/2988
f 2514/2570/2988 2515/2571/2989 2496/2557/2969
f 2604/2569/2987 2516/2572/2990 2517/2573/2991
f 2517/2573/2991 2514/2570/2988 2604/2569/2987
f 2515/2571/2989 2514/2570/2988 2510/2567/2983
f 2510/2567/2983 2509/2566/2982 2515/2571/2989
f 2514/2570/2988 2517/2573/2991 2513/2568/2986
f 2513/2568/2986 2510/2567/2983 2514/2570/2988
f 2529/2574/2992 2530/2575/2993 2518/2576/2994
f 2518/2576/2994 2519/2577/2995 2529/2574/2992
f 2530/2575/2996 2520/2578/2997 2521/2573/2998
f 2521/2573/2998 2518/2576/2994 2530/2575/2996
f 2519/2577/2995 2518/2576/2994 2503/2564/2976
f 2503/2564/2976 2502/2563/2975 2519/2577/2995
f 2518/2576/2994 2521/2573/2998 2505/2565/2977
f 2505/2565/2977 2503/2564/2976 2518/2576/2994
f 2606/2579/2999 2657/2577/3000 2522/2576/3001
f 2522/2576/3001 2523/2580/3002 2606/2579/2999
f 2657/2577/3000 2512/2563/2985 2511/2564/2984
f 2511/2564/2984 2522/2576/3001 2657/2577/3000
f 2523/2580/3002 2522/2576/3001 2517/2573/2991
f 2517/2573/2991 2516/2572/2990 2523/2580/3002
f 2522/2576/3001 2511/2564/2984 2513/2568/2986
f 2513/2568/2986 2517/2573/2991 2522/2576/3001
f 2382/2560/2972 2524/2571/3003 2525/2570/3004
f 2525/2570/3004 2526/2581/3005 2382/2560/2972
f 2504/2387/2662 2525/2570/3004 2524/2571/3003
f 2526/2581/3005 2525/2570/3004 2521/2573/2998
f 2521/2573/2998 2520/2578/2997 2526/2581/3005
f 2525/2570/3004 2504/2387/2662 2505/2565/2977
f 2505/2565/2977 2521/2573/2998 2525/2570/3004
f 2515/2571/2989 2287/2371/2639 2463/2370/2638
f 2463/2370/2638 2496/2557/2969 2515/2571/2989
f 2509/2566/2982 2284/2369/2634 2287/2371/2639
f 2287/2371/2639 2515/2571/2989 2509/2566/2982
f 2533/2582/3006 2498/2559/2971 2535/2558/2970
f 2535/2558/2970 2534/2583/3007 2533/2582/3006
f 2532/2584/3008 2533/2582/3006 2534/2583/3007
f 2534/2583/3007 2536/2585/3009 2532/2584/3008
f 2499/2548/2942 2382/2560/2972 2526/2581/3005
f 2526/2581/3005 2537/2586/3010 2499/2548/2942
f 2537/2586/3010 2526/2581/3005 2520/2578/2997
f 2520/2578/2997 2540/2587/3011 2537/2586/3010
f 2538/2588/3012 2500/2589/3013 2655/2590/3014
f 2655/2590/3014 2531/2591/3015 2538/2588/3012
f 2536/2585/3009 2538/2588/3012 2531/2591/3015
f 2531/2591/3015 2532/2584/3008 2536/2585/3009
f 2539/2592/3016 2530/2575/2993 2497/2593/3017
f 2497/2593/3017 2659/2594/3018 2539/2592/3016
f 2539/2592/3019 2540/2587/3011 2520/2578/2997
f 2520/2578/2997 2530/2575/2996 2539/2592/3019
f 2578/2595/3020 2569/2596/3021 2541/2597/3022
f 2542/2598/3023 2543/2599/3024 2609/2545/2938
f 2609/2545/2938 2489/2544/2937 2542/2598/3023
f 2544/2600/3025 2545/2601/3026 2543/2599/3024
f 2543/2599/3024 2542/2598/3023 2544/2600/3025
f 2573/2602/3027 2542/2598/3023 2489/2544/2937
f 2546/2603/3028 2544/2600/3025 2542/2598/3023
f 2542/2598/3023 2573/2602/3027 2546/2603/3028
f 2547/2598/3029 2548/2604/3030 2565/2605/3031
f 2565/2605/3031 2610/2606/3032 2547/2598/3029
f 2549/2607/3033 2550/2546/2939 2548/2604/3030
f 2548/2604/3030 2547/2598/3029 2549/2607/3033
f 2551/2608/3034 2547/2598/3029 2610/2606/3032
f 2610/2606/3032 2611/2601/3035 2551/2608/3034
f 2552/2603/3036 2549/2607/3033 2547/2598/3029
f 2547/2598/3029 2551/2608/3034 2552/2603/3036
f 2553/2609/3037 2554/2610/3038 2566/2552/2947
f 2566/2552/2947 2490/2547/2940 2553/2609/3037
f 2555/2611/3039 2556/2612/3040 2554/2610/3038
f 2554/2610/3038 2553/2609/3037 2555/2611/3039
f 2549/2607/3033 2553/2609/3037 2490/2547/2940
f 2490/2547/2940 2550/2546/2939 2549/2607/3033
f 2552/2603/3036 2555/2611/3039 2553/2609/3037
f 2553/2609/3037 2549/2607/3033 2552/2603/3036
f 2557/2613/3041 2558/2614/3042 2567/2615/3043
f 2567/2615/3043 2612/2616/3044 2557/2613/3041
f 2558/2614/3042 2557/2613/3041 2559/2617/3045
f 2544/2600/3025 2557/2613/3041 2612/2616/3044
f 2612/2616/3044 2545/2601/3026 2544/2600/3025
f 2546/2603/3028 2559/2617/3045 2557/2613/3041
f 2557/2613/3041 2544/2600/3025 2546/2603/3028
f 2560/2613/3046 2561/2616/3047 2615/2618/3048
f 2615/2618/3048 2568/2614/3049 2560/2613/3046
f 2551/2608/3034 2611/2601/3035 2561/2616/3047
f 2561/2616/3047 2560/2613/3046 2551/2608/3034
f 2555/2611/3039 2560/2613/3046 2568/2614/3049
f 2568/2614/3049 2556/2612/3040 2555/2611/3039
f 2552/2603/3036 2551/2608/3034 2560/2613/3046
f 2560/2613/3046 2555/2611/3039 2552/2603/3036
f 2562/2609/3050 2563/2619/3051 2564/2552/3052
f 2564/2552/3052 2571/2620/3053 2562/2609/3050
f 2563/2619/3051 2562/2609/3050 2573/2602/3027
f 2559/2617/3045 2562/2609/3050 2571/2620/3053
f 2546/2603/3028 2573/2602/3027 2562/2609/3050
f 2562/2609/3050 2559/2617/3045 2546/2603/3028
f 2548/2604/3030 2397/2406/2692 2450/2413/2691
f 2450/2413/2691 2565/2605/3031 2548/2604/3030
f 2550/2546/2939 2398/2415/2694 2397/2406/2692
f 2397/2406/2692 2548/2604/3030 2550/2546/2939
f 2568/2614/3049 2615/2618/3048 2569/2596/3021
f 2569/2596/3021 2603/2621/3054 2568/2614/3049
f 2556/2612/3040 2568/2614/3049 2603/2621/3054
f 2603/2621/3054 2570/2622/3055 2556/2612/3040
f 2571/2620/3053 2564/2552/3052 2572/2623/3056
f 2572/2623/3056 2594/2624/3057 2571/2620/3053
f 2559/2617/3045 2571/2620/3053 2594/2624/3057
f 2594/2624/3057 2595/2625/3058 2559/2617/3045
f 2563/2619/3051 2399/2419/2716 2396/2435/2715
f 2396/2435/2715 2564/2552/3052 2563/2619/3051
f 2573/2602/3027 2322/2411/2687 2399/2419/2716
f 2399/2419/2716 2563/2619/3051 2573/2602/3027
f 2493/2542/2935 2488/2543/2936 2576/2626/3059
f 2576/2626/3059 2577/2627/3060 2493/2542/2935
f 2577/2627/3060 2576/2626/3059 2575/2628/3061
f 2575/2628/3061 2579/2629/3062 2577/2627/3060
f 2602/2630/3063 2607/2631/3064 2541/2597/3022
f 2596/2632/3065 2574/2633/3066 2569/2596/3021
f 2569/2596/3021 2578/2595/3020 2596/2632/3065
f 2596/2632/3065 2579/2629/3062 2575/2628/3061
f 2575/2628/3061 2574/2633/3066 2596/2632/3065
f 2585/2634/2839 2400/2457/2738 2401/2515/2839
f 2401/2515/2839 2580/2549/3067 2585/2634/2839
f 2582/2635/3068 2581/2636/3069 2583/2637/3070
f 2583/2637/3070 2584/2638/3071 2582/2635/3068
f 2587/2639/3072 2585/2634/3073 2580/2549/3067
f 2580/2549/3067 2540/2587/3074 2587/2639/3072
f 2583/2637/3070 2586/2640/3075 2649/2641/3076
f 2649/2641/3076 2591/2642/3077 2583/2637/3070
f 2591/2642/3077 2584/2638/3071 2583/2637/3070
f 2658/2641/3078 2614/2643/3079 2587/2639/3072
f 2587/2639/3072 2588/2644/3080 2658/2641/3078
f 2587/2639/3072 2540/2587/3074 2588/2644/3080
f 2535/2558/2970 2590/2645/3081 2582/2635/3082
f 2582/2635/3082 2534/2583/3007 2535/2558/2970
f 2582/2635/3082 2584/2638/3083 2536/2585/3009
f 2536/2585/3009 2534/2583/3007 2582/2635/3082
f 2591/2642/3084 2589/2646/3085 2500/2589/3013
f 2500/2589/3013 2538/2588/3012 2591/2642/3084
f 2584/2638/3083 2591/2642/3084 2538/2588/3012
f 2538/2588/3012 2536/2585/3009 2584/2638/3083
f 2592/2647/3086 2588/2644/3087 2539/2592/3016
f 2539/2592/3016 2659/2594/3018 2592/2647/3086
f 2540/2587/3011 2539/2592/3019 2588/2644/3088
f 2593/2648/3089 2402/2469/2757 2317/2442/2723
f 2317/2442/2723 2493/2542/2935 2593/2648/3089
f 2593/2648/3089 2493/2542/2935 2577/2627/3060
f 2578/2595/3020 2613/2649/3090 2596/2632/3065
f 2597/2650/3091 2607/2631/3064 2602/2630/3063
f 2572/2623/3092 2385/2439/2769 2400/2457/2768
f 2400/2457/2768 2585/2634/3093 2572/2623/3092
f 2581/2636/3094 2593/2648/3095 2577/2627/3096
f 2581/2636/3094 2577/2627/3096 2579/2629/3097
f 2579/2629/3097 2583/2637/3098 2581/2636/3094
f 2499/2548/2942 2537/2586/3010 2580/2549/2943
f 2594/2624/3099 2572/2623/3092 2585/2634/3093
f 2540/2587/3074 2580/2549/3067 2537/2586/3100
f 2595/2625/3101 2594/2624/3099 2585/2634/3093
f 2585/2634/3093 2587/2639/3102 2595/2625/3101
f 2591/2642/3077 2649/2641/3076 2589/2646/3103
f 2596/2632/3104 2613/2649/3105 2586/2640/3075
f 2586/2640/3075 2583/2637/3098 2596/2632/3104
f 2583/2637/3098 2579/2629/3097 2596/2632/3104
f 2592/2647/3106 2658/2641/3078 2588/2644/3080
f 2614/2643/3079 2597/2650/3107 2602/2630/3108
f 2602/2630/3108 2587/2639/3109 2614/2643/3079
f 2587/2639/3109 2602/2630/3108 2595/2625/3110
f 2491/2550/2944 2374/2475/2784 2308/2391/2789
f 2308/2391/2789 2498/2559/3111 2491/2550/2944
f 2491/2550/2944 2598/2651/3112 2527/2652/3113
f 2527/2652/3113 2492/2551/2945 2491/2550/2944
f 2527/2652/3113 2598/2651/3112 2599/2653/3114
f 2599/2653/3114 2528/2654/3115 2527/2652/3113
f 2528/2654/3115 2599/2653/3114 2605/2655/3116
f 2605/2655/3116 2531/2591/3015 2655/2590/3014
f 2605/2655/3116 2599/2653/3114 2532/2584/3008
f 2532/2584/3008 2531/2591/3015 2605/2655/3116
f 2598/2651/3112 2491/2550/2944 2498/2559/3111
f 2498/2559/3111 2533/2582/3006 2598/2651/3112
f 2599/2653/3114 2598/2651/3112 2533/2582/3006
f 2533/2582/3006 2532/2584/3008 2599/2653/3114
f 2600/2656/3117 2601/2481/2791 2377/2480/2790
f 2569/2596/3021 2574/2633/3066 2603/2621/3054
f 2575/2628/3061 2570/2622/3055 2603/2621/3054
f 2603/2621/3054 2574/2633/3066 2575/2628/3061
f 2601/2481/2791 2600/2656/3117 2576/2626/3059
f 2576/2626/3059 2488/2543/2946 2601/2481/2791
f 2576/2626/3059 2600/2656/3117 2570/2622/3055
f 2570/2622/3055 2575/2628/3061 2576/2626/3059
f 2523/2580/3002 2605/2655/3116 2606/2579/2999
f 2516/2572/2990 2528/2654/3115 2605/2655/3116
f 2605/2655/3116 2523/2580/3002 2516/2572/2990
f 2564/2552/3052 2396/2435/2715 2385/2439/2720
f 2554/2610/3038 2600/2656/3117 2377/2480/2790
f 2377/2480/2790 2566/2552/2947 2554/2610/3038
f 2554/2610/3038 2556/2612/3040 2570/2622/3055
f 2570/2622/3055 2600/2656/3117 2554/2610/3038
f 2558/2614/3042 2602/2630/3063 2541/2597/3022
f 2541/2597/3022 2567/2615/3043 2558/2614/3042
f 2559/2617/3045 2595/2625/3058 2602/2630/3118
f 2602/2630/3118 2558/2614/3042 2559/2617/3045
f 2617/2657/3119 2409/2495/2806 2403/2407/2683
f 2403/2407/2683 2609/2545/2938 2617/2657/3119
f 2412/2516/2840 2406/2492/2803 2619/2541/3120
f 2619/2541/3120 2624/2658/3121 2412/2516/2840
f 2541/2597/3022 2607/2631/3064 2578/2595/3020
f 2543/2599/3024 2610/2606/3032 2609/2545/2938
f 2545/2601/3026 2611/2601/3035 2610/2606/3032
f 2610/2606/3032 2543/2599/3024 2545/2601/3026
f 2567/2615/3043 2615/2618/3048 2612/2616/3044
f 2561/2616/3047 2612/2616/3044 2615/2618/3048
f 2612/2616/3044 2561/2616/3047 2611/2601/3035
f 2611/2601/3035 2545/2601/3026 2612/2616/3044
f 2578/2595/3020 2607/2631/3064 2597/2650/3091
f 2597/2650/3091 2613/2649/3090 2578/2595/3020
f 2613/2649/3105 2597/2650/3107 2614/2643/3079
f 2541/2597/3022 2569/2596/3021 2615/2618/3048
f 2616/2641/211 2586/2640/3075 2614/2643/3079
f 2613/2649/3105 2614/2643/3079 2586/2640/3075
f 2630/2523/3122 2433/2499/3123 2432/2498/3124
f 2432/2498/3124 2629/2659/3125 2630/2523/3122
f 2610/2606/3032 2608/2514/2838 2609/2545/2938
f 2614/2643/3079 2658/2641/3078 2616/2641/211
f 2541/2597/3022 2615/2618/3048 2567/2615/3043
f 2621/2660/3126 2618/2661/3127 2609/2545/2938
f 2620/2660/3128 2622/2662/3129 2609/2545/2938
f 2623/2521/2867 2609/2545/2938 2619/2541/3120
f 2624/2658/3121 2609/2545/2938 2625/2513/2837
f 2626/2523/3130 2448/2659/3131 2638/2663/3132
f 2638/2663/3132 2636/2664/3133 2626/2523/3130
f 2448/2659/2813 2440/2498/3134 2439/2517/2813
f 2439/2517/2813 2637/2665/2814 2448/2659/2813
f 2627/2486/3135 2415/2485/3136 2641/2663/3137
f 2641/2663/3137 2640/2664/3138 2627/2486/3135
f 2446/2523/3139 2494/2505/3140 2495/2504/3141
f 2495/2504/3141 2642/2664/3142 2446/2523/3139
f 2447/2523/3143 2628/2509/3144 2645/2666/3145
f 2645/2666/3145 2644/2664/3146 2447/2523/3143
f 2630/2523/3147 2629/2659/3148 2648/2666/3149
f 2648/2666/3149 2646/2664/3150 2630/2523/3147
f 2629/2659/3151 2432/2498/3152 2445/2518/3153
f 2445/2518/3153 2647/2665/3154 2629/2659/3151
f 2609/2545/2938 2623/2521/2867 2423/2541/2934
f 2609/2545/2938 2624/2658/3121 2619/2541/3120
f 2609/2545/2938 2423/2541/2934 2620/2660/3128
f 2609/2545/2938 2618/2661/3127 2617/2657/3119
f 2609/2545/2938 2622/2662/3129 2621/2660/3126
f 2608/2514/2838 2625/2513/2837 2609/2545/2938
f 2641/2663/3155 2639/2501/2868 2623/2521/2867
f 2645/2666/3156 2643/2508/3157 2621/2660/3126
f 2638/2663/3158 2637/2665/3159 2620/2660/3128
f 2648/2666/3160 2647/2665/3161 2624/2658/3121
f 2631/2553/3162 2638/2663/3158 2620/2660/3128
f 2620/2660/3128 2423/2541/2934 2631/2553/3162
f 2632/2553/3163 2641/2663/3155 2623/2521/2867
f 2623/2521/2867 2619/2541/3120 2632/2553/3163
f 2633/2554/3164 2495/2504/3165 2617/2657/3119
f 2617/2657/3119 2618/2661/3127 2633/2554/3164
f 2634/2555/3166 2645/2666/3156 2621/2660/3126
f 2621/2660/3126 2622/2662/3129 2634/2555/3166
f 2635/2555/3167 2648/2666/3160 2624/2658/3121
f 2624/2658/3121 2625/2513/2837 2635/2555/3167
f 2636/2664/3133 2631/2553/3168 2626/2523/3130
f 2638/2663/3132 2631/2553/3168 2636/2664/3133
f 2637/2665/3169 2638/2663/3169 2448/2659/3169
f 2640/2664/3138 2632/2553/3170 2627/2486/3135
f 2641/2663/3137 2632/2553/3170 2640/2664/3138
f 2639/2501/3171 2641/2663/3171 2415/2485/3171
f 2642/2664/3142 2633/2554/3172 2446/2523/3139
f 2495/2504/3141 2633/2554/3172 2642/2664/3142
f 2644/2664/3146 2634/2555/3173 2447/2523/3143
f 2645/2666/3145 2634/2555/3173 2644/2664/3146
f 2643/2508/3174 2645/2666/3174 2628/2509/3174
f 2646/2664/3150 2635/2555/3175 2630/2523/3147
f 2648/2666/3149 2635/2555/3175 2646/2664/3150
f 2647/2665/3176 2648/2666/3176 2629/2659/3176
f 2643/2508/3177 2444/2511/2843 2424/2494/2805
f 2424/2494/2805 2621/2660/3178 2643/2508/3177
f 2637/2665/3179 2439/2517/2845 2405/2490/2801
f 2405/2490/2801 2620/2660/3180 2637/2665/3179
f 2647/2665/3181 2445/2518/2847 2412/2516/2840
f 2412/2516/2840 2624/2658/3182 2647/2665/3181
f 2495/2504/3183 2443/2507/3184 2409/2495/3185
f 2409/2495/3185 2617/2657/3186 2495/2504/3183
f 2565/2605/3031 2608/2514/2838 2610/2606/3032
f 2616/2641/211 2649/2641/3076 2586/2640/3075
f 2454/2541/3187 2650/2667/3188 2608/2514/2838
f 2608/2514/2838 2565/2605/3031 2454/2541/3187
f 2608/2514/2838 2653/2525/3189 2452/2524/2874
f 2608/2514/2838 2650/2667/3188 2653/2525/3189
f 2654/2523/3190 2652/2522/3191 2650/2667/3192
f 2650/2667/3192 2651/2668/3193 2654/2523/3190
f 2454/2541/2967 2460/2556/2966 2651/2668/3194
f 2650/2667/3195 2454/2541/3195 2651/2668/3195
f 2653/2525/3196 2650/2667/3196 2652/2522/3196
f 2654/2523/3197 2651/2668/3197 2460/2556/3197
f 2664/2669/3198 2662/2670/3199 2606/2579/2999
f 2606/2579/2999 2655/2590/3014 2664/2669/3198
f 2360/2472/2891 2296/2383/2655 2382/2560/2972
f 2496/2557/2969 2492/2551/2945 2527/2652/3113
f 2529/2574/2992 2497/2593/3017 2530/2575/2993
f 2655/2590/3014 2606/2579/2999 2605/2655/3116
f 2508/2561/2981 2656/2561/2973 2299/2385/2659
f 2299/2385/2659 2466/2385/2978 2508/2561/2981
f 2512/2563/2985 2502/2563/2975 2656/2561/2973
f 2656/2561/2973 2508/2561/2981 2512/2563/2985
f 2589/2646/3085 2592/2647/3086 2659/2594/3018
f 2659/2594/3018 2500/2589/3013 2589/2646/3085
f 2497/2593/3017 2655/2590/3014 2500/2589/3013
f 2500/2589/3013 2659/2594/3018 2497/2593/3017
f 2661/2671/3200 2667/2672/3201 2666/2673/3202
f 2666/2673/3202 2671/2674/3203 2661/2671/3200
f 2529/2574/2992 2606/2579/2999 2662/2670/3199
f 2469/2359/2620 2280/2367/2629 2466/2385/2978
f 2466/2385/2978 2299/2385/2659 2469/2359/2620
f 2519/2577/2995 2657/2577/3000 2606/2579/2999
f 2606/2579/2999 2529/2574/2992 2519/2577/2995
f 2502/2563/2975 2512/2563/2985 2657/2577/3000
f 2657/2577/3000 2519/2577/2995 2502/2563/2975
f 2592/2647/3106 2589/2646/3103 2649/2641/3076
f 2649/2641/3076 2658/2641/3078 2592/2647/3106
f 2671/2674/3204 2666/2673/3205 2669/2675/3206
f 2669/2675/3206 2660/2676/3207 2671/2674/3204
f 2666/2673/3208 2667/2672/3209 2672/2677/3210
f 2672/2677/3210 2669/2675/3211 2666/2673/3208
f 2667/2672/3212 2661/2671/3213 2674/2678/3214
f 2674/2678/3214 2672/2677/3215 2667/2672/3212
f 2668/2679/3216 2671/2674/3217 2670/2680/3216
f 2670/2680/3216 2673/2681/3218 2668/2679/3216
f 2497/2593/3017 2663/2682/3219 2664/2669/3198
f 2664/2669/3198 2655/2590/3014 2497/2593/3017
f 2527/2652/3113 2604/2569/2987 2496/2557/2969
f 2528/2654/3115 2516/2572/2990 2604/2569/2987
f 2604/2569/2987 2527/2652/3113 2528/2654/3115
f 2665/2683/3220 2529/2574/2992 2662/2670/3199
f 2663/2682/3219 2497/2593/3017 2529/2574/2992
f 2529/2574/2992 2665/2683/3220 2663/2682/3219
f 2674/2678/3221 2673/2681/3222 2664/2669/3223
f 2662/2670/3224 2670/2680/3224 2660/2676/3224
f 2671/2674/3203 2668/2679/3225 2661/2671/3200
f 2669/2675/3226 2672/2677/3227 2663/2682/3228
f 2663/2682/3228 2665/2683/3229 2669/2675/3226
f 2671/2674/3230 2660/2676/3230 2670/2680/3230
f 2668/2679/3231 2673/2681/3232 2674/2678/3214
f 2674/2678/3214 2661/2671/3213 2668/2679/3231
f 2673/2681/3233 2670/2680/3234 2662/2670/3235
f 2662/2670/3235 2664/2669/3236 2673/2681/3233
f 2672/2677/3237 2674/2678/3221 2664/2669/3223
f 2664/2669/3223 2663/2682/3238 2672/2677/3237
f 2660/2676/3239 2669/2675/3240 2665/2683/3241
f 2665/2683/3241 2662/2670/3242 2660/2676/3239
f 2282/2360/2632 2506/2386/2979 2466/2385/2978
f 2466/2385/2978 2280/2367/2629 2282/2360/2632
f 2284/2369/2634 2509/2566/2982 2506/2386/2979
f 2506/2386/2979 2282/2360/2632 2284/2369/2634
f 2298/2371/2658 2524/2571/3003 2382/2560/2972
f 2382/2560/2972 2296/2383/2655 2298/2371/2658
f 2278/2365/2626 2504/2387/2662 2524/2571/3003
f 2524/2571/3003 2298/2371/2658 2278/2365/2626
f 2385/2439/2720 2572/2623/3056 2564/2552/3052
f 2322/2411/2687 2573/2602/3027 2489/2544/2937
f 2489/2544/2937 2320/2406/2682 2322/2411/2687
f 2331/2419/2699 2490/2547/2940 2566/2552/2947
f 2566/2552/2947 2395/2420/2700 2331/2419/2699
f 2408/2496/2802 2618/2661/3127 2621/2660/3126
f 2621/2660/3126 2424/2494/2805 2408/2496/2802
f 2410/2489/2800 2622/2662/3129 2620/2660/3128
f 2620/2660/3128 2405/2490/2801 2410/2489/2800
f 2453/2492/2875 2454/2541/3187 2565/2605/3031
f 2565/2605/3031 2450/2413/2691 2453/2492/2875
f 2440/2498/3122 2448/2659/3125 2626/2523/3122
f 2626/2523/3122 2425/2499/3123 2440/2498/3122
f 2429/2506/3243 2494/2505/211 2446/2523/3243
f 2446/2523/3243 2428/2499/3244 2429/2506/3243
f 2431/2510/3245 2628/2509/2803 2447/2523/2873
f 2447/2523/2873 2430/2499/3124 2431/2510/3245
f 2433/2499/2948 2630/2523/2960 2635/2555/2959
f 2635/2555/2959 2438/2519/2951 2433/2499/2948
f 2434/2519/3246 2631/2553/3247 2423/2541/3248
f 2423/2541/3248 2404/2491/3249 2434/2519/3246
f 2436/2520/3250 2633/2554/3251 2618/2661/3252
f 2618/2661/3252 2408/2496/3253 2436/2520/3250
f 2437/2519/3252 2634/2555/3254 2622/2662/3250
f 2622/2662/3250 2410/2489/3255 2437/2519/3252
f 2435/2519/3256 2632/2553/3257 2619/2541/3258
f 2619/2541/3258 2406/2492/3259 2435/2519/3256
f 2438/2519/3260 2635/2555/3261 2625/2513/3262
f 2625/2513/3262 2411/2512/3263 2438/2519/3260
f 2581/2636/3069 2582/2635/3068 2362/2452/2733
f 2362/2452/2733 2353/2455/2736 2581/2636/3069
f 2535/2558/2970 2310/2390/2665 2363/2465/2748
f 2363/2465/2748 2590/2645/3081 2535/2558/2970
f 2590/2645/3264 2363/2465/3265 2362/2452/2733
f 2362/2452/2733 2582/2635/3068 2590/2645/3264
f 2353/2455/2762 2402/2469/2761 2593/2648/3266
f 2353/2455/2762 2593/2648/3266 2581/2636/3267
f 8/7/167 4/135/167 1/132/167
f 6/2/168 5/4/168 1/132/168
f 11/6/169 12/8/169 16/15/169
f 13/12/170 16/15/170 12/8/170
f 26/24/171 25/26/171 21/17/171
f 26/24/172 22/18/172 23/19/173
f 29/27/174 30/21/174 35/34/20
f 35/34/20 30/21/3268 31/23/176
f 132/138/157 136/141/156 131/115/120
f 154/131/139 150/121/129 147/122/130
f 47/41/177 46/38/178 42/11/178
f 59/52/179 55/45/36 56/46/37
f 68/62/56 64/58/181 67/61/181
f 64/58/181 60/57/183 62/59/53
f 57/54/51 53/47/38 54/44/35
f 53/47/38 49/37/28 50/39/30
f 73/63/57 72/65/59 68/62/56
f 56/46/37 55/45/36 51/42/33
f 120/105/110 121/106/111 125/109/114
f 118/102/107 114/99/103 115/100/105
f 127/111/116 126/110/115 122/107/112
f 157/128/136 153/123/131 154/131/139
f 126/110/115 127/111/116 131/115/120
f 132/138/149 128/116/121 129/113/118
f 133/139/186 129/113/118 130/114/119
f 137/140/188 133/139/186 134/145/187
f 143/119/190 139/118/209 141/146/191
f 147/122/193 148/149/206 152/125/133
f 152/125/133 148/149/194 149/148/194
f 36/29/15 31/23/3269 32/25/195
f 7/5/197 6/2/197 2/133/197
f 14/10/198 10/3/198 11/6/198
f 28/28/199 24/20/199 21/17/199
f 9/1/201 10/3/201 14/10/201
f 7/5/202 3/134/202 4/135/202
f 67/61/55 62/59/203 63/144/203
f 134/145/189 130/114/119 131/115/120
f 116/104/109 112/94/98 113/96/100
f 147/122/193 143/119/190 145/147/192
f 63/144/203 62/59/203 58/51/42
f 48/36/207 44/16/207 41/9/208
f 139/118/209 135/142/200 137/140/151
f 149/148/204 150/121/128 154/131/139
f 95/79/78 92/86/182 87/17/97
f 81/67/210 77/67/210 78/68/210
f 83/69/211 79/69/211 76/66/212
f 124/112/117 125/109/114 129/113/118
f 37/30/16 32/25/3270 29/27/213
f 148/149/194 145/147/3271 146/120/214
f 146/120/214 145/147/3271 141/146/215
f 142/136/215 141/146/215 137/140/188
f 96/74/85 91/78/76 87/17/77
f 27/22/216 23/19/216 24/20/216
f 95/79/88 89/77/75 90/82/81
f 96/74/72 93/87/185 90/82/180
f 420/825/960 264/673/788 688/838/973
f 384/647/759 259/707/823 680/317/388
f 417/592/691 380/591/690 839/808/937
f 251/840/975 252/516/600 647/759/882
f 263/743/863 418/584/683 685/839/974
f 380/591/690 416/395/469 750/809/939
f 647/759/882 252/516/600 378/716/834
f 165/928/1099 405/859/996 226/637/748
f 383/733/852 679/318/389 680/317/388
f 666/834/969 414/649/761 248/815/950
f 247/950/1145 663/220/287 664/222/289
f 411/850/986 246/425/499 265/831/966
f 399/953/1156 394/264/333 200/546/638
f 806/949/1135 605/697/813 840/871/1009
f 412/842/977 245/851/987 661/877/1016
f 414/649/761 666/834/969 667/951/1146
f 669/846/981 250/717/835 377/418/492
f 750/809/939 416/395/469 379/458/536
f 685/839/974 418/584/683 261/586/685
f 837/680/796 671/505/586 672/504/585
f 1054/1282/1524 1098/1038/1287 1226/1231/1476
f 1089/1636/1413 1090/1147/1395 1020/1149/1397
f 1181/1582/1731 1229/2684/1267 1094/1604/1800
f 1049/1101/1350 1222/1340/1574 1223/1600/1319
f 1091/1097/1346 1092/2685/1366 1024/1648/1368
f 1292/1143/1391 1291/1063/1312 1359/1195/1443
f 1060/1357/1587 1202/2686/1305 1204/1653/1568
f 1223/1070/1319 1088/1244/1488 1087/1027/1276
f 1056/1039/1288 1095/1283/1525 1228/1110/1359
f 1088/1244/1488 1016/1246/1490 1015/1028/1277
f 1225/1658/1551 1090/2687/1395 1089/1165/1413
f 1465/1437/1642 1529/1456/1660 1467/1455/1659
f 1215/1595/1416 1216/2688/1418 1138/1642/1598
f 1226/1231/1476 1227/1233/1477 1172/1025/1274
f 1228/1110/1359 1229/1018/1267 1181/1531/1731
f 1051/1248/1492 1224/1009/1258 1225/1343/1551
f 1172/1025/1274 1227/1233/1477 1092/1675/1366
f 989/1681/1530 1211/2689/1529 1041/1526/1557
f 993/1040/1289 1215/1595/1416 1043/1020/1269
f 1096/1242/1486 1222/1340/1574 1049/1101/1350
f 1097/1281/1523 1224/1009/1258 1051/1248/1492
f 1004/1647/1829 1003/1651/1831 1037/1122/1371
f 1208/1367/1594 1104/1259/1503 1103/1284/1526
f 1489/1682/1844 1312/1685/1847 1308/1452/1656
f 1503/1570/1769 1549/1562/1761 1504/1561/1760
f 1005/1677/1842 1004/1647/1829 1034/1646/1828
f 992/1638/1826 991/1655/1833 1074/1154/1402
f 1309/1497/1698 1382/1417/1624 1558/1416/1623
f 1374/1236/1480 1376/1660/1836 1310/1453/1657
f 1483/1597/1794 1543/1444/1649 1544/1443/1648
f 989/1681/1530 990/1483/1684 987/1485/1686
f 1475/1067/1316 1473/993/1242 1538/1559/1758
f 1321/1541/1741 1306/1542/1742 1367/1550/1750
f 1063/1687/1419 1207/2690/1814 1208/1367/1594
f 1020/1149/1397 1021/1478/1681 1022/1688/1825
f 1361/1159/1407 1366/1656/1834 1294/1228/1473
f 1281/1407/1615 1375/1237/1481 1552/1447/1652
f 1118/1349/1579 1219/1353/1583 1006/1672/1841
f 1239/1669/1585 1075/1002/1251 1074/1154/1402
f 1129/1333/1569 1035/1123/1372 1003/1651/1831
f 1504/1561/1760 1323/1599/1796 1312/1685/1847
f 1069/1689/1592 988/1686/1805 987/1485/1686
f 1487/1558/1757 1550/1571/1770 1503/1570/1769
f 1131/1691/1566 1080/1645/1565 1079/1293/1535
f 1498/1438/1643 1528/1631/1821 1538/1559/1758
f 1360/1430/1635 1297/1429/1634 1296/1524/1726
f 1323/1599/1796 1311/1563/1762 1374/1236/1480
f 1564/1607/1802 1565/1213/1458 1427/1152/1400
f 1488/1583/1780 1308/1452/1656 1309/1497/1698
f 1009/1678/1843 1008/1663/1838 1105/1258/1502
f 1029/1579/1778 1192/1179/1427 1066/1188/1436
f 1131/1332/1566 1125/1643/1799 1035/1123/1372
f 1194/976/1225 1106/1390/1606 1105/1258/1502
f 1100/1013/1262 1099/1318/1556 1191/1317/1555
f 1079/1293/1535 1080/1645/1565 996/1493/1694
f 993/1040/1289 994/1634/1824 991/1655/1833
f 1002/1547/1747 1001/2691/1597 1220/1693/1596
f 1220/1693/1596 1221/2692/1461 1149/1668/1609
f 1008/1663/1838 1007/1665/1839 1103/1284/1526
f 1435/1577/1776 1434/1508/1709 1258/1507/1708
f 1085/1695/1493 1040/2693/1255 1241/1336/1254
f 1544/1443/1648 1550/1571/1770 1487/1558/1757
f 1066/1188/1436 1192/1179/1427 1194/1670/1225
f 1021/1478/1681 1202/1056/1305 1060/1696/1587
f 1310/1453/1657 1376/1660/1836 1322/1560/1759
f 1197/1176/1424 1057/1365/1593 1018/1626/1817
f 1322/1560/1759 1367/1550/1750 1306/1542/1742
f 1465/1437/1642 1491/1519/1721 1553/1555/1754
f 997/1291/1533 1217/1290/1532 1045/1306/1548
f 1204/1331/1568 1102/1285/1527 1101/1012/1261
f 1007/1665/1839 1010/1640/1827 1101/1012/1261
f 1029/1579/1778 1030/1625/1816 1027/1201/1447
f 1015/1028/1277 1016/1246/1490 1017/1632/1822
f 1000/1239/1483 999/2694/1840 1040/1697/1255
f 1502/1553/1752 1543/1444/1649 1483/1597/1794
f 1498/1438/1643 1469/978/1227 1527/1277/1519
f 1235/1389/1605 1237/1393/1433 1069/1667/1592
f 1002/1701/1747 999/2694/1840 1000/1239/1483
f 1094/1604/1800 1028/1605/1801 1027/1201/1447
f 998/1614/1807 995/1613/1806 996/1493/1694
f 1119/1348/1573 1241/1336/1254 1219/1353/1583
f 1366/1656/1834 1319/1602/1798 1289/1615/1808
f 1199/1175/1423 1191/1674/1555 1057/1365/1593
f 1375/1237/1481 1311/1563/1762 1549/1562/1761
f 1319/1602/1798 1350/1490/1691 1290/1492/1693
f 1037/1122/1371 1239/1355/1585 1121/1679/1835
f 1024/1648/1368 1025/1703/1690 1026/1515/1717
f 1003/1651/1831 1004/1647/1829 1005/1677/1842
f 1010/1640/1827 1009/1678/1843 1099/1318/1556
f 1009/1678/1843 1010/1640/1827 1007/1665/1839
f 1034/1646/1828 1237/1393/1433 1235/1389/1605
f 1207/1702/1814 1063/1171/1419 1026/1515/1717
f 1714/2164/2311 1744/2213/2360 1857/2173/2320
f 2017/2029/2176 2079/1829/1976 1958/1758/1905
f 1990/2142/2289 1989/1794/1941 1717/2158/2305
f 2114/2145/2292 2115/2228/2374 1883/2223/2369
f 2018/1910/2057 1998/2229/2375 1945/2194/2341
f 2112/2206/2353 2113/2146/2293 1849/1876/2023
f 1915/2094/2241 1888/1950/2097 2021/2238/2384
f 1881/1909/2056 1712/2162/2309 1878/1987/2134
f 1782/2018/2165 2066/2191/2338 2060/2187/2334
f 1673/2198/2345 1962/1953/2100 1961/1952/2099
f 1768/1836/1983 1750/2008/2155 1632/1827/1974
f 1729/2232/2378 1709/1927/2074 1860/2049/2196
f 2036/2184/2331 2019/2168/2315 1907/1820/1967
f 1669/1980/2127 1670/1706/1853 1817/1926/2073
f 1896/2080/2227 1645/1819/1966 1877/1816/1963
f 1820/1878/2025 1819/2041/2188 2083/1797/1944
