# Blender 4.0.0
# www.blender.org
o fridge_right_door
v 0.420123 -0.331829 0.930372
v 0.062052 -0.331828 -0.083863
v 0.420245 -0.391230 0.929351
v 0.417824 -0.391349 -0.085770
v 0.062029 -0.331875 0.930373
v 0.099083 -0.332001 0.904824
v 0.096544 -0.333258 0.902646
v 0.385650 -0.332993 0.902678
v 0.383091 -0.332003 -0.058315
v 0.385631 -0.333259 -0.056138
v 0.096525 -0.332993 -0.056169
v 0.062802 -0.330745 0.929699
v 0.416890 -0.330746 0.931683
v 0.419373 -0.330746 -0.083190
v 0.065286 -0.330745 -0.085174
v 0.095582 -0.330765 0.903010
v 0.383493 -0.330763 0.905500
v 0.386593 -0.330766 -0.056502
v 0.098682 -0.330763 -0.058990
v 0.064225 -0.392466 0.931604
v 0.417950 -0.392512 0.931557
v 0.063556 -0.330752 0.931080
v 0.418619 -0.330752 0.931080
v 0.418619 -0.330753 -0.084572
v 0.063556 -0.330752 -0.084572
v 0.096728 -0.330752 0.904583
v 0.385448 -0.330752 0.904583
v 0.385448 -0.330753 -0.058075
v 0.096727 -0.330752 -0.058075
v 0.064350 -0.391349 0.932280
v 0.417863 -0.393155 0.930447
v 0.420006 -0.391418 0.930602
v 0.417825 -0.391408 0.932259
v 0.417789 -0.393175 -0.083938
v 0.420099 -0.391397 -0.083925
v 0.062169 -0.391417 -0.084092
v 0.064350 -0.391407 -0.085750
v 0.064439 -0.331825 0.932282
v 0.064250 -0.330106 0.928247
v 0.415075 -0.330107 0.930526
v 0.417740 -0.331869 0.932300
v 0.417737 -0.331826 -0.085773
v 0.417924 -0.330107 -0.081738
v 0.420146 -0.331876 -0.083865
v 0.067100 -0.330107 -0.084017
v 0.064433 -0.331870 -0.085791
v 0.097222 -0.330127 0.906494
v 0.096341 -0.331852 0.902716
v 0.383105 -0.332010 0.904826
v 0.385918 -0.329963 0.907662
v 0.384953 -0.330127 -0.059985
v 0.385834 -0.331853 -0.056207
v 0.094324 -0.330128 -0.057649
v 0.099069 -0.332010 -0.058317
v 0.098949 -0.364310 0.904622
v 0.098948 -0.366078 0.902781
v 0.096768 -0.364321 0.902965
v 0.385500 -0.364300 0.902797
v 0.383227 -0.366059 0.902840
v 0.383226 -0.364311 -0.058114
v 0.383227 -0.366079 -0.056272
v 0.385408 -0.364322 -0.056456
v 0.096675 -0.364300 -0.056288
v 0.098948 -0.366059 -0.056331
v 0.062076 -0.391396 0.930434
v 0.064385 -0.393174 0.930447
v 0.064311 -0.393155 -0.083937
v 0.061930 -0.391230 -0.082841
v 0.067096 -0.330110 0.930543
v 0.417947 -0.330110 0.928251
v 0.415078 -0.330110 -0.084035
v 0.064228 -0.330110 -0.081742
v 0.093934 -0.330045 0.903650
v 0.096494 -0.329962 0.907795
v 0.385866 -0.331790 0.902701
v 0.384199 -0.330122 0.906626
v 0.388340 -0.330043 0.903376
v 0.388241 -0.330046 -0.057143
v 0.385682 -0.329963 -0.061285
v 0.096310 -0.331790 -0.056192
v 0.097890 -0.330045 -0.060310
v 0.092707 -0.329963 -0.058260
v 0.096529 -0.364133 0.901713
v 0.383226 -0.364252 0.904643
v 0.385646 -0.364134 -0.055205
v 0.098949 -0.364252 -0.058134
v 0.062881 -0.391327 0.931582
v 0.062930 -0.392528 0.930399
v 0.419294 -0.392491 0.930395
v 0.419245 -0.391331 0.931620
v 0.417950 -0.392467 -0.085094
v 0.419245 -0.392529 -0.083889
v 0.419294 -0.391328 -0.085072
v 0.062930 -0.391330 -0.085111
v 0.062881 -0.392491 -0.083885
v 0.064225 -0.392512 -0.085047
v 0.065283 -0.330755 0.931696
v 0.065448 -0.329992 0.929574
v 0.062886 -0.331779 0.931633
v 0.419390 -0.330755 0.929700
v 0.416737 -0.329992 0.929566
v 0.419310 -0.331781 0.931617
v 0.416893 -0.330756 -0.085187
v 0.416727 -0.329993 -0.083066
v 0.419289 -0.331779 -0.085124
v 0.062785 -0.330755 -0.083192
v 0.065438 -0.329992 -0.083058
v 0.062865 -0.331781 -0.085108
v 0.098737 -0.330735 0.905545
v 0.097392 -0.331958 0.904095
v 0.386653 -0.330738 0.902958
v 0.384838 -0.331954 0.904053
v 0.387109 -0.330124 0.904965
v 0.383437 -0.330736 -0.059036
v 0.384783 -0.331960 -0.057586
v 0.095522 -0.330738 -0.056450
v 0.097338 -0.331954 -0.057545
v 0.098825 -0.365416 0.903920
v 0.097529 -0.364233 0.903983
v 0.097479 -0.365394 0.902758
v 0.384646 -0.365432 0.902761
v 0.384696 -0.364231 0.903945
v 0.383350 -0.365370 0.903967
v 0.383352 -0.365416 -0.057411
v 0.384646 -0.364234 -0.057474
v 0.384696 -0.365395 -0.056249
v 0.097529 -0.365432 -0.056253
v 0.097479 -0.364230 -0.057435
v 0.098824 -0.365370 -0.057458
v 0.129749 -0.392597 0.691268
v 0.127470 -0.392597 0.690540
v 0.125604 -0.392597 0.688974
v 0.124818 -0.392597 0.687195
v 0.124851 -0.392597 0.417479
v 0.125731 -0.392597 0.415690
v 0.127674 -0.392597 0.414184
v 0.129934 -0.392597 0.413535
v 0.180569 -0.392597 0.413561
v 0.182847 -0.392597 0.414289
v 0.184714 -0.392597 0.415855
v 0.185499 -0.392597 0.417634
v 0.185467 -0.392597 0.687350
v 0.184586 -0.392597 0.689139
v 0.182644 -0.392597 0.690645
v 0.180383 -0.392597 0.691294
v 0.180569 -0.394814 0.691268
v 0.129934 -0.394814 0.691294
v 0.127673 -0.394814 0.690645
v 0.125731 -0.394814 0.689139
v 0.124851 -0.394814 0.687350
v 0.124818 -0.394814 0.417634
v 0.125604 -0.394814 0.415855
v 0.127471 -0.394814 0.414289
v 0.129749 -0.394814 0.413561
v 0.180384 -0.394814 0.413535
v 0.182644 -0.394814 0.414184
v 0.184586 -0.394814 0.415690
v 0.185467 -0.394814 0.417480
v 0.185499 -0.394814 0.687195
v 0.184714 -0.394814 0.688974
v 0.182847 -0.394814 0.690540
v 0.048776 -0.358773 -0.084743
v 0.061767 -0.331157 0.930634
v 0.008033 -0.331082 0.932343
v 0.060377 -0.392213 -0.085845
v 0.008062 -0.357649 -0.085846
v 0.051827 -0.359599 -0.085899
v 0.050306 -0.360005 -0.084769
v 0.061225 -0.330429 0.931441
v 0.050785 -0.359836 0.931985
v 0.050785 -0.359836 -0.085475
v 0.051663 -0.392845 0.931969
v 0.060876 -0.330501 -0.085486
v 0.060531 -0.334982 0.932433
v 0.060446 -0.330075 0.931372
v 0.008040 -0.330062 0.931292
v 0.060369 -0.392223 0.932356
v 0.061700 -0.392205 0.931303
v 0.048769 -0.358773 0.931258
v 0.050305 -0.359998 0.931280
v 0.006742 -0.357660 0.931301
v 0.008040 -0.358665 0.931326
v 0.051713 -0.392222 0.932344
v 0.050435 -0.392234 0.931301
v 0.008040 -0.330073 -0.084816
v 0.060428 -0.330063 -0.084835
v 0.060370 -0.393250 -0.084799
v 0.061684 -0.392236 -0.084808
v 0.006727 -0.357624 -0.084791
v 0.008040 -0.358676 -0.084782
v 0.050119 -0.357816 -0.085899
v 0.006727 -0.331114 0.931300
v 0.060413 -0.393238 0.931308
v 0.051519 -0.358927 0.932403
v 0.049193 -0.357645 0.932409
v 0.008048 -0.357643 0.932356
v 0.051754 -0.393250 0.931309
v 0.008019 -0.331089 -0.085835
v 0.006741 -0.331078 -0.084791
v 0.060529 -0.334994 -0.085923
v 0.061782 -0.331198 -0.084089
v 0.051720 -0.392233 -0.085835
v 0.051712 -0.393238 -0.084799
v 0.060244 -0.331248 0.932376
v 0.061483 -0.331854 0.931852
v 0.060882 -0.330519 0.932000
v 0.007201 -0.330453 0.931279
v 0.008087 -0.330438 0.931971
v 0.007243 -0.331045 0.931970
v 0.060461 -0.392871 0.931942
v 0.061201 -0.392195 0.931979
v 0.061230 -0.392859 0.931279
v 0.049291 -0.358438 0.931987
v 0.049706 -0.359159 0.931324
v 0.007230 -0.358307 0.931281
v 0.007201 -0.357620 0.931956
v 0.007956 -0.358279 0.931951
v 0.050895 -0.392193 0.931957
v 0.050923 -0.392881 0.931281
v 0.007970 -0.330467 -0.085460
v 0.007230 -0.330431 -0.084771
v 0.007201 -0.331118 -0.085447
v 0.061483 -0.331853 -0.085343
v 0.061236 -0.330437 -0.084927
v 0.060461 -0.392845 -0.085460
v 0.061202 -0.392880 -0.084771
v 0.061201 -0.392196 -0.085469
v 0.007229 -0.357622 -0.085469
v 0.007201 -0.358285 -0.084769
v 0.007970 -0.358297 -0.085433
v 0.049330 -0.358469 -0.085468
v 0.049730 -0.359181 -0.084806
v 0.050895 -0.392194 -0.085447
v 0.050894 -0.392859 -0.084769
v 0.051663 -0.392871 -0.085433
v 0.050420 -0.392204 -0.084779
v 0.060242 -0.331248 -0.085867
v 0.102236 -0.327833 0.900654
v 0.378995 -0.327833 0.900654
v 0.378995 -0.327833 -0.053972
v 0.102236 -0.327833 -0.053972
v 0.101911 -0.330119 0.900914
v 0.379321 -0.330119 0.900914
v 0.379321 -0.330119 -0.054233
v 0.101911 -0.330119 -0.054233
v 0.095021 -0.330119 0.906418
v 0.386210 -0.330119 0.906418
v 0.386210 -0.330119 -0.059736
v 0.095021 -0.330119 -0.059736
v 0.094716 -0.327774 0.906653
v 0.386503 -0.327774 0.906668
v 0.386515 -0.327774 -0.059971
v 0.094728 -0.327774 -0.059986
v 0.083511 -0.328426 0.915613
v 0.397721 -0.328426 0.915613
v 0.397721 -0.328426 -0.068931
v 0.083510 -0.328426 -0.068931
v 0.082366 -0.330274 0.916440
v 0.398758 -0.330275 0.916524
v 0.398865 -0.330274 -0.069758
v 0.082473 -0.330275 -0.069842
v 0.083150 -0.328314 0.915903
v 0.398091 -0.328315 0.915898
v 0.398081 -0.328314 -0.069220
v 0.083140 -0.328315 -0.069215
v 0.092145 -0.327112 0.908715
v 0.389086 -0.327112 0.908715
v 0.389086 -0.327112 -0.062033
v 0.092145 -0.327112 -0.062033
v 0.091799 -0.326661 0.908992
v 0.389432 -0.326661 0.908992
v 0.389432 -0.326661 -0.062310
v 0.091799 -0.326661 -0.062310
v 0.084581 -0.326596 0.914726
v 0.396616 -0.326597 0.914752
v 0.396650 -0.326596 -0.068044
v 0.084615 -0.326597 -0.068069
v 0.083641 -0.325863 0.915506
v 0.083651 -0.325875 -0.068820
v 0.083550 -0.324789 0.915585
v 0.397681 -0.325731 0.915585
v 0.397691 -0.325717 -0.068906
v 0.397589 -0.324657 0.915506
v 0.397579 -0.324645 -0.068820
v 0.083540 -0.324802 -0.068906
v 0.084615 -0.323923 0.914752
v 0.396650 -0.323924 0.914726
v 0.396616 -0.323923 -0.068069
v 0.084581 -0.323924 -0.068044
v 0.086955 -0.323859 0.912861
v 0.394276 -0.323859 0.912861
v 0.394276 -0.323859 -0.066178
v 0.086955 -0.323859 -0.066178
v 0.086955 -0.323408 0.912861
v 0.394276 -0.323408 0.912861
v 0.394276 -0.323408 -0.066178
v 0.086955 -0.323408 -0.066178
v 0.083559 -0.323345 0.915566
v 0.397665 -0.323346 0.915570
v 0.397672 -0.323345 -0.068884
v 0.083566 -0.323346 -0.068888
v 0.083537 -0.321054 0.915592
v 0.397697 -0.321058 0.915593
v 0.397694 -0.321052 -0.068910
v 0.083534 -0.321058 -0.068911
v 0.084075 -0.320640 0.915173
v 0.397173 -0.320640 0.915159
v 0.397155 -0.320640 -0.068490
v 0.084058 -0.320640 -0.068477
v 0.093666 -0.320620 0.907506
v 0.387565 -0.320620 -0.060824
v 0.093930 -0.320923 0.907282
v 0.387496 -0.320639 0.907441
v 0.093735 -0.320639 -0.060760
v 0.387328 -0.320946 0.907305
v 0.387301 -0.320923 -0.060600
v 0.093903 -0.320946 -0.060623
v 0.101097 -0.319947 0.901565
v 0.380135 -0.319947 0.901565
v 0.380135 -0.319947 -0.054883
v 0.101097 -0.319947 -0.054883
v 0.106689 -0.319746 0.897157
v 0.374610 -0.319746 0.897104
v 0.374542 -0.319746 -0.050476
v 0.106621 -0.319746 -0.050423
v 0.108321 -0.320578 0.895796
v 0.372920 -0.320572 0.895800
v 0.372909 -0.320579 -0.049112
v 0.108312 -0.320573 -0.049117
v 0.109077 -0.321626 0.895191
v 0.372163 -0.321604 0.895194
v 0.372154 -0.321626 -0.048509
v 0.109068 -0.321604 -0.048512
v 0.109095 -0.323488 0.895176
v 0.372132 -0.323457 0.895172
v 0.372136 -0.323486 -0.048493
v 0.109099 -0.323458 -0.048490
v 0.108457 -0.325677 0.895683
v 0.372756 -0.325641 0.895671
v 0.372776 -0.325680 -0.049003
v 0.108477 -0.325639 -0.048989
v 0.107227 -0.327389 0.896665
v 0.373995 -0.327386 0.896665
v 0.374004 -0.327388 -0.049983
v 0.107236 -0.327385 -0.049983
v 0.106132 -0.327808 0.897526
v 0.375078 -0.327808 0.897544
v 0.375100 -0.327808 -0.050845
v 0.106154 -0.327808 -0.050862
v 0.386159 -0.308912 0.905740
v 0.361806 -0.331149 -0.027424
v 0.354887 -0.309598 0.883476
v 0.361807 -0.330938 0.180645
v 0.096066 -0.334817 -0.055891
v 0.361806 -0.309598 0.877949
v 0.362681 -0.314091 0.196495
v 0.362154 -0.325269 0.187937
v 0.386952 -0.334815 0.906117
v 0.386127 -0.334814 0.906470
v 0.096561 -0.334814 0.906470
v 0.095909 -0.334815 0.906256
v 0.095641 -0.334814 0.905736
v 0.121172 -0.362932 -0.027356
v 0.127930 -0.363028 -0.032249
v 0.360076 -0.331148 -0.031570
v 0.359930 -0.362873 -0.031492
v 0.122957 -0.362763 0.882040
v 0.359986 -0.362871 0.881973
v 0.122702 -0.362871 -0.031449
v 0.122613 -0.309599 -0.031570
v 0.121098 -0.309581 0.877902
v 0.122849 -0.309599 0.882093
v 0.360076 -0.309597 0.882094
v 0.386139 -0.330463 -0.055216
v 0.096508 -0.308911 -0.055207
v 0.123542 -0.363028 0.881540
v 0.386171 -0.327551 0.185696
v 0.386171 -0.325286 0.187857
v 0.362064 -0.311988 0.198560
v 0.362128 -0.310271 0.201136
v 0.362032 -0.329165 0.183372
v 0.362122 -0.330192 0.180418
v 0.387047 -0.335104 0.180516
v 0.387047 -0.335382 0.177277
v 0.360921 -0.363030 -0.027295
v 0.121763 -0.363029 0.192950
v 0.120883 -0.309600 -0.027425
v 0.095642 -0.317080 0.193887
v 0.095641 -0.309598 0.193788
v 0.387046 -0.333751 0.188115
v 0.387047 -0.327833 0.186516
v 0.387048 -0.311996 0.199314
v 0.387046 -0.334254 0.183466
v 0.387045 -0.330943 0.180748
v 0.361807 -0.327815 0.186587
v 0.157226 -0.330179 -0.055766
v 0.158208 -0.330634 -0.055771
v 0.157457 -0.330156 -0.055231
v 0.157052 -0.309094 -0.055702
v 0.157045 -0.309463 -0.055852
v 0.157279 -0.330220 -0.033141
v 0.157043 -0.309094 -0.033185
v 0.386490 -0.330630 -0.055721
v 0.386576 -0.331102 -0.055889
v 0.386836 -0.329316 0.183288
v 0.095986 -0.309136 -0.055739
v 0.386702 -0.309135 0.906263
v 0.095860 -0.309084 0.905701
v 0.120896 -0.309079 0.877975
v 0.127804 -0.362343 -0.032951
v 0.362024 -0.330634 0.177254
v 0.361587 -0.362856 -0.027396
v 0.361806 -0.362342 -0.027424
v 0.354899 -0.362784 0.883387
v 0.121349 -0.362873 0.877906
v 0.158211 -0.330509 -0.033219
v 0.128003 -0.309083 0.883651
v 0.354891 -0.330749 -0.032997
v 0.127835 -0.362855 -0.032777
v 0.128072 -0.362855 0.883301
v 0.386829 -0.309084 0.905702
v 0.095861 -0.309081 -0.055174
v 0.096561 -0.309599 -0.055946
v 0.157437 -0.330127 -0.033711
v 0.157334 -0.309599 -0.055247
v 0.157056 -0.309463 -0.033054
v 0.120619 -0.309086 -0.027338
v 0.362024 -0.309084 0.877977
v 0.386810 -0.327226 0.186355
v 0.386713 -0.308934 0.207408
v 0.387046 -0.309673 0.205014
v 0.386127 -0.309598 0.906470
v 0.096228 -0.309083 0.906279
v 0.096561 -0.309599 0.906470
v 0.095910 -0.309598 0.906255
v 0.354835 -0.362801 -0.032851
v 0.386829 -0.330635 0.177254
v 0.362134 -0.330514 -0.027426
v 0.156457 -0.308913 -0.055248
v 0.156458 -0.308913 -0.033650
v 0.127824 -0.308961 -0.033233
v 0.120216 -0.308907 0.878036
v 0.354864 -0.308961 0.883758
v 0.121105 -0.362856 0.208669
v 0.128176 -0.363027 0.882773
v 0.354745 -0.363028 -0.032252
v 0.386699 -0.309278 0.204006
v 0.386724 -0.310237 0.201205
v 0.386736 -0.330187 0.180398
v 0.386943 -0.330724 -0.055213
v 0.361805 -0.362344 0.165947
v 0.120887 -0.309602 0.209394
v 0.361806 -0.309711 0.205014
v 0.120884 -0.362342 0.205284
v 0.361806 -0.311652 0.199745
v 0.128042 -0.362343 0.883476
v 0.120883 -0.362342 -0.027424
v 0.148494 -0.334320 -0.055946
v 0.386631 -0.335382 -0.055895
v 0.387037 -0.309577 0.905751
v 0.096532 -0.308912 0.905755
v 0.158061 -0.335383 -0.055946
v 0.156692 -0.330940 -0.055939
v 0.121942 -0.363024 0.877691
v 0.121102 -0.362323 0.877919
v 0.360928 -0.363028 0.877835
v 0.361814 -0.362323 0.877940
v 0.158209 -0.330463 -0.055247
v 0.128040 -0.309599 0.883476
v 0.386171 -0.330463 0.177243
v 0.387046 -0.335382 -0.055211
v 0.122340 -0.308957 -0.031814
v 0.360351 -0.330506 -0.031815
v 0.360349 -0.308956 0.882338
v 0.122575 -0.308957 0.882339
v 0.157334 -0.309599 -0.033651
v 0.386723 -0.314054 0.196596
v 0.355026 -0.330463 -0.033651
v 0.127883 -0.308911 0.884175
v 0.362129 -0.309296 0.203936
v 0.362150 -0.327537 0.185776
v 0.386723 -0.311838 0.198723
v 0.386173 -0.329168 0.183208
v 0.119956 -0.308913 -0.027400
v 0.362681 -0.330463 0.177242
v 0.387047 -0.334299 0.552051
v 0.362681 -0.308913 0.878062
v 0.361587 -0.362856 0.877921
v 0.095641 -0.334814 -0.055211
v 0.095641 -0.334814 0.690980
v 0.095679 -0.322802 0.690174
v 0.097484 -0.317517 0.194203
v 0.361806 -0.309598 0.745672
v 0.095643 -0.309594 0.905739
v 0.387047 -0.334042 0.360674
v 0.354746 -0.363027 0.882779
v 0.362114 -0.308974 0.207001
v 0.097419 -0.317330 0.690124
v 0.097483 -0.322543 0.194213
v 0.095736 -0.317265 0.194026
v 0.095641 -0.322982 0.193924
v 0.097389 -0.322734 0.194063
v 0.095675 -0.317245 0.690178
v 0.097388 -0.317325 0.194061
v 0.097423 -0.322719 0.690114
v 0.095738 -0.322794 0.194037
v 0.095641 -0.309599 -0.055211
v 0.156707 -0.330970 -0.032955
v 0.127803 -0.309598 -0.032951
v 0.387046 -0.334561 0.745576
v 0.105464 -0.432981 0.203555
v 0.106629 -0.428726 0.180630
v 0.105910 -0.382129 0.180630
v 0.101764 -0.382129 0.180630
v 0.100773 -0.382546 0.180626
v 0.098380 -0.388478 0.180632
v 0.099569 -0.434091 0.180426
v 0.106769 -0.434419 0.180630
v 0.098391 -0.434391 0.203335
v 0.100169 -0.439397 0.180426
v 0.102242 -0.445332 0.180427
v 0.107040 -0.447648 0.180426
v 0.106057 -0.449651 0.180426
v 0.106769 -0.434420 0.203335
v 0.107075 -0.437144 0.203335
v 0.107627 -0.439677 0.203335
v 0.107873 -0.439023 0.202674
v 0.108965 -0.442963 0.203334
v 0.109131 -0.442357 0.202674
v 0.106231 -0.439344 0.203555
v 0.108014 -0.443833 0.203555
v 0.107036 -0.447654 0.203555
v 0.098391 -0.434391 0.180630
v 0.098792 -0.438283 0.180630
v 0.099343 -0.440897 0.180630
v 0.098958 -0.440981 0.181242
v 0.100219 -0.443397 0.180630
v 0.101745 -0.446461 0.180629
v 0.101195 -0.446175 0.181242
v 0.105449 -0.388485 0.180426
v 0.101647 -0.382539 0.180427
v 0.099560 -0.388469 0.203555
v 0.105856 -0.382543 0.203555
v 0.106629 -0.388114 0.180631
v 0.106726 -0.382545 0.180626
v 0.101764 -0.382129 0.203335
v 0.105910 -0.382129 0.203335
v 0.101812 -0.381991 0.202674
v 0.107096 -0.432764 0.181242
v 0.107228 -0.435013 0.202674
v 0.107228 -0.435013 0.181242
v 0.097993 -0.432878 0.181242
v 0.110409 -0.444493 0.181240
v 0.098399 -0.438337 0.181242
v 0.098958 -0.440981 0.202674
v 0.098103 -0.435659 0.202674
v 0.098103 -0.435659 0.181242
v 0.099854 -0.443510 0.181242
v 0.101195 -0.446175 0.202674
v 0.103089 -0.449230 0.181242
v 0.105485 -0.452816 0.181242
v 0.097988 -0.407895 0.181242
v 0.099560 -0.388468 0.180426
v 0.105449 -0.388484 0.203555
v 0.106629 -0.428726 0.203335
v 0.101103 -0.382237 0.180789
v 0.105920 -0.381990 0.181242
v 0.099569 -0.434090 0.203555
v 0.107075 -0.437144 0.180630
v 0.107627 -0.439677 0.180630
v 0.106231 -0.439343 0.180427
v 0.108965 -0.442963 0.180631
v 0.108014 -0.443834 0.180426
v 0.105689 -0.451213 0.180427
v 0.110063 -0.444771 0.180633
v 0.109011 -0.445610 0.180427
v 0.098792 -0.438283 0.203335
v 0.099343 -0.440897 0.203335
v 0.100169 -0.439397 0.203555
v 0.100219 -0.443397 0.203335
v 0.101745 -0.446460 0.203337
v 0.102241 -0.445332 0.203555
v 0.109010 -0.445609 0.203555
v 0.105536 -0.452398 0.203343
v 0.105665 -0.451101 0.203558
v 0.098380 -0.388478 0.203333
v 0.106726 -0.382546 0.203340
v 0.106525 -0.382237 0.203164
v 0.100931 -0.382129 0.181242
v 0.100931 -0.382129 0.202674
v 0.105464 -0.432980 0.180426
v 0.112518 -0.444146 0.181242
v 0.111070 -0.444571 0.202674
v 0.105786 -0.453454 0.181242
v 0.106238 -0.454695 0.181242
v 0.105786 -0.453454 0.202674
v 0.135664 -0.453897 0.204286
v 0.112518 -0.444146 0.203797
v 0.110697 -0.444841 0.203453
v 0.110772 -0.444934 0.203797
v 0.110777 -0.444940 0.204451
v 0.109229 -0.445950 0.203797
v 0.109175 -0.445864 0.203616
v 0.107886 -0.447070 0.203616
v 0.107933 -0.447158 0.203797
v 0.107940 -0.447162 0.204451
v 0.106927 -0.448525 0.203797
v 0.106883 -0.448436 0.203616
v 0.106208 -0.449952 0.203634
v 0.106244 -0.450010 0.204450
v 0.105867 -0.451513 0.203651
v 0.105788 -0.453091 0.203453
v 0.105886 -0.453141 0.203797
v 0.105895 -0.453140 0.204450
v 0.106238 -0.454695 0.203797
v 0.134974 -0.460066 0.204423
v 0.133968 -0.461434 0.204436
v 0.135944 -0.457025 0.204579
v 0.135596 -0.453911 0.204579
v 0.133966 -0.451048 0.204423
v 0.130140 -0.448352 0.204582
v 0.120396 -0.443606 0.204425
v 0.122524 -0.444274 0.204437
v 0.116396 -0.443333 0.204425
v 0.112531 -0.444167 0.204539
v 0.109236 -0.445955 0.204443
v 0.106935 -0.448528 0.204442
v 0.105897 -0.451563 0.204441
v 0.106252 -0.454692 0.204453
v 0.107935 -0.457544 0.204423
v 0.111713 -0.460282 0.204424
v 0.121506 -0.464986 0.204424
v 0.119377 -0.464318 0.204437
v 0.125505 -0.465260 0.204425
v 0.129383 -0.464446 0.204425
v 0.132672 -0.462642 0.204424
v 0.134299 -0.458297 0.205658
v 0.133852 -0.461370 0.204648
v 0.134606 -0.455548 0.205657
v 0.133693 -0.452882 0.205658
v 0.131417 -0.450488 0.205659
v 0.118288 -0.444437 0.205659
v 0.122474 -0.444379 0.204648
v 0.114778 -0.444677 0.205659
v 0.111584 -0.445843 0.205658
v 0.109092 -0.447794 0.205658
v 0.107603 -0.450295 0.205658
v 0.107296 -0.453044 0.205657
v 0.108208 -0.455710 0.205658
v 0.108056 -0.457484 0.204649
v 0.110537 -0.458133 0.205667
v 0.123613 -0.464155 0.205659
v 0.119429 -0.464214 0.204648
v 0.127124 -0.463915 0.205659
v 0.130317 -0.462749 0.205658
v 0.124977 -0.445452 0.204435
v 0.116983 -0.463113 0.204567
v 0.107852 -0.454356 0.205708
v 0.107680 -0.451123 0.205708
v 0.121225 -0.463611 0.205708
v 0.133029 -0.460319 0.205708
v 0.109590 -0.447470 0.205708
v 0.115426 -0.444678 0.205708
v 0.111070 -0.444571 0.181242
v 0.110697 -0.444841 0.180483
v 0.107886 -0.447070 0.180311
v 0.109175 -0.445864 0.180311
v 0.106191 -0.449919 0.180311
v 0.106883 -0.448436 0.180311
v 0.105788 -0.453091 0.180483
v 0.105838 -0.451476 0.180311
v 0.116928 -0.463143 0.204286
v 0.105536 -0.452398 0.180623
v 0.110062 -0.444770 0.203332
v 0.133706 -0.459603 0.205648
v 0.132809 -0.460798 0.205658
v 0.134846 -0.460019 0.204648
v 0.135528 -0.458555 0.204648
v 0.134619 -0.456934 0.205647
v 0.135873 -0.455461 0.204648
v 0.134311 -0.454181 0.205647
v 0.134846 -0.452461 0.204648
v 0.132882 -0.451649 0.205595
v 0.133850 -0.451111 0.204648
v 0.132330 -0.449783 0.204648
v 0.129395 -0.449232 0.205657
v 0.124901 -0.445546 0.204648
v 0.120045 -0.444610 0.205595
v 0.120490 -0.444916 0.205707
v 0.121943 -0.445290 0.205658
v 0.120359 -0.443714 0.204648
v 0.118399 -0.443442 0.204648
v 0.116518 -0.444427 0.205649
v 0.116409 -0.443443 0.204648
v 0.114448 -0.443713 0.204648
v 0.113111 -0.445142 0.205649
v 0.110854 -0.445026 0.204648
v 0.110220 -0.446726 0.205648
v 0.109330 -0.446029 0.204648
v 0.108050 -0.447222 0.204648
v 0.108196 -0.448989 0.205648
v 0.107056 -0.448573 0.204648
v 0.106374 -0.450037 0.204648
v 0.107282 -0.451658 0.205647
v 0.106030 -0.451572 0.204648
v 0.106029 -0.453131 0.204648
v 0.107590 -0.454411 0.205647
v 0.106376 -0.454666 0.204648
v 0.107055 -0.456131 0.204648
v 0.109022 -0.456949 0.205594
v 0.109572 -0.458809 0.204648
v 0.112552 -0.459475 0.205593
v 0.111804 -0.460197 0.204648
v 0.121877 -0.463926 0.205649
v 0.119962 -0.463300 0.205660
v 0.121543 -0.464878 0.204648
v 0.123503 -0.465150 0.204648
v 0.125383 -0.464165 0.205649
v 0.125493 -0.465149 0.204648
v 0.127453 -0.464879 0.204648
v 0.128791 -0.463450 0.205649
v 0.129323 -0.464345 0.204648
v 0.131048 -0.463566 0.204648
v 0.131682 -0.461866 0.205648
v 0.132571 -0.462563 0.204648
v 0.124312 -0.446421 0.205647
v 0.117621 -0.462174 0.205656
v 0.134381 -0.455072 0.205708
v 0.132280 -0.451329 0.205707
v 0.109622 -0.457264 0.205707
v 0.127685 -0.463660 0.205708
v 0.107472 -0.437090 0.202674
v 0.108478 -0.440841 0.202674
v 0.110408 -0.444493 0.202677
v 0.109676 -0.443385 0.202674
v 0.101812 -0.381991 0.181242
v 0.107022 -0.428659 0.202675
v 0.097997 -0.395899 0.195985
v 0.097987 -0.388582 0.192044
v 0.106743 -0.382129 0.202674
v 0.105920 -0.381990 0.202674
v 0.105485 -0.452816 0.202674
v 0.112518 -0.444146 0.179966
v 0.109229 -0.445950 0.179966
v 0.106927 -0.448525 0.179966
v 0.105888 -0.451563 0.179966
v 0.106238 -0.454695 0.179966
v 0.106927 -0.456178 0.204436
v 0.109464 -0.458883 0.204437
v 0.127490 -0.464986 0.204437
v 0.131129 -0.463657 0.204437
v 0.130189 -0.448309 0.204286
v 0.100480 -0.382548 0.202697
v 0.107017 -0.386603 0.202675
v 0.107873 -0.439023 0.181242
v 0.109131 -0.442357 0.181242
v 0.097997 -0.395899 0.188061
v 0.098070 -0.388284 0.181244
v 0.106743 -0.382129 0.181242
v 0.100480 -0.382548 0.181220
v 0.105856 -0.382543 0.180427
v 0.101645 -0.382541 0.203555
v 0.106525 -0.382237 0.180789
v 0.107017 -0.382546 0.181242
v 0.101103 -0.382237 0.203164
v 0.100772 -0.382547 0.203340
v 0.106629 -0.388099 0.203334
v 0.098069 -0.388288 0.202672
v 0.107017 -0.382546 0.202674
v 0.097987 -0.388582 0.181242
v 0.107017 -0.386595 0.181241
v 0.097987 -0.388582 0.202674
v 0.133968 -0.461434 -0.035391
v 0.135665 -0.458584 0.204436
v 0.136014 -0.457029 0.204286
v 0.136014 -0.455451 0.204436
v 0.134975 -0.452414 0.204436
v 0.132437 -0.449709 0.204437
v 0.118411 -0.443331 0.204438
v 0.114412 -0.443606 0.204437
v 0.110772 -0.444934 0.179966
v 0.107933 -0.447158 0.179966
v 0.106236 -0.450008 0.179966
v 0.105886 -0.453141 0.179966
v 0.123490 -0.465261 0.204437
v 0.130189 -0.448309 -0.035241
v 0.098055 -0.404932 0.194126
v 0.098042 -0.405373 0.192023
v 0.098001 -0.403823 0.195982
v 0.098001 -0.403823 0.188064
v 0.107022 -0.428632 0.181241
v 0.098055 -0.401977 0.186906
v 0.097997 -0.399862 0.186376
v 0.097988 -0.402064 0.186688
v 0.097988 -0.405154 0.194214
v 0.097992 -0.432829 0.202675
v 0.098055 -0.394792 0.189920
v 0.097997 -0.394297 0.192023
v 0.097987 -0.394571 0.189833
v 0.098055 -0.404932 0.189920
v 0.098485 -0.405019 0.192023
v 0.098485 -0.403537 0.195694
v 0.098055 -0.401977 0.197141
v 0.097997 -0.399862 0.197671
v 0.098485 -0.399862 0.197256
v 0.098055 -0.397748 0.197141
v 0.098485 -0.396187 0.195694
v 0.098055 -0.394792 0.194126
v 0.098485 -0.394705 0.192023
v 0.098485 -0.396187 0.188353
v 0.098055 -0.397748 0.186906
v 0.098485 -0.399862 0.186791
v 0.097987 -0.397661 0.197358
v 0.097987 -0.397661 0.186688
v 0.097988 -0.405154 0.189832
v 0.097987 -0.394571 0.194214
v 0.097988 -0.402064 0.197358
v 0.098485 -0.404625 0.190048
v 0.098753 -0.404904 0.192023
v 0.098770 -0.404518 0.190093
v 0.098486 -0.403537 0.188353
v 0.098485 -0.404625 0.193999
v 0.098753 -0.403455 0.195611
v 0.098769 -0.404518 0.193954
v 0.098485 -0.401850 0.196829
v 0.098753 -0.399862 0.197138
v 0.098770 -0.401805 0.196719
v 0.098485 -0.397875 0.196829
v 0.098753 -0.396269 0.195611
v 0.098769 -0.397920 0.196719
v 0.098485 -0.395099 0.193999
v 0.098752 -0.394821 0.192023
v 0.098769 -0.395207 0.193954
v 0.098485 -0.395099 0.190048
v 0.098752 -0.396269 0.188436
v 0.098769 -0.395207 0.190093
v 0.098485 -0.397875 0.187218
v 0.098753 -0.399862 0.186909
v 0.098769 -0.397920 0.187327
v 0.098486 -0.401850 0.187218
v 0.098769 -0.401805 0.187327
v 0.098753 -0.403455 0.188436
v 0.106586 -0.404888 0.192023
v 0.106586 -0.403444 0.195600
v 0.106586 -0.399862 0.197122
v 0.106585 -0.396280 0.195600
v 0.106585 -0.394836 0.192023
v 0.106585 -0.396280 0.188447
v 0.106586 -0.399862 0.186924
v 0.106582 -0.404503 0.190099
v 0.106586 -0.403444 0.188447
v 0.106582 -0.404503 0.193948
v 0.106582 -0.401799 0.196704
v 0.106582 -0.397925 0.196704
v 0.106582 -0.395221 0.193948
v 0.106582 -0.395221 0.190099
v 0.106582 -0.397925 0.187342
v 0.106582 -0.401799 0.187342
v 0.106771 -0.404396 0.190144
v 0.106771 -0.403360 0.188531
v 0.106771 -0.404770 0.192023
v 0.106481 -0.404648 0.192023
v 0.106474 -0.404283 0.190191
v 0.106771 -0.404396 0.193903
v 0.106771 -0.403360 0.195515
v 0.106481 -0.403273 0.195427
v 0.106474 -0.404283 0.193855
v 0.106770 -0.401754 0.196595
v 0.106770 -0.399862 0.197002
v 0.106489 -0.399862 0.196879
v 0.106474 -0.401707 0.196481
v 0.106770 -0.397970 0.196595
v 0.106770 -0.396364 0.195515
v 0.106481 -0.396451 0.195427
v 0.106469 -0.398017 0.196479
v 0.106770 -0.395328 0.193903
v 0.106770 -0.394953 0.192023
v 0.106489 -0.395073 0.192023
v 0.106477 -0.395440 0.193856
v 0.106770 -0.395328 0.190144
v 0.106770 -0.396364 0.188531
v 0.106481 -0.396451 0.188619
v 0.106477 -0.395440 0.190191
v 0.106770 -0.397970 0.187451
v 0.106770 -0.399862 0.187045
v 0.106489 -0.399862 0.187167
v 0.106469 -0.398017 0.187567
v 0.106770 -0.401754 0.187451
v 0.106474 -0.401707 0.187566
v 0.098658 -0.399862 0.196864
v 0.098658 -0.395088 0.192023
v 0.098658 -0.399862 0.187182
v 0.106481 -0.403273 0.188619
v 0.098637 -0.404630 0.192023
v 0.098637 -0.403261 0.195415
v 0.098636 -0.396464 0.195415
v 0.098636 -0.396464 0.188632
v 0.098676 -0.404270 0.190197
v 0.098637 -0.403261 0.188632
v 0.098676 -0.404270 0.193850
v 0.098676 -0.401702 0.196467
v 0.098651 -0.398025 0.196462
v 0.098682 -0.395453 0.193850
v 0.098682 -0.395453 0.190196
v 0.098651 -0.398025 0.187585
v 0.098676 -0.401702 0.187579
v 0.098106 -0.404106 0.190266
v 0.098106 -0.403137 0.188757
v 0.098106 -0.404456 0.192023
v 0.097916 -0.404103 0.192023
v 0.097916 -0.403780 0.190402
v 0.097916 -0.402886 0.189011
v 0.098106 -0.404106 0.193781
v 0.098106 -0.403137 0.195289
v 0.097916 -0.402886 0.195036
v 0.097916 -0.403780 0.193644
v 0.098106 -0.401633 0.196300
v 0.098106 -0.399862 0.196680
v 0.097916 -0.399862 0.196320
v 0.097916 -0.401498 0.195968
v 0.098106 -0.398091 0.196300
v 0.098106 -0.396588 0.195289
v 0.097916 -0.396839 0.195036
v 0.097916 -0.398227 0.195968
v 0.098106 -0.395619 0.193781
v 0.098105 -0.395268 0.192023
v 0.097915 -0.395621 0.192023
v 0.097915 -0.395945 0.193644
v 0.098106 -0.395619 0.190266
v 0.098106 -0.396588 0.188757
v 0.097916 -0.396839 0.189011
v 0.097915 -0.395945 0.190402
v 0.098106 -0.398091 0.187747
v 0.098106 -0.399862 0.187366
v 0.097916 -0.399862 0.187727
v 0.097916 -0.398227 0.188078
v 0.098106 -0.401633 0.187747
v 0.097916 -0.401498 0.188078
v 0.097852 -0.403381 0.191222
v 0.097851 -0.397190 0.194680
v 0.097852 -0.402926 0.193951
v 0.097852 -0.400651 0.195581
v 0.097852 -0.396344 0.191221
v 0.097852 -0.397912 0.188959
v 0.097852 -0.401272 0.188597
v 0.107096 -0.432764 0.202674
v 0.098399 -0.438337 0.202674
v 0.099854 -0.443510 0.202674
v 0.103089 -0.449230 0.202674
v 0.112518 -0.444146 0.202674
v 0.106238 -0.454695 0.202674
v 0.107472 -0.437090 0.181242
v 0.108478 -0.440841 0.181242
v 0.109676 -0.443385 0.181242
v 0.097988 -0.405597 0.192023
v 0.106629 -0.428726 -0.011585
v 0.105920 -0.381990 -0.012197
v 0.105464 -0.432980 -0.011382
v 0.106769 -0.434419 -0.011585
v 0.099569 -0.434091 -0.034511
v 0.100169 -0.439398 -0.011382
v 0.106231 -0.439344 -0.011382
v 0.102241 -0.445333 -0.011382
v 0.108015 -0.443834 -0.011382
v 0.107075 -0.437144 -0.034290
v 0.107627 -0.439677 -0.034290
v 0.108965 -0.442964 -0.034290
v 0.110062 -0.444770 -0.034288
v 0.100169 -0.439398 -0.034511
v 0.106231 -0.439344 -0.034511
v 0.105665 -0.451102 -0.034513
v 0.102241 -0.445331 -0.034511
v 0.098792 -0.438283 -0.011585
v 0.099343 -0.440897 -0.011585
v 0.100219 -0.443397 -0.011585
v 0.101745 -0.446461 -0.011584
v 0.105536 -0.452398 -0.011578
v 0.101644 -0.382543 -0.011382
v 0.100480 -0.382548 -0.012176
v 0.107096 -0.432764 -0.012197
v 0.107228 -0.435013 -0.012197
v 0.097993 -0.432878 -0.012197
v 0.098103 -0.435659 -0.012197
v 0.107472 -0.437090 -0.012197
v 0.108478 -0.440841 -0.012197
v 0.109676 -0.443385 -0.012197
v 0.098958 -0.440981 -0.012197
v 0.098399 -0.438337 -0.012197
v 0.101195 -0.446175 -0.012197
v 0.099854 -0.443510 -0.012197
v 0.105485 -0.452816 -0.012197
v 0.103089 -0.449229 -0.012197
v 0.105485 -0.452816 -0.033630
v 0.107017 -0.386595 -0.012196
v 0.099560 -0.388469 -0.034511
v 0.106629 -0.388114 -0.011587
v 0.097988 -0.407893 -0.012197
v 0.098391 -0.434391 -0.011585
v 0.107022 -0.428659 -0.033630
v 0.106629 -0.428726 -0.034290
v 0.098380 -0.388478 -0.034288
v 0.098391 -0.434391 -0.034290
v 0.101764 -0.382129 -0.011585
v 0.101103 -0.382237 -0.011744
v 0.106743 -0.382129 -0.012197
v 0.106769 -0.434419 -0.034291
v 0.107075 -0.437144 -0.011585
v 0.107627 -0.439677 -0.011586
v 0.108965 -0.442963 -0.011586
v 0.099343 -0.440897 -0.034290
v 0.098792 -0.438283 -0.034290
v 0.108015 -0.443835 -0.034511
v 0.100219 -0.443397 -0.034290
v 0.101744 -0.446460 -0.034292
v 0.105855 -0.382541 -0.011382
v 0.100772 -0.382547 -0.034295
v 0.101645 -0.382543 -0.034510
v 0.106629 -0.388100 -0.034289
v 0.105910 -0.382129 -0.034290
v 0.106525 -0.382237 -0.034119
v 0.101812 -0.381990 -0.012197
v 0.100931 -0.382129 -0.012197
v 0.105449 -0.388485 -0.011382
v 0.099569 -0.434091 -0.011382
v 0.098380 -0.388478 -0.011587
v 0.105464 -0.432980 -0.034511
v 0.122524 -0.444274 -0.035392
v 0.112518 -0.444146 -0.012197
v 0.111070 -0.444571 -0.012197
v 0.106238 -0.454695 -0.012197
v 0.119377 -0.464318 -0.035392
v 0.112518 -0.444146 -0.034752
v 0.110772 -0.444934 -0.034752
v 0.110697 -0.444841 -0.034408
v 0.109229 -0.445950 -0.034752
v 0.109175 -0.445864 -0.034571
v 0.107933 -0.447158 -0.034752
v 0.107886 -0.447070 -0.034571
v 0.106927 -0.448525 -0.034752
v 0.106883 -0.448436 -0.034571
v 0.106208 -0.449952 -0.034589
v 0.105867 -0.451513 -0.034606
v 0.105886 -0.453141 -0.034752
v 0.105788 -0.453091 -0.034408
v 0.106238 -0.454695 -0.034752
v 0.134974 -0.460066 -0.035378
v 0.135665 -0.458584 -0.035391
v 0.135944 -0.457024 -0.035534
v 0.136014 -0.455451 -0.035391
v 0.135663 -0.453897 -0.035377
v 0.134975 -0.452414 -0.035391
v 0.133966 -0.451048 -0.035378
v 0.132437 -0.449709 -0.035392
v 0.130140 -0.448351 -0.035537
v 0.124974 -0.445450 -0.035390
v 0.120396 -0.443606 -0.035380
v 0.118411 -0.443331 -0.035392
v 0.116396 -0.443333 -0.035380
v 0.114412 -0.443606 -0.035392
v 0.112531 -0.444167 -0.035494
v 0.110777 -0.444940 -0.035406
v 0.109236 -0.445955 -0.035398
v 0.107940 -0.447162 -0.035406
v 0.106935 -0.448528 -0.035397
v 0.106244 -0.450010 -0.035405
v 0.105897 -0.451563 -0.035396
v 0.105895 -0.453140 -0.035405
v 0.106252 -0.454692 -0.035409
v 0.106927 -0.456178 -0.035391
v 0.107935 -0.457544 -0.035378
v 0.109464 -0.458883 -0.035392
v 0.111706 -0.460278 -0.035372
v 0.116925 -0.463141 -0.035390
v 0.121506 -0.464986 -0.035380
v 0.123490 -0.465261 -0.035392
v 0.125505 -0.465259 -0.035380
v 0.127490 -0.464986 -0.035392
v 0.129383 -0.464446 -0.035379
v 0.131129 -0.463657 -0.035392
v 0.132672 -0.462642 -0.035378
v 0.127684 -0.463660 -0.036664
v 0.135528 -0.458555 -0.035603
v 0.134846 -0.460019 -0.035603
v 0.132809 -0.460798 -0.036613
v 0.135873 -0.455461 -0.035603
v 0.134846 -0.452461 -0.035603
v 0.135526 -0.453926 -0.035603
v 0.132330 -0.449783 -0.035603
v 0.133850 -0.451111 -0.035603
v 0.132882 -0.451649 -0.036550
v 0.118399 -0.443442 -0.035603
v 0.120364 -0.443716 -0.035605
v 0.121984 -0.445315 -0.036622
v 0.120052 -0.444610 -0.036549
v 0.114448 -0.443713 -0.035603
v 0.116409 -0.443443 -0.035603
v 0.110854 -0.445026 -0.035603
v 0.108050 -0.447222 -0.035603
v 0.109330 -0.446029 -0.035603
v 0.106374 -0.450037 -0.035603
v 0.107056 -0.448573 -0.035603
v 0.106029 -0.453131 -0.035603
v 0.106030 -0.451572 -0.035603
v 0.107055 -0.456131 -0.035603
v 0.106376 -0.454666 -0.035603
v 0.109573 -0.458810 -0.035603
v 0.108052 -0.457481 -0.035603
v 0.123503 -0.465150 -0.035603
v 0.121543 -0.464878 -0.035603
v 0.119958 -0.463302 -0.036614
v 0.127453 -0.464879 -0.035603
v 0.125493 -0.465149 -0.035603
v 0.131048 -0.463566 -0.035603
v 0.129323 -0.464345 -0.035603
v 0.132571 -0.462563 -0.035603
v 0.110572 -0.458000 -0.036660
v 0.124901 -0.445546 -0.035603
v 0.116987 -0.463040 -0.035602
v 0.133029 -0.460319 -0.036664
v 0.121225 -0.463611 -0.036663
v 0.109127 -0.456879 -0.036646
v 0.107852 -0.454356 -0.036663
v 0.107680 -0.451123 -0.036663
v 0.109589 -0.447470 -0.036663
v 0.134381 -0.455072 -0.036664
v 0.120491 -0.444916 -0.036663
v 0.115426 -0.444678 -0.036664
v 0.110697 -0.444841 -0.011438
v 0.110772 -0.444934 -0.010921
v 0.109175 -0.445864 -0.011266
v 0.107886 -0.447070 -0.011266
v 0.107933 -0.447158 -0.010921
v 0.106883 -0.448436 -0.011266
v 0.106191 -0.449919 -0.011266
v 0.106236 -0.450008 -0.010921
v 0.105838 -0.451475 -0.011266
v 0.105788 -0.453091 -0.011438
v 0.105886 -0.453141 -0.010921
v 0.105536 -0.452398 -0.034298
v 0.105689 -0.451213 -0.011382
v 0.106057 -0.449651 -0.011382
v 0.107040 -0.447648 -0.011382
v 0.109011 -0.445609 -0.011382
v 0.110063 -0.444771 -0.011588
v 0.110409 -0.444493 -0.012195
v 0.109011 -0.445609 -0.034511
v 0.107036 -0.447654 -0.034511
v 0.133706 -0.459603 -0.036603
v 0.134299 -0.458297 -0.036613
v 0.133852 -0.461370 -0.035603
v 0.134619 -0.456934 -0.036603
v 0.134606 -0.455548 -0.036613
v 0.134311 -0.454181 -0.036603
v 0.133693 -0.452882 -0.036613
v 0.131417 -0.450488 -0.036614
v 0.124292 -0.446344 -0.036549
v 0.129265 -0.449151 -0.036611
v 0.118288 -0.444437 -0.036614
v 0.122474 -0.444379 -0.035603
v 0.116519 -0.444427 -0.036605
v 0.114778 -0.444677 -0.036614
v 0.113111 -0.445142 -0.036604
v 0.111585 -0.445843 -0.036614
v 0.110220 -0.446726 -0.036604
v 0.109093 -0.447794 -0.036613
v 0.108196 -0.448989 -0.036603
v 0.107603 -0.450295 -0.036613
v 0.107283 -0.451658 -0.036603
v 0.107296 -0.453044 -0.036613
v 0.107590 -0.454411 -0.036603
v 0.108209 -0.455709 -0.036613
v 0.110421 -0.458157 -0.036549
v 0.112652 -0.459464 -0.036602
v 0.117756 -0.462228 -0.036615
v 0.111804 -0.460197 -0.035603
v 0.121877 -0.463925 -0.036605
v 0.123614 -0.464155 -0.036614
v 0.119428 -0.464213 -0.035603
v 0.125383 -0.464165 -0.036605
v 0.127124 -0.463915 -0.036614
v 0.128791 -0.463450 -0.036604
v 0.130317 -0.462748 -0.036614
v 0.131681 -0.461866 -0.036604
v 0.132280 -0.451329 -0.036663
v 0.097992 -0.432829 -0.033630
v 0.098103 -0.435659 -0.033630
v 0.107472 -0.437090 -0.033630
v 0.107228 -0.435013 -0.033630
v 0.107873 -0.439023 -0.033630
v 0.108478 -0.440841 -0.033630
v 0.109131 -0.442357 -0.033630
v 0.109676 -0.443385 -0.033630
v 0.107096 -0.432764 -0.033630
v 0.098399 -0.438337 -0.033630
v 0.099854 -0.443510 -0.033630
v 0.103089 -0.449230 -0.033630
v 0.097997 -0.399862 -0.028626
v 0.097987 -0.397661 -0.028313
v 0.097987 -0.388582 -0.022999
v 0.098069 -0.388288 -0.033627
v 0.105920 -0.381990 -0.033630
v 0.106743 -0.382129 -0.033630
v 0.101812 -0.381990 -0.033630
v 0.100931 -0.382129 -0.033630
v 0.112518 -0.444146 -0.033630
v 0.106238 -0.454695 -0.033630
v 0.105786 -0.453454 -0.033630
v 0.110408 -0.444493 -0.033632
v 0.100480 -0.382548 -0.033653
v 0.097987 -0.397660 -0.017643
v 0.097997 -0.399862 -0.017331
v 0.097987 -0.388582 -0.012197
v 0.098070 -0.388284 -0.012199
v 0.105856 -0.382541 -0.034510
v 0.106726 -0.382545 -0.011581
v 0.106525 -0.382237 -0.011744
v 0.107017 -0.382546 -0.012197
v 0.105910 -0.382129 -0.011585
v 0.100773 -0.382546 -0.011581
v 0.099560 -0.388469 -0.011382
v 0.101103 -0.382237 -0.034119
v 0.101764 -0.382129 -0.034290
v 0.106726 -0.382546 -0.034295
v 0.107017 -0.382546 -0.033630
v 0.097987 -0.388582 -0.033630
v 0.105449 -0.388486 -0.034511
v 0.107017 -0.386604 -0.033631
v 0.136014 -0.457029 -0.035241
v 0.112518 -0.444146 -0.010921
v 0.109229 -0.445950 -0.010921
v 0.106927 -0.448525 -0.010921
v 0.105888 -0.451563 -0.010921
v 0.106238 -0.454695 -0.010921
v 0.097988 -0.405154 -0.025169
v 0.097988 -0.405597 -0.022979
v 0.097988 -0.405154 -0.020788
v 0.107022 -0.428632 -0.012197
v 0.097987 -0.394571 -0.025169
v 0.097997 -0.394297 -0.022979
v 0.098001 -0.403823 -0.019019
v 0.097988 -0.402064 -0.017643
v 0.097988 -0.402064 -0.028313
v 0.097987 -0.394571 -0.020788
v 0.098055 -0.404932 -0.020876
v 0.098485 -0.403537 -0.019308
v 0.098486 -0.404625 -0.021003
v 0.098042 -0.405373 -0.022979
v 0.098055 -0.404932 -0.025081
v 0.098485 -0.404625 -0.024954
v 0.098001 -0.403823 -0.026938
v 0.098055 -0.401977 -0.028096
v 0.098485 -0.401850 -0.027784
v 0.098055 -0.397748 -0.028096
v 0.098485 -0.397875 -0.027784
v 0.097997 -0.395899 -0.026940
v 0.098055 -0.394792 -0.025081
v 0.098485 -0.395099 -0.024954
v 0.098055 -0.394792 -0.020876
v 0.098485 -0.395099 -0.021003
v 0.097997 -0.395899 -0.019017
v 0.098055 -0.397748 -0.017861
v 0.098485 -0.397875 -0.018173
v 0.098055 -0.401977 -0.017861
v 0.098485 -0.401850 -0.018173
v 0.098485 -0.405019 -0.022979
v 0.098753 -0.403455 -0.019391
v 0.098485 -0.403537 -0.026649
v 0.098485 -0.399862 -0.028211
v 0.098485 -0.396187 -0.026649
v 0.098485 -0.394705 -0.022979
v 0.098485 -0.396187 -0.019308
v 0.098485 -0.399862 -0.017746
v 0.098769 -0.404518 -0.021048
v 0.106585 -0.403444 -0.019402
v 0.098753 -0.404904 -0.022978
v 0.098769 -0.404518 -0.024909
v 0.098753 -0.403455 -0.026566
v 0.098769 -0.401805 -0.027674
v 0.098753 -0.399862 -0.028093
v 0.098769 -0.397920 -0.027674
v 0.098752 -0.396269 -0.026566
v 0.098769 -0.395207 -0.024909
v 0.098752 -0.394821 -0.022978
v 0.098769 -0.395207 -0.021048
v 0.098752 -0.396269 -0.019391
v 0.098769 -0.397920 -0.018282
v 0.098753 -0.399862 -0.017864
v 0.098770 -0.401805 -0.018282
v 0.106582 -0.404503 -0.021054
v 0.106586 -0.404888 -0.022978
v 0.106582 -0.404503 -0.024903
v 0.106586 -0.403444 -0.026555
v 0.106582 -0.401799 -0.027660
v 0.106586 -0.399862 -0.028077
v 0.106582 -0.397925 -0.027660
v 0.106585 -0.396280 -0.026555
v 0.106582 -0.395221 -0.024903
v 0.106585 -0.394836 -0.022978
v 0.106582 -0.395221 -0.021054
v 0.106585 -0.396280 -0.019402
v 0.106582 -0.397925 -0.018297
v 0.106586 -0.399862 -0.017880
v 0.106582 -0.401798 -0.018297
v 0.106771 -0.404396 -0.021099
v 0.106771 -0.403360 -0.019486
v 0.106481 -0.403273 -0.019575
v 0.106771 -0.404770 -0.022979
v 0.106771 -0.404396 -0.024858
v 0.106771 -0.403360 -0.026471
v 0.106770 -0.401754 -0.027550
v 0.106770 -0.399862 -0.027957
v 0.106770 -0.397970 -0.027550
v 0.106770 -0.396364 -0.026471
v 0.106770 -0.395328 -0.024858
v 0.106770 -0.394953 -0.022979
v 0.106770 -0.395328 -0.021099
v 0.106770 -0.396364 -0.019486
v 0.106770 -0.397970 -0.018406
v 0.106770 -0.399862 -0.018000
v 0.106770 -0.401754 -0.018406
v 0.106477 -0.404284 -0.021146
v 0.106477 -0.404284 -0.024811
v 0.106478 -0.401707 -0.027437
v 0.106489 -0.399862 -0.027835
v 0.106474 -0.398017 -0.027436
v 0.106477 -0.395440 -0.024811
v 0.106489 -0.395073 -0.022979
v 0.106477 -0.395440 -0.021146
v 0.106489 -0.399862 -0.018122
v 0.106478 -0.401707 -0.018520
v 0.098637 -0.403261 -0.019587
v 0.106481 -0.404647 -0.022979
v 0.106481 -0.403273 -0.026382
v 0.106481 -0.396451 -0.026382
v 0.106481 -0.396451 -0.019575
v 0.106469 -0.398017 -0.018522
v 0.098682 -0.404272 -0.021151
v 0.098637 -0.404630 -0.022979
v 0.098682 -0.404272 -0.024806
v 0.098637 -0.403261 -0.026370
v 0.098682 -0.401702 -0.027424
v 0.098658 -0.399862 -0.027820
v 0.098675 -0.398023 -0.027423
v 0.098636 -0.396464 -0.026370
v 0.098682 -0.395453 -0.024806
v 0.098658 -0.395088 -0.022979
v 0.098682 -0.395453 -0.021151
v 0.098636 -0.396464 -0.019587
v 0.098651 -0.398025 -0.018540
v 0.098658 -0.399862 -0.018137
v 0.098682 -0.401702 -0.018533
v 0.098106 -0.404106 -0.021221
v 0.098106 -0.403137 -0.019713
v 0.097916 -0.402886 -0.019966
v 0.097916 -0.403780 -0.021358
v 0.097916 -0.404103 -0.022978
v 0.098106 -0.404456 -0.022979
v 0.098106 -0.404106 -0.024736
v 0.097916 -0.403780 -0.024599
v 0.097916 -0.402886 -0.025991
v 0.098106 -0.403137 -0.026245
v 0.098106 -0.401633 -0.027255
v 0.097916 -0.401498 -0.026923
v 0.097916 -0.399862 -0.027275
v 0.098106 -0.399862 -0.027636
v 0.098106 -0.398091 -0.027255
v 0.097916 -0.398227 -0.026923
v 0.097916 -0.396839 -0.025991
v 0.098106 -0.396588 -0.026245
v 0.098106 -0.395619 -0.024736
v 0.097915 -0.395945 -0.024599
v 0.097915 -0.395621 -0.022979
v 0.098105 -0.395268 -0.022979
v 0.098106 -0.395619 -0.021221
v 0.097915 -0.395945 -0.021358
v 0.097916 -0.396839 -0.019966
v 0.098106 -0.396588 -0.019712
v 0.098106 -0.398091 -0.018702
v 0.097916 -0.398227 -0.019034
v 0.097916 -0.399862 -0.018682
v 0.098106 -0.399862 -0.018321
v 0.098106 -0.401633 -0.018702
v 0.097916 -0.401498 -0.019034
v 0.097852 -0.403382 -0.022177
v 0.097852 -0.400651 -0.026538
v 0.097852 -0.402926 -0.024906
v 0.097851 -0.397190 -0.025635
v 0.097852 -0.396344 -0.022176
v 0.097852 -0.397912 -0.019914
v 0.097852 -0.401271 -0.019556
v 0.098958 -0.440981 -0.033630
v 0.101195 -0.446175 -0.033630
v 0.111070 -0.444571 -0.033630
v 0.107873 -0.439023 -0.012197
v 0.109131 -0.442357 -0.012197
v 0.105786 -0.453454 -0.012197
vn 0.0015 0.0047 1.0000
vn -0.0016 0.0195 0.9998
vn -0.0079 -0.0007 1.0000
vn 0.0015 -0.0229 0.9997
vn 1.0000 0.0071 -0.0010
vn 0.9997 0.0264 0.0011
vn 1.0000 -0.0075 -0.0008
vn 0.9996 -0.0299 -0.0010
vn -0.0015 0.0047 -1.0000
vn 0.0016 0.0194 -0.9998
vn 0.0079 -0.0007 -1.0000
vn -0.0016 -0.0229 -0.9997
vn -1.0000 0.0071 0.0010
vn -0.9997 0.0264 -0.0011
vn -1.0000 -0.0075 0.0008
vn -0.9996 -0.0298 0.0009
vn 0.0009 -1.0000 -0.0009
vn 0.0032 -1.0000 0.0007
vn -0.0216 -0.9997 -0.0136
vn -0.0031 -1.0000 -0.0007
vn 0.0016 1.0000 -0.0000
vn -0.0018 1.0000 -0.0015
vn -0.0226 0.9996 -0.0158
vn 0.0019 1.0000 0.0015
vn -0.0037 1.0000 0.0016
vn 0.0003 1.0000 0.0017
vn 0.0005 1.0000 -0.0023
vn -0.0001 0.9999 -0.0122
vn 0.0037 1.0000 -0.0009
vn -0.0136 0.9999 0.0003
vn -0.0458 0.9989 -0.0001
vn -0.0014 1.0000 -0.0013
vn -0.0019 0.9998 0.0183
vn -0.0001 1.0000 0.0058
vn 0.0149 0.9999 -0.0003
vn 0.0047 1.0000 -0.0000
vn 0.0019 0.0166 -0.9999
vn -0.0021 0.0453 -0.9990
vn -0.0072 0.0121 -0.9999
vn 0.0019 0.0456 -0.9990
vn -1.0000 0.0055 -0.0010
vn -0.9999 0.0120 0.0012
vn -0.9999 0.0172 -0.0005
vn -0.9983 0.0578 -0.0010
vn -0.0019 0.0166 0.9999
vn 0.0022 0.0453 0.9990
vn 0.0072 0.0121 0.9999
vn -0.0018 0.0456 0.9990
vn 1.0000 0.0055 0.0010
vn 0.9999 0.0120 -0.0012
vn 0.9999 0.0172 0.0005
vn 0.9983 0.0579 0.0010
vn -0.0004 0.9618 0.2738
vn 0.0003 0.9194 0.3934
vn 0.2222 0.9750 0.0001
vn 0.3237 0.9462 -0.0001
vn 0.0004 0.9618 -0.2738
vn -0.0003 0.9193 -0.3935
vn -0.2222 0.9750 -0.0002
vn -0.3237 0.9462 0.0001
vn -0.9497 0.3131 -0.0006
vn -0.8967 0.4426 0.0007
vn 0.9497 0.3130 0.0006
vn 0.8967 0.4427 -0.0007
vn 0.8920 0.0288 -0.4510
vn -0.8920 0.0287 0.4511
vn 0.8891 -0.0081 0.4577
vn 0.6867 -0.7269 0.0008
vn -0.3556 0.8248 0.4397
vn -0.6925 0.7214 0.0005
vn -0.5586 0.0091 0.8294
vn 0.3518 0.8243 0.4436
vn 0.0010 0.6418 0.7669
vn 0.6830 0.0098 0.7303
vn 0.3556 0.8249 -0.4395
vn 0.6925 0.7214 -0.0005
vn 0.5585 0.0091 -0.8295
vn -0.3517 0.8243 -0.4437
vn -0.0011 0.6417 -0.7670
vn -0.6832 0.0098 -0.7302
vn 0.6905 0.0440 -0.7220
vn 0.3686 0.8172 -0.4430
vn 0.5568 0.8306 -0.0008
vn 0.0024 0.9230 -0.3847
vn -0.3543 0.8090 -0.4691
vn -0.0020 0.7403 -0.6723
vn -0.0014 0.9634 -0.2681
vn -0.2142 0.9517 -0.2198
vn -0.6904 0.0441 0.7221
vn -0.3685 0.8172 0.4431
vn -0.5215 0.8533 0.0008
vn -0.0023 0.9234 0.3839
vn 0.3548 0.8149 0.4582
vn 0.0019 0.7528 0.6583
vn 0.3172 0.9483 0.0009
vn 0.6848 0.7287 -0.0006
vn -0.6848 0.7287 0.0006
vn 0.0018 -0.7704 0.6375
vn -0.0026 -0.6546 0.7560
vn 0.5312 -0.0130 0.8471
vn -0.0010 0.7765 0.6301
vn -0.7032 -0.0096 0.7109
vn 0.5468 -0.8372 -0.0005
vn 0.7030 -0.0096 -0.7112
vn 0.5449 0.8385 0.0004
vn -0.0025 -0.7704 -0.6376
vn 0.0026 -0.6544 -0.7561
vn -0.8876 -0.0147 -0.4604
vn -0.5304 -0.0090 -0.8477
vn 0.0010 0.7765 -0.6301
vn -0.5469 -0.8372 0.0006
vn -0.6867 -0.7269 -0.0006
vn -0.5449 0.8385 -0.0005
vn 0.0019 0.6016 -0.7988
vn -0.6587 0.7524 -0.0010
vn -0.0019 0.6014 0.7989
vn 0.7074 0.7069 0.0009
vn -0.0032 0.6523 -0.7580
vn 0.0030 0.7700 -0.6380
vn -0.5466 0.8374 -0.0006
vn 0.0032 0.6524 0.7579
vn -0.0030 0.7701 0.6380
vn 0.5467 0.8373 0.0006
vn 0.5260 0.0200 -0.8502
vn -0.7178 0.0209 -0.6960
vn -0.5826 0.0418 -0.8117
vn -0.5261 0.0200 0.8502
vn 0.7178 0.0209 0.6959
vn 0.5828 0.0419 0.8116
vn -0.5927 0.5775 -0.5614
vn 0.5928 0.5771 0.5617
vn -0.5929 -0.5775 0.5612
vn 0.5928 -0.5772 -0.5616
vn -0.0167 -0.0036 0.9999
vn 0.0190 -0.0284 0.9994
vn 0.0167 0.0037 0.9999
vn -0.0190 0.0284 0.9994
vn -0.4178 -0.0144 0.9084
vn -0.5198 0.0197 0.8541
vn -0.7285 -0.0173 0.6849
vn -0.8168 0.0176 0.5767
vn -0.9994 -0.0360 -0.0000
vn -0.9999 0.0036 0.0144
vn -0.9999 -0.0035 -0.0145
vn -0.9993 0.0361 -0.0000
vn -0.8167 -0.0176 -0.5767
vn -0.7284 0.0173 -0.6849
vn -0.5198 -0.0197 -0.8541
vn -0.4178 0.0144 -0.9084
vn -0.0190 -0.0284 -0.9994
vn -0.0167 0.0037 -0.9999
vn 0.0167 -0.0037 -0.9999
vn 0.0191 0.0284 -0.9994
vn 0.4178 -0.0144 -0.9084
vn 0.5198 0.0197 -0.8541
vn 0.7285 -0.0174 -0.6849
vn 0.8167 0.0176 -0.5767
vn 0.9993 -0.0361 -0.0000
vn 0.9999 0.0036 -0.0145
vn 0.9999 -0.0036 0.0145
vn 0.9994 0.0360 -0.0000
vn 0.8167 -0.0176 0.5767
vn 0.7285 0.0174 0.6849
vn 0.5198 -0.0197 0.8541
vn 0.4178 0.0144 0.9084
vn 0.0001 1.0000 0.0001
vn -0.0000 1.0000 -0.0000
vn -0.0000 -1.0000 -0.0000
vn 0.0001 -1.0000 0.0001
vn -0.0000 -1.0000 0.0001
vn -0.0000 -1.0000 -0.0001
vn -0.0079 1.0000 0.0002
vn 0.0077 1.0000 0.0009
vn 0.0069 1.0000 -0.0007
vn -0.0078 1.0000 -0.0008
vn 1.0000 -0.0052 0.0004
vn 0.9999 -0.0168 -0.0008
vn 1.0000 0.0035 0.0007
vn 0.9999 0.0164 0.0003
vn -0.0102 -0.0123 0.9999
vn -0.0029 -0.0126 0.9999
vn -0.0095 0.0251 0.9996
vn -0.0086 0.0141 0.9999
vn -0.0169 -0.0034 0.9999
vn -0.0782 -0.0123 0.9969
vn 0.0251 -0.0099 0.9996
vn 0.0772 -0.0002 0.9970
vn -0.0203 -0.9998 0.0004
vn -0.0735 -0.9973 -0.0004
vn 0.0205 -0.9998 -0.0003
vn 0.0735 -0.9973 0.0004
vn -0.0056 -0.0127 -0.9999
vn -0.0163 0.0140 -0.9998
vn -0.0094 0.0251 -0.9996
vn -0.0039 -0.0134 -0.9999
vn -1.0000 -0.0089 -0.0005
vn -0.9994 -0.0351 0.0005
vn -1.0000 0.0092 0.0001
vn -0.9994 0.0350 -0.0005
vn -0.0165 -0.0023 -0.9999
vn 0.0808 -0.0001 -0.9967
vn 0.0265 -0.0060 -0.9996
vn -0.0758 -0.0220 -0.9969
vn -0.0137 -0.9999 0.0003
vn -0.0128 -0.9999 0.0008
vn -0.0122 -0.9999 -0.0009
vn -0.0138 -0.9999 -0.0005
vn -0.9999 -0.0128 0.0004
vn -0.9993 -0.0380 -0.0010
vn -0.9999 -0.0110 -0.0002
vn -0.9995 -0.0325 0.0005
vn 0.8121 0.0053 0.5836
vn 0.8140 0.0053 -0.5808
vn 0.5648 0.8252 0.0006
vn 0.0215 0.6435 0.7651
vn -0.0232 -0.7027 0.7111
vn -0.5909 -0.0269 0.8063
vn 0.0144 0.7221 -0.6917
vn 0.7009 0.7132 -0.0005
vn -0.5380 -0.0301 -0.8424
vn -0.5484 -0.8362 -0.0005
vn -0.0253 -0.6919 -0.7216
vn -0.0041 0.6840 0.7295
vn 0.5857 -0.0068 0.8105
vn 0.5472 -0.8370 -0.0003
vn 0.6879 -0.7258 0.0004
vn -0.0289 -0.7109 0.7027
vn -0.6859 -0.7277 -0.0003
vn -0.5466 -0.8374 0.0003
vn -0.7037 -0.0125 0.7104
vn -0.6863 -0.0116 0.7272
vn -0.5586 0.0257 0.8291
vn 0.0643 -0.7606 0.6460
vn -0.0637 -0.6602 0.7484
vn -0.0121 0.6246 -0.7808
vn -0.6859 0.7277 0.0004
vn -0.5467 0.8373 -0.0003
vn 0.5857 -0.0065 -0.8105
vn -0.6941 0.0119 -0.7198
vn -0.5577 -0.0120 -0.8299
vn -0.0206 -0.7985 -0.6016
vn -0.7026 -0.0129 -0.7115
vn -0.0650 -0.7614 -0.6450
vn 0.0630 -0.6601 -0.7486
vn -0.6960 -0.7180 0.0005
vn -0.5469 -0.8372 0.0004
vn -0.6867 -0.7269 -0.0004
vn -0.5940 -0.5773 0.5603
vn -0.5992 -0.5669 -0.5653
vn -0.6010 -0.5699 -0.5604
vn 0.5977 -0.5672 0.5665
vn -0.5927 -0.5773 0.5617
vn -0.5928 0.5776 -0.5612
vn 0.5889 -0.5757 -0.5672
vn -0.0000 -0.1129 -0.9936
vn -0.9900 -0.1411 -0.0000
vn -0.0000 -0.1133 0.9936
vn 0.9900 -0.1408 -0.0000
vn -0.0000 -0.1032 0.9947
vn -0.0000 -0.1031 0.9947
vn -0.0001 -0.1063 0.9943
vn -0.0000 -0.1000 0.9950
vn 0.9920 -0.1264 -0.0000
vn 0.9920 -0.1263 -0.0000
vn 0.9917 -0.1289 -0.0000
vn 0.9923 -0.1238 -0.0000
vn -0.0000 -0.1028 -0.9947
vn 0.0001 -0.1059 -0.9944
vn -0.0000 -0.0996 -0.9950
vn -0.9920 -0.1264 -0.0000
vn -0.9917 -0.1290 -0.0000
vn -0.9923 -0.1239 -0.0000
vn 0.0355 -0.9990 -0.0283
vn -0.0353 -0.9990 -0.0285
vn -0.0499 -0.9987 -0.0103
vn 0.0503 -0.9987 -0.0098
vn -0.0503 -0.9987 0.0098
vn -0.0356 -0.9990 0.0282
vn 0.0353 -0.9990 0.0285
vn 0.0499 -0.9987 0.0103
vn 0.0001 -0.4255 -0.9050
vn 0.0001 -0.4254 -0.9050
vn 0.0002 -0.4419 -0.8971
vn -0.0000 -0.4084 -0.9128
vn -0.8613 -0.5080 -0.0001
vn -0.8613 -0.5080 -0.0000
vn -0.8504 -0.5262 -0.0001
vn -0.8722 -0.4892 -0.0000
vn -0.0001 -0.4256 0.9049
vn -0.0001 -0.4255 0.9049
vn -0.0002 -0.4419 0.8971
vn -0.0000 -0.4087 0.9127
vn 0.8612 -0.5083 -0.0000
vn 0.8502 -0.5264 0.0001
vn 0.8721 -0.4894 -0.0000
vn -0.0001 0.2844 0.9587
vn -0.0001 0.2843 0.9587
vn -0.0000 0.3042 0.9526
vn -0.0003 0.2642 0.9645
vn 0.9378 0.3472 -0.0000
vn 0.9378 0.3472 0.0001
vn 0.9285 0.3713 -0.0000
vn 0.9466 0.3223 0.0001
vn 0.0001 0.2849 -0.9586
vn 0.0001 0.2848 -0.9586
vn -0.0000 0.3046 -0.9525
vn 0.0003 0.2648 -0.9643
vn -0.9379 0.3470 -0.0000
vn -0.9286 0.3711 -0.0000
vn -0.9467 0.3222 -0.0001
vn -0.0806 0.9946 0.0654
vn 0.0811 0.9946 0.0648
vn 0.1147 0.9931 0.0225
vn -0.1139 0.9932 0.0235
vn 0.1139 0.9932 -0.0235
vn 0.0806 0.9946 -0.0654
vn -0.0811 0.9946 -0.0648
vn -0.1147 0.9931 -0.0225
vn -0.0000 -0.5217 0.8531
vn -0.0000 -0.5218 0.8531
vn 0.7937 -0.6083 -0.0000
vn 0.7938 -0.6082 -0.0000
vn -0.0000 -0.5234 -0.8521
vn -0.7938 -0.6082 -0.0000
vn -0.7938 -0.6081 -0.0000
vn -0.1102 -0.9939 0.0037
vn 0.0054 -1.0000 0.0045
vn 0.0077 -1.0000 0.0015
vn -0.0077 -1.0000 0.0015
vn 0.0078 -1.0000 -0.0015
vn 0.0051 -1.0000 -0.0048
vn -0.0054 -1.0000 -0.0045
vn -0.0482 -0.9988 -0.0023
vn -0.0000 -0.7103 0.7039
vn -0.0000 -0.7104 0.7038
vn 0.0001 -0.6936 0.7203
vn -0.0001 -0.7287 0.6848
vn 0.6380 -0.7701 -0.0000
vn 0.6453 -0.7639 -0.0000
vn 0.6306 -0.7761 -0.0000
vn 0.0001 -0.7097 -0.7045
vn 0.0001 -0.7097 -0.7046
vn 0.0002 -0.7208 -0.6931
vn 0.0001 -0.7000 -0.7141
vn -0.6074 -0.7944 -0.0000
vn -0.6153 -0.7883 -0.0000
vn -0.0000 0.0001 1.0000
vn -0.0002 -0.0729 0.9973
vn -0.0000 0.0001 -1.0000
vn -0.0002 -0.0793 -0.9969
vn -0.9956 -0.0939 -0.0000
vn -0.9964 -0.0846 -0.0000
vn -0.9947 -0.1031 -0.0000
vn 0.0002 0.0731 0.9973
vn 0.9955 0.0943 -0.0000
vn 0.9956 0.0942 -0.0000
vn 0.9946 0.1036 -0.0000
vn 0.9964 0.0849 -0.0000
vn 0.0002 0.0795 -0.9968
vn -0.0000 0.7103 0.7039
vn 0.0001 0.7288 0.6847
vn -0.0001 0.6935 0.7205
vn 0.2536 0.9673 0.0087
vn 0.6073 0.7945 -0.0000
vn 0.1309 0.9914 -0.0070
vn 0.6152 0.7884 -0.0000
vn -0.0001 0.7098 -0.7044
vn -0.0001 0.7099 -0.7043
vn -0.0001 0.7002 -0.7139
vn -0.0002 0.7209 -0.6930
vn -0.6379 0.7701 -0.0000
vn -0.6380 0.7701 -0.0000
vn -0.6308 0.7760 -0.0000
vn -0.6452 0.7640 -0.0000
vn -0.0166 0.9998 0.0135
vn 0.0236 0.9997 0.0048
vn -0.0235 0.9997 0.0048
vn 0.0166 0.9998 -0.0136
vn -0.0166 0.9998 -0.0134
vn -0.0236 0.9997 -0.0048
vn -0.0000 -0.0000 1.0000
vn 1.0000 -0.0000 -0.0000
vn -0.0000 -0.0000 -1.0000
vn -1.0000 -0.0000 -0.0000
vn -1.0000 0.0003 -0.0000
vn -0.0111 -0.9999 0.0089
vn 0.0110 -0.9999 0.0090
vn 0.0157 -0.9999 0.0032
vn -0.0157 -0.9999 0.0032
vn 0.0157 -0.9999 -0.0032
vn 0.0112 -0.9999 -0.0089
vn -0.0110 -0.9999 -0.0090
vn -0.0157 -0.9999 -0.0032
vn -0.0000 -0.0110 0.9999
vn -0.0000 -0.0103 0.9999
vn -0.0000 -0.0117 0.9999
vn 0.9999 -0.0116 -0.0000
vn 0.9999 -0.0118 -0.0000
vn 1.0000 -0.0095 -0.0000
vn 0.9999 -0.0140 -0.0000
vn -0.0000 -0.0103 -0.9999
vn -0.0000 -0.0105 -0.9999
vn -0.0000 -0.0101 -0.9999
vn -0.0000 -0.0112 -0.9999
vn -0.9999 -0.0120 -0.0000
vn -1.0000 -0.0098 -0.0000
vn -0.9999 -0.0141 -0.0000
vn -0.0000 0.7166 0.6974
vn -0.0000 0.7167 0.6974
vn -0.0000 0.7209 0.6930
vn -0.0000 0.7123 0.7019
vn 0.6155 0.7881 -0.0000
vn 0.6080 0.7939 -0.0000
vn 0.6231 0.7821 -0.0000
vn -0.0000 0.7172 -0.6969
vn -0.0000 0.7210 -0.6929
vn -0.0000 0.7133 -0.7008
vn -0.6164 0.7875 -0.0000
vn -0.6163 0.7875 -0.0000
vn -0.6091 0.7931 -0.0000
vn -0.6237 0.7817 -0.0000
vn -0.0012 1.0000 0.0007
vn 0.0001 1.0000 0.0004
vn 0.0008 1.0000 -0.0000
vn -0.0010 1.0000 0.0006
vn 0.0010 1.0000 -0.0004
vn 0.0013 1.0000 -0.0004
vn -0.0001 1.0000 -0.0004
vn -0.0008 1.0000 -0.0000
vn -0.0000 0.5078 -0.8615
vn -0.0001 0.5945 -0.8041
vn -0.8157 0.5784 -0.0000
vn -0.7540 0.6569 -0.0000
vn -0.8158 0.5783 -0.0000
vn -0.0000 0.5106 0.8598
vn 0.0001 0.5106 0.8598
vn 0.0001 0.5953 0.8035
vn 0.8167 0.5771 -0.0000
vn 0.7545 0.6563 -0.0000
vn 0.0001 0.4038 -0.9148
vn -0.8766 0.4812 -0.0000
vn -0.0001 0.4093 0.9124
vn 0.8778 0.4790 -0.0000
vn -0.0562 0.9978 0.0347
vn 0.0856 0.9942 0.0652
vn 0.0855 0.9961 0.0208
vn -0.1179 0.9928 0.0231
vn 0.1180 0.9927 -0.0231
vn 0.0563 0.9978 -0.0347
vn -0.0856 0.9942 -0.0652
vn -0.0855 0.9961 -0.0208
vn 0.1131 0.9935 -0.0123
vn -0.0272 0.9990 -0.0348
vn -0.1131 0.9935 0.0123
vn 0.0272 0.9990 0.0349
vn -0.0000 0.7708 -0.6371
vn -0.0000 0.6546 -0.7560
vn -0.5504 0.8349 -0.0000
vn -0.6794 0.7338 -0.0000
vn -0.0000 0.7708 0.6370
vn -0.0000 0.6546 0.7560
vn 0.5504 0.8349 -0.0000
vn 0.6794 0.7338 -0.0000
vn -0.0000 0.2975 -0.9547
vn -0.0000 0.1345 -0.9909
vn -0.9309 0.3653 0.0001
vn -0.9860 0.1666 0.0018
vn -0.0000 0.2971 0.9548
vn -0.0000 0.1345 0.9909
vn 0.9309 0.3653 -0.0001
vn 0.9860 0.1666 -0.0017
vn -0.0004 -0.0793 -0.9968
vn -0.0000 -0.1563 -0.9877
vn -0.9953 -0.0969 0.0005
vn -0.9806 -0.1959 0.0004
vn 0.0004 -0.0794 0.9968
vn -0.0000 -0.1565 0.9877
vn 0.9953 -0.0967 -0.0005
vn 0.9807 -0.1955 -0.0004
vn -0.0000 -0.3108 -0.9505
vn -0.0000 -0.4020 -0.9156
vn -0.9256 -0.3785 -0.0000
vn -0.8761 -0.4822 -0.0000
vn -0.0000 -0.3109 0.9504
vn -0.0000 -0.4021 0.9156
vn 0.9256 -0.3784 -0.0000
vn 0.8760 -0.4823 -0.0000
vn 0.4783 -0.8358 -0.2695
vn -0.6383 -0.7532 -0.1590
vn -0.4778 -0.8361 0.2696
vn 0.6385 -0.7531 0.1590
vn 0.0436 -0.9986 -0.0300
vn -0.0981 -0.9950 -0.0201
vn -0.0437 -0.9986 0.0301
vn 0.0981 -0.9950 0.0201
vn 0.0037 -1.0000 -0.0035
vn -0.0056 -1.0000 -0.0011
vn -0.0042 -1.0000 0.0029
vn 0.0055 -1.0000 0.0012
vn -1.0000 0.0056 -0.0020
vn -0.2398 0.2754 -0.9309
vn -0.0276 -0.0021 -0.9996
vn -1.0000 -0.0000 -0.0004
vn -0.0014 0.0050 -1.0000
vn 0.9999 0.0107 -0.0000
vn 0.9999 0.0130 -0.0003
vn 1.0000 0.0001 -0.0000
vn 1.0000 -0.0000 -0.0001
vn 0.0662 0.3394 0.9383
vn 1.0000 -0.0023 0.0079
vn 0.0003 0.0041 1.0000
vn 0.0016 0.0001 1.0000
vn -0.0006 -0.0000 1.0000
vn -0.3129 0.0015 0.9498
vn -0.3125 -0.0000 0.9499
vn -0.8884 0.0054 0.4591
vn -0.9999 0.0106 0.0007
vn -1.0000 0.0001 0.0033
vn -0.8886 -0.0000 0.4587
vn -0.2613 0.0042 0.9652
vn -0.2644 0.0131 0.9643
vn -0.0048 0.0152 0.9999
vn -0.0049 0.0098 0.9999
vn 0.2643 0.0024 -0.9644
vn 0.2571 0.0105 -0.9663
vn 0.0044 0.0023 -1.0000
vn 0.0045 0.0032 -1.0000
vn -0.9171 0.0032 -0.3988
vn -0.9228 0.0128 -0.3850
vn -0.9997 0.0039 -0.0253
vn -1.0000 0.0048 -0.0014
vn 0.9173 0.0039 0.3981
vn 0.9229 0.0129 0.3849
vn 1.0000 0.0024 0.0074
vn 0.9999 0.0095 0.0076
vn 0.0395 0.9972 0.0629
vn 0.0370 0.9993 0.0007
vn -0.0647 0.9937 -0.0913
vn -0.0006 1.0000 -0.0000
vn -0.0006 0.9976 -0.0687
vn -0.0006 0.9991 0.0418
vn -0.0003 1.0000 -0.0001
vn -0.0643 0.9940 0.0884
vn 1.0000 0.0004 -0.0000
vn 0.9999 0.0116 -0.0002
vn 0.9990 0.0450 -0.0012
vn 0.9996 0.0195 -0.0192
vn 0.9888 0.1041 -0.1068
vn 1.0000 0.0004 -0.0001
vn -1.0000 0.0044 -0.0000
vn -0.9987 0.0351 -0.0379
vn -1.0000 0.0038 -0.0001
vn 0.0015 0.0135 -0.9999
vn 0.2921 0.0124 -0.9563
vn 0.0007 0.3940 -0.9191
vn 0.0025 0.9504 -0.3109
vn 0.4103 0.8865 -0.2140
vn 0.4109 0.9117 -0.0064
vn 0.0003 1.0000 -0.0069
vn 0.4395 0.8982 0.0061
vn 0.3059 0.9226 0.2352
vn 0.0022 0.9994 0.0345
vn 0.8692 0.4944 0.0079
vn 0.9367 0.0078 0.3501
vn 0.9994 0.0313 0.0121
vn 0.9999 0.0121 -0.0113
vn 0.9033 0.0087 -0.4288
vn 0.8715 0.4904 -0.0040
vn 0.2987 0.0089 0.9543
vn 0.0007 0.0068 1.0000
vn 0.9934 0.1150 -0.0018
vn 0.8673 0.0438 -0.4959
vn 0.7316 0.3425 -0.5894
vn 0.9346 0.3472 -0.0768
vn 0.8895 0.4040 -0.2132
vn 0.9934 0.1150 -0.0019
vn 0.0005 0.9499 -0.3127
vn 0.0071 1.0000 -0.0037
vn -0.2480 0.9688 0.0001
vn -0.0002 0.9362 0.3514
vn -0.0054 1.0000 0.0008
vn 0.0040 1.0000 -0.0045
vn 0.2493 0.9684 -0.0004
vn 0.0069 1.0000 -0.0000
vn -0.9201 0.3917 -0.0001
vn 0.9103 0.0057 -0.4138
vn 0.9999 0.0060 -0.0096
vn 0.0094 0.0103 0.9999
vn 0.0022 0.6390 -0.7692
vn 0.0853 0.6603 -0.7461
vn 0.0009 0.6193 -0.7852
vn -0.0350 0.6333 -0.7731
vn -0.1221 0.7316 -0.6708
vn -0.0065 0.6199 -0.7847
vn 0.9212 0.3891 0.0001
vn -0.0004 0.3469 0.9379
vn -0.0005 0.0152 0.9999
vn -0.7857 0.4197 0.4544
vn -0.9201 0.3918 0.0002
vn 0.2820 0.0059 0.9594
vn 0.0044 0.3231 0.9463
vn 0.0077 0.0049 1.0000
vn -0.9086 0.0116 0.4175
vn -0.9200 0.3919 0.0009
vn -1.0000 0.0034 0.0089
vn -0.8878 0.4600 0.0145
vn -0.8148 0.4753 0.3319
vn -0.9158 0.0130 0.4014
vn -0.9998 0.0167 0.0081
vn 0.9121 0.0065 -0.4099
vn 0.9125 0.4091 -0.0028
vn 1.0000 0.0044 -0.0032
vn -0.2096 0.4256 0.8803
vn 0.0044 0.3231 -0.9464
vn -0.9199 0.3922 -0.0017
vn 0.8976 0.4408 0.0059
vn 0.0644 0.4077 0.9109
vn 0.2266 0.4292 0.8744
vn 0.2696 0.0068 0.9629
vn 0.0309 0.0067 0.9995
vn 0.8178 0.4729 0.3281
vn 0.9279 0.3728 0.0019
vn 0.9273 0.3742 -0.0046
vn 0.8176 0.4734 -0.3278
vn 0.9175 0.0064 -0.3977
vn 1.0000 0.0087 -0.0031
vn 0.2217 0.4287 -0.8758
vn 0.0044 0.3692 -0.9294
vn -0.0083 0.4050 -0.9143
vn -0.2267 0.4289 -0.8744
vn -0.2624 0.0076 -0.9649
vn -0.0046 0.0100 -0.9999
vn -0.8180 0.4725 -0.3281
vn -0.9157 0.4018 -0.0046
vn -0.0000 1.0000 0.0071
vn 0.0013 1.0000 0.0096
vn -0.0064 1.0000 -0.0010
vn -0.0031 0.9222 -0.3866
vn -0.2510 0.9680 -0.0001
vn 0.0068 1.0000 -0.0000
vn 0.2530 0.9675 0.0006
vn 0.0064 1.0000 -0.0015
vn -0.0000 1.0000 -0.0077
vn 0.0015 0.9499 -0.3125
vn 0.0046 1.0000 0.0051
vn 0.0007 0.9205 0.3908
vn 0.2484 0.9687 0.0003
vn -0.0043 1.0000 -0.0000
vn -0.2522 0.9677 -0.0007
vn -0.0063 1.0000 0.0016
vn 0.0012 0.9504 0.3111
vn -0.2531 0.9674 -0.0002
vn -0.0016 0.9288 -0.3706
vn 0.0431 0.9991 -0.0001
vn 0.0006 1.0000 -0.0000
vn 0.2494 0.9684 -0.0001
vn 0.0793 0.9917 -0.1011
vn 0.2058 0.9435 -0.2597
vn 0.0016 0.9392 -0.3435
vn -0.0000 1.0000 -0.0002
vn 0.2465 0.9691 -0.0020
vn -0.0008 0.9425 0.3343
vn -0.2530 0.9675 0.0005
vn 0.0056 0.7436 -0.6686
vn 0.2141 0.8582 -0.4665
vn 0.0023 0.8754 -0.4833
vn 0.4081 0.9129 -0.0009
vn 0.0027 1.0000 -0.0007
vn 0.0028 0.9776 -0.2105
vn 0.8623 0.4959 -0.1027
vn 0.9152 0.4029 -0.0002
vn 0.9153 0.3690 -0.1612
vn -0.9188 0.3947 -0.0002
vn -0.9141 0.3890 -0.1142
vn -1.0000 0.0025 -0.0000
vn -0.8967 0.4000 -0.1895
vn -0.9997 0.0197 -0.0164
vn -0.9266 0.3659 -0.0867
vn -0.8661 0.4999 -0.0006
vn -0.8753 0.4306 -0.2201
vn 0.8382 0.4200 -0.3480
vn 0.9253 0.2407 -0.2930
vn 0.9229 0.2481 -0.2944
vn -0.9025 0.3393 -0.2654
vn 1.0000 0.0080 0.0009
vn 1.0000 0.0032 -0.0002
vn -0.2678 0.0026 -0.9635
vn -0.0049 0.0025 -1.0000
vn 0.0009 0.3794 0.9252
vn 0.0525 0.9467 -0.3179
vn 0.0035 1.0000 -0.0040
vn 0.0002 0.0017 -1.0000
vn -0.0006 -0.0013 -1.0000
vn 0.8646 0.0155 -0.5023
vn 0.9998 0.0222 -0.0018
vn 0.8645 0.0155 -0.5023
vn 0.0001 1.0000 -0.0046
vn 0.0002 0.0014 -1.0000
vn 0.0014 0.0672 -0.9977
vn -1.0000 -0.0054 -0.0001
vn -1.0000 0.0023 -0.0002
vn -1.0000 0.0090 -0.0000
vn 1.0000 -0.0016 0.0003
vn 0.0003 0.3767 -0.9263
vn 0.0052 0.0198 -0.9998
vn -0.0003 1.0000 0.0039
vn 0.1974 0.9719 0.1281
vn 0.0045 1.0000 0.0081
vn -0.0044 1.0000 -0.0001
vn -0.2521 0.9677 -0.0015
vn -0.0070 1.0000 -0.0029
vn -0.0001 0.7922 -0.6103
vn -0.0005 0.8776 -0.4795
vn 0.0001 0.9162 -0.4007
vn -0.0021 0.9122 -0.4098
vn -0.0038 0.9785 -0.2062
vn 0.0028 1.0000 -0.0004
vn 0.9999 0.0074 0.0103
vn -0.0000 0.9850 -0.1726
vn -0.0002 0.9678 -0.2519
vn -0.0083 1.0000 -0.0011
vn -0.0027 0.7880 -0.6157
vn -1.0000 0.0045 -0.0000
vn -1.0000 0.0086 -0.0001
vn -0.9998 -0.0178 -0.0001
vn -1.0000 -0.0093 0.0001
vn -0.9998 0.0181 0.0002
vn -0.9995 0.0323 -0.0000
vn 0.0002 0.3343 -0.9425
vn 0.9135 0.4068 -0.0002
vn -1.0000 -0.0066 -0.0000
vn -1.0000 0.0028 -0.0000
vn -0.0425 -0.9991 -0.0000
vn -0.0484 -0.9988 -0.0000
vn -0.0363 -0.9993 -0.0000
vn -0.0326 0.0013 -0.9995
vn -0.0347 0.0020 -0.9994
vn -0.0327 0.0013 -0.9995
vn -0.0308 0.0007 -0.9995
vn -0.0421 0.9991 -0.0000
vn -0.0364 0.9993 -0.0000
vn -0.0476 0.9989 -0.0000
vn -0.0184 0.0012 0.9998
vn -0.0210 0.0004 0.9998
vn -0.0186 0.0011 0.9998
vn -0.0162 0.0019 0.9999
vn -0.8950 -0.4461 0.0001
vn -0.8982 0.4395 -0.0000
vn -0.8916 -0.4528 -0.0001
vn -0.8892 0.4575 -0.0001
vn -0.7622 0.0042 0.6474
vn -0.8282 0.0008 0.5605
vn -0.8260 0.0009 0.5637
vn -0.7613 0.0042 0.6484
vn -0.8291 0.0013 0.5591
vn -0.8486 -0.0000 0.5291
vn 0.9632 0.0092 0.2685
vn 0.0294 0.9746 -0.2219
vn -0.0158 0.9753 -0.2203
vn 0.0472 0.9988 -0.0105
vn -0.0281 0.9996 -0.0036
vn -0.8938 0.4478 -0.0252
vn -0.8329 0.3738 -0.4080
vn -0.8428 0.0526 -0.5357
vn -0.9236 0.3832 -0.0084
vn 0.9993 0.0322 -0.0167
vn 0.8425 0.0543 -0.5359
vn 0.8429 0.0020 -0.5381
vn 0.9998 0.0017 -0.0179
vn 0.9961 0.0865 -0.0185
vn -0.9995 -0.0023 0.0321
vn -0.9972 -0.0740 0.0087
vn -0.8569 -0.0127 0.5154
vn -0.0280 -0.0057 -0.9996
vn -0.0477 -0.0003 -0.9989
vn 0.0277 0.0003 -0.9996
vn 0.0312 0.0076 -0.9995
vn -0.0362 -0.0181 -0.9992
vn 0.0213 0.0102 -0.9997
vn -0.0845 0.0570 -0.9948
vn -0.0101 0.0038 -0.9999
vn 0.9865 0.1588 0.0394
vn 0.9962 0.0866 0.0093
vn 0.8606 0.0555 0.5062
vn 0.8441 0.1379 0.5181
vn 0.8268 0.2502 0.5039
vn 0.9658 0.2591 0.0093
vn 0.9348 0.3535 0.0336
vn 0.7830 0.3724 0.4982
vn 0.9046 0.4261 0.0094
vn 0.8577 0.5131 0.0338
vn 0.6410 0.5516 0.5337
vn 0.7280 0.6854 0.0145
vn -0.0302 -0.0062 0.9995
vn 0.0337 0.0082 0.9994
vn 0.0299 0.0003 0.9996
vn -0.0515 -0.0003 0.9987
vn 0.0209 0.0101 0.9997
vn -0.0389 -0.0194 0.9991
vn -0.0458 -0.0139 0.9989
vn -0.0588 0.0350 0.9977
vn -0.9872 -0.1583 -0.0202
vn -0.9971 -0.0741 -0.0173
vn -0.8391 -0.0086 -0.5439
vn -0.8303 -0.1215 -0.5440
vn -0.8111 -0.2273 -0.5389
vn -0.9625 -0.2708 -0.0178
vn -0.9183 -0.3955 -0.0178
vn -0.7802 -0.3367 -0.5272
vn -0.7490 -0.4350 -0.4998
vn -0.8703 -0.4922 -0.0153
vn -0.8399 -0.5425 -0.0139
vn -0.7553 -0.4705 -0.4563
vn -0.8516 -0.5240 -0.0114
vn 0.0290 -0.0002 -0.9996
vn -0.0163 0.0007 -0.9999
vn 0.0327 0.0250 -0.9992
vn -0.0645 0.0536 -0.9965
vn 0.0353 0.0271 0.9990
vn -0.0696 0.0579 0.9959
vn -0.0176 0.0007 0.9998
vn 0.0313 -0.0002 0.9995
vn 0.8455 -0.0019 -0.5339
vn 0.8800 0.0160 -0.4747
vn 0.9998 0.0001 -0.0183
vn 0.9981 0.0619 -0.0071
vn -0.9994 0.0040 -0.0344
vn 0.0156 0.9999 0.0067
vn -0.0284 0.9996 0.0070
vn -0.0158 0.9787 0.2045
vn 0.0296 0.9781 0.2059
vn 1.0000 0.0017 0.0090
vn 0.9989 0.0339 0.0324
vn -0.9626 -0.2708 0.0090
vn -0.9869 -0.1567 0.0390
vn -0.8704 -0.4922 0.0078
vn -0.9179 -0.3953 0.0343
vn -0.8382 -0.5453 0.0071
vn -0.8398 -0.5423 0.0270
vn -0.9999 -0.0050 -0.0110
vn -0.9974 -0.0001 -0.0717
vn -0.8601 0.0405 0.5086
vn -0.1705 0.9524 -0.2525
vn -0.1558 0.9878 -0.0061
vn 0.1710 0.0004 -0.9853
vn 0.1707 0.0140 -0.9852
vn 0.1838 0.0151 0.9828
vn 0.1837 0.0006 0.9830
vn -0.1548 -0.0490 -0.9867
vn -0.1655 -0.0242 -0.9859
vn -0.1692 -0.0031 -0.9856
vn 0.1670 0.0272 -0.9856
vn 0.1563 0.0507 -0.9864
vn -0.1708 -0.1003 -0.9802
vn -0.1681 -0.0723 -0.9831
vn 0.1529 0.0671 -0.9860
vn -0.1464 -0.0459 -0.9882
vn -0.2052 -0.1132 -0.9721
vn 0.1035 0.1182 -0.9876
vn -0.0182 0.1017 -0.9946
vn 0.1683 0.0546 0.9842
vn 0.1800 0.0293 0.9832
vn -0.1823 -0.0033 0.9832
vn -0.1783 -0.0260 0.9836
vn -0.1669 -0.0528 0.9846
vn 0.1648 0.0723 0.9837
vn -0.1812 -0.0779 0.9804
vn -0.1841 -0.1079 0.9770
vn 0.0089 0.0764 0.9970
vn 0.1172 0.1204 0.9858
vn -0.2141 -0.1209 0.9693
vn 0.2229 0.0300 -0.9744
vn 0.1740 -0.0009 -0.9847
vn -0.1734 0.0074 -0.9848
vn -0.2211 0.1207 -0.9677
vn -0.2375 0.1298 0.9627
vn -0.1868 0.0079 0.9824
vn 0.1876 -0.0010 0.9822
vn 0.2397 0.0325 0.9703
vn 0.1874 0.9505 0.2478
vn 0.1664 0.9860 0.0033
vn -0.1557 0.9878 0.0031
vn -0.2802 0.9599 -0.0020
vn -0.1625 0.9867 -0.0092
vn -0.1625 0.9867 0.0047
vn -0.2796 0.9601 0.0029
vn -0.2086 0.9780 0.0007
vn -0.8439 -0.5366 0.0007
vn -0.9235 -0.3835 0.0025
vn -0.9284 -0.3715 -0.0017
vn -0.9283 -0.3718 0.0032
vn -0.9283 -0.3719 -0.0062
vn -0.3053 0.9284 0.2120
vn -0.4771 0.8699 0.1247
vn -0.3446 0.9381 0.0362
vn -0.4794 0.8699 0.1156
vn -0.6069 0.7845 0.1276
vn -0.5229 0.7003 0.4859
vn -0.6568 0.5960 0.4619
vn -0.7401 0.6616 0.1210
vn -0.7370 0.6589 0.1502
vn -0.6102 0.7789 0.1446
vn -0.8517 0.5138 0.1033
vn -0.7747 0.4710 0.4218
vn -0.9356 0.3378 0.1021
vn -0.9322 0.3181 0.1726
vn -0.8486 0.5052 0.1570
vn -0.9336 -0.2498 0.2570
vn -0.9888 -0.1105 0.1005
vn -0.9755 0.0943 0.1989
vn -0.9809 -0.1070 0.1624
vn -0.9800 0.1094 0.1661
vn -0.9496 -0.3124 0.0264
vn 0.9938 0.1112 0.0004
vn 0.7113 -0.0794 0.6984
vn 0.9938 -0.1110 0.0003
vn 0.9461 -0.3240 0.0006
vn 0.8591 0.5118 0.0004
vn 0.6831 0.2337 0.6919
vn 0.9461 0.3238 0.0003
vn 0.4719 0.8817 0.0004
vn 0.3661 0.6485 0.6674
vn 0.4956 0.8685 0.0002
vn 0.5869 0.8096 0.0004
vn -0.2936 0.8033 0.5183
vn -0.9342 -0.3180 0.1620
vn -0.4957 -0.8685 0.0007
vn -0.4720 -0.8816 0.0002
vn -0.3613 -0.6854 0.6322
vn 0.5345 -0.3182 0.7830
vn 0.6028 -0.3588 0.7127
vn 0.6143 -0.2081 0.7611
vn 0.3340 -0.1114 0.9360
vn 0.4680 -0.4186 0.7783
vn 0.5034 -0.4501 0.7376
vn 0.5748 -0.0642 0.8157
vn 0.6386 0.0714 0.7662
vn 0.5892 0.0659 0.8053
vn 0.5794 0.1982 0.7906
vn 0.5698 0.3356 0.7501
vn 0.4036 0.2415 0.8825
vn 0.4699 0.4439 0.7630
vn 0.5253 0.4937 0.6931
vn 0.4043 0.5646 0.7195
vn 0.3717 0.5166 0.7714
vn 0.2489 0.4309 0.8674
vn 0.2947 0.5566 0.7768
vn 0.1562 0.6748 0.7213
vn 0.1709 0.7438 0.6462
vn 0.0487 0.7267 0.6852
vn 0.0380 0.5466 0.8365
vn 0.2450 0.5990 0.7624
vn 0.2691 0.6601 0.7013
vn -0.0481 0.6909 0.7213
vn -0.0523 0.7627 0.6447
vn -0.1513 0.7089 0.6889
vn -0.1396 0.6652 0.7335
vn -0.2261 0.6191 0.7520
vn -0.3366 0.6194 0.7093
vn -0.1917 0.3541 0.9154
vn -0.4032 0.5146 0.7567
vn -0.4476 0.5712 0.6880
vn -0.5024 0.4492 0.7388
vn -0.4684 0.4188 0.7780
vn -0.5109 0.3041 0.8041
vn -0.5987 0.3564 0.7173
vn -0.6118 0.2093 0.7628
vn -0.4115 0.1461 0.8996
vn -0.5848 0.0653 0.8085
vn -0.6743 0.0753 0.7346
vn -0.6358 -0.0711 0.7686
vn -0.4590 -0.0496 0.8870
vn -0.5712 -0.1954 0.7972
vn -0.6473 -0.2219 0.7292
vn -0.5787 -0.3241 0.7484
vn -0.4625 -0.2976 0.8352
vn -0.5044 -0.4771 0.7196
vn -0.3982 -0.5747 0.7149
vn -0.3308 -0.4489 0.8301
vn -0.4597 -0.4391 0.7719
vn -0.3338 -0.5741 0.7477
vn -0.3514 -0.6248 0.6972
vn -0.2581 -0.4884 0.8336
vn -0.1557 -0.6716 0.7244
vn -0.1700 -0.7404 0.6503
vn -0.0497 -0.7260 0.6859
vn -0.0280 -0.4457 0.8947
vn -0.2463 -0.6018 0.7597
vn -0.2698 -0.6599 0.7012
vn 0.0456 -0.6647 0.7457
vn 0.0523 -0.7626 0.6447
vn 0.1486 -0.7084 0.6900
vn 0.1396 -0.6650 0.7337
vn 0.2334 -0.6390 0.7330
vn 0.2585 -0.7078 0.6575
vn 0.3389 -0.6179 0.7095
vn 0.1952 -0.3512 0.9157
vn 0.3862 -0.4932 0.7795
vn 0.4501 -0.5747 0.6834
vn -0.3948 -0.9188 0.0005
vn -0.0006 -0.0017 1.0000
vn -0.0018 0.0017 1.0000
vn -0.0063 -0.0087 0.9999
vn 0.3384 0.6444 0.6857
vn 0.0062 0.0006 1.0000
vn 0.0077 -0.0065 0.9999
vn 0.0017 0.0037 1.0000
vn -0.0091 0.0404 0.9991
vn -0.0166 -0.0055 0.9998
vn 0.0026 0.0038 1.0000
vn 0.0080 -0.0319 0.9995
vn -0.0461 0.0095 0.9989
vn -0.3165 0.9486 -0.0002
vn -0.4809 0.8768 -0.0003
vn -0.3391 0.9238 -0.1777
vn -0.6166 0.7873 -0.0011
vn -0.7455 0.6665 -0.0002
vn -0.7197 0.6426 -0.2628
vn -0.5842 0.7621 -0.2791
vn -0.8592 0.5116 -0.0009
vn -0.9462 0.3237 -0.0003
vn -0.9259 0.3174 -0.2048
vn -0.8313 0.5031 -0.2363
vn -0.9938 0.1109 -0.0007
vn -0.9938 -0.1111 -0.0002
vn -0.9652 -0.2299 -0.1245
vn -0.9767 0.1276 -0.1724
vn -0.9321 -0.3622 -0.0001
vn -0.6166 0.2431 0.7488
vn -0.7661 -0.4786 0.4291
vn -0.4705 0.1393 -0.8713
vn -0.6297 -0.0161 -0.7767
vn -0.6159 -0.0561 -0.7858
vn -0.3362 0.3200 -0.8858
vn -0.4422 0.2158 -0.8706
vn -0.1548 0.4056 -0.9009
vn -0.1901 0.3008 -0.9345
vn 0.5217 0.8529 -0.0187
vn 0.6222 0.5434 -0.5635
vn -0.1934 0.1842 0.9637
vn -0.0891 0.1752 0.9805
vn -0.1082 0.3604 0.9265
vn -0.2371 0.1209 0.9639
vn 0.7246 -0.6892 0.0008
vn 0.8419 -0.5397 0.0003
vn 0.7291 0.6844 0.0005
vn 0.3736 0.9276 0.0005
vn 0.2233 0.9747 0.0003
vn 0.0913 0.9958 0.0007
vn -0.0684 0.9977 0.0001
vn -0.7292 -0.6844 0.0005
vn -0.5870 -0.8096 0.0002
vn -0.2497 -0.9683 0.0002
vn -0.0683 -0.9977 0.0006
vn 0.0911 -0.9958 0.0003
vn 0.2285 -0.9735 0.0006
vn 0.3430 -0.9394 0.0005
vn 0.4809 -0.8768 0.0005
vn 0.6165 -0.7873 0.0006
vn -0.9140 0.4054 0.0145
vn -0.9251 0.3794 0.0160
vn -0.8432 0.3783 0.3819
vn 0.9995 0.0001 0.0312
vn 0.9979 0.0625 0.0141
vn 0.8946 0.0163 0.4465
vn 0.8635 -0.0018 0.5044
vn -0.9989 0.0023 0.0474
vn -0.9998 -0.0156 -0.0152
vn -1.0000 -0.0005 -0.0026
vn -0.9954 -0.0001 -0.0954
vn -0.9999 0.0158 -0.0000
vn 0.9867 0.1612 -0.0204
vn 0.9657 0.2590 -0.0185
vn 0.9354 0.3533 -0.0174
vn 0.9045 0.4260 -0.0184
vn 0.8594 0.5109 -0.0174
vn -1.0000 -0.0009 0.0033
vn -0.9998 -0.0155 0.0151
vn -0.9956 -0.0001 0.0942
vn 0.1664 0.9860 -0.0065
vn -0.0208 0.4475 -0.8940
vn 0.0398 0.4366 -0.8988
vn 0.0424 0.4647 0.8845
vn -0.0224 0.4749 0.8797
vn 0.7187 0.5774 -0.3875
vn 0.8352 0.5498 -0.0110
vn -0.6807 0.7325 0.0045
vn -0.6806 0.7326 -0.0089
vn 0.8353 0.5498 0.0056
vn 0.2184 0.5083 -0.8330
vn -0.2104 0.5719 -0.7929
vn -0.2207 0.5982 0.7704
vn 0.2309 0.5351 0.8126
vn -0.6008 0.7360 0.3119
vn 0.7659 -0.6429 -0.0007
vn 0.8759 -0.4825 -0.0003
vn 0.4581 0.8889 -0.0005
vn 0.3736 0.9276 -0.0010
vn 0.2233 0.9747 -0.0002
vn 0.0453 0.9990 -0.0005
vn -0.2041 0.9789 -0.0005
vn -0.8747 -0.4846 -0.0008
vn -0.7292 -0.6843 -0.0003
vn -0.5869 -0.8097 -0.0010
vn -0.4581 -0.8889 -0.0007
vn -0.3507 -0.9365 -0.0007
vn 0.1823 -0.9832 -0.0006
vn 0.3431 -0.9393 -0.0003
vn 0.4809 -0.8768 -0.0010
vn 0.6166 -0.7872 -0.0002
vn 0.4956 0.8685 -0.0001
vn -0.4958 -0.8684 -0.0002
vn -0.9998 0.0148 -0.0146
vn -0.7044 0.6570 -0.2686
vn -1.0000 0.0037 0.0017
vn -0.8243 0.5661 -0.0000
vn -1.0000 0.0001 -0.0001
vn -0.9998 0.0178 0.0037
vn 0.8611 0.0020 0.5084
vn -0.9963 -0.0858 -0.0000
vn -0.9999 -0.0127 -0.0052
vn -0.9979 0.0466 0.0458
vn -0.7081 0.2761 0.6499
vn -1.0000 0.0029 0.0087
vn -1.0000 0.0012 -0.0047
vn -0.7064 -0.6562 0.2652
vn -0.9999 -0.0127 0.0052
vn -0.7045 0.6570 0.2685
vn -0.5761 0.8174 -0.0000
vn -0.4993 0.8034 0.3244
vn -0.5891 0.5769 0.5658
vn -0.5888 0.5771 -0.5660
vn -0.4994 0.8034 -0.3244
vn -0.7081 0.2761 -0.6499
vn -0.5940 -0.0001 -0.8044
vn -0.5040 0.3377 -0.7949
vn -0.7082 -0.2763 -0.6497
vn -0.5896 -0.5766 -0.5655
vn -0.5041 -0.3378 -0.7949
vn -0.7064 -0.6563 -0.2652
vn -0.5872 -0.8094 -0.0000
vn -0.4993 -0.8034 -0.3244
vn -0.5898 -0.5766 0.5655
vn -0.4993 -0.8034 0.3244
vn -0.7082 -0.2763 0.6497
vn -0.5939 -0.0001 0.8045
vn -0.5041 -0.3378 0.7949
vn -0.5041 0.3377 0.7949
vn -0.0298 0.9996 -0.0000
vn -0.0092 0.9272 0.3744
vn -0.0302 0.7136 0.6999
vn -0.0299 0.7135 -0.7000
vn -0.0093 0.9272 -0.3744
vn -0.0302 -0.0000 -0.9995
vn -0.0096 0.3911 -0.9203
vn -0.0300 -0.7136 -0.6999
vn -0.0096 -0.3910 -0.9203
vn -0.0297 -0.9996 -0.0000
vn -0.0092 -0.9272 -0.3744
vn -0.0302 -0.7136 0.6999
vn -0.0093 -0.9272 0.3744
vn -0.0303 -0.0000 0.9995
vn -0.0093 -0.3911 0.9203
vn -0.0094 0.3911 0.9203
vn -0.0164 0.9999 -0.0000
vn -0.0164 0.9271 0.3744
vn -0.0167 0.7138 0.7002
vn -0.0166 0.7138 -0.7002
vn -0.0165 0.9271 -0.3743
vn -0.0166 -0.0000 -0.9999
vn -0.0168 0.3911 -0.9202
vn -0.0166 -0.7138 -0.7002
vn -0.0167 -0.3911 -0.9202
vn -0.0163 -0.9999 -0.0000
vn -0.0164 -0.9271 -0.3744
vn -0.0165 -0.7138 0.7002
vn -0.0164 -0.9271 0.3744
vn -0.0167 -0.0000 0.9999
vn -0.0166 -0.3911 0.9202
vn -0.0167 0.3911 0.9202
vn -0.5263 0.7887 0.3177
vn -0.5411 0.6016 0.5876
vn -0.5372 0.8434 -0.0000
vn -0.3855 -0.8556 -0.3456
vn -0.3904 -0.9206 -0.0000
vn -0.0171 -0.9999 -0.0000
vn -0.0168 -0.9269 -0.3750
vn -0.0173 -0.7136 -0.7003
vn -0.3938 -0.6563 -0.6435
vn -0.5265 0.7886 -0.3176
vn -0.5411 0.6016 -0.5876
vn -0.3857 -0.8555 0.3455
vn -0.3943 -0.6561 0.6434
vn -0.0174 -0.7137 0.7003
vn -0.0169 -0.9269 0.3750
vn -0.5316 0.3319 -0.7792
vn -0.5454 -0.0001 -0.8382
vn -0.3903 -0.3611 0.8469
vn -0.3987 -0.0000 0.9171
vn -0.0317 0.0004 0.9995
vn -0.0121 -0.3335 0.9427
vn -0.5317 -0.3320 -0.7792
vn -0.5411 -0.6017 -0.5875
vn -0.3899 0.3611 0.8471
vn -0.3947 0.6560 0.6433
vn -0.0223 0.7569 0.6532
vn -0.0101 0.3907 0.9205
vn -0.5262 -0.7888 -0.3176
vn -0.5367 -0.8438 -0.0000
vn -0.3867 0.8546 0.3464
vn -0.3919 0.9200 -0.0000
vn -0.0308 0.9995 -0.0000
vn -0.0121 0.9482 0.3173
vn -0.5261 -0.7888 0.3177
vn -0.5409 -0.6018 0.5876
vn -0.3865 0.8547 -0.3465
vn -0.3942 0.6562 -0.6434
vn -0.0223 0.7568 -0.6532
vn -0.0119 0.9483 -0.3173
vn -0.5308 -0.3321 0.7797
vn -0.5450 -0.0000 0.8384
vn -0.3899 0.3611 -0.8471
vn -0.3990 -0.0000 -0.9170
vn -0.0317 0.0004 -0.9995
vn -0.0101 0.3907 -0.9205
vn -0.5309 0.3321 0.7796
vn -0.3904 -0.3611 -0.8469
vn -0.0122 -0.3335 -0.9427
vn -0.0231 0.0008 0.9997
vn -0.0228 0.9997 -0.0000
vn -0.0165 0.9023 0.4309
vn -0.0165 0.9023 -0.4309
vn -0.0231 0.0008 -0.9997
vn -0.0129 -0.9272 -0.3745
vn -0.0407 -0.9992 -0.0000
vn -0.0412 -0.7137 -0.6993
vn -0.0129 -0.9272 0.3744
vn -0.0411 -0.7132 0.6998
vn -0.0167 -0.4477 0.8940
vn -0.0291 0.6673 0.7443
vn -0.0232 0.3914 0.9199
vn -0.0291 0.6672 -0.7443
vn -0.0233 0.3914 -0.9199
vn -0.0166 -0.4477 -0.8940
vn -0.3051 -0.8830 -0.3567
vn -0.3149 -0.6785 -0.6637
vn -0.3118 -0.9502 -0.0000
vn -0.8805 -0.4395 -0.1775
vn -0.8803 -0.4744 -0.0000
vn -0.9722 -0.2339 0.0041
vn -0.9710 -0.2217 -0.0895
vn -0.9779 -0.1510 -0.1445
vn -0.8824 -0.3356 -0.3297
vn -0.3050 -0.8830 0.3567
vn -0.3149 -0.6785 0.6637
vn -0.8805 -0.4394 0.1776
vn -0.8824 -0.3357 0.3297
vn -0.9731 -0.1615 0.1644
vn -0.9710 -0.2217 0.0895
vn -0.3087 -0.3702 0.8762
vn -0.3162 -0.0000 0.9487
vn -0.8832 -0.1833 0.4317
vn -0.8846 -0.0001 0.4663
vn -0.9795 0.0066 0.2011
vn -0.9718 -0.0922 0.2170
vn -0.3104 0.3699 0.8757
vn -0.3150 0.6785 0.6637
vn -0.8833 0.1832 0.4316
vn -0.8825 0.3355 0.3296
vn -0.9378 0.2476 0.2431
vn -0.9760 0.0851 0.2005
vn -0.3045 0.8839 0.3550
vn -0.3101 0.9507 -0.0000
vn -0.8806 0.4393 0.1775
vn -0.8805 0.4740 -0.0000
vn -0.9787 0.2052 0.0064
vn -0.9752 0.2051 0.0829
vn -0.3045 0.8839 -0.3550
vn -0.3149 0.6785 -0.6637
vn -0.8806 0.4392 -0.1777
vn -0.8826 0.3354 -0.3295
vn -0.9726 0.1687 -0.1599
vn -0.9710 0.2216 -0.0896
vn -0.3103 0.3700 -0.8757
vn -0.3161 -0.0000 -0.9487
vn -0.8832 0.1831 -0.4318
vn -0.8846 -0.0001 -0.4663
vn -0.9785 0.0027 -0.2061
vn -0.9718 0.0921 -0.2170
vn -0.3085 -0.3703 -0.8762
vn -0.8832 -0.1832 -0.4318
vn -0.9643 -0.1036 -0.2437
vn -0.9993 -0.0358 -0.0123
vn -0.9998 -0.0163 0.0087
vn -1.0000 -0.0028 -0.0067
vn -0.9999 -0.0028 0.0117
vn -0.9999 0.0098 0.0098
vn -0.9999 0.0163 -0.0037
vn -0.9993 0.0164 -0.0334
vn -0.8286 -0.2322 0.5093
vn -0.8486 -0.1242 0.5143
vn -0.7630 -0.4431 0.4707
vn -0.7963 -0.3436 0.4978
vn -0.1727 0.9571 0.2328
vn 0.7257 0.5864 0.3598
vn 0.8095 0.2450 -0.5335
vn 0.8256 0.1347 -0.5479
vn 0.7672 0.3648 -0.5277
vn 0.1848 0.9454 -0.2686
vn -0.5968 0.7283 -0.3367
vn 0.0472 0.9988 0.0105
vn -0.0158 0.9753 0.2202
vn 0.0295 0.9746 0.2218
vn -0.0282 0.9996 0.0036
vn -0.8938 0.4478 0.0252
vn -0.9237 0.3831 0.0083
vn -0.8428 0.0526 0.5356
vn -0.8330 0.3738 0.4079
vn 0.9993 0.0322 0.0167
vn 0.9998 0.0017 0.0178
vn 0.8430 0.0020 0.5380
vn 0.8426 0.0543 0.5357
vn 0.9961 0.0865 0.0183
vn -0.8568 -0.0127 -0.5155
vn -0.9972 -0.0740 -0.0087
vn -0.9995 -0.0023 -0.0320
vn -0.0280 -0.0057 0.9996
vn 0.0312 0.0076 0.9995
vn 0.0277 0.0003 0.9996
vn -0.0477 -0.0003 0.9989
vn 0.0213 0.0102 0.9997
vn -0.0362 -0.0181 0.9992
vn -0.0102 0.0038 0.9999
vn -0.0845 0.0571 0.9948
vn 0.9865 0.1588 -0.0394
vn 0.8441 0.1379 -0.5182
vn 0.8606 0.0555 -0.5062
vn 0.9962 0.0866 -0.0093
vn 0.9658 0.2591 -0.0093
vn 0.8267 0.2501 -0.5040
vn 0.9348 0.3535 -0.0336
vn 0.9046 0.4261 -0.0094
vn 0.7830 0.3723 -0.4983
vn 0.8577 0.5131 -0.0338
vn 0.7280 0.6854 -0.0145
vn 0.6409 0.5517 -0.5338
vn -0.0303 -0.0062 -0.9995
vn -0.0515 -0.0003 -0.9987
vn 0.0300 0.0003 -0.9996
vn 0.0337 0.0082 -0.9994
vn -0.0390 -0.0194 -0.9991
vn 0.0209 0.0101 -0.9997
vn -0.0589 0.0351 -0.9976
vn -0.0459 -0.0139 -0.9988
vn -0.9872 -0.1583 0.0202
vn -0.8303 -0.1215 0.5440
vn -0.8391 -0.0086 0.5439
vn -0.9971 -0.0741 0.0173
vn -0.9625 -0.2708 0.0179
vn -0.8112 -0.2273 0.5389
vn -0.9183 -0.3955 0.0178
vn -0.7802 -0.3367 0.5272
vn -0.8703 -0.4922 0.0154
vn -0.7491 -0.4351 0.4996
vn -0.8400 -0.5425 0.0139
vn -0.8516 -0.5240 0.0114
vn -0.7553 -0.4705 0.4562
vn 0.0335 0.0142 0.9993
vn -0.0617 0.0718 0.9955
vn -0.0163 0.0007 0.9999
vn 0.0290 -0.0002 0.9996
vn -0.0361 0.0420 -0.9985
vn 0.0684 0.0290 -0.9972
vn 0.0293 -0.0002 -0.9996
vn 0.9998 0.0001 0.0183
vn 0.8800 0.0159 0.4747
vn 0.8456 -0.0019 0.5338
vn 0.9981 0.0619 0.0072
vn -0.9994 0.0040 0.0344
vn -0.0158 0.9787 -0.2045
vn -0.0285 0.9996 -0.0070
vn 0.0157 0.9999 -0.0068
vn 0.0296 0.9781 -0.2060
vn 0.9989 0.0339 -0.0323
vn 1.0000 0.0017 -0.0091
vn -0.9869 -0.1567 -0.0390
vn -0.9626 -0.2708 -0.0090
vn -0.9179 -0.3953 -0.0343
vn -0.8704 -0.4923 -0.0078
vn -0.8398 -0.5423 -0.0270
vn -0.8382 -0.5454 -0.0071
vn -0.9974 -0.0001 0.0716
vn -0.9999 -0.0050 0.0110
vn -0.8600 0.0405 -0.5087
vn -0.1558 0.9878 0.0061
vn -0.1706 0.9524 0.2525
vn 0.1705 0.0140 0.9853
vn 0.1704 0.0005 0.9854
vn 0.1837 0.0006 -0.9830
vn 0.1838 0.0151 -0.9828
vn -0.1692 -0.0031 0.9856
vn -0.1654 -0.0242 0.9859
vn -0.1546 -0.0490 0.9868
vn 0.1562 0.0506 0.9864
vn 0.1670 0.0272 0.9856
vn -0.1681 -0.0723 0.9831
vn -0.1708 -0.1002 0.9802
vn 0.1529 0.0671 0.9860
vn -0.1465 -0.0460 0.9881
vn -0.2051 -0.1132 0.9722
vn -0.0183 0.1016 0.9947
vn 0.1035 0.1183 0.9876
vn 0.1803 0.0294 -0.9832
vn 0.1686 0.0546 -0.9842
vn -0.1668 -0.0529 -0.9846
vn -0.1785 -0.0261 -0.9836
vn -0.1824 -0.0033 -0.9832
vn 0.1650 0.0723 -0.9836
vn -0.1837 -0.1082 -0.9770
vn -0.1813 -0.0779 -0.9803
vn 0.0088 0.0765 -0.9970
vn 0.1173 0.1205 -0.9858
vn -0.2145 -0.1209 -0.9692
vn 0.1740 -0.0009 0.9847
vn 0.2228 0.0300 0.9744
vn -0.2211 0.1208 0.9677
vn -0.1734 0.0074 0.9848
vn -0.0182 0.0007 -0.9998
vn -0.1869 0.0079 -0.9823
vn -0.2379 0.1299 -0.9626
vn 0.2372 0.0324 -0.9709
vn 0.1877 -0.0010 -0.9822
vn 0.1665 0.9860 -0.0033
vn 0.1874 0.9505 -0.2479
vn -0.1558 0.9878 -0.0030
vn -0.2796 0.9601 -0.0029
vn -0.2802 0.9599 0.0021
vn -0.1624 0.9867 -0.0047
vn -0.1625 0.9867 0.0093
vn -0.9285 -0.3713 0.0017
vn -0.9283 -0.3719 0.0062
vn -0.9283 -0.3719 -0.0032
vn -0.9235 -0.3835 -0.0025
vn -0.4795 0.8699 -0.1155
vn -0.4771 0.8700 -0.1248
vn -0.3446 0.9381 -0.0361
vn -0.3053 0.9284 -0.2119
vn -0.6069 0.7844 -0.1276
vn -0.5229 0.7003 -0.4859
vn -0.6100 0.7790 -0.1448
vn -0.7371 0.6589 -0.1503
vn -0.7400 0.6616 -0.1209
vn -0.6568 0.5961 -0.4618
vn -0.8517 0.5138 -0.1033
vn -0.7748 0.4711 -0.4217
vn -0.8486 0.5052 -0.1571
vn -0.9322 0.3181 -0.1727
vn -0.9357 0.3378 -0.1021
vn -0.9755 0.0944 -0.1986
vn -0.9800 0.1094 -0.1661
vn -0.9809 -0.1070 -0.1625
vn -0.9888 -0.1105 -0.1005
vn -0.9336 -0.2498 -0.2571
vn -0.9496 -0.3124 -0.0264
vn 0.9461 -0.3239 -0.0010
vn 0.7112 -0.0795 -0.6984
vn 0.9938 -0.1110 -0.0001
vn 0.9938 0.1113 -0.0011
vn 0.5869 0.8097 -0.0010
vn 0.3820 0.6697 -0.6369
vn -0.2936 0.8032 -0.5183
vn -0.9341 -0.3180 -0.1622
vn 0.5346 -0.3182 -0.7829
vn 0.3340 -0.1114 -0.9360
vn 0.6144 -0.2081 -0.7611
vn 0.6027 -0.3588 -0.7127
vn 0.5033 -0.4501 -0.7376
vn 0.4683 -0.4187 -0.7781
vn 0.5750 -0.0642 -0.8156
vn 0.5893 0.0659 -0.8052
vn 0.6381 0.0693 -0.7669
vn 0.5767 0.1974 -0.7928
vn 0.4036 0.2415 -0.8825
vn 0.5684 0.3369 -0.7506
vn 0.6527 0.2233 -0.7239
vn 0.4035 0.5648 -0.7198
vn 0.5253 0.4936 -0.6931
vn 0.4699 0.4438 -0.7630
vn 0.3702 0.5171 -0.7717
vn 0.2678 0.4713 -0.8403
vn 0.1669 0.7195 -0.6741
vn 0.0537 0.5906 -0.8052
vn 0.0368 0.7316 -0.6807
vn 0.2803 0.6587 -0.6983
vn 0.2081 0.5276 -0.8236
vn 0.1558 0.6624 -0.7328
vn -0.0474 0.6910 -0.7213
vn -0.1395 0.6650 -0.7337
vn -0.1512 0.7088 -0.6891
vn -0.0523 0.7626 -0.6447
vn -0.2262 0.6191 -0.7520
vn -0.1918 0.3542 -0.9153
vn -0.3367 0.6194 -0.7092
vn -0.4030 0.5146 -0.7568
vn -0.4685 0.4188 -0.7779
vn -0.5024 0.4491 -0.7388
vn -0.4473 0.5713 -0.6881
vn -0.5111 0.3042 -0.8039
vn -0.4117 0.1462 -0.8995
vn -0.6118 0.2094 -0.7628
vn -0.5986 0.3564 -0.7174
vn -0.5848 0.0653 -0.8086
vn -0.4591 -0.0496 -0.8870
vn -0.6358 -0.0711 -0.7685
vn -0.6744 0.0753 -0.7345
vn -0.5714 -0.1955 -0.7971
vn -0.4777 -0.2826 -0.8318
vn -0.5662 -0.3385 -0.7516
vn -0.6472 -0.2219 -0.7293
vn -0.3960 -0.3713 -0.8398
vn -0.3776 -0.5280 -0.7607
vn -0.4061 -0.5627 -0.7200
vn -0.5201 -0.4887 -0.7005
vn -0.3241 -0.5703 -0.7548
vn -0.3688 -0.6463 -0.6680
vn -0.1556 -0.6718 -0.7242
vn -0.0279 -0.4459 -0.8947
vn -0.0497 -0.7261 -0.6858
vn -0.1701 -0.7402 -0.6505
vn -0.2569 -0.6723 -0.6942
vn -0.2650 -0.6093 -0.7473
vn 0.0456 -0.6647 -0.7457
vn 0.1395 -0.6650 -0.7337
vn 0.1487 -0.7084 -0.6900
vn 0.0523 -0.7627 -0.6447
vn 0.2334 -0.6388 -0.7331
vn 0.1952 -0.3513 -0.9157
vn 0.3389 -0.6179 -0.7095
vn 0.2585 -0.7078 -0.6574
vn 0.3865 -0.4931 -0.7794
vn 0.4502 -0.5748 -0.6833
vn -0.0058 -0.0093 -0.9999
vn -0.0018 0.0016 -1.0000
vn -0.0006 -0.0016 -1.0000
vn 0.3069 0.5938 -0.7438
vn 0.3372 0.6315 -0.6982
vn -0.3300 -0.6279 -0.7048
vn -0.2368 -0.4486 -0.8618
vn 0.0079 -0.0064 -0.9999
vn 0.0061 0.0006 -1.0000
vn 0.0013 0.0035 -1.0000
vn -0.0088 0.0400 -0.9992
vn -0.0125 -0.0046 -0.9999
vn 0.0031 0.0037 -1.0000
vn 0.0080 -0.0316 -0.9995
vn -0.0461 0.0095 -0.9989
vn -0.3391 0.9238 0.1777
vn -0.4808 0.8768 0.0007
vn -0.3655 0.9308 -0.0002
vn -0.6166 0.7873 0.0006
vn -0.5842 0.7621 0.2791
vn -0.7198 0.6425 0.2627
vn -0.7455 0.6665 0.0005
vn -0.8593 0.5115 0.0004
vn -0.8313 0.5031 0.2363
vn -0.9259 0.3174 0.2048
vn -0.9462 0.3236 0.0003
vn -0.9938 0.1110 0.0004
vn -0.9767 0.1276 0.1725
vn -0.9652 -0.2299 0.1245
vn -0.9938 -0.1111 0.0005
vn -0.9569 -0.2903 0.0001
vn -0.6169 0.2431 -0.7485
vn -0.7660 -0.4786 -0.4292
vn -0.6158 -0.0562 0.7859
vn -0.6298 -0.0161 0.7766
vn -0.4709 0.1394 0.8711
vn -0.4423 0.2159 0.8705
vn -0.3363 0.3201 0.8857
vn -0.1901 0.3008 0.9345
vn -0.1548 0.4057 0.9008
vn 0.5218 0.8529 0.0186
vn 0.6222 0.5434 0.5635
vn -0.1082 0.3606 -0.9264
vn -0.0891 0.1751 -0.9805
vn -0.1935 0.1843 -0.9636
vn -0.2373 0.1210 -0.9639
vn 0.8592 0.5116 -0.0010
vn 0.9461 0.3238 -0.0004
vn 0.7292 0.6843 -0.0003
vn -0.0684 0.9977 -0.0004
vn -0.0683 -0.9977 -0.0010
vn -0.1958 -0.9806 -0.0004
vn 0.0458 -0.9990 -0.0003
vn -0.9140 0.4054 -0.0146
vn -0.8432 0.3783 -0.3820
vn -0.9251 0.3793 -0.0160
vn 0.8946 0.0163 -0.4466
vn 0.9979 0.0625 -0.0140
vn 0.9995 -0.0000 -0.0312
vn 0.8635 -0.0019 -0.5044
vn -1.0000 -0.0005 0.0026
vn -0.9998 -0.0156 0.0152
vn -0.9989 0.0023 -0.0474
vn -0.9955 -0.0000 0.0949
vn -0.9999 0.0157 -0.0000
vn 0.9871 0.1589 0.0205
vn 0.9657 0.2590 0.0184
vn 0.9353 0.3533 0.0174
vn 0.9045 0.4261 0.0185
vn 0.8580 0.5133 0.0174
vn -0.9998 -0.0154 -0.0151
vn -1.0000 -0.0009 -0.0033
vn -0.9956 -0.0001 -0.0942
vn 0.1665 0.9860 0.0065
vn 0.0211 0.4397 0.8979
vn -0.0395 0.4500 0.8921
vn -0.0420 0.4785 -0.8771
vn 0.0224 0.4679 -0.8835
vn 0.8352 0.5498 0.0110
vn 0.7187 0.5774 0.3874
vn -0.6807 0.7325 0.0090
vn -0.6807 0.7325 -0.0046
vn 0.8352 0.5498 -0.0056
vn 0.2191 0.5091 0.8323
vn -0.2095 0.5704 0.7942
vn -0.2202 0.5973 -0.7712
vn 0.2317 0.5356 -0.8121
vn -0.6009 0.7360 -0.3119
vn -1.0000 0.0038 -0.0017
vn -0.7043 0.6571 0.2685
vn -0.9998 0.0148 0.0146
vn -1.0000 0.0002 0.0001
vn -0.8243 0.5662 -0.0000
vn -0.9998 0.0179 -0.0037
vn 0.8611 0.0020 -0.5085
vn -0.9963 -0.0858 -0.0012
vn -1.0000 0.0030 -0.0087
vn -0.7082 0.2761 -0.6498
vn -0.9979 0.0466 -0.0457
vn -1.0000 0.0012 0.0046
vn -0.9999 -0.0128 -0.0052
vn -0.7063 -0.6563 -0.2652
vn -0.7043 0.6571 -0.2686
vn -0.5890 0.5769 -0.5659
vn -0.5760 0.8174 -0.0000
vn -0.4994 0.8034 0.3244
vn -0.5890 0.5769 0.5659
vn -0.7082 0.2761 0.6498
vn -0.5042 0.3378 0.7948
vn -0.5941 -0.0000 0.8044
vn -0.5042 -0.3378 0.7948
vn -0.5897 -0.5766 0.5655
vn -0.7064 -0.6563 0.2652
vn -0.4992 -0.8035 0.3244
vn -0.5871 -0.8095 -0.0000
vn -0.4992 -0.8034 -0.3244
vn -0.5897 -0.5766 -0.5655
vn -0.5039 -0.3378 -0.7950
vn -0.5942 -0.0000 -0.8043
vn -0.5040 0.3378 -0.7949
vn -0.0300 0.7136 -0.7000
vn -0.0094 0.9272 -0.3744
vn -0.0094 0.9272 0.3744
vn -0.0301 0.7136 0.6999
vn -0.0304 -0.0000 0.9995
vn -0.0095 -0.3911 0.9203
vn -0.0301 -0.7135 0.7000
vn -0.0092 -0.9272 0.3744
vn -0.0301 -0.7136 -0.6999
vn -0.0093 -0.3911 -0.9203
vn -0.0304 -0.0000 -0.9995
vn -0.0095 0.3911 -0.9203
vn -0.0165 0.7138 -0.7002
vn -0.0165 0.9271 -0.3744
vn -0.0165 0.9271 0.3744
vn -0.0165 0.7138 0.7002
vn -0.0166 -0.0000 0.9999
vn -0.0168 -0.3911 0.9202
vn -0.0166 -0.7138 0.7002
vn -0.0165 -0.9271 0.3745
vn -0.0165 -0.9271 -0.3744
vn -0.0165 -0.7138 -0.7002
vn -0.0169 -0.3911 -0.9202
vn -0.0165 -0.0000 -0.9999
vn -0.5262 0.7888 -0.3177
vn -0.5408 0.6018 -0.5877
vn -0.3859 -0.8554 0.3455
vn -0.3941 -0.6562 0.6434
vn -0.0173 -0.7137 0.7003
vn -0.0165 -0.9269 0.3750
vn -0.3905 -0.9206 -0.0000
vn -0.5371 0.8435 0.0001
vn -0.5264 0.7887 0.3177
vn -0.3859 -0.8554 -0.3455
vn -0.0166 -0.9269 -0.3750
vn -0.0173 -0.7137 -0.7003
vn -0.3941 -0.6562 -0.6435
vn -0.5406 0.6018 0.5878
vn -0.5314 0.3320 0.7794
vn -0.3906 -0.3612 -0.8468
vn -0.0118 -0.3333 -0.9428
vn -0.0316 0.0003 -0.9995
vn -0.3988 -0.0000 -0.9171
vn -0.5451 -0.0000 0.8384
vn -0.5314 -0.3320 0.7794
vn -0.3903 0.3611 -0.8469
vn -0.0121 0.3335 -0.9427
vn -0.0173 0.7134 -0.7006
vn -0.3944 0.6561 -0.6434
vn -0.5409 -0.6017 0.5877
vn -0.5264 -0.7887 0.3176
vn -0.3863 0.8548 -0.3465
vn -0.0118 0.9483 -0.3173
vn -0.5261 -0.7888 -0.3177
vn -0.3862 0.8549 0.3465
vn -0.0117 0.9483 0.3173
vn -0.0225 0.7568 0.6532
vn -0.3944 0.6561 0.6434
vn -0.5408 -0.6018 -0.5877
vn -0.3895 0.3613 0.8472
vn -0.0100 0.3908 0.9204
vn -0.0316 0.0007 0.9995
vn -0.5454 -0.0000 -0.8382
vn -0.5318 0.3320 -0.7791
vn -0.3909 -0.3610 0.8467
vn -0.0122 -0.3332 0.9428
vn -0.0130 -0.9271 0.3746
vn -0.0130 -0.9271 -0.3746
vn -0.0167 -0.4479 -0.8939
vn -0.0232 0.0003 -0.9997
vn -0.0165 0.9022 -0.4309
vn -0.0232 0.0008 0.9997
vn -0.0166 -0.4479 0.8939
vn -0.0412 -0.7132 0.6998
vn -0.0166 0.4478 -0.8940
vn -0.0412 0.7135 -0.6994
vn -0.0292 0.6673 0.7442
vn -0.3048 -0.8831 0.3567
vn -0.3152 -0.6785 0.6635
vn -0.8805 -0.4395 0.1776
vn -0.9779 -0.1509 0.1444
vn -0.9710 -0.2217 0.0896
vn -0.9722 -0.2340 -0.0041
vn -0.8803 -0.4743 -0.0000
vn -0.3047 -0.8831 -0.3567
vn -0.8805 -0.4394 -0.1776
vn -0.9710 -0.2217 -0.0896
vn -0.9731 -0.1615 -0.1644
vn -0.8825 -0.3355 -0.3296
vn -0.3148 -0.6785 -0.6637
vn -0.3083 -0.3703 -0.8763
vn -0.8832 -0.1833 -0.4316
vn -0.9718 -0.0923 -0.2172
vn -0.9795 0.0066 -0.2012
vn -0.8846 -0.0001 -0.4664
vn -0.3164 -0.0000 -0.9486
vn -0.3088 0.3702 -0.8761
vn -0.8832 0.1832 -0.4317
vn -0.9760 0.0851 -0.2005
vn -0.9379 0.2476 -0.2431
vn -0.3148 0.6785 -0.6637
vn -0.8807 0.4393 -0.1775
vn -0.9752 0.2051 -0.0829
vn -0.9787 0.2052 -0.0064
vn -0.3046 0.8839 0.3550
vn -0.8807 0.4392 0.1774
vn -0.9710 0.2215 0.0895
vn -0.9726 0.1688 0.1599
vn -0.3152 0.6785 0.6636
vn -0.8833 0.1827 0.4318
vn -0.9718 0.0921 0.2170
vn -0.9786 0.0027 0.2059
vn -0.3082 -0.3703 0.8763
vn -0.8832 -0.1833 0.4316
vn -0.9645 -0.1032 0.2430
vn -0.9998 -0.0180 0.0061
vn -1.0000 -0.0017 -0.0069
vn -0.9991 -0.0377 -0.0202
vn -0.9999 0.0155 0.0036
vn -0.9994 0.0242 -0.0239
vn -0.9999 0.0052 0.0105
vn -0.9999 -0.0047 0.0111
vn -0.8486 -0.1242 -0.5143
vn -0.8287 -0.2322 -0.5093
vn -0.7963 -0.3436 -0.4979
vn -0.7629 -0.4431 -0.4708
vn -0.1727 0.9571 -0.2328
vn 0.7257 0.5863 -0.3599
vn 0.8256 0.1348 0.5479
vn 0.8096 0.2450 0.5334
vn 0.7672 0.3648 0.5276
vn 0.1848 0.9454 0.2686
vn -0.5968 0.7283 0.3366
vt 0.431747 0.411235
vt 0.431621 0.218649
vt 0.467694 0.220558
vt 0.467827 0.413249
vt 0.489724 0.467373
vt 0.489695 0.032845
vt 0.525949 0.033887
vt 0.526049 0.468079
vt 0.430111 0.221571
vt 0.430188 0.417382
vt 0.394138 0.415524
vt 0.394055 0.219608
vt 0.544836 0.014496
vt 0.544865 0.633678
vt 0.508620 0.633055
vt 0.508521 0.014459
vt 0.345142 0.633707
vt 0.345097 0.014433
vt 0.560892 0.014433
vt 0.560938 0.633706
vt 0.393421 0.014448
vt 0.566969 0.014418
vt 0.566969 0.599932
vt 0.393421 0.599962
vt 0.370363 0.015372
vt 0.584819 0.015385
vt 0.566005 0.028756
vt 0.389316 0.028668
vt 0.584813 0.633571
vt 0.567423 0.617746
vt 0.567483 0.031373
vt 0.370357 0.633559
vt 0.390168 0.619673
vt 0.565861 0.620274
vt 0.387753 0.031199
vt 0.387004 0.618421
vt 0.481297 0.186253
vt 0.481390 0.343668
vt 0.461848 0.342757
vt 0.461713 0.185203
vt 0.568528 0.034441
vt 0.568366 0.619790
vt 0.549529 0.619221
vt 0.549424 0.034368
vt 0.483092 0.342511
vt 0.483002 0.187688
vt 0.502555 0.188631
vt 0.502687 0.343590
vt 0.443884 0.516342
vt 0.444046 0.105543
vt 0.462889 0.106291
vt 0.462993 0.516675
vt 0.371369 0.014781
vt 0.583804 0.014799
vt 0.585557 0.016188
vt 0.585544 0.632762
vt 0.583806 0.634163
vt 0.371371 0.634145
vt 0.369618 0.632756
vt 0.369631 0.016182
vt 0.569267 0.034427
vt 0.569228 0.619832
vt 0.443147 0.516432
vt 0.443185 0.105586
vt 0.463007 0.105653
vt 0.549409 0.619984
vt 0.343643 0.015102
vt 0.343789 0.014339
vt 0.344224 0.014465
vt 0.545553 0.014065
vt 0.545542 0.014907
vt 0.544913 0.013727
vt 0.430981 0.412009
vt 0.431021 0.410902
vt 0.431644 0.412274
vt 0.489015 0.468328
vt 0.489023 0.467408
vt 0.489652 0.468284
vt 0.430881 0.220811
vt 0.430840 0.221923
vt 0.430217 0.220532
vt 0.443266 0.104539
vt 0.389456 0.030632
vt 0.388757 0.031593
vt 0.389760 0.029463
vt 0.565715 0.030639
vt 0.564522 0.030079
vt 0.564955 0.029389
vt 0.566731 0.030403
vt 0.569140 0.620674
vt 0.565715 0.618318
vt 0.566415 0.617357
vt 0.565415 0.619481
vt 0.389456 0.618311
vt 0.390649 0.618870
vt 0.387991 0.618049
vt 0.463673 0.105445
vt 0.548739 0.619858
vt 0.345044 0.013756
vt 0.560990 0.013727
vt 0.467712 0.414891
vt 0.431581 0.413058
vt 0.467734 0.414195
vt 0.430929 0.219234
vt 0.508581 0.013759
vt 0.344254 0.633677
vt 0.525984 0.469858
vt 0.489656 0.469238
vt 0.525994 0.468920
vt 0.489029 0.033440
vt 0.560990 0.634384
vt 0.345044 0.634413
vt 0.394176 0.217978
vt 0.430284 0.219763
vt 0.394150 0.218661
vt 0.430881 0.416800
vt 0.561781 0.014462
vt 0.561811 0.633675
vt 0.545535 0.633269
vt 0.390683 0.030045
vt 0.566451 0.031631
vt 0.564488 0.618904
vt 0.388720 0.617319
vt 0.461119 0.342962
vt 0.460989 0.185277
vt 0.548715 0.034390
vt 0.503282 0.188415
vt 0.503408 0.343503
vt 0.392038 0.599928
vt 0.391950 0.015091
vt 0.392526 0.014459
vt 0.392556 0.599911
vt 0.443318 0.103492
vt 0.463034 0.103995
vt 0.462965 0.104885
vt 0.480630 0.345593
vt 0.461678 0.344485
vt 0.461808 0.343749
vt 0.442380 0.204835
vt 0.442380 0.185139
vt 0.443218 0.185759
vt 0.502687 0.344187
vt 0.483120 0.343233
vt 0.483754 0.185747
vt 0.502719 0.186889
vt 0.502593 0.187638
vt 0.483024 0.186532
vt 0.467629 0.219947
vt 0.468321 0.220711
vt 0.455030 0.186674
vt 0.454621 0.185713
vt 0.455030 0.185139
vt 0.443979 0.185139
vt 0.444347 0.185822
vt 0.443979 0.186523
vt 0.508511 0.633819
vt 0.507871 0.633693
vt 0.430881 0.218461
vt 0.431544 0.217978
vt 0.369741 0.013727
vt 0.370260 0.014080
vt 0.369206 0.014456
vt 0.430881 0.412806
vt 0.488990 0.469342
vt 0.368284 0.634058
vt 0.368735 0.633644
vt 0.369206 0.634486
vt 0.463707 0.104362
vt 0.460989 0.343984
vt 0.503408 0.187382
vt 0.507849 0.014481
vt 0.507915 0.013746
vt 0.443218 0.185139
vt 0.443598 0.185866
vt 0.443218 0.186633
vt 0.468445 0.413545
vt 0.526668 0.469527
vt 0.526727 0.468448
vt 0.393439 0.219325
vt 0.368745 0.015299
vt 0.585966 0.014464
vt 0.586436 0.015307
vt 0.584910 0.014096
vt 0.585965 0.634494
vt 0.584912 0.634870
vt 0.586426 0.633651
vt 0.370261 0.634854
vt 0.442519 0.104605
vt 0.442541 0.103319
vt 0.442510 0.105778
vt 0.481361 0.345745
vt 0.481365 0.344827
vt 0.482134 0.345068
vt 0.482018 0.346149
vt 0.482196 0.343752
vt 0.482352 0.343689
vt 0.482271 0.342855
vt 0.569907 0.620012
vt 0.569891 0.620972
vt 0.483024 0.185597
vt 0.482256 0.186304
vt 0.482367 0.185203
vt 0.482196 0.187620
vt 0.393348 0.013749
vt 0.567046 0.013727
vt 0.567837 0.014463
vt 0.567867 0.599915
vt 0.567047 0.600625
vt 0.453430 0.185139
vt 0.453796 0.185823
vt 0.453430 0.186528
vt 0.548697 0.620567
vt 0.393347 0.600647
vt 0.343733 0.633699
vt 0.393513 0.415386
vt 0.482119 0.185918
vt 0.569925 0.034270
vt 0.442492 0.516873
vt 0.570422 0.034270
vt 0.570403 0.619660
vt 0.569925 0.619812
vt 0.549446 0.620606
vt 0.467506 0.415356
vt 0.030428 0.991360
vt 0.208545 0.991268
vt 0.207893 0.991360
vt 0.029776 0.991268
vt 0.022476 0.989075
vt 0.021762 0.988707
vt 0.015644 0.983777
vt 0.015195 0.983198
vt 0.012546 0.977483
vt 0.012430 0.976940
vt 0.012430 0.028701
vt 0.012546 0.028158
vt 0.015195 0.022444
vt 0.015644 0.021864
vt 0.021762 0.016934
vt 0.022476 0.016567
vt 0.029776 0.014374
vt 0.030428 0.014282
vt 0.207894 0.014282
vt 0.208547 0.014374
vt 0.215845 0.016567
vt 0.216560 0.016935
vt 0.222677 0.021865
vt 0.223127 0.022444
vt 0.225775 0.028158
vt 0.225891 0.028701
vt 0.225891 0.976940
vt 0.225777 0.977483
vt 0.223127 0.983198
vt 0.222677 0.983778
vt 0.216560 0.988707
vt 0.215844 0.989075
vt 0.518167 0.796320
vt 0.522617 0.796328
vt 0.522615 0.699237
vt 0.518167 0.699238
vt 0.522736 0.796321
vt 0.522735 0.699239
vt 0.522744 0.699308
vt 0.522743 0.796257
vt 0.518168 0.796422
vt 0.521541 0.796427
vt 0.522597 0.796424
vt 0.518167 0.796421
vt 0.521764 0.796427
vt 0.521782 0.796421
vt 0.522609 0.796422
vt 0.522625 0.796429
vt 0.521786 0.796322
vt 0.521782 0.699240
vt 0.522609 0.699240
vt 0.522613 0.796322
vt 0.518169 0.699140
vt 0.518165 0.699141
vt 0.522597 0.699138
vt 0.521630 0.699135
vt 0.518042 0.699241
vt 0.518043 0.796321
vt 0.518042 0.796321
vt 0.518043 0.699241
vt 0.521793 0.699135
vt 0.522624 0.699133
vt 0.522610 0.699140
vt 0.521783 0.699141
vt 0.521501 0.796317
vt 0.518167 0.796324
vt 0.518167 0.699242
vt 0.521501 0.699245
vt 0.521648 0.796319
vt 0.521648 0.699243
vt 0.521659 0.699242
vt 0.521660 0.796321
vt 0.522716 0.796374
vt 0.522716 0.699188
vt 0.522691 0.796335
vt 0.522658 0.796388
vt 0.521551 0.796387
vt 0.521694 0.796387
vt 0.522658 0.699174
vt 0.522692 0.699228
vt 0.521694 0.699175
vt 0.521593 0.699239
vt 0.521555 0.699176
vt 0.518172 0.796385
vt 0.522689 0.796386
vt 0.522689 0.699243
vt 0.522691 0.796319
vt 0.518159 0.796383
vt 0.518087 0.699243
vt 0.518090 0.796319
vt 0.521704 0.796384
vt 0.518087 0.796384
vt 0.518091 0.796385
vt 0.522618 0.796382
vt 0.521777 0.796385
vt 0.518161 0.699177
vt 0.518087 0.796319
vt 0.518090 0.699243
vt 0.522689 0.699176
vt 0.518087 0.699178
vt 0.518090 0.699176
vt 0.518161 0.699180
vt 0.521704 0.699178
vt 0.521777 0.699180
vt 0.522618 0.699177
vt 0.521590 0.796323
vt 0.521707 0.796319
vt 0.521704 0.699243
vt 0.508298 0.739342
vt 0.528676 0.739323
vt 0.528700 0.739342
vt 0.508322 0.739323
vt 0.528676 0.669115
vt 0.528700 0.669096
vt 0.508322 0.669115
vt 0.508298 0.669096
vt 0.507792 0.739746
vt 0.529207 0.739746
vt 0.529207 0.668691
vt 0.507792 0.668691
vt 0.507769 0.739764
vt 0.529228 0.739765
vt 0.529229 0.668674
vt 0.507770 0.668673
vt 0.506945 0.740423
vt 0.530053 0.740423
vt 0.530053 0.668015
vt 0.506945 0.668015
vt 0.506861 0.740483
vt 0.530130 0.740490
vt 0.530138 0.667954
vt 0.506869 0.667948
vt 0.506919 0.740444
vt 0.530081 0.740444
vt 0.530080 0.667994
vt 0.506918 0.667994
vt 0.507580 0.739915
vt 0.529418 0.739915
vt 0.529418 0.668522
vt 0.507580 0.668522
vt 0.507555 0.739936
vt 0.529444 0.739936
vt 0.529444 0.668502
vt 0.507555 0.668502
vt 0.507024 0.740357
vt 0.529972 0.740359
vt 0.529975 0.668080
vt 0.507026 0.668078
vt 0.506955 0.740415
vt 0.530051 0.740421
vt 0.530051 0.668017
vt 0.506955 0.668023
vt 0.506948 0.740421
vt 0.506947 0.668017
vt 0.530044 0.740415
vt 0.530043 0.668023
vt 0.507026 0.740359
vt 0.529975 0.740357
vt 0.529972 0.668078
vt 0.507024 0.668080
vt 0.507198 0.740220
vt 0.529800 0.740220
vt 0.529800 0.668217
vt 0.507198 0.668217
vt 0.506949 0.740419
vt 0.530049 0.740420
vt 0.530050 0.668018
vt 0.506949 0.668018
vt 0.506947 0.740421
vt 0.530052 0.740421
vt 0.530051 0.668016
vt 0.506947 0.668016
vt 0.506986 0.740390
vt 0.530013 0.740389
vt 0.530012 0.668047
vt 0.506985 0.668048
vt 0.507692 0.739826
vt 0.529302 0.739822
vt 0.529307 0.668611
vt 0.507697 0.668616
vt 0.507711 0.739810
vt 0.529287 0.668628
vt 0.529289 0.739812
vt 0.507709 0.668626
vt 0.508238 0.739389
vt 0.528760 0.739389
vt 0.528760 0.669048
vt 0.508238 0.669048
vt 0.508650 0.739065
vt 0.528354 0.739061
vt 0.528349 0.669372
vt 0.508645 0.669376
vt 0.508770 0.738965
vt 0.528229 0.738966
vt 0.528229 0.669472
vt 0.508769 0.669472
vt 0.508825 0.738921
vt 0.528174 0.738921
vt 0.528173 0.669517
vt 0.508825 0.669517
vt 0.508827 0.738920
vt 0.528172 0.738919
vt 0.528172 0.669518
vt 0.508827 0.669518
vt 0.508780 0.738957
vt 0.528217 0.738956
vt 0.528219 0.669481
vt 0.508781 0.669482
vt 0.508689 0.739029
vt 0.528309 0.739029
vt 0.528309 0.669408
vt 0.508690 0.669408
vt 0.508609 0.739093
vt 0.528388 0.739094
vt 0.528390 0.669345
vt 0.508610 0.669344
vt 0.507837 0.669024
vt 0.507863 0.668985
vt 0.507868 0.668974
vt 0.507905 0.668970
vt 0.529268 0.688162
vt 0.529268 0.739697
vt 0.529269 0.699610
vt 0.529268 0.686919
vt 0.529243 0.739735
vt 0.529261 0.739724
vt 0.529201 0.739750
vt 0.507905 0.739750
vt 0.507857 0.739734
vt 0.507837 0.739697
vt 0.507837 0.739696
vt 0.527274 0.670768
vt 0.527285 0.670763
vt 0.526904 0.670658
vt 0.526899 0.670668
vt 0.509846 0.737954
vt 0.509838 0.737957
vt 0.510220 0.738059
vt 0.510220 0.738059
vt 0.527278 0.737949
vt 0.527285 0.737958
vt 0.527412 0.737653
vt 0.527413 0.737652
vt 0.509827 0.670771
vt 0.509821 0.670763
vt 0.509694 0.671067
vt 0.509694 0.671067
vt 0.509715 0.671072
vt 0.510212 0.670713
vt 0.527348 0.737644
vt 0.526893 0.738008
vt 0.526893 0.670712
vt 0.527347 0.671077
vt 0.529268 0.686360
vt 0.529268 0.686122
vt 0.529268 0.686377
vt 0.529268 0.686802
vt 0.529269 0.687743
vt 0.529268 0.686577
vt 0.527412 0.685289
vt 0.527412 0.686807
vt 0.527412 0.686370
vt 0.512327 0.668970
vt 0.512366 0.668983
vt 0.512439 0.668983
vt 0.512383 0.669022
vt 0.512439 0.669021
vt 0.512382 0.670605
vt 0.512370 0.670647
vt 0.512439 0.670641
vt 0.512353 0.670644
vt 0.512354 0.670653
vt 0.512374 0.670610
vt 0.512374 0.669021
vt 0.512353 0.668977
vt 0.512354 0.668988
vt 0.512328 0.670661
vt 0.529261 0.669024
vt 0.529234 0.668974
vt 0.529227 0.668986
vt 0.529245 0.686352
vt 0.529253 0.686564
vt 0.529202 0.669024
vt 0.507853 0.739694
vt 0.507880 0.739736
vt 0.507903 0.739698
vt 0.509818 0.737976
vt 0.509695 0.737655
vt 0.509645 0.737659
vt 0.507853 0.669027
vt 0.529245 0.687543
vt 0.529251 0.686790
vt 0.529204 0.686900
vt 0.527438 0.686906
vt 0.527431 0.687687
vt 0.527476 0.687536
vt 0.529252 0.739694
vt 0.510205 0.670674
vt 0.510203 0.670661
vt 0.527396 0.671070
vt 0.527412 0.671067
vt 0.527436 0.671067
vt 0.527305 0.670745
vt 0.509728 0.737650
vt 0.509710 0.737651
vt 0.510222 0.738046
vt 0.527396 0.737651
vt 0.510204 0.670640
vt 0.509801 0.670745
vt 0.510202 0.670661
vt 0.509674 0.671074
vt 0.509709 0.737649
vt 0.510217 0.738072
vt 0.526902 0.738080
vt 0.527305 0.737975
vt 0.526903 0.738059
vt 0.527428 0.737655
vt 0.526914 0.670610
vt 0.507901 0.669024
vt 0.509625 0.671069
vt 0.510208 0.738111
vt 0.529203 0.739697
vt 0.527476 0.737661
vt 0.526904 0.738053
vt 0.509771 0.737634
vt 0.509758 0.687275
vt 0.509710 0.688431
vt 0.509889 0.737917
vt 0.510230 0.738007
vt 0.529204 0.686741
vt 0.529204 0.686558
vt 0.529252 0.686120
vt 0.529204 0.686120
vt 0.529243 0.688088
vt 0.529244 0.688338
vt 0.529245 0.687882
vt 0.527435 0.688308
vt 0.527436 0.688083
vt 0.527412 0.688162
vt 0.527436 0.687877
vt 0.527412 0.687775
vt 0.527435 0.686353
vt 0.527428 0.686120
vt 0.527429 0.686570
vt 0.529245 0.687699
vt 0.527437 0.686747
vt 0.509694 0.688484
vt 0.509694 0.688182
vt 0.512310 0.669021
vt 0.512428 0.668970
vt 0.511724 0.668970
vt 0.529238 0.668974
vt 0.529268 0.669024
vt 0.507840 0.723843
vt 0.507837 0.723902
vt 0.527412 0.727924
vt 0.529268 0.727917
vt 0.512310 0.670610
vt 0.527476 0.686120
vt 0.529268 0.713685
vt 0.507840 0.723843
vt 0.507968 0.723838
vt 0.507968 0.723839
vt 0.507973 0.687367
vt 0.507973 0.687368
vt 0.507837 0.687336
vt 0.507837 0.687344
vt 0.507837 0.687346
vt 0.507966 0.687356
vt 0.507844 0.687354
vt 0.507966 0.687357
vt 0.507844 0.687355
vt 0.468347 0.414594
vt 0.474929 0.775572
vt 0.473682 0.775572
vt 0.474932 0.775756
vt 0.473696 0.775756
vt 0.473296 0.775749
vt 0.473383 0.775570
vt 0.472664 0.775572
vt 0.472570 0.775756
vt 0.475286 0.775756
vt 0.475188 0.775572
vt 0.475145 0.775572
vt 0.475264 0.775756
vt 0.475326 0.775756
vt 0.472547 0.782205
vt 0.472580 0.782205
vt 0.472667 0.782403
vt 0.473202 0.775510
vt 0.473021 0.775510
vt 0.474795 0.775510
vt 0.475026 0.775510
vt 0.473825 0.775510
vt 0.475562 0.775510
vt 0.475269 0.775510
vt 0.474973 0.775510
vt 0.475399 0.782205
vt 0.475326 0.782205
vt 0.475188 0.782403
vt 0.475280 0.782403
vt 0.475446 0.782403
vt 0.475520 0.782205
vt 0.475702 0.782205
vt 0.475848 0.782403
vt 0.475898 0.782205
vt 0.476062 0.782205
vt 0.476179 0.782403
vt 0.476283 0.782205
vt 0.473202 0.782470
vt 0.475026 0.782470
vt 0.474795 0.782470
vt 0.473021 0.782470
vt 0.475562 0.782470
vt 0.473825 0.782470
vt 0.474856 0.782470
vt 0.475268 0.782470
vt 0.472669 0.775756
vt 0.472580 0.775756
vt 0.472667 0.775572
vt 0.472787 0.775572
vt 0.472953 0.775572
vt 0.472838 0.775756
vt 0.473107 0.775756
vt 0.473217 0.775572
vt 0.473676 0.775571
vt 0.473511 0.775756
vt 0.474081 0.775756
vt 0.474817 0.775570
vt 0.474801 0.775756
vt 0.474790 0.775510
vt 0.473019 0.775510
vt 0.474913 0.775510
vt 0.473646 0.775511
vt 0.474913 0.782470
vt 0.473646 0.782469
vt 0.473019 0.782470
vt 0.474790 0.782470
vt 0.475146 0.775572
vt 0.475175 0.775570
vt 0.475262 0.775755
vt 0.475262 0.775756
vt 0.472545 0.775756
vt 0.474932 0.782205
vt 0.473696 0.782205
vt 0.473682 0.782403
vt 0.474929 0.782403
vt 0.475264 0.782205
vt 0.475286 0.782205
vt 0.472838 0.782205
vt 0.472669 0.782205
vt 0.473511 0.782205
vt 0.473107 0.782205
vt 0.474801 0.782205
vt 0.474080 0.782205
vt 0.472547 0.775756
vt 0.472546 0.775756
vt 0.472664 0.782403
vt 0.473483 0.775619
vt 0.473431 0.775756
vt 0.475145 0.782403
vt 0.475280 0.775572
vt 0.475446 0.775572
vt 0.475848 0.775572
vt 0.474863 0.775510
vt 0.476179 0.775572
vt 0.475862 0.775510
vt 0.472787 0.782403
vt 0.472953 0.782403
vt 0.473217 0.782403
vt 0.473676 0.782404
vt 0.475862 0.782470
vt 0.474817 0.782406
vt 0.473383 0.782405
vt 0.475146 0.782403
vt 0.475175 0.782405
vt 0.475114 0.782352
vt 0.475180 0.782205
vt 0.473431 0.782205
vt 0.476918 0.775756
vt 0.476482 0.775756
vt 0.476482 0.782205
vt 0.476918 0.782205
vt 0.477487 0.782735
vt 0.475235 0.782735
vt 0.475028 0.782205
vt 0.475028 0.775756
vt 0.474892 0.782205
vt 0.474892 0.775756
vt 0.476370 0.782439
vt 0.476392 0.782542
vt 0.476918 0.782542
vt 0.476394 0.782739
vt 0.475928 0.782542
vt 0.475912 0.782488
vt 0.475524 0.782488
vt 0.475538 0.782542
vt 0.475540 0.782739
vt 0.475930 0.782737
vt 0.475235 0.782542
vt 0.475222 0.782488
vt 0.475019 0.782493
vt 0.475030 0.782739
vt 0.475238 0.782736
vt 0.474892 0.782439
vt 0.474922 0.782542
vt 0.474916 0.782498
vt 0.474925 0.782739
vt 0.474925 0.782736
vt 0.475028 0.782542
vt 0.483987 0.782734
vt 0.483966 0.782778
vt 0.483987 0.782689
vt 0.483882 0.782734
vt 0.483675 0.782735
vt 0.483861 0.782778
vt 0.483882 0.782689
vt 0.480666 0.782734
vt 0.482220 0.782778
vt 0.482235 0.782689
vt 0.482911 0.782735
vt 0.476921 0.782766
vt 0.475032 0.782740
vt 0.476675 0.782731
vt 0.478245 0.782689
vt 0.478261 0.782774
vt 0.483293 0.783099
vt 0.483636 0.782798
vt 0.483841 0.782798
vt 0.483471 0.783102
vt 0.483023 0.783102
vt 0.483337 0.782798
vt 0.483568 0.783099
vt 0.483945 0.782798
vt 0.483564 0.783102
vt 0.483475 0.783099
vt 0.483636 0.782798
vt 0.483289 0.783102
vt 0.483045 0.783083
vt 0.483336 0.782798
vt 0.482879 0.782798
vt 0.482604 0.783103
vt 0.481995 0.783102
vt 0.480466 0.783099
vt 0.479182 0.783083
vt 0.479277 0.782798
vt 0.478687 0.782798
vt 0.478654 0.783103
vt 0.479753 0.783102
vt 0.479913 0.782798
vt 0.478121 0.783100
vt 0.478088 0.782798
vt 0.477498 0.782798
vt 0.477598 0.783102
vt 0.477096 0.783100
vt 0.476417 0.782798
vt 0.476637 0.783102
vt 0.476226 0.783099
vt 0.475958 0.782798
vt 0.475573 0.782798
vt 0.475887 0.783102
vt 0.475617 0.783099
vt 0.475274 0.782798
vt 0.475069 0.782798
vt 0.475439 0.783102
vt 0.475342 0.783099
vt 0.474965 0.782798
vt 0.474965 0.782798
vt 0.475346 0.783102
vt 0.475435 0.783099
vt 0.475069 0.782798
vt 0.475274 0.782798
vt 0.475621 0.783102
vt 0.475575 0.782799
vt 0.476031 0.782798
vt 0.476322 0.783105
vt 0.475866 0.783083
vt 0.476928 0.783083
vt 0.476703 0.782798
vt 0.478453 0.783102
vt 0.479734 0.783100
vt 0.479633 0.782798
vt 0.480223 0.782798
vt 0.480256 0.783103
vt 0.479157 0.783103
vt 0.478997 0.782798
vt 0.480789 0.783100
vt 0.480822 0.782798
vt 0.481411 0.782798
vt 0.481312 0.783102
vt 0.481814 0.783100
vt 0.481974 0.782798
vt 0.482493 0.782798
vt 0.482273 0.783102
vt 0.482684 0.783099
vt 0.482951 0.782798
vt 0.478981 0.782735
vt 0.479537 0.783117
vt 0.476036 0.783117
vt 0.476046 0.783117
vt 0.480644 0.782798
vt 0.483496 0.783117
vt 0.483089 0.783117
vt 0.479316 0.783117
vt 0.477792 0.783117
vt 0.475514 0.783117
vt 0.482864 0.783117
vt 0.481481 0.783117
vt 0.475462 0.783117
vt 0.476918 0.775372
vt 0.476392 0.775372
vt 0.476370 0.775527
vt 0.475928 0.775372
vt 0.475538 0.775372
vt 0.475524 0.775476
vt 0.475912 0.775476
vt 0.475235 0.775372
vt 0.475027 0.775372
vt 0.475014 0.775476
vt 0.475222 0.775476
vt 0.474923 0.775372
vt 0.474922 0.775372
vt 0.474892 0.775527
vt 0.474908 0.775476
vt 0.475028 0.775372
vt 0.476283 0.775755
vt 0.483372 0.782735
vt 0.483674 0.782731
vt 0.483371 0.782731
vt 0.479928 0.782735
vt 0.479288 0.782731
vt 0.478691 0.782735
vt 0.478084 0.782731
vt 0.475539 0.782731
vt 0.475999 0.782735
vt 0.479622 0.782731
vt 0.480219 0.782735
vt 0.480825 0.782731
vt 0.481422 0.782735
vt 0.481992 0.782731
vt 0.482517 0.782735
vt 0.482982 0.782731
vt 0.473296 0.782211
vt 0.472570 0.782204
vt 0.475262 0.782205
vt 0.475262 0.782205
vt 0.472545 0.782205
vt 0.472548 0.780192
vt 0.472546 0.780605
vt 0.472548 0.780699
vt 0.472545 0.779006
vt 0.475399 0.775756
vt 0.475520 0.775756
vt 0.475702 0.775756
vt 0.475898 0.775756
vt 0.476062 0.775756
vt 0.472546 0.777394
vt 0.472548 0.777808
vt 0.472548 0.777300
vt 0.475180 0.775756
vt 0.475114 0.775619
vt 0.473483 0.782352
vt 0.483372 0.710573
vt 0.483674 0.710577
vt 0.480665 0.710573
vt 0.479928 0.710573
vt 0.479288 0.710577
vt 0.478691 0.710573
vt 0.477487 0.710573
vt 0.475235 0.710573
vt 0.475539 0.710577
vt 0.475999 0.710573
vt 0.478244 0.710574
vt 0.478981 0.710573
vt 0.481422 0.710573
vt 0.481992 0.710577
vt 0.482517 0.710573
vt 0.482982 0.710577
vt 0.482235 0.710618
vt 0.476673 0.710579
vt 0.472549 0.780191
vt 0.472566 0.779632
vt 0.472546 0.779659
vt 0.472562 0.779000
vt 0.472546 0.779000
vt 0.472546 0.778341
vt 0.472548 0.779000
vt 0.472545 0.779659
vt 0.472549 0.777808
vt 0.472566 0.777460
vt 0.472566 0.778367
vt 0.472545 0.778341
vt 0.472566 0.778367
vt 0.472695 0.779000
vt 0.472695 0.778405
vt 0.472695 0.777895
vt 0.472695 0.780104
vt 0.472695 0.779594
vt 0.472566 0.780540
vt 0.472695 0.780574
vt 0.472695 0.780446
vt 0.472566 0.780540
vt 0.472695 0.778405
vt 0.472566 0.777460
vt 0.472695 0.777425
vt 0.472695 0.777554
vt 0.472695 0.777554
vt 0.472776 0.779000
vt 0.472781 0.778419
vt 0.472776 0.777920
vt 0.472776 0.780079
vt 0.472781 0.779581
vt 0.472776 0.780539
vt 0.472781 0.780413
vt 0.472776 0.780079
vt 0.472781 0.780413
vt 0.472776 0.779000
vt 0.472781 0.779581
vt 0.472776 0.777920
vt 0.472781 0.778419
vt 0.472776 0.777461
vt 0.472781 0.777587
vt 0.472781 0.777587
vt 0.475133 0.779000
vt 0.475132 0.778421
vt 0.475133 0.777924
vt 0.475133 0.780076
vt 0.475132 0.779579
vt 0.475133 0.780534
vt 0.475132 0.780408
vt 0.475132 0.780076
vt 0.475131 0.780408
vt 0.475132 0.779000
vt 0.475131 0.779579
vt 0.475132 0.777924
vt 0.475131 0.778421
vt 0.475133 0.777466
vt 0.475131 0.777591
vt 0.475188 0.778434
vt 0.475188 0.777949
vt 0.475188 0.779000
vt 0.475101 0.779000
vt 0.475099 0.778448
vt 0.475101 0.777976
vt 0.475188 0.779565
vt 0.475188 0.780050
vt 0.475101 0.780024
vt 0.475099 0.779551
vt 0.475188 0.780375
vt 0.475188 0.780498
vt 0.475103 0.780461
vt 0.475099 0.780341
vt 0.475188 0.780050
vt 0.475101 0.780024
vt 0.475098 0.780340
vt 0.475188 0.779565
vt 0.475188 0.779000
vt 0.475103 0.779000
vt 0.475100 0.779551
vt 0.475188 0.778434
vt 0.475188 0.777949
vt 0.475101 0.777976
vt 0.475100 0.778448
vt 0.475188 0.777624
vt 0.475188 0.777502
vt 0.475103 0.777539
vt 0.475098 0.777659
vt 0.475099 0.777659
vt 0.472747 0.780456
vt 0.472747 0.779000
vt 0.472754 0.779549
vt 0.472754 0.778450
vt 0.472747 0.777543
vt 0.472753 0.778450
vt 0.472741 0.779000
vt 0.472741 0.777979
vt 0.472753 0.779549
vt 0.472741 0.780020
vt 0.472753 0.780337
vt 0.472741 0.780020
vt 0.472745 0.780335
vt 0.472741 0.777979
vt 0.472745 0.777664
vt 0.472753 0.777663
vt 0.472581 0.778471
vt 0.472581 0.778017
vt 0.472581 0.779000
vt 0.472524 0.779000
vt 0.472524 0.778512
vt 0.472524 0.778093
vt 0.472581 0.779529
vt 0.472581 0.779982
vt 0.472524 0.779906
vt 0.472524 0.779487
vt 0.472581 0.780286
vt 0.472581 0.780401
vt 0.472524 0.780292
vt 0.472524 0.780187
vt 0.472581 0.779982
vt 0.472581 0.779529
vt 0.472581 0.779000
vt 0.472524 0.779000
vt 0.472524 0.779487
vt 0.472581 0.778471
vt 0.472581 0.778017
vt 0.472524 0.778512
vt 0.472581 0.777713
vt 0.472581 0.777598
vt 0.472524 0.777707
vt 0.472524 0.777813
vt 0.472505 0.778759
vt 0.472505 0.779580
vt 0.472505 0.777969
vt 0.472505 0.780070
vt 0.472504 0.779799
vt 0.472505 0.778758
vt 0.472505 0.778078
vt 0.474932 0.717552
vt 0.473682 0.717736
vt 0.474929 0.717736
vt 0.473696 0.717552
vt 0.473296 0.717559
vt 0.472570 0.717551
vt 0.472664 0.717736
vt 0.473383 0.717738
vt 0.475286 0.717552
vt 0.475264 0.717552
vt 0.475145 0.717736
vt 0.475188 0.717736
vt 0.475326 0.717552
vt 0.472667 0.710904
vt 0.472580 0.711103
vt 0.472547 0.711103
vt 0.473202 0.717797
vt 0.475026 0.717797
vt 0.474795 0.717797
vt 0.473021 0.717797
vt 0.475563 0.717797
vt 0.473825 0.717797
vt 0.474973 0.717797
vt 0.475269 0.717797
vt 0.475399 0.711103
vt 0.475280 0.710904
vt 0.475188 0.710904
vt 0.475326 0.711103
vt 0.475520 0.711103
vt 0.475446 0.710904
vt 0.475702 0.711103
vt 0.475898 0.711103
vt 0.475849 0.710905
vt 0.476062 0.711103
vt 0.476283 0.711103
vt 0.476179 0.710905
vt 0.473202 0.710838
vt 0.473021 0.710838
vt 0.474795 0.710838
vt 0.475026 0.710838
vt 0.473825 0.710838
vt 0.475563 0.710838
vt 0.475268 0.710838
vt 0.474856 0.710837
vt 0.472669 0.717552
vt 0.472787 0.717736
vt 0.472667 0.717736
vt 0.472580 0.717552
vt 0.472838 0.717552
vt 0.472953 0.717736
vt 0.473107 0.717552
vt 0.473217 0.717736
vt 0.473511 0.717552
vt 0.473676 0.717737
vt 0.474080 0.717552
vt 0.474801 0.717552
vt 0.474817 0.717738
vt 0.474913 0.717797
vt 0.473646 0.717797
vt 0.473019 0.717797
vt 0.474790 0.717797
vt 0.473646 0.710838
vt 0.474913 0.710838
vt 0.474790 0.710838
vt 0.475262 0.717552
vt 0.475175 0.717737
vt 0.475146 0.717736
vt 0.475262 0.717552
vt 0.472545 0.717552
vt 0.473682 0.710904
vt 0.473696 0.711103
vt 0.474932 0.711103
vt 0.474929 0.710904
vt 0.475286 0.711103
vt 0.475264 0.711103
vt 0.472669 0.711103
vt 0.472838 0.711103
vt 0.473107 0.711103
vt 0.473511 0.711103
vt 0.474080 0.711103
vt 0.474801 0.711103
vt 0.472546 0.717552
vt 0.472547 0.717552
vt 0.472664 0.710905
vt 0.473431 0.717552
vt 0.473483 0.717688
vt 0.475145 0.710904
vt 0.475446 0.717736
vt 0.475280 0.717736
vt 0.475848 0.717736
vt 0.474863 0.717797
vt 0.475862 0.717797
vt 0.476179 0.717735
vt 0.472953 0.710904
vt 0.472787 0.710904
vt 0.473676 0.710904
vt 0.473217 0.710904
vt 0.475862 0.710838
vt 0.474817 0.710902
vt 0.473019 0.710838
vt 0.473383 0.710903
vt 0.475175 0.710903
vt 0.475146 0.710905
vt 0.475180 0.711103
vt 0.475114 0.710956
vt 0.473431 0.711103
vt 0.476918 0.711103
vt 0.476918 0.717552
vt 0.476482 0.711103
vt 0.476482 0.717552
vt 0.475028 0.717552
vt 0.474892 0.717552
vt 0.474892 0.711103
vt 0.475028 0.711103
vt 0.476394 0.710569
vt 0.476392 0.710766
vt 0.476918 0.710766
vt 0.476370 0.710869
vt 0.475928 0.710766
vt 0.475912 0.710820
vt 0.475930 0.710571
vt 0.475540 0.710569
vt 0.475538 0.710766
vt 0.475524 0.710820
vt 0.475235 0.710766
vt 0.475222 0.710820
vt 0.475238 0.710572
vt 0.475030 0.710569
vt 0.475019 0.710814
vt 0.474916 0.710810
vt 0.474925 0.710572
vt 0.474925 0.710569
vt 0.474922 0.710766
vt 0.474892 0.710869
vt 0.475028 0.710766
vt 0.483882 0.710573
vt 0.483966 0.710530
vt 0.483987 0.710618
vt 0.483987 0.710573
vt 0.482911 0.710573
vt 0.482220 0.710529
vt 0.476921 0.710542
vt 0.475032 0.710568
vt 0.483293 0.710209
vt 0.483471 0.710206
vt 0.483841 0.710509
vt 0.483636 0.710509
vt 0.483337 0.710509
vt 0.483023 0.710206
vt 0.483567 0.710209
vt 0.483563 0.710206
vt 0.483945 0.710509
vt 0.483475 0.710209
vt 0.483289 0.710206
vt 0.483636 0.710509
vt 0.483840 0.710509
vt 0.482879 0.710510
vt 0.483336 0.710509
vt 0.483045 0.710225
vt 0.482604 0.710205
vt 0.481956 0.710206
vt 0.479278 0.710509
vt 0.478654 0.710205
vt 0.478687 0.710509
vt 0.479913 0.710509
vt 0.479766 0.710203
vt 0.479185 0.710225
vt 0.478121 0.710208
vt 0.477598 0.710205
vt 0.477498 0.710509
vt 0.478088 0.710509
vt 0.477096 0.710208
vt 0.476637 0.710205
vt 0.476417 0.710509
vt 0.476226 0.710208
vt 0.475887 0.710206
vt 0.475573 0.710509
vt 0.475958 0.710509
vt 0.475617 0.710209
vt 0.475439 0.710206
vt 0.475069 0.710509
vt 0.475274 0.710509
vt 0.475342 0.710209
vt 0.475346 0.710206
vt 0.474965 0.710509
vt 0.474965 0.710509
vt 0.475435 0.710209
vt 0.475621 0.710206
vt 0.475274 0.710509
vt 0.475069 0.710509
vt 0.475897 0.710196
vt 0.476287 0.710225
vt 0.476031 0.710509
vt 0.475574 0.710509
vt 0.476958 0.710209
vt 0.476703 0.710509
vt 0.479734 0.710208
vt 0.480256 0.710205
vt 0.480223 0.710509
vt 0.479633 0.710509
vt 0.478997 0.710509
vt 0.479156 0.710205
vt 0.480788 0.710208
vt 0.481312 0.710205
vt 0.481411 0.710509
vt 0.480821 0.710509
vt 0.481814 0.710208
vt 0.482273 0.710205
vt 0.482493 0.710509
vt 0.481974 0.710509
vt 0.482684 0.710208
vt 0.482951 0.710509
vt 0.476332 0.710191
vt 0.476036 0.710190
vt 0.479537 0.710190
vt 0.480460 0.710225
vt 0.480643 0.710509
vt 0.478262 0.710510
vt 0.478494 0.710205
vt 0.483089 0.710190
vt 0.483496 0.710190
vt 0.479317 0.710191
vt 0.477792 0.710190
vt 0.475513 0.710190
vt 0.482864 0.710191
vt 0.481481 0.710190
vt 0.475462 0.710190
vt 0.476370 0.717780
vt 0.476392 0.717936
vt 0.476918 0.717936
vt 0.475928 0.717936
vt 0.475912 0.717832
vt 0.475524 0.717832
vt 0.475538 0.717936
vt 0.475235 0.717936
vt 0.475222 0.717832
vt 0.475014 0.717832
vt 0.475027 0.717936
vt 0.474923 0.717936
vt 0.474908 0.717832
vt 0.474892 0.717780
vt 0.474922 0.717936
vt 0.475028 0.717936
vt 0.476283 0.717553
vt 0.483675 0.710573
vt 0.483882 0.710577
vt 0.483371 0.710577
vt 0.478084 0.710577
vt 0.480219 0.710573
vt 0.479622 0.710577
vt 0.480825 0.710577
vt 0.473296 0.711096
vt 0.472570 0.711104
vt 0.475262 0.711103
vt 0.475262 0.711103
vt 0.472546 0.712703
vt 0.472548 0.713116
vt 0.472545 0.711103
vt 0.472548 0.712609
vt 0.472545 0.714302
vt 0.475399 0.717552
vt 0.475520 0.717552
vt 0.475702 0.717552
vt 0.475898 0.717552
vt 0.476062 0.717552
vt 0.472548 0.715500
vt 0.472546 0.715913
vt 0.472548 0.716007
vt 0.475180 0.717552
vt 0.475114 0.717688
vt 0.473483 0.710956
vt 0.472546 0.713649
vt 0.472566 0.713675
vt 0.472549 0.713117
vt 0.472546 0.714308
vt 0.472562 0.714308
vt 0.472546 0.714967
vt 0.472545 0.713649
vt 0.472548 0.714308
vt 0.472546 0.715913
vt 0.472566 0.715848
vt 0.472549 0.715499
vt 0.472546 0.712703
vt 0.472545 0.714967
vt 0.472566 0.714941
vt 0.472566 0.714941
vt 0.472695 0.715413
vt 0.472695 0.714903
vt 0.472695 0.714308
vt 0.472695 0.713714
vt 0.472695 0.713204
vt 0.472566 0.712768
vt 0.472695 0.712862
vt 0.472695 0.712734
vt 0.472566 0.712768
vt 0.472695 0.713204
vt 0.472566 0.713675
vt 0.472695 0.713714
vt 0.472695 0.714903
vt 0.472695 0.715412
vt 0.472566 0.715848
vt 0.472695 0.715754
vt 0.472695 0.715882
vt 0.472776 0.715388
vt 0.472781 0.714889
vt 0.472776 0.714308
vt 0.472781 0.713727
vt 0.472776 0.713229
vt 0.472781 0.712895
vt 0.472776 0.712769
vt 0.472776 0.713229
vt 0.472781 0.713727
vt 0.472776 0.714308
vt 0.472781 0.714889
vt 0.472776 0.715388
vt 0.472781 0.715721
vt 0.472776 0.715847
vt 0.472781 0.715721
vt 0.475132 0.715384
vt 0.475132 0.714887
vt 0.475133 0.714308
vt 0.475132 0.713729
vt 0.475133 0.713232
vt 0.475131 0.712900
vt 0.475132 0.712774
vt 0.475132 0.713232
vt 0.475131 0.713729
vt 0.475132 0.714308
vt 0.475131 0.714887
vt 0.475132 0.715384
vt 0.475131 0.715717
vt 0.475133 0.715842
vt 0.475132 0.715717
vt 0.475188 0.714874
vt 0.475188 0.715359
vt 0.475101 0.715332
vt 0.475100 0.714859
vt 0.475101 0.714308
vt 0.475188 0.714308
vt 0.475188 0.713743
vt 0.475100 0.713757
vt 0.475101 0.713284
vt 0.475188 0.713257
vt 0.475188 0.712932
vt 0.475100 0.712967
vt 0.475103 0.712847
vt 0.475188 0.712810
vt 0.475099 0.712967
vt 0.475101 0.713284
vt 0.475188 0.713257
vt 0.475188 0.713743
vt 0.475103 0.714308
vt 0.475188 0.714308
vt 0.475188 0.714874
vt 0.475101 0.715332
vt 0.475188 0.715359
vt 0.475188 0.715684
vt 0.475098 0.715649
vt 0.475103 0.715769
vt 0.475188 0.715806
vt 0.475100 0.715650
vt 0.472754 0.714858
vt 0.472754 0.713758
vt 0.472754 0.712970
vt 0.472747 0.712851
vt 0.472754 0.713758
vt 0.472747 0.714308
vt 0.472754 0.714858
vt 0.472747 0.715765
vt 0.472754 0.715646
vt 0.472741 0.715328
vt 0.472741 0.714308
vt 0.472741 0.713288
vt 0.472752 0.712971
vt 0.472741 0.713288
vt 0.472741 0.715328
vt 0.472745 0.715644
vt 0.472581 0.714837
vt 0.472581 0.715291
vt 0.472524 0.715214
vt 0.472524 0.714796
vt 0.472524 0.714308
vt 0.472581 0.714308
vt 0.472581 0.713779
vt 0.472524 0.713820
vt 0.472524 0.713402
vt 0.472581 0.713325
vt 0.472581 0.713021
vt 0.472524 0.713121
vt 0.472524 0.713015
vt 0.472581 0.712907
vt 0.472581 0.713325
vt 0.472581 0.713779
vt 0.472524 0.713820
vt 0.472524 0.714308
vt 0.472581 0.714308
vt 0.472581 0.714837
vt 0.472524 0.714796
vt 0.472581 0.715291
vt 0.472581 0.715595
vt 0.472524 0.715495
vt 0.472524 0.715601
vt 0.472581 0.715709
vt 0.472505 0.714549
vt 0.472505 0.713237
vt 0.472505 0.713728
vt 0.472505 0.714549
vt 0.472504 0.713509
vt 0.472505 0.715230
vt 0.472505 0.715338
s 1
f 41/1/1 38/2/2 30/3/3
f 30/3/3 33/4/4 41/1/1
f 44/5/5 1/6/6 3/7/7
f 3/7/7 35/8/8 44/5/5
f 46/9/9 42/10/10 4/11/11
f 4/11/11 37/12/12 46/9/9
f 5/13/13 2/14/14 68/15/15
f 68/15/15 65/16/16 5/13/13
f 34/17/17 31/18/18 66/19/19
f 66/19/19 67/20/20 34/17/17
f 56/21/21 59/22/22 61/23/23
f 61/23/23 64/24/24 56/21/21
f 98/25/25 101/26/26 50/27/27
f 50/27/27 74/28/28 98/25/25
f 101/26/26 104/29/29 78/30/30
f 78/30/30 77/31/31 101/26/26
f 104/29/29 107/32/32 81/33/33
f 81/33/33 79/34/34 104/29/29
f 107/32/32 98/25/25 73/35/35
f 73/35/35 82/36/36 107/32/32
f 6/37/37 49/38/38 84/39/39
f 84/39/39 55/40/40 6/37/37
f 8/41/41 10/42/42 85/43/43
f 85/43/43 58/44/44 8/41/41
f 9/45/45 54/46/46 86/47/47
f 86/47/47 60/48/48 9/45/45
f 11/49/49 7/50/50 83/51/51
f 83/51/51 63/52/52 11/49/49
f 69/53/53 40/54/54 101/26/26
f 101/26/26 98/25/25 69/53/53
f 70/55/55 43/56/56 104/29/29
f 104/29/29 101/26/26 70/55/55
f 71/57/57 45/58/58 107/32/32
f 107/32/32 104/29/29 71/57/57
f 72/59/59 39/60/60 98/25/25
f 98/25/25 107/32/32 72/59/59
f 75/61/61 52/62/62 10/42/42
f 10/42/42 8/41/41 75/61/61
f 80/63/63 48/64/64 7/50/50
f 7/50/50 11/49/49 80/63/63
f 7/50/50 57/65/65 83/51/51
f 10/42/42 62/66/66 85/43/43
f 3/67/7 32/68/67 89/69/68
f 22/70/69 12/71/70 5/13/13
f 5/13/13 99/72/71 22/70/69
f 23/73/72 13/74/73 41/1/1
f 41/1/1 102/75/74 23/73/72
f 24/76/75 14/77/76 44/5/5
f 44/5/5 105/78/77 24/76/75
f 25/79/78 15/80/79 46/9/9
f 46/9/9 108/81/80 25/79/78
f 110/82/81 7/50/50 48/64/64
f 26/83/82 16/84/83 73/35/35
f 73/35/35 47/85/84 26/83/82
f 27/86/85 17/87/86 76/88/87
f 76/88/87 113/89/88 27/86/85
f 115/90/89 10/42/42 52/62/62
f 28/91/90 18/92/91 78/30/30
f 78/30/30 51/93/92 28/91/90
f 29/94/93 19/95/94 81/33/33
f 81/33/33 53/96/95 29/94/93
f 83/51/51 57/65/65 120/97/96
f 85/43/43 62/66/66 126/98/97
f 66/19/19 31/18/18 21/99/98
f 21/99/98 20/100/99 66/19/19
f 32/101/67 1/102/6 102/75/74
f 102/75/74 90/103/100 32/101/67
f 38/2/2 41/1/1 13/74/73
f 13/74/73 97/104/101 38/2/2
f 5/13/13 65/16/16 87/105/102
f 87/105/102 99/72/71 5/13/13
f 31/18/18 34/17/17 92/106/103
f 92/106/103 89/69/68 31/18/18
f 4/107/11 42/108/10 105/78/77
f 105/78/77 93/109/104 4/107/11
f 1/6/6 44/5/5 14/77/76
f 14/77/76 100/110/105 1/6/6
f 34/17/17 67/20/20 96/111/106
f 96/111/106 91/112/107 34/17/17
f 36/113/108 2/114/14 108/81/80
f 108/81/80 94/115/109 36/113/108
f 42/10/10 46/9/9 15/80/79
f 15/80/79 103/116/110 42/10/10
f 67/20/20 66/19/19 88/117/111
f 88/117/111 95/118/112 67/20/20
f 2/14/14 5/13/13 12/71/70
f 12/71/70 106/119/113 2/14/14
f 47/85/84 76/88/87 17/87/86
f 17/87/86 109/120/114 47/85/84
f 77/31/31 78/30/30 18/92/91
f 18/92/91 111/121/115 77/31/31
f 51/93/92 81/33/33 19/95/94
f 19/95/94 114/122/116 51/93/92
f 53/96/95 73/35/35 16/84/83
f 16/84/83 116/123/117 53/96/95
f 101/26/26 77/31/31 50/27/27
f 55/40/40 84/39/39 123/124/118
f 123/124/118 118/125/119 55/40/40
f 58/44/44 85/43/43 126/98/97
f 126/98/97 121/126/120 58/44/44
f 60/48/48 86/47/47 129/127/121
f 129/127/121 124/128/122 60/48/48
f 63/129/52 83/130/51 120/131/96
f 120/131/96 127/132/123 63/129/52
f 6/133/37 55/134/40 119/135/124
f 119/135/124 110/82/81 6/133/37
f 8/136/41 58/137/44 122/138/125
f 122/139/125 112/140/126 8/141/41
f 9/45/45 60/48/48 125/142/127
f 125/142/127 115/143/89 9/45/45
f 11/144/49 63/145/52 128/146/128
f 128/146/128 117/147/129 11/144/49
f 30/3/3 87/148/102 20/149/99
f 31/18/18 89/69/68 21/99/98
f 91/112/107 92/106/103 34/17/17
f 96/150/106 95/151/112 36/152/108
f 36/153/108 94/154/109 96/155/106
f 68/15/15 36/156/108 95/157/112
f 22/158/69 99/159/71 38/2/2
f 38/160/2 97/161/101 22/162/69
f 23/73/72 102/75/74 1/102/6
f 1/102/6 100/163/105 23/73/72
f 24/76/75 105/78/77 42/108/10
f 42/108/10 103/164/110 24/76/75
f 25/79/78 108/81/80 2/114/14
f 2/165/14 106/166/113 25/167/78
f 47/85/84 109/120/114 26/83/82
f 111/121/115 113/89/88 77/31/31
f 113/89/88 111/121/115 27/86/85
f 113/89/88 50/27/27 77/31/31
f 51/93/92 114/122/116 28/91/90
f 53/96/95 116/123/117 29/94/93
f 118/168/119 119/135/124 55/134/40
f 123/124/118 122/138/125 58/137/130
f 58/137/130 121/169/120 123/124/118
f 124/128/122 125/142/127 60/48/48
f 129/127/121 128/146/128 63/145/131
f 63/145/131 127/170/123 129/127/121
f 65/16/132 88/171/111 20/172/99
f 20/173/99 87/174/102 65/175/132
f 20/100/99 88/117/111 66/19/19
f 21/176/98 90/103/100 33/4/4
f 4/107/11 93/109/104 91/177/107
f 35/8/133 92/178/103 91/177/107
f 91/177/107 93/109/104 35/8/133
f 96/179/106 94/115/109 37/12/12
f 67/20/20 95/118/112 96/111/106
f 98/25/25 22/162/69 97/161/101
f 97/161/101 69/53/53 98/25/25
f 12/180/70 22/162/69 98/25/25
f 98/25/25 39/60/60 12/180/70
f 101/26/26 23/181/72 100/182/105
f 100/182/105 70/55/55 101/26/26
f 13/183/73 23/181/72 101/26/26
f 101/26/26 40/54/54 13/183/73
f 104/29/29 24/184/75 103/185/110
f 103/185/110 71/57/57 104/29/29
f 14/186/76 24/184/75 104/29/29
f 104/29/29 43/56/56 14/186/76
f 107/32/32 25/167/78 106/166/113
f 106/166/113 72/59/59 107/32/32
f 15/187/79 25/167/78 107/32/32
f 107/32/32 45/58/58 15/187/79
f 110/82/81 26/188/82 109/189/114
f 109/189/114 6/133/37 110/82/81
f 16/190/83 26/188/82 110/82/81
f 110/82/81 48/64/64 16/190/83
f 73/35/35 74/28/28 47/85/84
f 75/191/61 8/136/41 112/192/126
f 112/192/126 27/193/85 111/194/115
f 111/194/115 75/191/61 112/192/126
f 17/195/86 27/193/85 112/192/126
f 112/192/126 49/38/38 17/195/86
f 113/89/88 76/88/87 50/27/27
f 115/143/89 28/196/90 114/197/116
f 114/197/116 9/45/45 115/143/89
f 18/198/91 28/199/90 115/90/89
f 115/90/89 52/62/62 18/198/91
f 78/30/30 79/34/34 51/93/92
f 80/200/63 11/144/49 117/147/129
f 117/147/129 29/201/93 116/202/117
f 116/202/117 80/200/63 117/147/129
f 19/203/94 29/201/93 117/147/129
f 117/147/129 54/46/46 19/203/94
f 81/33/33 82/36/36 53/96/95
f 56/21/21 120/131/96 118/204/119
f 57/65/65 119/135/124 118/168/119
f 118/168/119 120/97/96 57/65/65
f 123/205/118 121/206/120 59/22/22
f 84/39/39 122/138/125 123/124/118
f 61/23/23 126/207/97 124/208/122
f 62/209/66 125/210/127 124/211/122
f 124/212/122 126/98/97 62/66/66
f 129/213/121 127/132/123 64/24/24
f 86/47/47 128/146/128 129/127/121
f 20/149/99 21/176/98 33/4/4
f 33/4/4 30/3/3 20/149/99
f 90/103/100 102/75/74 41/1/1
f 41/1/1 33/4/4 90/103/100
f 97/161/101 13/183/73 40/54/54
f 40/54/54 69/53/53 97/161/101
f 99/159/71 87/148/102 30/3/3
f 30/3/3 38/2/2 99/159/71
f 89/69/68 92/106/103 35/214/8
f 35/214/8 3/67/7 89/69/68
f 93/109/104 105/78/77 44/5/5
f 44/5/5 35/8/8 93/109/104
f 100/182/105 14/186/76 43/56/56
f 43/56/56 70/55/55 100/182/105
f 91/215/107 96/179/106 37/12/12
f 37/12/12 4/11/11 91/215/107
f 94/115/109 108/81/80 46/9/9
f 46/9/9 37/12/12 94/115/109
f 103/185/110 15/187/79 45/58/58
f 45/58/58 71/57/57 103/185/110
f 95/157/112 88/171/111 65/16/16
f 65/16/16 68/15/15 95/157/112
f 106/166/113 12/180/70 39/60/60
f 39/60/60 72/59/59 106/166/113
f 109/216/114 17/195/86 49/38/38
f 49/38/38 6/37/37 109/216/114
f 111/217/115 18/198/91 52/62/62
f 52/62/62 75/61/61 111/217/115
f 114/197/116 19/203/94 54/46/46
f 54/46/46 9/45/45 114/197/116
f 116/218/117 16/190/83 48/64/64
f 48/219/64 80/220/63 116/221/117
f 74/28/28 73/35/35 98/25/25
f 79/34/34 78/30/30 104/29/29
f 82/36/36 81/33/33 107/32/32
f 118/204/119 123/205/118 59/22/22
f 59/22/22 56/21/21 118/204/119
f 121/206/120 126/207/97 61/23/23
f 61/23/23 59/22/22 121/206/120
f 124/208/122 129/213/121 64/24/24
f 64/24/24 61/23/23 124/208/122
f 127/132/123 120/131/96 56/21/21
f 56/21/21 64/24/24 127/132/123
f 110/82/81 119/135/124 57/65/65
f 57/65/65 7/50/50 110/82/81
f 112/192/126 122/138/125 84/39/39
f 84/39/39 49/38/38 112/192/126
f 115/90/89 125/222/127 62/66/66
f 62/66/66 10/42/42 115/90/89
f 117/147/129 128/146/128 86/47/47
f 86/47/47 54/46/46 117/147/129
f 1/102/6 32/101/67 3/223/7
f 2/14/14 36/156/108 68/15/15
f 74/28/28 50/27/27 76/88/87
f 76/88/87 47/85/84 74/28/28
f 81/33/33 51/93/92 79/34/34
f 73/35/35 53/96/95 82/36/36
f 147/224/134 146/225/135 145/226/136
f 145/226/136 130/227/137 147/224/134
f 148/228/138 147/224/134 130/227/137
f 130/227/137 131/229/139 148/228/138
f 149/230/140 148/228/138 131/229/139
f 131/229/139 132/231/141 149/230/140
f 150/232/142 149/230/140 132/231/141
f 132/231/141 133/233/143 150/232/142
f 151/234/144 150/232/142 133/233/143
f 133/233/143 134/235/145 151/234/144
f 152/236/146 151/234/144 134/235/145
f 134/235/145 135/237/147 152/236/146
f 153/238/148 152/236/146 135/237/147
f 135/237/147 136/239/149 153/238/148
f 154/240/150 153/238/148 136/239/149
f 136/239/149 137/241/151 154/240/150
f 155/242/152 154/240/150 137/241/151
f 137/241/151 138/243/153 155/242/152
f 156/244/154 155/242/152 138/243/153
f 138/243/153 139/245/155 156/244/154
f 157/246/156 156/244/154 139/245/155
f 139/245/155 140/247/157 157/246/156
f 158/248/158 157/246/156 140/247/157
f 140/247/157 141/249/159 158/248/158
f 159/250/160 158/248/158 141/249/159
f 141/249/159 142/251/161 159/250/160
f 160/252/162 159/250/160 142/251/161
f 142/251/161 143/253/163 160/252/162
f 161/254/164 160/252/162 143/253/163
f 143/253/163 144/255/165 161/254/164
f 146/225/135 161/254/164 144/255/165
f 144/255/165 145/226/136 146/225/135
f 136/239/166 135/237/167 134/235/167
f 137/241/167 136/239/166 134/235/167
f 138/243/167 137/241/167 134/235/167
f 139/245/167 138/243/167 134/235/167
f 140/247/167 139/245/167 134/235/167
f 141/249/167 140/247/167 134/235/167
f 141/249/167 134/235/167 133/233/167
f 141/249/167 133/233/167 132/231/167
f 141/249/167 132/231/167 131/229/167
f 141/249/167 131/229/167 130/227/167
f 142/251/167 141/249/167 130/227/167
f 142/251/167 130/227/167 145/226/167
f 143/253/167 142/251/167 145/226/167
f 144/255/167 143/253/167 145/226/167
f 151/234/168 152/236/169 153/238/170
f 151/234/168 153/238/170 154/240/168
f 151/234/168 154/240/168 155/242/171
f 151/234/168 155/242/171 156/244/168
f 151/234/168 156/244/168 157/246/168
f 151/234/168 157/246/168 158/248/168
f 150/232/168 151/234/168 158/248/168
f 149/230/168 150/232/168 158/248/168
f 148/228/168 149/230/168 158/248/168
f 147/224/168 148/228/168 158/248/168
f 147/224/168 158/248/168 159/250/168
f 146/225/168 147/224/168 159/250/168
f 146/225/168 159/250/168 160/252/168
f 146/225/168 160/252/168 161/254/170
f 176/256/172 175/257/173 186/258/174
f 186/258/174 185/259/175 176/256/172
f 178/260/176 188/261/177 201/262/178
f 201/262/178 163/263/179 178/260/176
f 196/264/180 195/265/181 204/266/182
f 204/266/182 164/267/183 196/264/180
f 194/268/184 183/269/185 177/270/186
f 177/270/186 174/271/187 194/268/184
f 197/272/188 203/273/189 187/274/190
f 187/274/190 193/275/191 197/272/188
f 166/276/192 198/277/193 237/278/194
f 237/278/194 191/279/195 166/276/192
f 189/280/196 181/281/197 192/282/198
f 192/282/198 199/283/199 189/280/196
f 167/284/200 200/285/201 165/286/202
f 165/286/202 202/287/203 167/284/200
f 179/288/204 182/289/205 190/290/206
f 190/290/206 162/291/207 179/288/204
f 180/292/208 168/293/209 236/294/210
f 236/294/210 184/295/211 180/292/208
f 178/260/176 163/263/179 205/296/212
f 174/271/187 204/266/182 195/265/181
f 223/297/213 201/262/178 188/261/177
f 191/279/195 237/278/194 200/285/201
f 169/298/214 175/257/173 206/299/215
f 213/300/216 170/301/217 194/268/184
f 173/302/218 186/258/174 224/303/219
f 171/304/220 168/293/209 232/305/221
f 232/305/221 231/306/222 171/304/220
f 208/307/223 164/267/183 204/266/182
f 204/266/182 206/299/215 208/307/223
f 163/263/179 201/262/178 224/303/219
f 224/303/219 169/298/214 163/263/179
f 174/271/187 177/270/186 211/308/224
f 211/308/224 205/296/212 174/271/187
f 193/275/191 187/274/190 226/309/225
f 226/309/225 212/310/226 193/275/191
f 213/300/216 195/265/181 196/264/180
f 196/264/180 217/311/227 213/300/216
f 181/281/197 189/280/196 229/312/228
f 229/312/228 215/313/229 181/281/197
f 183/269/185 194/268/184 170/301/217
f 170/301/217 218/314/230 183/269/185
f 192/282/198 181/281/197 216/315/231
f 216/315/231 209/316/232 192/282/198
f 197/272/188 193/275/191 210/317/233
f 210/317/233 172/318/234 197/272/188
f 237/278/194 198/277/193 220/319/235
f 220/319/235 173/302/218 237/278/194
f 199/283/199 192/282/198 207/320/236
f 207/320/236 221/321/237 199/283/199
f 227/322/238 165/286/202 200/285/201
f 200/285/201 223/297/213 227/322/238
f 189/280/196 199/283/199 222/323/239
f 222/323/239 228/324/240 189/280/196
f 166/276/192 191/279/195 231/306/222
f 231/306/222 230/325/241 166/276/192
f 171/304/220 167/284/200 202/287/203
f 202/287/203 233/326/242 171/304/220
f 187/274/190 203/273/189 235/327/243
f 235/327/243 225/328/244 187/274/190
f 168/293/209 180/292/208 214/329/245
f 214/329/245 232/305/221 168/293/209
f 203/273/189 197/272/188 219/330/246
f 219/330/246 234/331/247 203/273/189
f 209/316/232 208/307/223 176/256/172
f 176/256/172 207/320/236 209/316/232
f 210/317/233 211/308/224 177/270/186
f 213/300/216 194/268/184 195/265/181
f 217/311/227 216/315/231 181/281/248
f 181/281/248 215/313/229 217/311/227
f 183/269/185 218/314/230 172/318/234
f 220/319/235 221/321/237 185/259/175
f 173/302/218 224/303/219 223/297/213
f 201/262/178 223/297/213 224/303/219
f 225/328/244 226/309/225 187/274/190
f 230/325/241 229/312/228 189/280/249
f 189/280/249 228/324/240 230/325/241
f 232/305/221 162/291/207 231/306/222
f 235/327/243 234/331/247 236/294/250
f 236/294/250 233/326/242 235/327/243
f 205/296/212 206/299/215 204/266/182
f 204/266/182 174/271/187 205/296/212
f 169/298/214 205/296/212 163/263/179
f 205/296/212 169/298/214 206/299/215
f 209/316/232 207/320/236 192/282/198
f 164/267/183 208/307/223 209/316/232
f 193/275/191 212/310/226 210/317/233
f 178/260/251 211/308/224 210/317/233
f 210/317/233 212/310/226 178/260/251
f 213/300/216 179/288/204 214/329/245
f 170/301/217 213/300/216 214/329/245
f 214/329/245 180/292/208 170/301/217
f 217/311/227 215/313/229 182/289/205
f 196/264/180 216/315/231 217/311/227
f 184/295/252 219/330/246 172/318/234
f 172/318/234 218/314/230 184/295/252
f 172/318/234 219/330/246 197/272/188
f 198/277/193 222/323/239 220/319/235
f 199/283/253 221/321/237 220/319/235
f 220/319/235 222/323/239 199/283/253
f 237/278/194 173/302/218 223/297/213
f 223/297/213 200/285/201 237/278/194
f 165/286/202 227/322/238 225/328/244
f 188/261/254 226/309/225 225/328/244
f 225/328/244 227/322/238 188/261/254
f 230/325/241 228/324/240 166/276/192
f 190/290/206 229/312/228 230/325/241
f 171/304/220 191/279/195 167/284/200
f 191/279/195 171/304/220 231/306/222
f 235/327/243 233/326/242 202/287/203
f 203/273/189 234/331/247 235/327/243
f 208/307/223 206/299/215 175/257/173
f 175/257/173 176/256/172 208/307/223
f 169/298/214 224/303/219 186/258/174
f 186/258/174 175/257/173 169/298/214
f 205/296/212 211/308/224 178/260/176
f 212/310/226 226/309/225 188/261/177
f 188/261/177 178/260/176 212/310/226
f 213/300/216 217/311/227 182/289/205
f 182/289/205 179/288/204 213/300/216
f 215/313/229 229/312/228 190/290/206
f 190/290/206 182/289/205 215/313/229
f 218/314/230 170/301/217 180/292/208
f 180/292/208 184/295/211 218/314/230
f 209/316/232 216/315/231 196/264/180
f 196/264/180 164/267/183 209/316/232
f 195/265/181 194/268/184 174/271/187
f 172/318/234 210/317/233 177/270/186
f 177/270/186 183/269/185 172/318/234
f 173/302/218 220/319/235 185/259/175
f 185/259/175 186/258/174 173/302/218
f 221/321/237 207/320/236 176/256/172
f 176/256/172 185/259/175 221/321/237
f 188/261/177 227/322/238 223/297/213
f 228/324/240 222/323/239 198/277/193
f 198/277/193 166/276/192 228/324/240
f 230/325/241 231/306/222 162/291/207
f 162/291/207 190/290/206 230/325/241
f 168/293/209 171/304/220 233/326/242
f 233/326/242 236/294/210 168/293/209
f 225/328/244 235/327/243 202/287/203
f 202/287/203 165/286/202 225/328/244
f 232/305/221 214/329/245 179/288/204
f 179/288/204 162/291/207 232/305/221
f 234/331/247 219/330/246 184/295/211
f 184/295/211 236/294/210 234/331/247
f 200/285/201 167/284/200 191/279/195
f 242/332/255 239/333/255 243/334/255
f 239/333/255 242/332/255 238/335/255
f 243/334/256 240/336/256 244/337/256
f 240/336/256 243/334/256 239/333/256
f 244/337/257 241/338/257 245/339/257
f 241/338/257 244/337/257 240/336/257
f 245/339/258 238/335/258 242/332/258
f 238/335/258 245/339/258 241/338/258
f 246/340/168 243/334/168 247/341/168
f 243/334/168 246/340/168 242/332/168
f 247/341/168 244/337/168 248/342/168
f 244/337/168 247/341/168 243/334/168
f 248/342/168 245/339/168 249/343/168
f 245/339/168 248/342/168 244/337/168
f 249/343/168 242/332/168 246/340/168
f 242/332/168 249/343/168 245/339/168
f 250/344/259 247/341/260 251/345/261
f 247/341/260 250/344/259 246/340/262
f 251/345/263 248/342/264 252/346/265
f 248/342/264 251/345/263 247/341/266
f 252/346/267 249/343/267 253/347/268
f 249/343/267 252/346/267 248/342/269
f 253/347/270 246/340/270 250/344/271
f 246/340/270 253/347/270 249/343/272
f 254/348/273 251/345/274 255/349/275
f 251/345/274 254/348/273 250/344/276
f 255/349/275 252/346/277 256/350/278
f 252/346/277 255/349/275 251/345/274
f 256/350/278 253/347/279 257/351/280
f 253/347/279 256/350/278 252/346/277
f 257/351/280 250/344/276 254/348/273
f 250/344/276 257/351/280 253/347/279
f 258/352/281 255/349/282 259/353/283
f 255/349/282 258/352/281 254/348/284
f 259/353/285 256/350/286 260/354/287
f 256/350/286 259/353/285 255/349/288
f 260/354/289 257/351/290 261/355/291
f 257/351/290 260/354/289 256/350/292
f 261/355/293 254/348/293 258/352/294
f 254/348/293 261/355/293 257/351/295
f 262/356/296 259/353/297 263/357/298
f 259/353/297 262/356/296 258/352/299
f 263/357/300 260/354/301 264/358/302
f 260/354/301 263/357/300 259/353/303
f 264/358/304 261/355/305 265/359/306
f 261/355/305 264/358/304 260/354/307
f 265/359/308 258/352/308 262/356/309
f 258/352/308 265/359/308 261/355/310
f 266/360/311 263/357/312 267/361/313
f 263/357/312 266/360/311 262/356/314
f 267/361/313 264/358/315 268/362/316
f 264/358/315 267/361/313 263/357/312
f 268/362/316 265/359/317 269/363/318
f 265/359/317 268/362/316 264/358/315
f 269/363/318 262/356/314 266/360/311
f 262/356/314 269/363/318 265/359/317
f 270/364/319 267/361/320 271/365/320
f 267/361/320 270/364/319 266/360/319
f 271/365/321 268/362/322 272/366/322
f 268/362/322 271/365/321 267/361/321
f 272/366/323 269/363/323 273/367/323
f 269/363/323 272/366/323 268/362/323
f 273/367/324 266/360/325 270/364/325
f 266/360/325 273/367/324 269/363/324
f 274/368/326 271/365/327 275/369/328
f 271/365/327 274/368/326 270/364/329
f 275/369/328 272/366/330 276/370/331
f 272/366/330 275/369/328 271/365/327
f 276/370/331 273/367/332 277/371/333
f 273/367/332 276/370/331 272/366/330
f 277/371/333 270/364/329 274/368/326
f 270/364/329 277/371/333 273/367/332
f 278/372/334 275/369/335 281/373/336
f 275/369/335 278/372/334 274/368/337
f 281/373/338 276/370/338 282/374/339
f 276/370/338 281/373/338 275/369/340
f 282/374/341 277/371/342 279/375/343
f 277/371/342 282/374/341 276/370/344
f 279/375/345 274/368/326 278/372/346
f 274/368/326 279/375/345 277/371/333
f 281/373/347 280/376/347 278/372/348
f 282/374/349 279/375/350 285/377/349
f 285/377/351 278/372/351 280/376/352
f 278/372/351 285/377/351 279/375/353
f 280/376/347 281/373/347 283/378/354
f 283/378/355 282/374/356 284/379/357
f 282/374/356 283/378/355 281/373/358
f 285/377/349 284/379/359 282/374/349
f 286/380/360 283/378/360 287/381/361
f 283/378/360 286/380/360 280/376/362
f 287/381/363 284/379/364 288/382/365
f 284/379/364 287/381/363 283/378/366
f 288/382/367 285/377/368 289/383/369
f 285/377/368 288/382/367 284/379/370
f 289/383/371 280/376/372 286/380/373
f 280/376/372 289/383/371 285/377/374
f 290/384/375 287/381/363 291/385/376
f 287/381/363 290/384/375 286/380/377
f 291/385/376 288/382/365 292/386/378
f 288/382/365 291/385/376 287/381/363
f 292/386/378 289/383/379 293/387/380
f 289/383/379 292/386/378 288/382/365
f 293/387/380 286/380/377 290/384/375
f 286/380/377 293/387/380 289/383/379
f 294/384/381 291/385/381 295/385/381
f 291/385/381 294/384/381 290/384/381
f 295/385/382 292/386/382 296/386/382
f 292/386/382 295/385/382 291/385/382
f 296/386/383 293/387/383 297/387/383
f 293/387/383 296/386/383 292/386/383
f 297/387/384 290/384/385 294/384/385
f 290/384/385 297/387/384 293/387/384
f 298/388/386 295/385/387 299/389/388
f 295/385/387 298/388/386 294/384/389
f 299/389/388 296/386/390 300/390/391
f 296/386/390 299/389/388 295/385/387
f 300/390/391 297/387/392 301/391/393
f 297/387/392 300/390/391 296/386/390
f 301/391/393 294/384/389 298/388/386
f 294/384/389 301/391/393 297/387/392
f 302/392/394 299/389/394 303/393/395
f 299/389/394 302/392/394 298/388/396
f 303/393/397 300/390/398 304/394/399
f 300/390/398 303/393/397 299/389/400
f 304/394/401 301/391/402 305/395/403
f 301/391/402 304/394/401 300/390/404
f 305/395/405 298/388/405 302/392/406
f 298/388/405 305/395/405 301/391/407
f 306/396/408 303/393/409 307/397/410
f 303/393/409 306/396/408 302/392/411
f 307/397/412 304/394/412 308/398/413
f 304/394/412 307/397/412 303/393/414
f 308/398/415 305/395/415 309/399/416
f 305/395/415 308/398/415 304/394/417
f 309/399/418 302/392/419 306/396/420
f 302/392/419 309/399/418 305/395/421
f 310/400/422 307/397/423 313/401/424
f 307/397/423 310/400/422 306/396/425
f 313/401/424 308/398/426 311/402/427
f 308/398/426 313/401/424 307/397/423
f 311/402/427 309/399/428 314/403/429
f 309/399/428 311/402/427 308/398/426
f 314/403/429 306/396/425 310/400/422
f 306/396/425 314/403/429 309/399/428
f 313/401/430 312/404/430 310/400/431
f 313/401/432 311/402/433 316/405/434
f 314/403/435 316/405/436 311/402/437
f 314/403/438 310/400/439 312/404/438
f 312/404/430 313/401/430 315/406/440
f 316/405/434 315/406/441 313/401/432
f 316/405/436 314/403/435 317/407/442
f 312/404/438 317/407/443 314/403/438
f 318/408/444 315/406/445 319/409/446
f 315/406/445 318/408/444 312/404/447
f 319/409/446 316/405/448 320/410/449
f 316/405/448 319/409/446 315/406/445
f 320/410/449 317/407/450 321/411/451
f 317/407/450 320/410/449 316/405/448
f 321/411/451 312/404/447 318/408/444
f 312/404/447 321/411/451 317/407/450
f 322/412/452 319/409/446 323/413/453
f 319/409/446 322/412/452 318/408/444
f 323/413/453 320/410/449 324/414/454
f 320/410/449 323/413/453 319/409/446
f 324/414/454 321/411/451 325/415/455
f 321/411/451 324/414/454 320/410/449
f 325/415/455 318/408/444 322/412/452
f 318/408/444 325/415/455 321/411/451
f 326/416/456 323/413/453 327/417/457
f 323/413/453 326/416/456 322/412/452
f 327/417/458 324/414/454 328/418/459
f 324/414/454 327/417/458 323/413/453
f 328/418/460 325/415/455 329/419/461
f 325/415/455 328/418/460 324/414/454
f 329/419/462 322/412/452 326/416/463
f 322/412/452 329/419/462 325/415/455
f 330/420/464 327/417/457 331/421/465
f 327/417/457 330/420/464 326/416/456
f 331/421/466 328/418/459 332/422/467
f 328/418/459 331/421/466 327/417/458
f 332/422/468 329/419/461 333/423/469
f 329/419/461 332/422/468 328/418/460
f 333/423/470 326/416/463 330/420/471
f 326/416/463 333/423/470 329/419/462
f 334/424/472 331/421/465 335/425/473
f 331/421/465 334/424/472 330/420/464
f 335/425/474 332/422/467 336/426/475
f 332/422/467 335/425/474 331/421/466
f 336/426/476 333/423/469 337/427/477
f 333/423/469 336/426/476 332/422/468
f 337/427/478 330/420/471 334/424/479
f 330/420/471 337/427/478 333/423/470
f 338/428/480 335/425/473 339/429/481
f 335/425/473 338/428/480 334/424/472
f 339/429/482 336/426/475 340/430/483
f 336/426/475 339/429/482 335/425/474
f 340/430/484 337/427/477 341/431/485
f 337/427/477 340/430/484 336/426/476
f 341/431/486 334/424/479 338/428/487
f 334/424/479 341/431/486 337/427/478
f 342/432/488 339/429/481 343/433/489
f 339/429/481 342/432/488 338/428/480
f 343/433/489 340/430/483 344/434/490
f 340/430/483 343/433/489 339/429/482
f 344/434/490 341/431/485 345/435/491
f 341/431/485 344/434/490 340/430/484
f 345/435/491 338/428/487 342/432/488
f 338/428/487 345/435/491 341/431/486
f 346/436/492 343/433/489 347/437/493
f 343/433/489 346/436/492 342/432/488
f 347/437/493 344/434/490 348/438/494
f 344/434/490 347/437/493 343/433/489
f 348/438/494 345/435/491 349/439/495
f 345/435/491 348/438/494 344/434/490
f 349/439/495 342/432/488 346/436/492
f 342/432/488 349/439/495 345/435/491
f 238/335/496 347/437/493 239/333/497
f 347/437/493 238/335/496 346/436/492
f 239/333/497 348/438/494 240/336/498
f 348/438/494 239/333/497 347/437/493
f 240/336/498 349/439/495 241/338/499
f 349/439/495 240/336/498 348/438/494
f 241/338/499 346/436/492 238/335/496
f 346/436/492 241/338/499 349/439/495
f 507/440/500 406/441/501 354/442/502
f 354/442/502 489/440/503 507/440/500
f 406/441/501 423/443/504 354/442/502
f 431/444/505 460/445/506 495/446/507
f 495/446/507 390/447/508 431/444/505
f 460/445/506 407/448/509 358/449/510
f 407/448/509 432/450/511 359/450/512
f 359/450/512 358/449/510 407/448/509
f 360/451/513 435/452/514 361/452/515
f 435/452/516 494/453/517 362/454/518
f 362/454/518 361/452/519 435/452/516
f 366/455/520 365/456/521 418/457/522
f 418/457/522 436/458/523 366/455/520
f 367/459/524 372/460/525 469/461/526
f 469/461/526 456/462/527 367/459/524
f 368/463/528 373/464/529 355/465/530
f 355/465/530 467/466/531 368/463/528
f 369/467/532 370/468/533 387/469/534
f 387/469/534 457/470/535 369/467/532
f 369/467/536 363/471/537 364/472/26
f 368/463/538 466/473/539 496/474/540
f 446/475/541 385/476/542 366/455/543
f 383/477/544 384/478/545 394/479/546
f 391/480/547 392/481/548 431/444/505
f 390/447/508 393/482/549 394/479/546
f 394/479/546 391/480/547 390/447/508
f 451/483/550 395/484/551 353/485/552
f 463/486/553 396/487/554 397/488/555
f 397/488/556 396/487/557 398/489/558
f 398/489/558 468/490/559 397/488/556
f 424/491/560 401/492/561 416/493/562
f 402/494/563 426/495/564 476/496/565
f 425/497/566 400/498/567 399/499/568
f 416/493/562 401/492/569 508/500/570
f 450/501/571 404/502/572 403/503/573
f 449/504/574 405/505/575 394/479/546
f 450/501/576 403/503/577 374/506/578
f 408/507/579 433/508/580 461/509/581
f 475/510/582 409/511/583 442/512/584
f 507/440/500 422/513/585 406/441/501
f 396/487/586 400/498/567 425/497/566
f 425/497/566 398/489/587 396/487/586
f 401/492/569 426/495/588 508/500/570
f 477/514/589 429/515/590 378/516/591
f 357/517/592 379/518/593 356/519/594
f 460/445/506 421/520/595 407/448/509
f 433/508/596 435/452/514 434/451/597
f 433/508/598 408/507/599 494/453/517
f 494/453/517 435/452/516 433/508/598
f 369/467/600 419/521/601 410/522/602
f 366/455/603 412/523/604 413/524/605
f 438/525/606 473/526/607 365/456/608
f 365/456/608 351/524/609 438/525/606
f 367/459/610 415/527/611 465/528/612
f 365/456/521 473/526/613 418/457/522
f 456/462/527 420/529/614 367/459/524
f 467/466/531 488/530/615 368/463/528
f 457/470/535 363/471/616 369/467/532
f 441/531/617 472/532/618 370/468/619
f 370/468/619 509/533/620 441/531/617
f 370/468/533 472/532/621 427/534/622
f 427/534/622 387/469/534 370/468/533
f 409/511/623 475/510/624 372/460/625
f 372/460/625 371/535/626 409/511/623
f 372/460/525 475/510/627 417/536/628
f 417/536/628 469/461/526 372/460/525
f 443/537/629 474/538/630 373/464/631
f 373/464/631 352/539/632 443/537/629
f 373/464/529 474/538/633 428/540/634
f 428/540/634 355/465/530 373/464/529
f 478/541/635 418/457/522 473/526/636
f 375/542/637 406/441/638 422/513/639
f 484/543/640 427/534/641 472/532/642
f 479/544/643 417/536/644 475/510/582
f 350/545/645 407/448/646 421/520/647
f 487/546/648 428/540/649 474/538/650
f 369/467/536 364/472/26 419/521/651
f 488/530/652 466/473/539 368/463/538
f 368/463/538 496/474/540 414/547/653
f 464/548/654 386/549/655 444/550/656
f 376/551/657 367/459/658 420/529/659
f 420/529/659 445/552/660 376/551/657
f 415/527/661 367/459/658 376/551/657
f 376/551/657 464/548/654 415/527/661
f 436/458/662 446/475/541 366/455/543
f 366/455/543 385/476/542 412/523/663
f 377/553/664 378/516/591 429/515/590
f 377/553/664 429/515/590 405/505/665
f 405/505/665 483/554/666 377/553/664
f 437/555/667 470/556/668 449/504/669
f 449/504/669 483/554/666 405/505/665
f 431/444/505 447/557/670 430/558/671
f 448/559/672 447/557/670 431/444/505
f 431/444/505 392/481/548 448/559/672
f 497/560/673 480/561/674 453/562/675
f 480/561/674 380/563/676 455/564/677
f 455/564/677 453/562/675 480/561/674
f 382/565/678 411/566/679 353/485/552
f 381/567/680 382/565/678 353/485/552
f 482/568/681 448/559/672 392/481/548
f 477/514/682 482/568/681 392/481/548
f 429/515/683 477/514/682 392/481/548
f 392/481/548 391/480/547 429/515/683
f 391/480/547 394/479/546 405/505/575
f 380/563/676 379/518/593 455/564/677
f 379/518/593 357/517/592 395/484/551
f 395/484/551 455/564/677 379/518/593
f 481/569/684 381/567/680 395/484/551
f 395/484/551 357/517/592 481/569/684
f 452/570/685 465/528/612 454/571/686
f 454/571/686 387/469/534 452/570/685
f 370/468/619 369/467/600 410/522/602
f 410/522/602 509/533/620 370/468/619
f 365/456/608 366/455/603 413/524/605
f 413/524/605 351/524/609 365/456/608
f 373/464/631 368/463/687 414/547/688
f 414/547/688 352/539/632 373/464/631
f 372/460/625 367/459/610 465/528/612
f 465/528/612 371/535/626 372/460/625
f 402/494/689 441/531/617 509/533/620
f 509/533/620 426/495/588 402/494/689
f 399/499/690 406/441/638 375/542/637
f 375/542/637 439/572/691 399/499/690
f 508/500/570 509/533/620 410/522/602
f 462/573/692 458/574/693 463/486/553
f 459/575/694 404/502/572 450/501/571
f 450/501/576 471/576/695 459/575/696
f 393/482/549 383/477/544 394/479/546
f 360/451/513 359/450/512 432/450/511
f 414/547/688 420/529/614 456/462/527
f 403/503/577 397/488/556 468/490/559
f 468/490/559 374/506/578 403/503/577
f 418/457/522 416/493/562 508/500/570
f 407/448/509 433/508/596 434/451/597
f 434/451/597 432/450/511 407/448/509
f 443/537/697 417/536/644 479/544/643
f 436/458/662 419/521/651 364/472/26
f 364/472/26 446/475/541 436/458/662
f 418/457/522 508/500/570 410/522/602
f 410/522/602 436/458/523 418/457/522
f 459/575/698 462/573/692 463/486/553
f 463/486/553 404/502/699 459/575/698
f 494/453/517 503/577/700 490/578/701
f 490/578/701 362/454/518 494/453/517
f 493/579/702 355/465/530 428/540/634
f 355/465/530 493/579/702 467/466/531
f 510/580/703 460/445/506 358/449/510
f 423/443/504 463/486/553 458/574/693
f 458/574/693 354/442/502 423/443/504
f 406/441/501 399/499/704 400/498/705
f 400/498/705 423/443/504 406/441/501
f 441/531/706 402/494/707 440/581/708
f 445/552/660 385/476/542 386/549/655
f 386/549/655 364/472/26 363/471/537
f 451/483/550 413/524/605 412/523/604
f 452/570/685 387/469/534 427/534/622
f 363/471/537 444/550/656 386/549/655
f 438/525/709 411/566/710 485/582/711
f 450/501/576 437/555/667 394/479/546
f 454/571/686 457/470/535 387/469/534
f 364/472/26 385/476/542 446/475/541
f 356/519/594 477/514/589 378/516/591
f 378/516/591 357/517/592 356/519/594
f 379/518/593 482/568/712 477/514/589
f 477/514/589 356/519/594 379/518/593
f 380/563/713 448/559/714 482/568/712
f 482/568/712 379/518/593 380/563/713
f 381/567/715 483/554/666 449/504/669
f 449/504/669 382/565/716 381/567/715
f 402/494/707 399/499/690 439/572/691
f 439/572/691 440/581/708 402/494/707
f 472/532/642 441/531/706 375/542/637
f 473/526/636 438/525/709 374/506/578
f 474/538/650 443/537/697 350/545/645
f 475/510/582 442/512/584 461/509/581
f 487/546/648 350/545/645 430/558/717
f 425/497/566 476/496/565 424/491/718
f 424/491/718 398/489/587 425/497/566
f 374/506/578 478/541/635 473/526/636
f 375/542/637 484/543/640 472/532/642
f 461/509/581 479/544/643 475/510/582
f 350/545/645 487/546/648 474/538/650
f 447/557/719 480/561/720 497/560/721
f 497/560/721 430/558/717 447/557/719
f 448/559/714 380/563/713 480/561/720
f 480/561/720 447/557/719 448/559/714
f 377/553/664 481/569/722 357/517/592
f 357/517/592 378/516/591 377/553/664
f 481/569/722 377/553/664 483/554/666
f 398/489/558 424/491/560 416/493/562
f 416/493/562 468/490/559 398/489/558
f 399/499/568 402/494/563 476/496/565
f 476/496/565 425/497/566 399/499/568
f 439/572/691 375/542/637 441/531/706
f 441/531/706 440/581/708 439/572/691
f 468/490/559 416/493/562 478/541/635
f 478/541/635 374/506/578 468/490/559
f 510/580/703 486/583/544 460/445/506
f 497/560/721 428/540/649 487/546/648
f 444/550/656 415/527/661 464/548/654
f 491/584/723 489/440/503 490/578/701
f 505/585/724 498/586/725 492/587/726
f 492/587/726 499/588/727 505/585/724
f 430/558/717 350/545/645 421/520/647
f 408/507/599 422/513/585 389/589/728
f 389/589/728 494/453/517 408/507/599
f 409/511/583 427/534/641 484/543/640
f 484/543/640 442/512/584 409/511/583
f 488/530/652 412/523/663 385/476/542
f 385/476/542 466/473/539 488/530/652
f 451/483/550 467/466/531 453/562/675
f 464/548/654 445/552/660 386/549/655
f 496/474/540 466/473/539 445/552/660
f 497/560/721 487/546/648 430/558/717
f 442/512/584 484/543/640 461/509/581
f 397/488/555 403/503/729 404/502/699
f 404/502/699 463/486/553 397/488/555
f 416/493/562 418/457/522 478/541/635
f 436/458/523 410/522/602 419/521/601
f 417/536/628 443/537/629 352/539/632
f 352/539/632 469/461/526 417/536/628
f 433/508/580 407/448/646 350/545/645
f 350/545/645 461/509/581 433/508/580
f 420/529/659 414/547/653 496/474/540
f 496/474/540 445/552/660 420/529/659
f 469/461/526 352/539/632 414/547/688
f 414/547/688 456/462/527 469/461/526
f 385/476/542 445/552/660 466/473/539
f 461/509/581 350/545/645 443/537/697
f 443/537/697 479/544/643 461/509/581
f 415/527/611 444/550/730 465/528/612
f 428/540/634 497/560/673 493/579/702
f 493/579/702 453/562/675 467/466/531
f 486/583/544 495/446/507 460/445/506
f 430/558/671 421/520/595 460/445/506
f 460/445/506 431/444/505 430/558/671
f 422/513/639 408/507/579 461/509/581
f 461/509/581 375/542/637 422/513/639
f 412/523/604 488/530/615 467/466/531
f 467/466/531 451/483/550 412/523/604
f 427/534/622 409/511/623 371/535/626
f 371/535/626 452/570/685 427/534/622
f 452/570/685 371/535/626 465/528/612
f 375/542/637 461/509/581 484/543/640
f 453/562/675 455/564/677 451/483/550
f 454/571/686 465/528/612 444/550/730
f 453/562/675 493/579/702 497/560/673
f 503/577/700 494/453/517 389/589/728
f 389/589/728 388/590/731 503/577/700
f 489/440/503 491/584/723 501/591/732
f 503/577/700 491/584/723 490/578/701
f 464/548/654 376/551/657 445/552/660
f 384/478/545 471/576/695 450/501/576
f 450/501/576 394/479/546 384/478/545
f 501/591/732 507/440/500 489/440/503
f 411/566/679 438/525/606 351/524/609
f 351/524/609 353/485/552 411/566/679
f 437/555/667 450/501/576 374/506/578
f 374/506/578 470/556/668 437/555/667
f 444/550/730 363/471/616 457/470/535
f 457/470/535 454/571/686 444/550/730
f 507/440/500 389/589/728 422/513/585
f 353/485/552 351/524/609 413/524/605
f 413/524/605 451/483/550 353/485/552
f 470/556/668 374/506/578 438/525/709
f 438/525/709 485/582/711 470/556/668
f 364/472/26 386/549/655 385/476/542
f 504/592/733 498/586/734 503/577/733
f 503/577/733 500/593/735 504/592/733
f 498/586/736 505/585/737 491/584/738
f 491/584/738 503/577/739 498/586/736
f 505/585/740 502/594/741 506/595/740
f 506/595/740 491/584/742 505/585/740
f 502/594/743 504/592/744 500/593/745
f 500/593/745 506/595/746 502/594/743
f 498/586/725 504/592/747 492/587/726
f 505/585/724 499/588/727 502/594/748
f 503/577/700 388/590/731 500/593/749
f 491/584/723 506/595/750 501/591/732
f 506/595/751 500/593/752 388/590/753
f 388/590/753 501/591/754 506/595/751
f 504/592/755 502/594/756 499/588/727
f 499/588/727 492/587/726 504/592/755
f 382/565/716 485/582/711 411/566/710
f 394/479/546 437/555/667 449/504/574
f 485/582/711 382/565/716 449/504/669
f 449/504/669 470/556/668 485/582/711
f 360/451/513 434/451/597 435/452/514
f 395/484/551 451/483/550 455/564/677
f 391/480/547 405/505/575 429/515/683
f 508/500/570 426/495/588 509/533/620
f 434/451/597 360/451/513 432/450/511
f 400/498/705 463/486/553 423/443/504
f 388/590/731 389/589/728 507/440/500
f 501/591/732 388/590/731 507/440/500
f 391/480/547 431/444/505 390/447/508
f 400/498/705 396/487/554 463/486/553
f 426/495/564 401/492/757 424/491/718
f 424/491/718 476/496/565 426/495/564
f 381/567/680 353/485/552 395/484/551
f 381/567/715 481/569/722 483/554/666
f 89/596/68 32/101/67 90/103/100
f 21/176/98 89/596/68 90/103/100
f 513/597/758 514/598/759 567/599/760
f 514/598/759 736/600/761 567/599/760
f 760/601/762 515/602/763 516/603/764
f 516/603/764 758/604/765 760/601/762
f 549/605/766 518/606/767 512/607/768
f 512/607/768 791/608/769 549/605/766
f 549/605/766 551/609/770 518/606/767
f 796/610/771 556/611/772 519/612/773
f 520/613/774 517/614/775 591/615/776
f 591/615/776 571/616/777 520/613/774
f 521/617/778 571/616/777 573/618/779
f 521/617/778 520/613/774 571/616/777
f 573/618/779 522/619/780 523/620/781
f 523/620/781 521/617/778 573/618/779
f 732/621/782 550/622/783 524/623/784
f 524/623/784 525/624/785 732/621/782
f 732/621/782 525/624/785 526/625/786
f 526/625/786 527/626/787 732/621/782
f 733/627/788 527/626/787 526/625/786
f 733/627/788 526/625/786 528/628/789
f 528/628/789 529/629/790 733/627/788
f 735/630/791 529/629/790 528/628/789
f 735/630/791 528/628/789 674/631/792
f 674/631/792 734/632/793 735/630/791
f 579/633/794 530/634/795 511/635/796
f 511/635/796 568/636/797 579/633/794
f 531/637/798 530/634/795 582/638/799
f 530/634/795 579/633/794 582/638/799
f 531/637/798 582/638/799 585/639/800
f 585/639/800 532/640/801 531/637/798
f 554/641/802 557/642/803 533/643/804
f 533/643/804 534/644/805 554/641/802
f 554/641/802 534/644/805 535/645/806
f 535/645/806 536/646/807 554/641/802
f 558/647/808 536/646/807 535/645/806
f 535/645/806 537/648/809 558/647/808
f 558/647/808 537/648/809 538/649/810
f 538/649/810 539/650/811 558/647/808
f 560/651/812 539/650/811 538/649/810
f 560/651/812 538/649/810 673/652/813
f 673/652/813 561/653/814 560/651/812
f 540/654/815 563/655/816 761/656/817
f 563/655/816 541/657/818 761/656/817
f 543/658/819 762/659/820 542/660/821
f 543/658/819 542/660/821 564/661/822
f 544/662/823 545/663/824 771/664/825
f 545/663/824 764/665/826 771/664/825
f 770/666/827 758/604/765 516/603/764
f 741/667/828 548/668/829 546/669/830
f 741/667/828 546/669/830 547/670/831
f 549/605/766 791/608/769 737/671/832
f 737/671/832 946/672/833 549/605/766
f 549/605/766 946/672/833 550/622/783
f 550/622/783 551/609/770 549/605/766
f 554/641/802 536/646/807 555/673/834
f 555/673/834 947/674/835 554/641/802
f 554/641/802 947/674/835 556/611/772
f 556/611/772 557/642/803 554/641/802
f 558/647/808 539/650/811 559/675/836
f 559/675/836 948/676/837 558/647/808
f 558/647/808 948/676/837 555/673/834
f 555/673/834 536/646/807 558/647/808
f 560/651/812 561/653/814 742/677/838
f 742/677/838 949/678/839 560/651/812
f 560/651/812 949/678/839 559/675/836
f 559/675/836 539/650/811 560/651/812
f 771/664/825 791/608/769 512/607/768
f 771/664/825 512/607/768 544/662/823
f 533/643/804 552/679/840 562/680/841
f 796/610/771 519/612/773 586/681/842
f 736/600/761 514/598/759 566/682/843
f 566/682/843 589/683/844 736/600/761
f 512/607/845 518/606/846 591/615/776
f 511/635/796 524/623/847 565/684/848
f 535/645/849 534/644/850 520/613/774
f 520/613/774 534/644/850 533/643/851
f 533/643/851 517/614/775 520/613/774
f 571/616/777 591/615/776 518/606/846
f 518/606/846 569/685/852 571/616/777
f 571/616/777 569/685/852 570/686/853
f 538/649/854 537/648/855 521/617/778
f 521/617/778 537/648/855 535/645/849
f 535/645/849 520/613/774 521/617/778
f 571/616/777 570/686/853 572/687/856
f 572/687/856 573/618/779 571/616/777
f 523/620/781 574/688/857 521/617/778
f 521/617/778 574/688/857 673/652/858
f 673/652/858 538/649/854 521/617/778
f 573/618/779 572/687/856 575/689/859
f 575/689/859 576/690/860 573/618/779
f 573/618/779 576/690/860 522/619/780
f 526/625/861 525/624/862 530/634/795
f 530/634/795 525/624/862 524/623/847
f 524/623/847 511/635/796 530/634/795
f 579/633/794 568/636/797 519/612/863
f 519/612/863 577/691/864 579/633/794
f 579/633/794 577/691/864 578/692/865
f 530/634/795 531/637/798 528/628/866
f 528/628/866 526/625/861 530/634/795
f 582/638/799 579/633/794 578/692/865
f 578/692/865 580/693/867 582/638/799
f 582/638/799 580/693/867 581/694/868
f 532/640/801 583/695/869 531/637/798
f 531/637/798 583/695/869 674/631/870
f 674/631/870 528/628/866 531/637/798
f 582/638/799 581/694/868 584/696/871
f 584/696/871 585/639/800 582/638/799
f 761/656/817 545/663/872 544/662/873
f 544/662/873 540/654/815 761/656/817
f 541/657/818 563/655/816 516/603/874
f 516/603/874 515/602/875 541/657/818
f 762/659/820 766/697/876 586/681/877
f 586/681/877 542/660/821 762/659/820
f 543/658/819 564/661/822 767/698/878
f 767/698/878 587/699/879 543/658/819
f 741/667/828 547/670/831 588/700/880
f 588/700/880 740/701/881 741/667/828
f 736/600/761 589/683/844 590/702/882
f 590/702/882 548/668/829 736/600/761
f 517/614/775 533/643/851 516/603/874
f 516/603/874 563/655/816 517/614/775
f 563/655/816 591/615/776 517/614/775
f 511/635/796 565/684/848 767/698/878
f 767/698/878 564/661/822 511/635/796
f 511/635/796 564/661/822 542/660/821
f 592/703/883 664/704/884 593/705/885
f 593/705/885 950/706/886 592/703/883
f 592/703/883 950/706/886 780/707/887
f 748/708/888 951/709/889 595/710/890
f 595/710/890 951/709/889 596/711/891
f 596/711/891 594/712/892 595/710/890
f 599/713/893 600/714/894 598/715/895
f 598/715/895 600/714/894 601/716/896
f 602/717/897 600/714/894 599/713/893
f 599/713/893 603/718/898 602/717/897
f 602/717/897 603/718/898 604/719/899
f 604/719/899 605/720/900 602/717/897
f 602/717/897 605/720/900 606/721/901
f 606/721/901 626/722/902 602/717/897
f 602/717/897 626/722/902 601/716/896
f 601/716/896 600/714/894 602/717/897
f 607/723/903 605/720/900 604/719/899
f 604/719/899 608/724/904 607/723/903
f 607/723/903 608/724/904 609/725/905
f 607/723/903 609/725/905 610/726/906
f 610/726/906 627/727/907 607/723/903
f 607/723/903 627/727/907 606/721/901
f 606/721/901 605/720/900 607/723/903
f 612/728/908 613/729/909 611/730/910
f 611/730/910 613/729/909 614/731/911
f 614/731/911 628/732/912 611/730/910
f 611/730/910 628/732/912 610/726/906
f 610/726/906 609/725/905 611/730/910
f 615/733/913 613/729/909 612/728/908
f 614/731/911 613/729/909 615/733/913
f 776/734/914 618/735/915 775/736/916
f 775/736/916 618/735/915 774/737/917
f 777/738/918 619/739/919 597/740/920
f 597/740/920 619/739/919 776/734/914
f 656/741/921 621/742/922 752/743/923
f 752/743/923 621/742/922 778/744/924
f 780/707/887 598/715/895 625/745/925
f 625/745/925 598/715/895 601/716/896
f 614/731/911 615/733/913 629/746/926
f 629/746/926 615/733/913 748/708/888
f 631/747/927 672/748/928 657/749/929
f 675/750/930 677/751/931 678/752/932
f 678/752/932 637/753/933 675/750/930
f 675/750/930 676/754/934 638/755/935
f 638/755/935 677/751/931 675/750/930
f 679/756/936 618/735/915 680/757/937
f 680/757/937 639/758/938 679/756/936
f 679/756/936 637/753/933 678/752/932
f 678/752/932 618/735/915 679/756/936
f 681/759/939 619/739/919 682/760/940
f 682/760/940 640/761/941 681/759/939
f 681/759/939 639/758/938 680/757/937
f 680/757/937 619/739/919 681/759/939
f 683/762/942 684/763/943 685/764/944
f 683/762/942 685/764/944 641/765/945
f 683/762/942 640/761/941 682/760/940
f 682/760/940 684/763/943 683/762/942
f 686/766/946 621/742/922 726/767/947
f 641/765/945 685/764/944 686/766/946
f 685/764/944 621/742/922 686/766/946
f 688/768/948 691/769/949 692/770/950
f 692/770/950 642/771/951 688/768/948
f 688/768/948 690/772/952 643/773/953
f 643/773/953 691/769/949 688/768/948
f 693/774/954 694/775/955 695/776/956
f 695/776/956 644/777/957 693/774/954
f 693/774/954 642/771/951 692/770/950
f 692/770/950 694/775/955 693/774/954
f 696/778/958 625/745/925 697/779/959
f 697/779/959 645/780/960 696/778/958
f 696/778/958 644/777/957 695/776/956
f 695/776/956 625/745/925 696/778/958
f 698/781/961 699/782/962 700/783/963
f 700/783/963 646/784/964 698/781/961
f 698/781/961 645/780/960 697/779/959
f 697/779/959 699/782/962 698/781/961
f 701/785/965 702/786/966 703/787/967
f 703/787/967 647/788/968 701/785/965
f 701/785/965 646/784/964 700/783/963
f 700/783/963 702/786/966 701/785/965
f 704/789/969 705/790/970 706/791/971
f 706/791/971 648/792/972 704/789/969
f 704/789/969 647/788/968 703/787/967
f 703/787/967 705/790/970 704/789/969
f 707/793/973 708/794/974 709/795/975
f 709/795/975 649/796/976 707/793/973
f 707/793/973 648/792/972 706/791/971
f 706/791/971 708/794/974 707/793/973
f 650/797/977 711/798/978 651/799/979
f 651/799/979 710/800/980 650/797/977
f 650/797/977 710/800/980 649/796/976
f 650/797/977 649/796/976 709/795/975
f 712/801/981 713/802/982 727/803/983
f 651/799/979 711/798/978 712/801/981
f 711/798/978 713/802/982 712/801/981
f 714/804/984 716/805/985 717/806/986
f 717/806/986 652/807/987 714/804/984
f 715/808/988 653/809/989 714/804/984
f 653/809/989 716/805/985 714/804/984
f 718/810/990 719/811/991 720/812/992
f 720/812/992 654/813/993 718/810/990
f 718/810/990 652/807/987 717/806/986
f 717/806/986 719/811/991 718/810/990
f 721/814/994 722/815/995 723/816/996
f 723/816/996 655/817/997 721/814/994
f 721/814/994 654/813/993 720/812/992
f 720/812/992 722/815/995 721/814/994
f 724/818/998 725/819/999 638/755/935
f 638/755/935 676/754/934 724/818/998
f 724/818/998 655/817/997 723/816/996
f 723/816/996 725/819/999 724/818/998
f 633/820/1000 657/749/929 672/748/928
f 660/821/1001 662/822/1002 730/823/1003
f 726/767/947 687/824/1004 643/773/953
f 643/773/953 690/772/952 726/767/947
f 727/803/983 657/749/929 653/809/989
f 727/803/983 653/809/989 715/808/988
f 728/825/1005 660/821/1001 661/826/1006
f 660/821/1001 689/827/1007 662/822/1002
f 689/827/1007 663/828/1008 662/822/1002
f 658/829/1009 730/823/1003 662/822/1002
f 660/821/1001 728/825/1005 729/830/1010
f 731/831/1011 661/826/1006 660/821/1001
f 662/822/1002 659/832/1012 658/829/1009
f 729/830/1010 689/827/1007 660/821/1001
f 743/833/1013 781/834/1014 665/835/1015
f 744/836/1016 782/837/1017 666/838/1018
f 666/838/1018 667/839/1019 744/836/1016
f 744/836/1016 667/839/1019 665/835/1015
f 665/835/1015 781/834/1014 744/836/1016
f 745/840/1020 783/841/1021 668/842/1022
f 668/842/1022 669/843/1023 745/840/1020
f 745/840/1020 669/843/1023 666/838/1018
f 666/838/1018 782/837/1017 745/840/1020
f 746/844/1024 784/845/1025 670/846/1026
f 670/846/1026 671/847/1027 746/844/1024
f 746/844/1024 671/847/1027 668/842/1022
f 668/842/1022 783/841/1021 746/844/1024
f 670/846/1026 784/845/1025 747/848/1028
f 585/639/800 584/696/871 612/728/908
f 612/728/908 611/730/910 585/639/800
f 585/639/800 611/730/910 609/725/1029
f 742/677/838 596/711/891 612/728/908
f 612/728/908 584/696/1030 742/677/838
f 574/688/857 523/620/781 668/842/1031
f 668/842/1031 671/847/1032 574/688/857
f 574/688/857 671/847/1032 670/846/1033
f 670/846/1033 673/652/858 574/688/857
f 666/838/1034 669/843/1035 522/619/780
f 522/619/780 669/843/1035 668/842/1031
f 668/842/1031 523/620/781 522/619/780
f 576/690/860 575/689/859 665/835/1036
f 665/835/1036 667/839/1037 576/690/860
f 576/690/860 667/839/1037 666/838/1034
f 666/838/1034 522/619/780 576/690/860
f 553/849/1038 664/704/884 665/835/1015
f 665/835/1015 575/689/1039 553/849/1038
f 553/849/1038 734/632/793 593/705/885
f 593/705/885 664/704/884 553/849/1038
f 583/695/869 532/640/801 604/719/1040
f 604/719/1040 603/718/1041 583/695/869
f 583/695/869 603/718/1041 599/713/1042
f 599/713/1042 674/631/870 583/695/869
f 532/640/801 585/639/800 609/725/1029
f 609/725/1029 608/724/1043 532/640/801
f 532/640/801 608/724/1043 604/719/1040
f 677/751/931 638/755/935 617/850/1044
f 617/850/1044 616/851/1045 677/751/931
f 677/751/931 616/851/1045 774/737/917
f 774/737/917 678/752/932 677/751/931
f 618/735/915 678/752/932 774/737/917
f 776/734/914 680/757/937 618/735/915
f 619/739/919 680/757/937 776/734/914
f 777/738/918 682/760/940 619/739/919
f 641/765/945 729/830/1010 683/762/942
f 683/762/942 729/830/1010 640/761/941
f 684/763/943 682/760/940 777/738/918
f 777/738/918 620/852/1046 684/763/943
f 684/763/943 620/852/1046 778/744/924
f 778/744/924 685/764/944 684/763/943
f 621/742/922 685/764/944 778/744/924
f 656/741/921 687/824/1004 621/742/922
f 621/742/922 687/824/1004 726/767/947
f 642/771/951 689/827/1007 688/768/948
f 688/768/948 689/827/1007 690/772/952
f 691/769/949 643/773/953 623/853/1047
f 623/853/1047 622/854/1048 691/769/949
f 691/769/949 622/854/1048 779/855/1049
f 779/855/1049 692/770/950 691/769/949
f 694/775/955 692/770/950 779/855/1049
f 779/855/1049 624/856/1050 694/775/955
f 694/775/955 624/856/1050 780/707/887
f 780/707/887 695/776/956 694/775/955
f 625/745/925 695/776/956 780/707/887
f 601/716/896 697/779/959 625/745/925
f 699/782/962 697/779/959 601/716/896
f 601/716/896 626/722/902 699/782/962
f 699/782/962 626/722/902 606/721/901
f 606/721/901 700/783/963 699/782/962
f 702/786/966 700/783/963 606/721/901
f 606/721/901 627/727/907 702/786/966
f 702/786/966 627/727/907 610/726/906
f 610/726/906 703/787/967 702/786/966
f 705/790/970 703/787/967 610/726/906
f 610/726/906 628/732/912 705/790/970
f 705/790/970 628/732/912 614/731/911
f 614/731/911 706/791/971 705/790/970
f 708/794/974 706/791/971 614/731/911
f 614/731/911 629/746/926 708/794/974
f 708/794/974 629/746/926 748/708/888
f 748/708/888 709/795/975 708/794/974
f 651/799/979 730/823/1003 710/800/980
f 710/800/980 730/823/1003 649/796/976
f 650/797/977 709/795/975 748/708/888
f 748/708/888 630/857/1051 650/797/977
f 650/797/977 630/857/1051 749/858/1052
f 749/858/1052 711/798/978 650/797/977
f 727/803/983 651/799/979 712/801/981
f 713/802/982 711/798/978 749/858/1052
f 749/858/1052 631/747/927 713/802/982
f 713/802/982 631/747/927 657/749/929
f 713/802/982 657/749/929 727/803/983
f 716/805/985 653/809/989 633/820/1000
f 633/820/1000 632/859/1053 716/805/985
f 716/805/985 632/859/1053 785/860/1054
f 785/860/1054 717/806/986 716/805/985
f 719/811/991 717/806/986 785/860/1054
f 785/860/1054 634/861/1055 719/811/991
f 719/811/991 634/861/1055 750/862/1056
f 750/862/1056 720/812/992 719/811/991
f 722/815/995 720/812/992 750/862/1056
f 750/862/1056 635/863/1057 722/815/995
f 722/815/995 635/863/1057 751/864/1058
f 751/864/1058 723/816/996 722/815/995
f 725/819/999 723/816/996 751/864/1058
f 751/864/1058 636/865/1059 725/819/999
f 725/819/999 636/865/1059 617/850/1044
f 617/850/1044 638/755/935 725/819/999
f 687/824/1004 656/741/921 623/853/1047
f 623/853/1047 643/773/953 687/824/1004
f 633/820/1000 653/809/989 657/749/929
f 676/754/934 675/750/930 661/826/1006
f 661/826/1006 675/750/930 637/753/933
f 728/825/1005 661/826/1006 637/753/933
f 637/753/933 679/756/936 728/825/1005
f 728/825/1005 679/756/936 639/758/938
f 639/758/938 681/759/939 728/825/1005
f 728/825/1005 681/759/939 640/761/941
f 729/830/1010 728/825/1005 640/761/941
f 641/765/945 686/766/946 729/830/1010
f 689/827/1007 729/830/1010 686/766/946
f 686/766/946 726/767/947 689/827/1007
f 689/827/1007 726/767/947 690/772/952
f 642/771/951 663/828/1008 689/827/1007
f 642/771/951 693/774/954 663/828/1008
f 663/828/1008 693/774/954 644/777/957
f 644/777/957 696/778/958 663/828/1008
f 663/828/1008 696/778/958 645/780/960
f 645/780/960 662/822/1002 663/828/1008
f 645/780/960 698/781/961 662/822/1002
f 662/822/1002 698/781/961 646/784/964
f 646/784/964 701/785/965 662/822/1002
f 662/822/1002 701/785/965 647/788/968
f 647/788/968 659/832/1012 662/822/1002
f 647/788/968 704/789/969 659/832/1012
f 659/832/1012 704/789/969 648/792/972
f 648/792/972 658/829/1009 659/832/1012
f 648/792/972 707/793/973 658/829/1009
f 658/829/1009 707/793/973 649/796/976
f 730/823/1003 658/829/1009 649/796/976
f 730/823/1003 651/799/979 727/803/983
f 660/821/1001 730/823/1003 727/803/983
f 660/821/1001 727/803/983 715/808/988
f 715/808/988 714/804/984 660/821/1001
f 660/821/1001 714/804/984 652/807/987
f 731/831/1011 660/821/1001 652/807/987
f 652/807/987 718/810/990 731/831/1011
f 731/831/1011 718/810/990 654/813/993
f 654/813/993 721/814/994 731/831/1011
f 731/831/1011 721/814/994 655/817/997
f 661/826/1006 731/831/1011 655/817/997
f 655/817/997 724/818/998 661/826/1006
f 661/826/1006 724/818/998 676/754/934
f 753/866/1060 768/867/1061 586/681/842
f 586/681/842 766/697/1062 753/866/1060
f 754/868/1063 769/869/1064 587/699/1065
f 754/868/1063 587/699/1065 767/698/1066
f 772/870/1067 738/871/1068 813/872/1069
f 813/872/1069 804/873/1070 796/610/771
f 796/610/771 772/870/1067 813/872/1069
f 739/874/1071 772/870/1067 768/867/1061
f 736/600/761 548/668/829 741/667/828
f 552/679/840 557/642/803 556/611/772
f 556/611/772 796/610/771 552/679/840
f 952/875/1072 732/621/782 527/626/787
f 527/626/787 755/876/1073 952/875/1072
f 952/875/1072 551/609/770 550/622/783
f 550/622/783 732/621/782 952/875/1072
f 953/877/1074 733/627/788 529/629/790
f 529/629/790 756/878/1075 953/877/1074
f 953/877/1074 755/876/1073 527/626/787
f 527/626/787 733/627/788 953/877/1074
f 954/879/1076 735/630/791 734/632/793
f 734/632/793 553/849/1038 954/879/1076
f 954/879/1076 756/878/1075 529/629/790
f 529/629/790 735/630/791 954/879/1076
f 814/880/1077 757/881/1078 770/666/827
f 814/880/1077 770/666/827 562/680/841
f 562/680/841 793/882/1079 814/880/1077
f 768/867/1061 758/604/765 739/874/1071
f 758/604/765 770/666/827 739/874/1071
f 567/599/760 741/667/828 740/701/881
f 740/701/881 759/883/1080 567/599/760
f 736/600/761 741/667/828 567/599/760
f 561/653/814 594/712/892 596/711/891
f 596/711/891 742/677/838 561/653/814
f 761/656/817 514/598/1081 513/597/1082
f 547/670/1083 546/669/1084 543/658/819
f 546/669/1084 762/659/820 543/658/819
f 764/665/826 545/663/824 763/884/1085
f 763/884/1085 759/883/1086 764/665/826
f 760/601/762 753/866/1060 590/702/1087
f 590/702/1087 589/683/1088 760/601/762
f 758/604/765 768/867/1061 753/866/1060
f 753/866/1060 760/601/762 758/604/765
f 764/665/826 754/868/1063 771/664/825
f 764/665/826 759/883/1086 740/701/1089
f 740/701/1089 769/869/1064 764/665/826
f 764/665/826 769/869/1064 754/868/1063
f 761/656/817 513/597/1082 763/884/1090
f 763/884/1090 545/663/872 761/656/817
f 541/657/818 515/602/875 566/682/1091
f 566/682/1091 514/598/1081 541/657/818
f 514/598/1081 761/656/817 541/657/818
f 762/659/820 546/669/1084 765/885/1092
f 765/885/1092 766/697/876 762/659/820
f 543/658/819 587/699/879 588/700/1093
f 588/700/1093 547/670/1083 543/658/819
f 753/866/1060 766/697/1062 765/885/1094
f 765/885/1094 590/702/1087 753/866/1060
f 516/603/764 562/680/841 770/666/827
f 617/850/1044 773/886/1095 616/851/1045
f 773/886/1095 1046/887/1096 616/851/1045
f 616/851/1045 1046/887/1096 774/737/917
f 1055/888/1097 1027/889/1098 623/853/1047
f 623/853/1047 656/741/921 1055/888/1097
f 779/855/1049 622/854/1048 1056/890/1099
f 1056/890/1099 622/854/1048 623/853/1047
f 623/853/1047 1027/889/1098 1056/890/1099
f 1057/891/1100 779/855/1049 1056/890/1099
f 624/856/1050 779/855/1049 1057/891/1100
f 1059/892/1101 780/707/887 624/856/1050
f 743/833/1013 780/707/887 1059/892/1101
f 747/848/1028 1069/893/1102 748/708/888
f 1070/894/1103 1071/895/1104 749/858/1052
f 749/858/1052 630/857/1051 1070/894/1103
f 1070/894/1103 630/857/1051 748/708/888
f 748/708/888 1069/893/1102 1070/894/1103
f 1073/896/1105 1031/897/1106 633/820/1000
f 633/820/1000 672/748/928 1073/896/1105
f 633/820/1000 1031/897/1106 632/859/1053
f 634/861/1055 1077/898/1107 750/862/1056
f 1078/899/1108 1079/900/1109 751/864/1058
f 751/864/1058 635/863/1057 1078/899/1108
f 1078/899/1108 635/863/1057 750/862/1056
f 750/862/1056 1077/898/1107 1078/899/1108
f 1080/901/1110 773/886/1095 617/850/1044
f 617/850/1044 636/865/1059 1080/901/1110
f 1080/901/1110 636/865/1059 751/864/1058
f 751/864/1058 1079/900/1109 1080/901/1110
f 656/741/921 752/743/923 786/902/1111
f 786/902/1111 752/743/923 778/744/924
f 672/748/928 631/747/927 1072/903/1112
f 1072/903/1112 631/747/927 749/858/1052
f 749/858/1052 1071/895/1104 1072/903/1112
f 772/870/1067 796/610/771 586/681/842
f 591/615/776 540/654/815 544/662/873
f 544/662/873 512/607/845 591/615/776
f 563/655/816 540/654/815 591/615/776
f 568/636/797 542/660/821 586/681/877
f 586/681/877 519/612/863 568/636/797
f 568/636/797 511/635/796 542/660/821
f 789/904/1113 787/905/1114 795/906/1115
f 795/906/1115 787/905/1114 788/907/1116
f 788/907/1116 955/908/1117 795/906/1115
f 562/680/841 955/908/1117 815/909/1118
f 516/603/764 533/643/804 562/680/841
f 767/698/1066 565/684/1119 754/868/1063
f 565/684/1119 737/671/832 754/868/1063
f 754/868/1063 737/671/832 771/664/825
f 739/874/1071 738/871/1068 772/870/1067
f 798/910/1120 816/911/1121 739/874/1071
f 739/874/1071 816/911/1121 738/871/1068
f 790/912/1122 792/913/1123 794/880/1124
f 794/880/1124 792/913/1123 793/882/1079
f 804/873/1070 817/872/1125 796/610/771
f 796/610/771 817/872/1125 789/904/1113
f 789/904/1113 795/906/1115 796/610/771
f 757/881/1078 797/914/1126 799/915/1127
f 799/915/1127 797/914/1126 798/910/1120
f 800/916/1128 788/907/1116 801/917/1129
f 801/917/1129 818/918/1130 800/916/1128
f 800/916/1128 818/918/1130 821/919/1131
f 821/919/1131 790/912/1122 800/916/1128
f 787/905/1114 789/904/1113 802/920/1132
f 802/920/1132 822/921/1133 787/905/1114
f 787/905/1114 822/921/1133 801/917/1129
f 801/917/1129 788/907/1116 787/905/1114
f 803/922/1134 804/873/1070 805/923/1135
f 805/923/1135 825/924/1136 803/922/1134
f 803/922/1134 825/924/1136 802/920/1132
f 802/920/1132 789/904/1113 803/922/1134
f 806/925/1137 738/871/1068 807/920/1138
f 807/920/1138 828/924/1139 806/925/1137
f 806/925/1137 828/924/1139 805/923/1135
f 805/923/1135 804/873/1070 806/925/1137
f 808/905/1140 798/910/1120 809/917/1141
f 809/917/1141 831/921/1142 808/905/1140
f 808/905/1140 831/921/1142 807/920/1138
f 807/920/1138 738/871/1068 808/905/1140
f 797/914/1126 757/881/1078 810/919/1143
f 810/919/1143 834/926/1144 797/914/1126
f 797/914/1126 834/926/1144 809/917/1141
f 809/917/1141 798/910/1120 797/914/1126
f 811/927/1145 793/882/1079 812/928/1146
f 812/928/1146 837/929/1147 811/927/1145
f 811/927/1145 837/929/1147 810/919/1143
f 810/919/1143 757/881/1078 811/927/1145
f 792/913/1123 790/912/1122 821/919/1131
f 821/919/1131 840/930/1148 792/913/1123
f 792/913/1123 840/930/1148 812/928/1146
f 812/928/1146 793/882/1079 792/913/1123
f 738/871/1068 806/925/1137 813/872/1069
f 813/872/1069 806/925/1137 804/873/1070
f 793/882/1079 811/927/1145 814/880/1077
f 814/880/1077 811/927/1145 757/881/1078
f 795/906/1115 955/908/1117 796/610/771
f 815/909/1118 955/908/1117 788/907/1116
f 788/907/1116 800/916/1128 815/909/1118
f 815/909/1118 800/916/1128 790/912/1122
f 798/910/1120 808/905/1140 816/911/1121
f 816/911/1121 808/905/1140 738/871/1068
f 562/680/841 794/880/1124 793/882/1079
f 562/680/841 815/909/1118 790/912/1122
f 790/912/1122 794/880/1124 562/680/841
f 804/873/1070 803/922/1134 817/872/1125
f 817/872/1125 803/922/1134 789/904/1113
f 739/874/1071 799/915/1127 798/910/1120
f 770/666/827 757/881/1078 739/874/1071
f 757/881/1078 799/915/1127 739/874/1071
f 818/918/1130 801/917/1129 819/931/1149
f 819/931/1149 820/932/1150 818/918/1130
f 818/918/1130 820/932/1150 842/933/1151
f 842/933/1151 821/919/1131 818/918/1130
f 822/921/1133 802/920/1132 823/934/1152
f 823/934/1152 824/935/1153 822/921/1133
f 822/921/1133 824/935/1153 819/931/1149
f 819/931/1149 801/917/1129 822/921/1133
f 825/924/1136 805/923/1135 826/936/1154
f 826/936/1154 827/937/1155 825/924/1136
f 825/924/1136 827/937/1155 823/934/1152
f 823/934/1152 802/920/1132 825/924/1136
f 828/924/1139 807/920/1138 829/938/1156
f 829/938/1156 830/939/1157 828/924/1139
f 828/924/1139 830/939/1157 826/936/1154
f 826/936/1154 805/923/1135 828/924/1139
f 831/921/1142 809/917/1141 832/940/1158
f 832/940/1158 833/941/1159 831/921/1142
f 831/921/1142 833/941/1159 829/938/1156
f 829/938/1156 807/920/1138 831/921/1142
f 834/926/1144 810/919/1143 835/942/1160
f 835/942/1160 836/943/1161 834/926/1144
f 834/926/1144 836/943/1161 832/940/1158
f 832/940/1158 809/917/1141 834/926/1144
f 837/929/1147 812/928/1146 838/944/1162
f 838/944/1162 839/945/1163 837/929/1147
f 837/929/1147 839/945/1163 835/942/1160
f 835/942/1160 810/919/1143 837/929/1147
f 840/930/1148 821/919/1131 842/933/1151
f 842/933/1151 841/946/1164 840/930/1148
f 840/930/1148 841/946/1164 838/944/1162
f 838/944/1162 812/928/1146 840/930/1148
f 820/932/1150 819/931/1149 843/947/1165
f 843/947/1165 850/948/1166 820/932/1150
f 820/932/1150 850/948/1166 851/949/1167
f 851/949/1167 842/933/1151 820/932/1150
f 824/935/1153 823/934/1152 844/950/1168
f 844/950/1168 852/951/1169 824/935/1153
f 824/935/1153 852/951/1169 843/947/1165
f 843/947/1165 819/931/1149 824/935/1153
f 827/937/1155 826/936/1154 845/952/1170
f 845/952/1170 853/953/1171 827/937/1155
f 827/937/1155 853/953/1171 844/950/1168
f 844/950/1168 823/934/1152 827/937/1155
f 830/939/1157 829/938/1156 846/954/1172
f 846/954/1172 854/955/1173 830/939/1157
f 830/939/1157 854/955/1173 845/952/1170
f 845/952/1170 826/936/1154 830/939/1157
f 833/941/1159 832/940/1158 847/956/1174
f 847/956/1174 855/957/1175 833/941/1159
f 833/941/1159 855/957/1175 846/954/1172
f 846/954/1172 829/938/1156 833/941/1159
f 836/943/1161 835/942/1160 848/958/1176
f 848/958/1176 856/959/1177 836/943/1161
f 836/943/1161 856/959/1177 847/956/1174
f 847/956/1174 832/940/1158 836/943/1161
f 839/945/1163 838/944/1162 849/960/1178
f 849/960/1178 857/961/1179 839/945/1163
f 839/945/1163 857/961/1179 848/958/1176
f 848/958/1176 835/942/1160 839/945/1163
f 841/946/1164 842/933/1151 851/949/1167
f 851/949/1167 858/961/1180 841/946/1164
f 841/946/1164 858/961/1180 849/960/1178
f 849/960/1178 838/944/1162 841/946/1164
f 859/962/1181 860/963/1182 851/949/1167
f 851/949/1167 850/948/1166 859/962/1181
f 859/962/1181 850/948/1166 843/947/1165
f 843/947/1165 861/964/1183 859/962/1181
f 859/962/1184 861/964/1185 862/965/1186
f 862/965/1186 863/966/1187 859/962/1184
f 859/962/1184 863/966/1187 893/967/1188
f 893/967/1188 860/963/1189 859/962/1184
f 864/968/1190 861/964/1183 843/947/1165
f 843/947/1165 852/951/1169 864/968/1190
f 864/968/1190 852/951/1169 844/950/1168
f 844/950/1168 865/969/1191 864/968/1190
f 864/968/1192 865/969/1193 866/970/1194
f 866/970/1194 867/971/1195 864/968/1192
f 864/968/1192 867/971/1195 862/965/1186
f 862/965/1186 861/964/1185 864/968/1192
f 868/972/1196 865/969/1191 844/950/1168
f 844/950/1168 853/953/1171 868/972/1196
f 868/972/1196 853/953/1171 845/952/1170
f 845/952/1170 869/973/1197 868/972/1196
f 868/972/1198 869/973/1199 870/974/1200
f 870/974/1200 871/975/1201 868/972/1198
f 868/972/1198 871/975/1201 866/970/1194
f 866/970/1194 865/969/1193 868/972/1198
f 872/972/1202 869/973/1197 845/952/1170
f 845/952/1170 854/955/1173 872/972/1202
f 872/972/1202 854/955/1173 846/954/1172
f 846/954/1172 873/976/1203 872/972/1202
f 872/972/1204 873/976/1205 874/977/1206
f 874/977/1206 875/978/1207 872/972/1204
f 872/972/1204 875/978/1207 870/974/1200
f 870/974/1200 869/973/1199 872/972/1204
f 876/979/1208 873/976/1203 846/954/1172
f 846/954/1172 855/957/1175 876/979/1208
f 876/979/1208 855/957/1175 847/956/1174
f 847/956/1174 877/980/1209 876/979/1208
f 876/979/1210 877/980/1211 878/981/1212
f 878/981/1212 879/982/1213 876/979/1210
f 876/979/1210 879/982/1213 874/977/1206
f 874/977/1206 873/976/1205 876/979/1210
f 880/983/1214 877/980/1209 847/956/1174
f 847/956/1174 856/959/1177 880/983/1214
f 880/983/1214 856/959/1177 848/958/1176
f 848/958/1176 881/984/1215 880/983/1214
f 880/983/1216 881/984/1217 882/985/1218
f 882/985/1218 883/986/1219 880/983/1216
f 880/983/1216 883/986/1219 878/981/1212
f 878/981/1212 877/980/1211 880/983/1216
f 884/987/1220 881/984/1215 848/958/1176
f 848/958/1176 857/961/1179 884/987/1220
f 884/987/1220 857/961/1179 849/960/1178
f 849/960/1178 885/988/1221 884/987/1220
f 884/987/1222 885/988/1223 886/989/1224
f 886/989/1224 887/990/1225 884/987/1222
f 884/987/1222 887/990/1225 882/985/1218
f 882/985/1218 881/984/1217 884/987/1222
f 888/987/1226 885/988/1221 849/960/1178
f 849/960/1178 858/961/1180 888/987/1226
f 888/987/1226 858/961/1180 851/949/1167
f 851/949/1167 860/963/1182 888/987/1226
f 888/987/1227 860/963/1189 893/967/1188
f 893/967/1188 889/991/1228 888/987/1227
f 888/987/1227 889/991/1228 886/989/1224
f 886/989/1224 885/988/1223 888/987/1227
f 871/975/1201 870/974/1200 890/992/1229
f 890/992/1229 870/974/1200 875/978/1207
f 879/982/1213 878/981/1212 891/993/1230
f 891/993/1230 903/994/1231 879/982/1213
f 879/982/1213 903/994/1231 874/977/1206
f 882/985/1218 904/995/1232 883/986/1219
f 883/986/1219 904/995/1232 891/993/1230
f 891/993/1230 878/981/1212 883/986/1219
f 887/990/1225 886/989/1224 892/996/1233
f 892/996/1233 886/989/1224 889/991/1228
f 893/967/1188 863/966/1187 898/997/1234
f 898/997/1234 863/966/1187 862/965/1186
f 898/997/1234 862/965/1186 894/998/1235
f 899/999/1236 893/967/1188 898/997/1234
f 862/965/1186 867/971/1195 900/1000/1237
f 900/1000/1237 867/971/1195 866/970/1194
f 900/1000/1237 866/970/1194 895/1001/1238
f 894/998/1235 862/965/1186 900/1000/1237
f 866/970/1194 871/975/1201 901/1002/1239
f 901/1002/1239 871/975/1201 890/992/1229
f 895/1001/1238 866/970/1194 901/1002/1239
f 875/978/1207 874/977/1206 896/1003/1240
f 896/1003/1240 902/1004/1241 875/978/1207
f 875/978/1207 902/1004/1241 890/992/1229
f 896/1003/1240 874/977/1206 903/994/1231
f 904/995/1232 882/985/1218 897/1005/1242
f 892/996/1233 905/1006/1243 887/990/1225
f 887/990/1225 905/1006/1243 897/1005/1242
f 897/1005/1242 882/985/1218 887/990/1225
f 892/996/1233 889/991/1228 906/1007/1244
f 906/1007/1244 889/991/1228 893/967/1188
f 906/1007/1244 893/967/1188 899/999/1236
f 907/1008/1245 908/1009/1246 899/999/1236
f 899/999/1236 898/997/1234 907/1008/1245
f 907/1008/1245 898/997/1234 894/998/1235
f 894/998/1235 909/1010/1247 907/1008/1245
f 907/1008/1248 909/1010/1249 910/1011/1250
f 910/1011/1250 911/1012/1251 907/1008/1248
f 907/1008/1248 911/1012/1251 912/1013/1252
f 912/1013/1252 908/1009/1253 907/1008/1248
f 913/1014/1254 909/1010/1247 894/998/1235
f 894/998/1235 900/1000/1237 913/1014/1254
f 913/1014/1254 900/1000/1237 895/1001/1238
f 895/1001/1238 914/1015/1255 913/1014/1254
f 913/1014/1256 914/1015/1257 915/1016/1258
f 915/1016/1258 916/1017/1259 913/1014/1256
f 913/1014/1256 916/1017/1259 910/1011/1250
f 910/1011/1250 909/1010/1249 913/1014/1256
f 917/1018/1260 914/1015/1255 895/1001/1238
f 895/1001/1238 901/1002/1239 917/1018/1260
f 917/1018/1260 901/1002/1239 890/992/1229
f 890/992/1229 918/1019/1261 917/1018/1260
f 917/1018/1262 918/1019/1263 919/1020/1264
f 919/1020/1264 920/1021/1265 917/1018/1262
f 917/1018/1262 920/1021/1265 915/1016/1258
f 915/1016/1258 914/1015/1257 917/1018/1262
f 921/1018/1266 918/1019/1261 890/992/1229
f 890/992/1229 902/1004/1241 921/1018/1266
f 921/1018/1266 902/1004/1241 896/1003/1240
f 896/1003/1240 922/1022/1267 921/1018/1266
f 921/1018/1268 922/1022/1269 923/1016/1270
f 923/1016/1270 924/1021/1271 921/1018/1268
f 921/1018/1268 924/1021/1271 919/1020/1264
f 919/1020/1264 918/1019/1263 921/1018/1268
f 925/1023/1272 922/1022/1267 896/1003/1240
f 896/1003/1240 903/994/1231 925/1023/1272
f 925/1023/1272 903/994/1231 891/993/1230
f 891/993/1230 926/1024/1273 925/1023/1272
f 925/1023/1274 926/1024/1275 927/1025/1276
f 927/1025/1276 928/1026/1277 925/1023/1274
f 925/1023/1274 928/1026/1277 923/1016/1270
f 923/1016/1270 922/1022/1269 925/1023/1274
f 929/1027/1278 926/1024/1273 891/993/1230
f 891/993/1230 904/995/1232 929/1027/1278
f 929/1027/1278 904/995/1232 897/1005/1242
f 897/1005/1242 930/1028/1279 929/1027/1278
f 929/1027/1280 930/1028/1281 931/1013/1282
f 931/1013/1282 932/1029/1283 929/1027/1280
f 929/1027/1280 932/1029/1283 927/1025/1276
f 927/1025/1276 926/1024/1275 929/1027/1280
f 933/1030/1284 930/1028/1279 897/1005/1242
f 897/1005/1242 905/1006/1243 933/1030/1284
f 933/1030/1284 905/1006/1243 892/996/1233
f 892/996/1233 934/1031/1285 933/1030/1284
f 933/1030/1286 934/1031/1287 935/1032/1288
f 935/1032/1288 936/1033/1289 933/1030/1286
f 933/1030/1286 936/1033/1289 931/1013/1282
f 931/1013/1282 930/1028/1281 933/1030/1286
f 937/1030/1290 934/1031/1285 892/996/1233
f 892/996/1233 906/1007/1244 937/1030/1290
f 937/1030/1290 906/1007/1244 899/999/1236
f 899/999/1236 908/1009/1246 937/1030/1290
f 937/1030/1291 908/1009/1253 912/1013/1252
f 912/1013/1252 938/1033/1292 937/1030/1291
f 937/1030/1291 938/1033/1292 935/1032/1288
f 935/1032/1288 934/1031/1287 937/1030/1291
f 939/1034/1293 941/1035/1294 945/1036/1295
f 941/1035/1294 942/1037/1296 945/1036/1295
f 942/1037/1296 940/1038/1297 945/1036/1295
f 945/1036/1295 940/1038/1297 943/1039/1298
f 945/1036/1295 943/1039/1298 944/1040/1299
f 939/1034/1293 911/1012/1251 910/1011/1250
f 939/1034/1293 945/1036/1295 912/1013/1252
f 912/1013/1252 911/1012/1251 939/1034/1293
f 941/1035/1294 916/1017/1259 915/1016/1258
f 941/1035/1294 939/1034/1293 910/1011/1250
f 910/1011/1250 916/1017/1259 941/1035/1294
f 942/1037/1296 920/1021/1265 919/1020/1264
f 942/1037/1296 941/1035/1294 915/1016/1258
f 915/1016/1258 920/1021/1265 942/1037/1296
f 940/1038/1297 924/1021/1271 923/1016/1270
f 940/1038/1297 942/1037/1296 919/1020/1264
f 919/1020/1264 924/1021/1271 940/1038/1297
f 940/1038/1297 928/1026/1277 927/1025/1276
f 927/1025/1276 943/1039/1298 940/1038/1297
f 923/1016/1270 928/1026/1277 940/1038/1297
f 943/1039/1298 932/1029/1283 931/1013/1282
f 931/1013/1282 944/1040/1299 943/1039/1298
f 927/1025/1276 932/1029/1283 943/1039/1298
f 944/1040/1299 936/1033/1289 935/1032/1288
f 935/1032/1288 945/1036/1295 944/1040/1299
f 931/1013/1282 936/1033/1289 944/1040/1299
f 945/1036/1295 938/1033/1292 912/1013/1252
f 935/1032/1288 938/1033/1292 945/1036/1295
f 946/672/833 737/671/832 565/684/1119
f 565/684/1119 524/623/784 946/672/833
f 524/623/784 550/622/783 946/672/833
f 947/674/835 555/673/834 578/692/1300
f 578/692/1300 577/691/1301 947/674/835
f 947/674/835 577/691/1301 519/612/773
f 519/612/773 556/611/772 947/674/835
f 948/676/837 559/675/836 581/694/1302
f 581/694/1302 580/693/1303 948/676/837
f 948/676/837 580/693/1303 578/692/1300
f 578/692/1300 555/673/834 948/676/837
f 949/678/839 742/677/838 584/696/1030
f 584/696/1030 581/694/1302 949/678/839
f 581/694/1302 559/675/836 949/678/839
f 548/668/829 590/702/882 765/885/1304
f 765/885/1304 546/669/830 548/668/829
f 950/706/886 593/705/885 599/713/893
f 599/713/893 598/715/895 950/706/886
f 950/706/886 598/715/895 780/707/887
f 748/708/888 615/733/913 951/709/889
f 951/709/889 615/733/913 612/728/908
f 612/728/908 596/711/891 951/709/889
f 734/632/793 674/631/792 599/713/893
f 599/713/893 593/705/885 734/632/793
f 769/869/1064 740/701/1089 588/700/1305
f 588/700/1305 587/699/1065 769/869/1064
f 533/643/804 557/642/803 552/679/840
f 952/875/1072 755/876/1073 570/686/1306
f 570/686/1306 569/685/1307 952/875/1072
f 952/875/1072 569/685/1307 518/606/767
f 518/606/767 551/609/770 952/875/1072
f 953/877/1074 756/878/1075 572/687/1308
f 572/687/1308 570/686/1306 953/877/1074
f 570/686/1306 755/876/1073 953/877/1074
f 954/879/1076 553/849/1038 575/689/1039
f 575/689/1039 572/687/1308 954/879/1076
f 572/687/1308 756/878/1075 954/879/1076
f 567/599/760 759/883/1080 763/884/1309
f 763/884/1309 513/597/758 567/599/760
f 780/707/887 743/833/1013 592/703/883
f 592/703/883 743/833/1013 665/835/1015
f 665/835/1015 664/704/884 592/703/883
f 595/710/890 594/712/892 670/846/1026
f 670/846/1026 747/848/1028 595/710/890
f 595/710/890 747/848/1028 748/708/888
f 561/653/814 673/652/813 670/846/1026
f 670/846/1026 594/712/892 561/653/814
f 760/601/762 589/683/1088 566/682/1310
f 566/682/1310 515/602/763 760/601/762
f 586/681/842 768/867/1061 772/870/1067
f 955/908/1117 552/679/840 796/610/771
f 955/908/1117 562/680/841 552/679/840
f 771/664/825 737/671/832 791/608/769
f 957/1041/1311 1003/1042/1312 1218/1043/1313
f 957/1041/1311 1021/1044/1314 1003/1042/1312
f 979/1045/1315 1213/1046/1316 1025/1047/1317
f 1025/1047/1317 1219/1048/1318 979/1045/1315
f 980/1049/1319 1237/1050/1320 956/1051/1321
f 956/1051/1321 959/1052/1322 980/1049/1319
f 959/1052/1322 981/1053/1323 980/1049/1319
f 1002/1054/1324 1186/1055/1325 1185/1056/1326
f 961/1057/1327 962/1058/1328 958/1059/1329
f 958/1059/1329 1024/1060/1330 961/1057/1327
f 964/1061/1331 962/1058/1328 963/1062/1332
f 962/1058/1328 961/1057/1327 963/1062/1332
f 964/1061/1331 963/1062/1332 1141/1063/1333
f 1141/1063/1333 1142/1064/1334 964/1061/1331
f 1187/1065/1335 965/1066/1336 1006/1067/1337
f 1006/1067/1337 1188/1068/1338 1187/1065/1335
f 1187/1065/1335 1189/1069/1339 966/1070/1340
f 966/1070/1340 965/1066/1336 1187/1065/1335
f 966/1070/1340 1189/1069/1339 1190/1071/1341
f 1190/1071/1341 1191/1072/1342 967/1073/1343
f 967/1073/1343 966/1070/1340 1190/1071/1341
f 967/1073/1343 1191/1072/1342 1192/1074/1344
f 1192/1074/1344 1208/1075/1345 968/1076/1346
f 968/1076/1346 967/1073/1343 1192/1074/1344
f 969/1077/1347 960/1078/1348 1026/1079/1349
f 1026/1079/1349 970/1080/1350 969/1077/1347
f 972/1081/1351 969/1077/1347 970/1080/1350
f 972/1081/1351 970/1080/1350 1012/1082/1352
f 1012/1082/1352 1147/1083/1353 971/1084/1354
f 971/1084/1354 972/1081/1351 1012/1082/1352
f 988/1085/1355 973/1086/1356 998/1087/1357
f 998/1087/1357 983/1088/1358 988/1085/1355
f 988/1085/1355 987/1089/1359 974/1090/1360
f 974/1090/1360 973/1086/1356 988/1085/1355
f 990/1091/1361 975/1092/1362 974/1090/1360
f 974/1090/1360 987/1089/1359 990/1091/1361
f 990/1091/1361 989/1093/1363 976/1094/1364
f 976/1094/1364 975/1092/1362 990/1091/1361
f 976/1094/1364 989/1093/1363 992/1095/1365
f 992/1095/1365 991/1096/1366 977/1097/1367
f 977/1097/1367 976/1094/1364 992/1095/1365
f 1015/1098/1368 978/1099/1369 1220/1100/1370
f 1220/1100/1370 1023/1101/1371 1015/1098/1368
f 1017/1102/1372 1214/1103/1373 1226/1104/1374
f 994/1105/1375 1215/1106/1376 996/1107/1377
f 994/1105/1375 1217/1108/1378 1215/1106/1376
f 1025/1047/1317 1213/1046/1316 1212/1109/1379
f 1222/1110/1380 1203/1111/1381 1201/1112/1382
f 1019/1113/1383 1222/1110/1380 1201/1112/1382
f 980/1049/1319 981/1053/1323 1188/1068/1338
f 1188/1068/1338 1193/1114/1384 980/1049/1319
f 980/1049/1319 1193/1114/1384 999/1115/1385
f 999/1115/1385 1237/1050/1320 980/1049/1319
f 988/1085/1355 983/1088/1358 1186/1055/1325
f 1186/1055/1325 1194/1116/1386 988/1085/1355
f 988/1085/1355 1194/1116/1386 1391/1117/1387
f 1391/1117/1387 987/1089/1359 988/1085/1355
f 990/1091/1361 987/1089/1359 1391/1117/1387
f 1391/1117/1387 1195/1118/1388 990/1091/1361
f 990/1091/1361 1195/1118/1388 1392/1119/1389
f 1392/1119/1389 989/1093/1363 990/1091/1361
f 992/1095/1365 989/1093/1363 1392/1119/1389
f 1392/1119/1389 1196/1120/1390 992/1095/1365
f 992/1095/1365 1196/1120/1390 993/1121/1391
f 993/1121/1391 991/1096/1366 992/1095/1365
f 956/1051/1321 1237/1050/1320 994/1105/1375
f 996/1107/1377 956/1051/1321 994/1105/1375
f 997/1122/1392 982/1123/1393 998/1087/1357
f 1001/1124/1394 1002/1054/1324 1185/1056/1326
f 1021/1044/1314 1022/1125/1395 1004/1126/1396
f 1004/1126/1396 1003/1042/1312 1021/1044/1314
f 958/1059/1329 959/1052/1397 956/1051/1398
f 1000/1127/1399 1006/1067/1400 1026/1079/1349
f 961/1057/1327 1024/1060/1330 998/1087/1401
f 998/1087/1401 973/1086/1402 961/1057/1327
f 961/1057/1327 973/1086/1402 974/1090/1403
f 1008/1128/1404 1007/1129/1405 962/1058/1328
f 962/1058/1328 1007/1129/1405 959/1052/1397
f 959/1052/1397 958/1059/1329 962/1058/1328
f 963/1062/1332 961/1057/1327 974/1090/1403
f 974/1090/1403 975/1092/1406 963/1062/1332
f 963/1062/1332 975/1092/1406 976/1094/1407
f 962/1058/1328 964/1061/1331 1009/1130/1408
f 1009/1130/1408 1008/1128/1404 962/1058/1328
f 963/1062/1332 1140/1131/1409 1141/1063/1333
f 963/1062/1332 976/1094/1407 977/1097/1410
f 977/1097/1410 1140/1131/1409 963/1062/1332
f 1142/1064/1334 1143/1132/1411 964/1061/1331
f 964/1061/1331 1143/1132/1411 1144/1133/1412
f 1144/1133/1412 1009/1130/1408 964/1061/1331
f 970/1080/1350 1026/1079/1349 1006/1067/1400
f 1006/1067/1400 965/1066/1413 970/1080/1350
f 970/1080/1350 965/1066/1413 966/1070/1414
f 1010/1134/1415 1011/1135/1416 969/1077/1347
f 969/1077/1347 1011/1135/1416 1002/1054/1417
f 1002/1054/1417 960/1078/1348 969/1077/1347
f 970/1080/1350 966/1070/1414 967/1073/1418
f 967/1073/1418 1012/1082/1352 970/1080/1350
f 1014/1136/1419 1013/1137/1420 972/1081/1351
f 972/1081/1351 1013/1137/1420 1010/1134/1415
f 1010/1134/1415 969/1077/1347 972/1081/1351
f 1012/1082/1352 1146/1138/1421 1147/1083/1353
f 1012/1082/1352 967/1073/1418 968/1076/1422
f 968/1076/1422 1146/1138/1421 1012/1082/1352
f 972/1081/1351 971/1084/1354 1139/1139/1423
f 1139/1139/1423 1014/1136/1419 972/1081/1351
f 1015/1098/1368 1023/1101/1371 996/1107/1424
f 996/1107/1424 1215/1106/1425 1015/1098/1368
f 978/1099/1369 1219/1048/1426 1025/1047/1427
f 1025/1047/1427 1220/1100/1370 978/1099/1369
f 1017/1102/1372 995/1140/1428 1001/1124/1429
f 1001/1124/1429 1016/1141/1430 1017/1102/1372
f 1214/1103/1373 1223/1142/1431 1018/1143/1432
f 1018/1143/1432 1226/1104/1374 1214/1103/1373
f 1201/1112/1382 1202/1144/1433 1020/1145/1434
f 1020/1145/1434 1019/1113/1383 1201/1112/1382
f 1021/1044/1314 1203/1111/1381 1204/1146/1435
f 1204/1146/1435 1022/1125/1395 1021/1044/1314
f 1024/1060/1330 958/1059/1329 1220/1100/1370
f 1024/1060/1330 1220/1100/1370 1025/1047/1427
f 1025/1047/1427 998/1087/1401 1024/1060/1330
f 995/1140/1428 1226/1104/1374 1026/1079/1349
f 1026/1079/1349 1226/1104/1374 1018/1143/1432
f 1018/1143/1432 1000/1127/1399 1026/1079/1349
f 1059/892/1101 1205/1147/1436 1028/1148/1437
f 1028/1148/1437 1205/1147/1436 1393/1149/1438
f 1393/1149/1438 1029/1150/1439 1028/1148/1437
f 1030/1151/1440 1396/1152/1441 1207/1153/1442
f 1207/1153/1442 1206/1154/1443 1030/1151/1440
f 1030/1151/1440 1206/1154/1443 1069/893/1102
f 1061/1155/1444 1033/1156/1445 1032/1157/1446
f 1032/1157/1446 1033/1156/1445 1034/1158/1447
f 1035/1159/1448 1036/1160/1449 1034/1158/1447
f 1034/1158/1447 1033/1156/1445 1035/1159/1448
f 1035/1159/1448 1033/1156/1445 1061/1155/1444
f 1061/1155/1444 1062/1161/1450 1035/1159/1448
f 1035/1159/1448 1062/1161/1450 1063/1162/1451
f 1063/1162/1451 1037/1163/1452 1035/1159/1448
f 1035/1159/1448 1037/1163/1452 1038/1164/1453
f 1038/1164/1453 1036/1160/1449 1035/1159/1448
f 1039/1165/1454 1040/1166/1455 1038/1164/1453
f 1038/1164/1453 1037/1163/1452 1039/1165/1454
f 1039/1165/1454 1037/1163/1452 1063/1162/1451
f 1063/1162/1451 1064/1167/1456 1039/1165/1454
f 1039/1165/1454 1064/1167/1456 1065/1168/1457
f 1065/1168/1457 1041/1169/1458 1039/1165/1454
f 1041/1169/1458 1040/1166/1455 1039/1165/1454
f 1042/1170/1459 1041/1169/1458 1065/1168/1457
f 1065/1168/1457 1066/1171/1460 1042/1170/1459
f 1042/1170/1459 1066/1171/1460 1067/1172/1461
f 1067/1172/1461 1043/1173/1462 1042/1170/1459
f 1042/1170/1459 1043/1173/1462 1044/1174/1463
f 1044/1174/1463 1043/1173/1462 1045/1175/1464
f 1045/1175/1464 1043/1173/1462 1067/1172/1461
f 1047/1176/1465 1048/1177/1466 1228/1178/1467
f 1228/1178/1467 1048/1177/1466 1049/1179/1468
f 1053/1180/1469 1054/1181/1470 786/902/1111
f 786/902/1111 1054/1181/1470 1055/888/1097
f 1060/1182/1471 1032/1157/1446 1059/892/1101
f 1061/1155/1444 1032/1157/1446 1060/1182/1471
f 1068/1183/1472 1045/1175/1464 1067/1172/1461
f 1069/893/1102 1045/1175/1464 1068/1183/1472
f 1148/1184/1473 1149/1185/1474 1082/1186/1475
f 1082/1186/1475 1083/1187/1476 1148/1184/1473
f 1148/1184/1473 1083/1187/1476 1150/1188/1477
f 1150/1188/1477 1084/1189/1478 1148/1184/1473
f 1151/1190/1479 1152/1191/1480 1085/1192/1481
f 1085/1192/1481 1048/1177/1466 1151/1190/1479
f 1151/1190/1479 1048/1177/1466 1082/1186/1475
f 1082/1186/1475 1149/1185/1474 1151/1190/1479
f 1153/1193/1482 1154/1194/1483 1086/1195/1484
f 1086/1195/1484 1087/1196/1485 1153/1193/1482
f 1153/1193/1482 1087/1196/1485 1085/1192/1481
f 1085/1192/1481 1152/1191/1480 1153/1193/1482
f 1088/1197/1486 1089/1198/1487 1090/1199/1488
f 1090/1199/1488 1089/1198/1487 1086/1195/1484
f 1086/1195/1484 1154/1194/1483 1090/1199/1488
f 1155/1200/1489 1088/1197/1486 1090/1199/1488
f 1157/1201/1490 1054/1181/1470 1088/1197/1486
f 1157/1201/1490 1088/1197/1486 1155/1200/1489
f 1092/1202/1491 1158/1203/1492 1091/1204/1493
f 1159/1205/1494 1093/1206/1495 1092/1202/1491
f 1093/1206/1495 1094/1207/1496 1092/1202/1491
f 1092/1202/1491 1094/1207/1496 1158/1203/1492
f 1160/1208/1497 1161/1209/1498 1095/1210/1499
f 1095/1210/1499 1096/1211/1500 1160/1208/1497
f 1160/1208/1497 1096/1211/1500 1091/1204/1493
f 1091/1204/1493 1158/1203/1492 1160/1208/1497
f 1162/1212/1501 1163/1213/1502 1097/1214/1503
f 1097/1214/1503 1060/1182/1471 1162/1212/1501
f 1162/1212/1501 1060/1182/1471 1095/1210/1499
f 1095/1210/1499 1161/1209/1498 1162/1212/1501
f 1164/1215/1504 1165/1216/1505 1098/1217/1506
f 1098/1217/1506 1099/1218/1507 1164/1215/1504
f 1164/1215/1504 1099/1218/1507 1097/1214/1503
f 1097/1214/1503 1163/1213/1502 1164/1215/1504
f 1166/1219/1508 1167/1220/1509 1100/1221/1510
f 1100/1221/1510 1101/1222/1511 1166/1219/1508
f 1166/1219/1508 1101/1222/1511 1098/1217/1506
f 1098/1217/1506 1165/1216/1505 1166/1219/1508
f 1168/1223/1512 1169/1224/1513 1102/1225/1514
f 1102/1225/1514 1103/1226/1515 1168/1223/1512
f 1168/1223/1512 1103/1226/1515 1100/1221/1510
f 1100/1221/1510 1167/1220/1509 1168/1223/1512
f 1170/1227/1516 1171/1228/1517 1104/1229/1518
f 1104/1229/1518 1105/1230/1519 1170/1227/1516
f 1170/1227/1516 1105/1230/1519 1102/1225/1514
f 1102/1225/1514 1169/1224/1513 1170/1227/1516
f 1121/1231/1520 1172/1232/1521 1106/1233/1522
f 1106/1233/1522 1107/1234/1523 1121/1231/1520
f 1121/1231/1520 1107/1234/1523 1104/1229/1518
f 1104/1229/1518 1171/1228/1517 1121/1231/1520
f 1173/1235/1524 1175/1236/1525 1106/1233/1522
f 1106/1233/1522 1172/1232/1521 1173/1235/1524
f 1176/1237/1526 1177/1238/1527 1108/1239/1528
f 1108/1239/1528 1109/1240/1529 1176/1237/1526
f 1176/1237/1526 1109/1240/1529 1178/1241/1530
f 1178/1241/1530 1110/1242/1531 1176/1237/1526
f 1179/1243/1532 1180/1244/1533 1111/1245/1534
f 1111/1245/1534 1112/1246/1535 1179/1243/1532
f 1179/1243/1532 1112/1246/1535 1108/1239/1528
f 1108/1239/1528 1177/1238/1527 1179/1243/1532
f 1181/1247/1536 1182/1248/1537 1113/1249/1538
f 1113/1249/1538 1114/1250/1539 1181/1247/1536
f 1181/1247/1536 1114/1250/1539 1111/1245/1534
f 1111/1245/1534 1180/1244/1533 1181/1247/1536
f 1183/1251/1540 1084/1189/1478 1150/1188/1477
f 1150/1188/1477 1115/1252/1541 1183/1251/1540
f 1183/1251/1540 1115/1252/1541 1113/1249/1538
f 1113/1249/1538 1182/1248/1537 1183/1251/1540
f 1116/1253/1542 1124/1254/1543 1120/1255/1544
f 1156/1256/1545 1093/1206/1495 1159/1205/1494
f 1159/1205/1494 1117/1257/1546 1156/1256/1545
f 1156/1256/1545 1117/1257/1546 1157/1201/1490
f 1118/1258/1547 1110/1242/1531 1178/1241/1530
f 1173/1235/1524 1174/1259/1548 1118/1258/1547
f 1118/1258/1547 1174/1259/1548 1110/1242/1531
f 1119/1260/1549 1120/1255/1544 1125/1261/1550
f 1124/1254/1543 1126/1262/1551 1120/1255/1544
f 1124/1254/1543 1127/1263/1552 1126/1262/1551
f 1124/1254/1543 1116/1253/1542 1122/1264/1553
f 1116/1253/1542 1121/1231/1520 1122/1264/1553
f 1184/1265/1554 1125/1261/1550 1120/1255/1544
f 1120/1255/1544 1119/1260/1549 1081/1266/1555
f 1122/1264/1553 1123/1267/1556 1124/1254/1543
f 1120/1255/1544 1126/1262/1551 1184/1265/1554
f 1128/1268/1557 1129/1269/1558 1229/1270/1559
f 1230/1271/1560 1130/1272/1561 1131/1273/1562
f 1131/1273/1562 1132/1274/1563 1230/1271/1560
f 1230/1271/1560 1129/1269/1558 1128/1268/1557
f 1128/1268/1557 1130/1272/1561 1230/1271/1560
f 1231/1275/1564 1133/1276/1565 1134/1277/1566
f 1134/1277/1566 1135/1278/1567 1231/1275/1564
f 1231/1275/1564 1132/1274/1563 1131/1273/1562
f 1131/1273/1562 1133/1276/1565 1231/1275/1564
f 1232/1279/1568 1136/1280/1569 1137/1281/1570
f 1137/1281/1570 1138/1282/1571 1232/1279/1568
f 1232/1279/1568 1135/1278/1567 1134/1277/1566
f 1134/1277/1566 1136/1280/1569 1232/1279/1568
f 1233/1283/1572 1138/1282/1571 1137/1281/1570
f 1041/1169/1573 1042/1170/1459 971/1084/1354
f 971/1084/1354 1042/1170/1459 1044/1174/1463
f 1044/1174/1463 1139/1139/1423 971/1084/1354
f 993/1121/1391 1139/1139/1574 1044/1174/1463
f 1044/1174/1463 1207/1153/1442 993/1121/1391
f 1140/1131/1409 977/1097/1410 1137/1281/1575
f 1137/1281/1575 1136/1280/1576 1140/1131/1409
f 1140/1131/1409 1136/1280/1576 1134/1277/1577
f 1134/1277/1577 1141/1063/1333 1140/1131/1409
f 1142/1064/1334 1141/1063/1333 1134/1277/1577
f 1134/1277/1577 1133/1276/1578 1142/1064/1334
f 1142/1064/1334 1133/1276/1578 1131/1273/1579
f 1143/1132/1411 1142/1064/1334 1131/1273/1579
f 1131/1273/1579 1130/1272/1580 1143/1132/1411
f 1143/1132/1411 1130/1272/1580 1128/1268/1581
f 1128/1268/1581 1144/1133/1412 1143/1132/1411
f 1145/1284/1582 1144/1133/1583 1128/1268/1557
f 1128/1268/1557 1029/1150/1439 1145/1284/1582
f 1145/1284/1582 1029/1150/1439 1393/1149/1438
f 1393/1149/1438 1208/1075/1345 1145/1284/1582
f 1146/1138/1421 968/1076/1422 1034/1158/1584
f 1034/1158/1584 1036/1160/1585 1146/1138/1421
f 1146/1138/1421 1036/1160/1585 1038/1164/1586
f 1038/1164/1586 1147/1083/1353 1146/1138/1421
f 1038/1164/1586 1040/1166/1587 1147/1083/1353
f 1147/1083/1353 1040/1166/1587 1041/1169/1573
f 1041/1169/1573 971/1084/1354 1147/1083/1353
f 1083/1187/1476 1082/1186/1475 1047/1176/1465
f 1047/1176/1465 1046/887/1096 1083/1187/1476
f 1083/1187/1476 1046/887/1096 773/886/1095
f 773/886/1095 1150/1188/1477 1083/1187/1476
f 1048/1177/1466 1085/1192/1481 1049/1179/1468
f 1047/1176/1465 1082/1186/1475 1048/1177/1466
f 1087/1196/1485 1086/1195/1484 1051/1285/1588
f 1051/1285/1588 1050/1286/1589 1087/1196/1485
f 1087/1196/1485 1050/1286/1589 1049/1179/1468
f 1049/1179/1468 1085/1192/1481 1087/1196/1485
f 1154/1194/1483 1184/1265/1554 1090/1199/1488
f 1090/1199/1488 1184/1265/1554 1155/1200/1489
f 1089/1198/1487 1088/1197/1486 1053/1180/1469
f 1053/1180/1469 1052/1287/1590 1089/1198/1487
f 1089/1198/1487 1052/1287/1590 1051/1285/1588
f 1051/1285/1588 1086/1195/1484 1089/1198/1487
f 1157/1201/1490 1117/1257/1546 1054/1181/1470
f 1054/1181/1470 1117/1257/1546 1055/888/1097
f 1053/1180/1469 1088/1197/1486 1054/1181/1470
f 1093/1206/1495 1126/1262/1551 1094/1207/1496
f 1094/1207/1496 1126/1262/1551 1158/1203/1492
f 1092/1202/1491 1091/1204/1493 1057/891/1100
f 1057/891/1100 1056/890/1099 1092/1202/1491
f 1092/1202/1491 1056/890/1099 1027/889/1098
f 1027/889/1098 1159/1205/1494 1092/1202/1491
f 1096/1211/1500 1095/1210/1499 1059/892/1101
f 1059/892/1101 1058/1288/1591 1096/1211/1500
f 1096/1211/1500 1058/1288/1591 1057/891/1100
f 1057/891/1100 1091/1204/1493 1096/1211/1500
f 1060/1182/1471 1097/1214/1503 1061/1155/1444
f 1059/892/1101 1095/1210/1499 1060/1182/1471
f 1099/1218/1507 1098/1217/1506 1063/1162/1451
f 1063/1162/1451 1062/1161/1450 1099/1218/1507
f 1099/1218/1507 1062/1161/1450 1061/1155/1444
f 1061/1155/1444 1097/1214/1503 1099/1218/1507
f 1101/1222/1511 1100/1221/1510 1065/1168/1457
f 1065/1168/1457 1064/1167/1456 1101/1222/1511
f 1101/1222/1511 1064/1167/1456 1063/1162/1451
f 1063/1162/1451 1098/1217/1506 1101/1222/1511
f 1103/1226/1515 1102/1225/1514 1067/1172/1461
f 1067/1172/1461 1066/1171/1460 1103/1226/1515
f 1103/1226/1515 1066/1171/1460 1065/1168/1457
f 1065/1168/1457 1100/1221/1510 1103/1226/1515
f 1105/1230/1519 1104/1229/1518 1069/893/1102
f 1069/893/1102 1068/1183/1472 1105/1230/1519
f 1105/1230/1519 1068/1183/1472 1067/1172/1461
f 1067/1172/1461 1102/1225/1514 1105/1230/1519
f 1116/1253/1542 1172/1232/1521 1121/1231/1520
f 1107/1234/1523 1106/1233/1522 1071/895/1104
f 1071/895/1104 1070/894/1103 1107/1234/1523
f 1107/1234/1523 1070/894/1103 1069/893/1102
f 1069/893/1102 1104/1229/1518 1107/1234/1523
f 1173/1235/1524 1172/1232/1521 1116/1253/1542
f 1073/896/1105 1072/903/1112 1175/1236/1525
f 1175/1236/1525 1072/903/1112 1071/895/1104
f 1071/895/1104 1106/1233/1522 1175/1236/1525
f 1109/1240/1529 1108/1239/1528 1075/1289/1592
f 1075/1289/1592 1074/1290/1593 1109/1240/1529
f 1109/1240/1529 1074/1290/1593 1031/897/1106
f 1031/897/1106 1178/1241/1530 1109/1240/1529
f 1112/1246/1535 1111/1245/1534 1077/898/1107
f 1077/898/1107 1076/1291/1594 1112/1246/1535
f 1112/1246/1535 1076/1291/1594 1075/1289/1592
f 1075/1289/1592 1108/1239/1528 1112/1246/1535
f 1114/1250/1539 1113/1249/1538 1079/900/1109
f 1079/900/1109 1078/899/1108 1114/1250/1539
f 1114/1250/1539 1078/899/1108 1077/898/1107
f 1077/898/1107 1111/1245/1534 1114/1250/1539
f 1115/1252/1541 1150/1188/1477 773/886/1095
f 773/886/1095 1080/901/1110 1115/1252/1541
f 1115/1252/1541 1080/901/1110 1079/900/1109
f 1079/900/1109 1113/1249/1538 1115/1252/1541
f 1157/1201/1490 1093/1206/1495 1156/1256/1545
f 1117/1257/1546 1159/1205/1494 1027/889/1098
f 1027/889/1098 1055/888/1097 1117/1257/1546
f 1118/1258/1547 1175/1236/1525 1173/1235/1524
f 1118/1258/1547 1178/1241/1530 1031/897/1106
f 1031/897/1106 1073/896/1105 1118/1258/1547
f 1073/896/1105 1175/1236/1525 1118/1258/1547
f 1119/1260/1549 1148/1184/1473 1084/1189/1478
f 1149/1185/1474 1148/1184/1473 1119/1260/1549
f 1125/1261/1550 1151/1190/1479 1149/1185/1474
f 1149/1185/1474 1119/1260/1549 1125/1261/1550
f 1152/1191/1480 1151/1190/1479 1125/1261/1550
f 1125/1261/1550 1153/1193/1482 1152/1191/1480
f 1154/1194/1483 1153/1193/1482 1125/1261/1550
f 1154/1194/1483 1125/1261/1550 1184/1265/1554
f 1184/1265/1554 1157/1201/1490 1155/1200/1489
f 1126/1262/1551 1093/1206/1495 1157/1201/1490
f 1157/1201/1490 1184/1265/1554 1126/1262/1551
f 1126/1262/1551 1127/1263/1552 1158/1203/1492
f 1127/1263/1552 1160/1208/1497 1158/1203/1492
f 1161/1209/1498 1160/1208/1497 1127/1263/1552
f 1127/1263/1552 1162/1212/1501 1161/1209/1498
f 1127/1263/1552 1124/1254/1543 1163/1213/1502
f 1163/1213/1502 1162/1212/1501 1127/1263/1552
f 1124/1254/1543 1164/1215/1504 1163/1213/1502
f 1165/1216/1505 1164/1215/1504 1124/1254/1543
f 1124/1254/1543 1166/1219/1508 1165/1216/1505
f 1124/1254/1543 1123/1267/1556 1167/1220/1509
f 1167/1220/1509 1166/1219/1508 1124/1254/1543
f 1123/1267/1556 1168/1223/1512 1167/1220/1509
f 1123/1267/1556 1122/1264/1553 1169/1224/1513
f 1169/1224/1513 1168/1223/1512 1123/1267/1556
f 1122/1264/1553 1170/1227/1516 1169/1224/1513
f 1171/1228/1517 1170/1227/1516 1122/1264/1553
f 1171/1228/1517 1122/1264/1553 1121/1231/1520
f 1174/1259/1548 1173/1235/1524 1116/1253/1542
f 1174/1259/1548 1116/1253/1542 1120/1255/1544
f 1110/1242/1531 1174/1259/1548 1120/1255/1544
f 1120/1255/1544 1176/1237/1526 1110/1242/1531
f 1177/1238/1527 1176/1237/1526 1120/1255/1544
f 1081/1266/1555 1179/1243/1532 1177/1238/1527
f 1177/1238/1527 1120/1255/1544 1081/1266/1555
f 1180/1244/1533 1179/1243/1532 1081/1266/1555
f 1081/1266/1555 1181/1247/1536 1180/1244/1533
f 1182/1248/1537 1181/1247/1536 1081/1266/1555
f 1119/1260/1549 1183/1251/1540 1182/1248/1537
f 1182/1248/1537 1081/1266/1555 1119/1260/1549
f 1084/1189/1478 1183/1251/1540 1119/1260/1549
f 1209/1292/1595 1016/1141/1596 1001/1124/1394
f 1001/1124/1394 1200/1293/1597 1209/1292/1595
f 1223/1142/1598 1224/1294/1599 1227/1295/1600
f 1018/1143/1601 1223/1142/1598 1227/1295/1600
f 1198/1296/1602 1255/1297/1603 1225/1298/1604
f 1198/1296/1602 1225/1298/1604 1185/1056/1326
f 1185/1056/1326 1197/1299/1605 1198/1296/1602
f 1200/1293/1597 1225/1298/1604 1199/1300/1606
f 1201/1112/1382 1203/1111/1381 1021/1044/1314
f 982/1123/1393 1185/1056/1326 1186/1055/1325
f 1186/1055/1325 983/1088/1358 982/1123/1393
f 984/1301/1607 1394/1302/1608 1189/1069/1339
f 1189/1069/1339 1187/1065/1335 984/1301/1607
f 984/1301/1607 1187/1065/1335 1188/1068/1338
f 1188/1068/1338 981/1053/1323 984/1301/1607
f 985/1303/1609 1395/1304/1610 1191/1072/1342
f 1191/1072/1342 1190/1071/1341 985/1303/1609
f 985/1303/1609 1190/1071/1341 1189/1069/1339
f 1189/1069/1339 1394/1302/1608 985/1303/1609
f 986/1305/1611 1145/1284/1582 1208/1075/1345
f 1208/1075/1345 1192/1074/1344 986/1305/1611
f 986/1305/1611 1192/1074/1344 1191/1072/1342
f 1191/1072/1342 1395/1304/1610 986/1305/1611
f 1212/1109/1379 1260/1306/1612 1210/1307/1613
f 1210/1307/1613 1211/1308/1614 997/1122/1392
f 997/1122/1392 1212/1109/1379 1210/1307/1613
f 1199/1300/1606 1213/1046/1316 1200/1293/1597
f 1199/1300/1606 1212/1109/1379 1213/1046/1316
f 957/1041/1311 1005/1309/1615 1202/1144/1433
f 1202/1144/1433 1201/1112/1382 957/1041/1311
f 957/1041/1311 1201/1112/1382 1021/1044/1314
f 991/1096/1366 993/1121/1391 1207/1153/1442
f 1207/1153/1442 1396/1152/1441 991/1096/1366
f 978/1099/1369 1015/1098/1368 1218/1043/1616
f 1218/1043/1616 1003/1042/1617 978/1099/1369
f 1226/1104/1374 995/1140/1428 1017/1102/1372
f 1017/1102/1372 1222/1110/1618 1019/1113/1619
f 1019/1113/1619 1214/1103/1373 1017/1102/1372
f 1217/1108/1378 1005/1309/1620 1216/1310/1621
f 1216/1310/1621 1215/1106/1376 1217/1108/1378
f 979/1045/1315 1022/1125/1622 1204/1146/1623
f 1204/1146/1623 1209/1292/1595 979/1045/1315
f 1213/1046/1316 979/1045/1315 1209/1292/1595
f 1209/1292/1595 1200/1293/1597 1213/1046/1316
f 994/1105/1375 1227/1295/1600 1217/1108/1378
f 1227/1295/1600 1224/1294/1599 1217/1108/1378
f 1217/1108/1378 1224/1294/1599 1202/1144/1624
f 1202/1144/1624 1005/1309/1620 1217/1108/1378
f 1015/1098/1368 1215/1106/1425 1216/1310/1625
f 1216/1310/1625 1218/1043/1616 1015/1098/1368
f 978/1099/1369 1003/1042/1617 1004/1126/1626
f 1004/1126/1626 1219/1048/1426 978/1099/1369
f 1017/1102/1372 1016/1141/1430 1221/1311/1627
f 1221/1311/1627 1222/1110/1618 1017/1102/1372
f 1214/1103/1373 1019/1113/1619 1020/1145/1628
f 1020/1145/1628 1223/1142/1431 1214/1103/1373
f 1209/1292/1595 1204/1146/1623 1221/1311/1629
f 1221/1311/1629 1016/1141/1596 1209/1292/1595
f 1212/1109/1379 997/1122/1392 1025/1047/1317
f 1046/887/1096 1047/1176/1465 774/737/917
f 1228/1178/1467 1049/1179/1468 776/734/914
f 776/734/914 775/736/916 1228/1178/1467
f 1228/1178/1467 775/736/916 774/737/917
f 774/737/917 1047/1176/1465 1228/1178/1467
f 1050/1286/1589 1051/1285/1588 777/738/918
f 777/738/918 597/740/920 1050/1286/1589
f 1050/1286/1589 597/740/920 776/734/914
f 776/734/914 1049/1179/1468 1050/1286/1589
f 1052/1287/1590 1053/1180/1469 778/744/924
f 778/744/924 620/852/1046 1052/1287/1590
f 1052/1287/1590 620/852/1046 777/738/918
f 777/738/918 1051/1285/1588 1052/1287/1590
f 624/856/1050 1058/1288/1591 1059/892/1101
f 1057/891/1100 1058/1288/1591 624/856/1050
f 1229/1270/1559 1129/1269/1558 781/834/1014
f 781/834/1014 743/833/1013 1229/1270/1559
f 1229/1270/1559 743/833/1013 1059/892/1101
f 1230/1271/1560 1132/1274/1563 782/837/1017
f 782/837/1017 744/836/1016 1230/1271/1560
f 1230/1271/1560 744/836/1016 781/834/1014
f 781/834/1014 1129/1269/1558 1230/1271/1560
f 1231/1275/1564 1135/1278/1567 783/841/1021
f 783/841/1021 745/840/1020 1231/1275/1564
f 1231/1275/1564 745/840/1020 782/837/1017
f 782/837/1017 1132/1274/1563 1231/1275/1564
f 1232/1279/1568 1138/1282/1571 784/845/1025
f 784/845/1025 746/844/1024 1232/1279/1568
f 1232/1279/1568 746/844/1024 783/841/1021
f 783/841/1021 1135/1278/1567 1232/1279/1568
f 1069/893/1102 747/848/1028 1233/1283/1572
f 1233/1283/1572 747/848/1028 784/845/1025
f 784/845/1025 1138/1282/1571 1233/1283/1572
f 1074/1290/1593 1075/1289/1592 785/860/1054
f 785/860/1054 632/859/1053 1074/1290/1593
f 1074/1290/1593 632/859/1053 1031/897/1106
f 1077/898/1107 634/861/1055 1076/1291/1594
f 1076/1291/1594 634/861/1055 785/860/1054
f 785/860/1054 1075/1289/1592 1076/1291/1594
f 786/902/1111 1055/888/1097 656/741/921
f 778/744/924 1053/1180/1469 786/902/1111
f 1072/903/1112 1073/896/1105 672/748/928
f 1001/1124/1394 1185/1056/1326 1225/1298/1604
f 958/1059/1329 956/1051/1398 996/1107/1424
f 996/1107/1424 1023/1101/1371 958/1059/1329
f 958/1059/1329 1023/1101/1371 1220/1100/1370
f 960/1078/1348 1002/1054/1417 1001/1124/1429
f 1001/1124/1429 995/1140/1428 960/1078/1348
f 995/1140/1428 1026/1079/1349 960/1078/1348
f 1234/1312/1630 1248/1313/1631 1250/1314/1632
f 1234/1312/1630 1235/1315/1633 1247/1316/1634
f 1247/1316/1634 1248/1313/1631 1234/1312/1630
f 1236/1317/1635 1235/1315/1633 997/1122/1392
f 997/1122/1392 998/1087/1357 1025/1047/1317
f 1227/1295/1600 1000/1127/1636 1018/1143/1601
f 1227/1295/1600 999/1115/1385 1000/1127/1636
f 994/1105/1375 999/1115/1385 1227/1295/1600
f 1225/1298/1604 1255/1297/1603 1199/1300/1606
f 1255/1297/1603 1238/1318/1127 1199/1300/1606
f 1199/1300/1606 1238/1318/1127 1239/1319/1637
f 1241/1320/1638 1263/1321/1639 1240/1322/1640
f 1211/1308/1614 1263/1321/1639 1241/1320/1638
f 1185/1056/1326 1234/1312/1630 1250/1314/1632
f 1250/1314/1632 1242/1323/1641 1185/1056/1326
f 1185/1056/1326 1242/1323/1641 1197/1299/1605
f 1243/1324/1642 1258/1325/1643 1260/1306/1612
f 1239/1319/1637 1258/1325/1643 1243/1324/1642
f 1244/1326/1644 1240/1322/1640 1245/1327/1645
f 1245/1327/1645 1246/1328/1133 1244/1326/1644
f 1244/1326/1644 1246/1328/1133 1265/1329/1646
f 1265/1329/1646 1247/1316/1634 1244/1326/1644
f 1248/1313/1631 1247/1316/1634 1265/1329/1646
f 1265/1329/1646 1249/1330/1647 1248/1313/1631
f 1248/1313/1631 1249/1330/1647 1267/1331/1648
f 1267/1331/1648 1250/1314/1632 1248/1313/1631
f 1251/1332/1649 1250/1314/1632 1267/1331/1648
f 1267/1331/1648 1252/1333/1650 1251/1332/1649
f 1251/1332/1649 1252/1333/1650 1268/1334/1651
f 1268/1334/1651 1197/1299/1605 1251/1332/1649
f 1253/1335/1145 1197/1299/1605 1268/1334/1651
f 1268/1334/1651 1254/1333/1652 1253/1335/1145
f 1253/1335/1145 1254/1333/1652 1269/1336/1653
f 1269/1336/1653 1255/1297/1603 1253/1335/1145
f 1256/1337/1654 1255/1297/1603 1269/1336/1653
f 1269/1336/1653 1257/1338/1655 1256/1337/1654
f 1256/1337/1654 1257/1338/1655 1270/1329/1656
f 1270/1329/1656 1239/1319/1637 1256/1337/1654
f 1258/1325/1643 1239/1319/1637 1270/1329/1656
f 1270/1329/1656 1259/1339/1657 1258/1325/1643
f 1258/1325/1643 1259/1339/1657 1271/1340/1658
f 1271/1340/1658 1260/1306/1612 1258/1325/1643
f 1261/1341/1137 1260/1306/1612 1271/1340/1658
f 1271/1340/1658 1262/1342/1659 1261/1341/1137
f 1261/1341/1137 1262/1342/1659 1272/1343/1660
f 1272/1343/1660 1211/1308/1614 1261/1341/1137
f 1263/1321/1639 1211/1308/1614 1272/1343/1660
f 1272/1343/1660 1264/1342/1661 1263/1321/1639
f 1263/1321/1639 1264/1342/1661 1245/1327/1645
f 1245/1327/1645 1240/1322/1640 1263/1321/1639
f 1197/1299/1605 1253/1335/1145 1198/1296/1602
f 1198/1296/1602 1253/1335/1145 1255/1297/1603
f 1260/1306/1612 1261/1341/1137 1210/1307/1613
f 1210/1307/1613 1261/1341/1137 1211/1308/1614
f 1185/1056/1326 1235/1315/1633 1234/1312/1630
f 1240/1322/1640 1244/1326/1644 1236/1317/1635
f 1236/1317/1635 1244/1326/1644 1247/1316/1634
f 1247/1316/1634 1235/1315/1633 1236/1317/1635
f 1255/1297/1603 1256/1337/1654 1238/1318/1127
f 1238/1318/1127 1256/1337/1654 1239/1319/1637
f 1211/1308/1614 1241/1320/1638 997/1122/1392
f 997/1122/1392 1241/1320/1638 1240/1322/1640
f 1240/1322/1640 1236/1317/1635 997/1122/1392
f 1250/1314/1632 1251/1332/1649 1242/1323/1641
f 1242/1323/1641 1251/1332/1649 1197/1299/1605
f 1239/1319/1637 1243/1324/1642 1199/1300/1606
f 1199/1300/1606 1243/1324/1642 1260/1306/1612
f 1199/1300/1606 1260/1306/1612 1212/1109/1379
f 1246/1328/1133 1245/1327/1645 1266/1344/1662
f 1266/1344/1662 1273/1345/1663 1246/1328/1133
f 1246/1328/1133 1273/1345/1663 1275/1346/1149
f 1275/1346/1149 1265/1329/1646 1246/1328/1133
f 1249/1330/1647 1265/1329/1646 1275/1346/1149
f 1275/1346/1149 1276/1347/1664 1249/1330/1647
f 1249/1330/1647 1276/1347/1664 1277/1348/1665
f 1277/1348/1665 1267/1331/1648 1249/1330/1647
f 1252/1333/1650 1267/1331/1648 1277/1348/1665
f 1277/1348/1665 1278/1349/1164 1252/1333/1650
f 1252/1333/1650 1278/1349/1164 1279/1350/1666
f 1279/1350/1666 1268/1334/1651 1252/1333/1650
f 1254/1333/1652 1268/1334/1651 1279/1350/1666
f 1279/1350/1666 1280/1349/1667 1254/1333/1652
f 1254/1333/1652 1280/1349/1667 1281/1351/1668
f 1281/1351/1668 1269/1336/1653 1254/1333/1652
f 1257/1338/1655 1269/1336/1653 1281/1351/1668
f 1281/1351/1668 1282/1352/1669 1257/1338/1655
f 1257/1338/1655 1282/1352/1669 1283/1353/1158
f 1283/1353/1158 1270/1329/1656 1257/1338/1655
f 1259/1339/1657 1270/1329/1656 1283/1353/1158
f 1283/1353/1158 1284/1354/1159 1259/1339/1657
f 1259/1339/1657 1284/1354/1159 1285/1355/1670
f 1285/1355/1670 1271/1340/1658 1259/1339/1657
f 1262/1342/1659 1271/1340/1658 1285/1355/1670
f 1285/1355/1670 1286/1356/1671 1262/1342/1659
f 1262/1342/1659 1286/1356/1671 1287/1357/1672
f 1287/1357/1672 1272/1343/1660 1262/1342/1659
f 1264/1342/1661 1272/1343/1660 1287/1357/1672
f 1287/1357/1672 1288/1358/1673 1264/1342/1661
f 1264/1342/1661 1288/1358/1673 1266/1344/1662
f 1266/1344/1662 1245/1327/1645 1264/1342/1661
f 1273/1345/1663 1266/1344/1662 1274/1359/1674
f 1274/1359/1674 1289/1360/1675 1273/1345/1663
f 1273/1345/1663 1289/1360/1675 1290/1361/1165
f 1290/1361/1165 1275/1346/1149 1273/1345/1663
f 1276/1347/1664 1275/1346/1149 1290/1361/1165
f 1290/1361/1165 1291/1362/1676 1276/1347/1664
f 1276/1347/1664 1291/1362/1676 1292/1363/1677
f 1292/1363/1677 1277/1348/1665 1276/1347/1664
f 1278/1349/1164 1277/1348/1665 1292/1363/1677
f 1292/1363/1677 1293/1364/1180 1278/1349/1164
f 1278/1349/1164 1293/1364/1180 1294/1365/1678
f 1294/1365/1678 1279/1350/1666 1278/1349/1164
f 1280/1349/1667 1279/1350/1666 1294/1365/1678
f 1294/1365/1678 1295/1364/1679 1280/1349/1667
f 1280/1349/1667 1295/1364/1679 1296/1366/1680
f 1296/1366/1680 1281/1351/1668 1280/1349/1667
f 1282/1352/1669 1281/1351/1668 1296/1366/1680
f 1296/1366/1680 1297/1367/1681 1282/1352/1669
f 1282/1352/1669 1297/1367/1681 1298/1368/1174
f 1298/1368/1174 1283/1353/1158 1282/1352/1669
f 1284/1354/1159 1283/1353/1158 1298/1368/1174
f 1298/1368/1174 1299/1369/1682 1284/1354/1159
f 1284/1354/1159 1299/1369/1682 1300/1370/1683
f 1300/1370/1683 1285/1355/1670 1284/1354/1159
f 1286/1356/1671 1285/1355/1670 1300/1370/1683
f 1300/1370/1683 1301/1371/1684 1286/1356/1671
f 1286/1356/1671 1301/1371/1684 1302/1372/1685
f 1302/1372/1685 1287/1357/1672 1286/1356/1671
f 1288/1358/1673 1287/1357/1672 1302/1372/1685
f 1302/1372/1685 1303/1373/1171 1288/1358/1673
f 1288/1358/1673 1303/1373/1171 1274/1359/1674
f 1274/1359/1674 1266/1344/1662 1288/1358/1673
f 1304/1374/1686 1289/1360/1675 1274/1359/1674
f 1274/1359/1674 1305/1375/1687 1304/1374/1686
f 1304/1374/1688 1305/1375/1689 1306/1376/1690
f 1306/1376/1690 1321/1377/1691 1304/1374/1688
f 1304/1374/1688 1321/1377/1691 1332/1378/1186
f 1332/1378/1186 1307/1379/1692 1304/1374/1688
f 1304/1374/1686 1307/1379/1693 1290/1361/1165
f 1290/1361/1165 1289/1360/1675 1304/1374/1686
f 1308/1380/1694 1291/1362/1676 1290/1361/1165
f 1290/1361/1165 1307/1379/1693 1308/1380/1694
f 1308/1380/1695 1307/1379/1692 1332/1378/1186
f 1332/1378/1186 1322/1381/1696 1308/1380/1695
f 1308/1380/1695 1322/1381/1696 1333/1382/1697
f 1333/1382/1697 1309/1383/1698 1308/1380/1695
f 1308/1380/1694 1309/1383/1699 1292/1363/1677
f 1292/1363/1677 1291/1362/1676 1308/1380/1694
f 1310/1384/1700 1293/1364/1180 1292/1363/1677
f 1292/1363/1677 1309/1383/1699 1310/1384/1700
f 1310/1384/1701 1309/1383/1698 1333/1382/1697
f 1333/1382/1697 1323/1385/1702 1310/1384/1701
f 1310/1384/1701 1323/1385/1702 1324/1386/1703
f 1324/1386/1703 1311/1387/1704 1310/1384/1701
f 1310/1384/1700 1311/1387/1705 1294/1365/1678
f 1294/1365/1678 1293/1364/1180 1310/1384/1700
f 1312/1384/1706 1295/1364/1679 1294/1365/1678
f 1294/1365/1678 1311/1387/1705 1312/1384/1706
f 1312/1384/1707 1311/1387/1704 1324/1386/1703
f 1324/1386/1703 1325/1388/1708 1312/1384/1707
f 1312/1384/1707 1325/1388/1708 1334/1389/1709
f 1334/1389/1709 1313/1390/1710 1312/1384/1707
f 1312/1384/1706 1313/1390/1711 1296/1366/1680
f 1296/1366/1680 1295/1364/1679 1312/1384/1706
f 1314/1391/1712 1297/1367/1681 1296/1366/1680
f 1296/1366/1680 1313/1390/1711 1314/1391/1712
f 1314/1391/1713 1313/1390/1710 1334/1389/1709
f 1334/1389/1709 1326/1381/1714 1314/1391/1713
f 1314/1391/1713 1326/1381/1714 1327/1392/1212
f 1327/1392/1212 1315/1393/1211 1314/1391/1713
f 1314/1391/1712 1315/1393/1209 1298/1368/1174
f 1298/1368/1174 1297/1367/1681 1314/1391/1712
f 1316/1394/1715 1299/1369/1682 1298/1368/1174
f 1298/1368/1174 1315/1393/1209 1316/1394/1715
f 1316/1394/1716 1315/1393/1211 1327/1392/1212
f 1327/1392/1212 1328/1377/1717 1316/1394/1716
f 1316/1394/1716 1328/1377/1717 1335/1395/1718
f 1335/1395/1718 1317/1396/1719 1316/1394/1716
f 1316/1394/1715 1317/1396/1720 1300/1370/1683
f 1300/1370/1683 1299/1369/1682 1316/1394/1715
f 1318/1397/1202 1301/1371/1684 1300/1370/1683
f 1300/1370/1683 1317/1396/1720 1318/1397/1202
f 1318/1397/1721 1317/1396/1719 1335/1395/1718
f 1335/1395/1718 1336/1398/1722 1318/1397/1721
f 1318/1397/1721 1336/1398/1722 1329/1399/1723
f 1329/1399/1723 1319/1400/1199 1318/1397/1721
f 1318/1397/1202 1319/1400/1724 1302/1372/1685
f 1302/1372/1685 1301/1371/1684 1318/1397/1202
f 1320/1397/1725 1303/1373/1171 1302/1372/1685
f 1302/1372/1685 1319/1400/1724 1320/1397/1725
f 1320/1397/1726 1319/1400/1199 1329/1399/1723
f 1329/1399/1723 1330/1401/1727 1320/1397/1726
f 1320/1397/1726 1330/1401/1727 1306/1376/1690
f 1306/1376/1690 1305/1375/1689 1320/1397/1726
f 1320/1397/1725 1305/1375/1687 1274/1359/1674
f 1274/1359/1674 1303/1373/1171 1320/1397/1725
f 1306/1376/1690 1337/1402/1728 1321/1377/1691
f 1321/1377/1691 1337/1402/1728 1332/1378/1186
f 1332/1378/1186 1339/1403/1729 1322/1381/1696
f 1322/1381/1696 1339/1403/1729 1333/1382/1697
f 1333/1382/1697 1341/1404/1730 1323/1385/1702
f 1323/1385/1702 1341/1404/1730 1342/1405/1731
f 1342/1405/1731 1324/1386/1703 1323/1385/1702
f 1325/1388/1708 1324/1386/1703 1342/1405/1731
f 1334/1389/1709 1345/1406/1732 1326/1381/1714
f 1326/1381/1714 1345/1406/1732 1346/1407/1230
f 1346/1407/1230 1327/1392/1212 1326/1381/1714
f 1328/1377/1717 1327/1392/1212 1346/1407/1230
f 1346/1407/1230 1347/1408/1231 1328/1377/1717
f 1328/1377/1717 1347/1408/1231 1335/1395/1718
f 1350/1409/1733 1329/1399/1723 1336/1398/1722
f 1330/1401/1727 1329/1399/1723 1350/1409/1733
f 1350/1409/1733 1351/1410/1734 1330/1401/1727
f 1330/1401/1727 1351/1410/1734 1306/1376/1690
f 1337/1402/1728 1306/1376/1690 1331/1411/1735
f 1338/1412/1235 1332/1378/1186 1337/1402/1728
f 1339/1403/1729 1332/1378/1186 1338/1412/1235
f 1340/1413/1236 1333/1382/1697 1339/1403/1729
f 1341/1404/1730 1333/1382/1697 1340/1413/1236
f 1343/1414/1736 1325/1388/1708 1342/1405/1731
f 1344/1415/1737 1334/1389/1709 1343/1414/1736
f 1334/1389/1709 1325/1388/1708 1343/1414/1736
f 1345/1406/1732 1334/1389/1709 1344/1415/1737
f 1348/1416/1738 1335/1395/1718 1347/1408/1231
f 1336/1398/1722 1335/1395/1718 1348/1416/1738
f 1348/1416/1738 1349/1417/1241 1336/1398/1722
f 1336/1398/1722 1349/1417/1241 1350/1409/1733
f 1331/1411/1735 1306/1376/1690 1351/1410/1734
f 1352/1418/1739 1337/1402/1728 1331/1411/1735
f 1331/1411/1735 1353/1419/1740 1352/1418/1739
f 1352/1418/1741 1353/1419/1257 1354/1420/1742
f 1354/1420/1742 1355/1421/1743 1352/1418/1741
f 1352/1418/1741 1355/1421/1743 1356/1422/1744
f 1356/1422/1744 1357/1423/1745 1352/1418/1741
f 1352/1418/1739 1357/1423/1247 1338/1412/1235
f 1338/1412/1235 1337/1402/1728 1352/1418/1739
f 1358/1424/1746 1339/1403/1729 1338/1412/1235
f 1338/1412/1235 1357/1423/1247 1358/1424/1746
f 1358/1424/1747 1357/1423/1745 1356/1422/1744
f 1356/1422/1744 1359/1425/1748 1358/1424/1747
f 1358/1424/1747 1359/1425/1748 1360/1426/1749
f 1360/1426/1749 1361/1427/1750 1358/1424/1747
f 1358/1424/1746 1361/1427/1751 1340/1413/1236
f 1340/1413/1236 1339/1403/1729 1358/1424/1746
f 1362/1428/1752 1341/1404/1730 1340/1413/1236
f 1340/1413/1236 1361/1427/1751 1362/1428/1752
f 1362/1428/1753 1361/1427/1750 1360/1426/1749
f 1360/1426/1749 1363/1429/1754 1362/1428/1753
f 1362/1428/1753 1363/1429/1754 1364/1430/1755
f 1364/1430/1755 1365/1431/1756 1362/1428/1753
f 1362/1428/1752 1365/1431/1757 1342/1405/1731
f 1342/1405/1731 1341/1404/1730 1362/1428/1752
f 1366/1428/1758 1343/1414/1736 1342/1405/1731
f 1342/1405/1731 1365/1431/1757 1366/1428/1758
f 1366/1428/1759 1365/1431/1756 1364/1430/1755
f 1364/1430/1755 1367/1429/1760 1366/1428/1759
f 1366/1428/1759 1367/1429/1760 1368/1426/1761
f 1368/1426/1761 1369/1432/1281 1366/1428/1759
f 1366/1428/1758 1369/1432/1762 1344/1415/1737
f 1344/1415/1737 1343/1414/1736 1366/1428/1758
f 1370/1433/1278 1345/1406/1732 1344/1415/1737
f 1344/1415/1737 1369/1432/1762 1370/1433/1278
f 1370/1433/1763 1369/1432/1281 1368/1426/1761
f 1368/1426/1761 1371/1434/1764 1370/1433/1763
f 1370/1433/1763 1371/1434/1764 1372/1435/1765
f 1372/1435/1765 1373/1436/1275 1370/1433/1763
f 1370/1433/1278 1373/1436/1273 1346/1407/1230
f 1346/1407/1230 1345/1406/1732 1370/1433/1278
f 1374/1437/1766 1347/1408/1231 1346/1407/1230
f 1346/1407/1230 1373/1436/1273 1374/1437/1766
f 1374/1437/1767 1373/1436/1275 1372/1435/1765
f 1372/1435/1765 1375/1438/1768 1374/1437/1767
f 1374/1437/1767 1375/1438/1768 1376/1420/1769
f 1376/1420/1769 1377/1439/1269 1374/1437/1767
f 1374/1437/1766 1377/1439/1770 1348/1416/1738
f 1348/1416/1738 1347/1408/1231 1374/1437/1766
f 1378/1440/1266 1349/1417/1241 1348/1416/1738
f 1348/1416/1738 1377/1439/1770 1378/1440/1266
f 1378/1440/1771 1377/1439/1269 1376/1420/1769
f 1376/1420/1769 1379/1441/1772 1378/1440/1771
f 1378/1440/1771 1379/1441/1772 1380/1442/1773
f 1380/1442/1773 1381/1443/1263 1378/1440/1771
f 1378/1440/1266 1381/1443/1261 1350/1409/1733
f 1350/1409/1733 1349/1417/1241 1378/1440/1266
f 1382/1440/1774 1351/1410/1734 1350/1409/1733
f 1350/1409/1733 1381/1443/1261 1382/1440/1774
f 1382/1440/1775 1381/1443/1263 1380/1442/1773
f 1380/1442/1773 1383/1441/1776 1382/1440/1775
f 1382/1440/1775 1383/1441/1776 1354/1420/1742
f 1354/1420/1742 1353/1419/1257 1382/1440/1775
f 1382/1440/1774 1353/1419/1740 1331/1411/1735
f 1331/1411/1735 1351/1410/1734 1382/1440/1774
f 1384/1444/1777 1385/1445/1778 1386/1446/1779
f 1388/1447/1780 1387/1448/1781 1385/1445/1778
f 1388/1447/1780 1385/1445/1778 1389/1449/1782
f 1389/1449/1782 1385/1445/1778 1390/1450/1783
f 1385/1445/1778 1384/1444/1777 1390/1450/1783
f 1356/1422/1744 1355/1421/1743 1384/1444/1777
f 1384/1444/1777 1355/1421/1743 1354/1420/1742
f 1354/1420/1742 1390/1450/1783 1384/1444/1777
f 1360/1426/1749 1359/1425/1748 1386/1446/1779
f 1386/1446/1779 1359/1425/1748 1356/1422/1744
f 1356/1422/1744 1384/1444/1777 1386/1446/1779
f 1364/1430/1755 1363/1429/1754 1385/1445/1778
f 1385/1445/1778 1363/1429/1754 1360/1426/1749
f 1360/1426/1749 1386/1446/1779 1385/1445/1778
f 1368/1426/1761 1367/1429/1760 1387/1448/1781
f 1387/1448/1781 1367/1429/1760 1364/1430/1755
f 1364/1430/1755 1385/1445/1778 1387/1448/1781
f 1387/1448/1781 1388/1447/1780 1372/1435/1765
f 1372/1435/1765 1371/1434/1764 1387/1448/1781
f 1387/1448/1781 1371/1434/1764 1368/1426/1761
f 1388/1447/1780 1389/1449/1782 1376/1420/1769
f 1376/1420/1769 1375/1438/1768 1388/1447/1780
f 1388/1447/1780 1375/1438/1768 1372/1435/1765
f 1389/1449/1782 1390/1450/1783 1380/1442/1773
f 1380/1442/1773 1379/1441/1772 1389/1449/1782
f 1389/1449/1782 1379/1441/1772 1376/1420/1769
f 1354/1420/1742 1383/1441/1776 1390/1450/1783
f 1390/1450/1783 1383/1441/1776 1380/1442/1773
f 1193/1114/1384 1188/1068/1338 1006/1067/1337
f 1193/1114/1384 1006/1067/1337 1000/1127/1636
f 1000/1127/1636 999/1115/1385 1193/1114/1384
f 1194/1116/1386 1186/1055/1325 1002/1054/1324
f 1002/1054/1324 1011/1135/1784 1194/1116/1386
f 1194/1116/1386 1011/1135/1784 1010/1134/1785
f 1010/1134/1785 1391/1117/1387 1194/1116/1386
f 1195/1118/1388 1391/1117/1387 1010/1134/1785
f 1010/1134/1785 1013/1137/1786 1195/1118/1388
f 1195/1118/1388 1013/1137/1786 1014/1136/1787
f 1014/1136/1787 1392/1119/1389 1195/1118/1388
f 1196/1120/1390 1392/1119/1389 1014/1136/1787
f 1196/1120/1390 1014/1136/1787 1139/1139/1574
f 1139/1139/1574 993/1121/1391 1196/1120/1390
f 1203/1111/1381 1222/1110/1380 1221/1311/1788
f 1221/1311/1788 1204/1146/1435 1203/1111/1381
f 1059/892/1101 1032/1157/1446 1205/1147/1436
f 1205/1147/1436 1032/1157/1446 1034/1158/1447
f 1034/1158/1447 1393/1149/1438 1205/1147/1436
f 1206/1154/1443 1207/1153/1442 1044/1174/1463
f 1044/1174/1463 1045/1175/1464 1206/1154/1443
f 1206/1154/1443 1045/1175/1464 1069/893/1102
f 1208/1075/1345 1393/1149/1438 1034/1158/1447
f 1034/1158/1447 968/1076/1346 1208/1075/1345
f 1224/1294/1599 1223/1142/1598 1020/1145/1789
f 1020/1145/1789 1202/1144/1624 1224/1294/1599
f 982/1123/1393 983/1088/1358 998/1087/1357
f 984/1301/1607 981/1053/1323 959/1052/1322
f 959/1052/1322 1007/1129/1790 984/1301/1607
f 984/1301/1607 1007/1129/1790 1008/1128/1791
f 1008/1128/1791 1394/1302/1608 984/1301/1607
f 985/1303/1609 1394/1302/1608 1008/1128/1791
f 985/1303/1609 1008/1128/1791 1009/1130/1792
f 1009/1130/1792 1395/1304/1610 985/1303/1609
f 986/1305/1611 1395/1304/1610 1009/1130/1792
f 986/1305/1611 1009/1130/1792 1144/1133/1583
f 1144/1133/1583 1145/1284/1582 986/1305/1611
f 957/1041/1311 1218/1043/1313 1216/1310/1793
f 1216/1310/1793 1005/1309/1615 957/1041/1311
f 1028/1148/1437 1029/1150/1439 1128/1268/1557
f 1128/1268/1557 1229/1270/1559 1028/1148/1437
f 1028/1148/1437 1229/1270/1559 1059/892/1101
f 1069/893/1102 1233/1283/1572 1030/1151/1440
f 1030/1151/1440 1233/1283/1572 1137/1281/1570
f 1137/1281/1570 1396/1152/1441 1030/1151/1440
f 991/1096/1366 1396/1152/1441 1137/1281/1570
f 1137/1281/1570 977/1097/1367 991/1096/1366
f 979/1045/1315 1219/1048/1318 1004/1126/1794
f 1004/1126/1794 1022/1125/1622 979/1045/1315
f 1225/1298/1604 1200/1293/1597 1001/1124/1394
f 1185/1056/1326 982/1123/1393 1235/1315/1633
f 982/1123/1393 997/1122/1392 1235/1315/1633
f 1237/1050/1320 999/1115/1385 994/1105/1375
