# Blender 4.0.0
# www.blender.org
o fridge_drawer0
v 0.324078 -0.225661 0.203762
v -0.326077 -0.225661 0.203762
v -0.325846 -0.236086 0.182541
v 0.324078 -0.237768 0.165908
v -0.325846 -0.238011 0.165913
v -0.325846 -0.236674 0.179831
v -0.325846 -0.237155 0.177096
v -0.325846 -0.237530 0.174336
v -0.325846 -0.237797 0.171553
v 0.323848 -0.237958 0.168745
v 0.323848 -0.237797 0.171553
v 0.323848 -0.237530 0.174336
v 0.323848 -0.237155 0.177096
v 0.323848 -0.209787 0.204104
v -0.325846 -0.238012 -0.000748
v 0.323848 -0.209544 -0.000749
v 0.297600 -0.238012 -0.039670
v 0.324078 -0.235854 0.182437
v -0.326077 -0.237714 0.168727
v 0.323848 -0.236674 0.179831
v -0.326077 -0.209787 0.203762
v -0.326077 -0.209787 0.182541
v 0.323848 -0.209543 0.165913
v -0.326077 -0.209787 0.165913
v 0.323848 -0.209543 0.182541
v -0.326077 -0.209787 0.179831
v -0.326077 -0.209787 0.177096
v -0.326077 -0.209787 0.174336
v -0.326077 -0.209787 0.171553
v -0.325846 -0.209543 0.168745
v 0.324078 -0.209787 0.168745
v 0.324078 -0.209787 0.171553
v 0.324078 -0.209787 0.174336
v 0.324078 -0.209787 0.177096
v 0.323848 -0.209543 0.179831
v -0.299598 -0.209544 -0.039670
v 0.089825 -0.238011 0.077196
v -0.045999 -0.238011 0.077196
v -0.045999 -0.238011 0.128395
v 0.089825 -0.238011 0.128395
v 0.089825 -0.210761 0.077196
v -0.045999 -0.210761 0.077196
v -0.045999 -0.210761 0.128395
v 0.089825 -0.210761 0.128395
v 0.089825 -0.234359 0.077196
v -0.045999 -0.234359 0.077196
v -0.045999 -0.234359 0.128395
v 0.089825 -0.234359 0.128395
v 0.089825 -0.210761 0.153995
v -0.045999 -0.210761 0.153995
v -0.045999 -0.234359 0.153995
v 0.089825 -0.234359 0.153995
v 0.089825 -0.237768 -0.040011
v 0.089825 -0.225913 0.203780
v 0.089825 -0.238011 0.165913
v 0.089825 -0.236086 0.182541
v 0.089825 -0.237958 0.168745
v 0.089825 -0.237797 0.171553
v 0.089825 -0.237530 0.174337
v 0.089825 -0.237155 0.177096
v 0.089825 -0.236674 0.179831
v 0.089825 -0.209787 0.204104
v 0.089825 -0.209788 -0.040011
v -0.045999 -0.225593 0.204104
v -0.045999 -0.238011 0.165913
v -0.045999 -0.236086 0.182541
v -0.045999 -0.237958 0.168745
v -0.045999 -0.237797 0.171553
v -0.045999 -0.237530 0.174336
v -0.045999 -0.237155 0.177096
v -0.045999 -0.236674 0.179831
v -0.045999 -0.209543 0.203762
v -0.045999 -0.237768 -0.040011
v -0.045999 -0.209788 -0.040011
v -0.326077 -0.237768 0.077196
v 0.324078 -0.237768 0.077196
v -0.325846 -0.209544 0.077196
v 0.324078 -0.209787 0.077196
v 0.089825 -0.209544 0.077196
v -0.045999 -0.209544 0.077196
v 0.324078 -0.237768 0.128395
v 0.323848 -0.209544 0.128395
v 0.089825 -0.209544 0.128395
v -0.045999 -0.209544 0.128395
v -0.325846 -0.238011 0.128395
v -0.326077 -0.209787 0.128395
v 0.089825 -0.238011 0.063543
v 0.089825 -0.238011 0.142048
v -0.045999 -0.238011 0.142048
v -0.045999 -0.238011 0.063543
v -0.055481 -0.238011 0.077196
v 0.099307 -0.238011 0.077196
v 0.099307 -0.238011 0.128395
v -0.055481 -0.238011 0.128395
v -0.055481 -0.238011 0.142048
v -0.055481 -0.238011 0.063543
v 0.099307 -0.238011 0.063543
v 0.099307 -0.238011 0.142048
v -0.299605 -0.237768 -0.040011
v 0.297606 -0.209788 -0.040011
v 0.324078 -0.237768 -0.000759
v -0.326077 -0.209788 -0.000758
v -0.305161 -0.237768 -0.039527
v -0.310063 -0.237768 -0.038073
v -0.314311 -0.237768 -0.035650
v -0.317906 -0.237768 -0.032258
v -0.320848 -0.237768 -0.027896
v -0.323135 -0.237768 -0.022566
v -0.324769 -0.237768 -0.016266
v -0.325521 -0.238012 -0.008953
v 0.303162 -0.209788 -0.039527
v 0.308064 -0.209788 -0.038073
v 0.312313 -0.209788 -0.035650
v 0.315908 -0.209788 -0.032258
v 0.318849 -0.209788 -0.027896
v 0.321137 -0.209788 -0.022566
v 0.322771 -0.209788 -0.016266
v 0.323522 -0.209544 -0.008953
v 0.323751 -0.237768 -0.008997
v 0.322771 -0.237768 -0.016266
v 0.321137 -0.237768 -0.022566
v 0.318849 -0.237768 -0.027896
v 0.315908 -0.237768 -0.032258
v 0.312313 -0.237768 -0.035650
v 0.308064 -0.237768 -0.038073
v 0.303133 -0.238012 -0.039187
v -0.325750 -0.209788 -0.008997
v -0.324769 -0.209788 -0.016266
v -0.323135 -0.209788 -0.022566
v -0.320848 -0.209788 -0.027896
v -0.317906 -0.209788 -0.032258
v -0.314311 -0.209788 -0.035650
v -0.310063 -0.209788 -0.038073
v -0.305131 -0.209544 -0.039187
v 0.323848 -0.225913 0.203780
v 0.323848 -0.225593 0.204104
v -0.325846 -0.225593 0.204104
v -0.325846 -0.225913 0.203780
v -0.326077 -0.235854 0.182438
v 0.323848 -0.238011 0.165913
v -0.326077 -0.237768 0.165908
v -0.326077 -0.236439 0.179740
v -0.326077 -0.236917 0.177023
v -0.326077 -0.237289 0.174282
v -0.326077 -0.237555 0.171516
v 0.324078 -0.237714 0.168727
v 0.324078 -0.237555 0.171516
v 0.324078 -0.237289 0.174282
v 0.324078 -0.236917 0.177023
v 0.323848 -0.209543 0.203762
v 0.324078 -0.209787 0.203762
v -0.326077 -0.237768 -0.000758
v 0.324078 -0.209788 -0.000759
v 0.297606 -0.237768 -0.040011
v 0.323848 -0.236086 0.182541
v -0.325846 -0.237958 0.168745
v 0.324078 -0.236439 0.179740
v -0.325846 -0.209543 0.203762
v -0.325846 -0.209787 0.204104
v -0.325846 -0.209543 0.182541
v 0.324078 -0.209787 0.165913
v -0.325846 -0.209543 0.165913
v 0.324078 -0.209787 0.182541
v -0.325846 -0.209543 0.179831
v -0.325846 -0.209543 0.177096
v -0.325846 -0.209543 0.174336
v -0.325846 -0.209543 0.171553
v -0.326077 -0.209787 0.168745
v 0.323848 -0.209543 0.168745
v 0.323848 -0.209543 0.171553
v 0.323848 -0.209543 0.174336
v 0.323848 -0.209543 0.177096
v 0.324078 -0.209787 0.179831
v -0.299605 -0.209788 -0.040011
v 0.089825 -0.238012 -0.039670
v 0.089825 -0.225593 0.204104
v 0.089825 -0.209543 0.203762
v 0.089825 -0.209544 -0.039670
v -0.045999 -0.225913 0.203780
v -0.045999 -0.209787 0.204104
v -0.045999 -0.238012 -0.039670
v -0.045999 -0.209544 -0.039670
v -0.325846 -0.238011 0.077196
v 0.323848 -0.238011 0.077196
v -0.326077 -0.209787 0.077196
v 0.323848 -0.209544 0.077196
v 0.323848 -0.238011 0.128395
v 0.324078 -0.209787 0.128395
v -0.326077 -0.237768 0.128395
v -0.325846 -0.209544 0.128395
v -0.299598 -0.238012 -0.039670
v 0.297600 -0.209544 -0.039670
v 0.323848 -0.238012 -0.000749
v -0.325846 -0.209544 -0.000748
v -0.305131 -0.238012 -0.039187
v -0.309998 -0.238012 -0.037744
v -0.314207 -0.238012 -0.035343
v -0.317761 -0.238012 -0.031990
v -0.320667 -0.238012 -0.027681
v -0.322929 -0.238012 -0.022411
v -0.324547 -0.238012 -0.016170
v -0.325750 -0.237768 -0.008997
v 0.303133 -0.209544 -0.039187
v 0.308000 -0.209544 -0.037744
v 0.312209 -0.209544 -0.035343
v 0.315763 -0.209544 -0.031990
v 0.318668 -0.209544 -0.027681
v 0.320930 -0.209544 -0.022411
v 0.322549 -0.209544 -0.016170
v 0.323751 -0.209788 -0.008997
v 0.323522 -0.238012 -0.008953
v 0.322549 -0.238012 -0.016170
v 0.320930 -0.238012 -0.022411
v 0.318668 -0.238012 -0.027681
v 0.315763 -0.238012 -0.031990
v 0.312209 -0.238012 -0.035343
v 0.308000 -0.238012 -0.037744
v 0.303162 -0.237768 -0.039527
v -0.325521 -0.209544 -0.008953
v -0.324547 -0.209544 -0.016170
v -0.322929 -0.209544 -0.022411
v -0.320667 -0.209544 -0.027681
v -0.317761 -0.209544 -0.031990
v -0.314207 -0.209544 -0.035343
v -0.309998 -0.209544 -0.037744
v -0.305161 -0.209788 -0.039527
v -0.286862 0.220263 -0.005880
v 0.284184 0.208108 -0.022947
v 0.290318 0.207441 -0.022947
v 0.295284 0.205611 -0.022947
v 0.299680 0.202735 -0.022947
v 0.303358 0.198957 -0.022947
v 0.306157 0.194441 -0.022947
v 0.307938 0.189340 -0.022947
v 0.308588 0.183039 -0.022947
v 0.320420 -0.209544 -0.005878
v -0.310567 -0.209544 -0.022945
v -0.310586 0.183039 -0.022947
v -0.309937 0.189340 -0.022947
v -0.308156 0.194441 -0.022947
v -0.305356 0.198957 -0.022947
v -0.301678 0.202735 -0.022947
v -0.297282 0.205611 -0.022947
v -0.295010 0.219297 -0.005880
v -0.286862 0.220263 0.190145
v 0.284864 0.220263 0.190145
v 0.293011 0.219298 0.190145
v 0.300493 0.216548 0.190145
v 0.307095 0.212233 0.190145
v 0.312603 0.206575 0.190145
v 0.316803 0.199793 0.190145
v 0.319480 0.192108 0.190145
v 0.320420 0.183739 0.190145
v 0.320420 -0.209543 0.190147
v -0.321470 -0.209543 0.191512
v -0.322419 0.183739 0.190145
v -0.321479 0.192108 0.190145
v -0.318802 0.199793 0.190145
v -0.314602 0.206575 0.190145
v -0.309094 0.212233 0.190145
v -0.302491 0.216548 0.190145
v -0.295010 0.219298 0.190145
v 0.283501 0.195913 -0.022947
v -0.285500 0.195913 -0.022947
v -0.289588 0.195428 -0.022947
v -0.292007 0.194539 -0.022947
v -0.294174 0.193123 -0.022947
v -0.295999 0.191248 -0.022947
v -0.297377 0.189023 -0.022947
v -0.298243 0.186537 -0.022947
v -0.298715 0.182338 -0.022947
v -0.298715 -0.209544 -0.022945
v 0.296716 -0.209544 -0.022945
v 0.296716 0.182338 -0.022947
v 0.296245 0.186537 -0.022947
v 0.295379 0.189023 -0.022947
v 0.294001 0.191248 -0.022947
v 0.292175 0.193123 -0.022947
v 0.290009 0.194539 -0.022947
v 0.287589 0.195428 -0.022947
v -0.286182 0.208108 -0.022947
v 0.284864 0.220263 -0.005880
v 0.293011 0.219297 -0.005880
v 0.300493 0.216547 -0.005880
v 0.307095 0.212233 -0.005880
v 0.312603 0.206575 -0.005880
v 0.316803 0.199793 -0.005880
v 0.319480 0.192107 -0.005880
v 0.320420 0.183738 -0.005880
v 0.308568 -0.209544 -0.022945
v -0.322419 -0.209544 -0.005878
v -0.322419 0.183738 -0.005880
v -0.321479 0.192107 -0.005880
v -0.318802 0.199793 -0.005880
v -0.314602 0.206575 -0.005880
v -0.309094 0.212233 -0.005880
v -0.302491 0.216547 -0.005880
v -0.292316 0.207441 -0.022947
v -0.286844 0.219925 -0.011095
v -0.286787 0.218912 -0.015362
v -0.286692 0.217224 -0.018680
v -0.286560 0.214860 -0.021050
v -0.286390 0.211822 -0.022473
v 0.284392 0.211822 -0.022473
v 0.284562 0.214860 -0.021050
v 0.284694 0.217224 -0.018680
v 0.284789 0.218912 -0.015362
v 0.284845 0.219925 -0.011095
v 0.291141 0.211063 -0.022473
v 0.291814 0.214027 -0.021050
v 0.292338 0.216333 -0.018680
v 0.292712 0.217980 -0.015362
v 0.292936 0.218968 -0.011095
v 0.296875 0.208953 -0.022473
v 0.298178 0.211687 -0.021050
v 0.299191 0.213813 -0.018680
v 0.299914 0.215332 -0.015362
v 0.300349 0.216243 -0.011095
v 0.301946 0.205637 -0.022473
v 0.303800 0.208012 -0.021050
v 0.305242 0.209858 -0.018680
v 0.306271 0.211178 -0.015362
v 0.306889 0.211969 -0.011095
v 0.306183 0.201285 -0.022473
v 0.308494 0.203189 -0.021050
v 0.310292 0.204670 -0.018680
v 0.311576 0.205728 -0.015362
v 0.312347 0.206363 -0.011095
v 0.309410 0.196076 -0.022473
v 0.312072 0.197414 -0.021050
v 0.314142 0.198455 -0.018680
v 0.315620 0.199198 -0.015362
v 0.316507 0.199644 -0.011095
v 0.311465 0.190186 -0.022472
v 0.314351 0.190877 -0.021050
v 0.316595 0.191415 -0.018680
v 0.318198 0.191800 -0.015361
v 0.319160 0.192030 -0.011095
v 0.312203 0.183253 -0.022473
v 0.315161 0.183427 -0.021050
v 0.317462 0.183563 -0.018680
v 0.319106 0.183660 -0.015361
v 0.320092 0.183718 -0.011095
v 0.320091 -0.209544 -0.011093
v 0.319103 -0.209544 -0.015360
v 0.317457 -0.209544 -0.018678
v 0.315153 -0.209544 -0.021049
v 0.312190 -0.209544 -0.022471
v -0.314188 -0.209544 -0.022471
v -0.317151 -0.209544 -0.021049
v -0.319456 -0.209544 -0.018678
v -0.321102 -0.209544 -0.015360
v -0.322089 -0.209544 -0.011093
v -0.314202 0.183253 -0.022473
v -0.317160 0.183427 -0.021050
v -0.319461 0.183563 -0.018680
v -0.321104 0.183660 -0.015361
v -0.322090 0.183718 -0.011095
v -0.313463 0.190186 -0.022473
v -0.316349 0.190877 -0.021050
v -0.318593 0.191415 -0.018680
v -0.320196 0.191799 -0.015361
v -0.321158 0.192030 -0.011095
v -0.311409 0.196076 -0.022473
v -0.314070 0.197414 -0.021050
v -0.316140 0.198455 -0.018680
v -0.317619 0.199198 -0.015362
v -0.318506 0.199644 -0.011095
v -0.308181 0.201285 -0.022473
v -0.310493 0.203189 -0.021050
v -0.312290 0.204670 -0.018680
v -0.313574 0.205728 -0.015362
v -0.314345 0.206363 -0.011095
v -0.303944 0.205637 -0.022473
v -0.305798 0.208012 -0.021050
v -0.307240 0.209858 -0.018680
v -0.308270 0.211177 -0.015362
v -0.308888 0.211969 -0.011095
v -0.298874 0.208953 -0.022473
v -0.300176 0.211687 -0.021050
v -0.301189 0.213813 -0.018680
v -0.301913 0.215332 -0.015362
v -0.302347 0.216243 -0.011095
v -0.294935 0.218968 -0.011095
v -0.294710 0.217980 -0.015362
v -0.294336 0.216333 -0.018680
v -0.293813 0.214027 -0.021050
v -0.293139 0.211063 -0.022473
v -0.286658 0.216610 -0.005648
v 0.284175 0.207937 -0.017827
v 0.290279 0.207267 -0.017827
v 0.295208 0.205452 -0.017827
v 0.299572 0.202597 -0.017827
v 0.303223 0.198846 -0.017827
v 0.306002 0.194363 -0.017827
v 0.307769 0.189301 -0.017827
v 0.308421 0.183030 -0.017827
v 0.316865 -0.209544 -0.005646
v -0.310405 -0.209544 -0.017825
v -0.310420 0.183030 -0.017827
v -0.309768 0.189300 -0.017827
v -0.308001 0.194363 -0.017827
v -0.305222 0.198846 -0.017827
v -0.301570 0.202597 -0.017827
v -0.297206 0.205452 -0.017827
v -0.294196 0.215717 -0.005647
v -0.286712 0.217583 0.191510
v 0.284714 0.217583 0.191510
v 0.292413 0.216666 0.191510
v 0.299337 0.214121 0.191510
v 0.305451 0.210127 0.191510
v 0.310553 0.204886 0.191510
v 0.314441 0.198606 0.191511
v 0.316918 0.191494 0.191511
v 0.317811 0.183585 0.191511
v 0.317813 -0.209543 0.191512
v -0.319811 -0.209543 0.191512
v -0.319810 0.183584 0.191511
v -0.318917 0.191494 0.191511
v -0.316440 0.198606 0.191511
v -0.312551 0.204886 0.191510
v -0.307449 0.210127 0.191510
v -0.301336 0.214121 0.191510
v -0.294412 0.216666 0.191510
v 0.283501 0.195913 -0.017827
v -0.285500 0.195913 -0.017827
v -0.289588 0.195428 -0.017827
v -0.292007 0.194539 -0.017827
v -0.294174 0.193123 -0.017827
v -0.295999 0.191248 -0.017827
v -0.297377 0.189023 -0.017827
v -0.298243 0.186537 -0.017827
v -0.298715 0.182338 -0.017827
v -0.298715 -0.209544 -0.017825
v 0.296716 -0.209544 -0.017825
v 0.296716 0.182338 -0.017827
v 0.296245 0.186537 -0.017827
v 0.295379 0.189023 -0.017827
v 0.294001 0.191248 -0.017827
v 0.292175 0.193123 -0.017827
v 0.290009 0.194539 -0.017827
v 0.287589 0.195428 -0.017827
v -0.286173 0.207937 -0.017827
v 0.284660 0.216610 -0.005648
v 0.292198 0.215717 -0.005647
v 0.298921 0.213246 -0.005647
v 0.304857 0.209366 -0.005647
v 0.309813 0.204276 -0.005647
v 0.313590 0.198177 -0.005647
v 0.315995 0.191272 -0.005647
v 0.316865 0.183528 -0.005648
v 0.308407 -0.209544 -0.017825
v -0.318863 -0.209544 -0.005646
v -0.318863 0.183528 -0.005648
v -0.317993 0.191272 -0.005647
v -0.315588 0.198177 -0.005647
v -0.311811 0.204276 -0.005647
v -0.306856 0.209366 -0.005647
v -0.300919 0.213246 -0.005647
v -0.292278 0.207267 -0.017827
v -0.286642 0.216325 -0.010042
v -0.286603 0.215617 -0.013020
v -0.286547 0.214595 -0.015021
v -0.286468 0.213170 -0.016444
v -0.286349 0.211055 -0.017429
v 0.284351 0.211055 -0.017429
v 0.284471 0.213170 -0.016444
v 0.284550 0.214595 -0.015021
v 0.284606 0.215617 -0.013021
v 0.284645 0.216325 -0.010043
v 0.290969 0.210300 -0.017431
v 0.291438 0.212361 -0.016449
v 0.291753 0.213752 -0.015027
v 0.291979 0.214750 -0.013022
v 0.292135 0.215440 -0.010042
v 0.296540 0.208250 -0.017431
v 0.297446 0.210151 -0.016449
v 0.298057 0.211434 -0.015027
v 0.298496 0.212354 -0.013023
v 0.298799 0.212991 -0.010042
v 0.301470 0.205027 -0.017431
v 0.302758 0.206678 -0.016449
v 0.303628 0.207793 -0.015027
v 0.304253 0.208592 -0.013023
v 0.304684 0.209145 -0.010042
v 0.305589 0.200796 -0.017431
v 0.307196 0.202119 -0.016449
v 0.308281 0.203013 -0.015027
v 0.309059 0.203654 -0.013023
v 0.309597 0.204098 -0.010042
v 0.308726 0.195732 -0.017431
v 0.310577 0.196662 -0.016449
v 0.311826 0.197290 -0.015027
v 0.312721 0.197741 -0.013023
v 0.313341 0.198052 -0.010042
v 0.310722 0.190010 -0.017431
v 0.312727 0.190492 -0.016449
v 0.314082 0.190816 -0.015027
v 0.315054 0.191048 -0.013022
v 0.315725 0.191208 -0.010041
v 0.311457 0.183210 -0.017429
v 0.313515 0.183332 -0.016444
v 0.314903 0.183414 -0.015021
v 0.315898 0.183472 -0.013020
v 0.316588 0.183512 -0.010042
v 0.316587 -0.209544 -0.010038
v 0.315899 -0.209544 -0.013010
v 0.314908 -0.209544 -0.015008
v 0.313521 -0.209544 -0.016435
v 0.311457 -0.209544 -0.017426
v -0.313455 -0.209544 -0.017426
v -0.315520 -0.209544 -0.016435
v -0.316907 -0.209544 -0.015008
v -0.317898 -0.209544 -0.013010
v -0.318586 -0.209544 -0.010038
v -0.313456 0.183211 -0.017429
v -0.315514 0.183334 -0.016444
v -0.316902 0.183415 -0.015021
v -0.317896 0.183473 -0.013020
v -0.318586 0.183512 -0.010043
v -0.312720 0.190009 -0.017431
v -0.314726 0.190491 -0.016449
v -0.316081 0.190815 -0.015027
v -0.317052 0.191047 -0.013022
v -0.317724 0.191207 -0.010042
v -0.310725 0.195732 -0.017431
v -0.312575 0.196662 -0.016449
v -0.313824 0.197290 -0.015027
v -0.314720 0.197741 -0.013023
v -0.315340 0.198052 -0.010042
v -0.307588 0.200795 -0.017431
v -0.309194 0.202119 -0.016449
v -0.310279 0.203013 -0.015027
v -0.311057 0.203654 -0.013023
v -0.311596 0.204098 -0.010042
v -0.303468 0.205027 -0.017431
v -0.304757 0.206678 -0.016449
v -0.305627 0.207793 -0.015027
v -0.306251 0.208592 -0.013023
v -0.306682 0.209145 -0.010042
v -0.298539 0.208250 -0.017431
v -0.299444 0.210151 -0.016449
v -0.300055 0.211434 -0.015027
v -0.300494 0.212354 -0.013023
v -0.300797 0.212990 -0.010042
v -0.294134 0.215440 -0.010041
v -0.293979 0.214750 -0.013022
v -0.293753 0.213752 -0.015027
v -0.293437 0.212360 -0.016449
v -0.292968 0.210300 -0.017431
v -0.286808 0.219291 0.191510
v 0.284810 0.219291 0.191510
v 0.292796 0.218349 0.191510
v 0.300076 0.215673 0.191510
v 0.306502 0.211474 0.191510
v 0.311864 0.205966 0.191510
v 0.315952 0.199365 0.191511
v 0.318557 0.191886 0.191511
v 0.319474 0.183683 0.191511
v 0.319472 -0.209543 0.191512
v -0.322419 -0.209543 0.190147
v -0.321472 0.183683 0.191511
v -0.320555 0.191886 0.191511
v -0.317950 0.199365 0.191511
v -0.313862 0.205966 0.191510
v -0.308500 0.211474 0.191510
v -0.302075 0.215673 0.191510
v -0.294794 0.218349 0.191510
v -0.286658 0.216611 0.190145
v 0.284660 0.216611 0.190145
v 0.292198 0.215717 0.190145
v 0.298921 0.213246 0.190145
v 0.304857 0.209367 0.190145
v 0.309813 0.204276 0.190145
v 0.313590 0.198178 0.190145
v 0.315995 0.191272 0.190145
v 0.316865 0.183529 0.190145
v 0.316865 -0.209543 0.190147
v -0.318863 -0.209543 0.190147
v -0.318863 0.183529 0.190145
v -0.317993 0.191272 0.190145
v -0.315588 0.198178 0.190145
v -0.311811 0.204276 0.190145
v -0.306856 0.209367 0.190145
v -0.300919 0.213246 0.190145
v -0.294196 0.215717 0.190145
v -0.286859 0.220203 0.190742
v -0.286849 0.220020 0.191169
v -0.286832 0.219716 0.191425
v 0.284861 0.220203 0.190742
v 0.284851 0.220020 0.191169
v 0.284834 0.219716 0.191425
v 0.292998 0.219238 0.190742
v 0.292957 0.219060 0.191169
v 0.292890 0.218764 0.191425
v 0.300467 0.216493 0.190742
v 0.300389 0.216329 0.191169
v 0.300259 0.216055 0.191425
v 0.307058 0.212186 0.190742
v 0.306947 0.212044 0.191169
v 0.306762 0.211806 0.191425
v 0.312557 0.206537 0.190742
v 0.312419 0.206423 0.191169
v 0.312187 0.206233 0.191425
v 0.316750 0.199767 0.190743
v 0.316590 0.199686 0.191169
v 0.316324 0.199552 0.191425
v 0.319423 0.192094 0.190743
v 0.319250 0.192052 0.191169
v 0.318961 0.191983 0.191425
v 0.320361 0.183735 0.190743
v 0.320184 0.183725 0.191169
v 0.319888 0.183707 0.191425
v 0.319887 -0.209543 0.191427
v 0.320183 -0.209543 0.191171
v 0.320361 -0.209543 0.190744
v -0.322359 -0.209543 0.190744
v -0.322182 -0.209543 0.191171
v -0.321885 -0.209543 0.191427
v -0.322360 0.183735 0.190743
v -0.322182 0.183725 0.191169
v -0.321886 0.183707 0.191425
v -0.321421 0.192094 0.190743
v -0.321248 0.192052 0.191169
v -0.320959 0.191983 0.191425
v -0.318748 0.199767 0.190743
v -0.318589 0.199686 0.191169
v -0.318323 0.199552 0.191425
v -0.314556 0.206537 0.190742
v -0.314417 0.206423 0.191169
v -0.314186 0.206232 0.191425
v -0.309057 0.212186 0.190742
v -0.308945 0.212044 0.191169
v -0.308760 0.211806 0.191425
v -0.302465 0.216493 0.190742
v -0.302387 0.216329 0.191169
v -0.302257 0.216055 0.191425
v -0.294996 0.219238 0.190742
v -0.294956 0.219061 0.191169
v -0.294888 0.218764 0.191425
v -0.286689 0.217158 0.191425
v -0.286672 0.216854 0.191169
v -0.286662 0.216672 0.190742
v 0.284690 0.217158 0.191425
v 0.284673 0.216854 0.191169
v 0.284663 0.216672 0.190742
v 0.292319 0.216251 0.191425
v 0.292252 0.215954 0.191169
v 0.292211 0.215777 0.190742
v 0.299155 0.213739 0.191425
v 0.299025 0.213465 0.191169
v 0.298947 0.213301 0.190742
v 0.305191 0.209795 0.191425
v 0.305006 0.209557 0.191169
v 0.304894 0.209414 0.190742
v 0.310229 0.204619 0.191425
v 0.309998 0.204429 0.191169
v 0.309859 0.204315 0.190742
v 0.314069 0.198419 0.191425
v 0.313802 0.198285 0.191169
v 0.313643 0.198205 0.190743
v 0.316514 0.191397 0.191425
v 0.316226 0.191328 0.191169
v 0.316053 0.191286 0.190743
v 0.317397 0.183560 0.191425
v 0.317101 0.183543 0.191169
v 0.316924 0.183532 0.190743
v 0.316924 -0.209543 0.190744
v 0.317102 -0.209543 0.191171
v 0.317398 -0.209543 0.191427
v -0.319396 -0.209543 0.191427
v -0.319100 -0.209543 0.191171
v -0.318922 -0.209543 0.190744
v -0.319396 0.183560 0.191425
v -0.319100 0.183543 0.191169
v -0.318922 0.183532 0.190743
v -0.318513 0.191397 0.191425
v -0.318224 0.191328 0.191169
v -0.318051 0.191286 0.190743
v -0.316067 0.198419 0.191425
v -0.315801 0.198285 0.191169
v -0.315641 0.198205 0.190743
v -0.312227 0.204619 0.191425
v -0.311996 0.204429 0.191169
v -0.311858 0.204314 0.190742
v -0.307189 0.209794 0.191425
v -0.307004 0.209557 0.191169
v -0.306893 0.209414 0.190742
v -0.301153 0.213739 0.191425
v -0.301023 0.213465 0.191169
v -0.300945 0.213301 0.190742
v -0.294318 0.216251 0.191425
v -0.294250 0.215955 0.191169
v -0.294210 0.215777 0.190742
v -0.046251 -0.238620 0.076834
v 0.089825 -0.238255 0.077196
v 0.089825 -0.238255 0.128395
v -0.046251 -0.238620 0.128757
v -0.055230 -0.238620 0.063905
v -0.055230 -0.238620 0.141686
v 0.099055 -0.238620 0.141686
v 0.099055 -0.238620 0.063905
v 0.089825 -0.238011 0.077196
v -0.045999 -0.238011 0.077196
v -0.045999 -0.238011 0.128395
v 0.089825 -0.238011 0.128395
v -0.055481 -0.238011 0.142048
v -0.055481 -0.238011 0.063543
v 0.099307 -0.238011 0.063543
v 0.099307 -0.238011 0.142048
v -0.045999 -0.238255 0.077196
v 0.090077 -0.238620 0.076834
v 0.090077 -0.238620 0.128757
v -0.045999 -0.238255 0.128395
v -0.055481 -0.238255 0.063543
v -0.055481 -0.238255 0.142048
v 0.099307 -0.238255 0.142048
v 0.099307 -0.238255 0.063543
v -0.046174 -0.238610 0.076945
v -0.046111 -0.238580 0.077035
v -0.046062 -0.238529 0.077105
v -0.046027 -0.238458 0.077156
v -0.046006 -0.238367 0.077186
v 0.089832 -0.238366 0.077186
v 0.089853 -0.238458 0.077156
v 0.089888 -0.238529 0.077105
v 0.089937 -0.238580 0.077035
v 0.090000 -0.238610 0.076945
v 0.089832 -0.238366 0.128405
v 0.089853 -0.238458 0.128435
v 0.089888 -0.238529 0.128486
v 0.089937 -0.238579 0.128556
v 0.090000 -0.238610 0.128647
v -0.046174 -0.238610 0.128647
v -0.046111 -0.238579 0.128556
v -0.046062 -0.238529 0.128486
v -0.046027 -0.238458 0.128436
v -0.046006 -0.238366 0.128405
v -0.055306 -0.238610 0.063794
v -0.055369 -0.238580 0.063704
v -0.055418 -0.238529 0.063633
v -0.055453 -0.238458 0.063583
v -0.055474 -0.238367 0.063553
v -0.055307 -0.238610 0.141797
v -0.055369 -0.238579 0.141887
v -0.055418 -0.238529 0.141958
v -0.055453 -0.238458 0.142008
v -0.055474 -0.238366 0.142038
v 0.099132 -0.238610 0.141797
v 0.099195 -0.238579 0.141887
v 0.099244 -0.238529 0.141958
v 0.099279 -0.238458 0.142008
v 0.099300 -0.238366 0.142038
v 0.099132 -0.238610 0.063794
v 0.099195 -0.238580 0.063704
v 0.099244 -0.238529 0.063633
v 0.099279 -0.238458 0.063583
v 0.099300 -0.238367 0.063553
v -0.326089 -0.238620 -0.000759
v 0.324089 -0.208938 -0.000759
v 0.297607 -0.238620 -0.040030
v -0.299605 -0.208935 -0.040030
v 0.089825 -0.238020 -0.040865
v 0.089825 -0.209535 -0.040865
v -0.045999 -0.238020 -0.040865
v -0.045999 -0.209535 -0.040865
v -0.299622 -0.238019 -0.040865
v 0.297623 -0.209537 -0.040865
v 0.324654 -0.238019 -0.000784
v -0.326652 -0.209537 -0.000784
v -0.305234 -0.238017 -0.040375
v -0.310224 -0.238016 -0.038895
v -0.314572 -0.238016 -0.036416
v -0.318268 -0.238016 -0.032927
v -0.321299 -0.238016 -0.028433
v -0.323652 -0.238016 -0.022952
v -0.325324 -0.238016 -0.016504
v -0.325767 -0.238620 -0.009000
v 0.303236 -0.209539 -0.040375
v 0.308225 -0.209539 -0.038895
v 0.312573 -0.209540 -0.036416
v 0.316270 -0.209540 -0.032927
v 0.319301 -0.209540 -0.028433
v 0.321653 -0.209540 -0.022952
v 0.323326 -0.209539 -0.016504
v 0.323766 -0.208942 -0.009000
v 0.324323 -0.238017 -0.009106
v 0.323326 -0.238016 -0.016504
v 0.321653 -0.238016 -0.022952
v 0.319301 -0.238016 -0.028433
v 0.316270 -0.238016 -0.032927
v 0.312573 -0.238016 -0.036416
v 0.308225 -0.238016 -0.038895
v 0.303164 -0.238620 -0.039553
v -0.326322 -0.209539 -0.009106
v -0.325324 -0.209539 -0.016504
v -0.323652 -0.209540 -0.022952
v -0.321299 -0.209540 -0.028433
v -0.318268 -0.209540 -0.032927
v -0.314572 -0.209540 -0.036416
v -0.310224 -0.209539 -0.038895
v -0.305163 -0.208935 -0.039553
v -0.326652 -0.238019 -0.000784
v 0.324654 -0.209537 -0.000784
v 0.297623 -0.238019 -0.040865
v -0.299622 -0.209537 -0.040865
v 0.089825 -0.238620 -0.040023
v 0.089825 -0.208935 -0.040023
v -0.045999 -0.238620 -0.040023
v -0.045999 -0.208935 -0.040023
v -0.299605 -0.238620 -0.040030
v 0.297607 -0.208938 -0.040028
v 0.324091 -0.238620 -0.000759
v -0.326089 -0.208935 -0.000759
v -0.305163 -0.238620 -0.039553
v -0.310068 -0.238620 -0.038101
v -0.314321 -0.238620 -0.035678
v -0.317920 -0.238620 -0.032283
v -0.320865 -0.238620 -0.027917
v -0.323154 -0.238620 -0.022580
v -0.324788 -0.238620 -0.016274
v -0.326322 -0.238017 -0.009106
v 0.303164 -0.208942 -0.039548
v 0.308069 -0.208944 -0.038096
v 0.312321 -0.208945 -0.035673
v 0.315919 -0.208946 -0.032278
v 0.318863 -0.208946 -0.027913
v 0.321152 -0.208945 -0.022577
v 0.322786 -0.208944 -0.016273
v 0.324323 -0.209539 -0.009106
v 0.323769 -0.238620 -0.009000
v 0.322790 -0.238620 -0.016274
v 0.321156 -0.238620 -0.022580
v 0.318866 -0.238620 -0.027917
v 0.315922 -0.238620 -0.032283
v 0.312322 -0.238620 -0.035678
v 0.308070 -0.238620 -0.038101
v 0.303236 -0.238017 -0.040375
v -0.325767 -0.208935 -0.009000
v -0.324788 -0.208935 -0.016274
v -0.323154 -0.208935 -0.022580
v -0.320865 -0.208935 -0.027917
v -0.317920 -0.208935 -0.032283
v -0.314321 -0.208935 -0.035678
v -0.310068 -0.208935 -0.038101
v -0.305234 -0.209539 -0.040375
v 0.089825 -0.208935 0.002655
v 0.324086 -0.208935 0.002655
v -0.326085 -0.238620 0.002655
v -0.326085 -0.208935 0.002655
v -0.045999 -0.238620 0.002655
v 0.089825 -0.238620 0.002655
v 0.324086 -0.238620 0.002655
v -0.045999 -0.208935 0.002655
v 0.324654 -0.209535 0.002655
v -0.326652 -0.238020 0.002655
v -0.326652 -0.209535 0.002655
v 0.324654 -0.238020 0.002655
v -0.325846 -0.238012 -0.000748
v 0.323848 -0.209544 -0.000749
v 0.297600 -0.238012 -0.039670
v -0.299598 -0.209544 -0.039670
v 0.089825 -0.237768 -0.040011
v 0.089825 -0.209788 -0.040011
v -0.045999 -0.237768 -0.040011
v -0.045999 -0.209788 -0.040011
v -0.299605 -0.237768 -0.040011
v 0.297606 -0.209788 -0.040011
v 0.324078 -0.237768 -0.000759
v -0.326077 -0.209788 -0.000758
v -0.305161 -0.237768 -0.039527
v -0.310063 -0.237768 -0.038073
v -0.314311 -0.237768 -0.035650
v -0.317906 -0.237768 -0.032258
v -0.320848 -0.237768 -0.027896
v -0.323135 -0.237768 -0.022566
v -0.324769 -0.237768 -0.016266
v -0.325521 -0.238012 -0.008953
v 0.303162 -0.209788 -0.039527
v 0.308064 -0.209788 -0.038073
v 0.312313 -0.209788 -0.035650
v 0.315908 -0.209788 -0.032258
v 0.318849 -0.209788 -0.027896
v 0.321137 -0.209788 -0.022566
v 0.322771 -0.209788 -0.016266
v 0.323522 -0.209544 -0.008953
v 0.323751 -0.237768 -0.008997
v 0.322771 -0.237768 -0.016266
v 0.321137 -0.237768 -0.022566
v 0.318849 -0.237768 -0.027896
v 0.315908 -0.237768 -0.032258
v 0.312313 -0.237768 -0.035650
v 0.308064 -0.237768 -0.038073
v 0.303133 -0.238012 -0.039187
v -0.325750 -0.209788 -0.008997
v -0.324769 -0.209788 -0.016266
v -0.323135 -0.209788 -0.022566
v -0.320848 -0.209788 -0.027896
v -0.317906 -0.209788 -0.032258
v -0.314311 -0.209788 -0.035650
v -0.310063 -0.209788 -0.038073
v -0.305131 -0.209544 -0.039187
v -0.326077 -0.237768 -0.000758
v 0.324078 -0.209788 -0.000759
v 0.297606 -0.237768 -0.040011
v -0.299605 -0.209788 -0.040011
v 0.089825 -0.238012 -0.039670
v 0.089825 -0.209544 -0.039670
v -0.045999 -0.238012 -0.039670
v -0.045999 -0.209544 -0.039670
v -0.299598 -0.238012 -0.039670
v 0.297600 -0.209544 -0.039670
v 0.323848 -0.238012 -0.000749
v -0.325846 -0.209544 -0.000748
v -0.305131 -0.238012 -0.039187
v -0.309998 -0.238012 -0.037744
v -0.314207 -0.238012 -0.035343
v -0.317761 -0.238012 -0.031990
v -0.320667 -0.238012 -0.027681
v -0.322929 -0.238012 -0.022411
v -0.324547 -0.238012 -0.016170
v -0.325750 -0.237768 -0.008997
v 0.303133 -0.209544 -0.039187
v 0.308000 -0.209544 -0.037744
v 0.312209 -0.209544 -0.035343
v 0.315763 -0.209544 -0.031990
v 0.318668 -0.209544 -0.027681
v 0.320930 -0.209544 -0.022411
v 0.322549 -0.209544 -0.016170
v 0.323751 -0.209788 -0.008997
v 0.323522 -0.238012 -0.008953
v 0.322549 -0.238012 -0.016170
v 0.320930 -0.238012 -0.022411
v 0.318668 -0.238012 -0.027681
v 0.315763 -0.238012 -0.031990
v 0.312209 -0.238012 -0.035343
v 0.308000 -0.238012 -0.037744
v 0.303162 -0.237768 -0.039527
v -0.325521 -0.209544 -0.008953
v -0.324547 -0.209544 -0.016170
v -0.322929 -0.209544 -0.022411
v -0.320667 -0.209544 -0.027681
v -0.317761 -0.209544 -0.031990
v -0.314207 -0.209544 -0.035343
v -0.309998 -0.209544 -0.037744
v -0.305161 -0.209788 -0.039527
v 0.089825 -0.209544 0.002655
v 0.323848 -0.209544 0.002655
v -0.325846 -0.238012 0.002655
v -0.325846 -0.209544 0.002655
v -0.045999 -0.238012 0.002655
v 0.089825 -0.238012 0.002655
v 0.323848 -0.238012 0.002655
v -0.045999 -0.209544 0.002655
v 0.324078 -0.209788 0.002655
v -0.326077 -0.237768 0.002655
v -0.326077 -0.209788 0.002655
v 0.324078 -0.237768 0.002655
vn -0.0000 -1.0000 -0.0000
vn 0.0036 -0.9329 0.3600
vn 0.0164 -0.9428 0.3328
vn -0.0010 -0.9429 0.3332
vn -0.0000 -0.9379 0.3468
vn -0.0010 -0.9995 0.0315
vn -0.0010 -1.0000 0.0008
vn -0.0000 -1.0000 0.0010
vn -0.0000 -0.9990 0.0443
vn -0.0010 -0.9976 0.0699
vn -0.0000 -0.9966 0.0826
vn -0.0010 -0.9941 0.1085
vn -0.0000 -0.9926 0.1214
vn -0.0011 -0.9891 0.1474
vn -0.0000 -0.9871 0.1604
vn -0.0010 -0.9825 0.1862
vn -0.0000 -0.9800 0.1991
vn -0.0000 -0.0185 0.9998
vn 0.0018 -0.0393 0.9992
vn -0.0053 0.0189 0.9998
vn -0.0000 0.0234 0.9997
vn -0.0000 1.0000 -0.0028
vn -0.0000 1.0000 -0.0000
vn 0.0073 0.9965 0.0833
vn 0.0032 0.9998 0.0195
vn 0.0036 0.9999 0.0156
vn 0.0044 0.9999 0.0116
vn 0.0048 1.0000 0.0078
vn 0.0050 1.0000 0.0043
vn 0.0045 1.0000 0.0012
vn 0.0038 1.0000 -0.0016
vn 0.0032 1.0000 -0.0048
vn 0.0028 0.9999 -0.0119
vn 0.0017 0.9559 -0.2938
vn -0.0000 -0.0101 -0.9999
vn -0.0000 0.0176 -0.9998
vn -0.0156 0.0147 -0.9998
vn 0.0058 -0.0120 -0.9999
vn -0.0000 -0.0000 1.0000
vn 1.0000 -0.0000 -0.0000
vn -0.0000 -0.0000 -1.0000
vn -1.0000 -0.0000 -0.0000
vn 0.0094 -0.9382 0.3459
vn -0.0000 -0.9383 0.3458
vn 0.0012 -0.9431 0.3326
vn -0.0163 -0.9370 0.3489
vn 0.0013 -0.9995 0.0315
vn -0.0000 -0.9992 0.0389
vn -0.0002 -1.0000 0.0004
vn 0.0013 -0.9976 0.0698
vn -0.0000 -0.9970 0.0771
vn 0.0013 -0.9941 0.1085
vn -0.0000 -0.9932 0.1160
vn 0.0013 -0.9891 0.1474
vn -0.0000 -0.9880 0.1545
vn 0.0014 -0.9825 0.1863
vn -0.0000 -0.9811 0.1936
vn -0.0000 -0.0238 0.9997
vn -0.0000 0.0181 0.9998
vn -0.0000 1.0000 0.0064
vn -0.0000 1.0000 0.0073
vn -0.0000 0.0102 -0.9999
vn -0.0000 -0.0168 -0.9999
vn -0.0000 -1.0000 -0.0025
vn -0.0000 -1.0000 -0.0030
vn 0.0020 -1.0000 -0.0000
vn -0.0016 -0.0103 0.9999
vn -0.0014 0.0419 0.9991
vn -0.0115 0.9947 -0.1025
vn -0.0044 0.9988 -0.0495
vn -0.0039 0.9988 -0.0489
vn -0.0039 0.9988 -0.0483
vn -0.0038 0.9989 -0.0476
vn -0.0038 0.9989 -0.0469
vn -0.0038 0.9989 -0.0463
vn -0.0032 0.9990 -0.0457
vn -0.0020 1.0000 0.0055
vn 0.0089 -0.0136 -0.9999
vn -0.0045 0.0121 -0.9999
vn -0.0015 -1.0000 -0.0000
vn -0.0032 -0.9976 -0.0685
vn -0.0025 -1.0000 0.0096
vn -0.0031 -1.0000 0.0071
vn -0.0034 -1.0000 0.0046
vn -0.0033 -1.0000 0.0024
vn -0.0031 -1.0000 0.0004
vn -0.0027 -1.0000 -0.0015
vn -0.0023 -1.0000 -0.0038
vn -0.0022 -1.0000 -0.0091
vn -0.0013 -0.9566 -0.2914
vn -0.0012 1.0000 -0.0000
vn -0.0003 -1.0000 -0.0000
vn 0.0373 -0.9993 -0.0037
vn 0.4296 -0.9030 -0.0023
vn -0.0007 -1.0000 0.0003
vn 0.0162 -0.9999 -0.0034
vn 0.0090 -1.0000 -0.0033
vn 0.0055 -1.0000 -0.0032
vn 0.0034 -1.0000 -0.0030
vn 0.0021 -1.0000 -0.0030
vn 0.0011 -1.0000 -0.0030
vn 0.0004 -1.0000 -0.0028
vn -0.0000 -1.0000 -0.0035
vn -0.0000 1.0000 -0.0024
vn 0.0536 0.9985 -0.0100
vn -0.0113 0.9999 -0.0009
vn -0.0092 1.0000 0.0006
vn -0.0076 1.0000 0.0012
vn -0.0067 1.0000 0.0009
vn -0.0072 1.0000 -0.0000
vn -0.0097 1.0000 -0.0011
vn -0.0164 0.9999 -0.0024
vn -0.0375 0.9993 -0.0035
vn -0.4298 0.9029 -0.0023
vn 0.0013 0.9999 0.0112
vn 0.0062 0.9982 -0.0594
vn 0.0058 0.9982 -0.0605
vn 0.0059 0.9981 -0.0615
vn 0.0060 0.9980 -0.0625
vn 0.0061 0.9980 -0.0635
vn 0.0062 0.9979 -0.0644
vn 0.0057 0.9978 -0.0654
vn -0.9999 -0.0132 0.0009
vn -0.7736 -0.6299 0.0687
vn -0.9352 -0.3503 0.0522
vn -0.7767 -0.6189 0.1173
vn -0.9993 -0.0019 0.0374
vn -0.9991 -0.0024 0.0413
vn -0.9875 -0.0693 0.1416
vn -0.9999 0.0168 -0.0015
vn -0.9999 0.0131 -0.0000
vn -0.9999 0.0130 -0.0000
vn -1.0000 0.0091 -0.0000
vn -0.9985 0.0150 -0.0533
vn -0.9998 0.0029 -0.0192
vn -0.9999 0.0156 -0.0029
vn -0.9995 -0.0017 -0.0310
vn -0.7266 -0.6871 -0.0000
vn -0.9966 -0.0819 -0.0000
vn -0.8353 -0.5499 0.0002
vn -0.7715 -0.6359 0.0201
vn 0.9622 -0.2723 -0.0000
vn 0.8186 -0.5743 -0.0000
vn 1.0000 -0.0017 -0.0006
vn 1.0000 0.0082 -0.0054
vn 0.9995 0.0133 0.0284
vn 0.9999 0.0111 0.0121
vn 0.9998 0.0154 0.0144
vn 0.9998 0.0117 0.0141
vn 0.9998 0.0119 0.0137
vn 0.9998 0.0118 0.0133
vn 0.9998 0.0118 0.0130
vn 0.9999 0.0117 0.0127
vn 0.9999 0.0011 0.0127
vn 1.0000 0.0074 -0.0000
vn 0.9984 -0.0548 -0.0099
vn 0.9960 -0.0684 -0.0576
vn 0.9942 -0.0428 -0.0988
vn 0.7755 -0.6232 0.1013
vn 1.0000 0.0016 -0.0002
vn 0.7726 -0.6327 0.0525
vn 0.9986 -0.0525 0.0023
vn 0.7860 -0.6183 0.0009
vn 0.1496 0.0120 -0.9887
vn 0.2156 -0.0119 -0.9764
vn -0.1496 -0.0121 -0.9887
vn -0.2156 0.0119 -0.9764
vn 0.3546 0.0117 -0.9349
vn 0.4255 -0.0115 -0.9049
vn 0.5630 0.0110 -0.8264
vn 0.6270 -0.0107 -0.7790
vn 0.7399 0.0101 -0.6726
vn 0.7876 -0.0099 -0.6161
vn 0.8645 0.0093 -0.5026
vn 0.8943 -0.0090 -0.4475
vn 0.9390 0.0088 -0.3438
vn 0.9552 -0.0086 -0.2959
vn 0.9779 0.0084 -0.2091
vn 0.9854 -0.0083 -0.1700
vn 0.9950 0.0082 -0.1000
vn 0.9976 -0.0082 -0.0686
vn -0.3546 -0.0117 -0.9349
vn -0.4255 0.0115 -0.9049
vn -0.5630 -0.0110 -0.8264
vn -0.6270 0.0107 -0.7790
vn -0.7400 -0.0101 -0.6726
vn -0.7876 0.0099 -0.6161
vn -0.8645 -0.0093 -0.5026
vn -0.8943 0.0090 -0.4475
vn -0.9390 -0.0087 -0.3438
vn -0.9551 0.0086 -0.2960
vn -0.9779 -0.0083 -0.2091
vn -0.9854 0.0083 -0.1700
vn -0.9950 -0.0082 -0.1000
vn -0.9976 0.0082 -0.0686
vn 0.0011 1.0000 0.0003
vn 0.0040 1.0000 -0.0013
vn 0.0032 0.9999 -0.0110
vn -0.0040 1.0000 0.0002
vn 0.1932 0.9812 0.0002
vn 0.2694 0.9630 -0.0013
vn 0.4142 0.9102 0.0002
vn 0.4819 0.8762 -0.0013
vn 0.6068 0.7948 0.0003
vn 0.6637 0.7480 -0.0013
vn 0.7654 0.6435 0.0002
vn 0.8102 0.5862 -0.0013
vn 0.8868 0.4622 0.0002
vn 0.9183 0.3960 -0.0012
vn 0.9666 0.2563 0.0002
vn 0.9830 0.1834 -0.0013
vn 1.0000 0.0046 0.0003
vn 1.0000 0.0012 -0.0013
vn 1.0000 -0.0000 0.0003
vn 1.0000 -0.0000 -0.0013
vn -1.0000 0.0012 0.0002
vn -1.0000 0.0046 -0.0013
vn -1.0000 -0.0000 -0.0013
vn -1.0000 -0.0000 0.0002
vn -0.9830 0.1834 0.0002
vn -0.9666 0.2563 -0.0012
vn -0.9182 0.3960 0.0002
vn -0.8868 0.4622 -0.0013
vn -0.8102 0.5862 0.0002
vn -0.7654 0.6435 -0.0013
vn -0.6637 0.7480 0.0002
vn -0.6068 0.7948 -0.0013
vn -0.4820 0.8762 0.0002
vn -0.4142 0.9102 -0.0013
vn -0.2694 0.9630 0.0002
vn -0.1932 0.9812 -0.0013
vn -0.0000 0.0298 -0.9996
vn -0.0001 0.0299 -0.9996
vn -0.0092 0.0337 -0.9994
vn -0.0172 0.0309 -0.9994
vn -0.0237 0.0265 -0.9994
vn -0.0291 0.0209 -0.9994
vn -0.0332 0.0142 -0.9993
vn -0.0337 0.0058 -0.9994
vn -0.0306 -0.0000 -0.9995
vn 0.0306 -0.0000 -0.9995
vn 0.0307 0.0001 -0.9995
vn 0.0346 0.0090 -0.9994
vn 0.0318 0.0167 -0.9994
vn 0.0272 0.0231 -0.9994
vn 0.0215 0.0283 -0.9994
vn 0.0146 0.0323 -0.9994
vn 0.0060 0.0328 -0.9994
vn -0.0005 0.2224 -0.9750
vn 0.0004 0.3196 -0.9475
vn 0.0561 0.2723 -0.9606
vn 0.1189 0.2509 -0.9607
vn 0.1724 0.2190 -0.9604
vn 0.2169 0.1772 -0.9600
vn 0.2512 0.1265 -0.9596
vn 0.2707 0.0654 -0.9605
vn 0.2283 0.0006 -0.9736
vn 0.3285 -0.0000 -0.9445
vn -0.2264 -0.0000 -0.9740
vn -0.3269 0.0004 -0.9450
vn -0.2791 0.0545 -0.9587
vn -0.2574 0.1156 -0.9594
vn -0.2249 0.1677 -0.9598
vn -0.1821 0.2112 -0.9603
vn -0.1301 0.2449 -0.9608
vn -0.0673 0.2639 -0.9622
vn -0.0011 0.5271 -0.8498
vn 0.0009 0.6203 -0.7844
vn -0.0017 0.7835 -0.6214
vn 0.0014 0.8425 -0.5387
vn -0.0020 0.9282 -0.3722
vn 0.0017 0.9539 -0.3002
vn -0.0021 0.9857 -0.1684
vn 0.0019 0.9934 -0.1150
vn 0.1246 0.5661 -0.8149
vn 0.1804 0.7965 -0.5771
vn 0.2115 0.9186 -0.3337
vn 0.2244 0.9644 -0.1402
vn 0.2538 0.5220 -0.8143
vn 0.3604 0.7338 -0.5758
vn 0.4176 0.8455 -0.3327
vn 0.4400 0.8871 -0.1398
vn 0.3647 0.4539 -0.8130
vn 0.5153 0.6364 -0.5740
vn 0.5954 0.7319 -0.3313
vn 0.6262 0.7672 -0.1392
vn 0.4563 0.3651 -0.8115
vn 0.6425 0.5100 -0.5719
vn 0.7408 0.5852 -0.3298
vn 0.7781 0.6126 -0.1385
vn 0.5262 0.2582 -0.8102
vn 0.7390 0.3590 -0.5701
vn 0.8506 0.4106 -0.3284
vn 0.8927 0.4291 -0.1379
vn 0.5697 0.1330 -0.8110
vn 0.8003 0.1851 -0.5704
vn 0.9205 0.2120 -0.3283
vn 0.9653 0.2215 -0.1380
vn 0.5375 0.0013 -0.8433
vn 0.7916 0.0019 -0.6110
vn 0.9316 0.0023 -0.3635
vn 0.9865 0.0024 -0.1640
vn 0.6314 -0.0000 -0.7754
vn 0.8495 -0.0000 -0.5276
vn 0.9564 -0.0000 -0.2921
vn 0.9938 -0.0000 -0.1113
vn -0.5355 -0.0000 -0.8446
vn -0.6301 0.0010 -0.7766
vn -0.7902 -0.0000 -0.6129
vn -0.8486 0.0016 -0.5290
vn -0.9309 -0.0000 -0.3652
vn -0.9560 0.0019 -0.2933
vn -0.9863 -0.0000 -0.1652
vn -0.9937 0.0021 -0.1122
vn -0.5767 0.1203 -0.8081
vn -0.8049 0.1727 -0.5677
vn -0.9234 0.2015 -0.3266
vn -0.9673 0.2133 -0.1369
vn -0.5332 0.2456 -0.8096
vn -0.7453 0.3469 -0.5693
vn -0.8556 0.4005 -0.3278
vn -0.8964 0.4214 -0.1375
vn -0.4653 0.3542 -0.8112
vn -0.6510 0.4995 -0.5716
vn -0.7477 0.5765 -0.3295
vn -0.7834 0.6059 -0.1384
vn -0.3757 0.4449 -0.8129
vn -0.5258 0.6277 -0.5740
vn -0.6041 0.7247 -0.3314
vn -0.6328 0.7617 -0.1393
vn -0.2667 0.5151 -0.8146
vn -0.3728 0.7273 -0.5763
vn -0.4280 0.8401 -0.3332
vn -0.4479 0.8830 -0.1402
vn -0.1377 0.5591 -0.8176
vn -0.1932 0.7917 -0.5796
vn -0.2225 0.9154 -0.3354
vn -0.2330 0.9622 -0.1413
vn 0.0009 -1.0000 0.0011
vn -0.0037 -1.0000 0.0011
vn -0.0102 -0.9999 -0.0087
vn 0.0037 -1.0000 0.0005
vn -0.2679 -0.9634 0.0011
vn -0.1923 -0.9813 -0.0001
vn -0.4820 -0.8762 0.0011
vn -0.4148 -0.9099 -0.0001
vn -0.6637 -0.7480 0.0011
vn -0.6073 -0.7945 -0.0001
vn -0.8102 -0.5862 0.0011
vn -0.7658 -0.6431 -0.0000
vn -0.9182 -0.3961 0.0011
vn -0.8870 -0.4617 -0.0000
vn -0.9833 -0.1820 0.0011
vn -0.9671 -0.2543 -0.0001
vn -1.0000 -0.0011 0.0011
vn -1.0000 -0.0038 0.0010
vn -1.0000 -0.0000 0.0011
vn 1.0000 -0.0000 0.0010
vn 1.0000 -0.0042 0.0011
vn 1.0000 -0.0071 -0.0058
vn 1.0000 -0.0000 0.0004
vn 0.9670 -0.2548 0.0011
vn 0.9832 -0.1826 -0.0001
vn 0.8867 -0.4623 0.0011
vn 0.9180 -0.3966 -0.0001
vn 0.7654 -0.6436 0.0011
vn 0.8098 -0.5867 -0.0001
vn 0.6069 -0.7948 0.0011
vn 0.6632 -0.7484 -0.0001
vn 0.4143 -0.9102 0.0011
vn 0.4815 -0.8765 -0.0001
vn 0.1917 -0.9815 0.0011
vn 0.2673 -0.9636 -0.0001
vn 0.0002 -0.0263 0.9997
vn 0.0001 -0.0263 0.9997
vn 0.0081 -0.0296 0.9995
vn 0.0151 -0.0272 0.9995
vn 0.0208 -0.0233 0.9995
vn 0.0256 -0.0184 0.9995
vn 0.0291 -0.0125 0.9995
vn 0.0296 -0.0051 0.9995
vn 0.0270 -0.0000 0.9996
vn 0.0271 -0.0000 0.9996
vn -0.0270 -0.0000 0.9996
vn -0.0271 -0.0001 0.9996
vn -0.0304 -0.0079 0.9995
vn -0.0279 -0.0147 0.9995
vn -0.0239 -0.0202 0.9995
vn -0.0189 -0.0249 0.9995
vn -0.0128 -0.0284 0.9995
vn -0.0053 -0.0288 0.9996
vn -0.0003 -0.3054 0.9522
vn 0.0004 -0.2098 0.9778
vn -0.0537 -0.2564 0.9651
vn -0.1126 -0.2354 0.9654
vn -0.1628 -0.2053 0.9651
vn -0.2045 -0.1659 0.9647
vn -0.2366 -0.1181 0.9644
vn -0.2543 -0.0604 0.9652
vn -0.2154 -0.0005 0.9765
vn -0.3144 -0.0000 0.9493
vn 0.3129 -0.0004 0.9498
vn 0.2143 -0.0000 0.9768
vn 0.2630 -0.0522 0.9634
vn 0.2415 -0.1095 0.9642
vn 0.2108 -0.1584 0.9646
vn 0.1704 -0.1991 0.9650
vn 0.1214 -0.2305 0.9655
vn 0.0621 -0.2480 0.9668
vn -0.0009 -0.6095 0.7928
vn 0.0009 -0.5160 0.8566
vn -0.0013 -0.8416 0.5401
vn 0.0015 -0.7823 0.6229
vn -0.0015 -0.9558 0.2941
vn 0.0019 -0.9308 0.3655
vn -0.0016 -0.9941 0.1087
vn 0.0021 -0.9869 0.1612
vn -0.1231 -0.5529 0.8241
vn -0.1794 -0.7955 0.5788
vn -0.2084 -0.9221 0.3261
vn -0.2196 -0.9666 0.1321
vn -0.2495 -0.5086 0.8240
vn -0.3602 -0.7321 0.5781
vn -0.4169 -0.8486 0.3256
vn -0.4375 -0.8894 0.1321
vn -0.3575 -0.4419 0.8228
vn -0.5147 -0.6348 0.5763
vn -0.5954 -0.7351 0.3243
vn -0.6244 -0.7700 0.1316
vn -0.4465 -0.3549 0.8213
vn -0.6415 -0.5087 0.5742
vn -0.7414 -0.5884 0.3227
vn -0.7770 -0.6158 0.1309
vn -0.5146 -0.2504 0.8201
vn -0.7378 -0.3578 0.5723
vn -0.8519 -0.4136 0.3213
vn -0.8922 -0.4325 0.1304
vn -0.5565 -0.1274 0.8210
vn -0.7989 -0.1832 0.5729
vn -0.9225 -0.2132 0.3217
vn -0.9659 -0.2233 0.1308
vn -0.5267 -0.0012 0.8500
vn -0.7908 -0.0018 0.6121
vn -0.9343 -0.0022 0.3566
vn -0.9876 -0.0024 0.1568
vn -0.6217 -0.0000 0.7833
vn -0.8492 -0.0000 0.5280
vn -0.9584 -0.0000 0.2856
vn -0.9945 -0.0000 0.1051
vn 0.6199 -0.0010 0.7847
vn 0.5255 -0.0000 0.8508
vn 0.8481 -0.0015 0.5299
vn 0.7897 -0.0000 0.6135
vn 0.9579 -0.0018 0.2872
vn 0.9337 -0.0000 0.3581
vn 0.9944 -0.0019 0.1061
vn 0.9874 -0.0000 0.1580
vn 0.5634 -0.1189 0.8176
vn 0.8039 -0.1718 0.5694
vn 0.9267 -0.1985 0.3190
vn 0.9694 -0.2088 0.1290
vn 0.5196 -0.2416 0.8195
vn 0.7437 -0.3467 0.5716
vn 0.8587 -0.3997 0.3207
vn 0.8987 -0.4189 0.1300
vn 0.4530 -0.3473 0.8211
vn 0.6494 -0.4990 0.5739
vn 0.7509 -0.5764 0.3225
vn 0.7861 -0.6041 0.1308
vn 0.3653 -0.4355 0.8228
vn 0.5244 -0.6268 0.5763
vn 0.6073 -0.7253 0.3243
vn 0.6360 -0.7604 0.1316
vn 0.2586 -0.5035 0.8244
vn 0.3716 -0.7261 0.5786
vn 0.4311 -0.8414 0.3260
vn 0.4514 -0.8825 0.1325
vn 0.1319 -0.5459 0.8274
vn 0.1911 -0.7903 0.5822
vn 0.2238 -0.9176 0.3287
vn 0.2349 -0.9627 0.1340
vn -0.0000 0.0400 0.9992
vn 0.0001 -0.0399 0.9992
vn -0.0001 -0.0400 0.9992
vn 0.0002 0.0400 0.9992
vn -0.0076 -0.0385 0.9992
vn 0.0109 0.0389 0.9992
vn -0.0162 -0.0356 0.9992
vn 0.0196 0.0355 0.9992
vn -0.0239 -0.0313 0.9992
vn 0.0271 0.0305 0.9992
vn -0.0304 -0.0255 0.9992
vn 0.0333 0.0241 0.9992
vn -0.0353 -0.0184 0.9992
vn 0.0378 0.0163 0.9992
vn -0.0386 -0.0102 0.9992
vn 0.0406 0.0075 0.9991
vn -0.0410 -0.0002 0.9992
vn 0.0411 0.0001 0.9992
vn -0.0411 -0.0000 0.9992
vn 0.0412 -0.0000 0.9992
vn 0.7592 -0.0021 0.6508
vn 0.3630 -0.0009 0.9318
vn 0.0583 0.0001 0.9983
vn 0.0411 -0.0000 0.9992
vn -0.0411 0.0002 0.9992
vn 0.3629 -0.0007 0.9318
vn 0.0583 -0.0005 0.9983
vn 0.7591 -0.0020 0.6509
vn 0.0395 -0.0073 0.9992
vn -0.0400 0.0106 0.9991
vn 0.0366 -0.0158 0.9992
vn -0.0365 0.0191 0.9992
vn 0.0321 -0.0232 0.9992
vn -0.0313 0.0263 0.9992
vn 0.0261 -0.0295 0.9992
vn -0.0247 0.0323 0.9992
vn 0.0189 -0.0343 0.9992
vn -0.0167 0.0368 0.9992
vn 0.0105 -0.0375 0.9992
vn -0.0077 0.0394 0.9992
vn -0.0018 0.9826 0.1858
vn 0.0022 0.9601 0.2796
vn 0.2312 0.9449 0.2319
vn 0.4419 0.8670 0.2304
vn 0.6235 0.7476 0.2289
vn 0.7714 0.5943 0.2274
vn 0.8824 0.4127 0.2261
vn 0.9519 0.2081 0.2250
vn 0.9834 0.0020 0.1814
vn 0.9615 -0.0000 0.2748
vn -0.9837 -0.0000 0.1798
vn -0.9621 0.0025 0.2726
vn -0.9488 0.2200 0.2267
vn -0.8770 0.4236 0.2268
vn -0.7639 0.6038 0.2277
vn -0.6141 0.7553 0.2288
vn -0.4308 0.8727 0.2297
vn -0.2188 0.9482 0.2303
vn -0.0017 -0.9826 0.1856
vn 0.0020 -0.9601 0.2797
vn -0.2175 -0.9486 0.2299
vn -0.4310 -0.8725 0.2302
vn -0.6143 -0.7551 0.2292
vn -0.7640 -0.6036 0.2280
vn -0.8770 -0.4234 0.2271
vn -0.9489 -0.2183 0.2277
vn -0.9621 -0.0023 0.2728
vn -0.9837 -0.0000 0.1797
vn 0.9834 -0.0019 0.1813
vn 0.9522 -0.2068 0.2246
vn 0.8822 -0.4129 0.2264
vn 0.7712 -0.5945 0.2278
vn 0.6233 -0.7476 0.2293
vn 0.4417 -0.8670 0.2306
vn 0.2294 -0.9450 0.2329
vn -0.0014 0.8552 0.5184
vn 0.0018 0.7668 0.6419
vn -0.0007 0.4979 0.8672
vn 0.0010 0.3491 0.9371
vn 0.1960 0.7897 0.5813
vn 0.1059 0.4095 0.9062
vn 0.3727 0.7254 0.5787
vn 0.1982 0.3767 0.9049
vn 0.5255 0.6260 0.5762
vn 0.2782 0.3252 0.9038
vn 0.6504 0.4979 0.5737
vn 0.3441 0.2585 0.9027
vn 0.7444 0.3454 0.5714
vn 0.3941 0.1785 0.9016
vn 0.8035 0.1729 0.5697
vn 0.4255 0.0873 0.9007
vn 0.8609 0.0017 0.5089
vn 0.5073 0.0009 0.8618
vn 0.7732 -0.0000 0.6341
vn 0.3546 -0.0000 0.9350
vn -0.8623 -0.0000 0.5064
vn -0.7754 0.0021 0.6314
vn -0.5101 -0.0000 0.8601
vn -0.3579 0.0012 0.9338
vn -0.7984 0.1878 0.5721
vn -0.4189 0.1026 0.9022
vn -0.7372 0.3590 0.5724
vn -0.3859 0.1923 0.9023
vn -0.6407 0.5097 0.5742
vn -0.3337 0.2705 0.9030
vn -0.5136 0.6359 0.5761
vn -0.2658 0.3354 0.9038
vn -0.3588 0.7331 0.5778
vn -0.1838 0.3848 0.9045
vn -0.1805 0.7951 0.5790
vn -0.0900 0.4159 0.9049
vn -0.0014 -0.8553 0.5182
vn 0.0017 -0.7667 0.6420
vn -0.0007 -0.4981 0.8671
vn 0.0009 -0.3490 0.9371
vn -0.1798 -0.7953 0.5790
vn -0.0898 -0.4154 0.9052
vn -0.3589 -0.7323 0.5788
vn -0.1834 -0.3833 0.9052
vn -0.5135 -0.6350 0.5771
vn -0.2650 -0.3339 0.9046
vn -0.6405 -0.5090 0.5751
vn -0.3327 -0.2693 0.9037
vn -0.7368 -0.3583 0.5734
vn -0.3845 -0.1913 0.9031
vn -0.7977 -0.1862 0.5736
vn -0.4167 -0.1014 0.9034
vn -0.7753 -0.0020 0.6316
vn -0.3579 -0.0011 0.9338
vn -0.8622 -0.0000 0.5066
vn -0.5102 -0.0000 0.8600
vn 0.8610 -0.0016 0.5087
vn 0.7732 -0.0000 0.6342
vn 0.5075 -0.0008 0.8617
vn 0.3545 -0.0000 0.9350
vn 0.8037 -0.1722 0.5696
vn 0.4248 -0.0870 0.9011
vn 0.7437 -0.3455 0.5723
vn 0.3925 -0.1779 0.9024
vn 0.6496 -0.4978 0.5746
vn 0.3425 -0.2576 0.9035
vn 0.5248 -0.6257 0.5771
vn 0.2768 -0.3241 0.9046
vn 0.3721 -0.7250 0.5796
vn 0.1971 -0.3753 0.9057
vn 0.1943 -0.7890 0.5829
vn 0.1047 -0.4074 0.9072
vn -0.0002 -1.0000 -0.0009
vn -0.0005 -1.0000 0.0006
vn 0.0002 -1.0000 -0.0006
vn 0.0004 -1.0000 0.0005
vn 0.0001 -1.0000 0.0006
vn 0.0002 -1.0000 -0.0003
vn -0.0003 -1.0000 0.0008
vn -0.0006 -1.0000 -0.0006
vn -0.1851 -0.0316 0.9822
vn -0.6021 -0.0003 0.7984
vn 0.1852 -0.0000 0.9827
vn 0.6017 -0.0345 0.7980
vn -0.6016 -0.0345 -0.7981
vn -0.1852 -0.0000 -0.9827
vn 0.1851 -0.0314 -0.9822
vn 0.6019 -0.0000 -0.7985
vn -0.7117 -0.0337 0.7017
vn -0.2458 0.0002 0.9693
vn -0.4524 -0.0000 -0.8918
vn -0.3596 -0.0471 -0.9319
vn 0.2457 -0.0322 0.9688
vn 0.7121 -0.0000 0.7021
vn 0.5154 -0.0245 -0.8566
vn 0.4523 0.0001 -0.8918
vn -0.0685 -0.9893 0.1291
vn 0.0506 -0.9812 0.1863
vn -0.0506 -0.9812 -0.1862
vn 0.0686 -0.9892 -0.1293
vn -0.0858 -0.9889 -0.1210
vn 0.0627 -0.9827 -0.1743
vn -0.0627 -0.9827 0.1740
vn 0.0859 -0.9889 0.1213
vn -0.1488 -0.9311 0.3329
vn 0.1290 -0.9065 0.4020
vn -0.2417 -0.7833 0.5728
vn 0.2170 -0.7360 0.6413
vn -0.3205 -0.5351 0.7816
vn 0.2887 -0.4750 0.8312
vn -0.3615 -0.2545 0.8970
vn 0.3259 -0.2018 0.9236
vn -0.1290 -0.9066 -0.4019
vn -0.2172 -0.7359 -0.6414
vn -0.2888 -0.4751 -0.8312
vn -0.3259 -0.2018 -0.9236
vn 0.1488 -0.9312 -0.3326
vn 0.2417 -0.7833 -0.5728
vn 0.3205 -0.5352 -0.7815
vn 0.3614 -0.2547 -0.8969
vn -0.1870 -0.9313 -0.3127
vn 0.1611 -0.9122 -0.3768
vn -0.3053 -0.7850 -0.5390
vn 0.2740 -0.7476 -0.6050
vn -0.4072 -0.5373 -0.7386
vn 0.3687 -0.4883 -0.7910
vn -0.4609 -0.2542 -0.8502
vn 0.4189 -0.2105 -0.8833
vn -0.1612 -0.9122 0.3767
vn -0.2740 -0.7473 0.6053
vn -0.3686 -0.4885 0.7909
vn -0.4189 -0.2105 0.8833
vn 0.1869 -0.9314 0.3123
vn 0.3052 -0.7851 0.5389
vn 0.4071 -0.5375 0.7385
vn 0.4609 -0.2547 0.8501
vn -0.0000 -0.0230 -0.9997
vn -0.0000 0.0419 -0.9991
vn -0.0153 0.0315 -0.9994
vn 0.0059 -0.0287 -0.9996
vn -0.0000 0.0237 -0.9997
vn -0.0000 -0.0401 -0.9992
vn -0.0000 -0.9999 -0.0138
vn -0.0000 -0.9998 -0.0214
vn 0.0087 -0.0303 -0.9995
vn -0.0045 0.0287 -0.9996
vn -0.0191 -0.9998 -0.0095
vn -0.3964 -0.8643 -0.3097
vn -0.0820 -0.9914 -0.1018
vn -0.1957 -0.8881 -0.4160
vn -0.0001 -1.0000 -0.0008
vn -0.0019 -0.9059 -0.4236
vn -0.0052 -1.0000 0.0001
vn -0.0007 -1.0000 -0.0029
vn -0.5995 -0.7993 -0.0411
vn -0.1798 -0.9832 -0.0310
vn -0.5376 -0.8266 -0.1663
vn 0.0016 -1.0000 -0.0003
vn 0.5943 -0.8020 -0.0596
vn 0.0034 -1.0000 -0.0001
vn 0.0066 -1.0000 -0.0001
vn -0.0176 -0.9994 -0.0284
vn -0.0180 -0.9998 -0.0065
vn 0.1617 -0.8897 -0.4270
vn 0.0244 -0.9991 -0.0359
vn 0.3644 -0.8702 -0.3317
vn 0.1256 -0.9894 -0.0731
vn 0.5202 -0.8325 -0.1907
vn -0.0000 0.9999 -0.0106
vn -0.0000 0.9998 -0.0191
vn -0.0142 0.9998 -0.0130
vn -0.4526 0.8519 -0.2635
vn -0.1503 0.9871 -0.0551
vn -0.5662 0.8153 -0.1212
vn -0.0013 1.0000 -0.0001
vn -0.6977 0.7160 -0.0227
vn -0.0015 1.0000 -0.0001
vn 0.0108 0.9998 -0.0157
vn -0.0679 0.8903 -0.4503
vn -0.0463 0.9914 -0.1223
vn -0.2636 0.8834 -0.3875
vn 0.1498 0.0284 -0.9883
vn 0.2159 -0.0279 -0.9760
vn -0.1499 -0.0283 -0.9883
vn -0.2159 0.0279 -0.9760
vn 0.3548 0.0274 -0.9345
vn 0.4256 -0.0268 -0.9045
vn 0.5631 0.0258 -0.8260
vn 0.6271 -0.0249 -0.7786
vn 0.7399 0.0238 -0.6724
vn 0.7875 -0.0229 -0.6159
vn 0.8643 0.0218 -0.5025
vn 0.8941 -0.0211 -0.4475
vn 0.9388 0.0205 -0.3439
vn 0.9550 -0.0200 -0.2960
vn 0.9777 0.0197 -0.2092
vn 0.9852 -0.0195 -0.1701
vn 0.9948 0.0193 -0.1001
vn 0.9974 -0.0193 -0.0688
vn 0.9994 0.0193 -0.0280
vn 0.9993 -0.0249 -0.0279
vn -0.3548 -0.0273 -0.9346
vn -0.4256 0.0268 -0.9045
vn -0.5631 -0.0257 -0.8260
vn -0.6271 0.0249 -0.7786
vn -0.7399 -0.0236 -0.6724
vn -0.7875 0.0228 -0.6160
vn -0.8643 -0.0216 -0.5026
vn -0.8941 0.0211 -0.4475
vn -0.9388 -0.0203 -0.3439
vn -0.9550 0.0200 -0.2961
vn -0.9777 -0.0195 -0.2092
vn -0.9852 0.0195 -0.1701
vn -0.9948 -0.0192 -0.1001
vn -0.9974 0.0192 -0.0688
vn -0.9994 -0.0192 -0.0280
vn -0.9993 0.0249 -0.0279
vn 0.0025 0.9073 -0.4204
vn 0.0003 1.0000 0.0001
vn 0.9998 0.0195 -0.0002
vn 0.0009 1.0000 -0.0003
vn -0.9998 -0.0196 -0.0002
vn 0.5953 0.8024 -0.0410
vn 0.0029 0.9999 -0.0116
vn 0.1931 0.8915 -0.4098
vn 0.0008 1.0000 -0.0011
vn 0.3901 0.8689 -0.3047
vn 0.1322 0.9890 -0.0661
vn 0.5305 0.8316 -0.1642
vn 0.0610 0.9981 -0.0108
vn -1.0000 0.0099 -0.0000
vn 1.0000 -0.0098 -0.0003
vn -0.0015 -0.0110 0.9999
vn -0.0000 -0.0176 0.9998
vn -0.0175 0.0087 0.9998
vn -0.0058 0.0120 0.9999
vn -0.0000 -0.0092 1.0000
vn -0.0000 0.0168 0.9999
vn -0.0000 1.0000 0.0057
vn -0.0000 1.0000 0.0089
vn 0.0011 0.0115 0.9999
vn 0.0045 -0.0121 0.9999
vn -0.0000 1.0000 -0.0001
vn 0.1388 0.9453 0.2951
vn 0.0369 0.9983 0.0458
vn 0.2787 0.9353 0.2179
vn 0.0079 1.0000 0.0039
vn 0.3911 0.9123 0.1211
vn 0.0824 0.9965 0.0142
vn 0.4597 0.8875 0.0316
vn 0.0002 1.0000 -0.0000
vn 0.0020 1.0000 -0.0000
vn 0.0013 0.9566 0.2914
vn -0.0026 1.0000 -0.0000
vn -0.0014 1.0000 0.0018
vn -0.4506 0.8916 0.0453
vn -0.0006 1.0000 0.0002
vn -0.3753 0.9167 0.1374
vn -0.0565 0.9979 0.0328
vn -0.2560 0.9382 0.2328
vn -0.0102 0.9998 0.0150
vn -0.1156 0.9453 0.3050
vn -0.0000 1.0000 0.0002
vn 0.0184 0.9998 0.0116
vn 0.0001 -1.0000 0.0035
vn -0.0000 -1.0000 0.0080
vn 0.0005 -1.0000 -0.0000
vn 0.4183 -0.9039 0.0895
vn 0.0678 -0.9974 0.0248
vn 0.3208 -0.9286 0.1866
vn 0.0058 -1.0000 0.0053
vn 0.1858 -0.9439 0.2730
vn 0.0211 -0.9982 0.0556
vn 0.0498 -0.9429 0.3294
vn -0.0000 -1.0000 0.0058
vn 0.6477 -0.7616 0.0213
vn -0.1496 -0.0120 0.9887
vn -0.2157 0.0120 0.9764
vn 0.1496 0.0120 0.9887
vn 0.2157 -0.0119 0.9764
vn -0.3546 -0.0117 0.9349
vn -0.4255 0.0115 0.9049
vn -0.5630 -0.0110 0.8264
vn -0.6270 0.0107 0.7789
vn -0.7399 -0.0101 0.6726
vn -0.7876 0.0099 0.6161
vn -0.8645 -0.0093 0.5026
vn -0.8943 0.0090 0.4474
vn -0.9390 -0.0088 0.3438
vn -0.9552 0.0086 0.2959
vn -0.9779 -0.0084 0.2091
vn -0.9854 0.0083 0.1700
vn -0.9950 -0.0082 0.0999
vn -0.9976 0.0083 0.0686
vn -0.9996 -0.0082 0.0280
vn -0.9996 0.0105 0.0280
vn 0.3546 0.0116 0.9349
vn 0.4255 -0.0115 0.9049
vn 0.5630 0.0110 0.8264
vn 0.6270 -0.0107 0.7789
vn 0.7399 0.0101 0.6726
vn 0.7876 -0.0099 0.6161
vn 0.8645 0.0093 0.5025
vn 0.8943 -0.0090 0.4474
vn 0.9390 0.0087 0.3438
vn 0.9552 -0.0086 0.2959
vn 0.9779 0.0083 0.2091
vn 0.9854 -0.0083 0.1700
vn 0.9950 0.0082 0.0999
vn 0.9976 -0.0082 0.0686
vn 0.9996 0.0082 0.0280
vn 0.9996 -0.0105 0.0280
vn -0.0017 -0.9559 0.2938
vn -1.0000 -0.0082 -0.0000
vn -0.0004 -1.0000 0.0001
vn -0.0006 -1.0000 -0.0000
vn 1.0000 0.0082 -0.0000
vn -0.4597 -0.8875 0.0316
vn -0.0012 -1.0000 0.0053
vn -0.1388 -0.9454 0.2950
vn -0.0003 -1.0000 0.0005
vn -0.2786 -0.9354 0.2179
vn -0.0603 -0.9977 0.0302
vn -0.3911 -0.9124 0.1211
vn -0.0258 -0.9997 0.0045
vn 1.0000 -0.0042 -0.0000
vn -1.0000 0.0042 -0.0000
vn -0.0000 0.0001 1.0000
vt 0.320656 0.929476
vt 0.341235 0.929476
vt 0.341235 0.934863
vt 0.320656 0.934863
vt 0.284293 0.958712
vt 0.284293 0.954211
vt 0.320656 0.954211
vt 0.320656 0.958712
vt 0.284293 0.952759
vt 0.284293 0.952461
vt 0.320656 0.952461
vt 0.320656 0.952759
vt 0.284293 0.953055
vt 0.320656 0.953055
vt 0.284293 0.953347
vt 0.320656 0.953347
vt 0.284293 0.953638
vt 0.320656 0.953638
vt 0.284293 0.953925
vt 0.320656 0.953925
vt 0.341235 0.958746
vt 0.377598 0.958746
vt 0.341235 0.910029
vt 0.377598 0.929476
vt 0.377598 0.914124
vt 0.377547 0.913261
vt 0.377395 0.912501
vt 0.377143 0.911845
vt 0.376790 0.911290
vt 0.376337 0.910837
vt 0.375782 0.910484
vt 0.375125 0.910231
vt 0.374366 0.910079
vt 0.373503 0.910029
vt 0.341235 0.909993
vt 0.373504 0.909993
vt 0.373504 0.909993
vt 0.320656 0.934863
vt 0.341235 0.937557
vt 0.320656 0.937557
vt 0.377598 0.958712
vt 0.341235 0.958712
vt 0.341235 0.954211
vt 0.377598 0.954211
vt 0.377598 0.952759
vt 0.341235 0.952759
vt 0.341235 0.952461
vt 0.377598 0.952461
vt 0.377598 0.953055
vt 0.341235 0.953055
vt 0.377598 0.953347
vt 0.341235 0.953347
vt 0.377598 0.953638
vt 0.341235 0.953638
vt 0.377598 0.953925
vt 0.341235 0.953925
vt 0.320656 0.958746
vt 0.320656 0.958710
vt 0.341235 0.958710
vt 0.320656 0.909993
vt 0.320656 0.909993
vt 0.320656 0.910029
vt 0.341235 0.928040
vt 0.320656 0.928040
vt 0.341235 0.936300
vt 0.342672 0.936300
vt 0.342672 0.934863
vt 0.377598 0.934863
vt 0.320656 0.936300
vt 0.284293 0.958746
vt 0.284293 0.934863
vt 0.284293 0.958710
vt 0.288388 0.909993
vt 0.288388 0.909993
vt 0.319220 0.929476
vt 0.284293 0.929476
vt 0.284293 0.914124
vt 0.319220 0.928040
vt 0.284344 0.913261
vt 0.284496 0.912501
vt 0.284749 0.911845
vt 0.285102 0.911290
vt 0.285555 0.910837
vt 0.286109 0.910484
vt 0.286766 0.910231
vt 0.287525 0.910079
vt 0.288389 0.910029
vt 0.319220 0.934863
vt 0.342672 0.929476
vt 0.342672 0.928040
vt 0.377598 0.958710
vt 0.319220 0.936300
vt 0.284258 0.953051
vt 0.284258 0.953342
vt 0.284258 0.953630
vt 0.284258 0.953916
vt 0.284258 0.954200
vt 0.284258 0.958710
vt 0.284258 0.954211
vt 0.284258 0.953925
vt 0.284258 0.953638
vt 0.284258 0.953347
vt 0.284258 0.953055
vt 0.284258 0.952759
vt 0.284258 0.952461
vt 0.284258 0.934863
vt 0.284258 0.929476
vt 0.284258 0.914123
vt 0.284258 0.952461
vt 0.284258 0.952757
vt 0.377634 0.934863
vt 0.377634 0.929476
vt 0.377634 0.914123
vt 0.377634 0.952461
vt 0.377634 0.952759
vt 0.377634 0.953055
vt 0.377634 0.953347
vt 0.377634 0.953638
vt 0.377634 0.953925
vt 0.377634 0.954211
vt 0.377634 0.958710
vt 0.377634 0.954200
vt 0.377634 0.953916
vt 0.377634 0.953630
vt 0.377634 0.953342
vt 0.377634 0.953051
vt 0.377634 0.952757
vt 0.377634 0.952461
vt 0.374371 0.910044
vt 0.287521 0.910044
vt 0.375135 0.910197
vt 0.375798 0.910452
vt 0.376359 0.910809
vt 0.376818 0.911268
vt 0.377175 0.911828
vt 0.377430 0.912491
vt 0.377583 0.913256
vt 0.286756 0.910197
vt 0.286093 0.910452
vt 0.285532 0.910809
vt 0.285073 0.911268
vt 0.284716 0.911828
vt 0.284461 0.912491
vt 0.284308 0.913256
vt 0.370451 0.955011
vt 0.370451 0.913584
vt 0.291440 0.913584
vt 0.291440 0.955011
vt 0.371685 0.955011
vt 0.371685 0.913584
vt 0.372819 0.955011
vt 0.372819 0.913584
vt 0.373819 0.955011
vt 0.373819 0.913584
vt 0.374654 0.955011
vt 0.374654 0.913584
vt 0.375290 0.955011
vt 0.375290 0.913584
vt 0.375696 0.955011
vt 0.375696 0.913584
vt 0.375838 0.955011
vt 0.375838 0.913584
vt 0.375838 0.955011
vt 0.375838 0.913584
vt 0.286053 0.955011
vt 0.286053 0.913584
vt 0.286053 0.913584
vt 0.286053 0.955011
vt 0.286196 0.955011
vt 0.286196 0.913584
vt 0.286601 0.955011
vt 0.286601 0.913584
vt 0.287238 0.955011
vt 0.287238 0.913584
vt 0.288072 0.955011
vt 0.288072 0.913584
vt 0.289072 0.955011
vt 0.289072 0.913584
vt 0.290206 0.955011
vt 0.290206 0.913584
vt 0.372247 0.911789
vt 0.289645 0.911789
vt 0.289645 0.911788
vt 0.372247 0.911788
vt 0.372175 0.911788
vt 0.372044 0.911788
vt 0.371835 0.911788
vt 0.371559 0.911788
vt 0.371231 0.911788
vt 0.370864 0.911788
vt 0.370245 0.911788
vt 0.291647 0.911788
vt 0.291027 0.911788
vt 0.289716 0.911788
vt 0.290661 0.911788
vt 0.289847 0.911788
vt 0.290056 0.911788
vt 0.290333 0.911788
vt 0.370348 0.911788
vt 0.291543 0.911788
vt 0.290614 0.911788
vt 0.289862 0.911788
vt 0.289196 0.911788
vt 0.288638 0.911788
vt 0.288214 0.911788
vt 0.287944 0.911788
vt 0.287846 0.911788
vt 0.287849 0.911789
vt 0.374042 0.911789
vt 0.374045 0.911788
vt 0.373947 0.911788
vt 0.373677 0.911788
vt 0.373253 0.911788
vt 0.372696 0.911788
vt 0.372030 0.911788
vt 0.371277 0.911788
vt 0.291512 0.911838
vt 0.370379 0.911838
vt 0.371402 0.911838
vt 0.372271 0.911838
vt 0.373039 0.911838
vt 0.373681 0.911838
vt 0.374170 0.911838
vt 0.374481 0.911838
vt 0.374593 0.911838
vt 0.374591 0.911838
vt 0.287300 0.911838
vt 0.287298 0.911838
vt 0.287410 0.911838
vt 0.287721 0.911838
vt 0.288210 0.911838
vt 0.288852 0.911838
vt 0.289620 0.911838
vt 0.290489 0.911838
vt 0.291486 0.911988
vt 0.370405 0.911988
vt 0.291466 0.912237
vt 0.370425 0.912237
vt 0.291452 0.912586
vt 0.370440 0.912586
vt 0.291443 0.913035
vt 0.370448 0.913035
vt 0.371504 0.911988
vt 0.371583 0.912237
vt 0.371640 0.912586
vt 0.371674 0.913035
vt 0.372468 0.911988
vt 0.372622 0.912237
vt 0.372731 0.912586
vt 0.372797 0.913035
vt 0.373320 0.911988
vt 0.373538 0.912237
vt 0.373694 0.912586
vt 0.373788 0.913035
vt 0.374031 0.911988
vt 0.374304 0.912237
vt 0.374498 0.912586
vt 0.374615 0.913035
vt 0.374573 0.911988
vt 0.374887 0.912237
vt 0.375111 0.912586
vt 0.375245 0.913035
vt 0.374919 0.911988
vt 0.375259 0.912237
vt 0.375501 0.912586
vt 0.375647 0.913035
vt 0.375041 0.911988
vt 0.375390 0.912237
vt 0.375639 0.912586
vt 0.375788 0.913035
vt 0.375040 0.911988
vt 0.375389 0.912237
vt 0.375639 0.912587
vt 0.375788 0.913036
vt 0.286851 0.911988
vt 0.286850 0.911988
vt 0.286502 0.912237
vt 0.286501 0.912237
vt 0.286253 0.912587
vt 0.286252 0.912586
vt 0.286103 0.913036
vt 0.286103 0.913035
vt 0.286973 0.911988
vt 0.286633 0.912237
vt 0.286390 0.912586
vt 0.286244 0.913035
vt 0.287318 0.911988
vt 0.287004 0.912237
vt 0.286780 0.912586
vt 0.286646 0.913035
vt 0.287860 0.911988
vt 0.287588 0.912237
vt 0.287393 0.912586
vt 0.287276 0.913035
vt 0.288571 0.911988
vt 0.288353 0.912237
vt 0.288197 0.912586
vt 0.288103 0.913035
vt 0.289423 0.911988
vt 0.289270 0.912237
vt 0.289160 0.912586
vt 0.289094 0.913035
vt 0.290387 0.911988
vt 0.290308 0.912237
vt 0.290251 0.912586
vt 0.290217 0.913035
vt 0.291471 0.913608
vt 0.370420 0.913608
vt 0.370420 0.955011
vt 0.291471 0.955011
vt 0.371562 0.913609
vt 0.371562 0.955011
vt 0.372581 0.913609
vt 0.372581 0.955011
vt 0.373480 0.913609
vt 0.373480 0.955011
vt 0.374231 0.913609
vt 0.374231 0.955011
vt 0.374803 0.913609
vt 0.374803 0.955011
vt 0.375168 0.913609
vt 0.375168 0.955011
vt 0.375299 0.913608
vt 0.375299 0.955011
vt 0.375299 0.913609
vt 0.375299 0.955011
vt 0.286592 0.913609
vt 0.286592 0.913608
vt 0.286592 0.955011
vt 0.286592 0.955011
vt 0.286724 0.913609
vt 0.286724 0.955011
vt 0.287088 0.913609
vt 0.287088 0.955011
vt 0.287660 0.913609
vt 0.287660 0.955011
vt 0.288411 0.913609
vt 0.288411 0.955011
vt 0.289311 0.913609
vt 0.289311 0.955011
vt 0.290329 0.913609
vt 0.290329 0.955011
vt 0.289645 0.912327
vt 0.289645 0.912327
vt 0.372247 0.912327
vt 0.372247 0.912327
vt 0.372175 0.912327
vt 0.372044 0.912327
vt 0.371835 0.912327
vt 0.371559 0.912327
vt 0.371231 0.912327
vt 0.370864 0.912327
vt 0.370245 0.912327
vt 0.291647 0.912327
vt 0.291027 0.912327
vt 0.289716 0.912327
vt 0.290661 0.912327
vt 0.289847 0.912327
vt 0.290056 0.912327
vt 0.290333 0.912327
vt 0.370347 0.912327
vt 0.291545 0.912327
vt 0.290620 0.912327
vt 0.289873 0.912327
vt 0.289212 0.912327
vt 0.288659 0.912327
vt 0.288238 0.912327
vt 0.287970 0.912327
vt 0.287871 0.912327
vt 0.287873 0.912327
vt 0.374018 0.912327
vt 0.374020 0.912327
vt 0.373921 0.912327
vt 0.373654 0.912327
vt 0.373233 0.912327
vt 0.372679 0.912327
vt 0.372018 0.912327
vt 0.371271 0.912327
vt 0.370373 0.912369
vt 0.291518 0.912369
vt 0.371376 0.912369
vt 0.372220 0.912369
vt 0.372967 0.912369
vt 0.373591 0.912369
vt 0.374066 0.912369
vt 0.374369 0.912369
vt 0.374480 0.912369
vt 0.374480 0.912369
vt 0.287411 0.912369
vt 0.287411 0.912369
vt 0.287523 0.912369
vt 0.287825 0.912369
vt 0.288300 0.912369
vt 0.288924 0.912369
vt 0.289671 0.912369
vt 0.290515 0.912369
vt 0.370391 0.912473
vt 0.291500 0.912472
vt 0.370403 0.912622
vt 0.291488 0.912622
vt 0.370412 0.912833
vt 0.291480 0.912833
vt 0.370418 0.913146
vt 0.291474 0.913146
vt 0.371447 0.912472
vt 0.371495 0.912622
vt 0.371529 0.912832
vt 0.371553 0.913146
vt 0.372357 0.912472
vt 0.372450 0.912622
vt 0.372516 0.912832
vt 0.372562 0.913146
vt 0.373162 0.912472
vt 0.373294 0.912622
vt 0.373389 0.912832
vt 0.373454 0.913146
vt 0.373835 0.912472
vt 0.373999 0.912622
vt 0.374117 0.912832
vt 0.374198 0.913146
vt 0.374347 0.912472
vt 0.374536 0.912622
vt 0.374672 0.912832
vt 0.374766 0.913146
vt 0.374673 0.912472
vt 0.374878 0.912622
vt 0.375025 0.912833
vt 0.375127 0.913146
vt 0.374792 0.912473
vt 0.375002 0.912622
vt 0.375153 0.912833
vt 0.375257 0.913146
vt 0.374793 0.912473
vt 0.375003 0.912624
vt 0.375153 0.912834
vt 0.375257 0.913147
vt 0.287099 0.912473
vt 0.287098 0.912473
vt 0.286889 0.912622
vt 0.286888 0.912624
vt 0.286738 0.912833
vt 0.286738 0.912834
vt 0.286634 0.913146
vt 0.286634 0.913147
vt 0.287219 0.912472
vt 0.287013 0.912622
vt 0.286866 0.912833
vt 0.286765 0.913146
vt 0.287545 0.912472
vt 0.287355 0.912622
vt 0.287220 0.912832
vt 0.287126 0.913146
vt 0.288057 0.912472
vt 0.287892 0.912622
vt 0.287775 0.912832
vt 0.287693 0.913146
vt 0.288729 0.912472
vt 0.288597 0.912622
vt 0.288503 0.912832
vt 0.288437 0.913146
vt 0.289534 0.912472
vt 0.289441 0.912622
vt 0.289375 0.912832
vt 0.289329 0.913146
vt 0.290444 0.912472
vt 0.290396 0.912622
vt 0.290362 0.912833
vt 0.290339 0.913146
vt 0.291449 0.955154
vt 0.291463 0.955154
vt 0.370428 0.955154
vt 0.370443 0.955154
vt 0.371595 0.955154
vt 0.371653 0.955154
vt 0.372644 0.955154
vt 0.372756 0.955154
vt 0.373570 0.955154
vt 0.373729 0.955154
vt 0.374343 0.955154
vt 0.374542 0.955154
vt 0.374932 0.955154
vt 0.375161 0.955154
vt 0.375308 0.955154
vt 0.375556 0.955154
vt 0.375443 0.955154
vt 0.375695 0.955154
vt 0.375443 0.955155
vt 0.375694 0.955155
vt 0.375308 0.955074
vt 0.375335 0.955119
vt 0.375380 0.955146
vt 0.375829 0.955074
vt 0.375802 0.955119
vt 0.375757 0.955146
vt 0.286197 0.955155
vt 0.286448 0.955155
vt 0.286448 0.955154
vt 0.286197 0.955154
vt 0.286511 0.955146
vt 0.286556 0.955119
vt 0.286583 0.955074
vt 0.286134 0.955146
vt 0.286089 0.955119
vt 0.286062 0.955074
vt 0.286584 0.955154
vt 0.286336 0.955154
vt 0.286959 0.955154
vt 0.286730 0.955154
vt 0.287548 0.955154
vt 0.287350 0.955154
vt 0.288321 0.955154
vt 0.288162 0.955154
vt 0.289248 0.955154
vt 0.289136 0.955154
vt 0.290297 0.955154
vt 0.290239 0.955154
vt 0.291441 0.955074
vt 0.370451 0.955074
vt 0.371683 0.955074
vt 0.372815 0.955074
vt 0.373814 0.955074
vt 0.374647 0.955074
vt 0.375282 0.955074
vt 0.375687 0.955074
vt 0.375829 0.955074
vt 0.286062 0.955074
vt 0.286204 0.955074
vt 0.286609 0.955074
vt 0.287245 0.955074
vt 0.288078 0.955074
vt 0.289076 0.955074
vt 0.290208 0.955074
vt 0.370421 0.955074
vt 0.291471 0.955074
vt 0.371564 0.955074
vt 0.372585 0.955074
vt 0.373486 0.955074
vt 0.374238 0.955074
vt 0.374811 0.955074
vt 0.375176 0.955074
vt 0.375308 0.955074
vt 0.286583 0.955074
vt 0.286715 0.955074
vt 0.287080 0.955074
vt 0.287653 0.955074
vt 0.288406 0.955074
vt 0.289307 0.955074
vt 0.290327 0.955074
vt 0.291442 0.955118
vt 0.370449 0.955118
vt 0.291445 0.955145
vt 0.370446 0.955145
vt 0.371677 0.955118
vt 0.371667 0.955145
vt 0.372803 0.955118
vt 0.372783 0.955145
vt 0.373797 0.955118
vt 0.373769 0.955145
vt 0.374626 0.955118
vt 0.374591 0.955145
vt 0.375258 0.955119
vt 0.375218 0.955145
vt 0.375661 0.955119
vt 0.375617 0.955145
vt 0.375802 0.955119
vt 0.375757 0.955145
vt 0.286089 0.955119
vt 0.286134 0.955145
vt 0.286231 0.955119
vt 0.286274 0.955145
vt 0.286633 0.955119
vt 0.286674 0.955145
vt 0.287266 0.955119
vt 0.287301 0.955145
vt 0.288095 0.955119
vt 0.288123 0.955145
vt 0.289088 0.955118
vt 0.289108 0.955145
vt 0.290214 0.955118
vt 0.290224 0.955145
vt 0.370422 0.955118
vt 0.291469 0.955118
vt 0.370425 0.955145
vt 0.291467 0.955145
vt 0.371570 0.955118
vt 0.371581 0.955145
vt 0.372597 0.955118
vt 0.372616 0.955145
vt 0.373503 0.955118
vt 0.373531 0.955145
vt 0.374259 0.955118
vt 0.374294 0.955145
vt 0.374835 0.955119
vt 0.374876 0.955145
vt 0.375203 0.955119
vt 0.375246 0.955145
vt 0.375335 0.955119
vt 0.375380 0.955145
vt 0.286556 0.955119
vt 0.286511 0.955145
vt 0.286689 0.955119
vt 0.286645 0.955145
vt 0.287056 0.955119
vt 0.287016 0.955145
vt 0.287632 0.955119
vt 0.287597 0.955145
vt 0.288389 0.955119
vt 0.288361 0.955145
vt 0.289295 0.955119
vt 0.289275 0.955145
vt 0.290321 0.955118
vt 0.290311 0.955145
vt 0.341273 0.934901
vt 0.341273 0.929438
vt 0.342633 0.928078
vt 0.342633 0.936262
vt 0.320618 0.929438
vt 0.320618 0.934901
vt 0.319258 0.936262
vt 0.319258 0.928078
vt 0.341262 0.929450
vt 0.320630 0.929450
vt 0.341262 0.934890
vt 0.320630 0.934890
vt 0.319246 0.928066
vt 0.342645 0.928066
vt 0.319246 0.936273
vt 0.342645 0.936273
vt 0.341252 0.929459
vt 0.320639 0.929459
vt 0.341245 0.929467
vt 0.320647 0.929467
vt 0.341239 0.929472
vt 0.320652 0.929472
vt 0.341236 0.929475
vt 0.320655 0.929475
vt 0.341252 0.934880
vt 0.341245 0.934873
vt 0.341239 0.934867
vt 0.341236 0.934864
vt 0.320639 0.934880
vt 0.320647 0.934873
vt 0.320652 0.934867
vt 0.320655 0.934864
vt 0.319237 0.928056
vt 0.342655 0.928056
vt 0.319229 0.928049
vt 0.342662 0.928049
vt 0.319224 0.928044
vt 0.342667 0.928044
vt 0.319221 0.928041
vt 0.342671 0.928041
vt 0.319237 0.936283
vt 0.319229 0.936290
vt 0.319224 0.936296
vt 0.319221 0.936299
vt 0.342655 0.936283
vt 0.342662 0.936290
vt 0.342667 0.936296
vt 0.342671 0.936299
vt 0.341235 0.909903
vt 0.373506 0.909903
vt 0.320656 0.909903
vt 0.341235 0.909992
vt 0.341235 0.914482
vt 0.320656 0.914482
vt 0.320656 0.909992
vt 0.288385 0.909903
vt 0.285071 0.911265
vt 0.285530 0.910806
vt 0.286092 0.910449
vt 0.286755 0.910194
vt 0.287520 0.910041
vt 0.288388 0.909991
vt 0.284256 0.914482
vt 0.284256 0.914123
vt 0.284306 0.913256
vt 0.284459 0.912490
vt 0.284713 0.911827
vt 0.377433 0.912490
vt 0.377586 0.913256
vt 0.377636 0.914123
vt 0.377635 0.914482
vt 0.373504 0.909991
vt 0.374371 0.910041
vt 0.375136 0.910194
vt 0.375800 0.910449
vt 0.376361 0.910806
vt 0.376821 0.911265
vt 0.377178 0.911827
vt 0.286755 0.910194
vt 0.374382 0.909955
vt 0.287509 0.909955
vt 0.375160 0.910110
vt 0.375839 0.910371
vt 0.376416 0.910738
vt 0.376888 0.911211
vt 0.377255 0.911788
vt 0.377516 0.912466
vt 0.377672 0.913245
vt 0.377724 0.914120
vt 0.286731 0.910110
vt 0.286052 0.910371
vt 0.285476 0.910738
vt 0.285003 0.911211
vt 0.284636 0.911788
vt 0.284375 0.912466
vt 0.284219 0.913245
vt 0.284168 0.914120
vt 0.373504 0.909991
vt 0.377635 0.914482
vt 0.377724 0.914482
vt 0.377636 0.914123
vt 0.284168 0.914482
vt 0.377585 0.913256
vt 0.374371 0.910042
vt 0.375136 0.910194
vt 0.375799 0.910449
vt 0.376361 0.910806
vt 0.376820 0.911266
vt 0.377177 0.911827
vt 0.377432 0.912491
vt 0.284293 0.914482
vt 0.377598 0.914482
vt 0.377634 0.914482
vt 0.377598 0.914482
vt 0.284258 0.914482
s 1
f 42/1/1 41/2/1 44/3/1
f 44/3/1 43/4/1 42/1/1
f 138/5/2 3/6/3 66/7/4
f 66/7/4 179/8/5 138/5/2
f 156/9/6 5/10/7 65/11/8
f 65/11/8 67/12/9 156/9/6
f 9/13/10 156/9/6 67/12/9
f 67/12/9 68/14/11 9/13/10
f 8/15/12 9/13/10 68/14/11
f 68/14/11 69/16/13 8/15/12
f 7/17/14 8/15/12 69/16/13
f 69/16/13 70/18/15 7/17/14
f 6/19/16 7/17/14 70/18/15
f 70/18/15 71/20/17 6/19/16
f 3/6/3 6/19/16 71/20/17
f 71/20/17 66/7/4 3/6/3
f 176/21/18 136/22/19 14/22/20
f 14/22/20 62/21/21 176/21/18
f 178/23/22 79/2/23 186/24/24
f 178/23/22 186/24/24 16/25/25
f 178/23/22 16/25/25 118/26/26
f 178/23/22 118/26/26 209/27/27
f 178/23/22 209/27/27 208/28/28
f 178/23/22 208/28/28 207/29/29
f 178/23/22 207/29/29 206/30/30
f 178/23/22 206/30/30 205/31/31
f 178/23/22 205/31/31 204/32/32
f 178/23/22 204/32/32 203/33/33
f 178/23/22 203/33/33 192/34/34
f 53/35/35 63/35/36 100/36/37
f 100/36/37 154/37/38 53/35/35
f 38/1/39 37/2/39 45/2/39
f 45/2/39 46/1/39 38/1/39
f 39/38/40 38/1/40 46/1/40
f 46/1/40 47/4/40 39/38/40
f 40/3/41 39/38/41 47/4/41
f 47/4/41 48/3/41 40/3/41
f 37/2/42 40/3/42 48/3/42
f 48/3/42 45/2/42 37/2/42
f 42/1/39 46/1/39 45/2/39
f 45/2/39 41/2/39 42/1/39
f 43/4/40 47/4/40 46/1/40
f 46/1/40 42/1/40 43/4/40
f 49/39/41 52/39/41 51/40/41
f 51/40/41 50/40/41 49/39/41
f 41/2/42 45/2/42 48/3/42
f 48/3/42 44/3/42 41/2/42
f 44/3/1 49/39/1 50/40/1
f 50/40/1 43/4/1 44/3/1
f 43/4/40 50/40/40 51/40/40
f 51/40/40 47/4/40 43/4/40
f 47/4/23 51/40/23 52/39/23
f 52/39/23 48/3/23 47/4/23
f 48/3/42 52/39/42 49/39/42
f 49/39/42 44/3/42 48/3/42
f 135/41/43 54/42/44 56/43/45
f 56/43/45 155/44/46 135/41/43
f 10/45/47 57/46/48 55/47/8
f 55/47/8 140/48/49 10/45/47
f 11/49/50 58/50/51 57/46/48
f 57/46/48 10/45/47 11/49/50
f 12/51/52 59/52/53 58/50/51
f 58/50/51 11/49/50 12/51/52
f 13/53/54 60/54/55 59/52/53
f 59/52/53 12/51/52 13/53/54
f 20/55/56 61/56/57 60/54/55
f 60/54/55 13/53/54 20/55/56
f 155/44/46 56/43/45 61/56/57
f 61/56/57 20/55/56 155/44/46
f 64/57/58 176/21/18 62/21/21
f 62/21/21 180/57/59 64/57/58
f 72/58/60 177/59/61 83/3/23
f 83/3/23 84/4/23 72/58/60
f 74/60/62 63/35/36 53/35/35
f 53/35/35 73/61/63 74/60/62
f 181/62/64 175/23/65 87/63/1
f 87/63/1 90/64/1 181/62/64
f 140/48/49 55/47/8 88/65/1
f 140/48/49 88/65/1 98/66/1
f 140/48/49 98/66/1 93/67/1
f 140/48/49 93/67/1 187/68/66
f 54/42/44 179/8/5 66/7/4
f 66/7/4 56/43/45 54/42/44
f 57/46/48 67/12/9 65/11/8
f 65/11/8 55/47/8 57/46/48
f 58/50/51 68/14/11 67/12/9
f 67/12/9 57/46/48 58/50/51
f 59/52/53 69/16/13 68/14/11
f 68/14/11 58/50/51 59/52/53
f 60/54/55 70/18/15 69/16/13
f 69/16/13 59/52/53 60/54/55
f 61/56/57 71/20/17 70/18/15
f 70/18/15 60/54/55 61/56/57
f 56/43/45 66/7/4 71/20/17
f 71/20/17 61/56/57 56/43/45
f 55/47/8 65/11/8 89/69/1
f 89/69/1 88/65/1 55/47/8
f 137/70/67 64/57/58 180/57/59
f 180/57/59 159/70/68 137/70/67
f 72/58/60 84/4/23 190/71/69
f 72/58/60 190/71/69 162/10/70
f 72/58/60 162/10/70 30/9/71
f 72/58/60 30/9/71 167/13/72
f 72/58/60 167/13/72 166/15/73
f 72/58/60 166/15/73 165/17/74
f 72/58/60 165/17/74 164/19/75
f 72/58/60 164/19/75 160/6/76
f 72/58/60 160/6/76 158/72/77
f 74/60/62 73/61/63 99/73/78
f 99/73/78 174/74/79 74/60/62
f 91/75/1 183/76/80 15/77/81
f 96/78/1 91/75/1 15/77/81
f 90/64/1 96/78/1 15/77/81
f 181/62/64 90/64/1 15/77/81
f 181/62/64 15/77/81 110/79/82
f 181/62/64 110/79/82 201/80/83
f 181/62/64 201/80/83 200/81/84
f 181/62/64 200/81/84 199/82/85
f 181/62/64 199/82/85 198/83/86
f 181/62/64 198/83/86 197/84/87
f 181/62/64 197/84/87 196/85/88
f 181/62/64 196/85/88 195/86/89
f 181/62/64 195/86/89 191/87/90
f 82/68/91 186/24/24 79/2/23
f 79/2/23 83/3/23 82/68/91
f 85/71/92 183/76/80 91/75/1
f 91/75/1 94/88/1 85/71/92
f 211/26/93 193/25/94 184/24/95
f 212/27/96 211/26/93 184/24/95
f 213/28/97 212/27/96 184/24/95
f 214/29/98 213/28/97 184/24/95
f 215/30/99 214/29/98 184/24/95
f 216/31/100 215/30/99 184/24/95
f 217/32/101 216/31/100 184/24/95
f 126/33/102 217/32/101 184/24/95
f 17/34/103 126/33/102 184/24/95
f 175/23/65 17/34/103 184/24/95
f 184/24/95 92/89/1 97/90/1
f 175/23/65 184/24/95 97/90/1
f 175/23/65 97/90/1 87/63/1
f 182/62/104 80/1/23 79/2/23
f 79/2/23 178/23/22 182/62/104
f 80/1/23 182/62/104 36/87/105
f 77/76/23 80/1/23 36/87/105
f 77/76/23 36/87/105 134/86/106
f 77/76/23 134/86/106 225/85/107
f 77/76/23 225/85/107 224/84/108
f 77/76/23 224/84/108 223/83/109
f 77/76/23 223/83/109 222/82/110
f 77/76/23 222/82/110 221/81/111
f 77/76/23 221/81/111 220/80/112
f 77/76/23 220/80/112 219/79/113
f 77/76/23 219/79/113 194/77/114
f 184/24/95 187/68/66 93/67/1
f 93/67/1 92/89/1 184/24/95
f 80/1/23 84/4/23 83/3/23
f 83/3/23 79/2/23 80/1/23
f 77/76/23 190/71/69 84/4/23
f 84/4/23 80/1/23 77/76/23
f 177/59/61 150/91/115 25/44/116
f 177/59/61 25/44/116 35/55/117
f 177/59/61 35/55/117 172/53/118
f 177/59/61 172/53/118 171/51/119
f 177/59/61 171/51/119 170/49/120
f 177/59/61 170/49/120 169/45/121
f 177/59/61 169/45/121 23/48/122
f 177/59/61 23/48/122 82/68/91
f 177/59/61 82/68/91 83/3/23
f 85/71/92 94/88/1 95/92/1
f 95/92/1 89/69/1 65/11/8
f 85/71/92 95/92/1 65/11/8
f 85/71/92 65/11/8 5/10/7
f 145/93/123 144/94/124 143/95/125
f 143/95/125 142/96/126 139/97/127
f 145/93/123 143/95/125 139/97/127
f 139/97/127 2/98/128 21/98/129
f 139/97/127 21/98/129 22/99/130
f 139/97/127 22/99/130 26/100/131
f 139/97/127 26/100/131 27/101/132
f 139/97/127 27/101/132 28/102/131
f 139/97/127 28/102/131 29/103/132
f 139/97/127 29/103/132 168/104/131
f 139/97/127 168/104/131 24/105/133
f 139/97/127 24/105/133 86/106/134
f 139/97/127 86/106/134 185/107/135
f 185/107/135 102/108/136 152/108/137
f 139/97/127 185/107/135 152/108/137
f 152/108/137 75/107/138 189/106/139
f 139/97/127 152/108/137 189/106/139
f 145/93/123 139/97/127 189/106/139
f 145/93/123 189/106/139 141/109/140
f 145/93/123 141/109/140 19/110/141
f 81/111/142 76/112/143 101/113/144
f 101/113/144 153/113/145 78/112/146
f 101/113/144 78/112/146 188/111/147
f 101/113/144 188/111/147 161/114/148
f 101/113/144 161/114/148 31/115/149
f 101/113/144 31/115/149 32/116/150
f 101/113/144 32/116/150 33/117/151
f 101/113/144 33/117/151 34/118/152
f 101/113/144 34/118/152 173/119/153
f 101/113/144 173/119/153 163/120/154
f 151/121/155 1/121/156 18/122/157
f 151/121/155 18/122/157 157/123/158
f 157/123/158 149/124/159 148/125/160
f 151/121/155 157/123/158 148/125/160
f 163/120/154 151/121/155 148/125/160
f 101/113/144 163/120/154 148/125/160
f 81/111/142 101/113/144 148/125/160
f 148/125/160 147/126/161 146/127/162
f 81/111/142 148/125/160 146/127/162
f 81/111/142 146/127/162 4/128/163
f 154/37/38 100/36/37 111/129/164
f 111/129/164 218/129/165 154/37/38
f 174/74/79 99/73/78 103/130/166
f 103/130/166 226/130/167 174/74/79
f 218/129/165 111/129/164 112/131/168
f 112/131/168 125/131/169 218/129/165
f 125/131/169 112/131/168 113/132/170
f 113/132/170 124/132/171 125/131/169
f 124/132/171 113/132/170 114/133/172
f 114/133/172 123/133/173 124/132/171
f 123/133/173 114/133/172 115/134/174
f 115/134/174 122/134/175 123/133/173
f 122/134/175 115/134/174 116/135/176
f 116/135/176 121/135/177 122/134/175
f 121/135/177 116/135/176 117/136/178
f 117/136/178 120/136/179 121/135/177
f 120/136/179 117/136/178 210/137/180
f 210/137/180 119/137/181 120/136/179
f 119/137/181 210/137/180 153/113/145
f 153/113/145 101/113/144 119/137/181
f 226/130/167 103/130/166 104/138/182
f 104/138/182 133/138/183 226/130/167
f 133/138/183 104/138/182 105/139/184
f 105/139/184 132/139/185 133/138/183
f 132/139/185 105/139/184 106/140/186
f 106/140/186 131/140/187 132/139/185
f 131/140/187 106/140/186 107/141/188
f 107/141/188 130/141/189 131/140/187
f 130/141/189 107/141/188 108/142/190
f 108/142/190 129/142/191 130/141/189
f 129/142/191 108/142/190 109/143/192
f 109/143/192 128/143/193 129/142/191
f 128/143/193 109/143/192 202/144/194
f 202/144/194 127/144/195 128/143/193
f 127/144/195 202/144/194 152/108/137
f 152/108/137 102/108/136 127/144/195
f 1/121/156 136/22/19 135/41/43
f 2/98/128 138/5/2 137/70/67
f 14/22/20 151/121/155 150/91/115
f 21/98/129 159/70/68 158/72/77
f 64/57/58 137/70/67 138/5/2
f 138/5/2 179/8/5 64/57/58
f 2/98/128 139/97/127 3/6/3
f 3/6/3 138/5/2 2/98/128
f 19/110/141 141/109/140 5/10/7
f 5/10/7 156/9/6 19/110/141
f 145/93/123 19/110/141 156/9/6
f 156/9/6 9/13/10 145/93/123
f 144/94/124 145/93/123 9/13/10
f 9/13/10 8/15/12 144/94/124
f 143/95/125 144/94/124 8/15/12
f 8/15/12 7/17/14 143/95/125
f 142/96/126 143/95/125 7/17/14
f 7/17/14 6/19/16 142/96/126
f 139/97/127 142/96/126 6/19/16
f 6/19/16 3/6/3 139/97/127
f 150/91/115 177/59/61 62/21/21
f 62/21/21 14/22/20 150/91/115
f 1/121/156 151/121/155 14/22/20
f 14/22/20 136/22/19 1/121/156
f 54/42/44 135/41/43 136/22/19
f 136/22/19 176/21/18 54/42/44
f 100/36/37 63/35/36 178/23/22
f 178/23/22 192/34/34 100/36/37
f 78/112/146 153/113/145 16/25/25
f 16/25/25 186/24/24 78/112/146
f 17/34/103 175/23/65 53/35/35
f 53/35/35 154/37/38 17/34/103
f 75/107/138 152/108/137 15/77/81
f 15/77/81 183/76/80 75/107/138
f 18/122/157 1/121/156 135/41/43
f 135/41/43 155/44/46 18/122/157
f 81/111/142 4/128/163 140/48/49
f 140/48/49 187/68/66 81/111/142
f 157/123/158 18/122/157 155/44/46
f 155/44/46 20/55/56 157/123/158
f 4/128/163 146/127/162 10/45/47
f 10/45/47 140/48/49 4/128/163
f 146/127/162 147/126/161 11/49/50
f 11/49/50 10/45/47 146/127/162
f 147/126/161 148/125/160 12/51/52
f 12/51/52 11/49/50 147/126/161
f 148/125/160 149/124/159 13/53/54
f 13/53/54 12/51/52 148/125/160
f 149/124/159 157/123/158 20/55/56
f 20/55/56 13/53/54 149/124/159
f 21/98/129 2/98/128 137/70/67
f 137/70/67 159/70/68 21/98/129
f 102/108/136 185/107/135 77/76/23
f 77/76/23 194/77/114 102/108/136
f 151/121/155 163/120/154 25/44/116
f 25/44/116 150/91/115 151/121/155
f 22/99/130 21/98/129 158/72/77
f 158/72/77 160/6/76 22/99/130
f 161/114/148 188/111/147 82/68/91
f 82/68/91 23/48/122 161/114/148
f 24/105/133 168/104/131 30/9/71
f 30/9/71 162/10/70 24/105/133
f 163/120/154 173/119/153 35/55/117
f 35/55/117 25/44/116 163/120/154
f 26/100/131 22/99/130 160/6/76
f 160/6/76 164/19/75 26/100/131
f 27/101/132 26/100/131 164/19/75
f 164/19/75 165/17/74 27/101/132
f 28/102/131 27/101/132 165/17/74
f 165/17/74 166/15/73 28/102/131
f 29/103/132 28/102/131 166/15/73
f 166/15/73 167/13/72 29/103/132
f 168/104/131 29/103/132 167/13/72
f 167/13/72 30/9/71 168/104/131
f 31/115/149 161/114/148 23/48/122
f 23/48/122 169/45/121 31/115/149
f 32/116/150 31/115/149 169/45/121
f 169/45/121 170/49/120 32/116/150
f 33/117/151 32/116/150 170/49/120
f 170/49/120 171/51/119 33/117/151
f 34/118/152 33/117/151 171/51/119
f 171/51/119 172/53/118 34/118/152
f 173/119/153 34/118/152 172/53/118
f 172/53/118 35/55/117 173/119/153
f 177/59/61 72/58/60 180/57/59
f 180/57/59 62/21/21 177/59/61
f 179/8/5 54/42/44 176/21/18
f 176/21/18 64/57/58 179/8/5
f 175/23/65 181/62/64 73/61/63
f 73/61/63 53/35/35 175/23/65
f 182/62/104 178/23/22 63/35/36
f 63/35/36 74/60/62 182/62/104
f 72/58/60 158/72/77 159/70/68
f 159/70/68 180/57/59 72/58/60
f 86/106/134 24/105/133 162/10/70
f 162/10/70 190/71/69 86/106/134
f 181/62/64 191/87/90 99/73/78
f 99/73/78 73/61/63 181/62/64
f 36/87/105 182/62/104 74/60/62
f 74/60/62 174/74/79 36/87/105
f 188/111/147 78/112/146 186/24/24
f 186/24/24 82/68/91 188/111/147
f 189/106/139 75/107/138 183/76/80
f 183/76/80 85/71/92 189/106/139
f 101/113/144 76/112/143 184/24/95
f 184/24/95 193/25/94 101/113/144
f 185/107/135 86/106/134 190/71/69
f 190/71/69 77/76/23 185/107/135
f 76/112/143 81/111/142 187/68/66
f 187/68/66 184/24/95 76/112/143
f 141/109/140 189/106/139 85/71/92
f 85/71/92 5/10/7 141/109/140
f 110/79/82 15/77/81 152/108/137
f 152/108/137 202/144/194 110/79/82
f 118/26/26 16/25/25 153/113/145
f 153/113/145 210/137/180 118/26/26
f 126/33/102 17/34/103 154/37/38
f 154/37/38 218/129/165 126/33/102
f 134/86/106 36/87/105 174/74/79
f 174/74/79 226/130/167 134/86/106
f 191/87/90 195/86/89 103/130/166
f 103/130/166 99/73/78 191/87/90
f 195/86/89 196/85/88 104/138/182
f 104/138/182 103/130/166 195/86/89
f 196/85/88 197/84/87 105/139/184
f 105/139/184 104/138/182 196/85/88
f 197/84/87 198/83/86 106/140/186
f 106/140/186 105/139/184 197/84/87
f 198/83/86 199/82/85 107/141/188
f 107/141/188 106/140/186 198/83/86
f 199/82/85 200/81/84 108/142/190
f 108/142/190 107/141/188 199/82/85
f 200/81/84 201/80/83 109/143/192
f 109/143/192 108/142/190 200/81/84
f 201/80/83 110/79/82 202/144/194
f 202/144/194 109/143/192 201/80/83
f 192/34/34 203/33/33 111/129/164
f 111/129/164 100/36/37 192/34/34
f 203/33/33 204/32/32 112/131/168
f 112/131/168 111/129/164 203/33/33
f 204/32/32 205/31/31 113/132/170
f 113/132/170 112/131/168 204/32/32
f 205/31/31 206/30/30 114/133/172
f 114/133/172 113/132/170 205/31/31
f 206/30/30 207/29/29 115/134/174
f 115/134/174 114/133/172 206/30/30
f 207/29/29 208/28/28 116/135/176
f 116/135/176 115/134/174 207/29/29
f 208/28/28 209/27/27 117/136/178
f 117/136/178 116/135/176 208/28/28
f 209/27/27 118/26/26 210/137/180
f 210/137/180 117/136/178 209/27/27
f 193/25/94 211/26/93 119/137/181
f 119/137/181 101/113/144 193/25/94
f 211/26/93 212/27/96 120/136/179
f 120/136/179 119/137/181 211/26/93
f 212/27/96 213/28/97 121/135/177
f 121/135/177 120/136/179 212/27/96
f 213/28/97 214/29/98 122/134/175
f 122/134/175 121/135/177 213/28/97
f 214/29/98 215/30/99 123/133/173
f 123/133/173 122/134/175 214/29/98
f 215/30/99 216/31/100 124/132/171
f 124/132/171 123/133/173 215/30/99
f 216/31/100 217/32/101 125/131/169
f 125/131/169 124/132/171 216/31/100
f 217/32/101 126/33/102 218/129/165
f 218/129/165 125/131/169 217/32/101
f 194/77/114 219/79/113 127/144/195
f 127/144/195 102/108/136 194/77/114
f 219/79/113 220/80/112 128/143/193
f 128/143/193 127/144/195 219/79/113
f 220/80/112 221/81/111 129/142/191
f 129/142/191 128/143/193 220/80/112
f 221/81/111 222/82/110 130/141/189
f 130/141/189 129/142/191 221/81/111
f 222/82/110 223/83/109 131/140/187
f 131/140/187 130/141/189 222/82/110
f 223/83/109 224/84/108 132/139/185
f 132/139/185 131/140/187 223/83/109
f 224/84/108 225/85/107 133/138/183
f 133/138/183 132/139/185 224/84/108
f 225/85/107 134/86/106 226/130/167
f 226/130/167 133/138/183 225/85/107
f 246/145/196 282/146/197 227/147/198
f 227/147/198 245/148/199 246/145/196
f 247/149/200 283/150/201 282/146/197
f 282/146/197 246/145/196 247/149/200
f 248/151/202 284/152/203 283/150/201
f 283/150/201 247/149/200 248/151/202
f 249/153/204 285/154/205 284/152/203
f 284/152/203 248/151/202 249/153/204
f 250/155/206 286/156/207 285/154/205
f 285/154/205 249/153/204 250/155/206
f 251/157/208 287/158/209 286/156/207
f 286/156/207 250/155/206 251/157/208
f 252/159/210 288/160/211 287/158/209
f 287/158/209 251/157/208 252/159/210
f 253/161/212 289/162/213 288/160/211
f 288/160/211 252/159/210 253/161/212
f 254/163/214 236/164/215 289/162/213
f 289/162/213 253/161/212 254/163/214
f 256/165/216 292/166/217 291/167/218
f 291/167/218 561/168/219 256/165/216
f 257/169/220 293/170/221 292/166/217
f 292/166/217 256/165/216 257/169/220
f 258/171/222 294/172/223 293/170/221
f 293/170/221 257/169/220 258/171/222
f 259/173/224 295/174/225 294/172/223
f 294/172/223 258/171/222 259/173/224
f 260/175/226 296/176/227 295/174/225
f 295/174/225 259/173/224 260/175/226
f 261/177/228 297/178/229 296/176/227
f 296/176/227 260/175/226 261/177/228
f 262/179/230 244/180/231 297/178/229
f 297/178/229 261/177/228 262/179/230
f 245/148/199 227/147/198 244/180/231
f 244/180/231 262/179/230 245/148/199
f 273/181/41 272/182/41 271/183/41
f 274/184/41 273/181/41 271/183/41
f 275/185/41 274/184/41 271/183/41
f 276/186/41 275/185/41 271/183/41
f 277/187/41 276/186/41 271/183/41
f 278/188/41 277/187/41 271/183/41
f 279/189/41 278/188/41 271/183/41
f 280/190/41 279/189/41 271/183/41
f 263/191/41 280/190/41 271/183/41
f 264/192/41 263/191/41 271/183/41
f 265/193/41 264/192/41 271/183/41
f 265/193/41 271/183/41 270/194/41
f 266/195/41 265/193/41 270/194/41
f 266/195/41 270/194/41 269/196/41
f 266/195/41 269/196/41 268/197/41
f 266/195/41 268/197/41 267/198/41
f 228/199/232 263/191/41 264/192/41
f 264/192/41 281/200/233 228/199/232
f 281/200/233 264/192/41 265/193/41
f 265/193/41 298/201/234 281/200/233
f 298/201/234 265/193/41 266/195/41
f 266/195/41 243/202/235 298/201/234
f 243/202/235 266/195/41 267/198/41
f 267/198/41 242/203/236 243/202/235
f 242/203/236 267/198/41 268/197/41
f 268/197/41 241/204/237 242/203/236
f 241/204/237 268/197/41 269/196/41
f 269/196/41 240/205/238 241/204/237
f 240/205/238 269/196/41 270/194/41
f 270/194/41 239/206/239 240/205/238
f 239/206/239 270/194/41 271/183/41
f 271/183/41 238/207/240 239/206/239
f 238/207/240 271/183/41 272/182/41
f 272/182/41 237/208/240 238/207/240
f 290/209/241 273/181/41 274/184/41
f 274/184/41 235/210/242 290/209/241
f 235/210/242 274/184/41 275/185/41
f 275/185/41 234/211/243 235/210/242
f 234/211/243 275/185/41 276/186/41
f 276/186/41 233/212/244 234/211/243
f 233/212/244 276/186/41 277/187/41
f 277/187/41 232/213/245 233/212/244
f 232/213/245 277/187/41 278/188/41
f 278/188/41 231/214/246 232/213/245
f 231/214/246 278/188/41 279/189/41
f 279/189/41 230/215/247 231/214/246
f 230/215/247 279/189/41 280/190/41
f 280/190/41 229/216/248 230/215/247
f 229/216/248 280/190/41 263/191/41
f 263/191/41 228/199/232 229/216/248
f 303/217/249 304/218/250 228/199/232
f 228/199/232 281/200/233 303/217/249
f 304/218/250 309/219/251 229/216/248
f 229/216/248 228/199/232 304/218/250
f 309/219/251 314/220/252 230/215/247
f 230/215/247 229/216/248 309/219/251
f 314/220/252 319/221/253 231/214/246
f 231/214/246 230/215/247 314/220/252
f 319/221/253 324/222/254 232/213/245
f 232/213/245 231/214/246 319/221/253
f 324/222/254 329/223/255 233/212/244
f 233/212/244 232/213/245 324/222/254
f 329/223/255 334/224/256 234/211/243
f 234/211/243 233/212/244 329/223/255
f 334/224/256 339/225/257 235/210/242
f 235/210/242 234/211/243 334/224/256
f 339/225/257 348/226/258 290/209/241
f 290/209/241 235/210/242 339/225/257
f 349/227/259 354/228/260 238/207/240
f 238/207/240 237/208/240 349/227/259
f 354/228/260 359/229/261 239/206/239
f 239/206/239 238/207/240 354/228/260
f 359/229/261 364/230/262 240/205/238
f 240/205/238 239/206/239 359/229/261
f 364/230/262 369/231/263 241/204/237
f 241/204/237 240/205/238 364/230/262
f 369/231/263 374/232/264 242/203/236
f 242/203/236 241/204/237 369/231/263
f 374/232/264 379/233/265 243/202/235
f 243/202/235 242/203/236 374/232/264
f 379/233/265 388/234/266 298/201/234
f 298/201/234 243/202/235 379/233/265
f 388/234/266 303/217/249 281/200/233
f 281/200/233 298/201/234 388/234/266
f 302/235/267 305/236/268 304/218/250
f 304/218/250 303/217/249 302/235/267
f 301/237/269 306/238/270 305/236/268
f 305/236/268 302/235/267 301/237/269
f 300/239/271 307/240/272 306/238/270
f 306/238/270 301/237/269 300/239/271
f 299/241/273 308/242/274 307/240/272
f 307/240/272 300/239/271 299/241/273
f 227/147/198 282/146/197 308/242/274
f 308/242/274 299/241/273 227/147/198
f 305/236/268 310/243/275 309/219/251
f 309/219/251 304/218/250 305/236/268
f 306/238/270 311/244/276 310/243/275
f 310/243/275 305/236/268 306/238/270
f 307/240/272 312/245/277 311/244/276
f 311/244/276 306/238/270 307/240/272
f 308/242/274 313/246/278 312/245/277
f 312/245/277 307/240/272 308/242/274
f 282/146/197 283/150/201 313/246/278
f 313/246/278 308/242/274 282/146/197
f 310/243/275 315/247/279 314/220/252
f 314/220/252 309/219/251 310/243/275
f 311/244/276 316/248/280 315/247/279
f 315/247/279 310/243/275 311/244/276
f 312/245/277 317/249/281 316/248/280
f 316/248/280 311/244/276 312/245/277
f 313/246/278 318/250/282 317/249/281
f 317/249/281 312/245/277 313/246/278
f 283/150/201 284/152/203 318/250/282
f 318/250/282 313/246/278 283/150/201
f 315/247/279 320/251/283 319/221/253
f 319/221/253 314/220/252 315/247/279
f 316/248/280 321/252/284 320/251/283
f 320/251/283 315/247/279 316/248/280
f 317/249/281 322/253/285 321/252/284
f 321/252/284 316/248/280 317/249/281
f 318/250/282 323/254/286 322/253/285
f 322/253/285 317/249/281 318/250/282
f 284/152/203 285/154/205 323/254/286
f 323/254/286 318/250/282 284/152/203
f 320/251/283 325/255/287 324/222/254
f 324/222/254 319/221/253 320/251/283
f 321/252/284 326/256/288 325/255/287
f 325/255/287 320/251/283 321/252/284
f 322/253/285 327/257/289 326/256/288
f 326/256/288 321/252/284 322/253/285
f 323/254/286 328/258/290 327/257/289
f 327/257/289 322/253/285 323/254/286
f 285/154/205 286/156/207 328/258/290
f 328/258/290 323/254/286 285/154/205
f 325/255/287 330/259/291 329/223/255
f 329/223/255 324/222/254 325/255/287
f 326/256/288 331/260/292 330/259/291
f 330/259/291 325/255/287 326/256/288
f 327/257/289 332/261/293 331/260/292
f 331/260/292 326/256/288 327/257/289
f 328/258/290 333/262/294 332/261/293
f 332/261/293 327/257/289 328/258/290
f 286/156/207 287/158/209 333/262/294
f 333/262/294 328/258/290 286/156/207
f 330/259/291 335/263/295 334/224/256
f 334/224/256 329/223/255 330/259/291
f 331/260/292 336/264/296 335/263/295
f 335/263/295 330/259/291 331/260/292
f 332/261/293 337/265/297 336/264/296
f 336/264/296 331/260/292 332/261/293
f 333/262/294 338/266/298 337/265/297
f 337/265/297 332/261/293 333/262/294
f 287/158/209 288/160/211 338/266/298
f 338/266/298 333/262/294 287/158/209
f 335/263/295 340/267/299 339/225/257
f 339/225/257 334/224/256 335/263/295
f 336/264/296 341/268/300 340/267/299
f 340/267/299 335/263/295 336/264/296
f 337/265/297 342/269/301 341/268/300
f 341/268/300 336/264/296 337/265/297
f 338/266/298 343/270/302 342/269/301
f 342/269/301 337/265/297 338/266/298
f 288/160/211 289/162/213 343/270/302
f 343/270/302 338/266/298 288/160/211
f 340/267/299 347/271/303 348/226/258
f 348/226/258 339/225/257 340/267/299
f 341/268/300 346/272/304 347/271/303
f 347/271/303 340/267/299 341/268/300
f 342/269/301 345/273/305 346/272/304
f 346/272/304 341/268/300 342/269/301
f 343/270/302 344/274/306 345/273/305
f 345/273/305 342/269/301 343/270/302
f 289/162/213 236/164/215 344/274/306
f 344/274/306 343/270/302 289/162/213
f 350/275/307 355/276/308 354/228/260
f 354/228/260 349/227/259 350/275/307
f 351/277/309 356/278/310 355/276/308
f 355/276/308 350/275/307 351/277/309
f 352/279/311 357/280/312 356/278/310
f 356/278/310 351/277/309 352/279/311
f 353/281/313 358/282/314 357/280/312
f 357/280/312 352/279/311 353/281/313
f 291/167/218 292/166/217 358/282/314
f 358/282/314 353/281/313 291/167/218
f 355/276/308 360/283/315 359/229/261
f 359/229/261 354/228/260 355/276/308
f 356/278/310 361/284/316 360/283/315
f 360/283/315 355/276/308 356/278/310
f 357/280/312 362/285/317 361/284/316
f 361/284/316 356/278/310 357/280/312
f 358/282/314 363/286/318 362/285/317
f 362/285/317 357/280/312 358/282/314
f 292/166/217 293/170/221 363/286/318
f 363/286/318 358/282/314 292/166/217
f 360/283/315 365/287/319 364/230/262
f 364/230/262 359/229/261 360/283/315
f 361/284/316 366/288/320 365/287/319
f 365/287/319 360/283/315 361/284/316
f 362/285/317 367/289/321 366/288/320
f 366/288/320 361/284/316 362/285/317
f 363/286/318 368/290/322 367/289/321
f 367/289/321 362/285/317 363/286/318
f 293/170/221 294/172/223 368/290/322
f 368/290/322 363/286/318 293/170/221
f 365/287/319 370/291/323 369/231/263
f 369/231/263 364/230/262 365/287/319
f 366/288/320 371/292/324 370/291/323
f 370/291/323 365/287/319 366/288/320
f 367/289/321 372/293/325 371/292/324
f 371/292/324 366/288/320 367/289/321
f 368/290/322 373/294/326 372/293/325
f 372/293/325 367/289/321 368/290/322
f 294/172/223 295/174/225 373/294/326
f 373/294/326 368/290/322 294/172/223
f 370/291/323 375/295/327 374/232/264
f 374/232/264 369/231/263 370/291/323
f 371/292/324 376/296/328 375/295/327
f 375/295/327 370/291/323 371/292/324
f 372/293/325 377/297/329 376/296/328
f 376/296/328 371/292/324 372/293/325
f 373/294/326 378/298/330 377/297/329
f 377/297/329 372/293/325 373/294/326
f 295/174/225 296/176/227 378/298/330
f 378/298/330 373/294/326 295/174/225
f 375/295/327 380/299/331 379/233/265
f 379/233/265 374/232/264 375/295/327
f 376/296/328 381/300/332 380/299/331
f 380/299/331 375/295/327 376/296/328
f 377/297/329 382/301/333 381/300/332
f 381/300/332 376/296/328 377/297/329
f 378/298/330 383/302/334 382/301/333
f 382/301/333 377/297/329 378/298/330
f 296/176/227 297/178/229 383/302/334
f 383/302/334 378/298/330 296/176/227
f 380/299/331 387/303/335 388/234/266
f 388/234/266 379/233/265 380/299/331
f 381/300/332 386/304/336 387/303/335
f 387/303/335 380/299/331 381/300/332
f 382/301/333 385/305/337 386/304/336
f 386/304/336 381/300/332 382/301/333
f 383/302/334 384/306/338 385/305/337
f 385/305/337 382/301/333 383/302/334
f 297/178/229 244/180/231 384/306/338
f 384/306/338 383/302/334 297/178/229
f 387/303/335 302/235/267 303/217/249
f 303/217/249 388/234/266 387/303/335
f 386/304/336 301/237/269 302/235/267
f 302/235/267 387/303/335 386/304/336
f 385/305/337 300/239/271 301/237/269
f 301/237/269 386/304/336 385/305/337
f 384/306/338 299/241/273 300/239/271
f 300/239/271 385/305/337 384/306/338
f 244/180/231 227/147/198 299/241/273
f 299/241/273 384/306/338 244/180/231
f 389/307/339 444/308/340 570/309/341
f 570/309/341 569/310/342 389/307/339
f 444/308/340 445/311/343 571/312/344
f 571/312/344 570/309/341 444/308/340
f 445/311/343 446/313/345 572/314/346
f 572/314/346 571/312/344 445/311/343
f 446/313/345 447/315/347 573/316/348
f 573/316/348 572/314/346 446/313/345
f 447/315/347 448/317/349 574/318/350
f 574/318/350 573/316/348 447/315/347
f 448/317/349 449/319/351 575/320/352
f 575/320/352 574/318/350 448/317/349
f 449/319/351 450/321/353 576/322/354
f 576/322/354 575/320/352 449/319/351
f 450/321/353 451/323/355 577/324/356
f 577/324/356 576/322/354 450/321/353
f 451/323/355 398/325/357 578/326/219
f 578/326/219 577/324/356 451/323/355
f 453/327/358 454/328/359 580/329/360
f 580/329/360 579/330/361 453/327/358
f 454/328/359 455/331/362 581/332/363
f 581/332/363 580/329/360 454/328/359
f 455/331/362 456/333/364 582/334/365
f 582/334/365 581/332/363 455/331/362
f 456/333/364 457/335/366 583/336/367
f 583/336/367 582/334/365 456/333/364
f 457/335/366 458/337/368 584/338/369
f 584/338/369 583/336/367 457/335/366
f 458/337/368 459/339/370 585/340/371
f 585/340/371 584/338/369 458/337/368
f 459/339/370 406/341/372 586/342/373
f 586/342/373 585/340/371 459/339/370
f 406/341/372 389/307/339 569/310/342
f 569/310/342 586/342/373 406/341/372
f 433/343/39 434/344/39 435/345/39
f 433/343/39 435/345/39 436/346/39
f 433/343/39 436/346/39 437/347/39
f 433/343/39 437/347/39 438/348/39
f 433/343/39 438/348/39 439/349/39
f 433/343/39 439/349/39 440/350/39
f 433/343/39 440/350/39 441/351/39
f 433/343/39 441/351/39 442/352/39
f 433/343/39 442/352/39 425/353/39
f 433/343/39 425/353/39 426/354/39
f 433/343/39 426/354/39 427/355/39
f 432/356/39 433/343/39 427/355/39
f 432/356/39 427/355/39 428/357/39
f 431/358/39 432/356/39 428/357/39
f 430/359/39 431/358/39 428/357/39
f 430/359/39 428/357/39 429/360/39
f 426/354/39 425/353/39 390/361/374
f 390/361/374 443/362/375 426/354/39
f 427/355/39 426/354/39 443/362/375
f 443/362/375 460/363/376 427/355/39
f 428/357/39 427/355/39 460/363/376
f 460/363/376 405/364/377 428/357/39
f 429/360/39 428/357/39 405/364/377
f 405/364/377 404/365/378 429/360/39
f 430/359/39 429/360/39 404/365/378
f 404/365/378 403/366/379 430/359/39
f 431/358/39 430/359/39 403/366/379
f 403/366/379 402/367/380 431/358/39
f 432/356/39 431/358/39 402/367/380
f 402/367/380 401/368/381 432/356/39
f 433/343/39 432/356/39 401/368/381
f 401/368/381 400/369/382 433/343/39
f 434/344/39 433/343/39 400/369/382
f 400/369/382 399/370/383 434/344/39
f 436/346/39 435/345/39 452/371/384
f 452/371/384 397/372/385 436/346/39
f 437/347/39 436/346/39 397/372/385
f 397/372/385 396/373/386 437/347/39
f 438/348/39 437/347/39 396/373/386
f 396/373/386 395/374/387 438/348/39
f 439/349/39 438/348/39 395/374/387
f 395/374/387 394/375/388 439/349/39
f 440/350/39 439/349/39 394/375/388
f 394/375/388 393/376/389 440/350/39
f 441/351/39 440/350/39 393/376/389
f 393/376/389 392/377/390 441/351/39
f 442/352/39 441/351/39 392/377/390
f 392/377/390 391/378/391 442/352/39
f 425/353/39 442/352/39 391/378/391
f 391/378/391 390/361/374 425/353/39
f 390/361/374 466/379/392 465/380/393
f 465/380/393 443/362/375 390/361/374
f 391/378/391 471/381/394 466/379/392
f 466/379/392 390/361/374 391/378/391
f 392/377/390 476/382/395 471/381/394
f 471/381/394 391/378/391 392/377/390
f 393/376/389 481/383/396 476/382/395
f 476/382/395 392/377/390 393/376/389
f 394/375/388 486/384/397 481/383/396
f 481/383/396 393/376/389 394/375/388
f 395/374/387 491/385/398 486/384/397
f 486/384/397 394/375/388 395/374/387
f 396/373/386 496/386/399 491/385/398
f 491/385/398 395/374/387 396/373/386
f 397/372/385 501/387/400 496/386/399
f 496/386/399 396/373/386 397/372/385
f 452/371/384 510/388/401 501/387/400
f 501/387/400 397/372/385 452/371/384
f 400/369/382 516/389/402 511/390/403
f 511/390/403 399/370/383 400/369/382
f 401/368/381 521/391/404 516/389/402
f 516/389/402 400/369/382 401/368/381
f 402/367/380 526/392/405 521/391/404
f 521/391/404 401/368/381 402/367/380
f 403/366/379 531/393/406 526/392/405
f 526/392/405 402/367/380 403/366/379
f 404/365/378 536/394/407 531/393/406
f 531/393/406 403/366/379 404/365/378
f 405/364/377 541/395/408 536/394/407
f 536/394/407 404/365/378 405/364/377
f 460/363/376 550/396/409 541/395/408
f 541/395/408 405/364/377 460/363/376
f 443/362/375 465/380/393 550/396/409
f 550/396/409 460/363/376 443/362/375
f 466/379/392 467/397/410 464/398/411
f 464/398/411 465/380/393 466/379/392
f 467/397/410 468/399/412 463/400/413
f 463/400/413 464/398/411 467/397/410
f 468/399/412 469/401/414 462/402/415
f 462/402/415 463/400/413 468/399/412
f 469/401/414 470/403/416 461/404/417
f 461/404/417 462/402/415 469/401/414
f 470/403/416 444/308/340 389/307/339
f 389/307/339 461/404/417 470/403/416
f 471/381/394 472/405/418 467/397/410
f 467/397/410 466/379/392 471/381/394
f 472/405/418 473/406/419 468/399/412
f 468/399/412 467/397/410 472/405/418
f 473/406/419 474/407/420 469/401/414
f 469/401/414 468/399/412 473/406/419
f 474/407/420 475/408/421 470/403/416
f 470/403/416 469/401/414 474/407/420
f 475/408/421 445/311/343 444/308/340
f 444/308/340 470/403/416 475/408/421
f 476/382/395 477/409/422 472/405/418
f 472/405/418 471/381/394 476/382/395
f 477/409/422 478/410/423 473/406/419
f 473/406/419 472/405/418 477/409/422
f 478/410/423 479/411/424 474/407/420
f 474/407/420 473/406/419 478/410/423
f 479/411/424 480/412/425 475/408/421
f 475/408/421 474/407/420 479/411/424
f 480/412/425 446/313/345 445/311/343
f 445/311/343 475/408/421 480/412/425
f 481/383/396 482/413/426 477/409/422
f 477/409/422 476/382/395 481/383/396
f 482/413/426 483/414/427 478/410/423
f 478/410/423 477/409/422 482/413/426
f 483/414/427 484/415/428 479/411/424
f 479/411/424 478/410/423 483/414/427
f 484/415/428 485/416/429 480/412/425
f 480/412/425 479/411/424 484/415/428
f 485/416/429 447/315/347 446/313/345
f 446/313/345 480/412/425 485/416/429
f 486/384/397 487/417/430 482/413/426
f 482/413/426 481/383/396 486/384/397
f 487/417/430 488/418/431 483/414/427
f 483/414/427 482/413/426 487/417/430
f 488/418/431 489/419/432 484/415/428
f 484/415/428 483/414/427 488/418/431
f 489/419/432 490/420/433 485/416/429
f 485/416/429 484/415/428 489/419/432
f 490/420/433 448/317/349 447/315/347
f 447/315/347 485/416/429 490/420/433
f 491/385/398 492/421/434 487/417/430
f 487/417/430 486/384/397 491/385/398
f 492/421/434 493/422/435 488/418/431
f 488/418/431 487/417/430 492/421/434
f 493/422/435 494/423/436 489/419/432
f 489/419/432 488/418/431 493/422/435
f 494/423/436 495/424/437 490/420/433
f 490/420/433 489/419/432 494/423/436
f 495/424/437 449/319/351 448/317/349
f 448/317/349 490/420/433 495/424/437
f 496/386/399 497/425/438 492/421/434
f 492/421/434 491/385/398 496/386/399
f 497/425/438 498/426/439 493/422/435
f 493/422/435 492/421/434 497/425/438
f 498/426/439 499/427/440 494/423/436
f 494/423/436 493/422/435 498/426/439
f 499/427/440 500/428/441 495/424/437
f 495/424/437 494/423/436 499/427/440
f 500/428/441 450/321/353 449/319/351
f 449/319/351 495/424/437 500/428/441
f 501/387/400 502/429/442 497/425/438
f 497/425/438 496/386/399 501/387/400
f 502/429/442 503/430/443 498/426/439
f 498/426/439 497/425/438 502/429/442
f 503/430/443 504/431/444 499/427/440
f 499/427/440 498/426/439 503/430/443
f 504/431/444 505/432/445 500/428/441
f 500/428/441 499/427/440 504/431/444
f 505/432/445 451/323/355 450/321/353
f 450/321/353 500/428/441 505/432/445
f 510/388/401 509/433/446 502/429/442
f 502/429/442 501/387/400 510/388/401
f 509/433/446 508/434/447 503/430/443
f 503/430/443 502/429/442 509/433/446
f 508/434/447 507/435/448 504/431/444
f 504/431/444 503/430/443 508/434/447
f 507/435/448 506/436/449 505/432/445
f 505/432/445 504/431/444 507/435/448
f 506/436/449 398/325/357 451/323/355
f 451/323/355 505/432/445 506/436/449
f 516/389/402 517/437/450 512/438/451
f 512/438/451 511/390/403 516/389/402
f 517/437/450 518/439/452 513/440/453
f 513/440/453 512/438/451 517/437/450
f 518/439/452 519/441/454 514/442/455
f 514/442/455 513/440/453 518/439/452
f 519/441/454 520/443/456 515/444/457
f 515/444/457 514/442/455 519/441/454
f 520/443/456 454/328/359 453/327/358
f 453/327/358 515/444/457 520/443/456
f 521/391/404 522/445/458 517/437/450
f 517/437/450 516/389/402 521/391/404
f 522/445/458 523/446/459 518/439/452
f 518/439/452 517/437/450 522/445/458
f 523/446/459 524/447/460 519/441/454
f 519/441/454 518/439/452 523/446/459
f 524/447/460 525/448/461 520/443/456
f 520/443/456 519/441/454 524/447/460
f 525/448/461 455/331/362 454/328/359
f 454/328/359 520/443/456 525/448/461
f 526/392/405 527/449/462 522/445/458
f 522/445/458 521/391/404 526/392/405
f 527/449/462 528/450/463 523/446/459
f 523/446/459 522/445/458 527/449/462
f 528/450/463 529/451/464 524/447/460
f 524/447/460 523/446/459 528/450/463
f 529/451/464 530/452/465 525/448/461
f 525/448/461 524/447/460 529/451/464
f 530/452/465 456/333/364 455/331/362
f 455/331/362 525/448/461 530/452/465
f 531/393/406 532/453/466 527/449/462
f 527/449/462 526/392/405 531/393/406
f 532/453/466 533/454/467 528/450/463
f 528/450/463 527/449/462 532/453/466
f 533/454/467 534/455/468 529/451/464
f 529/451/464 528/450/463 533/454/467
f 534/455/468 535/456/469 530/452/465
f 530/452/465 529/451/464 534/455/468
f 535/456/469 457/335/366 456/333/364
f 456/333/364 530/452/465 535/456/469
f 536/394/407 537/457/470 532/453/466
f 532/453/466 531/393/406 536/394/407
f 537/457/470 538/458/471 533/454/467
f 533/454/467 532/453/466 537/457/470
f 538/458/471 539/459/472 534/455/468
f 534/455/468 533/454/467 538/458/471
f 539/459/472 540/460/473 535/456/469
f 535/456/469 534/455/468 539/459/472
f 540/460/473 458/337/368 457/335/366
f 457/335/366 535/456/469 540/460/473
f 541/395/408 542/461/474 537/457/470
f 537/457/470 536/394/407 541/395/408
f 542/461/474 543/462/475 538/458/471
f 538/458/471 537/457/470 542/461/474
f 543/462/475 544/463/476 539/459/472
f 539/459/472 538/458/471 543/462/475
f 544/463/476 545/464/477 540/460/473
f 540/460/473 539/459/472 544/463/476
f 545/464/477 459/339/370 458/337/368
f 458/337/368 540/460/473 545/464/477
f 550/396/409 549/465/478 542/461/474
f 542/461/474 541/395/408 550/396/409
f 549/465/478 548/466/479 543/462/475
f 543/462/475 542/461/474 549/465/478
f 548/466/479 547/467/480 544/463/476
f 544/463/476 543/462/475 548/466/479
f 547/467/480 546/468/481 545/464/477
f 545/464/477 544/463/476 547/467/480
f 546/468/481 406/341/372 459/339/370
f 459/339/370 545/464/477 546/468/481
f 465/380/393 464/398/411 549/465/478
f 549/465/478 550/396/409 465/380/393
f 464/398/411 463/400/413 548/466/479
f 548/466/479 549/465/478 464/398/411
f 463/400/413 462/402/415 547/467/480
f 547/467/480 548/466/479 463/400/413
f 462/402/415 461/404/417 546/468/481
f 546/468/481 547/467/480 462/402/415
f 461/404/417 389/307/339 406/341/372
f 406/341/372 546/468/481 461/404/417
f 551/469/482 407/470/483 408/471/484
f 408/471/484 552/472/485 551/469/482
f 552/472/485 408/471/484 409/473/486
f 409/473/486 553/474/487 552/472/485
f 553/474/487 409/473/486 410/475/488
f 410/475/488 554/476/489 553/474/487
f 554/476/489 410/475/488 411/477/490
f 411/477/490 555/478/491 554/476/489
f 555/478/491 411/477/490 412/479/492
f 412/479/492 556/480/493 555/478/491
f 556/480/493 412/479/492 413/481/494
f 413/481/494 557/482/495 556/480/493
f 557/482/495 413/481/494 414/483/496
f 414/483/496 558/484/497 557/482/495
f 558/484/497 414/483/496 415/485/498
f 415/485/498 559/486/499 558/484/497
f 559/486/499 415/485/498 416/487/500
f 416/487/500 560/488/501 559/486/499
f 668/489/1 578/326/1 398/325/1
f 669/490/1 668/489/1 398/325/1
f 670/491/1 669/490/1 398/325/1
f 416/487/1 670/491/1 398/325/1
f 398/325/1 236/164/1 254/163/1
f 416/487/1 398/325/1 254/163/1
f 416/487/1 254/163/1 616/492/1
f 416/487/1 616/492/1 615/493/502
f 416/487/1 615/493/502 614/494/503
f 416/487/1 614/494/503 560/488/504
f 255/495/500 417/496/505 418/497/505
f 418/497/505 562/498/506 255/495/500
f 291/167/1 453/327/1 579/330/1
f 671/499/507 417/496/508 255/495/1
f 672/500/509 671/499/507 255/495/1
f 673/501/1 672/500/509 255/495/1
f 579/330/1 673/501/1 255/495/1
f 291/167/1 579/330/1 255/495/1
f 291/167/1 255/495/1 619/502/1
f 291/167/1 619/502/1 618/503/1
f 291/167/1 618/503/1 617/504/1
f 291/167/1 617/504/1 561/168/1
f 562/498/506 418/497/505 419/505/510
f 419/505/510 563/506/511 562/498/506
f 563/506/511 419/505/510 420/507/512
f 420/507/512 564/508/513 563/506/511
f 564/508/513 420/507/512 421/509/514
f 421/509/514 565/510/515 564/508/513
f 565/510/515 421/509/514 422/511/516
f 422/511/516 566/512/517 565/510/515
f 566/512/517 422/511/516 423/513/518
f 423/513/518 567/514/519 566/512/517
f 567/514/519 423/513/518 424/515/520
f 424/515/520 568/516/521 567/514/519
f 568/516/521 424/515/520 407/470/483
f 407/470/483 551/469/482 568/516/521
f 273/181/1 435/345/1 434/344/1
f 434/344/1 272/182/1 273/181/1
f 272/182/1 434/344/1 399/370/1
f 399/370/1 237/208/1 272/182/1
f 290/209/1 452/371/1 435/345/1
f 435/345/1 273/181/1 290/209/1
f 348/226/1 510/388/1 452/371/1
f 452/371/1 290/209/1 348/226/1
f 237/208/1 399/370/1 511/390/1
f 511/390/1 349/227/1 237/208/1
f 347/271/1 509/433/1 510/388/1
f 510/388/1 348/226/1 347/271/1
f 346/272/1 508/434/1 509/433/1
f 509/433/1 347/271/1 346/272/1
f 345/273/1 507/435/1 508/434/1
f 508/434/1 346/272/1 345/273/1
f 344/274/1 506/436/1 507/435/1
f 507/435/1 345/273/1 344/274/1
f 236/164/1 398/325/1 506/436/1
f 506/436/1 344/274/1 236/164/1
f 349/227/1 511/390/1 512/438/1
f 512/438/1 350/275/1 349/227/1
f 350/275/1 512/438/1 513/440/1
f 513/440/1 351/277/1 350/275/1
f 351/277/1 513/440/1 514/442/1
f 514/442/1 352/279/1 351/277/1
f 352/279/1 514/442/1 515/444/1
f 515/444/1 353/281/1 352/279/1
f 353/281/1 515/444/1 453/327/1
f 453/327/1 291/167/1 353/281/1
f 246/145/196 245/148/199 587/517/522
f 587/517/522 590/518/523 246/145/196
f 247/149/200 246/145/196 590/518/523
f 590/518/523 593/519/524 247/149/200
f 248/151/202 247/149/200 593/519/524
f 593/519/524 596/520/525 248/151/202
f 249/153/204 248/151/202 596/520/525
f 596/520/525 599/521/526 249/153/204
f 250/155/206 249/153/204 599/521/526
f 599/521/526 602/522/527 250/155/206
f 251/157/208 250/155/206 602/522/527
f 602/522/527 605/523/528 251/157/208
f 252/159/210 251/157/208 605/523/528
f 605/523/528 608/524/529 252/159/210
f 253/161/212 252/159/210 608/524/529
f 608/524/529 611/525/530 253/161/212
f 254/163/214 253/161/212 611/525/530
f 611/525/530 616/492/531 254/163/214
f 256/165/216 561/168/219 617/504/532
f 617/504/532 620/526/533 256/165/216
f 257/169/220 256/165/216 620/526/533
f 620/526/533 623/527/534 257/169/220
f 258/171/222 257/169/220 623/527/534
f 623/527/534 626/528/535 258/171/222
f 259/173/224 258/171/222 626/528/535
f 626/528/535 629/529/536 259/173/224
f 260/175/226 259/173/224 629/529/536
f 629/529/536 632/530/537 260/175/226
f 261/177/228 260/175/226 632/530/537
f 632/530/537 635/531/538 261/177/228
f 262/179/230 261/177/228 635/531/538
f 635/531/538 638/532/539 262/179/230
f 245/148/199 262/179/230 638/532/539
f 638/532/539 587/517/522 245/148/199
f 569/310/342 570/309/341 646/533/540
f 646/533/540 643/534/541 569/310/342
f 570/309/341 571/312/344 649/535/542
f 649/535/542 646/533/540 570/309/341
f 571/312/344 572/314/346 652/536/543
f 652/536/543 649/535/542 571/312/344
f 572/314/346 573/316/348 655/537/544
f 655/537/544 652/536/543 572/314/346
f 573/316/348 574/318/350 658/538/545
f 658/538/545 655/537/544 573/316/348
f 574/318/350 575/320/352 661/539/546
f 661/539/546 658/538/545 574/318/350
f 575/320/352 576/322/354 664/540/547
f 664/540/547 661/539/546 575/320/352
f 576/322/354 577/324/356 667/541/548
f 667/541/548 664/540/547 576/322/354
f 577/324/356 578/326/219 668/489/549
f 668/489/549 667/541/548 577/324/356
f 579/330/361 580/329/360 676/542/550
f 676/542/550 673/501/531 579/330/361
f 580/329/360 581/332/363 679/543/551
f 679/543/551 676/542/550 580/329/360
f 581/332/363 582/334/365 682/544/552
f 682/544/552 679/543/551 581/332/363
f 582/334/365 583/336/367 685/545/553
f 685/545/553 682/544/552 582/334/365
f 583/336/367 584/338/369 688/546/554
f 688/546/554 685/545/553 583/336/367
f 584/338/369 585/340/371 691/547/555
f 691/547/555 688/546/554 584/338/369
f 585/340/371 586/342/373 694/548/556
f 694/548/556 691/547/555 585/340/371
f 586/342/373 569/310/342 643/534/541
f 643/534/541 694/548/556 586/342/373
f 590/518/523 587/517/522 588/549/557
f 588/549/557 591/550/558 590/518/523
f 591/550/558 588/549/557 589/551/559
f 589/551/559 592/552/560 591/550/558
f 592/552/560 589/551/559 551/469/482
f 551/469/482 552/472/485 592/552/560
f 593/519/524 590/518/523 591/550/558
f 591/550/558 594/553/561 593/519/524
f 594/553/561 591/550/558 592/552/560
f 592/552/560 595/554/562 594/553/561
f 595/554/562 592/552/560 552/472/485
f 552/472/485 553/474/487 595/554/562
f 596/520/525 593/519/524 594/553/561
f 594/553/561 597/555/563 596/520/525
f 597/555/563 594/553/561 595/554/562
f 595/554/562 598/556/564 597/555/563
f 598/556/564 595/554/562 553/474/487
f 553/474/487 554/476/489 598/556/564
f 599/521/526 596/520/525 597/555/563
f 597/555/563 600/557/565 599/521/526
f 600/557/565 597/555/563 598/556/564
f 598/556/564 601/558/566 600/557/565
f 601/558/566 598/556/564 554/476/489
f 554/476/489 555/478/491 601/558/566
f 602/522/527 599/521/526 600/557/565
f 600/557/565 603/559/567 602/522/527
f 603/559/567 600/557/565 601/558/566
f 601/558/566 604/560/568 603/559/567
f 604/560/568 601/558/566 555/478/491
f 555/478/491 556/480/493 604/560/568
f 605/523/528 602/522/527 603/559/567
f 603/559/567 606/561/569 605/523/528
f 606/561/569 603/559/567 604/560/568
f 604/560/568 607/562/570 606/561/569
f 607/562/570 604/560/568 556/480/493
f 556/480/493 557/482/495 607/562/570
f 608/524/529 605/523/528 606/561/569
f 606/561/569 609/563/571 608/524/529
f 609/563/571 606/561/569 607/562/570
f 607/562/570 610/564/572 609/563/571
f 610/564/572 607/562/570 557/482/495
f 557/482/495 558/484/497 610/564/572
f 611/525/530 608/524/529 609/563/571
f 609/563/571 612/565/573 611/525/530
f 612/565/573 609/563/571 610/564/572
f 610/564/572 613/566/574 612/565/573
f 613/566/574 610/564/572 558/484/497
f 558/484/497 559/486/499 613/566/574
f 616/492/531 611/525/530 612/565/573
f 612/565/573 615/493/575 616/492/531
f 615/493/575 612/565/573 613/566/574
f 613/566/574 614/494/576 615/493/575
f 614/494/576 613/566/574 559/486/499
f 559/486/499 560/488/501 614/494/576
f 620/526/533 617/504/532 618/503/577
f 618/503/577 621/567/578 620/526/533
f 621/567/578 618/503/577 619/502/579
f 619/502/579 622/568/580 621/567/578
f 622/568/580 619/502/579 255/495/500
f 255/495/500 562/498/506 622/568/580
f 623/527/534 620/526/533 621/567/578
f 621/567/578 624/569/581 623/527/534
f 624/569/581 621/567/578 622/568/580
f 622/568/580 625/570/582 624/569/581
f 625/570/582 622/568/580 562/498/506
f 562/498/506 563/506/511 625/570/582
f 626/528/535 623/527/534 624/569/581
f 624/569/581 627/571/583 626/528/535
f 627/571/583 624/569/581 625/570/582
f 625/570/582 628/572/584 627/571/583
f 628/572/584 625/570/582 563/506/511
f 563/506/511 564/508/513 628/572/584
f 629/529/536 626/528/535 627/571/583
f 627/571/583 630/573/585 629/529/536
f 630/573/585 627/571/583 628/572/584
f 628/572/584 631/574/586 630/573/585
f 631/574/586 628/572/584 564/508/513
f 564/508/513 565/510/515 631/574/586
f 632/530/537 629/529/536 630/573/585
f 630/573/585 633/575/587 632/530/537
f 633/575/587 630/573/585 631/574/586
f 631/574/586 634/576/588 633/575/587
f 634/576/588 631/574/586 565/510/515
f 565/510/515 566/512/517 634/576/588
f 635/531/538 632/530/537 633/575/587
f 633/575/587 636/577/589 635/531/538
f 636/577/589 633/575/587 634/576/588
f 634/576/588 637/578/590 636/577/589
f 637/578/590 634/576/588 566/512/517
f 566/512/517 567/514/519 637/578/590
f 638/532/539 635/531/538 636/577/589
f 636/577/589 639/579/591 638/532/539
f 639/579/591 636/577/589 637/578/590
f 637/578/590 640/580/592 639/579/591
f 640/580/592 637/578/590 567/514/519
f 567/514/519 568/516/521 640/580/592
f 587/517/522 638/532/539 639/579/591
f 639/579/591 588/549/557 587/517/522
f 588/549/557 639/579/591 640/580/592
f 640/580/592 589/551/559 588/549/557
f 589/551/559 640/580/592 568/516/521
f 568/516/521 551/469/482 589/551/559
f 643/534/541 646/533/540 645/581/593
f 645/581/593 642/582/594 643/534/541
f 642/582/594 645/581/593 644/583/595
f 644/583/595 641/584/596 642/582/594
f 641/584/596 644/583/595 408/471/484
f 408/471/484 407/470/483 641/584/596
f 646/533/540 649/535/542 648/585/597
f 648/585/597 645/581/593 646/533/540
f 645/581/593 648/585/597 647/586/598
f 647/586/598 644/583/595 645/581/593
f 644/583/595 647/586/598 409/473/486
f 409/473/486 408/471/484 644/583/595
f 649/535/542 652/536/543 651/587/599
f 651/587/599 648/585/597 649/535/542
f 648/585/597 651/587/599 650/588/600
f 650/588/600 647/586/598 648/585/597
f 647/586/598 650/588/600 410/475/488
f 410/475/488 409/473/486 647/586/598
f 652/536/543 655/537/544 654/589/601
f 654/589/601 651/587/599 652/536/543
f 651/587/599 654/589/601 653/590/602
f 653/590/602 650/588/600 651/587/599
f 650/588/600 653/590/602 411/477/490
f 411/477/490 410/475/488 650/588/600
f 655/537/544 658/538/545 657/591/603
f 657/591/603 654/589/601 655/537/544
f 654/589/601 657/591/603 656/592/604
f 656/592/604 653/590/602 654/589/601
f 653/590/602 656/592/604 412/479/492
f 412/479/492 411/477/490 653/590/602
f 658/538/545 661/539/546 660/593/605
f 660/593/605 657/591/603 658/538/545
f 657/591/603 660/593/605 659/594/606
f 659/594/606 656/592/604 657/591/603
f 656/592/604 659/594/606 413/481/494
f 413/481/494 412/479/492 656/592/604
f 661/539/546 664/540/547 663/595/607
f 663/595/607 660/593/605 661/539/546
f 660/593/605 663/595/607 662/596/608
f 662/596/608 659/594/606 660/593/605
f 659/594/606 662/596/608 414/483/496
f 414/483/496 413/481/494 659/594/606
f 664/540/547 667/541/548 666/597/609
f 666/597/609 663/595/607 664/540/547
f 663/595/607 666/597/609 665/598/610
f 665/598/610 662/596/608 663/595/607
f 662/596/608 665/598/610 415/485/498
f 415/485/498 414/483/496 662/596/608
f 667/541/548 668/489/549 669/490/611
f 669/490/611 666/597/609 667/541/548
f 666/597/609 669/490/611 670/491/612
f 670/491/612 665/598/610 666/597/609
f 665/598/610 670/491/612 416/487/500
f 416/487/500 415/485/498 665/598/610
f 673/501/531 676/542/550 675/599/613
f 675/599/613 672/500/614 673/501/531
f 672/500/614 675/599/613 674/600/615
f 674/600/615 671/499/616 672/500/614
f 671/499/616 674/600/615 418/497/505
f 418/497/505 417/496/505 671/499/616
f 676/542/550 679/543/551 678/601/617
f 678/601/617 675/599/613 676/542/550
f 675/599/613 678/601/617 677/602/618
f 677/602/618 674/600/615 675/599/613
f 674/600/615 677/602/618 419/505/510
f 419/505/510 418/497/505 674/600/615
f 679/543/551 682/544/552 681/603/619
f 681/603/619 678/601/617 679/543/551
f 678/601/617 681/603/619 680/604/620
f 680/604/620 677/602/618 678/601/617
f 677/602/618 680/604/620 420/507/512
f 420/507/512 419/505/510 677/602/618
f 682/544/552 685/545/553 684/605/621
f 684/605/621 681/603/619 682/544/552
f 681/603/619 684/605/621 683/606/622
f 683/606/622 680/604/620 681/603/619
f 680/604/620 683/606/622 421/509/514
f 421/509/514 420/507/512 680/604/620
f 685/545/553 688/546/554 687/607/623
f 687/607/623 684/605/621 685/545/553
f 684/605/621 687/607/623 686/608/624
f 686/608/624 683/606/622 684/605/621
f 683/606/622 686/608/624 422/511/516
f 422/511/516 421/509/514 683/606/622
f 688/546/554 691/547/555 690/609/625
f 690/609/625 687/607/623 688/546/554
f 687/607/623 690/609/625 689/610/626
f 689/610/626 686/608/624 687/607/623
f 686/608/624 689/610/626 423/513/518
f 423/513/518 422/511/516 686/608/624
f 691/547/555 694/548/556 693/611/627
f 693/611/627 690/609/625 691/547/555
f 690/609/625 693/611/627 692/612/628
f 692/612/628 689/610/626 690/609/625
f 689/610/626 692/612/628 424/515/520
f 424/515/520 423/513/518 689/610/626
f 694/548/556 643/534/541 642/582/594
f 642/582/594 693/611/627 694/548/556
f 693/611/627 642/582/594 641/584/596
f 641/584/596 692/612/628 693/611/627
f 692/612/628 641/584/596 407/470/483
f 407/470/483 424/515/520 692/612/628
f 713/613/629 712/614/630 702/615/631
f 702/615/631 701/616/632 713/613/629
f 695/617/633 698/618/634 700/619/635
f 700/619/635 699/620/636 695/617/633
f 702/615/631 712/614/630 695/617/633
f 695/617/633 699/620/636 702/615/631
f 698/618/634 713/613/629 701/616/632
f 701/616/632 700/619/635 698/618/634
f 696/2/637 703/2/638 704/1/639
f 704/1/639 711/1/640 696/2/637
f 697/3/641 706/3/642 703/2/638
f 703/2/638 696/2/637 697/3/641
f 714/38/643 705/38/644 706/3/642
f 706/3/642 697/3/641 714/38/643
f 711/1/640 704/1/639 705/38/644
f 705/38/644 714/38/643 711/1/640
f 716/92/645 707/92/646 708/78/647
f 708/78/647 715/78/648 716/92/645
f 717/66/649 710/66/650 707/92/646
f 707/92/646 716/92/645 717/66/649
f 718/90/651 709/90/652 710/66/650
f 710/66/650 717/66/649 718/90/651
f 718/90/651 715/78/648 708/78/647
f 708/78/647 709/90/652 718/90/651
f 695/617/633 712/614/630 728/621/653
f 728/621/653 719/622/654 695/617/633
f 712/614/630 713/613/629 733/623/655
f 733/623/655 728/621/653 712/614/630
f 713/613/629 698/618/634 734/624/656
f 734/624/656 733/623/655 713/613/629
f 698/618/634 695/617/633 719/622/654
f 719/622/654 734/624/656 698/618/634
f 702/615/631 699/620/636 739/625/657
f 739/625/657 754/626/658 702/615/631
f 699/620/636 700/619/635 744/627/659
f 744/627/659 739/625/657 699/620/636
f 700/619/635 701/616/632 749/628/660
f 749/628/660 744/627/659 700/619/635
f 701/616/632 702/615/631 754/626/658
f 754/626/658 749/628/660 701/616/632
f 719/622/654 728/621/653 727/629/661
f 727/629/661 720/630/662 719/622/654
f 720/630/662 727/629/661 726/631/663
f 726/631/663 721/632/664 720/630/662
f 721/632/664 726/631/663 725/633/665
f 725/633/665 722/634/666 721/632/664
f 722/634/666 725/633/665 724/635/667
f 724/635/667 723/636/668 722/634/666
f 723/636/668 724/635/667 696/2/637
f 696/2/637 711/1/640 723/636/668
f 728/621/653 733/623/655 732/637/669
f 732/637/669 727/629/661 728/621/653
f 727/629/661 732/637/669 731/638/670
f 731/638/670 726/631/663 727/629/661
f 726/631/663 731/638/670 730/639/671
f 730/639/671 725/633/665 726/631/663
f 725/633/665 730/639/671 729/640/672
f 729/640/672 724/635/667 725/633/665
f 724/635/667 729/640/672 697/3/641
f 697/3/641 696/2/637 724/635/667
f 733/623/655 734/624/656 735/641/673
f 735/641/673 732/637/669 733/623/655
f 732/637/669 735/641/673 736/642/674
f 736/642/674 731/638/670 732/637/669
f 731/638/670 736/642/674 737/643/675
f 737/643/675 730/639/671 731/638/670
f 730/639/671 737/643/675 738/644/676
f 738/644/676 729/640/672 730/639/671
f 729/640/672 738/644/676 714/38/643
f 714/38/643 697/3/641 729/640/672
f 734/624/656 719/622/654 720/630/662
f 720/630/662 735/641/673 734/624/656
f 735/641/673 720/630/662 721/632/664
f 721/632/664 736/642/674 735/641/673
f 736/642/674 721/632/664 722/634/666
f 722/634/666 737/643/675 736/642/674
f 737/643/675 722/634/666 723/636/668
f 723/636/668 738/644/676 737/643/675
f 738/644/676 723/636/668 711/1/640
f 711/1/640 714/38/643 738/644/676
f 754/626/658 739/625/657 740/645/677
f 740/645/677 755/646/678 754/626/658
f 755/646/678 740/645/677 741/647/679
f 741/647/679 756/648/680 755/646/678
f 756/648/680 741/647/679 742/649/681
f 742/649/681 757/650/682 756/648/680
f 757/650/682 742/649/681 743/651/683
f 743/651/683 758/652/684 757/650/682
f 758/652/684 743/651/683 715/78/648
f 715/78/648 718/90/651 758/652/684
f 739/625/657 744/627/659 745/653/685
f 745/653/685 740/645/677 739/625/657
f 740/645/677 745/653/685 746/654/686
f 746/654/686 741/647/679 740/645/677
f 741/647/679 746/654/686 747/655/687
f 747/655/687 742/649/681 741/647/679
f 742/649/681 747/655/687 748/656/688
f 748/656/688 743/651/683 742/649/681
f 743/651/683 748/656/688 716/92/645
f 716/92/645 715/78/648 743/651/683
f 744/627/659 749/628/660 750/657/689
f 750/657/689 745/653/685 744/627/659
f 745/653/685 750/657/689 751/658/690
f 751/658/690 746/654/686 745/653/685
f 746/654/686 751/658/690 752/659/691
f 752/659/691 747/655/687 746/654/686
f 747/655/687 752/659/691 753/660/692
f 753/660/692 748/656/688 747/655/687
f 748/656/688 753/660/692 717/66/649
f 717/66/649 716/92/645 748/656/688
f 749/628/660 754/626/658 755/646/678
f 755/646/678 750/657/689 749/628/660
f 750/657/689 755/646/678 756/648/680
f 756/648/680 751/658/690 750/657/689
f 751/658/690 756/648/680 757/650/682
f 757/650/682 752/659/691 751/658/690
f 752/659/691 757/650/682 758/652/684
f 758/652/684 753/660/692 752/659/691
f 753/660/692 758/652/684 718/90/651
f 718/90/651 717/66/649 753/660/692
f 763/661/693 764/661/694 768/662/695
f 768/662/695 805/662/696 763/661/693
f 766/663/697 764/661/694 763/661/693
f 763/661/693 765/663/698 766/663/697
f 807/664/699 852/665/1 851/666/1
f 851/666/1 809/667/700 807/664/699
f 766/663/697 765/663/698 767/668/701
f 767/668/701 806/668/702 766/663/697
f 819/669/703 818/670/704 817/671/705
f 817/671/705 816/672/706 815/673/707
f 819/669/703 817/671/705 815/673/707
f 815/673/707 811/674/708 809/667/700
f 815/673/707 809/667/700 851/666/1
f 851/666/1 849/675/709 759/676/710
f 815/673/707 851/666/1 759/676/710
f 819/669/703 815/673/707 759/676/710
f 759/676/710 778/677/711 821/678/712
f 819/669/703 759/676/710 821/678/712
f 819/669/703 821/678/712 820/679/713
f 832/680/714 831/681/715 813/682/716
f 813/682/716 853/683/717 852/665/1
f 832/680/714 813/682/716 852/665/1
f 852/665/1 807/664/699 761/684/718
f 852/665/1 761/684/718 794/685/719
f 832/680/714 852/665/1 794/685/719
f 794/685/719 837/686/720 836/687/721
f 832/680/714 794/685/719 836/687/721
f 836/687/721 835/688/722 834/689/723
f 832/680/714 836/687/721 834/689/723
f 832/680/714 834/689/723 833/690/724
f 854/666/23 847/665/23 808/664/725
f 808/664/725 810/667/726 854/666/23
f 843/670/727 842/669/728 841/679/729
f 841/679/729 840/678/730 839/677/731
f 843/670/727 841/679/729 839/677/731
f 839/677/731 814/676/732 850/675/733
f 839/677/731 850/675/733 854/666/23
f 854/666/23 810/667/726 762/674/734
f 839/677/731 854/666/23 762/674/734
f 843/670/727 839/677/731 762/674/734
f 762/674/734 802/673/735 845/691/736
f 843/670/727 762/674/734 845/691/736
f 843/670/727 845/691/736 844/671/737
f 805/662/696 768/662/695 779/692/738
f 779/692/738 838/692/739 805/662/696
f 806/668/702 767/668/701 771/693/740
f 771/693/740 846/693/741 806/668/702
f 838/692/739 779/692/738 780/694/742
f 780/694/742 793/694/743 838/692/739
f 793/694/743 780/694/742 781/695/744
f 781/695/744 792/695/745 793/694/743
f 792/695/745 781/695/744 782/696/746
f 782/696/746 791/696/747 792/695/745
f 791/696/747 782/696/746 783/697/748
f 783/697/748 790/697/749 791/696/747
f 790/697/749 783/697/748 784/698/750
f 784/698/750 789/698/751 790/697/749
f 789/698/751 784/698/750 785/699/752
f 785/699/752 788/699/753 789/698/751
f 788/699/753 785/699/752 830/700/754
f 830/700/754 787/700/755 788/699/753
f 787/700/755 830/700/754 804/701/756
f 804/701/756 769/701/757 787/700/755
f 846/693/741 771/693/740 772/702/758
f 772/702/758 801/702/759 846/693/741
f 801/702/759 772/702/758 773/703/760
f 773/703/760 800/703/761 801/702/759
f 800/703/761 773/703/760 774/704/762
f 774/704/762 799/704/763 800/703/761
f 799/704/763 774/704/762 775/705/764
f 775/705/764 798/705/765 799/704/763
f 798/705/765 775/705/764 776/706/766
f 776/706/766 797/706/767 798/705/765
f 797/706/767 776/706/766 777/707/768
f 777/707/768 796/707/769 797/706/767
f 796/707/769 777/707/768 822/708/770
f 822/708/770 795/708/771 796/707/769
f 795/708/771 822/708/770 803/709/772
f 803/709/772 770/709/773 795/708/771
f 768/662/695 764/661/694 808/664/725
f 808/664/725 812/710/774 768/662/695
f 848/711/775 855/712/776 804/701/756
f 804/701/756 760/713/777 848/711/775
f 761/684/718 807/664/699 763/661/693
f 763/661/693 805/662/696 761/684/718
f 849/675/709 856/714/778 803/709/772
f 803/709/772 759/676/710 849/675/709
f 807/664/699 809/667/700 765/663/698
f 765/663/698 763/661/693 807/664/699
f 810/667/726 808/664/725 764/661/694
f 764/661/694 766/663/697 810/667/726
f 809/667/700 811/674/708 767/668/701
f 767/668/701 765/663/698 809/667/700
f 762/674/734 810/667/726 766/663/697
f 766/663/697 806/668/702 762/674/734
f 778/677/711 759/676/710 803/709/772
f 803/709/772 822/708/770 778/677/711
f 786/715/779 760/713/777 804/701/756
f 804/701/756 830/700/754 786/715/779
f 794/685/719 761/684/718 805/662/696
f 805/662/696 838/692/739 794/685/719
f 802/673/735 762/674/734 806/668/702
f 806/668/702 846/693/741 802/673/735
f 811/674/708 815/673/707 771/693/740
f 771/693/740 767/668/701 811/674/708
f 815/673/707 816/672/706 772/702/758
f 772/702/758 771/693/740 815/673/707
f 816/672/706 817/671/705 773/703/760
f 773/703/760 772/702/758 816/672/706
f 817/671/705 818/670/704 774/704/762
f 774/704/762 773/703/760 817/671/705
f 818/670/704 819/669/703 775/705/764
f 775/705/764 774/704/762 818/670/704
f 819/669/703 820/679/713 776/706/766
f 776/706/766 775/705/764 819/669/703
f 820/679/713 821/678/712 777/707/768
f 777/707/768 776/706/766 820/679/713
f 821/678/712 778/677/711 822/708/770
f 822/708/770 777/707/768 821/678/712
f 812/710/774 823/716/780 779/692/738
f 779/692/738 768/662/695 812/710/774
f 823/716/780 824/717/781 780/694/742
f 780/694/742 779/692/738 823/716/780
f 824/717/781 825/718/782 781/695/744
f 781/695/744 780/694/742 824/717/781
f 825/718/782 826/719/783 782/696/746
f 782/696/746 781/695/744 825/718/782
f 826/719/783 827/720/784 783/697/748
f 783/697/748 782/696/746 826/719/783
f 827/720/784 828/721/785 784/698/750
f 784/698/750 783/697/748 827/720/784
f 828/721/785 829/722/786 785/699/752
f 785/699/752 784/698/750 828/721/785
f 829/722/786 786/715/779 830/700/754
f 830/700/754 785/699/752 829/722/786
f 813/682/716 831/681/715 787/700/755
f 787/700/755 769/701/757 813/682/716
f 831/681/715 832/680/714 788/699/753
f 788/699/753 787/700/755 831/681/715
f 832/680/714 833/690/724 789/698/751
f 789/698/751 788/699/753 832/680/714
f 833/690/724 834/689/723 790/697/749
f 790/697/749 789/698/751 833/690/724
f 834/689/723 835/688/722 791/696/747
f 791/696/747 790/697/749 834/689/723
f 835/688/722 836/687/721 792/695/745
f 792/695/745 791/696/747 835/688/722
f 836/687/721 837/686/720 793/694/743
f 793/694/743 792/695/745 836/687/721
f 837/686/720 794/685/719 838/692/739
f 838/692/739 793/694/743 837/686/720
f 814/676/732 839/677/731 795/708/771
f 795/708/771 770/709/773 814/676/732
f 839/677/731 840/678/730 796/707/769
f 796/707/769 795/708/771 839/677/731
f 840/678/730 841/679/729 797/706/767
f 797/706/767 796/707/769 840/678/730
f 841/679/729 842/669/728 798/705/765
f 798/705/765 797/706/767 841/679/729
f 842/669/728 843/670/727 799/704/763
f 799/704/763 798/705/765 842/669/728
f 843/670/727 844/671/737 800/703/761
f 800/703/761 799/704/763 843/670/727
f 844/671/737 845/691/736 801/702/759
f 801/702/759 800/703/761 844/671/737
f 845/691/736 802/673/735 846/693/741
f 846/693/741 801/702/759 845/691/736
f 825/718/782 824/717/781 823/716/780
f 823/716/780 812/710/774 808/664/725
f 825/718/782 823/716/780 808/664/725
f 808/664/725 847/665/23 848/711/775
f 808/664/725 848/711/775 760/713/777
f 825/718/782 808/664/725 760/713/777
f 760/713/777 786/715/779 829/722/786
f 825/718/782 760/713/777 829/722/786
f 829/722/786 828/721/785 827/720/784
f 825/718/782 829/722/786 827/720/784
f 825/718/782 827/720/784 826/719/783
f 857/714/787 770/709/773 803/709/772
f 803/709/772 856/714/778 857/714/787
f 858/712/788 769/701/757 804/701/756
f 804/701/756 855/712/776 858/712/788
f 850/675/733 814/676/732 770/709/773
f 770/709/773 857/714/787 850/675/733
f 853/683/717 813/682/716 769/701/757
f 769/701/757 858/712/788 853/683/717
f 868/36/789 864/35/790 863/35/791
f 863/35/791 905/37/792 868/36/789
f 863/35/791 864/35/790 866/60/793
f 866/60/793 865/61/794 863/35/791
f 951/666/23 952/665/23 907/23/795
f 907/23/795 909/62/796 951/666/23
f 867/73/797 865/61/794 866/60/793
f 866/60/793 906/74/798 867/73/797
f 915/86/799 916/85/800 917/84/801
f 917/84/801 918/83/802 919/82/803
f 915/86/799 917/84/801 919/82/803
f 919/82/803 920/81/804 921/80/805
f 921/80/805 878/79/806 859/77/807
f 919/82/803 921/80/805 859/77/807
f 915/86/799 919/82/803 859/77/807
f 859/77/807 949/723/808 951/666/23
f 915/86/799 859/77/807 951/666/23
f 915/86/799 951/666/23 909/62/796
f 915/86/799 909/62/796 911/87/809
f 952/665/23 953/724/810 913/25/811
f 913/25/811 931/26/812 932/27/813
f 952/665/23 913/25/811 932/27/813
f 932/27/813 933/28/814 934/29/815
f 934/29/815 935/30/816 936/31/817
f 932/27/813 934/29/815 936/31/817
f 936/31/817 937/32/818 894/33/819
f 932/27/813 936/31/817 894/33/819
f 952/665/23 932/27/813 894/33/819
f 952/665/23 894/33/819 861/34/820
f 952/665/23 861/34/820 907/23/795
f 908/23/821 947/665/1 954/666/1
f 954/666/1 910/62/822 908/23/821
f 939/79/823 940/80/824 941/81/825
f 941/81/825 942/82/826 943/83/827
f 939/79/823 941/81/825 943/83/827
f 943/83/827 944/84/828 945/85/829
f 945/85/829 902/86/830 862/87/831
f 943/83/827 945/85/829 862/87/831
f 939/79/823 943/83/827 862/87/831
f 862/87/831 910/62/822 954/666/1
f 939/79/823 862/87/831 954/666/1
f 939/79/823 954/666/1 950/723/823
f 939/79/823 950/723/823 914/77/832
f 879/129/833 868/36/789 905/37/792
f 905/37/792 938/129/834 879/129/833
f 871/130/835 867/73/797 906/74/798
f 906/74/798 946/130/836 871/130/835
f 880/131/837 879/129/833 938/129/834
f 938/129/834 893/131/838 880/131/837
f 881/132/839 880/131/837 893/131/838
f 893/131/838 892/132/840 881/132/839
f 882/133/841 881/132/839 892/132/840
f 892/132/840 891/133/842 882/133/841
f 883/134/843 882/133/841 891/133/842
f 891/133/842 890/134/844 883/134/843
f 884/135/845 883/134/843 890/134/844
f 890/134/844 889/135/846 884/135/845
f 885/136/847 884/135/845 889/135/846
f 889/135/846 888/136/848 885/136/847
f 930/137/849 885/136/847 888/136/848
f 888/136/848 887/137/850 930/137/849
f 904/113/851 930/137/849 887/137/850
f 887/137/850 869/113/852 904/113/851
f 872/138/853 871/130/835 946/130/836
f 946/130/836 901/138/854 872/138/853
f 873/139/855 872/138/853 901/138/854
f 901/138/854 900/139/856 873/139/855
f 874/140/857 873/139/855 900/139/856
f 900/139/856 899/140/858 874/140/857
f 875/141/859 874/140/857 899/140/858
f 899/140/858 898/141/860 875/141/859
f 876/142/861 875/141/859 898/141/860
f 898/141/860 897/142/862 876/142/861
f 877/143/863 876/142/861 897/142/862
f 897/142/862 896/143/864 877/143/863
f 922/144/865 877/143/863 896/143/864
f 896/143/864 895/144/866 922/144/865
f 903/108/867 922/144/865 895/144/866
f 895/144/866 870/108/868 903/108/867
f 908/23/821 864/35/790 868/36/789
f 868/36/789 912/34/869 908/23/821
f 904/113/851 955/725/870 948/726/871
f 948/726/871 860/25/872 904/113/851
f 863/35/791 907/23/795 861/34/820
f 861/34/820 905/37/792 863/35/791
f 903/108/867 956/727/873 949/723/808
f 949/723/808 859/77/807 903/108/867
f 865/61/794 909/62/796 907/23/795
f 907/23/795 863/35/791 865/61/794
f 864/35/790 908/23/821 910/62/822
f 910/62/822 866/60/793 864/35/790
f 867/73/797 911/87/809 909/62/796
f 909/62/796 865/61/794 867/73/797
f 866/60/793 910/62/822 862/87/831
f 862/87/831 906/74/798 866/60/793
f 903/108/867 859/77/807 878/79/806
f 878/79/806 922/144/865 903/108/867
f 904/113/851 860/25/872 886/26/874
f 886/26/874 930/137/849 904/113/851
f 905/37/792 861/34/820 894/33/819
f 894/33/819 938/129/834 905/37/792
f 906/74/798 862/87/831 902/86/830
f 902/86/830 946/130/836 906/74/798
f 871/130/835 915/86/799 911/87/809
f 911/87/809 867/73/797 871/130/835
f 872/138/853 916/85/800 915/86/799
f 915/86/799 871/130/835 872/138/853
f 873/139/855 917/84/801 916/85/800
f 916/85/800 872/138/853 873/139/855
f 874/140/857 918/83/802 917/84/801
f 917/84/801 873/139/855 874/140/857
f 875/141/859 919/82/803 918/83/802
f 918/83/802 874/140/857 875/141/859
f 876/142/861 920/81/804 919/82/803
f 919/82/803 875/141/859 876/142/861
f 877/143/863 921/80/805 920/81/804
f 920/81/804 876/142/861 877/143/863
f 922/144/865 878/79/806 921/80/805
f 921/80/805 877/143/863 922/144/865
f 879/129/833 923/33/875 912/34/869
f 912/34/869 868/36/789 879/129/833
f 880/131/837 924/32/876 923/33/875
f 923/33/875 879/129/833 880/131/837
f 881/132/839 925/31/877 924/32/876
f 924/32/876 880/131/837 881/132/839
f 882/133/841 926/30/878 925/31/877
f 925/31/877 881/132/839 882/133/841
f 883/134/843 927/29/879 926/30/878
f 926/30/878 882/133/841 883/134/843
f 884/135/845 928/28/880 927/29/879
f 927/29/879 883/134/843 884/135/845
f 885/136/847 929/27/881 928/28/880
f 928/28/880 884/135/845 885/136/847
f 930/137/849 886/26/874 929/27/881
f 929/27/881 885/136/847 930/137/849
f 887/137/850 931/26/812 913/25/811
f 913/25/811 869/113/852 887/137/850
f 888/136/848 932/27/813 931/26/812
f 931/26/812 887/137/850 888/136/848
f 889/135/846 933/28/814 932/27/813
f 932/27/813 888/136/848 889/135/846
f 890/134/844 934/29/815 933/28/814
f 933/28/814 889/135/846 890/134/844
f 891/133/842 935/30/816 934/29/815
f 934/29/815 890/134/844 891/133/842
f 892/132/840 936/31/817 935/30/816
f 935/30/816 891/133/842 892/132/840
f 893/131/838 937/32/818 936/31/817
f 936/31/817 892/132/840 893/131/838
f 938/129/834 894/33/819 937/32/818
f 937/32/818 893/131/838 938/129/834
f 895/144/866 939/79/823 914/77/832
f 914/77/832 870/108/868 895/144/866
f 896/143/864 940/80/824 939/79/823
f 939/79/823 895/144/866 896/143/864
f 897/142/862 941/81/825 940/80/824
f 940/80/824 896/143/864 897/142/862
f 898/141/860 942/82/826 941/81/825
f 941/81/825 897/142/862 898/141/860
f 899/140/858 943/83/827 942/82/826
f 942/82/826 898/141/860 899/140/858
f 900/139/856 944/84/828 943/83/827
f 943/83/827 899/140/858 900/139/856
f 901/138/854 945/85/829 944/84/828
f 944/84/828 900/139/856 901/138/854
f 946/130/836 902/86/830 945/85/829
f 945/85/829 901/138/854 946/130/836
f 908/23/821 912/34/869 923/33/875
f 923/33/875 924/32/876 925/31/877
f 908/23/821 923/33/875 925/31/877
f 925/31/877 926/30/878 927/29/879
f 927/29/879 928/28/880 929/27/881
f 925/31/877 927/29/879 929/27/881
f 929/27/881 886/26/874 860/25/872
f 925/31/877 929/27/881 860/25/872
f 908/23/821 925/31/877 860/25/872
f 908/23/821 860/25/872 948/726/871
f 908/23/821 948/726/871 947/665/1
f 903/108/867 870/108/868 957/727/882
f 957/727/882 956/727/873 903/108/867
f 904/113/851 869/113/852 958/725/883
f 958/725/883 955/725/870 904/113/851
f 870/108/868 914/77/832 950/723/823
f 950/723/823 957/727/882 870/108/868
f 869/113/852 913/25/811 953/724/810
f 953/724/810 958/725/883 869/113/852
f 951/666/39 851/666/39 852/665/39
f 852/665/39 952/665/39 951/666/39
f 949/723/39 849/675/39 851/666/39
f 851/666/39 951/666/39 949/723/39
f 952/665/39 852/665/39 853/683/39
f 853/683/39 953/724/39 952/665/39
f 947/665/884 847/665/884 854/666/884
f 854/666/884 954/666/884 947/665/884
f 954/666/884 854/666/884 850/675/884
f 850/675/884 950/723/884 954/666/884
f 955/725/39 855/712/39 848/711/884
f 848/711/884 948/726/884 955/725/39
f 956/727/39 856/714/39 849/675/39
f 849/675/39 949/723/39 956/727/39
f 948/726/884 848/711/884 847/665/884
f 847/665/884 947/665/884 948/726/884
f 957/727/39 857/714/39 856/714/39
f 856/714/39 956/727/39 957/727/39
f 958/725/39 858/712/39 855/712/39
f 855/712/39 955/725/39 958/725/39
f 950/723/884 850/675/884 857/714/39
f 857/714/39 957/727/39 950/723/884
f 953/724/39 853/683/39 858/712/39
f 858/712/39 958/725/39 953/724/39
